experiment,mode,variant,pat_idx,eta,hamming_in,init_state,result_state,settled,settle_time,outcome,recalled_pat,correct,scheme,timeout_mult
r6b_colour6_x1,coloring,_colour6_x1,3,-1.0,6,d4d,4959,False,1956,oscillated,-1,False,colour6,1
r6b_colour6_x1,coloring,_colour6_x1,1,-1.0,3,1194,12b4,False,1956,oscillated,-1,False,colour6,1
r6b_colour6_x1,coloring,_colour6_x1,1,-1.0,3,11b5,12b4,False,1956,oscillated,-1,False,colour6,1
r6b_colour6_x1,coloring,_colour6_x1,1,-1.0,3,1285,12b4,False,1956,oscillated,-1,False,colour6,1
r6b_colour6_x1,coloring,_colour6_x1,1,-1.0,4,1287,12b4,False,1956,oscillated,-1,False,colour6,1
r6b_colour6_x1,coloring,_colour6_x1,1,-1.0,3,1294,12b4,False,1956,oscillated,-1,False,colour6,1
r6b_colour6_x1,coloring,_colour6_x1,1,-1.0,2,1295,12b4,False,1956,oscillated,-1,False,colour6,1
r6b_colour6_x1,coloring,_colour6_x1,1,-1.0,3,1297,12b4,False,1956,oscillated,-1,False,colour6,1
r6b_colour6_x1,coloring,_colour6_x1,1,-1.0,3,12b5,12b4,False,1956,oscillated,-1,False,colour6,1
r6b_colour6_x1,coloring,_colour6_x1,1,-1.0,3,1384,12b4,False,1956,oscillated,-1,False,colour6,1
r6b_colour6_x1,coloring,_colour6_x1,1,-1.0,2,1394,12b4,False,1956,oscillated,-1,False,colour6,1
r6b_colour6_x1,coloring,_colour6_x1,1,-1.0,3,1396,12b4,False,1956,oscillated,-1,False,colour6,1
r6b_colour6_x1,coloring,_colour6_x1,1,-1.0,3,13a5,12b4,False,1956,oscillated,-1,False,colour6,1
r6b_colour6_x1,coloring,_colour6_x1,1,-1.0,3,13b4,12b4,False,1956,oscillated,-1,False,colour6,1
r6b_colour6_x1,coloring,_colour6_x1,1,-1.0,2,13b5,12b4,False,1956,oscillated,-1,False,colour6,1
r6b_colour6_x1,coloring,_colour6_x1,1,-1.0,3,13b7,12b4,False,1956,oscillated,-1,False,colour6,1
r6b_colour6_x1,coloring,_colour6_x1,2,-1.0,5,15b6,12a4,False,1956,oscillated,-1,False,colour6,1
r6b_colour6_x1,coloring,_colour6_x1,2,-1.0,5,1686,12b4,False,1956,oscillated,-1,False,colour6,1
r6b_colour6_x1,coloring,_colour6_x1,1,-1.0,5,1687,12b4,False,1956,oscillated,-1,False,colour6,1
r6b_colour6_x1,coloring,_colour6_x1,1,-1.0,3,1695,12b4,False,1956,oscillated,-1,False,colour6,1
r6b_colour6_x1,coloring,_colour6_x1,2,-1.0,4,1696,12b4,False,1956,oscillated,-1,False,colour6,1
r6b_colour6_x1,coloring,_colour6_x1,2,-1.0,3,16b6,12b4,False,1956,oscillated,-1,False,colour6,1
r6b_colour6_x1,coloring,_colour6_x1,2,-1.0,4,16b7,12b4,False,1956,oscillated,-1,False,colour6,1
r6b_colour6_x1,coloring,_colour6_x1,1,-1.0,3,1794,12b4,False,1956,oscillated,-1,False,colour6,1
r6b_colour6_x1,coloring,_colour6_x1,1,-1.0,3,17b5,12b4,False,1956,oscillated,-1,False,colour6,1
r6b_colour6_x1,coloring,_colour6_x1,1,-1.0,4,1a01,1915,False,1956,oscillated,-1,False,colour6,1
r6b_colour6_x1,coloring,_colour6_x1,1,-1.0,3,1b01,1915,False,1956,oscillated,-1,False,colour6,1
r6b_colour6_x1,coloring,_colour6_x1,1,-1.0,2,1b05,1915,False,1956,oscillated,-1,False,colour6,1
r6b_colour6_x1,coloring,_colour6_x1,1,-1.0,3,1b07,1915,False,1956,oscillated,-1,False,colour6,1
r6b_colour6_x1,coloring,_colour6_x1,1,-1.0,2,1b81,1915,False,1956,oscillated,-1,False,colour6,1
r6b_colour6_x1,coloring,_colour6_x1,1,-1.0,3,1b83,1915,False,1956,oscillated,-1,False,colour6,1
r6b_colour6_x1,coloring,_colour6_x1,1,-1.0,1,1b85,1915,False,1956,oscillated,-1,False,colour6,1
r6b_colour6_x1,coloring,_colour6_x1,1,-1.0,2,1b87,1915,False,1956,oscillated,-1,False,colour6,1
r6b_colour6_x1,coloring,_colour6_x1,1,-1.0,3,1f05,1915,False,1956,oscillated,-1,False,colour6,1
r6b_colour6_x1,coloring,_colour6_x1,3,-1.0,3,1f07,1915,False,1956,oscillated,-1,False,colour6,1
r6b_colour6_x1,coloring,_colour6_x1,1,-1.0,3,1f81,1915,False,1956,oscillated,-1,False,colour6,1
r6b_colour6_x1,coloring,_colour6_x1,1,-1.0,2,1f85,1915,False,1956,oscillated,-1,False,colour6,1
r6b_colour6_x1,coloring,_colour6_x1,1,-1.0,3,1f87,1915,False,1956,oscillated,-1,False,colour6,1
r6b_colour6_x1,coloring,_colour6_x1,3,-1.0,6,2d4a,ed4b,False,1956,oscillated,-1,False,colour6,1
r6b_colour6_x1,coloring,_colour6_x1,3,-1.0,7,2d6a,ed4b,False,1956,oscillated,-1,False,colour6,1
r6b_colour6_x1,coloring,_colour6_x1,2,-1.0,5,3286,12b4,False,1956,oscillated,-1,False,colour6,1
r6b_colour6_x1,coloring,_colour6_x1,1,-1.0,4,3294,12b4,False,1956,oscillated,-1,False,colour6,1
r6b_colour6_x1,coloring,_colour6_x1,1,-1.0,3,3295,12b4,False,1956,oscillated,-1,False,colour6,1
r6b_colour6_x1,coloring,_colour6_x1,2,-1.0,5,32a7,12b4,False,1956,oscillated,-1,False,colour6,1
r6b_colour6_x1,coloring,_colour6_x1,2,-1.0,3,32b6,12b4,False,1956,oscillated,-1,False,colour6,1
r6b_colour6_x1,coloring,_colour6_x1,2,-1.0,4,32b7,12b4,False,1956,oscillated,-1,False,colour6,1
r6b_colour6_x1,coloring,_colour6_x1,1,-1.0,5,3334,12b4,False,1956,oscillated,-1,False,colour6,1
r6b_colour6_x1,coloring,_colour6_x1,2,-1.0,5,3336,12b4,False,1956,oscillated,-1,False,colour6,1
r6b_colour6_x1,coloring,_colour6_x1,1,-1.0,5,3386,12b4,False,1956,oscillated,-1,False,colour6,1
r6b_colour6_x1,coloring,_colour6_x1,1,-1.0,3,3394,12b4,False,1956,oscillated,-1,False,colour6,1
r6b_colour6_x1,coloring,_colour6_x1,1,-1.0,3,33b5,12b4,False,1956,oscillated,-1,False,colour6,1
r6b_colour6_x1,coloring,_colour6_x1,2,-1.0,4,33b6,12b4,False,1956,oscillated,-1,False,colour6,1
r6b_colour6_x1,coloring,_colour6_x1,2,-1.0,3,3636,b6b6,False,1956,oscillated,-1,False,colour6,1
r6b_colour6_x1,coloring,_colour6_x1,2,-1.0,5,3684,b6b6,False,1956,oscillated,-1,False,colour6,1
r6b_colour6_x1,coloring,_colour6_x1,2,-1.0,5,3687,b6b6,False,1956,oscillated,-1,False,colour6,1
r6b_colour6_x1,coloring,_colour6_x1,2,-1.0,3,3696,b6b6,False,1956,oscillated,-1,False,colour6,1
r6b_colour6_x1,coloring,_colour6_x1,2,-1.0,5,36a5,b6b6,False,1956,oscillated,-1,False,colour6,1
r6b_colour6_x1,coloring,_colour6_x1,2,-1.0,3,36b4,b6b6,False,1956,oscillated,-1,False,colour6,1
r6b_colour6_x1,coloring,_colour6_x1,2,-1.0,2,36b6,b6b6,False,1956,oscillated,-1,False,colour6,1
r6b_colour6_x1,coloring,_colour6_x1,2,-1.0,3,36b7,b6b6,False,1956,oscillated,-1,False,colour6,1
r6b_colour6_x1,coloring,_colour6_x1,2,-1.0,3,37b6,b6b6,False,1956,oscillated,-1,False,colour6,1
r6b_colour6_x1,coloring,_colour6_x1,1,-1.0,3,3b05,1915,False,1956,oscillated,-1,False,colour6,1
r6b_colour6_x1,coloring,_colour6_x1,3,-1.0,3,3b07,1915,False,1956,oscillated,-1,False,colour6,1
r6b_colour6_x1,coloring,_colour6_x1,1,-1.0,3,3b81,1915,False,1956,oscillated,-1,False,colour6,1
r6b_colour6_x1,coloring,_colour6_x1,1,-1.0,2,3b85,1915,False,1956,oscillated,-1,False,colour6,1
r6b_colour6_x1,coloring,_colour6_x1,1,-1.0,3,3b87,1915,False,1956,oscillated,-1,False,colour6,1
r6b_colour6_x1,coloring,_colour6_x1,3,-1.0,3,3f03,bd17,False,1956,oscillated,-1,False,colour6,1
r6b_colour6_x1,coloring,_colour6_x1,3,-1.0,3,3f05,bd17,False,1956,oscillated,-1,False,colour6,1
r6b_colour6_x1,coloring,_colour6_x1,3,-1.0,2,3f07,bd17,False,1956,oscillated,-1,False,colour6,1
r6b_colour6_x1,coloring,_colour6_x1,3,-1.0,4,3f83,bd17,False,1956,oscillated,-1,False,colour6,1
r6b_colour6_x1,coloring,_colour6_x1,1,-1.0,3,3f85,bd17,False,1956,oscillated,-1,False,colour6,1
r6b_colour6_x1,coloring,_colour6_x1,3,-1.0,3,3f87,bd17,False,1956,oscillated,-1,False,colour6,1
r6b_colour6_x1,coloring,_colour6_x1,2,-1.0,8,40fc,42e8,False,1956,oscillated,-1,False,colour6,1
r6b_colour6_x1,coloring,_colour6_x1,0,-1.0,9,484a,4949,False,1956,oscillated,-1,False,colour6,1
r6b_colour6_x1,coloring,_colour6_x1,1,-1.0,8,48c9,4949,False,1956,oscillated,-1,False,colour6,1
r6b_colour6_x1,coloring,_colour6_x1,1,-1.0,8,4958,4949,False,1956,oscillated,-1,False,colour6,1
r6b_colour6_x1,coloring,_colour6_x1,1,-1.0,9,4a4b,4959,False,1956,oscillated,-1,False,colour6,1
r6b_colour6_x1,coloring,_colour6_x1,1,-1.0,3,5295,12b4,False,1956,oscillated,-1,False,colour6,1
r6b_colour6_x1,coloring,_colour6_x1,1,-1.0,5,52b7,12b4,False,1956,oscillated,-1,False,colour6,1
r6b_colour6_x1,coloring,_colour6_x1,1,-1.0,3,5394,12b4,False,1956,oscillated,-1,False,colour6,1
r6b_colour6_x1,coloring,_colour6_x1,1,-1.0,3,53b5,12b4,False,1956,oscillated,-1,False,colour6,1
r6b_colour6_x1,coloring,_colour6_x1,2,-1.0,7,64f8,e6ea,False,1956,oscillated,-1,False,colour6,1
r6b_colour6_x1,coloring,_colour6_x1,2,-1.0,7,65fc,e6ea,False,1956,oscillated,-1,False,colour6,1
r6b_colour6_x1,coloring,_colour6_x1,3,-1.0,7,694b,4949,False,1956,oscillated,-1,False,colour6,1
r6b_colour6_x1,coloring,_colour6_x1,0,-1.0,7,69ea,4949,False,1956,oscillated,-1,False,colour6,1
r6b_colour6_x1,coloring,_colour6_x1,0,-1.0,8,69fa,4949,False,1956,oscillated,-1,False,colour6,1
r6b_colour6_x1,coloring,_colour6_x1,2,-1.0,5,73b6,12b4,False,1956,oscillated,-1,False,colour6,1
r6b_colour6_x1,coloring,_colour6_x1,1,-1.0,5,73b7,12b4,False,1956,oscillated,-1,False,colour6,1
r6b_colour6_x1,coloring,_colour6_x1,2,-1.0,3,76b6,b6b6,False,1956,oscillated,-1,False,colour6,1
r6b_colour6_x1,coloring,_colour6_x1,2,-1.0,4,77b6,b6b6,False,1956,oscillated,-1,False,colour6,1
r6b_colour6_x1,coloring,_colour6_x1,3,-1.0,5,8d4b,ed4b,False,1956,oscillated,-1,False,colour6,1
r6b_colour6_x1,coloring,_colour6_x1,2,-1.0,5,9216,12b4,False,1956,oscillated,-1,False,colour6,1
r6b_colour6_x1,coloring,_colour6_x1,2,-1.0,5,9286,12b4,False,1956,oscillated,-1,False,colour6,1
r6b_colour6_x1,coloring,_colour6_x1,1,-1.0,5,9287,12b4,False,1956,oscillated,-1,False,colour6,1
r6b_colour6_x1,coloring,_colour6_x1,1,-1.0,3,9295,12b4,False,1956,oscillated,-1,False,colour6,1
r6b_colour6_x1,coloring,_colour6_x1,2,-1.0,3,92b6,12b4,False,1956,oscillated,-1,False,colour6,1
r6b_colour6_x1,coloring,_colour6_x1,1,-1.0,3,9394,12b4,False,1956,oscillated,-1,False,colour6,1
r6b_colour6_x1,coloring,_colour6_x1,1,-1.0,3,93b5,12b4,False,1956,oscillated,-1,False,colour6,1
r6b_colour6_x1,coloring,_colour6_x1,2,-1.0,4,93b6,12b4,False,1956,oscillated,-1,False,colour6,1
r6b_colour6_x1,coloring,_colour6_x1,2,-1.0,5,9596,b6b6,False,1956,oscillated,-1,False,colour6,1
r6b_colour6_x1,coloring,_colour6_x1,2,-1.0,5,95b7,b6b6,False,1956,oscillated,-1,False,colour6,1
r6b_colour6_x1,coloring,_colour6_x1,2,-1.0,3,9636,b6b6,False,1956,oscillated,-1,False,colour6,1
r6b_colour6_x1,coloring,_colour6_x1,2,-1.0,3,9696,b6b6,False,1956,oscillated,-1,False,colour6,1
r6b_colour6_x1,coloring,_colour6_x1,2,-1.0,3,96b4,b6b6,False,1956,oscillated,-1,False,colour6,1
r6b_colour6_x1,coloring,_colour6_x1,2,-1.0,2,96b6,b6b6,False,1956,oscillated,-1,False,colour6,1
r6b_colour6_x1,coloring,_colour6_x1,2,-1.0,3,96b7,b6b6,False,1956,oscillated,-1,False,colour6,1
r6b_colour6_x1,coloring,_colour6_x1,2,-1.0,3,97b6,b6b6,False,1956,oscillated,-1,False,colour6,1
r6b_colour6_x1,coloring,_colour6_x1,1,-1.0,3,9b05,1915,False,1956,oscillated,-1,False,colour6,1
r6b_colour6_x1,coloring,_colour6_x1,3,-1.0,3,9b07,1915,False,1956,oscillated,-1,False,colour6,1
r6b_colour6_x1,coloring,_colour6_x1,1,-1.0,3,9b81,1915,False,1956,oscillated,-1,False,colour6,1
r6b_colour6_x1,coloring,_colour6_x1,1,-1.0,2,9b85,1915,False,1956,oscillated,-1,False,colour6,1
r6b_colour6_x1,coloring,_colour6_x1,1,-1.0,3,9b87,1915,False,1956,oscillated,-1,False,colour6,1
r6b_colour6_x1,coloring,_colour6_x1,3,-1.0,3,9f03,bd17,False,1956,oscillated,-1,False,colour6,1
r6b_colour6_x1,coloring,_colour6_x1,3,-1.0,3,9f05,bd17,False,1956,oscillated,-1,False,colour6,1
r6b_colour6_x1,coloring,_colour6_x1,3,-1.0,2,9f07,bd17,False,1956,oscillated,-1,False,colour6,1
r6b_colour6_x1,coloring,_colour6_x1,1,-1.0,3,9f85,bd17,False,1956,oscillated,-1,False,colour6,1
r6b_colour6_x1,coloring,_colour6_x1,3,-1.0,3,9f87,bd17,False,1956,oscillated,-1,False,colour6,1
r6b_colour6_x1,coloring,_colour6_x1,3,-1.0,7,ac48,ed4b,False,1956,oscillated,-1,False,colour6,1
r6b_colour6_x1,coloring,_colour6_x1,3,-1.0,7,ac69,ed4b,False,1956,oscillated,-1,False,colour6,1
r6b_colour6_x1,coloring,_colour6_x1,3,-1.0,6,ac6b,ed4b,False,1956,oscillated,-1,False,colour6,1
r6b_colour6_x1,coloring,_colour6_x1,3,-1.0,5,ad4a,ed4b,False,1956,oscillated,-1,False,colour6,1
r6b_colour6_x1,coloring,_colour6_x1,3,-1.0,3,ad4f,ed5b,False,1956,oscillated,-1,False,colour6,1
r6b_colour6_x1,coloring,_colour6_x1,2,-1.0,4,b1b6,b6a6,False,1956,oscillated,-1,False,colour6,1
r6b_colour6_x1,coloring,_colour6_x1,2,-1.0,3,b236,b6b6,False,1956,oscillated,-1,False,colour6,1
r6b_colour6_x1,coloring,_colour6_x1,1,-1.0,5,b285,b6b6,False,1956,oscillated,-1,False,colour6,1
r6b_colour6_x1,coloring,_colour6_x1,2,-1.0,3,b296,b6b6,False,1956,oscillated,-1,False,colour6,1
r6b_colour6_x1,coloring,_colour6_x1,2,-1.0,4,b297,b6b6,False,1956,oscillated,-1,False,colour6,1
r6b_colour6_x1,coloring,_colour6_x1,2,-1.0,3,b2b4,b6b6,False,1956,oscillated,-1,False,colour6,1
r6b_colour6_x1,coloring,_colour6_x1,2,-1.0,2,b2b6,b6b6,False,1956,oscillated,-1,False,colour6,1
r6b_colour6_x1,coloring,_colour6_x1,2,-1.0,3,b2b7,b6b6,False,1956,oscillated,-1,False,colour6,1
r6b_colour6_x1,coloring,_colour6_x1,1,-1.0,5,b3a5,b6b6,False,1956,oscillated,-1,False,colour6,1
r6b_colour6_x1,coloring,_colour6_x1,2,-1.0,3,b3b6,b6b6,False,1956,oscillated,-1,False,colour6,1
r6b_colour6_x1,coloring,_colour6_x1,2,-1.0,3,b5b6,b6a6,False,1956,oscillated,-1,False,colour6,1
r6b_colour6_x1,coloring,_colour6_x1,2,-1.0,3,b616,b6b6,False,1956,oscillated,-1,False,colour6,1
r6b_colour6_x1,coloring,_colour6_x1,2,-1.0,3,b634,b6b6,False,1956,oscillated,-1,False,colour6,1
r6b_colour6_x1,coloring,_colour6_x1,2,-1.0,4,b635,b6b6,False,1956,oscillated,-1,False,colour6,1
r6b_colour6_x1,coloring,_colour6_x1,2,-1.0,2,b636,b6b6,False,1956,oscillated,-1,False,colour6,1
r6b_colour6_x1,coloring,_colour6_x1,2,-1.0,3,b637,b6b6,False,1956,oscillated,-1,False,colour6,1
r6b_colour6_x1,coloring,_colour6_x1,2,-1.0,4,b684,b6b6,False,1956,oscillated,-1,False,colour6,1
r6b_colour6_x1,coloring,_colour6_x1,2,-1.0,3,b686,b6b6,False,1956,oscillated,-1,False,colour6,1
r6b_colour6_x1,coloring,_colour6_x1,2,-1.0,3,b694,b6b6,False,1956,oscillated,-1,False,colour6,1
r6b_colour6_x1,coloring,_colour6_x1,2,-1.0,2,b696,b6b6,False,1956,oscillated,-1,False,colour6,1
r6b_colour6_x1,coloring,_colour6_x1,2,-1.0,3,b697,b6b6,False,1956,oscillated,-1,False,colour6,1
r6b_colour6_x1,coloring,_colour6_x1,2,-1.0,3,b6a7,b6b6,False,1956,oscillated,-1,False,colour6,1
r6b_colour6_x1,coloring,_colour6_x1,2,-1.0,2,b6b4,b6b6,False,1956,oscillated,-1,False,colour6,1
r6b_colour6_x1,coloring,_colour6_x1,2,-1.0,3,b6b5,b6b6,False,1956,oscillated,-1,False,colour6,1
r6b_colour6_x1,coloring,_colour6_x1,2,-1.0,1,b6b6,b6b6,False,1956,oscillated,-1,False,colour6,1
r6b_colour6_x1,coloring,_colour6_x1,2,-1.0,2,b6b7,b6b6,False,1956,oscillated,-1,False,colour6,1
r6b_colour6_x1,coloring,_colour6_x1,2,-1.0,3,b736,b6b6,False,1956,oscillated,-1,False,colour6,1
r6b_colour6_x1,coloring,_colour6_x1,2,-1.0,4,b794,b6b6,False,1956,oscillated,-1,False,colour6,1
r6b_colour6_x1,coloring,_colour6_x1,2,-1.0,3,b796,b6b6,False,1956,oscillated,-1,False,colour6,1
r6b_colour6_x1,coloring,_colour6_x1,2,-1.0,3,b7a6,b6b6,False,1956,oscillated,-1,False,colour6,1
r6b_colour6_x1,coloring,_colour6_x1,2,-1.0,3,b7b4,b6b6,False,1956,oscillated,-1,False,colour6,1
r6b_colour6_x1,coloring,_colour6_x1,2,-1.0,2,b7b6,b6b6,False,1956,oscillated,-1,False,colour6,1
r6b_colour6_x1,coloring,_colour6_x1,2,-1.0,3,b7b7,b6b6,False,1956,oscillated,-1,False,colour6,1
r6b_colour6_x1,coloring,_colour6_x1,3,-1.0,3,bb03,bd17,False,1956,oscillated,-1,False,colour6,1
r6b_colour6_x1,coloring,_colour6_x1,3,-1.0,3,bb05,bd17,False,1956,oscillated,-1,False,colour6,1
r6b_colour6_x1,coloring,_colour6_x1,3,-1.0,2,bb07,bd17,False,1956,oscillated,-1,False,colour6,1
r6b_colour6_x1,coloring,_colour6_x1,1,-1.0,3,bb85,bd17,False,1956,oscillated,-1,False,colour6,1
r6b_colour6_x1,coloring,_colour6_x1,3,-1.0,3,bb87,bd17,False,1956,oscillated,-1,False,colour6,1
r6b_colour6_x1,coloring,_colour6_x1,3,-1.0,4,be01,bd17,False,1956,oscillated,-1,False,colour6,1
r6b_colour6_x1,coloring,_colour6_x1,3,-1.0,3,be03,bd17,False,1956,oscillated,-1,False,colour6,1
r6b_colour6_x1,coloring,_colour6_x1,3,-1.0,3,bf01,bd17,False,1956,oscillated,-1,False,colour6,1
r6b_colour6_x1,coloring,_colour6_x1,3,-1.0,3,bf02,bd17,False,1956,oscillated,-1,False,colour6,1
r6b_colour6_x1,coloring,_colour6_x1,3,-1.0,2,bf03,bd17,False,1956,oscillated,-1,False,colour6,1
r6b_colour6_x1,coloring,_colour6_x1,3,-1.0,2,bf05,bd17,False,1956,oscillated,-1,False,colour6,1
r6b_colour6_x1,coloring,_colour6_x1,3,-1.0,1,bf07,bd17,False,1956,oscillated,-1,False,colour6,1
r6b_colour6_x1,coloring,_colour6_x1,3,-1.0,3,bf23,bd17,False,1956,oscillated,-1,False,colour6,1
r6b_colour6_x1,coloring,_colour6_x1,3,-1.0,3,bf83,bd17,False,1956,oscillated,-1,False,colour6,1
r6b_colour6_x1,coloring,_colour6_x1,3,-1.0,3,bf85,bd17,False,1956,oscillated,-1,False,colour6,1
r6b_colour6_x1,coloring,_colour6_x1,3,-1.0,2,bf87,bd17,False,1956,oscillated,-1,False,colour6,1
r6b_colour6_x1,coloring,_colour6_x1,2,-1.0,7,c0ff,42e8,False,1956,oscillated,-1,False,colour6,1
r6b_colour6_x1,coloring,_colour6_x1,2,-1.0,5,c4fe,e6ea,False,1956,oscillated,-1,False,colour6,1
r6b_colour6_x1,coloring,_colour6_x1,3,-1.0,8,c949,4949,False,1956,oscillated,-1,False,colour6,1
r6b_colour6_x1,coloring,_colour6_x1,1,-1.0,9,c979,4949,False,1956,oscillated,-1,False,colour6,1
r6b_colour6_x1,coloring,_colour6_x1,0,-1.0,10,ca48,4949,False,1956,oscillated,-1,False,colour6,1
r6b_colour6_x1,coloring,_colour6_x1,3,-1.0,9,ca4b,4959,False,1956,oscillated,-1,False,colour6,1
r6b_colour6_x1,coloring,_colour6_x1,3,-1.0,8,cc49,ed4b,False,1956,oscillated,-1,False,colour6,1
r6b_colour6_x1,coloring,_colour6_x1,3,-1.0,8,cd5a,ed4b,False,1956,oscillated,-1,False,colour6,1
r6b_colour6_x1,coloring,_colour6_x1,3,-1.0,7,cd6b,ed4b,False,1956,oscillated,-1,False,colour6,1
r6b_colour6_x1,coloring,_colour6_x1,0,-1.0,8,cdc8,ed4b,False,1956,oscillated,-1,False,colour6,1
r6b_colour6_x1,coloring,_colour6_x1,1,-1.0,4,d3b5,12b4,False,1956,oscillated,-1,False,colour6,1
r6b_colour6_x1,coloring,_colour6_x1,2,-1.0,5,d3b6,12b4,False,1956,oscillated,-1,False,colour6,1
r6b_colour6_x1,coloring,_colour6_x1,2,-1.0,5,d697,b6b6,False,1956,oscillated,-1,False,colour6,1
r6b_colour6_x1,coloring,_colour6_x1,2,-1.0,5,d6b0,b6a6,False,1956,oscillated,-1,False,colour6,1
r6b_colour6_x1,coloring,_colour6_x1,2,-1.0,4,d6b2,b6a6,False,1956,oscillated,-1,False,colour6,1
r6b_colour6_x1,coloring,_colour6_x1,2,-1.0,3,d6b6,b6b6,False,1956,oscillated,-1,False,colour6,1
r6b_colour6_x1,coloring,_colour6_x1,2,-1.0,5,d7b4,b6b6,False,1956,oscillated,-1,False,colour6,1
r6b_colour6_x1,coloring,_colour6_x1,2,-1.0,7,e1fc,e6ea,False,1956,oscillated,-1,False,colour6,1
r6b_colour6_x1,coloring,_colour6_x1,2,-1.0,6,e1fe,e6ea,False,1956,oscillated,-1,False,colour6,1
r6b_colour6_x1,coloring,_colour6_x1,2,-1.0,6,e47c,e6ea,False,1956,oscillated,-1,False,colour6,1
r6b_colour6_x1,coloring,_colour6_x1,2,-1.0,4,e4fe,e6ea,False,1956,oscillated,-1,False,colour6,1
r6b_colour6_x1,coloring,_colour6_x1,3,-1.0,8,e85b,ed4b,False,1956,oscillated,-1,False,colour6,1
r6b_colour6_x1,coloring,_colour6_x1,3,-1.0,6,e94b,ed4b,False,1956,oscillated,-1,False,colour6,1
r6b_colour6_x1,coloring,_colour6_x1,0,-1.0,9,ea69,ed4b,False,1956,oscillated,-1,False,colour6,1
r6b_colour6_x1,coloring,_colour6_x1,0,-1.0,7,ec5a,ed4b,False,1956,oscillated,-1,False,colour6,1
r6b_colour6_x1,coloring,_colour6_x1,0,-1.0,7,ecc9,ed4b,False,1956,oscillated,-1,False,colour6,1
r6b_colour6_x1,coloring,_colour6_x1,3,-1.0,6,edcb,ed4b,False,1956,oscillated,-1,False,colour6,1
r6b_colour6_x1,coloring,_colour6_x1,2,-1.0,4,f296,b6b6,False,1956,oscillated,-1,False,colour6,1
r6b_colour6_x1,coloring,_colour6_x1,2,-1.0,5,f297,b6b6,False,1956,oscillated,-1,False,colour6,1
r6b_colour6_x1,coloring,_colour6_x1,2,-1.0,3,f2b6,b6b6,False,1956,oscillated,-1,False,colour6,1
r6b_colour6_x1,coloring,_colour6_x1,2,-1.0,3,f696,b6b6,False,1956,oscillated,-1,False,colour6,1
r6b_colour6_x1,coloring,_colour6_x1,2,-1.0,3,f6b2,b6a6,False,1956,oscillated,-1,False,colour6,1
r6b_colour6_x1,coloring,_colour6_x1,2,-1.0,3,f6b4,b6b6,False,1956,oscillated,-1,False,colour6,1
r6b_colour6_x1,coloring,_colour6_x1,2,-1.0,2,f6b6,b6b6,False,1956,oscillated,-1,False,colour6,1
r6b_colour6_x1,coloring,_colour6_x1,2,-1.0,3,f6b7,b6b6,False,1956,oscillated,-1,False,colour6,1
r6b_colour6_x1,coloring,_colour6_x1,2,-1.0,3,f7b6,b6b6,False,1956,oscillated,-1,False,colour6,1
r6b_colour6_x4,coloring,_colour6_x4,3,-1.0,6,d4d,5149,False,7524,oscillated,-1,False,colour6,4
r6b_colour6_x4,coloring,_colour6_x4,1,-1.0,3,1194,ab4,False,7524,oscillated,-1,False,colour6,4
r6b_colour6_x4,coloring,_colour6_x4,1,-1.0,3,11b5,ab4,False,7524,oscillated,-1,False,colour6,4
r6b_colour6_x4,coloring,_colour6_x4,1,-1.0,3,1285,ab4,False,7524,oscillated,-1,False,colour6,4
r6b_colour6_x4,coloring,_colour6_x4,1,-1.0,4,1287,ab4,False,7524,oscillated,-1,False,colour6,4
r6b_colour6_x4,coloring,_colour6_x4,1,-1.0,3,1294,ab4,False,7524,oscillated,-1,False,colour6,4
r6b_colour6_x4,coloring,_colour6_x4,1,-1.0,2,1295,ab4,False,7524,oscillated,-1,False,colour6,4
r6b_colour6_x4,coloring,_colour6_x4,1,-1.0,3,1297,ab4,False,7524,oscillated,-1,False,colour6,4
r6b_colour6_x4,coloring,_colour6_x4,1,-1.0,3,12b5,ab4,False,7524,oscillated,-1,False,colour6,4
r6b_colour6_x4,coloring,_colour6_x4,1,-1.0,3,1384,ab4,False,7524,oscillated,-1,False,colour6,4
r6b_colour6_x4,coloring,_colour6_x4,1,-1.0,2,1394,ab4,False,7524,oscillated,-1,False,colour6,4
r6b_colour6_x4,coloring,_colour6_x4,1,-1.0,3,1396,ab4,False,7524,oscillated,-1,False,colour6,4
r6b_colour6_x4,coloring,_colour6_x4,1,-1.0,3,13a5,ab4,False,7524,oscillated,-1,False,colour6,4
r6b_colour6_x4,coloring,_colour6_x4,1,-1.0,3,13b4,ab4,False,7524,oscillated,-1,False,colour6,4
r6b_colour6_x4,coloring,_colour6_x4,1,-1.0,2,13b5,ab4,False,7524,oscillated,-1,False,colour6,4
r6b_colour6_x4,coloring,_colour6_x4,1,-1.0,3,13b7,ab4,False,7524,oscillated,-1,False,colour6,4
r6b_colour6_x4,coloring,_colour6_x4,2,-1.0,5,15b6,ab4,False,7524,oscillated,-1,False,colour6,4
r6b_colour6_x4,coloring,_colour6_x4,2,-1.0,5,1686,ab4,False,7524,oscillated,-1,False,colour6,4
r6b_colour6_x4,coloring,_colour6_x4,1,-1.0,5,1687,ab4,False,7524,oscillated,-1,False,colour6,4
r6b_colour6_x4,coloring,_colour6_x4,1,-1.0,3,1695,ab4,False,7524,oscillated,-1,False,colour6,4
r6b_colour6_x4,coloring,_colour6_x4,2,-1.0,4,1696,ab4,False,7524,oscillated,-1,False,colour6,4
r6b_colour6_x4,coloring,_colour6_x4,2,-1.0,3,16b6,ab4,False,7524,oscillated,-1,False,colour6,4
r6b_colour6_x4,coloring,_colour6_x4,2,-1.0,4,16b7,ab4,False,7524,oscillated,-1,False,colour6,4
r6b_colour6_x4,coloring,_colour6_x4,1,-1.0,3,1794,ab4,False,7524,oscillated,-1,False,colour6,4
r6b_colour6_x4,coloring,_colour6_x4,1,-1.0,3,17b5,ab4,False,7524,oscillated,-1,False,colour6,4
r6b_colour6_x4,coloring,_colour6_x4,1,-1.0,4,1a01,1b05,False,7524,oscillated,-1,False,colour6,4
r6b_colour6_x4,coloring,_colour6_x4,1,-1.0,3,1b01,1b05,False,7524,oscillated,-1,False,colour6,4
r6b_colour6_x4,coloring,_colour6_x4,1,-1.0,2,1b05,1b05,False,7524,oscillated,-1,False,colour6,4
r6b_colour6_x4,coloring,_colour6_x4,1,-1.0,3,1b07,1b05,False,7524,oscillated,-1,False,colour6,4
r6b_colour6_x4,coloring,_colour6_x4,1,-1.0,2,1b81,1b05,False,7524,oscillated,-1,False,colour6,4
r6b_colour6_x4,coloring,_colour6_x4,1,-1.0,3,1b83,1b05,False,7524,oscillated,-1,False,colour6,4
r6b_colour6_x4,coloring,_colour6_x4,1,-1.0,1,1b85,1b05,False,7524,oscillated,-1,False,colour6,4
r6b_colour6_x4,coloring,_colour6_x4,1,-1.0,2,1b87,1b05,False,7524,oscillated,-1,False,colour6,4
r6b_colour6_x4,coloring,_colour6_x4,1,-1.0,3,1f05,1b05,False,7524,oscillated,-1,False,colour6,4
r6b_colour6_x4,coloring,_colour6_x4,3,-1.0,3,1f07,1b05,False,7524,oscillated,-1,False,colour6,4
r6b_colour6_x4,coloring,_colour6_x4,1,-1.0,3,1f81,1b05,False,7524,oscillated,-1,False,colour6,4
r6b_colour6_x4,coloring,_colour6_x4,1,-1.0,2,1f85,1b05,False,7524,oscillated,-1,False,colour6,4
r6b_colour6_x4,coloring,_colour6_x4,1,-1.0,3,1f87,1b05,False,7524,oscillated,-1,False,colour6,4
r6b_colour6_x4,coloring,_colour6_x4,3,-1.0,6,2d4a,f54b,False,7524,oscillated,-1,False,colour6,4
r6b_colour6_x4,coloring,_colour6_x4,3,-1.0,7,2d6a,f54b,False,7524,oscillated,-1,False,colour6,4
r6b_colour6_x4,coloring,_colour6_x4,2,-1.0,5,3286,ab4,False,7524,oscillated,-1,False,colour6,4
r6b_colour6_x4,coloring,_colour6_x4,1,-1.0,4,3294,ab4,False,7524,oscillated,-1,False,colour6,4
r6b_colour6_x4,coloring,_colour6_x4,1,-1.0,3,3295,ab4,False,7524,oscillated,-1,False,colour6,4
r6b_colour6_x4,coloring,_colour6_x4,2,-1.0,5,32a7,ab4,False,7524,oscillated,-1,False,colour6,4
r6b_colour6_x4,coloring,_colour6_x4,2,-1.0,3,32b6,ab4,False,7524,oscillated,-1,False,colour6,4
r6b_colour6_x4,coloring,_colour6_x4,2,-1.0,4,32b7,ab4,False,7524,oscillated,-1,False,colour6,4
r6b_colour6_x4,coloring,_colour6_x4,1,-1.0,5,3334,ab4,False,7524,oscillated,-1,False,colour6,4
r6b_colour6_x4,coloring,_colour6_x4,2,-1.0,5,3336,ab4,False,7524,oscillated,-1,False,colour6,4
r6b_colour6_x4,coloring,_colour6_x4,1,-1.0,5,3386,ab4,False,7524,oscillated,-1,False,colour6,4
r6b_colour6_x4,coloring,_colour6_x4,1,-1.0,3,3394,ab4,False,7524,oscillated,-1,False,colour6,4
r6b_colour6_x4,coloring,_colour6_x4,1,-1.0,3,33b5,ab4,False,7524,oscillated,-1,False,colour6,4
r6b_colour6_x4,coloring,_colour6_x4,2,-1.0,4,33b6,ab4,False,7524,oscillated,-1,False,colour6,4
r6b_colour6_x4,coloring,_colour6_x4,2,-1.0,3,3636,aeb6,False,7524,oscillated,-1,False,colour6,4
r6b_colour6_x4,coloring,_colour6_x4,2,-1.0,5,3684,aeb6,False,7524,oscillated,-1,False,colour6,4
r6b_colour6_x4,coloring,_colour6_x4,2,-1.0,5,3687,aeb6,False,7524,oscillated,-1,False,colour6,4
r6b_colour6_x4,coloring,_colour6_x4,2,-1.0,3,3696,aeb6,False,7524,oscillated,-1,False,colour6,4
r6b_colour6_x4,coloring,_colour6_x4,2,-1.0,5,36a5,aeb6,False,7524,oscillated,-1,False,colour6,4
r6b_colour6_x4,coloring,_colour6_x4,2,-1.0,3,36b4,aeb6,False,7524,oscillated,-1,False,colour6,4
r6b_colour6_x4,coloring,_colour6_x4,2,-1.0,2,36b6,aeb6,False,7524,oscillated,-1,False,colour6,4
r6b_colour6_x4,coloring,_colour6_x4,2,-1.0,3,36b7,aeb6,False,7524,oscillated,-1,False,colour6,4
r6b_colour6_x4,coloring,_colour6_x4,2,-1.0,3,37b6,aeb6,False,7524,oscillated,-1,False,colour6,4
r6b_colour6_x4,coloring,_colour6_x4,1,-1.0,3,3b05,1b05,False,7524,oscillated,-1,False,colour6,4
r6b_colour6_x4,coloring,_colour6_x4,3,-1.0,3,3b07,1b05,False,7524,oscillated,-1,False,colour6,4
r6b_colour6_x4,coloring,_colour6_x4,1,-1.0,3,3b81,1b05,False,7524,oscillated,-1,False,colour6,4
r6b_colour6_x4,coloring,_colour6_x4,1,-1.0,2,3b85,1b05,False,7524,oscillated,-1,False,colour6,4
r6b_colour6_x4,coloring,_colour6_x4,1,-1.0,3,3b87,1b05,False,7524,oscillated,-1,False,colour6,4
r6b_colour6_x4,coloring,_colour6_x4,3,-1.0,3,3f03,bf07,False,7524,oscillated,-1,False,colour6,4
r6b_colour6_x4,coloring,_colour6_x4,3,-1.0,3,3f05,bf07,False,7524,oscillated,-1,False,colour6,4
r6b_colour6_x4,coloring,_colour6_x4,3,-1.0,2,3f07,bf07,False,7524,oscillated,-1,False,colour6,4
r6b_colour6_x4,coloring,_colour6_x4,3,-1.0,4,3f83,bf07,False,7524,oscillated,-1,False,colour6,4
r6b_colour6_x4,coloring,_colour6_x4,1,-1.0,3,3f85,bf07,False,7524,oscillated,-1,False,colour6,4
r6b_colour6_x4,coloring,_colour6_x4,3,-1.0,3,3f87,bf07,False,7524,oscillated,-1,False,colour6,4
r6b_colour6_x4,coloring,_colour6_x4,2,-1.0,8,40fc,40f8,False,7524,oscillated,-1,False,colour6,4
r6b_colour6_x4,coloring,_colour6_x4,0,-1.0,9,484a,5149,False,7524,oscillated,-1,False,colour6,4
r6b_colour6_x4,coloring,_colour6_x4,1,-1.0,8,48c9,5149,False,7524,oscillated,-1,False,colour6,4
r6b_colour6_x4,coloring,_colour6_x4,1,-1.0,8,4958,5149,False,7524,oscillated,-1,False,colour6,4
r6b_colour6_x4,coloring,_colour6_x4,1,-1.0,9,4a4b,5149,False,7524,oscillated,-1,False,colour6,4
r6b_colour6_x4,coloring,_colour6_x4,1,-1.0,3,5295,ab4,False,7524,oscillated,-1,False,colour6,4
r6b_colour6_x4,coloring,_colour6_x4,1,-1.0,5,52b7,ab4,False,7524,oscillated,-1,False,colour6,4
r6b_colour6_x4,coloring,_colour6_x4,1,-1.0,3,5394,ab4,False,7524,oscillated,-1,False,colour6,4
r6b_colour6_x4,coloring,_colour6_x4,1,-1.0,3,53b5,ab4,False,7524,oscillated,-1,False,colour6,4
r6b_colour6_x4,coloring,_colour6_x4,2,-1.0,7,64f8,e4fa,False,7524,oscillated,-1,False,colour6,4
r6b_colour6_x4,coloring,_colour6_x4,2,-1.0,7,65fc,e4fa,False,7524,oscillated,-1,False,colour6,4
r6b_colour6_x4,coloring,_colour6_x4,3,-1.0,7,694b,5149,False,7524,oscillated,-1,False,colour6,4
r6b_colour6_x4,coloring,_colour6_x4,0,-1.0,7,69ea,5149,False,7524,oscillated,-1,False,colour6,4
r6b_colour6_x4,coloring,_colour6_x4,0,-1.0,8,69fa,5149,False,7524,oscillated,-1,False,colour6,4
r6b_colour6_x4,coloring,_colour6_x4,2,-1.0,5,73b6,ab4,False,7524,oscillated,-1,False,colour6,4
r6b_colour6_x4,coloring,_colour6_x4,1,-1.0,5,73b7,ab4,False,7524,oscillated,-1,False,colour6,4
r6b_colour6_x4,coloring,_colour6_x4,2,-1.0,3,76b6,aeb6,False,7524,oscillated,-1,False,colour6,4
r6b_colour6_x4,coloring,_colour6_x4,2,-1.0,4,77b6,aeb6,False,7524,oscillated,-1,False,colour6,4
r6b_colour6_x4,coloring,_colour6_x4,3,-1.0,5,8d4b,f54b,False,7524,oscillated,-1,False,colour6,4
r6b_colour6_x4,coloring,_colour6_x4,2,-1.0,5,9216,ab4,False,7524,oscillated,-1,False,colour6,4
r6b_colour6_x4,coloring,_colour6_x4,2,-1.0,5,9286,ab4,False,7524,oscillated,-1,False,colour6,4
r6b_colour6_x4,coloring,_colour6_x4,1,-1.0,5,9287,ab4,False,7524,oscillated,-1,False,colour6,4
r6b_colour6_x4,coloring,_colour6_x4,1,-1.0,3,9295,ab4,False,7524,oscillated,-1,False,colour6,4
r6b_colour6_x4,coloring,_colour6_x4,2,-1.0,3,92b6,ab4,False,7524,oscillated,-1,False,colour6,4
r6b_colour6_x4,coloring,_colour6_x4,1,-1.0,3,9394,ab4,False,7524,oscillated,-1,False,colour6,4
r6b_colour6_x4,coloring,_colour6_x4,1,-1.0,3,93b5,ab4,False,7524,oscillated,-1,False,colour6,4
r6b_colour6_x4,coloring,_colour6_x4,2,-1.0,4,93b6,ab4,False,7524,oscillated,-1,False,colour6,4
r6b_colour6_x4,coloring,_colour6_x4,2,-1.0,5,9596,aeb6,False,7524,oscillated,-1,False,colour6,4
r6b_colour6_x4,coloring,_colour6_x4,2,-1.0,5,95b7,aeb6,False,7524,oscillated,-1,False,colour6,4
r6b_colour6_x4,coloring,_colour6_x4,2,-1.0,3,9636,aeb6,False,7524,oscillated,-1,False,colour6,4
r6b_colour6_x4,coloring,_colour6_x4,2,-1.0,3,9696,aeb6,False,7524,oscillated,-1,False,colour6,4
r6b_colour6_x4,coloring,_colour6_x4,2,-1.0,3,96b4,aeb6,False,7524,oscillated,-1,False,colour6,4
r6b_colour6_x4,coloring,_colour6_x4,2,-1.0,2,96b6,aeb6,False,7524,oscillated,-1,False,colour6,4
r6b_colour6_x4,coloring,_colour6_x4,2,-1.0,3,96b7,aeb6,False,7524,oscillated,-1,False,colour6,4
r6b_colour6_x4,coloring,_colour6_x4,2,-1.0,3,97b6,aeb6,False,7524,oscillated,-1,False,colour6,4
r6b_colour6_x4,coloring,_colour6_x4,1,-1.0,3,9b05,1b05,False,7524,oscillated,-1,False,colour6,4
r6b_colour6_x4,coloring,_colour6_x4,3,-1.0,3,9b07,1b05,False,7524,oscillated,-1,False,colour6,4
r6b_colour6_x4,coloring,_colour6_x4,1,-1.0,3,9b81,1b05,False,7524,oscillated,-1,False,colour6,4
r6b_colour6_x4,coloring,_colour6_x4,1,-1.0,2,9b85,1b05,False,7524,oscillated,-1,False,colour6,4
r6b_colour6_x4,coloring,_colour6_x4,1,-1.0,3,9b87,1b05,False,7524,oscillated,-1,False,colour6,4
r6b_colour6_x4,coloring,_colour6_x4,3,-1.0,3,9f03,bf07,False,7524,oscillated,-1,False,colour6,4
r6b_colour6_x4,coloring,_colour6_x4,3,-1.0,3,9f05,bf07,False,7524,oscillated,-1,False,colour6,4
r6b_colour6_x4,coloring,_colour6_x4,3,-1.0,2,9f07,bf07,False,7524,oscillated,-1,False,colour6,4
r6b_colour6_x4,coloring,_colour6_x4,1,-1.0,3,9f85,bf07,False,7524,oscillated,-1,False,colour6,4
r6b_colour6_x4,coloring,_colour6_x4,3,-1.0,3,9f87,bf07,False,7524,oscillated,-1,False,colour6,4
r6b_colour6_x4,coloring,_colour6_x4,3,-1.0,7,ac48,f54b,False,7524,oscillated,-1,False,colour6,4
r6b_colour6_x4,coloring,_colour6_x4,3,-1.0,7,ac69,f54b,False,7524,oscillated,-1,False,colour6,4
r6b_colour6_x4,coloring,_colour6_x4,3,-1.0,6,ac6b,f54b,False,7524,oscillated,-1,False,colour6,4
r6b_colour6_x4,coloring,_colour6_x4,3,-1.0,5,ad4a,f54b,False,7524,oscillated,-1,False,colour6,4
r6b_colour6_x4,coloring,_colour6_x4,3,-1.0,3,ad4f,f54b,False,7524,oscillated,-1,False,colour6,4
r6b_colour6_x4,coloring,_colour6_x4,2,-1.0,4,b1b6,aeb6,False,7524,oscillated,-1,False,colour6,4
r6b_colour6_x4,coloring,_colour6_x4,2,-1.0,3,b236,aeb6,False,7524,oscillated,-1,False,colour6,4
r6b_colour6_x4,coloring,_colour6_x4,1,-1.0,5,b285,aeb6,False,7524,oscillated,-1,False,colour6,4
r6b_colour6_x4,coloring,_colour6_x4,2,-1.0,3,b296,aeb6,False,7524,oscillated,-1,False,colour6,4
r6b_colour6_x4,coloring,_colour6_x4,2,-1.0,4,b297,aeb6,False,7524,oscillated,-1,False,colour6,4
r6b_colour6_x4,coloring,_colour6_x4,2,-1.0,3,b2b4,aeb6,False,7524,oscillated,-1,False,colour6,4
r6b_colour6_x4,coloring,_colour6_x4,2,-1.0,2,b2b6,aeb6,False,7524,oscillated,-1,False,colour6,4
r6b_colour6_x4,coloring,_colour6_x4,2,-1.0,3,b2b7,aeb6,False,7524,oscillated,-1,False,colour6,4
r6b_colour6_x4,coloring,_colour6_x4,1,-1.0,5,b3a5,aeb6,False,7524,oscillated,-1,False,colour6,4
r6b_colour6_x4,coloring,_colour6_x4,2,-1.0,3,b3b6,aeb6,False,7524,oscillated,-1,False,colour6,4
r6b_colour6_x4,coloring,_colour6_x4,2,-1.0,3,b5b6,aeb6,False,7524,oscillated,-1,False,colour6,4
r6b_colour6_x4,coloring,_colour6_x4,2,-1.0,3,b616,aeb6,False,7524,oscillated,-1,False,colour6,4
r6b_colour6_x4,coloring,_colour6_x4,2,-1.0,3,b634,aeb6,False,7524,oscillated,-1,False,colour6,4
r6b_colour6_x4,coloring,_colour6_x4,2,-1.0,4,b635,aeb6,False,7524,oscillated,-1,False,colour6,4
r6b_colour6_x4,coloring,_colour6_x4,2,-1.0,2,b636,aeb6,False,7524,oscillated,-1,False,colour6,4
r6b_colour6_x4,coloring,_colour6_x4,2,-1.0,3,b637,aeb6,False,7524,oscillated,-1,False,colour6,4
r6b_colour6_x4,coloring,_colour6_x4,2,-1.0,4,b684,aeb6,False,7524,oscillated,-1,False,colour6,4
r6b_colour6_x4,coloring,_colour6_x4,2,-1.0,3,b686,aeb6,False,7524,oscillated,-1,False,colour6,4
r6b_colour6_x4,coloring,_colour6_x4,2,-1.0,3,b694,aeb6,False,7524,oscillated,-1,False,colour6,4
r6b_colour6_x4,coloring,_colour6_x4,2,-1.0,2,b696,aeb6,False,7524,oscillated,-1,False,colour6,4
r6b_colour6_x4,coloring,_colour6_x4,2,-1.0,3,b697,aeb6,False,7524,oscillated,-1,False,colour6,4
r6b_colour6_x4,coloring,_colour6_x4,2,-1.0,3,b6a7,aeb6,False,7524,oscillated,-1,False,colour6,4
r6b_colour6_x4,coloring,_colour6_x4,2,-1.0,2,b6b4,aeb6,False,7524,oscillated,-1,False,colour6,4
r6b_colour6_x4,coloring,_colour6_x4,2,-1.0,3,b6b5,aeb6,False,7524,oscillated,-1,False,colour6,4
r6b_colour6_x4,coloring,_colour6_x4,2,-1.0,1,b6b6,aeb6,False,7524,oscillated,-1,False,colour6,4
r6b_colour6_x4,coloring,_colour6_x4,2,-1.0,2,b6b7,aeb6,False,7524,oscillated,-1,False,colour6,4
r6b_colour6_x4,coloring,_colour6_x4,2,-1.0,3,b736,aeb6,False,7524,oscillated,-1,False,colour6,4
r6b_colour6_x4,coloring,_colour6_x4,2,-1.0,4,b794,aeb6,False,7524,oscillated,-1,False,colour6,4
r6b_colour6_x4,coloring,_colour6_x4,2,-1.0,3,b796,aeb6,False,7524,oscillated,-1,False,colour6,4
r6b_colour6_x4,coloring,_colour6_x4,2,-1.0,3,b7a6,aeb6,False,7524,oscillated,-1,False,colour6,4
r6b_colour6_x4,coloring,_colour6_x4,2,-1.0,3,b7b4,aeb6,False,7524,oscillated,-1,False,colour6,4
r6b_colour6_x4,coloring,_colour6_x4,2,-1.0,2,b7b6,aeb6,False,7524,oscillated,-1,False,colour6,4
r6b_colour6_x4,coloring,_colour6_x4,2,-1.0,3,b7b7,aeb6,False,7524,oscillated,-1,False,colour6,4
r6b_colour6_x4,coloring,_colour6_x4,3,-1.0,3,bb03,bf07,False,7524,oscillated,-1,False,colour6,4
r6b_colour6_x4,coloring,_colour6_x4,3,-1.0,3,bb05,bf07,False,7524,oscillated,-1,False,colour6,4
r6b_colour6_x4,coloring,_colour6_x4,3,-1.0,2,bb07,bf07,False,7524,oscillated,-1,False,colour6,4
r6b_colour6_x4,coloring,_colour6_x4,1,-1.0,3,bb85,bf07,False,7524,oscillated,-1,False,colour6,4
r6b_colour6_x4,coloring,_colour6_x4,3,-1.0,3,bb87,bf07,False,7524,oscillated,-1,False,colour6,4
r6b_colour6_x4,coloring,_colour6_x4,3,-1.0,4,be01,bf07,False,7524,oscillated,-1,False,colour6,4
r6b_colour6_x4,coloring,_colour6_x4,3,-1.0,3,be03,bf07,False,7524,oscillated,-1,False,colour6,4
r6b_colour6_x4,coloring,_colour6_x4,3,-1.0,3,bf01,bf07,False,7524,oscillated,-1,False,colour6,4
r6b_colour6_x4,coloring,_colour6_x4,3,-1.0,3,bf02,bf07,False,7524,oscillated,-1,False,colour6,4
r6b_colour6_x4,coloring,_colour6_x4,3,-1.0,2,bf03,bf07,False,7524,oscillated,-1,False,colour6,4
r6b_colour6_x4,coloring,_colour6_x4,3,-1.0,2,bf05,bf07,False,7524,oscillated,-1,False,colour6,4
r6b_colour6_x4,coloring,_colour6_x4,3,-1.0,1,bf07,bf07,False,7524,oscillated,-1,False,colour6,4
r6b_colour6_x4,coloring,_colour6_x4,3,-1.0,3,bf23,bf07,False,7524,oscillated,-1,False,colour6,4
r6b_colour6_x4,coloring,_colour6_x4,3,-1.0,3,bf83,bf07,False,7524,oscillated,-1,False,colour6,4
r6b_colour6_x4,coloring,_colour6_x4,3,-1.0,3,bf85,bf07,False,7524,oscillated,-1,False,colour6,4
r6b_colour6_x4,coloring,_colour6_x4,3,-1.0,2,bf87,bf07,False,7524,oscillated,-1,False,colour6,4
r6b_colour6_x4,coloring,_colour6_x4,2,-1.0,7,c0ff,40f8,False,7524,oscillated,-1,False,colour6,4
r6b_colour6_x4,coloring,_colour6_x4,2,-1.0,5,c4fe,e4fa,False,7524,oscillated,-1,False,colour6,4
r6b_colour6_x4,coloring,_colour6_x4,3,-1.0,8,c949,5149,False,7524,oscillated,-1,False,colour6,4
r6b_colour6_x4,coloring,_colour6_x4,1,-1.0,9,c979,5149,False,7524,oscillated,-1,False,colour6,4
r6b_colour6_x4,coloring,_colour6_x4,0,-1.0,10,ca48,5149,False,7524,oscillated,-1,False,colour6,4
r6b_colour6_x4,coloring,_colour6_x4,3,-1.0,9,ca4b,5149,False,7524,oscillated,-1,False,colour6,4
r6b_colour6_x4,coloring,_colour6_x4,3,-1.0,8,cc49,f54b,False,7524,oscillated,-1,False,colour6,4
r6b_colour6_x4,coloring,_colour6_x4,3,-1.0,8,cd5a,f54b,False,7524,oscillated,-1,False,colour6,4
r6b_colour6_x4,coloring,_colour6_x4,3,-1.0,7,cd6b,f54b,False,7524,oscillated,-1,False,colour6,4
r6b_colour6_x4,coloring,_colour6_x4,0,-1.0,8,cdc8,f54b,False,7524,oscillated,-1,False,colour6,4
r6b_colour6_x4,coloring,_colour6_x4,1,-1.0,4,d3b5,ab4,False,7524,oscillated,-1,False,colour6,4
r6b_colour6_x4,coloring,_colour6_x4,2,-1.0,5,d3b6,ab4,False,7524,oscillated,-1,False,colour6,4
r6b_colour6_x4,coloring,_colour6_x4,2,-1.0,5,d697,aeb6,False,7524,oscillated,-1,False,colour6,4
r6b_colour6_x4,coloring,_colour6_x4,2,-1.0,5,d6b0,aeb6,False,7524,oscillated,-1,False,colour6,4
r6b_colour6_x4,coloring,_colour6_x4,2,-1.0,4,d6b2,aeb6,False,7524,oscillated,-1,False,colour6,4
r6b_colour6_x4,coloring,_colour6_x4,2,-1.0,3,d6b6,aeb6,False,7524,oscillated,-1,False,colour6,4
r6b_colour6_x4,coloring,_colour6_x4,2,-1.0,5,d7b4,aeb6,False,7524,oscillated,-1,False,colour6,4
r6b_colour6_x4,coloring,_colour6_x4,2,-1.0,7,e1fc,e4fa,False,7524,oscillated,-1,False,colour6,4
r6b_colour6_x4,coloring,_colour6_x4,2,-1.0,6,e1fe,e4fa,False,7524,oscillated,-1,False,colour6,4
r6b_colour6_x4,coloring,_colour6_x4,2,-1.0,6,e47c,e4fa,False,7524,oscillated,-1,False,colour6,4
r6b_colour6_x4,coloring,_colour6_x4,2,-1.0,4,e4fe,e4fa,False,7524,oscillated,-1,False,colour6,4
r6b_colour6_x4,coloring,_colour6_x4,3,-1.0,8,e85b,f54b,False,7524,oscillated,-1,False,colour6,4
r6b_colour6_x4,coloring,_colour6_x4,3,-1.0,6,e94b,f54b,False,7524,oscillated,-1,False,colour6,4
r6b_colour6_x4,coloring,_colour6_x4,0,-1.0,9,ea69,f54b,False,7524,oscillated,-1,False,colour6,4
r6b_colour6_x4,coloring,_colour6_x4,0,-1.0,7,ec5a,f54b,False,7524,oscillated,-1,False,colour6,4
r6b_colour6_x4,coloring,_colour6_x4,0,-1.0,7,ecc9,f54b,False,7524,oscillated,-1,False,colour6,4
r6b_colour6_x4,coloring,_colour6_x4,3,-1.0,6,edcb,f54b,False,7524,oscillated,-1,False,colour6,4
r6b_colour6_x4,coloring,_colour6_x4,2,-1.0,4,f296,aeb6,False,7524,oscillated,-1,False,colour6,4
r6b_colour6_x4,coloring,_colour6_x4,2,-1.0,5,f297,aeb6,False,7524,oscillated,-1,False,colour6,4
r6b_colour6_x4,coloring,_colour6_x4,2,-1.0,3,f2b6,aeb6,False,7524,oscillated,-1,False,colour6,4
r6b_colour6_x4,coloring,_colour6_x4,2,-1.0,3,f696,aeb6,False,7524,oscillated,-1,False,colour6,4
r6b_colour6_x4,coloring,_colour6_x4,2,-1.0,3,f6b2,aeb6,False,7524,oscillated,-1,False,colour6,4
r6b_colour6_x4,coloring,_colour6_x4,2,-1.0,3,f6b4,aeb6,False,7524,oscillated,-1,False,colour6,4
r6b_colour6_x4,coloring,_colour6_x4,2,-1.0,2,f6b6,aeb6,False,7524,oscillated,-1,False,colour6,4
r6b_colour6_x4,coloring,_colour6_x4,2,-1.0,3,f6b7,aeb6,False,7524,oscillated,-1,False,colour6,4
r6b_colour6_x4,coloring,_colour6_x4,2,-1.0,3,f7b6,aeb6,False,7524,oscillated,-1,False,colour6,4
r6b_colour6_x16,coloring,_colour6_x16,3,-1.0,6,d4d,4959,False,29796,oscillated,-1,False,colour6,16
r6b_colour6_x16,coloring,_colour6_x16,1,-1.0,3,1194,12b4,False,29796,oscillated,-1,False,colour6,16
r6b_colour6_x16,coloring,_colour6_x16,1,-1.0,3,11b5,12b4,False,29796,oscillated,-1,False,colour6,16
r6b_colour6_x16,coloring,_colour6_x16,1,-1.0,3,1285,12b4,False,29796,oscillated,-1,False,colour6,16
r6b_colour6_x16,coloring,_colour6_x16,1,-1.0,4,1287,12b4,False,29796,oscillated,-1,False,colour6,16
r6b_colour6_x16,coloring,_colour6_x16,1,-1.0,3,1294,12b4,False,29796,oscillated,-1,False,colour6,16
r6b_colour6_x16,coloring,_colour6_x16,1,-1.0,2,1295,12b4,False,29796,oscillated,-1,False,colour6,16
r6b_colour6_x16,coloring,_colour6_x16,1,-1.0,3,1297,12b4,False,29796,oscillated,-1,False,colour6,16
r6b_colour6_x16,coloring,_colour6_x16,1,-1.0,3,12b5,12b4,False,29796,oscillated,-1,False,colour6,16
r6b_colour6_x16,coloring,_colour6_x16,1,-1.0,3,1384,12b4,False,29796,oscillated,-1,False,colour6,16
r6b_colour6_x16,coloring,_colour6_x16,1,-1.0,2,1394,12b4,False,29796,oscillated,-1,False,colour6,16
r6b_colour6_x16,coloring,_colour6_x16,1,-1.0,3,1396,12b4,False,29796,oscillated,-1,False,colour6,16
r6b_colour6_x16,coloring,_colour6_x16,1,-1.0,3,13a5,12b4,False,29796,oscillated,-1,False,colour6,16
r6b_colour6_x16,coloring,_colour6_x16,1,-1.0,3,13b4,12b4,False,29796,oscillated,-1,False,colour6,16
r6b_colour6_x16,coloring,_colour6_x16,1,-1.0,2,13b5,12b4,False,29796,oscillated,-1,False,colour6,16
r6b_colour6_x16,coloring,_colour6_x16,1,-1.0,3,13b7,12b4,False,29796,oscillated,-1,False,colour6,16
r6b_colour6_x16,coloring,_colour6_x16,2,-1.0,5,15b6,12a4,False,29796,oscillated,-1,False,colour6,16
r6b_colour6_x16,coloring,_colour6_x16,2,-1.0,5,1686,12b4,False,29796,oscillated,-1,False,colour6,16
r6b_colour6_x16,coloring,_colour6_x16,1,-1.0,5,1687,12b4,False,29796,oscillated,-1,False,colour6,16
r6b_colour6_x16,coloring,_colour6_x16,1,-1.0,3,1695,12b4,False,29796,oscillated,-1,False,colour6,16
r6b_colour6_x16,coloring,_colour6_x16,2,-1.0,4,1696,12b4,False,29796,oscillated,-1,False,colour6,16
r6b_colour6_x16,coloring,_colour6_x16,2,-1.0,3,16b6,12b4,False,29796,oscillated,-1,False,colour6,16
r6b_colour6_x16,coloring,_colour6_x16,2,-1.0,4,16b7,12b4,False,29796,oscillated,-1,False,colour6,16
r6b_colour6_x16,coloring,_colour6_x16,1,-1.0,3,1794,12b4,False,29796,oscillated,-1,False,colour6,16
r6b_colour6_x16,coloring,_colour6_x16,1,-1.0,3,17b5,12b4,False,29796,oscillated,-1,False,colour6,16
r6b_colour6_x16,coloring,_colour6_x16,1,-1.0,4,1a01,1b05,False,29796,oscillated,-1,False,colour6,16
r6b_colour6_x16,coloring,_colour6_x16,1,-1.0,3,1b01,1b05,False,29796,oscillated,-1,False,colour6,16
r6b_colour6_x16,coloring,_colour6_x16,1,-1.0,2,1b05,1b05,False,29796,oscillated,-1,False,colour6,16
r6b_colour6_x16,coloring,_colour6_x16,1,-1.0,3,1b07,1b05,False,29796,oscillated,-1,False,colour6,16
r6b_colour6_x16,coloring,_colour6_x16,1,-1.0,2,1b81,1b05,False,29796,oscillated,-1,False,colour6,16
r6b_colour6_x16,coloring,_colour6_x16,1,-1.0,3,1b83,1b05,False,29796,oscillated,-1,False,colour6,16
r6b_colour6_x16,coloring,_colour6_x16,1,-1.0,1,1b85,1b05,False,29796,oscillated,-1,False,colour6,16
r6b_colour6_x16,coloring,_colour6_x16,1,-1.0,2,1b87,1b05,False,29796,oscillated,-1,False,colour6,16
r6b_colour6_x16,coloring,_colour6_x16,1,-1.0,3,1f05,1b05,False,29796,oscillated,-1,False,colour6,16
r6b_colour6_x16,coloring,_colour6_x16,3,-1.0,3,1f07,1b05,False,29796,oscillated,-1,False,colour6,16
r6b_colour6_x16,coloring,_colour6_x16,1,-1.0,3,1f81,1b05,False,29796,oscillated,-1,False,colour6,16
r6b_colour6_x16,coloring,_colour6_x16,1,-1.0,2,1f85,1b05,False,29796,oscillated,-1,False,colour6,16
r6b_colour6_x16,coloring,_colour6_x16,1,-1.0,3,1f87,1b05,False,29796,oscillated,-1,False,colour6,16
r6b_colour6_x16,coloring,_colour6_x16,3,-1.0,6,2d4a,ed4b,False,29796,oscillated,-1,False,colour6,16
r6b_colour6_x16,coloring,_colour6_x16,3,-1.0,7,2d6a,ed4b,False,29796,oscillated,-1,False,colour6,16
r6b_colour6_x16,coloring,_colour6_x16,2,-1.0,5,3286,12b4,False,29796,oscillated,-1,False,colour6,16
r6b_colour6_x16,coloring,_colour6_x16,1,-1.0,4,3294,12b4,False,29796,oscillated,-1,False,colour6,16
r6b_colour6_x16,coloring,_colour6_x16,1,-1.0,3,3295,12b4,False,29796,oscillated,-1,False,colour6,16
r6b_colour6_x16,coloring,_colour6_x16,2,-1.0,5,32a7,12b4,False,29796,oscillated,-1,False,colour6,16
r6b_colour6_x16,coloring,_colour6_x16,2,-1.0,3,32b6,12b4,False,29796,oscillated,-1,False,colour6,16
r6b_colour6_x16,coloring,_colour6_x16,2,-1.0,4,32b7,12b4,False,29796,oscillated,-1,False,colour6,16
r6b_colour6_x16,coloring,_colour6_x16,1,-1.0,5,3334,12b4,False,29796,oscillated,-1,False,colour6,16
r6b_colour6_x16,coloring,_colour6_x16,2,-1.0,5,3336,12b4,False,29796,oscillated,-1,False,colour6,16
r6b_colour6_x16,coloring,_colour6_x16,1,-1.0,5,3386,12b4,False,29796,oscillated,-1,False,colour6,16
r6b_colour6_x16,coloring,_colour6_x16,1,-1.0,3,3394,12b4,False,29796,oscillated,-1,False,colour6,16
r6b_colour6_x16,coloring,_colour6_x16,1,-1.0,3,33b5,12b4,False,29796,oscillated,-1,False,colour6,16
r6b_colour6_x16,coloring,_colour6_x16,2,-1.0,4,33b6,12b4,False,29796,oscillated,-1,False,colour6,16
r6b_colour6_x16,coloring,_colour6_x16,2,-1.0,3,3636,b6b6,False,29796,oscillated,-1,False,colour6,16
r6b_colour6_x16,coloring,_colour6_x16,2,-1.0,5,3684,b6b6,False,29796,oscillated,-1,False,colour6,16
r6b_colour6_x16,coloring,_colour6_x16,2,-1.0,5,3687,b6b6,False,29796,oscillated,-1,False,colour6,16
r6b_colour6_x16,coloring,_colour6_x16,2,-1.0,3,3696,b6b6,False,29796,oscillated,-1,False,colour6,16
r6b_colour6_x16,coloring,_colour6_x16,2,-1.0,5,36a5,b6b6,False,29796,oscillated,-1,False,colour6,16
r6b_colour6_x16,coloring,_colour6_x16,2,-1.0,3,36b4,b6b6,False,29796,oscillated,-1,False,colour6,16
r6b_colour6_x16,coloring,_colour6_x16,2,-1.0,2,36b6,b6b6,False,29796,oscillated,-1,False,colour6,16
r6b_colour6_x16,coloring,_colour6_x16,2,-1.0,3,36b7,b6b6,False,29796,oscillated,-1,False,colour6,16
r6b_colour6_x16,coloring,_colour6_x16,2,-1.0,3,37b6,b6b6,False,29796,oscillated,-1,False,colour6,16
r6b_colour6_x16,coloring,_colour6_x16,1,-1.0,3,3b05,1b05,False,29796,oscillated,-1,False,colour6,16
r6b_colour6_x16,coloring,_colour6_x16,3,-1.0,3,3b07,1b05,False,29796,oscillated,-1,False,colour6,16
r6b_colour6_x16,coloring,_colour6_x16,1,-1.0,3,3b81,1b05,False,29796,oscillated,-1,False,colour6,16
r6b_colour6_x16,coloring,_colour6_x16,1,-1.0,2,3b85,1b05,False,29796,oscillated,-1,False,colour6,16
r6b_colour6_x16,coloring,_colour6_x16,1,-1.0,3,3b87,1b05,False,29796,oscillated,-1,False,colour6,16
r6b_colour6_x16,coloring,_colour6_x16,3,-1.0,3,3f03,bf07,False,29796,oscillated,-1,False,colour6,16
r6b_colour6_x16,coloring,_colour6_x16,3,-1.0,3,3f05,bf07,False,29796,oscillated,-1,False,colour6,16
r6b_colour6_x16,coloring,_colour6_x16,3,-1.0,2,3f07,bf07,False,29796,oscillated,-1,False,colour6,16
r6b_colour6_x16,coloring,_colour6_x16,3,-1.0,4,3f83,bf07,False,29796,oscillated,-1,False,colour6,16
r6b_colour6_x16,coloring,_colour6_x16,1,-1.0,3,3f85,bf07,False,29796,oscillated,-1,False,colour6,16
r6b_colour6_x16,coloring,_colour6_x16,3,-1.0,3,3f87,bf07,False,29796,oscillated,-1,False,colour6,16
r6b_colour6_x16,coloring,_colour6_x16,2,-1.0,8,40fc,40f8,False,29796,oscillated,-1,False,colour6,16
r6b_colour6_x16,coloring,_colour6_x16,0,-1.0,9,484a,4949,False,29796,oscillated,-1,False,colour6,16
r6b_colour6_x16,coloring,_colour6_x16,1,-1.0,8,48c9,4949,False,29796,oscillated,-1,False,colour6,16
r6b_colour6_x16,coloring,_colour6_x16,1,-1.0,8,4958,4949,False,29796,oscillated,-1,False,colour6,16
r6b_colour6_x16,coloring,_colour6_x16,1,-1.0,9,4a4b,4959,False,29796,oscillated,-1,False,colour6,16
r6b_colour6_x16,coloring,_colour6_x16,1,-1.0,3,5295,12b4,False,29796,oscillated,-1,False,colour6,16
r6b_colour6_x16,coloring,_colour6_x16,1,-1.0,5,52b7,12b4,False,29796,oscillated,-1,False,colour6,16
r6b_colour6_x16,coloring,_colour6_x16,1,-1.0,3,5394,12b4,False,29796,oscillated,-1,False,colour6,16
r6b_colour6_x16,coloring,_colour6_x16,1,-1.0,3,53b5,12b4,False,29796,oscillated,-1,False,colour6,16
r6b_colour6_x16,coloring,_colour6_x16,2,-1.0,7,64f8,e4fa,False,29796,oscillated,-1,False,colour6,16
r6b_colour6_x16,coloring,_colour6_x16,2,-1.0,7,65fc,e4fa,False,29796,oscillated,-1,False,colour6,16
r6b_colour6_x16,coloring,_colour6_x16,3,-1.0,7,694b,4949,False,29796,oscillated,-1,False,colour6,16
r6b_colour6_x16,coloring,_colour6_x16,0,-1.0,7,69ea,4949,False,29796,oscillated,-1,False,colour6,16
r6b_colour6_x16,coloring,_colour6_x16,0,-1.0,8,69fa,4949,False,29796,oscillated,-1,False,colour6,16
r6b_colour6_x16,coloring,_colour6_x16,2,-1.0,5,73b6,12b4,False,29796,oscillated,-1,False,colour6,16
r6b_colour6_x16,coloring,_colour6_x16,1,-1.0,5,73b7,12b4,False,29796,oscillated,-1,False,colour6,16
r6b_colour6_x16,coloring,_colour6_x16,2,-1.0,3,76b6,b6b6,False,29796,oscillated,-1,False,colour6,16
r6b_colour6_x16,coloring,_colour6_x16,2,-1.0,4,77b6,b6b6,False,29796,oscillated,-1,False,colour6,16
r6b_colour6_x16,coloring,_colour6_x16,3,-1.0,5,8d4b,ed4b,False,29796,oscillated,-1,False,colour6,16
r6b_colour6_x16,coloring,_colour6_x16,2,-1.0,5,9216,12b4,False,29796,oscillated,-1,False,colour6,16
r6b_colour6_x16,coloring,_colour6_x16,2,-1.0,5,9286,12b4,False,29796,oscillated,-1,False,colour6,16
r6b_colour6_x16,coloring,_colour6_x16,1,-1.0,5,9287,12b4,False,29796,oscillated,-1,False,colour6,16
r6b_colour6_x16,coloring,_colour6_x16,1,-1.0,3,9295,12b4,False,29796,oscillated,-1,False,colour6,16
r6b_colour6_x16,coloring,_colour6_x16,2,-1.0,3,92b6,12b4,False,29796,oscillated,-1,False,colour6,16
r6b_colour6_x16,coloring,_colour6_x16,1,-1.0,3,9394,12b4,False,29796,oscillated,-1,False,colour6,16
r6b_colour6_x16,coloring,_colour6_x16,1,-1.0,3,93b5,12b4,False,29796,oscillated,-1,False,colour6,16
r6b_colour6_x16,coloring,_colour6_x16,2,-1.0,4,93b6,12b4,False,29796,oscillated,-1,False,colour6,16
r6b_colour6_x16,coloring,_colour6_x16,2,-1.0,5,9596,b6b6,False,29796,oscillated,-1,False,colour6,16
r6b_colour6_x16,coloring,_colour6_x16,2,-1.0,5,95b7,b6b6,False,29796,oscillated,-1,False,colour6,16
r6b_colour6_x16,coloring,_colour6_x16,2,-1.0,3,9636,b6b6,False,29796,oscillated,-1,False,colour6,16
r6b_colour6_x16,coloring,_colour6_x16,2,-1.0,3,9696,b6b6,False,29796,oscillated,-1,False,colour6,16
r6b_colour6_x16,coloring,_colour6_x16,2,-1.0,3,96b4,b6b6,False,29796,oscillated,-1,False,colour6,16
r6b_colour6_x16,coloring,_colour6_x16,2,-1.0,2,96b6,b6b6,False,29796,oscillated,-1,False,colour6,16
r6b_colour6_x16,coloring,_colour6_x16,2,-1.0,3,96b7,b6b6,False,29796,oscillated,-1,False,colour6,16
r6b_colour6_x16,coloring,_colour6_x16,2,-1.0,3,97b6,b6b6,False,29796,oscillated,-1,False,colour6,16
r6b_colour6_x16,coloring,_colour6_x16,1,-1.0,3,9b05,1b05,False,29796,oscillated,-1,False,colour6,16
r6b_colour6_x16,coloring,_colour6_x16,3,-1.0,3,9b07,1b05,False,29796,oscillated,-1,False,colour6,16
r6b_colour6_x16,coloring,_colour6_x16,1,-1.0,3,9b81,1b05,False,29796,oscillated,-1,False,colour6,16
r6b_colour6_x16,coloring,_colour6_x16,1,-1.0,2,9b85,1b05,False,29796,oscillated,-1,False,colour6,16
r6b_colour6_x16,coloring,_colour6_x16,1,-1.0,3,9b87,1b05,False,29796,oscillated,-1,False,colour6,16
r6b_colour6_x16,coloring,_colour6_x16,3,-1.0,3,9f03,bf07,False,29796,oscillated,-1,False,colour6,16
r6b_colour6_x16,coloring,_colour6_x16,3,-1.0,3,9f05,bf07,False,29796,oscillated,-1,False,colour6,16
r6b_colour6_x16,coloring,_colour6_x16,3,-1.0,2,9f07,bf07,False,29796,oscillated,-1,False,colour6,16
r6b_colour6_x16,coloring,_colour6_x16,1,-1.0,3,9f85,bf07,False,29796,oscillated,-1,False,colour6,16
r6b_colour6_x16,coloring,_colour6_x16,3,-1.0,3,9f87,bf07,False,29796,oscillated,-1,False,colour6,16
r6b_colour6_x16,coloring,_colour6_x16,3,-1.0,7,ac48,ed4b,False,29796,oscillated,-1,False,colour6,16
r6b_colour6_x16,coloring,_colour6_x16,3,-1.0,7,ac69,ed4b,False,29796,oscillated,-1,False,colour6,16
r6b_colour6_x16,coloring,_colour6_x16,3,-1.0,6,ac6b,ed4b,False,29796,oscillated,-1,False,colour6,16
r6b_colour6_x16,coloring,_colour6_x16,3,-1.0,5,ad4a,ed4b,False,29796,oscillated,-1,False,colour6,16
r6b_colour6_x16,coloring,_colour6_x16,3,-1.0,3,ad4f,ed5b,False,29796,oscillated,-1,False,colour6,16
r6b_colour6_x16,coloring,_colour6_x16,2,-1.0,4,b1b6,b6a6,False,29796,oscillated,-1,False,colour6,16
r6b_colour6_x16,coloring,_colour6_x16,2,-1.0,3,b236,b6b6,False,29796,oscillated,-1,False,colour6,16
r6b_colour6_x16,coloring,_colour6_x16,1,-1.0,5,b285,b6b6,False,29796,oscillated,-1,False,colour6,16
r6b_colour6_x16,coloring,_colour6_x16,2,-1.0,3,b296,b6b6,False,29796,oscillated,-1,False,colour6,16
r6b_colour6_x16,coloring,_colour6_x16,2,-1.0,4,b297,b6b6,False,29796,oscillated,-1,False,colour6,16
r6b_colour6_x16,coloring,_colour6_x16,2,-1.0,3,b2b4,b6b6,False,29796,oscillated,-1,False,colour6,16
r6b_colour6_x16,coloring,_colour6_x16,2,-1.0,2,b2b6,b6b6,False,29796,oscillated,-1,False,colour6,16
r6b_colour6_x16,coloring,_colour6_x16,2,-1.0,3,b2b7,b6b6,False,29796,oscillated,-1,False,colour6,16
r6b_colour6_x16,coloring,_colour6_x16,1,-1.0,5,b3a5,b6b6,False,29796,oscillated,-1,False,colour6,16
r6b_colour6_x16,coloring,_colour6_x16,2,-1.0,3,b3b6,b6b6,False,29796,oscillated,-1,False,colour6,16
r6b_colour6_x16,coloring,_colour6_x16,2,-1.0,3,b5b6,b6a6,False,29796,oscillated,-1,False,colour6,16
r6b_colour6_x16,coloring,_colour6_x16,2,-1.0,3,b616,b6b6,False,29796,oscillated,-1,False,colour6,16
r6b_colour6_x16,coloring,_colour6_x16,2,-1.0,3,b634,b6b6,False,29796,oscillated,-1,False,colour6,16
r6b_colour6_x16,coloring,_colour6_x16,2,-1.0,4,b635,b6b6,False,29796,oscillated,-1,False,colour6,16
r6b_colour6_x16,coloring,_colour6_x16,2,-1.0,2,b636,b6b6,False,29796,oscillated,-1,False,colour6,16
r6b_colour6_x16,coloring,_colour6_x16,2,-1.0,3,b637,b6b6,False,29796,oscillated,-1,False,colour6,16
r6b_colour6_x16,coloring,_colour6_x16,2,-1.0,4,b684,b6b6,False,29796,oscillated,-1,False,colour6,16
r6b_colour6_x16,coloring,_colour6_x16,2,-1.0,3,b686,b6b6,False,29796,oscillated,-1,False,colour6,16
r6b_colour6_x16,coloring,_colour6_x16,2,-1.0,3,b694,b6b6,False,29796,oscillated,-1,False,colour6,16
r6b_colour6_x16,coloring,_colour6_x16,2,-1.0,2,b696,b6b6,False,29796,oscillated,-1,False,colour6,16
r6b_colour6_x16,coloring,_colour6_x16,2,-1.0,3,b697,b6b6,False,29796,oscillated,-1,False,colour6,16
r6b_colour6_x16,coloring,_colour6_x16,2,-1.0,3,b6a7,b6b6,False,29796,oscillated,-1,False,colour6,16
r6b_colour6_x16,coloring,_colour6_x16,2,-1.0,2,b6b4,b6b6,False,29796,oscillated,-1,False,colour6,16
r6b_colour6_x16,coloring,_colour6_x16,2,-1.0,3,b6b5,b6b6,False,29796,oscillated,-1,False,colour6,16
r6b_colour6_x16,coloring,_colour6_x16,2,-1.0,1,b6b6,b6b6,False,29796,oscillated,-1,False,colour6,16
r6b_colour6_x16,coloring,_colour6_x16,2,-1.0,2,b6b7,b6b6,False,29796,oscillated,-1,False,colour6,16
r6b_colour6_x16,coloring,_colour6_x16,2,-1.0,3,b736,b6b6,False,29796,oscillated,-1,False,colour6,16
r6b_colour6_x16,coloring,_colour6_x16,2,-1.0,4,b794,b6b6,False,29796,oscillated,-1,False,colour6,16
r6b_colour6_x16,coloring,_colour6_x16,2,-1.0,3,b796,b6b6,False,29796,oscillated,-1,False,colour6,16
r6b_colour6_x16,coloring,_colour6_x16,2,-1.0,3,b7a6,b6b6,False,29796,oscillated,-1,False,colour6,16
r6b_colour6_x16,coloring,_colour6_x16,2,-1.0,3,b7b4,b6b6,False,29796,oscillated,-1,False,colour6,16
r6b_colour6_x16,coloring,_colour6_x16,2,-1.0,2,b7b6,b6b6,False,29796,oscillated,-1,False,colour6,16
r6b_colour6_x16,coloring,_colour6_x16,2,-1.0,3,b7b7,b6b6,False,29796,oscillated,-1,False,colour6,16
r6b_colour6_x16,coloring,_colour6_x16,3,-1.0,3,bb03,bf07,False,29796,oscillated,-1,False,colour6,16
r6b_colour6_x16,coloring,_colour6_x16,3,-1.0,3,bb05,bf07,False,29796,oscillated,-1,False,colour6,16
r6b_colour6_x16,coloring,_colour6_x16,3,-1.0,2,bb07,bf07,False,29796,oscillated,-1,False,colour6,16
r6b_colour6_x16,coloring,_colour6_x16,1,-1.0,3,bb85,bf07,False,29796,oscillated,-1,False,colour6,16
r6b_colour6_x16,coloring,_colour6_x16,3,-1.0,3,bb87,bf07,False,29796,oscillated,-1,False,colour6,16
r6b_colour6_x16,coloring,_colour6_x16,3,-1.0,4,be01,bf07,False,29796,oscillated,-1,False,colour6,16
r6b_colour6_x16,coloring,_colour6_x16,3,-1.0,3,be03,bf07,False,29796,oscillated,-1,False,colour6,16
r6b_colour6_x16,coloring,_colour6_x16,3,-1.0,3,bf01,bf07,False,29796,oscillated,-1,False,colour6,16
r6b_colour6_x16,coloring,_colour6_x16,3,-1.0,3,bf02,bf07,False,29796,oscillated,-1,False,colour6,16
r6b_colour6_x16,coloring,_colour6_x16,3,-1.0,2,bf03,bf07,False,29796,oscillated,-1,False,colour6,16
r6b_colour6_x16,coloring,_colour6_x16,3,-1.0,2,bf05,bf07,False,29796,oscillated,-1,False,colour6,16
r6b_colour6_x16,coloring,_colour6_x16,3,-1.0,1,bf07,bf07,False,29796,oscillated,-1,False,colour6,16
r6b_colour6_x16,coloring,_colour6_x16,3,-1.0,3,bf23,bf07,False,29796,oscillated,-1,False,colour6,16
r6b_colour6_x16,coloring,_colour6_x16,3,-1.0,3,bf83,bf07,False,29796,oscillated,-1,False,colour6,16
r6b_colour6_x16,coloring,_colour6_x16,3,-1.0,3,bf85,bf07,False,29796,oscillated,-1,False,colour6,16
r6b_colour6_x16,coloring,_colour6_x16,3,-1.0,2,bf87,bf07,False,29796,oscillated,-1,False,colour6,16
r6b_colour6_x16,coloring,_colour6_x16,2,-1.0,7,c0ff,40f8,False,29796,oscillated,-1,False,colour6,16
r6b_colour6_x16,coloring,_colour6_x16,2,-1.0,5,c4fe,e4fa,False,29796,oscillated,-1,False,colour6,16
r6b_colour6_x16,coloring,_colour6_x16,3,-1.0,8,c949,4949,False,29796,oscillated,-1,False,colour6,16
r6b_colour6_x16,coloring,_colour6_x16,1,-1.0,9,c979,4949,False,29796,oscillated,-1,False,colour6,16
r6b_colour6_x16,coloring,_colour6_x16,0,-1.0,10,ca48,4949,False,29796,oscillated,-1,False,colour6,16
r6b_colour6_x16,coloring,_colour6_x16,3,-1.0,9,ca4b,4959,False,29796,oscillated,-1,False,colour6,16
r6b_colour6_x16,coloring,_colour6_x16,3,-1.0,8,cc49,ed4b,False,29796,oscillated,-1,False,colour6,16
r6b_colour6_x16,coloring,_colour6_x16,3,-1.0,8,cd5a,ed4b,False,29796,oscillated,-1,False,colour6,16
r6b_colour6_x16,coloring,_colour6_x16,3,-1.0,7,cd6b,ed4b,False,29796,oscillated,-1,False,colour6,16
r6b_colour6_x16,coloring,_colour6_x16,0,-1.0,8,cdc8,ed4b,False,29796,oscillated,-1,False,colour6,16
r6b_colour6_x16,coloring,_colour6_x16,1,-1.0,4,d3b5,12b4,False,29796,oscillated,-1,False,colour6,16
r6b_colour6_x16,coloring,_colour6_x16,2,-1.0,5,d3b6,12b4,False,29796,oscillated,-1,False,colour6,16
r6b_colour6_x16,coloring,_colour6_x16,2,-1.0,5,d697,b6b6,False,29796,oscillated,-1,False,colour6,16
r6b_colour6_x16,coloring,_colour6_x16,2,-1.0,5,d6b0,b6a6,False,29796,oscillated,-1,False,colour6,16
r6b_colour6_x16,coloring,_colour6_x16,2,-1.0,4,d6b2,b6a6,False,29796,oscillated,-1,False,colour6,16
r6b_colour6_x16,coloring,_colour6_x16,2,-1.0,3,d6b6,b6b6,False,29796,oscillated,-1,False,colour6,16
r6b_colour6_x16,coloring,_colour6_x16,2,-1.0,5,d7b4,b6b6,False,29796,oscillated,-1,False,colour6,16
r6b_colour6_x16,coloring,_colour6_x16,2,-1.0,7,e1fc,e4fa,False,29796,oscillated,-1,False,colour6,16
r6b_colour6_x16,coloring,_colour6_x16,2,-1.0,6,e1fe,e4fa,False,29796,oscillated,-1,False,colour6,16
r6b_colour6_x16,coloring,_colour6_x16,2,-1.0,6,e47c,e4fa,False,29796,oscillated,-1,False,colour6,16
r6b_colour6_x16,coloring,_colour6_x16,2,-1.0,4,e4fe,e4fa,False,29796,oscillated,-1,False,colour6,16
r6b_colour6_x16,coloring,_colour6_x16,3,-1.0,8,e85b,ed4b,False,29796,oscillated,-1,False,colour6,16
r6b_colour6_x16,coloring,_colour6_x16,3,-1.0,6,e94b,ed4b,False,29796,oscillated,-1,False,colour6,16
r6b_colour6_x16,coloring,_colour6_x16,0,-1.0,9,ea69,ed4b,False,29796,oscillated,-1,False,colour6,16
r6b_colour6_x16,coloring,_colour6_x16,0,-1.0,7,ec5a,ed4b,False,29796,oscillated,-1,False,colour6,16
r6b_colour6_x16,coloring,_colour6_x16,0,-1.0,7,ecc9,ed4b,False,29796,oscillated,-1,False,colour6,16
r6b_colour6_x16,coloring,_colour6_x16,3,-1.0,6,edcb,ed4b,False,29796,oscillated,-1,False,colour6,16
r6b_colour6_x16,coloring,_colour6_x16,2,-1.0,4,f296,b6b6,False,29796,oscillated,-1,False,colour6,16
r6b_colour6_x16,coloring,_colour6_x16,2,-1.0,5,f297,b6b6,False,29796,oscillated,-1,False,colour6,16
r6b_colour6_x16,coloring,_colour6_x16,2,-1.0,3,f2b6,b6b6,False,29796,oscillated,-1,False,colour6,16
r6b_colour6_x16,coloring,_colour6_x16,2,-1.0,3,f696,b6b6,False,29796,oscillated,-1,False,colour6,16
r6b_colour6_x16,coloring,_colour6_x16,2,-1.0,3,f6b2,b6a6,False,29796,oscillated,-1,False,colour6,16
r6b_colour6_x16,coloring,_colour6_x16,2,-1.0,3,f6b4,b6b6,False,29796,oscillated,-1,False,colour6,16
r6b_colour6_x16,coloring,_colour6_x16,2,-1.0,2,f6b6,b6b6,False,29796,oscillated,-1,False,colour6,16
r6b_colour6_x16,coloring,_colour6_x16,2,-1.0,3,f6b7,b6b6,False,29796,oscillated,-1,False,colour6,16
r6b_colour6_x16,coloring,_colour6_x16,2,-1.0,3,f7b6,b6b6,False,29796,oscillated,-1,False,colour6,16
r6b_dist2_x1,coloring,_dist2_x1,1,-1.0,8,840,5149,False,3492,oscillated,-1,False,dist2,1
r6b_dist2_x1,coloring,_dist2_x1,3,-1.0,7,966,1149,False,3492,oscillated,-1,False,dist2,1
r6b_dist2_x1,coloring,_dist2_x1,3,-1.0,6,c0b,5149,False,3492,oscillated,-1,False,dist2,1
r6b_dist2_x1,coloring,_dist2_x1,3,-1.0,7,c0c,1149,False,3492,oscillated,-1,False,dist2,1
r6b_dist2_x1,coloring,_dist2_x1,3,-1.0,7,d2a,5149,False,3492,oscillated,-1,False,dist2,1
r6b_dist2_x1,coloring,_dist2_x1,3,-1.0,6,d4d,1149,False,3492,oscillated,-1,False,dist2,1
r6b_dist2_x1,coloring,_dist2_x1,3,-1.0,7,d6e,5149,False,3492,oscillated,-1,False,dist2,1
r6b_dist2_x1,coloring,_dist2_x1,1,-1.0,3,1095,ab4,False,3492,oscillated,-1,False,dist2,1
r6b_dist2_x1,coloring,_dist2_x1,1,-1.0,5,10b7,ab4,False,3492,oscillated,-1,False,dist2,1
r6b_dist2_x1,coloring,_dist2_x1,1,-1.0,5,10bd,ab4,False,3492,oscillated,-1,False,dist2,1
r6b_dist2_x1,coloring,_dist2_x1,1,-1.0,6,10bf,ab4,False,3492,oscillated,-1,False,dist2,1
r6b_dist2_x1,coloring,_dist2_x1,1,-1.0,3,1194,ab4,False,3492,oscillated,-1,False,dist2,1
r6b_dist2_x1,coloring,_dist2_x1,1,-1.0,3,11b5,ab4,False,3492,oscillated,-1,False,dist2,1
r6b_dist2_x1,coloring,_dist2_x1,1,-1.0,3,1215,ab4,False,3492,oscillated,-1,False,dist2,1
r6b_dist2_x1,coloring,_dist2_x1,1,-1.0,5,1280,ab4,False,3492,oscillated,-1,False,dist2,1
r6b_dist2_x1,coloring,_dist2_x1,1,-1.0,3,1285,ab4,False,3492,oscillated,-1,False,dist2,1
r6b_dist2_x1,coloring,_dist2_x1,1,-1.0,4,1287,ab4,False,3492,oscillated,-1,False,dist2,1
r6b_dist2_x1,coloring,_dist2_x1,1,-1.0,3,1294,ab4,False,3492,oscillated,-1,False,dist2,1
r6b_dist2_x1,coloring,_dist2_x1,1,-1.0,2,1295,ab4,False,3492,oscillated,-1,False,dist2,1
r6b_dist2_x1,coloring,_dist2_x1,1,-1.0,3,1297,ab4,False,3492,oscillated,-1,False,dist2,1
r6b_dist2_x1,coloring,_dist2_x1,1,-1.0,5,12a1,ab4,False,3492,oscillated,-1,False,dist2,1
r6b_dist2_x1,coloring,_dist2_x1,1,-1.0,3,12b5,ab4,False,3492,oscillated,-1,False,dist2,1
r6b_dist2_x1,coloring,_dist2_x1,1,-1.0,3,1384,ab4,False,3492,oscillated,-1,False,dist2,1
r6b_dist2_x1,coloring,_dist2_x1,1,-1.0,2,1394,ab4,False,3492,oscillated,-1,False,dist2,1
r6b_dist2_x1,coloring,_dist2_x1,1,-1.0,3,1396,ab4,False,3492,oscillated,-1,False,dist2,1
r6b_dist2_x1,coloring,_dist2_x1,1,-1.0,6,13a2,ab4,False,3492,oscillated,-1,False,dist2,1
r6b_dist2_x1,coloring,_dist2_x1,1,-1.0,3,13a5,ab4,False,3492,oscillated,-1,False,dist2,1
r6b_dist2_x1,coloring,_dist2_x1,1,-1.0,3,13b4,ab4,False,3492,oscillated,-1,False,dist2,1
r6b_dist2_x1,coloring,_dist2_x1,1,-1.0,2,13b5,ab4,False,3492,oscillated,-1,False,dist2,1
r6b_dist2_x1,coloring,_dist2_x1,1,-1.0,3,13b7,ab4,False,3492,oscillated,-1,False,dist2,1
r6b_dist2_x1,coloring,_dist2_x1,2,-1.0,6,1492,ab4,False,3492,oscillated,-1,False,dist2,1
r6b_dist2_x1,coloring,_dist2_x1,1,-1.0,5,1497,ab4,False,3492,oscillated,-1,False,dist2,1
r6b_dist2_x1,coloring,_dist2_x1,1,-1.0,6,14d7,ab4,False,3492,oscillated,-1,False,dist2,1
r6b_dist2_x1,coloring,_dist2_x1,2,-1.0,5,15b6,ab4,False,3492,oscillated,-1,False,dist2,1
r6b_dist2_x1,coloring,_dist2_x1,1,-1.0,5,1605,ab4,False,3492,oscillated,-1,False,dist2,1
r6b_dist2_x1,coloring,_dist2_x1,2,-1.0,5,1686,ab4,False,3492,oscillated,-1,False,dist2,1
r6b_dist2_x1,coloring,_dist2_x1,1,-1.0,5,1687,ab4,False,3492,oscillated,-1,False,dist2,1
r6b_dist2_x1,coloring,_dist2_x1,1,-1.0,3,1695,ab4,False,3492,oscillated,-1,False,dist2,1
r6b_dist2_x1,coloring,_dist2_x1,2,-1.0,4,1696,ab4,False,3492,oscillated,-1,False,dist2,1
r6b_dist2_x1,coloring,_dist2_x1,1,-1.0,6,16a1,ab4,False,3492,oscillated,-1,False,dist2,1
r6b_dist2_x1,coloring,_dist2_x1,2,-1.0,6,16ac,ab4,False,3492,oscillated,-1,False,dist2,1
r6b_dist2_x1,coloring,_dist2_x1,2,-1.0,3,16b6,ab4,False,3492,oscillated,-1,False,dist2,1
r6b_dist2_x1,coloring,_dist2_x1,2,-1.0,4,16b7,ab4,False,3492,oscillated,-1,False,dist2,1
r6b_dist2_x1,coloring,_dist2_x1,1,-1.0,3,1794,ab4,False,3492,oscillated,-1,False,dist2,1
r6b_dist2_x1,coloring,_dist2_x1,1,-1.0,3,17b5,ab4,False,3492,oscillated,-1,False,dist2,1
r6b_dist2_x1,coloring,_dist2_x1,1,-1.0,4,1a01,1b85,False,3492,oscillated,-1,False,dist2,1
r6b_dist2_x1,coloring,_dist2_x1,1,-1.0,3,1b01,1b85,False,3492,oscillated,-1,False,dist2,1
r6b_dist2_x1,coloring,_dist2_x1,1,-1.0,2,1b05,1b85,False,3492,oscillated,-1,False,dist2,1
r6b_dist2_x1,coloring,_dist2_x1,1,-1.0,3,1b07,1b85,False,3492,oscillated,-1,False,dist2,1
r6b_dist2_x1,coloring,_dist2_x1,1,-1.0,3,1b0d,1b85,False,3492,oscillated,-1,False,dist2,1
r6b_dist2_x1,coloring,_dist2_x1,1,-1.0,3,1f05,1b85,False,3492,oscillated,-1,False,dist2,1
r6b_dist2_x1,coloring,_dist2_x1,3,-1.0,3,1f07,1b85,False,3492,oscillated,-1,False,dist2,1
r6b_dist2_x1,coloring,_dist2_x1,1,-1.0,3,1f87,1b85,False,3492,oscillated,-1,False,dist2,1
r6b_dist2_x1,coloring,_dist2_x1,3,-1.0,5,2902,1149,False,3492,oscillated,-1,False,dist2,1
r6b_dist2_x1,coloring,_dist2_x1,3,-1.0,7,292a,5149,False,3492,oscillated,-1,False,dist2,1
r6b_dist2_x1,coloring,_dist2_x1,3,-1.0,7,2c29,f54b,False,3492,oscillated,-1,False,dist2,1
r6b_dist2_x1,coloring,_dist2_x1,3,-1.0,7,2c61,f54b,False,3492,oscillated,-1,False,dist2,1
r6b_dist2_x1,coloring,_dist2_x1,3,-1.0,5,2c67,f54b,False,3492,oscillated,-1,False,dist2,1
r6b_dist2_x1,coloring,_dist2_x1,3,-1.0,3,2d03,b54b,False,3492,oscillated,-1,False,dist2,1
r6b_dist2_x1,coloring,_dist2_x1,3,-1.0,5,2d09,b54b,False,3492,oscillated,-1,False,dist2,1
r6b_dist2_x1,coloring,_dist2_x1,3,-1.0,4,2d43,b54b,False,3492,oscillated,-1,False,dist2,1
r6b_dist2_x1,coloring,_dist2_x1,3,-1.0,6,2d4a,f54b,False,3492,oscillated,-1,False,dist2,1
r6b_dist2_x1,coloring,_dist2_x1,3,-1.0,7,2d6a,f54b,False,3492,oscillated,-1,False,dist2,1
r6b_dist2_x1,coloring,_dist2_x1,0,-1.0,5,30ae,4ab4,False,3492,oscillated,-1,False,dist2,1
r6b_dist2_x1,coloring,_dist2_x1,2,-1.0,4,30b6,ab4,False,3492,oscillated,-1,False,dist2,1
r6b_dist2_x1,coloring,_dist2_x1,2,-1.0,6,30f4,ab4,False,3492,oscillated,-1,False,dist2,1
r6b_dist2_x1,coloring,_dist2_x1,1,-1.0,6,30f5,ab4,False,3492,oscillated,-1,False,dist2,1
r6b_dist2_x1,coloring,_dist2_x1,1,-1.0,6,31f7,ab4,False,3492,oscillated,-1,False,dist2,1
r6b_dist2_x1,coloring,_dist2_x1,2,-1.0,5,3286,ab4,False,3492,oscillated,-1,False,dist2,1
r6b_dist2_x1,coloring,_dist2_x1,1,-1.0,5,328d,ab4,False,3492,oscillated,-1,False,dist2,1
r6b_dist2_x1,coloring,_dist2_x1,1,-1.0,4,3294,ab4,False,3492,oscillated,-1,False,dist2,1
r6b_dist2_x1,coloring,_dist2_x1,1,-1.0,3,3295,ab4,False,3492,oscillated,-1,False,dist2,1
r6b_dist2_x1,coloring,_dist2_x1,2,-1.0,4,32a6,ab4,False,3492,oscillated,-1,False,dist2,1
r6b_dist2_x1,coloring,_dist2_x1,2,-1.0,5,32a7,ab4,False,3492,oscillated,-1,False,dist2,1
r6b_dist2_x1,coloring,_dist2_x1,2,-1.0,3,32b6,ab4,False,3492,oscillated,-1,False,dist2,1
r6b_dist2_x1,coloring,_dist2_x1,2,-1.0,4,32b7,ab4,False,3492,oscillated,-1,False,dist2,1
r6b_dist2_x1,coloring,_dist2_x1,2,-1.0,6,3326,ab4,False,3492,oscillated,-1,False,dist2,1
r6b_dist2_x1,coloring,_dist2_x1,1,-1.0,5,3334,ab4,False,3492,oscillated,-1,False,dist2,1
r6b_dist2_x1,coloring,_dist2_x1,2,-1.0,5,3336,ab4,False,3492,oscillated,-1,False,dist2,1
r6b_dist2_x1,coloring,_dist2_x1,1,-1.0,5,3386,ab4,False,3492,oscillated,-1,False,dist2,1
r6b_dist2_x1,coloring,_dist2_x1,1,-1.0,6,338e,ab4,False,3492,oscillated,-1,False,dist2,1
r6b_dist2_x1,coloring,_dist2_x1,1,-1.0,3,3394,ab4,False,3492,oscillated,-1,False,dist2,1
r6b_dist2_x1,coloring,_dist2_x1,1,-1.0,5,33a1,ab4,False,3492,oscillated,-1,False,dist2,1
r6b_dist2_x1,coloring,_dist2_x1,1,-1.0,3,33b5,ab4,False,3492,oscillated,-1,False,dist2,1
r6b_dist2_x1,coloring,_dist2_x1,2,-1.0,4,33b6,ab4,False,3492,oscillated,-1,False,dist2,1
r6b_dist2_x1,coloring,_dist2_x1,2,-1.0,4,3496,aeb6,False,3492,oscillated,-1,False,dist2,1
r6b_dist2_x1,coloring,_dist2_x1,2,-1.0,4,34b4,aeb6,False,3492,oscillated,-1,False,dist2,1
r6b_dist2_x1,coloring,_dist2_x1,2,-1.0,5,34b5,aeb6,False,3492,oscillated,-1,False,dist2,1
r6b_dist2_x1,coloring,_dist2_x1,2,-1.0,3,34b6,aeb6,False,3492,oscillated,-1,False,dist2,1
r6b_dist2_x1,coloring,_dist2_x1,1,-1.0,6,34d5,aeb6,False,3492,oscillated,-1,False,dist2,1
r6b_dist2_x1,coloring,_dist2_x1,2,-1.0,6,34f5,aeb6,False,3492,oscillated,-1,False,dist2,1
r6b_dist2_x1,coloring,_dist2_x1,2,-1.0,6,35f7,aeb6,False,3492,oscillated,-1,False,dist2,1
r6b_dist2_x1,coloring,_dist2_x1,2,-1.0,3,3636,aeb6,False,3492,oscillated,-1,False,dist2,1
r6b_dist2_x1,coloring,_dist2_x1,2,-1.0,5,3684,aeb6,False,3492,oscillated,-1,False,dist2,1
r6b_dist2_x1,coloring,_dist2_x1,2,-1.0,5,3687,aeb6,False,3492,oscillated,-1,False,dist2,1
r6b_dist2_x1,coloring,_dist2_x1,1,-1.0,6,368d,aeb6,False,3492,oscillated,-1,False,dist2,1
r6b_dist2_x1,coloring,_dist2_x1,2,-1.0,3,3696,aeb6,False,3492,oscillated,-1,False,dist2,1
r6b_dist2_x1,coloring,_dist2_x1,2,-1.0,5,36a3,aeb6,False,3492,oscillated,-1,False,dist2,1
r6b_dist2_x1,coloring,_dist2_x1,2,-1.0,5,36a5,aeb6,False,3492,oscillated,-1,False,dist2,1
r6b_dist2_x1,coloring,_dist2_x1,2,-1.0,3,36a6,aeb6,False,3492,oscillated,-1,False,dist2,1
r6b_dist2_x1,coloring,_dist2_x1,2,-1.0,3,36b4,aeb6,False,3492,oscillated,-1,False,dist2,1
r6b_dist2_x1,coloring,_dist2_x1,2,-1.0,2,36b6,aeb6,False,3492,oscillated,-1,False,dist2,1
r6b_dist2_x1,coloring,_dist2_x1,2,-1.0,3,36b7,aeb6,False,3492,oscillated,-1,False,dist2,1
r6b_dist2_x1,coloring,_dist2_x1,2,-1.0,6,37ac,aeb6,False,3492,oscillated,-1,False,dist2,1
r6b_dist2_x1,coloring,_dist2_x1,2,-1.0,6,37af,aeb6,False,3492,oscillated,-1,False,dist2,1
r6b_dist2_x1,coloring,_dist2_x1,2,-1.0,3,37b6,aeb6,False,3492,oscillated,-1,False,dist2,1
r6b_dist2_x1,coloring,_dist2_x1,1,-1.0,3,3b05,1b85,False,3492,oscillated,-1,False,dist2,1
r6b_dist2_x1,coloring,_dist2_x1,3,-1.0,3,3b07,1b85,False,3492,oscillated,-1,False,dist2,1
r6b_dist2_x1,coloring,_dist2_x1,1,-1.0,3,3b87,1b85,False,3492,oscillated,-1,False,dist2,1
r6b_dist2_x1,coloring,_dist2_x1,1,-1.0,4,3b8f,1b85,False,3492,oscillated,-1,False,dist2,1
r6b_dist2_x1,coloring,_dist2_x1,3,-1.0,3,3f03,bf87,False,3492,oscillated,-1,False,dist2,1
r6b_dist2_x1,coloring,_dist2_x1,3,-1.0,3,3f05,bf87,False,3492,oscillated,-1,False,dist2,1
r6b_dist2_x1,coloring,_dist2_x1,3,-1.0,2,3f07,bf87,False,3492,oscillated,-1,False,dist2,1
r6b_dist2_x1,coloring,_dist2_x1,3,-1.0,4,3f0e,bf87,False,3492,oscillated,-1,False,dist2,1
r6b_dist2_x1,coloring,_dist2_x1,3,-1.0,3,3f0f,bf87,False,3492,oscillated,-1,False,dist2,1
r6b_dist2_x1,coloring,_dist2_x1,1,-1.0,3,3f85,bf87,False,3492,oscillated,-1,False,dist2,1
r6b_dist2_x1,coloring,_dist2_x1,2,-1.0,8,40fc,4078,False,3492,oscillated,-1,False,dist2,1
r6b_dist2_x1,coloring,_dist2_x1,0,-1.0,9,484a,5149,False,3492,oscillated,-1,False,dist2,1
r6b_dist2_x1,coloring,_dist2_x1,1,-1.0,8,48c9,5149,False,3492,oscillated,-1,False,dist2,1
r6b_dist2_x1,coloring,_dist2_x1,1,-1.0,8,4958,5149,False,3492,oscillated,-1,False,dist2,1
r6b_dist2_x1,coloring,_dist2_x1,1,-1.0,7,4a41,5149,False,3492,oscillated,-1,False,dist2,1
r6b_dist2_x1,coloring,_dist2_x1,1,-1.0,9,4a4b,5149,False,3492,oscillated,-1,False,dist2,1
r6b_dist2_x1,coloring,_dist2_x1,0,-1.0,9,4b2a,5149,False,3492,oscillated,-1,False,dist2,1
r6b_dist2_x1,coloring,_dist2_x1,1,-1.0,8,4b4b,5149,False,3492,oscillated,-1,False,dist2,1
r6b_dist2_x1,coloring,_dist2_x1,0,-1.0,9,4d7c,5149,False,3492,oscillated,-1,False,dist2,1
r6b_dist2_x1,coloring,_dist2_x1,0,-1.0,9,4e08,5149,False,3492,oscillated,-1,False,dist2,1
r6b_dist2_x1,coloring,_dist2_x1,0,-1.0,9,4e61,5149,False,3492,oscillated,-1,False,dist2,1
r6b_dist2_x1,coloring,_dist2_x1,1,-1.0,7,4f09,5149,False,3492,oscillated,-1,False,dist2,1
r6b_dist2_x1,coloring,_dist2_x1,3,-1.0,7,4f4f,5149,False,3492,oscillated,-1,False,dist2,1
r6b_dist2_x1,coloring,_dist2_x1,1,-1.0,3,5295,ab4,False,3492,oscillated,-1,False,dist2,1
r6b_dist2_x1,coloring,_dist2_x1,1,-1.0,5,52b7,ab4,False,3492,oscillated,-1,False,dist2,1
r6b_dist2_x1,coloring,_dist2_x1,1,-1.0,6,52bf,4ab4,False,3492,oscillated,-1,False,dist2,1
r6b_dist2_x1,coloring,_dist2_x1,2,-1.0,6,52f6,4ab4,False,3492,oscillated,-1,False,dist2,1
r6b_dist2_x1,coloring,_dist2_x1,1,-1.0,3,5394,ab4,False,3492,oscillated,-1,False,dist2,1
r6b_dist2_x1,coloring,_dist2_x1,1,-1.0,6,53b2,ab4,False,3492,oscillated,-1,False,dist2,1
r6b_dist2_x1,coloring,_dist2_x1,1,-1.0,3,53b5,ab4,False,3492,oscillated,-1,False,dist2,1
r6b_dist2_x1,coloring,_dist2_x1,1,-1.0,6,569f,ab4,False,3492,oscillated,-1,False,dist2,1
r6b_dist2_x1,coloring,_dist2_x1,1,-1.0,7,56d3,4ab4,False,3492,oscillated,-1,False,dist2,1
r6b_dist2_x1,coloring,_dist2_x1,2,-1.0,5,56f6,4ab4,False,3492,oscillated,-1,False,dist2,1
r6b_dist2_x1,coloring,_dist2_x1,2,-1.0,7,64d0,e47a,False,3492,oscillated,-1,False,dist2,1
r6b_dist2_x1,coloring,_dist2_x1,2,-1.0,7,64f8,e47a,False,3492,oscillated,-1,False,dist2,1
r6b_dist2_x1,coloring,_dist2_x1,2,-1.0,7,65fc,e47a,False,3492,oscillated,-1,False,dist2,1
r6b_dist2_x1,coloring,_dist2_x1,3,-1.0,8,685f,5149,False,3492,oscillated,-1,False,dist2,1
r6b_dist2_x1,coloring,_dist2_x1,3,-1.0,7,694b,5149,False,3492,oscillated,-1,False,dist2,1
r6b_dist2_x1,coloring,_dist2_x1,0,-1.0,9,697c,5149,False,3492,oscillated,-1,False,dist2,1
r6b_dist2_x1,coloring,_dist2_x1,0,-1.0,7,69ea,5149,False,3492,oscillated,-1,False,dist2,1
r6b_dist2_x1,coloring,_dist2_x1,0,-1.0,8,69fa,5149,False,3492,oscillated,-1,False,dist2,1
r6b_dist2_x1,coloring,_dist2_x1,3,-1.0,9,6b4a,5149,False,3492,oscillated,-1,False,dist2,1
r6b_dist2_x1,coloring,_dist2_x1,0,-1.0,9,6b6c,5149,False,3492,oscillated,-1,False,dist2,1
r6b_dist2_x1,coloring,_dist2_x1,0,-1.0,8,6c5c,f54b,False,3492,oscillated,-1,False,dist2,1
r6b_dist2_x1,coloring,_dist2_x1,0,-1.0,8,6d7c,f54b,False,3492,oscillated,-1,False,dist2,1
r6b_dist2_x1,coloring,_dist2_x1,0,-1.0,9,6dd8,b54b,False,3492,oscillated,-1,False,dist2,1
r6b_dist2_x1,coloring,_dist2_x1,0,-1.0,7,6e42,f54b,False,3492,oscillated,-1,False,dist2,1
r6b_dist2_x1,coloring,_dist2_x1,3,-1.0,8,6e4d,f54b,False,3492,oscillated,-1,False,dist2,1
r6b_dist2_x1,coloring,_dist2_x1,0,-1.0,8,6f28,f54b,False,3492,oscillated,-1,False,dist2,1
r6b_dist2_x1,coloring,_dist2_x1,3,-1.0,8,6f4a,f54b,False,3492,oscillated,-1,False,dist2,1
r6b_dist2_x1,coloring,_dist2_x1,3,-1.0,6,6f4f,f54b,False,3492,oscillated,-1,False,dist2,1
r6b_dist2_x1,coloring,_dist2_x1,2,-1.0,6,7292,ab4,False,3492,oscillated,-1,False,dist2,1
r6b_dist2_x1,coloring,_dist2_x1,2,-1.0,6,72bf,4ab4,False,3492,oscillated,-1,False,dist2,1
r6b_dist2_x1,coloring,_dist2_x1,2,-1.0,6,72f4,4ab4,False,3492,oscillated,-1,False,dist2,1
r6b_dist2_x1,coloring,_dist2_x1,1,-1.0,5,7390,ab4,False,3492,oscillated,-1,False,dist2,1
r6b_dist2_x1,coloring,_dist2_x1,1,-1.0,6,7398,ab4,False,3492,oscillated,-1,False,dist2,1
r6b_dist2_x1,coloring,_dist2_x1,1,-1.0,6,73b0,ab4,False,3492,oscillated,-1,False,dist2,1
r6b_dist2_x1,coloring,_dist2_x1,2,-1.0,5,73b6,ab4,False,3492,oscillated,-1,False,dist2,1
r6b_dist2_x1,coloring,_dist2_x1,1,-1.0,5,73b7,ab4,False,3492,oscillated,-1,False,dist2,1
r6b_dist2_x1,coloring,_dist2_x1,0,-1.0,7,73c6,aa4,False,3492,oscillated,-1,False,dist2,1
r6b_dist2_x1,coloring,_dist2_x1,1,-1.0,7,73d2,ab4,False,3492,oscillated,-1,False,dist2,1
r6b_dist2_x1,coloring,_dist2_x1,2,-1.0,7,769b,eeb6,False,3492,oscillated,-1,False,dist2,1
r6b_dist2_x1,coloring,_dist2_x1,2,-1.0,3,76b6,aeb6,False,3492,oscillated,-1,False,dist2,1
r6b_dist2_x1,coloring,_dist2_x1,2,-1.0,6,76d4,aeb6,False,3492,oscillated,-1,False,dist2,1
r6b_dist2_x1,coloring,_dist2_x1,2,-1.0,6,76fc,eeb6,False,3492,oscillated,-1,False,dist2,1
r6b_dist2_x1,coloring,_dist2_x1,2,-1.0,5,76fe,eeb6,False,3492,oscillated,-1,False,dist2,1
r6b_dist2_x1,coloring,_dist2_x1,2,-1.0,7,779a,aeb6,False,3492,oscillated,-1,False,dist2,1
r6b_dist2_x1,coloring,_dist2_x1,2,-1.0,4,77b6,aeb6,False,3492,oscillated,-1,False,dist2,1
r6b_dist2_x1,coloring,_dist2_x1,2,-1.0,7,77b8,eeb6,False,3492,oscillated,-1,False,dist2,1
r6b_dist2_x1,coloring,_dist2_x1,2,-1.0,6,77f2,eeb6,False,3492,oscillated,-1,False,dist2,1
r6b_dist2_x1,coloring,_dist2_x1,2,-1.0,6,77f4,aeb6,False,3492,oscillated,-1,False,dist2,1
r6b_dist2_x1,coloring,_dist2_x1,3,-1.0,6,880e,1149,False,3492,oscillated,-1,False,dist2,1
r6b_dist2_x1,coloring,_dist2_x1,3,-1.0,7,8842,5149,False,3492,oscillated,-1,False,dist2,1
r6b_dist2_x1,coloring,_dist2_x1,3,-1.0,7,884d,5149,False,3492,oscillated,-1,False,dist2,1
r6b_dist2_x1,coloring,_dist2_x1,3,-1.0,6,892b,5149,False,3492,oscillated,-1,False,dist2,1
r6b_dist2_x1,coloring,_dist2_x1,3,-1.0,7,892c,1149,False,3492,oscillated,-1,False,dist2,1
r6b_dist2_x1,coloring,_dist2_x1,3,-1.0,7,896d,5149,False,3492,oscillated,-1,False,dist2,1
r6b_dist2_x1,coloring,_dist2_x1,3,-1.0,6,8c09,f54b,False,3492,oscillated,-1,False,dist2,1
r6b_dist2_x1,coloring,_dist2_x1,3,-1.0,6,8c41,f54b,False,3492,oscillated,-1,False,dist2,1
r6b_dist2_x1,coloring,_dist2_x1,3,-1.0,3,8d03,b54b,False,3492,oscillated,-1,False,dist2,1
r6b_dist2_x1,coloring,_dist2_x1,3,-1.0,4,8d43,b54b,False,3492,oscillated,-1,False,dist2,1
r6b_dist2_x1,coloring,_dist2_x1,3,-1.0,5,8d4b,f54b,False,3492,oscillated,-1,False,dist2,1
r6b_dist2_x1,coloring,_dist2_x1,0,-1.0,5,90e6,ab4,False,3492,oscillated,-1,False,dist2,1
r6b_dist2_x1,coloring,_dist2_x1,1,-1.0,6,90f5,ab4,False,3492,oscillated,-1,False,dist2,1
r6b_dist2_x1,coloring,_dist2_x1,1,-1.0,6,91b0,ab4,False,3492,oscillated,-1,False,dist2,1
r6b_dist2_x1,coloring,_dist2_x1,2,-1.0,5,9216,ab4,False,3492,oscillated,-1,False,dist2,1
r6b_dist2_x1,coloring,_dist2_x1,2,-1.0,5,9286,ab4,False,3492,oscillated,-1,False,dist2,1
r6b_dist2_x1,coloring,_dist2_x1,1,-1.0,5,9287,ab4,False,3492,oscillated,-1,False,dist2,1
r6b_dist2_x1,coloring,_dist2_x1,1,-1.0,3,9295,ab4,False,3492,oscillated,-1,False,dist2,1
r6b_dist2_x1,coloring,_dist2_x1,2,-1.0,6,92ac,ab4,False,3492,oscillated,-1,False,dist2,1
r6b_dist2_x1,coloring,_dist2_x1,2,-1.0,3,92b6,ab4,False,3492,oscillated,-1,False,dist2,1
r6b_dist2_x1,coloring,_dist2_x1,2,-1.0,6,9326,ab4,False,3492,oscillated,-1,False,dist2,1
r6b_dist2_x1,coloring,_dist2_x1,1,-1.0,3,9394,ab4,False,3492,oscillated,-1,False,dist2,1
r6b_dist2_x1,coloring,_dist2_x1,1,-1.0,6,93a0,ab4,False,3492,oscillated,-1,False,dist2,1
r6b_dist2_x1,coloring,_dist2_x1,1,-1.0,6,93af,ab4,False,3492,oscillated,-1,False,dist2,1
r6b_dist2_x1,coloring,_dist2_x1,1,-1.0,3,93b5,ab4,False,3492,oscillated,-1,False,dist2,1
r6b_dist2_x1,coloring,_dist2_x1,2,-1.0,4,93b6,ab4,False,3492,oscillated,-1,False,dist2,1
r6b_dist2_x1,coloring,_dist2_x1,2,-1.0,3,94b6,aeb6,False,3492,oscillated,-1,False,dist2,1
r6b_dist2_x1,coloring,_dist2_x1,2,-1.0,4,94be,aeb6,False,3492,oscillated,-1,False,dist2,1
r6b_dist2_x1,coloring,_dist2_x1,2,-1.0,5,9596,aeb6,False,3492,oscillated,-1,False,dist2,1
r6b_dist2_x1,coloring,_dist2_x1,2,-1.0,6,959e,aeb6,False,3492,oscillated,-1,False,dist2,1
r6b_dist2_x1,coloring,_dist2_x1,2,-1.0,5,95b7,aeb6,False,3492,oscillated,-1,False,dist2,1
r6b_dist2_x1,coloring,_dist2_x1,1,-1.0,6,95bd,aeb6,False,3492,oscillated,-1,False,dist2,1
r6b_dist2_x1,coloring,_dist2_x1,2,-1.0,6,9604,aeb6,False,3492,oscillated,-1,False,dist2,1
r6b_dist2_x1,coloring,_dist2_x1,2,-1.0,3,9636,aeb6,False,3492,oscillated,-1,False,dist2,1
r6b_dist2_x1,coloring,_dist2_x1,2,-1.0,3,9696,aeb6,False,3492,oscillated,-1,False,dist2,1
r6b_dist2_x1,coloring,_dist2_x1,2,-1.0,4,96a2,aeb6,False,3492,oscillated,-1,False,dist2,1
r6b_dist2_x1,coloring,_dist2_x1,2,-1.0,3,96a6,aeb6,False,3492,oscillated,-1,False,dist2,1
r6b_dist2_x1,coloring,_dist2_x1,2,-1.0,3,96b4,aeb6,False,3492,oscillated,-1,False,dist2,1
r6b_dist2_x1,coloring,_dist2_x1,2,-1.0,2,96b6,aeb6,False,3492,oscillated,-1,False,dist2,1
r6b_dist2_x1,coloring,_dist2_x1,2,-1.0,3,96b7,aeb6,False,3492,oscillated,-1,False,dist2,1
r6b_dist2_x1,coloring,_dist2_x1,2,-1.0,6,97a3,aeb6,False,3492,oscillated,-1,False,dist2,1
r6b_dist2_x1,coloring,_dist2_x1,2,-1.0,3,97b6,aeb6,False,3492,oscillated,-1,False,dist2,1
r6b_dist2_x1,coloring,_dist2_x1,1,-1.0,3,9b05,1b85,False,3492,oscillated,-1,False,dist2,1
r6b_dist2_x1,coloring,_dist2_x1,3,-1.0,3,9b07,1b85,False,3492,oscillated,-1,False,dist2,1
r6b_dist2_x1,coloring,_dist2_x1,1,-1.0,3,9b87,1b85,False,3492,oscillated,-1,False,dist2,1
r6b_dist2_x1,coloring,_dist2_x1,3,-1.0,3,9f03,bf87,False,3492,oscillated,-1,False,dist2,1
r6b_dist2_x1,coloring,_dist2_x1,3,-1.0,3,9f05,bf87,False,3492,oscillated,-1,False,dist2,1
r6b_dist2_x1,coloring,_dist2_x1,3,-1.0,2,9f07,bf87,False,3492,oscillated,-1,False,dist2,1
r6b_dist2_x1,coloring,_dist2_x1,3,-1.0,3,9f0f,bf87,False,3492,oscillated,-1,False,dist2,1
r6b_dist2_x1,coloring,_dist2_x1,3,-1.0,4,9f25,bf87,False,3492,oscillated,-1,False,dist2,1
r6b_dist2_x1,coloring,_dist2_x1,1,-1.0,3,9f85,bf87,False,3492,oscillated,-1,False,dist2,1
r6b_dist2_x1,coloring,_dist2_x1,3,-1.0,4,a80f,b54b,False,3492,oscillated,-1,False,dist2,1
r6b_dist2_x1,coloring,_dist2_x1,3,-1.0,5,a843,f54b,False,3492,oscillated,-1,False,dist2,1
r6b_dist2_x1,coloring,_dist2_x1,3,-1.0,6,a84e,f54b,False,3492,oscillated,-1,False,dist2,1
r6b_dist2_x1,coloring,_dist2_x1,3,-1.0,5,a867,f54b,False,3492,oscillated,-1,False,dist2,1
r6b_dist2_x1,coloring,_dist2_x1,3,-1.0,4,a901,b54b,False,3492,oscillated,-1,False,dist2,1
r6b_dist2_x1,coloring,_dist2_x1,3,-1.0,3,a903,b54b,False,3492,oscillated,-1,False,dist2,1
r6b_dist2_x1,coloring,_dist2_x1,3,-1.0,3,ac0f,b54b,False,3492,oscillated,-1,False,dist2,1
r6b_dist2_x1,coloring,_dist2_x1,3,-1.0,5,ac2b,f54b,False,3492,oscillated,-1,False,dist2,1
r6b_dist2_x1,coloring,_dist2_x1,3,-1.0,5,ac42,f54b,False,3492,oscillated,-1,False,dist2,1
r6b_dist2_x1,coloring,_dist2_x1,3,-1.0,5,ac44,b54b,False,3492,oscillated,-1,False,dist2,1
r6b_dist2_x1,coloring,_dist2_x1,3,-1.0,4,ac45,b54b,False,3492,oscillated,-1,False,dist2,1
r6b_dist2_x1,coloring,_dist2_x1,3,-1.0,3,ac47,b54b,False,3492,oscillated,-1,False,dist2,1
r6b_dist2_x1,coloring,_dist2_x1,3,-1.0,7,ac48,f54b,False,3492,oscillated,-1,False,dist2,1
r6b_dist2_x1,coloring,_dist2_x1,3,-1.0,7,ac69,f54b,False,3492,oscillated,-1,False,dist2,1
r6b_dist2_x1,coloring,_dist2_x1,3,-1.0,6,ac6b,f54b,False,3492,oscillated,-1,False,dist2,1
r6b_dist2_x1,coloring,_dist2_x1,3,-1.0,3,ad01,b54b,False,3492,oscillated,-1,False,dist2,1
r6b_dist2_x1,coloring,_dist2_x1,3,-1.0,3,ad02,b54b,False,3492,oscillated,-1,False,dist2,1
r6b_dist2_x1,coloring,_dist2_x1,3,-1.0,2,ad03,b54b,False,3492,oscillated,-1,False,dist2,1
r6b_dist2_x1,coloring,_dist2_x1,3,-1.0,3,ad0b,b54b,False,3492,oscillated,-1,False,dist2,1
r6b_dist2_x1,coloring,_dist2_x1,3,-1.0,3,ad23,b54b,False,3492,oscillated,-1,False,dist2,1
r6b_dist2_x1,coloring,_dist2_x1,3,-1.0,3,ad43,b54b,False,3492,oscillated,-1,False,dist2,1
r6b_dist2_x1,coloring,_dist2_x1,3,-1.0,5,ad4a,f54b,False,3492,oscillated,-1,False,dist2,1
r6b_dist2_x1,coloring,_dist2_x1,3,-1.0,3,ad4f,b54b,False,3492,oscillated,-1,False,dist2,1
r6b_dist2_x1,coloring,_dist2_x1,3,-1.0,6,ad60,f54b,False,3492,oscillated,-1,False,dist2,1
r6b_dist2_x1,coloring,_dist2_x1,3,-1.0,5,ad61,f54b,False,3492,oscillated,-1,False,dist2,1
r6b_dist2_x1,coloring,_dist2_x1,2,-1.0,6,b093,aeb6,False,3492,oscillated,-1,False,dist2,1
r6b_dist2_x1,coloring,_dist2_x1,2,-1.0,3,b0b6,aeb6,False,3492,oscillated,-1,False,dist2,1
r6b_dist2_x1,coloring,_dist2_x1,0,-1.0,4,b0e6,aeb6,False,3492,oscillated,-1,False,dist2,1
r6b_dist2_x1,coloring,_dist2_x1,2,-1.0,4,b0f6,aeb6,False,3492,oscillated,-1,False,dist2,1
r6b_dist2_x1,coloring,_dist2_x1,1,-1.0,6,b190,aeb6,False,3492,oscillated,-1,False,dist2,1
r6b_dist2_x1,coloring,_dist2_x1,2,-1.0,6,b1b0,aeb6,False,3492,oscillated,-1,False,dist2,1
r6b_dist2_x1,coloring,_dist2_x1,2,-1.0,4,b1b6,aeb6,False,3492,oscillated,-1,False,dist2,1
r6b_dist2_x1,coloring,_dist2_x1,3,-1.0,5,b205,aeb6,False,3492,oscillated,-1,False,dist2,1
r6b_dist2_x1,coloring,_dist2_x1,2,-1.0,3,b236,aeb6,False,3492,oscillated,-1,False,dist2,1
r6b_dist2_x1,coloring,_dist2_x1,1,-1.0,5,b285,aeb6,False,3492,oscillated,-1,False,dist2,1
r6b_dist2_x1,coloring,_dist2_x1,2,-1.0,3,b296,aeb6,False,3492,oscillated,-1,False,dist2,1
r6b_dist2_x1,coloring,_dist2_x1,2,-1.0,4,b297,aeb6,False,3492,oscillated,-1,False,dist2,1
r6b_dist2_x1,coloring,_dist2_x1,2,-1.0,5,b2a0,aeb6,False,3492,oscillated,-1,False,dist2,1
r6b_dist2_x1,coloring,_dist2_x1,2,-1.0,4,b2a2,aeb6,False,3492,oscillated,-1,False,dist2,1
r6b_dist2_x1,coloring,_dist2_x1,2,-1.0,3,b2a6,aeb6,False,3492,oscillated,-1,False,dist2,1
r6b_dist2_x1,coloring,_dist2_x1,2,-1.0,3,b2b4,aeb6,False,3492,oscillated,-1,False,dist2,1
r6b_dist2_x1,coloring,_dist2_x1,2,-1.0,2,b2b6,aeb6,False,3492,oscillated,-1,False,dist2,1
r6b_dist2_x1,coloring,_dist2_x1,2,-1.0,3,b2b7,aeb6,False,3492,oscillated,-1,False,dist2,1
r6b_dist2_x1,coloring,_dist2_x1,1,-1.0,5,b3a5,aeb6,False,3492,oscillated,-1,False,dist2,1
r6b_dist2_x1,coloring,_dist2_x1,2,-1.0,3,b3b6,aeb6,False,3492,oscillated,-1,False,dist2,1
r6b_dist2_x1,coloring,_dist2_x1,2,-1.0,5,b490,aeb6,False,3492,oscillated,-1,False,dist2,1
r6b_dist2_x1,coloring,_dist2_x1,2,-1.0,4,b492,aeb6,False,3492,oscillated,-1,False,dist2,1
r6b_dist2_x1,coloring,_dist2_x1,2,-1.0,3,b496,aeb6,False,3492,oscillated,-1,False,dist2,1
r6b_dist2_x1,coloring,_dist2_x1,2,-1.0,5,b49c,aeb6,False,3492,oscillated,-1,False,dist2,1
r6b_dist2_x1,coloring,_dist2_x1,0,-1.0,4,b4ac,eeb6,False,3492,oscillated,-1,False,dist2,1
r6b_dist2_x1,coloring,_dist2_x1,0,-1.0,3,b4ae,eeb6,False,3492,oscillated,-1,False,dist2,1
r6b_dist2_x1,coloring,_dist2_x1,2,-1.0,3,b4b2,aeb6,False,3492,oscillated,-1,False,dist2,1
r6b_dist2_x1,coloring,_dist2_x1,2,-1.0,3,b4b4,aeb6,False,3492,oscillated,-1,False,dist2,1
r6b_dist2_x1,coloring,_dist2_x1,2,-1.0,2,b4b6,aeb6,False,3492,oscillated,-1,False,dist2,1
r6b_dist2_x1,coloring,_dist2_x1,2,-1.0,3,b4b7,aeb6,False,3492,oscillated,-1,False,dist2,1
r6b_dist2_x1,coloring,_dist2_x1,2,-1.0,3,b4be,aeb6,False,3492,oscillated,-1,False,dist2,1
r6b_dist2_x1,coloring,_dist2_x1,2,-1.0,4,b4bf,aeb6,False,3492,oscillated,-1,False,dist2,1
r6b_dist2_x1,coloring,_dist2_x1,0,-1.0,3,b4e6,aeb6,False,3492,oscillated,-1,False,dist2,1
r6b_dist2_x1,coloring,_dist2_x1,2,-1.0,3,b4f6,aeb6,False,3492,oscillated,-1,False,dist2,1
r6b_dist2_x1,coloring,_dist2_x1,2,-1.0,3,b5b6,aeb6,False,3492,oscillated,-1,False,dist2,1
r6b_dist2_x1,coloring,_dist2_x1,2,-1.0,5,b5d6,aeb6,False,3492,oscillated,-1,False,dist2,1
r6b_dist2_x1,coloring,_dist2_x1,2,-1.0,6,b5f5,aeb6,False,3492,oscillated,-1,False,dist2,1
r6b_dist2_x1,coloring,_dist2_x1,3,-1.0,3,b607,aeb6,False,3492,oscillated,-1,False,dist2,1
r6b_dist2_x1,coloring,_dist2_x1,2,-1.0,3,b616,aeb6,False,3492,oscillated,-1,False,dist2,1
r6b_dist2_x1,coloring,_dist2_x1,2,-1.0,4,b627,eeb6,False,3492,oscillated,-1,False,dist2,1
r6b_dist2_x1,coloring,_dist2_x1,2,-1.0,3,b634,aeb6,False,3492,oscillated,-1,False,dist2,1
r6b_dist2_x1,coloring,_dist2_x1,2,-1.0,4,b635,aeb6,False,3492,oscillated,-1,False,dist2,1
r6b_dist2_x1,coloring,_dist2_x1,2,-1.0,2,b636,aeb6,False,3492,oscillated,-1,False,dist2,1
r6b_dist2_x1,coloring,_dist2_x1,2,-1.0,3,b637,aeb6,False,3492,oscillated,-1,False,dist2,1
r6b_dist2_x1,coloring,_dist2_x1,2,-1.0,4,b684,aeb6,False,3492,oscillated,-1,False,dist2,1
r6b_dist2_x1,coloring,_dist2_x1,2,-1.0,3,b686,aeb6,False,3492,oscillated,-1,False,dist2,1
r6b_dist2_x1,coloring,_dist2_x1,2,-1.0,3,b694,aeb6,False,3492,oscillated,-1,False,dist2,1
r6b_dist2_x1,coloring,_dist2_x1,2,-1.0,2,b696,aeb6,False,3492,oscillated,-1,False,dist2,1
r6b_dist2_x1,coloring,_dist2_x1,2,-1.0,3,b697,aeb6,False,3492,oscillated,-1,False,dist2,1
r6b_dist2_x1,coloring,_dist2_x1,2,-1.0,4,b6a0,aeb6,False,3492,oscillated,-1,False,dist2,1
r6b_dist2_x1,coloring,_dist2_x1,2,-1.0,3,b6a2,aeb6,False,3492,oscillated,-1,False,dist2,1
r6b_dist2_x1,coloring,_dist2_x1,2,-1.0,3,b6a4,aeb6,False,3492,oscillated,-1,False,dist2,1
r6b_dist2_x1,coloring,_dist2_x1,2,-1.0,2,b6a6,aeb6,False,3492,oscillated,-1,False,dist2,1
r6b_dist2_x1,coloring,_dist2_x1,2,-1.0,3,b6a7,aeb6,False,3492,oscillated,-1,False,dist2,1
r6b_dist2_x1,coloring,_dist2_x1,2,-1.0,3,b6ae,aeb6,False,3492,oscillated,-1,False,dist2,1
r6b_dist2_x1,coloring,_dist2_x1,2,-1.0,2,b6b4,aeb6,False,3492,oscillated,-1,False,dist2,1
r6b_dist2_x1,coloring,_dist2_x1,2,-1.0,3,b6b5,aeb6,False,3492,oscillated,-1,False,dist2,1
r6b_dist2_x1,coloring,_dist2_x1,2,-1.0,1,b6b6,aeb6,False,3492,oscillated,-1,False,dist2,1
r6b_dist2_x1,coloring,_dist2_x1,2,-1.0,2,b6b7,aeb6,False,3492,oscillated,-1,False,dist2,1
r6b_dist2_x1,coloring,_dist2_x1,2,-1.0,4,b726,aeb6,False,3492,oscillated,-1,False,dist2,1
r6b_dist2_x1,coloring,_dist2_x1,2,-1.0,3,b736,aeb6,False,3492,oscillated,-1,False,dist2,1
r6b_dist2_x1,coloring,_dist2_x1,2,-1.0,4,b794,aeb6,False,3492,oscillated,-1,False,dist2,1
r6b_dist2_x1,coloring,_dist2_x1,2,-1.0,3,b796,aeb6,False,3492,oscillated,-1,False,dist2,1
r6b_dist2_x1,coloring,_dist2_x1,2,-1.0,3,b7a6,aeb6,False,3492,oscillated,-1,False,dist2,1
r6b_dist2_x1,coloring,_dist2_x1,2,-1.0,5,b7ac,aeb6,False,3492,oscillated,-1,False,dist2,1
r6b_dist2_x1,coloring,_dist2_x1,2,-1.0,3,b7b4,aeb6,False,3492,oscillated,-1,False,dist2,1
r6b_dist2_x1,coloring,_dist2_x1,2,-1.0,2,b7b6,aeb6,False,3492,oscillated,-1,False,dist2,1
r6b_dist2_x1,coloring,_dist2_x1,2,-1.0,3,b7b7,aeb6,False,3492,oscillated,-1,False,dist2,1
r6b_dist2_x1,coloring,_dist2_x1,3,-1.0,4,ba0f,bf87,False,3492,oscillated,-1,False,dist2,1
r6b_dist2_x1,coloring,_dist2_x1,3,-1.0,3,bb03,bf87,False,3492,oscillated,-1,False,dist2,1
r6b_dist2_x1,coloring,_dist2_x1,3,-1.0,3,bb05,bf87,False,3492,oscillated,-1,False,dist2,1
r6b_dist2_x1,coloring,_dist2_x1,3,-1.0,2,bb07,bf87,False,3492,oscillated,-1,False,dist2,1
r6b_dist2_x1,coloring,_dist2_x1,3,-1.0,3,bb0f,bf87,False,3492,oscillated,-1,False,dist2,1
r6b_dist2_x1,coloring,_dist2_x1,1,-1.0,3,bb85,bf87,False,3492,oscillated,-1,False,dist2,1
r6b_dist2_x1,coloring,_dist2_x1,3,-1.0,4,be01,bf87,False,3492,oscillated,-1,False,dist2,1
r6b_dist2_x1,coloring,_dist2_x1,3,-1.0,3,be03,bf87,False,3492,oscillated,-1,False,dist2,1
r6b_dist2_x1,coloring,_dist2_x1,3,-1.0,3,be0f,bf87,False,3492,oscillated,-1,False,dist2,1
r6b_dist2_x1,coloring,_dist2_x1,3,-1.0,3,bf01,bf87,False,3492,oscillated,-1,False,dist2,1
r6b_dist2_x1,coloring,_dist2_x1,3,-1.0,3,bf02,bf87,False,3492,oscillated,-1,False,dist2,1
r6b_dist2_x1,coloring,_dist2_x1,3,-1.0,2,bf03,bf87,False,3492,oscillated,-1,False,dist2,1
r6b_dist2_x1,coloring,_dist2_x1,3,-1.0,2,bf05,bf87,False,3492,oscillated,-1,False,dist2,1
r6b_dist2_x1,coloring,_dist2_x1,3,-1.0,1,bf07,bf87,False,3492,oscillated,-1,False,dist2,1
r6b_dist2_x1,coloring,_dist2_x1,3,-1.0,3,bf0d,bf87,False,3492,oscillated,-1,False,dist2,1
r6b_dist2_x1,coloring,_dist2_x1,3,-1.0,3,bf0e,bf87,False,3492,oscillated,-1,False,dist2,1
r6b_dist2_x1,coloring,_dist2_x1,3,-1.0,2,bf0f,bf87,False,3492,oscillated,-1,False,dist2,1
r6b_dist2_x1,coloring,_dist2_x1,3,-1.0,3,bf23,bf87,False,3492,oscillated,-1,False,dist2,1
r6b_dist2_x1,coloring,_dist2_x1,3,-1.0,4,bf2d,bf87,False,3492,oscillated,-1,False,dist2,1
r6b_dist2_x1,coloring,_dist2_x1,3,-1.0,3,bf2f,bf87,False,3492,oscillated,-1,False,dist2,1
r6b_dist2_x1,coloring,_dist2_x1,2,-1.0,8,c0fb,4078,False,3492,oscillated,-1,False,dist2,1
r6b_dist2_x1,coloring,_dist2_x1,2,-1.0,7,c0ff,4078,False,3492,oscillated,-1,False,dist2,1
r6b_dist2_x1,coloring,_dist2_x1,2,-1.0,6,c4f0,e47a,False,3492,oscillated,-1,False,dist2,1
r6b_dist2_x1,coloring,_dist2_x1,2,-1.0,5,c4fe,e47a,False,3492,oscillated,-1,False,dist2,1
r6b_dist2_x1,coloring,_dist2_x1,3,-1.0,8,c949,5149,False,3492,oscillated,-1,False,dist2,1
r6b_dist2_x1,coloring,_dist2_x1,1,-1.0,9,c979,5149,False,3492,oscillated,-1,False,dist2,1
r6b_dist2_x1,coloring,_dist2_x1,0,-1.0,9,c9f8,5149,False,3492,oscillated,-1,False,dist2,1
r6b_dist2_x1,coloring,_dist2_x1,0,-1.0,10,ca48,5149,False,3492,oscillated,-1,False,dist2,1
r6b_dist2_x1,coloring,_dist2_x1,3,-1.0,9,ca4b,5149,False,3492,oscillated,-1,False,dist2,1
r6b_dist2_x1,coloring,_dist2_x1,3,-1.0,8,cb4e,5149,False,3492,oscillated,-1,False,dist2,1
r6b_dist2_x1,coloring,_dist2_x1,3,-1.0,7,cb4f,5149,False,3492,oscillated,-1,False,dist2,1
r6b_dist2_x1,coloring,_dist2_x1,0,-1.0,9,cb60,5149,False,3492,oscillated,-1,False,dist2,1
r6b_dist2_x1,coloring,_dist2_x1,0,-1.0,9,cb6a,5149,False,3492,oscillated,-1,False,dist2,1
r6b_dist2_x1,coloring,_dist2_x1,3,-1.0,9,cb6b,5149,False,3492,oscillated,-1,False,dist2,1
r6b_dist2_x1,coloring,_dist2_x1,1,-1.0,8,cb6d,5149,False,3492,oscillated,-1,False,dist2,1
r6b_dist2_x1,coloring,_dist2_x1,3,-1.0,8,cc49,f54b,False,3492,oscillated,-1,False,dist2,1
r6b_dist2_x1,coloring,_dist2_x1,0,-1.0,8,cc50,f54b,False,3492,oscillated,-1,False,dist2,1
r6b_dist2_x1,coloring,_dist2_x1,3,-1.0,8,cc5d,f54b,False,3492,oscillated,-1,False,dist2,1
r6b_dist2_x1,coloring,_dist2_x1,0,-1.0,9,ccd9,f54b,False,3492,oscillated,-1,False,dist2,1
r6b_dist2_x1,coloring,_dist2_x1,3,-1.0,8,cd5a,f54b,False,3492,oscillated,-1,False,dist2,1
r6b_dist2_x1,coloring,_dist2_x1,3,-1.0,7,cd6b,f54b,False,3492,oscillated,-1,False,dist2,1
r6b_dist2_x1,coloring,_dist2_x1,0,-1.0,8,cd70,f54b,False,3492,oscillated,-1,False,dist2,1
r6b_dist2_x1,coloring,_dist2_x1,3,-1.0,7,cd7f,f54b,False,3492,oscillated,-1,False,dist2,1
r6b_dist2_x1,coloring,_dist2_x1,0,-1.0,8,cdc8,f54b,False,3492,oscillated,-1,False,dist2,1
r6b_dist2_x1,coloring,_dist2_x1,0,-1.0,8,ce08,f54b,False,3492,oscillated,-1,False,dist2,1
r6b_dist2_x1,coloring,_dist2_x1,3,-1.0,7,cf09,f54b,False,3492,oscillated,-1,False,dist2,1
r6b_dist2_x1,coloring,_dist2_x1,3,-1.0,6,cf0b,f54b,False,3492,oscillated,-1,False,dist2,1
r6b_dist2_x1,coloring,_dist2_x1,3,-1.0,6,cf43,f54b,False,3492,oscillated,-1,False,dist2,1
r6b_dist2_x1,coloring,_dist2_x1,3,-1.0,7,cf6f,f54b,False,3492,oscillated,-1,False,dist2,1
r6b_dist2_x1,coloring,_dist2_x1,2,-1.0,5,d2be,4ab4,False,3492,oscillated,-1,False,dist2,1
r6b_dist2_x1,coloring,_dist2_x1,1,-1.0,6,d398,ab4,False,3492,oscillated,-1,False,dist2,1
r6b_dist2_x1,coloring,_dist2_x1,1,-1.0,7,d39a,ab4,False,3492,oscillated,-1,False,dist2,1
r6b_dist2_x1,coloring,_dist2_x1,1,-1.0,5,d39c,ab4,False,3492,oscillated,-1,False,dist2,1
r6b_dist2_x1,coloring,_dist2_x1,2,-1.0,6,d3b2,ab4,False,3492,oscillated,-1,False,dist2,1
r6b_dist2_x1,coloring,_dist2_x1,1,-1.0,4,d3b5,ab4,False,3492,oscillated,-1,False,dist2,1
r6b_dist2_x1,coloring,_dist2_x1,2,-1.0,5,d3b6,ab4,False,3492,oscillated,-1,False,dist2,1
r6b_dist2_x1,coloring,_dist2_x1,1,-1.0,5,d3bd,ab4,False,3492,oscillated,-1,False,dist2,1
r6b_dist2_x1,coloring,_dist2_x1,1,-1.0,7,d3f3,4ab4,False,3492,oscillated,-1,False,dist2,1
r6b_dist2_x1,coloring,_dist2_x1,2,-1.0,6,d690,aeb6,False,3492,oscillated,-1,False,dist2,1
r6b_dist2_x1,coloring,_dist2_x1,2,-1.0,5,d692,aeb6,False,3492,oscillated,-1,False,dist2,1
r6b_dist2_x1,coloring,_dist2_x1,2,-1.0,5,d697,aeb6,False,3492,oscillated,-1,False,dist2,1
r6b_dist2_x1,coloring,_dist2_x1,2,-1.0,7,d69b,eeb6,False,3492,oscillated,-1,False,dist2,1
r6b_dist2_x1,coloring,_dist2_x1,2,-1.0,5,d6b0,eeb6,False,3492,oscillated,-1,False,dist2,1
r6b_dist2_x1,coloring,_dist2_x1,2,-1.0,4,d6b2,eeb6,False,3492,oscillated,-1,False,dist2,1
r6b_dist2_x1,coloring,_dist2_x1,2,-1.0,3,d6b6,aeb6,False,3492,oscillated,-1,False,dist2,1
r6b_dist2_x1,coloring,_dist2_x1,2,-1.0,6,d6d7,aeb6,False,3492,oscillated,-1,False,dist2,1
r6b_dist2_x1,coloring,_dist2_x1,1,-1.0,7,d798,aeb6,False,3492,oscillated,-1,False,dist2,1
r6b_dist2_x1,coloring,_dist2_x1,2,-1.0,5,d7b2,aeb6,False,3492,oscillated,-1,False,dist2,1
r6b_dist2_x1,coloring,_dist2_x1,2,-1.0,5,d7b4,aeb6,False,3492,oscillated,-1,False,dist2,1
r6b_dist2_x1,coloring,_dist2_x1,1,-1.0,6,d7bd,aeb6,False,3492,oscillated,-1,False,dist2,1
r6b_dist2_x1,coloring,_dist2_x1,0,-1.0,7,d7c4,aea6,False,3492,oscillated,-1,False,dist2,1
r6b_dist2_x1,coloring,_dist2_x1,2,-1.0,7,e1fc,e47a,False,3492,oscillated,-1,False,dist2,1
r6b_dist2_x1,coloring,_dist2_x1,2,-1.0,6,e1fe,e47a,False,3492,oscillated,-1,False,dist2,1
r6b_dist2_x1,coloring,_dist2_x1,2,-1.0,4,e4fe,e47a,False,3492,oscillated,-1,False,dist2,1
r6b_dist2_x1,coloring,_dist2_x1,3,-1.0,8,e85b,f54b,False,3492,oscillated,-1,False,dist2,1
r6b_dist2_x1,coloring,_dist2_x1,0,-1.0,9,e8d9,f54b,False,3492,oscillated,-1,False,dist2,1
r6b_dist2_x1,coloring,_dist2_x1,3,-1.0,6,e94b,f54b,False,3492,oscillated,-1,False,dist2,1
r6b_dist2_x1,coloring,_dist2_x1,3,-1.0,7,e95e,f54b,False,3492,oscillated,-1,False,dist2,1
r6b_dist2_x1,coloring,_dist2_x1,0,-1.0,8,e9fb,f54b,False,3492,oscillated,-1,False,dist2,1
r6b_dist2_x1,coloring,_dist2_x1,3,-1.0,7,ea0b,f54b,False,3492,oscillated,-1,False,dist2,1
r6b_dist2_x1,coloring,_dist2_x1,0,-1.0,8,ea29,f54b,False,3492,oscillated,-1,False,dist2,1
r6b_dist2_x1,coloring,_dist2_x1,0,-1.0,8,ea40,f54b,False,3492,oscillated,-1,False,dist2,1
r6b_dist2_x1,coloring,_dist2_x1,0,-1.0,7,ea63,f54b,False,3492,oscillated,-1,False,dist2,1
r6b_dist2_x1,coloring,_dist2_x1,0,-1.0,9,ea69,f54b,False,3492,oscillated,-1,False,dist2,1
r6b_dist2_x1,coloring,_dist2_x1,0,-1.0,8,eb6a,f54b,False,3492,oscillated,-1,False,dist2,1
r6b_dist2_x1,coloring,_dist2_x1,0,-1.0,7,ec5a,f54b,False,3492,oscillated,-1,False,dist2,1
r6b_dist2_x1,coloring,_dist2_x1,0,-1.0,7,ecc9,f54b,False,3492,oscillated,-1,False,dist2,1
r6b_dist2_x1,coloring,_dist2_x1,3,-1.0,7,ed71,f54b,False,3492,oscillated,-1,False,dist2,1
r6b_dist2_x1,coloring,_dist2_x1,3,-1.0,6,edcb,f54b,False,3492,oscillated,-1,False,dist2,1
r6b_dist2_x1,coloring,_dist2_x1,3,-1.0,7,ee41,f54b,False,3492,oscillated,-1,False,dist2,1
r6b_dist2_x1,coloring,_dist2_x1,3,-1.0,6,ef42,f54b,False,3492,oscillated,-1,False,dist2,1
r6b_dist2_x1,coloring,_dist2_x1,3,-1.0,6,ef4e,f54b,False,3492,oscillated,-1,False,dist2,1
r6b_dist2_x1,coloring,_dist2_x1,3,-1.0,5,ef4f,f54b,False,3492,oscillated,-1,False,dist2,1
r6b_dist2_x1,coloring,_dist2_x1,0,-1.0,6,ef62,f54b,False,3492,oscillated,-1,False,dist2,1
r6b_dist2_x1,coloring,_dist2_x1,0,-1.0,7,ef6a,f54b,False,3492,oscillated,-1,False,dist2,1
r6b_dist2_x1,coloring,_dist2_x1,2,-1.0,4,f296,aeb6,False,3492,oscillated,-1,False,dist2,1
r6b_dist2_x1,coloring,_dist2_x1,2,-1.0,5,f297,aeb6,False,3492,oscillated,-1,False,dist2,1
r6b_dist2_x1,coloring,_dist2_x1,2,-1.0,5,f2b3,eeb6,False,3492,oscillated,-1,False,dist2,1
r6b_dist2_x1,coloring,_dist2_x1,2,-1.0,3,f2b6,aeb6,False,3492,oscillated,-1,False,dist2,1
r6b_dist2_x1,coloring,_dist2_x1,2,-1.0,6,f2bd,eeb6,False,3492,oscillated,-1,False,dist2,1
r6b_dist2_x1,coloring,_dist2_x1,2,-1.0,6,f2de,eeb6,False,3492,oscillated,-1,False,dist2,1
r6b_dist2_x1,coloring,_dist2_x1,2,-1.0,5,f2fe,eeb6,False,3492,oscillated,-1,False,dist2,1
r6b_dist2_x1,coloring,_dist2_x1,2,-1.0,6,f392,aeb6,False,3492,oscillated,-1,False,dist2,1
r6b_dist2_x1,coloring,_dist2_x1,1,-1.0,6,f3d4,aeb6,False,3492,oscillated,-1,False,dist2,1
r6b_dist2_x1,coloring,_dist2_x1,2,-1.0,3,f696,aeb6,False,3492,oscillated,-1,False,dist2,1
r6b_dist2_x1,coloring,_dist2_x1,2,-1.0,3,f6b2,eeb6,False,3492,oscillated,-1,False,dist2,1
r6b_dist2_x1,coloring,_dist2_x1,2,-1.0,3,f6b4,aeb6,False,3492,oscillated,-1,False,dist2,1
r6b_dist2_x1,coloring,_dist2_x1,2,-1.0,2,f6b6,aeb6,False,3492,oscillated,-1,False,dist2,1
r6b_dist2_x1,coloring,_dist2_x1,2,-1.0,3,f6b7,aeb6,False,3492,oscillated,-1,False,dist2,1
r6b_dist2_x1,coloring,_dist2_x1,2,-1.0,3,f6be,eeb6,False,3492,oscillated,-1,False,dist2,1
r6b_dist2_x1,coloring,_dist2_x1,2,-1.0,4,f6bf,eeb6,False,3492,oscillated,-1,False,dist2,1
r6b_dist2_x1,coloring,_dist2_x1,2,-1.0,3,f6f6,eeb6,False,3492,oscillated,-1,False,dist2,1
r6b_dist2_x1,coloring,_dist2_x1,2,-1.0,4,f6fe,eeb6,False,3492,oscillated,-1,False,dist2,1
r6b_dist2_x1,coloring,_dist2_x1,2,-1.0,3,f7b6,aeb6,False,3492,oscillated,-1,False,dist2,1
r6b_dist2_x1,coloring,_dist2_x1,2,-1.0,6,f7bb,eeb6,False,3492,oscillated,-1,False,dist2,1
r6b_dist2_x1,coloring,_dist2_x1,0,-1.0,6,f7c4,aea6,False,3492,oscillated,-1,False,dist2,1
r6b_dist2_x4,coloring,_dist2_x4,1,-1.0,8,840,5149,False,13668,oscillated,-1,False,dist2,4
r6b_dist2_x4,coloring,_dist2_x4,3,-1.0,7,966,5149,False,13668,oscillated,-1,False,dist2,4
r6b_dist2_x4,coloring,_dist2_x4,3,-1.0,6,c0b,5149,False,13668,oscillated,-1,False,dist2,4
r6b_dist2_x4,coloring,_dist2_x4,3,-1.0,7,c0c,5149,False,13668,oscillated,-1,False,dist2,4
r6b_dist2_x4,coloring,_dist2_x4,3,-1.0,7,d2a,5149,False,13668,oscillated,-1,False,dist2,4
r6b_dist2_x4,coloring,_dist2_x4,3,-1.0,6,d4d,5149,False,13668,oscillated,-1,False,dist2,4
r6b_dist2_x4,coloring,_dist2_x4,3,-1.0,7,d6e,5149,False,13668,oscillated,-1,False,dist2,4
r6b_dist2_x4,coloring,_dist2_x4,1,-1.0,3,1095,ab4,False,13668,oscillated,-1,False,dist2,4
r6b_dist2_x4,coloring,_dist2_x4,1,-1.0,5,10b7,ab4,False,13668,oscillated,-1,False,dist2,4
r6b_dist2_x4,coloring,_dist2_x4,1,-1.0,5,10bd,ab4,False,13668,oscillated,-1,False,dist2,4
r6b_dist2_x4,coloring,_dist2_x4,1,-1.0,6,10bf,ab4,False,13668,oscillated,-1,False,dist2,4
r6b_dist2_x4,coloring,_dist2_x4,1,-1.0,3,1194,ab4,False,13668,oscillated,-1,False,dist2,4
r6b_dist2_x4,coloring,_dist2_x4,1,-1.0,3,11b5,ab4,False,13668,oscillated,-1,False,dist2,4
r6b_dist2_x4,coloring,_dist2_x4,1,-1.0,3,1215,ab4,False,13668,oscillated,-1,False,dist2,4
r6b_dist2_x4,coloring,_dist2_x4,1,-1.0,5,1280,ab4,False,13668,oscillated,-1,False,dist2,4
r6b_dist2_x4,coloring,_dist2_x4,1,-1.0,3,1285,ab4,False,13668,oscillated,-1,False,dist2,4
r6b_dist2_x4,coloring,_dist2_x4,1,-1.0,4,1287,ab4,False,13668,oscillated,-1,False,dist2,4
r6b_dist2_x4,coloring,_dist2_x4,1,-1.0,3,1294,ab4,False,13668,oscillated,-1,False,dist2,4
r6b_dist2_x4,coloring,_dist2_x4,1,-1.0,2,1295,ab4,False,13668,oscillated,-1,False,dist2,4
r6b_dist2_x4,coloring,_dist2_x4,1,-1.0,3,1297,ab4,False,13668,oscillated,-1,False,dist2,4
r6b_dist2_x4,coloring,_dist2_x4,1,-1.0,5,12a1,ab4,False,13668,oscillated,-1,False,dist2,4
r6b_dist2_x4,coloring,_dist2_x4,1,-1.0,3,12b5,ab4,False,13668,oscillated,-1,False,dist2,4
r6b_dist2_x4,coloring,_dist2_x4,1,-1.0,3,1384,ab4,False,13668,oscillated,-1,False,dist2,4
r6b_dist2_x4,coloring,_dist2_x4,1,-1.0,2,1394,ab4,False,13668,oscillated,-1,False,dist2,4
r6b_dist2_x4,coloring,_dist2_x4,1,-1.0,3,1396,ab4,False,13668,oscillated,-1,False,dist2,4
r6b_dist2_x4,coloring,_dist2_x4,1,-1.0,6,13a2,ab4,False,13668,oscillated,-1,False,dist2,4
r6b_dist2_x4,coloring,_dist2_x4,1,-1.0,3,13a5,ab4,False,13668,oscillated,-1,False,dist2,4
r6b_dist2_x4,coloring,_dist2_x4,1,-1.0,3,13b4,ab4,False,13668,oscillated,-1,False,dist2,4
r6b_dist2_x4,coloring,_dist2_x4,1,-1.0,2,13b5,ab4,False,13668,oscillated,-1,False,dist2,4
r6b_dist2_x4,coloring,_dist2_x4,1,-1.0,3,13b7,ab4,False,13668,oscillated,-1,False,dist2,4
r6b_dist2_x4,coloring,_dist2_x4,2,-1.0,6,1492,ab4,False,13668,oscillated,-1,False,dist2,4
r6b_dist2_x4,coloring,_dist2_x4,1,-1.0,5,1497,ab4,False,13668,oscillated,-1,False,dist2,4
r6b_dist2_x4,coloring,_dist2_x4,1,-1.0,6,14d7,ab4,False,13668,oscillated,-1,False,dist2,4
r6b_dist2_x4,coloring,_dist2_x4,2,-1.0,5,15b6,ab4,False,13668,oscillated,-1,False,dist2,4
r6b_dist2_x4,coloring,_dist2_x4,1,-1.0,5,1605,ab4,False,13668,oscillated,-1,False,dist2,4
r6b_dist2_x4,coloring,_dist2_x4,2,-1.0,5,1686,ab4,False,13668,oscillated,-1,False,dist2,4
r6b_dist2_x4,coloring,_dist2_x4,1,-1.0,5,1687,ab4,False,13668,oscillated,-1,False,dist2,4
r6b_dist2_x4,coloring,_dist2_x4,1,-1.0,3,1695,ab4,False,13668,oscillated,-1,False,dist2,4
r6b_dist2_x4,coloring,_dist2_x4,2,-1.0,4,1696,ab4,False,13668,oscillated,-1,False,dist2,4
r6b_dist2_x4,coloring,_dist2_x4,1,-1.0,6,16a1,ab4,False,13668,oscillated,-1,False,dist2,4
r6b_dist2_x4,coloring,_dist2_x4,2,-1.0,6,16ac,ab4,False,13668,oscillated,-1,False,dist2,4
r6b_dist2_x4,coloring,_dist2_x4,2,-1.0,3,16b6,ab4,False,13668,oscillated,-1,False,dist2,4
r6b_dist2_x4,coloring,_dist2_x4,2,-1.0,4,16b7,ab4,False,13668,oscillated,-1,False,dist2,4
r6b_dist2_x4,coloring,_dist2_x4,1,-1.0,3,1794,ab4,False,13668,oscillated,-1,False,dist2,4
r6b_dist2_x4,coloring,_dist2_x4,1,-1.0,3,17b5,ab4,False,13668,oscillated,-1,False,dist2,4
r6b_dist2_x4,coloring,_dist2_x4,1,-1.0,4,1a01,1915,False,13668,oscillated,-1,False,dist2,4
r6b_dist2_x4,coloring,_dist2_x4,1,-1.0,3,1b01,1915,False,13668,oscillated,-1,False,dist2,4
r6b_dist2_x4,coloring,_dist2_x4,1,-1.0,2,1b05,1915,False,13668,oscillated,-1,False,dist2,4
r6b_dist2_x4,coloring,_dist2_x4,1,-1.0,3,1b07,1915,False,13668,oscillated,-1,False,dist2,4
r6b_dist2_x4,coloring,_dist2_x4,1,-1.0,3,1b0d,1915,False,13668,oscillated,-1,False,dist2,4
r6b_dist2_x4,coloring,_dist2_x4,1,-1.0,3,1f05,1915,False,13668,oscillated,-1,False,dist2,4
r6b_dist2_x4,coloring,_dist2_x4,3,-1.0,3,1f07,1915,False,13668,oscillated,-1,False,dist2,4
r6b_dist2_x4,coloring,_dist2_x4,1,-1.0,3,1f87,1915,False,13668,oscillated,-1,False,dist2,4
r6b_dist2_x4,coloring,_dist2_x4,3,-1.0,5,2902,5149,False,13668,oscillated,-1,False,dist2,4
r6b_dist2_x4,coloring,_dist2_x4,3,-1.0,7,292a,5149,False,13668,oscillated,-1,False,dist2,4
r6b_dist2_x4,coloring,_dist2_x4,3,-1.0,7,2c29,f54b,False,13668,oscillated,-1,False,dist2,4
r6b_dist2_x4,coloring,_dist2_x4,3,-1.0,7,2c61,f54b,False,13668,oscillated,-1,False,dist2,4
r6b_dist2_x4,coloring,_dist2_x4,3,-1.0,5,2c67,f54b,False,13668,oscillated,-1,False,dist2,4
r6b_dist2_x4,coloring,_dist2_x4,3,-1.0,3,2d03,f54b,False,13668,oscillated,-1,False,dist2,4
r6b_dist2_x4,coloring,_dist2_x4,3,-1.0,5,2d09,f54b,False,13668,oscillated,-1,False,dist2,4
r6b_dist2_x4,coloring,_dist2_x4,3,-1.0,4,2d43,f54b,False,13668,oscillated,-1,False,dist2,4
r6b_dist2_x4,coloring,_dist2_x4,3,-1.0,6,2d4a,f54b,False,13668,oscillated,-1,False,dist2,4
r6b_dist2_x4,coloring,_dist2_x4,3,-1.0,7,2d6a,f54b,False,13668,oscillated,-1,False,dist2,4
r6b_dist2_x4,coloring,_dist2_x4,0,-1.0,5,30ae,ab4,False,13668,oscillated,-1,False,dist2,4
r6b_dist2_x4,coloring,_dist2_x4,2,-1.0,4,30b6,ab4,False,13668,oscillated,-1,False,dist2,4
r6b_dist2_x4,coloring,_dist2_x4,2,-1.0,6,30f4,ab4,False,13668,oscillated,-1,False,dist2,4
r6b_dist2_x4,coloring,_dist2_x4,1,-1.0,6,30f5,ab4,False,13668,oscillated,-1,False,dist2,4
r6b_dist2_x4,coloring,_dist2_x4,1,-1.0,6,31f7,ab4,False,13668,oscillated,-1,False,dist2,4
r6b_dist2_x4,coloring,_dist2_x4,2,-1.0,5,3286,ab4,False,13668,oscillated,-1,False,dist2,4
r6b_dist2_x4,coloring,_dist2_x4,1,-1.0,5,328d,ab4,False,13668,oscillated,-1,False,dist2,4
r6b_dist2_x4,coloring,_dist2_x4,1,-1.0,4,3294,ab4,False,13668,oscillated,-1,False,dist2,4
r6b_dist2_x4,coloring,_dist2_x4,1,-1.0,3,3295,ab4,False,13668,oscillated,-1,False,dist2,4
r6b_dist2_x4,coloring,_dist2_x4,2,-1.0,4,32a6,ab4,False,13668,oscillated,-1,False,dist2,4
r6b_dist2_x4,coloring,_dist2_x4,2,-1.0,5,32a7,ab4,False,13668,oscillated,-1,False,dist2,4
r6b_dist2_x4,coloring,_dist2_x4,2,-1.0,3,32b6,ab4,False,13668,oscillated,-1,False,dist2,4
r6b_dist2_x4,coloring,_dist2_x4,2,-1.0,4,32b7,ab4,False,13668,oscillated,-1,False,dist2,4
r6b_dist2_x4,coloring,_dist2_x4,2,-1.0,6,3326,ab4,False,13668,oscillated,-1,False,dist2,4
r6b_dist2_x4,coloring,_dist2_x4,1,-1.0,5,3334,ab4,False,13668,oscillated,-1,False,dist2,4
r6b_dist2_x4,coloring,_dist2_x4,2,-1.0,5,3336,ab4,False,13668,oscillated,-1,False,dist2,4
r6b_dist2_x4,coloring,_dist2_x4,1,-1.0,5,3386,ab4,False,13668,oscillated,-1,False,dist2,4
r6b_dist2_x4,coloring,_dist2_x4,1,-1.0,6,338e,ab4,False,13668,oscillated,-1,False,dist2,4
r6b_dist2_x4,coloring,_dist2_x4,1,-1.0,3,3394,ab4,False,13668,oscillated,-1,False,dist2,4
r6b_dist2_x4,coloring,_dist2_x4,1,-1.0,5,33a1,ab4,False,13668,oscillated,-1,False,dist2,4
r6b_dist2_x4,coloring,_dist2_x4,1,-1.0,3,33b5,ab4,False,13668,oscillated,-1,False,dist2,4
r6b_dist2_x4,coloring,_dist2_x4,2,-1.0,4,33b6,ab4,False,13668,oscillated,-1,False,dist2,4
r6b_dist2_x4,coloring,_dist2_x4,2,-1.0,4,3496,aeb6,False,13668,oscillated,-1,False,dist2,4
r6b_dist2_x4,coloring,_dist2_x4,2,-1.0,4,34b4,aeb6,False,13668,oscillated,-1,False,dist2,4
r6b_dist2_x4,coloring,_dist2_x4,2,-1.0,5,34b5,aeb6,False,13668,oscillated,-1,False,dist2,4
r6b_dist2_x4,coloring,_dist2_x4,2,-1.0,3,34b6,aeb6,False,13668,oscillated,-1,False,dist2,4
r6b_dist2_x4,coloring,_dist2_x4,1,-1.0,6,34d5,aeb6,False,13668,oscillated,-1,False,dist2,4
r6b_dist2_x4,coloring,_dist2_x4,2,-1.0,6,34f5,aeb6,False,13668,oscillated,-1,False,dist2,4
r6b_dist2_x4,coloring,_dist2_x4,2,-1.0,6,35f7,aeb6,False,13668,oscillated,-1,False,dist2,4
r6b_dist2_x4,coloring,_dist2_x4,2,-1.0,3,3636,aeb6,False,13668,oscillated,-1,False,dist2,4
r6b_dist2_x4,coloring,_dist2_x4,2,-1.0,5,3684,aeb6,False,13668,oscillated,-1,False,dist2,4
r6b_dist2_x4,coloring,_dist2_x4,2,-1.0,5,3687,aeb6,False,13668,oscillated,-1,False,dist2,4
r6b_dist2_x4,coloring,_dist2_x4,1,-1.0,6,368d,aeb6,False,13668,oscillated,-1,False,dist2,4
r6b_dist2_x4,coloring,_dist2_x4,2,-1.0,3,3696,aeb6,False,13668,oscillated,-1,False,dist2,4
r6b_dist2_x4,coloring,_dist2_x4,2,-1.0,5,36a3,aeb6,False,13668,oscillated,-1,False,dist2,4
r6b_dist2_x4,coloring,_dist2_x4,2,-1.0,5,36a5,aeb6,False,13668,oscillated,-1,False,dist2,4
r6b_dist2_x4,coloring,_dist2_x4,2,-1.0,3,36a6,aeb6,False,13668,oscillated,-1,False,dist2,4
r6b_dist2_x4,coloring,_dist2_x4,2,-1.0,3,36b4,aeb6,False,13668,oscillated,-1,False,dist2,4
r6b_dist2_x4,coloring,_dist2_x4,2,-1.0,2,36b6,aeb6,False,13668,oscillated,-1,False,dist2,4
r6b_dist2_x4,coloring,_dist2_x4,2,-1.0,3,36b7,aeb6,False,13668,oscillated,-1,False,dist2,4
r6b_dist2_x4,coloring,_dist2_x4,2,-1.0,6,37ac,aeb6,False,13668,oscillated,-1,False,dist2,4
r6b_dist2_x4,coloring,_dist2_x4,2,-1.0,6,37af,aeb6,False,13668,oscillated,-1,False,dist2,4
r6b_dist2_x4,coloring,_dist2_x4,2,-1.0,3,37b6,aeb6,False,13668,oscillated,-1,False,dist2,4
r6b_dist2_x4,coloring,_dist2_x4,1,-1.0,3,3b05,1915,False,13668,oscillated,-1,False,dist2,4
r6b_dist2_x4,coloring,_dist2_x4,3,-1.0,3,3b07,1915,False,13668,oscillated,-1,False,dist2,4
r6b_dist2_x4,coloring,_dist2_x4,1,-1.0,3,3b87,1915,False,13668,oscillated,-1,False,dist2,4
r6b_dist2_x4,coloring,_dist2_x4,1,-1.0,4,3b8f,1915,False,13668,oscillated,-1,False,dist2,4
r6b_dist2_x4,coloring,_dist2_x4,3,-1.0,3,3f03,bd17,False,13668,oscillated,-1,False,dist2,4
r6b_dist2_x4,coloring,_dist2_x4,3,-1.0,3,3f05,bd17,False,13668,oscillated,-1,False,dist2,4
r6b_dist2_x4,coloring,_dist2_x4,3,-1.0,2,3f07,bd17,False,13668,oscillated,-1,False,dist2,4
r6b_dist2_x4,coloring,_dist2_x4,3,-1.0,4,3f0e,bd17,False,13668,oscillated,-1,False,dist2,4
r6b_dist2_x4,coloring,_dist2_x4,3,-1.0,3,3f0f,bd17,False,13668,oscillated,-1,False,dist2,4
r6b_dist2_x4,coloring,_dist2_x4,1,-1.0,3,3f85,bd17,False,13668,oscillated,-1,False,dist2,4
r6b_dist2_x4,coloring,_dist2_x4,2,-1.0,8,40fc,42e8,False,13668,oscillated,-1,False,dist2,4
r6b_dist2_x4,coloring,_dist2_x4,0,-1.0,9,484a,5149,False,13668,oscillated,-1,False,dist2,4
r6b_dist2_x4,coloring,_dist2_x4,1,-1.0,8,48c9,5149,False,13668,oscillated,-1,False,dist2,4
r6b_dist2_x4,coloring,_dist2_x4,1,-1.0,8,4958,5149,False,13668,oscillated,-1,False,dist2,4
r6b_dist2_x4,coloring,_dist2_x4,1,-1.0,7,4a41,5149,False,13668,oscillated,-1,False,dist2,4
r6b_dist2_x4,coloring,_dist2_x4,1,-1.0,9,4a4b,5149,False,13668,oscillated,-1,False,dist2,4
r6b_dist2_x4,coloring,_dist2_x4,0,-1.0,9,4b2a,5149,False,13668,oscillated,-1,False,dist2,4
r6b_dist2_x4,coloring,_dist2_x4,1,-1.0,8,4b4b,5149,False,13668,oscillated,-1,False,dist2,4
r6b_dist2_x4,coloring,_dist2_x4,0,-1.0,9,4d7c,5149,False,13668,oscillated,-1,False,dist2,4
r6b_dist2_x4,coloring,_dist2_x4,0,-1.0,9,4e08,5149,False,13668,oscillated,-1,False,dist2,4
r6b_dist2_x4,coloring,_dist2_x4,0,-1.0,9,4e61,5149,False,13668,oscillated,-1,False,dist2,4
r6b_dist2_x4,coloring,_dist2_x4,1,-1.0,7,4f09,5149,False,13668,oscillated,-1,False,dist2,4
r6b_dist2_x4,coloring,_dist2_x4,3,-1.0,7,4f4f,5149,False,13668,oscillated,-1,False,dist2,4
r6b_dist2_x4,coloring,_dist2_x4,1,-1.0,3,5295,ab4,False,13668,oscillated,-1,False,dist2,4
r6b_dist2_x4,coloring,_dist2_x4,1,-1.0,5,52b7,ab4,False,13668,oscillated,-1,False,dist2,4
r6b_dist2_x4,coloring,_dist2_x4,1,-1.0,6,52bf,ab4,False,13668,oscillated,-1,False,dist2,4
r6b_dist2_x4,coloring,_dist2_x4,2,-1.0,6,52f6,ab4,False,13668,oscillated,-1,False,dist2,4
r6b_dist2_x4,coloring,_dist2_x4,1,-1.0,3,5394,ab4,False,13668,oscillated,-1,False,dist2,4
r6b_dist2_x4,coloring,_dist2_x4,1,-1.0,6,53b2,ab4,False,13668,oscillated,-1,False,dist2,4
r6b_dist2_x4,coloring,_dist2_x4,1,-1.0,3,53b5,ab4,False,13668,oscillated,-1,False,dist2,4
r6b_dist2_x4,coloring,_dist2_x4,1,-1.0,6,569f,ab4,False,13668,oscillated,-1,False,dist2,4
r6b_dist2_x4,coloring,_dist2_x4,1,-1.0,7,56d3,ab4,False,13668,oscillated,-1,False,dist2,4
r6b_dist2_x4,coloring,_dist2_x4,2,-1.0,5,56f6,ab4,False,13668,oscillated,-1,False,dist2,4
r6b_dist2_x4,coloring,_dist2_x4,2,-1.0,7,64d0,e6ea,False,13668,oscillated,-1,False,dist2,4
r6b_dist2_x4,coloring,_dist2_x4,2,-1.0,7,64f8,e6ea,False,13668,oscillated,-1,False,dist2,4
r6b_dist2_x4,coloring,_dist2_x4,2,-1.0,7,65fc,e6ea,False,13668,oscillated,-1,False,dist2,4
r6b_dist2_x4,coloring,_dist2_x4,3,-1.0,8,685f,5149,False,13668,oscillated,-1,False,dist2,4
r6b_dist2_x4,coloring,_dist2_x4,3,-1.0,7,694b,5149,False,13668,oscillated,-1,False,dist2,4
r6b_dist2_x4,coloring,_dist2_x4,0,-1.0,9,697c,5149,False,13668,oscillated,-1,False,dist2,4
r6b_dist2_x4,coloring,_dist2_x4,0,-1.0,7,69ea,5149,False,13668,oscillated,-1,False,dist2,4
r6b_dist2_x4,coloring,_dist2_x4,0,-1.0,8,69fa,5149,False,13668,oscillated,-1,False,dist2,4
r6b_dist2_x4,coloring,_dist2_x4,3,-1.0,9,6b4a,5149,False,13668,oscillated,-1,False,dist2,4
r6b_dist2_x4,coloring,_dist2_x4,0,-1.0,9,6b6c,5149,False,13668,oscillated,-1,False,dist2,4
r6b_dist2_x4,coloring,_dist2_x4,0,-1.0,8,6c5c,f54b,False,13668,oscillated,-1,False,dist2,4
r6b_dist2_x4,coloring,_dist2_x4,0,-1.0,8,6d7c,f54b,False,13668,oscillated,-1,False,dist2,4
r6b_dist2_x4,coloring,_dist2_x4,0,-1.0,9,6dd8,f54b,False,13668,oscillated,-1,False,dist2,4
r6b_dist2_x4,coloring,_dist2_x4,0,-1.0,7,6e42,f54b,False,13668,oscillated,-1,False,dist2,4
r6b_dist2_x4,coloring,_dist2_x4,3,-1.0,8,6e4d,f54b,False,13668,oscillated,-1,False,dist2,4
r6b_dist2_x4,coloring,_dist2_x4,0,-1.0,8,6f28,f54b,False,13668,oscillated,-1,False,dist2,4
r6b_dist2_x4,coloring,_dist2_x4,3,-1.0,8,6f4a,f54b,False,13668,oscillated,-1,False,dist2,4
r6b_dist2_x4,coloring,_dist2_x4,3,-1.0,6,6f4f,f54b,False,13668,oscillated,-1,False,dist2,4
r6b_dist2_x4,coloring,_dist2_x4,2,-1.0,6,7292,ab4,False,13668,oscillated,-1,False,dist2,4
r6b_dist2_x4,coloring,_dist2_x4,2,-1.0,6,72bf,ab4,False,13668,oscillated,-1,False,dist2,4
r6b_dist2_x4,coloring,_dist2_x4,2,-1.0,6,72f4,ab4,False,13668,oscillated,-1,False,dist2,4
r6b_dist2_x4,coloring,_dist2_x4,1,-1.0,5,7390,ab4,False,13668,oscillated,-1,False,dist2,4
r6b_dist2_x4,coloring,_dist2_x4,1,-1.0,6,7398,ab4,False,13668,oscillated,-1,False,dist2,4
r6b_dist2_x4,coloring,_dist2_x4,1,-1.0,6,73b0,ab4,False,13668,oscillated,-1,False,dist2,4
r6b_dist2_x4,coloring,_dist2_x4,2,-1.0,5,73b6,ab4,False,13668,oscillated,-1,False,dist2,4
r6b_dist2_x4,coloring,_dist2_x4,1,-1.0,5,73b7,ab4,False,13668,oscillated,-1,False,dist2,4
r6b_dist2_x4,coloring,_dist2_x4,0,-1.0,7,73c6,4ab4,False,13668,oscillated,-1,False,dist2,4
r6b_dist2_x4,coloring,_dist2_x4,1,-1.0,7,73d2,ab4,False,13668,oscillated,-1,False,dist2,4
r6b_dist2_x4,coloring,_dist2_x4,2,-1.0,7,769b,aeb6,False,13668,oscillated,-1,False,dist2,4
r6b_dist2_x4,coloring,_dist2_x4,2,-1.0,3,76b6,aeb6,False,13668,oscillated,-1,False,dist2,4
r6b_dist2_x4,coloring,_dist2_x4,2,-1.0,6,76d4,aeb6,False,13668,oscillated,-1,False,dist2,4
r6b_dist2_x4,coloring,_dist2_x4,2,-1.0,6,76fc,aeb6,False,13668,oscillated,-1,False,dist2,4
r6b_dist2_x4,coloring,_dist2_x4,2,-1.0,5,76fe,aeb6,False,13668,oscillated,-1,False,dist2,4
r6b_dist2_x4,coloring,_dist2_x4,2,-1.0,7,779a,aeb6,False,13668,oscillated,-1,False,dist2,4
r6b_dist2_x4,coloring,_dist2_x4,2,-1.0,4,77b6,aeb6,False,13668,oscillated,-1,False,dist2,4
r6b_dist2_x4,coloring,_dist2_x4,2,-1.0,7,77b8,aeb6,False,13668,oscillated,-1,False,dist2,4
r6b_dist2_x4,coloring,_dist2_x4,2,-1.0,6,77f2,aeb6,False,13668,oscillated,-1,False,dist2,4
r6b_dist2_x4,coloring,_dist2_x4,2,-1.0,6,77f4,aeb6,False,13668,oscillated,-1,False,dist2,4
r6b_dist2_x4,coloring,_dist2_x4,3,-1.0,6,880e,5149,False,13668,oscillated,-1,False,dist2,4
r6b_dist2_x4,coloring,_dist2_x4,3,-1.0,7,8842,5149,False,13668,oscillated,-1,False,dist2,4
r6b_dist2_x4,coloring,_dist2_x4,3,-1.0,7,884d,5149,False,13668,oscillated,-1,False,dist2,4
r6b_dist2_x4,coloring,_dist2_x4,3,-1.0,6,892b,5149,False,13668,oscillated,-1,False,dist2,4
r6b_dist2_x4,coloring,_dist2_x4,3,-1.0,7,892c,5149,False,13668,oscillated,-1,False,dist2,4
r6b_dist2_x4,coloring,_dist2_x4,3,-1.0,7,896d,5149,False,13668,oscillated,-1,False,dist2,4
r6b_dist2_x4,coloring,_dist2_x4,3,-1.0,6,8c09,f54b,False,13668,oscillated,-1,False,dist2,4
r6b_dist2_x4,coloring,_dist2_x4,3,-1.0,6,8c41,f54b,False,13668,oscillated,-1,False,dist2,4
r6b_dist2_x4,coloring,_dist2_x4,3,-1.0,3,8d03,f54b,False,13668,oscillated,-1,False,dist2,4
r6b_dist2_x4,coloring,_dist2_x4,3,-1.0,4,8d43,f54b,False,13668,oscillated,-1,False,dist2,4
r6b_dist2_x4,coloring,_dist2_x4,3,-1.0,5,8d4b,f54b,False,13668,oscillated,-1,False,dist2,4
r6b_dist2_x4,coloring,_dist2_x4,0,-1.0,5,90e6,ab4,False,13668,oscillated,-1,False,dist2,4
r6b_dist2_x4,coloring,_dist2_x4,1,-1.0,6,90f5,ab4,False,13668,oscillated,-1,False,dist2,4
r6b_dist2_x4,coloring,_dist2_x4,1,-1.0,6,91b0,ab4,False,13668,oscillated,-1,False,dist2,4
r6b_dist2_x4,coloring,_dist2_x4,2,-1.0,5,9216,ab4,False,13668,oscillated,-1,False,dist2,4
r6b_dist2_x4,coloring,_dist2_x4,2,-1.0,5,9286,ab4,False,13668,oscillated,-1,False,dist2,4
r6b_dist2_x4,coloring,_dist2_x4,1,-1.0,5,9287,ab4,False,13668,oscillated,-1,False,dist2,4
r6b_dist2_x4,coloring,_dist2_x4,1,-1.0,3,9295,ab4,False,13668,oscillated,-1,False,dist2,4
r6b_dist2_x4,coloring,_dist2_x4,2,-1.0,6,92ac,ab4,False,13668,oscillated,-1,False,dist2,4
r6b_dist2_x4,coloring,_dist2_x4,2,-1.0,3,92b6,ab4,False,13668,oscillated,-1,False,dist2,4
r6b_dist2_x4,coloring,_dist2_x4,2,-1.0,6,9326,ab4,False,13668,oscillated,-1,False,dist2,4
r6b_dist2_x4,coloring,_dist2_x4,1,-1.0,3,9394,ab4,False,13668,oscillated,-1,False,dist2,4
r6b_dist2_x4,coloring,_dist2_x4,1,-1.0,6,93a0,ab4,False,13668,oscillated,-1,False,dist2,4
r6b_dist2_x4,coloring,_dist2_x4,1,-1.0,6,93af,ab4,False,13668,oscillated,-1,False,dist2,4
r6b_dist2_x4,coloring,_dist2_x4,1,-1.0,3,93b5,ab4,False,13668,oscillated,-1,False,dist2,4
r6b_dist2_x4,coloring,_dist2_x4,2,-1.0,4,93b6,ab4,False,13668,oscillated,-1,False,dist2,4
r6b_dist2_x4,coloring,_dist2_x4,2,-1.0,3,94b6,aeb6,False,13668,oscillated,-1,False,dist2,4
r6b_dist2_x4,coloring,_dist2_x4,2,-1.0,4,94be,aeb6,False,13668,oscillated,-1,False,dist2,4
r6b_dist2_x4,coloring,_dist2_x4,2,-1.0,5,9596,aeb6,False,13668,oscillated,-1,False,dist2,4
r6b_dist2_x4,coloring,_dist2_x4,2,-1.0,6,959e,aeb6,False,13668,oscillated,-1,False,dist2,4
r6b_dist2_x4,coloring,_dist2_x4,2,-1.0,5,95b7,aeb6,False,13668,oscillated,-1,False,dist2,4
r6b_dist2_x4,coloring,_dist2_x4,1,-1.0,6,95bd,aeb6,False,13668,oscillated,-1,False,dist2,4
r6b_dist2_x4,coloring,_dist2_x4,2,-1.0,6,9604,aeb6,False,13668,oscillated,-1,False,dist2,4
r6b_dist2_x4,coloring,_dist2_x4,2,-1.0,3,9636,aeb6,False,13668,oscillated,-1,False,dist2,4
r6b_dist2_x4,coloring,_dist2_x4,2,-1.0,3,9696,aeb6,False,13668,oscillated,-1,False,dist2,4
r6b_dist2_x4,coloring,_dist2_x4,2,-1.0,4,96a2,aeb6,False,13668,oscillated,-1,False,dist2,4
r6b_dist2_x4,coloring,_dist2_x4,2,-1.0,3,96a6,aeb6,False,13668,oscillated,-1,False,dist2,4
r6b_dist2_x4,coloring,_dist2_x4,2,-1.0,3,96b4,aeb6,False,13668,oscillated,-1,False,dist2,4
r6b_dist2_x4,coloring,_dist2_x4,2,-1.0,2,96b6,aeb6,False,13668,oscillated,-1,False,dist2,4
r6b_dist2_x4,coloring,_dist2_x4,2,-1.0,3,96b7,aeb6,False,13668,oscillated,-1,False,dist2,4
r6b_dist2_x4,coloring,_dist2_x4,2,-1.0,6,97a3,aeb6,False,13668,oscillated,-1,False,dist2,4
r6b_dist2_x4,coloring,_dist2_x4,2,-1.0,3,97b6,aeb6,False,13668,oscillated,-1,False,dist2,4
r6b_dist2_x4,coloring,_dist2_x4,1,-1.0,3,9b05,1915,False,13668,oscillated,-1,False,dist2,4
r6b_dist2_x4,coloring,_dist2_x4,3,-1.0,3,9b07,1915,False,13668,oscillated,-1,False,dist2,4
r6b_dist2_x4,coloring,_dist2_x4,1,-1.0,3,9b87,1915,False,13668,oscillated,-1,False,dist2,4
r6b_dist2_x4,coloring,_dist2_x4,3,-1.0,3,9f03,bd17,False,13668,oscillated,-1,False,dist2,4
r6b_dist2_x4,coloring,_dist2_x4,3,-1.0,3,9f05,bd17,False,13668,oscillated,-1,False,dist2,4
r6b_dist2_x4,coloring,_dist2_x4,3,-1.0,2,9f07,bd17,False,13668,oscillated,-1,False,dist2,4
r6b_dist2_x4,coloring,_dist2_x4,3,-1.0,3,9f0f,bd17,False,13668,oscillated,-1,False,dist2,4
r6b_dist2_x4,coloring,_dist2_x4,3,-1.0,4,9f25,bd17,False,13668,oscillated,-1,False,dist2,4
r6b_dist2_x4,coloring,_dist2_x4,1,-1.0,3,9f85,bd17,False,13668,oscillated,-1,False,dist2,4
r6b_dist2_x4,coloring,_dist2_x4,3,-1.0,4,a80f,f54b,False,13668,oscillated,-1,False,dist2,4
r6b_dist2_x4,coloring,_dist2_x4,3,-1.0,5,a843,f54b,False,13668,oscillated,-1,False,dist2,4
r6b_dist2_x4,coloring,_dist2_x4,3,-1.0,6,a84e,f54b,False,13668,oscillated,-1,False,dist2,4
r6b_dist2_x4,coloring,_dist2_x4,3,-1.0,5,a867,f54b,False,13668,oscillated,-1,False,dist2,4
r6b_dist2_x4,coloring,_dist2_x4,3,-1.0,4,a901,f54b,False,13668,oscillated,-1,False,dist2,4
r6b_dist2_x4,coloring,_dist2_x4,3,-1.0,3,a903,f54b,False,13668,oscillated,-1,False,dist2,4
r6b_dist2_x4,coloring,_dist2_x4,3,-1.0,3,ac0f,f54b,False,13668,oscillated,-1,False,dist2,4
r6b_dist2_x4,coloring,_dist2_x4,3,-1.0,5,ac2b,f54b,False,13668,oscillated,-1,False,dist2,4
r6b_dist2_x4,coloring,_dist2_x4,3,-1.0,5,ac42,f54b,False,13668,oscillated,-1,False,dist2,4
r6b_dist2_x4,coloring,_dist2_x4,3,-1.0,5,ac44,f54b,False,13668,oscillated,-1,False,dist2,4
r6b_dist2_x4,coloring,_dist2_x4,3,-1.0,4,ac45,f54b,False,13668,oscillated,-1,False,dist2,4
r6b_dist2_x4,coloring,_dist2_x4,3,-1.0,3,ac47,f54b,False,13668,oscillated,-1,False,dist2,4
r6b_dist2_x4,coloring,_dist2_x4,3,-1.0,7,ac48,f54b,False,13668,oscillated,-1,False,dist2,4
r6b_dist2_x4,coloring,_dist2_x4,3,-1.0,7,ac69,f54b,False,13668,oscillated,-1,False,dist2,4
r6b_dist2_x4,coloring,_dist2_x4,3,-1.0,6,ac6b,f54b,False,13668,oscillated,-1,False,dist2,4
r6b_dist2_x4,coloring,_dist2_x4,3,-1.0,3,ad01,f54b,False,13668,oscillated,-1,False,dist2,4
r6b_dist2_x4,coloring,_dist2_x4,3,-1.0,3,ad02,f54b,False,13668,oscillated,-1,False,dist2,4
r6b_dist2_x4,coloring,_dist2_x4,3,-1.0,2,ad03,f54b,False,13668,oscillated,-1,False,dist2,4
r6b_dist2_x4,coloring,_dist2_x4,3,-1.0,3,ad0b,f54b,False,13668,oscillated,-1,False,dist2,4
r6b_dist2_x4,coloring,_dist2_x4,3,-1.0,3,ad23,f54b,False,13668,oscillated,-1,False,dist2,4
r6b_dist2_x4,coloring,_dist2_x4,3,-1.0,3,ad43,f54b,False,13668,oscillated,-1,False,dist2,4
r6b_dist2_x4,coloring,_dist2_x4,3,-1.0,5,ad4a,f54b,False,13668,oscillated,-1,False,dist2,4
r6b_dist2_x4,coloring,_dist2_x4,3,-1.0,3,ad4f,f54b,False,13668,oscillated,-1,False,dist2,4
r6b_dist2_x4,coloring,_dist2_x4,3,-1.0,6,ad60,f54b,False,13668,oscillated,-1,False,dist2,4
r6b_dist2_x4,coloring,_dist2_x4,3,-1.0,5,ad61,f54b,False,13668,oscillated,-1,False,dist2,4
r6b_dist2_x4,coloring,_dist2_x4,2,-1.0,6,b093,aeb6,False,13668,oscillated,-1,False,dist2,4
r6b_dist2_x4,coloring,_dist2_x4,2,-1.0,3,b0b6,aeb6,False,13668,oscillated,-1,False,dist2,4
r6b_dist2_x4,coloring,_dist2_x4,0,-1.0,4,b0e6,aeb6,False,13668,oscillated,-1,False,dist2,4
r6b_dist2_x4,coloring,_dist2_x4,2,-1.0,4,b0f6,aeb6,False,13668,oscillated,-1,False,dist2,4
r6b_dist2_x4,coloring,_dist2_x4,1,-1.0,6,b190,aeb6,False,13668,oscillated,-1,False,dist2,4
r6b_dist2_x4,coloring,_dist2_x4,2,-1.0,6,b1b0,aeb6,False,13668,oscillated,-1,False,dist2,4
r6b_dist2_x4,coloring,_dist2_x4,2,-1.0,4,b1b6,aeb6,False,13668,oscillated,-1,False,dist2,4
r6b_dist2_x4,coloring,_dist2_x4,3,-1.0,5,b205,aeb6,False,13668,oscillated,-1,False,dist2,4
r6b_dist2_x4,coloring,_dist2_x4,2,-1.0,3,b236,aeb6,False,13668,oscillated,-1,False,dist2,4
r6b_dist2_x4,coloring,_dist2_x4,1,-1.0,5,b285,aeb6,False,13668,oscillated,-1,False,dist2,4
r6b_dist2_x4,coloring,_dist2_x4,2,-1.0,3,b296,aeb6,False,13668,oscillated,-1,False,dist2,4
r6b_dist2_x4,coloring,_dist2_x4,2,-1.0,4,b297,aeb6,False,13668,oscillated,-1,False,dist2,4
r6b_dist2_x4,coloring,_dist2_x4,2,-1.0,5,b2a0,aeb6,False,13668,oscillated,-1,False,dist2,4
r6b_dist2_x4,coloring,_dist2_x4,2,-1.0,4,b2a2,aeb6,False,13668,oscillated,-1,False,dist2,4
r6b_dist2_x4,coloring,_dist2_x4,2,-1.0,3,b2a6,aeb6,False,13668,oscillated,-1,False,dist2,4
r6b_dist2_x4,coloring,_dist2_x4,2,-1.0,3,b2b4,aeb6,False,13668,oscillated,-1,False,dist2,4
r6b_dist2_x4,coloring,_dist2_x4,2,-1.0,2,b2b6,aeb6,False,13668,oscillated,-1,False,dist2,4
r6b_dist2_x4,coloring,_dist2_x4,2,-1.0,3,b2b7,aeb6,False,13668,oscillated,-1,False,dist2,4
r6b_dist2_x4,coloring,_dist2_x4,1,-1.0,5,b3a5,aeb6,False,13668,oscillated,-1,False,dist2,4
r6b_dist2_x4,coloring,_dist2_x4,2,-1.0,3,b3b6,aeb6,False,13668,oscillated,-1,False,dist2,4
r6b_dist2_x4,coloring,_dist2_x4,2,-1.0,5,b490,aeb6,False,13668,oscillated,-1,False,dist2,4
r6b_dist2_x4,coloring,_dist2_x4,2,-1.0,4,b492,aeb6,False,13668,oscillated,-1,False,dist2,4
r6b_dist2_x4,coloring,_dist2_x4,2,-1.0,3,b496,aeb6,False,13668,oscillated,-1,False,dist2,4
r6b_dist2_x4,coloring,_dist2_x4,2,-1.0,5,b49c,aeb6,False,13668,oscillated,-1,False,dist2,4
r6b_dist2_x4,coloring,_dist2_x4,0,-1.0,4,b4ac,aeb6,False,13668,oscillated,-1,False,dist2,4
r6b_dist2_x4,coloring,_dist2_x4,0,-1.0,3,b4ae,aeb6,False,13668,oscillated,-1,False,dist2,4
r6b_dist2_x4,coloring,_dist2_x4,2,-1.0,3,b4b2,aeb6,False,13668,oscillated,-1,False,dist2,4
r6b_dist2_x4,coloring,_dist2_x4,2,-1.0,3,b4b4,aeb6,False,13668,oscillated,-1,False,dist2,4
r6b_dist2_x4,coloring,_dist2_x4,2,-1.0,2,b4b6,aeb6,False,13668,oscillated,-1,False,dist2,4
r6b_dist2_x4,coloring,_dist2_x4,2,-1.0,3,b4b7,aeb6,False,13668,oscillated,-1,False,dist2,4
r6b_dist2_x4,coloring,_dist2_x4,2,-1.0,3,b4be,aeb6,False,13668,oscillated,-1,False,dist2,4
r6b_dist2_x4,coloring,_dist2_x4,2,-1.0,4,b4bf,aeb6,False,13668,oscillated,-1,False,dist2,4
r6b_dist2_x4,coloring,_dist2_x4,0,-1.0,3,b4e6,aeb6,False,13668,oscillated,-1,False,dist2,4
r6b_dist2_x4,coloring,_dist2_x4,2,-1.0,3,b4f6,aeb6,False,13668,oscillated,-1,False,dist2,4
r6b_dist2_x4,coloring,_dist2_x4,2,-1.0,3,b5b6,aeb6,False,13668,oscillated,-1,False,dist2,4
r6b_dist2_x4,coloring,_dist2_x4,2,-1.0,5,b5d6,aeb6,False,13668,oscillated,-1,False,dist2,4
r6b_dist2_x4,coloring,_dist2_x4,2,-1.0,6,b5f5,aeb6,False,13668,oscillated,-1,False,dist2,4
r6b_dist2_x4,coloring,_dist2_x4,3,-1.0,3,b607,aeb6,False,13668,oscillated,-1,False,dist2,4
r6b_dist2_x4,coloring,_dist2_x4,2,-1.0,3,b616,aeb6,False,13668,oscillated,-1,False,dist2,4
r6b_dist2_x4,coloring,_dist2_x4,2,-1.0,4,b627,aeb6,False,13668,oscillated,-1,False,dist2,4
r6b_dist2_x4,coloring,_dist2_x4,2,-1.0,3,b634,aeb6,False,13668,oscillated,-1,False,dist2,4
r6b_dist2_x4,coloring,_dist2_x4,2,-1.0,4,b635,aeb6,False,13668,oscillated,-1,False,dist2,4
r6b_dist2_x4,coloring,_dist2_x4,2,-1.0,2,b636,aeb6,False,13668,oscillated,-1,False,dist2,4
r6b_dist2_x4,coloring,_dist2_x4,2,-1.0,3,b637,aeb6,False,13668,oscillated,-1,False,dist2,4
r6b_dist2_x4,coloring,_dist2_x4,2,-1.0,4,b684,aeb6,False,13668,oscillated,-1,False,dist2,4
r6b_dist2_x4,coloring,_dist2_x4,2,-1.0,3,b686,aeb6,False,13668,oscillated,-1,False,dist2,4
r6b_dist2_x4,coloring,_dist2_x4,2,-1.0,3,b694,aeb6,False,13668,oscillated,-1,False,dist2,4
r6b_dist2_x4,coloring,_dist2_x4,2,-1.0,2,b696,aeb6,False,13668,oscillated,-1,False,dist2,4
r6b_dist2_x4,coloring,_dist2_x4,2,-1.0,3,b697,aeb6,False,13668,oscillated,-1,False,dist2,4
r6b_dist2_x4,coloring,_dist2_x4,2,-1.0,4,b6a0,aeb6,False,13668,oscillated,-1,False,dist2,4
r6b_dist2_x4,coloring,_dist2_x4,2,-1.0,3,b6a2,aeb6,False,13668,oscillated,-1,False,dist2,4
r6b_dist2_x4,coloring,_dist2_x4,2,-1.0,3,b6a4,aeb6,False,13668,oscillated,-1,False,dist2,4
r6b_dist2_x4,coloring,_dist2_x4,2,-1.0,2,b6a6,aeb6,False,13668,oscillated,-1,False,dist2,4
r6b_dist2_x4,coloring,_dist2_x4,2,-1.0,3,b6a7,aeb6,False,13668,oscillated,-1,False,dist2,4
r6b_dist2_x4,coloring,_dist2_x4,2,-1.0,3,b6ae,aeb6,False,13668,oscillated,-1,False,dist2,4
r6b_dist2_x4,coloring,_dist2_x4,2,-1.0,2,b6b4,aeb6,False,13668,oscillated,-1,False,dist2,4
r6b_dist2_x4,coloring,_dist2_x4,2,-1.0,3,b6b5,aeb6,False,13668,oscillated,-1,False,dist2,4
r6b_dist2_x4,coloring,_dist2_x4,2,-1.0,1,b6b6,aeb6,False,13668,oscillated,-1,False,dist2,4
r6b_dist2_x4,coloring,_dist2_x4,2,-1.0,2,b6b7,aeb6,False,13668,oscillated,-1,False,dist2,4
r6b_dist2_x4,coloring,_dist2_x4,2,-1.0,4,b726,aeb6,False,13668,oscillated,-1,False,dist2,4
r6b_dist2_x4,coloring,_dist2_x4,2,-1.0,3,b736,aeb6,False,13668,oscillated,-1,False,dist2,4
r6b_dist2_x4,coloring,_dist2_x4,2,-1.0,4,b794,aeb6,False,13668,oscillated,-1,False,dist2,4
r6b_dist2_x4,coloring,_dist2_x4,2,-1.0,3,b796,aeb6,False,13668,oscillated,-1,False,dist2,4
r6b_dist2_x4,coloring,_dist2_x4,2,-1.0,3,b7a6,aeb6,False,13668,oscillated,-1,False,dist2,4
r6b_dist2_x4,coloring,_dist2_x4,2,-1.0,5,b7ac,aeb6,False,13668,oscillated,-1,False,dist2,4
r6b_dist2_x4,coloring,_dist2_x4,2,-1.0,3,b7b4,aeb6,False,13668,oscillated,-1,False,dist2,4
r6b_dist2_x4,coloring,_dist2_x4,2,-1.0,2,b7b6,aeb6,False,13668,oscillated,-1,False,dist2,4
r6b_dist2_x4,coloring,_dist2_x4,2,-1.0,3,b7b7,aeb6,False,13668,oscillated,-1,False,dist2,4
r6b_dist2_x4,coloring,_dist2_x4,3,-1.0,4,ba0f,bd17,False,13668,oscillated,-1,False,dist2,4
r6b_dist2_x4,coloring,_dist2_x4,3,-1.0,3,bb03,bd17,False,13668,oscillated,-1,False,dist2,4
r6b_dist2_x4,coloring,_dist2_x4,3,-1.0,3,bb05,bd17,False,13668,oscillated,-1,False,dist2,4
r6b_dist2_x4,coloring,_dist2_x4,3,-1.0,2,bb07,bd17,False,13668,oscillated,-1,False,dist2,4
r6b_dist2_x4,coloring,_dist2_x4,3,-1.0,3,bb0f,bd17,False,13668,oscillated,-1,False,dist2,4
r6b_dist2_x4,coloring,_dist2_x4,1,-1.0,3,bb85,bd17,False,13668,oscillated,-1,False,dist2,4
r6b_dist2_x4,coloring,_dist2_x4,3,-1.0,4,be01,bd17,False,13668,oscillated,-1,False,dist2,4
r6b_dist2_x4,coloring,_dist2_x4,3,-1.0,3,be03,bd17,False,13668,oscillated,-1,False,dist2,4
r6b_dist2_x4,coloring,_dist2_x4,3,-1.0,3,be0f,bd17,False,13668,oscillated,-1,False,dist2,4
r6b_dist2_x4,coloring,_dist2_x4,3,-1.0,3,bf01,bd17,False,13668,oscillated,-1,False,dist2,4
r6b_dist2_x4,coloring,_dist2_x4,3,-1.0,3,bf02,bd17,False,13668,oscillated,-1,False,dist2,4
r6b_dist2_x4,coloring,_dist2_x4,3,-1.0,2,bf03,bd17,False,13668,oscillated,-1,False,dist2,4
r6b_dist2_x4,coloring,_dist2_x4,3,-1.0,2,bf05,bd17,False,13668,oscillated,-1,False,dist2,4
r6b_dist2_x4,coloring,_dist2_x4,3,-1.0,1,bf07,bd17,False,13668,oscillated,-1,False,dist2,4
r6b_dist2_x4,coloring,_dist2_x4,3,-1.0,3,bf0d,bd17,False,13668,oscillated,-1,False,dist2,4
r6b_dist2_x4,coloring,_dist2_x4,3,-1.0,3,bf0e,bd17,False,13668,oscillated,-1,False,dist2,4
r6b_dist2_x4,coloring,_dist2_x4,3,-1.0,2,bf0f,bd17,False,13668,oscillated,-1,False,dist2,4
r6b_dist2_x4,coloring,_dist2_x4,3,-1.0,3,bf23,bd17,False,13668,oscillated,-1,False,dist2,4
r6b_dist2_x4,coloring,_dist2_x4,3,-1.0,4,bf2d,bd17,False,13668,oscillated,-1,False,dist2,4
r6b_dist2_x4,coloring,_dist2_x4,3,-1.0,3,bf2f,bd17,False,13668,oscillated,-1,False,dist2,4
r6b_dist2_x4,coloring,_dist2_x4,2,-1.0,8,c0fb,42e8,False,13668,oscillated,-1,False,dist2,4
r6b_dist2_x4,coloring,_dist2_x4,2,-1.0,7,c0ff,42e8,False,13668,oscillated,-1,False,dist2,4
r6b_dist2_x4,coloring,_dist2_x4,2,-1.0,6,c4f0,e6ea,False,13668,oscillated,-1,False,dist2,4
r6b_dist2_x4,coloring,_dist2_x4,2,-1.0,5,c4fe,e6ea,False,13668,oscillated,-1,False,dist2,4
r6b_dist2_x4,coloring,_dist2_x4,3,-1.0,8,c949,5149,False,13668,oscillated,-1,False,dist2,4
r6b_dist2_x4,coloring,_dist2_x4,1,-1.0,9,c979,5149,False,13668,oscillated,-1,False,dist2,4
r6b_dist2_x4,coloring,_dist2_x4,0,-1.0,9,c9f8,5149,False,13668,oscillated,-1,False,dist2,4
r6b_dist2_x4,coloring,_dist2_x4,0,-1.0,10,ca48,5149,False,13668,oscillated,-1,False,dist2,4
r6b_dist2_x4,coloring,_dist2_x4,3,-1.0,9,ca4b,5149,False,13668,oscillated,-1,False,dist2,4
r6b_dist2_x4,coloring,_dist2_x4,3,-1.0,8,cb4e,5149,False,13668,oscillated,-1,False,dist2,4
r6b_dist2_x4,coloring,_dist2_x4,3,-1.0,7,cb4f,5149,False,13668,oscillated,-1,False,dist2,4
r6b_dist2_x4,coloring,_dist2_x4,0,-1.0,9,cb60,5149,False,13668,oscillated,-1,False,dist2,4
r6b_dist2_x4,coloring,_dist2_x4,0,-1.0,9,cb6a,5149,False,13668,oscillated,-1,False,dist2,4
r6b_dist2_x4,coloring,_dist2_x4,3,-1.0,9,cb6b,5149,False,13668,oscillated,-1,False,dist2,4
r6b_dist2_x4,coloring,_dist2_x4,1,-1.0,8,cb6d,5149,False,13668,oscillated,-1,False,dist2,4
r6b_dist2_x4,coloring,_dist2_x4,3,-1.0,8,cc49,f54b,False,13668,oscillated,-1,False,dist2,4
r6b_dist2_x4,coloring,_dist2_x4,0,-1.0,8,cc50,f54b,False,13668,oscillated,-1,False,dist2,4
r6b_dist2_x4,coloring,_dist2_x4,3,-1.0,8,cc5d,f54b,False,13668,oscillated,-1,False,dist2,4
r6b_dist2_x4,coloring,_dist2_x4,0,-1.0,9,ccd9,f54b,False,13668,oscillated,-1,False,dist2,4
r6b_dist2_x4,coloring,_dist2_x4,3,-1.0,8,cd5a,f54b,False,13668,oscillated,-1,False,dist2,4
r6b_dist2_x4,coloring,_dist2_x4,3,-1.0,7,cd6b,f54b,False,13668,oscillated,-1,False,dist2,4
r6b_dist2_x4,coloring,_dist2_x4,0,-1.0,8,cd70,f54b,False,13668,oscillated,-1,False,dist2,4
r6b_dist2_x4,coloring,_dist2_x4,3,-1.0,7,cd7f,f54b,False,13668,oscillated,-1,False,dist2,4
r6b_dist2_x4,coloring,_dist2_x4,0,-1.0,8,cdc8,f54b,False,13668,oscillated,-1,False,dist2,4
r6b_dist2_x4,coloring,_dist2_x4,0,-1.0,8,ce08,f54b,False,13668,oscillated,-1,False,dist2,4
r6b_dist2_x4,coloring,_dist2_x4,3,-1.0,7,cf09,f54b,False,13668,oscillated,-1,False,dist2,4
r6b_dist2_x4,coloring,_dist2_x4,3,-1.0,6,cf0b,f54b,False,13668,oscillated,-1,False,dist2,4
r6b_dist2_x4,coloring,_dist2_x4,3,-1.0,6,cf43,f54b,False,13668,oscillated,-1,False,dist2,4
r6b_dist2_x4,coloring,_dist2_x4,3,-1.0,7,cf6f,f54b,False,13668,oscillated,-1,False,dist2,4
r6b_dist2_x4,coloring,_dist2_x4,2,-1.0,5,d2be,ab4,False,13668,oscillated,-1,False,dist2,4
r6b_dist2_x4,coloring,_dist2_x4,1,-1.0,6,d398,ab4,False,13668,oscillated,-1,False,dist2,4
r6b_dist2_x4,coloring,_dist2_x4,1,-1.0,7,d39a,ab4,False,13668,oscillated,-1,False,dist2,4
r6b_dist2_x4,coloring,_dist2_x4,1,-1.0,5,d39c,ab4,False,13668,oscillated,-1,False,dist2,4
r6b_dist2_x4,coloring,_dist2_x4,2,-1.0,6,d3b2,ab4,False,13668,oscillated,-1,False,dist2,4
r6b_dist2_x4,coloring,_dist2_x4,1,-1.0,4,d3b5,ab4,False,13668,oscillated,-1,False,dist2,4
r6b_dist2_x4,coloring,_dist2_x4,2,-1.0,5,d3b6,ab4,False,13668,oscillated,-1,False,dist2,4
r6b_dist2_x4,coloring,_dist2_x4,1,-1.0,5,d3bd,ab4,False,13668,oscillated,-1,False,dist2,4
r6b_dist2_x4,coloring,_dist2_x4,1,-1.0,7,d3f3,ab4,False,13668,oscillated,-1,False,dist2,4
r6b_dist2_x4,coloring,_dist2_x4,2,-1.0,6,d690,aeb6,False,13668,oscillated,-1,False,dist2,4
r6b_dist2_x4,coloring,_dist2_x4,2,-1.0,5,d692,aeb6,False,13668,oscillated,-1,False,dist2,4
r6b_dist2_x4,coloring,_dist2_x4,2,-1.0,5,d697,aeb6,False,13668,oscillated,-1,False,dist2,4
r6b_dist2_x4,coloring,_dist2_x4,2,-1.0,7,d69b,aeb6,False,13668,oscillated,-1,False,dist2,4
r6b_dist2_x4,coloring,_dist2_x4,2,-1.0,5,d6b0,aeb6,False,13668,oscillated,-1,False,dist2,4
r6b_dist2_x4,coloring,_dist2_x4,2,-1.0,4,d6b2,aeb6,False,13668,oscillated,-1,False,dist2,4
r6b_dist2_x4,coloring,_dist2_x4,2,-1.0,3,d6b6,aeb6,False,13668,oscillated,-1,False,dist2,4
r6b_dist2_x4,coloring,_dist2_x4,2,-1.0,6,d6d7,aeb6,False,13668,oscillated,-1,False,dist2,4
r6b_dist2_x4,coloring,_dist2_x4,1,-1.0,7,d798,aeb6,False,13668,oscillated,-1,False,dist2,4
r6b_dist2_x4,coloring,_dist2_x4,2,-1.0,5,d7b2,aeb6,False,13668,oscillated,-1,False,dist2,4
r6b_dist2_x4,coloring,_dist2_x4,2,-1.0,5,d7b4,aeb6,False,13668,oscillated,-1,False,dist2,4
r6b_dist2_x4,coloring,_dist2_x4,1,-1.0,6,d7bd,aeb6,False,13668,oscillated,-1,False,dist2,4
r6b_dist2_x4,coloring,_dist2_x4,0,-1.0,7,d7c4,eeb6,False,13668,oscillated,-1,False,dist2,4
r6b_dist2_x4,coloring,_dist2_x4,2,-1.0,7,e1fc,e6ea,False,13668,oscillated,-1,False,dist2,4
r6b_dist2_x4,coloring,_dist2_x4,2,-1.0,6,e1fe,e6ea,False,13668,oscillated,-1,False,dist2,4
r6b_dist2_x4,coloring,_dist2_x4,2,-1.0,4,e4fe,e6ea,False,13668,oscillated,-1,False,dist2,4
r6b_dist2_x4,coloring,_dist2_x4,3,-1.0,8,e85b,f54b,False,13668,oscillated,-1,False,dist2,4
r6b_dist2_x4,coloring,_dist2_x4,0,-1.0,9,e8d9,f54b,False,13668,oscillated,-1,False,dist2,4
r6b_dist2_x4,coloring,_dist2_x4,3,-1.0,6,e94b,f54b,False,13668,oscillated,-1,False,dist2,4
r6b_dist2_x4,coloring,_dist2_x4,3,-1.0,7,e95e,f54b,False,13668,oscillated,-1,False,dist2,4
r6b_dist2_x4,coloring,_dist2_x4,0,-1.0,8,e9fb,f54b,False,13668,oscillated,-1,False,dist2,4
r6b_dist2_x4,coloring,_dist2_x4,3,-1.0,7,ea0b,f54b,False,13668,oscillated,-1,False,dist2,4
r6b_dist2_x4,coloring,_dist2_x4,0,-1.0,8,ea29,f54b,False,13668,oscillated,-1,False,dist2,4
r6b_dist2_x4,coloring,_dist2_x4,0,-1.0,8,ea40,f54b,False,13668,oscillated,-1,False,dist2,4
r6b_dist2_x4,coloring,_dist2_x4,0,-1.0,7,ea63,f54b,False,13668,oscillated,-1,False,dist2,4
r6b_dist2_x4,coloring,_dist2_x4,0,-1.0,9,ea69,f54b,False,13668,oscillated,-1,False,dist2,4
r6b_dist2_x4,coloring,_dist2_x4,0,-1.0,8,eb6a,f54b,False,13668,oscillated,-1,False,dist2,4
r6b_dist2_x4,coloring,_dist2_x4,0,-1.0,7,ec5a,f54b,False,13668,oscillated,-1,False,dist2,4
r6b_dist2_x4,coloring,_dist2_x4,0,-1.0,7,ecc9,f54b,False,13668,oscillated,-1,False,dist2,4
r6b_dist2_x4,coloring,_dist2_x4,3,-1.0,7,ed71,f54b,False,13668,oscillated,-1,False,dist2,4
r6b_dist2_x4,coloring,_dist2_x4,3,-1.0,6,edcb,f54b,False,13668,oscillated,-1,False,dist2,4
r6b_dist2_x4,coloring,_dist2_x4,3,-1.0,7,ee41,f54b,False,13668,oscillated,-1,False,dist2,4
r6b_dist2_x4,coloring,_dist2_x4,3,-1.0,6,ef42,f54b,False,13668,oscillated,-1,False,dist2,4
r6b_dist2_x4,coloring,_dist2_x4,3,-1.0,6,ef4e,f54b,False,13668,oscillated,-1,False,dist2,4
r6b_dist2_x4,coloring,_dist2_x4,3,-1.0,5,ef4f,f54b,False,13668,oscillated,-1,False,dist2,4
r6b_dist2_x4,coloring,_dist2_x4,0,-1.0,6,ef62,f54b,False,13668,oscillated,-1,False,dist2,4
r6b_dist2_x4,coloring,_dist2_x4,0,-1.0,7,ef6a,f54b,False,13668,oscillated,-1,False,dist2,4
r6b_dist2_x4,coloring,_dist2_x4,2,-1.0,4,f296,aeb6,False,13668,oscillated,-1,False,dist2,4
r6b_dist2_x4,coloring,_dist2_x4,2,-1.0,5,f297,aeb6,False,13668,oscillated,-1,False,dist2,4
r6b_dist2_x4,coloring,_dist2_x4,2,-1.0,5,f2b3,aeb6,False,13668,oscillated,-1,False,dist2,4
r6b_dist2_x4,coloring,_dist2_x4,2,-1.0,3,f2b6,aeb6,False,13668,oscillated,-1,False,dist2,4
r6b_dist2_x4,coloring,_dist2_x4,2,-1.0,6,f2bd,aeb6,False,13668,oscillated,-1,False,dist2,4
r6b_dist2_x4,coloring,_dist2_x4,2,-1.0,6,f2de,aeb6,False,13668,oscillated,-1,False,dist2,4
r6b_dist2_x4,coloring,_dist2_x4,2,-1.0,5,f2fe,aeb6,False,13668,oscillated,-1,False,dist2,4
r6b_dist2_x4,coloring,_dist2_x4,2,-1.0,6,f392,aeb6,False,13668,oscillated,-1,False,dist2,4
r6b_dist2_x4,coloring,_dist2_x4,1,-1.0,6,f3d4,aeb6,False,13668,oscillated,-1,False,dist2,4
r6b_dist2_x4,coloring,_dist2_x4,2,-1.0,3,f696,aeb6,False,13668,oscillated,-1,False,dist2,4
r6b_dist2_x4,coloring,_dist2_x4,2,-1.0,3,f6b2,aeb6,False,13668,oscillated,-1,False,dist2,4
r6b_dist2_x4,coloring,_dist2_x4,2,-1.0,3,f6b4,aeb6,False,13668,oscillated,-1,False,dist2,4
r6b_dist2_x4,coloring,_dist2_x4,2,-1.0,2,f6b6,aeb6,False,13668,oscillated,-1,False,dist2,4
r6b_dist2_x4,coloring,_dist2_x4,2,-1.0,3,f6b7,aeb6,False,13668,oscillated,-1,False,dist2,4
r6b_dist2_x4,coloring,_dist2_x4,2,-1.0,3,f6be,aeb6,False,13668,oscillated,-1,False,dist2,4
r6b_dist2_x4,coloring,_dist2_x4,2,-1.0,4,f6bf,aeb6,False,13668,oscillated,-1,False,dist2,4
r6b_dist2_x4,coloring,_dist2_x4,2,-1.0,3,f6f6,aeb6,False,13668,oscillated,-1,False,dist2,4
r6b_dist2_x4,coloring,_dist2_x4,2,-1.0,4,f6fe,aeb6,False,13668,oscillated,-1,False,dist2,4
r6b_dist2_x4,coloring,_dist2_x4,2,-1.0,3,f7b6,aeb6,False,13668,oscillated,-1,False,dist2,4
r6b_dist2_x4,coloring,_dist2_x4,2,-1.0,6,f7bb,aeb6,False,13668,oscillated,-1,False,dist2,4
r6b_dist2_x4,coloring,_dist2_x4,0,-1.0,6,f7c4,eeb6,False,13668,oscillated,-1,False,dist2,4
r6b_dist2_x16,coloring,_dist2_x16,1,-1.0,8,840,4949,False,54372,oscillated,-1,False,dist2,16
r6b_dist2_x16,coloring,_dist2_x16,3,-1.0,7,966,4949,False,54372,oscillated,-1,False,dist2,16
r6b_dist2_x16,coloring,_dist2_x16,3,-1.0,6,c0b,4949,False,54372,oscillated,-1,False,dist2,16
r6b_dist2_x16,coloring,_dist2_x16,3,-1.0,7,c0c,4949,False,54372,oscillated,-1,False,dist2,16
r6b_dist2_x16,coloring,_dist2_x16,3,-1.0,7,d2a,4949,False,54372,oscillated,-1,False,dist2,16
r6b_dist2_x16,coloring,_dist2_x16,3,-1.0,6,d4d,4949,False,54372,oscillated,-1,False,dist2,16
r6b_dist2_x16,coloring,_dist2_x16,3,-1.0,7,d6e,4949,False,54372,oscillated,-1,False,dist2,16
r6b_dist2_x16,coloring,_dist2_x16,1,-1.0,3,1095,12b4,False,54372,oscillated,-1,False,dist2,16
r6b_dist2_x16,coloring,_dist2_x16,1,-1.0,5,10b7,12b4,False,54372,oscillated,-1,False,dist2,16
r6b_dist2_x16,coloring,_dist2_x16,1,-1.0,5,10bd,12b4,False,54372,oscillated,-1,False,dist2,16
r6b_dist2_x16,coloring,_dist2_x16,1,-1.0,6,10bf,12b4,False,54372,oscillated,-1,False,dist2,16
r6b_dist2_x16,coloring,_dist2_x16,1,-1.0,3,1194,12b4,False,54372,oscillated,-1,False,dist2,16
r6b_dist2_x16,coloring,_dist2_x16,1,-1.0,3,11b5,12b4,False,54372,oscillated,-1,False,dist2,16
r6b_dist2_x16,coloring,_dist2_x16,1,-1.0,3,1215,12b4,False,54372,oscillated,-1,False,dist2,16
r6b_dist2_x16,coloring,_dist2_x16,1,-1.0,5,1280,12b4,False,54372,oscillated,-1,False,dist2,16
r6b_dist2_x16,coloring,_dist2_x16,1,-1.0,3,1285,12b4,False,54372,oscillated,-1,False,dist2,16
r6b_dist2_x16,coloring,_dist2_x16,1,-1.0,4,1287,12b4,False,54372,oscillated,-1,False,dist2,16
r6b_dist2_x16,coloring,_dist2_x16,1,-1.0,3,1294,12b4,False,54372,oscillated,-1,False,dist2,16
r6b_dist2_x16,coloring,_dist2_x16,1,-1.0,2,1295,12b4,False,54372,oscillated,-1,False,dist2,16
r6b_dist2_x16,coloring,_dist2_x16,1,-1.0,3,1297,12b4,False,54372,oscillated,-1,False,dist2,16
r6b_dist2_x16,coloring,_dist2_x16,1,-1.0,5,12a1,12b4,False,54372,oscillated,-1,False,dist2,16
r6b_dist2_x16,coloring,_dist2_x16,1,-1.0,3,12b5,12b4,False,54372,oscillated,-1,False,dist2,16
r6b_dist2_x16,coloring,_dist2_x16,1,-1.0,3,1384,12b4,False,54372,oscillated,-1,False,dist2,16
r6b_dist2_x16,coloring,_dist2_x16,1,-1.0,2,1394,12b4,False,54372,oscillated,-1,False,dist2,16
r6b_dist2_x16,coloring,_dist2_x16,1,-1.0,3,1396,12b4,False,54372,oscillated,-1,False,dist2,16
r6b_dist2_x16,coloring,_dist2_x16,1,-1.0,6,13a2,12b4,False,54372,oscillated,-1,False,dist2,16
r6b_dist2_x16,coloring,_dist2_x16,1,-1.0,3,13a5,12b4,False,54372,oscillated,-1,False,dist2,16
r6b_dist2_x16,coloring,_dist2_x16,1,-1.0,3,13b4,12b4,False,54372,oscillated,-1,False,dist2,16
r6b_dist2_x16,coloring,_dist2_x16,1,-1.0,2,13b5,12b4,False,54372,oscillated,-1,False,dist2,16
r6b_dist2_x16,coloring,_dist2_x16,1,-1.0,3,13b7,12b4,False,54372,oscillated,-1,False,dist2,16
r6b_dist2_x16,coloring,_dist2_x16,2,-1.0,6,1492,12b4,False,54372,oscillated,-1,False,dist2,16
r6b_dist2_x16,coloring,_dist2_x16,1,-1.0,5,1497,12b4,False,54372,oscillated,-1,False,dist2,16
r6b_dist2_x16,coloring,_dist2_x16,1,-1.0,6,14d7,12b4,False,54372,oscillated,-1,False,dist2,16
r6b_dist2_x16,coloring,_dist2_x16,2,-1.0,5,15b6,12b4,False,54372,oscillated,-1,False,dist2,16
r6b_dist2_x16,coloring,_dist2_x16,1,-1.0,5,1605,12b4,False,54372,oscillated,-1,False,dist2,16
r6b_dist2_x16,coloring,_dist2_x16,2,-1.0,5,1686,12b4,False,54372,oscillated,-1,False,dist2,16
r6b_dist2_x16,coloring,_dist2_x16,1,-1.0,5,1687,12b4,False,54372,oscillated,-1,False,dist2,16
r6b_dist2_x16,coloring,_dist2_x16,1,-1.0,3,1695,12b4,False,54372,oscillated,-1,False,dist2,16
r6b_dist2_x16,coloring,_dist2_x16,2,-1.0,4,1696,12b4,False,54372,oscillated,-1,False,dist2,16
r6b_dist2_x16,coloring,_dist2_x16,1,-1.0,6,16a1,12b4,False,54372,oscillated,-1,False,dist2,16
r6b_dist2_x16,coloring,_dist2_x16,2,-1.0,6,16ac,12b4,False,54372,oscillated,-1,False,dist2,16
r6b_dist2_x16,coloring,_dist2_x16,2,-1.0,3,16b6,12b4,False,54372,oscillated,-1,False,dist2,16
r6b_dist2_x16,coloring,_dist2_x16,2,-1.0,4,16b7,12b4,False,54372,oscillated,-1,False,dist2,16
r6b_dist2_x16,coloring,_dist2_x16,1,-1.0,3,1794,12b4,False,54372,oscillated,-1,False,dist2,16
r6b_dist2_x16,coloring,_dist2_x16,1,-1.0,3,17b5,12b4,False,54372,oscillated,-1,False,dist2,16
r6b_dist2_x16,coloring,_dist2_x16,1,-1.0,4,1a01,1b85,False,54372,oscillated,-1,False,dist2,16
r6b_dist2_x16,coloring,_dist2_x16,1,-1.0,3,1b01,1b85,False,54372,oscillated,-1,False,dist2,16
r6b_dist2_x16,coloring,_dist2_x16,1,-1.0,2,1b05,1b85,False,54372,oscillated,-1,False,dist2,16
r6b_dist2_x16,coloring,_dist2_x16,1,-1.0,3,1b07,1b85,False,54372,oscillated,-1,False,dist2,16
r6b_dist2_x16,coloring,_dist2_x16,1,-1.0,3,1b0d,1b85,False,54372,oscillated,-1,False,dist2,16
r6b_dist2_x16,coloring,_dist2_x16,1,-1.0,3,1f05,1b85,False,54372,oscillated,-1,False,dist2,16
r6b_dist2_x16,coloring,_dist2_x16,3,-1.0,3,1f07,1b85,False,54372,oscillated,-1,False,dist2,16
r6b_dist2_x16,coloring,_dist2_x16,1,-1.0,3,1f87,1b85,False,54372,oscillated,-1,False,dist2,16
r6b_dist2_x16,coloring,_dist2_x16,3,-1.0,5,2902,4949,False,54372,oscillated,-1,False,dist2,16
r6b_dist2_x16,coloring,_dist2_x16,3,-1.0,7,292a,4949,False,54372,oscillated,-1,False,dist2,16
r6b_dist2_x16,coloring,_dist2_x16,3,-1.0,7,2c29,ed4b,False,54372,oscillated,-1,False,dist2,16
r6b_dist2_x16,coloring,_dist2_x16,3,-1.0,7,2c61,ed4b,False,54372,oscillated,-1,False,dist2,16
r6b_dist2_x16,coloring,_dist2_x16,3,-1.0,5,2c67,ed4b,False,54372,oscillated,-1,False,dist2,16
r6b_dist2_x16,coloring,_dist2_x16,3,-1.0,3,2d03,ed4b,False,54372,oscillated,-1,False,dist2,16
r6b_dist2_x16,coloring,_dist2_x16,3,-1.0,5,2d09,ed4b,False,54372,oscillated,-1,False,dist2,16
r6b_dist2_x16,coloring,_dist2_x16,3,-1.0,4,2d43,ed4b,False,54372,oscillated,-1,False,dist2,16
r6b_dist2_x16,coloring,_dist2_x16,3,-1.0,6,2d4a,ed4b,False,54372,oscillated,-1,False,dist2,16
r6b_dist2_x16,coloring,_dist2_x16,3,-1.0,7,2d6a,ed4b,False,54372,oscillated,-1,False,dist2,16
r6b_dist2_x16,coloring,_dist2_x16,0,-1.0,5,30ae,12b4,False,54372,oscillated,-1,False,dist2,16
r6b_dist2_x16,coloring,_dist2_x16,2,-1.0,4,30b6,12b4,False,54372,oscillated,-1,False,dist2,16
r6b_dist2_x16,coloring,_dist2_x16,2,-1.0,6,30f4,12b4,False,54372,oscillated,-1,False,dist2,16
r6b_dist2_x16,coloring,_dist2_x16,1,-1.0,6,30f5,12b4,False,54372,oscillated,-1,False,dist2,16
r6b_dist2_x16,coloring,_dist2_x16,1,-1.0,6,31f7,12b4,False,54372,oscillated,-1,False,dist2,16
r6b_dist2_x16,coloring,_dist2_x16,2,-1.0,5,3286,12b4,False,54372,oscillated,-1,False,dist2,16
r6b_dist2_x16,coloring,_dist2_x16,1,-1.0,5,328d,12b4,False,54372,oscillated,-1,False,dist2,16
r6b_dist2_x16,coloring,_dist2_x16,1,-1.0,4,3294,12b4,False,54372,oscillated,-1,False,dist2,16
r6b_dist2_x16,coloring,_dist2_x16,1,-1.0,3,3295,12b4,False,54372,oscillated,-1,False,dist2,16
r6b_dist2_x16,coloring,_dist2_x16,2,-1.0,4,32a6,12b4,False,54372,oscillated,-1,False,dist2,16
r6b_dist2_x16,coloring,_dist2_x16,2,-1.0,5,32a7,12b4,False,54372,oscillated,-1,False,dist2,16
r6b_dist2_x16,coloring,_dist2_x16,2,-1.0,3,32b6,12b4,False,54372,oscillated,-1,False,dist2,16
r6b_dist2_x16,coloring,_dist2_x16,2,-1.0,4,32b7,12b4,False,54372,oscillated,-1,False,dist2,16
r6b_dist2_x16,coloring,_dist2_x16,2,-1.0,6,3326,12b4,False,54372,oscillated,-1,False,dist2,16
r6b_dist2_x16,coloring,_dist2_x16,1,-1.0,5,3334,12b4,False,54372,oscillated,-1,False,dist2,16
r6b_dist2_x16,coloring,_dist2_x16,2,-1.0,5,3336,12b4,False,54372,oscillated,-1,False,dist2,16
r6b_dist2_x16,coloring,_dist2_x16,1,-1.0,5,3386,12b4,False,54372,oscillated,-1,False,dist2,16
r6b_dist2_x16,coloring,_dist2_x16,1,-1.0,6,338e,12b4,False,54372,oscillated,-1,False,dist2,16
r6b_dist2_x16,coloring,_dist2_x16,1,-1.0,3,3394,12b4,False,54372,oscillated,-1,False,dist2,16
r6b_dist2_x16,coloring,_dist2_x16,1,-1.0,5,33a1,12b4,False,54372,oscillated,-1,False,dist2,16
r6b_dist2_x16,coloring,_dist2_x16,1,-1.0,3,33b5,12b4,False,54372,oscillated,-1,False,dist2,16
r6b_dist2_x16,coloring,_dist2_x16,2,-1.0,4,33b6,12b4,False,54372,oscillated,-1,False,dist2,16
r6b_dist2_x16,coloring,_dist2_x16,2,-1.0,4,3496,b6b6,False,54372,oscillated,-1,False,dist2,16
r6b_dist2_x16,coloring,_dist2_x16,2,-1.0,4,34b4,b6b6,False,54372,oscillated,-1,False,dist2,16
r6b_dist2_x16,coloring,_dist2_x16,2,-1.0,5,34b5,b6b6,False,54372,oscillated,-1,False,dist2,16
r6b_dist2_x16,coloring,_dist2_x16,2,-1.0,3,34b6,b6b6,False,54372,oscillated,-1,False,dist2,16
r6b_dist2_x16,coloring,_dist2_x16,1,-1.0,6,34d5,b6b6,False,54372,oscillated,-1,False,dist2,16
r6b_dist2_x16,coloring,_dist2_x16,2,-1.0,6,34f5,b6b6,False,54372,oscillated,-1,False,dist2,16
r6b_dist2_x16,coloring,_dist2_x16,2,-1.0,6,35f7,b6b6,False,54372,oscillated,-1,False,dist2,16
r6b_dist2_x16,coloring,_dist2_x16,2,-1.0,3,3636,b6b6,False,54372,oscillated,-1,False,dist2,16
r6b_dist2_x16,coloring,_dist2_x16,2,-1.0,5,3684,b6b6,False,54372,oscillated,-1,False,dist2,16
r6b_dist2_x16,coloring,_dist2_x16,2,-1.0,5,3687,b6b6,False,54372,oscillated,-1,False,dist2,16
r6b_dist2_x16,coloring,_dist2_x16,1,-1.0,6,368d,b6b6,False,54372,oscillated,-1,False,dist2,16
r6b_dist2_x16,coloring,_dist2_x16,2,-1.0,3,3696,b6b6,False,54372,oscillated,-1,False,dist2,16
r6b_dist2_x16,coloring,_dist2_x16,2,-1.0,5,36a3,b6b6,False,54372,oscillated,-1,False,dist2,16
r6b_dist2_x16,coloring,_dist2_x16,2,-1.0,5,36a5,b6b6,False,54372,oscillated,-1,False,dist2,16
r6b_dist2_x16,coloring,_dist2_x16,2,-1.0,3,36a6,b6b6,False,54372,oscillated,-1,False,dist2,16
r6b_dist2_x16,coloring,_dist2_x16,2,-1.0,3,36b4,b6b6,False,54372,oscillated,-1,False,dist2,16
r6b_dist2_x16,coloring,_dist2_x16,2,-1.0,2,36b6,b6b6,False,54372,oscillated,-1,False,dist2,16
r6b_dist2_x16,coloring,_dist2_x16,2,-1.0,3,36b7,b6b6,False,54372,oscillated,-1,False,dist2,16
r6b_dist2_x16,coloring,_dist2_x16,2,-1.0,6,37ac,b6b6,False,54372,oscillated,-1,False,dist2,16
r6b_dist2_x16,coloring,_dist2_x16,2,-1.0,6,37af,b6b6,False,54372,oscillated,-1,False,dist2,16
r6b_dist2_x16,coloring,_dist2_x16,2,-1.0,3,37b6,b6b6,False,54372,oscillated,-1,False,dist2,16
r6b_dist2_x16,coloring,_dist2_x16,1,-1.0,3,3b05,1b85,False,54372,oscillated,-1,False,dist2,16
r6b_dist2_x16,coloring,_dist2_x16,3,-1.0,3,3b07,1b85,False,54372,oscillated,-1,False,dist2,16
r6b_dist2_x16,coloring,_dist2_x16,1,-1.0,3,3b87,1b85,False,54372,oscillated,-1,False,dist2,16
r6b_dist2_x16,coloring,_dist2_x16,1,-1.0,4,3b8f,1b85,False,54372,oscillated,-1,False,dist2,16
r6b_dist2_x16,coloring,_dist2_x16,3,-1.0,3,3f03,bf87,False,54372,oscillated,-1,False,dist2,16
r6b_dist2_x16,coloring,_dist2_x16,3,-1.0,3,3f05,bf87,False,54372,oscillated,-1,False,dist2,16
r6b_dist2_x16,coloring,_dist2_x16,3,-1.0,2,3f07,bf87,False,54372,oscillated,-1,False,dist2,16
r6b_dist2_x16,coloring,_dist2_x16,3,-1.0,4,3f0e,bf87,False,54372,oscillated,-1,False,dist2,16
r6b_dist2_x16,coloring,_dist2_x16,3,-1.0,3,3f0f,bf87,False,54372,oscillated,-1,False,dist2,16
r6b_dist2_x16,coloring,_dist2_x16,1,-1.0,3,3f85,bf87,False,54372,oscillated,-1,False,dist2,16
r6b_dist2_x16,coloring,_dist2_x16,2,-1.0,8,40fc,4078,False,54372,oscillated,-1,False,dist2,16
r6b_dist2_x16,coloring,_dist2_x16,0,-1.0,9,484a,4949,False,54372,oscillated,-1,False,dist2,16
r6b_dist2_x16,coloring,_dist2_x16,1,-1.0,8,48c9,4949,False,54372,oscillated,-1,False,dist2,16
r6b_dist2_x16,coloring,_dist2_x16,1,-1.0,8,4958,4949,False,54372,oscillated,-1,False,dist2,16
r6b_dist2_x16,coloring,_dist2_x16,1,-1.0,7,4a41,4949,False,54372,oscillated,-1,False,dist2,16
r6b_dist2_x16,coloring,_dist2_x16,1,-1.0,9,4a4b,4949,False,54372,oscillated,-1,False,dist2,16
r6b_dist2_x16,coloring,_dist2_x16,0,-1.0,9,4b2a,4949,False,54372,oscillated,-1,False,dist2,16
r6b_dist2_x16,coloring,_dist2_x16,1,-1.0,8,4b4b,4949,False,54372,oscillated,-1,False,dist2,16
r6b_dist2_x16,coloring,_dist2_x16,0,-1.0,9,4d7c,4949,False,54372,oscillated,-1,False,dist2,16
r6b_dist2_x16,coloring,_dist2_x16,0,-1.0,9,4e08,4949,False,54372,oscillated,-1,False,dist2,16
r6b_dist2_x16,coloring,_dist2_x16,0,-1.0,9,4e61,4949,False,54372,oscillated,-1,False,dist2,16
r6b_dist2_x16,coloring,_dist2_x16,1,-1.0,7,4f09,4949,False,54372,oscillated,-1,False,dist2,16
r6b_dist2_x16,coloring,_dist2_x16,3,-1.0,7,4f4f,4949,False,54372,oscillated,-1,False,dist2,16
r6b_dist2_x16,coloring,_dist2_x16,1,-1.0,3,5295,12b4,False,54372,oscillated,-1,False,dist2,16
r6b_dist2_x16,coloring,_dist2_x16,1,-1.0,5,52b7,12b4,False,54372,oscillated,-1,False,dist2,16
r6b_dist2_x16,coloring,_dist2_x16,1,-1.0,6,52bf,12b4,False,54372,oscillated,-1,False,dist2,16
r6b_dist2_x16,coloring,_dist2_x16,2,-1.0,6,52f6,12b4,False,54372,oscillated,-1,False,dist2,16
r6b_dist2_x16,coloring,_dist2_x16,1,-1.0,3,5394,12b4,False,54372,oscillated,-1,False,dist2,16
r6b_dist2_x16,coloring,_dist2_x16,1,-1.0,6,53b2,12b4,False,54372,oscillated,-1,False,dist2,16
r6b_dist2_x16,coloring,_dist2_x16,1,-1.0,3,53b5,12b4,False,54372,oscillated,-1,False,dist2,16
r6b_dist2_x16,coloring,_dist2_x16,1,-1.0,6,569f,12b4,False,54372,oscillated,-1,False,dist2,16
r6b_dist2_x16,coloring,_dist2_x16,1,-1.0,7,56d3,12b4,False,54372,oscillated,-1,False,dist2,16
r6b_dist2_x16,coloring,_dist2_x16,2,-1.0,5,56f6,12b4,False,54372,oscillated,-1,False,dist2,16
r6b_dist2_x16,coloring,_dist2_x16,2,-1.0,7,64d0,e47a,False,54372,oscillated,-1,False,dist2,16
r6b_dist2_x16,coloring,_dist2_x16,2,-1.0,7,64f8,e47a,False,54372,oscillated,-1,False,dist2,16
r6b_dist2_x16,coloring,_dist2_x16,2,-1.0,7,65fc,e47a,False,54372,oscillated,-1,False,dist2,16
r6b_dist2_x16,coloring,_dist2_x16,3,-1.0,8,685f,4949,False,54372,oscillated,-1,False,dist2,16
r6b_dist2_x16,coloring,_dist2_x16,3,-1.0,7,694b,4949,False,54372,oscillated,-1,False,dist2,16
r6b_dist2_x16,coloring,_dist2_x16,0,-1.0,9,697c,4949,False,54372,oscillated,-1,False,dist2,16
r6b_dist2_x16,coloring,_dist2_x16,0,-1.0,7,69ea,4949,False,54372,oscillated,-1,False,dist2,16
r6b_dist2_x16,coloring,_dist2_x16,0,-1.0,8,69fa,4949,False,54372,oscillated,-1,False,dist2,16
r6b_dist2_x16,coloring,_dist2_x16,3,-1.0,9,6b4a,4949,False,54372,oscillated,-1,False,dist2,16
r6b_dist2_x16,coloring,_dist2_x16,0,-1.0,9,6b6c,4949,False,54372,oscillated,-1,False,dist2,16
r6b_dist2_x16,coloring,_dist2_x16,0,-1.0,8,6c5c,ed4b,False,54372,oscillated,-1,False,dist2,16
r6b_dist2_x16,coloring,_dist2_x16,0,-1.0,8,6d7c,ed4b,False,54372,oscillated,-1,False,dist2,16
r6b_dist2_x16,coloring,_dist2_x16,0,-1.0,9,6dd8,ed4b,False,54372,oscillated,-1,False,dist2,16
r6b_dist2_x16,coloring,_dist2_x16,0,-1.0,7,6e42,ed4b,False,54372,oscillated,-1,False,dist2,16
r6b_dist2_x16,coloring,_dist2_x16,3,-1.0,8,6e4d,ed4b,False,54372,oscillated,-1,False,dist2,16
r6b_dist2_x16,coloring,_dist2_x16,0,-1.0,8,6f28,ed4b,False,54372,oscillated,-1,False,dist2,16
r6b_dist2_x16,coloring,_dist2_x16,3,-1.0,8,6f4a,ed4b,False,54372,oscillated,-1,False,dist2,16
r6b_dist2_x16,coloring,_dist2_x16,3,-1.0,6,6f4f,ed4b,False,54372,oscillated,-1,False,dist2,16
r6b_dist2_x16,coloring,_dist2_x16,2,-1.0,6,7292,12b4,False,54372,oscillated,-1,False,dist2,16
r6b_dist2_x16,coloring,_dist2_x16,2,-1.0,6,72bf,12b4,False,54372,oscillated,-1,False,dist2,16
r6b_dist2_x16,coloring,_dist2_x16,2,-1.0,6,72f4,12b4,False,54372,oscillated,-1,False,dist2,16
r6b_dist2_x16,coloring,_dist2_x16,1,-1.0,5,7390,12b4,False,54372,oscillated,-1,False,dist2,16
r6b_dist2_x16,coloring,_dist2_x16,1,-1.0,6,7398,12b4,False,54372,oscillated,-1,False,dist2,16
r6b_dist2_x16,coloring,_dist2_x16,1,-1.0,6,73b0,12b4,False,54372,oscillated,-1,False,dist2,16
r6b_dist2_x16,coloring,_dist2_x16,2,-1.0,5,73b6,12b4,False,54372,oscillated,-1,False,dist2,16
r6b_dist2_x16,coloring,_dist2_x16,1,-1.0,5,73b7,12b4,False,54372,oscillated,-1,False,dist2,16
r6b_dist2_x16,coloring,_dist2_x16,0,-1.0,7,73c6,52b4,False,54372,oscillated,-1,False,dist2,16
r6b_dist2_x16,coloring,_dist2_x16,1,-1.0,7,73d2,12b4,False,54372,oscillated,-1,False,dist2,16
r6b_dist2_x16,coloring,_dist2_x16,2,-1.0,7,769b,b6b6,False,54372,oscillated,-1,False,dist2,16
r6b_dist2_x16,coloring,_dist2_x16,2,-1.0,3,76b6,b6b6,False,54372,oscillated,-1,False,dist2,16
r6b_dist2_x16,coloring,_dist2_x16,2,-1.0,6,76d4,b6b6,False,54372,oscillated,-1,False,dist2,16
r6b_dist2_x16,coloring,_dist2_x16,2,-1.0,6,76fc,b6b6,False,54372,oscillated,-1,False,dist2,16
r6b_dist2_x16,coloring,_dist2_x16,2,-1.0,5,76fe,b6b6,False,54372,oscillated,-1,False,dist2,16
r6b_dist2_x16,coloring,_dist2_x16,2,-1.0,7,779a,b6b6,False,54372,oscillated,-1,False,dist2,16
r6b_dist2_x16,coloring,_dist2_x16,2,-1.0,4,77b6,b6b6,False,54372,oscillated,-1,False,dist2,16
r6b_dist2_x16,coloring,_dist2_x16,2,-1.0,7,77b8,b6b6,False,54372,oscillated,-1,False,dist2,16
r6b_dist2_x16,coloring,_dist2_x16,2,-1.0,6,77f2,b6b6,False,54372,oscillated,-1,False,dist2,16
r6b_dist2_x16,coloring,_dist2_x16,2,-1.0,6,77f4,b6b6,False,54372,oscillated,-1,False,dist2,16
r6b_dist2_x16,coloring,_dist2_x16,3,-1.0,6,880e,4949,False,54372,oscillated,-1,False,dist2,16
r6b_dist2_x16,coloring,_dist2_x16,3,-1.0,7,8842,4949,False,54372,oscillated,-1,False,dist2,16
r6b_dist2_x16,coloring,_dist2_x16,3,-1.0,7,884d,4949,False,54372,oscillated,-1,False,dist2,16
r6b_dist2_x16,coloring,_dist2_x16,3,-1.0,6,892b,4949,False,54372,oscillated,-1,False,dist2,16
r6b_dist2_x16,coloring,_dist2_x16,3,-1.0,7,892c,4949,False,54372,oscillated,-1,False,dist2,16
r6b_dist2_x16,coloring,_dist2_x16,3,-1.0,7,896d,4949,False,54372,oscillated,-1,False,dist2,16
r6b_dist2_x16,coloring,_dist2_x16,3,-1.0,6,8c09,ed4b,False,54372,oscillated,-1,False,dist2,16
r6b_dist2_x16,coloring,_dist2_x16,3,-1.0,6,8c41,ed4b,False,54372,oscillated,-1,False,dist2,16
r6b_dist2_x16,coloring,_dist2_x16,3,-1.0,3,8d03,ed4b,False,54372,oscillated,-1,False,dist2,16
r6b_dist2_x16,coloring,_dist2_x16,3,-1.0,4,8d43,ed4b,False,54372,oscillated,-1,False,dist2,16
r6b_dist2_x16,coloring,_dist2_x16,3,-1.0,5,8d4b,ed4b,False,54372,oscillated,-1,False,dist2,16
r6b_dist2_x16,coloring,_dist2_x16,0,-1.0,5,90e6,12b4,False,54372,oscillated,-1,False,dist2,16
r6b_dist2_x16,coloring,_dist2_x16,1,-1.0,6,90f5,12b4,False,54372,oscillated,-1,False,dist2,16
r6b_dist2_x16,coloring,_dist2_x16,1,-1.0,6,91b0,12b4,False,54372,oscillated,-1,False,dist2,16
r6b_dist2_x16,coloring,_dist2_x16,2,-1.0,5,9216,12b4,False,54372,oscillated,-1,False,dist2,16
r6b_dist2_x16,coloring,_dist2_x16,2,-1.0,5,9286,12b4,False,54372,oscillated,-1,False,dist2,16
r6b_dist2_x16,coloring,_dist2_x16,1,-1.0,5,9287,12b4,False,54372,oscillated,-1,False,dist2,16
r6b_dist2_x16,coloring,_dist2_x16,1,-1.0,3,9295,12b4,False,54372,oscillated,-1,False,dist2,16
r6b_dist2_x16,coloring,_dist2_x16,2,-1.0,6,92ac,12b4,False,54372,oscillated,-1,False,dist2,16
r6b_dist2_x16,coloring,_dist2_x16,2,-1.0,3,92b6,12b4,False,54372,oscillated,-1,False,dist2,16
r6b_dist2_x16,coloring,_dist2_x16,2,-1.0,6,9326,12b4,False,54372,oscillated,-1,False,dist2,16
r6b_dist2_x16,coloring,_dist2_x16,1,-1.0,3,9394,12b4,False,54372,oscillated,-1,False,dist2,16
r6b_dist2_x16,coloring,_dist2_x16,1,-1.0,6,93a0,12b4,False,54372,oscillated,-1,False,dist2,16
r6b_dist2_x16,coloring,_dist2_x16,1,-1.0,6,93af,12b4,False,54372,oscillated,-1,False,dist2,16
r6b_dist2_x16,coloring,_dist2_x16,1,-1.0,3,93b5,12b4,False,54372,oscillated,-1,False,dist2,16
r6b_dist2_x16,coloring,_dist2_x16,2,-1.0,4,93b6,12b4,False,54372,oscillated,-1,False,dist2,16
r6b_dist2_x16,coloring,_dist2_x16,2,-1.0,3,94b6,b6b6,False,54372,oscillated,-1,False,dist2,16
r6b_dist2_x16,coloring,_dist2_x16,2,-1.0,4,94be,b6b6,False,54372,oscillated,-1,False,dist2,16
r6b_dist2_x16,coloring,_dist2_x16,2,-1.0,5,9596,b6b6,False,54372,oscillated,-1,False,dist2,16
r6b_dist2_x16,coloring,_dist2_x16,2,-1.0,6,959e,b6b6,False,54372,oscillated,-1,False,dist2,16
r6b_dist2_x16,coloring,_dist2_x16,2,-1.0,5,95b7,b6b6,False,54372,oscillated,-1,False,dist2,16
r6b_dist2_x16,coloring,_dist2_x16,1,-1.0,6,95bd,b6b6,False,54372,oscillated,-1,False,dist2,16
r6b_dist2_x16,coloring,_dist2_x16,2,-1.0,6,9604,b6b6,False,54372,oscillated,-1,False,dist2,16
r6b_dist2_x16,coloring,_dist2_x16,2,-1.0,3,9636,b6b6,False,54372,oscillated,-1,False,dist2,16
r6b_dist2_x16,coloring,_dist2_x16,2,-1.0,3,9696,b6b6,False,54372,oscillated,-1,False,dist2,16
r6b_dist2_x16,coloring,_dist2_x16,2,-1.0,4,96a2,b6b6,False,54372,oscillated,-1,False,dist2,16
r6b_dist2_x16,coloring,_dist2_x16,2,-1.0,3,96a6,b6b6,False,54372,oscillated,-1,False,dist2,16
r6b_dist2_x16,coloring,_dist2_x16,2,-1.0,3,96b4,b6b6,False,54372,oscillated,-1,False,dist2,16
r6b_dist2_x16,coloring,_dist2_x16,2,-1.0,2,96b6,b6b6,False,54372,oscillated,-1,False,dist2,16
r6b_dist2_x16,coloring,_dist2_x16,2,-1.0,3,96b7,b6b6,False,54372,oscillated,-1,False,dist2,16
r6b_dist2_x16,coloring,_dist2_x16,2,-1.0,6,97a3,b6b6,False,54372,oscillated,-1,False,dist2,16
r6b_dist2_x16,coloring,_dist2_x16,2,-1.0,3,97b6,b6b6,False,54372,oscillated,-1,False,dist2,16
r6b_dist2_x16,coloring,_dist2_x16,1,-1.0,3,9b05,1b85,False,54372,oscillated,-1,False,dist2,16
r6b_dist2_x16,coloring,_dist2_x16,3,-1.0,3,9b07,1b85,False,54372,oscillated,-1,False,dist2,16
r6b_dist2_x16,coloring,_dist2_x16,1,-1.0,3,9b87,1b85,False,54372,oscillated,-1,False,dist2,16
r6b_dist2_x16,coloring,_dist2_x16,3,-1.0,3,9f03,bf87,False,54372,oscillated,-1,False,dist2,16
r6b_dist2_x16,coloring,_dist2_x16,3,-1.0,3,9f05,bf87,False,54372,oscillated,-1,False,dist2,16
r6b_dist2_x16,coloring,_dist2_x16,3,-1.0,2,9f07,bf87,False,54372,oscillated,-1,False,dist2,16
r6b_dist2_x16,coloring,_dist2_x16,3,-1.0,3,9f0f,bf87,False,54372,oscillated,-1,False,dist2,16
r6b_dist2_x16,coloring,_dist2_x16,3,-1.0,4,9f25,bf87,False,54372,oscillated,-1,False,dist2,16
r6b_dist2_x16,coloring,_dist2_x16,1,-1.0,3,9f85,bf87,False,54372,oscillated,-1,False,dist2,16
r6b_dist2_x16,coloring,_dist2_x16,3,-1.0,4,a80f,ed4b,False,54372,oscillated,-1,False,dist2,16
r6b_dist2_x16,coloring,_dist2_x16,3,-1.0,5,a843,ed4b,False,54372,oscillated,-1,False,dist2,16
r6b_dist2_x16,coloring,_dist2_x16,3,-1.0,6,a84e,ed4b,False,54372,oscillated,-1,False,dist2,16
r6b_dist2_x16,coloring,_dist2_x16,3,-1.0,5,a867,ed4b,False,54372,oscillated,-1,False,dist2,16
r6b_dist2_x16,coloring,_dist2_x16,3,-1.0,4,a901,ed4b,False,54372,oscillated,-1,False,dist2,16
r6b_dist2_x16,coloring,_dist2_x16,3,-1.0,3,a903,ed4b,False,54372,oscillated,-1,False,dist2,16
r6b_dist2_x16,coloring,_dist2_x16,3,-1.0,3,ac0f,ed4b,False,54372,oscillated,-1,False,dist2,16
r6b_dist2_x16,coloring,_dist2_x16,3,-1.0,5,ac2b,ed4b,False,54372,oscillated,-1,False,dist2,16
r6b_dist2_x16,coloring,_dist2_x16,3,-1.0,5,ac42,ed4b,False,54372,oscillated,-1,False,dist2,16
r6b_dist2_x16,coloring,_dist2_x16,3,-1.0,5,ac44,ed4b,False,54372,oscillated,-1,False,dist2,16
r6b_dist2_x16,coloring,_dist2_x16,3,-1.0,4,ac45,ed4b,False,54372,oscillated,-1,False,dist2,16
r6b_dist2_x16,coloring,_dist2_x16,3,-1.0,3,ac47,ed4b,False,54372,oscillated,-1,False,dist2,16
r6b_dist2_x16,coloring,_dist2_x16,3,-1.0,7,ac48,ed4b,False,54372,oscillated,-1,False,dist2,16
r6b_dist2_x16,coloring,_dist2_x16,3,-1.0,7,ac69,ed4b,False,54372,oscillated,-1,False,dist2,16
r6b_dist2_x16,coloring,_dist2_x16,3,-1.0,6,ac6b,ed4b,False,54372,oscillated,-1,False,dist2,16
r6b_dist2_x16,coloring,_dist2_x16,3,-1.0,3,ad01,ed4b,False,54372,oscillated,-1,False,dist2,16
r6b_dist2_x16,coloring,_dist2_x16,3,-1.0,3,ad02,ed4b,False,54372,oscillated,-1,False,dist2,16
r6b_dist2_x16,coloring,_dist2_x16,3,-1.0,2,ad03,ed4b,False,54372,oscillated,-1,False,dist2,16
r6b_dist2_x16,coloring,_dist2_x16,3,-1.0,3,ad0b,ed4b,False,54372,oscillated,-1,False,dist2,16
r6b_dist2_x16,coloring,_dist2_x16,3,-1.0,3,ad23,ed4b,False,54372,oscillated,-1,False,dist2,16
r6b_dist2_x16,coloring,_dist2_x16,3,-1.0,3,ad43,ed4b,False,54372,oscillated,-1,False,dist2,16
r6b_dist2_x16,coloring,_dist2_x16,3,-1.0,5,ad4a,ed4b,False,54372,oscillated,-1,False,dist2,16
r6b_dist2_x16,coloring,_dist2_x16,3,-1.0,3,ad4f,ed4b,False,54372,oscillated,-1,False,dist2,16
r6b_dist2_x16,coloring,_dist2_x16,3,-1.0,6,ad60,ed4b,False,54372,oscillated,-1,False,dist2,16
r6b_dist2_x16,coloring,_dist2_x16,3,-1.0,5,ad61,ed4b,False,54372,oscillated,-1,False,dist2,16
r6b_dist2_x16,coloring,_dist2_x16,2,-1.0,6,b093,b6b6,False,54372,oscillated,-1,False,dist2,16
r6b_dist2_x16,coloring,_dist2_x16,2,-1.0,3,b0b6,b6b6,False,54372,oscillated,-1,False,dist2,16
r6b_dist2_x16,coloring,_dist2_x16,0,-1.0,4,b0e6,b6b6,False,54372,oscillated,-1,False,dist2,16
r6b_dist2_x16,coloring,_dist2_x16,2,-1.0,4,b0f6,b6b6,False,54372,oscillated,-1,False,dist2,16
r6b_dist2_x16,coloring,_dist2_x16,1,-1.0,6,b190,b6b6,False,54372,oscillated,-1,False,dist2,16
r6b_dist2_x16,coloring,_dist2_x16,2,-1.0,6,b1b0,b6b6,False,54372,oscillated,-1,False,dist2,16
r6b_dist2_x16,coloring,_dist2_x16,2,-1.0,4,b1b6,b6b6,False,54372,oscillated,-1,False,dist2,16
r6b_dist2_x16,coloring,_dist2_x16,3,-1.0,5,b205,b6b6,False,54372,oscillated,-1,False,dist2,16
r6b_dist2_x16,coloring,_dist2_x16,2,-1.0,3,b236,b6b6,False,54372,oscillated,-1,False,dist2,16
r6b_dist2_x16,coloring,_dist2_x16,1,-1.0,5,b285,b6b6,False,54372,oscillated,-1,False,dist2,16
r6b_dist2_x16,coloring,_dist2_x16,2,-1.0,3,b296,b6b6,False,54372,oscillated,-1,False,dist2,16
r6b_dist2_x16,coloring,_dist2_x16,2,-1.0,4,b297,b6b6,False,54372,oscillated,-1,False,dist2,16
r6b_dist2_x16,coloring,_dist2_x16,2,-1.0,5,b2a0,b6b6,False,54372,oscillated,-1,False,dist2,16
r6b_dist2_x16,coloring,_dist2_x16,2,-1.0,4,b2a2,b6b6,False,54372,oscillated,-1,False,dist2,16
r6b_dist2_x16,coloring,_dist2_x16,2,-1.0,3,b2a6,b6b6,False,54372,oscillated,-1,False,dist2,16
r6b_dist2_x16,coloring,_dist2_x16,2,-1.0,3,b2b4,b6b6,False,54372,oscillated,-1,False,dist2,16
r6b_dist2_x16,coloring,_dist2_x16,2,-1.0,2,b2b6,b6b6,False,54372,oscillated,-1,False,dist2,16
r6b_dist2_x16,coloring,_dist2_x16,2,-1.0,3,b2b7,b6b6,False,54372,oscillated,-1,False,dist2,16
r6b_dist2_x16,coloring,_dist2_x16,1,-1.0,5,b3a5,b6b6,False,54372,oscillated,-1,False,dist2,16
r6b_dist2_x16,coloring,_dist2_x16,2,-1.0,3,b3b6,b6b6,False,54372,oscillated,-1,False,dist2,16
r6b_dist2_x16,coloring,_dist2_x16,2,-1.0,5,b490,b6b6,False,54372,oscillated,-1,False,dist2,16
r6b_dist2_x16,coloring,_dist2_x16,2,-1.0,4,b492,b6b6,False,54372,oscillated,-1,False,dist2,16
r6b_dist2_x16,coloring,_dist2_x16,2,-1.0,3,b496,b6b6,False,54372,oscillated,-1,False,dist2,16
r6b_dist2_x16,coloring,_dist2_x16,2,-1.0,5,b49c,b6b6,False,54372,oscillated,-1,False,dist2,16
r6b_dist2_x16,coloring,_dist2_x16,0,-1.0,4,b4ac,b6b6,False,54372,oscillated,-1,False,dist2,16
r6b_dist2_x16,coloring,_dist2_x16,0,-1.0,3,b4ae,b6b6,False,54372,oscillated,-1,False,dist2,16
r6b_dist2_x16,coloring,_dist2_x16,2,-1.0,3,b4b2,b6b6,False,54372,oscillated,-1,False,dist2,16
r6b_dist2_x16,coloring,_dist2_x16,2,-1.0,3,b4b4,b6b6,False,54372,oscillated,-1,False,dist2,16
r6b_dist2_x16,coloring,_dist2_x16,2,-1.0,2,b4b6,b6b6,False,54372,oscillated,-1,False,dist2,16
r6b_dist2_x16,coloring,_dist2_x16,2,-1.0,3,b4b7,b6b6,False,54372,oscillated,-1,False,dist2,16
r6b_dist2_x16,coloring,_dist2_x16,2,-1.0,3,b4be,b6b6,False,54372,oscillated,-1,False,dist2,16
r6b_dist2_x16,coloring,_dist2_x16,2,-1.0,4,b4bf,b6b6,False,54372,oscillated,-1,False,dist2,16
r6b_dist2_x16,coloring,_dist2_x16,0,-1.0,3,b4e6,b6b6,False,54372,oscillated,-1,False,dist2,16
r6b_dist2_x16,coloring,_dist2_x16,2,-1.0,3,b4f6,b6b6,False,54372,oscillated,-1,False,dist2,16
r6b_dist2_x16,coloring,_dist2_x16,2,-1.0,3,b5b6,b6b6,False,54372,oscillated,-1,False,dist2,16
r6b_dist2_x16,coloring,_dist2_x16,2,-1.0,5,b5d6,b6b6,False,54372,oscillated,-1,False,dist2,16
r6b_dist2_x16,coloring,_dist2_x16,2,-1.0,6,b5f5,b6b6,False,54372,oscillated,-1,False,dist2,16
r6b_dist2_x16,coloring,_dist2_x16,3,-1.0,3,b607,b6b6,False,54372,oscillated,-1,False,dist2,16
r6b_dist2_x16,coloring,_dist2_x16,2,-1.0,3,b616,b6b6,False,54372,oscillated,-1,False,dist2,16
r6b_dist2_x16,coloring,_dist2_x16,2,-1.0,4,b627,b6b6,False,54372,oscillated,-1,False,dist2,16
r6b_dist2_x16,coloring,_dist2_x16,2,-1.0,3,b634,b6b6,False,54372,oscillated,-1,False,dist2,16
r6b_dist2_x16,coloring,_dist2_x16,2,-1.0,4,b635,b6b6,False,54372,oscillated,-1,False,dist2,16
r6b_dist2_x16,coloring,_dist2_x16,2,-1.0,2,b636,b6b6,False,54372,oscillated,-1,False,dist2,16
r6b_dist2_x16,coloring,_dist2_x16,2,-1.0,3,b637,b6b6,False,54372,oscillated,-1,False,dist2,16
r6b_dist2_x16,coloring,_dist2_x16,2,-1.0,4,b684,b6b6,False,54372,oscillated,-1,False,dist2,16
r6b_dist2_x16,coloring,_dist2_x16,2,-1.0,3,b686,b6b6,False,54372,oscillated,-1,False,dist2,16
r6b_dist2_x16,coloring,_dist2_x16,2,-1.0,3,b694,b6b6,False,54372,oscillated,-1,False,dist2,16
r6b_dist2_x16,coloring,_dist2_x16,2,-1.0,2,b696,b6b6,False,54372,oscillated,-1,False,dist2,16
r6b_dist2_x16,coloring,_dist2_x16,2,-1.0,3,b697,b6b6,False,54372,oscillated,-1,False,dist2,16
r6b_dist2_x16,coloring,_dist2_x16,2,-1.0,4,b6a0,b6b6,False,54372,oscillated,-1,False,dist2,16
r6b_dist2_x16,coloring,_dist2_x16,2,-1.0,3,b6a2,b6b6,False,54372,oscillated,-1,False,dist2,16
r6b_dist2_x16,coloring,_dist2_x16,2,-1.0,3,b6a4,b6b6,False,54372,oscillated,-1,False,dist2,16
r6b_dist2_x16,coloring,_dist2_x16,2,-1.0,2,b6a6,b6b6,False,54372,oscillated,-1,False,dist2,16
r6b_dist2_x16,coloring,_dist2_x16,2,-1.0,3,b6a7,b6b6,False,54372,oscillated,-1,False,dist2,16
r6b_dist2_x16,coloring,_dist2_x16,2,-1.0,3,b6ae,b6b6,False,54372,oscillated,-1,False,dist2,16
r6b_dist2_x16,coloring,_dist2_x16,2,-1.0,2,b6b4,b6b6,False,54372,oscillated,-1,False,dist2,16
r6b_dist2_x16,coloring,_dist2_x16,2,-1.0,3,b6b5,b6b6,False,54372,oscillated,-1,False,dist2,16
r6b_dist2_x16,coloring,_dist2_x16,2,-1.0,1,b6b6,b6b6,False,54372,oscillated,-1,False,dist2,16
r6b_dist2_x16,coloring,_dist2_x16,2,-1.0,2,b6b7,b6b6,False,54372,oscillated,-1,False,dist2,16
r6b_dist2_x16,coloring,_dist2_x16,2,-1.0,4,b726,b6b6,False,54372,oscillated,-1,False,dist2,16
r6b_dist2_x16,coloring,_dist2_x16,2,-1.0,3,b736,b6b6,False,54372,oscillated,-1,False,dist2,16
r6b_dist2_x16,coloring,_dist2_x16,2,-1.0,4,b794,b6b6,False,54372,oscillated,-1,False,dist2,16
r6b_dist2_x16,coloring,_dist2_x16,2,-1.0,3,b796,b6b6,False,54372,oscillated,-1,False,dist2,16
r6b_dist2_x16,coloring,_dist2_x16,2,-1.0,3,b7a6,b6b6,False,54372,oscillated,-1,False,dist2,16
r6b_dist2_x16,coloring,_dist2_x16,2,-1.0,5,b7ac,b6b6,False,54372,oscillated,-1,False,dist2,16
r6b_dist2_x16,coloring,_dist2_x16,2,-1.0,3,b7b4,b6b6,False,54372,oscillated,-1,False,dist2,16
r6b_dist2_x16,coloring,_dist2_x16,2,-1.0,2,b7b6,b6b6,False,54372,oscillated,-1,False,dist2,16
r6b_dist2_x16,coloring,_dist2_x16,2,-1.0,3,b7b7,b6b6,False,54372,oscillated,-1,False,dist2,16
r6b_dist2_x16,coloring,_dist2_x16,3,-1.0,4,ba0f,bf87,False,54372,oscillated,-1,False,dist2,16
r6b_dist2_x16,coloring,_dist2_x16,3,-1.0,3,bb03,bf87,False,54372,oscillated,-1,False,dist2,16
r6b_dist2_x16,coloring,_dist2_x16,3,-1.0,3,bb05,bf87,False,54372,oscillated,-1,False,dist2,16
r6b_dist2_x16,coloring,_dist2_x16,3,-1.0,2,bb07,bf87,False,54372,oscillated,-1,False,dist2,16
r6b_dist2_x16,coloring,_dist2_x16,3,-1.0,3,bb0f,bf87,False,54372,oscillated,-1,False,dist2,16
r6b_dist2_x16,coloring,_dist2_x16,1,-1.0,3,bb85,bf87,False,54372,oscillated,-1,False,dist2,16
r6b_dist2_x16,coloring,_dist2_x16,3,-1.0,4,be01,bf87,False,54372,oscillated,-1,False,dist2,16
r6b_dist2_x16,coloring,_dist2_x16,3,-1.0,3,be03,bf87,False,54372,oscillated,-1,False,dist2,16
r6b_dist2_x16,coloring,_dist2_x16,3,-1.0,3,be0f,bf87,False,54372,oscillated,-1,False,dist2,16
r6b_dist2_x16,coloring,_dist2_x16,3,-1.0,3,bf01,bf87,False,54372,oscillated,-1,False,dist2,16
r6b_dist2_x16,coloring,_dist2_x16,3,-1.0,3,bf02,bf87,False,54372,oscillated,-1,False,dist2,16
r6b_dist2_x16,coloring,_dist2_x16,3,-1.0,2,bf03,bf87,False,54372,oscillated,-1,False,dist2,16
r6b_dist2_x16,coloring,_dist2_x16,3,-1.0,2,bf05,bf87,False,54372,oscillated,-1,False,dist2,16
r6b_dist2_x16,coloring,_dist2_x16,3,-1.0,1,bf07,bf87,False,54372,oscillated,-1,False,dist2,16
r6b_dist2_x16,coloring,_dist2_x16,3,-1.0,3,bf0d,bf87,False,54372,oscillated,-1,False,dist2,16
r6b_dist2_x16,coloring,_dist2_x16,3,-1.0,3,bf0e,bf87,False,54372,oscillated,-1,False,dist2,16
r6b_dist2_x16,coloring,_dist2_x16,3,-1.0,2,bf0f,bf87,False,54372,oscillated,-1,False,dist2,16
r6b_dist2_x16,coloring,_dist2_x16,3,-1.0,3,bf23,bf87,False,54372,oscillated,-1,False,dist2,16
r6b_dist2_x16,coloring,_dist2_x16,3,-1.0,4,bf2d,bf87,False,54372,oscillated,-1,False,dist2,16
r6b_dist2_x16,coloring,_dist2_x16,3,-1.0,3,bf2f,bf87,False,54372,oscillated,-1,False,dist2,16
r6b_dist2_x16,coloring,_dist2_x16,2,-1.0,8,c0fb,4078,False,54372,oscillated,-1,False,dist2,16
r6b_dist2_x16,coloring,_dist2_x16,2,-1.0,7,c0ff,4078,False,54372,oscillated,-1,False,dist2,16
r6b_dist2_x16,coloring,_dist2_x16,2,-1.0,6,c4f0,e47a,False,54372,oscillated,-1,False,dist2,16
r6b_dist2_x16,coloring,_dist2_x16,2,-1.0,5,c4fe,e47a,False,54372,oscillated,-1,False,dist2,16
r6b_dist2_x16,coloring,_dist2_x16,3,-1.0,8,c949,4949,False,54372,oscillated,-1,False,dist2,16
r6b_dist2_x16,coloring,_dist2_x16,1,-1.0,9,c979,4949,False,54372,oscillated,-1,False,dist2,16
r6b_dist2_x16,coloring,_dist2_x16,0,-1.0,9,c9f8,4949,False,54372,oscillated,-1,False,dist2,16
r6b_dist2_x16,coloring,_dist2_x16,0,-1.0,10,ca48,4949,False,54372,oscillated,-1,False,dist2,16
r6b_dist2_x16,coloring,_dist2_x16,3,-1.0,9,ca4b,4949,False,54372,oscillated,-1,False,dist2,16
r6b_dist2_x16,coloring,_dist2_x16,3,-1.0,8,cb4e,4949,False,54372,oscillated,-1,False,dist2,16
r6b_dist2_x16,coloring,_dist2_x16,3,-1.0,7,cb4f,4949,False,54372,oscillated,-1,False,dist2,16
r6b_dist2_x16,coloring,_dist2_x16,0,-1.0,9,cb60,4949,False,54372,oscillated,-1,False,dist2,16
r6b_dist2_x16,coloring,_dist2_x16,0,-1.0,9,cb6a,4949,False,54372,oscillated,-1,False,dist2,16
r6b_dist2_x16,coloring,_dist2_x16,3,-1.0,9,cb6b,4949,False,54372,oscillated,-1,False,dist2,16
r6b_dist2_x16,coloring,_dist2_x16,1,-1.0,8,cb6d,4949,False,54372,oscillated,-1,False,dist2,16
r6b_dist2_x16,coloring,_dist2_x16,3,-1.0,8,cc49,ed4b,False,54372,oscillated,-1,False,dist2,16
r6b_dist2_x16,coloring,_dist2_x16,0,-1.0,8,cc50,ed4b,False,54372,oscillated,-1,False,dist2,16
r6b_dist2_x16,coloring,_dist2_x16,3,-1.0,8,cc5d,ed4b,False,54372,oscillated,-1,False,dist2,16
r6b_dist2_x16,coloring,_dist2_x16,0,-1.0,9,ccd9,ed4b,False,54372,oscillated,-1,False,dist2,16
r6b_dist2_x16,coloring,_dist2_x16,3,-1.0,8,cd5a,ed4b,False,54372,oscillated,-1,False,dist2,16
r6b_dist2_x16,coloring,_dist2_x16,3,-1.0,7,cd6b,ed4b,False,54372,oscillated,-1,False,dist2,16
r6b_dist2_x16,coloring,_dist2_x16,0,-1.0,8,cd70,ed4b,False,54372,oscillated,-1,False,dist2,16
r6b_dist2_x16,coloring,_dist2_x16,3,-1.0,7,cd7f,ed4b,False,54372,oscillated,-1,False,dist2,16
r6b_dist2_x16,coloring,_dist2_x16,0,-1.0,8,cdc8,ed4b,False,54372,oscillated,-1,False,dist2,16
r6b_dist2_x16,coloring,_dist2_x16,0,-1.0,8,ce08,ed4b,False,54372,oscillated,-1,False,dist2,16
r6b_dist2_x16,coloring,_dist2_x16,3,-1.0,7,cf09,ed4b,False,54372,oscillated,-1,False,dist2,16
r6b_dist2_x16,coloring,_dist2_x16,3,-1.0,6,cf0b,ed4b,False,54372,oscillated,-1,False,dist2,16
r6b_dist2_x16,coloring,_dist2_x16,3,-1.0,6,cf43,ed4b,False,54372,oscillated,-1,False,dist2,16
r6b_dist2_x16,coloring,_dist2_x16,3,-1.0,7,cf6f,ed4b,False,54372,oscillated,-1,False,dist2,16
r6b_dist2_x16,coloring,_dist2_x16,2,-1.0,5,d2be,12b4,False,54372,oscillated,-1,False,dist2,16
r6b_dist2_x16,coloring,_dist2_x16,1,-1.0,6,d398,12b4,False,54372,oscillated,-1,False,dist2,16
r6b_dist2_x16,coloring,_dist2_x16,1,-1.0,7,d39a,12b4,False,54372,oscillated,-1,False,dist2,16
r6b_dist2_x16,coloring,_dist2_x16,1,-1.0,5,d39c,12b4,False,54372,oscillated,-1,False,dist2,16
r6b_dist2_x16,coloring,_dist2_x16,2,-1.0,6,d3b2,12b4,False,54372,oscillated,-1,False,dist2,16
r6b_dist2_x16,coloring,_dist2_x16,1,-1.0,4,d3b5,12b4,False,54372,oscillated,-1,False,dist2,16
r6b_dist2_x16,coloring,_dist2_x16,2,-1.0,5,d3b6,12b4,False,54372,oscillated,-1,False,dist2,16
r6b_dist2_x16,coloring,_dist2_x16,1,-1.0,5,d3bd,12b4,False,54372,oscillated,-1,False,dist2,16
r6b_dist2_x16,coloring,_dist2_x16,1,-1.0,7,d3f3,12b4,False,54372,oscillated,-1,False,dist2,16
r6b_dist2_x16,coloring,_dist2_x16,2,-1.0,6,d690,b6b6,False,54372,oscillated,-1,False,dist2,16
r6b_dist2_x16,coloring,_dist2_x16,2,-1.0,5,d692,b6b6,False,54372,oscillated,-1,False,dist2,16
r6b_dist2_x16,coloring,_dist2_x16,2,-1.0,5,d697,b6b6,False,54372,oscillated,-1,False,dist2,16
r6b_dist2_x16,coloring,_dist2_x16,2,-1.0,7,d69b,b6b6,False,54372,oscillated,-1,False,dist2,16
r6b_dist2_x16,coloring,_dist2_x16,2,-1.0,5,d6b0,b6b6,False,54372,oscillated,-1,False,dist2,16
r6b_dist2_x16,coloring,_dist2_x16,2,-1.0,4,d6b2,b6b6,False,54372,oscillated,-1,False,dist2,16
r6b_dist2_x16,coloring,_dist2_x16,2,-1.0,3,d6b6,b6b6,False,54372,oscillated,-1,False,dist2,16
r6b_dist2_x16,coloring,_dist2_x16,2,-1.0,6,d6d7,b6b6,False,54372,oscillated,-1,False,dist2,16
r6b_dist2_x16,coloring,_dist2_x16,1,-1.0,7,d798,b6b6,False,54372,oscillated,-1,False,dist2,16
r6b_dist2_x16,coloring,_dist2_x16,2,-1.0,5,d7b2,b6b6,False,54372,oscillated,-1,False,dist2,16
r6b_dist2_x16,coloring,_dist2_x16,2,-1.0,5,d7b4,b6b6,False,54372,oscillated,-1,False,dist2,16
r6b_dist2_x16,coloring,_dist2_x16,1,-1.0,6,d7bd,b6b6,False,54372,oscillated,-1,False,dist2,16
r6b_dist2_x16,coloring,_dist2_x16,0,-1.0,7,d7c4,f6b6,False,54372,oscillated,-1,False,dist2,16
r6b_dist2_x16,coloring,_dist2_x16,2,-1.0,7,e1fc,e47a,False,54372,oscillated,-1,False,dist2,16
r6b_dist2_x16,coloring,_dist2_x16,2,-1.0,6,e1fe,e47a,False,54372,oscillated,-1,False,dist2,16
r6b_dist2_x16,coloring,_dist2_x16,2,-1.0,4,e4fe,e47a,False,54372,oscillated,-1,False,dist2,16
r6b_dist2_x16,coloring,_dist2_x16,3,-1.0,8,e85b,ed4b,False,54372,oscillated,-1,False,dist2,16
r6b_dist2_x16,coloring,_dist2_x16,0,-1.0,9,e8d9,ed4b,False,54372,oscillated,-1,False,dist2,16
r6b_dist2_x16,coloring,_dist2_x16,3,-1.0,6,e94b,ed4b,False,54372,oscillated,-1,False,dist2,16
r6b_dist2_x16,coloring,_dist2_x16,3,-1.0,7,e95e,ed4b,False,54372,oscillated,-1,False,dist2,16
r6b_dist2_x16,coloring,_dist2_x16,0,-1.0,8,e9fb,ed4b,False,54372,oscillated,-1,False,dist2,16
r6b_dist2_x16,coloring,_dist2_x16,3,-1.0,7,ea0b,ed4b,False,54372,oscillated,-1,False,dist2,16
r6b_dist2_x16,coloring,_dist2_x16,0,-1.0,8,ea29,ed4b,False,54372,oscillated,-1,False,dist2,16
r6b_dist2_x16,coloring,_dist2_x16,0,-1.0,8,ea40,ed4b,False,54372,oscillated,-1,False,dist2,16
r6b_dist2_x16,coloring,_dist2_x16,0,-1.0,7,ea63,ed4b,False,54372,oscillated,-1,False,dist2,16
r6b_dist2_x16,coloring,_dist2_x16,0,-1.0,9,ea69,ed4b,False,54372,oscillated,-1,False,dist2,16
r6b_dist2_x16,coloring,_dist2_x16,0,-1.0,8,eb6a,ed4b,False,54372,oscillated,-1,False,dist2,16
r6b_dist2_x16,coloring,_dist2_x16,0,-1.0,7,ec5a,ed4b,False,54372,oscillated,-1,False,dist2,16
r6b_dist2_x16,coloring,_dist2_x16,0,-1.0,7,ecc9,ed4b,False,54372,oscillated,-1,False,dist2,16
r6b_dist2_x16,coloring,_dist2_x16,3,-1.0,7,ed71,ed4b,False,54372,oscillated,-1,False,dist2,16
r6b_dist2_x16,coloring,_dist2_x16,3,-1.0,6,edcb,ed4b,False,54372,oscillated,-1,False,dist2,16
r6b_dist2_x16,coloring,_dist2_x16,3,-1.0,7,ee41,ed4b,False,54372,oscillated,-1,False,dist2,16
r6b_dist2_x16,coloring,_dist2_x16,3,-1.0,6,ef42,ed4b,False,54372,oscillated,-1,False,dist2,16
r6b_dist2_x16,coloring,_dist2_x16,3,-1.0,6,ef4e,ed4b,False,54372,oscillated,-1,False,dist2,16
r6b_dist2_x16,coloring,_dist2_x16,3,-1.0,5,ef4f,ed4b,False,54372,oscillated,-1,False,dist2,16
r6b_dist2_x16,coloring,_dist2_x16,0,-1.0,6,ef62,ed4b,False,54372,oscillated,-1,False,dist2,16
r6b_dist2_x16,coloring,_dist2_x16,0,-1.0,7,ef6a,ed4b,False,54372,oscillated,-1,False,dist2,16
r6b_dist2_x16,coloring,_dist2_x16,2,-1.0,4,f296,b6b6,False,54372,oscillated,-1,False,dist2,16
r6b_dist2_x16,coloring,_dist2_x16,2,-1.0,5,f297,b6b6,False,54372,oscillated,-1,False,dist2,16
r6b_dist2_x16,coloring,_dist2_x16,2,-1.0,5,f2b3,b6b6,False,54372,oscillated,-1,False,dist2,16
r6b_dist2_x16,coloring,_dist2_x16,2,-1.0,3,f2b6,b6b6,False,54372,oscillated,-1,False,dist2,16
r6b_dist2_x16,coloring,_dist2_x16,2,-1.0,6,f2bd,b6b6,False,54372,oscillated,-1,False,dist2,16
r6b_dist2_x16,coloring,_dist2_x16,2,-1.0,6,f2de,b6b6,False,54372,oscillated,-1,False,dist2,16
r6b_dist2_x16,coloring,_dist2_x16,2,-1.0,5,f2fe,b6b6,False,54372,oscillated,-1,False,dist2,16
r6b_dist2_x16,coloring,_dist2_x16,2,-1.0,6,f392,b6b6,False,54372,oscillated,-1,False,dist2,16
r6b_dist2_x16,coloring,_dist2_x16,1,-1.0,6,f3d4,b6b6,False,54372,oscillated,-1,False,dist2,16
r6b_dist2_x16,coloring,_dist2_x16,2,-1.0,3,f696,b6b6,False,54372,oscillated,-1,False,dist2,16
r6b_dist2_x16,coloring,_dist2_x16,2,-1.0,3,f6b2,b6b6,False,54372,oscillated,-1,False,dist2,16
r6b_dist2_x16,coloring,_dist2_x16,2,-1.0,3,f6b4,b6b6,False,54372,oscillated,-1,False,dist2,16
r6b_dist2_x16,coloring,_dist2_x16,2,-1.0,2,f6b6,b6b6,False,54372,oscillated,-1,False,dist2,16
r6b_dist2_x16,coloring,_dist2_x16,2,-1.0,3,f6b7,b6b6,False,54372,oscillated,-1,False,dist2,16
r6b_dist2_x16,coloring,_dist2_x16,2,-1.0,3,f6be,b6b6,False,54372,oscillated,-1,False,dist2,16
r6b_dist2_x16,coloring,_dist2_x16,2,-1.0,4,f6bf,b6b6,False,54372,oscillated,-1,False,dist2,16
r6b_dist2_x16,coloring,_dist2_x16,2,-1.0,3,f6f6,b6b6,False,54372,oscillated,-1,False,dist2,16
r6b_dist2_x16,coloring,_dist2_x16,2,-1.0,4,f6fe,b6b6,False,54372,oscillated,-1,False,dist2,16
r6b_dist2_x16,coloring,_dist2_x16,2,-1.0,3,f7b6,b6b6,False,54372,oscillated,-1,False,dist2,16
r6b_dist2_x16,coloring,_dist2_x16,2,-1.0,6,f7bb,b6b6,False,54372,oscillated,-1,False,dist2,16
r6b_dist2_x16,coloring,_dist2_x16,0,-1.0,6,f7c4,f6b6,False,54372,oscillated,-1,False,dist2,16
r6b_distinct_x1,coloring,_distinct_x1,1,-1.0,8,840,4949,False,4644,oscillated,-1,False,distinct,1
r6b_distinct_x1,coloring,_distinct_x1,3,-1.0,6,c0b,4949,False,4644,oscillated,-1,False,distinct,1
r6b_distinct_x1,coloring,_distinct_x1,3,-1.0,7,d6e,4949,False,4644,oscillated,-1,False,distinct,1
r6b_distinct_x1,coloring,_distinct_x1,1,-1.0,3,1095,12b4,False,4644,oscillated,-1,False,distinct,1
r6b_distinct_x1,coloring,_distinct_x1,1,-1.0,5,10b7,12b4,False,4644,oscillated,-1,False,distinct,1
r6b_distinct_x1,coloring,_distinct_x1,1,-1.0,5,10bd,12b4,False,4644,oscillated,-1,False,distinct,1
r6b_distinct_x1,coloring,_distinct_x1,1,-1.0,6,10bf,12b4,False,4644,oscillated,-1,False,distinct,1
r6b_distinct_x1,coloring,_distinct_x1,1,-1.0,3,1194,12b4,False,4644,oscillated,-1,False,distinct,1
r6b_distinct_x1,coloring,_distinct_x1,1,-1.0,3,11b5,12b4,False,4644,oscillated,-1,False,distinct,1
r6b_distinct_x1,coloring,_distinct_x1,1,-1.0,5,1280,12b4,False,4644,oscillated,-1,False,distinct,1
r6b_distinct_x1,coloring,_distinct_x1,1,-1.0,3,1285,12b4,False,4644,oscillated,-1,False,distinct,1
r6b_distinct_x1,coloring,_distinct_x1,1,-1.0,4,1287,12b4,False,4644,oscillated,-1,False,distinct,1
r6b_distinct_x1,coloring,_distinct_x1,1,-1.0,3,1294,12b4,False,4644,oscillated,-1,False,distinct,1
r6b_distinct_x1,coloring,_distinct_x1,1,-1.0,2,1295,12b4,False,4644,oscillated,-1,False,distinct,1
r6b_distinct_x1,coloring,_distinct_x1,1,-1.0,3,1297,12b4,False,4644,oscillated,-1,False,distinct,1
r6b_distinct_x1,coloring,_distinct_x1,1,-1.0,5,12a1,12b4,False,4644,oscillated,-1,False,distinct,1
r6b_distinct_x1,coloring,_distinct_x1,1,-1.0,3,12b5,12b4,False,4644,oscillated,-1,False,distinct,1
r6b_distinct_x1,coloring,_distinct_x1,1,-1.0,3,1384,12b4,False,4644,oscillated,-1,False,distinct,1
r6b_distinct_x1,coloring,_distinct_x1,1,-1.0,2,1394,12b4,False,4644,oscillated,-1,False,distinct,1
r6b_distinct_x1,coloring,_distinct_x1,1,-1.0,3,1396,12b4,False,4644,oscillated,-1,False,distinct,1
r6b_distinct_x1,coloring,_distinct_x1,1,-1.0,6,13a2,12b4,False,4644,oscillated,-1,False,distinct,1
r6b_distinct_x1,coloring,_distinct_x1,1,-1.0,3,13a5,12b4,False,4644,oscillated,-1,False,distinct,1
r6b_distinct_x1,coloring,_distinct_x1,1,-1.0,3,13b4,12b4,False,4644,oscillated,-1,False,distinct,1
r6b_distinct_x1,coloring,_distinct_x1,1,-1.0,2,13b5,12b4,False,4644,oscillated,-1,False,distinct,1
r6b_distinct_x1,coloring,_distinct_x1,1,-1.0,3,13b7,12b4,False,4644,oscillated,-1,False,distinct,1
r6b_distinct_x1,coloring,_distinct_x1,2,-1.0,6,1492,12b4,False,4644,oscillated,-1,False,distinct,1
r6b_distinct_x1,coloring,_distinct_x1,1,-1.0,5,1497,12b4,False,4644,oscillated,-1,False,distinct,1
r6b_distinct_x1,coloring,_distinct_x1,3,-1.0,6,14c7,12b4,False,4644,oscillated,-1,False,distinct,1
r6b_distinct_x1,coloring,_distinct_x1,1,-1.0,6,14d7,12b4,False,4644,oscillated,-1,False,distinct,1
r6b_distinct_x1,coloring,_distinct_x1,2,-1.0,5,15b6,12b4,False,4644,oscillated,-1,False,distinct,1
r6b_distinct_x1,coloring,_distinct_x1,2,-1.0,5,1686,12b4,False,4644,oscillated,-1,False,distinct,1
r6b_distinct_x1,coloring,_distinct_x1,1,-1.0,5,1687,12b4,False,4644,oscillated,-1,False,distinct,1
r6b_distinct_x1,coloring,_distinct_x1,1,-1.0,3,1695,12b4,False,4644,oscillated,-1,False,distinct,1
r6b_distinct_x1,coloring,_distinct_x1,2,-1.0,4,1696,12b4,False,4644,oscillated,-1,False,distinct,1
r6b_distinct_x1,coloring,_distinct_x1,1,-1.0,6,16a1,12b4,False,4644,oscillated,-1,False,distinct,1
r6b_distinct_x1,coloring,_distinct_x1,2,-1.0,6,16ac,12b4,False,4644,oscillated,-1,False,distinct,1
r6b_distinct_x1,coloring,_distinct_x1,2,-1.0,3,16b6,12b4,False,4644,oscillated,-1,False,distinct,1
r6b_distinct_x1,coloring,_distinct_x1,2,-1.0,4,16b7,12b4,False,4644,oscillated,-1,False,distinct,1
r6b_distinct_x1,coloring,_distinct_x1,1,-1.0,3,1794,12b4,False,4644,oscillated,-1,False,distinct,1
r6b_distinct_x1,coloring,_distinct_x1,1,-1.0,3,17b5,12b4,False,4644,oscillated,-1,False,distinct,1
r6b_distinct_x1,coloring,_distinct_x1,1,-1.0,4,1a01,1b15,False,4644,oscillated,-1,False,distinct,1
r6b_distinct_x1,coloring,_distinct_x1,1,-1.0,3,1b01,1b15,False,4644,oscillated,-1,False,distinct,1
r6b_distinct_x1,coloring,_distinct_x1,1,-1.0,2,1b05,1b15,False,4644,oscillated,-1,False,distinct,1
r6b_distinct_x1,coloring,_distinct_x1,1,-1.0,3,1b07,1b15,False,4644,oscillated,-1,False,distinct,1
r6b_distinct_x1,coloring,_distinct_x1,1,-1.0,3,1b0d,1b15,False,4644,oscillated,-1,False,distinct,1
r6b_distinct_x1,coloring,_distinct_x1,1,-1.0,3,1f05,1b15,False,4644,oscillated,-1,False,distinct,1
r6b_distinct_x1,coloring,_distinct_x1,3,-1.0,3,1f07,1b15,False,4644,oscillated,-1,False,distinct,1
r6b_distinct_x1,coloring,_distinct_x1,1,-1.0,3,1f81,1b15,False,4644,oscillated,-1,False,distinct,1
r6b_distinct_x1,coloring,_distinct_x1,1,-1.0,2,1f85,1b15,False,4644,oscillated,-1,False,distinct,1
r6b_distinct_x1,coloring,_distinct_x1,1,-1.0,3,1f87,1b15,False,4644,oscillated,-1,False,distinct,1
r6b_distinct_x1,coloring,_distinct_x1,1,-1.0,3,1f8d,1b15,False,4644,oscillated,-1,False,distinct,1
r6b_distinct_x1,coloring,_distinct_x1,3,-1.0,7,2c29,ed4b,False,4644,oscillated,-1,False,distinct,1
r6b_distinct_x1,coloring,_distinct_x1,3,-1.0,7,2c61,ed4b,False,4644,oscillated,-1,False,distinct,1
r6b_distinct_x1,coloring,_distinct_x1,3,-1.0,5,2c67,ed4b,False,4644,oscillated,-1,False,distinct,1
r6b_distinct_x1,coloring,_distinct_x1,3,-1.0,6,2d4a,ed4b,False,4644,oscillated,-1,False,distinct,1
r6b_distinct_x1,coloring,_distinct_x1,3,-1.0,7,2d6a,ed4b,False,4644,oscillated,-1,False,distinct,1
r6b_distinct_x1,coloring,_distinct_x1,2,-1.0,4,30b6,12b4,False,4644,oscillated,-1,False,distinct,1
r6b_distinct_x1,coloring,_distinct_x1,2,-1.0,6,30f4,12b4,False,4644,oscillated,-1,False,distinct,1
r6b_distinct_x1,coloring,_distinct_x1,1,-1.0,6,30f5,12b4,False,4644,oscillated,-1,False,distinct,1
r6b_distinct_x1,coloring,_distinct_x1,1,-1.0,6,31f7,12b4,False,4644,oscillated,-1,False,distinct,1
r6b_distinct_x1,coloring,_distinct_x1,2,-1.0,5,3286,12b4,False,4644,oscillated,-1,False,distinct,1
r6b_distinct_x1,coloring,_distinct_x1,1,-1.0,5,328d,12b4,False,4644,oscillated,-1,False,distinct,1
r6b_distinct_x1,coloring,_distinct_x1,1,-1.0,4,3294,12b4,False,4644,oscillated,-1,False,distinct,1
r6b_distinct_x1,coloring,_distinct_x1,1,-1.0,3,3295,12b4,False,4644,oscillated,-1,False,distinct,1
r6b_distinct_x1,coloring,_distinct_x1,2,-1.0,4,32a6,12b4,False,4644,oscillated,-1,False,distinct,1
r6b_distinct_x1,coloring,_distinct_x1,2,-1.0,5,32a7,12b4,False,4644,oscillated,-1,False,distinct,1
r6b_distinct_x1,coloring,_distinct_x1,2,-1.0,3,32b6,12b4,False,4644,oscillated,-1,False,distinct,1
r6b_distinct_x1,coloring,_distinct_x1,2,-1.0,4,32b7,12b4,False,4644,oscillated,-1,False,distinct,1
r6b_distinct_x1,coloring,_distinct_x1,2,-1.0,6,3326,12b4,False,4644,oscillated,-1,False,distinct,1
r6b_distinct_x1,coloring,_distinct_x1,1,-1.0,5,3334,12b4,False,4644,oscillated,-1,False,distinct,1
r6b_distinct_x1,coloring,_distinct_x1,2,-1.0,5,3336,12b4,False,4644,oscillated,-1,False,distinct,1
r6b_distinct_x1,coloring,_distinct_x1,1,-1.0,5,3386,12b4,False,4644,oscillated,-1,False,distinct,1
r6b_distinct_x1,coloring,_distinct_x1,1,-1.0,6,338e,12b4,False,4644,oscillated,-1,False,distinct,1
r6b_distinct_x1,coloring,_distinct_x1,1,-1.0,3,3394,12b4,False,4644,oscillated,-1,False,distinct,1
r6b_distinct_x1,coloring,_distinct_x1,1,-1.0,5,33a1,12b4,False,4644,oscillated,-1,False,distinct,1
r6b_distinct_x1,coloring,_distinct_x1,1,-1.0,3,33b5,12b4,False,4644,oscillated,-1,False,distinct,1
r6b_distinct_x1,coloring,_distinct_x1,2,-1.0,4,33b6,12b4,False,4644,oscillated,-1,False,distinct,1
r6b_distinct_x1,coloring,_distinct_x1,2,-1.0,4,3496,b6b6,False,4644,oscillated,-1,False,distinct,1
r6b_distinct_x1,coloring,_distinct_x1,2,-1.0,4,34b4,b6b6,False,4644,oscillated,-1,False,distinct,1
r6b_distinct_x1,coloring,_distinct_x1,2,-1.0,5,34b5,b6b6,False,4644,oscillated,-1,False,distinct,1
r6b_distinct_x1,coloring,_distinct_x1,2,-1.0,3,34b6,b6b6,False,4644,oscillated,-1,False,distinct,1
r6b_distinct_x1,coloring,_distinct_x1,1,-1.0,6,34d5,b6b6,False,4644,oscillated,-1,False,distinct,1
r6b_distinct_x1,coloring,_distinct_x1,2,-1.0,6,34f5,b6b6,False,4644,oscillated,-1,False,distinct,1
r6b_distinct_x1,coloring,_distinct_x1,2,-1.0,6,35f7,b6b6,False,4644,oscillated,-1,False,distinct,1
r6b_distinct_x1,coloring,_distinct_x1,2,-1.0,3,3636,b6b6,False,4644,oscillated,-1,False,distinct,1
r6b_distinct_x1,coloring,_distinct_x1,2,-1.0,5,3684,b6b6,False,4644,oscillated,-1,False,distinct,1
r6b_distinct_x1,coloring,_distinct_x1,2,-1.0,5,3687,b6b6,False,4644,oscillated,-1,False,distinct,1
r6b_distinct_x1,coloring,_distinct_x1,1,-1.0,6,368d,b6b6,False,4644,oscillated,-1,False,distinct,1
r6b_distinct_x1,coloring,_distinct_x1,2,-1.0,3,3696,b6b6,False,4644,oscillated,-1,False,distinct,1
r6b_distinct_x1,coloring,_distinct_x1,2,-1.0,5,36a3,b6b6,False,4644,oscillated,-1,False,distinct,1
r6b_distinct_x1,coloring,_distinct_x1,2,-1.0,5,36a5,b6b6,False,4644,oscillated,-1,False,distinct,1
r6b_distinct_x1,coloring,_distinct_x1,2,-1.0,3,36a6,b6b6,False,4644,oscillated,-1,False,distinct,1
r6b_distinct_x1,coloring,_distinct_x1,2,-1.0,3,36b4,b6b6,False,4644,oscillated,-1,False,distinct,1
r6b_distinct_x1,coloring,_distinct_x1,2,-1.0,2,36b6,b6b6,False,4644,oscillated,-1,False,distinct,1
r6b_distinct_x1,coloring,_distinct_x1,2,-1.0,3,36b7,b6b6,False,4644,oscillated,-1,False,distinct,1
r6b_distinct_x1,coloring,_distinct_x1,2,-1.0,6,37ac,b6b6,False,4644,oscillated,-1,False,distinct,1
r6b_distinct_x1,coloring,_distinct_x1,2,-1.0,6,37af,b6b6,False,4644,oscillated,-1,False,distinct,1
r6b_distinct_x1,coloring,_distinct_x1,2,-1.0,3,37b6,b6b6,False,4644,oscillated,-1,False,distinct,1
r6b_distinct_x1,coloring,_distinct_x1,1,-1.0,3,3b05,1b15,False,4644,oscillated,-1,False,distinct,1
r6b_distinct_x1,coloring,_distinct_x1,3,-1.0,3,3b07,1b15,False,4644,oscillated,-1,False,distinct,1
r6b_distinct_x1,coloring,_distinct_x1,1,-1.0,3,3b81,1b15,False,4644,oscillated,-1,False,distinct,1
r6b_distinct_x1,coloring,_distinct_x1,1,-1.0,2,3b85,1b15,False,4644,oscillated,-1,False,distinct,1
r6b_distinct_x1,coloring,_distinct_x1,1,-1.0,3,3b87,1b15,False,4644,oscillated,-1,False,distinct,1
r6b_distinct_x1,coloring,_distinct_x1,1,-1.0,3,3b8d,1b15,False,4644,oscillated,-1,False,distinct,1
r6b_distinct_x1,coloring,_distinct_x1,1,-1.0,4,3b8f,1b15,False,4644,oscillated,-1,False,distinct,1
r6b_distinct_x1,coloring,_distinct_x1,3,-1.0,3,3f03,bf17,False,4644,oscillated,-1,False,distinct,1
r6b_distinct_x1,coloring,_distinct_x1,3,-1.0,3,3f05,bf17,False,4644,oscillated,-1,False,distinct,1
r6b_distinct_x1,coloring,_distinct_x1,3,-1.0,3,3f06,bf17,False,4644,oscillated,-1,False,distinct,1
r6b_distinct_x1,coloring,_distinct_x1,3,-1.0,2,3f07,bf17,False,4644,oscillated,-1,False,distinct,1
r6b_distinct_x1,coloring,_distinct_x1,3,-1.0,4,3f0e,bf17,False,4644,oscillated,-1,False,distinct,1
r6b_distinct_x1,coloring,_distinct_x1,3,-1.0,3,3f0f,bf17,False,4644,oscillated,-1,False,distinct,1
r6b_distinct_x1,coloring,_distinct_x1,3,-1.0,3,3f27,bf17,False,4644,oscillated,-1,False,distinct,1
r6b_distinct_x1,coloring,_distinct_x1,3,-1.0,4,3f83,bf17,False,4644,oscillated,-1,False,distinct,1
r6b_distinct_x1,coloring,_distinct_x1,1,-1.0,3,3f85,bf17,False,4644,oscillated,-1,False,distinct,1
r6b_distinct_x1,coloring,_distinct_x1,3,-1.0,3,3f87,bf17,False,4644,oscillated,-1,False,distinct,1
r6b_distinct_x1,coloring,_distinct_x1,2,-1.0,8,40fc,40e8,False,4644,oscillated,-1,False,distinct,1
r6b_distinct_x1,coloring,_distinct_x1,0,-1.0,9,484a,4949,False,4644,oscillated,-1,False,distinct,1
r6b_distinct_x1,coloring,_distinct_x1,1,-1.0,8,48c9,4949,False,4644,oscillated,-1,False,distinct,1
r6b_distinct_x1,coloring,_distinct_x1,1,-1.0,8,4958,4949,False,4644,oscillated,-1,False,distinct,1
r6b_distinct_x1,coloring,_distinct_x1,1,-1.0,7,4a41,4949,False,4644,oscillated,-1,False,distinct,1
r6b_distinct_x1,coloring,_distinct_x1,1,-1.0,9,4a4b,4949,False,4644,oscillated,-1,False,distinct,1
r6b_distinct_x1,coloring,_distinct_x1,1,-1.0,7,4b1a,4949,False,4644,oscillated,-1,False,distinct,1
r6b_distinct_x1,coloring,_distinct_x1,0,-1.0,9,4b2a,4949,False,4644,oscillated,-1,False,distinct,1
r6b_distinct_x1,coloring,_distinct_x1,1,-1.0,8,4b4b,4949,False,4644,oscillated,-1,False,distinct,1
r6b_distinct_x1,coloring,_distinct_x1,0,-1.0,9,4d7c,4949,False,4644,oscillated,-1,False,distinct,1
r6b_distinct_x1,coloring,_distinct_x1,0,-1.0,9,4e08,4949,False,4644,oscillated,-1,False,distinct,1
r6b_distinct_x1,coloring,_distinct_x1,1,-1.0,7,4f09,4949,False,4644,oscillated,-1,False,distinct,1
r6b_distinct_x1,coloring,_distinct_x1,3,-1.0,7,4f4f,4949,False,4644,oscillated,-1,False,distinct,1
r6b_distinct_x1,coloring,_distinct_x1,1,-1.0,3,5295,12b4,False,4644,oscillated,-1,False,distinct,1
r6b_distinct_x1,coloring,_distinct_x1,1,-1.0,5,52b7,12b4,False,4644,oscillated,-1,False,distinct,1
r6b_distinct_x1,coloring,_distinct_x1,1,-1.0,3,5394,12b4,False,4644,oscillated,-1,False,distinct,1
r6b_distinct_x1,coloring,_distinct_x1,1,-1.0,6,53b2,12b4,False,4644,oscillated,-1,False,distinct,1
r6b_distinct_x1,coloring,_distinct_x1,1,-1.0,3,53b5,12b4,False,4644,oscillated,-1,False,distinct,1
r6b_distinct_x1,coloring,_distinct_x1,1,-1.0,6,569f,12b4,False,4644,oscillated,-1,False,distinct,1
r6b_distinct_x1,coloring,_distinct_x1,2,-1.0,7,64d0,e4ea,False,4644,oscillated,-1,False,distinct,1
r6b_distinct_x1,coloring,_distinct_x1,2,-1.0,7,64f8,e4ea,False,4644,oscillated,-1,False,distinct,1
r6b_distinct_x1,coloring,_distinct_x1,2,-1.0,7,65fc,e4ea,False,4644,oscillated,-1,False,distinct,1
r6b_distinct_x1,coloring,_distinct_x1,3,-1.0,8,685f,4949,False,4644,oscillated,-1,False,distinct,1
r6b_distinct_x1,coloring,_distinct_x1,3,-1.0,7,694b,4949,False,4644,oscillated,-1,False,distinct,1
r6b_distinct_x1,coloring,_distinct_x1,0,-1.0,9,697c,4949,False,4644,oscillated,-1,False,distinct,1
r6b_distinct_x1,coloring,_distinct_x1,1,-1.0,7,6b18,4949,False,4644,oscillated,-1,False,distinct,1
r6b_distinct_x1,coloring,_distinct_x1,3,-1.0,9,6b4a,4949,False,4644,oscillated,-1,False,distinct,1
r6b_distinct_x1,coloring,_distinct_x1,0,-1.0,9,6b6c,4949,False,4644,oscillated,-1,False,distinct,1
r6b_distinct_x1,coloring,_distinct_x1,0,-1.0,8,6c5c,ed4b,False,4644,oscillated,-1,False,distinct,1
r6b_distinct_x1,coloring,_distinct_x1,0,-1.0,8,6d7c,ed4b,False,4644,oscillated,-1,False,distinct,1
r6b_distinct_x1,coloring,_distinct_x1,0,-1.0,7,6e42,ed4b,False,4644,oscillated,-1,False,distinct,1
r6b_distinct_x1,coloring,_distinct_x1,3,-1.0,8,6e4d,ed4b,False,4644,oscillated,-1,False,distinct,1
r6b_distinct_x1,coloring,_distinct_x1,2,-1.0,8,6e71,ed4b,False,4644,oscillated,-1,False,distinct,1
r6b_distinct_x1,coloring,_distinct_x1,0,-1.0,8,6f28,ed4b,False,4644,oscillated,-1,False,distinct,1
r6b_distinct_x1,coloring,_distinct_x1,3,-1.0,8,6f4a,ed4b,False,4644,oscillated,-1,False,distinct,1
r6b_distinct_x1,coloring,_distinct_x1,3,-1.0,6,6f4f,ed4b,False,4644,oscillated,-1,False,distinct,1
r6b_distinct_x1,coloring,_distinct_x1,2,-1.0,6,7292,12b4,False,4644,oscillated,-1,False,distinct,1
r6b_distinct_x1,coloring,_distinct_x1,1,-1.0,5,7390,12b4,False,4644,oscillated,-1,False,distinct,1
r6b_distinct_x1,coloring,_distinct_x1,1,-1.0,6,7398,12b4,False,4644,oscillated,-1,False,distinct,1
r6b_distinct_x1,coloring,_distinct_x1,1,-1.0,6,73b0,12b4,False,4644,oscillated,-1,False,distinct,1
r6b_distinct_x1,coloring,_distinct_x1,2,-1.0,5,73b6,12b4,False,4644,oscillated,-1,False,distinct,1
r6b_distinct_x1,coloring,_distinct_x1,1,-1.0,5,73b7,12b4,False,4644,oscillated,-1,False,distinct,1
r6b_distinct_x1,coloring,_distinct_x1,1,-1.0,7,73d2,12b4,False,4644,oscillated,-1,False,distinct,1
r6b_distinct_x1,coloring,_distinct_x1,2,-1.0,3,76b6,b6b6,False,4644,oscillated,-1,False,distinct,1
r6b_distinct_x1,coloring,_distinct_x1,2,-1.0,7,779a,b6b6,False,4644,oscillated,-1,False,distinct,1
r6b_distinct_x1,coloring,_distinct_x1,2,-1.0,4,77b6,b6b6,False,4644,oscillated,-1,False,distinct,1
r6b_distinct_x1,coloring,_distinct_x1,2,-1.0,6,77f4,b6b6,False,4644,oscillated,-1,False,distinct,1
r6b_distinct_x1,coloring,_distinct_x1,3,-1.0,7,8842,4949,False,4644,oscillated,-1,False,distinct,1
r6b_distinct_x1,coloring,_distinct_x1,3,-1.0,7,884d,4949,False,4644,oscillated,-1,False,distinct,1
r6b_distinct_x1,coloring,_distinct_x1,3,-1.0,7,896d,4949,False,4644,oscillated,-1,False,distinct,1
r6b_distinct_x1,coloring,_distinct_x1,3,-1.0,6,8c09,ed4b,False,4644,oscillated,-1,False,distinct,1
r6b_distinct_x1,coloring,_distinct_x1,3,-1.0,6,8c41,ed4b,False,4644,oscillated,-1,False,distinct,1
r6b_distinct_x1,coloring,_distinct_x1,3,-1.0,5,8d4b,ed4b,False,4644,oscillated,-1,False,distinct,1
r6b_distinct_x1,coloring,_distinct_x1,0,-1.0,5,90e6,12b4,False,4644,oscillated,-1,False,distinct,1
r6b_distinct_x1,coloring,_distinct_x1,1,-1.0,6,90f5,12b4,False,4644,oscillated,-1,False,distinct,1
r6b_distinct_x1,coloring,_distinct_x1,3,-1.0,6,918e,12b4,False,4644,oscillated,-1,False,distinct,1
r6b_distinct_x1,coloring,_distinct_x1,1,-1.0,6,91b0,12b4,False,4644,oscillated,-1,False,distinct,1
r6b_distinct_x1,coloring,_distinct_x1,3,-1.0,6,91c6,12b4,False,4644,oscillated,-1,False,distinct,1
r6b_distinct_x1,coloring,_distinct_x1,2,-1.0,5,9216,12b4,False,4644,oscillated,-1,False,distinct,1
r6b_distinct_x1,coloring,_distinct_x1,2,-1.0,5,9286,12b4,False,4644,oscillated,-1,False,distinct,1
r6b_distinct_x1,coloring,_distinct_x1,1,-1.0,5,9287,12b4,False,4644,oscillated,-1,False,distinct,1
r6b_distinct_x1,coloring,_distinct_x1,1,-1.0,3,9295,12b4,False,4644,oscillated,-1,False,distinct,1
r6b_distinct_x1,coloring,_distinct_x1,2,-1.0,6,92ac,12b4,False,4644,oscillated,-1,False,distinct,1
r6b_distinct_x1,coloring,_distinct_x1,2,-1.0,3,92b6,12b4,False,4644,oscillated,-1,False,distinct,1
r6b_distinct_x1,coloring,_distinct_x1,2,-1.0,6,9326,12b4,False,4644,oscillated,-1,False,distinct,1
r6b_distinct_x1,coloring,_distinct_x1,1,-1.0,3,9394,12b4,False,4644,oscillated,-1,False,distinct,1
r6b_distinct_x1,coloring,_distinct_x1,1,-1.0,6,93a0,12b4,False,4644,oscillated,-1,False,distinct,1
r6b_distinct_x1,coloring,_distinct_x1,1,-1.0,6,93af,12b4,False,4644,oscillated,-1,False,distinct,1
r6b_distinct_x1,coloring,_distinct_x1,1,-1.0,3,93b5,12b4,False,4644,oscillated,-1,False,distinct,1
r6b_distinct_x1,coloring,_distinct_x1,2,-1.0,4,93b6,12b4,False,4644,oscillated,-1,False,distinct,1
r6b_distinct_x1,coloring,_distinct_x1,2,-1.0,3,94b6,b6b6,False,4644,oscillated,-1,False,distinct,1
r6b_distinct_x1,coloring,_distinct_x1,2,-1.0,4,94be,b6b6,False,4644,oscillated,-1,False,distinct,1
r6b_distinct_x1,coloring,_distinct_x1,2,-1.0,5,9596,b6b6,False,4644,oscillated,-1,False,distinct,1
r6b_distinct_x1,coloring,_distinct_x1,2,-1.0,5,95b7,b6b6,False,4644,oscillated,-1,False,distinct,1
r6b_distinct_x1,coloring,_distinct_x1,1,-1.0,6,95bd,b6b6,False,4644,oscillated,-1,False,distinct,1
r6b_distinct_x1,coloring,_distinct_x1,2,-1.0,6,9604,b6b6,False,4644,oscillated,-1,False,distinct,1
r6b_distinct_x1,coloring,_distinct_x1,2,-1.0,3,9636,b6b6,False,4644,oscillated,-1,False,distinct,1
r6b_distinct_x1,coloring,_distinct_x1,2,-1.0,3,9696,b6b6,False,4644,oscillated,-1,False,distinct,1
r6b_distinct_x1,coloring,_distinct_x1,2,-1.0,4,96a2,b6b6,False,4644,oscillated,-1,False,distinct,1
r6b_distinct_x1,coloring,_distinct_x1,2,-1.0,3,96a6,b6b6,False,4644,oscillated,-1,False,distinct,1
r6b_distinct_x1,coloring,_distinct_x1,2,-1.0,3,96b4,b6b6,False,4644,oscillated,-1,False,distinct,1
r6b_distinct_x1,coloring,_distinct_x1,2,-1.0,2,96b6,b6b6,False,4644,oscillated,-1,False,distinct,1
r6b_distinct_x1,coloring,_distinct_x1,2,-1.0,3,96b7,b6b6,False,4644,oscillated,-1,False,distinct,1
r6b_distinct_x1,coloring,_distinct_x1,2,-1.0,6,97a3,b6b6,False,4644,oscillated,-1,False,distinct,1
r6b_distinct_x1,coloring,_distinct_x1,2,-1.0,3,97b6,b6b6,False,4644,oscillated,-1,False,distinct,1
r6b_distinct_x1,coloring,_distinct_x1,1,-1.0,3,9b05,1b15,False,4644,oscillated,-1,False,distinct,1
r6b_distinct_x1,coloring,_distinct_x1,3,-1.0,3,9b07,1b15,False,4644,oscillated,-1,False,distinct,1
r6b_distinct_x1,coloring,_distinct_x1,1,-1.0,3,9b81,1b15,False,4644,oscillated,-1,False,distinct,1
r6b_distinct_x1,coloring,_distinct_x1,1,-1.0,2,9b85,1b15,False,4644,oscillated,-1,False,distinct,1
r6b_distinct_x1,coloring,_distinct_x1,1,-1.0,3,9b87,1b15,False,4644,oscillated,-1,False,distinct,1
r6b_distinct_x1,coloring,_distinct_x1,1,-1.0,3,9b8d,1b15,False,4644,oscillated,-1,False,distinct,1
r6b_distinct_x1,coloring,_distinct_x1,3,-1.0,3,9f03,bf17,False,4644,oscillated,-1,False,distinct,1
r6b_distinct_x1,coloring,_distinct_x1,3,-1.0,3,9f05,bf17,False,4644,oscillated,-1,False,distinct,1
r6b_distinct_x1,coloring,_distinct_x1,3,-1.0,3,9f06,bf17,False,4644,oscillated,-1,False,distinct,1
r6b_distinct_x1,coloring,_distinct_x1,3,-1.0,2,9f07,bf17,False,4644,oscillated,-1,False,distinct,1
r6b_distinct_x1,coloring,_distinct_x1,3,-1.0,3,9f0f,bf17,False,4644,oscillated,-1,False,distinct,1
r6b_distinct_x1,coloring,_distinct_x1,3,-1.0,4,9f25,bf17,False,4644,oscillated,-1,False,distinct,1
r6b_distinct_x1,coloring,_distinct_x1,3,-1.0,3,9f27,bf17,False,4644,oscillated,-1,False,distinct,1
r6b_distinct_x1,coloring,_distinct_x1,1,-1.0,3,9f85,bf17,False,4644,oscillated,-1,False,distinct,1
r6b_distinct_x1,coloring,_distinct_x1,3,-1.0,3,9f87,bf17,False,4644,oscillated,-1,False,distinct,1
r6b_distinct_x1,coloring,_distinct_x1,3,-1.0,5,a843,ed4b,False,4644,oscillated,-1,False,distinct,1
r6b_distinct_x1,coloring,_distinct_x1,3,-1.0,6,a84e,ed4b,False,4644,oscillated,-1,False,distinct,1
r6b_distinct_x1,coloring,_distinct_x1,3,-1.0,5,a867,ed4b,False,4644,oscillated,-1,False,distinct,1
r6b_distinct_x1,coloring,_distinct_x1,3,-1.0,5,ac2b,ed4b,False,4644,oscillated,-1,False,distinct,1
r6b_distinct_x1,coloring,_distinct_x1,3,-1.0,5,ac42,ed4b,False,4644,oscillated,-1,False,distinct,1
r6b_distinct_x1,coloring,_distinct_x1,3,-1.0,7,ac48,ed4b,False,4644,oscillated,-1,False,distinct,1
r6b_distinct_x1,coloring,_distinct_x1,3,-1.0,7,ac69,ed4b,False,4644,oscillated,-1,False,distinct,1
r6b_distinct_x1,coloring,_distinct_x1,3,-1.0,6,ac6b,ed4b,False,4644,oscillated,-1,False,distinct,1
r6b_distinct_x1,coloring,_distinct_x1,3,-1.0,5,ad4a,ed4b,False,4644,oscillated,-1,False,distinct,1
r6b_distinct_x1,coloring,_distinct_x1,3,-1.0,6,ad60,ed4b,False,4644,oscillated,-1,False,distinct,1
r6b_distinct_x1,coloring,_distinct_x1,3,-1.0,5,ad61,ed4b,False,4644,oscillated,-1,False,distinct,1
r6b_distinct_x1,coloring,_distinct_x1,2,-1.0,6,b093,b6b6,False,4644,oscillated,-1,False,distinct,1
r6b_distinct_x1,coloring,_distinct_x1,2,-1.0,3,b0b6,b6b6,False,4644,oscillated,-1,False,distinct,1
r6b_distinct_x1,coloring,_distinct_x1,0,-1.0,4,b0e6,b6b6,False,4644,oscillated,-1,False,distinct,1
r6b_distinct_x1,coloring,_distinct_x1,0,-1.0,5,b0e7,b6b6,False,4644,oscillated,-1,False,distinct,1
r6b_distinct_x1,coloring,_distinct_x1,2,-1.0,4,b0f6,b6b6,False,4644,oscillated,-1,False,distinct,1
r6b_distinct_x1,coloring,_distinct_x1,2,-1.0,6,b1b0,b6b6,False,4644,oscillated,-1,False,distinct,1
r6b_distinct_x1,coloring,_distinct_x1,2,-1.0,4,b1b6,b6b6,False,4644,oscillated,-1,False,distinct,1
r6b_distinct_x1,coloring,_distinct_x1,2,-1.0,3,b236,b6b6,False,4644,oscillated,-1,False,distinct,1
r6b_distinct_x1,coloring,_distinct_x1,1,-1.0,5,b285,b6b6,False,4644,oscillated,-1,False,distinct,1
r6b_distinct_x1,coloring,_distinct_x1,2,-1.0,3,b296,b6b6,False,4644,oscillated,-1,False,distinct,1
r6b_distinct_x1,coloring,_distinct_x1,2,-1.0,4,b297,b6b6,False,4644,oscillated,-1,False,distinct,1
r6b_distinct_x1,coloring,_distinct_x1,2,-1.0,5,b2a0,b6b6,False,4644,oscillated,-1,False,distinct,1
r6b_distinct_x1,coloring,_distinct_x1,2,-1.0,4,b2a2,b6b6,False,4644,oscillated,-1,False,distinct,1
r6b_distinct_x1,coloring,_distinct_x1,2,-1.0,3,b2a6,b6b6,False,4644,oscillated,-1,False,distinct,1
r6b_distinct_x1,coloring,_distinct_x1,2,-1.0,3,b2b4,b6b6,False,4644,oscillated,-1,False,distinct,1
r6b_distinct_x1,coloring,_distinct_x1,2,-1.0,2,b2b6,b6b6,False,4644,oscillated,-1,False,distinct,1
r6b_distinct_x1,coloring,_distinct_x1,2,-1.0,3,b2b7,b6b6,False,4644,oscillated,-1,False,distinct,1
r6b_distinct_x1,coloring,_distinct_x1,1,-1.0,5,b3a5,b6b6,False,4644,oscillated,-1,False,distinct,1
r6b_distinct_x1,coloring,_distinct_x1,2,-1.0,3,b3b6,b6b6,False,4644,oscillated,-1,False,distinct,1
r6b_distinct_x1,coloring,_distinct_x1,2,-1.0,5,b490,b6b6,False,4644,oscillated,-1,False,distinct,1
r6b_distinct_x1,coloring,_distinct_x1,2,-1.0,4,b492,b6b6,False,4644,oscillated,-1,False,distinct,1
r6b_distinct_x1,coloring,_distinct_x1,2,-1.0,3,b496,b6b6,False,4644,oscillated,-1,False,distinct,1
r6b_distinct_x1,coloring,_distinct_x1,2,-1.0,5,b49c,b6b6,False,4644,oscillated,-1,False,distinct,1
r6b_distinct_x1,coloring,_distinct_x1,2,-1.0,3,b4b2,b6b6,False,4644,oscillated,-1,False,distinct,1
r6b_distinct_x1,coloring,_distinct_x1,2,-1.0,3,b4b4,b6b6,False,4644,oscillated,-1,False,distinct,1
r6b_distinct_x1,coloring,_distinct_x1,2,-1.0,2,b4b6,b6b6,False,4644,oscillated,-1,False,distinct,1
r6b_distinct_x1,coloring,_distinct_x1,2,-1.0,3,b4b7,b6b6,False,4644,oscillated,-1,False,distinct,1
r6b_distinct_x1,coloring,_distinct_x1,2,-1.0,3,b4be,b6b6,False,4644,oscillated,-1,False,distinct,1
r6b_distinct_x1,coloring,_distinct_x1,2,-1.0,4,b4bf,b6b6,False,4644,oscillated,-1,False,distinct,1
r6b_distinct_x1,coloring,_distinct_x1,0,-1.0,3,b4e6,b6b6,False,4644,oscillated,-1,False,distinct,1
r6b_distinct_x1,coloring,_distinct_x1,2,-1.0,3,b4f6,b6b6,False,4644,oscillated,-1,False,distinct,1
r6b_distinct_x1,coloring,_distinct_x1,2,-1.0,3,b5b6,b6b6,False,4644,oscillated,-1,False,distinct,1
r6b_distinct_x1,coloring,_distinct_x1,3,-1.0,5,b5e5,b6b6,False,4644,oscillated,-1,False,distinct,1
r6b_distinct_x1,coloring,_distinct_x1,0,-1.0,4,b5e6,b6b6,False,4644,oscillated,-1,False,distinct,1
r6b_distinct_x1,coloring,_distinct_x1,3,-1.0,4,b5e7,b6b6,False,4644,oscillated,-1,False,distinct,1
r6b_distinct_x1,coloring,_distinct_x1,2,-1.0,6,b5f5,b6b6,False,4644,oscillated,-1,False,distinct,1
r6b_distinct_x1,coloring,_distinct_x1,2,-1.0,3,b634,b6b6,False,4644,oscillated,-1,False,distinct,1
r6b_distinct_x1,coloring,_distinct_x1,2,-1.0,4,b635,b6b6,False,4644,oscillated,-1,False,distinct,1
r6b_distinct_x1,coloring,_distinct_x1,2,-1.0,2,b636,b6b6,False,4644,oscillated,-1,False,distinct,1
r6b_distinct_x1,coloring,_distinct_x1,2,-1.0,3,b637,b6b6,False,4644,oscillated,-1,False,distinct,1
r6b_distinct_x1,coloring,_distinct_x1,2,-1.0,4,b684,b6b6,False,4644,oscillated,-1,False,distinct,1
r6b_distinct_x1,coloring,_distinct_x1,2,-1.0,3,b686,b6b6,False,4644,oscillated,-1,False,distinct,1
r6b_distinct_x1,coloring,_distinct_x1,2,-1.0,3,b694,b6b6,False,4644,oscillated,-1,False,distinct,1
r6b_distinct_x1,coloring,_distinct_x1,2,-1.0,2,b696,b6b6,False,4644,oscillated,-1,False,distinct,1
r6b_distinct_x1,coloring,_distinct_x1,2,-1.0,3,b697,b6b6,False,4644,oscillated,-1,False,distinct,1
r6b_distinct_x1,coloring,_distinct_x1,2,-1.0,4,b6a0,b6b6,False,4644,oscillated,-1,False,distinct,1
r6b_distinct_x1,coloring,_distinct_x1,2,-1.0,3,b6a2,b6b6,False,4644,oscillated,-1,False,distinct,1
r6b_distinct_x1,coloring,_distinct_x1,2,-1.0,3,b6a4,b6b6,False,4644,oscillated,-1,False,distinct,1
r6b_distinct_x1,coloring,_distinct_x1,2,-1.0,2,b6a6,b6b6,False,4644,oscillated,-1,False,distinct,1
r6b_distinct_x1,coloring,_distinct_x1,2,-1.0,3,b6a7,b6b6,False,4644,oscillated,-1,False,distinct,1
r6b_distinct_x1,coloring,_distinct_x1,2,-1.0,3,b6ae,b6b6,False,4644,oscillated,-1,False,distinct,1
r6b_distinct_x1,coloring,_distinct_x1,2,-1.0,2,b6b4,b6b6,False,4644,oscillated,-1,False,distinct,1
r6b_distinct_x1,coloring,_distinct_x1,2,-1.0,3,b6b5,b6b6,False,4644,oscillated,-1,False,distinct,1
r6b_distinct_x1,coloring,_distinct_x1,2,-1.0,1,b6b6,b6b6,False,4644,oscillated,-1,False,distinct,1
r6b_distinct_x1,coloring,_distinct_x1,2,-1.0,2,b6b7,b6b6,False,4644,oscillated,-1,False,distinct,1
r6b_distinct_x1,coloring,_distinct_x1,2,-1.0,4,b726,b6b6,False,4644,oscillated,-1,False,distinct,1
r6b_distinct_x1,coloring,_distinct_x1,2,-1.0,3,b736,b6b6,False,4644,oscillated,-1,False,distinct,1
r6b_distinct_x1,coloring,_distinct_x1,2,-1.0,4,b794,b6b6,False,4644,oscillated,-1,False,distinct,1
r6b_distinct_x1,coloring,_distinct_x1,2,-1.0,3,b796,b6b6,False,4644,oscillated,-1,False,distinct,1
r6b_distinct_x1,coloring,_distinct_x1,2,-1.0,3,b7a6,b6b6,False,4644,oscillated,-1,False,distinct,1
r6b_distinct_x1,coloring,_distinct_x1,2,-1.0,5,b7ac,b6b6,False,4644,oscillated,-1,False,distinct,1
r6b_distinct_x1,coloring,_distinct_x1,2,-1.0,3,b7b4,b6b6,False,4644,oscillated,-1,False,distinct,1
r6b_distinct_x1,coloring,_distinct_x1,2,-1.0,2,b7b6,b6b6,False,4644,oscillated,-1,False,distinct,1
r6b_distinct_x1,coloring,_distinct_x1,2,-1.0,3,b7b7,b6b6,False,4644,oscillated,-1,False,distinct,1
r6b_distinct_x1,coloring,_distinct_x1,3,-1.0,4,ba0f,bf17,False,4644,oscillated,-1,False,distinct,1
r6b_distinct_x1,coloring,_distinct_x1,3,-1.0,3,bb03,bf17,False,4644,oscillated,-1,False,distinct,1
r6b_distinct_x1,coloring,_distinct_x1,3,-1.0,3,bb05,bf17,False,4644,oscillated,-1,False,distinct,1
r6b_distinct_x1,coloring,_distinct_x1,3,-1.0,3,bb06,bf17,False,4644,oscillated,-1,False,distinct,1
r6b_distinct_x1,coloring,_distinct_x1,3,-1.0,2,bb07,bf17,False,4644,oscillated,-1,False,distinct,1
r6b_distinct_x1,coloring,_distinct_x1,3,-1.0,3,bb0f,bf17,False,4644,oscillated,-1,False,distinct,1
r6b_distinct_x1,coloring,_distinct_x1,3,-1.0,3,bb27,bf17,False,4644,oscillated,-1,False,distinct,1
r6b_distinct_x1,coloring,_distinct_x1,1,-1.0,3,bb85,bf17,False,4644,oscillated,-1,False,distinct,1
r6b_distinct_x1,coloring,_distinct_x1,3,-1.0,3,bb87,bf17,False,4644,oscillated,-1,False,distinct,1
r6b_distinct_x1,coloring,_distinct_x1,3,-1.0,4,be01,bf17,False,4644,oscillated,-1,False,distinct,1
r6b_distinct_x1,coloring,_distinct_x1,3,-1.0,3,be03,bf17,False,4644,oscillated,-1,False,distinct,1
r6b_distinct_x1,coloring,_distinct_x1,3,-1.0,3,be0f,bf17,False,4644,oscillated,-1,False,distinct,1
r6b_distinct_x1,coloring,_distinct_x1,3,-1.0,3,bf01,bf17,False,4644,oscillated,-1,False,distinct,1
r6b_distinct_x1,coloring,_distinct_x1,3,-1.0,3,bf02,bf17,False,4644,oscillated,-1,False,distinct,1
r6b_distinct_x1,coloring,_distinct_x1,3,-1.0,2,bf03,bf17,False,4644,oscillated,-1,False,distinct,1
r6b_distinct_x1,coloring,_distinct_x1,3,-1.0,2,bf05,bf17,False,4644,oscillated,-1,False,distinct,1
r6b_distinct_x1,coloring,_distinct_x1,3,-1.0,1,bf07,bf17,False,4644,oscillated,-1,False,distinct,1
r6b_distinct_x1,coloring,_distinct_x1,3,-1.0,3,bf0d,bf17,False,4644,oscillated,-1,False,distinct,1
r6b_distinct_x1,coloring,_distinct_x1,3,-1.0,3,bf0e,bf17,False,4644,oscillated,-1,False,distinct,1
r6b_distinct_x1,coloring,_distinct_x1,3,-1.0,2,bf0f,bf17,False,4644,oscillated,-1,False,distinct,1
r6b_distinct_x1,coloring,_distinct_x1,3,-1.0,3,bf23,bf17,False,4644,oscillated,-1,False,distinct,1
r6b_distinct_x1,coloring,_distinct_x1,3,-1.0,4,bf2d,bf17,False,4644,oscillated,-1,False,distinct,1
r6b_distinct_x1,coloring,_distinct_x1,3,-1.0,3,bf2f,bf17,False,4644,oscillated,-1,False,distinct,1
r6b_distinct_x1,coloring,_distinct_x1,2,-1.0,8,c0fb,40e8,False,4644,oscillated,-1,False,distinct,1
r6b_distinct_x1,coloring,_distinct_x1,2,-1.0,7,c0ff,40e8,False,4644,oscillated,-1,False,distinct,1
r6b_distinct_x1,coloring,_distinct_x1,2,-1.0,6,c4f0,e4ea,False,4644,oscillated,-1,False,distinct,1
r6b_distinct_x1,coloring,_distinct_x1,2,-1.0,5,c4fe,e4ea,False,4644,oscillated,-1,False,distinct,1
r6b_distinct_x1,coloring,_distinct_x1,3,-1.0,8,c949,4949,False,4644,oscillated,-1,False,distinct,1
r6b_distinct_x1,coloring,_distinct_x1,1,-1.0,9,c979,4949,False,4644,oscillated,-1,False,distinct,1
r6b_distinct_x1,coloring,_distinct_x1,2,-1.0,8,ca1a,4949,False,4644,oscillated,-1,False,distinct,1
r6b_distinct_x1,coloring,_distinct_x1,0,-1.0,10,ca48,4949,False,4644,oscillated,-1,False,distinct,1
r6b_distinct_x1,coloring,_distinct_x1,3,-1.0,9,ca4b,4949,False,4644,oscillated,-1,False,distinct,1
r6b_distinct_x1,coloring,_distinct_x1,3,-1.0,8,cb4e,4949,False,4644,oscillated,-1,False,distinct,1
r6b_distinct_x1,coloring,_distinct_x1,3,-1.0,7,cb4f,4949,False,4644,oscillated,-1,False,distinct,1
r6b_distinct_x1,coloring,_distinct_x1,0,-1.0,9,cb60,4949,False,4644,oscillated,-1,False,distinct,1
r6b_distinct_x1,coloring,_distinct_x1,0,-1.0,9,cb6a,4949,False,4644,oscillated,-1,False,distinct,1
r6b_distinct_x1,coloring,_distinct_x1,3,-1.0,9,cb6b,4949,False,4644,oscillated,-1,False,distinct,1
r6b_distinct_x1,coloring,_distinct_x1,1,-1.0,8,cb6d,4949,False,4644,oscillated,-1,False,distinct,1
r6b_distinct_x1,coloring,_distinct_x1,3,-1.0,8,cc49,ed4b,False,4644,oscillated,-1,False,distinct,1
r6b_distinct_x1,coloring,_distinct_x1,0,-1.0,8,cc50,ed4b,False,4644,oscillated,-1,False,distinct,1
r6b_distinct_x1,coloring,_distinct_x1,3,-1.0,8,cc5d,ed4b,False,4644,oscillated,-1,False,distinct,1
r6b_distinct_x1,coloring,_distinct_x1,0,-1.0,9,ccd9,ed4b,False,4644,oscillated,-1,False,distinct,1
r6b_distinct_x1,coloring,_distinct_x1,3,-1.0,8,cd5a,ed4b,False,4644,oscillated,-1,False,distinct,1
r6b_distinct_x1,coloring,_distinct_x1,3,-1.0,7,cd6b,ed4b,False,4644,oscillated,-1,False,distinct,1
r6b_distinct_x1,coloring,_distinct_x1,0,-1.0,8,cd70,ed4b,False,4644,oscillated,-1,False,distinct,1
r6b_distinct_x1,coloring,_distinct_x1,3,-1.0,7,cd7f,ed4b,False,4644,oscillated,-1,False,distinct,1
r6b_distinct_x1,coloring,_distinct_x1,0,-1.0,8,cdc8,ed4b,False,4644,oscillated,-1,False,distinct,1
r6b_distinct_x1,coloring,_distinct_x1,0,-1.0,8,ce08,ed4b,False,4644,oscillated,-1,False,distinct,1
r6b_distinct_x1,coloring,_distinct_x1,3,-1.0,7,cf09,ed4b,False,4644,oscillated,-1,False,distinct,1
r6b_distinct_x1,coloring,_distinct_x1,3,-1.0,6,cf0b,ed4b,False,4644,oscillated,-1,False,distinct,1
r6b_distinct_x1,coloring,_distinct_x1,3,-1.0,6,cf43,ed4b,False,4644,oscillated,-1,False,distinct,1
r6b_distinct_x1,coloring,_distinct_x1,3,-1.0,7,cf6f,ed4b,False,4644,oscillated,-1,False,distinct,1
r6b_distinct_x1,coloring,_distinct_x1,1,-1.0,6,d398,12b4,False,4644,oscillated,-1,False,distinct,1
r6b_distinct_x1,coloring,_distinct_x1,1,-1.0,7,d39a,12b4,False,4644,oscillated,-1,False,distinct,1
r6b_distinct_x1,coloring,_distinct_x1,1,-1.0,5,d39c,12b4,False,4644,oscillated,-1,False,distinct,1
r6b_distinct_x1,coloring,_distinct_x1,2,-1.0,6,d3b2,12b4,False,4644,oscillated,-1,False,distinct,1
r6b_distinct_x1,coloring,_distinct_x1,1,-1.0,4,d3b5,12b4,False,4644,oscillated,-1,False,distinct,1
r6b_distinct_x1,coloring,_distinct_x1,2,-1.0,5,d3b6,12b4,False,4644,oscillated,-1,False,distinct,1
r6b_distinct_x1,coloring,_distinct_x1,1,-1.0,5,d3bd,12b4,False,4644,oscillated,-1,False,distinct,1
r6b_distinct_x1,coloring,_distinct_x1,2,-1.0,6,d690,b6b6,False,4644,oscillated,-1,False,distinct,1
r6b_distinct_x1,coloring,_distinct_x1,2,-1.0,5,d692,b6b6,False,4644,oscillated,-1,False,distinct,1
r6b_distinct_x1,coloring,_distinct_x1,2,-1.0,5,d697,b6b6,False,4644,oscillated,-1,False,distinct,1
r6b_distinct_x1,coloring,_distinct_x1,2,-1.0,3,d6b6,b6b6,False,4644,oscillated,-1,False,distinct,1
r6b_distinct_x1,coloring,_distinct_x1,1,-1.0,7,d798,b6b6,False,4644,oscillated,-1,False,distinct,1
r6b_distinct_x1,coloring,_distinct_x1,2,-1.0,5,d7b2,b6b6,False,4644,oscillated,-1,False,distinct,1
r6b_distinct_x1,coloring,_distinct_x1,2,-1.0,5,d7b4,b6b6,False,4644,oscillated,-1,False,distinct,1
r6b_distinct_x1,coloring,_distinct_x1,1,-1.0,6,d7bd,b6b6,False,4644,oscillated,-1,False,distinct,1
r6b_distinct_x1,coloring,_distinct_x1,2,-1.0,7,e1fc,e4ea,False,4644,oscillated,-1,False,distinct,1
r6b_distinct_x1,coloring,_distinct_x1,2,-1.0,6,e1fe,e4ea,False,4644,oscillated,-1,False,distinct,1
r6b_distinct_x1,coloring,_distinct_x1,2,-1.0,4,e4fe,e4ea,False,4644,oscillated,-1,False,distinct,1
r6b_distinct_x1,coloring,_distinct_x1,3,-1.0,8,e85b,ed4b,False,4644,oscillated,-1,False,distinct,1
r6b_distinct_x1,coloring,_distinct_x1,0,-1.0,9,e8d9,ed4b,False,4644,oscillated,-1,False,distinct,1
r6b_distinct_x1,coloring,_distinct_x1,3,-1.0,6,e94b,ed4b,False,4644,oscillated,-1,False,distinct,1
r6b_distinct_x1,coloring,_distinct_x1,3,-1.0,7,e95e,ed4b,False,4644,oscillated,-1,False,distinct,1
r6b_distinct_x1,coloring,_distinct_x1,0,-1.0,8,e9fb,ed4b,False,4644,oscillated,-1,False,distinct,1
r6b_distinct_x1,coloring,_distinct_x1,3,-1.0,7,ea0b,ed4b,False,4644,oscillated,-1,False,distinct,1
r6b_distinct_x1,coloring,_distinct_x1,0,-1.0,8,ea40,ed4b,False,4644,oscillated,-1,False,distinct,1
r6b_distinct_x1,coloring,_distinct_x1,0,-1.0,9,ea69,ed4b,False,4644,oscillated,-1,False,distinct,1
r6b_distinct_x1,coloring,_distinct_x1,0,-1.0,8,eb6a,ed4b,False,4644,oscillated,-1,False,distinct,1
r6b_distinct_x1,coloring,_distinct_x1,0,-1.0,7,ec5a,ed4b,False,4644,oscillated,-1,False,distinct,1
r6b_distinct_x1,coloring,_distinct_x1,0,-1.0,7,ecc9,ed4b,False,4644,oscillated,-1,False,distinct,1
r6b_distinct_x1,coloring,_distinct_x1,3,-1.0,7,ed71,ed4b,False,4644,oscillated,-1,False,distinct,1
r6b_distinct_x1,coloring,_distinct_x1,3,-1.0,6,edcb,ed4b,False,4644,oscillated,-1,False,distinct,1
r6b_distinct_x1,coloring,_distinct_x1,3,-1.0,7,ee41,ed4b,False,4644,oscillated,-1,False,distinct,1
r6b_distinct_x1,coloring,_distinct_x1,2,-1.0,7,ef38,ed4b,False,4644,oscillated,-1,False,distinct,1
r6b_distinct_x1,coloring,_distinct_x1,3,-1.0,6,ef42,ed4b,False,4644,oscillated,-1,False,distinct,1
r6b_distinct_x1,coloring,_distinct_x1,3,-1.0,6,ef4e,ed4b,False,4644,oscillated,-1,False,distinct,1
r6b_distinct_x1,coloring,_distinct_x1,3,-1.0,5,ef4f,ed4b,False,4644,oscillated,-1,False,distinct,1
r6b_distinct_x1,coloring,_distinct_x1,0,-1.0,6,ef62,ed4b,False,4644,oscillated,-1,False,distinct,1
r6b_distinct_x1,coloring,_distinct_x1,0,-1.0,7,ef6a,ed4b,False,4644,oscillated,-1,False,distinct,1
r6b_distinct_x1,coloring,_distinct_x1,2,-1.0,4,f296,b6b6,False,4644,oscillated,-1,False,distinct,1
r6b_distinct_x1,coloring,_distinct_x1,2,-1.0,5,f297,b6b6,False,4644,oscillated,-1,False,distinct,1
r6b_distinct_x1,coloring,_distinct_x1,2,-1.0,3,f2b6,b6b6,False,4644,oscillated,-1,False,distinct,1
r6b_distinct_x1,coloring,_distinct_x1,2,-1.0,6,f392,b6b6,False,4644,oscillated,-1,False,distinct,1
r6b_distinct_x1,coloring,_distinct_x1,1,-1.0,6,f3d4,b6b6,False,4644,oscillated,-1,False,distinct,1
r6b_distinct_x1,coloring,_distinct_x1,2,-1.0,3,f696,b6b6,False,4644,oscillated,-1,False,distinct,1
r6b_distinct_x1,coloring,_distinct_x1,2,-1.0,3,f6b4,b6b6,False,4644,oscillated,-1,False,distinct,1
r6b_distinct_x1,coloring,_distinct_x1,2,-1.0,2,f6b6,b6b6,False,4644,oscillated,-1,False,distinct,1
r6b_distinct_x1,coloring,_distinct_x1,2,-1.0,3,f6b7,b6b6,False,4644,oscillated,-1,False,distinct,1
r6b_distinct_x1,coloring,_distinct_x1,2,-1.0,3,f7b6,b6b6,False,4644,oscillated,-1,False,distinct,1
r6b_distinct_x4,coloring,_distinct_x4,1,-1.0,8,840,4949,False,18276,oscillated,-1,False,distinct,4
r6b_distinct_x4,coloring,_distinct_x4,3,-1.0,6,c0b,4949,False,18276,oscillated,-1,False,distinct,4
r6b_distinct_x4,coloring,_distinct_x4,3,-1.0,7,d6e,4949,False,18276,oscillated,-1,False,distinct,4
r6b_distinct_x4,coloring,_distinct_x4,1,-1.0,3,1095,12b4,False,18276,oscillated,-1,False,distinct,4
r6b_distinct_x4,coloring,_distinct_x4,1,-1.0,5,10b7,12b4,False,18276,oscillated,-1,False,distinct,4
r6b_distinct_x4,coloring,_distinct_x4,1,-1.0,5,10bd,12b4,False,18276,oscillated,-1,False,distinct,4
r6b_distinct_x4,coloring,_distinct_x4,1,-1.0,6,10bf,12b4,False,18276,oscillated,-1,False,distinct,4
r6b_distinct_x4,coloring,_distinct_x4,1,-1.0,3,1194,12b4,False,18276,oscillated,-1,False,distinct,4
r6b_distinct_x4,coloring,_distinct_x4,1,-1.0,3,11b5,12b4,False,18276,oscillated,-1,False,distinct,4
r6b_distinct_x4,coloring,_distinct_x4,1,-1.0,5,1280,12b4,False,18276,oscillated,-1,False,distinct,4
r6b_distinct_x4,coloring,_distinct_x4,1,-1.0,3,1285,12b4,False,18276,oscillated,-1,False,distinct,4
r6b_distinct_x4,coloring,_distinct_x4,1,-1.0,4,1287,12b4,False,18276,oscillated,-1,False,distinct,4
r6b_distinct_x4,coloring,_distinct_x4,1,-1.0,3,1294,12b4,False,18276,oscillated,-1,False,distinct,4
r6b_distinct_x4,coloring,_distinct_x4,1,-1.0,2,1295,12b4,False,18276,oscillated,-1,False,distinct,4
r6b_distinct_x4,coloring,_distinct_x4,1,-1.0,3,1297,12b4,False,18276,oscillated,-1,False,distinct,4
r6b_distinct_x4,coloring,_distinct_x4,1,-1.0,5,12a1,12b4,False,18276,oscillated,-1,False,distinct,4
r6b_distinct_x4,coloring,_distinct_x4,1,-1.0,3,12b5,12b4,False,18276,oscillated,-1,False,distinct,4
r6b_distinct_x4,coloring,_distinct_x4,1,-1.0,3,1384,12b4,False,18276,oscillated,-1,False,distinct,4
r6b_distinct_x4,coloring,_distinct_x4,1,-1.0,2,1394,12b4,False,18276,oscillated,-1,False,distinct,4
r6b_distinct_x4,coloring,_distinct_x4,1,-1.0,3,1396,12b4,False,18276,oscillated,-1,False,distinct,4
r6b_distinct_x4,coloring,_distinct_x4,1,-1.0,6,13a2,12b4,False,18276,oscillated,-1,False,distinct,4
r6b_distinct_x4,coloring,_distinct_x4,1,-1.0,3,13a5,12b4,False,18276,oscillated,-1,False,distinct,4
r6b_distinct_x4,coloring,_distinct_x4,1,-1.0,3,13b4,12b4,False,18276,oscillated,-1,False,distinct,4
r6b_distinct_x4,coloring,_distinct_x4,1,-1.0,2,13b5,12b4,False,18276,oscillated,-1,False,distinct,4
r6b_distinct_x4,coloring,_distinct_x4,1,-1.0,3,13b7,12b4,False,18276,oscillated,-1,False,distinct,4
r6b_distinct_x4,coloring,_distinct_x4,2,-1.0,6,1492,12b4,False,18276,oscillated,-1,False,distinct,4
r6b_distinct_x4,coloring,_distinct_x4,1,-1.0,5,1497,12b4,False,18276,oscillated,-1,False,distinct,4
r6b_distinct_x4,coloring,_distinct_x4,3,-1.0,6,14c7,12b4,False,18276,oscillated,-1,False,distinct,4
r6b_distinct_x4,coloring,_distinct_x4,1,-1.0,6,14d7,12b4,False,18276,oscillated,-1,False,distinct,4
r6b_distinct_x4,coloring,_distinct_x4,2,-1.0,5,15b6,12b4,False,18276,oscillated,-1,False,distinct,4
r6b_distinct_x4,coloring,_distinct_x4,2,-1.0,5,1686,12b4,False,18276,oscillated,-1,False,distinct,4
r6b_distinct_x4,coloring,_distinct_x4,1,-1.0,5,1687,12b4,False,18276,oscillated,-1,False,distinct,4
r6b_distinct_x4,coloring,_distinct_x4,1,-1.0,3,1695,12b4,False,18276,oscillated,-1,False,distinct,4
r6b_distinct_x4,coloring,_distinct_x4,2,-1.0,4,1696,12b4,False,18276,oscillated,-1,False,distinct,4
r6b_distinct_x4,coloring,_distinct_x4,1,-1.0,6,16a1,12b4,False,18276,oscillated,-1,False,distinct,4
r6b_distinct_x4,coloring,_distinct_x4,2,-1.0,6,16ac,12b4,False,18276,oscillated,-1,False,distinct,4
r6b_distinct_x4,coloring,_distinct_x4,2,-1.0,3,16b6,12b4,False,18276,oscillated,-1,False,distinct,4
r6b_distinct_x4,coloring,_distinct_x4,2,-1.0,4,16b7,12b4,False,18276,oscillated,-1,False,distinct,4
r6b_distinct_x4,coloring,_distinct_x4,1,-1.0,3,1794,12b4,False,18276,oscillated,-1,False,distinct,4
r6b_distinct_x4,coloring,_distinct_x4,1,-1.0,3,17b5,12b4,False,18276,oscillated,-1,False,distinct,4
r6b_distinct_x4,coloring,_distinct_x4,1,-1.0,4,1a01,1915,False,18276,oscillated,-1,False,distinct,4
r6b_distinct_x4,coloring,_distinct_x4,1,-1.0,3,1b01,1915,False,18276,oscillated,-1,False,distinct,4
r6b_distinct_x4,coloring,_distinct_x4,1,-1.0,2,1b05,1915,False,18276,oscillated,-1,False,distinct,4
r6b_distinct_x4,coloring,_distinct_x4,1,-1.0,3,1b07,1915,False,18276,oscillated,-1,False,distinct,4
r6b_distinct_x4,coloring,_distinct_x4,1,-1.0,3,1b0d,1915,False,18276,oscillated,-1,False,distinct,4
r6b_distinct_x4,coloring,_distinct_x4,1,-1.0,3,1f05,1915,False,18276,oscillated,-1,False,distinct,4
r6b_distinct_x4,coloring,_distinct_x4,3,-1.0,3,1f07,1915,False,18276,oscillated,-1,False,distinct,4
r6b_distinct_x4,coloring,_distinct_x4,1,-1.0,3,1f81,1915,False,18276,oscillated,-1,False,distinct,4
r6b_distinct_x4,coloring,_distinct_x4,1,-1.0,2,1f85,1915,False,18276,oscillated,-1,False,distinct,4
r6b_distinct_x4,coloring,_distinct_x4,1,-1.0,3,1f87,1915,False,18276,oscillated,-1,False,distinct,4
r6b_distinct_x4,coloring,_distinct_x4,1,-1.0,3,1f8d,1915,False,18276,oscillated,-1,False,distinct,4
r6b_distinct_x4,coloring,_distinct_x4,3,-1.0,7,2c29,ed4b,False,18276,oscillated,-1,False,distinct,4
r6b_distinct_x4,coloring,_distinct_x4,3,-1.0,7,2c61,ed4b,False,18276,oscillated,-1,False,distinct,4
r6b_distinct_x4,coloring,_distinct_x4,3,-1.0,5,2c67,ed4b,False,18276,oscillated,-1,False,distinct,4
r6b_distinct_x4,coloring,_distinct_x4,3,-1.0,6,2d4a,ed4b,False,18276,oscillated,-1,False,distinct,4
r6b_distinct_x4,coloring,_distinct_x4,3,-1.0,7,2d6a,ed4b,False,18276,oscillated,-1,False,distinct,4
r6b_distinct_x4,coloring,_distinct_x4,2,-1.0,4,30b6,12b4,False,18276,oscillated,-1,False,distinct,4
r6b_distinct_x4,coloring,_distinct_x4,2,-1.0,6,30f4,12b4,False,18276,oscillated,-1,False,distinct,4
r6b_distinct_x4,coloring,_distinct_x4,1,-1.0,6,30f5,12b4,False,18276,oscillated,-1,False,distinct,4
r6b_distinct_x4,coloring,_distinct_x4,1,-1.0,6,31f7,12b4,False,18276,oscillated,-1,False,distinct,4
r6b_distinct_x4,coloring,_distinct_x4,2,-1.0,5,3286,12b4,False,18276,oscillated,-1,False,distinct,4
r6b_distinct_x4,coloring,_distinct_x4,1,-1.0,5,328d,12b4,False,18276,oscillated,-1,False,distinct,4
r6b_distinct_x4,coloring,_distinct_x4,1,-1.0,4,3294,12b4,False,18276,oscillated,-1,False,distinct,4
r6b_distinct_x4,coloring,_distinct_x4,1,-1.0,3,3295,12b4,False,18276,oscillated,-1,False,distinct,4
r6b_distinct_x4,coloring,_distinct_x4,2,-1.0,4,32a6,12b4,False,18276,oscillated,-1,False,distinct,4
r6b_distinct_x4,coloring,_distinct_x4,2,-1.0,5,32a7,12b4,False,18276,oscillated,-1,False,distinct,4
r6b_distinct_x4,coloring,_distinct_x4,2,-1.0,3,32b6,12b4,False,18276,oscillated,-1,False,distinct,4
r6b_distinct_x4,coloring,_distinct_x4,2,-1.0,4,32b7,12b4,False,18276,oscillated,-1,False,distinct,4
r6b_distinct_x4,coloring,_distinct_x4,2,-1.0,6,3326,12b4,False,18276,oscillated,-1,False,distinct,4
r6b_distinct_x4,coloring,_distinct_x4,1,-1.0,5,3334,12b4,False,18276,oscillated,-1,False,distinct,4
r6b_distinct_x4,coloring,_distinct_x4,2,-1.0,5,3336,12b4,False,18276,oscillated,-1,False,distinct,4
r6b_distinct_x4,coloring,_distinct_x4,1,-1.0,5,3386,12b4,False,18276,oscillated,-1,False,distinct,4
r6b_distinct_x4,coloring,_distinct_x4,1,-1.0,6,338e,12b4,False,18276,oscillated,-1,False,distinct,4
r6b_distinct_x4,coloring,_distinct_x4,1,-1.0,3,3394,12b4,False,18276,oscillated,-1,False,distinct,4
r6b_distinct_x4,coloring,_distinct_x4,1,-1.0,5,33a1,12b4,False,18276,oscillated,-1,False,distinct,4
r6b_distinct_x4,coloring,_distinct_x4,1,-1.0,3,33b5,12b4,False,18276,oscillated,-1,False,distinct,4
r6b_distinct_x4,coloring,_distinct_x4,2,-1.0,4,33b6,12b4,False,18276,oscillated,-1,False,distinct,4
r6b_distinct_x4,coloring,_distinct_x4,2,-1.0,4,3496,b6b6,False,18276,oscillated,-1,False,distinct,4
r6b_distinct_x4,coloring,_distinct_x4,2,-1.0,4,34b4,b6b6,False,18276,oscillated,-1,False,distinct,4
r6b_distinct_x4,coloring,_distinct_x4,2,-1.0,5,34b5,b6b6,False,18276,oscillated,-1,False,distinct,4
r6b_distinct_x4,coloring,_distinct_x4,2,-1.0,3,34b6,b6b6,False,18276,oscillated,-1,False,distinct,4
r6b_distinct_x4,coloring,_distinct_x4,1,-1.0,6,34d5,b6b6,False,18276,oscillated,-1,False,distinct,4
r6b_distinct_x4,coloring,_distinct_x4,2,-1.0,6,34f5,b6b6,False,18276,oscillated,-1,False,distinct,4
r6b_distinct_x4,coloring,_distinct_x4,2,-1.0,6,35f7,b6b6,False,18276,oscillated,-1,False,distinct,4
r6b_distinct_x4,coloring,_distinct_x4,2,-1.0,3,3636,b6b6,False,18276,oscillated,-1,False,distinct,4
r6b_distinct_x4,coloring,_distinct_x4,2,-1.0,5,3684,b6b6,False,18276,oscillated,-1,False,distinct,4
r6b_distinct_x4,coloring,_distinct_x4,2,-1.0,5,3687,b6b6,False,18276,oscillated,-1,False,distinct,4
r6b_distinct_x4,coloring,_distinct_x4,1,-1.0,6,368d,b6b6,False,18276,oscillated,-1,False,distinct,4
r6b_distinct_x4,coloring,_distinct_x4,2,-1.0,3,3696,b6b6,False,18276,oscillated,-1,False,distinct,4
r6b_distinct_x4,coloring,_distinct_x4,2,-1.0,5,36a3,b6b6,False,18276,oscillated,-1,False,distinct,4
r6b_distinct_x4,coloring,_distinct_x4,2,-1.0,5,36a5,b6b6,False,18276,oscillated,-1,False,distinct,4
r6b_distinct_x4,coloring,_distinct_x4,2,-1.0,3,36a6,b6b6,False,18276,oscillated,-1,False,distinct,4
r6b_distinct_x4,coloring,_distinct_x4,2,-1.0,3,36b4,b6b6,False,18276,oscillated,-1,False,distinct,4
r6b_distinct_x4,coloring,_distinct_x4,2,-1.0,2,36b6,b6b6,False,18276,oscillated,-1,False,distinct,4
r6b_distinct_x4,coloring,_distinct_x4,2,-1.0,3,36b7,b6b6,False,18276,oscillated,-1,False,distinct,4
r6b_distinct_x4,coloring,_distinct_x4,2,-1.0,6,37ac,b6b6,False,18276,oscillated,-1,False,distinct,4
r6b_distinct_x4,coloring,_distinct_x4,2,-1.0,6,37af,b6b6,False,18276,oscillated,-1,False,distinct,4
r6b_distinct_x4,coloring,_distinct_x4,2,-1.0,3,37b6,b6b6,False,18276,oscillated,-1,False,distinct,4
r6b_distinct_x4,coloring,_distinct_x4,1,-1.0,3,3b05,1915,False,18276,oscillated,-1,False,distinct,4
r6b_distinct_x4,coloring,_distinct_x4,3,-1.0,3,3b07,1915,False,18276,oscillated,-1,False,distinct,4
r6b_distinct_x4,coloring,_distinct_x4,1,-1.0,3,3b81,1915,False,18276,oscillated,-1,False,distinct,4
r6b_distinct_x4,coloring,_distinct_x4,1,-1.0,2,3b85,1915,False,18276,oscillated,-1,False,distinct,4
r6b_distinct_x4,coloring,_distinct_x4,1,-1.0,3,3b87,1915,False,18276,oscillated,-1,False,distinct,4
r6b_distinct_x4,coloring,_distinct_x4,1,-1.0,3,3b8d,1915,False,18276,oscillated,-1,False,distinct,4
r6b_distinct_x4,coloring,_distinct_x4,1,-1.0,4,3b8f,1915,False,18276,oscillated,-1,False,distinct,4
r6b_distinct_x4,coloring,_distinct_x4,3,-1.0,3,3f03,bd17,False,18276,oscillated,-1,False,distinct,4
r6b_distinct_x4,coloring,_distinct_x4,3,-1.0,3,3f05,bd17,False,18276,oscillated,-1,False,distinct,4
r6b_distinct_x4,coloring,_distinct_x4,3,-1.0,3,3f06,bd17,False,18276,oscillated,-1,False,distinct,4
r6b_distinct_x4,coloring,_distinct_x4,3,-1.0,2,3f07,bd17,False,18276,oscillated,-1,False,distinct,4
r6b_distinct_x4,coloring,_distinct_x4,3,-1.0,4,3f0e,bd17,False,18276,oscillated,-1,False,distinct,4
r6b_distinct_x4,coloring,_distinct_x4,3,-1.0,3,3f0f,bd17,False,18276,oscillated,-1,False,distinct,4
r6b_distinct_x4,coloring,_distinct_x4,3,-1.0,3,3f27,bd17,False,18276,oscillated,-1,False,distinct,4
r6b_distinct_x4,coloring,_distinct_x4,3,-1.0,4,3f83,bd17,False,18276,oscillated,-1,False,distinct,4
r6b_distinct_x4,coloring,_distinct_x4,1,-1.0,3,3f85,bd17,False,18276,oscillated,-1,False,distinct,4
r6b_distinct_x4,coloring,_distinct_x4,3,-1.0,3,3f87,bd17,False,18276,oscillated,-1,False,distinct,4
r6b_distinct_x4,coloring,_distinct_x4,2,-1.0,8,40fc,42e8,False,18276,oscillated,-1,False,distinct,4
r6b_distinct_x4,coloring,_distinct_x4,0,-1.0,9,484a,4949,False,18276,oscillated,-1,False,distinct,4
r6b_distinct_x4,coloring,_distinct_x4,1,-1.0,8,48c9,4949,False,18276,oscillated,-1,False,distinct,4
r6b_distinct_x4,coloring,_distinct_x4,1,-1.0,8,4958,4949,False,18276,oscillated,-1,False,distinct,4
r6b_distinct_x4,coloring,_distinct_x4,1,-1.0,7,4a41,4949,False,18276,oscillated,-1,False,distinct,4
r6b_distinct_x4,coloring,_distinct_x4,1,-1.0,9,4a4b,4949,False,18276,oscillated,-1,False,distinct,4
r6b_distinct_x4,coloring,_distinct_x4,1,-1.0,7,4b1a,4949,False,18276,oscillated,-1,False,distinct,4
r6b_distinct_x4,coloring,_distinct_x4,0,-1.0,9,4b2a,4949,False,18276,oscillated,-1,False,distinct,4
r6b_distinct_x4,coloring,_distinct_x4,1,-1.0,8,4b4b,4949,False,18276,oscillated,-1,False,distinct,4
r6b_distinct_x4,coloring,_distinct_x4,0,-1.0,9,4d7c,4949,False,18276,oscillated,-1,False,distinct,4
r6b_distinct_x4,coloring,_distinct_x4,0,-1.0,9,4e08,4949,False,18276,oscillated,-1,False,distinct,4
r6b_distinct_x4,coloring,_distinct_x4,1,-1.0,7,4f09,4949,False,18276,oscillated,-1,False,distinct,4
r6b_distinct_x4,coloring,_distinct_x4,3,-1.0,7,4f4f,4949,False,18276,oscillated,-1,False,distinct,4
r6b_distinct_x4,coloring,_distinct_x4,1,-1.0,3,5295,12b4,False,18276,oscillated,-1,False,distinct,4
r6b_distinct_x4,coloring,_distinct_x4,1,-1.0,5,52b7,12b4,False,18276,oscillated,-1,False,distinct,4
r6b_distinct_x4,coloring,_distinct_x4,1,-1.0,3,5394,12b4,False,18276,oscillated,-1,False,distinct,4
r6b_distinct_x4,coloring,_distinct_x4,1,-1.0,6,53b2,12b4,False,18276,oscillated,-1,False,distinct,4
r6b_distinct_x4,coloring,_distinct_x4,1,-1.0,3,53b5,12b4,False,18276,oscillated,-1,False,distinct,4
r6b_distinct_x4,coloring,_distinct_x4,1,-1.0,6,569f,12b4,False,18276,oscillated,-1,False,distinct,4
r6b_distinct_x4,coloring,_distinct_x4,2,-1.0,7,64d0,e6ea,False,18276,oscillated,-1,False,distinct,4
r6b_distinct_x4,coloring,_distinct_x4,2,-1.0,7,64f8,e6ea,False,18276,oscillated,-1,False,distinct,4
r6b_distinct_x4,coloring,_distinct_x4,2,-1.0,7,65fc,e6ea,False,18276,oscillated,-1,False,distinct,4
r6b_distinct_x4,coloring,_distinct_x4,3,-1.0,8,685f,4949,False,18276,oscillated,-1,False,distinct,4
r6b_distinct_x4,coloring,_distinct_x4,3,-1.0,7,694b,4949,False,18276,oscillated,-1,False,distinct,4
r6b_distinct_x4,coloring,_distinct_x4,0,-1.0,9,697c,4949,False,18276,oscillated,-1,False,distinct,4
r6b_distinct_x4,coloring,_distinct_x4,1,-1.0,7,6b18,4949,False,18276,oscillated,-1,False,distinct,4
r6b_distinct_x4,coloring,_distinct_x4,3,-1.0,9,6b4a,4949,False,18276,oscillated,-1,False,distinct,4
r6b_distinct_x4,coloring,_distinct_x4,0,-1.0,9,6b6c,4949,False,18276,oscillated,-1,False,distinct,4
r6b_distinct_x4,coloring,_distinct_x4,0,-1.0,8,6c5c,ed4b,False,18276,oscillated,-1,False,distinct,4
r6b_distinct_x4,coloring,_distinct_x4,0,-1.0,8,6d7c,ed4b,False,18276,oscillated,-1,False,distinct,4
r6b_distinct_x4,coloring,_distinct_x4,0,-1.0,7,6e42,ed4b,False,18276,oscillated,-1,False,distinct,4
r6b_distinct_x4,coloring,_distinct_x4,3,-1.0,8,6e4d,ed4b,False,18276,oscillated,-1,False,distinct,4
r6b_distinct_x4,coloring,_distinct_x4,2,-1.0,8,6e71,e54b,False,18276,oscillated,-1,False,distinct,4
r6b_distinct_x4,coloring,_distinct_x4,0,-1.0,8,6f28,ed4b,False,18276,oscillated,-1,False,distinct,4
r6b_distinct_x4,coloring,_distinct_x4,3,-1.0,8,6f4a,ed4b,False,18276,oscillated,-1,False,distinct,4
r6b_distinct_x4,coloring,_distinct_x4,3,-1.0,6,6f4f,ed4b,False,18276,oscillated,-1,False,distinct,4
r6b_distinct_x4,coloring,_distinct_x4,2,-1.0,6,7292,12b4,False,18276,oscillated,-1,False,distinct,4
r6b_distinct_x4,coloring,_distinct_x4,1,-1.0,5,7390,12b4,False,18276,oscillated,-1,False,distinct,4
r6b_distinct_x4,coloring,_distinct_x4,1,-1.0,6,7398,12b4,False,18276,oscillated,-1,False,distinct,4
r6b_distinct_x4,coloring,_distinct_x4,1,-1.0,6,73b0,12b4,False,18276,oscillated,-1,False,distinct,4
r6b_distinct_x4,coloring,_distinct_x4,2,-1.0,5,73b6,12b4,False,18276,oscillated,-1,False,distinct,4
r6b_distinct_x4,coloring,_distinct_x4,1,-1.0,5,73b7,12b4,False,18276,oscillated,-1,False,distinct,4
r6b_distinct_x4,coloring,_distinct_x4,1,-1.0,7,73d2,12b4,False,18276,oscillated,-1,False,distinct,4
r6b_distinct_x4,coloring,_distinct_x4,2,-1.0,3,76b6,b6b6,False,18276,oscillated,-1,False,distinct,4
r6b_distinct_x4,coloring,_distinct_x4,2,-1.0,7,779a,b6b6,False,18276,oscillated,-1,False,distinct,4
r6b_distinct_x4,coloring,_distinct_x4,2,-1.0,4,77b6,b6b6,False,18276,oscillated,-1,False,distinct,4
r6b_distinct_x4,coloring,_distinct_x4,2,-1.0,6,77f4,b6b6,False,18276,oscillated,-1,False,distinct,4
r6b_distinct_x4,coloring,_distinct_x4,3,-1.0,7,8842,4949,False,18276,oscillated,-1,False,distinct,4
r6b_distinct_x4,coloring,_distinct_x4,3,-1.0,7,884d,4949,False,18276,oscillated,-1,False,distinct,4
r6b_distinct_x4,coloring,_distinct_x4,3,-1.0,7,896d,4949,False,18276,oscillated,-1,False,distinct,4
r6b_distinct_x4,coloring,_distinct_x4,3,-1.0,6,8c09,ed4b,False,18276,oscillated,-1,False,distinct,4
r6b_distinct_x4,coloring,_distinct_x4,3,-1.0,6,8c41,ed4b,False,18276,oscillated,-1,False,distinct,4
r6b_distinct_x4,coloring,_distinct_x4,3,-1.0,5,8d4b,ed4b,False,18276,oscillated,-1,False,distinct,4
r6b_distinct_x4,coloring,_distinct_x4,0,-1.0,5,90e6,12b4,False,18276,oscillated,-1,False,distinct,4
r6b_distinct_x4,coloring,_distinct_x4,1,-1.0,6,90f5,12b4,False,18276,oscillated,-1,False,distinct,4
r6b_distinct_x4,coloring,_distinct_x4,3,-1.0,6,918e,1ab4,False,18276,oscillated,-1,False,distinct,4
r6b_distinct_x4,coloring,_distinct_x4,1,-1.0,6,91b0,12b4,False,18276,oscillated,-1,False,distinct,4
r6b_distinct_x4,coloring,_distinct_x4,3,-1.0,6,91c6,12b4,False,18276,oscillated,-1,False,distinct,4
r6b_distinct_x4,coloring,_distinct_x4,2,-1.0,5,9216,12b4,False,18276,oscillated,-1,False,distinct,4
r6b_distinct_x4,coloring,_distinct_x4,2,-1.0,5,9286,12b4,False,18276,oscillated,-1,False,distinct,4
r6b_distinct_x4,coloring,_distinct_x4,1,-1.0,5,9287,12b4,False,18276,oscillated,-1,False,distinct,4
r6b_distinct_x4,coloring,_distinct_x4,1,-1.0,3,9295,12b4,False,18276,oscillated,-1,False,distinct,4
r6b_distinct_x4,coloring,_distinct_x4,2,-1.0,6,92ac,12b4,False,18276,oscillated,-1,False,distinct,4
r6b_distinct_x4,coloring,_distinct_x4,2,-1.0,3,92b6,12b4,False,18276,oscillated,-1,False,distinct,4
r6b_distinct_x4,coloring,_distinct_x4,2,-1.0,6,9326,12b4,False,18276,oscillated,-1,False,distinct,4
r6b_distinct_x4,coloring,_distinct_x4,1,-1.0,3,9394,12b4,False,18276,oscillated,-1,False,distinct,4
r6b_distinct_x4,coloring,_distinct_x4,1,-1.0,6,93a0,12b4,False,18276,oscillated,-1,False,distinct,4
r6b_distinct_x4,coloring,_distinct_x4,1,-1.0,6,93af,12b4,False,18276,oscillated,-1,False,distinct,4
r6b_distinct_x4,coloring,_distinct_x4,1,-1.0,3,93b5,12b4,False,18276,oscillated,-1,False,distinct,4
r6b_distinct_x4,coloring,_distinct_x4,2,-1.0,4,93b6,12b4,False,18276,oscillated,-1,False,distinct,4
r6b_distinct_x4,coloring,_distinct_x4,2,-1.0,3,94b6,b6b6,False,18276,oscillated,-1,False,distinct,4
r6b_distinct_x4,coloring,_distinct_x4,2,-1.0,4,94be,b6b6,False,18276,oscillated,-1,False,distinct,4
r6b_distinct_x4,coloring,_distinct_x4,2,-1.0,5,9596,b6b6,False,18276,oscillated,-1,False,distinct,4
r6b_distinct_x4,coloring,_distinct_x4,2,-1.0,5,95b7,b6b6,False,18276,oscillated,-1,False,distinct,4
r6b_distinct_x4,coloring,_distinct_x4,1,-1.0,6,95bd,b6b6,False,18276,oscillated,-1,False,distinct,4
r6b_distinct_x4,coloring,_distinct_x4,2,-1.0,6,9604,b6b6,False,18276,oscillated,-1,False,distinct,4
r6b_distinct_x4,coloring,_distinct_x4,2,-1.0,3,9636,b6b6,False,18276,oscillated,-1,False,distinct,4
r6b_distinct_x4,coloring,_distinct_x4,2,-1.0,3,9696,b6b6,False,18276,oscillated,-1,False,distinct,4
r6b_distinct_x4,coloring,_distinct_x4,2,-1.0,4,96a2,b6b6,False,18276,oscillated,-1,False,distinct,4
r6b_distinct_x4,coloring,_distinct_x4,2,-1.0,3,96a6,b6b6,False,18276,oscillated,-1,False,distinct,4
r6b_distinct_x4,coloring,_distinct_x4,2,-1.0,3,96b4,b6b6,False,18276,oscillated,-1,False,distinct,4
r6b_distinct_x4,coloring,_distinct_x4,2,-1.0,2,96b6,b6b6,False,18276,oscillated,-1,False,distinct,4
r6b_distinct_x4,coloring,_distinct_x4,2,-1.0,3,96b7,b6b6,False,18276,oscillated,-1,False,distinct,4
r6b_distinct_x4,coloring,_distinct_x4,2,-1.0,6,97a3,b6b6,False,18276,oscillated,-1,False,distinct,4
r6b_distinct_x4,coloring,_distinct_x4,2,-1.0,3,97b6,b6b6,False,18276,oscillated,-1,False,distinct,4
r6b_distinct_x4,coloring,_distinct_x4,1,-1.0,3,9b05,1915,False,18276,oscillated,-1,False,distinct,4
r6b_distinct_x4,coloring,_distinct_x4,3,-1.0,3,9b07,1915,False,18276,oscillated,-1,False,distinct,4
r6b_distinct_x4,coloring,_distinct_x4,1,-1.0,3,9b81,1915,False,18276,oscillated,-1,False,distinct,4
r6b_distinct_x4,coloring,_distinct_x4,1,-1.0,2,9b85,1915,False,18276,oscillated,-1,False,distinct,4
r6b_distinct_x4,coloring,_distinct_x4,1,-1.0,3,9b87,1915,False,18276,oscillated,-1,False,distinct,4
r6b_distinct_x4,coloring,_distinct_x4,1,-1.0,3,9b8d,1915,False,18276,oscillated,-1,False,distinct,4
r6b_distinct_x4,coloring,_distinct_x4,3,-1.0,3,9f03,bd17,False,18276,oscillated,-1,False,distinct,4
r6b_distinct_x4,coloring,_distinct_x4,3,-1.0,3,9f05,bd17,False,18276,oscillated,-1,False,distinct,4
r6b_distinct_x4,coloring,_distinct_x4,3,-1.0,3,9f06,bd17,False,18276,oscillated,-1,False,distinct,4
r6b_distinct_x4,coloring,_distinct_x4,3,-1.0,2,9f07,bd17,False,18276,oscillated,-1,False,distinct,4
r6b_distinct_x4,coloring,_distinct_x4,3,-1.0,3,9f0f,bd17,False,18276,oscillated,-1,False,distinct,4
r6b_distinct_x4,coloring,_distinct_x4,3,-1.0,4,9f25,bd17,False,18276,oscillated,-1,False,distinct,4
r6b_distinct_x4,coloring,_distinct_x4,3,-1.0,3,9f27,bd17,False,18276,oscillated,-1,False,distinct,4
r6b_distinct_x4,coloring,_distinct_x4,1,-1.0,3,9f85,bd17,False,18276,oscillated,-1,False,distinct,4
r6b_distinct_x4,coloring,_distinct_x4,3,-1.0,3,9f87,bd17,False,18276,oscillated,-1,False,distinct,4
r6b_distinct_x4,coloring,_distinct_x4,3,-1.0,5,a843,ed4b,False,18276,oscillated,-1,False,distinct,4
r6b_distinct_x4,coloring,_distinct_x4,3,-1.0,6,a84e,ed4b,False,18276,oscillated,-1,False,distinct,4
r6b_distinct_x4,coloring,_distinct_x4,3,-1.0,5,a867,ed4b,False,18276,oscillated,-1,False,distinct,4
r6b_distinct_x4,coloring,_distinct_x4,3,-1.0,5,ac2b,ed4b,False,18276,oscillated,-1,False,distinct,4
r6b_distinct_x4,coloring,_distinct_x4,3,-1.0,5,ac42,ed4b,False,18276,oscillated,-1,False,distinct,4
r6b_distinct_x4,coloring,_distinct_x4,3,-1.0,7,ac48,ed4b,False,18276,oscillated,-1,False,distinct,4
r6b_distinct_x4,coloring,_distinct_x4,3,-1.0,7,ac69,ed4b,False,18276,oscillated,-1,False,distinct,4
r6b_distinct_x4,coloring,_distinct_x4,3,-1.0,6,ac6b,ed4b,False,18276,oscillated,-1,False,distinct,4
r6b_distinct_x4,coloring,_distinct_x4,3,-1.0,5,ad4a,ed4b,False,18276,oscillated,-1,False,distinct,4
r6b_distinct_x4,coloring,_distinct_x4,3,-1.0,6,ad60,ed4b,False,18276,oscillated,-1,False,distinct,4
r6b_distinct_x4,coloring,_distinct_x4,3,-1.0,5,ad61,ed4b,False,18276,oscillated,-1,False,distinct,4
r6b_distinct_x4,coloring,_distinct_x4,2,-1.0,6,b093,b6b6,False,18276,oscillated,-1,False,distinct,4
r6b_distinct_x4,coloring,_distinct_x4,2,-1.0,3,b0b6,b6b6,False,18276,oscillated,-1,False,distinct,4
r6b_distinct_x4,coloring,_distinct_x4,0,-1.0,4,b0e6,b6b6,False,18276,oscillated,-1,False,distinct,4
r6b_distinct_x4,coloring,_distinct_x4,0,-1.0,5,b0e7,b6b6,False,18276,oscillated,-1,False,distinct,4
r6b_distinct_x4,coloring,_distinct_x4,2,-1.0,4,b0f6,b6b6,False,18276,oscillated,-1,False,distinct,4
r6b_distinct_x4,coloring,_distinct_x4,2,-1.0,6,b1b0,b6b6,False,18276,oscillated,-1,False,distinct,4
r6b_distinct_x4,coloring,_distinct_x4,2,-1.0,4,b1b6,b6b6,False,18276,oscillated,-1,False,distinct,4
r6b_distinct_x4,coloring,_distinct_x4,2,-1.0,3,b236,b6b6,False,18276,oscillated,-1,False,distinct,4
r6b_distinct_x4,coloring,_distinct_x4,1,-1.0,5,b285,b6b6,False,18276,oscillated,-1,False,distinct,4
r6b_distinct_x4,coloring,_distinct_x4,2,-1.0,3,b296,b6b6,False,18276,oscillated,-1,False,distinct,4
r6b_distinct_x4,coloring,_distinct_x4,2,-1.0,4,b297,b6b6,False,18276,oscillated,-1,False,distinct,4
r6b_distinct_x4,coloring,_distinct_x4,2,-1.0,5,b2a0,b6b6,False,18276,oscillated,-1,False,distinct,4
r6b_distinct_x4,coloring,_distinct_x4,2,-1.0,4,b2a2,b6b6,False,18276,oscillated,-1,False,distinct,4
r6b_distinct_x4,coloring,_distinct_x4,2,-1.0,3,b2a6,b6b6,False,18276,oscillated,-1,False,distinct,4
r6b_distinct_x4,coloring,_distinct_x4,2,-1.0,3,b2b4,b6b6,False,18276,oscillated,-1,False,distinct,4
r6b_distinct_x4,coloring,_distinct_x4,2,-1.0,2,b2b6,b6b6,False,18276,oscillated,-1,False,distinct,4
r6b_distinct_x4,coloring,_distinct_x4,2,-1.0,3,b2b7,b6b6,False,18276,oscillated,-1,False,distinct,4
r6b_distinct_x4,coloring,_distinct_x4,1,-1.0,5,b3a5,b6b6,False,18276,oscillated,-1,False,distinct,4
r6b_distinct_x4,coloring,_distinct_x4,2,-1.0,3,b3b6,b6b6,False,18276,oscillated,-1,False,distinct,4
r6b_distinct_x4,coloring,_distinct_x4,2,-1.0,5,b490,b6b6,False,18276,oscillated,-1,False,distinct,4
r6b_distinct_x4,coloring,_distinct_x4,2,-1.0,4,b492,b6b6,False,18276,oscillated,-1,False,distinct,4
r6b_distinct_x4,coloring,_distinct_x4,2,-1.0,3,b496,b6b6,False,18276,oscillated,-1,False,distinct,4
r6b_distinct_x4,coloring,_distinct_x4,2,-1.0,5,b49c,b6b6,False,18276,oscillated,-1,False,distinct,4
r6b_distinct_x4,coloring,_distinct_x4,2,-1.0,3,b4b2,b6b6,False,18276,oscillated,-1,False,distinct,4
r6b_distinct_x4,coloring,_distinct_x4,2,-1.0,3,b4b4,b6b6,False,18276,oscillated,-1,False,distinct,4
r6b_distinct_x4,coloring,_distinct_x4,2,-1.0,2,b4b6,b6b6,False,18276,oscillated,-1,False,distinct,4
r6b_distinct_x4,coloring,_distinct_x4,2,-1.0,3,b4b7,b6b6,False,18276,oscillated,-1,False,distinct,4
r6b_distinct_x4,coloring,_distinct_x4,2,-1.0,3,b4be,b6b6,False,18276,oscillated,-1,False,distinct,4
r6b_distinct_x4,coloring,_distinct_x4,2,-1.0,4,b4bf,b6b6,False,18276,oscillated,-1,False,distinct,4
r6b_distinct_x4,coloring,_distinct_x4,0,-1.0,3,b4e6,b6b6,False,18276,oscillated,-1,False,distinct,4
r6b_distinct_x4,coloring,_distinct_x4,2,-1.0,3,b4f6,b6b6,False,18276,oscillated,-1,False,distinct,4
r6b_distinct_x4,coloring,_distinct_x4,2,-1.0,3,b5b6,b6b6,False,18276,oscillated,-1,False,distinct,4
r6b_distinct_x4,coloring,_distinct_x4,3,-1.0,5,b5e5,b6b6,False,18276,oscillated,-1,False,distinct,4
r6b_distinct_x4,coloring,_distinct_x4,0,-1.0,4,b5e6,b6b6,False,18276,oscillated,-1,False,distinct,4
r6b_distinct_x4,coloring,_distinct_x4,3,-1.0,4,b5e7,b6b6,False,18276,oscillated,-1,False,distinct,4
r6b_distinct_x4,coloring,_distinct_x4,2,-1.0,6,b5f5,b6b6,False,18276,oscillated,-1,False,distinct,4
r6b_distinct_x4,coloring,_distinct_x4,2,-1.0,3,b634,b6b6,False,18276,oscillated,-1,False,distinct,4
r6b_distinct_x4,coloring,_distinct_x4,2,-1.0,4,b635,b6b6,False,18276,oscillated,-1,False,distinct,4
r6b_distinct_x4,coloring,_distinct_x4,2,-1.0,2,b636,b6b6,False,18276,oscillated,-1,False,distinct,4
r6b_distinct_x4,coloring,_distinct_x4,2,-1.0,3,b637,b6b6,False,18276,oscillated,-1,False,distinct,4
r6b_distinct_x4,coloring,_distinct_x4,2,-1.0,4,b684,b6b6,False,18276,oscillated,-1,False,distinct,4
r6b_distinct_x4,coloring,_distinct_x4,2,-1.0,3,b686,b6b6,False,18276,oscillated,-1,False,distinct,4
r6b_distinct_x4,coloring,_distinct_x4,2,-1.0,3,b694,b6b6,False,18276,oscillated,-1,False,distinct,4
r6b_distinct_x4,coloring,_distinct_x4,2,-1.0,2,b696,b6b6,False,18276,oscillated,-1,False,distinct,4
r6b_distinct_x4,coloring,_distinct_x4,2,-1.0,3,b697,b6b6,False,18276,oscillated,-1,False,distinct,4
r6b_distinct_x4,coloring,_distinct_x4,2,-1.0,4,b6a0,b6b6,False,18276,oscillated,-1,False,distinct,4
r6b_distinct_x4,coloring,_distinct_x4,2,-1.0,3,b6a2,b6b6,False,18276,oscillated,-1,False,distinct,4
r6b_distinct_x4,coloring,_distinct_x4,2,-1.0,3,b6a4,b6b6,False,18276,oscillated,-1,False,distinct,4
r6b_distinct_x4,coloring,_distinct_x4,2,-1.0,2,b6a6,b6b6,False,18276,oscillated,-1,False,distinct,4
r6b_distinct_x4,coloring,_distinct_x4,2,-1.0,3,b6a7,b6b6,False,18276,oscillated,-1,False,distinct,4
r6b_distinct_x4,coloring,_distinct_x4,2,-1.0,3,b6ae,b6b6,False,18276,oscillated,-1,False,distinct,4
r6b_distinct_x4,coloring,_distinct_x4,2,-1.0,2,b6b4,b6b6,False,18276,oscillated,-1,False,distinct,4
r6b_distinct_x4,coloring,_distinct_x4,2,-1.0,3,b6b5,b6b6,False,18276,oscillated,-1,False,distinct,4
r6b_distinct_x4,coloring,_distinct_x4,2,-1.0,1,b6b6,b6b6,False,18276,oscillated,-1,False,distinct,4
r6b_distinct_x4,coloring,_distinct_x4,2,-1.0,2,b6b7,b6b6,False,18276,oscillated,-1,False,distinct,4
r6b_distinct_x4,coloring,_distinct_x4,2,-1.0,4,b726,b6b6,False,18276,oscillated,-1,False,distinct,4
r6b_distinct_x4,coloring,_distinct_x4,2,-1.0,3,b736,b6b6,False,18276,oscillated,-1,False,distinct,4
r6b_distinct_x4,coloring,_distinct_x4,2,-1.0,4,b794,b6b6,False,18276,oscillated,-1,False,distinct,4
r6b_distinct_x4,coloring,_distinct_x4,2,-1.0,3,b796,b6b6,False,18276,oscillated,-1,False,distinct,4
r6b_distinct_x4,coloring,_distinct_x4,2,-1.0,3,b7a6,b6b6,False,18276,oscillated,-1,False,distinct,4
r6b_distinct_x4,coloring,_distinct_x4,2,-1.0,5,b7ac,b6b6,False,18276,oscillated,-1,False,distinct,4
r6b_distinct_x4,coloring,_distinct_x4,2,-1.0,3,b7b4,b6b6,False,18276,oscillated,-1,False,distinct,4
r6b_distinct_x4,coloring,_distinct_x4,2,-1.0,2,b7b6,b6b6,False,18276,oscillated,-1,False,distinct,4
r6b_distinct_x4,coloring,_distinct_x4,2,-1.0,3,b7b7,b6b6,False,18276,oscillated,-1,False,distinct,4
r6b_distinct_x4,coloring,_distinct_x4,3,-1.0,4,ba0f,bd17,False,18276,oscillated,-1,False,distinct,4
r6b_distinct_x4,coloring,_distinct_x4,3,-1.0,3,bb03,bd17,False,18276,oscillated,-1,False,distinct,4
r6b_distinct_x4,coloring,_distinct_x4,3,-1.0,3,bb05,bd17,False,18276,oscillated,-1,False,distinct,4
r6b_distinct_x4,coloring,_distinct_x4,3,-1.0,3,bb06,bd17,False,18276,oscillated,-1,False,distinct,4
r6b_distinct_x4,coloring,_distinct_x4,3,-1.0,2,bb07,bd17,False,18276,oscillated,-1,False,distinct,4
r6b_distinct_x4,coloring,_distinct_x4,3,-1.0,3,bb0f,bd17,False,18276,oscillated,-1,False,distinct,4
r6b_distinct_x4,coloring,_distinct_x4,3,-1.0,3,bb27,bd17,False,18276,oscillated,-1,False,distinct,4
r6b_distinct_x4,coloring,_distinct_x4,1,-1.0,3,bb85,bd17,False,18276,oscillated,-1,False,distinct,4
r6b_distinct_x4,coloring,_distinct_x4,3,-1.0,3,bb87,bd17,False,18276,oscillated,-1,False,distinct,4
r6b_distinct_x4,coloring,_distinct_x4,3,-1.0,4,be01,bd17,False,18276,oscillated,-1,False,distinct,4
r6b_distinct_x4,coloring,_distinct_x4,3,-1.0,3,be03,bd17,False,18276,oscillated,-1,False,distinct,4
r6b_distinct_x4,coloring,_distinct_x4,3,-1.0,3,be0f,bd17,False,18276,oscillated,-1,False,distinct,4
r6b_distinct_x4,coloring,_distinct_x4,3,-1.0,3,bf01,bd17,False,18276,oscillated,-1,False,distinct,4
r6b_distinct_x4,coloring,_distinct_x4,3,-1.0,3,bf02,bd17,False,18276,oscillated,-1,False,distinct,4
r6b_distinct_x4,coloring,_distinct_x4,3,-1.0,2,bf03,bd17,False,18276,oscillated,-1,False,distinct,4
r6b_distinct_x4,coloring,_distinct_x4,3,-1.0,2,bf05,bd17,False,18276,oscillated,-1,False,distinct,4
r6b_distinct_x4,coloring,_distinct_x4,3,-1.0,1,bf07,bd17,False,18276,oscillated,-1,False,distinct,4
r6b_distinct_x4,coloring,_distinct_x4,3,-1.0,3,bf0d,bd17,False,18276,oscillated,-1,False,distinct,4
r6b_distinct_x4,coloring,_distinct_x4,3,-1.0,3,bf0e,bd17,False,18276,oscillated,-1,False,distinct,4
r6b_distinct_x4,coloring,_distinct_x4,3,-1.0,2,bf0f,bd17,False,18276,oscillated,-1,False,distinct,4
r6b_distinct_x4,coloring,_distinct_x4,3,-1.0,3,bf23,bd17,False,18276,oscillated,-1,False,distinct,4
r6b_distinct_x4,coloring,_distinct_x4,3,-1.0,4,bf2d,bd17,False,18276,oscillated,-1,False,distinct,4
r6b_distinct_x4,coloring,_distinct_x4,3,-1.0,3,bf2f,bd17,False,18276,oscillated,-1,False,distinct,4
r6b_distinct_x4,coloring,_distinct_x4,2,-1.0,8,c0fb,42e8,False,18276,oscillated,-1,False,distinct,4
r6b_distinct_x4,coloring,_distinct_x4,2,-1.0,7,c0ff,42e8,False,18276,oscillated,-1,False,distinct,4
r6b_distinct_x4,coloring,_distinct_x4,2,-1.0,6,c4f0,e6ea,False,18276,oscillated,-1,False,distinct,4
r6b_distinct_x4,coloring,_distinct_x4,2,-1.0,5,c4fe,e6ea,False,18276,oscillated,-1,False,distinct,4
r6b_distinct_x4,coloring,_distinct_x4,3,-1.0,8,c949,4949,False,18276,oscillated,-1,False,distinct,4
r6b_distinct_x4,coloring,_distinct_x4,1,-1.0,9,c979,4949,False,18276,oscillated,-1,False,distinct,4
r6b_distinct_x4,coloring,_distinct_x4,2,-1.0,8,ca1a,4949,False,18276,oscillated,-1,False,distinct,4
r6b_distinct_x4,coloring,_distinct_x4,0,-1.0,10,ca48,4949,False,18276,oscillated,-1,False,distinct,4
r6b_distinct_x4,coloring,_distinct_x4,3,-1.0,9,ca4b,4949,False,18276,oscillated,-1,False,distinct,4
r6b_distinct_x4,coloring,_distinct_x4,3,-1.0,8,cb4e,4949,False,18276,oscillated,-1,False,distinct,4
r6b_distinct_x4,coloring,_distinct_x4,3,-1.0,7,cb4f,4949,False,18276,oscillated,-1,False,distinct,4
r6b_distinct_x4,coloring,_distinct_x4,0,-1.0,9,cb60,4949,False,18276,oscillated,-1,False,distinct,4
r6b_distinct_x4,coloring,_distinct_x4,0,-1.0,9,cb6a,4949,False,18276,oscillated,-1,False,distinct,4
r6b_distinct_x4,coloring,_distinct_x4,3,-1.0,9,cb6b,4949,False,18276,oscillated,-1,False,distinct,4
r6b_distinct_x4,coloring,_distinct_x4,1,-1.0,8,cb6d,4949,False,18276,oscillated,-1,False,distinct,4
r6b_distinct_x4,coloring,_distinct_x4,3,-1.0,8,cc49,ed4b,False,18276,oscillated,-1,False,distinct,4
r6b_distinct_x4,coloring,_distinct_x4,0,-1.0,8,cc50,ed4b,False,18276,oscillated,-1,False,distinct,4
r6b_distinct_x4,coloring,_distinct_x4,3,-1.0,8,cc5d,ed4b,False,18276,oscillated,-1,False,distinct,4
r6b_distinct_x4,coloring,_distinct_x4,0,-1.0,9,ccd9,ed4b,False,18276,oscillated,-1,False,distinct,4
r6b_distinct_x4,coloring,_distinct_x4,3,-1.0,8,cd5a,ed4b,False,18276,oscillated,-1,False,distinct,4
r6b_distinct_x4,coloring,_distinct_x4,3,-1.0,7,cd6b,ed4b,False,18276,oscillated,-1,False,distinct,4
r6b_distinct_x4,coloring,_distinct_x4,0,-1.0,8,cd70,ed4b,False,18276,oscillated,-1,False,distinct,4
r6b_distinct_x4,coloring,_distinct_x4,3,-1.0,7,cd7f,ed4b,False,18276,oscillated,-1,False,distinct,4
r6b_distinct_x4,coloring,_distinct_x4,0,-1.0,8,cdc8,ed4b,False,18276,oscillated,-1,False,distinct,4
r6b_distinct_x4,coloring,_distinct_x4,0,-1.0,8,ce08,ed4b,False,18276,oscillated,-1,False,distinct,4
r6b_distinct_x4,coloring,_distinct_x4,3,-1.0,7,cf09,ed4b,False,18276,oscillated,-1,False,distinct,4
r6b_distinct_x4,coloring,_distinct_x4,3,-1.0,6,cf0b,ed4b,False,18276,oscillated,-1,False,distinct,4
r6b_distinct_x4,coloring,_distinct_x4,3,-1.0,6,cf43,ed4b,False,18276,oscillated,-1,False,distinct,4
r6b_distinct_x4,coloring,_distinct_x4,3,-1.0,7,cf6f,ed4b,False,18276,oscillated,-1,False,distinct,4
r6b_distinct_x4,coloring,_distinct_x4,1,-1.0,6,d398,12b4,False,18276,oscillated,-1,False,distinct,4
r6b_distinct_x4,coloring,_distinct_x4,1,-1.0,7,d39a,12b4,False,18276,oscillated,-1,False,distinct,4
r6b_distinct_x4,coloring,_distinct_x4,1,-1.0,5,d39c,12b4,False,18276,oscillated,-1,False,distinct,4
r6b_distinct_x4,coloring,_distinct_x4,2,-1.0,6,d3b2,12b4,False,18276,oscillated,-1,False,distinct,4
r6b_distinct_x4,coloring,_distinct_x4,1,-1.0,4,d3b5,12b4,False,18276,oscillated,-1,False,distinct,4
r6b_distinct_x4,coloring,_distinct_x4,2,-1.0,5,d3b6,12b4,False,18276,oscillated,-1,False,distinct,4
r6b_distinct_x4,coloring,_distinct_x4,1,-1.0,5,d3bd,12b4,False,18276,oscillated,-1,False,distinct,4
r6b_distinct_x4,coloring,_distinct_x4,2,-1.0,6,d690,b6b6,False,18276,oscillated,-1,False,distinct,4
r6b_distinct_x4,coloring,_distinct_x4,2,-1.0,5,d692,b6b6,False,18276,oscillated,-1,False,distinct,4
r6b_distinct_x4,coloring,_distinct_x4,2,-1.0,5,d697,b6b6,False,18276,oscillated,-1,False,distinct,4
r6b_distinct_x4,coloring,_distinct_x4,2,-1.0,3,d6b6,b6b6,False,18276,oscillated,-1,False,distinct,4
r6b_distinct_x4,coloring,_distinct_x4,1,-1.0,7,d798,b6b6,False,18276,oscillated,-1,False,distinct,4
r6b_distinct_x4,coloring,_distinct_x4,2,-1.0,5,d7b2,b6b6,False,18276,oscillated,-1,False,distinct,4
r6b_distinct_x4,coloring,_distinct_x4,2,-1.0,5,d7b4,b6b6,False,18276,oscillated,-1,False,distinct,4
r6b_distinct_x4,coloring,_distinct_x4,1,-1.0,6,d7bd,b6b6,False,18276,oscillated,-1,False,distinct,4
r6b_distinct_x4,coloring,_distinct_x4,2,-1.0,7,e1fc,e6ea,False,18276,oscillated,-1,False,distinct,4
r6b_distinct_x4,coloring,_distinct_x4,2,-1.0,6,e1fe,e6ea,False,18276,oscillated,-1,False,distinct,4
r6b_distinct_x4,coloring,_distinct_x4,2,-1.0,4,e4fe,e6ea,False,18276,oscillated,-1,False,distinct,4
r6b_distinct_x4,coloring,_distinct_x4,3,-1.0,8,e85b,ed4b,False,18276,oscillated,-1,False,distinct,4
r6b_distinct_x4,coloring,_distinct_x4,0,-1.0,9,e8d9,ed4b,False,18276,oscillated,-1,False,distinct,4
r6b_distinct_x4,coloring,_distinct_x4,3,-1.0,6,e94b,ed4b,False,18276,oscillated,-1,False,distinct,4
r6b_distinct_x4,coloring,_distinct_x4,3,-1.0,7,e95e,ed4b,False,18276,oscillated,-1,False,distinct,4
r6b_distinct_x4,coloring,_distinct_x4,0,-1.0,8,e9fb,ed4b,False,18276,oscillated,-1,False,distinct,4
r6b_distinct_x4,coloring,_distinct_x4,3,-1.0,7,ea0b,ed4b,False,18276,oscillated,-1,False,distinct,4
r6b_distinct_x4,coloring,_distinct_x4,0,-1.0,8,ea40,ed4b,False,18276,oscillated,-1,False,distinct,4
r6b_distinct_x4,coloring,_distinct_x4,0,-1.0,9,ea69,ed4b,False,18276,oscillated,-1,False,distinct,4
r6b_distinct_x4,coloring,_distinct_x4,0,-1.0,8,eb6a,ed4b,False,18276,oscillated,-1,False,distinct,4
r6b_distinct_x4,coloring,_distinct_x4,0,-1.0,7,ec5a,ed4b,False,18276,oscillated,-1,False,distinct,4
r6b_distinct_x4,coloring,_distinct_x4,0,-1.0,7,ecc9,ed4b,False,18276,oscillated,-1,False,distinct,4
r6b_distinct_x4,coloring,_distinct_x4,3,-1.0,7,ed71,ed4b,False,18276,oscillated,-1,False,distinct,4
r6b_distinct_x4,coloring,_distinct_x4,3,-1.0,6,edcb,ed4b,False,18276,oscillated,-1,False,distinct,4
r6b_distinct_x4,coloring,_distinct_x4,3,-1.0,7,ee41,ed4b,False,18276,oscillated,-1,False,distinct,4
r6b_distinct_x4,coloring,_distinct_x4,2,-1.0,7,ef38,ed4b,False,18276,oscillated,-1,False,distinct,4
r6b_distinct_x4,coloring,_distinct_x4,3,-1.0,6,ef42,ed4b,False,18276,oscillated,-1,False,distinct,4
r6b_distinct_x4,coloring,_distinct_x4,3,-1.0,6,ef4e,ed4b,False,18276,oscillated,-1,False,distinct,4
r6b_distinct_x4,coloring,_distinct_x4,3,-1.0,5,ef4f,ed4b,False,18276,oscillated,-1,False,distinct,4
r6b_distinct_x4,coloring,_distinct_x4,0,-1.0,6,ef62,ed4b,False,18276,oscillated,-1,False,distinct,4
r6b_distinct_x4,coloring,_distinct_x4,0,-1.0,7,ef6a,ed4b,False,18276,oscillated,-1,False,distinct,4
r6b_distinct_x4,coloring,_distinct_x4,2,-1.0,4,f296,b6b6,False,18276,oscillated,-1,False,distinct,4
r6b_distinct_x4,coloring,_distinct_x4,2,-1.0,5,f297,b6b6,False,18276,oscillated,-1,False,distinct,4
r6b_distinct_x4,coloring,_distinct_x4,2,-1.0,3,f2b6,b6b6,False,18276,oscillated,-1,False,distinct,4
r6b_distinct_x4,coloring,_distinct_x4,2,-1.0,6,f392,b6b6,False,18276,oscillated,-1,False,distinct,4
r6b_distinct_x4,coloring,_distinct_x4,1,-1.0,6,f3d4,b6b6,False,18276,oscillated,-1,False,distinct,4
r6b_distinct_x4,coloring,_distinct_x4,2,-1.0,3,f696,b6b6,False,18276,oscillated,-1,False,distinct,4
r6b_distinct_x4,coloring,_distinct_x4,2,-1.0,3,f6b4,b6b6,False,18276,oscillated,-1,False,distinct,4
r6b_distinct_x4,coloring,_distinct_x4,2,-1.0,2,f6b6,b6b6,False,18276,oscillated,-1,False,distinct,4
r6b_distinct_x4,coloring,_distinct_x4,2,-1.0,3,f6b7,b6b6,False,18276,oscillated,-1,False,distinct,4
r6b_distinct_x4,coloring,_distinct_x4,2,-1.0,3,f7b6,b6b6,False,18276,oscillated,-1,False,distinct,4
r6b_distinct_x16,coloring,_distinct_x16,1,-1.0,8,840,4949,False,72804,oscillated,-1,False,distinct,16
r6b_distinct_x16,coloring,_distinct_x16,3,-1.0,6,c0b,4949,False,72804,oscillated,-1,False,distinct,16
r6b_distinct_x16,coloring,_distinct_x16,3,-1.0,7,d6e,4949,False,72804,oscillated,-1,False,distinct,16
r6b_distinct_x16,coloring,_distinct_x16,1,-1.0,3,1095,12b4,False,72804,oscillated,-1,False,distinct,16
r6b_distinct_x16,coloring,_distinct_x16,1,-1.0,5,10b7,12b4,False,72804,oscillated,-1,False,distinct,16
r6b_distinct_x16,coloring,_distinct_x16,1,-1.0,5,10bd,12b4,False,72804,oscillated,-1,False,distinct,16
r6b_distinct_x16,coloring,_distinct_x16,1,-1.0,6,10bf,12b4,False,72804,oscillated,-1,False,distinct,16
r6b_distinct_x16,coloring,_distinct_x16,1,-1.0,3,1194,12b4,False,72804,oscillated,-1,False,distinct,16
r6b_distinct_x16,coloring,_distinct_x16,1,-1.0,3,11b5,12b4,False,72804,oscillated,-1,False,distinct,16
r6b_distinct_x16,coloring,_distinct_x16,1,-1.0,5,1280,12b4,False,72804,oscillated,-1,False,distinct,16
r6b_distinct_x16,coloring,_distinct_x16,1,-1.0,3,1285,12b4,False,72804,oscillated,-1,False,distinct,16
r6b_distinct_x16,coloring,_distinct_x16,1,-1.0,4,1287,12b4,False,72804,oscillated,-1,False,distinct,16
r6b_distinct_x16,coloring,_distinct_x16,1,-1.0,3,1294,12b4,False,72804,oscillated,-1,False,distinct,16
r6b_distinct_x16,coloring,_distinct_x16,1,-1.0,2,1295,12b4,False,72804,oscillated,-1,False,distinct,16
r6b_distinct_x16,coloring,_distinct_x16,1,-1.0,3,1297,12b4,False,72804,oscillated,-1,False,distinct,16
r6b_distinct_x16,coloring,_distinct_x16,1,-1.0,5,12a1,12b4,False,72804,oscillated,-1,False,distinct,16
r6b_distinct_x16,coloring,_distinct_x16,1,-1.0,3,12b5,12b4,False,72804,oscillated,-1,False,distinct,16
r6b_distinct_x16,coloring,_distinct_x16,1,-1.0,3,1384,12b4,False,72804,oscillated,-1,False,distinct,16
r6b_distinct_x16,coloring,_distinct_x16,1,-1.0,2,1394,12b4,False,72804,oscillated,-1,False,distinct,16
r6b_distinct_x16,coloring,_distinct_x16,1,-1.0,3,1396,12b4,False,72804,oscillated,-1,False,distinct,16
r6b_distinct_x16,coloring,_distinct_x16,1,-1.0,6,13a2,12b4,False,72804,oscillated,-1,False,distinct,16
r6b_distinct_x16,coloring,_distinct_x16,1,-1.0,3,13a5,12b4,False,72804,oscillated,-1,False,distinct,16
r6b_distinct_x16,coloring,_distinct_x16,1,-1.0,3,13b4,12b4,False,72804,oscillated,-1,False,distinct,16
r6b_distinct_x16,coloring,_distinct_x16,1,-1.0,2,13b5,12b4,False,72804,oscillated,-1,False,distinct,16
r6b_distinct_x16,coloring,_distinct_x16,1,-1.0,3,13b7,12b4,False,72804,oscillated,-1,False,distinct,16
r6b_distinct_x16,coloring,_distinct_x16,2,-1.0,6,1492,12b4,False,72804,oscillated,-1,False,distinct,16
r6b_distinct_x16,coloring,_distinct_x16,1,-1.0,5,1497,12b4,False,72804,oscillated,-1,False,distinct,16
r6b_distinct_x16,coloring,_distinct_x16,3,-1.0,6,14c7,12b4,False,72804,oscillated,-1,False,distinct,16
r6b_distinct_x16,coloring,_distinct_x16,1,-1.0,6,14d7,12b4,False,72804,oscillated,-1,False,distinct,16
r6b_distinct_x16,coloring,_distinct_x16,2,-1.0,5,15b6,12b4,False,72804,oscillated,-1,False,distinct,16
r6b_distinct_x16,coloring,_distinct_x16,2,-1.0,5,1686,12b4,False,72804,oscillated,-1,False,distinct,16
r6b_distinct_x16,coloring,_distinct_x16,1,-1.0,5,1687,12b4,False,72804,oscillated,-1,False,distinct,16
r6b_distinct_x16,coloring,_distinct_x16,1,-1.0,3,1695,12b4,False,72804,oscillated,-1,False,distinct,16
r6b_distinct_x16,coloring,_distinct_x16,2,-1.0,4,1696,12b4,False,72804,oscillated,-1,False,distinct,16
r6b_distinct_x16,coloring,_distinct_x16,1,-1.0,6,16a1,12b4,False,72804,oscillated,-1,False,distinct,16
r6b_distinct_x16,coloring,_distinct_x16,2,-1.0,6,16ac,12b4,False,72804,oscillated,-1,False,distinct,16
r6b_distinct_x16,coloring,_distinct_x16,2,-1.0,3,16b6,12b4,False,72804,oscillated,-1,False,distinct,16
r6b_distinct_x16,coloring,_distinct_x16,2,-1.0,4,16b7,12b4,False,72804,oscillated,-1,False,distinct,16
r6b_distinct_x16,coloring,_distinct_x16,1,-1.0,3,1794,12b4,False,72804,oscillated,-1,False,distinct,16
r6b_distinct_x16,coloring,_distinct_x16,1,-1.0,3,17b5,12b4,False,72804,oscillated,-1,False,distinct,16
r6b_distinct_x16,coloring,_distinct_x16,1,-1.0,4,1a01,1b85,False,72804,oscillated,-1,False,distinct,16
r6b_distinct_x16,coloring,_distinct_x16,1,-1.0,3,1b01,1b85,False,72804,oscillated,-1,False,distinct,16
r6b_distinct_x16,coloring,_distinct_x16,1,-1.0,2,1b05,1b85,False,72804,oscillated,-1,False,distinct,16
r6b_distinct_x16,coloring,_distinct_x16,1,-1.0,3,1b07,1b85,False,72804,oscillated,-1,False,distinct,16
r6b_distinct_x16,coloring,_distinct_x16,1,-1.0,3,1b0d,1b85,False,72804,oscillated,-1,False,distinct,16
r6b_distinct_x16,coloring,_distinct_x16,1,-1.0,3,1f05,1b85,False,72804,oscillated,-1,False,distinct,16
r6b_distinct_x16,coloring,_distinct_x16,3,-1.0,3,1f07,1b85,False,72804,oscillated,-1,False,distinct,16
r6b_distinct_x16,coloring,_distinct_x16,1,-1.0,3,1f81,1b85,False,72804,oscillated,-1,False,distinct,16
r6b_distinct_x16,coloring,_distinct_x16,1,-1.0,2,1f85,1b85,False,72804,oscillated,-1,False,distinct,16
r6b_distinct_x16,coloring,_distinct_x16,1,-1.0,3,1f87,1b85,False,72804,oscillated,-1,False,distinct,16
r6b_distinct_x16,coloring,_distinct_x16,1,-1.0,3,1f8d,1b85,False,72804,oscillated,-1,False,distinct,16
r6b_distinct_x16,coloring,_distinct_x16,3,-1.0,7,2c29,ed4b,False,72804,oscillated,-1,False,distinct,16
r6b_distinct_x16,coloring,_distinct_x16,3,-1.0,7,2c61,ed4b,False,72804,oscillated,-1,False,distinct,16
r6b_distinct_x16,coloring,_distinct_x16,3,-1.0,5,2c67,ed4b,False,72804,oscillated,-1,False,distinct,16
r6b_distinct_x16,coloring,_distinct_x16,3,-1.0,6,2d4a,ed4b,False,72804,oscillated,-1,False,distinct,16
r6b_distinct_x16,coloring,_distinct_x16,3,-1.0,7,2d6a,ed4b,False,72804,oscillated,-1,False,distinct,16
r6b_distinct_x16,coloring,_distinct_x16,2,-1.0,4,30b6,12b4,False,72804,oscillated,-1,False,distinct,16
r6b_distinct_x16,coloring,_distinct_x16,2,-1.0,6,30f4,12b4,False,72804,oscillated,-1,False,distinct,16
r6b_distinct_x16,coloring,_distinct_x16,1,-1.0,6,30f5,12b4,False,72804,oscillated,-1,False,distinct,16
r6b_distinct_x16,coloring,_distinct_x16,1,-1.0,6,31f7,12b4,False,72804,oscillated,-1,False,distinct,16
r6b_distinct_x16,coloring,_distinct_x16,2,-1.0,5,3286,12b4,False,72804,oscillated,-1,False,distinct,16
r6b_distinct_x16,coloring,_distinct_x16,1,-1.0,5,328d,12b4,False,72804,oscillated,-1,False,distinct,16
r6b_distinct_x16,coloring,_distinct_x16,1,-1.0,4,3294,12b4,False,72804,oscillated,-1,False,distinct,16
r6b_distinct_x16,coloring,_distinct_x16,1,-1.0,3,3295,12b4,False,72804,oscillated,-1,False,distinct,16
r6b_distinct_x16,coloring,_distinct_x16,2,-1.0,4,32a6,12b4,False,72804,oscillated,-1,False,distinct,16
r6b_distinct_x16,coloring,_distinct_x16,2,-1.0,5,32a7,12b4,False,72804,oscillated,-1,False,distinct,16
r6b_distinct_x16,coloring,_distinct_x16,2,-1.0,3,32b6,12b4,False,72804,oscillated,-1,False,distinct,16
r6b_distinct_x16,coloring,_distinct_x16,2,-1.0,4,32b7,12b4,False,72804,oscillated,-1,False,distinct,16
r6b_distinct_x16,coloring,_distinct_x16,2,-1.0,6,3326,12b4,False,72804,oscillated,-1,False,distinct,16
r6b_distinct_x16,coloring,_distinct_x16,1,-1.0,5,3334,12b4,False,72804,oscillated,-1,False,distinct,16
r6b_distinct_x16,coloring,_distinct_x16,2,-1.0,5,3336,12b4,False,72804,oscillated,-1,False,distinct,16
r6b_distinct_x16,coloring,_distinct_x16,1,-1.0,5,3386,12b4,False,72804,oscillated,-1,False,distinct,16
r6b_distinct_x16,coloring,_distinct_x16,1,-1.0,6,338e,12b4,False,72804,oscillated,-1,False,distinct,16
r6b_distinct_x16,coloring,_distinct_x16,1,-1.0,3,3394,12b4,False,72804,oscillated,-1,False,distinct,16
r6b_distinct_x16,coloring,_distinct_x16,1,-1.0,5,33a1,12b4,False,72804,oscillated,-1,False,distinct,16
r6b_distinct_x16,coloring,_distinct_x16,1,-1.0,3,33b5,12b4,False,72804,oscillated,-1,False,distinct,16
r6b_distinct_x16,coloring,_distinct_x16,2,-1.0,4,33b6,12b4,False,72804,oscillated,-1,False,distinct,16
r6b_distinct_x16,coloring,_distinct_x16,2,-1.0,4,3496,b6b6,False,72804,oscillated,-1,False,distinct,16
r6b_distinct_x16,coloring,_distinct_x16,2,-1.0,4,34b4,b6b6,False,72804,oscillated,-1,False,distinct,16
r6b_distinct_x16,coloring,_distinct_x16,2,-1.0,5,34b5,b6b6,False,72804,oscillated,-1,False,distinct,16
r6b_distinct_x16,coloring,_distinct_x16,2,-1.0,3,34b6,b6b6,False,72804,oscillated,-1,False,distinct,16
r6b_distinct_x16,coloring,_distinct_x16,1,-1.0,6,34d5,b6b6,False,72804,oscillated,-1,False,distinct,16
r6b_distinct_x16,coloring,_distinct_x16,2,-1.0,6,34f5,b6b6,False,72804,oscillated,-1,False,distinct,16
r6b_distinct_x16,coloring,_distinct_x16,2,-1.0,6,35f7,b6b6,False,72804,oscillated,-1,False,distinct,16
r6b_distinct_x16,coloring,_distinct_x16,2,-1.0,3,3636,b6b6,False,72804,oscillated,-1,False,distinct,16
r6b_distinct_x16,coloring,_distinct_x16,2,-1.0,5,3684,b6b6,False,72804,oscillated,-1,False,distinct,16
r6b_distinct_x16,coloring,_distinct_x16,2,-1.0,5,3687,b6b6,False,72804,oscillated,-1,False,distinct,16
r6b_distinct_x16,coloring,_distinct_x16,1,-1.0,6,368d,b6b6,False,72804,oscillated,-1,False,distinct,16
r6b_distinct_x16,coloring,_distinct_x16,2,-1.0,3,3696,b6b6,False,72804,oscillated,-1,False,distinct,16
r6b_distinct_x16,coloring,_distinct_x16,2,-1.0,5,36a3,b6b6,False,72804,oscillated,-1,False,distinct,16
r6b_distinct_x16,coloring,_distinct_x16,2,-1.0,5,36a5,b6b6,False,72804,oscillated,-1,False,distinct,16
r6b_distinct_x16,coloring,_distinct_x16,2,-1.0,3,36a6,b6b6,False,72804,oscillated,-1,False,distinct,16
r6b_distinct_x16,coloring,_distinct_x16,2,-1.0,3,36b4,b6b6,False,72804,oscillated,-1,False,distinct,16
r6b_distinct_x16,coloring,_distinct_x16,2,-1.0,2,36b6,b6b6,False,72804,oscillated,-1,False,distinct,16
r6b_distinct_x16,coloring,_distinct_x16,2,-1.0,3,36b7,b6b6,False,72804,oscillated,-1,False,distinct,16
r6b_distinct_x16,coloring,_distinct_x16,2,-1.0,6,37ac,b6b6,False,72804,oscillated,-1,False,distinct,16
r6b_distinct_x16,coloring,_distinct_x16,2,-1.0,6,37af,b6b6,False,72804,oscillated,-1,False,distinct,16
r6b_distinct_x16,coloring,_distinct_x16,2,-1.0,3,37b6,b6b6,False,72804,oscillated,-1,False,distinct,16
r6b_distinct_x16,coloring,_distinct_x16,1,-1.0,3,3b05,1b85,False,72804,oscillated,-1,False,distinct,16
r6b_distinct_x16,coloring,_distinct_x16,3,-1.0,3,3b07,1b85,False,72804,oscillated,-1,False,distinct,16
r6b_distinct_x16,coloring,_distinct_x16,1,-1.0,3,3b81,1b85,False,72804,oscillated,-1,False,distinct,16
r6b_distinct_x16,coloring,_distinct_x16,1,-1.0,2,3b85,1b85,False,72804,oscillated,-1,False,distinct,16
r6b_distinct_x16,coloring,_distinct_x16,1,-1.0,3,3b87,1b85,False,72804,oscillated,-1,False,distinct,16
r6b_distinct_x16,coloring,_distinct_x16,1,-1.0,3,3b8d,1b85,False,72804,oscillated,-1,False,distinct,16
r6b_distinct_x16,coloring,_distinct_x16,1,-1.0,4,3b8f,1b85,False,72804,oscillated,-1,False,distinct,16
r6b_distinct_x16,coloring,_distinct_x16,3,-1.0,3,3f03,bf87,False,72804,oscillated,-1,False,distinct,16
r6b_distinct_x16,coloring,_distinct_x16,3,-1.0,3,3f05,bf87,False,72804,oscillated,-1,False,distinct,16
r6b_distinct_x16,coloring,_distinct_x16,3,-1.0,3,3f06,bf87,False,72804,oscillated,-1,False,distinct,16
r6b_distinct_x16,coloring,_distinct_x16,3,-1.0,2,3f07,bf87,False,72804,oscillated,-1,False,distinct,16
r6b_distinct_x16,coloring,_distinct_x16,3,-1.0,4,3f0e,bf87,False,72804,oscillated,-1,False,distinct,16
r6b_distinct_x16,coloring,_distinct_x16,3,-1.0,3,3f0f,bf87,False,72804,oscillated,-1,False,distinct,16
r6b_distinct_x16,coloring,_distinct_x16,3,-1.0,3,3f27,bf87,False,72804,oscillated,-1,False,distinct,16
r6b_distinct_x16,coloring,_distinct_x16,3,-1.0,4,3f83,bf87,False,72804,oscillated,-1,False,distinct,16
r6b_distinct_x16,coloring,_distinct_x16,1,-1.0,3,3f85,bf87,False,72804,oscillated,-1,False,distinct,16
r6b_distinct_x16,coloring,_distinct_x16,3,-1.0,3,3f87,bf87,False,72804,oscillated,-1,False,distinct,16
r6b_distinct_x16,coloring,_distinct_x16,2,-1.0,8,40fc,4078,False,72804,oscillated,-1,False,distinct,16
r6b_distinct_x16,coloring,_distinct_x16,0,-1.0,9,484a,4949,False,72804,oscillated,-1,False,distinct,16
r6b_distinct_x16,coloring,_distinct_x16,1,-1.0,8,48c9,4949,False,72804,oscillated,-1,False,distinct,16
r6b_distinct_x16,coloring,_distinct_x16,1,-1.0,8,4958,4949,False,72804,oscillated,-1,False,distinct,16
r6b_distinct_x16,coloring,_distinct_x16,1,-1.0,7,4a41,4949,False,72804,oscillated,-1,False,distinct,16
r6b_distinct_x16,coloring,_distinct_x16,1,-1.0,9,4a4b,4949,False,72804,oscillated,-1,False,distinct,16
r6b_distinct_x16,coloring,_distinct_x16,1,-1.0,7,4b1a,4949,False,72804,oscillated,-1,False,distinct,16
r6b_distinct_x16,coloring,_distinct_x16,0,-1.0,9,4b2a,4949,False,72804,oscillated,-1,False,distinct,16
r6b_distinct_x16,coloring,_distinct_x16,1,-1.0,8,4b4b,4949,False,72804,oscillated,-1,False,distinct,16
r6b_distinct_x16,coloring,_distinct_x16,0,-1.0,9,4d7c,4949,False,72804,oscillated,-1,False,distinct,16
r6b_distinct_x16,coloring,_distinct_x16,0,-1.0,9,4e08,4949,False,72804,oscillated,-1,False,distinct,16
r6b_distinct_x16,coloring,_distinct_x16,1,-1.0,7,4f09,4949,False,72804,oscillated,-1,False,distinct,16
r6b_distinct_x16,coloring,_distinct_x16,3,-1.0,7,4f4f,4949,False,72804,oscillated,-1,False,distinct,16
r6b_distinct_x16,coloring,_distinct_x16,1,-1.0,3,5295,12b4,False,72804,oscillated,-1,False,distinct,16
r6b_distinct_x16,coloring,_distinct_x16,1,-1.0,5,52b7,12b4,False,72804,oscillated,-1,False,distinct,16
r6b_distinct_x16,coloring,_distinct_x16,1,-1.0,3,5394,12b4,False,72804,oscillated,-1,False,distinct,16
r6b_distinct_x16,coloring,_distinct_x16,1,-1.0,6,53b2,12b4,False,72804,oscillated,-1,False,distinct,16
r6b_distinct_x16,coloring,_distinct_x16,1,-1.0,3,53b5,12b4,False,72804,oscillated,-1,False,distinct,16
r6b_distinct_x16,coloring,_distinct_x16,1,-1.0,6,569f,12b4,False,72804,oscillated,-1,False,distinct,16
r6b_distinct_x16,coloring,_distinct_x16,2,-1.0,7,64d0,e47a,False,72804,oscillated,-1,False,distinct,16
r6b_distinct_x16,coloring,_distinct_x16,2,-1.0,7,64f8,e47a,False,72804,oscillated,-1,False,distinct,16
r6b_distinct_x16,coloring,_distinct_x16,2,-1.0,7,65fc,e47a,False,72804,oscillated,-1,False,distinct,16
r6b_distinct_x16,coloring,_distinct_x16,3,-1.0,8,685f,4949,False,72804,oscillated,-1,False,distinct,16
r6b_distinct_x16,coloring,_distinct_x16,3,-1.0,7,694b,4949,False,72804,oscillated,-1,False,distinct,16
r6b_distinct_x16,coloring,_distinct_x16,0,-1.0,9,697c,4949,False,72804,oscillated,-1,False,distinct,16
r6b_distinct_x16,coloring,_distinct_x16,1,-1.0,7,6b18,4949,False,72804,oscillated,-1,False,distinct,16
r6b_distinct_x16,coloring,_distinct_x16,3,-1.0,9,6b4a,4949,False,72804,oscillated,-1,False,distinct,16
r6b_distinct_x16,coloring,_distinct_x16,0,-1.0,9,6b6c,4949,False,72804,oscillated,-1,False,distinct,16
r6b_distinct_x16,coloring,_distinct_x16,0,-1.0,8,6c5c,ed4b,False,72804,oscillated,-1,False,distinct,16
r6b_distinct_x16,coloring,_distinct_x16,0,-1.0,8,6d7c,ed4b,False,72804,oscillated,-1,False,distinct,16
r6b_distinct_x16,coloring,_distinct_x16,0,-1.0,7,6e42,ed4b,False,72804,oscillated,-1,False,distinct,16
r6b_distinct_x16,coloring,_distinct_x16,3,-1.0,8,6e4d,ed4b,False,72804,oscillated,-1,False,distinct,16
r6b_distinct_x16,coloring,_distinct_x16,2,-1.0,8,6e71,ed4b,False,72804,oscillated,-1,False,distinct,16
r6b_distinct_x16,coloring,_distinct_x16,0,-1.0,8,6f28,ed4b,False,72804,oscillated,-1,False,distinct,16
r6b_distinct_x16,coloring,_distinct_x16,3,-1.0,8,6f4a,ed4b,False,72804,oscillated,-1,False,distinct,16
r6b_distinct_x16,coloring,_distinct_x16,3,-1.0,6,6f4f,ed4b,False,72804,oscillated,-1,False,distinct,16
r6b_distinct_x16,coloring,_distinct_x16,2,-1.0,6,7292,12b4,False,72804,oscillated,-1,False,distinct,16
r6b_distinct_x16,coloring,_distinct_x16,1,-1.0,5,7390,12b4,False,72804,oscillated,-1,False,distinct,16
r6b_distinct_x16,coloring,_distinct_x16,1,-1.0,6,7398,12b4,False,72804,oscillated,-1,False,distinct,16
r6b_distinct_x16,coloring,_distinct_x16,1,-1.0,6,73b0,12b4,False,72804,oscillated,-1,False,distinct,16
r6b_distinct_x16,coloring,_distinct_x16,2,-1.0,5,73b6,12b4,False,72804,oscillated,-1,False,distinct,16
r6b_distinct_x16,coloring,_distinct_x16,1,-1.0,5,73b7,12b4,False,72804,oscillated,-1,False,distinct,16
r6b_distinct_x16,coloring,_distinct_x16,1,-1.0,7,73d2,12b4,False,72804,oscillated,-1,False,distinct,16
r6b_distinct_x16,coloring,_distinct_x16,2,-1.0,3,76b6,b6b6,False,72804,oscillated,-1,False,distinct,16
r6b_distinct_x16,coloring,_distinct_x16,2,-1.0,7,779a,b6b6,False,72804,oscillated,-1,False,distinct,16
r6b_distinct_x16,coloring,_distinct_x16,2,-1.0,4,77b6,b6b6,False,72804,oscillated,-1,False,distinct,16
r6b_distinct_x16,coloring,_distinct_x16,2,-1.0,6,77f4,b6b6,False,72804,oscillated,-1,False,distinct,16
r6b_distinct_x16,coloring,_distinct_x16,3,-1.0,7,8842,4949,False,72804,oscillated,-1,False,distinct,16
r6b_distinct_x16,coloring,_distinct_x16,3,-1.0,7,884d,4949,False,72804,oscillated,-1,False,distinct,16
r6b_distinct_x16,coloring,_distinct_x16,3,-1.0,7,896d,4949,False,72804,oscillated,-1,False,distinct,16
r6b_distinct_x16,coloring,_distinct_x16,3,-1.0,6,8c09,ed4b,False,72804,oscillated,-1,False,distinct,16
r6b_distinct_x16,coloring,_distinct_x16,3,-1.0,6,8c41,ed4b,False,72804,oscillated,-1,False,distinct,16
r6b_distinct_x16,coloring,_distinct_x16,3,-1.0,5,8d4b,ed4b,False,72804,oscillated,-1,False,distinct,16
r6b_distinct_x16,coloring,_distinct_x16,0,-1.0,5,90e6,12b4,False,72804,oscillated,-1,False,distinct,16
r6b_distinct_x16,coloring,_distinct_x16,1,-1.0,6,90f5,12b4,False,72804,oscillated,-1,False,distinct,16
r6b_distinct_x16,coloring,_distinct_x16,3,-1.0,6,918e,12b4,False,72804,oscillated,-1,False,distinct,16
r6b_distinct_x16,coloring,_distinct_x16,1,-1.0,6,91b0,12b4,False,72804,oscillated,-1,False,distinct,16
r6b_distinct_x16,coloring,_distinct_x16,3,-1.0,6,91c6,12b4,False,72804,oscillated,-1,False,distinct,16
r6b_distinct_x16,coloring,_distinct_x16,2,-1.0,5,9216,12b4,False,72804,oscillated,-1,False,distinct,16
r6b_distinct_x16,coloring,_distinct_x16,2,-1.0,5,9286,12b4,False,72804,oscillated,-1,False,distinct,16
r6b_distinct_x16,coloring,_distinct_x16,1,-1.0,5,9287,12b4,False,72804,oscillated,-1,False,distinct,16
r6b_distinct_x16,coloring,_distinct_x16,1,-1.0,3,9295,12b4,False,72804,oscillated,-1,False,distinct,16
r6b_distinct_x16,coloring,_distinct_x16,2,-1.0,6,92ac,12b4,False,72804,oscillated,-1,False,distinct,16
r6b_distinct_x16,coloring,_distinct_x16,2,-1.0,3,92b6,12b4,False,72804,oscillated,-1,False,distinct,16
r6b_distinct_x16,coloring,_distinct_x16,2,-1.0,6,9326,12b4,False,72804,oscillated,-1,False,distinct,16
r6b_distinct_x16,coloring,_distinct_x16,1,-1.0,3,9394,12b4,False,72804,oscillated,-1,False,distinct,16
r6b_distinct_x16,coloring,_distinct_x16,1,-1.0,6,93a0,12b4,False,72804,oscillated,-1,False,distinct,16
r6b_distinct_x16,coloring,_distinct_x16,1,-1.0,6,93af,12b4,False,72804,oscillated,-1,False,distinct,16
r6b_distinct_x16,coloring,_distinct_x16,1,-1.0,3,93b5,12b4,False,72804,oscillated,-1,False,distinct,16
r6b_distinct_x16,coloring,_distinct_x16,2,-1.0,4,93b6,12b4,False,72804,oscillated,-1,False,distinct,16
r6b_distinct_x16,coloring,_distinct_x16,2,-1.0,3,94b6,b6b6,False,72804,oscillated,-1,False,distinct,16
r6b_distinct_x16,coloring,_distinct_x16,2,-1.0,4,94be,b6b6,False,72804,oscillated,-1,False,distinct,16
r6b_distinct_x16,coloring,_distinct_x16,2,-1.0,5,9596,b6b6,False,72804,oscillated,-1,False,distinct,16
r6b_distinct_x16,coloring,_distinct_x16,2,-1.0,5,95b7,b6b6,False,72804,oscillated,-1,False,distinct,16
r6b_distinct_x16,coloring,_distinct_x16,1,-1.0,6,95bd,b6b6,False,72804,oscillated,-1,False,distinct,16
r6b_distinct_x16,coloring,_distinct_x16,2,-1.0,6,9604,b6b6,False,72804,oscillated,-1,False,distinct,16
r6b_distinct_x16,coloring,_distinct_x16,2,-1.0,3,9636,b6b6,False,72804,oscillated,-1,False,distinct,16
r6b_distinct_x16,coloring,_distinct_x16,2,-1.0,3,9696,b6b6,False,72804,oscillated,-1,False,distinct,16
r6b_distinct_x16,coloring,_distinct_x16,2,-1.0,4,96a2,b6b6,False,72804,oscillated,-1,False,distinct,16
r6b_distinct_x16,coloring,_distinct_x16,2,-1.0,3,96a6,b6b6,False,72804,oscillated,-1,False,distinct,16
r6b_distinct_x16,coloring,_distinct_x16,2,-1.0,3,96b4,b6b6,False,72804,oscillated,-1,False,distinct,16
r6b_distinct_x16,coloring,_distinct_x16,2,-1.0,2,96b6,b6b6,False,72804,oscillated,-1,False,distinct,16
r6b_distinct_x16,coloring,_distinct_x16,2,-1.0,3,96b7,b6b6,False,72804,oscillated,-1,False,distinct,16
r6b_distinct_x16,coloring,_distinct_x16,2,-1.0,6,97a3,b6b6,False,72804,oscillated,-1,False,distinct,16
r6b_distinct_x16,coloring,_distinct_x16,2,-1.0,3,97b6,b6b6,False,72804,oscillated,-1,False,distinct,16
r6b_distinct_x16,coloring,_distinct_x16,1,-1.0,3,9b05,1b85,False,72804,oscillated,-1,False,distinct,16
r6b_distinct_x16,coloring,_distinct_x16,3,-1.0,3,9b07,1b85,False,72804,oscillated,-1,False,distinct,16
r6b_distinct_x16,coloring,_distinct_x16,1,-1.0,3,9b81,1b85,False,72804,oscillated,-1,False,distinct,16
r6b_distinct_x16,coloring,_distinct_x16,1,-1.0,2,9b85,1b85,False,72804,oscillated,-1,False,distinct,16
r6b_distinct_x16,coloring,_distinct_x16,1,-1.0,3,9b87,1b85,False,72804,oscillated,-1,False,distinct,16
r6b_distinct_x16,coloring,_distinct_x16,1,-1.0,3,9b8d,1b85,False,72804,oscillated,-1,False,distinct,16
r6b_distinct_x16,coloring,_distinct_x16,3,-1.0,3,9f03,bf87,False,72804,oscillated,-1,False,distinct,16
r6b_distinct_x16,coloring,_distinct_x16,3,-1.0,3,9f05,bf87,False,72804,oscillated,-1,False,distinct,16
r6b_distinct_x16,coloring,_distinct_x16,3,-1.0,3,9f06,bf87,False,72804,oscillated,-1,False,distinct,16
r6b_distinct_x16,coloring,_distinct_x16,3,-1.0,2,9f07,bf87,False,72804,oscillated,-1,False,distinct,16
r6b_distinct_x16,coloring,_distinct_x16,3,-1.0,3,9f0f,bf87,False,72804,oscillated,-1,False,distinct,16
r6b_distinct_x16,coloring,_distinct_x16,3,-1.0,4,9f25,bf87,False,72804,oscillated,-1,False,distinct,16
r6b_distinct_x16,coloring,_distinct_x16,3,-1.0,3,9f27,bf87,False,72804,oscillated,-1,False,distinct,16
r6b_distinct_x16,coloring,_distinct_x16,1,-1.0,3,9f85,bf87,False,72804,oscillated,-1,False,distinct,16
r6b_distinct_x16,coloring,_distinct_x16,3,-1.0,3,9f87,bf87,False,72804,oscillated,-1,False,distinct,16
r6b_distinct_x16,coloring,_distinct_x16,3,-1.0,5,a843,ed4b,False,72804,oscillated,-1,False,distinct,16
r6b_distinct_x16,coloring,_distinct_x16,3,-1.0,6,a84e,ed4b,False,72804,oscillated,-1,False,distinct,16
r6b_distinct_x16,coloring,_distinct_x16,3,-1.0,5,a867,ed4b,False,72804,oscillated,-1,False,distinct,16
r6b_distinct_x16,coloring,_distinct_x16,3,-1.0,5,ac2b,ed4b,False,72804,oscillated,-1,False,distinct,16
r6b_distinct_x16,coloring,_distinct_x16,3,-1.0,5,ac42,ed4b,False,72804,oscillated,-1,False,distinct,16
r6b_distinct_x16,coloring,_distinct_x16,3,-1.0,7,ac48,ed4b,False,72804,oscillated,-1,False,distinct,16
r6b_distinct_x16,coloring,_distinct_x16,3,-1.0,7,ac69,ed4b,False,72804,oscillated,-1,False,distinct,16
r6b_distinct_x16,coloring,_distinct_x16,3,-1.0,6,ac6b,ed4b,False,72804,oscillated,-1,False,distinct,16
r6b_distinct_x16,coloring,_distinct_x16,3,-1.0,5,ad4a,ed4b,False,72804,oscillated,-1,False,distinct,16
r6b_distinct_x16,coloring,_distinct_x16,3,-1.0,6,ad60,ed4b,False,72804,oscillated,-1,False,distinct,16
r6b_distinct_x16,coloring,_distinct_x16,3,-1.0,5,ad61,ed4b,False,72804,oscillated,-1,False,distinct,16
r6b_distinct_x16,coloring,_distinct_x16,2,-1.0,6,b093,b6b6,False,72804,oscillated,-1,False,distinct,16
r6b_distinct_x16,coloring,_distinct_x16,2,-1.0,3,b0b6,b6b6,False,72804,oscillated,-1,False,distinct,16
r6b_distinct_x16,coloring,_distinct_x16,0,-1.0,4,b0e6,b6b6,False,72804,oscillated,-1,False,distinct,16
r6b_distinct_x16,coloring,_distinct_x16,0,-1.0,5,b0e7,b6b6,False,72804,oscillated,-1,False,distinct,16
r6b_distinct_x16,coloring,_distinct_x16,2,-1.0,4,b0f6,b6b6,False,72804,oscillated,-1,False,distinct,16
r6b_distinct_x16,coloring,_distinct_x16,2,-1.0,6,b1b0,b6b6,False,72804,oscillated,-1,False,distinct,16
r6b_distinct_x16,coloring,_distinct_x16,2,-1.0,4,b1b6,b6b6,False,72804,oscillated,-1,False,distinct,16
r6b_distinct_x16,coloring,_distinct_x16,2,-1.0,3,b236,b6b6,False,72804,oscillated,-1,False,distinct,16
r6b_distinct_x16,coloring,_distinct_x16,1,-1.0,5,b285,b6b6,False,72804,oscillated,-1,False,distinct,16
r6b_distinct_x16,coloring,_distinct_x16,2,-1.0,3,b296,b6b6,False,72804,oscillated,-1,False,distinct,16
r6b_distinct_x16,coloring,_distinct_x16,2,-1.0,4,b297,b6b6,False,72804,oscillated,-1,False,distinct,16
r6b_distinct_x16,coloring,_distinct_x16,2,-1.0,5,b2a0,b6b6,False,72804,oscillated,-1,False,distinct,16
r6b_distinct_x16,coloring,_distinct_x16,2,-1.0,4,b2a2,b6b6,False,72804,oscillated,-1,False,distinct,16
r6b_distinct_x16,coloring,_distinct_x16,2,-1.0,3,b2a6,b6b6,False,72804,oscillated,-1,False,distinct,16
r6b_distinct_x16,coloring,_distinct_x16,2,-1.0,3,b2b4,b6b6,False,72804,oscillated,-1,False,distinct,16
r6b_distinct_x16,coloring,_distinct_x16,2,-1.0,2,b2b6,b6b6,False,72804,oscillated,-1,False,distinct,16
r6b_distinct_x16,coloring,_distinct_x16,2,-1.0,3,b2b7,b6b6,False,72804,oscillated,-1,False,distinct,16
r6b_distinct_x16,coloring,_distinct_x16,1,-1.0,5,b3a5,b6b6,False,72804,oscillated,-1,False,distinct,16
r6b_distinct_x16,coloring,_distinct_x16,2,-1.0,3,b3b6,b6b6,False,72804,oscillated,-1,False,distinct,16
r6b_distinct_x16,coloring,_distinct_x16,2,-1.0,5,b490,b6b6,False,72804,oscillated,-1,False,distinct,16
r6b_distinct_x16,coloring,_distinct_x16,2,-1.0,4,b492,b6b6,False,72804,oscillated,-1,False,distinct,16
r6b_distinct_x16,coloring,_distinct_x16,2,-1.0,3,b496,b6b6,False,72804,oscillated,-1,False,distinct,16
r6b_distinct_x16,coloring,_distinct_x16,2,-1.0,5,b49c,b6b6,False,72804,oscillated,-1,False,distinct,16
r6b_distinct_x16,coloring,_distinct_x16,2,-1.0,3,b4b2,b6b6,False,72804,oscillated,-1,False,distinct,16
r6b_distinct_x16,coloring,_distinct_x16,2,-1.0,3,b4b4,b6b6,False,72804,oscillated,-1,False,distinct,16
r6b_distinct_x16,coloring,_distinct_x16,2,-1.0,2,b4b6,b6b6,False,72804,oscillated,-1,False,distinct,16
r6b_distinct_x16,coloring,_distinct_x16,2,-1.0,3,b4b7,b6b6,False,72804,oscillated,-1,False,distinct,16
r6b_distinct_x16,coloring,_distinct_x16,2,-1.0,3,b4be,b6b6,False,72804,oscillated,-1,False,distinct,16
r6b_distinct_x16,coloring,_distinct_x16,2,-1.0,4,b4bf,b6b6,False,72804,oscillated,-1,False,distinct,16
r6b_distinct_x16,coloring,_distinct_x16,0,-1.0,3,b4e6,b6b6,False,72804,oscillated,-1,False,distinct,16
r6b_distinct_x16,coloring,_distinct_x16,2,-1.0,3,b4f6,b6b6,False,72804,oscillated,-1,False,distinct,16
r6b_distinct_x16,coloring,_distinct_x16,2,-1.0,3,b5b6,b6b6,False,72804,oscillated,-1,False,distinct,16
r6b_distinct_x16,coloring,_distinct_x16,3,-1.0,5,b5e5,b6b6,False,72804,oscillated,-1,False,distinct,16
r6b_distinct_x16,coloring,_distinct_x16,0,-1.0,4,b5e6,b6b6,False,72804,oscillated,-1,False,distinct,16
r6b_distinct_x16,coloring,_distinct_x16,3,-1.0,4,b5e7,b6b6,False,72804,oscillated,-1,False,distinct,16
r6b_distinct_x16,coloring,_distinct_x16,2,-1.0,6,b5f5,b6b6,False,72804,oscillated,-1,False,distinct,16
r6b_distinct_x16,coloring,_distinct_x16,2,-1.0,3,b634,b6b6,False,72804,oscillated,-1,False,distinct,16
r6b_distinct_x16,coloring,_distinct_x16,2,-1.0,4,b635,b6b6,False,72804,oscillated,-1,False,distinct,16
r6b_distinct_x16,coloring,_distinct_x16,2,-1.0,2,b636,b6b6,False,72804,oscillated,-1,False,distinct,16
r6b_distinct_x16,coloring,_distinct_x16,2,-1.0,3,b637,b6b6,False,72804,oscillated,-1,False,distinct,16
r6b_distinct_x16,coloring,_distinct_x16,2,-1.0,4,b684,b6b6,False,72804,oscillated,-1,False,distinct,16
r6b_distinct_x16,coloring,_distinct_x16,2,-1.0,3,b686,b6b6,False,72804,oscillated,-1,False,distinct,16
r6b_distinct_x16,coloring,_distinct_x16,2,-1.0,3,b694,b6b6,False,72804,oscillated,-1,False,distinct,16
r6b_distinct_x16,coloring,_distinct_x16,2,-1.0,2,b696,b6b6,False,72804,oscillated,-1,False,distinct,16
r6b_distinct_x16,coloring,_distinct_x16,2,-1.0,3,b697,b6b6,False,72804,oscillated,-1,False,distinct,16
r6b_distinct_x16,coloring,_distinct_x16,2,-1.0,4,b6a0,b6b6,False,72804,oscillated,-1,False,distinct,16
r6b_distinct_x16,coloring,_distinct_x16,2,-1.0,3,b6a2,b6b6,False,72804,oscillated,-1,False,distinct,16
r6b_distinct_x16,coloring,_distinct_x16,2,-1.0,3,b6a4,b6b6,False,72804,oscillated,-1,False,distinct,16
r6b_distinct_x16,coloring,_distinct_x16,2,-1.0,2,b6a6,b6b6,False,72804,oscillated,-1,False,distinct,16
r6b_distinct_x16,coloring,_distinct_x16,2,-1.0,3,b6a7,b6b6,False,72804,oscillated,-1,False,distinct,16
r6b_distinct_x16,coloring,_distinct_x16,2,-1.0,3,b6ae,b6b6,False,72804,oscillated,-1,False,distinct,16
r6b_distinct_x16,coloring,_distinct_x16,2,-1.0,2,b6b4,b6b6,False,72804,oscillated,-1,False,distinct,16
r6b_distinct_x16,coloring,_distinct_x16,2,-1.0,3,b6b5,b6b6,False,72804,oscillated,-1,False,distinct,16
r6b_distinct_x16,coloring,_distinct_x16,2,-1.0,1,b6b6,b6b6,False,72804,oscillated,-1,False,distinct,16
r6b_distinct_x16,coloring,_distinct_x16,2,-1.0,2,b6b7,b6b6,False,72804,oscillated,-1,False,distinct,16
r6b_distinct_x16,coloring,_distinct_x16,2,-1.0,4,b726,b6b6,False,72804,oscillated,-1,False,distinct,16
r6b_distinct_x16,coloring,_distinct_x16,2,-1.0,3,b736,b6b6,False,72804,oscillated,-1,False,distinct,16
r6b_distinct_x16,coloring,_distinct_x16,2,-1.0,4,b794,b6b6,False,72804,oscillated,-1,False,distinct,16
r6b_distinct_x16,coloring,_distinct_x16,2,-1.0,3,b796,b6b6,False,72804,oscillated,-1,False,distinct,16
r6b_distinct_x16,coloring,_distinct_x16,2,-1.0,3,b7a6,b6b6,False,72804,oscillated,-1,False,distinct,16
r6b_distinct_x16,coloring,_distinct_x16,2,-1.0,5,b7ac,b6b6,False,72804,oscillated,-1,False,distinct,16
r6b_distinct_x16,coloring,_distinct_x16,2,-1.0,3,b7b4,b6b6,False,72804,oscillated,-1,False,distinct,16
r6b_distinct_x16,coloring,_distinct_x16,2,-1.0,2,b7b6,b6b6,False,72804,oscillated,-1,False,distinct,16
r6b_distinct_x16,coloring,_distinct_x16,2,-1.0,3,b7b7,b6b6,False,72804,oscillated,-1,False,distinct,16
r6b_distinct_x16,coloring,_distinct_x16,3,-1.0,4,ba0f,bf87,False,72804,oscillated,-1,False,distinct,16
r6b_distinct_x16,coloring,_distinct_x16,3,-1.0,3,bb03,bf87,False,72804,oscillated,-1,False,distinct,16
r6b_distinct_x16,coloring,_distinct_x16,3,-1.0,3,bb05,bf87,False,72804,oscillated,-1,False,distinct,16
r6b_distinct_x16,coloring,_distinct_x16,3,-1.0,3,bb06,bf87,False,72804,oscillated,-1,False,distinct,16
r6b_distinct_x16,coloring,_distinct_x16,3,-1.0,2,bb07,bf87,False,72804,oscillated,-1,False,distinct,16
r6b_distinct_x16,coloring,_distinct_x16,3,-1.0,3,bb0f,bf87,False,72804,oscillated,-1,False,distinct,16
r6b_distinct_x16,coloring,_distinct_x16,3,-1.0,3,bb27,bf87,False,72804,oscillated,-1,False,distinct,16
r6b_distinct_x16,coloring,_distinct_x16,1,-1.0,3,bb85,bf87,False,72804,oscillated,-1,False,distinct,16
r6b_distinct_x16,coloring,_distinct_x16,3,-1.0,3,bb87,bf87,False,72804,oscillated,-1,False,distinct,16
r6b_distinct_x16,coloring,_distinct_x16,3,-1.0,4,be01,bf87,False,72804,oscillated,-1,False,distinct,16
r6b_distinct_x16,coloring,_distinct_x16,3,-1.0,3,be03,bf87,False,72804,oscillated,-1,False,distinct,16
r6b_distinct_x16,coloring,_distinct_x16,3,-1.0,3,be0f,bf87,False,72804,oscillated,-1,False,distinct,16
r6b_distinct_x16,coloring,_distinct_x16,3,-1.0,3,bf01,bf87,False,72804,oscillated,-1,False,distinct,16
r6b_distinct_x16,coloring,_distinct_x16,3,-1.0,3,bf02,bf87,False,72804,oscillated,-1,False,distinct,16
r6b_distinct_x16,coloring,_distinct_x16,3,-1.0,2,bf03,bf87,False,72804,oscillated,-1,False,distinct,16
r6b_distinct_x16,coloring,_distinct_x16,3,-1.0,2,bf05,bf87,False,72804,oscillated,-1,False,distinct,16
r6b_distinct_x16,coloring,_distinct_x16,3,-1.0,1,bf07,bf87,False,72804,oscillated,-1,False,distinct,16
r6b_distinct_x16,coloring,_distinct_x16,3,-1.0,3,bf0d,bf87,False,72804,oscillated,-1,False,distinct,16
r6b_distinct_x16,coloring,_distinct_x16,3,-1.0,3,bf0e,bf87,False,72804,oscillated,-1,False,distinct,16
r6b_distinct_x16,coloring,_distinct_x16,3,-1.0,2,bf0f,bf87,False,72804,oscillated,-1,False,distinct,16
r6b_distinct_x16,coloring,_distinct_x16,3,-1.0,3,bf23,bf87,False,72804,oscillated,-1,False,distinct,16
r6b_distinct_x16,coloring,_distinct_x16,3,-1.0,4,bf2d,bf87,False,72804,oscillated,-1,False,distinct,16
r6b_distinct_x16,coloring,_distinct_x16,3,-1.0,3,bf2f,bf87,False,72804,oscillated,-1,False,distinct,16
r6b_distinct_x16,coloring,_distinct_x16,2,-1.0,8,c0fb,4078,False,72804,oscillated,-1,False,distinct,16
r6b_distinct_x16,coloring,_distinct_x16,2,-1.0,7,c0ff,4078,False,72804,oscillated,-1,False,distinct,16
r6b_distinct_x16,coloring,_distinct_x16,2,-1.0,6,c4f0,e47a,False,72804,oscillated,-1,False,distinct,16
r6b_distinct_x16,coloring,_distinct_x16,2,-1.0,5,c4fe,e47a,False,72804,oscillated,-1,False,distinct,16
r6b_distinct_x16,coloring,_distinct_x16,3,-1.0,8,c949,4949,False,72804,oscillated,-1,False,distinct,16
r6b_distinct_x16,coloring,_distinct_x16,1,-1.0,9,c979,4949,False,72804,oscillated,-1,False,distinct,16
r6b_distinct_x16,coloring,_distinct_x16,2,-1.0,8,ca1a,4949,False,72804,oscillated,-1,False,distinct,16
r6b_distinct_x16,coloring,_distinct_x16,0,-1.0,10,ca48,4949,False,72804,oscillated,-1,False,distinct,16
r6b_distinct_x16,coloring,_distinct_x16,3,-1.0,9,ca4b,4949,False,72804,oscillated,-1,False,distinct,16
r6b_distinct_x16,coloring,_distinct_x16,3,-1.0,8,cb4e,4949,False,72804,oscillated,-1,False,distinct,16
r6b_distinct_x16,coloring,_distinct_x16,3,-1.0,7,cb4f,4949,False,72804,oscillated,-1,False,distinct,16
r6b_distinct_x16,coloring,_distinct_x16,0,-1.0,9,cb60,4949,False,72804,oscillated,-1,False,distinct,16
r6b_distinct_x16,coloring,_distinct_x16,0,-1.0,9,cb6a,4949,False,72804,oscillated,-1,False,distinct,16
r6b_distinct_x16,coloring,_distinct_x16,3,-1.0,9,cb6b,4949,False,72804,oscillated,-1,False,distinct,16
r6b_distinct_x16,coloring,_distinct_x16,1,-1.0,8,cb6d,4949,False,72804,oscillated,-1,False,distinct,16
r6b_distinct_x16,coloring,_distinct_x16,3,-1.0,8,cc49,ed4b,False,72804,oscillated,-1,False,distinct,16
r6b_distinct_x16,coloring,_distinct_x16,0,-1.0,8,cc50,ed4b,False,72804,oscillated,-1,False,distinct,16
r6b_distinct_x16,coloring,_distinct_x16,3,-1.0,8,cc5d,ed4b,False,72804,oscillated,-1,False,distinct,16
r6b_distinct_x16,coloring,_distinct_x16,0,-1.0,9,ccd9,ed4b,False,72804,oscillated,-1,False,distinct,16
r6b_distinct_x16,coloring,_distinct_x16,3,-1.0,8,cd5a,ed4b,False,72804,oscillated,-1,False,distinct,16
r6b_distinct_x16,coloring,_distinct_x16,3,-1.0,7,cd6b,ed4b,False,72804,oscillated,-1,False,distinct,16
r6b_distinct_x16,coloring,_distinct_x16,0,-1.0,8,cd70,ed4b,False,72804,oscillated,-1,False,distinct,16
r6b_distinct_x16,coloring,_distinct_x16,3,-1.0,7,cd7f,ed4b,False,72804,oscillated,-1,False,distinct,16
r6b_distinct_x16,coloring,_distinct_x16,0,-1.0,8,cdc8,ed4b,False,72804,oscillated,-1,False,distinct,16
r6b_distinct_x16,coloring,_distinct_x16,0,-1.0,8,ce08,ed4b,False,72804,oscillated,-1,False,distinct,16
r6b_distinct_x16,coloring,_distinct_x16,3,-1.0,7,cf09,ed4b,False,72804,oscillated,-1,False,distinct,16
r6b_distinct_x16,coloring,_distinct_x16,3,-1.0,6,cf0b,ed4b,False,72804,oscillated,-1,False,distinct,16
r6b_distinct_x16,coloring,_distinct_x16,3,-1.0,6,cf43,ed4b,False,72804,oscillated,-1,False,distinct,16
r6b_distinct_x16,coloring,_distinct_x16,3,-1.0,7,cf6f,ed4b,False,72804,oscillated,-1,False,distinct,16
r6b_distinct_x16,coloring,_distinct_x16,1,-1.0,6,d398,12b4,False,72804,oscillated,-1,False,distinct,16
r6b_distinct_x16,coloring,_distinct_x16,1,-1.0,7,d39a,12b4,False,72804,oscillated,-1,False,distinct,16
r6b_distinct_x16,coloring,_distinct_x16,1,-1.0,5,d39c,12b4,False,72804,oscillated,-1,False,distinct,16
r6b_distinct_x16,coloring,_distinct_x16,2,-1.0,6,d3b2,12b4,False,72804,oscillated,-1,False,distinct,16
r6b_distinct_x16,coloring,_distinct_x16,1,-1.0,4,d3b5,12b4,False,72804,oscillated,-1,False,distinct,16
r6b_distinct_x16,coloring,_distinct_x16,2,-1.0,5,d3b6,12b4,False,72804,oscillated,-1,False,distinct,16
r6b_distinct_x16,coloring,_distinct_x16,1,-1.0,5,d3bd,12b4,False,72804,oscillated,-1,False,distinct,16
r6b_distinct_x16,coloring,_distinct_x16,2,-1.0,6,d690,b6b6,False,72804,oscillated,-1,False,distinct,16
r6b_distinct_x16,coloring,_distinct_x16,2,-1.0,5,d692,b6b6,False,72804,oscillated,-1,False,distinct,16
r6b_distinct_x16,coloring,_distinct_x16,2,-1.0,5,d697,b6b6,False,72804,oscillated,-1,False,distinct,16
r6b_distinct_x16,coloring,_distinct_x16,2,-1.0,3,d6b6,b6b6,False,72804,oscillated,-1,False,distinct,16
r6b_distinct_x16,coloring,_distinct_x16,1,-1.0,7,d798,b6b6,False,72804,oscillated,-1,False,distinct,16
r6b_distinct_x16,coloring,_distinct_x16,2,-1.0,5,d7b2,b6b6,False,72804,oscillated,-1,False,distinct,16
r6b_distinct_x16,coloring,_distinct_x16,2,-1.0,5,d7b4,b6b6,False,72804,oscillated,-1,False,distinct,16
r6b_distinct_x16,coloring,_distinct_x16,1,-1.0,6,d7bd,b6b6,False,72804,oscillated,-1,False,distinct,16
r6b_distinct_x16,coloring,_distinct_x16,2,-1.0,7,e1fc,e47a,False,72804,oscillated,-1,False,distinct,16
r6b_distinct_x16,coloring,_distinct_x16,2,-1.0,6,e1fe,e47a,False,72804,oscillated,-1,False,distinct,16
r6b_distinct_x16,coloring,_distinct_x16,2,-1.0,4,e4fe,e47a,False,72804,oscillated,-1,False,distinct,16
r6b_distinct_x16,coloring,_distinct_x16,3,-1.0,8,e85b,ed4b,False,72804,oscillated,-1,False,distinct,16
r6b_distinct_x16,coloring,_distinct_x16,0,-1.0,9,e8d9,ed4b,False,72804,oscillated,-1,False,distinct,16
r6b_distinct_x16,coloring,_distinct_x16,3,-1.0,6,e94b,ed4b,False,72804,oscillated,-1,False,distinct,16
r6b_distinct_x16,coloring,_distinct_x16,3,-1.0,7,e95e,ed4b,False,72804,oscillated,-1,False,distinct,16
r6b_distinct_x16,coloring,_distinct_x16,0,-1.0,8,e9fb,ed4b,False,72804,oscillated,-1,False,distinct,16
r6b_distinct_x16,coloring,_distinct_x16,3,-1.0,7,ea0b,ed4b,False,72804,oscillated,-1,False,distinct,16
r6b_distinct_x16,coloring,_distinct_x16,0,-1.0,8,ea40,ed4b,False,72804,oscillated,-1,False,distinct,16
r6b_distinct_x16,coloring,_distinct_x16,0,-1.0,9,ea69,ed4b,False,72804,oscillated,-1,False,distinct,16
r6b_distinct_x16,coloring,_distinct_x16,0,-1.0,8,eb6a,ed4b,False,72804,oscillated,-1,False,distinct,16
r6b_distinct_x16,coloring,_distinct_x16,0,-1.0,7,ec5a,ed4b,False,72804,oscillated,-1,False,distinct,16
r6b_distinct_x16,coloring,_distinct_x16,0,-1.0,7,ecc9,ed4b,False,72804,oscillated,-1,False,distinct,16
r6b_distinct_x16,coloring,_distinct_x16,3,-1.0,7,ed71,ed4b,False,72804,oscillated,-1,False,distinct,16
r6b_distinct_x16,coloring,_distinct_x16,3,-1.0,6,edcb,ed4b,False,72804,oscillated,-1,False,distinct,16
r6b_distinct_x16,coloring,_distinct_x16,3,-1.0,7,ee41,ed4b,False,72804,oscillated,-1,False,distinct,16
r6b_distinct_x16,coloring,_distinct_x16,2,-1.0,7,ef38,ed4b,False,72804,oscillated,-1,False,distinct,16
r6b_distinct_x16,coloring,_distinct_x16,3,-1.0,6,ef42,ed4b,False,72804,oscillated,-1,False,distinct,16
r6b_distinct_x16,coloring,_distinct_x16,3,-1.0,6,ef4e,ed4b,False,72804,oscillated,-1,False,distinct,16
r6b_distinct_x16,coloring,_distinct_x16,3,-1.0,5,ef4f,ed4b,False,72804,oscillated,-1,False,distinct,16
r6b_distinct_x16,coloring,_distinct_x16,0,-1.0,6,ef62,ed4b,False,72804,oscillated,-1,False,distinct,16
r6b_distinct_x16,coloring,_distinct_x16,0,-1.0,7,ef6a,ed4b,False,72804,oscillated,-1,False,distinct,16
r6b_distinct_x16,coloring,_distinct_x16,2,-1.0,4,f296,b6b6,False,72804,oscillated,-1,False,distinct,16
r6b_distinct_x16,coloring,_distinct_x16,2,-1.0,5,f297,b6b6,False,72804,oscillated,-1,False,distinct,16
r6b_distinct_x16,coloring,_distinct_x16,2,-1.0,3,f2b6,b6b6,False,72804,oscillated,-1,False,distinct,16
r6b_distinct_x16,coloring,_distinct_x16,2,-1.0,6,f392,b6b6,False,72804,oscillated,-1,False,distinct,16
r6b_distinct_x16,coloring,_distinct_x16,1,-1.0,6,f3d4,b6b6,False,72804,oscillated,-1,False,distinct,16
r6b_distinct_x16,coloring,_distinct_x16,2,-1.0,3,f696,b6b6,False,72804,oscillated,-1,False,distinct,16
r6b_distinct_x16,coloring,_distinct_x16,2,-1.0,3,f6b4,b6b6,False,72804,oscillated,-1,False,distinct,16
r6b_distinct_x16,coloring,_distinct_x16,2,-1.0,2,f6b6,b6b6,False,72804,oscillated,-1,False,distinct,16
r6b_distinct_x16,coloring,_distinct_x16,2,-1.0,3,f6b7,b6b6,False,72804,oscillated,-1,False,distinct,16
r6b_distinct_x16,coloring,_distinct_x16,2,-1.0,3,f7b6,b6b6,False,72804,oscillated,-1,False,distinct,16
