experiment,mode,variant,pat_idx,eta,hamming_in,init_state,result_state,settled,settle_time,outcome,recalled_pat,correct,t_even,t_odd,ratio
bifurc,even_odd,_todd15,2,0.375,6,1776,231,False,1060,oscillated,-1,False,10,15,1.5
bifurc,even_odd,_todd15,1,0.375,6,17de,299,False,1060,oscillated,-1,False,10,15,1.5
bifurc,even_odd,_todd15,2,0.4375,7,24dd,398,False,1060,oscillated,-1,False,10,15,1.5
bifurc,even_odd,_todd15,2,0.375,6,3774,231,False,1060,oscillated,-1,False,10,15,1.5
bifurc,even_odd,_todd15,1,0.375,6,37dc,299,False,1060,oscillated,-1,False,10,15,1.5
bifurc,even_odd,_todd15,0,0.375,6,448e,58a4,True,41,spurious,-1,False,10,15,1.5
bifurc,even_odd,_todd15,0,0.375,6,4d66,5821,False,1060,oscillated,-1,False,10,15,1.5
bifurc,even_odd,_todd15,0,0.3125,5,5d22,5865,False,1060,oscillated,-1,False,10,15,1.5
bifurc,even_odd,_todd15,0,0.375,6,5d8a,58cd,False,1060,oscillated,-1,False,10,15,1.5
bifurc,even_odd,_todd15,0,0.375,6,648c,58a4,True,41,spurious,-1,False,10,15,1.5
bifurc,even_odd,_todd15,2,0.375,6,69b,3dc,False,1060,oscillated,-1,False,10,15,1.5
bifurc,even_odd,_todd15,1,0.375,6,6bd3,a75b,True,41,spurious,-1,False,10,15,1.5
bifurc,even_odd,_todd15,0,0.3125,5,7867,fd22,False,1060,oscillated,-1,False,10,15,1.5
bifurc,even_odd,_todd15,0,0.375,6,7b66,fc23,False,1060,oscillated,-1,False,10,15,1.5
bifurc,even_odd,_todd15,0,0.4375,7,7bce,fc8b,False,1060,oscillated,-1,False,10,15,1.5
bifurc,even_odd,_todd15,0,0.3125,5,7d20,5865,False,1060,oscillated,-1,False,10,15,1.5
bifurc,even_odd,_todd15,0,0.375,6,7d88,58cd,False,1060,oscillated,-1,False,10,15,1.5
bifurc,even_odd,_todd15,2,0.4375,7,84dd,398,False,1060,oscillated,-1,False,10,15,1.5
bifurc,even_odd,_todd15,2,0.375,6,8574,231,False,1060,oscillated,-1,False,10,15,1.5
bifurc,even_odd,_todd15,2,0.4375,7,85dc,299,False,1060,oscillated,-1,False,10,15,1.5
bifurc,even_odd,_todd15,1,0.3125,5,8bd3,a75b,True,41,spurious,-1,False,10,15,1.5
bifurc,even_odd,_todd15,2,0.375,6,a174,a633,False,1060,oscillated,-1,False,10,15,1.5
bifurc,even_odd,_todd15,2,0.375,6,a3dc,a69b,False,1060,oscillated,-1,False,10,15,1.5
bifurc,even_odd,_todd15,0,0.375,6,c1ae,fca6,True,41,correct,0,True,10,15,1.5
bifurc,even_odd,_todd15,0,0.375,6,c966,fc23,False,1060,oscillated,-1,False,10,15,1.5
bifurc,even_odd,_todd15,0,0.4375,7,c9ce,fc8b,False,1060,oscillated,-1,False,10,15,1.5
bifurc,even_odd,_todd15,0,0.375,6,d8cf,fd8a,False,1060,oscillated,-1,False,10,15,1.5
bifurc,even_odd,_todd15,0,0.4375,7,dacf,fd8a,False,1060,oscillated,-1,False,10,15,1.5
bifurc,even_odd,_todd15,0,0.375,6,e1ac,fca6,True,41,correct,0,True,10,15,1.5
bifurc,even_odd,_todd15,0,0.375,6,e964,fc23,False,1060,oscillated,-1,False,10,15,1.5
bifurc,even_odd,_todd15,0,0.4375,7,e9cc,fc8b,False,1060,oscillated,-1,False,10,15,1.5
bifurc,even_odd,_todd15,1,0.375,6,fde,299,False,1060,oscillated,-1,False,10,15,1.5
bifurc,even_odd,_todd15,0,0.0,0,fca6,fca6,True,0,correct,0,True,10,15,1.5
bifurc,even_odd,_todd15,0,0.0,0,fca6,fca6,True,0,correct,0,True,10,15,1.5
bifurc,even_odd,_todd15,0,0.0,0,fca6,fca6,True,0,correct,0,True,10,15,1.5
bifurc,even_odd,_todd15,0,0.0,0,fca6,fca6,True,0,correct,0,True,10,15,1.5
bifurc,even_odd,_todd15,0,0.0,0,fca6,fca6,True,0,correct,0,True,10,15,1.5
bifurc,even_odd,_todd15,0,0.0,0,fca6,fca6,True,0,correct,0,True,10,15,1.5
bifurc,even_odd,_todd15,0,0.0,0,fca6,fca6,True,0,correct,0,True,10,15,1.5
bifurc,even_odd,_todd15,0,0.0,0,fca6,fca6,True,0,correct,0,True,10,15,1.5
bifurc,even_odd,_todd15,0,0.0,0,fca6,fca6,True,0,correct,0,True,10,15,1.5
bifurc,even_odd,_todd15,0,0.0,0,fca6,fca6,True,0,correct,0,True,10,15,1.5
bifurc,even_odd,_todd15,0,0.0,0,fca6,fca6,True,0,correct,0,True,10,15,1.5
bifurc,even_odd,_todd15,0,0.0,0,fca6,fca6,True,0,correct,0,True,10,15,1.5
bifurc,even_odd,_todd15,0,0.0,0,fca6,fca6,True,0,correct,0,True,10,15,1.5
bifurc,even_odd,_todd15,0,0.0,0,fca6,fca6,True,0,correct,0,True,10,15,1.5
bifurc,even_odd,_todd15,0,0.0,0,fca6,fca6,True,0,correct,0,True,10,15,1.5
bifurc,even_odd,_todd15,0,0.0,0,fca6,fca6,True,0,correct,0,True,10,15,1.5
bifurc,even_odd,_todd15,0,0.0,0,fca6,fca6,True,0,correct,0,True,10,15,1.5
bifurc,even_odd,_todd15,0,0.0,0,fca6,fca6,True,0,correct,0,True,10,15,1.5
bifurc,even_odd,_todd15,0,0.0,0,fca6,fca6,True,0,correct,0,True,10,15,1.5
bifurc,even_odd,_todd15,0,0.0,0,fca6,fca6,True,0,correct,0,True,10,15,1.5
bifurc,even_odd,_todd15,0,0.0,0,fca6,fca6,True,0,correct,0,True,10,15,1.5
bifurc,even_odd,_todd15,0,0.0,0,fca6,fca6,True,0,correct,0,True,10,15,1.5
bifurc,even_odd,_todd15,0,0.0,0,fca6,fca6,True,0,correct,0,True,10,15,1.5
bifurc,even_odd,_todd15,0,0.0,0,fca6,fca6,True,0,correct,0,True,10,15,1.5
bifurc,even_odd,_todd15,0,0.0,0,fca6,fca6,True,0,correct,0,True,10,15,1.5
bifurc,even_odd,_todd15,0,0.0,0,fca6,fca6,True,0,correct,0,True,10,15,1.5
bifurc,even_odd,_todd15,0,0.0,0,fca6,fca6,True,0,correct,0,True,10,15,1.5
bifurc,even_odd,_todd15,0,0.0,0,fca6,fca6,True,0,correct,0,True,10,15,1.5
bifurc,even_odd,_todd15,0,0.0,0,fca6,fca6,True,0,correct,0,True,10,15,1.5
bifurc,even_odd,_todd15,0,0.0,0,fca6,fca6,True,0,correct,0,True,10,15,1.5
bifurc,even_odd,_todd15,0,0.0,0,fca6,fca6,True,0,correct,0,True,10,15,1.5
bifurc,even_odd,_todd15,0,0.0,0,fca6,fca6,True,0,correct,0,True,10,15,1.5
bifurc,even_odd,_todd15,0,0.0,0,fca6,fca6,True,0,correct,0,True,10,15,1.5
bifurc,even_odd,_todd15,0,0.0,0,fca6,fca6,True,0,correct,0,True,10,15,1.5
bifurc,even_odd,_todd15,0,0.0,0,fca6,fca6,True,0,correct,0,True,10,15,1.5
bifurc,even_odd,_todd15,0,0.0,0,fca6,fca6,True,0,correct,0,True,10,15,1.5
bifurc,even_odd,_todd15,0,0.0,0,fca6,fca6,True,0,correct,0,True,10,15,1.5
bifurc,even_odd,_todd15,0,0.0,0,fca6,fca6,True,0,correct,0,True,10,15,1.5
bifurc,even_odd,_todd15,0,0.0,0,fca6,fca6,True,0,correct,0,True,10,15,1.5
bifurc,even_odd,_todd15,0,0.0,0,fca6,fca6,True,0,correct,0,True,10,15,1.5
bifurc,even_odd,_todd15,0,0.0,0,fca6,fca6,True,0,correct,0,True,10,15,1.5
bifurc,even_odd,_todd15,0,0.0,0,fca6,fca6,True,0,correct,0,True,10,15,1.5
bifurc,even_odd,_todd15,0,0.0,0,fca6,fca6,True,0,correct,0,True,10,15,1.5
bifurc,even_odd,_todd15,0,0.0,0,fca6,fca6,True,0,correct,0,True,10,15,1.5
bifurc,even_odd,_todd15,0,0.0,0,fca6,fca6,True,0,correct,0,True,10,15,1.5
bifurc,even_odd,_todd15,0,0.0,0,fca6,fca6,True,0,correct,0,True,10,15,1.5
bifurc,even_odd,_todd15,0,0.0,0,fca6,fca6,True,0,correct,0,True,10,15,1.5
bifurc,even_odd,_todd15,0,0.0,0,fca6,fca6,True,0,correct,0,True,10,15,1.5
bifurc,even_odd,_todd15,0,0.0,0,fca6,fca6,True,0,correct,0,True,10,15,1.5
bifurc,even_odd,_todd15,0,0.0,0,fca6,fca6,True,0,correct,0,True,10,15,1.5
bifurc,even_odd,_todd15,0,0.0,0,fca6,fca6,True,0,correct,0,True,10,15,1.5
bifurc,even_odd,_todd15,0,0.0,0,fca6,fca6,True,0,correct,0,True,10,15,1.5
bifurc,even_odd,_todd15,0,0.0,0,fca6,fca6,True,0,correct,0,True,10,15,1.5
bifurc,even_odd,_todd15,0,0.0,0,fca6,fca6,True,0,correct,0,True,10,15,1.5
bifurc,even_odd,_todd15,0,0.0,0,fca6,fca6,True,0,correct,0,True,10,15,1.5
bifurc,even_odd,_todd15,0,0.0,0,fca6,fca6,True,0,correct,0,True,10,15,1.5
bifurc,even_odd,_todd15,0,0.0,0,fca6,fca6,True,0,correct,0,True,10,15,1.5
bifurc,even_odd,_todd15,0,0.0,0,fca6,fca6,True,0,correct,0,True,10,15,1.5
bifurc,even_odd,_todd15,0,0.0,0,fca6,fca6,True,0,correct,0,True,10,15,1.5
bifurc,even_odd,_todd15,0,0.0,0,fca6,fca6,True,0,correct,0,True,10,15,1.5
bifurc,even_odd,_todd15,0,0.0,0,fca6,fca6,True,0,correct,0,True,10,15,1.5
bifurc,even_odd,_todd15,0,0.0,0,fca6,fca6,True,0,correct,0,True,10,15,1.5
bifurc,even_odd,_todd15,0,0.0,0,fca6,fca6,True,0,correct,0,True,10,15,1.5
bifurc,even_odd,_todd15,0,0.0,0,fca6,fca6,True,0,correct,0,True,10,15,1.5
bifurc,even_odd,_todd15,0,0.0,0,fca6,fca6,True,0,correct,0,True,10,15,1.5
bifurc,even_odd,_todd15,0,0.0,0,fca6,fca6,True,0,correct,0,True,10,15,1.5
bifurc,even_odd,_todd15,0,0.0,0,fca6,fca6,True,0,correct,0,True,10,15,1.5
bifurc,even_odd,_todd15,0,0.0,0,fca6,fca6,True,0,correct,0,True,10,15,1.5
bifurc,even_odd,_todd15,0,0.0,0,fca6,fca6,True,0,correct,0,True,10,15,1.5
bifurc,even_odd,_todd15,0,0.0,0,fca6,fca6,True,0,correct,0,True,10,15,1.5
bifurc,even_odd,_todd15,0,0.0,0,fca6,fca6,True,0,correct,0,True,10,15,1.5
bifurc,even_odd,_todd15,0,0.0,0,fca6,fca6,True,0,correct,0,True,10,15,1.5
bifurc,even_odd,_todd15,0,0.0,0,fca6,fca6,True,0,correct,0,True,10,15,1.5
bifurc,even_odd,_todd15,0,0.0,0,fca6,fca6,True,0,correct,0,True,10,15,1.5
bifurc,even_odd,_todd15,0,0.0,0,fca6,fca6,True,0,correct,0,True,10,15,1.5
bifurc,even_odd,_todd15,0,0.0,0,fca6,fca6,True,0,correct,0,True,10,15,1.5
bifurc,even_odd,_todd15,0,0.0,0,fca6,fca6,True,0,correct,0,True,10,15,1.5
bifurc,even_odd,_todd15,0,0.0,0,fca6,fca6,True,0,correct,0,True,10,15,1.5
bifurc,even_odd,_todd15,0,0.0,0,fca6,fca6,True,0,correct,0,True,10,15,1.5
bifurc,even_odd,_todd15,0,0.0,0,fca6,fca6,True,0,correct,0,True,10,15,1.5
bifurc,even_odd,_todd15,1,0.0,0,1b95,1b95,True,0,correct,1,True,10,15,1.5
bifurc,even_odd,_todd15,1,0.0,0,1b95,1b95,True,0,correct,1,True,10,15,1.5
bifurc,even_odd,_todd15,1,0.0,0,1b95,1b95,True,0,correct,1,True,10,15,1.5
bifurc,even_odd,_todd15,1,0.0,0,1b95,1b95,True,0,correct,1,True,10,15,1.5
bifurc,even_odd,_todd15,1,0.0,0,1b95,1b95,True,0,correct,1,True,10,15,1.5
bifurc,even_odd,_todd15,1,0.0,0,1b95,1b95,True,0,correct,1,True,10,15,1.5
bifurc,even_odd,_todd15,1,0.0,0,1b95,1b95,True,0,correct,1,True,10,15,1.5
bifurc,even_odd,_todd15,1,0.0,0,1b95,1b95,True,0,correct,1,True,10,15,1.5
bifurc,even_odd,_todd15,1,0.0,0,1b95,1b95,True,0,correct,1,True,10,15,1.5
bifurc,even_odd,_todd15,1,0.0,0,1b95,1b95,True,0,correct,1,True,10,15,1.5
bifurc,even_odd,_todd15,1,0.0,0,1b95,1b95,True,0,correct,1,True,10,15,1.5
bifurc,even_odd,_todd15,1,0.0,0,1b95,1b95,True,0,correct,1,True,10,15,1.5
bifurc,even_odd,_todd15,1,0.0,0,1b95,1b95,True,0,correct,1,True,10,15,1.5
bifurc,even_odd,_todd15,1,0.0,0,1b95,1b95,True,0,correct,1,True,10,15,1.5
bifurc,even_odd,_todd15,1,0.0,0,1b95,1b95,True,0,correct,1,True,10,15,1.5
bifurc,even_odd,_todd15,1,0.0,0,1b95,1b95,True,0,correct,1,True,10,15,1.5
bifurc,even_odd,_todd15,1,0.0,0,1b95,1b95,True,0,correct,1,True,10,15,1.5
bifurc,even_odd,_todd15,1,0.0,0,1b95,1b95,True,0,correct,1,True,10,15,1.5
bifurc,even_odd,_todd15,1,0.0,0,1b95,1b95,True,0,correct,1,True,10,15,1.5
bifurc,even_odd,_todd15,1,0.0,0,1b95,1b95,True,0,correct,1,True,10,15,1.5
bifurc,even_odd,_todd15,1,0.0,0,1b95,1b95,True,0,correct,1,True,10,15,1.5
bifurc,even_odd,_todd15,1,0.0,0,1b95,1b95,True,0,correct,1,True,10,15,1.5
bifurc,even_odd,_todd15,1,0.0,0,1b95,1b95,True,0,correct,1,True,10,15,1.5
bifurc,even_odd,_todd15,1,0.0,0,1b95,1b95,True,0,correct,1,True,10,15,1.5
bifurc,even_odd,_todd15,1,0.0,0,1b95,1b95,True,0,correct,1,True,10,15,1.5
bifurc,even_odd,_todd15,1,0.0,0,1b95,1b95,True,0,correct,1,True,10,15,1.5
bifurc,even_odd,_todd15,1,0.0,0,1b95,1b95,True,0,correct,1,True,10,15,1.5
bifurc,even_odd,_todd15,1,0.0,0,1b95,1b95,True,0,correct,1,True,10,15,1.5
bifurc,even_odd,_todd15,1,0.0,0,1b95,1b95,True,0,correct,1,True,10,15,1.5
bifurc,even_odd,_todd15,1,0.0,0,1b95,1b95,True,0,correct,1,True,10,15,1.5
bifurc,even_odd,_todd15,1,0.0,0,1b95,1b95,True,0,correct,1,True,10,15,1.5
bifurc,even_odd,_todd15,1,0.0,0,1b95,1b95,True,0,correct,1,True,10,15,1.5
bifurc,even_odd,_todd15,1,0.0,0,1b95,1b95,True,0,correct,1,True,10,15,1.5
bifurc,even_odd,_todd15,1,0.0,0,1b95,1b95,True,0,correct,1,True,10,15,1.5
bifurc,even_odd,_todd15,1,0.0,0,1b95,1b95,True,0,correct,1,True,10,15,1.5
bifurc,even_odd,_todd15,1,0.0,0,1b95,1b95,True,0,correct,1,True,10,15,1.5
bifurc,even_odd,_todd15,1,0.0,0,1b95,1b95,True,0,correct,1,True,10,15,1.5
bifurc,even_odd,_todd15,1,0.0,0,1b95,1b95,True,0,correct,1,True,10,15,1.5
bifurc,even_odd,_todd15,1,0.0,0,1b95,1b95,True,0,correct,1,True,10,15,1.5
bifurc,even_odd,_todd15,1,0.0,0,1b95,1b95,True,0,correct,1,True,10,15,1.5
bifurc,even_odd,_todd15,1,0.0,0,1b95,1b95,True,0,correct,1,True,10,15,1.5
bifurc,even_odd,_todd15,1,0.0,0,1b95,1b95,True,0,correct,1,True,10,15,1.5
bifurc,even_odd,_todd15,1,0.0,0,1b95,1b95,True,0,correct,1,True,10,15,1.5
bifurc,even_odd,_todd15,1,0.0,0,1b95,1b95,True,0,correct,1,True,10,15,1.5
bifurc,even_odd,_todd15,1,0.0,0,1b95,1b95,True,0,correct,1,True,10,15,1.5
bifurc,even_odd,_todd15,1,0.0,0,1b95,1b95,True,0,correct,1,True,10,15,1.5
bifurc,even_odd,_todd15,1,0.0,0,1b95,1b95,True,0,correct,1,True,10,15,1.5
bifurc,even_odd,_todd15,1,0.0,0,1b95,1b95,True,0,correct,1,True,10,15,1.5
bifurc,even_odd,_todd15,1,0.0,0,1b95,1b95,True,0,correct,1,True,10,15,1.5
bifurc,even_odd,_todd15,1,0.0,0,1b95,1b95,True,0,correct,1,True,10,15,1.5
bifurc,even_odd,_todd15,1,0.0,0,1b95,1b95,True,0,correct,1,True,10,15,1.5
bifurc,even_odd,_todd15,1,0.0,0,1b95,1b95,True,0,correct,1,True,10,15,1.5
bifurc,even_odd,_todd15,1,0.0,0,1b95,1b95,True,0,correct,1,True,10,15,1.5
bifurc,even_odd,_todd15,1,0.0,0,1b95,1b95,True,0,correct,1,True,10,15,1.5
bifurc,even_odd,_todd15,1,0.0,0,1b95,1b95,True,0,correct,1,True,10,15,1.5
bifurc,even_odd,_todd15,1,0.0,0,1b95,1b95,True,0,correct,1,True,10,15,1.5
bifurc,even_odd,_todd15,1,0.0,0,1b95,1b95,True,0,correct,1,True,10,15,1.5
bifurc,even_odd,_todd15,1,0.0,0,1b95,1b95,True,0,correct,1,True,10,15,1.5
bifurc,even_odd,_todd15,1,0.0,0,1b95,1b95,True,0,correct,1,True,10,15,1.5
bifurc,even_odd,_todd15,1,0.0,0,1b95,1b95,True,0,correct,1,True,10,15,1.5
bifurc,even_odd,_todd15,1,0.0,0,1b95,1b95,True,0,correct,1,True,10,15,1.5
bifurc,even_odd,_todd15,1,0.0,0,1b95,1b95,True,0,correct,1,True,10,15,1.5
bifurc,even_odd,_todd15,1,0.0,0,1b95,1b95,True,0,correct,1,True,10,15,1.5
bifurc,even_odd,_todd15,1,0.0,0,1b95,1b95,True,0,correct,1,True,10,15,1.5
bifurc,even_odd,_todd15,1,0.0,0,1b95,1b95,True,0,correct,1,True,10,15,1.5
bifurc,even_odd,_todd15,1,0.0,0,1b95,1b95,True,0,correct,1,True,10,15,1.5
bifurc,even_odd,_todd15,1,0.0,0,1b95,1b95,True,0,correct,1,True,10,15,1.5
bifurc,even_odd,_todd15,1,0.0,0,1b95,1b95,True,0,correct,1,True,10,15,1.5
bifurc,even_odd,_todd15,1,0.0,0,1b95,1b95,True,0,correct,1,True,10,15,1.5
bifurc,even_odd,_todd15,1,0.0,0,1b95,1b95,True,0,correct,1,True,10,15,1.5
bifurc,even_odd,_todd15,1,0.0,0,1b95,1b95,True,0,correct,1,True,10,15,1.5
bifurc,even_odd,_todd15,1,0.0,0,1b95,1b95,True,0,correct,1,True,10,15,1.5
bifurc,even_odd,_todd15,1,0.0,0,1b95,1b95,True,0,correct,1,True,10,15,1.5
bifurc,even_odd,_todd15,1,0.0,0,1b95,1b95,True,0,correct,1,True,10,15,1.5
bifurc,even_odd,_todd15,1,0.0,0,1b95,1b95,True,0,correct,1,True,10,15,1.5
bifurc,even_odd,_todd15,1,0.0,0,1b95,1b95,True,0,correct,1,True,10,15,1.5
bifurc,even_odd,_todd15,1,0.0,0,1b95,1b95,True,0,correct,1,True,10,15,1.5
bifurc,even_odd,_todd15,1,0.0,0,1b95,1b95,True,0,correct,1,True,10,15,1.5
bifurc,even_odd,_todd15,1,0.0,0,1b95,1b95,True,0,correct,1,True,10,15,1.5
bifurc,even_odd,_todd15,1,0.0,0,1b95,1b95,True,0,correct,1,True,10,15,1.5
bifurc,even_odd,_todd15,2,0.0,0,a6b6,a6b6,True,0,correct,2,True,10,15,1.5
bifurc,even_odd,_todd15,2,0.0,0,a6b6,a6b6,True,0,correct,2,True,10,15,1.5
bifurc,even_odd,_todd15,2,0.0,0,a6b6,a6b6,True,0,correct,2,True,10,15,1.5
bifurc,even_odd,_todd15,2,0.0,0,a6b6,a6b6,True,0,correct,2,True,10,15,1.5
bifurc,even_odd,_todd15,2,0.0,0,a6b6,a6b6,True,0,correct,2,True,10,15,1.5
bifurc,even_odd,_todd15,2,0.0,0,a6b6,a6b6,True,0,correct,2,True,10,15,1.5
bifurc,even_odd,_todd15,2,0.0,0,a6b6,a6b6,True,0,correct,2,True,10,15,1.5
bifurc,even_odd,_todd15,2,0.0,0,a6b6,a6b6,True,0,correct,2,True,10,15,1.5
bifurc,even_odd,_todd15,2,0.0,0,a6b6,a6b6,True,0,correct,2,True,10,15,1.5
bifurc,even_odd,_todd15,2,0.0,0,a6b6,a6b6,True,0,correct,2,True,10,15,1.5
bifurc,even_odd,_todd15,2,0.0,0,a6b6,a6b6,True,0,correct,2,True,10,15,1.5
bifurc,even_odd,_todd15,2,0.0,0,a6b6,a6b6,True,0,correct,2,True,10,15,1.5
bifurc,even_odd,_todd15,2,0.0,0,a6b6,a6b6,True,0,correct,2,True,10,15,1.5
bifurc,even_odd,_todd15,2,0.0,0,a6b6,a6b6,True,0,correct,2,True,10,15,1.5
bifurc,even_odd,_todd15,2,0.0,0,a6b6,a6b6,True,0,correct,2,True,10,15,1.5
bifurc,even_odd,_todd15,2,0.0,0,a6b6,a6b6,True,0,correct,2,True,10,15,1.5
bifurc,even_odd,_todd15,2,0.0,0,a6b6,a6b6,True,0,correct,2,True,10,15,1.5
bifurc,even_odd,_todd15,2,0.0,0,a6b6,a6b6,True,0,correct,2,True,10,15,1.5
bifurc,even_odd,_todd15,2,0.0,0,a6b6,a6b6,True,0,correct,2,True,10,15,1.5
bifurc,even_odd,_todd15,2,0.0,0,a6b6,a6b6,True,0,correct,2,True,10,15,1.5
bifurc,even_odd,_todd15,2,0.0,0,a6b6,a6b6,True,0,correct,2,True,10,15,1.5
bifurc,even_odd,_todd15,2,0.0,0,a6b6,a6b6,True,0,correct,2,True,10,15,1.5
bifurc,even_odd,_todd15,2,0.0,0,a6b6,a6b6,True,0,correct,2,True,10,15,1.5
bifurc,even_odd,_todd15,2,0.0,0,a6b6,a6b6,True,0,correct,2,True,10,15,1.5
bifurc,even_odd,_todd15,2,0.0,0,a6b6,a6b6,True,0,correct,2,True,10,15,1.5
bifurc,even_odd,_todd15,2,0.0,0,a6b6,a6b6,True,0,correct,2,True,10,15,1.5
bifurc,even_odd,_todd15,2,0.0,0,a6b6,a6b6,True,0,correct,2,True,10,15,1.5
bifurc,even_odd,_todd15,2,0.0,0,a6b6,a6b6,True,0,correct,2,True,10,15,1.5
bifurc,even_odd,_todd15,2,0.0,0,a6b6,a6b6,True,0,correct,2,True,10,15,1.5
bifurc,even_odd,_todd15,2,0.0,0,a6b6,a6b6,True,0,correct,2,True,10,15,1.5
bifurc,even_odd,_todd15,2,0.0,0,a6b6,a6b6,True,0,correct,2,True,10,15,1.5
bifurc,even_odd,_todd15,2,0.0,0,a6b6,a6b6,True,0,correct,2,True,10,15,1.5
bifurc,even_odd,_todd15,2,0.0,0,a6b6,a6b6,True,0,correct,2,True,10,15,1.5
bifurc,even_odd,_todd15,2,0.0,0,a6b6,a6b6,True,0,correct,2,True,10,15,1.5
bifurc,even_odd,_todd15,2,0.0,0,a6b6,a6b6,True,0,correct,2,True,10,15,1.5
bifurc,even_odd,_todd15,2,0.0,0,a6b6,a6b6,True,0,correct,2,True,10,15,1.5
bifurc,even_odd,_todd15,2,0.0,0,a6b6,a6b6,True,0,correct,2,True,10,15,1.5
bifurc,even_odd,_todd15,2,0.0,0,a6b6,a6b6,True,0,correct,2,True,10,15,1.5
bifurc,even_odd,_todd15,2,0.0,0,a6b6,a6b6,True,0,correct,2,True,10,15,1.5
bifurc,even_odd,_todd15,2,0.0,0,a6b6,a6b6,True,0,correct,2,True,10,15,1.5
bifurc,even_odd,_todd15,2,0.0,0,a6b6,a6b6,True,0,correct,2,True,10,15,1.5
bifurc,even_odd,_todd15,2,0.0,0,a6b6,a6b6,True,0,correct,2,True,10,15,1.5
bifurc,even_odd,_todd15,2,0.0,0,a6b6,a6b6,True,0,correct,2,True,10,15,1.5
bifurc,even_odd,_todd15,2,0.0,0,a6b6,a6b6,True,0,correct,2,True,10,15,1.5
bifurc,even_odd,_todd15,2,0.0,0,a6b6,a6b6,True,0,correct,2,True,10,15,1.5
bifurc,even_odd,_todd15,2,0.0,0,a6b6,a6b6,True,0,correct,2,True,10,15,1.5
bifurc,even_odd,_todd15,2,0.0,0,a6b6,a6b6,True,0,correct,2,True,10,15,1.5
bifurc,even_odd,_todd15,2,0.0,0,a6b6,a6b6,True,0,correct,2,True,10,15,1.5
bifurc,even_odd,_todd15,2,0.0,0,a6b6,a6b6,True,0,correct,2,True,10,15,1.5
bifurc,even_odd,_todd15,2,0.0,0,a6b6,a6b6,True,0,correct,2,True,10,15,1.5
bifurc,even_odd,_todd15,2,0.0,0,a6b6,a6b6,True,0,correct,2,True,10,15,1.5
bifurc,even_odd,_todd15,2,0.0,0,a6b6,a6b6,True,0,correct,2,True,10,15,1.5
bifurc,even_odd,_todd15,2,0.0,0,a6b6,a6b6,True,0,correct,2,True,10,15,1.5
bifurc,even_odd,_todd15,2,0.0,0,a6b6,a6b6,True,0,correct,2,True,10,15,1.5
bifurc,even_odd,_todd15,2,0.0,0,a6b6,a6b6,True,0,correct,2,True,10,15,1.5
bifurc,even_odd,_todd15,2,0.0,0,a6b6,a6b6,True,0,correct,2,True,10,15,1.5
bifurc,even_odd,_todd15,2,0.0,0,a6b6,a6b6,True,0,correct,2,True,10,15,1.5
bifurc,even_odd,_todd15,2,0.0,0,a6b6,a6b6,True,0,correct,2,True,10,15,1.5
bifurc,even_odd,_todd15,2,0.0,0,a6b6,a6b6,True,0,correct,2,True,10,15,1.5
bifurc,even_odd,_todd15,2,0.0,0,a6b6,a6b6,True,0,correct,2,True,10,15,1.5
bifurc,even_odd,_todd15,2,0.0,0,a6b6,a6b6,True,0,correct,2,True,10,15,1.5
bifurc,even_odd,_todd15,2,0.0,0,a6b6,a6b6,True,0,correct,2,True,10,15,1.5
bifurc,even_odd,_todd15,2,0.0,0,a6b6,a6b6,True,0,correct,2,True,10,15,1.5
bifurc,even_odd,_todd15,2,0.0,0,a6b6,a6b6,True,0,correct,2,True,10,15,1.5
bifurc,even_odd,_todd15,2,0.0,0,a6b6,a6b6,True,0,correct,2,True,10,15,1.5
bifurc,even_odd,_todd15,2,0.0,0,a6b6,a6b6,True,0,correct,2,True,10,15,1.5
bifurc,even_odd,_todd15,2,0.0,0,a6b6,a6b6,True,0,correct,2,True,10,15,1.5
bifurc,even_odd,_todd15,2,0.0,0,a6b6,a6b6,True,0,correct,2,True,10,15,1.5
bifurc,even_odd,_todd15,2,0.0,0,a6b6,a6b6,True,0,correct,2,True,10,15,1.5
bifurc,even_odd,_todd15,2,0.0,0,a6b6,a6b6,True,0,correct,2,True,10,15,1.5
bifurc,even_odd,_todd15,2,0.0,0,a6b6,a6b6,True,0,correct,2,True,10,15,1.5
bifurc,even_odd,_todd15,2,0.0,0,a6b6,a6b6,True,0,correct,2,True,10,15,1.5
bifurc,even_odd,_todd15,2,0.0,0,a6b6,a6b6,True,0,correct,2,True,10,15,1.5
bifurc,even_odd,_todd15,2,0.0,0,a6b6,a6b6,True,0,correct,2,True,10,15,1.5
bifurc,even_odd,_todd15,2,0.0,0,a6b6,a6b6,True,0,correct,2,True,10,15,1.5
bifurc,even_odd,_todd15,2,0.0,0,a6b6,a6b6,True,0,correct,2,True,10,15,1.5
bifurc,even_odd,_todd15,2,0.0,0,a6b6,a6b6,True,0,correct,2,True,10,15,1.5
bifurc,even_odd,_todd15,2,0.0,0,a6b6,a6b6,True,0,correct,2,True,10,15,1.5
bifurc,even_odd,_todd15,2,0.0,0,a6b6,a6b6,True,0,correct,2,True,10,15,1.5
bifurc,even_odd,_todd15,2,0.0,0,a6b6,a6b6,True,0,correct,2,True,10,15,1.5
bifurc,even_odd,_todd15,3,0.0,0,bd07,bd07,True,0,correct,3,True,10,15,1.5
bifurc,even_odd,_todd15,3,0.0,0,bd07,bd07,True,0,correct,3,True,10,15,1.5
bifurc,even_odd,_todd15,3,0.0,0,bd07,bd07,True,0,correct,3,True,10,15,1.5
bifurc,even_odd,_todd15,3,0.0,0,bd07,bd07,True,0,correct,3,True,10,15,1.5
bifurc,even_odd,_todd15,3,0.0,0,bd07,bd07,True,0,correct,3,True,10,15,1.5
bifurc,even_odd,_todd15,3,0.0,0,bd07,bd07,True,0,correct,3,True,10,15,1.5
bifurc,even_odd,_todd15,3,0.0,0,bd07,bd07,True,0,correct,3,True,10,15,1.5
bifurc,even_odd,_todd15,3,0.0,0,bd07,bd07,True,0,correct,3,True,10,15,1.5
bifurc,even_odd,_todd15,3,0.0,0,bd07,bd07,True,0,correct,3,True,10,15,1.5
bifurc,even_odd,_todd15,3,0.0,0,bd07,bd07,True,0,correct,3,True,10,15,1.5
bifurc,even_odd,_todd15,3,0.0,0,bd07,bd07,True,0,correct,3,True,10,15,1.5
bifurc,even_odd,_todd15,3,0.0,0,bd07,bd07,True,0,correct,3,True,10,15,1.5
bifurc,even_odd,_todd15,3,0.0,0,bd07,bd07,True,0,correct,3,True,10,15,1.5
bifurc,even_odd,_todd15,3,0.0,0,bd07,bd07,True,0,correct,3,True,10,15,1.5
bifurc,even_odd,_todd15,3,0.0,0,bd07,bd07,True,0,correct,3,True,10,15,1.5
bifurc,even_odd,_todd15,3,0.0,0,bd07,bd07,True,0,correct,3,True,10,15,1.5
bifurc,even_odd,_todd15,3,0.0,0,bd07,bd07,True,0,correct,3,True,10,15,1.5
bifurc,even_odd,_todd15,3,0.0,0,bd07,bd07,True,0,correct,3,True,10,15,1.5
bifurc,even_odd,_todd15,3,0.0,0,bd07,bd07,True,0,correct,3,True,10,15,1.5
bifurc,even_odd,_todd15,3,0.0,0,bd07,bd07,True,0,correct,3,True,10,15,1.5
bifurc,even_odd,_todd15,3,0.0,0,bd07,bd07,True,0,correct,3,True,10,15,1.5
bifurc,even_odd,_todd15,3,0.0,0,bd07,bd07,True,0,correct,3,True,10,15,1.5
bifurc,even_odd,_todd15,3,0.0,0,bd07,bd07,True,0,correct,3,True,10,15,1.5
bifurc,even_odd,_todd15,3,0.0,0,bd07,bd07,True,0,correct,3,True,10,15,1.5
bifurc,even_odd,_todd15,3,0.0,0,bd07,bd07,True,0,correct,3,True,10,15,1.5
bifurc,even_odd,_todd15,3,0.0,0,bd07,bd07,True,0,correct,3,True,10,15,1.5
bifurc,even_odd,_todd15,3,0.0,0,bd07,bd07,True,0,correct,3,True,10,15,1.5
bifurc,even_odd,_todd15,3,0.0,0,bd07,bd07,True,0,correct,3,True,10,15,1.5
bifurc,even_odd,_todd15,3,0.0,0,bd07,bd07,True,0,correct,3,True,10,15,1.5
bifurc,even_odd,_todd15,3,0.0,0,bd07,bd07,True,0,correct,3,True,10,15,1.5
bifurc,even_odd,_todd15,3,0.0,0,bd07,bd07,True,0,correct,3,True,10,15,1.5
bifurc,even_odd,_todd15,3,0.0,0,bd07,bd07,True,0,correct,3,True,10,15,1.5
bifurc,even_odd,_todd15,3,0.0,0,bd07,bd07,True,0,correct,3,True,10,15,1.5
bifurc,even_odd,_todd15,3,0.0,0,bd07,bd07,True,0,correct,3,True,10,15,1.5
bifurc,even_odd,_todd15,3,0.0,0,bd07,bd07,True,0,correct,3,True,10,15,1.5
bifurc,even_odd,_todd15,3,0.0,0,bd07,bd07,True,0,correct,3,True,10,15,1.5
bifurc,even_odd,_todd15,3,0.0,0,bd07,bd07,True,0,correct,3,True,10,15,1.5
bifurc,even_odd,_todd15,3,0.0,0,bd07,bd07,True,0,correct,3,True,10,15,1.5
bifurc,even_odd,_todd15,3,0.0,0,bd07,bd07,True,0,correct,3,True,10,15,1.5
bifurc,even_odd,_todd15,3,0.0,0,bd07,bd07,True,0,correct,3,True,10,15,1.5
bifurc,even_odd,_todd15,3,0.0,0,bd07,bd07,True,0,correct,3,True,10,15,1.5
bifurc,even_odd,_todd15,3,0.0,0,bd07,bd07,True,0,correct,3,True,10,15,1.5
bifurc,even_odd,_todd15,3,0.0,0,bd07,bd07,True,0,correct,3,True,10,15,1.5
bifurc,even_odd,_todd15,3,0.0,0,bd07,bd07,True,0,correct,3,True,10,15,1.5
bifurc,even_odd,_todd15,3,0.0,0,bd07,bd07,True,0,correct,3,True,10,15,1.5
bifurc,even_odd,_todd15,3,0.0,0,bd07,bd07,True,0,correct,3,True,10,15,1.5
bifurc,even_odd,_todd15,3,0.0,0,bd07,bd07,True,0,correct,3,True,10,15,1.5
bifurc,even_odd,_todd15,3,0.0,0,bd07,bd07,True,0,correct,3,True,10,15,1.5
bifurc,even_odd,_todd15,3,0.0,0,bd07,bd07,True,0,correct,3,True,10,15,1.5
bifurc,even_odd,_todd15,3,0.0,0,bd07,bd07,True,0,correct,3,True,10,15,1.5
bifurc,even_odd,_todd15,3,0.0,0,bd07,bd07,True,0,correct,3,True,10,15,1.5
bifurc,even_odd,_todd15,3,0.0,0,bd07,bd07,True,0,correct,3,True,10,15,1.5
bifurc,even_odd,_todd15,3,0.0,0,bd07,bd07,True,0,correct,3,True,10,15,1.5
bifurc,even_odd,_todd15,3,0.0,0,bd07,bd07,True,0,correct,3,True,10,15,1.5
bifurc,even_odd,_todd15,3,0.0,0,bd07,bd07,True,0,correct,3,True,10,15,1.5
bifurc,even_odd,_todd15,3,0.0,0,bd07,bd07,True,0,correct,3,True,10,15,1.5
bifurc,even_odd,_todd15,3,0.0,0,bd07,bd07,True,0,correct,3,True,10,15,1.5
bifurc,even_odd,_todd15,3,0.0,0,bd07,bd07,True,0,correct,3,True,10,15,1.5
bifurc,even_odd,_todd15,3,0.0,0,bd07,bd07,True,0,correct,3,True,10,15,1.5
bifurc,even_odd,_todd15,3,0.0,0,bd07,bd07,True,0,correct,3,True,10,15,1.5
bifurc,even_odd,_todd15,3,0.0,0,bd07,bd07,True,0,correct,3,True,10,15,1.5
bifurc,even_odd,_todd15,3,0.0,0,bd07,bd07,True,0,correct,3,True,10,15,1.5
bifurc,even_odd,_todd15,3,0.0,0,bd07,bd07,True,0,correct,3,True,10,15,1.5
bifurc,even_odd,_todd15,3,0.0,0,bd07,bd07,True,0,correct,3,True,10,15,1.5
bifurc,even_odd,_todd15,3,0.0,0,bd07,bd07,True,0,correct,3,True,10,15,1.5
bifurc,even_odd,_todd15,3,0.0,0,bd07,bd07,True,0,correct,3,True,10,15,1.5
bifurc,even_odd,_todd15,3,0.0,0,bd07,bd07,True,0,correct,3,True,10,15,1.5
bifurc,even_odd,_todd15,3,0.0,0,bd07,bd07,True,0,correct,3,True,10,15,1.5
bifurc,even_odd,_todd15,3,0.0,0,bd07,bd07,True,0,correct,3,True,10,15,1.5
bifurc,even_odd,_todd15,3,0.0,0,bd07,bd07,True,0,correct,3,True,10,15,1.5
bifurc,even_odd,_todd15,3,0.0,0,bd07,bd07,True,0,correct,3,True,10,15,1.5
bifurc,even_odd,_todd15,3,0.0,0,bd07,bd07,True,0,correct,3,True,10,15,1.5
bifurc,even_odd,_todd15,3,0.0,0,bd07,bd07,True,0,correct,3,True,10,15,1.5
bifurc,even_odd,_todd15,3,0.0,0,bd07,bd07,True,0,correct,3,True,10,15,1.5
bifurc,even_odd,_todd15,3,0.0,0,bd07,bd07,True,0,correct,3,True,10,15,1.5
bifurc,even_odd,_todd15,3,0.0,0,bd07,bd07,True,0,correct,3,True,10,15,1.5
bifurc,even_odd,_todd15,3,0.0,0,bd07,bd07,True,0,correct,3,True,10,15,1.5
bifurc,even_odd,_todd15,3,0.0,0,bd07,bd07,True,0,correct,3,True,10,15,1.5
bifurc,even_odd,_todd15,3,0.0,0,bd07,bd07,True,0,correct,3,True,10,15,1.5
bifurc,even_odd,_todd15,3,0.0,0,bd07,bd07,True,0,correct,3,True,10,15,1.5
bifurc,even_odd,_todd15,0,0.2,2,fce2,fca6,True,11,correct,0,True,10,15,1.5
bifurc,even_odd,_todd15,0,0.2,1,fc26,fca6,True,16,correct,0,True,10,15,1.5
bifurc,even_odd,_todd15,0,0.2,4,70e6,fca6,True,41,correct,0,True,10,15,1.5
bifurc,even_odd,_todd15,0,0.2,5,dfe4,58a4,True,41,spurious,-1,False,10,15,1.5
bifurc,even_odd,_todd15,0,0.2,5,dd34,58a4,True,51,spurious,-1,False,10,15,1.5
bifurc,even_odd,_todd15,0,0.2,0,fca6,fca6,True,0,correct,0,True,10,15,1.5
bifurc,even_odd,_todd15,0,0.2,1,f8a6,fca6,True,11,correct,0,True,10,15,1.5
bifurc,even_odd,_todd15,0,0.2,1,fc26,fca6,True,16,correct,0,True,10,15,1.5
bifurc,even_odd,_todd15,0,0.2,4,64a4,58a4,True,41,spurious,-1,False,10,15,1.5
bifurc,even_odd,_todd15,0,0.2,3,74b6,fca6,True,26,correct,0,True,10,15,1.5
bifurc,even_odd,_todd15,0,0.2,3,9ea6,fca6,True,21,correct,0,True,10,15,1.5
bifurc,even_odd,_todd15,0,0.2,6,1686,2b4,True,86,spurious,-1,False,10,15,1.5
bifurc,even_odd,_todd15,0,0.2,3,fc16,bd07,True,11,wrong_pattern,3,False,10,15,1.5
bifurc,even_odd,_todd15,0,0.2,2,fc36,fca6,True,16,correct,0,True,10,15,1.5
bifurc,even_odd,_todd15,0,0.2,1,fca4,fca6,True,16,correct,0,True,10,15,1.5
bifurc,even_odd,_todd15,0,0.2,2,fcb4,fca6,True,16,correct,0,True,10,15,1.5
bifurc,even_odd,_todd15,0,0.2,5,5086,58a4,True,16,spurious,-1,False,10,15,1.5
bifurc,even_odd,_todd15,0,0.2,4,dde4,58a4,True,41,spurious,-1,False,10,15,1.5
bifurc,even_odd,_todd15,0,0.2,3,f8b4,fca6,True,41,correct,0,True,10,15,1.5
bifurc,even_odd,_todd15,0,0.2,4,748e,fca6,True,16,correct,0,True,10,15,1.5
bifurc,even_odd,_todd15,0,0.2,4,b9a4,fca6,True,41,correct,0,True,10,15,1.5
bifurc,even_odd,_todd15,0,0.2,4,7cc2,fca6,True,36,correct,0,True,10,15,1.5
bifurc,even_odd,_todd15,0,0.2,0,fca6,fca6,True,0,correct,0,True,10,15,1.5
bifurc,even_odd,_todd15,0,0.2,3,fcb3,fca6,True,11,correct,0,True,10,15,1.5
bifurc,even_odd,_todd15,0,0.2,2,f5a6,fca6,True,16,correct,0,True,10,15,1.5
bifurc,even_odd,_todd15,0,0.2,3,f6e6,fca6,True,41,correct,0,True,10,15,1.5
bifurc,even_odd,_todd15,0,0.2,1,fea6,fca6,True,16,correct,0,True,10,15,1.5
bifurc,even_odd,_todd15,0,0.2,3,6da6,fca6,True,16,correct,0,True,10,15,1.5
bifurc,even_odd,_todd15,0,0.2,3,dcb4,58a4,True,41,spurious,-1,False,10,15,1.5
bifurc,even_odd,_todd15,0,0.2,2,fc36,fca6,True,16,correct,0,True,10,15,1.5
bifurc,even_odd,_todd15,0,0.2,0,fca6,fca6,True,0,correct,0,True,10,15,1.5
bifurc,even_odd,_todd15,0,0.2,4,b4b2,fca6,True,46,correct,0,True,10,15,1.5
bifurc,even_odd,_todd15,0,0.2,5,2cf6,fca6,True,46,correct,0,True,10,15,1.5
bifurc,even_odd,_todd15,0,0.2,5,e804,fca6,True,41,correct,0,True,10,15,1.5
bifurc,even_odd,_todd15,0,0.2,6,bccb,fca6,True,56,correct,0,True,10,15,1.5
bifurc,even_odd,_todd15,0,0.2,2,bcae,fca6,True,16,correct,0,True,10,15,1.5
bifurc,even_odd,_todd15,0,0.2,2,ecb6,fca6,True,11,correct,0,True,10,15,1.5
bifurc,even_odd,_todd15,0,0.2,5,b485,fca6,True,91,correct,0,True,10,15,1.5
bifurc,even_odd,_todd15,0,0.2,3,7da2,fca6,True,16,correct,0,True,10,15,1.5
bifurc,even_odd,_todd15,0,0.2,5,7dbf,fca6,True,26,correct,0,True,10,15,1.5
bifurc,even_odd,_todd15,0,0.2,4,baa4,fca6,True,41,correct,0,True,10,15,1.5
bifurc,even_odd,_todd15,0,0.2,5,efa5,fca6,True,36,correct,0,True,10,15,1.5
bifurc,even_odd,_todd15,0,0.2,4,e827,fca6,True,41,correct,0,True,10,15,1.5
bifurc,even_odd,_todd15,0,0.2,1,7ca6,fca6,True,16,correct,0,True,10,15,1.5
bifurc,even_odd,_todd15,0,0.2,7,b845,bd07,True,41,wrong_pattern,3,False,10,15,1.5
bifurc,even_odd,_todd15,0,0.2,4,ffbe,fca6,True,16,correct,0,True,10,15,1.5
bifurc,even_odd,_todd15,0,0.2,5,7d83,bd07,True,21,wrong_pattern,3,False,10,15,1.5
bifurc,even_odd,_todd15,0,0.2,3,d8a4,58a4,True,16,spurious,-1,False,10,15,1.5
bifurc,even_odd,_todd15,0,0.2,3,fc04,fca6,True,41,correct,0,True,10,15,1.5
bifurc,even_odd,_todd15,0,0.2,2,7ea6,fca6,True,16,correct,0,True,10,15,1.5
bifurc,even_odd,_todd15,0,0.2,4,14a6,58a4,True,41,spurious,-1,False,10,15,1.5
bifurc,even_odd,_todd15,0,0.2,5,7d9e,fca6,True,31,correct,0,True,10,15,1.5
bifurc,even_odd,_todd15,0,0.2,3,7de6,fca6,True,16,correct,0,True,10,15,1.5
bifurc,even_odd,_todd15,0,0.2,1,bca6,fca6,True,11,correct,0,True,10,15,1.5
bifurc,even_odd,_todd15,0,0.2,4,ffe7,fca6,True,26,correct,0,True,10,15,1.5
bifurc,even_odd,_todd15,0,0.2,5,7d32,fc67,False,1060,oscillated,-1,False,10,15,1.5
bifurc,even_odd,_todd15,0,0.2,1,fca4,fca6,True,16,correct,0,True,10,15,1.5
bifurc,even_odd,_todd15,0,0.2,1,fcb6,fca6,True,11,correct,0,True,10,15,1.5
bifurc,even_odd,_todd15,0,0.2,5,bc3f,fca6,True,56,correct,0,True,10,15,1.5
bifurc,even_odd,_todd15,0,0.2,1,fce6,fca6,True,11,correct,0,True,10,15,1.5
bifurc,even_odd,_todd15,0,0.2,4,dc46,fd4b,True,51,spurious,-1,False,10,15,1.5
bifurc,even_odd,_todd15,0,0.2,2,fe86,fca6,True,16,correct,0,True,10,15,1.5
bifurc,even_odd,_todd15,0,0.2,5,68e7,fca6,True,41,correct,0,True,10,15,1.5
bifurc,even_odd,_todd15,0,0.2,4,dcd6,fca6,True,16,correct,0,True,10,15,1.5
bifurc,even_odd,_todd15,0,0.2,6,9c60,58a4,True,51,spurious,-1,False,10,15,1.5
bifurc,even_odd,_todd15,0,0.2,3,f4b4,fca6,True,26,correct,0,True,10,15,1.5
bifurc,even_odd,_todd15,0,0.2,3,bda7,fca6,True,11,correct,0,True,10,15,1.5
bifurc,even_odd,_todd15,0,0.2,6,cd85,1905,True,41,spurious,-1,False,10,15,1.5
bifurc,even_odd,_todd15,0,0.2,4,dec6,fca6,True,16,correct,0,True,10,15,1.5
bifurc,even_odd,_todd15,0,0.2,4,ea26,fca6,True,16,correct,0,True,10,15,1.5
bifurc,even_odd,_todd15,0,0.2,7,70f3,fca6,True,41,correct,0,True,10,15,1.5
bifurc,even_odd,_todd15,0,0.2,3,bda7,fca6,True,11,correct,0,True,10,15,1.5
bifurc,even_odd,_todd15,0,0.2,1,bca6,fca6,True,11,correct,0,True,10,15,1.5
bifurc,even_odd,_todd15,0,0.2,2,eca2,fca6,True,11,correct,0,True,10,15,1.5
bifurc,even_odd,_todd15,0,0.2,2,dcae,fca6,True,16,correct,0,True,10,15,1.5
bifurc,even_odd,_todd15,0,0.2,3,3cb6,fca6,True,26,correct,0,True,10,15,1.5
bifurc,even_odd,_todd15,0,0.2,3,f926,fca6,True,41,correct,0,True,10,15,1.5
bifurc,even_odd,_todd15,0,0.2,1,7ca6,fca6,True,16,correct,0,True,10,15,1.5
bifurc,even_odd,_todd15,0,0.2,2,fce4,fca6,True,16,correct,0,True,10,15,1.5
bifurc,even_odd,_todd15,0,0.2,2,bcb6,fca6,True,11,correct,0,True,10,15,1.5
bifurc,even_odd,_todd15,1,0.2,2,5bb5,58a4,True,26,spurious,-1,False,10,15,1.5
bifurc,even_odd,_todd15,1,0.2,6,6b80,ab4,False,1060,oscillated,-1,False,10,15,1.5
bifurc,even_odd,_todd15,1,0.2,3,1fd1,395,True,26,spurious,-1,False,10,15,1.5
bifurc,even_odd,_todd15,1,0.2,3,1f35,1b95,True,16,correct,1,True,10,15,1.5
bifurc,even_odd,_todd15,1,0.2,0,1b95,1b95,True,0,correct,1,True,10,15,1.5
bifurc,even_odd,_todd15,1,0.2,4,5ac5,58a4,True,26,spurious,-1,False,10,15,1.5
bifurc,even_odd,_todd15,1,0.2,2,1bd4,2b4,True,26,spurious,-1,False,10,15,1.5
bifurc,even_odd,_todd15,1,0.2,1,b95,1b95,True,11,correct,1,True,10,15,1.5
bifurc,even_odd,_todd15,1,0.2,5,2b75,359,True,56,spurious,-1,False,10,15,1.5
bifurc,even_odd,_todd15,1,0.2,6,2881,58a4,True,61,spurious,-1,False,10,15,1.5
bifurc,even_odd,_todd15,1,0.2,3,1abd,2b4,True,26,spurious,-1,False,10,15,1.5
bifurc,even_odd,_todd15,1,0.2,1,1b97,1b95,True,16,correct,1,True,10,15,1.5
bifurc,even_odd,_todd15,1,0.2,1,b95,1b95,True,11,correct,1,True,10,15,1.5
bifurc,even_odd,_todd15,1,0.2,2,1994,58a4,True,31,spurious,-1,False,10,15,1.5
bifurc,even_odd,_todd15,1,0.2,2,3b15,1b95,True,16,correct,1,True,10,15,1.5
bifurc,even_odd,_todd15,1,0.2,5,7b1f,bd07,True,41,wrong_pattern,3,False,10,15,1.5
bifurc,even_odd,_todd15,1,0.2,6,93e7,a6b6,True,86,wrong_pattern,2,False,10,15,1.5
bifurc,even_odd,_todd15,1,0.2,6,8899,5949,True,86,spurious,-1,False,10,15,1.5
bifurc,even_odd,_todd15,1,0.2,2,1b55,395,True,26,spurious,-1,False,10,15,1.5
bifurc,even_odd,_todd15,1,0.2,3,b8d,395,True,36,spurious,-1,False,10,15,1.5
bifurc,even_odd,_todd15,1,0.2,2,139d,395,True,31,spurious,-1,False,10,15,1.5
bifurc,even_odd,_todd15,1,0.2,2,bb95,bf97,True,41,spurious,-1,False,10,15,1.5
bifurc,even_odd,_todd15,1,0.2,1,1a95,58a4,True,51,spurious,-1,False,10,15,1.5
bifurc,even_odd,_todd15,1,0.2,3,18d5,58a4,True,51,spurious,-1,False,10,15,1.5
bifurc,even_odd,_todd15,1,0.2,2,1915,1905,True,11,spurious,-1,False,10,15,1.5
bifurc,even_odd,_todd15,1,0.2,3,19b7,58a4,True,31,spurious,-1,False,10,15,1.5
bifurc,even_odd,_todd15,1,0.2,4,3a05,1b05,False,1060,oscillated,-1,False,10,15,1.5
bifurc,even_odd,_todd15,1,0.2,2,9bb5,58a4,True,46,spurious,-1,False,10,15,1.5
bifurc,even_odd,_todd15,1,0.2,5,1ead,58a4,True,21,spurious,-1,False,10,15,1.5
bifurc,even_odd,_todd15,1,0.2,4,1f80,58a4,True,46,spurious,-1,False,10,15,1.5
bifurc,even_odd,_todd15,1,0.2,3,399d,1905,True,31,spurious,-1,False,10,15,1.5
bifurc,even_odd,_todd15,1,0.2,6,1645,359,True,36,spurious,-1,False,10,15,1.5
bifurc,even_odd,_todd15,1,0.2,3,5b87,1905,True,26,spurious,-1,False,10,15,1.5
bifurc,even_odd,_todd15,1,0.2,5,1b29,1905,True,71,spurious,-1,False,10,15,1.5
bifurc,even_odd,_todd15,1,0.2,3,1be5,58a4,True,36,spurious,-1,False,10,15,1.5
bifurc,even_odd,_todd15,1,0.2,2,1e95,58a4,True,51,spurious,-1,False,10,15,1.5
bifurc,even_odd,_todd15,1,0.2,2,3b85,1b05,False,1060,oscillated,-1,False,10,15,1.5
bifurc,even_odd,_todd15,1,0.2,7,fed1,fca6,True,26,wrong_pattern,0,False,10,15,1.5
bifurc,even_odd,_todd15,1,0.2,3,7995,1905,True,26,spurious,-1,False,10,15,1.5
bifurc,even_odd,_todd15,1,0.2,3,1f1d,395,True,41,spurious,-1,False,10,15,1.5
bifurc,even_odd,_todd15,1,0.2,3,13c5,395,True,11,spurious,-1,False,10,15,1.5
bifurc,even_odd,_todd15,1,0.2,2,1915,1905,True,11,spurious,-1,False,10,15,1.5
bifurc,even_odd,_todd15,1,0.2,3,f97,1b95,True,86,correct,1,True,10,15,1.5
bifurc,even_odd,_todd15,1,0.2,2,1b8d,1b95,True,91,correct,1,True,10,15,1.5
bifurc,even_odd,_todd15,1,0.2,4,b391,a797,True,41,spurious,-1,False,10,15,1.5
bifurc,even_odd,_todd15,1,0.2,2,3bb5,58a4,True,46,spurious,-1,False,10,15,1.5
bifurc,even_odd,_todd15,1,0.2,3,9bb1,2b4,True,26,spurious,-1,False,10,15,1.5
bifurc,even_odd,_todd15,1,0.2,3,5f94,58a4,True,26,spurious,-1,False,10,15,1.5
bifurc,even_odd,_todd15,1,0.2,3,4bd5,1b95,True,11,correct,1,True,10,15,1.5
bifurc,even_odd,_todd15,1,0.2,1,1b9d,395,True,31,spurious,-1,False,10,15,1.5
bifurc,even_odd,_todd15,1,0.2,4,179c,2b4,True,26,spurious,-1,False,10,15,1.5
bifurc,even_odd,_todd15,1,0.2,3,1215,395,True,36,spurious,-1,False,10,15,1.5
bifurc,even_odd,_todd15,1,0.2,2,1b81,1b95,True,11,correct,1,True,10,15,1.5
bifurc,even_odd,_todd15,1,0.2,5,d305,1905,True,26,spurious,-1,False,10,15,1.5
bifurc,even_odd,_todd15,1,0.2,4,1214,2b4,True,61,spurious,-1,False,10,15,1.5
bifurc,even_odd,_todd15,1,0.2,1,1b97,1b95,True,16,correct,1,True,10,15,1.5
bifurc,even_odd,_todd15,1,0.2,5,3b50,359,True,41,spurious,-1,False,10,15,1.5
bifurc,even_odd,_todd15,1,0.2,5,717,395,True,41,spurious,-1,False,10,15,1.5
bifurc,even_odd,_todd15,1,0.2,4,396,2b4,True,26,spurious,-1,False,10,15,1.5
bifurc,even_odd,_todd15,1,0.2,1,1395,395,True,11,spurious,-1,False,10,15,1.5
bifurc,even_odd,_todd15,1,0.2,4,5194,58a4,True,41,spurious,-1,False,10,15,1.5
bifurc,even_odd,_todd15,1,0.2,3,1291,2b4,True,26,spurious,-1,False,10,15,1.5
bifurc,even_odd,_todd15,1,0.2,3,1bad,58a4,True,36,spurious,-1,False,10,15,1.5
bifurc,even_odd,_todd15,1,0.2,5,cbf5,ab4,False,1060,oscillated,-1,False,10,15,1.5
bifurc,even_odd,_todd15,1,0.2,6,17b8,42f8,True,31,spurious,-1,False,10,15,1.5
bifurc,even_odd,_todd15,1,0.2,2,1bc5,1b95,True,11,correct,1,True,10,15,1.5
bifurc,even_odd,_todd15,1,0.2,4,1097,2b4,True,36,spurious,-1,False,10,15,1.5
bifurc,even_odd,_todd15,1,0.2,6,3982,fca6,True,51,wrong_pattern,0,False,10,15,1.5
bifurc,even_odd,_todd15,1,0.2,4,3797,a797,True,36,spurious,-1,False,10,15,1.5
bifurc,even_odd,_todd15,1,0.2,2,1b96,58a4,True,51,spurious,-1,False,10,15,1.5
bifurc,even_odd,_todd15,1,0.2,4,1b18,359,True,31,spurious,-1,False,10,15,1.5
bifurc,even_odd,_todd15,1,0.2,2,1195,395,True,36,spurious,-1,False,10,15,1.5
bifurc,even_odd,_todd15,1,0.2,3,9b5,58a4,True,71,spurious,-1,False,10,15,1.5
bifurc,even_odd,_todd15,1,0.2,5,22b5,2b4,True,16,spurious,-1,False,10,15,1.5
bifurc,even_odd,_todd15,1,0.2,3,19b1,58a4,True,11,spurious,-1,False,10,15,1.5
bifurc,even_odd,_todd15,1,0.2,6,7a98,58a4,True,26,spurious,-1,False,10,15,1.5
bifurc,even_odd,_todd15,1,0.2,1,1b97,1b95,True,16,correct,1,True,10,15,1.5
bifurc,even_odd,_todd15,1,0.2,4,1a07,1b05,False,1060,oscillated,-1,False,10,15,1.5
bifurc,even_odd,_todd15,1,0.2,3,3a15,1b95,True,16,correct,1,True,10,15,1.5
bifurc,even_odd,_todd15,1,0.2,5,8b5d,359,True,16,spurious,-1,False,10,15,1.5
bifurc,even_odd,_todd15,2,0.2,4,96f7,a6b6,True,16,correct,2,True,10,15,1.5
bifurc,even_odd,_todd15,2,0.2,3,b6a4,a6b6,True,36,correct,2,True,10,15,1.5
bifurc,even_odd,_todd15,2,0.2,4,c7b2,a6b6,True,31,correct,2,True,10,15,1.5
bifurc,even_odd,_todd15,2,0.2,2,a63e,e6fa,True,31,spurious,-1,False,10,15,1.5
bifurc,even_odd,_todd15,2,0.2,5,a4ce,e6fa,True,31,spurious,-1,False,10,15,1.5
bifurc,even_odd,_todd15,2,0.2,2,a6fe,e6fa,True,31,spurious,-1,False,10,15,1.5
bifurc,even_odd,_todd15,2,0.2,5,379e,a6b6,True,26,correct,2,True,10,15,1.5
bifurc,even_odd,_todd15,2,0.2,5,e41e,a75b,True,36,spurious,-1,False,10,15,1.5
bifurc,even_odd,_todd15,2,0.2,3,a432,e6fa,True,26,spurious,-1,False,10,15,1.5
bifurc,even_odd,_todd15,2,0.2,2,24b6,a6b6,True,41,correct,2,True,10,15,1.5
bifurc,even_odd,_todd15,2,0.2,2,a69e,a6b6,True,16,correct,2,True,10,15,1.5
bifurc,even_odd,_todd15,2,0.2,5,f23e,fca6,True,66,wrong_pattern,0,False,10,15,1.5
bifurc,even_odd,_todd15,2,0.2,7,6f84,58a4,True,41,spurious,-1,False,10,15,1.5
bifurc,even_odd,_todd15,2,0.2,1,e6b6,a6b6,True,11,correct,2,True,10,15,1.5
bifurc,even_odd,_todd15,2,0.2,4,aa97,aeb6,False,1060,oscillated,-1,False,10,15,1.5
bifurc,even_odd,_todd15,2,0.2,2,a3b6,a6b6,True,11,correct,2,True,10,15,1.5
bifurc,even_odd,_todd15,2,0.2,3,afb4,aeb6,False,1060,oscillated,-1,False,10,15,1.5
bifurc,even_odd,_todd15,2,0.2,5,96af,a6b6,True,46,correct,2,True,10,15,1.5
bifurc,even_odd,_todd15,2,0.2,3,a635,a6b6,True,41,correct,2,True,10,15,1.5
bifurc,even_odd,_todd15,2,0.2,6,ac1f,a75b,True,86,spurious,-1,False,10,15,1.5
bifurc,even_odd,_todd15,2,0.2,4,84b0,2b4,True,41,spurious,-1,False,10,15,1.5
bifurc,even_odd,_todd15,2,0.2,3,a732,a677,False,1060,oscillated,-1,False,10,15,1.5
bifurc,even_odd,_todd15,2,0.2,5,86a1,2b4,True,41,spurious,-1,False,10,15,1.5
bifurc,even_odd,_todd15,2,0.2,9,8b00,359,True,41,spurious,-1,False,10,15,1.5
bifurc,even_odd,_todd15,2,0.2,1,a6b7,a6b6,True,11,correct,2,True,10,15,1.5
bifurc,even_odd,_todd15,2,0.2,1,a6be,a6b6,True,16,correct,2,True,10,15,1.5
bifurc,even_odd,_todd15,2,0.2,5,276,42f8,True,46,spurious,-1,False,10,15,1.5
bifurc,even_odd,_todd15,2,0.2,2,26b4,2b4,True,41,spurious,-1,False,10,15,1.5
bifurc,even_odd,_todd15,2,0.2,2,a694,a6b6,True,16,correct,2,True,10,15,1.5
bifurc,even_odd,_todd15,2,0.2,5,624,2b4,True,16,spurious,-1,False,10,15,1.5
bifurc,even_odd,_todd15,2,0.2,5,6fb7,aeb6,False,1060,oscillated,-1,False,10,15,1.5
bifurc,even_odd,_todd15,2,0.2,5,3232,e6fa,True,66,spurious,-1,False,10,15,1.5
bifurc,even_odd,_todd15,2,0.2,1,a6be,a6b6,True,16,correct,2,True,10,15,1.5
bifurc,even_odd,_todd15,2,0.2,1,aeb6,aeb6,False,1060,oscillated,-1,False,10,15,1.5
bifurc,even_odd,_todd15,2,0.2,3,34b6,fca6,True,46,wrong_pattern,0,False,10,15,1.5
bifurc,even_odd,_todd15,2,0.2,3,27f6,a6b6,True,16,correct,2,True,10,15,1.5
bifurc,even_odd,_todd15,2,0.2,3,26f2,a6b6,True,31,correct,2,True,10,15,1.5
bifurc,even_odd,_todd15,2,0.2,3,b6e6,a6b6,True,36,correct,2,True,10,15,1.5
bifurc,even_odd,_todd15,2,0.2,3,a6d4,a6b6,True,16,correct,2,True,10,15,1.5
bifurc,even_odd,_todd15,2,0.2,1,a6b2,a6b6,True,11,correct,2,True,10,15,1.5
bifurc,even_odd,_todd15,2,0.2,2,a69e,a6b6,True,16,correct,2,True,10,15,1.5
bifurc,even_odd,_todd15,2,0.2,3,87a6,a6b6,True,16,correct,2,True,10,15,1.5
bifurc,even_odd,_todd15,2,0.2,1,a6be,a6b6,True,16,correct,2,True,10,15,1.5
bifurc,even_odd,_todd15,2,0.2,0,a6b6,a6b6,True,0,correct,2,True,10,15,1.5
bifurc,even_odd,_todd15,2,0.2,4,b0f6,fca6,True,46,wrong_pattern,0,False,10,15,1.5
bifurc,even_odd,_todd15,2,0.2,7,94df,a75b,True,71,spurious,-1,False,10,15,1.5
bifurc,even_odd,_todd15,2,0.2,2,a6b0,a6b6,True,16,correct,2,True,10,15,1.5
bifurc,even_odd,_todd15,2,0.2,5,6635,359,True,66,spurious,-1,False,10,15,1.5
bifurc,even_odd,_todd15,2,0.2,3,36b2,a6b6,True,21,correct,2,True,10,15,1.5
bifurc,even_odd,_todd15,2,0.2,5,e433,a75b,True,46,spurious,-1,False,10,15,1.5
bifurc,even_odd,_todd15,2,0.2,3,a6b8,e6fa,True,31,spurious,-1,False,10,15,1.5
bifurc,even_odd,_todd15,2,0.2,7,c70e,a75b,True,26,spurious,-1,False,10,15,1.5
bifurc,even_odd,_todd15,2,0.2,3,a6e4,a6b6,True,21,correct,2,True,10,15,1.5
bifurc,even_odd,_todd15,2,0.2,1,a4b6,a6b6,True,41,correct,2,True,10,15,1.5
bifurc,even_odd,_todd15,2,0.2,3,a6f5,a6b6,True,16,correct,2,True,10,15,1.5
bifurc,even_odd,_todd15,2,0.2,2,26be,a6b6,True,16,correct,2,True,10,15,1.5
bifurc,even_odd,_todd15,2,0.2,3,a6e7,a6b6,True,11,correct,2,True,10,15,1.5
bifurc,even_odd,_todd15,2,0.2,2,aef6,a6b6,True,26,correct,2,True,10,15,1.5
bifurc,even_odd,_todd15,2,0.2,3,b2a6,a6b6,True,36,correct,2,True,10,15,1.5
bifurc,even_odd,_todd15,2,0.2,3,c6b7,a6b6,True,16,correct,2,True,10,15,1.5
bifurc,even_odd,_todd15,2,0.2,4,2486,fca6,True,36,wrong_pattern,0,False,10,15,1.5
bifurc,even_odd,_todd15,2,0.2,2,86b2,a6b6,True,16,correct,2,True,10,15,1.5
bifurc,even_odd,_todd15,2,0.2,4,ecf6,fca6,True,11,wrong_pattern,0,False,10,15,1.5
bifurc,even_odd,_todd15,2,0.2,1,a6f6,a6b6,True,11,correct,2,True,10,15,1.5
bifurc,even_odd,_todd15,2,0.2,4,9ea6,fca6,True,21,wrong_pattern,0,False,10,15,1.5
bifurc,even_odd,_todd15,2,0.2,4,a0f2,a6b6,True,66,correct,2,True,10,15,1.5
bifurc,even_odd,_todd15,2,0.2,4,33b6,a6b6,True,86,correct,2,True,10,15,1.5
bifurc,even_odd,_todd15,2,0.2,6,9282,a6b6,True,86,correct,2,True,10,15,1.5
bifurc,even_odd,_todd15,2,0.2,4,e2a4,fca6,True,41,wrong_pattern,0,False,10,15,1.5
bifurc,even_odd,_todd15,2,0.2,2,86a6,a6b6,True,21,correct,2,True,10,15,1.5
bifurc,even_odd,_todd15,2,0.2,3,2ef6,a6b6,True,26,correct,2,True,10,15,1.5
bifurc,even_odd,_todd15,2,0.2,2,aebe,a6b6,True,26,correct,2,True,10,15,1.5
bifurc,even_odd,_todd15,2,0.2,4,2ee6,fca6,True,46,wrong_pattern,0,False,10,15,1.5
bifurc,even_odd,_todd15,2,0.2,2,87b6,a6b6,True,16,correct,2,True,10,15,1.5
bifurc,even_odd,_todd15,2,0.2,5,25ba,e6fa,True,31,spurious,-1,False,10,15,1.5
bifurc,even_odd,_todd15,2,0.2,2,86a6,a6b6,True,21,correct,2,True,10,15,1.5
bifurc,even_odd,_todd15,2,0.2,4,bab2,a6b6,True,26,correct,2,True,10,15,1.5
bifurc,even_odd,_todd15,2,0.2,4,a7f5,a6b6,True,26,correct,2,True,10,15,1.5
bifurc,even_odd,_todd15,2,0.2,4,e624,e6fa,True,36,spurious,-1,False,10,15,1.5
bifurc,even_odd,_todd15,2,0.2,4,60b6,fca6,True,41,wrong_pattern,0,False,10,15,1.5
bifurc,even_odd,_todd15,3,0.2,3,dd03,bd07,True,31,correct,3,True,10,15,1.5
bifurc,even_odd,_todd15,3,0.2,3,fd04,bd07,True,26,correct,3,True,10,15,1.5
bifurc,even_odd,_todd15,3,0.2,3,9d45,1905,True,41,spurious,-1,False,10,15,1.5
bifurc,even_odd,_todd15,3,0.2,7,88f,58a4,True,51,spurious,-1,False,10,15,1.5
bifurc,even_odd,_todd15,3,0.2,2,fd0f,fd4b,True,31,spurious,-1,False,10,15,1.5
bifurc,even_odd,_todd15,3,0.2,6,1845,1905,True,21,spurious,-1,False,10,15,1.5
bifurc,even_odd,_todd15,3,0.2,6,8963,fd4b,True,86,spurious,-1,False,10,15,1.5
bifurc,even_odd,_todd15,3,0.2,2,b587,bf97,True,31,spurious,-1,False,10,15,1.5
bifurc,even_odd,_todd15,3,0.2,2,ad06,bd07,True,11,correct,3,True,10,15,1.5
bifurc,even_odd,_todd15,3,0.2,3,390f,bd07,True,41,correct,3,True,10,15,1.5
bifurc,even_odd,_todd15,3,0.2,1,bd47,bd07,True,11,correct,3,True,10,15,1.5
bifurc,even_odd,_todd15,3,0.2,3,f517,bd07,True,26,correct,3,True,10,15,1.5
bifurc,even_odd,_todd15,3,0.2,3,ad85,bf97,True,31,spurious,-1,False,10,15,1.5
bifurc,even_odd,_todd15,3,0.2,5,cd1f,fd4b,True,36,spurious,-1,False,10,15,1.5
bifurc,even_odd,_todd15,3,0.2,2,b503,a75b,True,36,spurious,-1,False,10,15,1.5
bifurc,even_odd,_todd15,3,0.2,3,bc26,fca6,True,16,wrong_pattern,0,False,10,15,1.5
bifurc,even_odd,_todd15,3,0.2,2,a907,bd07,True,11,correct,3,True,10,15,1.5
bifurc,even_odd,_todd15,3,0.2,4,9d55,1905,True,86,spurious,-1,False,10,15,1.5
bifurc,even_odd,_todd15,3,0.2,3,ad86,fca6,True,71,wrong_pattern,0,False,10,15,1.5
bifurc,even_odd,_todd15,3,0.2,3,f547,fd4b,True,66,spurious,-1,False,10,15,1.5
bifurc,even_odd,_todd15,3,0.2,2,b503,a75b,True,36,spurious,-1,False,10,15,1.5
bifurc,even_odd,_todd15,3,0.2,4,bf2d,bf97,True,66,spurious,-1,False,10,15,1.5
bifurc,even_odd,_todd15,3,0.2,2,bc05,bd07,True,16,correct,3,True,10,15,1.5
bifurc,even_odd,_todd15,3,0.2,6,fccd,fd8a,False,1060,oscillated,-1,False,10,15,1.5
bifurc,even_odd,_todd15,3,0.2,4,e506,a75b,True,96,spurious,-1,False,10,15,1.5
bifurc,even_odd,_todd15,3,0.2,4,9d12,bd07,True,36,correct,3,True,10,15,1.5
bifurc,even_odd,_todd15,3,0.2,2,fd05,bd07,True,16,correct,3,True,10,15,1.5
bifurc,even_odd,_todd15,3,0.2,3,1d17,1905,True,86,spurious,-1,False,10,15,1.5
bifurc,even_odd,_todd15,3,0.2,5,1b47,1b05,False,1060,oscillated,-1,False,10,15,1.5
bifurc,even_odd,_todd15,3,0.2,3,be87,fca6,True,41,wrong_pattern,0,False,10,15,1.5
bifurc,even_odd,_todd15,3,0.2,5,f113,a75b,True,36,spurious,-1,False,10,15,1.5
bifurc,even_odd,_todd15,3,0.2,5,b34f,a75b,True,11,spurious,-1,False,10,15,1.5
bifurc,even_odd,_todd15,3,0.2,1,b507,bd07,True,16,correct,3,True,10,15,1.5
bifurc,even_odd,_todd15,3,0.2,5,e901,bd07,True,51,correct,3,True,10,15,1.5
bifurc,even_odd,_todd15,3,0.2,2,9d03,bd07,True,16,correct,3,True,10,15,1.5
bifurc,even_odd,_todd15,3,0.2,4,ff45,bd07,True,31,correct,3,True,10,15,1.5
bifurc,even_odd,_todd15,3,0.2,3,b50b,a75b,True,46,spurious,-1,False,10,15,1.5
bifurc,even_odd,_todd15,3,0.2,4,b536,fca6,True,86,wrong_pattern,0,False,10,15,1.5
bifurc,even_odd,_todd15,3,0.2,1,bd17,bd07,True,11,correct,3,True,10,15,1.5
bifurc,even_odd,_todd15,3,0.2,5,3596,a6b6,True,36,wrong_pattern,2,False,10,15,1.5
bifurc,even_odd,_todd15,3,0.2,3,ba07,bf07,False,1060,oscillated,-1,False,10,15,1.5
bifurc,even_odd,_todd15,3,0.2,4,a847,fd4b,True,71,spurious,-1,False,10,15,1.5
bifurc,even_odd,_todd15,3,0.2,2,b547,a75b,True,36,spurious,-1,False,10,15,1.5
bifurc,even_odd,_todd15,3,0.2,2,9d03,bd07,True,16,correct,3,True,10,15,1.5
bifurc,even_odd,_todd15,3,0.2,2,b107,bd07,True,16,correct,3,True,10,15,1.5
bifurc,even_odd,_todd15,3,0.2,3,bc97,fca6,True,31,wrong_pattern,0,False,10,15,1.5
bifurc,even_odd,_todd15,3,0.2,4,b44f,f54b,False,1060,oscillated,-1,False,10,15,1.5
bifurc,even_odd,_todd15,3,0.2,6,f7a3,a6b6,True,11,wrong_pattern,2,False,10,15,1.5
bifurc,even_odd,_todd15,3,0.2,3,9587,bf97,True,31,spurious,-1,False,10,15,1.5
bifurc,even_odd,_todd15,3,0.2,3,ad67,fd4b,True,71,spurious,-1,False,10,15,1.5
bifurc,even_odd,_todd15,3,0.2,4,be0b,fd4b,True,56,spurious,-1,False,10,15,1.5
bifurc,even_odd,_todd15,3,0.2,4,7c06,fca6,True,41,wrong_pattern,0,False,10,15,1.5
bifurc,even_odd,_todd15,3,0.2,2,bd15,bd07,True,36,correct,3,True,10,15,1.5
bifurc,even_odd,_todd15,3,0.2,2,a507,bf97,True,31,spurious,-1,False,10,15,1.5
bifurc,even_odd,_todd15,3,0.2,3,b406,fca6,True,41,wrong_pattern,0,False,10,15,1.5
bifurc,even_odd,_todd15,3,0.2,3,b805,bd07,True,41,correct,3,True,10,15,1.5
bifurc,even_odd,_todd15,3,0.2,4,b047,a75b,True,36,spurious,-1,False,10,15,1.5
bifurc,even_odd,_todd15,3,0.2,5,b91c,bd07,True,86,correct,3,True,10,15,1.5
bifurc,even_odd,_todd15,3,0.2,3,3517,bf97,True,36,spurious,-1,False,10,15,1.5
bifurc,even_odd,_todd15,3,0.2,2,bd57,bd07,True,11,correct,3,True,10,15,1.5
bifurc,even_odd,_todd15,3,0.2,1,bc07,bd07,True,11,correct,3,True,10,15,1.5
bifurc,even_odd,_todd15,3,0.2,4,bd52,bd07,True,51,correct,3,True,10,15,1.5
bifurc,even_odd,_todd15,3,0.2,4,1903,1905,True,16,spurious,-1,False,10,15,1.5
bifurc,even_odd,_todd15,3,0.2,2,bd0e,bd07,True,26,correct,3,True,10,15,1.5
bifurc,even_odd,_todd15,3,0.2,3,b567,a75b,True,36,spurious,-1,False,10,15,1.5
bifurc,even_odd,_todd15,3,0.2,4,1da7,58a4,True,51,spurious,-1,False,10,15,1.5
bifurc,even_odd,_todd15,3,0.2,3,f707,bd07,True,26,correct,3,True,10,15,1.5
bifurc,even_odd,_todd15,3,0.2,2,b707,a797,True,86,spurious,-1,False,10,15,1.5
bifurc,even_odd,_todd15,3,0.2,5,9de6,fca6,True,26,wrong_pattern,0,False,10,15,1.5
bifurc,even_odd,_todd15,3,0.2,1,3d07,bd07,True,16,correct,3,True,10,15,1.5
bifurc,even_odd,_todd15,3,0.2,7,6c0c,5949,True,86,spurious,-1,False,10,15,1.5
bifurc,even_odd,_todd15,3,0.2,4,e707,a75b,True,36,spurious,-1,False,10,15,1.5
bifurc,even_odd,_todd15,3,0.2,3,3d16,bd07,True,36,correct,3,True,10,15,1.5
bifurc,even_odd,_todd15,3,0.2,3,bd24,fca6,True,41,wrong_pattern,0,False,10,15,1.5
bifurc,even_odd,_todd15,3,0.2,4,3c16,fca6,True,66,wrong_pattern,0,False,10,15,1.5
bifurc,even_odd,_todd15,3,0.2,3,bdb7,fca6,True,31,wrong_pattern,0,False,10,15,1.5
bifurc,even_odd,_todd15,3,0.2,1,b907,bd07,True,11,correct,3,True,10,15,1.5
bifurc,even_odd,_todd15,3,0.2,0,bd07,bd07,True,0,correct,3,True,10,15,1.5
bifurc,even_odd,_todd15,3,0.2,3,9c05,1905,True,41,spurious,-1,False,10,15,1.5
bifurc,even_odd,_todd15,3,0.2,3,3d8f,bd07,True,26,correct,3,True,10,15,1.5
bifurc,even_odd,_todd15,0,0.4,4,dc34,58a4,True,41,spurious,-1,False,10,15,1.5
bifurc,even_odd,_todd15,0,0.4,6,ca87,fca6,True,41,correct,0,True,10,15,1.5
bifurc,even_odd,_todd15,0,0.4,5,7af6,fca6,True,41,correct,0,True,10,15,1.5
bifurc,even_odd,_todd15,0,0.4,3,fc37,fca6,True,51,correct,0,True,10,15,1.5
bifurc,even_odd,_todd15,0,0.4,4,d4aa,fca6,True,26,correct,0,True,10,15,1.5
bifurc,even_odd,_todd15,0,0.4,6,5d8c,58a4,True,56,spurious,-1,False,10,15,1.5
bifurc,even_odd,_todd15,0,0.4,5,b807,bd07,True,11,wrong_pattern,3,False,10,15,1.5
bifurc,even_odd,_todd15,0,0.4,9,b21f,a75b,True,11,spurious,-1,False,10,15,1.5
bifurc,even_odd,_todd15,0,0.4,5,6d82,fca6,True,46,correct,0,True,10,15,1.5
bifurc,even_odd,_todd15,0,0.4,7,b8cb,fca6,True,56,correct,0,True,10,15,1.5
bifurc,even_odd,_todd15,0,0.4,6,6e64,58a4,True,41,spurious,-1,False,10,15,1.5
bifurc,even_odd,_todd15,0,0.4,5,de8f,fca6,True,26,correct,0,True,10,15,1.5
bifurc,even_odd,_todd15,0,0.4,5,d52e,fd4b,True,51,spurious,-1,False,10,15,1.5
bifurc,even_odd,_todd15,0,0.4,8,6af3,fca6,True,66,correct,0,True,10,15,1.5
bifurc,even_odd,_todd15,0,0.4,6,9ce8,58a4,True,41,spurious,-1,False,10,15,1.5
bifurc,even_odd,_todd15,0,0.4,7,a481,a6b6,True,46,wrong_pattern,2,False,10,15,1.5
bifurc,even_odd,_todd15,0,0.4,7,ccda,fc6a,True,61,spurious,-1,False,10,15,1.5
bifurc,even_odd,_todd15,0,0.4,6,703e,fca6,True,41,correct,0,True,10,15,1.5
bifurc,even_odd,_todd15,0,0.4,5,df66,fc23,False,1060,oscillated,-1,False,10,15,1.5
bifurc,even_odd,_todd15,0,0.4,9,4693,2b4,True,41,spurious,-1,False,10,15,1.5
bifurc,even_odd,_todd15,0,0.4,8,1f25,1b05,False,1060,oscillated,-1,False,10,15,1.5
bifurc,even_odd,_todd15,0,0.4,8,7b2b,fd4b,True,41,spurious,-1,False,10,15,1.5
bifurc,even_odd,_todd15,0,0.4,6,64e3,fc6a,True,16,spurious,-1,False,10,15,1.5
bifurc,even_odd,_todd15,0,0.4,3,bc8e,fca6,True,26,correct,0,True,10,15,1.5
bifurc,even_odd,_todd15,0,0.4,4,f527,bd07,True,26,wrong_pattern,3,False,10,15,1.5
bifurc,even_odd,_todd15,0,0.4,2,fca5,fca6,True,16,correct,0,True,10,15,1.5
bifurc,even_odd,_todd15,0,0.4,5,b984,fca6,True,51,correct,0,True,10,15,1.5
bifurc,even_odd,_todd15,0,0.4,9,c730,359,True,66,spurious,-1,False,10,15,1.5
bifurc,even_odd,_todd15,0,0.4,6,98e5,58a4,True,26,spurious,-1,False,10,15,1.5
bifurc,even_odd,_todd15,0,0.4,8,754c,5949,True,41,spurious,-1,False,10,15,1.5
bifurc,even_odd,_todd15,0,0.4,5,b825,fca6,True,41,correct,0,True,10,15,1.5
bifurc,even_odd,_todd15,0,0.4,7,a1e7,a6b6,True,51,wrong_pattern,2,False,10,15,1.5
bifurc,even_odd,_todd15,0,0.4,7,958a,a75b,True,71,spurious,-1,False,10,15,1.5
bifurc,even_odd,_todd15,0,0.4,9,307c,4068,True,86,spurious,-1,False,10,15,1.5
bifurc,even_odd,_todd15,0,0.4,4,d0a7,fca6,True,41,correct,0,True,10,15,1.5
bifurc,even_odd,_todd15,0,0.4,4,fe2c,fca6,True,41,correct,0,True,10,15,1.5
bifurc,even_odd,_todd15,0,0.4,5,ff16,bd07,True,26,wrong_pattern,3,False,10,15,1.5
bifurc,even_odd,_todd15,0,0.4,7,8ee,58a4,True,46,spurious,-1,False,10,15,1.5
bifurc,even_odd,_todd15,0,0.4,7,6c89,59cc,False,1060,oscillated,-1,False,10,15,1.5
bifurc,even_odd,_todd15,0,0.4,8,9a03,bf07,False,1060,oscillated,-1,False,10,15,1.5
bifurc,even_odd,_todd15,0,0.4,7,a828,fc6a,True,86,spurious,-1,False,10,15,1.5
bifurc,even_odd,_todd15,0,0.4,6,f44c,fd4b,True,26,spurious,-1,False,10,15,1.5
bifurc,even_odd,_todd15,0,0.4,6,5db0,58a4,True,11,spurious,-1,False,10,15,1.5
bifurc,even_odd,_todd15,0,0.4,7,1d94,58a4,True,31,spurious,-1,False,10,15,1.5
bifurc,even_odd,_todd15,0,0.4,6,a587,bf97,True,31,spurious,-1,False,10,15,1.5
bifurc,even_odd,_todd15,0,0.4,11,4231,359,True,56,spurious,-1,False,10,15,1.5
bifurc,even_odd,_todd15,0,0.4,5,8cb2,fca6,True,46,correct,0,True,10,15,1.5
bifurc,even_odd,_todd15,0,0.4,6,ef67,af17,False,1060,oscillated,-1,False,10,15,1.5
bifurc,even_odd,_todd15,0,0.4,6,bdcf,bd07,True,26,wrong_pattern,3,False,10,15,1.5
bifurc,even_odd,_todd15,0,0.4,5,d4a8,58a4,True,41,spurious,-1,False,10,15,1.5
bifurc,even_odd,_todd15,0,0.4,5,dee5,58a4,True,41,spurious,-1,False,10,15,1.5
bifurc,even_odd,_todd15,0,0.4,6,2d66,fd4b,True,31,spurious,-1,False,10,15,1.5
bifurc,even_odd,_todd15,0,0.4,7,3d88,58a4,True,66,spurious,-1,False,10,15,1.5
bifurc,even_odd,_todd15,0,0.4,9,4f12,b15,False,1060,oscillated,-1,False,10,15,1.5
bifurc,even_odd,_todd15,0,0.4,5,fb22,fc67,False,1060,oscillated,-1,False,10,15,1.5
bifurc,even_odd,_todd15,0,0.4,7,f1d7,bf97,True,36,spurious,-1,False,10,15,1.5
bifurc,even_odd,_todd15,0,0.4,6,de2b,fd4b,True,46,spurious,-1,False,10,15,1.5
bifurc,even_odd,_todd15,0,0.4,5,78c7,fca6,True,51,correct,0,True,10,15,1.5
bifurc,even_odd,_todd15,0,0.4,7,6aa8,58a4,True,36,spurious,-1,False,10,15,1.5
bifurc,even_odd,_todd15,0,0.4,7,72ab,fca6,True,66,correct,0,True,10,15,1.5
bifurc,even_odd,_todd15,0,0.4,6,d28e,fca6,True,41,correct,0,True,10,15,1.5
bifurc,even_odd,_todd15,0,0.4,5,9c34,58a4,True,41,spurious,-1,False,10,15,1.5
bifurc,even_odd,_todd15,0,0.4,9,e05c,a75b,True,71,spurious,-1,False,10,15,1.5
bifurc,even_odd,_todd15,0,0.4,7,d542,fd4b,True,16,spurious,-1,False,10,15,1.5
bifurc,even_odd,_todd15,0,0.4,6,5dea,5868,True,41,spurious,-1,False,10,15,1.5
bifurc,even_odd,_todd15,0,0.4,7,f2cc,a6b6,True,71,wrong_pattern,2,False,10,15,1.5
bifurc,even_odd,_todd15,0,0.4,8,80f4,2b4,True,41,spurious,-1,False,10,15,1.5
bifurc,even_odd,_todd15,0,0.4,8,95c5,395,True,86,spurious,-1,False,10,15,1.5
bifurc,even_odd,_todd15,0,0.4,7,b3b7,a6b6,True,11,wrong_pattern,2,False,10,15,1.5
bifurc,even_odd,_todd15,0,0.4,5,d726,fca6,True,51,correct,0,True,10,15,1.5
bifurc,even_odd,_todd15,0,0.4,8,d7f0,2b4,True,71,spurious,-1,False,10,15,1.5
bifurc,even_odd,_todd15,0,0.4,11,3079,359,True,41,spurious,-1,False,10,15,1.5
bifurc,even_odd,_todd15,0,0.4,6,3fa3,fca6,True,36,correct,0,True,10,15,1.5
bifurc,even_odd,_todd15,0,0.4,9,33ce,e6fa,True,76,spurious,-1,False,10,15,1.5
bifurc,even_odd,_todd15,0,0.4,7,5c4c,5949,True,11,spurious,-1,False,10,15,1.5
bifurc,even_odd,_todd15,0,0.4,4,d1a6,fca6,True,41,correct,0,True,10,15,1.5
bifurc,even_odd,_todd15,0,0.4,6,94ec,50e8,False,1060,oscillated,-1,False,10,15,1.5
bifurc,even_odd,_todd15,0,0.4,6,b59e,a6b6,True,61,wrong_pattern,2,False,10,15,1.5
bifurc,even_odd,_todd15,0,0.4,8,799d,1905,True,16,spurious,-1,False,10,15,1.5
bifurc,even_odd,_todd15,0,0.4,6,6ce8,5868,True,86,spurious,-1,False,10,15,1.5
bifurc,even_odd,_todd15,1,0.4,9,b152,a75b,True,26,spurious,-1,False,10,15,1.5
bifurc,even_odd,_todd15,1,0.4,7,4b4f,359,True,46,spurious,-1,False,10,15,1.5
bifurc,even_odd,_todd15,1,0.4,7,83fc,2b4,True,26,spurious,-1,False,10,15,1.5
bifurc,even_odd,_todd15,1,0.4,9,fef9,e46a,True,31,spurious,-1,False,10,15,1.5
bifurc,even_odd,_todd15,1,0.4,7,adb4,fca6,True,46,wrong_pattern,0,False,10,15,1.5
bifurc,even_odd,_todd15,1,0.4,5,3980,58a4,True,46,spurious,-1,False,10,15,1.5
bifurc,even_odd,_todd15,1,0.4,7,29e4,58a4,True,31,spurious,-1,False,10,15,1.5
bifurc,even_odd,_todd15,1,0.4,7,ddcd,1905,True,66,spurious,-1,False,10,15,1.5
bifurc,even_odd,_todd15,1,0.4,7,8854,ab4,False,1060,oscillated,-1,False,10,15,1.5
bifurc,even_odd,_todd15,1,0.4,7,3d00,1905,True,41,spurious,-1,False,10,15,1.5
bifurc,even_odd,_todd15,1,0.4,7,5d4d,5949,True,11,spurious,-1,False,10,15,1.5
bifurc,even_odd,_todd15,1,0.4,5,9389,359,True,41,spurious,-1,False,10,15,1.5
bifurc,even_odd,_todd15,1,0.4,8,36bb,e6fa,True,31,spurious,-1,False,10,15,1.5
bifurc,even_odd,_todd15,1,0.4,10,22fa,e6fa,True,41,spurious,-1,False,10,15,1.5
bifurc,even_odd,_todd15,1,0.4,5,1c1d,1905,True,36,spurious,-1,False,10,15,1.5
bifurc,even_odd,_todd15,1,0.4,10,f51e,a75b,True,56,spurious,-1,False,10,15,1.5
bifurc,even_odd,_todd15,1,0.4,9,2d20,5949,True,41,spurious,-1,False,10,15,1.5
bifurc,even_odd,_todd15,1,0.4,5,d19d,395,True,36,spurious,-1,False,10,15,1.5
bifurc,even_odd,_todd15,1,0.4,4,5db5,58a4,True,26,spurious,-1,False,10,15,1.5
bifurc,even_odd,_todd15,1,0.4,9,8677,a732,False,1060,oscillated,-1,False,10,15,1.5
bifurc,even_odd,_todd15,1,0.4,5,5814,1905,True,11,spurious,-1,False,10,15,1.5
bifurc,even_odd,_todd15,1,0.4,6,1cd6,58a4,True,41,spurious,-1,False,10,15,1.5
bifurc,even_odd,_todd15,1,0.4,5,d2d5,2b4,True,36,spurious,-1,False,10,15,1.5
bifurc,even_odd,_todd15,1,0.4,5,18df,58a4,True,66,spurious,-1,False,10,15,1.5
bifurc,even_odd,_todd15,1,0.4,9,356d,5149,False,1060,oscillated,-1,False,10,15,1.5
bifurc,even_odd,_todd15,1,0.4,7,528b,359,True,96,spurious,-1,False,10,15,1.5
bifurc,even_odd,_todd15,1,0.4,8,d979,5949,True,16,spurious,-1,False,10,15,1.5
bifurc,even_odd,_todd15,1,0.4,6,5d57,1905,True,51,spurious,-1,False,10,15,1.5
bifurc,even_odd,_todd15,1,0.4,4,3b13,a797,True,41,spurious,-1,False,10,15,1.5
bifurc,even_odd,_todd15,1,0.4,5,5591,1b95,True,36,correct,1,True,10,15,1.5
bifurc,even_odd,_todd15,1,0.4,9,a821,fd4b,True,41,spurious,-1,False,10,15,1.5
bifurc,even_odd,_todd15,1,0.4,5,b381,a797,True,86,spurious,-1,False,10,15,1.5
bifurc,even_odd,_todd15,1,0.4,2,b97,1b95,True,36,correct,1,True,10,15,1.5
bifurc,even_odd,_todd15,1,0.4,6,5b3b,359,True,96,spurious,-1,False,10,15,1.5
bifurc,even_odd,_todd15,1,0.4,5,3bd2,a6b6,True,51,wrong_pattern,2,False,10,15,1.5
bifurc,even_odd,_todd15,1,0.4,6,72c5,2b4,True,36,spurious,-1,False,10,15,1.5
bifurc,even_odd,_todd15,1,0.4,10,ee2d,a75b,True,61,spurious,-1,False,10,15,1.5
bifurc,even_odd,_todd15,1,0.4,9,eeb,42f8,True,41,spurious,-1,False,10,15,1.5
bifurc,even_odd,_todd15,1,0.4,4,da15,1905,True,26,spurious,-1,False,10,15,1.5
bifurc,even_odd,_todd15,1,0.4,2,1b05,1b05,False,1060,oscillated,-1,False,10,15,1.5
bifurc,even_odd,_todd15,1,0.4,10,b406,fca6,True,41,wrong_pattern,0,False,10,15,1.5
bifurc,even_odd,_todd15,1,0.4,6,bd84,fca6,True,46,wrong_pattern,0,False,10,15,1.5
bifurc,even_odd,_todd15,1,0.4,7,3a3b,e6fa,True,86,spurious,-1,False,10,15,1.5
bifurc,even_odd,_todd15,1,0.4,6,39fc,58a4,True,26,spurious,-1,False,10,15,1.5
bifurc,even_odd,_todd15,1,0.4,7,853,359,True,41,spurious,-1,False,10,15,1.5
bifurc,even_odd,_todd15,1,0.4,6,d714,1b95,True,41,correct,1,True,10,15,1.5
bifurc,even_odd,_todd15,1,0.4,7,7eb6,fca6,True,16,wrong_pattern,0,False,10,15,1.5
bifurc,even_odd,_todd15,1,0.4,7,22b0,2b4,True,16,spurious,-1,False,10,15,1.5
bifurc,even_odd,_todd15,1,0.4,5,5307,1905,True,26,spurious,-1,False,10,15,1.5
bifurc,even_odd,_todd15,1,0.4,6,bdbd,fca6,True,36,wrong_pattern,0,False,10,15,1.5
bifurc,even_odd,_todd15,1,0.4,6,a955,a75b,True,66,spurious,-1,False,10,15,1.5
bifurc,even_odd,_todd15,1,0.4,7,55bc,58a4,True,31,spurious,-1,False,10,15,1.5
bifurc,even_odd,_todd15,1,0.4,6,5751,359,True,46,spurious,-1,False,10,15,1.5
bifurc,even_odd,_todd15,1,0.4,8,784d,5949,True,16,spurious,-1,False,10,15,1.5
bifurc,even_odd,_todd15,1,0.4,6,fd2,2b4,True,51,spurious,-1,False,10,15,1.5
bifurc,even_odd,_todd15,1,0.4,4,939c,2b4,True,26,spurious,-1,False,10,15,1.5
bifurc,even_odd,_todd15,1,0.4,4,99b7,fca6,True,41,wrong_pattern,0,False,10,15,1.5
bifurc,even_odd,_todd15,1,0.4,7,f7bd,a6b6,True,36,wrong_pattern,2,False,10,15,1.5
bifurc,even_odd,_todd15,1,0.4,8,394b,fd4b,True,41,spurious,-1,False,10,15,1.5
bifurc,even_odd,_todd15,1,0.4,6,5fe7,58a4,True,41,spurious,-1,False,10,15,1.5
bifurc,even_odd,_todd15,1,0.4,8,8a2,58a4,True,46,spurious,-1,False,10,15,1.5
bifurc,even_odd,_todd15,1,0.4,7,f9d0,fca6,True,86,wrong_pattern,0,False,10,15,1.5
bifurc,even_odd,_todd15,1,0.4,5,d2b5,2b4,True,36,spurious,-1,False,10,15,1.5
bifurc,even_odd,_todd15,1,0.4,4,381,395,True,11,spurious,-1,False,10,15,1.5
bifurc,even_odd,_todd15,1,0.4,4,b195,a797,True,86,spurious,-1,False,10,15,1.5
bifurc,even_odd,_todd15,1,0.4,8,c5f,359,True,41,spurious,-1,False,10,15,1.5
bifurc,even_odd,_todd15,1,0.4,5,211,359,True,46,spurious,-1,False,10,15,1.5
bifurc,even_odd,_todd15,1,0.4,11,6c40,5949,True,41,spurious,-1,False,10,15,1.5
bifurc,even_odd,_todd15,1,0.4,5,ac1,58a4,True,86,spurious,-1,False,10,15,1.5
bifurc,even_odd,_todd15,1,0.4,4,3a11,395,True,16,spurious,-1,False,10,15,1.5
bifurc,even_odd,_todd15,1,0.4,4,8b55,359,True,26,spurious,-1,False,10,15,1.5
bifurc,even_odd,_todd15,1,0.4,5,7f17,bd07,True,26,wrong_pattern,3,False,10,15,1.5
bifurc,even_odd,_todd15,1,0.4,9,69f2,fca6,True,51,wrong_pattern,0,False,10,15,1.5
bifurc,even_odd,_todd15,1,0.4,6,9fed,58a4,True,71,spurious,-1,False,10,15,1.5
bifurc,even_odd,_todd15,1,0.4,4,4b11,b15,False,1060,oscillated,-1,False,10,15,1.5
bifurc,even_odd,_todd15,1,0.4,7,e31d,a75b,True,41,spurious,-1,False,10,15,1.5
bifurc,even_odd,_todd15,1,0.4,7,a916,bd07,True,11,wrong_pattern,3,False,10,15,1.5
bifurc,even_odd,_todd15,1,0.4,6,1865,1905,True,41,spurious,-1,False,10,15,1.5
bifurc,even_odd,_todd15,1,0.4,6,29b0,58a4,True,46,spurious,-1,False,10,15,1.5
bifurc,even_odd,_todd15,1,0.4,6,5c05,1905,True,11,spurious,-1,False,10,15,1.5
bifurc,even_odd,_todd15,2,0.4,5,b3b3,a6b6,True,11,correct,2,True,10,15,1.5
bifurc,even_odd,_todd15,2,0.4,5,eab0,fca6,True,66,wrong_pattern,0,False,10,15,1.5
bifurc,even_odd,_todd15,2,0.4,7,bcfb,fca6,True,36,wrong_pattern,0,False,10,15,1.5
bifurc,even_odd,_todd15,2,0.4,6,6cbc,58a4,True,41,spurious,-1,False,10,15,1.5
bifurc,even_odd,_todd15,2,0.4,6,23ff,a6b6,True,51,correct,2,True,10,15,1.5
bifurc,even_odd,_todd15,2,0.4,9,459d,359,True,26,spurious,-1,False,10,15,1.5
bifurc,even_odd,_todd15,2,0.4,9,8a51,359,True,16,spurious,-1,False,10,15,1.5
bifurc,even_odd,_todd15,2,0.4,5,ae8a,fca6,True,46,wrong_pattern,0,False,10,15,1.5
bifurc,even_odd,_todd15,2,0.4,5,b7e4,a6b6,True,36,correct,2,True,10,15,1.5
bifurc,even_odd,_todd15,2,0.4,3,86b3,a6b6,True,16,correct,2,True,10,15,1.5
bifurc,even_odd,_todd15,2,0.4,7,af,42f8,True,31,spurious,-1,False,10,15,1.5
bifurc,even_odd,_todd15,2,0.4,9,f289,a75b,True,96,spurious,-1,False,10,15,1.5
bifurc,even_odd,_todd15,2,0.4,7,b3ad,a6b6,True,86,correct,2,True,10,15,1.5
bifurc,even_odd,_todd15,2,0.4,7,f2d5,a6b6,True,86,correct,2,True,10,15,1.5
bifurc,even_odd,_todd15,2,0.4,8,e1d3,a75b,True,26,spurious,-1,False,10,15,1.5
bifurc,even_odd,_todd15,2,0.4,4,e2a4,fca6,True,41,wrong_pattern,0,False,10,15,1.5
bifurc,even_odd,_todd15,2,0.4,7,57a7,58a4,True,51,spurious,-1,False,10,15,1.5
bifurc,even_odd,_todd15,2,0.4,7,7836,fca6,True,41,wrong_pattern,0,False,10,15,1.5
bifurc,even_odd,_todd15,2,0.4,7,8b8e,a6b6,True,51,correct,2,True,10,15,1.5
bifurc,even_odd,_todd15,2,0.4,5,a074,e6fa,True,41,spurious,-1,False,10,15,1.5
bifurc,even_odd,_todd15,2,0.4,4,e617,a75b,True,26,spurious,-1,False,10,15,1.5
bifurc,even_odd,_todd15,2,0.4,8,1e73,2b4,True,76,spurious,-1,False,10,15,1.5
bifurc,even_odd,_todd15,2,0.4,8,e183,fd4b,True,91,spurious,-1,False,10,15,1.5
bifurc,even_odd,_todd15,2,0.4,3,7b6,2b4,True,41,spurious,-1,False,10,15,1.5
bifurc,even_odd,_todd15,2,0.4,6,c136,fd4b,True,66,spurious,-1,False,10,15,1.5
bifurc,even_odd,_todd15,2,0.4,4,c6d6,a6b6,True,31,correct,2,True,10,15,1.5
bifurc,even_odd,_todd15,2,0.4,2,26a6,a6b6,True,21,correct,2,True,10,15,1.5
bifurc,even_odd,_todd15,2,0.4,11,d100,5949,True,66,spurious,-1,False,10,15,1.5
bifurc,even_odd,_todd15,2,0.4,8,d4ea,e46a,True,36,spurious,-1,False,10,15,1.5
bifurc,even_odd,_todd15,2,0.4,6,680,2b4,True,16,spurious,-1,False,10,15,1.5
bifurc,even_odd,_todd15,2,0.4,7,4a1,58a4,True,46,spurious,-1,False,10,15,1.5
bifurc,even_odd,_todd15,2,0.4,5,af17,bf97,True,36,spurious,-1,False,10,15,1.5
bifurc,even_odd,_todd15,2,0.4,2,a6f7,a6b6,True,11,correct,2,True,10,15,1.5
bifurc,even_odd,_todd15,2,0.4,6,9214,2b4,True,61,spurious,-1,False,10,15,1.5
bifurc,even_odd,_todd15,2,0.4,6,e783,a75b,True,31,spurious,-1,False,10,15,1.5
bifurc,even_odd,_todd15,2,0.4,10,1b7f,359,True,31,spurious,-1,False,10,15,1.5
bifurc,even_odd,_todd15,2,0.4,6,bf22,fca6,True,56,wrong_pattern,0,False,10,15,1.5
bifurc,even_odd,_todd15,2,0.4,5,769e,a6b6,True,36,correct,2,True,10,15,1.5
bifurc,even_odd,_todd15,2,0.4,12,5c89,59cc,False,1060,oscillated,-1,False,10,15,1.5
bifurc,even_odd,_todd15,2,0.4,8,29c6,fca6,True,71,wrong_pattern,0,False,10,15,1.5
bifurc,even_odd,_todd15,2,0.4,7,4c16,58a4,True,66,spurious,-1,False,10,15,1.5
bifurc,even_odd,_todd15,2,0.4,4,a2bd,a6b6,True,41,correct,2,True,10,15,1.5
bifurc,even_odd,_todd15,2,0.4,8,83db,a75b,True,41,spurious,-1,False,10,15,1.5
bifurc,even_odd,_todd15,2,0.4,3,a734,a6b6,True,41,correct,2,True,10,15,1.5
bifurc,even_odd,_todd15,2,0.4,9,897c,5949,True,36,spurious,-1,False,10,15,1.5
bifurc,even_odd,_todd15,2,0.4,9,4ff8,42f8,True,16,spurious,-1,False,10,15,1.5
bifurc,even_odd,_todd15,2,0.4,8,9156,a75b,True,41,spurious,-1,False,10,15,1.5
bifurc,even_odd,_todd15,2,0.4,4,a79c,a6b6,True,26,correct,2,True,10,15,1.5
bifurc,even_odd,_todd15,2,0.4,7,4ed2,58a4,True,66,spurious,-1,False,10,15,1.5
bifurc,even_odd,_todd15,2,0.4,2,b4b6,fca6,True,46,wrong_pattern,0,False,10,15,1.5
bifurc,even_odd,_todd15,2,0.4,7,a305,a797,True,41,spurious,-1,False,10,15,1.5
bifurc,even_odd,_todd15,2,0.4,5,a642,a75b,True,26,spurious,-1,False,10,15,1.5
bifurc,even_odd,_todd15,2,0.4,5,a517,a797,True,31,spurious,-1,False,10,15,1.5
bifurc,even_odd,_todd15,2,0.4,7,34ab,f4ea,False,1060,oscillated,-1,False,10,15,1.5
bifurc,even_odd,_todd15,2,0.4,6,8093,a6b6,True,51,correct,2,True,10,15,1.5
bifurc,even_odd,_todd15,2,0.4,7,31bc,2b4,True,61,spurious,-1,False,10,15,1.5
bifurc,even_odd,_todd15,2,0.4,7,60b1,2b4,True,56,spurious,-1,False,10,15,1.5
bifurc,even_odd,_todd15,2,0.4,10,5b3c,1905,True,66,spurious,-1,False,10,15,1.5
bifurc,even_odd,_todd15,2,0.4,5,656,359,True,86,spurious,-1,False,10,15,1.5
bifurc,even_odd,_todd15,2,0.4,5,f36,ab4,False,1060,oscillated,-1,False,10,15,1.5
bifurc,even_odd,_todd15,2,0.4,4,e297,a6b6,True,26,correct,2,True,10,15,1.5
bifurc,even_odd,_todd15,2,0.4,6,ac1a,fd4b,True,11,spurious,-1,False,10,15,1.5
bifurc,even_odd,_todd15,2,0.4,3,97b6,a6b6,True,36,correct,2,True,10,15,1.5
bifurc,even_odd,_todd15,2,0.4,3,a624,a6b6,True,16,correct,2,True,10,15,1.5
bifurc,even_odd,_todd15,2,0.4,6,fc86,fca6,True,16,wrong_pattern,0,False,10,15,1.5
bifurc,even_odd,_todd15,2,0.4,7,ff5,2b4,True,26,spurious,-1,False,10,15,1.5
bifurc,even_odd,_todd15,2,0.4,4,2286,a6b6,True,41,correct,2,True,10,15,1.5
bifurc,even_odd,_todd15,2,0.4,5,b2d2,a6b6,True,31,correct,2,True,10,15,1.5
bifurc,even_odd,_todd15,2,0.4,7,28aa,fca6,True,71,wrong_pattern,0,False,10,15,1.5
bifurc,even_odd,_todd15,2,0.4,6,f4fa,e46a,True,86,spurious,-1,False,10,15,1.5
bifurc,even_odd,_todd15,2,0.4,7,a08d,a6b6,True,66,correct,2,True,10,15,1.5
bifurc,even_odd,_todd15,2,0.4,7,ebd7,bf97,True,11,spurious,-1,False,10,15,1.5
bifurc,even_odd,_todd15,2,0.4,7,9c3a,fca6,True,31,wrong_pattern,0,False,10,15,1.5
bifurc,even_odd,_todd15,2,0.4,4,64b7,fca6,True,31,wrong_pattern,0,False,10,15,1.5
bifurc,even_odd,_todd15,2,0.4,7,31f7,a6b6,True,86,correct,2,True,10,15,1.5
bifurc,even_odd,_todd15,2,0.4,7,76ef,fca6,True,66,wrong_pattern,0,False,10,15,1.5
bifurc,even_odd,_todd15,2,0.4,7,5f96,58a4,True,41,spurious,-1,False,10,15,1.5
bifurc,even_odd,_todd15,2,0.4,5,f5be,fca6,True,31,wrong_pattern,0,False,10,15,1.5
bifurc,even_odd,_todd15,2,0.4,7,3027,fca6,True,41,wrong_pattern,0,False,10,15,1.5
bifurc,even_odd,_todd15,2,0.4,8,4a27,58a4,True,51,spurious,-1,False,10,15,1.5
bifurc,even_odd,_todd15,3,0.4,7,f75e,a75b,True,31,spurious,-1,False,10,15,1.5
bifurc,even_odd,_todd15,3,0.4,5,f137,bd07,True,26,correct,3,True,10,15,1.5
bifurc,even_odd,_todd15,3,0.4,4,b183,a797,True,36,spurious,-1,False,10,15,1.5
bifurc,even_odd,_todd15,3,0.4,7,31e3,fca6,True,76,wrong_pattern,0,False,10,15,1.5
bifurc,even_odd,_todd15,3,0.4,6,39c4,58a4,True,46,spurious,-1,False,10,15,1.5
bifurc,even_odd,_todd15,3,0.4,5,8d63,fd4b,True,36,spurious,-1,False,10,15,1.5
bifurc,even_odd,_todd15,3,0.4,7,89ce,fd4b,True,86,spurious,-1,False,10,15,1.5
bifurc,even_odd,_todd15,3,0.4,6,9a46,fca6,True,41,wrong_pattern,0,False,10,15,1.5
bifurc,even_odd,_todd15,3,0.4,7,88b7,fca6,True,66,wrong_pattern,0,False,10,15,1.5
bifurc,even_odd,_todd15,3,0.4,7,344c,5149,False,1060,oscillated,-1,False,10,15,1.5
bifurc,even_odd,_todd15,3,0.4,6,9026,fca6,True,41,wrong_pattern,0,False,10,15,1.5
bifurc,even_odd,_todd15,3,0.4,7,7853,fd4b,True,41,spurious,-1,False,10,15,1.5
bifurc,even_odd,_todd15,3,0.4,8,c9cd,1905,True,46,spurious,-1,False,10,15,1.5
bifurc,even_odd,_todd15,3,0.4,7,7d48,5949,True,41,spurious,-1,False,10,15,1.5
bifurc,even_odd,_todd15,3,0.4,10,fbc,2b4,True,16,spurious,-1,False,10,15,1.5
bifurc,even_odd,_todd15,3,0.4,5,b133,a75b,True,36,spurious,-1,False,10,15,1.5
bifurc,even_odd,_todd15,3,0.4,7,b7e1,a6b6,True,61,wrong_pattern,2,False,10,15,1.5
bifurc,even_odd,_todd15,3,0.4,5,f785,bf17,False,1060,oscillated,-1,False,10,15,1.5
bifurc,even_odd,_todd15,3,0.4,5,9b86,fca6,True,41,wrong_pattern,0,False,10,15,1.5
bifurc,even_odd,_todd15,3,0.4,6,ac9d,fca6,True,71,wrong_pattern,0,False,10,15,1.5
bifurc,even_odd,_todd15,3,0.4,5,dd2b,fd4b,True,16,spurious,-1,False,10,15,1.5
bifurc,even_odd,_todd15,3,0.4,7,a014,a6b6,True,41,wrong_pattern,2,False,10,15,1.5
bifurc,even_odd,_todd15,3,0.4,8,80cf,a75b,True,51,spurious,-1,False,10,15,1.5
bifurc,even_odd,_todd15,3,0.4,9,1dfc,58a4,True,26,spurious,-1,False,10,15,1.5
bifurc,even_odd,_todd15,3,0.4,6,fd69,fd4b,True,16,spurious,-1,False,10,15,1.5
bifurc,even_odd,_todd15,3,0.4,8,e96c,fd4b,True,41,spurious,-1,False,10,15,1.5
bifurc,even_odd,_todd15,3,0.4,9,29e9,5868,True,36,spurious,-1,False,10,15,1.5
bifurc,even_odd,_todd15,3,0.4,6,945,5949,True,71,spurious,-1,False,10,15,1.5
bifurc,even_odd,_todd15,3,0.4,2,bd15,bd07,True,36,correct,3,True,10,15,1.5
bifurc,even_odd,_todd15,3,0.4,7,f1a1,fca6,True,51,wrong_pattern,0,False,10,15,1.5
bifurc,even_odd,_todd15,3,0.4,4,7c17,bd07,True,26,correct,3,True,10,15,1.5
bifurc,even_odd,_todd15,3,0.4,10,c6e6,e6fa,True,46,spurious,-1,False,10,15,1.5
bifurc,even_odd,_todd15,3,0.4,6,f8af,fca6,True,16,wrong_pattern,0,False,10,15,1.5
bifurc,even_odd,_todd15,3,0.4,5,7597,bf97,True,21,spurious,-1,False,10,15,1.5
bifurc,even_odd,_todd15,3,0.4,5,d127,bd07,True,41,correct,3,True,10,15,1.5
bifurc,even_odd,_todd15,3,0.4,7,551d,359,True,36,spurious,-1,False,10,15,1.5
bifurc,even_odd,_todd15,3,0.4,8,35fb,a75b,True,66,spurious,-1,False,10,15,1.5
bifurc,even_odd,_todd15,3,0.4,7,d08,5949,True,11,spurious,-1,False,10,15,1.5
bifurc,even_odd,_todd15,3,0.4,7,71e7,fca6,True,51,wrong_pattern,0,False,10,15,1.5
bifurc,even_odd,_todd15,3,0.4,4,bea7,fca6,True,21,wrong_pattern,0,False,10,15,1.5
bifurc,even_odd,_todd15,3,0.4,7,5723,359,True,71,spurious,-1,False,10,15,1.5
bifurc,even_odd,_todd15,3,0.4,8,c52,5949,True,86,spurious,-1,False,10,15,1.5
bifurc,even_odd,_todd15,3,0.4,7,957d,359,True,41,spurious,-1,False,10,15,1.5
bifurc,even_odd,_todd15,3,0.4,8,196c,5949,True,31,spurious,-1,False,10,15,1.5
bifurc,even_odd,_todd15,3,0.4,10,e374,a75b,True,66,spurious,-1,False,10,15,1.5
bifurc,even_odd,_todd15,3,0.4,5,e90e,fd4b,True,31,spurious,-1,False,10,15,1.5
bifurc,even_odd,_todd15,3,0.4,3,a50f,a75b,True,26,spurious,-1,False,10,15,1.5
bifurc,even_odd,_todd15,3,0.4,7,e896,fca6,True,31,wrong_pattern,0,False,10,15,1.5
bifurc,even_odd,_todd15,3,0.4,8,5f61,5949,True,16,spurious,-1,False,10,15,1.5
bifurc,even_odd,_todd15,3,0.4,7,90e7,fca6,True,41,wrong_pattern,0,False,10,15,1.5
bifurc,even_odd,_todd15,3,0.4,4,a705,a797,True,26,spurious,-1,False,10,15,1.5
bifurc,even_odd,_todd15,3,0.4,4,b577,a75b,True,36,spurious,-1,False,10,15,1.5
bifurc,even_odd,_todd15,3,0.4,9,5044,5949,True,51,spurious,-1,False,10,15,1.5
bifurc,even_odd,_todd15,3,0.4,6,d816,fca6,True,66,wrong_pattern,0,False,10,15,1.5
bifurc,even_odd,_todd15,3,0.4,7,aea1,fca6,True,46,wrong_pattern,0,False,10,15,1.5
bifurc,even_odd,_todd15,3,0.4,10,4129,5949,True,26,spurious,-1,False,10,15,1.5
bifurc,even_odd,_todd15,3,0.4,5,8cc7,fca6,True,61,wrong_pattern,0,False,10,15,1.5
bifurc,even_odd,_todd15,3,0.4,6,852b,a75b,True,16,spurious,-1,False,10,15,1.5
bifurc,even_odd,_todd15,3,0.4,11,4e9,42f8,True,26,spurious,-1,False,10,15,1.5
bifurc,even_odd,_todd15,3,0.4,6,ec0c,fd4b,True,36,spurious,-1,False,10,15,1.5
bifurc,even_odd,_todd15,3,0.4,9,542a,5868,True,41,spurious,-1,False,10,15,1.5
bifurc,even_odd,_todd15,3,0.4,5,bcbf,fca6,True,26,wrong_pattern,0,False,10,15,1.5
bifurc,even_odd,_todd15,3,0.4,9,c1e3,fd4b,True,41,spurious,-1,False,10,15,1.5
bifurc,even_odd,_todd15,3,0.4,4,af46,a75b,True,41,spurious,-1,False,10,15,1.5
bifurc,even_odd,_todd15,3,0.4,6,a742,a75b,True,16,spurious,-1,False,10,15,1.5
bifurc,even_odd,_todd15,3,0.4,6,38c5,58a4,True,46,spurious,-1,False,10,15,1.5
bifurc,even_odd,_todd15,3,0.4,9,8362,a75b,True,41,spurious,-1,False,10,15,1.5
bifurc,even_odd,_todd15,3,0.4,4,ed23,bd07,True,56,correct,3,True,10,15,1.5
bifurc,even_odd,_todd15,3,0.4,5,d986,fca6,True,41,wrong_pattern,0,False,10,15,1.5
bifurc,even_odd,_todd15,3,0.4,7,fcde,fca6,True,31,wrong_pattern,0,False,10,15,1.5
bifurc,even_odd,_todd15,3,0.4,7,b3b5,a6b6,True,86,wrong_pattern,2,False,10,15,1.5
bifurc,even_odd,_todd15,3,0.4,5,b934,fca6,True,51,wrong_pattern,0,False,10,15,1.5
bifurc,even_odd,_todd15,3,0.4,5,1583,395,True,86,spurious,-1,False,10,15,1.5
bifurc,even_odd,_todd15,3,0.4,4,ac2f,fd4b,True,26,spurious,-1,False,10,15,1.5
bifurc,even_odd,_todd15,3,0.4,6,dfa5,58a4,True,41,spurious,-1,False,10,15,1.5
bifurc,even_odd,_todd15,3,0.4,6,2f1e,a75b,True,36,spurious,-1,False,10,15,1.5
bifurc,even_odd,_todd15,3,0.4,7,d441,5949,True,41,spurious,-1,False,10,15,1.5
bifurc,even_odd,_todd15,3,0.4,8,a430,e6fa,True,26,spurious,-1,False,10,15,1.5
bifurc,even_odd,_todd15,3,0.4,3,9903,bd07,True,41,correct,3,True,10,15,1.5
bifurc,even_odd,_todd15,3,0.4,7,14af,58a4,True,66,spurious,-1,False,10,15,1.5
bifurc,even_odd,_todd16,2,0.375,6,1776,374,False,1124,oscillated,-1,False,10,16,1.6
bifurc,even_odd,_todd16,1,0.375,6,17de,3dc,False,1124,oscillated,-1,False,10,16,1.6
bifurc,even_odd,_todd16,2,0.4375,7,24dd,2dd,False,1124,oscillated,-1,False,10,16,1.6
bifurc,even_odd,_todd16,2,0.375,6,3774,374,False,1124,oscillated,-1,False,10,16,1.6
bifurc,even_odd,_todd16,1,0.375,6,37dc,3dc,False,1124,oscillated,-1,False,10,16,1.6
bifurc,even_odd,_todd16,0,0.375,6,448e,58a4,True,43,spurious,-1,False,10,16,1.6
bifurc,even_odd,_todd16,0,0.375,6,4d66,5964,False,1124,oscillated,-1,False,10,16,1.6
bifurc,even_odd,_todd16,0,0.3125,5,5d22,5920,False,1124,oscillated,-1,False,10,16,1.6
bifurc,even_odd,_todd16,0,0.375,6,5d8a,5988,False,1124,oscillated,-1,False,10,16,1.6
bifurc,even_odd,_todd16,0,0.375,6,648c,58a4,True,43,spurious,-1,False,10,16,1.6
bifurc,even_odd,_todd16,2,0.375,6,69b,299,False,1124,oscillated,-1,False,10,16,1.6
bifurc,even_odd,_todd16,1,0.375,6,6bd3,a75b,True,43,spurious,-1,False,10,16,1.6
bifurc,even_odd,_todd16,0,0.3125,5,7867,fc67,False,1124,oscillated,-1,False,10,16,1.6
bifurc,even_odd,_todd16,0,0.375,6,7b66,fd66,False,1124,oscillated,-1,False,10,16,1.6
bifurc,even_odd,_todd16,0,0.4375,7,7bce,fdce,False,1124,oscillated,-1,False,10,16,1.6
bifurc,even_odd,_todd16,0,0.3125,5,7d20,5920,False,1124,oscillated,-1,False,10,16,1.6
bifurc,even_odd,_todd16,0,0.375,6,7d88,5988,False,1124,oscillated,-1,False,10,16,1.6
bifurc,even_odd,_todd16,2,0.4375,7,84dd,2dd,False,1124,oscillated,-1,False,10,16,1.6
bifurc,even_odd,_todd16,2,0.375,6,8574,374,False,1124,oscillated,-1,False,10,16,1.6
bifurc,even_odd,_todd16,2,0.4375,7,85dc,3dc,False,1124,oscillated,-1,False,10,16,1.6
bifurc,even_odd,_todd16,1,0.3125,5,8bd3,a75b,True,43,spurious,-1,False,10,16,1.6
bifurc,even_odd,_todd16,2,0.375,6,a174,a776,False,1124,oscillated,-1,False,10,16,1.6
bifurc,even_odd,_todd16,2,0.375,6,a3dc,a7de,False,1124,oscillated,-1,False,10,16,1.6
bifurc,even_odd,_todd16,0,0.375,6,c1ae,fca6,True,43,correct,0,True,10,16,1.6
bifurc,even_odd,_todd16,0,0.375,6,c966,fd66,False,1124,oscillated,-1,False,10,16,1.6
bifurc,even_odd,_todd16,0,0.4375,7,c9ce,fdce,False,1124,oscillated,-1,False,10,16,1.6
bifurc,even_odd,_todd16,0,0.375,6,d8cf,fccf,False,1124,oscillated,-1,False,10,16,1.6
bifurc,even_odd,_todd16,0,0.4375,7,dacf,fccf,False,1124,oscillated,-1,False,10,16,1.6
bifurc,even_odd,_todd16,0,0.375,6,e1ac,fca6,True,43,correct,0,True,10,16,1.6
bifurc,even_odd,_todd16,0,0.375,6,e964,fd66,False,1124,oscillated,-1,False,10,16,1.6
bifurc,even_odd,_todd16,0,0.4375,7,e9cc,fdce,False,1124,oscillated,-1,False,10,16,1.6
bifurc,even_odd,_todd16,1,0.375,6,fde,3dc,False,1124,oscillated,-1,False,10,16,1.6
bifurc,even_odd,_todd16,0,0.0,0,fca6,fca6,True,0,correct,0,True,10,16,1.6
bifurc,even_odd,_todd16,0,0.0,0,fca6,fca6,True,0,correct,0,True,10,16,1.6
bifurc,even_odd,_todd16,0,0.0,0,fca6,fca6,True,0,correct,0,True,10,16,1.6
bifurc,even_odd,_todd16,0,0.0,0,fca6,fca6,True,0,correct,0,True,10,16,1.6
bifurc,even_odd,_todd16,0,0.0,0,fca6,fca6,True,0,correct,0,True,10,16,1.6
bifurc,even_odd,_todd16,0,0.0,0,fca6,fca6,True,0,correct,0,True,10,16,1.6
bifurc,even_odd,_todd16,0,0.0,0,fca6,fca6,True,0,correct,0,True,10,16,1.6
bifurc,even_odd,_todd16,0,0.0,0,fca6,fca6,True,0,correct,0,True,10,16,1.6
bifurc,even_odd,_todd16,0,0.0,0,fca6,fca6,True,0,correct,0,True,10,16,1.6
bifurc,even_odd,_todd16,0,0.0,0,fca6,fca6,True,0,correct,0,True,10,16,1.6
bifurc,even_odd,_todd16,0,0.0,0,fca6,fca6,True,0,correct,0,True,10,16,1.6
bifurc,even_odd,_todd16,0,0.0,0,fca6,fca6,True,0,correct,0,True,10,16,1.6
bifurc,even_odd,_todd16,0,0.0,0,fca6,fca6,True,0,correct,0,True,10,16,1.6
bifurc,even_odd,_todd16,0,0.0,0,fca6,fca6,True,0,correct,0,True,10,16,1.6
bifurc,even_odd,_todd16,0,0.0,0,fca6,fca6,True,0,correct,0,True,10,16,1.6
bifurc,even_odd,_todd16,0,0.0,0,fca6,fca6,True,0,correct,0,True,10,16,1.6
bifurc,even_odd,_todd16,0,0.0,0,fca6,fca6,True,0,correct,0,True,10,16,1.6
bifurc,even_odd,_todd16,0,0.0,0,fca6,fca6,True,0,correct,0,True,10,16,1.6
bifurc,even_odd,_todd16,0,0.0,0,fca6,fca6,True,0,correct,0,True,10,16,1.6
bifurc,even_odd,_todd16,0,0.0,0,fca6,fca6,True,0,correct,0,True,10,16,1.6
bifurc,even_odd,_todd16,0,0.0,0,fca6,fca6,True,0,correct,0,True,10,16,1.6
bifurc,even_odd,_todd16,0,0.0,0,fca6,fca6,True,0,correct,0,True,10,16,1.6
bifurc,even_odd,_todd16,0,0.0,0,fca6,fca6,True,0,correct,0,True,10,16,1.6
bifurc,even_odd,_todd16,0,0.0,0,fca6,fca6,True,0,correct,0,True,10,16,1.6
bifurc,even_odd,_todd16,0,0.0,0,fca6,fca6,True,0,correct,0,True,10,16,1.6
bifurc,even_odd,_todd16,0,0.0,0,fca6,fca6,True,0,correct,0,True,10,16,1.6
bifurc,even_odd,_todd16,0,0.0,0,fca6,fca6,True,0,correct,0,True,10,16,1.6
bifurc,even_odd,_todd16,0,0.0,0,fca6,fca6,True,0,correct,0,True,10,16,1.6
bifurc,even_odd,_todd16,0,0.0,0,fca6,fca6,True,0,correct,0,True,10,16,1.6
bifurc,even_odd,_todd16,0,0.0,0,fca6,fca6,True,0,correct,0,True,10,16,1.6
bifurc,even_odd,_todd16,0,0.0,0,fca6,fca6,True,0,correct,0,True,10,16,1.6
bifurc,even_odd,_todd16,0,0.0,0,fca6,fca6,True,0,correct,0,True,10,16,1.6
bifurc,even_odd,_todd16,0,0.0,0,fca6,fca6,True,0,correct,0,True,10,16,1.6
bifurc,even_odd,_todd16,0,0.0,0,fca6,fca6,True,0,correct,0,True,10,16,1.6
bifurc,even_odd,_todd16,0,0.0,0,fca6,fca6,True,0,correct,0,True,10,16,1.6
bifurc,even_odd,_todd16,0,0.0,0,fca6,fca6,True,0,correct,0,True,10,16,1.6
bifurc,even_odd,_todd16,0,0.0,0,fca6,fca6,True,0,correct,0,True,10,16,1.6
bifurc,even_odd,_todd16,0,0.0,0,fca6,fca6,True,0,correct,0,True,10,16,1.6
bifurc,even_odd,_todd16,0,0.0,0,fca6,fca6,True,0,correct,0,True,10,16,1.6
bifurc,even_odd,_todd16,0,0.0,0,fca6,fca6,True,0,correct,0,True,10,16,1.6
bifurc,even_odd,_todd16,0,0.0,0,fca6,fca6,True,0,correct,0,True,10,16,1.6
bifurc,even_odd,_todd16,0,0.0,0,fca6,fca6,True,0,correct,0,True,10,16,1.6
bifurc,even_odd,_todd16,0,0.0,0,fca6,fca6,True,0,correct,0,True,10,16,1.6
bifurc,even_odd,_todd16,0,0.0,0,fca6,fca6,True,0,correct,0,True,10,16,1.6
bifurc,even_odd,_todd16,0,0.0,0,fca6,fca6,True,0,correct,0,True,10,16,1.6
bifurc,even_odd,_todd16,0,0.0,0,fca6,fca6,True,0,correct,0,True,10,16,1.6
bifurc,even_odd,_todd16,0,0.0,0,fca6,fca6,True,0,correct,0,True,10,16,1.6
bifurc,even_odd,_todd16,0,0.0,0,fca6,fca6,True,0,correct,0,True,10,16,1.6
bifurc,even_odd,_todd16,0,0.0,0,fca6,fca6,True,0,correct,0,True,10,16,1.6
bifurc,even_odd,_todd16,0,0.0,0,fca6,fca6,True,0,correct,0,True,10,16,1.6
bifurc,even_odd,_todd16,0,0.0,0,fca6,fca6,True,0,correct,0,True,10,16,1.6
bifurc,even_odd,_todd16,0,0.0,0,fca6,fca6,True,0,correct,0,True,10,16,1.6
bifurc,even_odd,_todd16,0,0.0,0,fca6,fca6,True,0,correct,0,True,10,16,1.6
bifurc,even_odd,_todd16,0,0.0,0,fca6,fca6,True,0,correct,0,True,10,16,1.6
bifurc,even_odd,_todd16,0,0.0,0,fca6,fca6,True,0,correct,0,True,10,16,1.6
bifurc,even_odd,_todd16,0,0.0,0,fca6,fca6,True,0,correct,0,True,10,16,1.6
bifurc,even_odd,_todd16,0,0.0,0,fca6,fca6,True,0,correct,0,True,10,16,1.6
bifurc,even_odd,_todd16,0,0.0,0,fca6,fca6,True,0,correct,0,True,10,16,1.6
bifurc,even_odd,_todd16,0,0.0,0,fca6,fca6,True,0,correct,0,True,10,16,1.6
bifurc,even_odd,_todd16,0,0.0,0,fca6,fca6,True,0,correct,0,True,10,16,1.6
bifurc,even_odd,_todd16,0,0.0,0,fca6,fca6,True,0,correct,0,True,10,16,1.6
bifurc,even_odd,_todd16,0,0.0,0,fca6,fca6,True,0,correct,0,True,10,16,1.6
bifurc,even_odd,_todd16,0,0.0,0,fca6,fca6,True,0,correct,0,True,10,16,1.6
bifurc,even_odd,_todd16,0,0.0,0,fca6,fca6,True,0,correct,0,True,10,16,1.6
bifurc,even_odd,_todd16,0,0.0,0,fca6,fca6,True,0,correct,0,True,10,16,1.6
bifurc,even_odd,_todd16,0,0.0,0,fca6,fca6,True,0,correct,0,True,10,16,1.6
bifurc,even_odd,_todd16,0,0.0,0,fca6,fca6,True,0,correct,0,True,10,16,1.6
bifurc,even_odd,_todd16,0,0.0,0,fca6,fca6,True,0,correct,0,True,10,16,1.6
bifurc,even_odd,_todd16,0,0.0,0,fca6,fca6,True,0,correct,0,True,10,16,1.6
bifurc,even_odd,_todd16,0,0.0,0,fca6,fca6,True,0,correct,0,True,10,16,1.6
bifurc,even_odd,_todd16,0,0.0,0,fca6,fca6,True,0,correct,0,True,10,16,1.6
bifurc,even_odd,_todd16,0,0.0,0,fca6,fca6,True,0,correct,0,True,10,16,1.6
bifurc,even_odd,_todd16,0,0.0,0,fca6,fca6,True,0,correct,0,True,10,16,1.6
bifurc,even_odd,_todd16,0,0.0,0,fca6,fca6,True,0,correct,0,True,10,16,1.6
bifurc,even_odd,_todd16,0,0.0,0,fca6,fca6,True,0,correct,0,True,10,16,1.6
bifurc,even_odd,_todd16,0,0.0,0,fca6,fca6,True,0,correct,0,True,10,16,1.6
bifurc,even_odd,_todd16,0,0.0,0,fca6,fca6,True,0,correct,0,True,10,16,1.6
bifurc,even_odd,_todd16,0,0.0,0,fca6,fca6,True,0,correct,0,True,10,16,1.6
bifurc,even_odd,_todd16,0,0.0,0,fca6,fca6,True,0,correct,0,True,10,16,1.6
bifurc,even_odd,_todd16,0,0.0,0,fca6,fca6,True,0,correct,0,True,10,16,1.6
bifurc,even_odd,_todd16,1,0.0,0,1b95,1b95,True,0,correct,1,True,10,16,1.6
bifurc,even_odd,_todd16,1,0.0,0,1b95,1b95,True,0,correct,1,True,10,16,1.6
bifurc,even_odd,_todd16,1,0.0,0,1b95,1b95,True,0,correct,1,True,10,16,1.6
bifurc,even_odd,_todd16,1,0.0,0,1b95,1b95,True,0,correct,1,True,10,16,1.6
bifurc,even_odd,_todd16,1,0.0,0,1b95,1b95,True,0,correct,1,True,10,16,1.6
bifurc,even_odd,_todd16,1,0.0,0,1b95,1b95,True,0,correct,1,True,10,16,1.6
bifurc,even_odd,_todd16,1,0.0,0,1b95,1b95,True,0,correct,1,True,10,16,1.6
bifurc,even_odd,_todd16,1,0.0,0,1b95,1b95,True,0,correct,1,True,10,16,1.6
bifurc,even_odd,_todd16,1,0.0,0,1b95,1b95,True,0,correct,1,True,10,16,1.6
bifurc,even_odd,_todd16,1,0.0,0,1b95,1b95,True,0,correct,1,True,10,16,1.6
bifurc,even_odd,_todd16,1,0.0,0,1b95,1b95,True,0,correct,1,True,10,16,1.6
bifurc,even_odd,_todd16,1,0.0,0,1b95,1b95,True,0,correct,1,True,10,16,1.6
bifurc,even_odd,_todd16,1,0.0,0,1b95,1b95,True,0,correct,1,True,10,16,1.6
bifurc,even_odd,_todd16,1,0.0,0,1b95,1b95,True,0,correct,1,True,10,16,1.6
bifurc,even_odd,_todd16,1,0.0,0,1b95,1b95,True,0,correct,1,True,10,16,1.6
bifurc,even_odd,_todd16,1,0.0,0,1b95,1b95,True,0,correct,1,True,10,16,1.6
bifurc,even_odd,_todd16,1,0.0,0,1b95,1b95,True,0,correct,1,True,10,16,1.6
bifurc,even_odd,_todd16,1,0.0,0,1b95,1b95,True,0,correct,1,True,10,16,1.6
bifurc,even_odd,_todd16,1,0.0,0,1b95,1b95,True,0,correct,1,True,10,16,1.6
bifurc,even_odd,_todd16,1,0.0,0,1b95,1b95,True,0,correct,1,True,10,16,1.6
bifurc,even_odd,_todd16,1,0.0,0,1b95,1b95,True,0,correct,1,True,10,16,1.6
bifurc,even_odd,_todd16,1,0.0,0,1b95,1b95,True,0,correct,1,True,10,16,1.6
bifurc,even_odd,_todd16,1,0.0,0,1b95,1b95,True,0,correct,1,True,10,16,1.6
bifurc,even_odd,_todd16,1,0.0,0,1b95,1b95,True,0,correct,1,True,10,16,1.6
bifurc,even_odd,_todd16,1,0.0,0,1b95,1b95,True,0,correct,1,True,10,16,1.6
bifurc,even_odd,_todd16,1,0.0,0,1b95,1b95,True,0,correct,1,True,10,16,1.6
bifurc,even_odd,_todd16,1,0.0,0,1b95,1b95,True,0,correct,1,True,10,16,1.6
bifurc,even_odd,_todd16,1,0.0,0,1b95,1b95,True,0,correct,1,True,10,16,1.6
bifurc,even_odd,_todd16,1,0.0,0,1b95,1b95,True,0,correct,1,True,10,16,1.6
bifurc,even_odd,_todd16,1,0.0,0,1b95,1b95,True,0,correct,1,True,10,16,1.6
bifurc,even_odd,_todd16,1,0.0,0,1b95,1b95,True,0,correct,1,True,10,16,1.6
bifurc,even_odd,_todd16,1,0.0,0,1b95,1b95,True,0,correct,1,True,10,16,1.6
bifurc,even_odd,_todd16,1,0.0,0,1b95,1b95,True,0,correct,1,True,10,16,1.6
bifurc,even_odd,_todd16,1,0.0,0,1b95,1b95,True,0,correct,1,True,10,16,1.6
bifurc,even_odd,_todd16,1,0.0,0,1b95,1b95,True,0,correct,1,True,10,16,1.6
bifurc,even_odd,_todd16,1,0.0,0,1b95,1b95,True,0,correct,1,True,10,16,1.6
bifurc,even_odd,_todd16,1,0.0,0,1b95,1b95,True,0,correct,1,True,10,16,1.6
bifurc,even_odd,_todd16,1,0.0,0,1b95,1b95,True,0,correct,1,True,10,16,1.6
bifurc,even_odd,_todd16,1,0.0,0,1b95,1b95,True,0,correct,1,True,10,16,1.6
bifurc,even_odd,_todd16,1,0.0,0,1b95,1b95,True,0,correct,1,True,10,16,1.6
bifurc,even_odd,_todd16,1,0.0,0,1b95,1b95,True,0,correct,1,True,10,16,1.6
bifurc,even_odd,_todd16,1,0.0,0,1b95,1b95,True,0,correct,1,True,10,16,1.6
bifurc,even_odd,_todd16,1,0.0,0,1b95,1b95,True,0,correct,1,True,10,16,1.6
bifurc,even_odd,_todd16,1,0.0,0,1b95,1b95,True,0,correct,1,True,10,16,1.6
bifurc,even_odd,_todd16,1,0.0,0,1b95,1b95,True,0,correct,1,True,10,16,1.6
bifurc,even_odd,_todd16,1,0.0,0,1b95,1b95,True,0,correct,1,True,10,16,1.6
bifurc,even_odd,_todd16,1,0.0,0,1b95,1b95,True,0,correct,1,True,10,16,1.6
bifurc,even_odd,_todd16,1,0.0,0,1b95,1b95,True,0,correct,1,True,10,16,1.6
bifurc,even_odd,_todd16,1,0.0,0,1b95,1b95,True,0,correct,1,True,10,16,1.6
bifurc,even_odd,_todd16,1,0.0,0,1b95,1b95,True,0,correct,1,True,10,16,1.6
bifurc,even_odd,_todd16,1,0.0,0,1b95,1b95,True,0,correct,1,True,10,16,1.6
bifurc,even_odd,_todd16,1,0.0,0,1b95,1b95,True,0,correct,1,True,10,16,1.6
bifurc,even_odd,_todd16,1,0.0,0,1b95,1b95,True,0,correct,1,True,10,16,1.6
bifurc,even_odd,_todd16,1,0.0,0,1b95,1b95,True,0,correct,1,True,10,16,1.6
bifurc,even_odd,_todd16,1,0.0,0,1b95,1b95,True,0,correct,1,True,10,16,1.6
bifurc,even_odd,_todd16,1,0.0,0,1b95,1b95,True,0,correct,1,True,10,16,1.6
bifurc,even_odd,_todd16,1,0.0,0,1b95,1b95,True,0,correct,1,True,10,16,1.6
bifurc,even_odd,_todd16,1,0.0,0,1b95,1b95,True,0,correct,1,True,10,16,1.6
bifurc,even_odd,_todd16,1,0.0,0,1b95,1b95,True,0,correct,1,True,10,16,1.6
bifurc,even_odd,_todd16,1,0.0,0,1b95,1b95,True,0,correct,1,True,10,16,1.6
bifurc,even_odd,_todd16,1,0.0,0,1b95,1b95,True,0,correct,1,True,10,16,1.6
bifurc,even_odd,_todd16,1,0.0,0,1b95,1b95,True,0,correct,1,True,10,16,1.6
bifurc,even_odd,_todd16,1,0.0,0,1b95,1b95,True,0,correct,1,True,10,16,1.6
bifurc,even_odd,_todd16,1,0.0,0,1b95,1b95,True,0,correct,1,True,10,16,1.6
bifurc,even_odd,_todd16,1,0.0,0,1b95,1b95,True,0,correct,1,True,10,16,1.6
bifurc,even_odd,_todd16,1,0.0,0,1b95,1b95,True,0,correct,1,True,10,16,1.6
bifurc,even_odd,_todd16,1,0.0,0,1b95,1b95,True,0,correct,1,True,10,16,1.6
bifurc,even_odd,_todd16,1,0.0,0,1b95,1b95,True,0,correct,1,True,10,16,1.6
bifurc,even_odd,_todd16,1,0.0,0,1b95,1b95,True,0,correct,1,True,10,16,1.6
bifurc,even_odd,_todd16,1,0.0,0,1b95,1b95,True,0,correct,1,True,10,16,1.6
bifurc,even_odd,_todd16,1,0.0,0,1b95,1b95,True,0,correct,1,True,10,16,1.6
bifurc,even_odd,_todd16,1,0.0,0,1b95,1b95,True,0,correct,1,True,10,16,1.6
bifurc,even_odd,_todd16,1,0.0,0,1b95,1b95,True,0,correct,1,True,10,16,1.6
bifurc,even_odd,_todd16,1,0.0,0,1b95,1b95,True,0,correct,1,True,10,16,1.6
bifurc,even_odd,_todd16,1,0.0,0,1b95,1b95,True,0,correct,1,True,10,16,1.6
bifurc,even_odd,_todd16,1,0.0,0,1b95,1b95,True,0,correct,1,True,10,16,1.6
bifurc,even_odd,_todd16,1,0.0,0,1b95,1b95,True,0,correct,1,True,10,16,1.6
bifurc,even_odd,_todd16,1,0.0,0,1b95,1b95,True,0,correct,1,True,10,16,1.6
bifurc,even_odd,_todd16,1,0.0,0,1b95,1b95,True,0,correct,1,True,10,16,1.6
bifurc,even_odd,_todd16,1,0.0,0,1b95,1b95,True,0,correct,1,True,10,16,1.6
bifurc,even_odd,_todd16,2,0.0,0,a6b6,a6b6,True,0,correct,2,True,10,16,1.6
bifurc,even_odd,_todd16,2,0.0,0,a6b6,a6b6,True,0,correct,2,True,10,16,1.6
bifurc,even_odd,_todd16,2,0.0,0,a6b6,a6b6,True,0,correct,2,True,10,16,1.6
bifurc,even_odd,_todd16,2,0.0,0,a6b6,a6b6,True,0,correct,2,True,10,16,1.6
bifurc,even_odd,_todd16,2,0.0,0,a6b6,a6b6,True,0,correct,2,True,10,16,1.6
bifurc,even_odd,_todd16,2,0.0,0,a6b6,a6b6,True,0,correct,2,True,10,16,1.6
bifurc,even_odd,_todd16,2,0.0,0,a6b6,a6b6,True,0,correct,2,True,10,16,1.6
bifurc,even_odd,_todd16,2,0.0,0,a6b6,a6b6,True,0,correct,2,True,10,16,1.6
bifurc,even_odd,_todd16,2,0.0,0,a6b6,a6b6,True,0,correct,2,True,10,16,1.6
bifurc,even_odd,_todd16,2,0.0,0,a6b6,a6b6,True,0,correct,2,True,10,16,1.6
bifurc,even_odd,_todd16,2,0.0,0,a6b6,a6b6,True,0,correct,2,True,10,16,1.6
bifurc,even_odd,_todd16,2,0.0,0,a6b6,a6b6,True,0,correct,2,True,10,16,1.6
bifurc,even_odd,_todd16,2,0.0,0,a6b6,a6b6,True,0,correct,2,True,10,16,1.6
bifurc,even_odd,_todd16,2,0.0,0,a6b6,a6b6,True,0,correct,2,True,10,16,1.6
bifurc,even_odd,_todd16,2,0.0,0,a6b6,a6b6,True,0,correct,2,True,10,16,1.6
bifurc,even_odd,_todd16,2,0.0,0,a6b6,a6b6,True,0,correct,2,True,10,16,1.6
bifurc,even_odd,_todd16,2,0.0,0,a6b6,a6b6,True,0,correct,2,True,10,16,1.6
bifurc,even_odd,_todd16,2,0.0,0,a6b6,a6b6,True,0,correct,2,True,10,16,1.6
bifurc,even_odd,_todd16,2,0.0,0,a6b6,a6b6,True,0,correct,2,True,10,16,1.6
bifurc,even_odd,_todd16,2,0.0,0,a6b6,a6b6,True,0,correct,2,True,10,16,1.6
bifurc,even_odd,_todd16,2,0.0,0,a6b6,a6b6,True,0,correct,2,True,10,16,1.6
bifurc,even_odd,_todd16,2,0.0,0,a6b6,a6b6,True,0,correct,2,True,10,16,1.6
bifurc,even_odd,_todd16,2,0.0,0,a6b6,a6b6,True,0,correct,2,True,10,16,1.6
bifurc,even_odd,_todd16,2,0.0,0,a6b6,a6b6,True,0,correct,2,True,10,16,1.6
bifurc,even_odd,_todd16,2,0.0,0,a6b6,a6b6,True,0,correct,2,True,10,16,1.6
bifurc,even_odd,_todd16,2,0.0,0,a6b6,a6b6,True,0,correct,2,True,10,16,1.6
bifurc,even_odd,_todd16,2,0.0,0,a6b6,a6b6,True,0,correct,2,True,10,16,1.6
bifurc,even_odd,_todd16,2,0.0,0,a6b6,a6b6,True,0,correct,2,True,10,16,1.6
bifurc,even_odd,_todd16,2,0.0,0,a6b6,a6b6,True,0,correct,2,True,10,16,1.6
bifurc,even_odd,_todd16,2,0.0,0,a6b6,a6b6,True,0,correct,2,True,10,16,1.6
bifurc,even_odd,_todd16,2,0.0,0,a6b6,a6b6,True,0,correct,2,True,10,16,1.6
bifurc,even_odd,_todd16,2,0.0,0,a6b6,a6b6,True,0,correct,2,True,10,16,1.6
bifurc,even_odd,_todd16,2,0.0,0,a6b6,a6b6,True,0,correct,2,True,10,16,1.6
bifurc,even_odd,_todd16,2,0.0,0,a6b6,a6b6,True,0,correct,2,True,10,16,1.6
bifurc,even_odd,_todd16,2,0.0,0,a6b6,a6b6,True,0,correct,2,True,10,16,1.6
bifurc,even_odd,_todd16,2,0.0,0,a6b6,a6b6,True,0,correct,2,True,10,16,1.6
bifurc,even_odd,_todd16,2,0.0,0,a6b6,a6b6,True,0,correct,2,True,10,16,1.6
bifurc,even_odd,_todd16,2,0.0,0,a6b6,a6b6,True,0,correct,2,True,10,16,1.6
bifurc,even_odd,_todd16,2,0.0,0,a6b6,a6b6,True,0,correct,2,True,10,16,1.6
bifurc,even_odd,_todd16,2,0.0,0,a6b6,a6b6,True,0,correct,2,True,10,16,1.6
bifurc,even_odd,_todd16,2,0.0,0,a6b6,a6b6,True,0,correct,2,True,10,16,1.6
bifurc,even_odd,_todd16,2,0.0,0,a6b6,a6b6,True,0,correct,2,True,10,16,1.6
bifurc,even_odd,_todd16,2,0.0,0,a6b6,a6b6,True,0,correct,2,True,10,16,1.6
bifurc,even_odd,_todd16,2,0.0,0,a6b6,a6b6,True,0,correct,2,True,10,16,1.6
bifurc,even_odd,_todd16,2,0.0,0,a6b6,a6b6,True,0,correct,2,True,10,16,1.6
bifurc,even_odd,_todd16,2,0.0,0,a6b6,a6b6,True,0,correct,2,True,10,16,1.6
bifurc,even_odd,_todd16,2,0.0,0,a6b6,a6b6,True,0,correct,2,True,10,16,1.6
bifurc,even_odd,_todd16,2,0.0,0,a6b6,a6b6,True,0,correct,2,True,10,16,1.6
bifurc,even_odd,_todd16,2,0.0,0,a6b6,a6b6,True,0,correct,2,True,10,16,1.6
bifurc,even_odd,_todd16,2,0.0,0,a6b6,a6b6,True,0,correct,2,True,10,16,1.6
bifurc,even_odd,_todd16,2,0.0,0,a6b6,a6b6,True,0,correct,2,True,10,16,1.6
bifurc,even_odd,_todd16,2,0.0,0,a6b6,a6b6,True,0,correct,2,True,10,16,1.6
bifurc,even_odd,_todd16,2,0.0,0,a6b6,a6b6,True,0,correct,2,True,10,16,1.6
bifurc,even_odd,_todd16,2,0.0,0,a6b6,a6b6,True,0,correct,2,True,10,16,1.6
bifurc,even_odd,_todd16,2,0.0,0,a6b6,a6b6,True,0,correct,2,True,10,16,1.6
bifurc,even_odd,_todd16,2,0.0,0,a6b6,a6b6,True,0,correct,2,True,10,16,1.6
bifurc,even_odd,_todd16,2,0.0,0,a6b6,a6b6,True,0,correct,2,True,10,16,1.6
bifurc,even_odd,_todd16,2,0.0,0,a6b6,a6b6,True,0,correct,2,True,10,16,1.6
bifurc,even_odd,_todd16,2,0.0,0,a6b6,a6b6,True,0,correct,2,True,10,16,1.6
bifurc,even_odd,_todd16,2,0.0,0,a6b6,a6b6,True,0,correct,2,True,10,16,1.6
bifurc,even_odd,_todd16,2,0.0,0,a6b6,a6b6,True,0,correct,2,True,10,16,1.6
bifurc,even_odd,_todd16,2,0.0,0,a6b6,a6b6,True,0,correct,2,True,10,16,1.6
bifurc,even_odd,_todd16,2,0.0,0,a6b6,a6b6,True,0,correct,2,True,10,16,1.6
bifurc,even_odd,_todd16,2,0.0,0,a6b6,a6b6,True,0,correct,2,True,10,16,1.6
bifurc,even_odd,_todd16,2,0.0,0,a6b6,a6b6,True,0,correct,2,True,10,16,1.6
bifurc,even_odd,_todd16,2,0.0,0,a6b6,a6b6,True,0,correct,2,True,10,16,1.6
bifurc,even_odd,_todd16,2,0.0,0,a6b6,a6b6,True,0,correct,2,True,10,16,1.6
bifurc,even_odd,_todd16,2,0.0,0,a6b6,a6b6,True,0,correct,2,True,10,16,1.6
bifurc,even_odd,_todd16,2,0.0,0,a6b6,a6b6,True,0,correct,2,True,10,16,1.6
bifurc,even_odd,_todd16,2,0.0,0,a6b6,a6b6,True,0,correct,2,True,10,16,1.6
bifurc,even_odd,_todd16,2,0.0,0,a6b6,a6b6,True,0,correct,2,True,10,16,1.6
bifurc,even_odd,_todd16,2,0.0,0,a6b6,a6b6,True,0,correct,2,True,10,16,1.6
bifurc,even_odd,_todd16,2,0.0,0,a6b6,a6b6,True,0,correct,2,True,10,16,1.6
bifurc,even_odd,_todd16,2,0.0,0,a6b6,a6b6,True,0,correct,2,True,10,16,1.6
bifurc,even_odd,_todd16,2,0.0,0,a6b6,a6b6,True,0,correct,2,True,10,16,1.6
bifurc,even_odd,_todd16,2,0.0,0,a6b6,a6b6,True,0,correct,2,True,10,16,1.6
bifurc,even_odd,_todd16,2,0.0,0,a6b6,a6b6,True,0,correct,2,True,10,16,1.6
bifurc,even_odd,_todd16,2,0.0,0,a6b6,a6b6,True,0,correct,2,True,10,16,1.6
bifurc,even_odd,_todd16,2,0.0,0,a6b6,a6b6,True,0,correct,2,True,10,16,1.6
bifurc,even_odd,_todd16,2,0.0,0,a6b6,a6b6,True,0,correct,2,True,10,16,1.6
bifurc,even_odd,_todd16,3,0.0,0,bd07,bd07,True,0,correct,3,True,10,16,1.6
bifurc,even_odd,_todd16,3,0.0,0,bd07,bd07,True,0,correct,3,True,10,16,1.6
bifurc,even_odd,_todd16,3,0.0,0,bd07,bd07,True,0,correct,3,True,10,16,1.6
bifurc,even_odd,_todd16,3,0.0,0,bd07,bd07,True,0,correct,3,True,10,16,1.6
bifurc,even_odd,_todd16,3,0.0,0,bd07,bd07,True,0,correct,3,True,10,16,1.6
bifurc,even_odd,_todd16,3,0.0,0,bd07,bd07,True,0,correct,3,True,10,16,1.6
bifurc,even_odd,_todd16,3,0.0,0,bd07,bd07,True,0,correct,3,True,10,16,1.6
bifurc,even_odd,_todd16,3,0.0,0,bd07,bd07,True,0,correct,3,True,10,16,1.6
bifurc,even_odd,_todd16,3,0.0,0,bd07,bd07,True,0,correct,3,True,10,16,1.6
bifurc,even_odd,_todd16,3,0.0,0,bd07,bd07,True,0,correct,3,True,10,16,1.6
bifurc,even_odd,_todd16,3,0.0,0,bd07,bd07,True,0,correct,3,True,10,16,1.6
bifurc,even_odd,_todd16,3,0.0,0,bd07,bd07,True,0,correct,3,True,10,16,1.6
bifurc,even_odd,_todd16,3,0.0,0,bd07,bd07,True,0,correct,3,True,10,16,1.6
bifurc,even_odd,_todd16,3,0.0,0,bd07,bd07,True,0,correct,3,True,10,16,1.6
bifurc,even_odd,_todd16,3,0.0,0,bd07,bd07,True,0,correct,3,True,10,16,1.6
bifurc,even_odd,_todd16,3,0.0,0,bd07,bd07,True,0,correct,3,True,10,16,1.6
bifurc,even_odd,_todd16,3,0.0,0,bd07,bd07,True,0,correct,3,True,10,16,1.6
bifurc,even_odd,_todd16,3,0.0,0,bd07,bd07,True,0,correct,3,True,10,16,1.6
bifurc,even_odd,_todd16,3,0.0,0,bd07,bd07,True,0,correct,3,True,10,16,1.6
bifurc,even_odd,_todd16,3,0.0,0,bd07,bd07,True,0,correct,3,True,10,16,1.6
bifurc,even_odd,_todd16,3,0.0,0,bd07,bd07,True,0,correct,3,True,10,16,1.6
bifurc,even_odd,_todd16,3,0.0,0,bd07,bd07,True,0,correct,3,True,10,16,1.6
bifurc,even_odd,_todd16,3,0.0,0,bd07,bd07,True,0,correct,3,True,10,16,1.6
bifurc,even_odd,_todd16,3,0.0,0,bd07,bd07,True,0,correct,3,True,10,16,1.6
bifurc,even_odd,_todd16,3,0.0,0,bd07,bd07,True,0,correct,3,True,10,16,1.6
bifurc,even_odd,_todd16,3,0.0,0,bd07,bd07,True,0,correct,3,True,10,16,1.6
bifurc,even_odd,_todd16,3,0.0,0,bd07,bd07,True,0,correct,3,True,10,16,1.6
bifurc,even_odd,_todd16,3,0.0,0,bd07,bd07,True,0,correct,3,True,10,16,1.6
bifurc,even_odd,_todd16,3,0.0,0,bd07,bd07,True,0,correct,3,True,10,16,1.6
bifurc,even_odd,_todd16,3,0.0,0,bd07,bd07,True,0,correct,3,True,10,16,1.6
bifurc,even_odd,_todd16,3,0.0,0,bd07,bd07,True,0,correct,3,True,10,16,1.6
bifurc,even_odd,_todd16,3,0.0,0,bd07,bd07,True,0,correct,3,True,10,16,1.6
bifurc,even_odd,_todd16,3,0.0,0,bd07,bd07,True,0,correct,3,True,10,16,1.6
bifurc,even_odd,_todd16,3,0.0,0,bd07,bd07,True,0,correct,3,True,10,16,1.6
bifurc,even_odd,_todd16,3,0.0,0,bd07,bd07,True,0,correct,3,True,10,16,1.6
bifurc,even_odd,_todd16,3,0.0,0,bd07,bd07,True,0,correct,3,True,10,16,1.6
bifurc,even_odd,_todd16,3,0.0,0,bd07,bd07,True,0,correct,3,True,10,16,1.6
bifurc,even_odd,_todd16,3,0.0,0,bd07,bd07,True,0,correct,3,True,10,16,1.6
bifurc,even_odd,_todd16,3,0.0,0,bd07,bd07,True,0,correct,3,True,10,16,1.6
bifurc,even_odd,_todd16,3,0.0,0,bd07,bd07,True,0,correct,3,True,10,16,1.6
bifurc,even_odd,_todd16,3,0.0,0,bd07,bd07,True,0,correct,3,True,10,16,1.6
bifurc,even_odd,_todd16,3,0.0,0,bd07,bd07,True,0,correct,3,True,10,16,1.6
bifurc,even_odd,_todd16,3,0.0,0,bd07,bd07,True,0,correct,3,True,10,16,1.6
bifurc,even_odd,_todd16,3,0.0,0,bd07,bd07,True,0,correct,3,True,10,16,1.6
bifurc,even_odd,_todd16,3,0.0,0,bd07,bd07,True,0,correct,3,True,10,16,1.6
bifurc,even_odd,_todd16,3,0.0,0,bd07,bd07,True,0,correct,3,True,10,16,1.6
bifurc,even_odd,_todd16,3,0.0,0,bd07,bd07,True,0,correct,3,True,10,16,1.6
bifurc,even_odd,_todd16,3,0.0,0,bd07,bd07,True,0,correct,3,True,10,16,1.6
bifurc,even_odd,_todd16,3,0.0,0,bd07,bd07,True,0,correct,3,True,10,16,1.6
bifurc,even_odd,_todd16,3,0.0,0,bd07,bd07,True,0,correct,3,True,10,16,1.6
bifurc,even_odd,_todd16,3,0.0,0,bd07,bd07,True,0,correct,3,True,10,16,1.6
bifurc,even_odd,_todd16,3,0.0,0,bd07,bd07,True,0,correct,3,True,10,16,1.6
bifurc,even_odd,_todd16,3,0.0,0,bd07,bd07,True,0,correct,3,True,10,16,1.6
bifurc,even_odd,_todd16,3,0.0,0,bd07,bd07,True,0,correct,3,True,10,16,1.6
bifurc,even_odd,_todd16,3,0.0,0,bd07,bd07,True,0,correct,3,True,10,16,1.6
bifurc,even_odd,_todd16,3,0.0,0,bd07,bd07,True,0,correct,3,True,10,16,1.6
bifurc,even_odd,_todd16,3,0.0,0,bd07,bd07,True,0,correct,3,True,10,16,1.6
bifurc,even_odd,_todd16,3,0.0,0,bd07,bd07,True,0,correct,3,True,10,16,1.6
bifurc,even_odd,_todd16,3,0.0,0,bd07,bd07,True,0,correct,3,True,10,16,1.6
bifurc,even_odd,_todd16,3,0.0,0,bd07,bd07,True,0,correct,3,True,10,16,1.6
bifurc,even_odd,_todd16,3,0.0,0,bd07,bd07,True,0,correct,3,True,10,16,1.6
bifurc,even_odd,_todd16,3,0.0,0,bd07,bd07,True,0,correct,3,True,10,16,1.6
bifurc,even_odd,_todd16,3,0.0,0,bd07,bd07,True,0,correct,3,True,10,16,1.6
bifurc,even_odd,_todd16,3,0.0,0,bd07,bd07,True,0,correct,3,True,10,16,1.6
bifurc,even_odd,_todd16,3,0.0,0,bd07,bd07,True,0,correct,3,True,10,16,1.6
bifurc,even_odd,_todd16,3,0.0,0,bd07,bd07,True,0,correct,3,True,10,16,1.6
bifurc,even_odd,_todd16,3,0.0,0,bd07,bd07,True,0,correct,3,True,10,16,1.6
bifurc,even_odd,_todd16,3,0.0,0,bd07,bd07,True,0,correct,3,True,10,16,1.6
bifurc,even_odd,_todd16,3,0.0,0,bd07,bd07,True,0,correct,3,True,10,16,1.6
bifurc,even_odd,_todd16,3,0.0,0,bd07,bd07,True,0,correct,3,True,10,16,1.6
bifurc,even_odd,_todd16,3,0.0,0,bd07,bd07,True,0,correct,3,True,10,16,1.6
bifurc,even_odd,_todd16,3,0.0,0,bd07,bd07,True,0,correct,3,True,10,16,1.6
bifurc,even_odd,_todd16,3,0.0,0,bd07,bd07,True,0,correct,3,True,10,16,1.6
bifurc,even_odd,_todd16,3,0.0,0,bd07,bd07,True,0,correct,3,True,10,16,1.6
bifurc,even_odd,_todd16,3,0.0,0,bd07,bd07,True,0,correct,3,True,10,16,1.6
bifurc,even_odd,_todd16,3,0.0,0,bd07,bd07,True,0,correct,3,True,10,16,1.6
bifurc,even_odd,_todd16,3,0.0,0,bd07,bd07,True,0,correct,3,True,10,16,1.6
bifurc,even_odd,_todd16,3,0.0,0,bd07,bd07,True,0,correct,3,True,10,16,1.6
bifurc,even_odd,_todd16,3,0.0,0,bd07,bd07,True,0,correct,3,True,10,16,1.6
bifurc,even_odd,_todd16,3,0.0,0,bd07,bd07,True,0,correct,3,True,10,16,1.6
bifurc,even_odd,_todd16,0,0.2,2,fce2,fca6,True,11,correct,0,True,10,16,1.6
bifurc,even_odd,_todd16,0,0.2,1,fc26,fca6,True,17,correct,0,True,10,16,1.6
bifurc,even_odd,_todd16,0,0.2,4,70e6,fca6,True,43,correct,0,True,10,16,1.6
bifurc,even_odd,_todd16,0,0.2,5,dfe4,58a4,True,43,spurious,-1,False,10,16,1.6
bifurc,even_odd,_todd16,0,0.2,5,dd34,58a4,True,47,spurious,-1,False,10,16,1.6
bifurc,even_odd,_todd16,0,0.2,0,fca6,fca6,True,0,correct,0,True,10,16,1.6
bifurc,even_odd,_todd16,0,0.2,1,f8a6,fca6,True,11,correct,0,True,10,16,1.6
bifurc,even_odd,_todd16,0,0.2,1,fc26,fca6,True,17,correct,0,True,10,16,1.6
bifurc,even_odd,_todd16,0,0.2,4,64a4,58a4,True,43,spurious,-1,False,10,16,1.6
bifurc,even_odd,_todd16,0,0.2,3,74b6,fca6,True,27,correct,0,True,10,16,1.6
bifurc,even_odd,_todd16,0,0.2,3,9ea6,fca6,True,21,correct,0,True,10,16,1.6
bifurc,even_odd,_todd16,0,0.2,6,1686,2b4,True,63,spurious,-1,False,10,16,1.6
bifurc,even_odd,_todd16,0,0.2,3,fc16,bd07,True,11,wrong_pattern,3,False,10,16,1.6
bifurc,even_odd,_todd16,0,0.2,2,fc36,fca6,True,17,correct,0,True,10,16,1.6
bifurc,even_odd,_todd16,0,0.2,1,fca4,fca6,True,17,correct,0,True,10,16,1.6
bifurc,even_odd,_todd16,0,0.2,2,fcb4,fca6,True,17,correct,0,True,10,16,1.6
bifurc,even_odd,_todd16,0,0.2,5,5086,58a4,True,17,spurious,-1,False,10,16,1.6
bifurc,even_odd,_todd16,0,0.2,4,dde4,58a4,True,43,spurious,-1,False,10,16,1.6
bifurc,even_odd,_todd16,0,0.2,3,f8b4,fca6,True,43,correct,0,True,10,16,1.6
bifurc,even_odd,_todd16,0,0.2,4,748e,fca6,True,17,correct,0,True,10,16,1.6
bifurc,even_odd,_todd16,0,0.2,4,b9a4,fca6,True,43,correct,0,True,10,16,1.6
bifurc,even_odd,_todd16,0,0.2,4,7cc2,fca6,True,37,correct,0,True,10,16,1.6
bifurc,even_odd,_todd16,0,0.2,0,fca6,fca6,True,0,correct,0,True,10,16,1.6
bifurc,even_odd,_todd16,0,0.2,3,fcb3,fca6,True,11,correct,0,True,10,16,1.6
bifurc,even_odd,_todd16,0,0.2,2,f5a6,fca6,True,17,correct,0,True,10,16,1.6
bifurc,even_odd,_todd16,0,0.2,3,f6e6,a6b6,True,41,wrong_pattern,2,False,10,16,1.6
bifurc,even_odd,_todd16,0,0.2,1,fea6,fca6,True,17,correct,0,True,10,16,1.6
bifurc,even_odd,_todd16,0,0.2,3,6da6,fca6,True,17,correct,0,True,10,16,1.6
bifurc,even_odd,_todd16,0,0.2,3,dcb4,58a4,True,43,spurious,-1,False,10,16,1.6
bifurc,even_odd,_todd16,0,0.2,2,fc36,fca6,True,17,correct,0,True,10,16,1.6
bifurc,even_odd,_todd16,0,0.2,0,fca6,fca6,True,0,correct,0,True,10,16,1.6
bifurc,even_odd,_todd16,0,0.2,4,b4b2,fca6,True,41,correct,0,True,10,16,1.6
bifurc,even_odd,_todd16,0,0.2,5,2cf6,fca6,True,41,correct,0,True,10,16,1.6
bifurc,even_odd,_todd16,0,0.2,5,e804,fca6,True,43,correct,0,True,10,16,1.6
bifurc,even_odd,_todd16,0,0.2,6,bccb,fca6,True,59,correct,0,True,10,16,1.6
bifurc,even_odd,_todd16,0,0.2,2,bcae,fca6,True,17,correct,0,True,10,16,1.6
bifurc,even_odd,_todd16,0,0.2,2,ecb6,fca6,True,11,correct,0,True,10,16,1.6
bifurc,even_odd,_todd16,0,0.2,5,b485,fca6,True,95,correct,0,True,10,16,1.6
bifurc,even_odd,_todd16,0,0.2,3,7da2,fca6,True,17,correct,0,True,10,16,1.6
bifurc,even_odd,_todd16,0,0.2,5,7dbf,fca6,True,27,correct,0,True,10,16,1.6
bifurc,even_odd,_todd16,0,0.2,4,baa4,fca6,True,43,correct,0,True,10,16,1.6
bifurc,even_odd,_todd16,0,0.2,5,efa5,fca6,True,37,correct,0,True,10,16,1.6
bifurc,even_odd,_todd16,0,0.2,4,e827,fca6,True,43,correct,0,True,10,16,1.6
bifurc,even_odd,_todd16,0,0.2,1,7ca6,fca6,True,17,correct,0,True,10,16,1.6
bifurc,even_odd,_todd16,0,0.2,7,b845,bd07,True,43,wrong_pattern,3,False,10,16,1.6
bifurc,even_odd,_todd16,0,0.2,4,ffbe,fca6,True,17,correct,0,True,10,16,1.6
bifurc,even_odd,_todd16,0,0.2,5,7d83,bd07,True,21,wrong_pattern,3,False,10,16,1.6
bifurc,even_odd,_todd16,0,0.2,3,d8a4,58a4,True,17,spurious,-1,False,10,16,1.6
bifurc,even_odd,_todd16,0,0.2,3,fc04,fca6,True,43,correct,0,True,10,16,1.6
bifurc,even_odd,_todd16,0,0.2,2,7ea6,fca6,True,17,correct,0,True,10,16,1.6
bifurc,even_odd,_todd16,0,0.2,4,14a6,58a4,True,43,spurious,-1,False,10,16,1.6
bifurc,even_odd,_todd16,0,0.2,5,7d9e,fca6,True,33,correct,0,True,10,16,1.6
bifurc,even_odd,_todd16,0,0.2,3,7de6,fca6,True,17,correct,0,True,10,16,1.6
bifurc,even_odd,_todd16,0,0.2,1,bca6,fca6,True,11,correct,0,True,10,16,1.6
bifurc,even_odd,_todd16,0,0.2,4,ffe7,fca6,True,27,correct,0,True,10,16,1.6
bifurc,even_odd,_todd16,0,0.2,5,7d32,fd22,False,1124,oscillated,-1,False,10,16,1.6
bifurc,even_odd,_todd16,0,0.2,1,fca4,fca6,True,17,correct,0,True,10,16,1.6
bifurc,even_odd,_todd16,0,0.2,1,fcb6,fca6,True,11,correct,0,True,10,16,1.6
bifurc,even_odd,_todd16,0,0.2,5,bc3f,fca6,True,59,correct,0,True,10,16,1.6
bifurc,even_odd,_todd16,0,0.2,1,fce6,fca6,True,11,correct,0,True,10,16,1.6
bifurc,even_odd,_todd16,0,0.2,4,dc46,fd4b,True,53,spurious,-1,False,10,16,1.6
bifurc,even_odd,_todd16,0,0.2,2,fe86,fca6,True,17,correct,0,True,10,16,1.6
bifurc,even_odd,_todd16,0,0.2,5,68e7,fca6,True,43,correct,0,True,10,16,1.6
bifurc,even_odd,_todd16,0,0.2,4,dcd6,fca6,True,17,correct,0,True,10,16,1.6
bifurc,even_odd,_todd16,0,0.2,6,9c60,58a4,True,53,spurious,-1,False,10,16,1.6
bifurc,even_odd,_todd16,0,0.2,3,f4b4,fca6,True,27,correct,0,True,10,16,1.6
bifurc,even_odd,_todd16,0,0.2,3,bda7,fca6,True,11,correct,0,True,10,16,1.6
bifurc,even_odd,_todd16,0,0.2,6,cd85,1905,True,43,spurious,-1,False,10,16,1.6
bifurc,even_odd,_todd16,0,0.2,4,dec6,fca6,True,17,correct,0,True,10,16,1.6
bifurc,even_odd,_todd16,0,0.2,4,ea26,fca6,True,17,correct,0,True,10,16,1.6
bifurc,even_odd,_todd16,0,0.2,7,70f3,fca6,True,43,correct,0,True,10,16,1.6
bifurc,even_odd,_todd16,0,0.2,3,bda7,fca6,True,11,correct,0,True,10,16,1.6
bifurc,even_odd,_todd16,0,0.2,1,bca6,fca6,True,11,correct,0,True,10,16,1.6
bifurc,even_odd,_todd16,0,0.2,2,eca2,fca6,True,11,correct,0,True,10,16,1.6
bifurc,even_odd,_todd16,0,0.2,2,dcae,fca6,True,17,correct,0,True,10,16,1.6
bifurc,even_odd,_todd16,0,0.2,3,3cb6,fca6,True,27,correct,0,True,10,16,1.6
bifurc,even_odd,_todd16,0,0.2,3,f926,fca6,True,43,correct,0,True,10,16,1.6
bifurc,even_odd,_todd16,0,0.2,1,7ca6,fca6,True,17,correct,0,True,10,16,1.6
bifurc,even_odd,_todd16,0,0.2,2,fce4,fca6,True,17,correct,0,True,10,16,1.6
bifurc,even_odd,_todd16,0,0.2,2,bcb6,fca6,True,11,correct,0,True,10,16,1.6
bifurc,even_odd,_todd16,1,0.2,2,5bb5,58a4,True,27,spurious,-1,False,10,16,1.6
bifurc,even_odd,_todd16,1,0.2,6,6b80,ab4,False,1124,oscillated,-1,False,10,16,1.6
bifurc,even_odd,_todd16,1,0.2,3,1fd1,395,True,27,spurious,-1,False,10,16,1.6
bifurc,even_odd,_todd16,1,0.2,3,1f35,1b95,True,17,correct,1,True,10,16,1.6
bifurc,even_odd,_todd16,1,0.2,0,1b95,1b95,True,0,correct,1,True,10,16,1.6
bifurc,even_odd,_todd16,1,0.2,4,5ac5,58a4,True,27,spurious,-1,False,10,16,1.6
bifurc,even_odd,_todd16,1,0.2,2,1bd4,2b4,True,27,spurious,-1,False,10,16,1.6
bifurc,even_odd,_todd16,1,0.2,1,b95,1b95,True,11,correct,1,True,10,16,1.6
bifurc,even_odd,_todd16,1,0.2,5,2b75,359,True,59,spurious,-1,False,10,16,1.6
bifurc,even_odd,_todd16,1,0.2,6,2881,58a4,True,63,spurious,-1,False,10,16,1.6
bifurc,even_odd,_todd16,1,0.2,3,1abd,2b4,True,27,spurious,-1,False,10,16,1.6
bifurc,even_odd,_todd16,1,0.2,1,1b97,1b95,True,17,correct,1,True,10,16,1.6
bifurc,even_odd,_todd16,1,0.2,1,b95,1b95,True,11,correct,1,True,10,16,1.6
bifurc,even_odd,_todd16,1,0.2,2,1994,58a4,True,33,spurious,-1,False,10,16,1.6
bifurc,even_odd,_todd16,1,0.2,2,3b15,1b95,True,17,correct,1,True,10,16,1.6
bifurc,even_odd,_todd16,1,0.2,5,7b1f,bd07,True,43,wrong_pattern,3,False,10,16,1.6
bifurc,even_odd,_todd16,1,0.2,6,93e7,a6b6,True,63,wrong_pattern,2,False,10,16,1.6
bifurc,even_odd,_todd16,1,0.2,6,8899,5949,True,63,spurious,-1,False,10,16,1.6
bifurc,even_odd,_todd16,1,0.2,2,1b55,395,True,27,spurious,-1,False,10,16,1.6
bifurc,even_odd,_todd16,1,0.2,3,b8d,395,True,37,spurious,-1,False,10,16,1.6
bifurc,even_odd,_todd16,1,0.2,2,139d,395,True,33,spurious,-1,False,10,16,1.6
bifurc,even_odd,_todd16,1,0.2,2,bb95,bf97,True,43,spurious,-1,False,10,16,1.6
bifurc,even_odd,_todd16,1,0.2,1,1a95,58a4,True,53,spurious,-1,False,10,16,1.6
bifurc,even_odd,_todd16,1,0.2,3,18d5,58a4,True,47,spurious,-1,False,10,16,1.6
bifurc,even_odd,_todd16,1,0.2,2,1915,1905,True,11,spurious,-1,False,10,16,1.6
bifurc,even_odd,_todd16,1,0.2,3,19b7,58a4,True,31,spurious,-1,False,10,16,1.6
bifurc,even_odd,_todd16,1,0.2,4,3a05,1b85,False,1124,oscillated,-1,False,10,16,1.6
bifurc,even_odd,_todd16,1,0.2,2,9bb5,58a4,True,47,spurious,-1,False,10,16,1.6
bifurc,even_odd,_todd16,1,0.2,5,1ead,58a4,True,21,spurious,-1,False,10,16,1.6
bifurc,even_odd,_todd16,1,0.2,4,1f80,58a4,True,47,spurious,-1,False,10,16,1.6
bifurc,even_odd,_todd16,1,0.2,3,399d,1905,True,31,spurious,-1,False,10,16,1.6
bifurc,even_odd,_todd16,1,0.2,6,1645,359,True,37,spurious,-1,False,10,16,1.6
bifurc,even_odd,_todd16,1,0.2,3,5b87,1905,True,27,spurious,-1,False,10,16,1.6
bifurc,even_odd,_todd16,1,0.2,5,1b29,1905,True,73,spurious,-1,False,10,16,1.6
bifurc,even_odd,_todd16,1,0.2,3,1be5,58a4,True,37,spurious,-1,False,10,16,1.6
bifurc,even_odd,_todd16,1,0.2,2,1e95,58a4,True,53,spurious,-1,False,10,16,1.6
bifurc,even_odd,_todd16,1,0.2,2,3b85,1b85,False,1124,oscillated,-1,False,10,16,1.6
bifurc,even_odd,_todd16,1,0.2,7,fed1,fca6,True,27,wrong_pattern,0,False,10,16,1.6
bifurc,even_odd,_todd16,1,0.2,3,7995,1905,True,27,spurious,-1,False,10,16,1.6
bifurc,even_odd,_todd16,1,0.2,3,1f1d,359,True,41,spurious,-1,False,10,16,1.6
bifurc,even_odd,_todd16,1,0.2,3,13c5,395,True,11,spurious,-1,False,10,16,1.6
bifurc,even_odd,_todd16,1,0.2,2,1915,1905,True,11,spurious,-1,False,10,16,1.6
bifurc,even_odd,_todd16,1,0.2,3,f97,1b95,True,63,correct,1,True,10,16,1.6
bifurc,even_odd,_todd16,1,0.2,2,1b8d,395,True,89,spurious,-1,False,10,16,1.6
bifurc,even_odd,_todd16,1,0.2,4,b391,a797,True,43,spurious,-1,False,10,16,1.6
bifurc,even_odd,_todd16,1,0.2,2,3bb5,58a4,True,47,spurious,-1,False,10,16,1.6
bifurc,even_odd,_todd16,1,0.2,3,9bb1,2b4,True,27,spurious,-1,False,10,16,1.6
bifurc,even_odd,_todd16,1,0.2,3,5f94,58a4,True,27,spurious,-1,False,10,16,1.6
bifurc,even_odd,_todd16,1,0.2,3,4bd5,1b95,True,11,correct,1,True,10,16,1.6
bifurc,even_odd,_todd16,1,0.2,1,1b9d,395,True,33,spurious,-1,False,10,16,1.6
bifurc,even_odd,_todd16,1,0.2,4,179c,2b4,True,27,spurious,-1,False,10,16,1.6
bifurc,even_odd,_todd16,1,0.2,3,1215,395,True,37,spurious,-1,False,10,16,1.6
bifurc,even_odd,_todd16,1,0.2,2,1b81,1b95,True,11,correct,1,True,10,16,1.6
bifurc,even_odd,_todd16,1,0.2,5,d305,1905,True,27,spurious,-1,False,10,16,1.6
bifurc,even_odd,_todd16,1,0.2,4,1214,2b4,True,63,spurious,-1,False,10,16,1.6
bifurc,even_odd,_todd16,1,0.2,1,1b97,1b95,True,17,correct,1,True,10,16,1.6
bifurc,even_odd,_todd16,1,0.2,5,3b50,359,True,43,spurious,-1,False,10,16,1.6
bifurc,even_odd,_todd16,1,0.2,5,717,395,True,43,spurious,-1,False,10,16,1.6
bifurc,even_odd,_todd16,1,0.2,4,396,2b4,True,27,spurious,-1,False,10,16,1.6
bifurc,even_odd,_todd16,1,0.2,1,1395,395,True,11,spurious,-1,False,10,16,1.6
bifurc,even_odd,_todd16,1,0.2,4,5194,58a4,True,43,spurious,-1,False,10,16,1.6
bifurc,even_odd,_todd16,1,0.2,3,1291,2b4,True,27,spurious,-1,False,10,16,1.6
bifurc,even_odd,_todd16,1,0.2,3,1bad,58a4,True,37,spurious,-1,False,10,16,1.6
bifurc,even_odd,_todd16,1,0.2,5,cbf5,ab4,False,1124,oscillated,-1,False,10,16,1.6
bifurc,even_odd,_todd16,1,0.2,6,17b8,42f8,True,31,spurious,-1,False,10,16,1.6
bifurc,even_odd,_todd16,1,0.2,2,1bc5,1b95,True,11,correct,1,True,10,16,1.6
bifurc,even_odd,_todd16,1,0.2,4,1097,2b4,True,37,spurious,-1,False,10,16,1.6
bifurc,even_odd,_todd16,1,0.2,6,3982,fca6,True,47,wrong_pattern,0,False,10,16,1.6
bifurc,even_odd,_todd16,1,0.2,4,3797,a797,True,37,spurious,-1,False,10,16,1.6
bifurc,even_odd,_todd16,1,0.2,2,1b96,58a4,True,53,spurious,-1,False,10,16,1.6
bifurc,even_odd,_todd16,1,0.2,4,1b18,359,True,31,spurious,-1,False,10,16,1.6
bifurc,even_odd,_todd16,1,0.2,2,1195,395,True,37,spurious,-1,False,10,16,1.6
bifurc,even_odd,_todd16,1,0.2,3,9b5,58a4,True,57,spurious,-1,False,10,16,1.6
bifurc,even_odd,_todd16,1,0.2,5,22b5,2b4,True,17,spurious,-1,False,10,16,1.6
bifurc,even_odd,_todd16,1,0.2,3,19b1,58a4,True,11,spurious,-1,False,10,16,1.6
bifurc,even_odd,_todd16,1,0.2,6,7a98,58a4,True,27,spurious,-1,False,10,16,1.6
bifurc,even_odd,_todd16,1,0.2,1,1b97,1b95,True,17,correct,1,True,10,16,1.6
bifurc,even_odd,_todd16,1,0.2,4,1a07,1b85,False,1124,oscillated,-1,False,10,16,1.6
bifurc,even_odd,_todd16,1,0.2,3,3a15,1b95,True,17,correct,1,True,10,16,1.6
bifurc,even_odd,_todd16,1,0.2,5,8b5d,359,True,17,spurious,-1,False,10,16,1.6
bifurc,even_odd,_todd16,2,0.2,4,96f7,a6b6,True,17,correct,2,True,10,16,1.6
bifurc,even_odd,_todd16,2,0.2,3,b6a4,a6b6,True,37,correct,2,True,10,16,1.6
bifurc,even_odd,_todd16,2,0.2,4,c7b2,a6b6,True,31,correct,2,True,10,16,1.6
bifurc,even_odd,_todd16,2,0.2,2,a63e,e6fa,True,31,spurious,-1,False,10,16,1.6
bifurc,even_odd,_todd16,2,0.2,5,a4ce,e6fa,True,31,spurious,-1,False,10,16,1.6
bifurc,even_odd,_todd16,2,0.2,2,a6fe,e6fa,True,31,spurious,-1,False,10,16,1.6
bifurc,even_odd,_todd16,2,0.2,5,379e,a6b6,True,27,correct,2,True,10,16,1.6
bifurc,even_odd,_todd16,2,0.2,5,e41e,a75b,True,37,spurious,-1,False,10,16,1.6
bifurc,even_odd,_todd16,2,0.2,3,a432,e6fa,True,27,spurious,-1,False,10,16,1.6
bifurc,even_odd,_todd16,2,0.2,2,24b6,fca6,True,41,wrong_pattern,0,False,10,16,1.6
bifurc,even_odd,_todd16,2,0.2,2,a69e,a6b6,True,17,correct,2,True,10,16,1.6
bifurc,even_odd,_todd16,2,0.2,5,f23e,fca6,True,69,wrong_pattern,0,False,10,16,1.6
bifurc,even_odd,_todd16,2,0.2,7,6f84,58a4,True,43,spurious,-1,False,10,16,1.6
bifurc,even_odd,_todd16,2,0.2,1,e6b6,a6b6,True,11,correct,2,True,10,16,1.6
bifurc,even_odd,_todd16,2,0.2,4,aa97,aeb6,False,1124,oscillated,-1,False,10,16,1.6
bifurc,even_odd,_todd16,2,0.2,2,a3b6,a6b6,True,11,correct,2,True,10,16,1.6
bifurc,even_odd,_todd16,2,0.2,3,afb4,aeb6,False,1124,oscillated,-1,False,10,16,1.6
bifurc,even_odd,_todd16,2,0.2,5,96af,a6b6,True,47,correct,2,True,10,16,1.6
bifurc,even_odd,_todd16,2,0.2,3,a635,a6b6,True,43,correct,2,True,10,16,1.6
bifurc,even_odd,_todd16,2,0.2,6,ac1f,fd4b,True,41,spurious,-1,False,10,16,1.6
bifurc,even_odd,_todd16,2,0.2,4,84b0,2b4,True,43,spurious,-1,False,10,16,1.6
bifurc,even_odd,_todd16,2,0.2,3,a732,a732,False,1124,oscillated,-1,False,10,16,1.6
bifurc,even_odd,_todd16,2,0.2,5,86a1,2b4,True,43,spurious,-1,False,10,16,1.6
bifurc,even_odd,_todd16,2,0.2,9,8b00,359,True,43,spurious,-1,False,10,16,1.6
bifurc,even_odd,_todd16,2,0.2,1,a6b7,a6b6,True,11,correct,2,True,10,16,1.6
bifurc,even_odd,_todd16,2,0.2,1,a6be,a6b6,True,17,correct,2,True,10,16,1.6
bifurc,even_odd,_todd16,2,0.2,5,276,42f8,True,47,spurious,-1,False,10,16,1.6
bifurc,even_odd,_todd16,2,0.2,2,26b4,2b4,True,43,spurious,-1,False,10,16,1.6
bifurc,even_odd,_todd16,2,0.2,2,a694,a6b6,True,17,correct,2,True,10,16,1.6
bifurc,even_odd,_todd16,2,0.2,5,624,2b4,True,17,spurious,-1,False,10,16,1.6
bifurc,even_odd,_todd16,2,0.2,5,6fb7,aeb6,False,1124,oscillated,-1,False,10,16,1.6
bifurc,even_odd,_todd16,2,0.2,5,3232,e6fa,True,47,spurious,-1,False,10,16,1.6
bifurc,even_odd,_todd16,2,0.2,1,a6be,a6b6,True,17,correct,2,True,10,16,1.6
bifurc,even_odd,_todd16,2,0.2,1,aeb6,aeb6,False,1124,oscillated,-1,False,10,16,1.6
bifurc,even_odd,_todd16,2,0.2,3,34b6,fca6,True,41,wrong_pattern,0,False,10,16,1.6
bifurc,even_odd,_todd16,2,0.2,3,27f6,a6b6,True,17,correct,2,True,10,16,1.6
bifurc,even_odd,_todd16,2,0.2,3,26f2,a6b6,True,31,correct,2,True,10,16,1.6
bifurc,even_odd,_todd16,2,0.2,3,b6e6,a6b6,True,37,correct,2,True,10,16,1.6
bifurc,even_odd,_todd16,2,0.2,3,a6d4,a6b6,True,17,correct,2,True,10,16,1.6
bifurc,even_odd,_todd16,2,0.2,1,a6b2,a6b6,True,11,correct,2,True,10,16,1.6
bifurc,even_odd,_todd16,2,0.2,2,a69e,a6b6,True,17,correct,2,True,10,16,1.6
bifurc,even_odd,_todd16,2,0.2,3,87a6,a6b6,True,17,correct,2,True,10,16,1.6
bifurc,even_odd,_todd16,2,0.2,1,a6be,a6b6,True,17,correct,2,True,10,16,1.6
bifurc,even_odd,_todd16,2,0.2,0,a6b6,a6b6,True,0,correct,2,True,10,16,1.6
bifurc,even_odd,_todd16,2,0.2,4,b0f6,fca6,True,41,wrong_pattern,0,False,10,16,1.6
bifurc,even_odd,_todd16,2,0.2,7,94df,a75b,True,73,spurious,-1,False,10,16,1.6
bifurc,even_odd,_todd16,2,0.2,2,a6b0,a6b6,True,17,correct,2,True,10,16,1.6
bifurc,even_odd,_todd16,2,0.2,5,6635,359,True,63,spurious,-1,False,10,16,1.6
bifurc,even_odd,_todd16,2,0.2,3,36b2,a6b6,True,21,correct,2,True,10,16,1.6
bifurc,even_odd,_todd16,2,0.2,5,e433,a75b,True,47,spurious,-1,False,10,16,1.6
bifurc,even_odd,_todd16,2,0.2,3,a6b8,e6fa,True,31,spurious,-1,False,10,16,1.6
bifurc,even_odd,_todd16,2,0.2,7,c70e,a75b,True,27,spurious,-1,False,10,16,1.6
bifurc,even_odd,_todd16,2,0.2,3,a6e4,a6b6,True,21,correct,2,True,10,16,1.6
bifurc,even_odd,_todd16,2,0.2,1,a4b6,fca6,True,41,wrong_pattern,0,False,10,16,1.6
bifurc,even_odd,_todd16,2,0.2,3,a6f5,a6b6,True,17,correct,2,True,10,16,1.6
bifurc,even_odd,_todd16,2,0.2,2,26be,a6b6,True,17,correct,2,True,10,16,1.6
bifurc,even_odd,_todd16,2,0.2,3,a6e7,a6b6,True,11,correct,2,True,10,16,1.6
bifurc,even_odd,_todd16,2,0.2,2,aef6,a6b6,True,27,correct,2,True,10,16,1.6
bifurc,even_odd,_todd16,2,0.2,3,b2a6,a6b6,True,37,correct,2,True,10,16,1.6
bifurc,even_odd,_todd16,2,0.2,3,c6b7,a6b6,True,17,correct,2,True,10,16,1.6
bifurc,even_odd,_todd16,2,0.2,4,2486,fca6,True,37,wrong_pattern,0,False,10,16,1.6
bifurc,even_odd,_todd16,2,0.2,2,86b2,a6b6,True,17,correct,2,True,10,16,1.6
bifurc,even_odd,_todd16,2,0.2,4,ecf6,fca6,True,11,wrong_pattern,0,False,10,16,1.6
bifurc,even_odd,_todd16,2,0.2,1,a6f6,a6b6,True,11,correct,2,True,10,16,1.6
bifurc,even_odd,_todd16,2,0.2,4,9ea6,fca6,True,21,wrong_pattern,0,False,10,16,1.6
bifurc,even_odd,_todd16,2,0.2,4,a0f2,fca6,True,67,wrong_pattern,0,False,10,16,1.6
bifurc,even_odd,_todd16,2,0.2,4,33b6,a6b6,True,63,correct,2,True,10,16,1.6
bifurc,even_odd,_todd16,2,0.2,6,9282,a6b6,True,63,correct,2,True,10,16,1.6
bifurc,even_odd,_todd16,2,0.2,4,e2a4,fca6,True,43,wrong_pattern,0,False,10,16,1.6
bifurc,even_odd,_todd16,2,0.2,2,86a6,a6b6,True,21,correct,2,True,10,16,1.6
bifurc,even_odd,_todd16,2,0.2,3,2ef6,a6b6,True,27,correct,2,True,10,16,1.6
bifurc,even_odd,_todd16,2,0.2,2,aebe,a6b6,True,27,correct,2,True,10,16,1.6
bifurc,even_odd,_todd16,2,0.2,4,2ee6,fca6,True,41,wrong_pattern,0,False,10,16,1.6
bifurc,even_odd,_todd16,2,0.2,2,87b6,a6b6,True,17,correct,2,True,10,16,1.6
bifurc,even_odd,_todd16,2,0.2,5,25ba,e6fa,True,31,spurious,-1,False,10,16,1.6
bifurc,even_odd,_todd16,2,0.2,2,86a6,a6b6,True,21,correct,2,True,10,16,1.6
bifurc,even_odd,_todd16,2,0.2,4,bab2,a6b6,True,27,correct,2,True,10,16,1.6
bifurc,even_odd,_todd16,2,0.2,4,a7f5,a6b6,True,27,correct,2,True,10,16,1.6
bifurc,even_odd,_todd16,2,0.2,4,e624,e6fa,True,37,spurious,-1,False,10,16,1.6
bifurc,even_odd,_todd16,2,0.2,4,60b6,fca6,True,43,wrong_pattern,0,False,10,16,1.6
bifurc,even_odd,_todd16,3,0.2,3,dd03,bd07,True,31,correct,3,True,10,16,1.6
bifurc,even_odd,_todd16,3,0.2,3,fd04,bd07,True,27,correct,3,True,10,16,1.6
bifurc,even_odd,_todd16,3,0.2,3,9d45,1905,True,43,spurious,-1,False,10,16,1.6
bifurc,even_odd,_todd16,3,0.2,7,88f,58a4,True,47,spurious,-1,False,10,16,1.6
bifurc,even_odd,_todd16,3,0.2,2,fd0f,fd4b,True,31,spurious,-1,False,10,16,1.6
bifurc,even_odd,_todd16,3,0.2,6,1845,1905,True,21,spurious,-1,False,10,16,1.6
bifurc,even_odd,_todd16,3,0.2,6,8963,fd4b,True,63,spurious,-1,False,10,16,1.6
bifurc,even_odd,_todd16,3,0.2,2,b587,bf97,True,33,spurious,-1,False,10,16,1.6
bifurc,even_odd,_todd16,3,0.2,2,ad06,bd07,True,11,correct,3,True,10,16,1.6
bifurc,even_odd,_todd16,3,0.2,3,390f,bd07,True,43,correct,3,True,10,16,1.6
bifurc,even_odd,_todd16,3,0.2,1,bd47,bd07,True,11,correct,3,True,10,16,1.6
bifurc,even_odd,_todd16,3,0.2,3,f517,bd07,True,27,correct,3,True,10,16,1.6
bifurc,even_odd,_todd16,3,0.2,3,ad85,bf97,True,33,spurious,-1,False,10,16,1.6
bifurc,even_odd,_todd16,3,0.2,5,cd1f,fd4b,True,37,spurious,-1,False,10,16,1.6
bifurc,even_odd,_todd16,3,0.2,2,b503,a75b,True,37,spurious,-1,False,10,16,1.6
bifurc,even_odd,_todd16,3,0.2,3,bc26,fca6,True,17,wrong_pattern,0,False,10,16,1.6
bifurc,even_odd,_todd16,3,0.2,2,a907,bd07,True,11,correct,3,True,10,16,1.6
bifurc,even_odd,_todd16,3,0.2,4,9d55,1905,True,63,spurious,-1,False,10,16,1.6
bifurc,even_odd,_todd16,3,0.2,3,ad86,fca6,True,67,wrong_pattern,0,False,10,16,1.6
bifurc,even_odd,_todd16,3,0.2,3,f547,fd4b,True,57,spurious,-1,False,10,16,1.6
bifurc,even_odd,_todd16,3,0.2,2,b503,a75b,True,37,spurious,-1,False,10,16,1.6
bifurc,even_odd,_todd16,3,0.2,4,bf2d,a797,True,63,spurious,-1,False,10,16,1.6
bifurc,even_odd,_todd16,3,0.2,2,bc05,bd07,True,17,correct,3,True,10,16,1.6
bifurc,even_odd,_todd16,3,0.2,6,fccd,fccf,False,1124,oscillated,-1,False,10,16,1.6
bifurc,even_odd,_todd16,3,0.2,4,e506,a75b,True,67,spurious,-1,False,10,16,1.6
bifurc,even_odd,_todd16,3,0.2,4,9d12,bd07,True,37,correct,3,True,10,16,1.6
bifurc,even_odd,_todd16,3,0.2,2,fd05,bd07,True,17,correct,3,True,10,16,1.6
bifurc,even_odd,_todd16,3,0.2,3,1d17,1905,True,63,spurious,-1,False,10,16,1.6
bifurc,even_odd,_todd16,3,0.2,5,1b47,1b85,False,1124,oscillated,-1,False,10,16,1.6
bifurc,even_odd,_todd16,3,0.2,3,be87,fca6,True,43,wrong_pattern,0,False,10,16,1.6
bifurc,even_odd,_todd16,3,0.2,5,f113,a75b,True,37,spurious,-1,False,10,16,1.6
bifurc,even_odd,_todd16,3,0.2,5,b34f,a75b,True,11,spurious,-1,False,10,16,1.6
bifurc,even_odd,_todd16,3,0.2,1,b507,bd07,True,17,correct,3,True,10,16,1.6
bifurc,even_odd,_todd16,3,0.2,5,e901,bd07,True,47,correct,3,True,10,16,1.6
bifurc,even_odd,_todd16,3,0.2,2,9d03,bd07,True,17,correct,3,True,10,16,1.6
bifurc,even_odd,_todd16,3,0.2,4,ff45,bd07,True,31,correct,3,True,10,16,1.6
bifurc,even_odd,_todd16,3,0.2,3,b50b,a75b,True,41,spurious,-1,False,10,16,1.6
bifurc,even_odd,_todd16,3,0.2,4,b536,fca6,True,73,wrong_pattern,0,False,10,16,1.6
bifurc,even_odd,_todd16,3,0.2,1,bd17,bd07,True,11,correct,3,True,10,16,1.6
bifurc,even_odd,_todd16,3,0.2,5,3596,a6b6,True,37,wrong_pattern,2,False,10,16,1.6
bifurc,even_odd,_todd16,3,0.2,3,ba07,bf87,False,1124,oscillated,-1,False,10,16,1.6
bifurc,even_odd,_todd16,3,0.2,4,a847,fd4b,True,73,spurious,-1,False,10,16,1.6
bifurc,even_odd,_todd16,3,0.2,2,b547,a75b,True,37,spurious,-1,False,10,16,1.6
bifurc,even_odd,_todd16,3,0.2,2,9d03,bd07,True,17,correct,3,True,10,16,1.6
bifurc,even_odd,_todd16,3,0.2,2,b107,bd07,True,17,correct,3,True,10,16,1.6
bifurc,even_odd,_todd16,3,0.2,3,bc97,fca6,True,33,wrong_pattern,0,False,10,16,1.6
bifurc,even_odd,_todd16,3,0.2,4,b44f,f54b,False,1124,oscillated,-1,False,10,16,1.6
bifurc,even_odd,_todd16,3,0.2,6,f7a3,a6b6,True,11,wrong_pattern,2,False,10,16,1.6
bifurc,even_odd,_todd16,3,0.2,3,9587,bf97,True,33,spurious,-1,False,10,16,1.6
bifurc,even_odd,_todd16,3,0.2,3,ad67,fd4b,True,73,spurious,-1,False,10,16,1.6
bifurc,even_odd,_todd16,3,0.2,4,be0b,fd4b,True,57,spurious,-1,False,10,16,1.6
bifurc,even_odd,_todd16,3,0.2,4,7c06,fca6,True,43,wrong_pattern,0,False,10,16,1.6
bifurc,even_odd,_todd16,3,0.2,2,bd15,bd07,True,37,correct,3,True,10,16,1.6
bifurc,even_odd,_todd16,3,0.2,2,a507,bf97,True,33,spurious,-1,False,10,16,1.6
bifurc,even_odd,_todd16,3,0.2,3,b406,fca6,True,43,wrong_pattern,0,False,10,16,1.6
bifurc,even_odd,_todd16,3,0.2,3,b805,bd07,True,43,correct,3,True,10,16,1.6
bifurc,even_odd,_todd16,3,0.2,4,b047,a75b,True,37,spurious,-1,False,10,16,1.6
bifurc,even_odd,_todd16,3,0.2,5,b91c,bd07,True,63,correct,3,True,10,16,1.6
bifurc,even_odd,_todd16,3,0.2,3,3517,bf97,True,37,spurious,-1,False,10,16,1.6
bifurc,even_odd,_todd16,3,0.2,2,bd57,bd07,True,11,correct,3,True,10,16,1.6
bifurc,even_odd,_todd16,3,0.2,1,bc07,bd07,True,11,correct,3,True,10,16,1.6
bifurc,even_odd,_todd16,3,0.2,4,bd52,bd07,True,41,correct,3,True,10,16,1.6
bifurc,even_odd,_todd16,3,0.2,4,1903,1905,True,17,spurious,-1,False,10,16,1.6
bifurc,even_odd,_todd16,3,0.2,2,bd0e,bd07,True,27,correct,3,True,10,16,1.6
bifurc,even_odd,_todd16,3,0.2,3,b567,a75b,True,37,spurious,-1,False,10,16,1.6
bifurc,even_odd,_todd16,3,0.2,4,1da7,58a4,True,53,spurious,-1,False,10,16,1.6
bifurc,even_odd,_todd16,3,0.2,3,f707,bd07,True,27,correct,3,True,10,16,1.6
bifurc,even_odd,_todd16,3,0.2,2,b707,a797,True,63,spurious,-1,False,10,16,1.6
bifurc,even_odd,_todd16,3,0.2,5,9de6,fca6,True,27,wrong_pattern,0,False,10,16,1.6
bifurc,even_odd,_todd16,3,0.2,1,3d07,bd07,True,17,correct,3,True,10,16,1.6
bifurc,even_odd,_todd16,3,0.2,7,6c0c,5949,True,63,spurious,-1,False,10,16,1.6
bifurc,even_odd,_todd16,3,0.2,4,e707,a75b,True,31,spurious,-1,False,10,16,1.6
bifurc,even_odd,_todd16,3,0.2,3,3d16,bd07,True,37,correct,3,True,10,16,1.6
bifurc,even_odd,_todd16,3,0.2,3,bd24,fca6,True,43,wrong_pattern,0,False,10,16,1.6
bifurc,even_odd,_todd16,3,0.2,4,3c16,fca6,True,69,wrong_pattern,0,False,10,16,1.6
bifurc,even_odd,_todd16,3,0.2,3,bdb7,fca6,True,31,wrong_pattern,0,False,10,16,1.6
bifurc,even_odd,_todd16,3,0.2,1,b907,bd07,True,11,correct,3,True,10,16,1.6
bifurc,even_odd,_todd16,3,0.2,0,bd07,bd07,True,0,correct,3,True,10,16,1.6
bifurc,even_odd,_todd16,3,0.2,3,9c05,1905,True,43,spurious,-1,False,10,16,1.6
bifurc,even_odd,_todd16,3,0.2,3,3d8f,bd07,True,27,correct,3,True,10,16,1.6
bifurc,even_odd,_todd16,0,0.4,4,dc34,58a4,True,43,spurious,-1,False,10,16,1.6
bifurc,even_odd,_todd16,0,0.4,6,ca87,fca6,True,43,correct,0,True,10,16,1.6
bifurc,even_odd,_todd16,0,0.4,5,7af6,fca6,True,43,correct,0,True,10,16,1.6
bifurc,even_odd,_todd16,0,0.4,3,fc37,fca6,True,47,correct,0,True,10,16,1.6
bifurc,even_odd,_todd16,0,0.4,4,d4aa,fca6,True,27,correct,0,True,10,16,1.6
bifurc,even_odd,_todd16,0,0.4,6,5d8c,58a4,True,59,spurious,-1,False,10,16,1.6
bifurc,even_odd,_todd16,0,0.4,5,b807,bd07,True,11,wrong_pattern,3,False,10,16,1.6
bifurc,even_odd,_todd16,0,0.4,9,b21f,a75b,True,11,spurious,-1,False,10,16,1.6
bifurc,even_odd,_todd16,0,0.4,5,6d82,fca6,True,47,correct,0,True,10,16,1.6
bifurc,even_odd,_todd16,0,0.4,7,b8cb,fca6,True,59,correct,0,True,10,16,1.6
bifurc,even_odd,_todd16,0,0.4,6,6e64,58a4,True,43,spurious,-1,False,10,16,1.6
bifurc,even_odd,_todd16,0,0.4,5,de8f,fca6,True,27,correct,0,True,10,16,1.6
bifurc,even_odd,_todd16,0,0.4,5,d52e,fd4b,True,53,spurious,-1,False,10,16,1.6
bifurc,even_odd,_todd16,0,0.4,8,6af3,fca6,True,57,correct,0,True,10,16,1.6
bifurc,even_odd,_todd16,0,0.4,6,9ce8,58a4,True,43,spurious,-1,False,10,16,1.6
bifurc,even_odd,_todd16,0,0.4,7,a481,a6b6,True,47,wrong_pattern,2,False,10,16,1.6
bifurc,even_odd,_todd16,0,0.4,7,ccda,fc6a,True,63,spurious,-1,False,10,16,1.6
bifurc,even_odd,_todd16,0,0.4,6,703e,fca6,True,43,correct,0,True,10,16,1.6
bifurc,even_odd,_todd16,0,0.4,5,df66,fd66,False,1124,oscillated,-1,False,10,16,1.6
bifurc,even_odd,_todd16,0,0.4,9,4693,2b4,True,43,spurious,-1,False,10,16,1.6
bifurc,even_odd,_todd16,0,0.4,8,1f25,1b85,False,1124,oscillated,-1,False,10,16,1.6
bifurc,even_odd,_todd16,0,0.4,8,7b2b,fd4b,True,43,spurious,-1,False,10,16,1.6
bifurc,even_odd,_todd16,0,0.4,6,64e3,fc6a,True,17,spurious,-1,False,10,16,1.6
bifurc,even_odd,_todd16,0,0.4,3,bc8e,fca6,True,27,correct,0,True,10,16,1.6
bifurc,even_odd,_todd16,0,0.4,4,f527,bd07,True,27,wrong_pattern,3,False,10,16,1.6
bifurc,even_odd,_todd16,0,0.4,2,fca5,fca6,True,17,correct,0,True,10,16,1.6
bifurc,even_odd,_todd16,0,0.4,5,b984,fca6,True,47,correct,0,True,10,16,1.6
bifurc,even_odd,_todd16,0,0.4,9,c730,359,True,63,spurious,-1,False,10,16,1.6
bifurc,even_odd,_todd16,0,0.4,6,98e5,58a4,True,27,spurious,-1,False,10,16,1.6
bifurc,even_odd,_todd16,0,0.4,8,754c,5949,True,43,spurious,-1,False,10,16,1.6
bifurc,even_odd,_todd16,0,0.4,5,b825,fca6,True,43,correct,0,True,10,16,1.6
bifurc,even_odd,_todd16,0,0.4,7,a1e7,a6b6,True,53,wrong_pattern,2,False,10,16,1.6
bifurc,even_odd,_todd16,0,0.4,7,958a,a75b,True,73,spurious,-1,False,10,16,1.6
bifurc,even_odd,_todd16,0,0.4,9,307c,4068,True,63,spurious,-1,False,10,16,1.6
bifurc,even_odd,_todd16,0,0.4,4,d0a7,fca6,True,43,correct,0,True,10,16,1.6
bifurc,even_odd,_todd16,0,0.4,4,fe2c,fca6,True,43,correct,0,True,10,16,1.6
bifurc,even_odd,_todd16,0,0.4,5,ff16,bd07,True,27,wrong_pattern,3,False,10,16,1.6
bifurc,even_odd,_todd16,0,0.4,7,8ee,58a4,True,47,spurious,-1,False,10,16,1.6
bifurc,even_odd,_todd16,0,0.4,7,6c89,5889,False,1124,oscillated,-1,False,10,16,1.6
bifurc,even_odd,_todd16,0,0.4,8,9a03,bf87,False,1124,oscillated,-1,False,10,16,1.6
bifurc,even_odd,_todd16,0,0.4,7,a828,fc6a,True,63,spurious,-1,False,10,16,1.6
bifurc,even_odd,_todd16,0,0.4,6,f44c,fd4b,True,27,spurious,-1,False,10,16,1.6
bifurc,even_odd,_todd16,0,0.4,6,5db0,58a4,True,11,spurious,-1,False,10,16,1.6
bifurc,even_odd,_todd16,0,0.4,7,1d94,58a4,True,33,spurious,-1,False,10,16,1.6
bifurc,even_odd,_todd16,0,0.4,6,a587,bf97,True,33,spurious,-1,False,10,16,1.6
bifurc,even_odd,_todd16,0,0.4,11,4231,359,True,59,spurious,-1,False,10,16,1.6
bifurc,even_odd,_todd16,0,0.4,5,8cb2,fca6,True,41,correct,0,True,10,16,1.6
bifurc,even_odd,_todd16,0,0.4,6,ef67,ad17,False,1124,oscillated,-1,False,10,16,1.6
bifurc,even_odd,_todd16,0,0.4,6,bdcf,bd07,True,27,wrong_pattern,3,False,10,16,1.6
bifurc,even_odd,_todd16,0,0.4,5,d4a8,58a4,True,43,spurious,-1,False,10,16,1.6
bifurc,even_odd,_todd16,0,0.4,5,dee5,58a4,True,43,spurious,-1,False,10,16,1.6
bifurc,even_odd,_todd16,0,0.4,6,2d66,fd4b,True,33,spurious,-1,False,10,16,1.6
bifurc,even_odd,_todd16,0,0.4,7,3d88,58a4,True,63,spurious,-1,False,10,16,1.6
bifurc,even_odd,_todd16,0,0.4,9,4f12,915,False,1124,oscillated,-1,False,10,16,1.6
bifurc,even_odd,_todd16,0,0.4,5,fb22,fd22,False,1124,oscillated,-1,False,10,16,1.6
bifurc,even_odd,_todd16,0,0.4,7,f1d7,bf97,True,37,spurious,-1,False,10,16,1.6
bifurc,even_odd,_todd16,0,0.4,6,de2b,fd4b,True,47,spurious,-1,False,10,16,1.6
bifurc,even_odd,_todd16,0,0.4,5,78c7,fca6,True,47,correct,0,True,10,16,1.6
bifurc,even_odd,_todd16,0,0.4,7,6aa8,58a4,True,31,spurious,-1,False,10,16,1.6
bifurc,even_odd,_todd16,0,0.4,7,72ab,fca6,True,69,correct,0,True,10,16,1.6
bifurc,even_odd,_todd16,0,0.4,6,d28e,fca6,True,43,correct,0,True,10,16,1.6
bifurc,even_odd,_todd16,0,0.4,5,9c34,58a4,True,43,spurious,-1,False,10,16,1.6
bifurc,even_odd,_todd16,0,0.4,9,e05c,a75b,True,57,spurious,-1,False,10,16,1.6
bifurc,even_odd,_todd16,0,0.4,7,d542,fd4b,True,17,spurious,-1,False,10,16,1.6
bifurc,even_odd,_todd16,0,0.4,6,5dea,5868,True,43,spurious,-1,False,10,16,1.6
bifurc,even_odd,_todd16,0,0.4,7,f2cc,a6b6,True,73,wrong_pattern,2,False,10,16,1.6
bifurc,even_odd,_todd16,0,0.4,8,80f4,58a4,True,41,spurious,-1,False,10,16,1.6
bifurc,even_odd,_todd16,0,0.4,8,95c5,395,True,63,spurious,-1,False,10,16,1.6
bifurc,even_odd,_todd16,0,0.4,7,b3b7,a6b6,True,11,wrong_pattern,2,False,10,16,1.6
bifurc,even_odd,_todd16,0,0.4,5,d726,fca6,True,53,correct,0,True,10,16,1.6
bifurc,even_odd,_todd16,0,0.4,8,d7f0,2b4,True,47,spurious,-1,False,10,16,1.6
bifurc,even_odd,_todd16,0,0.4,11,3079,359,True,43,spurious,-1,False,10,16,1.6
bifurc,even_odd,_todd16,0,0.4,6,3fa3,fca6,True,37,correct,0,True,10,16,1.6
bifurc,even_odd,_todd16,0,0.4,9,33ce,e6fa,True,57,spurious,-1,False,10,16,1.6
bifurc,even_odd,_todd16,0,0.4,7,5c4c,5949,True,11,spurious,-1,False,10,16,1.6
bifurc,even_odd,_todd16,0,0.4,4,d1a6,fca6,True,43,correct,0,True,10,16,1.6
bifurc,even_odd,_todd16,0,0.4,6,94ec,52e8,False,1124,oscillated,-1,False,10,16,1.6
bifurc,even_odd,_todd16,0,0.4,6,b59e,a6b6,True,63,wrong_pattern,2,False,10,16,1.6
bifurc,even_odd,_todd16,0,0.4,8,799d,1905,True,17,spurious,-1,False,10,16,1.6
bifurc,even_odd,_todd16,0,0.4,6,6ce8,5868,True,63,spurious,-1,False,10,16,1.6
bifurc,even_odd,_todd16,1,0.4,9,b152,a75b,True,27,spurious,-1,False,10,16,1.6
bifurc,even_odd,_todd16,1,0.4,7,4b4f,359,True,41,spurious,-1,False,10,16,1.6
bifurc,even_odd,_todd16,1,0.4,7,83fc,2b4,True,27,spurious,-1,False,10,16,1.6
bifurc,even_odd,_todd16,1,0.4,9,fef9,e46a,True,33,spurious,-1,False,10,16,1.6
bifurc,even_odd,_todd16,1,0.4,7,adb4,fca6,True,41,wrong_pattern,0,False,10,16,1.6
bifurc,even_odd,_todd16,1,0.4,5,3980,58a4,True,47,spurious,-1,False,10,16,1.6
bifurc,even_odd,_todd16,1,0.4,7,29e4,58a4,True,31,spurious,-1,False,10,16,1.6
bifurc,even_odd,_todd16,1,0.4,7,ddcd,1905,True,47,spurious,-1,False,10,16,1.6
bifurc,even_odd,_todd16,1,0.4,7,8854,814,False,1124,oscillated,-1,False,10,16,1.6
bifurc,even_odd,_todd16,1,0.4,7,3d00,1905,True,43,spurious,-1,False,10,16,1.6
bifurc,even_odd,_todd16,1,0.4,7,5d4d,5949,True,11,spurious,-1,False,10,16,1.6
bifurc,even_odd,_todd16,1,0.4,5,9389,359,True,43,spurious,-1,False,10,16,1.6
bifurc,even_odd,_todd16,1,0.4,8,36bb,e6fa,True,31,spurious,-1,False,10,16,1.6
bifurc,even_odd,_todd16,1,0.4,10,22fa,e6fa,True,43,spurious,-1,False,10,16,1.6
bifurc,even_odd,_todd16,1,0.4,5,1c1d,1905,True,37,spurious,-1,False,10,16,1.6
bifurc,even_odd,_todd16,1,0.4,10,f51e,a75b,True,41,spurious,-1,False,10,16,1.6
bifurc,even_odd,_todd16,1,0.4,9,2d20,5949,True,43,spurious,-1,False,10,16,1.6
bifurc,even_odd,_todd16,1,0.4,5,d19d,395,True,37,spurious,-1,False,10,16,1.6
bifurc,even_odd,_todd16,1,0.4,4,5db5,58a4,True,27,spurious,-1,False,10,16,1.6
bifurc,even_odd,_todd16,1,0.4,9,8677,a677,False,1124,oscillated,-1,False,10,16,1.6
bifurc,even_odd,_todd16,1,0.4,5,5814,1905,True,11,spurious,-1,False,10,16,1.6
bifurc,even_odd,_todd16,1,0.4,6,1cd6,58a4,True,43,spurious,-1,False,10,16,1.6
bifurc,even_odd,_todd16,1,0.4,5,d2d5,2b4,True,37,spurious,-1,False,10,16,1.6
bifurc,even_odd,_todd16,1,0.4,5,18df,58a4,True,63,spurious,-1,False,10,16,1.6
bifurc,even_odd,_todd16,1,0.4,9,356d,5149,False,1124,oscillated,-1,False,10,16,1.6
bifurc,even_odd,_todd16,1,0.4,7,528b,359,True,99,spurious,-1,False,10,16,1.6
bifurc,even_odd,_todd16,1,0.4,8,d979,5949,True,17,spurious,-1,False,10,16,1.6
bifurc,even_odd,_todd16,1,0.4,6,5d57,1905,True,47,spurious,-1,False,10,16,1.6
bifurc,even_odd,_todd16,1,0.4,4,3b13,a797,True,43,spurious,-1,False,10,16,1.6
bifurc,even_odd,_todd16,1,0.4,5,5591,1b95,True,37,correct,1,True,10,16,1.6
bifurc,even_odd,_todd16,1,0.4,9,a821,fd4b,True,43,spurious,-1,False,10,16,1.6
bifurc,even_odd,_todd16,1,0.4,5,b381,a797,True,63,spurious,-1,False,10,16,1.6
bifurc,even_odd,_todd16,1,0.4,2,b97,1b95,True,37,correct,1,True,10,16,1.6
bifurc,even_odd,_todd16,1,0.4,6,5b3b,359,True,67,spurious,-1,False,10,16,1.6
bifurc,even_odd,_todd16,1,0.4,5,3bd2,a6b6,True,53,wrong_pattern,2,False,10,16,1.6
bifurc,even_odd,_todd16,1,0.4,6,72c5,2b4,True,37,spurious,-1,False,10,16,1.6
bifurc,even_odd,_todd16,1,0.4,10,ee2d,a75b,True,47,spurious,-1,False,10,16,1.6
bifurc,even_odd,_todd16,1,0.4,9,eeb,42f8,True,43,spurious,-1,False,10,16,1.6
bifurc,even_odd,_todd16,1,0.4,4,da15,1905,True,27,spurious,-1,False,10,16,1.6
bifurc,even_odd,_todd16,1,0.4,2,1b05,1b85,False,1124,oscillated,-1,False,10,16,1.6
bifurc,even_odd,_todd16,1,0.4,10,b406,fca6,True,43,wrong_pattern,0,False,10,16,1.6
bifurc,even_odd,_todd16,1,0.4,6,bd84,fca6,True,47,wrong_pattern,0,False,10,16,1.6
bifurc,even_odd,_todd16,1,0.4,7,3a3b,e6fa,True,63,spurious,-1,False,10,16,1.6
bifurc,even_odd,_todd16,1,0.4,6,39fc,58a4,True,27,spurious,-1,False,10,16,1.6
bifurc,even_odd,_todd16,1,0.4,7,853,359,True,43,spurious,-1,False,10,16,1.6
bifurc,even_odd,_todd16,1,0.4,6,d714,1b95,True,43,correct,1,True,10,16,1.6
bifurc,even_odd,_todd16,1,0.4,7,7eb6,fca6,True,17,wrong_pattern,0,False,10,16,1.6
bifurc,even_odd,_todd16,1,0.4,7,22b0,2b4,True,17,spurious,-1,False,10,16,1.6
bifurc,even_odd,_todd16,1,0.4,5,5307,1905,True,27,spurious,-1,False,10,16,1.6
bifurc,even_odd,_todd16,1,0.4,6,bdbd,fca6,True,37,wrong_pattern,0,False,10,16,1.6
bifurc,even_odd,_todd16,1,0.4,6,a955,a75b,True,69,spurious,-1,False,10,16,1.6
bifurc,even_odd,_todd16,1,0.4,7,55bc,58a4,True,31,spurious,-1,False,10,16,1.6
bifurc,even_odd,_todd16,1,0.4,6,5751,359,True,41,spurious,-1,False,10,16,1.6
bifurc,even_odd,_todd16,1,0.4,8,784d,5949,True,17,spurious,-1,False,10,16,1.6
bifurc,even_odd,_todd16,1,0.4,6,fd2,2b4,True,53,spurious,-1,False,10,16,1.6
bifurc,even_odd,_todd16,1,0.4,4,939c,2b4,True,27,spurious,-1,False,10,16,1.6
bifurc,even_odd,_todd16,1,0.4,4,99b7,fca6,True,43,wrong_pattern,0,False,10,16,1.6
bifurc,even_odd,_todd16,1,0.4,7,f7bd,a6b6,True,37,wrong_pattern,2,False,10,16,1.6
bifurc,even_odd,_todd16,1,0.4,8,394b,fd4b,True,43,spurious,-1,False,10,16,1.6
bifurc,even_odd,_todd16,1,0.4,6,5fe7,58a4,True,43,spurious,-1,False,10,16,1.6
bifurc,even_odd,_todd16,1,0.4,8,8a2,58a4,True,41,spurious,-1,False,10,16,1.6
bifurc,even_odd,_todd16,1,0.4,7,f9d0,fca6,True,63,wrong_pattern,0,False,10,16,1.6
bifurc,even_odd,_todd16,1,0.4,5,d2b5,2b4,True,37,spurious,-1,False,10,16,1.6
bifurc,even_odd,_todd16,1,0.4,4,381,395,True,11,spurious,-1,False,10,16,1.6
bifurc,even_odd,_todd16,1,0.4,4,b195,a797,True,63,spurious,-1,False,10,16,1.6
bifurc,even_odd,_todd16,1,0.4,8,c5f,359,True,43,spurious,-1,False,10,16,1.6
bifurc,even_odd,_todd16,1,0.4,5,211,359,True,47,spurious,-1,False,10,16,1.6
bifurc,even_odd,_todd16,1,0.4,11,6c40,5949,True,43,spurious,-1,False,10,16,1.6
bifurc,even_odd,_todd16,1,0.4,5,ac1,58a4,True,67,spurious,-1,False,10,16,1.6
bifurc,even_odd,_todd16,1,0.4,4,3a11,395,True,17,spurious,-1,False,10,16,1.6
bifurc,even_odd,_todd16,1,0.4,4,8b55,359,True,27,spurious,-1,False,10,16,1.6
bifurc,even_odd,_todd16,1,0.4,5,7f17,bd07,True,27,wrong_pattern,3,False,10,16,1.6
bifurc,even_odd,_todd16,1,0.4,9,69f2,fca6,True,53,wrong_pattern,0,False,10,16,1.6
bifurc,even_odd,_todd16,1,0.4,6,9fed,58a4,True,57,spurious,-1,False,10,16,1.6
bifurc,even_odd,_todd16,1,0.4,4,4b11,915,False,1124,oscillated,-1,False,10,16,1.6
bifurc,even_odd,_todd16,1,0.4,7,e31d,a75b,True,43,spurious,-1,False,10,16,1.6
bifurc,even_odd,_todd16,1,0.4,7,a916,bd07,True,11,wrong_pattern,3,False,10,16,1.6
bifurc,even_odd,_todd16,1,0.4,6,1865,1905,True,43,spurious,-1,False,10,16,1.6
bifurc,even_odd,_todd16,1,0.4,6,29b0,58a4,True,41,spurious,-1,False,10,16,1.6
bifurc,even_odd,_todd16,1,0.4,6,5c05,1905,True,11,spurious,-1,False,10,16,1.6
bifurc,even_odd,_todd16,2,0.4,5,b3b3,a6b6,True,11,correct,2,True,10,16,1.6
bifurc,even_odd,_todd16,2,0.4,5,eab0,fca6,True,47,wrong_pattern,0,False,10,16,1.6
bifurc,even_odd,_todd16,2,0.4,7,bcfb,fca6,True,31,wrong_pattern,0,False,10,16,1.6
bifurc,even_odd,_todd16,2,0.4,6,6cbc,58a4,True,43,spurious,-1,False,10,16,1.6
bifurc,even_odd,_todd16,2,0.4,6,23ff,a6b6,True,53,correct,2,True,10,16,1.6
bifurc,even_odd,_todd16,2,0.4,9,459d,359,True,27,spurious,-1,False,10,16,1.6
bifurc,even_odd,_todd16,2,0.4,9,8a51,359,True,17,spurious,-1,False,10,16,1.6
bifurc,even_odd,_todd16,2,0.4,5,ae8a,fca6,True,47,wrong_pattern,0,False,10,16,1.6
bifurc,even_odd,_todd16,2,0.4,5,b7e4,a6b6,True,37,correct,2,True,10,16,1.6
bifurc,even_odd,_todd16,2,0.4,3,86b3,a6b6,True,17,correct,2,True,10,16,1.6
bifurc,even_odd,_todd16,2,0.4,7,af,42f8,True,33,spurious,-1,False,10,16,1.6
bifurc,even_odd,_todd16,2,0.4,9,f289,a75b,True,99,spurious,-1,False,10,16,1.6
bifurc,even_odd,_todd16,2,0.4,7,b3ad,a6b6,True,63,correct,2,True,10,16,1.6
bifurc,even_odd,_todd16,2,0.4,7,f2d5,a6b6,True,63,correct,2,True,10,16,1.6
bifurc,even_odd,_todd16,2,0.4,8,e1d3,a75b,True,27,spurious,-1,False,10,16,1.6
bifurc,even_odd,_todd16,2,0.4,4,e2a4,fca6,True,43,wrong_pattern,0,False,10,16,1.6
bifurc,even_odd,_todd16,2,0.4,7,57a7,58a4,True,53,spurious,-1,False,10,16,1.6
bifurc,even_odd,_todd16,2,0.4,7,7836,fca6,True,43,wrong_pattern,0,False,10,16,1.6
bifurc,even_odd,_todd16,2,0.4,7,8b8e,a6b6,True,47,correct,2,True,10,16,1.6
bifurc,even_odd,_todd16,2,0.4,5,a074,e6fa,True,43,spurious,-1,False,10,16,1.6
bifurc,even_odd,_todd16,2,0.4,4,e617,a75b,True,27,spurious,-1,False,10,16,1.6
bifurc,even_odd,_todd16,2,0.4,8,1e73,2b4,True,79,spurious,-1,False,10,16,1.6
bifurc,even_odd,_todd16,2,0.4,8,e183,fd4b,True,95,spurious,-1,False,10,16,1.6
bifurc,even_odd,_todd16,2,0.4,3,7b6,2b4,True,43,spurious,-1,False,10,16,1.6
bifurc,even_odd,_todd16,2,0.4,6,c136,fd4b,True,57,spurious,-1,False,10,16,1.6
bifurc,even_odd,_todd16,2,0.4,4,c6d6,a6b6,True,31,correct,2,True,10,16,1.6
bifurc,even_odd,_todd16,2,0.4,2,26a6,a6b6,True,21,correct,2,True,10,16,1.6
bifurc,even_odd,_todd16,2,0.4,11,d100,5949,True,57,spurious,-1,False,10,16,1.6
bifurc,even_odd,_todd16,2,0.4,8,d4ea,e46a,True,37,spurious,-1,False,10,16,1.6
bifurc,even_odd,_todd16,2,0.4,6,680,2b4,True,17,spurious,-1,False,10,16,1.6
bifurc,even_odd,_todd16,2,0.4,7,4a1,58a4,True,41,spurious,-1,False,10,16,1.6
bifurc,even_odd,_todd16,2,0.4,5,af17,bf97,True,37,spurious,-1,False,10,16,1.6
bifurc,even_odd,_todd16,2,0.4,2,a6f7,a6b6,True,11,correct,2,True,10,16,1.6
bifurc,even_odd,_todd16,2,0.4,6,9214,2b4,True,63,spurious,-1,False,10,16,1.6
bifurc,even_odd,_todd16,2,0.4,6,e783,a75b,True,33,spurious,-1,False,10,16,1.6
bifurc,even_odd,_todd16,2,0.4,10,1b7f,359,True,31,spurious,-1,False,10,16,1.6
bifurc,even_odd,_todd16,2,0.4,6,bf22,fca6,True,59,wrong_pattern,0,False,10,16,1.6
bifurc,even_odd,_todd16,2,0.4,5,769e,a6b6,True,37,correct,2,True,10,16,1.6
bifurc,even_odd,_todd16,2,0.4,12,5c89,5889,False,1124,oscillated,-1,False,10,16,1.6
bifurc,even_odd,_todd16,2,0.4,8,29c6,fca6,True,63,wrong_pattern,0,False,10,16,1.6
bifurc,even_odd,_todd16,2,0.4,7,4c16,58a4,True,69,spurious,-1,False,10,16,1.6
bifurc,even_odd,_todd16,2,0.4,4,a2bd,a6b6,True,43,correct,2,True,10,16,1.6
bifurc,even_odd,_todd16,2,0.4,8,83db,a75b,True,43,spurious,-1,False,10,16,1.6
bifurc,even_odd,_todd16,2,0.4,3,a734,a6b6,True,43,correct,2,True,10,16,1.6
bifurc,even_odd,_todd16,2,0.4,9,897c,5949,True,37,spurious,-1,False,10,16,1.6
bifurc,even_odd,_todd16,2,0.4,9,4ff8,42f8,True,17,spurious,-1,False,10,16,1.6
bifurc,even_odd,_todd16,2,0.4,8,9156,a75b,True,43,spurious,-1,False,10,16,1.6
bifurc,even_odd,_todd16,2,0.4,4,a79c,a6b6,True,27,correct,2,True,10,16,1.6
bifurc,even_odd,_todd16,2,0.4,7,4ed2,58a4,True,57,spurious,-1,False,10,16,1.6
bifurc,even_odd,_todd16,2,0.4,2,b4b6,fca6,True,41,wrong_pattern,0,False,10,16,1.6
bifurc,even_odd,_todd16,2,0.4,7,a305,a797,True,43,spurious,-1,False,10,16,1.6
bifurc,even_odd,_todd16,2,0.4,5,a642,a75b,True,27,spurious,-1,False,10,16,1.6
bifurc,even_odd,_todd16,2,0.4,5,a517,a797,True,33,spurious,-1,False,10,16,1.6
bifurc,even_odd,_todd16,2,0.4,7,34ab,f6ea,False,1124,oscillated,-1,False,10,16,1.6
bifurc,even_odd,_todd16,2,0.4,6,8093,a6b6,True,47,correct,2,True,10,16,1.6
bifurc,even_odd,_todd16,2,0.4,7,31bc,2b4,True,63,spurious,-1,False,10,16,1.6
bifurc,even_odd,_todd16,2,0.4,7,60b1,2b4,True,57,spurious,-1,False,10,16,1.6
bifurc,even_odd,_todd16,2,0.4,10,5b3c,1905,True,69,spurious,-1,False,10,16,1.6
bifurc,even_odd,_todd16,2,0.4,5,656,359,True,63,spurious,-1,False,10,16,1.6
bifurc,even_odd,_todd16,2,0.4,5,f36,ab4,False,1124,oscillated,-1,False,10,16,1.6
bifurc,even_odd,_todd16,2,0.4,4,e297,a6b6,True,27,correct,2,True,10,16,1.6
bifurc,even_odd,_todd16,2,0.4,6,ac1a,fd4b,True,11,spurious,-1,False,10,16,1.6
bifurc,even_odd,_todd16,2,0.4,3,97b6,a6b6,True,37,correct,2,True,10,16,1.6
bifurc,even_odd,_todd16,2,0.4,3,a624,a6b6,True,17,correct,2,True,10,16,1.6
bifurc,even_odd,_todd16,2,0.4,6,fc86,fca6,True,17,wrong_pattern,0,False,10,16,1.6
bifurc,even_odd,_todd16,2,0.4,7,ff5,2b4,True,27,spurious,-1,False,10,16,1.6
bifurc,even_odd,_todd16,2,0.4,4,2286,a6b6,True,43,correct,2,True,10,16,1.6
bifurc,even_odd,_todd16,2,0.4,5,b2d2,a6b6,True,31,correct,2,True,10,16,1.6
bifurc,even_odd,_todd16,2,0.4,7,28aa,fca6,True,47,wrong_pattern,0,False,10,16,1.6
bifurc,even_odd,_todd16,2,0.4,6,f4fa,e46a,True,63,spurious,-1,False,10,16,1.6
bifurc,even_odd,_todd16,2,0.4,7,a08d,a6b6,True,63,correct,2,True,10,16,1.6
bifurc,even_odd,_todd16,2,0.4,7,ebd7,bf97,True,11,spurious,-1,False,10,16,1.6
bifurc,even_odd,_todd16,2,0.4,7,9c3a,fca6,True,33,wrong_pattern,0,False,10,16,1.6
bifurc,even_odd,_todd16,2,0.4,4,64b7,fca6,True,33,wrong_pattern,0,False,10,16,1.6
bifurc,even_odd,_todd16,2,0.4,7,31f7,a6b6,True,63,correct,2,True,10,16,1.6
bifurc,even_odd,_todd16,2,0.4,7,76ef,fca6,True,69,wrong_pattern,0,False,10,16,1.6
bifurc,even_odd,_todd16,2,0.4,7,5f96,58a4,True,43,spurious,-1,False,10,16,1.6
bifurc,even_odd,_todd16,2,0.4,5,f5be,fca6,True,31,wrong_pattern,0,False,10,16,1.6
bifurc,even_odd,_todd16,2,0.4,7,3027,fca6,True,43,wrong_pattern,0,False,10,16,1.6
bifurc,even_odd,_todd16,2,0.4,8,4a27,58a4,True,53,spurious,-1,False,10,16,1.6
bifurc,even_odd,_todd16,3,0.4,7,f75e,a75b,True,31,spurious,-1,False,10,16,1.6
bifurc,even_odd,_todd16,3,0.4,5,f137,bd07,True,27,correct,3,True,10,16,1.6
bifurc,even_odd,_todd16,3,0.4,4,b183,a797,True,37,spurious,-1,False,10,16,1.6
bifurc,even_odd,_todd16,3,0.4,7,31e3,fca6,True,63,wrong_pattern,0,False,10,16,1.6
bifurc,even_odd,_todd16,3,0.4,6,39c4,58a4,True,47,spurious,-1,False,10,16,1.6
bifurc,even_odd,_todd16,3,0.4,5,8d63,fd4b,True,37,spurious,-1,False,10,16,1.6
bifurc,even_odd,_todd16,3,0.4,7,89ce,fd4b,True,63,spurious,-1,False,10,16,1.6
bifurc,even_odd,_todd16,3,0.4,6,9a46,fca6,True,43,wrong_pattern,0,False,10,16,1.6
bifurc,even_odd,_todd16,3,0.4,7,88b7,fca6,True,47,wrong_pattern,0,False,10,16,1.6
bifurc,even_odd,_todd16,3,0.4,7,344c,5149,False,1124,oscillated,-1,False,10,16,1.6
bifurc,even_odd,_todd16,3,0.4,6,9026,fca6,True,43,wrong_pattern,0,False,10,16,1.6
bifurc,even_odd,_todd16,3,0.4,7,7853,fd4b,True,43,spurious,-1,False,10,16,1.6
bifurc,even_odd,_todd16,3,0.4,8,c9cd,1905,True,47,spurious,-1,False,10,16,1.6
bifurc,even_odd,_todd16,3,0.4,7,7d48,5949,True,43,spurious,-1,False,10,16,1.6
bifurc,even_odd,_todd16,3,0.4,10,fbc,2b4,True,17,spurious,-1,False,10,16,1.6
bifurc,even_odd,_todd16,3,0.4,5,b133,a75b,True,31,spurious,-1,False,10,16,1.6
bifurc,even_odd,_todd16,3,0.4,7,b7e1,a6b6,True,41,wrong_pattern,2,False,10,16,1.6
bifurc,even_odd,_todd16,3,0.4,5,f785,bf97,True,31,spurious,-1,False,10,16,1.6
bifurc,even_odd,_todd16,3,0.4,5,9b86,fca6,True,43,wrong_pattern,0,False,10,16,1.6
bifurc,even_odd,_todd16,3,0.4,6,ac9d,fca6,True,67,wrong_pattern,0,False,10,16,1.6
bifurc,even_odd,_todd16,3,0.4,5,dd2b,fd4b,True,17,spurious,-1,False,10,16,1.6
bifurc,even_odd,_todd16,3,0.4,7,a014,a6b6,True,43,wrong_pattern,2,False,10,16,1.6
bifurc,even_odd,_todd16,3,0.4,8,80cf,a75b,True,47,spurious,-1,False,10,16,1.6
bifurc,even_odd,_todd16,3,0.4,9,1dfc,58a4,True,27,spurious,-1,False,10,16,1.6
bifurc,even_odd,_todd16,3,0.4,6,fd69,fd4b,True,17,spurious,-1,False,10,16,1.6
bifurc,even_odd,_todd16,3,0.4,8,e96c,fd4b,True,43,spurious,-1,False,10,16,1.6
bifurc,even_odd,_todd16,3,0.4,9,29e9,5868,True,37,spurious,-1,False,10,16,1.6
bifurc,even_odd,_todd16,3,0.4,6,945,5949,True,73,spurious,-1,False,10,16,1.6
bifurc,even_odd,_todd16,3,0.4,2,bd15,bd07,True,37,correct,3,True,10,16,1.6
bifurc,even_odd,_todd16,3,0.4,7,f1a1,fca6,True,53,wrong_pattern,0,False,10,16,1.6
bifurc,even_odd,_todd16,3,0.4,4,7c17,bd07,True,27,correct,3,True,10,16,1.6
bifurc,even_odd,_todd16,3,0.4,10,c6e6,e6fa,True,47,spurious,-1,False,10,16,1.6
bifurc,even_odd,_todd16,3,0.4,6,f8af,fca6,True,17,wrong_pattern,0,False,10,16,1.6
bifurc,even_odd,_todd16,3,0.4,5,7597,bf97,True,21,spurious,-1,False,10,16,1.6
bifurc,even_odd,_todd16,3,0.4,5,d127,bd07,True,43,correct,3,True,10,16,1.6
bifurc,even_odd,_todd16,3,0.4,7,551d,359,True,37,spurious,-1,False,10,16,1.6
bifurc,even_odd,_todd16,3,0.4,8,35fb,a75b,True,69,spurious,-1,False,10,16,1.6
bifurc,even_odd,_todd16,3,0.4,7,d08,5949,True,11,spurious,-1,False,10,16,1.6
bifurc,even_odd,_todd16,3,0.4,7,71e7,fca6,True,53,wrong_pattern,0,False,10,16,1.6
bifurc,even_odd,_todd16,3,0.4,4,bea7,fca6,True,21,wrong_pattern,0,False,10,16,1.6
bifurc,even_odd,_todd16,3,0.4,7,5723,359,True,47,spurious,-1,False,10,16,1.6
bifurc,even_odd,_todd16,3,0.4,8,c52,5949,True,63,spurious,-1,False,10,16,1.6
bifurc,even_odd,_todd16,3,0.4,7,957d,359,True,43,spurious,-1,False,10,16,1.6
bifurc,even_odd,_todd16,3,0.4,8,196c,5949,True,31,spurious,-1,False,10,16,1.6
bifurc,even_odd,_todd16,3,0.4,10,e374,a75b,True,63,spurious,-1,False,10,16,1.6
bifurc,even_odd,_todd16,3,0.4,5,e90e,fd4b,True,31,spurious,-1,False,10,16,1.6
bifurc,even_odd,_todd16,3,0.4,3,a50f,a75b,True,27,spurious,-1,False,10,16,1.6
bifurc,even_odd,_todd16,3,0.4,7,e896,fca6,True,31,wrong_pattern,0,False,10,16,1.6
bifurc,even_odd,_todd16,3,0.4,8,5f61,5949,True,17,spurious,-1,False,10,16,1.6
bifurc,even_odd,_todd16,3,0.4,7,90e7,fca6,True,43,wrong_pattern,0,False,10,16,1.6
bifurc,even_odd,_todd16,3,0.4,4,a705,a797,True,27,spurious,-1,False,10,16,1.6
bifurc,even_odd,_todd16,3,0.4,4,b577,a75b,True,31,spurious,-1,False,10,16,1.6
bifurc,even_odd,_todd16,3,0.4,9,5044,5949,True,53,spurious,-1,False,10,16,1.6
bifurc,even_odd,_todd16,3,0.4,6,d816,fca6,True,69,wrong_pattern,0,False,10,16,1.6
bifurc,even_odd,_todd16,3,0.4,7,aea1,fca6,True,41,wrong_pattern,0,False,10,16,1.6
bifurc,even_odd,_todd16,3,0.4,10,4129,5949,True,27,spurious,-1,False,10,16,1.6
bifurc,even_odd,_todd16,3,0.4,5,8cc7,fca6,True,63,wrong_pattern,0,False,10,16,1.6
bifurc,even_odd,_todd16,3,0.4,6,852b,a75b,True,17,spurious,-1,False,10,16,1.6
bifurc,even_odd,_todd16,3,0.4,11,4e9,42f8,True,27,spurious,-1,False,10,16,1.6
bifurc,even_odd,_todd16,3,0.4,6,ec0c,fd4b,True,37,spurious,-1,False,10,16,1.6
bifurc,even_odd,_todd16,3,0.4,9,542a,5868,True,43,spurious,-1,False,10,16,1.6
bifurc,even_odd,_todd16,3,0.4,5,bcbf,fca6,True,27,wrong_pattern,0,False,10,16,1.6
bifurc,even_odd,_todd16,3,0.4,9,c1e3,fd4b,True,43,spurious,-1,False,10,16,1.6
bifurc,even_odd,_todd16,3,0.4,4,af46,a75b,True,43,spurious,-1,False,10,16,1.6
bifurc,even_odd,_todd16,3,0.4,6,a742,a75b,True,17,spurious,-1,False,10,16,1.6
bifurc,even_odd,_todd16,3,0.4,6,38c5,58a4,True,47,spurious,-1,False,10,16,1.6
bifurc,even_odd,_todd16,3,0.4,9,8362,a75b,True,43,spurious,-1,False,10,16,1.6
bifurc,even_odd,_todd16,3,0.4,4,ed23,bd07,True,57,correct,3,True,10,16,1.6
bifurc,even_odd,_todd16,3,0.4,5,d986,fca6,True,43,wrong_pattern,0,False,10,16,1.6
bifurc,even_odd,_todd16,3,0.4,7,fcde,fca6,True,33,wrong_pattern,0,False,10,16,1.6
bifurc,even_odd,_todd16,3,0.4,7,b3b5,a6b6,True,63,wrong_pattern,2,False,10,16,1.6
bifurc,even_odd,_todd16,3,0.4,5,b934,fca6,True,53,wrong_pattern,0,False,10,16,1.6
bifurc,even_odd,_todd16,3,0.4,5,1583,395,True,63,spurious,-1,False,10,16,1.6
bifurc,even_odd,_todd16,3,0.4,4,ac2f,fd4b,True,27,spurious,-1,False,10,16,1.6
bifurc,even_odd,_todd16,3,0.4,6,dfa5,58a4,True,43,spurious,-1,False,10,16,1.6
bifurc,even_odd,_todd16,3,0.4,6,2f1e,a75b,True,37,spurious,-1,False,10,16,1.6
bifurc,even_odd,_todd16,3,0.4,7,d441,5949,True,43,spurious,-1,False,10,16,1.6
bifurc,even_odd,_todd16,3,0.4,8,a430,e6fa,True,27,spurious,-1,False,10,16,1.6
bifurc,even_odd,_todd16,3,0.4,3,9903,bd07,True,43,correct,3,True,10,16,1.6
bifurc,even_odd,_todd16,3,0.4,7,14af,58a4,True,69,spurious,-1,False,10,16,1.6
bifurc,even_odd,_todd17,2,0.375,6,1776,3dc,False,1188,oscillated,-1,False,10,17,1.7
bifurc,even_odd,_todd17,1,0.375,6,17de,374,False,1188,oscillated,-1,False,10,17,1.7
bifurc,even_odd,_todd17,2,0.4375,7,24dd,275,False,1188,oscillated,-1,False,10,17,1.7
bifurc,even_odd,_todd17,2,0.375,6,3774,3dc,False,1188,oscillated,-1,False,10,17,1.7
bifurc,even_odd,_todd17,1,0.375,6,37dc,374,False,1188,oscillated,-1,False,10,17,1.7
bifurc,even_odd,_todd17,0,0.375,6,448e,58a4,True,45,spurious,-1,False,10,17,1.7
bifurc,even_odd,_todd17,0,0.375,6,4d66,59cc,False,1188,oscillated,-1,False,10,17,1.7
bifurc,even_odd,_todd17,0,0.3125,5,5d22,5988,False,1188,oscillated,-1,False,10,17,1.7
bifurc,even_odd,_todd17,0,0.375,6,5d8a,5920,False,1188,oscillated,-1,False,10,17,1.7
bifurc,even_odd,_todd17,0,0.375,6,648c,58a4,True,45,spurious,-1,False,10,17,1.7
bifurc,even_odd,_todd17,2,0.375,6,69b,231,False,1188,oscillated,-1,False,10,17,1.7
bifurc,even_odd,_todd17,1,0.375,6,6bd3,a75b,True,45,spurious,-1,False,10,17,1.7
bifurc,even_odd,_todd17,0,0.3125,5,7867,fccf,False,1188,oscillated,-1,False,10,17,1.7
bifurc,even_odd,_todd17,0,0.375,6,7b66,fdce,False,1188,oscillated,-1,False,10,17,1.7
bifurc,even_odd,_todd17,0,0.4375,7,7bce,fd66,False,1188,oscillated,-1,False,10,17,1.7
bifurc,even_odd,_todd17,0,0.3125,5,7d20,5988,False,1188,oscillated,-1,False,10,17,1.7
bifurc,even_odd,_todd17,0,0.375,6,7d88,5920,False,1188,oscillated,-1,False,10,17,1.7
bifurc,even_odd,_todd17,2,0.4375,7,84dd,275,False,1188,oscillated,-1,False,10,17,1.7
bifurc,even_odd,_todd17,2,0.375,6,8574,3dc,False,1188,oscillated,-1,False,10,17,1.7
bifurc,even_odd,_todd17,2,0.4375,7,85dc,374,False,1188,oscillated,-1,False,10,17,1.7
bifurc,even_odd,_todd17,1,0.3125,5,8bd3,a75b,True,45,spurious,-1,False,10,17,1.7
bifurc,even_odd,_todd17,2,0.375,6,a174,a7de,False,1188,oscillated,-1,False,10,17,1.7
bifurc,even_odd,_todd17,2,0.375,6,a3dc,a776,False,1188,oscillated,-1,False,10,17,1.7
bifurc,even_odd,_todd17,0,0.375,6,c1ae,fca6,True,45,correct,0,True,10,17,1.7
bifurc,even_odd,_todd17,0,0.375,6,c966,fdce,False,1188,oscillated,-1,False,10,17,1.7
bifurc,even_odd,_todd17,0,0.4375,7,c9ce,fd66,False,1188,oscillated,-1,False,10,17,1.7
bifurc,even_odd,_todd17,0,0.375,6,d8cf,fc67,False,1188,oscillated,-1,False,10,17,1.7
bifurc,even_odd,_todd17,0,0.4375,7,dacf,fc67,False,1188,oscillated,-1,False,10,17,1.7
bifurc,even_odd,_todd17,0,0.375,6,e1ac,fca6,True,45,correct,0,True,10,17,1.7
bifurc,even_odd,_todd17,0,0.375,6,e964,fdce,False,1188,oscillated,-1,False,10,17,1.7
bifurc,even_odd,_todd17,0,0.4375,7,e9cc,fd66,False,1188,oscillated,-1,False,10,17,1.7
bifurc,even_odd,_todd17,1,0.375,6,fde,374,False,1188,oscillated,-1,False,10,17,1.7
bifurc,even_odd,_todd17,0,0.0,0,fca6,fca6,True,0,correct,0,True,10,17,1.7
bifurc,even_odd,_todd17,0,0.0,0,fca6,fca6,True,0,correct,0,True,10,17,1.7
bifurc,even_odd,_todd17,0,0.0,0,fca6,fca6,True,0,correct,0,True,10,17,1.7
bifurc,even_odd,_todd17,0,0.0,0,fca6,fca6,True,0,correct,0,True,10,17,1.7
bifurc,even_odd,_todd17,0,0.0,0,fca6,fca6,True,0,correct,0,True,10,17,1.7
bifurc,even_odd,_todd17,0,0.0,0,fca6,fca6,True,0,correct,0,True,10,17,1.7
bifurc,even_odd,_todd17,0,0.0,0,fca6,fca6,True,0,correct,0,True,10,17,1.7
bifurc,even_odd,_todd17,0,0.0,0,fca6,fca6,True,0,correct,0,True,10,17,1.7
bifurc,even_odd,_todd17,0,0.0,0,fca6,fca6,True,0,correct,0,True,10,17,1.7
bifurc,even_odd,_todd17,0,0.0,0,fca6,fca6,True,0,correct,0,True,10,17,1.7
bifurc,even_odd,_todd17,0,0.0,0,fca6,fca6,True,0,correct,0,True,10,17,1.7
bifurc,even_odd,_todd17,0,0.0,0,fca6,fca6,True,0,correct,0,True,10,17,1.7
bifurc,even_odd,_todd17,0,0.0,0,fca6,fca6,True,0,correct,0,True,10,17,1.7
bifurc,even_odd,_todd17,0,0.0,0,fca6,fca6,True,0,correct,0,True,10,17,1.7
bifurc,even_odd,_todd17,0,0.0,0,fca6,fca6,True,0,correct,0,True,10,17,1.7
bifurc,even_odd,_todd17,0,0.0,0,fca6,fca6,True,0,correct,0,True,10,17,1.7
bifurc,even_odd,_todd17,0,0.0,0,fca6,fca6,True,0,correct,0,True,10,17,1.7
bifurc,even_odd,_todd17,0,0.0,0,fca6,fca6,True,0,correct,0,True,10,17,1.7
bifurc,even_odd,_todd17,0,0.0,0,fca6,fca6,True,0,correct,0,True,10,17,1.7
bifurc,even_odd,_todd17,0,0.0,0,fca6,fca6,True,0,correct,0,True,10,17,1.7
bifurc,even_odd,_todd17,0,0.0,0,fca6,fca6,True,0,correct,0,True,10,17,1.7
bifurc,even_odd,_todd17,0,0.0,0,fca6,fca6,True,0,correct,0,True,10,17,1.7
bifurc,even_odd,_todd17,0,0.0,0,fca6,fca6,True,0,correct,0,True,10,17,1.7
bifurc,even_odd,_todd17,0,0.0,0,fca6,fca6,True,0,correct,0,True,10,17,1.7
bifurc,even_odd,_todd17,0,0.0,0,fca6,fca6,True,0,correct,0,True,10,17,1.7
bifurc,even_odd,_todd17,0,0.0,0,fca6,fca6,True,0,correct,0,True,10,17,1.7
bifurc,even_odd,_todd17,0,0.0,0,fca6,fca6,True,0,correct,0,True,10,17,1.7
bifurc,even_odd,_todd17,0,0.0,0,fca6,fca6,True,0,correct,0,True,10,17,1.7
bifurc,even_odd,_todd17,0,0.0,0,fca6,fca6,True,0,correct,0,True,10,17,1.7
bifurc,even_odd,_todd17,0,0.0,0,fca6,fca6,True,0,correct,0,True,10,17,1.7
bifurc,even_odd,_todd17,0,0.0,0,fca6,fca6,True,0,correct,0,True,10,17,1.7
bifurc,even_odd,_todd17,0,0.0,0,fca6,fca6,True,0,correct,0,True,10,17,1.7
bifurc,even_odd,_todd17,0,0.0,0,fca6,fca6,True,0,correct,0,True,10,17,1.7
bifurc,even_odd,_todd17,0,0.0,0,fca6,fca6,True,0,correct,0,True,10,17,1.7
bifurc,even_odd,_todd17,0,0.0,0,fca6,fca6,True,0,correct,0,True,10,17,1.7
bifurc,even_odd,_todd17,0,0.0,0,fca6,fca6,True,0,correct,0,True,10,17,1.7
bifurc,even_odd,_todd17,0,0.0,0,fca6,fca6,True,0,correct,0,True,10,17,1.7
bifurc,even_odd,_todd17,0,0.0,0,fca6,fca6,True,0,correct,0,True,10,17,1.7
bifurc,even_odd,_todd17,0,0.0,0,fca6,fca6,True,0,correct,0,True,10,17,1.7
bifurc,even_odd,_todd17,0,0.0,0,fca6,fca6,True,0,correct,0,True,10,17,1.7
bifurc,even_odd,_todd17,0,0.0,0,fca6,fca6,True,0,correct,0,True,10,17,1.7
bifurc,even_odd,_todd17,0,0.0,0,fca6,fca6,True,0,correct,0,True,10,17,1.7
bifurc,even_odd,_todd17,0,0.0,0,fca6,fca6,True,0,correct,0,True,10,17,1.7
bifurc,even_odd,_todd17,0,0.0,0,fca6,fca6,True,0,correct,0,True,10,17,1.7
bifurc,even_odd,_todd17,0,0.0,0,fca6,fca6,True,0,correct,0,True,10,17,1.7
bifurc,even_odd,_todd17,0,0.0,0,fca6,fca6,True,0,correct,0,True,10,17,1.7
bifurc,even_odd,_todd17,0,0.0,0,fca6,fca6,True,0,correct,0,True,10,17,1.7
bifurc,even_odd,_todd17,0,0.0,0,fca6,fca6,True,0,correct,0,True,10,17,1.7
bifurc,even_odd,_todd17,0,0.0,0,fca6,fca6,True,0,correct,0,True,10,17,1.7
bifurc,even_odd,_todd17,0,0.0,0,fca6,fca6,True,0,correct,0,True,10,17,1.7
bifurc,even_odd,_todd17,0,0.0,0,fca6,fca6,True,0,correct,0,True,10,17,1.7
bifurc,even_odd,_todd17,0,0.0,0,fca6,fca6,True,0,correct,0,True,10,17,1.7
bifurc,even_odd,_todd17,0,0.0,0,fca6,fca6,True,0,correct,0,True,10,17,1.7
bifurc,even_odd,_todd17,0,0.0,0,fca6,fca6,True,0,correct,0,True,10,17,1.7
bifurc,even_odd,_todd17,0,0.0,0,fca6,fca6,True,0,correct,0,True,10,17,1.7
bifurc,even_odd,_todd17,0,0.0,0,fca6,fca6,True,0,correct,0,True,10,17,1.7
bifurc,even_odd,_todd17,0,0.0,0,fca6,fca6,True,0,correct,0,True,10,17,1.7
bifurc,even_odd,_todd17,0,0.0,0,fca6,fca6,True,0,correct,0,True,10,17,1.7
bifurc,even_odd,_todd17,0,0.0,0,fca6,fca6,True,0,correct,0,True,10,17,1.7
bifurc,even_odd,_todd17,0,0.0,0,fca6,fca6,True,0,correct,0,True,10,17,1.7
bifurc,even_odd,_todd17,0,0.0,0,fca6,fca6,True,0,correct,0,True,10,17,1.7
bifurc,even_odd,_todd17,0,0.0,0,fca6,fca6,True,0,correct,0,True,10,17,1.7
bifurc,even_odd,_todd17,0,0.0,0,fca6,fca6,True,0,correct,0,True,10,17,1.7
bifurc,even_odd,_todd17,0,0.0,0,fca6,fca6,True,0,correct,0,True,10,17,1.7
bifurc,even_odd,_todd17,0,0.0,0,fca6,fca6,True,0,correct,0,True,10,17,1.7
bifurc,even_odd,_todd17,0,0.0,0,fca6,fca6,True,0,correct,0,True,10,17,1.7
bifurc,even_odd,_todd17,0,0.0,0,fca6,fca6,True,0,correct,0,True,10,17,1.7
bifurc,even_odd,_todd17,0,0.0,0,fca6,fca6,True,0,correct,0,True,10,17,1.7
bifurc,even_odd,_todd17,0,0.0,0,fca6,fca6,True,0,correct,0,True,10,17,1.7
bifurc,even_odd,_todd17,0,0.0,0,fca6,fca6,True,0,correct,0,True,10,17,1.7
bifurc,even_odd,_todd17,0,0.0,0,fca6,fca6,True,0,correct,0,True,10,17,1.7
bifurc,even_odd,_todd17,0,0.0,0,fca6,fca6,True,0,correct,0,True,10,17,1.7
bifurc,even_odd,_todd17,0,0.0,0,fca6,fca6,True,0,correct,0,True,10,17,1.7
bifurc,even_odd,_todd17,0,0.0,0,fca6,fca6,True,0,correct,0,True,10,17,1.7
bifurc,even_odd,_todd17,0,0.0,0,fca6,fca6,True,0,correct,0,True,10,17,1.7
bifurc,even_odd,_todd17,0,0.0,0,fca6,fca6,True,0,correct,0,True,10,17,1.7
bifurc,even_odd,_todd17,0,0.0,0,fca6,fca6,True,0,correct,0,True,10,17,1.7
bifurc,even_odd,_todd17,0,0.0,0,fca6,fca6,True,0,correct,0,True,10,17,1.7
bifurc,even_odd,_todd17,0,0.0,0,fca6,fca6,True,0,correct,0,True,10,17,1.7
bifurc,even_odd,_todd17,0,0.0,0,fca6,fca6,True,0,correct,0,True,10,17,1.7
bifurc,even_odd,_todd17,1,0.0,0,1b95,1b95,True,0,correct,1,True,10,17,1.7
bifurc,even_odd,_todd17,1,0.0,0,1b95,1b95,True,0,correct,1,True,10,17,1.7
bifurc,even_odd,_todd17,1,0.0,0,1b95,1b95,True,0,correct,1,True,10,17,1.7
bifurc,even_odd,_todd17,1,0.0,0,1b95,1b95,True,0,correct,1,True,10,17,1.7
bifurc,even_odd,_todd17,1,0.0,0,1b95,1b95,True,0,correct,1,True,10,17,1.7
bifurc,even_odd,_todd17,1,0.0,0,1b95,1b95,True,0,correct,1,True,10,17,1.7
bifurc,even_odd,_todd17,1,0.0,0,1b95,1b95,True,0,correct,1,True,10,17,1.7
bifurc,even_odd,_todd17,1,0.0,0,1b95,1b95,True,0,correct,1,True,10,17,1.7
bifurc,even_odd,_todd17,1,0.0,0,1b95,1b95,True,0,correct,1,True,10,17,1.7
bifurc,even_odd,_todd17,1,0.0,0,1b95,1b95,True,0,correct,1,True,10,17,1.7
bifurc,even_odd,_todd17,1,0.0,0,1b95,1b95,True,0,correct,1,True,10,17,1.7
bifurc,even_odd,_todd17,1,0.0,0,1b95,1b95,True,0,correct,1,True,10,17,1.7
bifurc,even_odd,_todd17,1,0.0,0,1b95,1b95,True,0,correct,1,True,10,17,1.7
bifurc,even_odd,_todd17,1,0.0,0,1b95,1b95,True,0,correct,1,True,10,17,1.7
bifurc,even_odd,_todd17,1,0.0,0,1b95,1b95,True,0,correct,1,True,10,17,1.7
bifurc,even_odd,_todd17,1,0.0,0,1b95,1b95,True,0,correct,1,True,10,17,1.7
bifurc,even_odd,_todd17,1,0.0,0,1b95,1b95,True,0,correct,1,True,10,17,1.7
bifurc,even_odd,_todd17,1,0.0,0,1b95,1b95,True,0,correct,1,True,10,17,1.7
bifurc,even_odd,_todd17,1,0.0,0,1b95,1b95,True,0,correct,1,True,10,17,1.7
bifurc,even_odd,_todd17,1,0.0,0,1b95,1b95,True,0,correct,1,True,10,17,1.7
bifurc,even_odd,_todd17,1,0.0,0,1b95,1b95,True,0,correct,1,True,10,17,1.7
bifurc,even_odd,_todd17,1,0.0,0,1b95,1b95,True,0,correct,1,True,10,17,1.7
bifurc,even_odd,_todd17,1,0.0,0,1b95,1b95,True,0,correct,1,True,10,17,1.7
bifurc,even_odd,_todd17,1,0.0,0,1b95,1b95,True,0,correct,1,True,10,17,1.7
bifurc,even_odd,_todd17,1,0.0,0,1b95,1b95,True,0,correct,1,True,10,17,1.7
bifurc,even_odd,_todd17,1,0.0,0,1b95,1b95,True,0,correct,1,True,10,17,1.7
bifurc,even_odd,_todd17,1,0.0,0,1b95,1b95,True,0,correct,1,True,10,17,1.7
bifurc,even_odd,_todd17,1,0.0,0,1b95,1b95,True,0,correct,1,True,10,17,1.7
bifurc,even_odd,_todd17,1,0.0,0,1b95,1b95,True,0,correct,1,True,10,17,1.7
bifurc,even_odd,_todd17,1,0.0,0,1b95,1b95,True,0,correct,1,True,10,17,1.7
bifurc,even_odd,_todd17,1,0.0,0,1b95,1b95,True,0,correct,1,True,10,17,1.7
bifurc,even_odd,_todd17,1,0.0,0,1b95,1b95,True,0,correct,1,True,10,17,1.7
bifurc,even_odd,_todd17,1,0.0,0,1b95,1b95,True,0,correct,1,True,10,17,1.7
bifurc,even_odd,_todd17,1,0.0,0,1b95,1b95,True,0,correct,1,True,10,17,1.7
bifurc,even_odd,_todd17,1,0.0,0,1b95,1b95,True,0,correct,1,True,10,17,1.7
bifurc,even_odd,_todd17,1,0.0,0,1b95,1b95,True,0,correct,1,True,10,17,1.7
bifurc,even_odd,_todd17,1,0.0,0,1b95,1b95,True,0,correct,1,True,10,17,1.7
bifurc,even_odd,_todd17,1,0.0,0,1b95,1b95,True,0,correct,1,True,10,17,1.7
bifurc,even_odd,_todd17,1,0.0,0,1b95,1b95,True,0,correct,1,True,10,17,1.7
bifurc,even_odd,_todd17,1,0.0,0,1b95,1b95,True,0,correct,1,True,10,17,1.7
bifurc,even_odd,_todd17,1,0.0,0,1b95,1b95,True,0,correct,1,True,10,17,1.7
bifurc,even_odd,_todd17,1,0.0,0,1b95,1b95,True,0,correct,1,True,10,17,1.7
bifurc,even_odd,_todd17,1,0.0,0,1b95,1b95,True,0,correct,1,True,10,17,1.7
bifurc,even_odd,_todd17,1,0.0,0,1b95,1b95,True,0,correct,1,True,10,17,1.7
bifurc,even_odd,_todd17,1,0.0,0,1b95,1b95,True,0,correct,1,True,10,17,1.7
bifurc,even_odd,_todd17,1,0.0,0,1b95,1b95,True,0,correct,1,True,10,17,1.7
bifurc,even_odd,_todd17,1,0.0,0,1b95,1b95,True,0,correct,1,True,10,17,1.7
bifurc,even_odd,_todd17,1,0.0,0,1b95,1b95,True,0,correct,1,True,10,17,1.7
bifurc,even_odd,_todd17,1,0.0,0,1b95,1b95,True,0,correct,1,True,10,17,1.7
bifurc,even_odd,_todd17,1,0.0,0,1b95,1b95,True,0,correct,1,True,10,17,1.7
bifurc,even_odd,_todd17,1,0.0,0,1b95,1b95,True,0,correct,1,True,10,17,1.7
bifurc,even_odd,_todd17,1,0.0,0,1b95,1b95,True,0,correct,1,True,10,17,1.7
bifurc,even_odd,_todd17,1,0.0,0,1b95,1b95,True,0,correct,1,True,10,17,1.7
bifurc,even_odd,_todd17,1,0.0,0,1b95,1b95,True,0,correct,1,True,10,17,1.7
bifurc,even_odd,_todd17,1,0.0,0,1b95,1b95,True,0,correct,1,True,10,17,1.7
bifurc,even_odd,_todd17,1,0.0,0,1b95,1b95,True,0,correct,1,True,10,17,1.7
bifurc,even_odd,_todd17,1,0.0,0,1b95,1b95,True,0,correct,1,True,10,17,1.7
bifurc,even_odd,_todd17,1,0.0,0,1b95,1b95,True,0,correct,1,True,10,17,1.7
bifurc,even_odd,_todd17,1,0.0,0,1b95,1b95,True,0,correct,1,True,10,17,1.7
bifurc,even_odd,_todd17,1,0.0,0,1b95,1b95,True,0,correct,1,True,10,17,1.7
bifurc,even_odd,_todd17,1,0.0,0,1b95,1b95,True,0,correct,1,True,10,17,1.7
bifurc,even_odd,_todd17,1,0.0,0,1b95,1b95,True,0,correct,1,True,10,17,1.7
bifurc,even_odd,_todd17,1,0.0,0,1b95,1b95,True,0,correct,1,True,10,17,1.7
bifurc,even_odd,_todd17,1,0.0,0,1b95,1b95,True,0,correct,1,True,10,17,1.7
bifurc,even_odd,_todd17,1,0.0,0,1b95,1b95,True,0,correct,1,True,10,17,1.7
bifurc,even_odd,_todd17,1,0.0,0,1b95,1b95,True,0,correct,1,True,10,17,1.7
bifurc,even_odd,_todd17,1,0.0,0,1b95,1b95,True,0,correct,1,True,10,17,1.7
bifurc,even_odd,_todd17,1,0.0,0,1b95,1b95,True,0,correct,1,True,10,17,1.7
bifurc,even_odd,_todd17,1,0.0,0,1b95,1b95,True,0,correct,1,True,10,17,1.7
bifurc,even_odd,_todd17,1,0.0,0,1b95,1b95,True,0,correct,1,True,10,17,1.7
bifurc,even_odd,_todd17,1,0.0,0,1b95,1b95,True,0,correct,1,True,10,17,1.7
bifurc,even_odd,_todd17,1,0.0,0,1b95,1b95,True,0,correct,1,True,10,17,1.7
bifurc,even_odd,_todd17,1,0.0,0,1b95,1b95,True,0,correct,1,True,10,17,1.7
bifurc,even_odd,_todd17,1,0.0,0,1b95,1b95,True,0,correct,1,True,10,17,1.7
bifurc,even_odd,_todd17,1,0.0,0,1b95,1b95,True,0,correct,1,True,10,17,1.7
bifurc,even_odd,_todd17,1,0.0,0,1b95,1b95,True,0,correct,1,True,10,17,1.7
bifurc,even_odd,_todd17,1,0.0,0,1b95,1b95,True,0,correct,1,True,10,17,1.7
bifurc,even_odd,_todd17,1,0.0,0,1b95,1b95,True,0,correct,1,True,10,17,1.7
bifurc,even_odd,_todd17,1,0.0,0,1b95,1b95,True,0,correct,1,True,10,17,1.7
bifurc,even_odd,_todd17,1,0.0,0,1b95,1b95,True,0,correct,1,True,10,17,1.7
bifurc,even_odd,_todd17,2,0.0,0,a6b6,a6b6,True,0,correct,2,True,10,17,1.7
bifurc,even_odd,_todd17,2,0.0,0,a6b6,a6b6,True,0,correct,2,True,10,17,1.7
bifurc,even_odd,_todd17,2,0.0,0,a6b6,a6b6,True,0,correct,2,True,10,17,1.7
bifurc,even_odd,_todd17,2,0.0,0,a6b6,a6b6,True,0,correct,2,True,10,17,1.7
bifurc,even_odd,_todd17,2,0.0,0,a6b6,a6b6,True,0,correct,2,True,10,17,1.7
bifurc,even_odd,_todd17,2,0.0,0,a6b6,a6b6,True,0,correct,2,True,10,17,1.7
bifurc,even_odd,_todd17,2,0.0,0,a6b6,a6b6,True,0,correct,2,True,10,17,1.7
bifurc,even_odd,_todd17,2,0.0,0,a6b6,a6b6,True,0,correct,2,True,10,17,1.7
bifurc,even_odd,_todd17,2,0.0,0,a6b6,a6b6,True,0,correct,2,True,10,17,1.7
bifurc,even_odd,_todd17,2,0.0,0,a6b6,a6b6,True,0,correct,2,True,10,17,1.7
bifurc,even_odd,_todd17,2,0.0,0,a6b6,a6b6,True,0,correct,2,True,10,17,1.7
bifurc,even_odd,_todd17,2,0.0,0,a6b6,a6b6,True,0,correct,2,True,10,17,1.7
bifurc,even_odd,_todd17,2,0.0,0,a6b6,a6b6,True,0,correct,2,True,10,17,1.7
bifurc,even_odd,_todd17,2,0.0,0,a6b6,a6b6,True,0,correct,2,True,10,17,1.7
bifurc,even_odd,_todd17,2,0.0,0,a6b6,a6b6,True,0,correct,2,True,10,17,1.7
bifurc,even_odd,_todd17,2,0.0,0,a6b6,a6b6,True,0,correct,2,True,10,17,1.7
bifurc,even_odd,_todd17,2,0.0,0,a6b6,a6b6,True,0,correct,2,True,10,17,1.7
bifurc,even_odd,_todd17,2,0.0,0,a6b6,a6b6,True,0,correct,2,True,10,17,1.7
bifurc,even_odd,_todd17,2,0.0,0,a6b6,a6b6,True,0,correct,2,True,10,17,1.7
bifurc,even_odd,_todd17,2,0.0,0,a6b6,a6b6,True,0,correct,2,True,10,17,1.7
bifurc,even_odd,_todd17,2,0.0,0,a6b6,a6b6,True,0,correct,2,True,10,17,1.7
bifurc,even_odd,_todd17,2,0.0,0,a6b6,a6b6,True,0,correct,2,True,10,17,1.7
bifurc,even_odd,_todd17,2,0.0,0,a6b6,a6b6,True,0,correct,2,True,10,17,1.7
bifurc,even_odd,_todd17,2,0.0,0,a6b6,a6b6,True,0,correct,2,True,10,17,1.7
bifurc,even_odd,_todd17,2,0.0,0,a6b6,a6b6,True,0,correct,2,True,10,17,1.7
bifurc,even_odd,_todd17,2,0.0,0,a6b6,a6b6,True,0,correct,2,True,10,17,1.7
bifurc,even_odd,_todd17,2,0.0,0,a6b6,a6b6,True,0,correct,2,True,10,17,1.7
bifurc,even_odd,_todd17,2,0.0,0,a6b6,a6b6,True,0,correct,2,True,10,17,1.7
bifurc,even_odd,_todd17,2,0.0,0,a6b6,a6b6,True,0,correct,2,True,10,17,1.7
bifurc,even_odd,_todd17,2,0.0,0,a6b6,a6b6,True,0,correct,2,True,10,17,1.7
bifurc,even_odd,_todd17,2,0.0,0,a6b6,a6b6,True,0,correct,2,True,10,17,1.7
bifurc,even_odd,_todd17,2,0.0,0,a6b6,a6b6,True,0,correct,2,True,10,17,1.7
bifurc,even_odd,_todd17,2,0.0,0,a6b6,a6b6,True,0,correct,2,True,10,17,1.7
bifurc,even_odd,_todd17,2,0.0,0,a6b6,a6b6,True,0,correct,2,True,10,17,1.7
bifurc,even_odd,_todd17,2,0.0,0,a6b6,a6b6,True,0,correct,2,True,10,17,1.7
bifurc,even_odd,_todd17,2,0.0,0,a6b6,a6b6,True,0,correct,2,True,10,17,1.7
bifurc,even_odd,_todd17,2,0.0,0,a6b6,a6b6,True,0,correct,2,True,10,17,1.7
bifurc,even_odd,_todd17,2,0.0,0,a6b6,a6b6,True,0,correct,2,True,10,17,1.7
bifurc,even_odd,_todd17,2,0.0,0,a6b6,a6b6,True,0,correct,2,True,10,17,1.7
bifurc,even_odd,_todd17,2,0.0,0,a6b6,a6b6,True,0,correct,2,True,10,17,1.7
bifurc,even_odd,_todd17,2,0.0,0,a6b6,a6b6,True,0,correct,2,True,10,17,1.7
bifurc,even_odd,_todd17,2,0.0,0,a6b6,a6b6,True,0,correct,2,True,10,17,1.7
bifurc,even_odd,_todd17,2,0.0,0,a6b6,a6b6,True,0,correct,2,True,10,17,1.7
bifurc,even_odd,_todd17,2,0.0,0,a6b6,a6b6,True,0,correct,2,True,10,17,1.7
bifurc,even_odd,_todd17,2,0.0,0,a6b6,a6b6,True,0,correct,2,True,10,17,1.7
bifurc,even_odd,_todd17,2,0.0,0,a6b6,a6b6,True,0,correct,2,True,10,17,1.7
bifurc,even_odd,_todd17,2,0.0,0,a6b6,a6b6,True,0,correct,2,True,10,17,1.7
bifurc,even_odd,_todd17,2,0.0,0,a6b6,a6b6,True,0,correct,2,True,10,17,1.7
bifurc,even_odd,_todd17,2,0.0,0,a6b6,a6b6,True,0,correct,2,True,10,17,1.7
bifurc,even_odd,_todd17,2,0.0,0,a6b6,a6b6,True,0,correct,2,True,10,17,1.7
bifurc,even_odd,_todd17,2,0.0,0,a6b6,a6b6,True,0,correct,2,True,10,17,1.7
bifurc,even_odd,_todd17,2,0.0,0,a6b6,a6b6,True,0,correct,2,True,10,17,1.7
bifurc,even_odd,_todd17,2,0.0,0,a6b6,a6b6,True,0,correct,2,True,10,17,1.7
bifurc,even_odd,_todd17,2,0.0,0,a6b6,a6b6,True,0,correct,2,True,10,17,1.7
bifurc,even_odd,_todd17,2,0.0,0,a6b6,a6b6,True,0,correct,2,True,10,17,1.7
bifurc,even_odd,_todd17,2,0.0,0,a6b6,a6b6,True,0,correct,2,True,10,17,1.7
bifurc,even_odd,_todd17,2,0.0,0,a6b6,a6b6,True,0,correct,2,True,10,17,1.7
bifurc,even_odd,_todd17,2,0.0,0,a6b6,a6b6,True,0,correct,2,True,10,17,1.7
bifurc,even_odd,_todd17,2,0.0,0,a6b6,a6b6,True,0,correct,2,True,10,17,1.7
bifurc,even_odd,_todd17,2,0.0,0,a6b6,a6b6,True,0,correct,2,True,10,17,1.7
bifurc,even_odd,_todd17,2,0.0,0,a6b6,a6b6,True,0,correct,2,True,10,17,1.7
bifurc,even_odd,_todd17,2,0.0,0,a6b6,a6b6,True,0,correct,2,True,10,17,1.7
bifurc,even_odd,_todd17,2,0.0,0,a6b6,a6b6,True,0,correct,2,True,10,17,1.7
bifurc,even_odd,_todd17,2,0.0,0,a6b6,a6b6,True,0,correct,2,True,10,17,1.7
bifurc,even_odd,_todd17,2,0.0,0,a6b6,a6b6,True,0,correct,2,True,10,17,1.7
bifurc,even_odd,_todd17,2,0.0,0,a6b6,a6b6,True,0,correct,2,True,10,17,1.7
bifurc,even_odd,_todd17,2,0.0,0,a6b6,a6b6,True,0,correct,2,True,10,17,1.7
bifurc,even_odd,_todd17,2,0.0,0,a6b6,a6b6,True,0,correct,2,True,10,17,1.7
bifurc,even_odd,_todd17,2,0.0,0,a6b6,a6b6,True,0,correct,2,True,10,17,1.7
bifurc,even_odd,_todd17,2,0.0,0,a6b6,a6b6,True,0,correct,2,True,10,17,1.7
bifurc,even_odd,_todd17,2,0.0,0,a6b6,a6b6,True,0,correct,2,True,10,17,1.7
bifurc,even_odd,_todd17,2,0.0,0,a6b6,a6b6,True,0,correct,2,True,10,17,1.7
bifurc,even_odd,_todd17,2,0.0,0,a6b6,a6b6,True,0,correct,2,True,10,17,1.7
bifurc,even_odd,_todd17,2,0.0,0,a6b6,a6b6,True,0,correct,2,True,10,17,1.7
bifurc,even_odd,_todd17,2,0.0,0,a6b6,a6b6,True,0,correct,2,True,10,17,1.7
bifurc,even_odd,_todd17,2,0.0,0,a6b6,a6b6,True,0,correct,2,True,10,17,1.7
bifurc,even_odd,_todd17,2,0.0,0,a6b6,a6b6,True,0,correct,2,True,10,17,1.7
bifurc,even_odd,_todd17,2,0.0,0,a6b6,a6b6,True,0,correct,2,True,10,17,1.7
bifurc,even_odd,_todd17,2,0.0,0,a6b6,a6b6,True,0,correct,2,True,10,17,1.7
bifurc,even_odd,_todd17,2,0.0,0,a6b6,a6b6,True,0,correct,2,True,10,17,1.7
bifurc,even_odd,_todd17,3,0.0,0,bd07,bd07,True,0,correct,3,True,10,17,1.7
bifurc,even_odd,_todd17,3,0.0,0,bd07,bd07,True,0,correct,3,True,10,17,1.7
bifurc,even_odd,_todd17,3,0.0,0,bd07,bd07,True,0,correct,3,True,10,17,1.7
bifurc,even_odd,_todd17,3,0.0,0,bd07,bd07,True,0,correct,3,True,10,17,1.7
bifurc,even_odd,_todd17,3,0.0,0,bd07,bd07,True,0,correct,3,True,10,17,1.7
bifurc,even_odd,_todd17,3,0.0,0,bd07,bd07,True,0,correct,3,True,10,17,1.7
bifurc,even_odd,_todd17,3,0.0,0,bd07,bd07,True,0,correct,3,True,10,17,1.7
bifurc,even_odd,_todd17,3,0.0,0,bd07,bd07,True,0,correct,3,True,10,17,1.7
bifurc,even_odd,_todd17,3,0.0,0,bd07,bd07,True,0,correct,3,True,10,17,1.7
bifurc,even_odd,_todd17,3,0.0,0,bd07,bd07,True,0,correct,3,True,10,17,1.7
bifurc,even_odd,_todd17,3,0.0,0,bd07,bd07,True,0,correct,3,True,10,17,1.7
bifurc,even_odd,_todd17,3,0.0,0,bd07,bd07,True,0,correct,3,True,10,17,1.7
bifurc,even_odd,_todd17,3,0.0,0,bd07,bd07,True,0,correct,3,True,10,17,1.7
bifurc,even_odd,_todd17,3,0.0,0,bd07,bd07,True,0,correct,3,True,10,17,1.7
bifurc,even_odd,_todd17,3,0.0,0,bd07,bd07,True,0,correct,3,True,10,17,1.7
bifurc,even_odd,_todd17,3,0.0,0,bd07,bd07,True,0,correct,3,True,10,17,1.7
bifurc,even_odd,_todd17,3,0.0,0,bd07,bd07,True,0,correct,3,True,10,17,1.7
bifurc,even_odd,_todd17,3,0.0,0,bd07,bd07,True,0,correct,3,True,10,17,1.7
bifurc,even_odd,_todd17,3,0.0,0,bd07,bd07,True,0,correct,3,True,10,17,1.7
bifurc,even_odd,_todd17,3,0.0,0,bd07,bd07,True,0,correct,3,True,10,17,1.7
bifurc,even_odd,_todd17,3,0.0,0,bd07,bd07,True,0,correct,3,True,10,17,1.7
bifurc,even_odd,_todd17,3,0.0,0,bd07,bd07,True,0,correct,3,True,10,17,1.7
bifurc,even_odd,_todd17,3,0.0,0,bd07,bd07,True,0,correct,3,True,10,17,1.7
bifurc,even_odd,_todd17,3,0.0,0,bd07,bd07,True,0,correct,3,True,10,17,1.7
bifurc,even_odd,_todd17,3,0.0,0,bd07,bd07,True,0,correct,3,True,10,17,1.7
bifurc,even_odd,_todd17,3,0.0,0,bd07,bd07,True,0,correct,3,True,10,17,1.7
bifurc,even_odd,_todd17,3,0.0,0,bd07,bd07,True,0,correct,3,True,10,17,1.7
bifurc,even_odd,_todd17,3,0.0,0,bd07,bd07,True,0,correct,3,True,10,17,1.7
bifurc,even_odd,_todd17,3,0.0,0,bd07,bd07,True,0,correct,3,True,10,17,1.7
bifurc,even_odd,_todd17,3,0.0,0,bd07,bd07,True,0,correct,3,True,10,17,1.7
bifurc,even_odd,_todd17,3,0.0,0,bd07,bd07,True,0,correct,3,True,10,17,1.7
bifurc,even_odd,_todd17,3,0.0,0,bd07,bd07,True,0,correct,3,True,10,17,1.7
bifurc,even_odd,_todd17,3,0.0,0,bd07,bd07,True,0,correct,3,True,10,17,1.7
bifurc,even_odd,_todd17,3,0.0,0,bd07,bd07,True,0,correct,3,True,10,17,1.7
bifurc,even_odd,_todd17,3,0.0,0,bd07,bd07,True,0,correct,3,True,10,17,1.7
bifurc,even_odd,_todd17,3,0.0,0,bd07,bd07,True,0,correct,3,True,10,17,1.7
bifurc,even_odd,_todd17,3,0.0,0,bd07,bd07,True,0,correct,3,True,10,17,1.7
bifurc,even_odd,_todd17,3,0.0,0,bd07,bd07,True,0,correct,3,True,10,17,1.7
bifurc,even_odd,_todd17,3,0.0,0,bd07,bd07,True,0,correct,3,True,10,17,1.7
bifurc,even_odd,_todd17,3,0.0,0,bd07,bd07,True,0,correct,3,True,10,17,1.7
bifurc,even_odd,_todd17,3,0.0,0,bd07,bd07,True,0,correct,3,True,10,17,1.7
bifurc,even_odd,_todd17,3,0.0,0,bd07,bd07,True,0,correct,3,True,10,17,1.7
bifurc,even_odd,_todd17,3,0.0,0,bd07,bd07,True,0,correct,3,True,10,17,1.7
bifurc,even_odd,_todd17,3,0.0,0,bd07,bd07,True,0,correct,3,True,10,17,1.7
bifurc,even_odd,_todd17,3,0.0,0,bd07,bd07,True,0,correct,3,True,10,17,1.7
bifurc,even_odd,_todd17,3,0.0,0,bd07,bd07,True,0,correct,3,True,10,17,1.7
bifurc,even_odd,_todd17,3,0.0,0,bd07,bd07,True,0,correct,3,True,10,17,1.7
bifurc,even_odd,_todd17,3,0.0,0,bd07,bd07,True,0,correct,3,True,10,17,1.7
bifurc,even_odd,_todd17,3,0.0,0,bd07,bd07,True,0,correct,3,True,10,17,1.7
bifurc,even_odd,_todd17,3,0.0,0,bd07,bd07,True,0,correct,3,True,10,17,1.7
bifurc,even_odd,_todd17,3,0.0,0,bd07,bd07,True,0,correct,3,True,10,17,1.7
bifurc,even_odd,_todd17,3,0.0,0,bd07,bd07,True,0,correct,3,True,10,17,1.7
bifurc,even_odd,_todd17,3,0.0,0,bd07,bd07,True,0,correct,3,True,10,17,1.7
bifurc,even_odd,_todd17,3,0.0,0,bd07,bd07,True,0,correct,3,True,10,17,1.7
bifurc,even_odd,_todd17,3,0.0,0,bd07,bd07,True,0,correct,3,True,10,17,1.7
bifurc,even_odd,_todd17,3,0.0,0,bd07,bd07,True,0,correct,3,True,10,17,1.7
bifurc,even_odd,_todd17,3,0.0,0,bd07,bd07,True,0,correct,3,True,10,17,1.7
bifurc,even_odd,_todd17,3,0.0,0,bd07,bd07,True,0,correct,3,True,10,17,1.7
bifurc,even_odd,_todd17,3,0.0,0,bd07,bd07,True,0,correct,3,True,10,17,1.7
bifurc,even_odd,_todd17,3,0.0,0,bd07,bd07,True,0,correct,3,True,10,17,1.7
bifurc,even_odd,_todd17,3,0.0,0,bd07,bd07,True,0,correct,3,True,10,17,1.7
bifurc,even_odd,_todd17,3,0.0,0,bd07,bd07,True,0,correct,3,True,10,17,1.7
bifurc,even_odd,_todd17,3,0.0,0,bd07,bd07,True,0,correct,3,True,10,17,1.7
bifurc,even_odd,_todd17,3,0.0,0,bd07,bd07,True,0,correct,3,True,10,17,1.7
bifurc,even_odd,_todd17,3,0.0,0,bd07,bd07,True,0,correct,3,True,10,17,1.7
bifurc,even_odd,_todd17,3,0.0,0,bd07,bd07,True,0,correct,3,True,10,17,1.7
bifurc,even_odd,_todd17,3,0.0,0,bd07,bd07,True,0,correct,3,True,10,17,1.7
bifurc,even_odd,_todd17,3,0.0,0,bd07,bd07,True,0,correct,3,True,10,17,1.7
bifurc,even_odd,_todd17,3,0.0,0,bd07,bd07,True,0,correct,3,True,10,17,1.7
bifurc,even_odd,_todd17,3,0.0,0,bd07,bd07,True,0,correct,3,True,10,17,1.7
bifurc,even_odd,_todd17,3,0.0,0,bd07,bd07,True,0,correct,3,True,10,17,1.7
bifurc,even_odd,_todd17,3,0.0,0,bd07,bd07,True,0,correct,3,True,10,17,1.7
bifurc,even_odd,_todd17,3,0.0,0,bd07,bd07,True,0,correct,3,True,10,17,1.7
bifurc,even_odd,_todd17,3,0.0,0,bd07,bd07,True,0,correct,3,True,10,17,1.7
bifurc,even_odd,_todd17,3,0.0,0,bd07,bd07,True,0,correct,3,True,10,17,1.7
bifurc,even_odd,_todd17,3,0.0,0,bd07,bd07,True,0,correct,3,True,10,17,1.7
bifurc,even_odd,_todd17,3,0.0,0,bd07,bd07,True,0,correct,3,True,10,17,1.7
bifurc,even_odd,_todd17,3,0.0,0,bd07,bd07,True,0,correct,3,True,10,17,1.7
bifurc,even_odd,_todd17,3,0.0,0,bd07,bd07,True,0,correct,3,True,10,17,1.7
bifurc,even_odd,_todd17,3,0.0,0,bd07,bd07,True,0,correct,3,True,10,17,1.7
bifurc,even_odd,_todd17,0,0.2,2,fce2,fca6,True,11,correct,0,True,10,17,1.7
bifurc,even_odd,_todd17,0,0.2,1,fc26,fca6,True,18,correct,0,True,10,17,1.7
bifurc,even_odd,_todd17,0,0.2,4,70e6,fca6,True,45,correct,0,True,10,17,1.7
bifurc,even_odd,_todd17,0,0.2,5,dfe4,58a4,True,45,spurious,-1,False,10,17,1.7
bifurc,even_odd,_todd17,0,0.2,5,dd34,58a4,True,48,spurious,-1,False,10,17,1.7
bifurc,even_odd,_todd17,0,0.2,0,fca6,fca6,True,0,correct,0,True,10,17,1.7
bifurc,even_odd,_todd17,0,0.2,1,f8a6,fca6,True,11,correct,0,True,10,17,1.7
bifurc,even_odd,_todd17,0,0.2,1,fc26,fca6,True,18,correct,0,True,10,17,1.7
bifurc,even_odd,_todd17,0,0.2,4,64a4,58a4,True,45,spurious,-1,False,10,17,1.7
bifurc,even_odd,_todd17,0,0.2,3,74b6,fca6,True,28,correct,0,True,10,17,1.7
bifurc,even_odd,_todd17,0,0.2,3,9ea6,fca6,True,21,correct,0,True,10,17,1.7
bifurc,even_odd,_todd17,0,0.2,6,1686,2b4,True,65,spurious,-1,False,10,17,1.7
bifurc,even_odd,_todd17,0,0.2,3,fc16,bd07,True,11,wrong_pattern,3,False,10,17,1.7
bifurc,even_odd,_todd17,0,0.2,2,fc36,fca6,True,18,correct,0,True,10,17,1.7
bifurc,even_odd,_todd17,0,0.2,1,fca4,fca6,True,18,correct,0,True,10,17,1.7
bifurc,even_odd,_todd17,0,0.2,2,fcb4,fca6,True,18,correct,0,True,10,17,1.7
bifurc,even_odd,_todd17,0,0.2,5,5086,58a4,True,18,spurious,-1,False,10,17,1.7
bifurc,even_odd,_todd17,0,0.2,4,dde4,58a4,True,45,spurious,-1,False,10,17,1.7
bifurc,even_odd,_todd17,0,0.2,3,f8b4,fca6,True,45,correct,0,True,10,17,1.7
bifurc,even_odd,_todd17,0,0.2,4,748e,fca6,True,18,correct,0,True,10,17,1.7
bifurc,even_odd,_todd17,0,0.2,4,b9a4,fca6,True,45,correct,0,True,10,17,1.7
bifurc,even_odd,_todd17,0,0.2,4,7cc2,fca6,True,38,correct,0,True,10,17,1.7
bifurc,even_odd,_todd17,0,0.2,0,fca6,fca6,True,0,correct,0,True,10,17,1.7
bifurc,even_odd,_todd17,0,0.2,3,fcb3,fca6,True,11,correct,0,True,10,17,1.7
bifurc,even_odd,_todd17,0,0.2,2,f5a6,fca6,True,18,correct,0,True,10,17,1.7
bifurc,even_odd,_todd17,0,0.2,3,f6e6,a6b6,True,41,wrong_pattern,2,False,10,17,1.7
bifurc,even_odd,_todd17,0,0.2,1,fea6,fca6,True,18,correct,0,True,10,17,1.7
bifurc,even_odd,_todd17,0,0.2,3,6da6,fca6,True,18,correct,0,True,10,17,1.7
bifurc,even_odd,_todd17,0,0.2,3,dcb4,58a4,True,45,spurious,-1,False,10,17,1.7
bifurc,even_odd,_todd17,0,0.2,2,fc36,fca6,True,18,correct,0,True,10,17,1.7
bifurc,even_odd,_todd17,0,0.2,0,fca6,fca6,True,0,correct,0,True,10,17,1.7
bifurc,even_odd,_todd17,0,0.2,4,b4b2,fca6,True,41,correct,0,True,10,17,1.7
bifurc,even_odd,_todd17,0,0.2,5,2cf6,fca6,True,41,correct,0,True,10,17,1.7
bifurc,even_odd,_todd17,0,0.2,5,e804,fca6,True,45,correct,0,True,10,17,1.7
bifurc,even_odd,_todd17,0,0.2,6,bccb,fca6,True,62,correct,0,True,10,17,1.7
bifurc,even_odd,_todd17,0,0.2,2,bcae,fca6,True,18,correct,0,True,10,17,1.7
bifurc,even_odd,_todd17,0,0.2,2,ecb6,fca6,True,11,correct,0,True,10,17,1.7
bifurc,even_odd,_todd17,0,0.2,5,b485,fca6,True,99,correct,0,True,10,17,1.7
bifurc,even_odd,_todd17,0,0.2,3,7da2,fca6,True,18,correct,0,True,10,17,1.7
bifurc,even_odd,_todd17,0,0.2,5,7dbf,fca6,True,28,correct,0,True,10,17,1.7
bifurc,even_odd,_todd17,0,0.2,4,baa4,fca6,True,45,correct,0,True,10,17,1.7
bifurc,even_odd,_todd17,0,0.2,5,efa5,fca6,True,38,correct,0,True,10,17,1.7
bifurc,even_odd,_todd17,0,0.2,4,e827,fca6,True,45,correct,0,True,10,17,1.7
bifurc,even_odd,_todd17,0,0.2,1,7ca6,fca6,True,18,correct,0,True,10,17,1.7
bifurc,even_odd,_todd17,0,0.2,7,b845,bd07,True,45,wrong_pattern,3,False,10,17,1.7
bifurc,even_odd,_todd17,0,0.2,4,ffbe,fca6,True,18,correct,0,True,10,17,1.7
bifurc,even_odd,_todd17,0,0.2,5,7d83,bd07,True,21,wrong_pattern,3,False,10,17,1.7
bifurc,even_odd,_todd17,0,0.2,3,d8a4,58a4,True,18,spurious,-1,False,10,17,1.7
bifurc,even_odd,_todd17,0,0.2,3,fc04,fca6,True,45,correct,0,True,10,17,1.7
bifurc,even_odd,_todd17,0,0.2,2,7ea6,fca6,True,18,correct,0,True,10,17,1.7
bifurc,even_odd,_todd17,0,0.2,4,14a6,58a4,True,45,spurious,-1,False,10,17,1.7
bifurc,even_odd,_todd17,0,0.2,5,7d9e,fca6,True,35,correct,0,True,10,17,1.7
bifurc,even_odd,_todd17,0,0.2,3,7de6,fca6,True,18,correct,0,True,10,17,1.7
bifurc,even_odd,_todd17,0,0.2,1,bca6,fca6,True,11,correct,0,True,10,17,1.7
bifurc,even_odd,_todd17,0,0.2,4,ffe7,fca6,True,28,correct,0,True,10,17,1.7
bifurc,even_odd,_todd17,0,0.2,5,7d32,fd8a,False,1188,oscillated,-1,False,10,17,1.7
bifurc,even_odd,_todd17,0,0.2,1,fca4,fca6,True,18,correct,0,True,10,17,1.7
bifurc,even_odd,_todd17,0,0.2,1,fcb6,fca6,True,11,correct,0,True,10,17,1.7
bifurc,even_odd,_todd17,0,0.2,5,bc3f,fca6,True,62,correct,0,True,10,17,1.7
bifurc,even_odd,_todd17,0,0.2,1,fce6,fca6,True,11,correct,0,True,10,17,1.7
bifurc,even_odd,_todd17,0,0.2,4,dc46,fd4b,True,55,spurious,-1,False,10,17,1.7
bifurc,even_odd,_todd17,0,0.2,2,fe86,fca6,True,18,correct,0,True,10,17,1.7
bifurc,even_odd,_todd17,0,0.2,5,68e7,fca6,True,45,correct,0,True,10,17,1.7
bifurc,even_odd,_todd17,0,0.2,4,dcd6,fca6,True,18,correct,0,True,10,17,1.7
bifurc,even_odd,_todd17,0,0.2,6,9c60,58a4,True,55,spurious,-1,False,10,17,1.7
bifurc,even_odd,_todd17,0,0.2,3,f4b4,fca6,True,28,correct,0,True,10,17,1.7
bifurc,even_odd,_todd17,0,0.2,3,bda7,fca6,True,11,correct,0,True,10,17,1.7
bifurc,even_odd,_todd17,0,0.2,6,cd85,1905,True,45,spurious,-1,False,10,17,1.7
bifurc,even_odd,_todd17,0,0.2,4,dec6,fca6,True,18,correct,0,True,10,17,1.7
bifurc,even_odd,_todd17,0,0.2,4,ea26,fca6,True,18,correct,0,True,10,17,1.7
bifurc,even_odd,_todd17,0,0.2,7,70f3,fca6,True,45,correct,0,True,10,17,1.7
bifurc,even_odd,_todd17,0,0.2,3,bda7,fca6,True,11,correct,0,True,10,17,1.7
bifurc,even_odd,_todd17,0,0.2,1,bca6,fca6,True,11,correct,0,True,10,17,1.7
bifurc,even_odd,_todd17,0,0.2,2,eca2,fca6,True,11,correct,0,True,10,17,1.7
bifurc,even_odd,_todd17,0,0.2,2,dcae,fca6,True,18,correct,0,True,10,17,1.7
bifurc,even_odd,_todd17,0,0.2,3,3cb6,fca6,True,28,correct,0,True,10,17,1.7
bifurc,even_odd,_todd17,0,0.2,3,f926,fca6,True,45,correct,0,True,10,17,1.7
bifurc,even_odd,_todd17,0,0.2,1,7ca6,fca6,True,18,correct,0,True,10,17,1.7
bifurc,even_odd,_todd17,0,0.2,2,fce4,fca6,True,18,correct,0,True,10,17,1.7
bifurc,even_odd,_todd17,0,0.2,2,bcb6,fca6,True,11,correct,0,True,10,17,1.7
bifurc,even_odd,_todd17,1,0.2,2,5bb5,58a4,True,28,spurious,-1,False,10,17,1.7
bifurc,even_odd,_todd17,1,0.2,6,6b80,52b4,False,1188,oscillated,-1,False,10,17,1.7
bifurc,even_odd,_todd17,1,0.2,3,1fd1,395,True,28,spurious,-1,False,10,17,1.7
bifurc,even_odd,_todd17,1,0.2,3,1f35,1b95,True,18,correct,1,True,10,17,1.7
bifurc,even_odd,_todd17,1,0.2,0,1b95,1b95,True,0,correct,1,True,10,17,1.7
bifurc,even_odd,_todd17,1,0.2,4,5ac5,58a4,True,28,spurious,-1,False,10,17,1.7
bifurc,even_odd,_todd17,1,0.2,2,1bd4,2b4,True,28,spurious,-1,False,10,17,1.7
bifurc,even_odd,_todd17,1,0.2,1,b95,1b95,True,11,correct,1,True,10,17,1.7
bifurc,even_odd,_todd17,1,0.2,5,2b75,359,True,62,spurious,-1,False,10,17,1.7
bifurc,even_odd,_todd17,1,0.2,6,2881,58a4,True,65,spurious,-1,False,10,17,1.7
bifurc,even_odd,_todd17,1,0.2,3,1abd,2b4,True,28,spurious,-1,False,10,17,1.7
bifurc,even_odd,_todd17,1,0.2,1,1b97,1b95,True,18,correct,1,True,10,17,1.7
bifurc,even_odd,_todd17,1,0.2,1,b95,1b95,True,11,correct,1,True,10,17,1.7
bifurc,even_odd,_todd17,1,0.2,2,1994,58a4,True,35,spurious,-1,False,10,17,1.7
bifurc,even_odd,_todd17,1,0.2,2,3b15,1b95,True,18,correct,1,True,10,17,1.7
bifurc,even_odd,_todd17,1,0.2,5,7b1f,bd07,True,45,wrong_pattern,3,False,10,17,1.7
bifurc,even_odd,_todd17,1,0.2,6,93e7,a6b6,True,65,wrong_pattern,2,False,10,17,1.7
bifurc,even_odd,_todd17,1,0.2,6,8899,5949,True,65,spurious,-1,False,10,17,1.7
bifurc,even_odd,_todd17,1,0.2,2,1b55,395,True,28,spurious,-1,False,10,17,1.7
bifurc,even_odd,_todd17,1,0.2,3,b8d,395,True,38,spurious,-1,False,10,17,1.7
bifurc,even_odd,_todd17,1,0.2,2,139d,395,True,35,spurious,-1,False,10,17,1.7
bifurc,even_odd,_todd17,1,0.2,2,bb95,bf97,True,45,spurious,-1,False,10,17,1.7
bifurc,even_odd,_todd17,1,0.2,1,1a95,58a4,True,55,spurious,-1,False,10,17,1.7
bifurc,even_odd,_todd17,1,0.2,3,18d5,58a4,True,48,spurious,-1,False,10,17,1.7
bifurc,even_odd,_todd17,1,0.2,2,1915,1905,True,11,spurious,-1,False,10,17,1.7
bifurc,even_odd,_todd17,1,0.2,3,19b7,58a4,True,31,spurious,-1,False,10,17,1.7
bifurc,even_odd,_todd17,1,0.2,4,3a05,1915,False,1188,oscillated,-1,False,10,17,1.7
bifurc,even_odd,_todd17,1,0.2,2,9bb5,58a4,True,48,spurious,-1,False,10,17,1.7
bifurc,even_odd,_todd17,1,0.2,5,1ead,58a4,True,21,spurious,-1,False,10,17,1.7
bifurc,even_odd,_todd17,1,0.2,4,1f80,58a4,True,48,spurious,-1,False,10,17,1.7
bifurc,even_odd,_todd17,1,0.2,3,399d,1905,True,31,spurious,-1,False,10,17,1.7
bifurc,even_odd,_todd17,1,0.2,6,1645,359,True,38,spurious,-1,False,10,17,1.7
bifurc,even_odd,_todd17,1,0.2,3,5b87,1905,True,28,spurious,-1,False,10,17,1.7
bifurc,even_odd,_todd17,1,0.2,5,1b29,1905,True,75,spurious,-1,False,10,17,1.7
bifurc,even_odd,_todd17,1,0.2,3,1be5,58a4,True,38,spurious,-1,False,10,17,1.7
bifurc,even_odd,_todd17,1,0.2,2,1e95,58a4,True,55,spurious,-1,False,10,17,1.7
bifurc,even_odd,_todd17,1,0.2,2,3b85,1915,False,1188,oscillated,-1,False,10,17,1.7
bifurc,even_odd,_todd17,1,0.2,7,fed1,fca6,True,28,wrong_pattern,0,False,10,17,1.7
bifurc,even_odd,_todd17,1,0.2,3,7995,1905,True,28,spurious,-1,False,10,17,1.7
bifurc,even_odd,_todd17,1,0.2,3,1f1d,359,True,41,spurious,-1,False,10,17,1.7
bifurc,even_odd,_todd17,1,0.2,3,13c5,395,True,11,spurious,-1,False,10,17,1.7
bifurc,even_odd,_todd17,1,0.2,2,1915,1905,True,11,spurious,-1,False,10,17,1.7
bifurc,even_odd,_todd17,1,0.2,3,f97,1b95,True,65,correct,1,True,10,17,1.7
bifurc,even_odd,_todd17,1,0.2,2,1b8d,395,True,92,spurious,-1,False,10,17,1.7
bifurc,even_odd,_todd17,1,0.2,4,b391,a797,True,45,spurious,-1,False,10,17,1.7
bifurc,even_odd,_todd17,1,0.2,2,3bb5,58a4,True,48,spurious,-1,False,10,17,1.7
bifurc,even_odd,_todd17,1,0.2,3,9bb1,2b4,True,28,spurious,-1,False,10,17,1.7
bifurc,even_odd,_todd17,1,0.2,3,5f94,58a4,True,28,spurious,-1,False,10,17,1.7
bifurc,even_odd,_todd17,1,0.2,3,4bd5,1b95,True,11,correct,1,True,10,17,1.7
bifurc,even_odd,_todd17,1,0.2,1,1b9d,395,True,35,spurious,-1,False,10,17,1.7
bifurc,even_odd,_todd17,1,0.2,4,179c,2b4,True,28,spurious,-1,False,10,17,1.7
bifurc,even_odd,_todd17,1,0.2,3,1215,395,True,38,spurious,-1,False,10,17,1.7
bifurc,even_odd,_todd17,1,0.2,2,1b81,1b95,True,11,correct,1,True,10,17,1.7
bifurc,even_odd,_todd17,1,0.2,5,d305,1905,True,28,spurious,-1,False,10,17,1.7
bifurc,even_odd,_todd17,1,0.2,4,1214,2b4,True,65,spurious,-1,False,10,17,1.7
bifurc,even_odd,_todd17,1,0.2,1,1b97,1b95,True,18,correct,1,True,10,17,1.7
bifurc,even_odd,_todd17,1,0.2,5,3b50,359,True,45,spurious,-1,False,10,17,1.7
bifurc,even_odd,_todd17,1,0.2,5,717,395,True,45,spurious,-1,False,10,17,1.7
bifurc,even_odd,_todd17,1,0.2,4,396,2b4,True,28,spurious,-1,False,10,17,1.7
bifurc,even_odd,_todd17,1,0.2,1,1395,395,True,11,spurious,-1,False,10,17,1.7
bifurc,even_odd,_todd17,1,0.2,4,5194,58a4,True,45,spurious,-1,False,10,17,1.7
bifurc,even_odd,_todd17,1,0.2,3,1291,2b4,True,28,spurious,-1,False,10,17,1.7
bifurc,even_odd,_todd17,1,0.2,3,1bad,58a4,True,38,spurious,-1,False,10,17,1.7
bifurc,even_odd,_todd17,1,0.2,5,cbf5,52b4,False,1188,oscillated,-1,False,10,17,1.7
bifurc,even_odd,_todd17,1,0.2,6,17b8,42f8,True,31,spurious,-1,False,10,17,1.7
bifurc,even_odd,_todd17,1,0.2,2,1bc5,1b95,True,11,correct,1,True,10,17,1.7
bifurc,even_odd,_todd17,1,0.2,4,1097,2b4,True,38,spurious,-1,False,10,17,1.7
bifurc,even_odd,_todd17,1,0.2,6,3982,fca6,True,48,wrong_pattern,0,False,10,17,1.7
bifurc,even_odd,_todd17,1,0.2,4,3797,a797,True,38,spurious,-1,False,10,17,1.7
bifurc,even_odd,_todd17,1,0.2,2,1b96,58a4,True,55,spurious,-1,False,10,17,1.7
bifurc,even_odd,_todd17,1,0.2,4,1b18,359,True,31,spurious,-1,False,10,17,1.7
bifurc,even_odd,_todd17,1,0.2,2,1195,395,True,38,spurious,-1,False,10,17,1.7
bifurc,even_odd,_todd17,1,0.2,3,9b5,58a4,True,58,spurious,-1,False,10,17,1.7
bifurc,even_odd,_todd17,1,0.2,5,22b5,2b4,True,18,spurious,-1,False,10,17,1.7
bifurc,even_odd,_todd17,1,0.2,3,19b1,58a4,True,11,spurious,-1,False,10,17,1.7
bifurc,even_odd,_todd17,1,0.2,6,7a98,58a4,True,28,spurious,-1,False,10,17,1.7
bifurc,even_odd,_todd17,1,0.2,1,1b97,1b95,True,18,correct,1,True,10,17,1.7
bifurc,even_odd,_todd17,1,0.2,4,1a07,1915,False,1188,oscillated,-1,False,10,17,1.7
bifurc,even_odd,_todd17,1,0.2,3,3a15,1b95,True,18,correct,1,True,10,17,1.7
bifurc,even_odd,_todd17,1,0.2,5,8b5d,359,True,18,spurious,-1,False,10,17,1.7
bifurc,even_odd,_todd17,2,0.2,4,96f7,a6b6,True,18,correct,2,True,10,17,1.7
bifurc,even_odd,_todd17,2,0.2,3,b6a4,a6b6,True,38,correct,2,True,10,17,1.7
bifurc,even_odd,_todd17,2,0.2,4,c7b2,a6b6,True,31,correct,2,True,10,17,1.7
bifurc,even_odd,_todd17,2,0.2,2,a63e,e6fa,True,31,spurious,-1,False,10,17,1.7
bifurc,even_odd,_todd17,2,0.2,5,a4ce,e6fa,True,31,spurious,-1,False,10,17,1.7
bifurc,even_odd,_todd17,2,0.2,2,a6fe,e6fa,True,31,spurious,-1,False,10,17,1.7
bifurc,even_odd,_todd17,2,0.2,5,379e,a6b6,True,28,correct,2,True,10,17,1.7
bifurc,even_odd,_todd17,2,0.2,5,e41e,a75b,True,38,spurious,-1,False,10,17,1.7
bifurc,even_odd,_todd17,2,0.2,3,a432,e6fa,True,28,spurious,-1,False,10,17,1.7
bifurc,even_odd,_todd17,2,0.2,2,24b6,fca6,True,41,wrong_pattern,0,False,10,17,1.7
bifurc,even_odd,_todd17,2,0.2,2,a69e,a6b6,True,18,correct,2,True,10,17,1.7
bifurc,even_odd,_todd17,2,0.2,5,f23e,fca6,True,72,wrong_pattern,0,False,10,17,1.7
bifurc,even_odd,_todd17,2,0.2,7,6f84,58a4,True,45,spurious,-1,False,10,17,1.7
bifurc,even_odd,_todd17,2,0.2,1,e6b6,a6b6,True,11,correct,2,True,10,17,1.7
bifurc,even_odd,_todd17,2,0.2,4,aa97,f6b6,False,1188,oscillated,-1,False,10,17,1.7
bifurc,even_odd,_todd17,2,0.2,2,a3b6,a6b6,True,11,correct,2,True,10,17,1.7
bifurc,even_odd,_todd17,2,0.2,3,afb4,f6b6,False,1188,oscillated,-1,False,10,17,1.7
bifurc,even_odd,_todd17,2,0.2,5,96af,a6b6,True,48,correct,2,True,10,17,1.7
bifurc,even_odd,_todd17,2,0.2,3,a635,a6b6,True,45,correct,2,True,10,17,1.7
bifurc,even_odd,_todd17,2,0.2,6,ac1f,fd4b,True,41,spurious,-1,False,10,17,1.7
bifurc,even_odd,_todd17,2,0.2,4,84b0,2b4,True,45,spurious,-1,False,10,17,1.7
bifurc,even_odd,_todd17,2,0.2,3,a732,a79a,False,1188,oscillated,-1,False,10,17,1.7
bifurc,even_odd,_todd17,2,0.2,5,86a1,2b4,True,45,spurious,-1,False,10,17,1.7
bifurc,even_odd,_todd17,2,0.2,9,8b00,359,True,45,spurious,-1,False,10,17,1.7
bifurc,even_odd,_todd17,2,0.2,1,a6b7,a6b6,True,11,correct,2,True,10,17,1.7
bifurc,even_odd,_todd17,2,0.2,1,a6be,a6b6,True,18,correct,2,True,10,17,1.7
bifurc,even_odd,_todd17,2,0.2,5,276,42f8,True,48,spurious,-1,False,10,17,1.7
bifurc,even_odd,_todd17,2,0.2,2,26b4,2b4,True,45,spurious,-1,False,10,17,1.7
bifurc,even_odd,_todd17,2,0.2,2,a694,a6b6,True,18,correct,2,True,10,17,1.7
bifurc,even_odd,_todd17,2,0.2,5,624,2b4,True,18,spurious,-1,False,10,17,1.7
bifurc,even_odd,_todd17,2,0.2,5,6fb7,f6b6,False,1188,oscillated,-1,False,10,17,1.7
bifurc,even_odd,_todd17,2,0.2,5,3232,e6fa,True,48,spurious,-1,False,10,17,1.7
bifurc,even_odd,_todd17,2,0.2,1,a6be,a6b6,True,18,correct,2,True,10,17,1.7
bifurc,even_odd,_todd17,2,0.2,1,aeb6,f6b6,False,1188,oscillated,-1,False,10,17,1.7
bifurc,even_odd,_todd17,2,0.2,3,34b6,fca6,True,41,wrong_pattern,0,False,10,17,1.7
bifurc,even_odd,_todd17,2,0.2,3,27f6,a6b6,True,18,correct,2,True,10,17,1.7
bifurc,even_odd,_todd17,2,0.2,3,26f2,a6b6,True,31,correct,2,True,10,17,1.7
bifurc,even_odd,_todd17,2,0.2,3,b6e6,a6b6,True,38,correct,2,True,10,17,1.7
bifurc,even_odd,_todd17,2,0.2,3,a6d4,a6b6,True,18,correct,2,True,10,17,1.7
bifurc,even_odd,_todd17,2,0.2,1,a6b2,a6b6,True,11,correct,2,True,10,17,1.7
bifurc,even_odd,_todd17,2,0.2,2,a69e,a6b6,True,18,correct,2,True,10,17,1.7
bifurc,even_odd,_todd17,2,0.2,3,87a6,a6b6,True,18,correct,2,True,10,17,1.7
bifurc,even_odd,_todd17,2,0.2,1,a6be,a6b6,True,18,correct,2,True,10,17,1.7
bifurc,even_odd,_todd17,2,0.2,0,a6b6,a6b6,True,0,correct,2,True,10,17,1.7
bifurc,even_odd,_todd17,2,0.2,4,b0f6,fca6,True,41,wrong_pattern,0,False,10,17,1.7
bifurc,even_odd,_todd17,2,0.2,7,94df,a75b,True,75,spurious,-1,False,10,17,1.7
bifurc,even_odd,_todd17,2,0.2,2,a6b0,a6b6,True,18,correct,2,True,10,17,1.7
bifurc,even_odd,_todd17,2,0.2,5,6635,359,True,65,spurious,-1,False,10,17,1.7
bifurc,even_odd,_todd17,2,0.2,3,36b2,a6b6,True,21,correct,2,True,10,17,1.7
bifurc,even_odd,_todd17,2,0.2,5,e433,a75b,True,48,spurious,-1,False,10,17,1.7
bifurc,even_odd,_todd17,2,0.2,3,a6b8,e6fa,True,31,spurious,-1,False,10,17,1.7
bifurc,even_odd,_todd17,2,0.2,7,c70e,a75b,True,28,spurious,-1,False,10,17,1.7
bifurc,even_odd,_todd17,2,0.2,3,a6e4,a6b6,True,21,correct,2,True,10,17,1.7
bifurc,even_odd,_todd17,2,0.2,1,a4b6,fca6,True,41,wrong_pattern,0,False,10,17,1.7
bifurc,even_odd,_todd17,2,0.2,3,a6f5,a6b6,True,18,correct,2,True,10,17,1.7
bifurc,even_odd,_todd17,2,0.2,2,26be,a6b6,True,18,correct,2,True,10,17,1.7
bifurc,even_odd,_todd17,2,0.2,3,a6e7,a6b6,True,11,correct,2,True,10,17,1.7
bifurc,even_odd,_todd17,2,0.2,2,aef6,a6b6,True,28,correct,2,True,10,17,1.7
bifurc,even_odd,_todd17,2,0.2,3,b2a6,a6b6,True,38,correct,2,True,10,17,1.7
bifurc,even_odd,_todd17,2,0.2,3,c6b7,a6b6,True,18,correct,2,True,10,17,1.7
bifurc,even_odd,_todd17,2,0.2,4,2486,fca6,True,38,wrong_pattern,0,False,10,17,1.7
bifurc,even_odd,_todd17,2,0.2,2,86b2,a6b6,True,18,correct,2,True,10,17,1.7
bifurc,even_odd,_todd17,2,0.2,4,ecf6,fca6,True,11,wrong_pattern,0,False,10,17,1.7
bifurc,even_odd,_todd17,2,0.2,1,a6f6,a6b6,True,11,correct,2,True,10,17,1.7
bifurc,even_odd,_todd17,2,0.2,4,9ea6,fca6,True,21,wrong_pattern,0,False,10,17,1.7
bifurc,even_odd,_todd17,2,0.2,4,a0f2,fca6,True,68,wrong_pattern,0,False,10,17,1.7
bifurc,even_odd,_todd17,2,0.2,4,33b6,a6b6,True,65,correct,2,True,10,17,1.7
bifurc,even_odd,_todd17,2,0.2,6,9282,a6b6,True,65,correct,2,True,10,17,1.7
bifurc,even_odd,_todd17,2,0.2,4,e2a4,fca6,True,45,wrong_pattern,0,False,10,17,1.7
bifurc,even_odd,_todd17,2,0.2,2,86a6,a6b6,True,21,correct,2,True,10,17,1.7
bifurc,even_odd,_todd17,2,0.2,3,2ef6,a6b6,True,28,correct,2,True,10,17,1.7
bifurc,even_odd,_todd17,2,0.2,2,aebe,a6b6,True,28,correct,2,True,10,17,1.7
bifurc,even_odd,_todd17,2,0.2,4,2ee6,fca6,True,41,wrong_pattern,0,False,10,17,1.7
bifurc,even_odd,_todd17,2,0.2,2,87b6,a6b6,True,18,correct,2,True,10,17,1.7
bifurc,even_odd,_todd17,2,0.2,5,25ba,e6fa,True,31,spurious,-1,False,10,17,1.7
bifurc,even_odd,_todd17,2,0.2,2,86a6,a6b6,True,21,correct,2,True,10,17,1.7
bifurc,even_odd,_todd17,2,0.2,4,bab2,a6b6,True,28,correct,2,True,10,17,1.7
bifurc,even_odd,_todd17,2,0.2,4,a7f5,a6b6,True,28,correct,2,True,10,17,1.7
bifurc,even_odd,_todd17,2,0.2,4,e624,e6fa,True,38,spurious,-1,False,10,17,1.7
bifurc,even_odd,_todd17,2,0.2,4,60b6,fca6,True,45,wrong_pattern,0,False,10,17,1.7
bifurc,even_odd,_todd17,3,0.2,3,dd03,bd07,True,31,correct,3,True,10,17,1.7
bifurc,even_odd,_todd17,3,0.2,3,fd04,bd07,True,28,correct,3,True,10,17,1.7
bifurc,even_odd,_todd17,3,0.2,3,9d45,1905,True,45,spurious,-1,False,10,17,1.7
bifurc,even_odd,_todd17,3,0.2,7,88f,58a4,True,48,spurious,-1,False,10,17,1.7
bifurc,even_odd,_todd17,3,0.2,2,fd0f,fd4b,True,31,spurious,-1,False,10,17,1.7
bifurc,even_odd,_todd17,3,0.2,6,1845,1905,True,21,spurious,-1,False,10,17,1.7
bifurc,even_odd,_todd17,3,0.2,6,8963,fd4b,True,65,spurious,-1,False,10,17,1.7
bifurc,even_odd,_todd17,3,0.2,2,b587,bf97,True,35,spurious,-1,False,10,17,1.7
bifurc,even_odd,_todd17,3,0.2,2,ad06,bd07,True,11,correct,3,True,10,17,1.7
bifurc,even_odd,_todd17,3,0.2,3,390f,bd07,True,45,correct,3,True,10,17,1.7
bifurc,even_odd,_todd17,3,0.2,1,bd47,bd07,True,11,correct,3,True,10,17,1.7
bifurc,even_odd,_todd17,3,0.2,3,f517,bd07,True,28,correct,3,True,10,17,1.7
bifurc,even_odd,_todd17,3,0.2,3,ad85,bf97,True,35,spurious,-1,False,10,17,1.7
bifurc,even_odd,_todd17,3,0.2,5,cd1f,fd4b,True,38,spurious,-1,False,10,17,1.7
bifurc,even_odd,_todd17,3,0.2,2,b503,a75b,True,38,spurious,-1,False,10,17,1.7
bifurc,even_odd,_todd17,3,0.2,3,bc26,fca6,True,18,wrong_pattern,0,False,10,17,1.7
bifurc,even_odd,_todd17,3,0.2,2,a907,bd07,True,11,correct,3,True,10,17,1.7
bifurc,even_odd,_todd17,3,0.2,4,9d55,1905,True,65,spurious,-1,False,10,17,1.7
bifurc,even_odd,_todd17,3,0.2,3,ad86,fca6,True,68,wrong_pattern,0,False,10,17,1.7
bifurc,even_odd,_todd17,3,0.2,3,f547,fd4b,True,58,spurious,-1,False,10,17,1.7
bifurc,even_odd,_todd17,3,0.2,2,b503,a75b,True,38,spurious,-1,False,10,17,1.7
bifurc,even_odd,_todd17,3,0.2,4,bf2d,a797,True,65,spurious,-1,False,10,17,1.7
bifurc,even_odd,_todd17,3,0.2,2,bc05,bd07,True,18,correct,3,True,10,17,1.7
bifurc,even_odd,_todd17,3,0.2,6,fccd,fc67,False,1188,oscillated,-1,False,10,17,1.7
bifurc,even_odd,_todd17,3,0.2,4,e506,a75b,True,68,spurious,-1,False,10,17,1.7
bifurc,even_odd,_todd17,3,0.2,4,9d12,bd07,True,38,correct,3,True,10,17,1.7
bifurc,even_odd,_todd17,3,0.2,2,fd05,bd07,True,18,correct,3,True,10,17,1.7
bifurc,even_odd,_todd17,3,0.2,3,1d17,1905,True,65,spurious,-1,False,10,17,1.7
bifurc,even_odd,_todd17,3,0.2,5,1b47,1915,False,1188,oscillated,-1,False,10,17,1.7
bifurc,even_odd,_todd17,3,0.2,3,be87,fca6,True,45,wrong_pattern,0,False,10,17,1.7
bifurc,even_odd,_todd17,3,0.2,5,f113,a75b,True,38,spurious,-1,False,10,17,1.7
bifurc,even_odd,_todd17,3,0.2,5,b34f,a75b,True,11,spurious,-1,False,10,17,1.7
bifurc,even_odd,_todd17,3,0.2,1,b507,bd07,True,18,correct,3,True,10,17,1.7
bifurc,even_odd,_todd17,3,0.2,5,e901,bd07,True,48,correct,3,True,10,17,1.7
bifurc,even_odd,_todd17,3,0.2,2,9d03,bd07,True,18,correct,3,True,10,17,1.7
bifurc,even_odd,_todd17,3,0.2,4,ff45,bd07,True,31,correct,3,True,10,17,1.7
bifurc,even_odd,_todd17,3,0.2,3,b50b,a75b,True,41,spurious,-1,False,10,17,1.7
bifurc,even_odd,_todd17,3,0.2,4,b536,fca6,True,75,wrong_pattern,0,False,10,17,1.7
bifurc,even_odd,_todd17,3,0.2,1,bd17,bd07,True,11,correct,3,True,10,17,1.7
bifurc,even_odd,_todd17,3,0.2,5,3596,a6b6,True,38,wrong_pattern,2,False,10,17,1.7
bifurc,even_odd,_todd17,3,0.2,3,ba07,bd17,False,1188,oscillated,-1,False,10,17,1.7
bifurc,even_odd,_todd17,3,0.2,4,a847,fd4b,True,75,spurious,-1,False,10,17,1.7
bifurc,even_odd,_todd17,3,0.2,2,b547,a75b,True,38,spurious,-1,False,10,17,1.7
bifurc,even_odd,_todd17,3,0.2,2,9d03,bd07,True,18,correct,3,True,10,17,1.7
bifurc,even_odd,_todd17,3,0.2,2,b107,bd07,True,18,correct,3,True,10,17,1.7
bifurc,even_odd,_todd17,3,0.2,3,bc97,fca6,True,35,wrong_pattern,0,False,10,17,1.7
bifurc,even_odd,_todd17,3,0.2,4,b44f,ad4b,False,1188,oscillated,-1,False,10,17,1.7
bifurc,even_odd,_todd17,3,0.2,6,f7a3,a6b6,True,11,wrong_pattern,2,False,10,17,1.7
bifurc,even_odd,_todd17,3,0.2,3,9587,bf97,True,35,spurious,-1,False,10,17,1.7
bifurc,even_odd,_todd17,3,0.2,3,ad67,bd07,True,61,correct,3,True,10,17,1.7
bifurc,even_odd,_todd17,3,0.2,4,be0b,fd4b,True,58,spurious,-1,False,10,17,1.7
bifurc,even_odd,_todd17,3,0.2,4,7c06,fca6,True,45,wrong_pattern,0,False,10,17,1.7
bifurc,even_odd,_todd17,3,0.2,2,bd15,bd07,True,38,correct,3,True,10,17,1.7
bifurc,even_odd,_todd17,3,0.2,2,a507,bf97,True,35,spurious,-1,False,10,17,1.7
bifurc,even_odd,_todd17,3,0.2,3,b406,fca6,True,45,wrong_pattern,0,False,10,17,1.7
bifurc,even_odd,_todd17,3,0.2,3,b805,bd07,True,45,correct,3,True,10,17,1.7
bifurc,even_odd,_todd17,3,0.2,4,b047,a75b,True,38,spurious,-1,False,10,17,1.7
bifurc,even_odd,_todd17,3,0.2,5,b91c,bd07,True,65,correct,3,True,10,17,1.7
bifurc,even_odd,_todd17,3,0.2,3,3517,bf97,True,38,spurious,-1,False,10,17,1.7
bifurc,even_odd,_todd17,3,0.2,2,bd57,bd07,True,11,correct,3,True,10,17,1.7
bifurc,even_odd,_todd17,3,0.2,1,bc07,bd07,True,11,correct,3,True,10,17,1.7
bifurc,even_odd,_todd17,3,0.2,4,bd52,bd07,True,41,correct,3,True,10,17,1.7
bifurc,even_odd,_todd17,3,0.2,4,1903,1905,True,18,spurious,-1,False,10,17,1.7
bifurc,even_odd,_todd17,3,0.2,2,bd0e,bd07,True,28,correct,3,True,10,17,1.7
bifurc,even_odd,_todd17,3,0.2,3,b567,a75b,True,38,spurious,-1,False,10,17,1.7
bifurc,even_odd,_todd17,3,0.2,4,1da7,58a4,True,55,spurious,-1,False,10,17,1.7
bifurc,even_odd,_todd17,3,0.2,3,f707,bd07,True,28,correct,3,True,10,17,1.7
bifurc,even_odd,_todd17,3,0.2,2,b707,a797,True,65,spurious,-1,False,10,17,1.7
bifurc,even_odd,_todd17,3,0.2,5,9de6,fca6,True,28,wrong_pattern,0,False,10,17,1.7
bifurc,even_odd,_todd17,3,0.2,1,3d07,bd07,True,18,correct,3,True,10,17,1.7
bifurc,even_odd,_todd17,3,0.2,7,6c0c,5949,True,65,spurious,-1,False,10,17,1.7
bifurc,even_odd,_todd17,3,0.2,4,e707,a75b,True,31,spurious,-1,False,10,17,1.7
bifurc,even_odd,_todd17,3,0.2,3,3d16,bd07,True,38,correct,3,True,10,17,1.7
bifurc,even_odd,_todd17,3,0.2,3,bd24,fca6,True,45,wrong_pattern,0,False,10,17,1.7
bifurc,even_odd,_todd17,3,0.2,4,3c16,fca6,True,72,wrong_pattern,0,False,10,17,1.7
bifurc,even_odd,_todd17,3,0.2,3,bdb7,fca6,True,31,wrong_pattern,0,False,10,17,1.7
bifurc,even_odd,_todd17,3,0.2,1,b907,bd07,True,11,correct,3,True,10,17,1.7
bifurc,even_odd,_todd17,3,0.2,0,bd07,bd07,True,0,correct,3,True,10,17,1.7
bifurc,even_odd,_todd17,3,0.2,3,9c05,1905,True,45,spurious,-1,False,10,17,1.7
bifurc,even_odd,_todd17,3,0.2,3,3d8f,bd07,True,28,correct,3,True,10,17,1.7
bifurc,even_odd,_todd17,0,0.4,4,dc34,58a4,True,45,spurious,-1,False,10,17,1.7
bifurc,even_odd,_todd17,0,0.4,6,ca87,fca6,True,45,correct,0,True,10,17,1.7
bifurc,even_odd,_todd17,0,0.4,5,7af6,fca6,True,45,correct,0,True,10,17,1.7
bifurc,even_odd,_todd17,0,0.4,3,fc37,fca6,True,48,correct,0,True,10,17,1.7
bifurc,even_odd,_todd17,0,0.4,4,d4aa,fca6,True,28,correct,0,True,10,17,1.7
bifurc,even_odd,_todd17,0,0.4,6,5d8c,58a4,True,62,spurious,-1,False,10,17,1.7
bifurc,even_odd,_todd17,0,0.4,5,b807,bd07,True,11,wrong_pattern,3,False,10,17,1.7
bifurc,even_odd,_todd17,0,0.4,9,b21f,a75b,True,11,spurious,-1,False,10,17,1.7
bifurc,even_odd,_todd17,0,0.4,5,6d82,fca6,True,48,correct,0,True,10,17,1.7
bifurc,even_odd,_todd17,0,0.4,7,b8cb,fca6,True,62,correct,0,True,10,17,1.7
bifurc,even_odd,_todd17,0,0.4,6,6e64,58a4,True,45,spurious,-1,False,10,17,1.7
bifurc,even_odd,_todd17,0,0.4,5,de8f,fca6,True,28,correct,0,True,10,17,1.7
bifurc,even_odd,_todd17,0,0.4,5,d52e,fd4b,True,55,spurious,-1,False,10,17,1.7
bifurc,even_odd,_todd17,0,0.4,8,6af3,fca6,True,58,correct,0,True,10,17,1.7
bifurc,even_odd,_todd17,0,0.4,6,9ce8,58a4,True,45,spurious,-1,False,10,17,1.7
bifurc,even_odd,_todd17,0,0.4,7,a481,a6b6,True,48,wrong_pattern,2,False,10,17,1.7
bifurc,even_odd,_todd17,0,0.4,7,ccda,fc6a,True,65,spurious,-1,False,10,17,1.7
bifurc,even_odd,_todd17,0,0.4,6,703e,fca6,True,45,correct,0,True,10,17,1.7
bifurc,even_odd,_todd17,0,0.4,5,df66,fdce,False,1188,oscillated,-1,False,10,17,1.7
bifurc,even_odd,_todd17,0,0.4,9,4693,2b4,True,45,spurious,-1,False,10,17,1.7
bifurc,even_odd,_todd17,0,0.4,8,1f25,1915,False,1188,oscillated,-1,False,10,17,1.7
bifurc,even_odd,_todd17,0,0.4,8,7b2b,fd4b,True,45,spurious,-1,False,10,17,1.7
bifurc,even_odd,_todd17,0,0.4,6,64e3,fc6a,True,18,spurious,-1,False,10,17,1.7
bifurc,even_odd,_todd17,0,0.4,3,bc8e,fca6,True,28,correct,0,True,10,17,1.7
bifurc,even_odd,_todd17,0,0.4,4,f527,bd07,True,28,wrong_pattern,3,False,10,17,1.7
bifurc,even_odd,_todd17,0,0.4,2,fca5,fca6,True,18,correct,0,True,10,17,1.7
bifurc,even_odd,_todd17,0,0.4,5,b984,fca6,True,48,correct,0,True,10,17,1.7
bifurc,even_odd,_todd17,0,0.4,9,c730,359,True,65,spurious,-1,False,10,17,1.7
bifurc,even_odd,_todd17,0,0.4,6,98e5,58a4,True,28,spurious,-1,False,10,17,1.7
bifurc,even_odd,_todd17,0,0.4,8,754c,5949,True,45,spurious,-1,False,10,17,1.7
bifurc,even_odd,_todd17,0,0.4,5,b825,fca6,True,45,correct,0,True,10,17,1.7
bifurc,even_odd,_todd17,0,0.4,7,a1e7,a6b6,True,55,wrong_pattern,2,False,10,17,1.7
bifurc,even_odd,_todd17,0,0.4,7,958a,a75b,True,75,spurious,-1,False,10,17,1.7
bifurc,even_odd,_todd17,0,0.4,9,307c,4068,True,65,spurious,-1,False,10,17,1.7
bifurc,even_odd,_todd17,0,0.4,4,d0a7,fca6,True,45,correct,0,True,10,17,1.7
bifurc,even_odd,_todd17,0,0.4,4,fe2c,fca6,True,45,correct,0,True,10,17,1.7
bifurc,even_odd,_todd17,0,0.4,5,ff16,bd07,True,28,wrong_pattern,3,False,10,17,1.7
bifurc,even_odd,_todd17,0,0.4,7,8ee,58a4,True,48,spurious,-1,False,10,17,1.7
bifurc,even_odd,_todd17,0,0.4,7,6c89,5821,False,1188,oscillated,-1,False,10,17,1.7
bifurc,even_odd,_todd17,0,0.4,8,9a03,bd17,False,1188,oscillated,-1,False,10,17,1.7
bifurc,even_odd,_todd17,0,0.4,7,a828,fc6a,True,65,spurious,-1,False,10,17,1.7
bifurc,even_odd,_todd17,0,0.4,6,f44c,fd4b,True,28,spurious,-1,False,10,17,1.7
bifurc,even_odd,_todd17,0,0.4,6,5db0,58a4,True,11,spurious,-1,False,10,17,1.7
bifurc,even_odd,_todd17,0,0.4,7,1d94,58a4,True,35,spurious,-1,False,10,17,1.7
bifurc,even_odd,_todd17,0,0.4,6,a587,bf97,True,35,spurious,-1,False,10,17,1.7
bifurc,even_odd,_todd17,0,0.4,11,4231,359,True,62,spurious,-1,False,10,17,1.7
bifurc,even_odd,_todd17,0,0.4,5,8cb2,fca6,True,41,correct,0,True,10,17,1.7
bifurc,even_odd,_todd17,0,0.4,6,ef67,b797,False,1188,oscillated,-1,False,10,17,1.7
bifurc,even_odd,_todd17,0,0.4,6,bdcf,bd07,True,28,wrong_pattern,3,False,10,17,1.7
bifurc,even_odd,_todd17,0,0.4,5,d4a8,58a4,True,45,spurious,-1,False,10,17,1.7
bifurc,even_odd,_todd17,0,0.4,5,dee5,58a4,True,45,spurious,-1,False,10,17,1.7
bifurc,even_odd,_todd17,0,0.4,6,2d66,fd4b,True,35,spurious,-1,False,10,17,1.7
bifurc,even_odd,_todd17,0,0.4,7,3d88,58a4,True,65,spurious,-1,False,10,17,1.7
bifurc,even_odd,_todd17,0,0.4,9,4f12,1395,False,1188,oscillated,-1,False,10,17,1.7
bifurc,even_odd,_todd17,0,0.4,5,fb22,fd8a,False,1188,oscillated,-1,False,10,17,1.7
bifurc,even_odd,_todd17,0,0.4,7,f1d7,bf97,True,38,spurious,-1,False,10,17,1.7
bifurc,even_odd,_todd17,0,0.4,6,de2b,fd4b,True,48,spurious,-1,False,10,17,1.7
bifurc,even_odd,_todd17,0,0.4,5,78c7,fca6,True,48,correct,0,True,10,17,1.7
bifurc,even_odd,_todd17,0,0.4,7,6aa8,58a4,True,31,spurious,-1,False,10,17,1.7
bifurc,even_odd,_todd17,0,0.4,7,72ab,fca6,True,72,correct,0,True,10,17,1.7
bifurc,even_odd,_todd17,0,0.4,6,d28e,fca6,True,45,correct,0,True,10,17,1.7
bifurc,even_odd,_todd17,0,0.4,5,9c34,58a4,True,45,spurious,-1,False,10,17,1.7
bifurc,even_odd,_todd17,0,0.4,9,e05c,a75b,True,58,spurious,-1,False,10,17,1.7
bifurc,even_odd,_todd17,0,0.4,7,d542,fd4b,True,18,spurious,-1,False,10,17,1.7
bifurc,even_odd,_todd17,0,0.4,6,5dea,5868,True,45,spurious,-1,False,10,17,1.7
bifurc,even_odd,_todd17,0,0.4,7,f2cc,a6b6,True,75,wrong_pattern,2,False,10,17,1.7
bifurc,even_odd,_todd17,0,0.4,8,80f4,58a4,True,41,spurious,-1,False,10,17,1.7
bifurc,even_odd,_todd17,0,0.4,8,95c5,395,True,65,spurious,-1,False,10,17,1.7
bifurc,even_odd,_todd17,0,0.4,7,b3b7,a6b6,True,11,wrong_pattern,2,False,10,17,1.7
bifurc,even_odd,_todd17,0,0.4,5,d726,fca6,True,55,correct,0,True,10,17,1.7
bifurc,even_odd,_todd17,0,0.4,8,d7f0,2b4,True,48,spurious,-1,False,10,17,1.7
bifurc,even_odd,_todd17,0,0.4,11,3079,359,True,45,spurious,-1,False,10,17,1.7
bifurc,even_odd,_todd17,0,0.4,6,3fa3,fca6,True,38,correct,0,True,10,17,1.7
bifurc,even_odd,_todd17,0,0.4,9,33ce,e6fa,True,58,spurious,-1,False,10,17,1.7
bifurc,even_odd,_todd17,0,0.4,7,5c4c,5949,True,11,spurious,-1,False,10,17,1.7
bifurc,even_odd,_todd17,0,0.4,4,d1a6,fca6,True,45,correct,0,True,10,17,1.7
bifurc,even_odd,_todd17,0,0.4,6,94ec,4868,False,1188,oscillated,-1,False,10,17,1.7
bifurc,even_odd,_todd17,0,0.4,6,b59e,a6b6,True,65,wrong_pattern,2,False,10,17,1.7
bifurc,even_odd,_todd17,0,0.4,8,799d,1905,True,18,spurious,-1,False,10,17,1.7
bifurc,even_odd,_todd17,0,0.4,6,6ce8,5868,True,65,spurious,-1,False,10,17,1.7
bifurc,even_odd,_todd17,1,0.4,9,b152,a75b,True,28,spurious,-1,False,10,17,1.7
bifurc,even_odd,_todd17,1,0.4,7,4b4f,359,True,41,spurious,-1,False,10,17,1.7
bifurc,even_odd,_todd17,1,0.4,7,83fc,2b4,True,28,spurious,-1,False,10,17,1.7
bifurc,even_odd,_todd17,1,0.4,9,fef9,e46a,True,35,spurious,-1,False,10,17,1.7
bifurc,even_odd,_todd17,1,0.4,7,adb4,fca6,True,41,wrong_pattern,0,False,10,17,1.7
bifurc,even_odd,_todd17,1,0.4,5,3980,58a4,True,48,spurious,-1,False,10,17,1.7
bifurc,even_odd,_todd17,1,0.4,7,29e4,58a4,True,31,spurious,-1,False,10,17,1.7
bifurc,even_odd,_todd17,1,0.4,7,ddcd,1905,True,48,spurious,-1,False,10,17,1.7
bifurc,even_odd,_todd17,1,0.4,7,8854,13b5,False,1188,oscillated,-1,False,10,17,1.7
bifurc,even_odd,_todd17,1,0.4,7,3d00,1905,True,45,spurious,-1,False,10,17,1.7
bifurc,even_odd,_todd17,1,0.4,7,5d4d,5949,True,11,spurious,-1,False,10,17,1.7
bifurc,even_odd,_todd17,1,0.4,5,9389,359,True,45,spurious,-1,False,10,17,1.7
bifurc,even_odd,_todd17,1,0.4,8,36bb,e6fa,True,31,spurious,-1,False,10,17,1.7
bifurc,even_odd,_todd17,1,0.4,10,22fa,e6fa,True,45,spurious,-1,False,10,17,1.7
bifurc,even_odd,_todd17,1,0.4,5,1c1d,1905,True,38,spurious,-1,False,10,17,1.7
bifurc,even_odd,_todd17,1,0.4,10,f51e,a75b,True,41,spurious,-1,False,10,17,1.7
bifurc,even_odd,_todd17,1,0.4,9,2d20,5949,True,45,spurious,-1,False,10,17,1.7
bifurc,even_odd,_todd17,1,0.4,5,d19d,395,True,38,spurious,-1,False,10,17,1.7
bifurc,even_odd,_todd17,1,0.4,4,5db5,58a4,True,28,spurious,-1,False,10,17,1.7
bifurc,even_odd,_todd17,1,0.4,9,8677,a6df,False,1188,oscillated,-1,False,10,17,1.7
bifurc,even_odd,_todd17,1,0.4,5,5814,1905,True,11,spurious,-1,False,10,17,1.7
bifurc,even_odd,_todd17,1,0.4,6,1cd6,58a4,True,45,spurious,-1,False,10,17,1.7
bifurc,even_odd,_todd17,1,0.4,5,d2d5,2b4,True,38,spurious,-1,False,10,17,1.7
bifurc,even_odd,_todd17,1,0.4,5,18df,58a4,True,65,spurious,-1,False,10,17,1.7
bifurc,even_odd,_todd17,1,0.4,9,356d,949,False,1188,oscillated,-1,False,10,17,1.7
bifurc,even_odd,_todd17,1,0.4,7,528b,359,True,102,spurious,-1,False,10,17,1.7
bifurc,even_odd,_todd17,1,0.4,8,d979,5949,True,18,spurious,-1,False,10,17,1.7
bifurc,even_odd,_todd17,1,0.4,6,5d57,1905,True,48,spurious,-1,False,10,17,1.7
bifurc,even_odd,_todd17,1,0.4,4,3b13,a797,True,45,spurious,-1,False,10,17,1.7
bifurc,even_odd,_todd17,1,0.4,5,5591,1b95,True,38,correct,1,True,10,17,1.7
bifurc,even_odd,_todd17,1,0.4,9,a821,fd4b,True,45,spurious,-1,False,10,17,1.7
bifurc,even_odd,_todd17,1,0.4,5,b381,a797,True,65,spurious,-1,False,10,17,1.7
bifurc,even_odd,_todd17,1,0.4,2,b97,1b95,True,38,correct,1,True,10,17,1.7
bifurc,even_odd,_todd17,1,0.4,6,5b3b,359,True,68,spurious,-1,False,10,17,1.7
bifurc,even_odd,_todd17,1,0.4,5,3bd2,a6b6,True,55,wrong_pattern,2,False,10,17,1.7
bifurc,even_odd,_todd17,1,0.4,6,72c5,2b4,True,38,spurious,-1,False,10,17,1.7
bifurc,even_odd,_todd17,1,0.4,10,ee2d,a75b,True,48,spurious,-1,False,10,17,1.7
bifurc,even_odd,_todd17,1,0.4,9,eeb,42f8,True,45,spurious,-1,False,10,17,1.7
bifurc,even_odd,_todd17,1,0.4,4,da15,1905,True,28,spurious,-1,False,10,17,1.7
bifurc,even_odd,_todd17,1,0.4,2,1b05,1915,False,1188,oscillated,-1,False,10,17,1.7
bifurc,even_odd,_todd17,1,0.4,10,b406,fca6,True,45,wrong_pattern,0,False,10,17,1.7
bifurc,even_odd,_todd17,1,0.4,6,bd84,fca6,True,48,wrong_pattern,0,False,10,17,1.7
bifurc,even_odd,_todd17,1,0.4,7,3a3b,e6fa,True,65,spurious,-1,False,10,17,1.7
bifurc,even_odd,_todd17,1,0.4,6,39fc,58a4,True,28,spurious,-1,False,10,17,1.7
bifurc,even_odd,_todd17,1,0.4,7,853,359,True,45,spurious,-1,False,10,17,1.7
bifurc,even_odd,_todd17,1,0.4,6,d714,1b95,True,45,correct,1,True,10,17,1.7
bifurc,even_odd,_todd17,1,0.4,7,7eb6,fca6,True,18,wrong_pattern,0,False,10,17,1.7
bifurc,even_odd,_todd17,1,0.4,7,22b0,2b4,True,18,spurious,-1,False,10,17,1.7
bifurc,even_odd,_todd17,1,0.4,5,5307,1905,True,28,spurious,-1,False,10,17,1.7
bifurc,even_odd,_todd17,1,0.4,6,bdbd,fca6,True,38,wrong_pattern,0,False,10,17,1.7
bifurc,even_odd,_todd17,1,0.4,6,a955,a75b,True,72,spurious,-1,False,10,17,1.7
bifurc,even_odd,_todd17,1,0.4,7,55bc,58a4,True,31,spurious,-1,False,10,17,1.7
bifurc,even_odd,_todd17,1,0.4,6,5751,359,True,41,spurious,-1,False,10,17,1.7
bifurc,even_odd,_todd17,1,0.4,8,784d,5949,True,18,spurious,-1,False,10,17,1.7
bifurc,even_odd,_todd17,1,0.4,6,fd2,2b4,True,55,spurious,-1,False,10,17,1.7
bifurc,even_odd,_todd17,1,0.4,4,939c,2b4,True,28,spurious,-1,False,10,17,1.7
bifurc,even_odd,_todd17,1,0.4,4,99b7,fca6,True,45,wrong_pattern,0,False,10,17,1.7
bifurc,even_odd,_todd17,1,0.4,7,f7bd,a6b6,True,38,wrong_pattern,2,False,10,17,1.7
bifurc,even_odd,_todd17,1,0.4,8,394b,fd4b,True,45,spurious,-1,False,10,17,1.7
bifurc,even_odd,_todd17,1,0.4,6,5fe7,58a4,True,45,spurious,-1,False,10,17,1.7
bifurc,even_odd,_todd17,1,0.4,8,8a2,58a4,True,41,spurious,-1,False,10,17,1.7
bifurc,even_odd,_todd17,1,0.4,7,f9d0,fca6,True,65,wrong_pattern,0,False,10,17,1.7
bifurc,even_odd,_todd17,1,0.4,5,d2b5,2b4,True,38,spurious,-1,False,10,17,1.7
bifurc,even_odd,_todd17,1,0.4,4,381,395,True,11,spurious,-1,False,10,17,1.7
bifurc,even_odd,_todd17,1,0.4,4,b195,a797,True,65,spurious,-1,False,10,17,1.7
bifurc,even_odd,_todd17,1,0.4,8,c5f,359,True,45,spurious,-1,False,10,17,1.7
bifurc,even_odd,_todd17,1,0.4,5,211,359,True,48,spurious,-1,False,10,17,1.7
bifurc,even_odd,_todd17,1,0.4,11,6c40,5949,True,45,spurious,-1,False,10,17,1.7
bifurc,even_odd,_todd17,1,0.4,5,ac1,58a4,True,68,spurious,-1,False,10,17,1.7
bifurc,even_odd,_todd17,1,0.4,4,3a11,395,True,18,spurious,-1,False,10,17,1.7
bifurc,even_odd,_todd17,1,0.4,4,8b55,359,True,28,spurious,-1,False,10,17,1.7
bifurc,even_odd,_todd17,1,0.4,5,7f17,bd07,True,28,wrong_pattern,3,False,10,17,1.7
bifurc,even_odd,_todd17,1,0.4,9,69f2,fca6,True,55,wrong_pattern,0,False,10,17,1.7
bifurc,even_odd,_todd17,1,0.4,6,9fed,58a4,True,58,spurious,-1,False,10,17,1.7
bifurc,even_odd,_todd17,1,0.4,4,4b11,1395,False,1188,oscillated,-1,False,10,17,1.7
bifurc,even_odd,_todd17,1,0.4,7,e31d,a75b,True,45,spurious,-1,False,10,17,1.7
bifurc,even_odd,_todd17,1,0.4,7,a916,bd07,True,11,wrong_pattern,3,False,10,17,1.7
bifurc,even_odd,_todd17,1,0.4,6,1865,1905,True,45,spurious,-1,False,10,17,1.7
bifurc,even_odd,_todd17,1,0.4,6,29b0,58a4,True,41,spurious,-1,False,10,17,1.7
bifurc,even_odd,_todd17,1,0.4,6,5c05,1905,True,11,spurious,-1,False,10,17,1.7
bifurc,even_odd,_todd17,2,0.4,5,b3b3,a6b6,True,11,correct,2,True,10,17,1.7
bifurc,even_odd,_todd17,2,0.4,5,eab0,fca6,True,48,wrong_pattern,0,False,10,17,1.7
bifurc,even_odd,_todd17,2,0.4,7,bcfb,fca6,True,31,wrong_pattern,0,False,10,17,1.7
bifurc,even_odd,_todd17,2,0.4,6,6cbc,58a4,True,45,spurious,-1,False,10,17,1.7
bifurc,even_odd,_todd17,2,0.4,6,23ff,a6b6,True,55,correct,2,True,10,17,1.7
bifurc,even_odd,_todd17,2,0.4,9,459d,359,True,28,spurious,-1,False,10,17,1.7
bifurc,even_odd,_todd17,2,0.4,9,8a51,359,True,18,spurious,-1,False,10,17,1.7
bifurc,even_odd,_todd17,2,0.4,5,ae8a,fca6,True,48,wrong_pattern,0,False,10,17,1.7
bifurc,even_odd,_todd17,2,0.4,5,b7e4,a6b6,True,38,correct,2,True,10,17,1.7
bifurc,even_odd,_todd17,2,0.4,3,86b3,a6b6,True,18,correct,2,True,10,17,1.7
bifurc,even_odd,_todd17,2,0.4,7,af,42f8,True,35,spurious,-1,False,10,17,1.7
bifurc,even_odd,_todd17,2,0.4,9,f289,a75b,True,102,spurious,-1,False,10,17,1.7
bifurc,even_odd,_todd17,2,0.4,7,b3ad,a6b6,True,65,correct,2,True,10,17,1.7
bifurc,even_odd,_todd17,2,0.4,7,f2d5,a6b6,True,65,correct,2,True,10,17,1.7
bifurc,even_odd,_todd17,2,0.4,8,e1d3,a75b,True,28,spurious,-1,False,10,17,1.7
bifurc,even_odd,_todd17,2,0.4,4,e2a4,fca6,True,45,wrong_pattern,0,False,10,17,1.7
bifurc,even_odd,_todd17,2,0.4,7,57a7,58a4,True,55,spurious,-1,False,10,17,1.7
bifurc,even_odd,_todd17,2,0.4,7,7836,fca6,True,45,wrong_pattern,0,False,10,17,1.7
bifurc,even_odd,_todd17,2,0.4,7,8b8e,a6b6,True,48,correct,2,True,10,17,1.7
bifurc,even_odd,_todd17,2,0.4,5,a074,e6fa,True,45,spurious,-1,False,10,17,1.7
bifurc,even_odd,_todd17,2,0.4,4,e617,a75b,True,28,spurious,-1,False,10,17,1.7
bifurc,even_odd,_todd17,2,0.4,8,1e73,2b4,True,82,spurious,-1,False,10,17,1.7
bifurc,even_odd,_todd17,2,0.4,8,e183,fd4b,True,119,spurious,-1,False,10,17,1.7
bifurc,even_odd,_todd17,2,0.4,3,7b6,2b4,True,45,spurious,-1,False,10,17,1.7
bifurc,even_odd,_todd17,2,0.4,6,c136,fd4b,True,58,spurious,-1,False,10,17,1.7
bifurc,even_odd,_todd17,2,0.4,4,c6d6,a6b6,True,31,correct,2,True,10,17,1.7
bifurc,even_odd,_todd17,2,0.4,2,26a6,a6b6,True,21,correct,2,True,10,17,1.7
bifurc,even_odd,_todd17,2,0.4,11,d100,5949,True,58,spurious,-1,False,10,17,1.7
bifurc,even_odd,_todd17,2,0.4,8,d4ea,e46a,True,38,spurious,-1,False,10,17,1.7
bifurc,even_odd,_todd17,2,0.4,6,680,2b4,True,18,spurious,-1,False,10,17,1.7
bifurc,even_odd,_todd17,2,0.4,7,4a1,58a4,True,41,spurious,-1,False,10,17,1.7
bifurc,even_odd,_todd17,2,0.4,5,af17,bf97,True,38,spurious,-1,False,10,17,1.7
bifurc,even_odd,_todd17,2,0.4,2,a6f7,a6b6,True,11,correct,2,True,10,17,1.7
bifurc,even_odd,_todd17,2,0.4,6,9214,2b4,True,65,spurious,-1,False,10,17,1.7
bifurc,even_odd,_todd17,2,0.4,6,e783,a75b,True,35,spurious,-1,False,10,17,1.7
bifurc,even_odd,_todd17,2,0.4,10,1b7f,359,True,31,spurious,-1,False,10,17,1.7
bifurc,even_odd,_todd17,2,0.4,6,bf22,fca6,True,62,wrong_pattern,0,False,10,17,1.7
bifurc,even_odd,_todd17,2,0.4,5,769e,a6b6,True,38,correct,2,True,10,17,1.7
bifurc,even_odd,_todd17,2,0.4,12,5c89,5821,False,1188,oscillated,-1,False,10,17,1.7
bifurc,even_odd,_todd17,2,0.4,8,29c6,fca6,True,65,wrong_pattern,0,False,10,17,1.7
bifurc,even_odd,_todd17,2,0.4,7,4c16,58a4,True,72,spurious,-1,False,10,17,1.7
bifurc,even_odd,_todd17,2,0.4,4,a2bd,a6b6,True,45,correct,2,True,10,17,1.7
bifurc,even_odd,_todd17,2,0.4,8,83db,a75b,True,45,spurious,-1,False,10,17,1.7
bifurc,even_odd,_todd17,2,0.4,3,a734,a6b6,True,45,correct,2,True,10,17,1.7
bifurc,even_odd,_todd17,2,0.4,9,897c,5949,True,38,spurious,-1,False,10,17,1.7
bifurc,even_odd,_todd17,2,0.4,9,4ff8,42f8,True,18,spurious,-1,False,10,17,1.7
bifurc,even_odd,_todd17,2,0.4,8,9156,a75b,True,45,spurious,-1,False,10,17,1.7
bifurc,even_odd,_todd17,2,0.4,4,a79c,a6b6,True,28,correct,2,True,10,17,1.7
bifurc,even_odd,_todd17,2,0.4,7,4ed2,58a4,True,58,spurious,-1,False,10,17,1.7
bifurc,even_odd,_todd17,2,0.4,2,b4b6,fca6,True,41,wrong_pattern,0,False,10,17,1.7
bifurc,even_odd,_todd17,2,0.4,7,a305,a797,True,45,spurious,-1,False,10,17,1.7
bifurc,even_odd,_todd17,2,0.4,5,a642,a75b,True,28,spurious,-1,False,10,17,1.7
bifurc,even_odd,_todd17,2,0.4,5,a517,a797,True,35,spurious,-1,False,10,17,1.7
bifurc,even_odd,_todd17,2,0.4,7,34ab,ec6a,False,1188,oscillated,-1,False,10,17,1.7
bifurc,even_odd,_todd17,2,0.4,6,8093,a6b6,True,48,correct,2,True,10,17,1.7
bifurc,even_odd,_todd17,2,0.4,7,31bc,2b4,True,65,spurious,-1,False,10,17,1.7
bifurc,even_odd,_todd17,2,0.4,7,60b1,2b4,True,58,spurious,-1,False,10,17,1.7
bifurc,even_odd,_todd17,2,0.4,10,5b3c,1905,True,72,spurious,-1,False,10,17,1.7
bifurc,even_odd,_todd17,2,0.4,5,656,359,True,65,spurious,-1,False,10,17,1.7
bifurc,even_odd,_todd17,2,0.4,5,f36,52b4,False,1188,oscillated,-1,False,10,17,1.7
bifurc,even_odd,_todd17,2,0.4,4,e297,a6b6,True,28,correct,2,True,10,17,1.7
bifurc,even_odd,_todd17,2,0.4,6,ac1a,fd4b,True,11,spurious,-1,False,10,17,1.7
bifurc,even_odd,_todd17,2,0.4,3,97b6,a6b6,True,38,correct,2,True,10,17,1.7
bifurc,even_odd,_todd17,2,0.4,3,a624,a6b6,True,18,correct,2,True,10,17,1.7
bifurc,even_odd,_todd17,2,0.4,6,fc86,fca6,True,18,wrong_pattern,0,False,10,17,1.7
bifurc,even_odd,_todd17,2,0.4,7,ff5,2b4,True,28,spurious,-1,False,10,17,1.7
bifurc,even_odd,_todd17,2,0.4,4,2286,a6b6,True,45,correct,2,True,10,17,1.7
bifurc,even_odd,_todd17,2,0.4,5,b2d2,a6b6,True,31,correct,2,True,10,17,1.7
bifurc,even_odd,_todd17,2,0.4,7,28aa,fca6,True,48,wrong_pattern,0,False,10,17,1.7
bifurc,even_odd,_todd17,2,0.4,6,f4fa,e46a,True,65,spurious,-1,False,10,17,1.7
bifurc,even_odd,_todd17,2,0.4,7,a08d,a6b6,True,65,correct,2,True,10,17,1.7
bifurc,even_odd,_todd17,2,0.4,7,ebd7,bf97,True,11,spurious,-1,False,10,17,1.7
bifurc,even_odd,_todd17,2,0.4,7,9c3a,fca6,True,35,wrong_pattern,0,False,10,17,1.7
bifurc,even_odd,_todd17,2,0.4,4,64b7,fca6,True,35,wrong_pattern,0,False,10,17,1.7
bifurc,even_odd,_todd17,2,0.4,7,31f7,a6b6,True,65,correct,2,True,10,17,1.7
bifurc,even_odd,_todd17,2,0.4,7,76ef,fca6,True,72,wrong_pattern,0,False,10,17,1.7
bifurc,even_odd,_todd17,2,0.4,7,5f96,58a4,True,45,spurious,-1,False,10,17,1.7
bifurc,even_odd,_todd17,2,0.4,5,f5be,fca6,True,31,wrong_pattern,0,False,10,17,1.7
bifurc,even_odd,_todd17,2,0.4,7,3027,fca6,True,45,wrong_pattern,0,False,10,17,1.7
bifurc,even_odd,_todd17,2,0.4,8,4a27,58a4,True,55,spurious,-1,False,10,17,1.7
bifurc,even_odd,_todd17,3,0.4,7,f75e,a75b,True,31,spurious,-1,False,10,17,1.7
bifurc,even_odd,_todd17,3,0.4,5,f137,bd07,True,28,correct,3,True,10,17,1.7
bifurc,even_odd,_todd17,3,0.4,4,b183,a797,True,38,spurious,-1,False,10,17,1.7
bifurc,even_odd,_todd17,3,0.4,7,31e3,fca6,True,65,wrong_pattern,0,False,10,17,1.7
bifurc,even_odd,_todd17,3,0.4,6,39c4,58a4,True,48,spurious,-1,False,10,17,1.7
bifurc,even_odd,_todd17,3,0.4,5,8d63,fd4b,True,38,spurious,-1,False,10,17,1.7
bifurc,even_odd,_todd17,3,0.4,7,89ce,fd4b,True,65,spurious,-1,False,10,17,1.7
bifurc,even_odd,_todd17,3,0.4,6,9a46,fca6,True,45,wrong_pattern,0,False,10,17,1.7
bifurc,even_odd,_todd17,3,0.4,7,88b7,fca6,True,48,wrong_pattern,0,False,10,17,1.7
bifurc,even_odd,_todd17,3,0.4,7,344c,949,False,1188,oscillated,-1,False,10,17,1.7
bifurc,even_odd,_todd17,3,0.4,6,9026,fca6,True,45,wrong_pattern,0,False,10,17,1.7
bifurc,even_odd,_todd17,3,0.4,7,7853,fd4b,True,45,spurious,-1,False,10,17,1.7
bifurc,even_odd,_todd17,3,0.4,8,c9cd,1905,True,48,spurious,-1,False,10,17,1.7
bifurc,even_odd,_todd17,3,0.4,7,7d48,5949,True,45,spurious,-1,False,10,17,1.7
bifurc,even_odd,_todd17,3,0.4,10,fbc,2b4,True,18,spurious,-1,False,10,17,1.7
bifurc,even_odd,_todd17,3,0.4,5,b133,a75b,True,31,spurious,-1,False,10,17,1.7
bifurc,even_odd,_todd17,3,0.4,7,b7e1,a6b6,True,41,wrong_pattern,2,False,10,17,1.7
bifurc,even_odd,_todd17,3,0.4,5,f785,bf97,True,31,spurious,-1,False,10,17,1.7
bifurc,even_odd,_todd17,3,0.4,5,9b86,fca6,True,45,wrong_pattern,0,False,10,17,1.7
bifurc,even_odd,_todd17,3,0.4,6,ac9d,fca6,True,69,wrong_pattern,0,False,10,17,1.7
bifurc,even_odd,_todd17,3,0.4,5,dd2b,fd4b,True,18,spurious,-1,False,10,17,1.7
bifurc,even_odd,_todd17,3,0.4,7,a014,a6b6,True,45,wrong_pattern,2,False,10,17,1.7
bifurc,even_odd,_todd17,3,0.4,8,80cf,a75b,True,48,spurious,-1,False,10,17,1.7
bifurc,even_odd,_todd17,3,0.4,9,1dfc,58a4,True,28,spurious,-1,False,10,17,1.7
bifurc,even_odd,_todd17,3,0.4,6,fd69,fd4b,True,18,spurious,-1,False,10,17,1.7
bifurc,even_odd,_todd17,3,0.4,8,e96c,fd4b,True,45,spurious,-1,False,10,17,1.7
bifurc,even_odd,_todd17,3,0.4,9,29e9,5868,True,38,spurious,-1,False,10,17,1.7
bifurc,even_odd,_todd17,3,0.4,6,945,5949,True,75,spurious,-1,False,10,17,1.7
bifurc,even_odd,_todd17,3,0.4,2,bd15,bd07,True,38,correct,3,True,10,17,1.7
bifurc,even_odd,_todd17,3,0.4,7,f1a1,fca6,True,55,wrong_pattern,0,False,10,17,1.7
bifurc,even_odd,_todd17,3,0.4,4,7c17,bd07,True,28,correct,3,True,10,17,1.7
bifurc,even_odd,_todd17,3,0.4,10,c6e6,e6fa,True,48,spurious,-1,False,10,17,1.7
bifurc,even_odd,_todd17,3,0.4,6,f8af,fca6,True,18,wrong_pattern,0,False,10,17,1.7
bifurc,even_odd,_todd17,3,0.4,5,7597,bf97,True,21,spurious,-1,False,10,17,1.7
bifurc,even_odd,_todd17,3,0.4,5,d127,bd07,True,45,correct,3,True,10,17,1.7
bifurc,even_odd,_todd17,3,0.4,7,551d,359,True,38,spurious,-1,False,10,17,1.7
bifurc,even_odd,_todd17,3,0.4,8,35fb,a75b,True,72,spurious,-1,False,10,17,1.7
bifurc,even_odd,_todd17,3,0.4,7,d08,5949,True,11,spurious,-1,False,10,17,1.7
bifurc,even_odd,_todd17,3,0.4,7,71e7,fca6,True,55,wrong_pattern,0,False,10,17,1.7
bifurc,even_odd,_todd17,3,0.4,4,bea7,fca6,True,21,wrong_pattern,0,False,10,17,1.7
bifurc,even_odd,_todd17,3,0.4,7,5723,359,True,48,spurious,-1,False,10,17,1.7
bifurc,even_odd,_todd17,3,0.4,8,c52,5949,True,65,spurious,-1,False,10,17,1.7
bifurc,even_odd,_todd17,3,0.4,7,957d,359,True,45,spurious,-1,False,10,17,1.7
bifurc,even_odd,_todd17,3,0.4,8,196c,5949,True,31,spurious,-1,False,10,17,1.7
bifurc,even_odd,_todd17,3,0.4,10,e374,a75b,True,65,spurious,-1,False,10,17,1.7
bifurc,even_odd,_todd17,3,0.4,5,e90e,fd4b,True,31,spurious,-1,False,10,17,1.7
bifurc,even_odd,_todd17,3,0.4,3,a50f,a75b,True,28,spurious,-1,False,10,17,1.7
bifurc,even_odd,_todd17,3,0.4,7,e896,fca6,True,31,wrong_pattern,0,False,10,17,1.7
bifurc,even_odd,_todd17,3,0.4,8,5f61,5949,True,18,spurious,-1,False,10,17,1.7
bifurc,even_odd,_todd17,3,0.4,7,90e7,fca6,True,45,wrong_pattern,0,False,10,17,1.7
bifurc,even_odd,_todd17,3,0.4,4,a705,a797,True,28,spurious,-1,False,10,17,1.7
bifurc,even_odd,_todd17,3,0.4,4,b577,a75b,True,31,spurious,-1,False,10,17,1.7
bifurc,even_odd,_todd17,3,0.4,9,5044,5949,True,55,spurious,-1,False,10,17,1.7
bifurc,even_odd,_todd17,3,0.4,6,d816,fca6,True,72,wrong_pattern,0,False,10,17,1.7
bifurc,even_odd,_todd17,3,0.4,7,aea1,fca6,True,41,wrong_pattern,0,False,10,17,1.7
bifurc,even_odd,_todd17,3,0.4,10,4129,5949,True,28,spurious,-1,False,10,17,1.7
bifurc,even_odd,_todd17,3,0.4,5,8cc7,fca6,True,65,wrong_pattern,0,False,10,17,1.7
bifurc,even_odd,_todd17,3,0.4,6,852b,a75b,True,18,spurious,-1,False,10,17,1.7
bifurc,even_odd,_todd17,3,0.4,11,4e9,42f8,True,28,spurious,-1,False,10,17,1.7
bifurc,even_odd,_todd17,3,0.4,6,ec0c,fd4b,True,38,spurious,-1,False,10,17,1.7
bifurc,even_odd,_todd17,3,0.4,9,542a,5868,True,45,spurious,-1,False,10,17,1.7
bifurc,even_odd,_todd17,3,0.4,5,bcbf,fca6,True,28,wrong_pattern,0,False,10,17,1.7
bifurc,even_odd,_todd17,3,0.4,9,c1e3,fd4b,True,45,spurious,-1,False,10,17,1.7
bifurc,even_odd,_todd17,3,0.4,4,af46,a75b,True,45,spurious,-1,False,10,17,1.7
bifurc,even_odd,_todd17,3,0.4,6,a742,a75b,True,18,spurious,-1,False,10,17,1.7
bifurc,even_odd,_todd17,3,0.4,6,38c5,58a4,True,48,spurious,-1,False,10,17,1.7
bifurc,even_odd,_todd17,3,0.4,9,8362,a75b,True,45,spurious,-1,False,10,17,1.7
bifurc,even_odd,_todd17,3,0.4,4,ed23,bd07,True,58,correct,3,True,10,17,1.7
bifurc,even_odd,_todd17,3,0.4,5,d986,fca6,True,45,wrong_pattern,0,False,10,17,1.7
bifurc,even_odd,_todd17,3,0.4,7,fcde,fca6,True,35,wrong_pattern,0,False,10,17,1.7
bifurc,even_odd,_todd17,3,0.4,7,b3b5,a6b6,True,65,wrong_pattern,2,False,10,17,1.7
bifurc,even_odd,_todd17,3,0.4,5,b934,fca6,True,55,wrong_pattern,0,False,10,17,1.7
bifurc,even_odd,_todd17,3,0.4,5,1583,395,True,65,spurious,-1,False,10,17,1.7
bifurc,even_odd,_todd17,3,0.4,4,ac2f,fd4b,True,28,spurious,-1,False,10,17,1.7
bifurc,even_odd,_todd17,3,0.4,6,dfa5,58a4,True,45,spurious,-1,False,10,17,1.7
bifurc,even_odd,_todd17,3,0.4,6,2f1e,a75b,True,38,spurious,-1,False,10,17,1.7
bifurc,even_odd,_todd17,3,0.4,7,d441,5949,True,45,spurious,-1,False,10,17,1.7
bifurc,even_odd,_todd17,3,0.4,8,a430,e6fa,True,28,spurious,-1,False,10,17,1.7
bifurc,even_odd,_todd17,3,0.4,3,9903,bd07,True,45,correct,3,True,10,17,1.7
bifurc,even_odd,_todd17,3,0.4,7,14af,58a4,True,72,spurious,-1,False,10,17,1.7
bifurc,even_odd,_todd18,2,0.375,6,1776,299,False,1252,oscillated,-1,False,10,18,1.8
bifurc,even_odd,_todd18,1,0.375,6,17de,231,False,1252,oscillated,-1,False,10,18,1.8
bifurc,even_odd,_todd18,2,0.4375,7,24dd,330,False,1252,oscillated,-1,False,10,18,1.8
bifurc,even_odd,_todd18,2,0.375,6,3774,299,False,1252,oscillated,-1,False,10,18,1.8
bifurc,even_odd,_todd18,1,0.375,6,37dc,231,False,1252,oscillated,-1,False,10,18,1.8
bifurc,even_odd,_todd18,0,0.375,6,448e,58a4,True,47,spurious,-1,False,10,18,1.8
bifurc,even_odd,_todd18,0,0.375,6,4d66,5889,False,1252,oscillated,-1,False,10,18,1.8
bifurc,even_odd,_todd18,0,0.3125,5,5d22,58cd,False,1252,oscillated,-1,False,10,18,1.8
bifurc,even_odd,_todd18,0,0.375,6,5d8a,5865,False,1252,oscillated,-1,False,10,18,1.8
bifurc,even_odd,_todd18,0,0.375,6,648c,58a4,True,47,spurious,-1,False,10,18,1.8
bifurc,even_odd,_todd18,2,0.375,6,69b,374,False,1252,oscillated,-1,False,10,18,1.8
bifurc,even_odd,_todd18,1,0.375,6,6bd3,a75b,True,47,spurious,-1,False,10,18,1.8
bifurc,even_odd,_todd18,0,0.3125,5,7867,fd8a,False,1252,oscillated,-1,False,10,18,1.8
bifurc,even_odd,_todd18,0,0.375,6,7b66,fc8b,False,1252,oscillated,-1,False,10,18,1.8
bifurc,even_odd,_todd18,0,0.4375,7,7bce,fc23,False,1252,oscillated,-1,False,10,18,1.8
bifurc,even_odd,_todd18,0,0.3125,5,7d20,58cd,False,1252,oscillated,-1,False,10,18,1.8
bifurc,even_odd,_todd18,0,0.375,6,7d88,5865,False,1252,oscillated,-1,False,10,18,1.8
bifurc,even_odd,_todd18,2,0.4375,7,84dd,330,False,1252,oscillated,-1,False,10,18,1.8
bifurc,even_odd,_todd18,2,0.375,6,8574,299,False,1252,oscillated,-1,False,10,18,1.8
bifurc,even_odd,_todd18,2,0.4375,7,85dc,231,False,1252,oscillated,-1,False,10,18,1.8
bifurc,even_odd,_todd18,1,0.3125,5,8bd3,a75b,True,47,spurious,-1,False,10,18,1.8
bifurc,even_odd,_todd18,2,0.375,6,a174,a69b,False,1252,oscillated,-1,False,10,18,1.8
bifurc,even_odd,_todd18,2,0.375,6,a3dc,a633,False,1252,oscillated,-1,False,10,18,1.8
bifurc,even_odd,_todd18,0,0.375,6,c1ae,fca6,True,47,correct,0,True,10,18,1.8
bifurc,even_odd,_todd18,0,0.375,6,c966,fc8b,False,1252,oscillated,-1,False,10,18,1.8
bifurc,even_odd,_todd18,0,0.4375,7,c9ce,fc23,False,1252,oscillated,-1,False,10,18,1.8
bifurc,even_odd,_todd18,0,0.375,6,d8cf,fd22,False,1252,oscillated,-1,False,10,18,1.8
bifurc,even_odd,_todd18,0,0.4375,7,dacf,fd22,False,1252,oscillated,-1,False,10,18,1.8
bifurc,even_odd,_todd18,0,0.375,6,e1ac,fca6,True,47,correct,0,True,10,18,1.8
bifurc,even_odd,_todd18,0,0.375,6,e964,fc8b,False,1252,oscillated,-1,False,10,18,1.8
bifurc,even_odd,_todd18,0,0.4375,7,e9cc,fc23,False,1252,oscillated,-1,False,10,18,1.8
bifurc,even_odd,_todd18,1,0.375,6,fde,231,False,1252,oscillated,-1,False,10,18,1.8
bifurc,even_odd,_todd18,0,0.0,0,fca6,fca6,True,0,correct,0,True,10,18,1.8
bifurc,even_odd,_todd18,0,0.0,0,fca6,fca6,True,0,correct,0,True,10,18,1.8
bifurc,even_odd,_todd18,0,0.0,0,fca6,fca6,True,0,correct,0,True,10,18,1.8
bifurc,even_odd,_todd18,0,0.0,0,fca6,fca6,True,0,correct,0,True,10,18,1.8
bifurc,even_odd,_todd18,0,0.0,0,fca6,fca6,True,0,correct,0,True,10,18,1.8
bifurc,even_odd,_todd18,0,0.0,0,fca6,fca6,True,0,correct,0,True,10,18,1.8
bifurc,even_odd,_todd18,0,0.0,0,fca6,fca6,True,0,correct,0,True,10,18,1.8
bifurc,even_odd,_todd18,0,0.0,0,fca6,fca6,True,0,correct,0,True,10,18,1.8
bifurc,even_odd,_todd18,0,0.0,0,fca6,fca6,True,0,correct,0,True,10,18,1.8
bifurc,even_odd,_todd18,0,0.0,0,fca6,fca6,True,0,correct,0,True,10,18,1.8
bifurc,even_odd,_todd18,0,0.0,0,fca6,fca6,True,0,correct,0,True,10,18,1.8
bifurc,even_odd,_todd18,0,0.0,0,fca6,fca6,True,0,correct,0,True,10,18,1.8
bifurc,even_odd,_todd18,0,0.0,0,fca6,fca6,True,0,correct,0,True,10,18,1.8
bifurc,even_odd,_todd18,0,0.0,0,fca6,fca6,True,0,correct,0,True,10,18,1.8
bifurc,even_odd,_todd18,0,0.0,0,fca6,fca6,True,0,correct,0,True,10,18,1.8
bifurc,even_odd,_todd18,0,0.0,0,fca6,fca6,True,0,correct,0,True,10,18,1.8
bifurc,even_odd,_todd18,0,0.0,0,fca6,fca6,True,0,correct,0,True,10,18,1.8
bifurc,even_odd,_todd18,0,0.0,0,fca6,fca6,True,0,correct,0,True,10,18,1.8
bifurc,even_odd,_todd18,0,0.0,0,fca6,fca6,True,0,correct,0,True,10,18,1.8
bifurc,even_odd,_todd18,0,0.0,0,fca6,fca6,True,0,correct,0,True,10,18,1.8
bifurc,even_odd,_todd18,0,0.0,0,fca6,fca6,True,0,correct,0,True,10,18,1.8
bifurc,even_odd,_todd18,0,0.0,0,fca6,fca6,True,0,correct,0,True,10,18,1.8
bifurc,even_odd,_todd18,0,0.0,0,fca6,fca6,True,0,correct,0,True,10,18,1.8
bifurc,even_odd,_todd18,0,0.0,0,fca6,fca6,True,0,correct,0,True,10,18,1.8
bifurc,even_odd,_todd18,0,0.0,0,fca6,fca6,True,0,correct,0,True,10,18,1.8
bifurc,even_odd,_todd18,0,0.0,0,fca6,fca6,True,0,correct,0,True,10,18,1.8
bifurc,even_odd,_todd18,0,0.0,0,fca6,fca6,True,0,correct,0,True,10,18,1.8
bifurc,even_odd,_todd18,0,0.0,0,fca6,fca6,True,0,correct,0,True,10,18,1.8
bifurc,even_odd,_todd18,0,0.0,0,fca6,fca6,True,0,correct,0,True,10,18,1.8
bifurc,even_odd,_todd18,0,0.0,0,fca6,fca6,True,0,correct,0,True,10,18,1.8
bifurc,even_odd,_todd18,0,0.0,0,fca6,fca6,True,0,correct,0,True,10,18,1.8
bifurc,even_odd,_todd18,0,0.0,0,fca6,fca6,True,0,correct,0,True,10,18,1.8
bifurc,even_odd,_todd18,0,0.0,0,fca6,fca6,True,0,correct,0,True,10,18,1.8
bifurc,even_odd,_todd18,0,0.0,0,fca6,fca6,True,0,correct,0,True,10,18,1.8
bifurc,even_odd,_todd18,0,0.0,0,fca6,fca6,True,0,correct,0,True,10,18,1.8
bifurc,even_odd,_todd18,0,0.0,0,fca6,fca6,True,0,correct,0,True,10,18,1.8
bifurc,even_odd,_todd18,0,0.0,0,fca6,fca6,True,0,correct,0,True,10,18,1.8
bifurc,even_odd,_todd18,0,0.0,0,fca6,fca6,True,0,correct,0,True,10,18,1.8
bifurc,even_odd,_todd18,0,0.0,0,fca6,fca6,True,0,correct,0,True,10,18,1.8
bifurc,even_odd,_todd18,0,0.0,0,fca6,fca6,True,0,correct,0,True,10,18,1.8
bifurc,even_odd,_todd18,0,0.0,0,fca6,fca6,True,0,correct,0,True,10,18,1.8
bifurc,even_odd,_todd18,0,0.0,0,fca6,fca6,True,0,correct,0,True,10,18,1.8
bifurc,even_odd,_todd18,0,0.0,0,fca6,fca6,True,0,correct,0,True,10,18,1.8
bifurc,even_odd,_todd18,0,0.0,0,fca6,fca6,True,0,correct,0,True,10,18,1.8
bifurc,even_odd,_todd18,0,0.0,0,fca6,fca6,True,0,correct,0,True,10,18,1.8
bifurc,even_odd,_todd18,0,0.0,0,fca6,fca6,True,0,correct,0,True,10,18,1.8
bifurc,even_odd,_todd18,0,0.0,0,fca6,fca6,True,0,correct,0,True,10,18,1.8
bifurc,even_odd,_todd18,0,0.0,0,fca6,fca6,True,0,correct,0,True,10,18,1.8
bifurc,even_odd,_todd18,0,0.0,0,fca6,fca6,True,0,correct,0,True,10,18,1.8
bifurc,even_odd,_todd18,0,0.0,0,fca6,fca6,True,0,correct,0,True,10,18,1.8
bifurc,even_odd,_todd18,0,0.0,0,fca6,fca6,True,0,correct,0,True,10,18,1.8
bifurc,even_odd,_todd18,0,0.0,0,fca6,fca6,True,0,correct,0,True,10,18,1.8
bifurc,even_odd,_todd18,0,0.0,0,fca6,fca6,True,0,correct,0,True,10,18,1.8
bifurc,even_odd,_todd18,0,0.0,0,fca6,fca6,True,0,correct,0,True,10,18,1.8
bifurc,even_odd,_todd18,0,0.0,0,fca6,fca6,True,0,correct,0,True,10,18,1.8
bifurc,even_odd,_todd18,0,0.0,0,fca6,fca6,True,0,correct,0,True,10,18,1.8
bifurc,even_odd,_todd18,0,0.0,0,fca6,fca6,True,0,correct,0,True,10,18,1.8
bifurc,even_odd,_todd18,0,0.0,0,fca6,fca6,True,0,correct,0,True,10,18,1.8
bifurc,even_odd,_todd18,0,0.0,0,fca6,fca6,True,0,correct,0,True,10,18,1.8
bifurc,even_odd,_todd18,0,0.0,0,fca6,fca6,True,0,correct,0,True,10,18,1.8
bifurc,even_odd,_todd18,0,0.0,0,fca6,fca6,True,0,correct,0,True,10,18,1.8
bifurc,even_odd,_todd18,0,0.0,0,fca6,fca6,True,0,correct,0,True,10,18,1.8
bifurc,even_odd,_todd18,0,0.0,0,fca6,fca6,True,0,correct,0,True,10,18,1.8
bifurc,even_odd,_todd18,0,0.0,0,fca6,fca6,True,0,correct,0,True,10,18,1.8
bifurc,even_odd,_todd18,0,0.0,0,fca6,fca6,True,0,correct,0,True,10,18,1.8
bifurc,even_odd,_todd18,0,0.0,0,fca6,fca6,True,0,correct,0,True,10,18,1.8
bifurc,even_odd,_todd18,0,0.0,0,fca6,fca6,True,0,correct,0,True,10,18,1.8
bifurc,even_odd,_todd18,0,0.0,0,fca6,fca6,True,0,correct,0,True,10,18,1.8
bifurc,even_odd,_todd18,0,0.0,0,fca6,fca6,True,0,correct,0,True,10,18,1.8
bifurc,even_odd,_todd18,0,0.0,0,fca6,fca6,True,0,correct,0,True,10,18,1.8
bifurc,even_odd,_todd18,0,0.0,0,fca6,fca6,True,0,correct,0,True,10,18,1.8
bifurc,even_odd,_todd18,0,0.0,0,fca6,fca6,True,0,correct,0,True,10,18,1.8
bifurc,even_odd,_todd18,0,0.0,0,fca6,fca6,True,0,correct,0,True,10,18,1.8
bifurc,even_odd,_todd18,0,0.0,0,fca6,fca6,True,0,correct,0,True,10,18,1.8
bifurc,even_odd,_todd18,0,0.0,0,fca6,fca6,True,0,correct,0,True,10,18,1.8
bifurc,even_odd,_todd18,0,0.0,0,fca6,fca6,True,0,correct,0,True,10,18,1.8
bifurc,even_odd,_todd18,0,0.0,0,fca6,fca6,True,0,correct,0,True,10,18,1.8
bifurc,even_odd,_todd18,0,0.0,0,fca6,fca6,True,0,correct,0,True,10,18,1.8
bifurc,even_odd,_todd18,0,0.0,0,fca6,fca6,True,0,correct,0,True,10,18,1.8
bifurc,even_odd,_todd18,0,0.0,0,fca6,fca6,True,0,correct,0,True,10,18,1.8
bifurc,even_odd,_todd18,1,0.0,0,1b95,1b95,True,0,correct,1,True,10,18,1.8
bifurc,even_odd,_todd18,1,0.0,0,1b95,1b95,True,0,correct,1,True,10,18,1.8
bifurc,even_odd,_todd18,1,0.0,0,1b95,1b95,True,0,correct,1,True,10,18,1.8
bifurc,even_odd,_todd18,1,0.0,0,1b95,1b95,True,0,correct,1,True,10,18,1.8
bifurc,even_odd,_todd18,1,0.0,0,1b95,1b95,True,0,correct,1,True,10,18,1.8
bifurc,even_odd,_todd18,1,0.0,0,1b95,1b95,True,0,correct,1,True,10,18,1.8
bifurc,even_odd,_todd18,1,0.0,0,1b95,1b95,True,0,correct,1,True,10,18,1.8
bifurc,even_odd,_todd18,1,0.0,0,1b95,1b95,True,0,correct,1,True,10,18,1.8
bifurc,even_odd,_todd18,1,0.0,0,1b95,1b95,True,0,correct,1,True,10,18,1.8
bifurc,even_odd,_todd18,1,0.0,0,1b95,1b95,True,0,correct,1,True,10,18,1.8
bifurc,even_odd,_todd18,1,0.0,0,1b95,1b95,True,0,correct,1,True,10,18,1.8
bifurc,even_odd,_todd18,1,0.0,0,1b95,1b95,True,0,correct,1,True,10,18,1.8
bifurc,even_odd,_todd18,1,0.0,0,1b95,1b95,True,0,correct,1,True,10,18,1.8
bifurc,even_odd,_todd18,1,0.0,0,1b95,1b95,True,0,correct,1,True,10,18,1.8
bifurc,even_odd,_todd18,1,0.0,0,1b95,1b95,True,0,correct,1,True,10,18,1.8
bifurc,even_odd,_todd18,1,0.0,0,1b95,1b95,True,0,correct,1,True,10,18,1.8
bifurc,even_odd,_todd18,1,0.0,0,1b95,1b95,True,0,correct,1,True,10,18,1.8
bifurc,even_odd,_todd18,1,0.0,0,1b95,1b95,True,0,correct,1,True,10,18,1.8
bifurc,even_odd,_todd18,1,0.0,0,1b95,1b95,True,0,correct,1,True,10,18,1.8
bifurc,even_odd,_todd18,1,0.0,0,1b95,1b95,True,0,correct,1,True,10,18,1.8
bifurc,even_odd,_todd18,1,0.0,0,1b95,1b95,True,0,correct,1,True,10,18,1.8
bifurc,even_odd,_todd18,1,0.0,0,1b95,1b95,True,0,correct,1,True,10,18,1.8
bifurc,even_odd,_todd18,1,0.0,0,1b95,1b95,True,0,correct,1,True,10,18,1.8
bifurc,even_odd,_todd18,1,0.0,0,1b95,1b95,True,0,correct,1,True,10,18,1.8
bifurc,even_odd,_todd18,1,0.0,0,1b95,1b95,True,0,correct,1,True,10,18,1.8
bifurc,even_odd,_todd18,1,0.0,0,1b95,1b95,True,0,correct,1,True,10,18,1.8
bifurc,even_odd,_todd18,1,0.0,0,1b95,1b95,True,0,correct,1,True,10,18,1.8
bifurc,even_odd,_todd18,1,0.0,0,1b95,1b95,True,0,correct,1,True,10,18,1.8
bifurc,even_odd,_todd18,1,0.0,0,1b95,1b95,True,0,correct,1,True,10,18,1.8
bifurc,even_odd,_todd18,1,0.0,0,1b95,1b95,True,0,correct,1,True,10,18,1.8
bifurc,even_odd,_todd18,1,0.0,0,1b95,1b95,True,0,correct,1,True,10,18,1.8
bifurc,even_odd,_todd18,1,0.0,0,1b95,1b95,True,0,correct,1,True,10,18,1.8
bifurc,even_odd,_todd18,1,0.0,0,1b95,1b95,True,0,correct,1,True,10,18,1.8
bifurc,even_odd,_todd18,1,0.0,0,1b95,1b95,True,0,correct,1,True,10,18,1.8
bifurc,even_odd,_todd18,1,0.0,0,1b95,1b95,True,0,correct,1,True,10,18,1.8
bifurc,even_odd,_todd18,1,0.0,0,1b95,1b95,True,0,correct,1,True,10,18,1.8
bifurc,even_odd,_todd18,1,0.0,0,1b95,1b95,True,0,correct,1,True,10,18,1.8
bifurc,even_odd,_todd18,1,0.0,0,1b95,1b95,True,0,correct,1,True,10,18,1.8
bifurc,even_odd,_todd18,1,0.0,0,1b95,1b95,True,0,correct,1,True,10,18,1.8
bifurc,even_odd,_todd18,1,0.0,0,1b95,1b95,True,0,correct,1,True,10,18,1.8
bifurc,even_odd,_todd18,1,0.0,0,1b95,1b95,True,0,correct,1,True,10,18,1.8
bifurc,even_odd,_todd18,1,0.0,0,1b95,1b95,True,0,correct,1,True,10,18,1.8
bifurc,even_odd,_todd18,1,0.0,0,1b95,1b95,True,0,correct,1,True,10,18,1.8
bifurc,even_odd,_todd18,1,0.0,0,1b95,1b95,True,0,correct,1,True,10,18,1.8
bifurc,even_odd,_todd18,1,0.0,0,1b95,1b95,True,0,correct,1,True,10,18,1.8
bifurc,even_odd,_todd18,1,0.0,0,1b95,1b95,True,0,correct,1,True,10,18,1.8
bifurc,even_odd,_todd18,1,0.0,0,1b95,1b95,True,0,correct,1,True,10,18,1.8
bifurc,even_odd,_todd18,1,0.0,0,1b95,1b95,True,0,correct,1,True,10,18,1.8
bifurc,even_odd,_todd18,1,0.0,0,1b95,1b95,True,0,correct,1,True,10,18,1.8
bifurc,even_odd,_todd18,1,0.0,0,1b95,1b95,True,0,correct,1,True,10,18,1.8
bifurc,even_odd,_todd18,1,0.0,0,1b95,1b95,True,0,correct,1,True,10,18,1.8
bifurc,even_odd,_todd18,1,0.0,0,1b95,1b95,True,0,correct,1,True,10,18,1.8
bifurc,even_odd,_todd18,1,0.0,0,1b95,1b95,True,0,correct,1,True,10,18,1.8
bifurc,even_odd,_todd18,1,0.0,0,1b95,1b95,True,0,correct,1,True,10,18,1.8
bifurc,even_odd,_todd18,1,0.0,0,1b95,1b95,True,0,correct,1,True,10,18,1.8
bifurc,even_odd,_todd18,1,0.0,0,1b95,1b95,True,0,correct,1,True,10,18,1.8
bifurc,even_odd,_todd18,1,0.0,0,1b95,1b95,True,0,correct,1,True,10,18,1.8
bifurc,even_odd,_todd18,1,0.0,0,1b95,1b95,True,0,correct,1,True,10,18,1.8
bifurc,even_odd,_todd18,1,0.0,0,1b95,1b95,True,0,correct,1,True,10,18,1.8
bifurc,even_odd,_todd18,1,0.0,0,1b95,1b95,True,0,correct,1,True,10,18,1.8
bifurc,even_odd,_todd18,1,0.0,0,1b95,1b95,True,0,correct,1,True,10,18,1.8
bifurc,even_odd,_todd18,1,0.0,0,1b95,1b95,True,0,correct,1,True,10,18,1.8
bifurc,even_odd,_todd18,1,0.0,0,1b95,1b95,True,0,correct,1,True,10,18,1.8
bifurc,even_odd,_todd18,1,0.0,0,1b95,1b95,True,0,correct,1,True,10,18,1.8
bifurc,even_odd,_todd18,1,0.0,0,1b95,1b95,True,0,correct,1,True,10,18,1.8
bifurc,even_odd,_todd18,1,0.0,0,1b95,1b95,True,0,correct,1,True,10,18,1.8
bifurc,even_odd,_todd18,1,0.0,0,1b95,1b95,True,0,correct,1,True,10,18,1.8
bifurc,even_odd,_todd18,1,0.0,0,1b95,1b95,True,0,correct,1,True,10,18,1.8
bifurc,even_odd,_todd18,1,0.0,0,1b95,1b95,True,0,correct,1,True,10,18,1.8
bifurc,even_odd,_todd18,1,0.0,0,1b95,1b95,True,0,correct,1,True,10,18,1.8
bifurc,even_odd,_todd18,1,0.0,0,1b95,1b95,True,0,correct,1,True,10,18,1.8
bifurc,even_odd,_todd18,1,0.0,0,1b95,1b95,True,0,correct,1,True,10,18,1.8
bifurc,even_odd,_todd18,1,0.0,0,1b95,1b95,True,0,correct,1,True,10,18,1.8
bifurc,even_odd,_todd18,1,0.0,0,1b95,1b95,True,0,correct,1,True,10,18,1.8
bifurc,even_odd,_todd18,1,0.0,0,1b95,1b95,True,0,correct,1,True,10,18,1.8
bifurc,even_odd,_todd18,1,0.0,0,1b95,1b95,True,0,correct,1,True,10,18,1.8
bifurc,even_odd,_todd18,1,0.0,0,1b95,1b95,True,0,correct,1,True,10,18,1.8
bifurc,even_odd,_todd18,1,0.0,0,1b95,1b95,True,0,correct,1,True,10,18,1.8
bifurc,even_odd,_todd18,1,0.0,0,1b95,1b95,True,0,correct,1,True,10,18,1.8
bifurc,even_odd,_todd18,1,0.0,0,1b95,1b95,True,0,correct,1,True,10,18,1.8
bifurc,even_odd,_todd18,2,0.0,0,a6b6,a6b6,True,0,correct,2,True,10,18,1.8
bifurc,even_odd,_todd18,2,0.0,0,a6b6,a6b6,True,0,correct,2,True,10,18,1.8
bifurc,even_odd,_todd18,2,0.0,0,a6b6,a6b6,True,0,correct,2,True,10,18,1.8
bifurc,even_odd,_todd18,2,0.0,0,a6b6,a6b6,True,0,correct,2,True,10,18,1.8
bifurc,even_odd,_todd18,2,0.0,0,a6b6,a6b6,True,0,correct,2,True,10,18,1.8
bifurc,even_odd,_todd18,2,0.0,0,a6b6,a6b6,True,0,correct,2,True,10,18,1.8
bifurc,even_odd,_todd18,2,0.0,0,a6b6,a6b6,True,0,correct,2,True,10,18,1.8
bifurc,even_odd,_todd18,2,0.0,0,a6b6,a6b6,True,0,correct,2,True,10,18,1.8
bifurc,even_odd,_todd18,2,0.0,0,a6b6,a6b6,True,0,correct,2,True,10,18,1.8
bifurc,even_odd,_todd18,2,0.0,0,a6b6,a6b6,True,0,correct,2,True,10,18,1.8
bifurc,even_odd,_todd18,2,0.0,0,a6b6,a6b6,True,0,correct,2,True,10,18,1.8
bifurc,even_odd,_todd18,2,0.0,0,a6b6,a6b6,True,0,correct,2,True,10,18,1.8
bifurc,even_odd,_todd18,2,0.0,0,a6b6,a6b6,True,0,correct,2,True,10,18,1.8
bifurc,even_odd,_todd18,2,0.0,0,a6b6,a6b6,True,0,correct,2,True,10,18,1.8
bifurc,even_odd,_todd18,2,0.0,0,a6b6,a6b6,True,0,correct,2,True,10,18,1.8
bifurc,even_odd,_todd18,2,0.0,0,a6b6,a6b6,True,0,correct,2,True,10,18,1.8
bifurc,even_odd,_todd18,2,0.0,0,a6b6,a6b6,True,0,correct,2,True,10,18,1.8
bifurc,even_odd,_todd18,2,0.0,0,a6b6,a6b6,True,0,correct,2,True,10,18,1.8
bifurc,even_odd,_todd18,2,0.0,0,a6b6,a6b6,True,0,correct,2,True,10,18,1.8
bifurc,even_odd,_todd18,2,0.0,0,a6b6,a6b6,True,0,correct,2,True,10,18,1.8
bifurc,even_odd,_todd18,2,0.0,0,a6b6,a6b6,True,0,correct,2,True,10,18,1.8
bifurc,even_odd,_todd18,2,0.0,0,a6b6,a6b6,True,0,correct,2,True,10,18,1.8
bifurc,even_odd,_todd18,2,0.0,0,a6b6,a6b6,True,0,correct,2,True,10,18,1.8
bifurc,even_odd,_todd18,2,0.0,0,a6b6,a6b6,True,0,correct,2,True,10,18,1.8
bifurc,even_odd,_todd18,2,0.0,0,a6b6,a6b6,True,0,correct,2,True,10,18,1.8
bifurc,even_odd,_todd18,2,0.0,0,a6b6,a6b6,True,0,correct,2,True,10,18,1.8
bifurc,even_odd,_todd18,2,0.0,0,a6b6,a6b6,True,0,correct,2,True,10,18,1.8
bifurc,even_odd,_todd18,2,0.0,0,a6b6,a6b6,True,0,correct,2,True,10,18,1.8
bifurc,even_odd,_todd18,2,0.0,0,a6b6,a6b6,True,0,correct,2,True,10,18,1.8
bifurc,even_odd,_todd18,2,0.0,0,a6b6,a6b6,True,0,correct,2,True,10,18,1.8
bifurc,even_odd,_todd18,2,0.0,0,a6b6,a6b6,True,0,correct,2,True,10,18,1.8
bifurc,even_odd,_todd18,2,0.0,0,a6b6,a6b6,True,0,correct,2,True,10,18,1.8
bifurc,even_odd,_todd18,2,0.0,0,a6b6,a6b6,True,0,correct,2,True,10,18,1.8
bifurc,even_odd,_todd18,2,0.0,0,a6b6,a6b6,True,0,correct,2,True,10,18,1.8
bifurc,even_odd,_todd18,2,0.0,0,a6b6,a6b6,True,0,correct,2,True,10,18,1.8
bifurc,even_odd,_todd18,2,0.0,0,a6b6,a6b6,True,0,correct,2,True,10,18,1.8
bifurc,even_odd,_todd18,2,0.0,0,a6b6,a6b6,True,0,correct,2,True,10,18,1.8
bifurc,even_odd,_todd18,2,0.0,0,a6b6,a6b6,True,0,correct,2,True,10,18,1.8
bifurc,even_odd,_todd18,2,0.0,0,a6b6,a6b6,True,0,correct,2,True,10,18,1.8
bifurc,even_odd,_todd18,2,0.0,0,a6b6,a6b6,True,0,correct,2,True,10,18,1.8
bifurc,even_odd,_todd18,2,0.0,0,a6b6,a6b6,True,0,correct,2,True,10,18,1.8
bifurc,even_odd,_todd18,2,0.0,0,a6b6,a6b6,True,0,correct,2,True,10,18,1.8
bifurc,even_odd,_todd18,2,0.0,0,a6b6,a6b6,True,0,correct,2,True,10,18,1.8
bifurc,even_odd,_todd18,2,0.0,0,a6b6,a6b6,True,0,correct,2,True,10,18,1.8
bifurc,even_odd,_todd18,2,0.0,0,a6b6,a6b6,True,0,correct,2,True,10,18,1.8
bifurc,even_odd,_todd18,2,0.0,0,a6b6,a6b6,True,0,correct,2,True,10,18,1.8
bifurc,even_odd,_todd18,2,0.0,0,a6b6,a6b6,True,0,correct,2,True,10,18,1.8
bifurc,even_odd,_todd18,2,0.0,0,a6b6,a6b6,True,0,correct,2,True,10,18,1.8
bifurc,even_odd,_todd18,2,0.0,0,a6b6,a6b6,True,0,correct,2,True,10,18,1.8
bifurc,even_odd,_todd18,2,0.0,0,a6b6,a6b6,True,0,correct,2,True,10,18,1.8
bifurc,even_odd,_todd18,2,0.0,0,a6b6,a6b6,True,0,correct,2,True,10,18,1.8
bifurc,even_odd,_todd18,2,0.0,0,a6b6,a6b6,True,0,correct,2,True,10,18,1.8
bifurc,even_odd,_todd18,2,0.0,0,a6b6,a6b6,True,0,correct,2,True,10,18,1.8
bifurc,even_odd,_todd18,2,0.0,0,a6b6,a6b6,True,0,correct,2,True,10,18,1.8
bifurc,even_odd,_todd18,2,0.0,0,a6b6,a6b6,True,0,correct,2,True,10,18,1.8
bifurc,even_odd,_todd18,2,0.0,0,a6b6,a6b6,True,0,correct,2,True,10,18,1.8
bifurc,even_odd,_todd18,2,0.0,0,a6b6,a6b6,True,0,correct,2,True,10,18,1.8
bifurc,even_odd,_todd18,2,0.0,0,a6b6,a6b6,True,0,correct,2,True,10,18,1.8
bifurc,even_odd,_todd18,2,0.0,0,a6b6,a6b6,True,0,correct,2,True,10,18,1.8
bifurc,even_odd,_todd18,2,0.0,0,a6b6,a6b6,True,0,correct,2,True,10,18,1.8
bifurc,even_odd,_todd18,2,0.0,0,a6b6,a6b6,True,0,correct,2,True,10,18,1.8
bifurc,even_odd,_todd18,2,0.0,0,a6b6,a6b6,True,0,correct,2,True,10,18,1.8
bifurc,even_odd,_todd18,2,0.0,0,a6b6,a6b6,True,0,correct,2,True,10,18,1.8
bifurc,even_odd,_todd18,2,0.0,0,a6b6,a6b6,True,0,correct,2,True,10,18,1.8
bifurc,even_odd,_todd18,2,0.0,0,a6b6,a6b6,True,0,correct,2,True,10,18,1.8
bifurc,even_odd,_todd18,2,0.0,0,a6b6,a6b6,True,0,correct,2,True,10,18,1.8
bifurc,even_odd,_todd18,2,0.0,0,a6b6,a6b6,True,0,correct,2,True,10,18,1.8
bifurc,even_odd,_todd18,2,0.0,0,a6b6,a6b6,True,0,correct,2,True,10,18,1.8
bifurc,even_odd,_todd18,2,0.0,0,a6b6,a6b6,True,0,correct,2,True,10,18,1.8
bifurc,even_odd,_todd18,2,0.0,0,a6b6,a6b6,True,0,correct,2,True,10,18,1.8
bifurc,even_odd,_todd18,2,0.0,0,a6b6,a6b6,True,0,correct,2,True,10,18,1.8
bifurc,even_odd,_todd18,2,0.0,0,a6b6,a6b6,True,0,correct,2,True,10,18,1.8
bifurc,even_odd,_todd18,2,0.0,0,a6b6,a6b6,True,0,correct,2,True,10,18,1.8
bifurc,even_odd,_todd18,2,0.0,0,a6b6,a6b6,True,0,correct,2,True,10,18,1.8
bifurc,even_odd,_todd18,2,0.0,0,a6b6,a6b6,True,0,correct,2,True,10,18,1.8
bifurc,even_odd,_todd18,2,0.0,0,a6b6,a6b6,True,0,correct,2,True,10,18,1.8
bifurc,even_odd,_todd18,2,0.0,0,a6b6,a6b6,True,0,correct,2,True,10,18,1.8
bifurc,even_odd,_todd18,2,0.0,0,a6b6,a6b6,True,0,correct,2,True,10,18,1.8
bifurc,even_odd,_todd18,2,0.0,0,a6b6,a6b6,True,0,correct,2,True,10,18,1.8
bifurc,even_odd,_todd18,2,0.0,0,a6b6,a6b6,True,0,correct,2,True,10,18,1.8
bifurc,even_odd,_todd18,3,0.0,0,bd07,bd07,True,0,correct,3,True,10,18,1.8
bifurc,even_odd,_todd18,3,0.0,0,bd07,bd07,True,0,correct,3,True,10,18,1.8
bifurc,even_odd,_todd18,3,0.0,0,bd07,bd07,True,0,correct,3,True,10,18,1.8
bifurc,even_odd,_todd18,3,0.0,0,bd07,bd07,True,0,correct,3,True,10,18,1.8
bifurc,even_odd,_todd18,3,0.0,0,bd07,bd07,True,0,correct,3,True,10,18,1.8
bifurc,even_odd,_todd18,3,0.0,0,bd07,bd07,True,0,correct,3,True,10,18,1.8
bifurc,even_odd,_todd18,3,0.0,0,bd07,bd07,True,0,correct,3,True,10,18,1.8
bifurc,even_odd,_todd18,3,0.0,0,bd07,bd07,True,0,correct,3,True,10,18,1.8
bifurc,even_odd,_todd18,3,0.0,0,bd07,bd07,True,0,correct,3,True,10,18,1.8
bifurc,even_odd,_todd18,3,0.0,0,bd07,bd07,True,0,correct,3,True,10,18,1.8
bifurc,even_odd,_todd18,3,0.0,0,bd07,bd07,True,0,correct,3,True,10,18,1.8
bifurc,even_odd,_todd18,3,0.0,0,bd07,bd07,True,0,correct,3,True,10,18,1.8
bifurc,even_odd,_todd18,3,0.0,0,bd07,bd07,True,0,correct,3,True,10,18,1.8
bifurc,even_odd,_todd18,3,0.0,0,bd07,bd07,True,0,correct,3,True,10,18,1.8
bifurc,even_odd,_todd18,3,0.0,0,bd07,bd07,True,0,correct,3,True,10,18,1.8
bifurc,even_odd,_todd18,3,0.0,0,bd07,bd07,True,0,correct,3,True,10,18,1.8
bifurc,even_odd,_todd18,3,0.0,0,bd07,bd07,True,0,correct,3,True,10,18,1.8
bifurc,even_odd,_todd18,3,0.0,0,bd07,bd07,True,0,correct,3,True,10,18,1.8
bifurc,even_odd,_todd18,3,0.0,0,bd07,bd07,True,0,correct,3,True,10,18,1.8
bifurc,even_odd,_todd18,3,0.0,0,bd07,bd07,True,0,correct,3,True,10,18,1.8
bifurc,even_odd,_todd18,3,0.0,0,bd07,bd07,True,0,correct,3,True,10,18,1.8
bifurc,even_odd,_todd18,3,0.0,0,bd07,bd07,True,0,correct,3,True,10,18,1.8
bifurc,even_odd,_todd18,3,0.0,0,bd07,bd07,True,0,correct,3,True,10,18,1.8
bifurc,even_odd,_todd18,3,0.0,0,bd07,bd07,True,0,correct,3,True,10,18,1.8
bifurc,even_odd,_todd18,3,0.0,0,bd07,bd07,True,0,correct,3,True,10,18,1.8
bifurc,even_odd,_todd18,3,0.0,0,bd07,bd07,True,0,correct,3,True,10,18,1.8
bifurc,even_odd,_todd18,3,0.0,0,bd07,bd07,True,0,correct,3,True,10,18,1.8
bifurc,even_odd,_todd18,3,0.0,0,bd07,bd07,True,0,correct,3,True,10,18,1.8
bifurc,even_odd,_todd18,3,0.0,0,bd07,bd07,True,0,correct,3,True,10,18,1.8
bifurc,even_odd,_todd18,3,0.0,0,bd07,bd07,True,0,correct,3,True,10,18,1.8
bifurc,even_odd,_todd18,3,0.0,0,bd07,bd07,True,0,correct,3,True,10,18,1.8
bifurc,even_odd,_todd18,3,0.0,0,bd07,bd07,True,0,correct,3,True,10,18,1.8
bifurc,even_odd,_todd18,3,0.0,0,bd07,bd07,True,0,correct,3,True,10,18,1.8
bifurc,even_odd,_todd18,3,0.0,0,bd07,bd07,True,0,correct,3,True,10,18,1.8
bifurc,even_odd,_todd18,3,0.0,0,bd07,bd07,True,0,correct,3,True,10,18,1.8
bifurc,even_odd,_todd18,3,0.0,0,bd07,bd07,True,0,correct,3,True,10,18,1.8
bifurc,even_odd,_todd18,3,0.0,0,bd07,bd07,True,0,correct,3,True,10,18,1.8
bifurc,even_odd,_todd18,3,0.0,0,bd07,bd07,True,0,correct,3,True,10,18,1.8
bifurc,even_odd,_todd18,3,0.0,0,bd07,bd07,True,0,correct,3,True,10,18,1.8
bifurc,even_odd,_todd18,3,0.0,0,bd07,bd07,True,0,correct,3,True,10,18,1.8
bifurc,even_odd,_todd18,3,0.0,0,bd07,bd07,True,0,correct,3,True,10,18,1.8
bifurc,even_odd,_todd18,3,0.0,0,bd07,bd07,True,0,correct,3,True,10,18,1.8
bifurc,even_odd,_todd18,3,0.0,0,bd07,bd07,True,0,correct,3,True,10,18,1.8
bifurc,even_odd,_todd18,3,0.0,0,bd07,bd07,True,0,correct,3,True,10,18,1.8
bifurc,even_odd,_todd18,3,0.0,0,bd07,bd07,True,0,correct,3,True,10,18,1.8
bifurc,even_odd,_todd18,3,0.0,0,bd07,bd07,True,0,correct,3,True,10,18,1.8
bifurc,even_odd,_todd18,3,0.0,0,bd07,bd07,True,0,correct,3,True,10,18,1.8
bifurc,even_odd,_todd18,3,0.0,0,bd07,bd07,True,0,correct,3,True,10,18,1.8
bifurc,even_odd,_todd18,3,0.0,0,bd07,bd07,True,0,correct,3,True,10,18,1.8
bifurc,even_odd,_todd18,3,0.0,0,bd07,bd07,True,0,correct,3,True,10,18,1.8
bifurc,even_odd,_todd18,3,0.0,0,bd07,bd07,True,0,correct,3,True,10,18,1.8
bifurc,even_odd,_todd18,3,0.0,0,bd07,bd07,True,0,correct,3,True,10,18,1.8
bifurc,even_odd,_todd18,3,0.0,0,bd07,bd07,True,0,correct,3,True,10,18,1.8
bifurc,even_odd,_todd18,3,0.0,0,bd07,bd07,True,0,correct,3,True,10,18,1.8
bifurc,even_odd,_todd18,3,0.0,0,bd07,bd07,True,0,correct,3,True,10,18,1.8
bifurc,even_odd,_todd18,3,0.0,0,bd07,bd07,True,0,correct,3,True,10,18,1.8
bifurc,even_odd,_todd18,3,0.0,0,bd07,bd07,True,0,correct,3,True,10,18,1.8
bifurc,even_odd,_todd18,3,0.0,0,bd07,bd07,True,0,correct,3,True,10,18,1.8
bifurc,even_odd,_todd18,3,0.0,0,bd07,bd07,True,0,correct,3,True,10,18,1.8
bifurc,even_odd,_todd18,3,0.0,0,bd07,bd07,True,0,correct,3,True,10,18,1.8
bifurc,even_odd,_todd18,3,0.0,0,bd07,bd07,True,0,correct,3,True,10,18,1.8
bifurc,even_odd,_todd18,3,0.0,0,bd07,bd07,True,0,correct,3,True,10,18,1.8
bifurc,even_odd,_todd18,3,0.0,0,bd07,bd07,True,0,correct,3,True,10,18,1.8
bifurc,even_odd,_todd18,3,0.0,0,bd07,bd07,True,0,correct,3,True,10,18,1.8
bifurc,even_odd,_todd18,3,0.0,0,bd07,bd07,True,0,correct,3,True,10,18,1.8
bifurc,even_odd,_todd18,3,0.0,0,bd07,bd07,True,0,correct,3,True,10,18,1.8
bifurc,even_odd,_todd18,3,0.0,0,bd07,bd07,True,0,correct,3,True,10,18,1.8
bifurc,even_odd,_todd18,3,0.0,0,bd07,bd07,True,0,correct,3,True,10,18,1.8
bifurc,even_odd,_todd18,3,0.0,0,bd07,bd07,True,0,correct,3,True,10,18,1.8
bifurc,even_odd,_todd18,3,0.0,0,bd07,bd07,True,0,correct,3,True,10,18,1.8
bifurc,even_odd,_todd18,3,0.0,0,bd07,bd07,True,0,correct,3,True,10,18,1.8
bifurc,even_odd,_todd18,3,0.0,0,bd07,bd07,True,0,correct,3,True,10,18,1.8
bifurc,even_odd,_todd18,3,0.0,0,bd07,bd07,True,0,correct,3,True,10,18,1.8
bifurc,even_odd,_todd18,3,0.0,0,bd07,bd07,True,0,correct,3,True,10,18,1.8
bifurc,even_odd,_todd18,3,0.0,0,bd07,bd07,True,0,correct,3,True,10,18,1.8
bifurc,even_odd,_todd18,3,0.0,0,bd07,bd07,True,0,correct,3,True,10,18,1.8
bifurc,even_odd,_todd18,3,0.0,0,bd07,bd07,True,0,correct,3,True,10,18,1.8
bifurc,even_odd,_todd18,3,0.0,0,bd07,bd07,True,0,correct,3,True,10,18,1.8
bifurc,even_odd,_todd18,3,0.0,0,bd07,bd07,True,0,correct,3,True,10,18,1.8
bifurc,even_odd,_todd18,3,0.0,0,bd07,bd07,True,0,correct,3,True,10,18,1.8
bifurc,even_odd,_todd18,0,0.2,2,fce2,fca6,True,11,correct,0,True,10,18,1.8
bifurc,even_odd,_todd18,0,0.2,1,fc26,fca6,True,19,correct,0,True,10,18,1.8
bifurc,even_odd,_todd18,0,0.2,4,70e6,fca6,True,47,correct,0,True,10,18,1.8
bifurc,even_odd,_todd18,0,0.2,5,dfe4,58a4,True,47,spurious,-1,False,10,18,1.8
bifurc,even_odd,_todd18,0,0.2,5,dd34,58a4,True,49,spurious,-1,False,10,18,1.8
bifurc,even_odd,_todd18,0,0.2,0,fca6,fca6,True,0,correct,0,True,10,18,1.8
bifurc,even_odd,_todd18,0,0.2,1,f8a6,fca6,True,11,correct,0,True,10,18,1.8
bifurc,even_odd,_todd18,0,0.2,1,fc26,fca6,True,19,correct,0,True,10,18,1.8
bifurc,even_odd,_todd18,0,0.2,4,64a4,58a4,True,47,spurious,-1,False,10,18,1.8
bifurc,even_odd,_todd18,0,0.2,3,74b6,fca6,True,29,correct,0,True,10,18,1.8
bifurc,even_odd,_todd18,0,0.2,3,9ea6,fca6,True,21,correct,0,True,10,18,1.8
bifurc,even_odd,_todd18,0,0.2,6,1686,2b4,True,67,spurious,-1,False,10,18,1.8
bifurc,even_odd,_todd18,0,0.2,3,fc16,bd07,True,11,wrong_pattern,3,False,10,18,1.8
bifurc,even_odd,_todd18,0,0.2,2,fc36,fca6,True,19,correct,0,True,10,18,1.8
bifurc,even_odd,_todd18,0,0.2,1,fca4,fca6,True,19,correct,0,True,10,18,1.8
bifurc,even_odd,_todd18,0,0.2,2,fcb4,fca6,True,19,correct,0,True,10,18,1.8
bifurc,even_odd,_todd18,0,0.2,5,5086,58a4,True,19,spurious,-1,False,10,18,1.8
bifurc,even_odd,_todd18,0,0.2,4,dde4,58a4,True,47,spurious,-1,False,10,18,1.8
bifurc,even_odd,_todd18,0,0.2,3,f8b4,fca6,True,47,correct,0,True,10,18,1.8
bifurc,even_odd,_todd18,0,0.2,4,748e,fca6,True,19,correct,0,True,10,18,1.8
bifurc,even_odd,_todd18,0,0.2,4,b9a4,fca6,True,47,correct,0,True,10,18,1.8
bifurc,even_odd,_todd18,0,0.2,4,7cc2,fca6,True,39,correct,0,True,10,18,1.8
bifurc,even_odd,_todd18,0,0.2,0,fca6,fca6,True,0,correct,0,True,10,18,1.8
bifurc,even_odd,_todd18,0,0.2,3,fcb3,fca6,True,11,correct,0,True,10,18,1.8
bifurc,even_odd,_todd18,0,0.2,2,f5a6,fca6,True,19,correct,0,True,10,18,1.8
bifurc,even_odd,_todd18,0,0.2,3,f6e6,a6b6,True,41,wrong_pattern,2,False,10,18,1.8
bifurc,even_odd,_todd18,0,0.2,1,fea6,fca6,True,19,correct,0,True,10,18,1.8
bifurc,even_odd,_todd18,0,0.2,3,6da6,fca6,True,19,correct,0,True,10,18,1.8
bifurc,even_odd,_todd18,0,0.2,3,dcb4,58a4,True,47,spurious,-1,False,10,18,1.8
bifurc,even_odd,_todd18,0,0.2,2,fc36,fca6,True,19,correct,0,True,10,18,1.8
bifurc,even_odd,_todd18,0,0.2,0,fca6,fca6,True,0,correct,0,True,10,18,1.8
bifurc,even_odd,_todd18,0,0.2,4,b4b2,fca6,True,41,correct,0,True,10,18,1.8
bifurc,even_odd,_todd18,0,0.2,5,2cf6,fca6,True,41,correct,0,True,10,18,1.8
bifurc,even_odd,_todd18,0,0.2,5,e804,fca6,True,47,correct,0,True,10,18,1.8
bifurc,even_odd,_todd18,0,0.2,6,bccb,fca6,True,65,correct,0,True,10,18,1.8
bifurc,even_odd,_todd18,0,0.2,2,bcae,fca6,True,19,correct,0,True,10,18,1.8
bifurc,even_odd,_todd18,0,0.2,2,ecb6,fca6,True,11,correct,0,True,10,18,1.8
bifurc,even_odd,_todd18,0,0.2,5,b485,fca6,True,103,correct,0,True,10,18,1.8
bifurc,even_odd,_todd18,0,0.2,3,7da2,fca6,True,19,correct,0,True,10,18,1.8
bifurc,even_odd,_todd18,0,0.2,5,7dbf,fca6,True,29,correct,0,True,10,18,1.8
bifurc,even_odd,_todd18,0,0.2,4,baa4,fca6,True,47,correct,0,True,10,18,1.8
bifurc,even_odd,_todd18,0,0.2,5,efa5,fca6,True,39,correct,0,True,10,18,1.8
bifurc,even_odd,_todd18,0,0.2,4,e827,fca6,True,47,correct,0,True,10,18,1.8
bifurc,even_odd,_todd18,0,0.2,1,7ca6,fca6,True,19,correct,0,True,10,18,1.8
bifurc,even_odd,_todd18,0,0.2,7,b845,bd07,True,47,wrong_pattern,3,False,10,18,1.8
bifurc,even_odd,_todd18,0,0.2,4,ffbe,fca6,True,19,correct,0,True,10,18,1.8
bifurc,even_odd,_todd18,0,0.2,5,7d83,bd07,True,21,wrong_pattern,3,False,10,18,1.8
bifurc,even_odd,_todd18,0,0.2,3,d8a4,58a4,True,19,spurious,-1,False,10,18,1.8
bifurc,even_odd,_todd18,0,0.2,3,fc04,fca6,True,47,correct,0,True,10,18,1.8
bifurc,even_odd,_todd18,0,0.2,2,7ea6,fca6,True,19,correct,0,True,10,18,1.8
bifurc,even_odd,_todd18,0,0.2,4,14a6,58a4,True,47,spurious,-1,False,10,18,1.8
bifurc,even_odd,_todd18,0,0.2,5,7d9e,fca6,True,37,correct,0,True,10,18,1.8
bifurc,even_odd,_todd18,0,0.2,3,7de6,fca6,True,19,correct,0,True,10,18,1.8
bifurc,even_odd,_todd18,0,0.2,1,bca6,fca6,True,11,correct,0,True,10,18,1.8
bifurc,even_odd,_todd18,0,0.2,4,ffe7,fca6,True,29,correct,0,True,10,18,1.8
bifurc,even_odd,_todd18,0,0.2,5,7d32,fccf,False,1252,oscillated,-1,False,10,18,1.8
bifurc,even_odd,_todd18,0,0.2,1,fca4,fca6,True,19,correct,0,True,10,18,1.8
bifurc,even_odd,_todd18,0,0.2,1,fcb6,fca6,True,11,correct,0,True,10,18,1.8
bifurc,even_odd,_todd18,0,0.2,5,bc3f,fca6,True,65,correct,0,True,10,18,1.8
bifurc,even_odd,_todd18,0,0.2,1,fce6,fca6,True,11,correct,0,True,10,18,1.8
bifurc,even_odd,_todd18,0,0.2,4,dc46,fd4b,True,57,spurious,-1,False,10,18,1.8
bifurc,even_odd,_todd18,0,0.2,2,fe86,fca6,True,19,correct,0,True,10,18,1.8
bifurc,even_odd,_todd18,0,0.2,5,68e7,fca6,True,47,correct,0,True,10,18,1.8
bifurc,even_odd,_todd18,0,0.2,4,dcd6,fca6,True,19,correct,0,True,10,18,1.8
bifurc,even_odd,_todd18,0,0.2,6,9c60,58a4,True,57,spurious,-1,False,10,18,1.8
bifurc,even_odd,_todd18,0,0.2,3,f4b4,fca6,True,29,correct,0,True,10,18,1.8
bifurc,even_odd,_todd18,0,0.2,3,bda7,fca6,True,11,correct,0,True,10,18,1.8
bifurc,even_odd,_todd18,0,0.2,6,cd85,1905,True,47,spurious,-1,False,10,18,1.8
bifurc,even_odd,_todd18,0,0.2,4,dec6,fca6,True,19,correct,0,True,10,18,1.8
bifurc,even_odd,_todd18,0,0.2,4,ea26,fca6,True,19,correct,0,True,10,18,1.8
bifurc,even_odd,_todd18,0,0.2,7,70f3,fca6,True,47,correct,0,True,10,18,1.8
bifurc,even_odd,_todd18,0,0.2,3,bda7,fca6,True,11,correct,0,True,10,18,1.8
bifurc,even_odd,_todd18,0,0.2,1,bca6,fca6,True,11,correct,0,True,10,18,1.8
bifurc,even_odd,_todd18,0,0.2,2,eca2,fca6,True,11,correct,0,True,10,18,1.8
bifurc,even_odd,_todd18,0,0.2,2,dcae,fca6,True,19,correct,0,True,10,18,1.8
bifurc,even_odd,_todd18,0,0.2,3,3cb6,fca6,True,29,correct,0,True,10,18,1.8
bifurc,even_odd,_todd18,0,0.2,3,f926,fca6,True,47,correct,0,True,10,18,1.8
bifurc,even_odd,_todd18,0,0.2,1,7ca6,fca6,True,19,correct,0,True,10,18,1.8
bifurc,even_odd,_todd18,0,0.2,2,fce4,fca6,True,19,correct,0,True,10,18,1.8
bifurc,even_odd,_todd18,0,0.2,2,bcb6,fca6,True,11,correct,0,True,10,18,1.8
bifurc,even_odd,_todd18,1,0.2,2,5bb5,58a4,True,29,spurious,-1,False,10,18,1.8
bifurc,even_odd,_todd18,1,0.2,6,6b80,12b4,False,1252,oscillated,-1,False,10,18,1.8
bifurc,even_odd,_todd18,1,0.2,3,1fd1,395,True,29,spurious,-1,False,10,18,1.8
bifurc,even_odd,_todd18,1,0.2,3,1f35,1b95,True,19,correct,1,True,10,18,1.8
bifurc,even_odd,_todd18,1,0.2,0,1b95,1b95,True,0,correct,1,True,10,18,1.8
bifurc,even_odd,_todd18,1,0.2,4,5ac5,58a4,True,29,spurious,-1,False,10,18,1.8
bifurc,even_odd,_todd18,1,0.2,2,1bd4,2b4,True,29,spurious,-1,False,10,18,1.8
bifurc,even_odd,_todd18,1,0.2,1,b95,1b95,True,11,correct,1,True,10,18,1.8
bifurc,even_odd,_todd18,1,0.2,5,2b75,359,True,65,spurious,-1,False,10,18,1.8
bifurc,even_odd,_todd18,1,0.2,6,2881,58a4,True,67,spurious,-1,False,10,18,1.8
bifurc,even_odd,_todd18,1,0.2,3,1abd,2b4,True,29,spurious,-1,False,10,18,1.8
bifurc,even_odd,_todd18,1,0.2,1,1b97,1b95,True,19,correct,1,True,10,18,1.8
bifurc,even_odd,_todd18,1,0.2,1,b95,1b95,True,11,correct,1,True,10,18,1.8
bifurc,even_odd,_todd18,1,0.2,2,1994,58a4,True,37,spurious,-1,False,10,18,1.8
bifurc,even_odd,_todd18,1,0.2,2,3b15,1b95,True,19,correct,1,True,10,18,1.8
bifurc,even_odd,_todd18,1,0.2,5,7b1f,bd07,True,47,wrong_pattern,3,False,10,18,1.8
bifurc,even_odd,_todd18,1,0.2,6,93e7,a6b6,True,67,wrong_pattern,2,False,10,18,1.8
bifurc,even_odd,_todd18,1,0.2,6,8899,5949,True,67,spurious,-1,False,10,18,1.8
bifurc,even_odd,_todd18,1,0.2,2,1b55,395,True,29,spurious,-1,False,10,18,1.8
bifurc,even_odd,_todd18,1,0.2,3,b8d,395,True,39,spurious,-1,False,10,18,1.8
bifurc,even_odd,_todd18,1,0.2,2,139d,395,True,37,spurious,-1,False,10,18,1.8
bifurc,even_odd,_todd18,1,0.2,2,bb95,bf97,True,47,spurious,-1,False,10,18,1.8
bifurc,even_odd,_todd18,1,0.2,1,1a95,58a4,True,57,spurious,-1,False,10,18,1.8
bifurc,even_odd,_todd18,1,0.2,3,18d5,58a4,True,49,spurious,-1,False,10,18,1.8
bifurc,even_odd,_todd18,1,0.2,2,1915,1905,True,11,spurious,-1,False,10,18,1.8
bifurc,even_odd,_todd18,1,0.2,3,19b7,58a4,True,31,spurious,-1,False,10,18,1.8
bifurc,even_odd,_todd18,1,0.2,4,3a05,1915,False,1252,oscillated,-1,False,10,18,1.8
bifurc,even_odd,_todd18,1,0.2,2,9bb5,58a4,True,49,spurious,-1,False,10,18,1.8
bifurc,even_odd,_todd18,1,0.2,5,1ead,58a4,True,21,spurious,-1,False,10,18,1.8
bifurc,even_odd,_todd18,1,0.2,4,1f80,58a4,True,49,spurious,-1,False,10,18,1.8
bifurc,even_odd,_todd18,1,0.2,3,399d,1905,True,31,spurious,-1,False,10,18,1.8
bifurc,even_odd,_todd18,1,0.2,6,1645,359,True,39,spurious,-1,False,10,18,1.8
bifurc,even_odd,_todd18,1,0.2,3,5b87,1905,True,29,spurious,-1,False,10,18,1.8
bifurc,even_odd,_todd18,1,0.2,5,1b29,1905,True,77,spurious,-1,False,10,18,1.8
bifurc,even_odd,_todd18,1,0.2,3,1be5,58a4,True,39,spurious,-1,False,10,18,1.8
bifurc,even_odd,_todd18,1,0.2,2,1e95,58a4,True,57,spurious,-1,False,10,18,1.8
bifurc,even_odd,_todd18,1,0.2,2,3b85,1915,False,1252,oscillated,-1,False,10,18,1.8
bifurc,even_odd,_todd18,1,0.2,7,fed1,fca6,True,29,wrong_pattern,0,False,10,18,1.8
bifurc,even_odd,_todd18,1,0.2,3,7995,1905,True,29,spurious,-1,False,10,18,1.8
bifurc,even_odd,_todd18,1,0.2,3,1f1d,359,True,41,spurious,-1,False,10,18,1.8
bifurc,even_odd,_todd18,1,0.2,3,13c5,395,True,11,spurious,-1,False,10,18,1.8
bifurc,even_odd,_todd18,1,0.2,2,1915,1905,True,11,spurious,-1,False,10,18,1.8
bifurc,even_odd,_todd18,1,0.2,3,f97,1b95,True,67,correct,1,True,10,18,1.8
bifurc,even_odd,_todd18,1,0.2,2,1b8d,395,True,95,spurious,-1,False,10,18,1.8
bifurc,even_odd,_todd18,1,0.2,4,b391,a797,True,47,spurious,-1,False,10,18,1.8
bifurc,even_odd,_todd18,1,0.2,2,3bb5,58a4,True,49,spurious,-1,False,10,18,1.8
bifurc,even_odd,_todd18,1,0.2,3,9bb1,2b4,True,29,spurious,-1,False,10,18,1.8
bifurc,even_odd,_todd18,1,0.2,3,5f94,58a4,True,29,spurious,-1,False,10,18,1.8
bifurc,even_odd,_todd18,1,0.2,3,4bd5,1b95,True,11,correct,1,True,10,18,1.8
bifurc,even_odd,_todd18,1,0.2,1,1b9d,395,True,37,spurious,-1,False,10,18,1.8
bifurc,even_odd,_todd18,1,0.2,4,179c,2b4,True,29,spurious,-1,False,10,18,1.8
bifurc,even_odd,_todd18,1,0.2,3,1215,395,True,39,spurious,-1,False,10,18,1.8
bifurc,even_odd,_todd18,1,0.2,2,1b81,1b95,True,11,correct,1,True,10,18,1.8
bifurc,even_odd,_todd18,1,0.2,5,d305,1905,True,29,spurious,-1,False,10,18,1.8
bifurc,even_odd,_todd18,1,0.2,4,1214,2b4,True,67,spurious,-1,False,10,18,1.8
bifurc,even_odd,_todd18,1,0.2,1,1b97,1b95,True,19,correct,1,True,10,18,1.8
bifurc,even_odd,_todd18,1,0.2,5,3b50,359,True,47,spurious,-1,False,10,18,1.8
bifurc,even_odd,_todd18,1,0.2,5,717,395,True,47,spurious,-1,False,10,18,1.8
bifurc,even_odd,_todd18,1,0.2,4,396,2b4,True,29,spurious,-1,False,10,18,1.8
bifurc,even_odd,_todd18,1,0.2,1,1395,395,True,11,spurious,-1,False,10,18,1.8
bifurc,even_odd,_todd18,1,0.2,4,5194,58a4,True,47,spurious,-1,False,10,18,1.8
bifurc,even_odd,_todd18,1,0.2,3,1291,2b4,True,29,spurious,-1,False,10,18,1.8
bifurc,even_odd,_todd18,1,0.2,3,1bad,58a4,True,39,spurious,-1,False,10,18,1.8
bifurc,even_odd,_todd18,1,0.2,5,cbf5,12b4,False,1252,oscillated,-1,False,10,18,1.8
bifurc,even_odd,_todd18,1,0.2,6,17b8,42f8,True,31,spurious,-1,False,10,18,1.8
bifurc,even_odd,_todd18,1,0.2,2,1bc5,1b95,True,11,correct,1,True,10,18,1.8
bifurc,even_odd,_todd18,1,0.2,4,1097,2b4,True,39,spurious,-1,False,10,18,1.8
bifurc,even_odd,_todd18,1,0.2,6,3982,fca6,True,49,wrong_pattern,0,False,10,18,1.8
bifurc,even_odd,_todd18,1,0.2,4,3797,a797,True,39,spurious,-1,False,10,18,1.8
bifurc,even_odd,_todd18,1,0.2,2,1b96,58a4,True,57,spurious,-1,False,10,18,1.8
bifurc,even_odd,_todd18,1,0.2,4,1b18,359,True,31,spurious,-1,False,10,18,1.8
bifurc,even_odd,_todd18,1,0.2,2,1195,395,True,39,spurious,-1,False,10,18,1.8
bifurc,even_odd,_todd18,1,0.2,3,9b5,58a4,True,59,spurious,-1,False,10,18,1.8
bifurc,even_odd,_todd18,1,0.2,5,22b5,2b4,True,19,spurious,-1,False,10,18,1.8
bifurc,even_odd,_todd18,1,0.2,3,19b1,58a4,True,11,spurious,-1,False,10,18,1.8
bifurc,even_odd,_todd18,1,0.2,6,7a98,58a4,True,29,spurious,-1,False,10,18,1.8
bifurc,even_odd,_todd18,1,0.2,1,1b97,1b95,True,19,correct,1,True,10,18,1.8
bifurc,even_odd,_todd18,1,0.2,4,1a07,1915,False,1252,oscillated,-1,False,10,18,1.8
bifurc,even_odd,_todd18,1,0.2,3,3a15,1b95,True,19,correct,1,True,10,18,1.8
bifurc,even_odd,_todd18,1,0.2,5,8b5d,359,True,19,spurious,-1,False,10,18,1.8
bifurc,even_odd,_todd18,2,0.2,4,96f7,a6b6,True,19,correct,2,True,10,18,1.8
bifurc,even_odd,_todd18,2,0.2,3,b6a4,a6b6,True,39,correct,2,True,10,18,1.8
bifurc,even_odd,_todd18,2,0.2,4,c7b2,a6b6,True,31,correct,2,True,10,18,1.8
bifurc,even_odd,_todd18,2,0.2,2,a63e,e6fa,True,31,spurious,-1,False,10,18,1.8
bifurc,even_odd,_todd18,2,0.2,5,a4ce,e6fa,True,31,spurious,-1,False,10,18,1.8
bifurc,even_odd,_todd18,2,0.2,2,a6fe,e6fa,True,31,spurious,-1,False,10,18,1.8
bifurc,even_odd,_todd18,2,0.2,5,379e,a6b6,True,29,correct,2,True,10,18,1.8
bifurc,even_odd,_todd18,2,0.2,5,e41e,a75b,True,39,spurious,-1,False,10,18,1.8
bifurc,even_odd,_todd18,2,0.2,3,a432,e6fa,True,29,spurious,-1,False,10,18,1.8
bifurc,even_odd,_todd18,2,0.2,2,24b6,fca6,True,41,wrong_pattern,0,False,10,18,1.8
bifurc,even_odd,_todd18,2,0.2,2,a69e,a6b6,True,19,correct,2,True,10,18,1.8
bifurc,even_odd,_todd18,2,0.2,5,f23e,fca6,True,75,wrong_pattern,0,False,10,18,1.8
bifurc,even_odd,_todd18,2,0.2,7,6f84,58a4,True,47,spurious,-1,False,10,18,1.8
bifurc,even_odd,_todd18,2,0.2,1,e6b6,a6b6,True,11,correct,2,True,10,18,1.8
bifurc,even_odd,_todd18,2,0.2,4,aa97,b6b6,False,1252,oscillated,-1,False,10,18,1.8
bifurc,even_odd,_todd18,2,0.2,2,a3b6,a6b6,True,11,correct,2,True,10,18,1.8
bifurc,even_odd,_todd18,2,0.2,3,afb4,b6b6,False,1252,oscillated,-1,False,10,18,1.8
bifurc,even_odd,_todd18,2,0.2,5,96af,a6b6,True,49,correct,2,True,10,18,1.8
bifurc,even_odd,_todd18,2,0.2,3,a635,a6b6,True,47,correct,2,True,10,18,1.8
bifurc,even_odd,_todd18,2,0.2,6,ac1f,fd4b,True,41,spurious,-1,False,10,18,1.8
bifurc,even_odd,_todd18,2,0.2,4,84b0,2b4,True,47,spurious,-1,False,10,18,1.8
bifurc,even_odd,_todd18,2,0.2,3,a732,a6df,False,1252,oscillated,-1,False,10,18,1.8
bifurc,even_odd,_todd18,2,0.2,5,86a1,2b4,True,47,spurious,-1,False,10,18,1.8
bifurc,even_odd,_todd18,2,0.2,9,8b00,359,True,47,spurious,-1,False,10,18,1.8
bifurc,even_odd,_todd18,2,0.2,1,a6b7,a6b6,True,11,correct,2,True,10,18,1.8
bifurc,even_odd,_todd18,2,0.2,1,a6be,a6b6,True,19,correct,2,True,10,18,1.8
bifurc,even_odd,_todd18,2,0.2,5,276,42f8,True,49,spurious,-1,False,10,18,1.8
bifurc,even_odd,_todd18,2,0.2,2,26b4,2b4,True,47,spurious,-1,False,10,18,1.8
bifurc,even_odd,_todd18,2,0.2,2,a694,a6b6,True,19,correct,2,True,10,18,1.8
bifurc,even_odd,_todd18,2,0.2,5,624,2b4,True,19,spurious,-1,False,10,18,1.8
bifurc,even_odd,_todd18,2,0.2,5,6fb7,b6b6,False,1252,oscillated,-1,False,10,18,1.8
bifurc,even_odd,_todd18,2,0.2,5,3232,e6fa,True,49,spurious,-1,False,10,18,1.8
bifurc,even_odd,_todd18,2,0.2,1,a6be,a6b6,True,19,correct,2,True,10,18,1.8
bifurc,even_odd,_todd18,2,0.2,1,aeb6,b6b6,False,1252,oscillated,-1,False,10,18,1.8
bifurc,even_odd,_todd18,2,0.2,3,34b6,fca6,True,41,wrong_pattern,0,False,10,18,1.8
bifurc,even_odd,_todd18,2,0.2,3,27f6,a6b6,True,19,correct,2,True,10,18,1.8
bifurc,even_odd,_todd18,2,0.2,3,26f2,a6b6,True,31,correct,2,True,10,18,1.8
bifurc,even_odd,_todd18,2,0.2,3,b6e6,a6b6,True,39,correct,2,True,10,18,1.8
bifurc,even_odd,_todd18,2,0.2,3,a6d4,a6b6,True,19,correct,2,True,10,18,1.8
bifurc,even_odd,_todd18,2,0.2,1,a6b2,a6b6,True,11,correct,2,True,10,18,1.8
bifurc,even_odd,_todd18,2,0.2,2,a69e,a6b6,True,19,correct,2,True,10,18,1.8
bifurc,even_odd,_todd18,2,0.2,3,87a6,a6b6,True,19,correct,2,True,10,18,1.8
bifurc,even_odd,_todd18,2,0.2,1,a6be,a6b6,True,19,correct,2,True,10,18,1.8
bifurc,even_odd,_todd18,2,0.2,0,a6b6,a6b6,True,0,correct,2,True,10,18,1.8
bifurc,even_odd,_todd18,2,0.2,4,b0f6,fca6,True,41,wrong_pattern,0,False,10,18,1.8
bifurc,even_odd,_todd18,2,0.2,7,94df,a75b,True,77,spurious,-1,False,10,18,1.8
bifurc,even_odd,_todd18,2,0.2,2,a6b0,a6b6,True,19,correct,2,True,10,18,1.8
bifurc,even_odd,_todd18,2,0.2,5,6635,359,True,67,spurious,-1,False,10,18,1.8
bifurc,even_odd,_todd18,2,0.2,3,36b2,a6b6,True,21,correct,2,True,10,18,1.8
bifurc,even_odd,_todd18,2,0.2,5,e433,a75b,True,49,spurious,-1,False,10,18,1.8
bifurc,even_odd,_todd18,2,0.2,3,a6b8,e6fa,True,31,spurious,-1,False,10,18,1.8
bifurc,even_odd,_todd18,2,0.2,7,c70e,a75b,True,29,spurious,-1,False,10,18,1.8
bifurc,even_odd,_todd18,2,0.2,3,a6e4,a6b6,True,21,correct,2,True,10,18,1.8
bifurc,even_odd,_todd18,2,0.2,1,a4b6,fca6,True,41,wrong_pattern,0,False,10,18,1.8
bifurc,even_odd,_todd18,2,0.2,3,a6f5,a6b6,True,19,correct,2,True,10,18,1.8
bifurc,even_odd,_todd18,2,0.2,2,26be,a6b6,True,19,correct,2,True,10,18,1.8
bifurc,even_odd,_todd18,2,0.2,3,a6e7,a6b6,True,11,correct,2,True,10,18,1.8
bifurc,even_odd,_todd18,2,0.2,2,aef6,a6b6,True,29,correct,2,True,10,18,1.8
bifurc,even_odd,_todd18,2,0.2,3,b2a6,a6b6,True,39,correct,2,True,10,18,1.8
bifurc,even_odd,_todd18,2,0.2,3,c6b7,a6b6,True,19,correct,2,True,10,18,1.8
bifurc,even_odd,_todd18,2,0.2,4,2486,fca6,True,39,wrong_pattern,0,False,10,18,1.8
bifurc,even_odd,_todd18,2,0.2,2,86b2,a6b6,True,19,correct,2,True,10,18,1.8
bifurc,even_odd,_todd18,2,0.2,4,ecf6,fca6,True,11,wrong_pattern,0,False,10,18,1.8
bifurc,even_odd,_todd18,2,0.2,1,a6f6,a6b6,True,11,correct,2,True,10,18,1.8
bifurc,even_odd,_todd18,2,0.2,4,9ea6,fca6,True,21,wrong_pattern,0,False,10,18,1.8
bifurc,even_odd,_todd18,2,0.2,4,a0f2,fca6,True,69,wrong_pattern,0,False,10,18,1.8
bifurc,even_odd,_todd18,2,0.2,4,33b6,a6b6,True,67,correct,2,True,10,18,1.8
bifurc,even_odd,_todd18,2,0.2,6,9282,a6b6,True,67,correct,2,True,10,18,1.8
bifurc,even_odd,_todd18,2,0.2,4,e2a4,fca6,True,47,wrong_pattern,0,False,10,18,1.8
bifurc,even_odd,_todd18,2,0.2,2,86a6,a6b6,True,21,correct,2,True,10,18,1.8
bifurc,even_odd,_todd18,2,0.2,3,2ef6,a6b6,True,29,correct,2,True,10,18,1.8
bifurc,even_odd,_todd18,2,0.2,2,aebe,a6b6,True,29,correct,2,True,10,18,1.8
bifurc,even_odd,_todd18,2,0.2,4,2ee6,fca6,True,41,wrong_pattern,0,False,10,18,1.8
bifurc,even_odd,_todd18,2,0.2,2,87b6,a6b6,True,19,correct,2,True,10,18,1.8
bifurc,even_odd,_todd18,2,0.2,5,25ba,e6fa,True,31,spurious,-1,False,10,18,1.8
bifurc,even_odd,_todd18,2,0.2,2,86a6,a6b6,True,21,correct,2,True,10,18,1.8
bifurc,even_odd,_todd18,2,0.2,4,bab2,a6b6,True,29,correct,2,True,10,18,1.8
bifurc,even_odd,_todd18,2,0.2,4,a7f5,a6b6,True,29,correct,2,True,10,18,1.8
bifurc,even_odd,_todd18,2,0.2,4,e624,e6fa,True,39,spurious,-1,False,10,18,1.8
bifurc,even_odd,_todd18,2,0.2,4,60b6,fca6,True,47,wrong_pattern,0,False,10,18,1.8
bifurc,even_odd,_todd18,3,0.2,3,dd03,bd07,True,31,correct,3,True,10,18,1.8
bifurc,even_odd,_todd18,3,0.2,3,fd04,bd07,True,29,correct,3,True,10,18,1.8
bifurc,even_odd,_todd18,3,0.2,3,9d45,1905,True,47,spurious,-1,False,10,18,1.8
bifurc,even_odd,_todd18,3,0.2,7,88f,58a4,True,49,spurious,-1,False,10,18,1.8
bifurc,even_odd,_todd18,3,0.2,2,fd0f,fd4b,True,31,spurious,-1,False,10,18,1.8
bifurc,even_odd,_todd18,3,0.2,6,1845,1905,True,21,spurious,-1,False,10,18,1.8
bifurc,even_odd,_todd18,3,0.2,6,8963,fd4b,True,67,spurious,-1,False,10,18,1.8
bifurc,even_odd,_todd18,3,0.2,2,b587,bf97,True,37,spurious,-1,False,10,18,1.8
bifurc,even_odd,_todd18,3,0.2,2,ad06,bd07,True,11,correct,3,True,10,18,1.8
bifurc,even_odd,_todd18,3,0.2,3,390f,bd07,True,47,correct,3,True,10,18,1.8
bifurc,even_odd,_todd18,3,0.2,1,bd47,bd07,True,11,correct,3,True,10,18,1.8
bifurc,even_odd,_todd18,3,0.2,3,f517,bd07,True,29,correct,3,True,10,18,1.8
bifurc,even_odd,_todd18,3,0.2,3,ad85,bf97,True,37,spurious,-1,False,10,18,1.8
bifurc,even_odd,_todd18,3,0.2,5,cd1f,fd4b,True,39,spurious,-1,False,10,18,1.8
bifurc,even_odd,_todd18,3,0.2,2,b503,a75b,True,39,spurious,-1,False,10,18,1.8
bifurc,even_odd,_todd18,3,0.2,3,bc26,fca6,True,19,wrong_pattern,0,False,10,18,1.8
bifurc,even_odd,_todd18,3,0.2,2,a907,bd07,True,11,correct,3,True,10,18,1.8
bifurc,even_odd,_todd18,3,0.2,4,9d55,1905,True,67,spurious,-1,False,10,18,1.8
bifurc,even_odd,_todd18,3,0.2,3,ad86,fca6,True,69,wrong_pattern,0,False,10,18,1.8
bifurc,even_odd,_todd18,3,0.2,3,f547,fd4b,True,59,spurious,-1,False,10,18,1.8
bifurc,even_odd,_todd18,3,0.2,2,b503,a75b,True,39,spurious,-1,False,10,18,1.8
bifurc,even_odd,_todd18,3,0.2,4,bf2d,a797,True,67,spurious,-1,False,10,18,1.8
bifurc,even_odd,_todd18,3,0.2,2,bc05,bd07,True,19,correct,3,True,10,18,1.8
bifurc,even_odd,_todd18,3,0.2,6,fccd,fd22,False,1252,oscillated,-1,False,10,18,1.8
bifurc,even_odd,_todd18,3,0.2,4,e506,a75b,True,69,spurious,-1,False,10,18,1.8
bifurc,even_odd,_todd18,3,0.2,4,9d12,bd07,True,39,correct,3,True,10,18,1.8
bifurc,even_odd,_todd18,3,0.2,2,fd05,bd07,True,19,correct,3,True,10,18,1.8
bifurc,even_odd,_todd18,3,0.2,3,1d17,1905,True,67,spurious,-1,False,10,18,1.8
bifurc,even_odd,_todd18,3,0.2,5,1b47,1915,False,1252,oscillated,-1,False,10,18,1.8
bifurc,even_odd,_todd18,3,0.2,3,be87,fca6,True,47,wrong_pattern,0,False,10,18,1.8
bifurc,even_odd,_todd18,3,0.2,5,f113,a75b,True,39,spurious,-1,False,10,18,1.8
bifurc,even_odd,_todd18,3,0.2,5,b34f,a75b,True,11,spurious,-1,False,10,18,1.8
bifurc,even_odd,_todd18,3,0.2,1,b507,bd07,True,19,correct,3,True,10,18,1.8
bifurc,even_odd,_todd18,3,0.2,5,e901,bd07,True,49,correct,3,True,10,18,1.8
bifurc,even_odd,_todd18,3,0.2,2,9d03,bd07,True,19,correct,3,True,10,18,1.8
bifurc,even_odd,_todd18,3,0.2,4,ff45,bd07,True,31,correct,3,True,10,18,1.8
bifurc,even_odd,_todd18,3,0.2,3,b50b,a75b,True,41,spurious,-1,False,10,18,1.8
bifurc,even_odd,_todd18,3,0.2,4,b536,fca6,True,77,wrong_pattern,0,False,10,18,1.8
bifurc,even_odd,_todd18,3,0.2,1,bd17,bd07,True,11,correct,3,True,10,18,1.8
bifurc,even_odd,_todd18,3,0.2,5,3596,a6b6,True,39,wrong_pattern,2,False,10,18,1.8
bifurc,even_odd,_todd18,3,0.2,3,ba07,bd17,False,1252,oscillated,-1,False,10,18,1.8
bifurc,even_odd,_todd18,3,0.2,4,a847,fd4b,True,77,spurious,-1,False,10,18,1.8
bifurc,even_odd,_todd18,3,0.2,2,b547,a75b,True,39,spurious,-1,False,10,18,1.8
bifurc,even_odd,_todd18,3,0.2,2,9d03,bd07,True,19,correct,3,True,10,18,1.8
bifurc,even_odd,_todd18,3,0.2,2,b107,bd07,True,19,correct,3,True,10,18,1.8
bifurc,even_odd,_todd18,3,0.2,3,bc97,fca6,True,37,wrong_pattern,0,False,10,18,1.8
bifurc,even_odd,_todd18,3,0.2,4,b44f,ed4b,False,1252,oscillated,-1,False,10,18,1.8
bifurc,even_odd,_todd18,3,0.2,6,f7a3,a6b6,True,11,wrong_pattern,2,False,10,18,1.8
bifurc,even_odd,_todd18,3,0.2,3,9587,bf97,True,37,spurious,-1,False,10,18,1.8
bifurc,even_odd,_todd18,3,0.2,3,ad67,bd07,True,61,correct,3,True,10,18,1.8
bifurc,even_odd,_todd18,3,0.2,4,be0b,fd4b,True,59,spurious,-1,False,10,18,1.8
bifurc,even_odd,_todd18,3,0.2,4,7c06,fca6,True,47,wrong_pattern,0,False,10,18,1.8
bifurc,even_odd,_todd18,3,0.2,2,bd15,bd07,True,39,correct,3,True,10,18,1.8
bifurc,even_odd,_todd18,3,0.2,2,a507,bf97,True,37,spurious,-1,False,10,18,1.8
bifurc,even_odd,_todd18,3,0.2,3,b406,fca6,True,47,wrong_pattern,0,False,10,18,1.8
bifurc,even_odd,_todd18,3,0.2,3,b805,bd07,True,47,correct,3,True,10,18,1.8
bifurc,even_odd,_todd18,3,0.2,4,b047,a75b,True,39,spurious,-1,False,10,18,1.8
bifurc,even_odd,_todd18,3,0.2,5,b91c,bd07,True,67,correct,3,True,10,18,1.8
bifurc,even_odd,_todd18,3,0.2,3,3517,bf97,True,39,spurious,-1,False,10,18,1.8
bifurc,even_odd,_todd18,3,0.2,2,bd57,bd07,True,11,correct,3,True,10,18,1.8
bifurc,even_odd,_todd18,3,0.2,1,bc07,bd07,True,11,correct,3,True,10,18,1.8
bifurc,even_odd,_todd18,3,0.2,4,bd52,bd07,True,41,correct,3,True,10,18,1.8
bifurc,even_odd,_todd18,3,0.2,4,1903,1905,True,19,spurious,-1,False,10,18,1.8
bifurc,even_odd,_todd18,3,0.2,2,bd0e,bd07,True,29,correct,3,True,10,18,1.8
bifurc,even_odd,_todd18,3,0.2,3,b567,a75b,True,39,spurious,-1,False,10,18,1.8
bifurc,even_odd,_todd18,3,0.2,4,1da7,58a4,True,57,spurious,-1,False,10,18,1.8
bifurc,even_odd,_todd18,3,0.2,3,f707,bd07,True,29,correct,3,True,10,18,1.8
bifurc,even_odd,_todd18,3,0.2,2,b707,a797,True,67,spurious,-1,False,10,18,1.8
bifurc,even_odd,_todd18,3,0.2,5,9de6,fca6,True,29,wrong_pattern,0,False,10,18,1.8
bifurc,even_odd,_todd18,3,0.2,1,3d07,bd07,True,19,correct,3,True,10,18,1.8
bifurc,even_odd,_todd18,3,0.2,7,6c0c,5949,True,67,spurious,-1,False,10,18,1.8
bifurc,even_odd,_todd18,3,0.2,4,e707,a75b,True,31,spurious,-1,False,10,18,1.8
bifurc,even_odd,_todd18,3,0.2,3,3d16,bd07,True,39,correct,3,True,10,18,1.8
bifurc,even_odd,_todd18,3,0.2,3,bd24,fca6,True,47,wrong_pattern,0,False,10,18,1.8
bifurc,even_odd,_todd18,3,0.2,4,3c16,fca6,True,75,wrong_pattern,0,False,10,18,1.8
bifurc,even_odd,_todd18,3,0.2,3,bdb7,fca6,True,31,wrong_pattern,0,False,10,18,1.8
bifurc,even_odd,_todd18,3,0.2,1,b907,bd07,True,11,correct,3,True,10,18,1.8
bifurc,even_odd,_todd18,3,0.2,0,bd07,bd07,True,0,correct,3,True,10,18,1.8
bifurc,even_odd,_todd18,3,0.2,3,9c05,1905,True,47,spurious,-1,False,10,18,1.8
bifurc,even_odd,_todd18,3,0.2,3,3d8f,bd07,True,29,correct,3,True,10,18,1.8
bifurc,even_odd,_todd18,0,0.4,4,dc34,58a4,True,47,spurious,-1,False,10,18,1.8
bifurc,even_odd,_todd18,0,0.4,6,ca87,fca6,True,47,correct,0,True,10,18,1.8
bifurc,even_odd,_todd18,0,0.4,5,7af6,fca6,True,47,correct,0,True,10,18,1.8
bifurc,even_odd,_todd18,0,0.4,3,fc37,fca6,True,49,correct,0,True,10,18,1.8
bifurc,even_odd,_todd18,0,0.4,4,d4aa,fca6,True,29,correct,0,True,10,18,1.8
bifurc,even_odd,_todd18,0,0.4,6,5d8c,58a4,True,65,spurious,-1,False,10,18,1.8
bifurc,even_odd,_todd18,0,0.4,5,b807,bd07,True,11,wrong_pattern,3,False,10,18,1.8
bifurc,even_odd,_todd18,0,0.4,9,b21f,a75b,True,11,spurious,-1,False,10,18,1.8
bifurc,even_odd,_todd18,0,0.4,5,6d82,fca6,True,49,correct,0,True,10,18,1.8
bifurc,even_odd,_todd18,0,0.4,7,b8cb,fca6,True,65,correct,0,True,10,18,1.8
bifurc,even_odd,_todd18,0,0.4,6,6e64,58a4,True,47,spurious,-1,False,10,18,1.8
bifurc,even_odd,_todd18,0,0.4,5,de8f,fca6,True,29,correct,0,True,10,18,1.8
bifurc,even_odd,_todd18,0,0.4,5,d52e,fd4b,True,57,spurious,-1,False,10,18,1.8
bifurc,even_odd,_todd18,0,0.4,8,6af3,fca6,True,59,correct,0,True,10,18,1.8
bifurc,even_odd,_todd18,0,0.4,6,9ce8,58a4,True,47,spurious,-1,False,10,18,1.8
bifurc,even_odd,_todd18,0,0.4,7,a481,a6b6,True,49,wrong_pattern,2,False,10,18,1.8
bifurc,even_odd,_todd18,0,0.4,7,ccda,fc6a,True,67,spurious,-1,False,10,18,1.8
bifurc,even_odd,_todd18,0,0.4,6,703e,fca6,True,47,correct,0,True,10,18,1.8
bifurc,even_odd,_todd18,0,0.4,5,df66,fc8b,False,1252,oscillated,-1,False,10,18,1.8
bifurc,even_odd,_todd18,0,0.4,9,4693,2b4,True,47,spurious,-1,False,10,18,1.8
bifurc,even_odd,_todd18,0,0.4,8,1f25,1915,False,1252,oscillated,-1,False,10,18,1.8
bifurc,even_odd,_todd18,0,0.4,8,7b2b,fd4b,True,47,spurious,-1,False,10,18,1.8
bifurc,even_odd,_todd18,0,0.4,6,64e3,fc6a,True,19,spurious,-1,False,10,18,1.8
bifurc,even_odd,_todd18,0,0.4,3,bc8e,fca6,True,29,correct,0,True,10,18,1.8
bifurc,even_odd,_todd18,0,0.4,4,f527,bd07,True,29,wrong_pattern,3,False,10,18,1.8
bifurc,even_odd,_todd18,0,0.4,2,fca5,fca6,True,19,correct,0,True,10,18,1.8
bifurc,even_odd,_todd18,0,0.4,5,b984,fca6,True,49,correct,0,True,10,18,1.8
bifurc,even_odd,_todd18,0,0.4,9,c730,359,True,67,spurious,-1,False,10,18,1.8
bifurc,even_odd,_todd18,0,0.4,6,98e5,58a4,True,29,spurious,-1,False,10,18,1.8
bifurc,even_odd,_todd18,0,0.4,8,754c,5949,True,47,spurious,-1,False,10,18,1.8
bifurc,even_odd,_todd18,0,0.4,5,b825,fca6,True,47,correct,0,True,10,18,1.8
bifurc,even_odd,_todd18,0,0.4,7,a1e7,a6b6,True,57,wrong_pattern,2,False,10,18,1.8
bifurc,even_odd,_todd18,0,0.4,7,958a,a75b,True,77,spurious,-1,False,10,18,1.8
bifurc,even_odd,_todd18,0,0.4,9,307c,4068,True,67,spurious,-1,False,10,18,1.8
bifurc,even_odd,_todd18,0,0.4,4,d0a7,fca6,True,47,correct,0,True,10,18,1.8
bifurc,even_odd,_todd18,0,0.4,4,fe2c,fca6,True,47,correct,0,True,10,18,1.8
bifurc,even_odd,_todd18,0,0.4,5,ff16,bd07,True,29,wrong_pattern,3,False,10,18,1.8
bifurc,even_odd,_todd18,0,0.4,7,8ee,58a4,True,49,spurious,-1,False,10,18,1.8
bifurc,even_odd,_todd18,0,0.4,7,6c89,5964,False,1252,oscillated,-1,False,10,18,1.8
bifurc,even_odd,_todd18,0,0.4,8,9a03,bd17,False,1252,oscillated,-1,False,10,18,1.8
bifurc,even_odd,_todd18,0,0.4,7,a828,fc6a,True,67,spurious,-1,False,10,18,1.8
bifurc,even_odd,_todd18,0,0.4,6,f44c,fd4b,True,29,spurious,-1,False,10,18,1.8
bifurc,even_odd,_todd18,0,0.4,6,5db0,58a4,True,11,spurious,-1,False,10,18,1.8
bifurc,even_odd,_todd18,0,0.4,7,1d94,58a4,True,37,spurious,-1,False,10,18,1.8
bifurc,even_odd,_todd18,0,0.4,6,a587,bf97,True,37,spurious,-1,False,10,18,1.8
bifurc,even_odd,_todd18,0,0.4,11,4231,359,True,65,spurious,-1,False,10,18,1.8
bifurc,even_odd,_todd18,0,0.4,5,8cb2,fca6,True,41,correct,0,True,10,18,1.8
bifurc,even_odd,_todd18,0,0.4,6,ef67,b51f,False,1252,oscillated,-1,False,10,18,1.8
bifurc,even_odd,_todd18,0,0.4,6,bdcf,bd07,True,29,wrong_pattern,3,False,10,18,1.8
bifurc,even_odd,_todd18,0,0.4,5,d4a8,58a4,True,47,spurious,-1,False,10,18,1.8
bifurc,even_odd,_todd18,0,0.4,5,dee5,58a4,True,47,spurious,-1,False,10,18,1.8
bifurc,even_odd,_todd18,0,0.4,6,2d66,fd4b,True,37,spurious,-1,False,10,18,1.8
bifurc,even_odd,_todd18,0,0.4,7,3d88,58a4,True,67,spurious,-1,False,10,18,1.8
bifurc,even_odd,_todd18,0,0.4,9,4f12,111d,False,1252,oscillated,-1,False,10,18,1.8
bifurc,even_odd,_todd18,0,0.4,5,fb22,fccf,False,1252,oscillated,-1,False,10,18,1.8
bifurc,even_odd,_todd18,0,0.4,7,f1d7,bf97,True,39,spurious,-1,False,10,18,1.8
bifurc,even_odd,_todd18,0,0.4,6,de2b,fd4b,True,49,spurious,-1,False,10,18,1.8
bifurc,even_odd,_todd18,0,0.4,5,78c7,fca6,True,49,correct,0,True,10,18,1.8
bifurc,even_odd,_todd18,0,0.4,7,6aa8,58a4,True,31,spurious,-1,False,10,18,1.8
bifurc,even_odd,_todd18,0,0.4,7,72ab,fca6,True,75,correct,0,True,10,18,1.8
bifurc,even_odd,_todd18,0,0.4,6,d28e,fca6,True,47,correct,0,True,10,18,1.8
bifurc,even_odd,_todd18,0,0.4,5,9c34,58a4,True,47,spurious,-1,False,10,18,1.8
bifurc,even_odd,_todd18,0,0.4,9,e05c,a75b,True,59,spurious,-1,False,10,18,1.8
bifurc,even_odd,_todd18,0,0.4,7,d542,fd4b,True,19,spurious,-1,False,10,18,1.8
bifurc,even_odd,_todd18,0,0.4,6,5dea,5868,True,47,spurious,-1,False,10,18,1.8
bifurc,even_odd,_todd18,0,0.4,7,f2cc,a6b6,True,77,wrong_pattern,2,False,10,18,1.8
bifurc,even_odd,_todd18,0,0.4,8,80f4,58a4,True,41,spurious,-1,False,10,18,1.8
bifurc,even_odd,_todd18,0,0.4,8,95c5,395,True,67,spurious,-1,False,10,18,1.8
bifurc,even_odd,_todd18,0,0.4,7,b3b7,a6b6,True,11,wrong_pattern,2,False,10,18,1.8
bifurc,even_odd,_todd18,0,0.4,5,d726,fca6,True,57,correct,0,True,10,18,1.8
bifurc,even_odd,_todd18,0,0.4,8,d7f0,2b4,True,49,spurious,-1,False,10,18,1.8
bifurc,even_odd,_todd18,0,0.4,11,3079,359,True,47,spurious,-1,False,10,18,1.8
bifurc,even_odd,_todd18,0,0.4,6,3fa3,fca6,True,39,correct,0,True,10,18,1.8
bifurc,even_odd,_todd18,0,0.4,9,33ce,e6fa,True,59,spurious,-1,False,10,18,1.8
bifurc,even_odd,_todd18,0,0.4,7,5c4c,5949,True,11,spurious,-1,False,10,18,1.8
bifurc,even_odd,_todd18,0,0.4,4,d1a6,fca6,True,47,correct,0,True,10,18,1.8
bifurc,even_odd,_todd18,0,0.4,6,94ec,4ae0,False,1252,oscillated,-1,False,10,18,1.8
bifurc,even_odd,_todd18,0,0.4,6,b59e,a6b6,True,67,wrong_pattern,2,False,10,18,1.8
bifurc,even_odd,_todd18,0,0.4,8,799d,1905,True,19,spurious,-1,False,10,18,1.8
bifurc,even_odd,_todd18,0,0.4,6,6ce8,5868,True,67,spurious,-1,False,10,18,1.8
bifurc,even_odd,_todd18,1,0.4,9,b152,a75b,True,29,spurious,-1,False,10,18,1.8
bifurc,even_odd,_todd18,1,0.4,7,4b4f,359,True,41,spurious,-1,False,10,18,1.8
bifurc,even_odd,_todd18,1,0.4,7,83fc,2b4,True,29,spurious,-1,False,10,18,1.8
bifurc,even_odd,_todd18,1,0.4,9,fef9,e46a,True,37,spurious,-1,False,10,18,1.8
bifurc,even_odd,_todd18,1,0.4,7,adb4,fca6,True,41,wrong_pattern,0,False,10,18,1.8
bifurc,even_odd,_todd18,1,0.4,5,3980,58a4,True,49,spurious,-1,False,10,18,1.8
bifurc,even_odd,_todd18,1,0.4,7,29e4,58a4,True,31,spurious,-1,False,10,18,1.8
bifurc,even_odd,_todd18,1,0.4,7,ddcd,1905,True,49,spurious,-1,False,10,18,1.8
bifurc,even_odd,_todd18,1,0.4,7,8854,12b4,False,1252,oscillated,-1,False,10,18,1.8
bifurc,even_odd,_todd18,1,0.4,7,3d00,1905,True,47,spurious,-1,False,10,18,1.8
bifurc,even_odd,_todd18,1,0.4,7,5d4d,5949,True,11,spurious,-1,False,10,18,1.8
bifurc,even_odd,_todd18,1,0.4,5,9389,359,True,47,spurious,-1,False,10,18,1.8
bifurc,even_odd,_todd18,1,0.4,8,36bb,e6fa,True,31,spurious,-1,False,10,18,1.8
bifurc,even_odd,_todd18,1,0.4,10,22fa,e6fa,True,47,spurious,-1,False,10,18,1.8
bifurc,even_odd,_todd18,1,0.4,5,1c1d,1905,True,39,spurious,-1,False,10,18,1.8
bifurc,even_odd,_todd18,1,0.4,10,f51e,a75b,True,41,spurious,-1,False,10,18,1.8
bifurc,even_odd,_todd18,1,0.4,9,2d20,5949,True,47,spurious,-1,False,10,18,1.8
bifurc,even_odd,_todd18,1,0.4,5,d19d,395,True,39,spurious,-1,False,10,18,1.8
bifurc,even_odd,_todd18,1,0.4,4,5db5,58a4,True,29,spurious,-1,False,10,18,1.8
bifurc,even_odd,_todd18,1,0.4,9,8677,a79a,False,1252,oscillated,-1,False,10,18,1.8
bifurc,even_odd,_todd18,1,0.4,5,5814,1905,True,11,spurious,-1,False,10,18,1.8
bifurc,even_odd,_todd18,1,0.4,6,1cd6,58a4,True,47,spurious,-1,False,10,18,1.8
bifurc,even_odd,_todd18,1,0.4,5,d2d5,2b4,True,39,spurious,-1,False,10,18,1.8
bifurc,even_odd,_todd18,1,0.4,5,18df,58a4,True,67,spurious,-1,False,10,18,1.8
bifurc,even_odd,_todd18,1,0.4,9,356d,4949,False,1252,oscillated,-1,False,10,18,1.8
bifurc,even_odd,_todd18,1,0.4,7,528b,359,True,105,spurious,-1,False,10,18,1.8
bifurc,even_odd,_todd18,1,0.4,8,d979,5949,True,19,spurious,-1,False,10,18,1.8
bifurc,even_odd,_todd18,1,0.4,6,5d57,1905,True,49,spurious,-1,False,10,18,1.8
bifurc,even_odd,_todd18,1,0.4,4,3b13,a797,True,47,spurious,-1,False,10,18,1.8
bifurc,even_odd,_todd18,1,0.4,5,5591,1b95,True,39,correct,1,True,10,18,1.8
bifurc,even_odd,_todd18,1,0.4,9,a821,fd4b,True,47,spurious,-1,False,10,18,1.8
bifurc,even_odd,_todd18,1,0.4,5,b381,a797,True,67,spurious,-1,False,10,18,1.8
bifurc,even_odd,_todd18,1,0.4,2,b97,1b95,True,39,correct,1,True,10,18,1.8
bifurc,even_odd,_todd18,1,0.4,6,5b3b,359,True,69,spurious,-1,False,10,18,1.8
bifurc,even_odd,_todd18,1,0.4,5,3bd2,a6b6,True,57,wrong_pattern,2,False,10,18,1.8
bifurc,even_odd,_todd18,1,0.4,6,72c5,2b4,True,39,spurious,-1,False,10,18,1.8
bifurc,even_odd,_todd18,1,0.4,10,ee2d,a75b,True,49,spurious,-1,False,10,18,1.8
bifurc,even_odd,_todd18,1,0.4,9,eeb,42f8,True,47,spurious,-1,False,10,18,1.8
bifurc,even_odd,_todd18,1,0.4,4,da15,1905,True,29,spurious,-1,False,10,18,1.8
bifurc,even_odd,_todd18,1,0.4,2,1b05,1915,False,1252,oscillated,-1,False,10,18,1.8
bifurc,even_odd,_todd18,1,0.4,10,b406,fca6,True,47,wrong_pattern,0,False,10,18,1.8
bifurc,even_odd,_todd18,1,0.4,6,bd84,fca6,True,49,wrong_pattern,0,False,10,18,1.8
bifurc,even_odd,_todd18,1,0.4,7,3a3b,e6fa,True,67,spurious,-1,False,10,18,1.8
bifurc,even_odd,_todd18,1,0.4,6,39fc,58a4,True,29,spurious,-1,False,10,18,1.8
bifurc,even_odd,_todd18,1,0.4,7,853,359,True,47,spurious,-1,False,10,18,1.8
bifurc,even_odd,_todd18,1,0.4,6,d714,1b95,True,47,correct,1,True,10,18,1.8
bifurc,even_odd,_todd18,1,0.4,7,7eb6,fca6,True,19,wrong_pattern,0,False,10,18,1.8
bifurc,even_odd,_todd18,1,0.4,7,22b0,2b4,True,19,spurious,-1,False,10,18,1.8
bifurc,even_odd,_todd18,1,0.4,5,5307,1905,True,29,spurious,-1,False,10,18,1.8
bifurc,even_odd,_todd18,1,0.4,6,bdbd,fca6,True,39,wrong_pattern,0,False,10,18,1.8
bifurc,even_odd,_todd18,1,0.4,6,a955,a75b,True,75,spurious,-1,False,10,18,1.8
bifurc,even_odd,_todd18,1,0.4,7,55bc,58a4,True,31,spurious,-1,False,10,18,1.8
bifurc,even_odd,_todd18,1,0.4,6,5751,359,True,41,spurious,-1,False,10,18,1.8
bifurc,even_odd,_todd18,1,0.4,8,784d,5949,True,19,spurious,-1,False,10,18,1.8
bifurc,even_odd,_todd18,1,0.4,6,fd2,2b4,True,57,spurious,-1,False,10,18,1.8
bifurc,even_odd,_todd18,1,0.4,4,939c,2b4,True,29,spurious,-1,False,10,18,1.8
bifurc,even_odd,_todd18,1,0.4,4,99b7,fca6,True,47,wrong_pattern,0,False,10,18,1.8
bifurc,even_odd,_todd18,1,0.4,7,f7bd,a6b6,True,39,wrong_pattern,2,False,10,18,1.8
bifurc,even_odd,_todd18,1,0.4,8,394b,fd4b,True,47,spurious,-1,False,10,18,1.8
bifurc,even_odd,_todd18,1,0.4,6,5fe7,58a4,True,47,spurious,-1,False,10,18,1.8
bifurc,even_odd,_todd18,1,0.4,8,8a2,58a4,True,41,spurious,-1,False,10,18,1.8
bifurc,even_odd,_todd18,1,0.4,7,f9d0,fca6,True,67,wrong_pattern,0,False,10,18,1.8
bifurc,even_odd,_todd18,1,0.4,5,d2b5,2b4,True,39,spurious,-1,False,10,18,1.8
bifurc,even_odd,_todd18,1,0.4,4,381,395,True,11,spurious,-1,False,10,18,1.8
bifurc,even_odd,_todd18,1,0.4,4,b195,a797,True,67,spurious,-1,False,10,18,1.8
bifurc,even_odd,_todd18,1,0.4,8,c5f,359,True,47,spurious,-1,False,10,18,1.8
bifurc,even_odd,_todd18,1,0.4,5,211,359,True,49,spurious,-1,False,10,18,1.8
bifurc,even_odd,_todd18,1,0.4,11,6c40,5949,True,47,spurious,-1,False,10,18,1.8
bifurc,even_odd,_todd18,1,0.4,5,ac1,58a4,True,69,spurious,-1,False,10,18,1.8
bifurc,even_odd,_todd18,1,0.4,4,3a11,395,True,19,spurious,-1,False,10,18,1.8
bifurc,even_odd,_todd18,1,0.4,4,8b55,359,True,29,spurious,-1,False,10,18,1.8
bifurc,even_odd,_todd18,1,0.4,5,7f17,bd07,True,29,wrong_pattern,3,False,10,18,1.8
bifurc,even_odd,_todd18,1,0.4,9,69f2,fca6,True,57,wrong_pattern,0,False,10,18,1.8
bifurc,even_odd,_todd18,1,0.4,6,9fed,58a4,True,59,spurious,-1,False,10,18,1.8
bifurc,even_odd,_todd18,1,0.4,4,4b11,111d,False,1252,oscillated,-1,False,10,18,1.8
bifurc,even_odd,_todd18,1,0.4,7,e31d,a75b,True,47,spurious,-1,False,10,18,1.8
bifurc,even_odd,_todd18,1,0.4,7,a916,bd07,True,11,wrong_pattern,3,False,10,18,1.8
bifurc,even_odd,_todd18,1,0.4,6,1865,1905,True,47,spurious,-1,False,10,18,1.8
bifurc,even_odd,_todd18,1,0.4,6,29b0,58a4,True,41,spurious,-1,False,10,18,1.8
bifurc,even_odd,_todd18,1,0.4,6,5c05,1905,True,11,spurious,-1,False,10,18,1.8
bifurc,even_odd,_todd18,2,0.4,5,b3b3,a6b6,True,11,correct,2,True,10,18,1.8
bifurc,even_odd,_todd18,2,0.4,5,eab0,fca6,True,49,wrong_pattern,0,False,10,18,1.8
bifurc,even_odd,_todd18,2,0.4,7,bcfb,fca6,True,31,wrong_pattern,0,False,10,18,1.8
bifurc,even_odd,_todd18,2,0.4,6,6cbc,58a4,True,47,spurious,-1,False,10,18,1.8
bifurc,even_odd,_todd18,2,0.4,6,23ff,a6b6,True,57,correct,2,True,10,18,1.8
bifurc,even_odd,_todd18,2,0.4,9,459d,359,True,29,spurious,-1,False,10,18,1.8
bifurc,even_odd,_todd18,2,0.4,9,8a51,359,True,19,spurious,-1,False,10,18,1.8
bifurc,even_odd,_todd18,2,0.4,5,ae8a,fca6,True,49,wrong_pattern,0,False,10,18,1.8
bifurc,even_odd,_todd18,2,0.4,5,b7e4,a6b6,True,39,correct,2,True,10,18,1.8
bifurc,even_odd,_todd18,2,0.4,3,86b3,a6b6,True,19,correct,2,True,10,18,1.8
bifurc,even_odd,_todd18,2,0.4,7,af,42f8,True,37,spurious,-1,False,10,18,1.8
bifurc,even_odd,_todd18,2,0.4,9,f289,a75b,True,105,spurious,-1,False,10,18,1.8
bifurc,even_odd,_todd18,2,0.4,7,b3ad,a6b6,True,67,correct,2,True,10,18,1.8
bifurc,even_odd,_todd18,2,0.4,7,f2d5,a6b6,True,67,correct,2,True,10,18,1.8
bifurc,even_odd,_todd18,2,0.4,8,e1d3,a75b,True,29,spurious,-1,False,10,18,1.8
bifurc,even_odd,_todd18,2,0.4,4,e2a4,fca6,True,47,wrong_pattern,0,False,10,18,1.8
bifurc,even_odd,_todd18,2,0.4,7,57a7,58a4,True,57,spurious,-1,False,10,18,1.8
bifurc,even_odd,_todd18,2,0.4,7,7836,fca6,True,47,wrong_pattern,0,False,10,18,1.8
bifurc,even_odd,_todd18,2,0.4,7,8b8e,a6b6,True,49,correct,2,True,10,18,1.8
bifurc,even_odd,_todd18,2,0.4,5,a074,e6fa,True,47,spurious,-1,False,10,18,1.8
bifurc,even_odd,_todd18,2,0.4,4,e617,a75b,True,29,spurious,-1,False,10,18,1.8
bifurc,even_odd,_todd18,2,0.4,8,1e73,2b4,True,85,spurious,-1,False,10,18,1.8
bifurc,even_odd,_todd18,2,0.4,8,e183,fd4b,True,123,spurious,-1,False,10,18,1.8
bifurc,even_odd,_todd18,2,0.4,3,7b6,2b4,True,47,spurious,-1,False,10,18,1.8
bifurc,even_odd,_todd18,2,0.4,6,c136,fd4b,True,59,spurious,-1,False,10,18,1.8
bifurc,even_odd,_todd18,2,0.4,4,c6d6,a6b6,True,31,correct,2,True,10,18,1.8
bifurc,even_odd,_todd18,2,0.4,2,26a6,a6b6,True,21,correct,2,True,10,18,1.8
bifurc,even_odd,_todd18,2,0.4,11,d100,5949,True,59,spurious,-1,False,10,18,1.8
bifurc,even_odd,_todd18,2,0.4,8,d4ea,e46a,True,39,spurious,-1,False,10,18,1.8
bifurc,even_odd,_todd18,2,0.4,6,680,2b4,True,19,spurious,-1,False,10,18,1.8
bifurc,even_odd,_todd18,2,0.4,7,4a1,58a4,True,41,spurious,-1,False,10,18,1.8
bifurc,even_odd,_todd18,2,0.4,5,af17,bf97,True,39,spurious,-1,False,10,18,1.8
bifurc,even_odd,_todd18,2,0.4,2,a6f7,a6b6,True,11,correct,2,True,10,18,1.8
bifurc,even_odd,_todd18,2,0.4,6,9214,2b4,True,67,spurious,-1,False,10,18,1.8
bifurc,even_odd,_todd18,2,0.4,6,e783,a75b,True,37,spurious,-1,False,10,18,1.8
bifurc,even_odd,_todd18,2,0.4,10,1b7f,359,True,31,spurious,-1,False,10,18,1.8
bifurc,even_odd,_todd18,2,0.4,6,bf22,fca6,True,65,wrong_pattern,0,False,10,18,1.8
bifurc,even_odd,_todd18,2,0.4,5,769e,a6b6,True,39,correct,2,True,10,18,1.8
bifurc,even_odd,_todd18,2,0.4,12,5c89,5964,False,1252,oscillated,-1,False,10,18,1.8
bifurc,even_odd,_todd18,2,0.4,8,29c6,fca6,True,67,wrong_pattern,0,False,10,18,1.8
bifurc,even_odd,_todd18,2,0.4,7,4c16,58a4,True,75,spurious,-1,False,10,18,1.8
bifurc,even_odd,_todd18,2,0.4,4,a2bd,a6b6,True,47,correct,2,True,10,18,1.8
bifurc,even_odd,_todd18,2,0.4,8,83db,a75b,True,47,spurious,-1,False,10,18,1.8
bifurc,even_odd,_todd18,2,0.4,3,a734,a6b6,True,47,correct,2,True,10,18,1.8
bifurc,even_odd,_todd18,2,0.4,9,897c,5949,True,39,spurious,-1,False,10,18,1.8
bifurc,even_odd,_todd18,2,0.4,9,4ff8,42f8,True,19,spurious,-1,False,10,18,1.8
bifurc,even_odd,_todd18,2,0.4,8,9156,a75b,True,47,spurious,-1,False,10,18,1.8
bifurc,even_odd,_todd18,2,0.4,4,a79c,a6b6,True,29,correct,2,True,10,18,1.8
bifurc,even_odd,_todd18,2,0.4,7,4ed2,58a4,True,59,spurious,-1,False,10,18,1.8
bifurc,even_odd,_todd18,2,0.4,2,b4b6,fca6,True,41,wrong_pattern,0,False,10,18,1.8
bifurc,even_odd,_todd18,2,0.4,7,a305,a797,True,47,spurious,-1,False,10,18,1.8
bifurc,even_odd,_todd18,2,0.4,5,a642,a75b,True,29,spurious,-1,False,10,18,1.8
bifurc,even_odd,_todd18,2,0.4,5,a517,a797,True,37,spurious,-1,False,10,18,1.8
bifurc,even_odd,_todd18,2,0.4,7,34ab,eee2,False,1252,oscillated,-1,False,10,18,1.8
bifurc,even_odd,_todd18,2,0.4,6,8093,a6b6,True,49,correct,2,True,10,18,1.8
bifurc,even_odd,_todd18,2,0.4,7,31bc,2b4,True,67,spurious,-1,False,10,18,1.8
bifurc,even_odd,_todd18,2,0.4,7,60b1,2b4,True,59,spurious,-1,False,10,18,1.8
bifurc,even_odd,_todd18,2,0.4,10,5b3c,1905,True,75,spurious,-1,False,10,18,1.8
bifurc,even_odd,_todd18,2,0.4,5,656,359,True,67,spurious,-1,False,10,18,1.8
bifurc,even_odd,_todd18,2,0.4,5,f36,12b4,False,1252,oscillated,-1,False,10,18,1.8
bifurc,even_odd,_todd18,2,0.4,4,e297,a6b6,True,29,correct,2,True,10,18,1.8
bifurc,even_odd,_todd18,2,0.4,6,ac1a,fd4b,True,11,spurious,-1,False,10,18,1.8
bifurc,even_odd,_todd18,2,0.4,3,97b6,a6b6,True,39,correct,2,True,10,18,1.8
bifurc,even_odd,_todd18,2,0.4,3,a624,a6b6,True,19,correct,2,True,10,18,1.8
bifurc,even_odd,_todd18,2,0.4,6,fc86,fca6,True,19,wrong_pattern,0,False,10,18,1.8
bifurc,even_odd,_todd18,2,0.4,7,ff5,2b4,True,29,spurious,-1,False,10,18,1.8
bifurc,even_odd,_todd18,2,0.4,4,2286,a6b6,True,47,correct,2,True,10,18,1.8
bifurc,even_odd,_todd18,2,0.4,5,b2d2,a6b6,True,31,correct,2,True,10,18,1.8
bifurc,even_odd,_todd18,2,0.4,7,28aa,fca6,True,49,wrong_pattern,0,False,10,18,1.8
bifurc,even_odd,_todd18,2,0.4,6,f4fa,e46a,True,67,spurious,-1,False,10,18,1.8
bifurc,even_odd,_todd18,2,0.4,7,a08d,a6b6,True,67,correct,2,True,10,18,1.8
bifurc,even_odd,_todd18,2,0.4,7,ebd7,bf97,True,11,spurious,-1,False,10,18,1.8
bifurc,even_odd,_todd18,2,0.4,7,9c3a,fca6,True,37,wrong_pattern,0,False,10,18,1.8
bifurc,even_odd,_todd18,2,0.4,4,64b7,fca6,True,37,wrong_pattern,0,False,10,18,1.8
bifurc,even_odd,_todd18,2,0.4,7,31f7,a6b6,True,67,correct,2,True,10,18,1.8
bifurc,even_odd,_todd18,2,0.4,7,76ef,fca6,True,75,wrong_pattern,0,False,10,18,1.8
bifurc,even_odd,_todd18,2,0.4,7,5f96,58a4,True,47,spurious,-1,False,10,18,1.8
bifurc,even_odd,_todd18,2,0.4,5,f5be,fca6,True,31,wrong_pattern,0,False,10,18,1.8
bifurc,even_odd,_todd18,2,0.4,7,3027,fca6,True,47,wrong_pattern,0,False,10,18,1.8
bifurc,even_odd,_todd18,2,0.4,8,4a27,58a4,True,57,spurious,-1,False,10,18,1.8
bifurc,even_odd,_todd18,3,0.4,7,f75e,a75b,True,31,spurious,-1,False,10,18,1.8
bifurc,even_odd,_todd18,3,0.4,5,f137,bd07,True,29,correct,3,True,10,18,1.8
bifurc,even_odd,_todd18,3,0.4,4,b183,a797,True,39,spurious,-1,False,10,18,1.8
bifurc,even_odd,_todd18,3,0.4,7,31e3,fca6,True,67,wrong_pattern,0,False,10,18,1.8
bifurc,even_odd,_todd18,3,0.4,6,39c4,58a4,True,49,spurious,-1,False,10,18,1.8
bifurc,even_odd,_todd18,3,0.4,5,8d63,fd4b,True,39,spurious,-1,False,10,18,1.8
bifurc,even_odd,_todd18,3,0.4,7,89ce,fd4b,True,67,spurious,-1,False,10,18,1.8
bifurc,even_odd,_todd18,3,0.4,6,9a46,fca6,True,47,wrong_pattern,0,False,10,18,1.8
bifurc,even_odd,_todd18,3,0.4,7,88b7,fca6,True,49,wrong_pattern,0,False,10,18,1.8
bifurc,even_odd,_todd18,3,0.4,7,344c,4949,False,1252,oscillated,-1,False,10,18,1.8
bifurc,even_odd,_todd18,3,0.4,6,9026,fca6,True,47,wrong_pattern,0,False,10,18,1.8
bifurc,even_odd,_todd18,3,0.4,7,7853,fd4b,True,47,spurious,-1,False,10,18,1.8
bifurc,even_odd,_todd18,3,0.4,8,c9cd,1905,True,49,spurious,-1,False,10,18,1.8
bifurc,even_odd,_todd18,3,0.4,7,7d48,5949,True,47,spurious,-1,False,10,18,1.8
bifurc,even_odd,_todd18,3,0.4,10,fbc,2b4,True,19,spurious,-1,False,10,18,1.8
bifurc,even_odd,_todd18,3,0.4,5,b133,a75b,True,31,spurious,-1,False,10,18,1.8
bifurc,even_odd,_todd18,3,0.4,7,b7e1,a6b6,True,41,wrong_pattern,2,False,10,18,1.8
bifurc,even_odd,_todd18,3,0.4,5,f785,bf97,True,31,spurious,-1,False,10,18,1.8
bifurc,even_odd,_todd18,3,0.4,5,9b86,fca6,True,47,wrong_pattern,0,False,10,18,1.8
bifurc,even_odd,_todd18,3,0.4,6,ac9d,fca6,True,73,wrong_pattern,0,False,10,18,1.8
bifurc,even_odd,_todd18,3,0.4,5,dd2b,fd4b,True,19,spurious,-1,False,10,18,1.8
bifurc,even_odd,_todd18,3,0.4,7,a014,a6b6,True,47,wrong_pattern,2,False,10,18,1.8
bifurc,even_odd,_todd18,3,0.4,8,80cf,a75b,True,49,spurious,-1,False,10,18,1.8
bifurc,even_odd,_todd18,3,0.4,9,1dfc,58a4,True,29,spurious,-1,False,10,18,1.8
bifurc,even_odd,_todd18,3,0.4,6,fd69,fd4b,True,19,spurious,-1,False,10,18,1.8
bifurc,even_odd,_todd18,3,0.4,8,e96c,fd4b,True,47,spurious,-1,False,10,18,1.8
bifurc,even_odd,_todd18,3,0.4,9,29e9,5868,True,39,spurious,-1,False,10,18,1.8
bifurc,even_odd,_todd18,3,0.4,6,945,5949,True,77,spurious,-1,False,10,18,1.8
bifurc,even_odd,_todd18,3,0.4,2,bd15,bd07,True,39,correct,3,True,10,18,1.8
bifurc,even_odd,_todd18,3,0.4,7,f1a1,fca6,True,57,wrong_pattern,0,False,10,18,1.8
bifurc,even_odd,_todd18,3,0.4,4,7c17,bd07,True,29,correct,3,True,10,18,1.8
bifurc,even_odd,_todd18,3,0.4,10,c6e6,e6fa,True,49,spurious,-1,False,10,18,1.8
bifurc,even_odd,_todd18,3,0.4,6,f8af,fca6,True,19,wrong_pattern,0,False,10,18,1.8
bifurc,even_odd,_todd18,3,0.4,5,7597,bf97,True,21,spurious,-1,False,10,18,1.8
bifurc,even_odd,_todd18,3,0.4,5,d127,bd07,True,47,correct,3,True,10,18,1.8
bifurc,even_odd,_todd18,3,0.4,7,551d,359,True,39,spurious,-1,False,10,18,1.8
bifurc,even_odd,_todd18,3,0.4,8,35fb,a75b,True,75,spurious,-1,False,10,18,1.8
bifurc,even_odd,_todd18,3,0.4,7,d08,5949,True,11,spurious,-1,False,10,18,1.8
bifurc,even_odd,_todd18,3,0.4,7,71e7,fca6,True,57,wrong_pattern,0,False,10,18,1.8
bifurc,even_odd,_todd18,3,0.4,4,bea7,fca6,True,21,wrong_pattern,0,False,10,18,1.8
bifurc,even_odd,_todd18,3,0.4,7,5723,359,True,49,spurious,-1,False,10,18,1.8
bifurc,even_odd,_todd18,3,0.4,8,c52,5949,True,67,spurious,-1,False,10,18,1.8
bifurc,even_odd,_todd18,3,0.4,7,957d,359,True,47,spurious,-1,False,10,18,1.8
bifurc,even_odd,_todd18,3,0.4,8,196c,5949,True,31,spurious,-1,False,10,18,1.8
bifurc,even_odd,_todd18,3,0.4,10,e374,a75b,True,67,spurious,-1,False,10,18,1.8
bifurc,even_odd,_todd18,3,0.4,5,e90e,fd4b,True,31,spurious,-1,False,10,18,1.8
bifurc,even_odd,_todd18,3,0.4,3,a50f,a75b,True,29,spurious,-1,False,10,18,1.8
bifurc,even_odd,_todd18,3,0.4,7,e896,fca6,True,31,wrong_pattern,0,False,10,18,1.8
bifurc,even_odd,_todd18,3,0.4,8,5f61,5949,True,19,spurious,-1,False,10,18,1.8
bifurc,even_odd,_todd18,3,0.4,7,90e7,fca6,True,47,wrong_pattern,0,False,10,18,1.8
bifurc,even_odd,_todd18,3,0.4,4,a705,a797,True,29,spurious,-1,False,10,18,1.8
bifurc,even_odd,_todd18,3,0.4,4,b577,a75b,True,31,spurious,-1,False,10,18,1.8
bifurc,even_odd,_todd18,3,0.4,9,5044,5949,True,57,spurious,-1,False,10,18,1.8
bifurc,even_odd,_todd18,3,0.4,6,d816,fca6,True,75,wrong_pattern,0,False,10,18,1.8
bifurc,even_odd,_todd18,3,0.4,7,aea1,fca6,True,41,wrong_pattern,0,False,10,18,1.8
bifurc,even_odd,_todd18,3,0.4,10,4129,5949,True,29,spurious,-1,False,10,18,1.8
bifurc,even_odd,_todd18,3,0.4,5,8cc7,fca6,True,67,wrong_pattern,0,False,10,18,1.8
bifurc,even_odd,_todd18,3,0.4,6,852b,a75b,True,19,spurious,-1,False,10,18,1.8
bifurc,even_odd,_todd18,3,0.4,11,4e9,42f8,True,29,spurious,-1,False,10,18,1.8
bifurc,even_odd,_todd18,3,0.4,6,ec0c,fd4b,True,39,spurious,-1,False,10,18,1.8
bifurc,even_odd,_todd18,3,0.4,9,542a,5868,True,47,spurious,-1,False,10,18,1.8
bifurc,even_odd,_todd18,3,0.4,5,bcbf,fca6,True,29,wrong_pattern,0,False,10,18,1.8
bifurc,even_odd,_todd18,3,0.4,9,c1e3,fd4b,True,47,spurious,-1,False,10,18,1.8
bifurc,even_odd,_todd18,3,0.4,4,af46,a75b,True,47,spurious,-1,False,10,18,1.8
bifurc,even_odd,_todd18,3,0.4,6,a742,a75b,True,19,spurious,-1,False,10,18,1.8
bifurc,even_odd,_todd18,3,0.4,6,38c5,58a4,True,49,spurious,-1,False,10,18,1.8
bifurc,even_odd,_todd18,3,0.4,9,8362,a75b,True,47,spurious,-1,False,10,18,1.8
bifurc,even_odd,_todd18,3,0.4,4,ed23,bd07,True,59,correct,3,True,10,18,1.8
bifurc,even_odd,_todd18,3,0.4,5,d986,fca6,True,47,wrong_pattern,0,False,10,18,1.8
bifurc,even_odd,_todd18,3,0.4,7,fcde,fca6,True,37,wrong_pattern,0,False,10,18,1.8
bifurc,even_odd,_todd18,3,0.4,7,b3b5,a6b6,True,67,wrong_pattern,2,False,10,18,1.8
bifurc,even_odd,_todd18,3,0.4,5,b934,fca6,True,57,wrong_pattern,0,False,10,18,1.8
bifurc,even_odd,_todd18,3,0.4,5,1583,395,True,67,spurious,-1,False,10,18,1.8
bifurc,even_odd,_todd18,3,0.4,4,ac2f,fd4b,True,29,spurious,-1,False,10,18,1.8
bifurc,even_odd,_todd18,3,0.4,6,dfa5,58a4,True,47,spurious,-1,False,10,18,1.8
bifurc,even_odd,_todd18,3,0.4,6,2f1e,a75b,True,39,spurious,-1,False,10,18,1.8
bifurc,even_odd,_todd18,3,0.4,7,d441,5949,True,47,spurious,-1,False,10,18,1.8
bifurc,even_odd,_todd18,3,0.4,8,a430,e6fa,True,29,spurious,-1,False,10,18,1.8
bifurc,even_odd,_todd18,3,0.4,3,9903,bd07,True,47,correct,3,True,10,18,1.8
bifurc,even_odd,_todd18,3,0.4,7,14af,58a4,True,75,spurious,-1,False,10,18,1.8
bifurc,even_odd,_todd19,2,0.375,6,1776,299,False,1316,oscillated,-1,False,10,19,1.9
bifurc,even_odd,_todd19,1,0.375,6,17de,231,False,1316,oscillated,-1,False,10,19,1.9
bifurc,even_odd,_todd19,2,0.4375,7,24dd,330,False,1316,oscillated,-1,False,10,19,1.9
bifurc,even_odd,_todd19,2,0.375,6,3774,299,False,1316,oscillated,-1,False,10,19,1.9
bifurc,even_odd,_todd19,1,0.375,6,37dc,231,False,1316,oscillated,-1,False,10,19,1.9
bifurc,even_odd,_todd19,0,0.375,6,448e,58a4,True,49,spurious,-1,False,10,19,1.9
bifurc,even_odd,_todd19,0,0.375,6,4d66,5889,False,1316,oscillated,-1,False,10,19,1.9
bifurc,even_odd,_todd19,0,0.3125,5,5d22,58cd,False,1316,oscillated,-1,False,10,19,1.9
bifurc,even_odd,_todd19,0,0.375,6,5d8a,5865,False,1316,oscillated,-1,False,10,19,1.9
bifurc,even_odd,_todd19,0,0.375,6,648c,58a4,True,49,spurious,-1,False,10,19,1.9
bifurc,even_odd,_todd19,2,0.375,6,69b,374,False,1316,oscillated,-1,False,10,19,1.9
bifurc,even_odd,_todd19,1,0.375,6,6bd3,a75b,True,49,spurious,-1,False,10,19,1.9
bifurc,even_odd,_todd19,0,0.3125,5,7867,fd8a,False,1316,oscillated,-1,False,10,19,1.9
bifurc,even_odd,_todd19,0,0.375,6,7b66,fc8b,False,1316,oscillated,-1,False,10,19,1.9
bifurc,even_odd,_todd19,0,0.4375,7,7bce,fc23,False,1316,oscillated,-1,False,10,19,1.9
bifurc,even_odd,_todd19,0,0.3125,5,7d20,58cd,False,1316,oscillated,-1,False,10,19,1.9
bifurc,even_odd,_todd19,0,0.375,6,7d88,5865,False,1316,oscillated,-1,False,10,19,1.9
bifurc,even_odd,_todd19,2,0.4375,7,84dd,330,False,1316,oscillated,-1,False,10,19,1.9
bifurc,even_odd,_todd19,2,0.375,6,8574,299,False,1316,oscillated,-1,False,10,19,1.9
bifurc,even_odd,_todd19,2,0.4375,7,85dc,231,False,1316,oscillated,-1,False,10,19,1.9
bifurc,even_odd,_todd19,1,0.3125,5,8bd3,a75b,True,49,spurious,-1,False,10,19,1.9
bifurc,even_odd,_todd19,2,0.375,6,a174,a69b,False,1316,oscillated,-1,False,10,19,1.9
bifurc,even_odd,_todd19,2,0.375,6,a3dc,a633,False,1316,oscillated,-1,False,10,19,1.9
bifurc,even_odd,_todd19,0,0.375,6,c1ae,fca6,True,49,correct,0,True,10,19,1.9
bifurc,even_odd,_todd19,0,0.375,6,c966,fc8b,False,1316,oscillated,-1,False,10,19,1.9
bifurc,even_odd,_todd19,0,0.4375,7,c9ce,fc23,False,1316,oscillated,-1,False,10,19,1.9
bifurc,even_odd,_todd19,0,0.375,6,d8cf,fd22,False,1316,oscillated,-1,False,10,19,1.9
bifurc,even_odd,_todd19,0,0.4375,7,dacf,fd22,False,1316,oscillated,-1,False,10,19,1.9
bifurc,even_odd,_todd19,0,0.375,6,e1ac,fca6,True,49,correct,0,True,10,19,1.9
bifurc,even_odd,_todd19,0,0.375,6,e964,fc8b,False,1316,oscillated,-1,False,10,19,1.9
bifurc,even_odd,_todd19,0,0.4375,7,e9cc,fc23,False,1316,oscillated,-1,False,10,19,1.9
bifurc,even_odd,_todd19,1,0.375,6,fde,231,False,1316,oscillated,-1,False,10,19,1.9
bifurc,even_odd,_todd19,0,0.0,0,fca6,fca6,True,0,correct,0,True,10,19,1.9
bifurc,even_odd,_todd19,0,0.0,0,fca6,fca6,True,0,correct,0,True,10,19,1.9
bifurc,even_odd,_todd19,0,0.0,0,fca6,fca6,True,0,correct,0,True,10,19,1.9
bifurc,even_odd,_todd19,0,0.0,0,fca6,fca6,True,0,correct,0,True,10,19,1.9
bifurc,even_odd,_todd19,0,0.0,0,fca6,fca6,True,0,correct,0,True,10,19,1.9
bifurc,even_odd,_todd19,0,0.0,0,fca6,fca6,True,0,correct,0,True,10,19,1.9
bifurc,even_odd,_todd19,0,0.0,0,fca6,fca6,True,0,correct,0,True,10,19,1.9
bifurc,even_odd,_todd19,0,0.0,0,fca6,fca6,True,0,correct,0,True,10,19,1.9
bifurc,even_odd,_todd19,0,0.0,0,fca6,fca6,True,0,correct,0,True,10,19,1.9
bifurc,even_odd,_todd19,0,0.0,0,fca6,fca6,True,0,correct,0,True,10,19,1.9
bifurc,even_odd,_todd19,0,0.0,0,fca6,fca6,True,0,correct,0,True,10,19,1.9
bifurc,even_odd,_todd19,0,0.0,0,fca6,fca6,True,0,correct,0,True,10,19,1.9
bifurc,even_odd,_todd19,0,0.0,0,fca6,fca6,True,0,correct,0,True,10,19,1.9
bifurc,even_odd,_todd19,0,0.0,0,fca6,fca6,True,0,correct,0,True,10,19,1.9
bifurc,even_odd,_todd19,0,0.0,0,fca6,fca6,True,0,correct,0,True,10,19,1.9
bifurc,even_odd,_todd19,0,0.0,0,fca6,fca6,True,0,correct,0,True,10,19,1.9
bifurc,even_odd,_todd19,0,0.0,0,fca6,fca6,True,0,correct,0,True,10,19,1.9
bifurc,even_odd,_todd19,0,0.0,0,fca6,fca6,True,0,correct,0,True,10,19,1.9
bifurc,even_odd,_todd19,0,0.0,0,fca6,fca6,True,0,correct,0,True,10,19,1.9
bifurc,even_odd,_todd19,0,0.0,0,fca6,fca6,True,0,correct,0,True,10,19,1.9
bifurc,even_odd,_todd19,0,0.0,0,fca6,fca6,True,0,correct,0,True,10,19,1.9
bifurc,even_odd,_todd19,0,0.0,0,fca6,fca6,True,0,correct,0,True,10,19,1.9
bifurc,even_odd,_todd19,0,0.0,0,fca6,fca6,True,0,correct,0,True,10,19,1.9
bifurc,even_odd,_todd19,0,0.0,0,fca6,fca6,True,0,correct,0,True,10,19,1.9
bifurc,even_odd,_todd19,0,0.0,0,fca6,fca6,True,0,correct,0,True,10,19,1.9
bifurc,even_odd,_todd19,0,0.0,0,fca6,fca6,True,0,correct,0,True,10,19,1.9
bifurc,even_odd,_todd19,0,0.0,0,fca6,fca6,True,0,correct,0,True,10,19,1.9
bifurc,even_odd,_todd19,0,0.0,0,fca6,fca6,True,0,correct,0,True,10,19,1.9
bifurc,even_odd,_todd19,0,0.0,0,fca6,fca6,True,0,correct,0,True,10,19,1.9
bifurc,even_odd,_todd19,0,0.0,0,fca6,fca6,True,0,correct,0,True,10,19,1.9
bifurc,even_odd,_todd19,0,0.0,0,fca6,fca6,True,0,correct,0,True,10,19,1.9
bifurc,even_odd,_todd19,0,0.0,0,fca6,fca6,True,0,correct,0,True,10,19,1.9
bifurc,even_odd,_todd19,0,0.0,0,fca6,fca6,True,0,correct,0,True,10,19,1.9
bifurc,even_odd,_todd19,0,0.0,0,fca6,fca6,True,0,correct,0,True,10,19,1.9
bifurc,even_odd,_todd19,0,0.0,0,fca6,fca6,True,0,correct,0,True,10,19,1.9
bifurc,even_odd,_todd19,0,0.0,0,fca6,fca6,True,0,correct,0,True,10,19,1.9
bifurc,even_odd,_todd19,0,0.0,0,fca6,fca6,True,0,correct,0,True,10,19,1.9
bifurc,even_odd,_todd19,0,0.0,0,fca6,fca6,True,0,correct,0,True,10,19,1.9
bifurc,even_odd,_todd19,0,0.0,0,fca6,fca6,True,0,correct,0,True,10,19,1.9
bifurc,even_odd,_todd19,0,0.0,0,fca6,fca6,True,0,correct,0,True,10,19,1.9
bifurc,even_odd,_todd19,0,0.0,0,fca6,fca6,True,0,correct,0,True,10,19,1.9
bifurc,even_odd,_todd19,0,0.0,0,fca6,fca6,True,0,correct,0,True,10,19,1.9
bifurc,even_odd,_todd19,0,0.0,0,fca6,fca6,True,0,correct,0,True,10,19,1.9
bifurc,even_odd,_todd19,0,0.0,0,fca6,fca6,True,0,correct,0,True,10,19,1.9
bifurc,even_odd,_todd19,0,0.0,0,fca6,fca6,True,0,correct,0,True,10,19,1.9
bifurc,even_odd,_todd19,0,0.0,0,fca6,fca6,True,0,correct,0,True,10,19,1.9
bifurc,even_odd,_todd19,0,0.0,0,fca6,fca6,True,0,correct,0,True,10,19,1.9
bifurc,even_odd,_todd19,0,0.0,0,fca6,fca6,True,0,correct,0,True,10,19,1.9
bifurc,even_odd,_todd19,0,0.0,0,fca6,fca6,True,0,correct,0,True,10,19,1.9
bifurc,even_odd,_todd19,0,0.0,0,fca6,fca6,True,0,correct,0,True,10,19,1.9
bifurc,even_odd,_todd19,0,0.0,0,fca6,fca6,True,0,correct,0,True,10,19,1.9
bifurc,even_odd,_todd19,0,0.0,0,fca6,fca6,True,0,correct,0,True,10,19,1.9
bifurc,even_odd,_todd19,0,0.0,0,fca6,fca6,True,0,correct,0,True,10,19,1.9
bifurc,even_odd,_todd19,0,0.0,0,fca6,fca6,True,0,correct,0,True,10,19,1.9
bifurc,even_odd,_todd19,0,0.0,0,fca6,fca6,True,0,correct,0,True,10,19,1.9
bifurc,even_odd,_todd19,0,0.0,0,fca6,fca6,True,0,correct,0,True,10,19,1.9
bifurc,even_odd,_todd19,0,0.0,0,fca6,fca6,True,0,correct,0,True,10,19,1.9
bifurc,even_odd,_todd19,0,0.0,0,fca6,fca6,True,0,correct,0,True,10,19,1.9
bifurc,even_odd,_todd19,0,0.0,0,fca6,fca6,True,0,correct,0,True,10,19,1.9
bifurc,even_odd,_todd19,0,0.0,0,fca6,fca6,True,0,correct,0,True,10,19,1.9
bifurc,even_odd,_todd19,0,0.0,0,fca6,fca6,True,0,correct,0,True,10,19,1.9
bifurc,even_odd,_todd19,0,0.0,0,fca6,fca6,True,0,correct,0,True,10,19,1.9
bifurc,even_odd,_todd19,0,0.0,0,fca6,fca6,True,0,correct,0,True,10,19,1.9
bifurc,even_odd,_todd19,0,0.0,0,fca6,fca6,True,0,correct,0,True,10,19,1.9
bifurc,even_odd,_todd19,0,0.0,0,fca6,fca6,True,0,correct,0,True,10,19,1.9
bifurc,even_odd,_todd19,0,0.0,0,fca6,fca6,True,0,correct,0,True,10,19,1.9
bifurc,even_odd,_todd19,0,0.0,0,fca6,fca6,True,0,correct,0,True,10,19,1.9
bifurc,even_odd,_todd19,0,0.0,0,fca6,fca6,True,0,correct,0,True,10,19,1.9
bifurc,even_odd,_todd19,0,0.0,0,fca6,fca6,True,0,correct,0,True,10,19,1.9
bifurc,even_odd,_todd19,0,0.0,0,fca6,fca6,True,0,correct,0,True,10,19,1.9
bifurc,even_odd,_todd19,0,0.0,0,fca6,fca6,True,0,correct,0,True,10,19,1.9
bifurc,even_odd,_todd19,0,0.0,0,fca6,fca6,True,0,correct,0,True,10,19,1.9
bifurc,even_odd,_todd19,0,0.0,0,fca6,fca6,True,0,correct,0,True,10,19,1.9
bifurc,even_odd,_todd19,0,0.0,0,fca6,fca6,True,0,correct,0,True,10,19,1.9
bifurc,even_odd,_todd19,0,0.0,0,fca6,fca6,True,0,correct,0,True,10,19,1.9
bifurc,even_odd,_todd19,0,0.0,0,fca6,fca6,True,0,correct,0,True,10,19,1.9
bifurc,even_odd,_todd19,0,0.0,0,fca6,fca6,True,0,correct,0,True,10,19,1.9
bifurc,even_odd,_todd19,0,0.0,0,fca6,fca6,True,0,correct,0,True,10,19,1.9
bifurc,even_odd,_todd19,0,0.0,0,fca6,fca6,True,0,correct,0,True,10,19,1.9
bifurc,even_odd,_todd19,0,0.0,0,fca6,fca6,True,0,correct,0,True,10,19,1.9
bifurc,even_odd,_todd19,1,0.0,0,1b95,1b95,True,0,correct,1,True,10,19,1.9
bifurc,even_odd,_todd19,1,0.0,0,1b95,1b95,True,0,correct,1,True,10,19,1.9
bifurc,even_odd,_todd19,1,0.0,0,1b95,1b95,True,0,correct,1,True,10,19,1.9
bifurc,even_odd,_todd19,1,0.0,0,1b95,1b95,True,0,correct,1,True,10,19,1.9
bifurc,even_odd,_todd19,1,0.0,0,1b95,1b95,True,0,correct,1,True,10,19,1.9
bifurc,even_odd,_todd19,1,0.0,0,1b95,1b95,True,0,correct,1,True,10,19,1.9
bifurc,even_odd,_todd19,1,0.0,0,1b95,1b95,True,0,correct,1,True,10,19,1.9
bifurc,even_odd,_todd19,1,0.0,0,1b95,1b95,True,0,correct,1,True,10,19,1.9
bifurc,even_odd,_todd19,1,0.0,0,1b95,1b95,True,0,correct,1,True,10,19,1.9
bifurc,even_odd,_todd19,1,0.0,0,1b95,1b95,True,0,correct,1,True,10,19,1.9
bifurc,even_odd,_todd19,1,0.0,0,1b95,1b95,True,0,correct,1,True,10,19,1.9
bifurc,even_odd,_todd19,1,0.0,0,1b95,1b95,True,0,correct,1,True,10,19,1.9
bifurc,even_odd,_todd19,1,0.0,0,1b95,1b95,True,0,correct,1,True,10,19,1.9
bifurc,even_odd,_todd19,1,0.0,0,1b95,1b95,True,0,correct,1,True,10,19,1.9
bifurc,even_odd,_todd19,1,0.0,0,1b95,1b95,True,0,correct,1,True,10,19,1.9
bifurc,even_odd,_todd19,1,0.0,0,1b95,1b95,True,0,correct,1,True,10,19,1.9
bifurc,even_odd,_todd19,1,0.0,0,1b95,1b95,True,0,correct,1,True,10,19,1.9
bifurc,even_odd,_todd19,1,0.0,0,1b95,1b95,True,0,correct,1,True,10,19,1.9
bifurc,even_odd,_todd19,1,0.0,0,1b95,1b95,True,0,correct,1,True,10,19,1.9
bifurc,even_odd,_todd19,1,0.0,0,1b95,1b95,True,0,correct,1,True,10,19,1.9
bifurc,even_odd,_todd19,1,0.0,0,1b95,1b95,True,0,correct,1,True,10,19,1.9
bifurc,even_odd,_todd19,1,0.0,0,1b95,1b95,True,0,correct,1,True,10,19,1.9
bifurc,even_odd,_todd19,1,0.0,0,1b95,1b95,True,0,correct,1,True,10,19,1.9
bifurc,even_odd,_todd19,1,0.0,0,1b95,1b95,True,0,correct,1,True,10,19,1.9
bifurc,even_odd,_todd19,1,0.0,0,1b95,1b95,True,0,correct,1,True,10,19,1.9
bifurc,even_odd,_todd19,1,0.0,0,1b95,1b95,True,0,correct,1,True,10,19,1.9
bifurc,even_odd,_todd19,1,0.0,0,1b95,1b95,True,0,correct,1,True,10,19,1.9
bifurc,even_odd,_todd19,1,0.0,0,1b95,1b95,True,0,correct,1,True,10,19,1.9
bifurc,even_odd,_todd19,1,0.0,0,1b95,1b95,True,0,correct,1,True,10,19,1.9
bifurc,even_odd,_todd19,1,0.0,0,1b95,1b95,True,0,correct,1,True,10,19,1.9
bifurc,even_odd,_todd19,1,0.0,0,1b95,1b95,True,0,correct,1,True,10,19,1.9
bifurc,even_odd,_todd19,1,0.0,0,1b95,1b95,True,0,correct,1,True,10,19,1.9
bifurc,even_odd,_todd19,1,0.0,0,1b95,1b95,True,0,correct,1,True,10,19,1.9
bifurc,even_odd,_todd19,1,0.0,0,1b95,1b95,True,0,correct,1,True,10,19,1.9
bifurc,even_odd,_todd19,1,0.0,0,1b95,1b95,True,0,correct,1,True,10,19,1.9
bifurc,even_odd,_todd19,1,0.0,0,1b95,1b95,True,0,correct,1,True,10,19,1.9
bifurc,even_odd,_todd19,1,0.0,0,1b95,1b95,True,0,correct,1,True,10,19,1.9
bifurc,even_odd,_todd19,1,0.0,0,1b95,1b95,True,0,correct,1,True,10,19,1.9
bifurc,even_odd,_todd19,1,0.0,0,1b95,1b95,True,0,correct,1,True,10,19,1.9
bifurc,even_odd,_todd19,1,0.0,0,1b95,1b95,True,0,correct,1,True,10,19,1.9
bifurc,even_odd,_todd19,1,0.0,0,1b95,1b95,True,0,correct,1,True,10,19,1.9
bifurc,even_odd,_todd19,1,0.0,0,1b95,1b95,True,0,correct,1,True,10,19,1.9
bifurc,even_odd,_todd19,1,0.0,0,1b95,1b95,True,0,correct,1,True,10,19,1.9
bifurc,even_odd,_todd19,1,0.0,0,1b95,1b95,True,0,correct,1,True,10,19,1.9
bifurc,even_odd,_todd19,1,0.0,0,1b95,1b95,True,0,correct,1,True,10,19,1.9
bifurc,even_odd,_todd19,1,0.0,0,1b95,1b95,True,0,correct,1,True,10,19,1.9
bifurc,even_odd,_todd19,1,0.0,0,1b95,1b95,True,0,correct,1,True,10,19,1.9
bifurc,even_odd,_todd19,1,0.0,0,1b95,1b95,True,0,correct,1,True,10,19,1.9
bifurc,even_odd,_todd19,1,0.0,0,1b95,1b95,True,0,correct,1,True,10,19,1.9
bifurc,even_odd,_todd19,1,0.0,0,1b95,1b95,True,0,correct,1,True,10,19,1.9
bifurc,even_odd,_todd19,1,0.0,0,1b95,1b95,True,0,correct,1,True,10,19,1.9
bifurc,even_odd,_todd19,1,0.0,0,1b95,1b95,True,0,correct,1,True,10,19,1.9
bifurc,even_odd,_todd19,1,0.0,0,1b95,1b95,True,0,correct,1,True,10,19,1.9
bifurc,even_odd,_todd19,1,0.0,0,1b95,1b95,True,0,correct,1,True,10,19,1.9
bifurc,even_odd,_todd19,1,0.0,0,1b95,1b95,True,0,correct,1,True,10,19,1.9
bifurc,even_odd,_todd19,1,0.0,0,1b95,1b95,True,0,correct,1,True,10,19,1.9
bifurc,even_odd,_todd19,1,0.0,0,1b95,1b95,True,0,correct,1,True,10,19,1.9
bifurc,even_odd,_todd19,1,0.0,0,1b95,1b95,True,0,correct,1,True,10,19,1.9
bifurc,even_odd,_todd19,1,0.0,0,1b95,1b95,True,0,correct,1,True,10,19,1.9
bifurc,even_odd,_todd19,1,0.0,0,1b95,1b95,True,0,correct,1,True,10,19,1.9
bifurc,even_odd,_todd19,1,0.0,0,1b95,1b95,True,0,correct,1,True,10,19,1.9
bifurc,even_odd,_todd19,1,0.0,0,1b95,1b95,True,0,correct,1,True,10,19,1.9
bifurc,even_odd,_todd19,1,0.0,0,1b95,1b95,True,0,correct,1,True,10,19,1.9
bifurc,even_odd,_todd19,1,0.0,0,1b95,1b95,True,0,correct,1,True,10,19,1.9
bifurc,even_odd,_todd19,1,0.0,0,1b95,1b95,True,0,correct,1,True,10,19,1.9
bifurc,even_odd,_todd19,1,0.0,0,1b95,1b95,True,0,correct,1,True,10,19,1.9
bifurc,even_odd,_todd19,1,0.0,0,1b95,1b95,True,0,correct,1,True,10,19,1.9
bifurc,even_odd,_todd19,1,0.0,0,1b95,1b95,True,0,correct,1,True,10,19,1.9
bifurc,even_odd,_todd19,1,0.0,0,1b95,1b95,True,0,correct,1,True,10,19,1.9
bifurc,even_odd,_todd19,1,0.0,0,1b95,1b95,True,0,correct,1,True,10,19,1.9
bifurc,even_odd,_todd19,1,0.0,0,1b95,1b95,True,0,correct,1,True,10,19,1.9
bifurc,even_odd,_todd19,1,0.0,0,1b95,1b95,True,0,correct,1,True,10,19,1.9
bifurc,even_odd,_todd19,1,0.0,0,1b95,1b95,True,0,correct,1,True,10,19,1.9
bifurc,even_odd,_todd19,1,0.0,0,1b95,1b95,True,0,correct,1,True,10,19,1.9
bifurc,even_odd,_todd19,1,0.0,0,1b95,1b95,True,0,correct,1,True,10,19,1.9
bifurc,even_odd,_todd19,1,0.0,0,1b95,1b95,True,0,correct,1,True,10,19,1.9
bifurc,even_odd,_todd19,1,0.0,0,1b95,1b95,True,0,correct,1,True,10,19,1.9
bifurc,even_odd,_todd19,1,0.0,0,1b95,1b95,True,0,correct,1,True,10,19,1.9
bifurc,even_odd,_todd19,1,0.0,0,1b95,1b95,True,0,correct,1,True,10,19,1.9
bifurc,even_odd,_todd19,1,0.0,0,1b95,1b95,True,0,correct,1,True,10,19,1.9
bifurc,even_odd,_todd19,2,0.0,0,a6b6,a6b6,True,0,correct,2,True,10,19,1.9
bifurc,even_odd,_todd19,2,0.0,0,a6b6,a6b6,True,0,correct,2,True,10,19,1.9
bifurc,even_odd,_todd19,2,0.0,0,a6b6,a6b6,True,0,correct,2,True,10,19,1.9
bifurc,even_odd,_todd19,2,0.0,0,a6b6,a6b6,True,0,correct,2,True,10,19,1.9
bifurc,even_odd,_todd19,2,0.0,0,a6b6,a6b6,True,0,correct,2,True,10,19,1.9
bifurc,even_odd,_todd19,2,0.0,0,a6b6,a6b6,True,0,correct,2,True,10,19,1.9
bifurc,even_odd,_todd19,2,0.0,0,a6b6,a6b6,True,0,correct,2,True,10,19,1.9
bifurc,even_odd,_todd19,2,0.0,0,a6b6,a6b6,True,0,correct,2,True,10,19,1.9
bifurc,even_odd,_todd19,2,0.0,0,a6b6,a6b6,True,0,correct,2,True,10,19,1.9
bifurc,even_odd,_todd19,2,0.0,0,a6b6,a6b6,True,0,correct,2,True,10,19,1.9
bifurc,even_odd,_todd19,2,0.0,0,a6b6,a6b6,True,0,correct,2,True,10,19,1.9
bifurc,even_odd,_todd19,2,0.0,0,a6b6,a6b6,True,0,correct,2,True,10,19,1.9
bifurc,even_odd,_todd19,2,0.0,0,a6b6,a6b6,True,0,correct,2,True,10,19,1.9
bifurc,even_odd,_todd19,2,0.0,0,a6b6,a6b6,True,0,correct,2,True,10,19,1.9
bifurc,even_odd,_todd19,2,0.0,0,a6b6,a6b6,True,0,correct,2,True,10,19,1.9
bifurc,even_odd,_todd19,2,0.0,0,a6b6,a6b6,True,0,correct,2,True,10,19,1.9
bifurc,even_odd,_todd19,2,0.0,0,a6b6,a6b6,True,0,correct,2,True,10,19,1.9
bifurc,even_odd,_todd19,2,0.0,0,a6b6,a6b6,True,0,correct,2,True,10,19,1.9
bifurc,even_odd,_todd19,2,0.0,0,a6b6,a6b6,True,0,correct,2,True,10,19,1.9
bifurc,even_odd,_todd19,2,0.0,0,a6b6,a6b6,True,0,correct,2,True,10,19,1.9
bifurc,even_odd,_todd19,2,0.0,0,a6b6,a6b6,True,0,correct,2,True,10,19,1.9
bifurc,even_odd,_todd19,2,0.0,0,a6b6,a6b6,True,0,correct,2,True,10,19,1.9
bifurc,even_odd,_todd19,2,0.0,0,a6b6,a6b6,True,0,correct,2,True,10,19,1.9
bifurc,even_odd,_todd19,2,0.0,0,a6b6,a6b6,True,0,correct,2,True,10,19,1.9
bifurc,even_odd,_todd19,2,0.0,0,a6b6,a6b6,True,0,correct,2,True,10,19,1.9
bifurc,even_odd,_todd19,2,0.0,0,a6b6,a6b6,True,0,correct,2,True,10,19,1.9
bifurc,even_odd,_todd19,2,0.0,0,a6b6,a6b6,True,0,correct,2,True,10,19,1.9
bifurc,even_odd,_todd19,2,0.0,0,a6b6,a6b6,True,0,correct,2,True,10,19,1.9
bifurc,even_odd,_todd19,2,0.0,0,a6b6,a6b6,True,0,correct,2,True,10,19,1.9
bifurc,even_odd,_todd19,2,0.0,0,a6b6,a6b6,True,0,correct,2,True,10,19,1.9
bifurc,even_odd,_todd19,2,0.0,0,a6b6,a6b6,True,0,correct,2,True,10,19,1.9
bifurc,even_odd,_todd19,2,0.0,0,a6b6,a6b6,True,0,correct,2,True,10,19,1.9
bifurc,even_odd,_todd19,2,0.0,0,a6b6,a6b6,True,0,correct,2,True,10,19,1.9
bifurc,even_odd,_todd19,2,0.0,0,a6b6,a6b6,True,0,correct,2,True,10,19,1.9
bifurc,even_odd,_todd19,2,0.0,0,a6b6,a6b6,True,0,correct,2,True,10,19,1.9
bifurc,even_odd,_todd19,2,0.0,0,a6b6,a6b6,True,0,correct,2,True,10,19,1.9
bifurc,even_odd,_todd19,2,0.0,0,a6b6,a6b6,True,0,correct,2,True,10,19,1.9
bifurc,even_odd,_todd19,2,0.0,0,a6b6,a6b6,True,0,correct,2,True,10,19,1.9
bifurc,even_odd,_todd19,2,0.0,0,a6b6,a6b6,True,0,correct,2,True,10,19,1.9
bifurc,even_odd,_todd19,2,0.0,0,a6b6,a6b6,True,0,correct,2,True,10,19,1.9
bifurc,even_odd,_todd19,2,0.0,0,a6b6,a6b6,True,0,correct,2,True,10,19,1.9
bifurc,even_odd,_todd19,2,0.0,0,a6b6,a6b6,True,0,correct,2,True,10,19,1.9
bifurc,even_odd,_todd19,2,0.0,0,a6b6,a6b6,True,0,correct,2,True,10,19,1.9
bifurc,even_odd,_todd19,2,0.0,0,a6b6,a6b6,True,0,correct,2,True,10,19,1.9
bifurc,even_odd,_todd19,2,0.0,0,a6b6,a6b6,True,0,correct,2,True,10,19,1.9
bifurc,even_odd,_todd19,2,0.0,0,a6b6,a6b6,True,0,correct,2,True,10,19,1.9
bifurc,even_odd,_todd19,2,0.0,0,a6b6,a6b6,True,0,correct,2,True,10,19,1.9
bifurc,even_odd,_todd19,2,0.0,0,a6b6,a6b6,True,0,correct,2,True,10,19,1.9
bifurc,even_odd,_todd19,2,0.0,0,a6b6,a6b6,True,0,correct,2,True,10,19,1.9
bifurc,even_odd,_todd19,2,0.0,0,a6b6,a6b6,True,0,correct,2,True,10,19,1.9
bifurc,even_odd,_todd19,2,0.0,0,a6b6,a6b6,True,0,correct,2,True,10,19,1.9
bifurc,even_odd,_todd19,2,0.0,0,a6b6,a6b6,True,0,correct,2,True,10,19,1.9
bifurc,even_odd,_todd19,2,0.0,0,a6b6,a6b6,True,0,correct,2,True,10,19,1.9
bifurc,even_odd,_todd19,2,0.0,0,a6b6,a6b6,True,0,correct,2,True,10,19,1.9
bifurc,even_odd,_todd19,2,0.0,0,a6b6,a6b6,True,0,correct,2,True,10,19,1.9
bifurc,even_odd,_todd19,2,0.0,0,a6b6,a6b6,True,0,correct,2,True,10,19,1.9
bifurc,even_odd,_todd19,2,0.0,0,a6b6,a6b6,True,0,correct,2,True,10,19,1.9
bifurc,even_odd,_todd19,2,0.0,0,a6b6,a6b6,True,0,correct,2,True,10,19,1.9
bifurc,even_odd,_todd19,2,0.0,0,a6b6,a6b6,True,0,correct,2,True,10,19,1.9
bifurc,even_odd,_todd19,2,0.0,0,a6b6,a6b6,True,0,correct,2,True,10,19,1.9
bifurc,even_odd,_todd19,2,0.0,0,a6b6,a6b6,True,0,correct,2,True,10,19,1.9
bifurc,even_odd,_todd19,2,0.0,0,a6b6,a6b6,True,0,correct,2,True,10,19,1.9
bifurc,even_odd,_todd19,2,0.0,0,a6b6,a6b6,True,0,correct,2,True,10,19,1.9
bifurc,even_odd,_todd19,2,0.0,0,a6b6,a6b6,True,0,correct,2,True,10,19,1.9
bifurc,even_odd,_todd19,2,0.0,0,a6b6,a6b6,True,0,correct,2,True,10,19,1.9
bifurc,even_odd,_todd19,2,0.0,0,a6b6,a6b6,True,0,correct,2,True,10,19,1.9
bifurc,even_odd,_todd19,2,0.0,0,a6b6,a6b6,True,0,correct,2,True,10,19,1.9
bifurc,even_odd,_todd19,2,0.0,0,a6b6,a6b6,True,0,correct,2,True,10,19,1.9
bifurc,even_odd,_todd19,2,0.0,0,a6b6,a6b6,True,0,correct,2,True,10,19,1.9
bifurc,even_odd,_todd19,2,0.0,0,a6b6,a6b6,True,0,correct,2,True,10,19,1.9
bifurc,even_odd,_todd19,2,0.0,0,a6b6,a6b6,True,0,correct,2,True,10,19,1.9
bifurc,even_odd,_todd19,2,0.0,0,a6b6,a6b6,True,0,correct,2,True,10,19,1.9
bifurc,even_odd,_todd19,2,0.0,0,a6b6,a6b6,True,0,correct,2,True,10,19,1.9
bifurc,even_odd,_todd19,2,0.0,0,a6b6,a6b6,True,0,correct,2,True,10,19,1.9
bifurc,even_odd,_todd19,2,0.0,0,a6b6,a6b6,True,0,correct,2,True,10,19,1.9
bifurc,even_odd,_todd19,2,0.0,0,a6b6,a6b6,True,0,correct,2,True,10,19,1.9
bifurc,even_odd,_todd19,2,0.0,0,a6b6,a6b6,True,0,correct,2,True,10,19,1.9
bifurc,even_odd,_todd19,2,0.0,0,a6b6,a6b6,True,0,correct,2,True,10,19,1.9
bifurc,even_odd,_todd19,2,0.0,0,a6b6,a6b6,True,0,correct,2,True,10,19,1.9
bifurc,even_odd,_todd19,2,0.0,0,a6b6,a6b6,True,0,correct,2,True,10,19,1.9
bifurc,even_odd,_todd19,3,0.0,0,bd07,bd07,True,0,correct,3,True,10,19,1.9
bifurc,even_odd,_todd19,3,0.0,0,bd07,bd07,True,0,correct,3,True,10,19,1.9
bifurc,even_odd,_todd19,3,0.0,0,bd07,bd07,True,0,correct,3,True,10,19,1.9
bifurc,even_odd,_todd19,3,0.0,0,bd07,bd07,True,0,correct,3,True,10,19,1.9
bifurc,even_odd,_todd19,3,0.0,0,bd07,bd07,True,0,correct,3,True,10,19,1.9
bifurc,even_odd,_todd19,3,0.0,0,bd07,bd07,True,0,correct,3,True,10,19,1.9
bifurc,even_odd,_todd19,3,0.0,0,bd07,bd07,True,0,correct,3,True,10,19,1.9
bifurc,even_odd,_todd19,3,0.0,0,bd07,bd07,True,0,correct,3,True,10,19,1.9
bifurc,even_odd,_todd19,3,0.0,0,bd07,bd07,True,0,correct,3,True,10,19,1.9
bifurc,even_odd,_todd19,3,0.0,0,bd07,bd07,True,0,correct,3,True,10,19,1.9
bifurc,even_odd,_todd19,3,0.0,0,bd07,bd07,True,0,correct,3,True,10,19,1.9
bifurc,even_odd,_todd19,3,0.0,0,bd07,bd07,True,0,correct,3,True,10,19,1.9
bifurc,even_odd,_todd19,3,0.0,0,bd07,bd07,True,0,correct,3,True,10,19,1.9
bifurc,even_odd,_todd19,3,0.0,0,bd07,bd07,True,0,correct,3,True,10,19,1.9
bifurc,even_odd,_todd19,3,0.0,0,bd07,bd07,True,0,correct,3,True,10,19,1.9
bifurc,even_odd,_todd19,3,0.0,0,bd07,bd07,True,0,correct,3,True,10,19,1.9
bifurc,even_odd,_todd19,3,0.0,0,bd07,bd07,True,0,correct,3,True,10,19,1.9
bifurc,even_odd,_todd19,3,0.0,0,bd07,bd07,True,0,correct,3,True,10,19,1.9
bifurc,even_odd,_todd19,3,0.0,0,bd07,bd07,True,0,correct,3,True,10,19,1.9
bifurc,even_odd,_todd19,3,0.0,0,bd07,bd07,True,0,correct,3,True,10,19,1.9
bifurc,even_odd,_todd19,3,0.0,0,bd07,bd07,True,0,correct,3,True,10,19,1.9
bifurc,even_odd,_todd19,3,0.0,0,bd07,bd07,True,0,correct,3,True,10,19,1.9
bifurc,even_odd,_todd19,3,0.0,0,bd07,bd07,True,0,correct,3,True,10,19,1.9
bifurc,even_odd,_todd19,3,0.0,0,bd07,bd07,True,0,correct,3,True,10,19,1.9
bifurc,even_odd,_todd19,3,0.0,0,bd07,bd07,True,0,correct,3,True,10,19,1.9
bifurc,even_odd,_todd19,3,0.0,0,bd07,bd07,True,0,correct,3,True,10,19,1.9
bifurc,even_odd,_todd19,3,0.0,0,bd07,bd07,True,0,correct,3,True,10,19,1.9
bifurc,even_odd,_todd19,3,0.0,0,bd07,bd07,True,0,correct,3,True,10,19,1.9
bifurc,even_odd,_todd19,3,0.0,0,bd07,bd07,True,0,correct,3,True,10,19,1.9
bifurc,even_odd,_todd19,3,0.0,0,bd07,bd07,True,0,correct,3,True,10,19,1.9
bifurc,even_odd,_todd19,3,0.0,0,bd07,bd07,True,0,correct,3,True,10,19,1.9
bifurc,even_odd,_todd19,3,0.0,0,bd07,bd07,True,0,correct,3,True,10,19,1.9
bifurc,even_odd,_todd19,3,0.0,0,bd07,bd07,True,0,correct,3,True,10,19,1.9
bifurc,even_odd,_todd19,3,0.0,0,bd07,bd07,True,0,correct,3,True,10,19,1.9
bifurc,even_odd,_todd19,3,0.0,0,bd07,bd07,True,0,correct,3,True,10,19,1.9
bifurc,even_odd,_todd19,3,0.0,0,bd07,bd07,True,0,correct,3,True,10,19,1.9
bifurc,even_odd,_todd19,3,0.0,0,bd07,bd07,True,0,correct,3,True,10,19,1.9
bifurc,even_odd,_todd19,3,0.0,0,bd07,bd07,True,0,correct,3,True,10,19,1.9
bifurc,even_odd,_todd19,3,0.0,0,bd07,bd07,True,0,correct,3,True,10,19,1.9
bifurc,even_odd,_todd19,3,0.0,0,bd07,bd07,True,0,correct,3,True,10,19,1.9
bifurc,even_odd,_todd19,3,0.0,0,bd07,bd07,True,0,correct,3,True,10,19,1.9
bifurc,even_odd,_todd19,3,0.0,0,bd07,bd07,True,0,correct,3,True,10,19,1.9
bifurc,even_odd,_todd19,3,0.0,0,bd07,bd07,True,0,correct,3,True,10,19,1.9
bifurc,even_odd,_todd19,3,0.0,0,bd07,bd07,True,0,correct,3,True,10,19,1.9
bifurc,even_odd,_todd19,3,0.0,0,bd07,bd07,True,0,correct,3,True,10,19,1.9
bifurc,even_odd,_todd19,3,0.0,0,bd07,bd07,True,0,correct,3,True,10,19,1.9
bifurc,even_odd,_todd19,3,0.0,0,bd07,bd07,True,0,correct,3,True,10,19,1.9
bifurc,even_odd,_todd19,3,0.0,0,bd07,bd07,True,0,correct,3,True,10,19,1.9
bifurc,even_odd,_todd19,3,0.0,0,bd07,bd07,True,0,correct,3,True,10,19,1.9
bifurc,even_odd,_todd19,3,0.0,0,bd07,bd07,True,0,correct,3,True,10,19,1.9
bifurc,even_odd,_todd19,3,0.0,0,bd07,bd07,True,0,correct,3,True,10,19,1.9
bifurc,even_odd,_todd19,3,0.0,0,bd07,bd07,True,0,correct,3,True,10,19,1.9
bifurc,even_odd,_todd19,3,0.0,0,bd07,bd07,True,0,correct,3,True,10,19,1.9
bifurc,even_odd,_todd19,3,0.0,0,bd07,bd07,True,0,correct,3,True,10,19,1.9
bifurc,even_odd,_todd19,3,0.0,0,bd07,bd07,True,0,correct,3,True,10,19,1.9
bifurc,even_odd,_todd19,3,0.0,0,bd07,bd07,True,0,correct,3,True,10,19,1.9
bifurc,even_odd,_todd19,3,0.0,0,bd07,bd07,True,0,correct,3,True,10,19,1.9
bifurc,even_odd,_todd19,3,0.0,0,bd07,bd07,True,0,correct,3,True,10,19,1.9
bifurc,even_odd,_todd19,3,0.0,0,bd07,bd07,True,0,correct,3,True,10,19,1.9
bifurc,even_odd,_todd19,3,0.0,0,bd07,bd07,True,0,correct,3,True,10,19,1.9
bifurc,even_odd,_todd19,3,0.0,0,bd07,bd07,True,0,correct,3,True,10,19,1.9
bifurc,even_odd,_todd19,3,0.0,0,bd07,bd07,True,0,correct,3,True,10,19,1.9
bifurc,even_odd,_todd19,3,0.0,0,bd07,bd07,True,0,correct,3,True,10,19,1.9
bifurc,even_odd,_todd19,3,0.0,0,bd07,bd07,True,0,correct,3,True,10,19,1.9
bifurc,even_odd,_todd19,3,0.0,0,bd07,bd07,True,0,correct,3,True,10,19,1.9
bifurc,even_odd,_todd19,3,0.0,0,bd07,bd07,True,0,correct,3,True,10,19,1.9
bifurc,even_odd,_todd19,3,0.0,0,bd07,bd07,True,0,correct,3,True,10,19,1.9
bifurc,even_odd,_todd19,3,0.0,0,bd07,bd07,True,0,correct,3,True,10,19,1.9
bifurc,even_odd,_todd19,3,0.0,0,bd07,bd07,True,0,correct,3,True,10,19,1.9
bifurc,even_odd,_todd19,3,0.0,0,bd07,bd07,True,0,correct,3,True,10,19,1.9
bifurc,even_odd,_todd19,3,0.0,0,bd07,bd07,True,0,correct,3,True,10,19,1.9
bifurc,even_odd,_todd19,3,0.0,0,bd07,bd07,True,0,correct,3,True,10,19,1.9
bifurc,even_odd,_todd19,3,0.0,0,bd07,bd07,True,0,correct,3,True,10,19,1.9
bifurc,even_odd,_todd19,3,0.0,0,bd07,bd07,True,0,correct,3,True,10,19,1.9
bifurc,even_odd,_todd19,3,0.0,0,bd07,bd07,True,0,correct,3,True,10,19,1.9
bifurc,even_odd,_todd19,3,0.0,0,bd07,bd07,True,0,correct,3,True,10,19,1.9
bifurc,even_odd,_todd19,3,0.0,0,bd07,bd07,True,0,correct,3,True,10,19,1.9
bifurc,even_odd,_todd19,3,0.0,0,bd07,bd07,True,0,correct,3,True,10,19,1.9
bifurc,even_odd,_todd19,3,0.0,0,bd07,bd07,True,0,correct,3,True,10,19,1.9
bifurc,even_odd,_todd19,3,0.0,0,bd07,bd07,True,0,correct,3,True,10,19,1.9
bifurc,even_odd,_todd19,0,0.2,2,fce2,fca6,True,11,correct,0,True,10,19,1.9
bifurc,even_odd,_todd19,0,0.2,1,fc26,fca6,True,20,correct,0,True,10,19,1.9
bifurc,even_odd,_todd19,0,0.2,4,70e6,fca6,True,49,correct,0,True,10,19,1.9
bifurc,even_odd,_todd19,0,0.2,5,dfe4,58a4,True,49,spurious,-1,False,10,19,1.9
bifurc,even_odd,_todd19,0,0.2,5,dd34,58a4,True,50,spurious,-1,False,10,19,1.9
bifurc,even_odd,_todd19,0,0.2,0,fca6,fca6,True,0,correct,0,True,10,19,1.9
bifurc,even_odd,_todd19,0,0.2,1,f8a6,fca6,True,11,correct,0,True,10,19,1.9
bifurc,even_odd,_todd19,0,0.2,1,fc26,fca6,True,20,correct,0,True,10,19,1.9
bifurc,even_odd,_todd19,0,0.2,4,64a4,58a4,True,49,spurious,-1,False,10,19,1.9
bifurc,even_odd,_todd19,0,0.2,3,74b6,fca6,True,30,correct,0,True,10,19,1.9
bifurc,even_odd,_todd19,0,0.2,3,9ea6,fca6,True,21,correct,0,True,10,19,1.9
bifurc,even_odd,_todd19,0,0.2,6,1686,2b4,True,69,spurious,-1,False,10,19,1.9
bifurc,even_odd,_todd19,0,0.2,3,fc16,bd07,True,11,wrong_pattern,3,False,10,19,1.9
bifurc,even_odd,_todd19,0,0.2,2,fc36,fca6,True,20,correct,0,True,10,19,1.9
bifurc,even_odd,_todd19,0,0.2,1,fca4,fca6,True,20,correct,0,True,10,19,1.9
bifurc,even_odd,_todd19,0,0.2,2,fcb4,fca6,True,20,correct,0,True,10,19,1.9
bifurc,even_odd,_todd19,0,0.2,5,5086,58a4,True,20,spurious,-1,False,10,19,1.9
bifurc,even_odd,_todd19,0,0.2,4,dde4,58a4,True,49,spurious,-1,False,10,19,1.9
bifurc,even_odd,_todd19,0,0.2,3,f8b4,fca6,True,49,correct,0,True,10,19,1.9
bifurc,even_odd,_todd19,0,0.2,4,748e,fca6,True,20,correct,0,True,10,19,1.9
bifurc,even_odd,_todd19,0,0.2,4,b9a4,fca6,True,49,correct,0,True,10,19,1.9
bifurc,even_odd,_todd19,0,0.2,4,7cc2,fca6,True,40,correct,0,True,10,19,1.9
bifurc,even_odd,_todd19,0,0.2,0,fca6,fca6,True,0,correct,0,True,10,19,1.9
bifurc,even_odd,_todd19,0,0.2,3,fcb3,fca6,True,11,correct,0,True,10,19,1.9
bifurc,even_odd,_todd19,0,0.2,2,f5a6,fca6,True,20,correct,0,True,10,19,1.9
bifurc,even_odd,_todd19,0,0.2,3,f6e6,a6b6,True,41,wrong_pattern,2,False,10,19,1.9
bifurc,even_odd,_todd19,0,0.2,1,fea6,fca6,True,20,correct,0,True,10,19,1.9
bifurc,even_odd,_todd19,0,0.2,3,6da6,fca6,True,20,correct,0,True,10,19,1.9
bifurc,even_odd,_todd19,0,0.2,3,dcb4,58a4,True,49,spurious,-1,False,10,19,1.9
bifurc,even_odd,_todd19,0,0.2,2,fc36,fca6,True,20,correct,0,True,10,19,1.9
bifurc,even_odd,_todd19,0,0.2,0,fca6,fca6,True,0,correct,0,True,10,19,1.9
bifurc,even_odd,_todd19,0,0.2,4,b4b2,fca6,True,41,correct,0,True,10,19,1.9
bifurc,even_odd,_todd19,0,0.2,5,2cf6,fca6,True,41,correct,0,True,10,19,1.9
bifurc,even_odd,_todd19,0,0.2,5,e804,fca6,True,49,correct,0,True,10,19,1.9
bifurc,even_odd,_todd19,0,0.2,6,bccb,fca6,True,68,correct,0,True,10,19,1.9
bifurc,even_odd,_todd19,0,0.2,2,bcae,fca6,True,20,correct,0,True,10,19,1.9
bifurc,even_odd,_todd19,0,0.2,2,ecb6,fca6,True,11,correct,0,True,10,19,1.9
bifurc,even_odd,_todd19,0,0.2,5,b485,fca6,True,107,correct,0,True,10,19,1.9
bifurc,even_odd,_todd19,0,0.2,3,7da2,fca6,True,20,correct,0,True,10,19,1.9
bifurc,even_odd,_todd19,0,0.2,5,7dbf,fca6,True,30,correct,0,True,10,19,1.9
bifurc,even_odd,_todd19,0,0.2,4,baa4,fca6,True,49,correct,0,True,10,19,1.9
bifurc,even_odd,_todd19,0,0.2,5,efa5,fca6,True,40,correct,0,True,10,19,1.9
bifurc,even_odd,_todd19,0,0.2,4,e827,fca6,True,49,correct,0,True,10,19,1.9
bifurc,even_odd,_todd19,0,0.2,1,7ca6,fca6,True,20,correct,0,True,10,19,1.9
bifurc,even_odd,_todd19,0,0.2,7,b845,bd07,True,49,wrong_pattern,3,False,10,19,1.9
bifurc,even_odd,_todd19,0,0.2,4,ffbe,fca6,True,20,correct,0,True,10,19,1.9
bifurc,even_odd,_todd19,0,0.2,5,7d83,bd07,True,21,wrong_pattern,3,False,10,19,1.9
bifurc,even_odd,_todd19,0,0.2,3,d8a4,58a4,True,20,spurious,-1,False,10,19,1.9
bifurc,even_odd,_todd19,0,0.2,3,fc04,fca6,True,49,correct,0,True,10,19,1.9
bifurc,even_odd,_todd19,0,0.2,2,7ea6,fca6,True,20,correct,0,True,10,19,1.9
bifurc,even_odd,_todd19,0,0.2,4,14a6,58a4,True,49,spurious,-1,False,10,19,1.9
bifurc,even_odd,_todd19,0,0.2,5,7d9e,fca6,True,39,correct,0,True,10,19,1.9
bifurc,even_odd,_todd19,0,0.2,3,7de6,fca6,True,20,correct,0,True,10,19,1.9
bifurc,even_odd,_todd19,0,0.2,1,bca6,fca6,True,11,correct,0,True,10,19,1.9
bifurc,even_odd,_todd19,0,0.2,4,ffe7,fca6,True,30,correct,0,True,10,19,1.9
bifurc,even_odd,_todd19,0,0.2,5,7d32,fccf,False,1316,oscillated,-1,False,10,19,1.9
bifurc,even_odd,_todd19,0,0.2,1,fca4,fca6,True,20,correct,0,True,10,19,1.9
bifurc,even_odd,_todd19,0,0.2,1,fcb6,fca6,True,11,correct,0,True,10,19,1.9
bifurc,even_odd,_todd19,0,0.2,5,bc3f,fca6,True,68,correct,0,True,10,19,1.9
bifurc,even_odd,_todd19,0,0.2,1,fce6,fca6,True,11,correct,0,True,10,19,1.9
bifurc,even_odd,_todd19,0,0.2,4,dc46,fd4b,True,59,spurious,-1,False,10,19,1.9
bifurc,even_odd,_todd19,0,0.2,2,fe86,fca6,True,20,correct,0,True,10,19,1.9
bifurc,even_odd,_todd19,0,0.2,5,68e7,fca6,True,49,correct,0,True,10,19,1.9
bifurc,even_odd,_todd19,0,0.2,4,dcd6,fca6,True,20,correct,0,True,10,19,1.9
bifurc,even_odd,_todd19,0,0.2,6,9c60,58a4,True,59,spurious,-1,False,10,19,1.9
bifurc,even_odd,_todd19,0,0.2,3,f4b4,fca6,True,30,correct,0,True,10,19,1.9
bifurc,even_odd,_todd19,0,0.2,3,bda7,fca6,True,11,correct,0,True,10,19,1.9
bifurc,even_odd,_todd19,0,0.2,6,cd85,1905,True,49,spurious,-1,False,10,19,1.9
bifurc,even_odd,_todd19,0,0.2,4,dec6,fca6,True,20,correct,0,True,10,19,1.9
bifurc,even_odd,_todd19,0,0.2,4,ea26,fca6,True,20,correct,0,True,10,19,1.9
bifurc,even_odd,_todd19,0,0.2,7,70f3,fca6,True,49,correct,0,True,10,19,1.9
bifurc,even_odd,_todd19,0,0.2,3,bda7,fca6,True,11,correct,0,True,10,19,1.9
bifurc,even_odd,_todd19,0,0.2,1,bca6,fca6,True,11,correct,0,True,10,19,1.9
bifurc,even_odd,_todd19,0,0.2,2,eca2,fca6,True,11,correct,0,True,10,19,1.9
bifurc,even_odd,_todd19,0,0.2,2,dcae,fca6,True,20,correct,0,True,10,19,1.9
bifurc,even_odd,_todd19,0,0.2,3,3cb6,fca6,True,30,correct,0,True,10,19,1.9
bifurc,even_odd,_todd19,0,0.2,3,f926,fca6,True,49,correct,0,True,10,19,1.9
bifurc,even_odd,_todd19,0,0.2,1,7ca6,fca6,True,20,correct,0,True,10,19,1.9
bifurc,even_odd,_todd19,0,0.2,2,fce4,fca6,True,20,correct,0,True,10,19,1.9
bifurc,even_odd,_todd19,0,0.2,2,bcb6,fca6,True,11,correct,0,True,10,19,1.9
bifurc,even_odd,_todd19,1,0.2,2,5bb5,58a4,True,30,spurious,-1,False,10,19,1.9
bifurc,even_odd,_todd19,1,0.2,6,6b80,1ab4,False,1316,oscillated,-1,False,10,19,1.9
bifurc,even_odd,_todd19,1,0.2,3,1fd1,395,True,30,spurious,-1,False,10,19,1.9
bifurc,even_odd,_todd19,1,0.2,3,1f35,1b95,True,20,correct,1,True,10,19,1.9
bifurc,even_odd,_todd19,1,0.2,0,1b95,1b95,True,0,correct,1,True,10,19,1.9
bifurc,even_odd,_todd19,1,0.2,4,5ac5,58a4,True,30,spurious,-1,False,10,19,1.9
bifurc,even_odd,_todd19,1,0.2,2,1bd4,2b4,True,30,spurious,-1,False,10,19,1.9
bifurc,even_odd,_todd19,1,0.2,1,b95,1b95,True,11,correct,1,True,10,19,1.9
bifurc,even_odd,_todd19,1,0.2,5,2b75,359,True,68,spurious,-1,False,10,19,1.9
bifurc,even_odd,_todd19,1,0.2,6,2881,58a4,True,69,spurious,-1,False,10,19,1.9
bifurc,even_odd,_todd19,1,0.2,3,1abd,2b4,True,30,spurious,-1,False,10,19,1.9
bifurc,even_odd,_todd19,1,0.2,1,1b97,1b95,True,20,correct,1,True,10,19,1.9
bifurc,even_odd,_todd19,1,0.2,1,b95,1b95,True,11,correct,1,True,10,19,1.9
bifurc,even_odd,_todd19,1,0.2,2,1994,58a4,True,39,spurious,-1,False,10,19,1.9
bifurc,even_odd,_todd19,1,0.2,2,3b15,1b95,True,20,correct,1,True,10,19,1.9
bifurc,even_odd,_todd19,1,0.2,5,7b1f,bd07,True,49,wrong_pattern,3,False,10,19,1.9
bifurc,even_odd,_todd19,1,0.2,6,93e7,a6b6,True,69,wrong_pattern,2,False,10,19,1.9
bifurc,even_odd,_todd19,1,0.2,6,8899,5949,True,69,spurious,-1,False,10,19,1.9
bifurc,even_odd,_todd19,1,0.2,2,1b55,395,True,30,spurious,-1,False,10,19,1.9
bifurc,even_odd,_todd19,1,0.2,3,b8d,395,True,40,spurious,-1,False,10,19,1.9
bifurc,even_odd,_todd19,1,0.2,2,139d,395,True,39,spurious,-1,False,10,19,1.9
bifurc,even_odd,_todd19,1,0.2,2,bb95,bf97,True,49,spurious,-1,False,10,19,1.9
bifurc,even_odd,_todd19,1,0.2,1,1a95,58a4,True,59,spurious,-1,False,10,19,1.9
bifurc,even_odd,_todd19,1,0.2,3,18d5,58a4,True,50,spurious,-1,False,10,19,1.9
bifurc,even_odd,_todd19,1,0.2,2,1915,1905,True,11,spurious,-1,False,10,19,1.9
bifurc,even_odd,_todd19,1,0.2,3,19b7,58a4,True,31,spurious,-1,False,10,19,1.9
bifurc,even_odd,_todd19,1,0.2,4,3a05,1b15,False,1316,oscillated,-1,False,10,19,1.9
bifurc,even_odd,_todd19,1,0.2,2,9bb5,58a4,True,50,spurious,-1,False,10,19,1.9
bifurc,even_odd,_todd19,1,0.2,5,1ead,58a4,True,21,spurious,-1,False,10,19,1.9
bifurc,even_odd,_todd19,1,0.2,4,1f80,58a4,True,50,spurious,-1,False,10,19,1.9
bifurc,even_odd,_todd19,1,0.2,3,399d,1905,True,31,spurious,-1,False,10,19,1.9
bifurc,even_odd,_todd19,1,0.2,6,1645,359,True,40,spurious,-1,False,10,19,1.9
bifurc,even_odd,_todd19,1,0.2,3,5b87,1905,True,30,spurious,-1,False,10,19,1.9
bifurc,even_odd,_todd19,1,0.2,5,1b29,1905,True,79,spurious,-1,False,10,19,1.9
bifurc,even_odd,_todd19,1,0.2,3,1be5,58a4,True,40,spurious,-1,False,10,19,1.9
bifurc,even_odd,_todd19,1,0.2,2,1e95,58a4,True,59,spurious,-1,False,10,19,1.9
bifurc,even_odd,_todd19,1,0.2,2,3b85,1b15,False,1316,oscillated,-1,False,10,19,1.9
bifurc,even_odd,_todd19,1,0.2,7,fed1,fca6,True,30,wrong_pattern,0,False,10,19,1.9
bifurc,even_odd,_todd19,1,0.2,3,7995,1905,True,30,spurious,-1,False,10,19,1.9
bifurc,even_odd,_todd19,1,0.2,3,1f1d,359,True,41,spurious,-1,False,10,19,1.9
bifurc,even_odd,_todd19,1,0.2,3,13c5,395,True,11,spurious,-1,False,10,19,1.9
bifurc,even_odd,_todd19,1,0.2,2,1915,1905,True,11,spurious,-1,False,10,19,1.9
bifurc,even_odd,_todd19,1,0.2,3,f97,1b95,True,69,correct,1,True,10,19,1.9
bifurc,even_odd,_todd19,1,0.2,2,1b8d,395,True,98,spurious,-1,False,10,19,1.9
bifurc,even_odd,_todd19,1,0.2,4,b391,a797,True,49,spurious,-1,False,10,19,1.9
bifurc,even_odd,_todd19,1,0.2,2,3bb5,58a4,True,50,spurious,-1,False,10,19,1.9
bifurc,even_odd,_todd19,1,0.2,3,9bb1,2b4,True,30,spurious,-1,False,10,19,1.9
bifurc,even_odd,_todd19,1,0.2,3,5f94,58a4,True,30,spurious,-1,False,10,19,1.9
bifurc,even_odd,_todd19,1,0.2,3,4bd5,1b95,True,11,correct,1,True,10,19,1.9
bifurc,even_odd,_todd19,1,0.2,1,1b9d,395,True,39,spurious,-1,False,10,19,1.9
bifurc,even_odd,_todd19,1,0.2,4,179c,2b4,True,30,spurious,-1,False,10,19,1.9
bifurc,even_odd,_todd19,1,0.2,3,1215,395,True,40,spurious,-1,False,10,19,1.9
bifurc,even_odd,_todd19,1,0.2,2,1b81,1b95,True,11,correct,1,True,10,19,1.9
bifurc,even_odd,_todd19,1,0.2,5,d305,1905,True,30,spurious,-1,False,10,19,1.9
bifurc,even_odd,_todd19,1,0.2,4,1214,2b4,True,69,spurious,-1,False,10,19,1.9
bifurc,even_odd,_todd19,1,0.2,1,1b97,1b95,True,20,correct,1,True,10,19,1.9
bifurc,even_odd,_todd19,1,0.2,5,3b50,359,True,49,spurious,-1,False,10,19,1.9
bifurc,even_odd,_todd19,1,0.2,5,717,395,True,49,spurious,-1,False,10,19,1.9
bifurc,even_odd,_todd19,1,0.2,4,396,2b4,True,30,spurious,-1,False,10,19,1.9
bifurc,even_odd,_todd19,1,0.2,1,1395,395,True,11,spurious,-1,False,10,19,1.9
bifurc,even_odd,_todd19,1,0.2,4,5194,58a4,True,49,spurious,-1,False,10,19,1.9
bifurc,even_odd,_todd19,1,0.2,3,1291,2b4,True,30,spurious,-1,False,10,19,1.9
bifurc,even_odd,_todd19,1,0.2,3,1bad,58a4,True,40,spurious,-1,False,10,19,1.9
bifurc,even_odd,_todd19,1,0.2,5,cbf5,1ab4,False,1316,oscillated,-1,False,10,19,1.9
bifurc,even_odd,_todd19,1,0.2,6,17b8,42f8,True,31,spurious,-1,False,10,19,1.9
bifurc,even_odd,_todd19,1,0.2,2,1bc5,1b95,True,11,correct,1,True,10,19,1.9
bifurc,even_odd,_todd19,1,0.2,4,1097,2b4,True,40,spurious,-1,False,10,19,1.9
bifurc,even_odd,_todd19,1,0.2,6,3982,fca6,True,50,wrong_pattern,0,False,10,19,1.9
bifurc,even_odd,_todd19,1,0.2,4,3797,a797,True,40,spurious,-1,False,10,19,1.9
bifurc,even_odd,_todd19,1,0.2,2,1b96,58a4,True,59,spurious,-1,False,10,19,1.9
bifurc,even_odd,_todd19,1,0.2,4,1b18,359,True,31,spurious,-1,False,10,19,1.9
bifurc,even_odd,_todd19,1,0.2,2,1195,395,True,40,spurious,-1,False,10,19,1.9
bifurc,even_odd,_todd19,1,0.2,3,9b5,58a4,True,60,spurious,-1,False,10,19,1.9
bifurc,even_odd,_todd19,1,0.2,5,22b5,2b4,True,20,spurious,-1,False,10,19,1.9
bifurc,even_odd,_todd19,1,0.2,3,19b1,58a4,True,11,spurious,-1,False,10,19,1.9
bifurc,even_odd,_todd19,1,0.2,6,7a98,58a4,True,30,spurious,-1,False,10,19,1.9
bifurc,even_odd,_todd19,1,0.2,1,1b97,1b95,True,20,correct,1,True,10,19,1.9
bifurc,even_odd,_todd19,1,0.2,4,1a07,1b15,False,1316,oscillated,-1,False,10,19,1.9
bifurc,even_odd,_todd19,1,0.2,3,3a15,1b95,True,20,correct,1,True,10,19,1.9
bifurc,even_odd,_todd19,1,0.2,5,8b5d,359,True,20,spurious,-1,False,10,19,1.9
bifurc,even_odd,_todd19,2,0.2,4,96f7,a6b6,True,20,correct,2,True,10,19,1.9
bifurc,even_odd,_todd19,2,0.2,3,b6a4,a6b6,True,40,correct,2,True,10,19,1.9
bifurc,even_odd,_todd19,2,0.2,4,c7b2,a6b6,True,31,correct,2,True,10,19,1.9
bifurc,even_odd,_todd19,2,0.2,2,a63e,e6fa,True,31,spurious,-1,False,10,19,1.9
bifurc,even_odd,_todd19,2,0.2,5,a4ce,e6fa,True,31,spurious,-1,False,10,19,1.9
bifurc,even_odd,_todd19,2,0.2,2,a6fe,e6fa,True,31,spurious,-1,False,10,19,1.9
bifurc,even_odd,_todd19,2,0.2,5,379e,a6b6,True,30,correct,2,True,10,19,1.9
bifurc,even_odd,_todd19,2,0.2,5,e41e,a75b,True,40,spurious,-1,False,10,19,1.9
bifurc,even_odd,_todd19,2,0.2,3,a432,e6fa,True,30,spurious,-1,False,10,19,1.9
bifurc,even_odd,_todd19,2,0.2,2,24b6,fca6,True,41,wrong_pattern,0,False,10,19,1.9
bifurc,even_odd,_todd19,2,0.2,2,a69e,a6b6,True,20,correct,2,True,10,19,1.9
bifurc,even_odd,_todd19,2,0.2,5,f23e,fca6,True,78,wrong_pattern,0,False,10,19,1.9
bifurc,even_odd,_todd19,2,0.2,7,6f84,58a4,True,49,spurious,-1,False,10,19,1.9
bifurc,even_odd,_todd19,2,0.2,1,e6b6,a6b6,True,11,correct,2,True,10,19,1.9
bifurc,even_odd,_todd19,2,0.2,4,aa97,beb6,False,1316,oscillated,-1,False,10,19,1.9
bifurc,even_odd,_todd19,2,0.2,2,a3b6,a6b6,True,11,correct,2,True,10,19,1.9
bifurc,even_odd,_todd19,2,0.2,3,afb4,beb6,False,1316,oscillated,-1,False,10,19,1.9
bifurc,even_odd,_todd19,2,0.2,5,96af,a6b6,True,50,correct,2,True,10,19,1.9
bifurc,even_odd,_todd19,2,0.2,3,a635,a6b6,True,49,correct,2,True,10,19,1.9
bifurc,even_odd,_todd19,2,0.2,6,ac1f,fd4b,True,41,spurious,-1,False,10,19,1.9
bifurc,even_odd,_todd19,2,0.2,4,84b0,2b4,True,49,spurious,-1,False,10,19,1.9
bifurc,even_odd,_todd19,2,0.2,3,a732,a6df,False,1316,oscillated,-1,False,10,19,1.9
bifurc,even_odd,_todd19,2,0.2,5,86a1,2b4,True,49,spurious,-1,False,10,19,1.9
bifurc,even_odd,_todd19,2,0.2,9,8b00,359,True,49,spurious,-1,False,10,19,1.9
bifurc,even_odd,_todd19,2,0.2,1,a6b7,a6b6,True,11,correct,2,True,10,19,1.9
bifurc,even_odd,_todd19,2,0.2,1,a6be,a6b6,True,20,correct,2,True,10,19,1.9
bifurc,even_odd,_todd19,2,0.2,5,276,42f8,True,50,spurious,-1,False,10,19,1.9
bifurc,even_odd,_todd19,2,0.2,2,26b4,2b4,True,49,spurious,-1,False,10,19,1.9
bifurc,even_odd,_todd19,2,0.2,2,a694,a6b6,True,20,correct,2,True,10,19,1.9
bifurc,even_odd,_todd19,2,0.2,5,624,2b4,True,20,spurious,-1,False,10,19,1.9
bifurc,even_odd,_todd19,2,0.2,5,6fb7,beb6,False,1316,oscillated,-1,False,10,19,1.9
bifurc,even_odd,_todd19,2,0.2,5,3232,e6fa,True,50,spurious,-1,False,10,19,1.9
bifurc,even_odd,_todd19,2,0.2,1,a6be,a6b6,True,20,correct,2,True,10,19,1.9
bifurc,even_odd,_todd19,2,0.2,1,aeb6,beb6,False,1316,oscillated,-1,False,10,19,1.9
bifurc,even_odd,_todd19,2,0.2,3,34b6,fca6,True,41,wrong_pattern,0,False,10,19,1.9
bifurc,even_odd,_todd19,2,0.2,3,27f6,a6b6,True,20,correct,2,True,10,19,1.9
bifurc,even_odd,_todd19,2,0.2,3,26f2,a6b6,True,31,correct,2,True,10,19,1.9
bifurc,even_odd,_todd19,2,0.2,3,b6e6,a6b6,True,40,correct,2,True,10,19,1.9
bifurc,even_odd,_todd19,2,0.2,3,a6d4,a6b6,True,20,correct,2,True,10,19,1.9
bifurc,even_odd,_todd19,2,0.2,1,a6b2,a6b6,True,11,correct,2,True,10,19,1.9
bifurc,even_odd,_todd19,2,0.2,2,a69e,a6b6,True,20,correct,2,True,10,19,1.9
bifurc,even_odd,_todd19,2,0.2,3,87a6,a6b6,True,20,correct,2,True,10,19,1.9
bifurc,even_odd,_todd19,2,0.2,1,a6be,a6b6,True,20,correct,2,True,10,19,1.9
bifurc,even_odd,_todd19,2,0.2,0,a6b6,a6b6,True,0,correct,2,True,10,19,1.9
bifurc,even_odd,_todd19,2,0.2,4,b0f6,fca6,True,41,wrong_pattern,0,False,10,19,1.9
bifurc,even_odd,_todd19,2,0.2,7,94df,a75b,True,79,spurious,-1,False,10,19,1.9
bifurc,even_odd,_todd19,2,0.2,2,a6b0,a6b6,True,20,correct,2,True,10,19,1.9
bifurc,even_odd,_todd19,2,0.2,5,6635,359,True,69,spurious,-1,False,10,19,1.9
bifurc,even_odd,_todd19,2,0.2,3,36b2,a6b6,True,21,correct,2,True,10,19,1.9
bifurc,even_odd,_todd19,2,0.2,5,e433,a75b,True,50,spurious,-1,False,10,19,1.9
bifurc,even_odd,_todd19,2,0.2,3,a6b8,e6fa,True,31,spurious,-1,False,10,19,1.9
bifurc,even_odd,_todd19,2,0.2,7,c70e,a75b,True,30,spurious,-1,False,10,19,1.9
bifurc,even_odd,_todd19,2,0.2,3,a6e4,a6b6,True,21,correct,2,True,10,19,1.9
bifurc,even_odd,_todd19,2,0.2,1,a4b6,fca6,True,41,wrong_pattern,0,False,10,19,1.9
bifurc,even_odd,_todd19,2,0.2,3,a6f5,a6b6,True,20,correct,2,True,10,19,1.9
bifurc,even_odd,_todd19,2,0.2,2,26be,a6b6,True,20,correct,2,True,10,19,1.9
bifurc,even_odd,_todd19,2,0.2,3,a6e7,a6b6,True,11,correct,2,True,10,19,1.9
bifurc,even_odd,_todd19,2,0.2,2,aef6,a6b6,True,30,correct,2,True,10,19,1.9
bifurc,even_odd,_todd19,2,0.2,3,b2a6,a6b6,True,40,correct,2,True,10,19,1.9
bifurc,even_odd,_todd19,2,0.2,3,c6b7,a6b6,True,20,correct,2,True,10,19,1.9
bifurc,even_odd,_todd19,2,0.2,4,2486,fca6,True,40,wrong_pattern,0,False,10,19,1.9
bifurc,even_odd,_todd19,2,0.2,2,86b2,a6b6,True,20,correct,2,True,10,19,1.9
bifurc,even_odd,_todd19,2,0.2,4,ecf6,fca6,True,11,wrong_pattern,0,False,10,19,1.9
bifurc,even_odd,_todd19,2,0.2,1,a6f6,a6b6,True,11,correct,2,True,10,19,1.9
bifurc,even_odd,_todd19,2,0.2,4,9ea6,fca6,True,21,wrong_pattern,0,False,10,19,1.9
bifurc,even_odd,_todd19,2,0.2,4,a0f2,fca6,True,70,wrong_pattern,0,False,10,19,1.9
bifurc,even_odd,_todd19,2,0.2,4,33b6,a6b6,True,69,correct,2,True,10,19,1.9
bifurc,even_odd,_todd19,2,0.2,6,9282,a6b6,True,69,correct,2,True,10,19,1.9
bifurc,even_odd,_todd19,2,0.2,4,e2a4,fca6,True,49,wrong_pattern,0,False,10,19,1.9
bifurc,even_odd,_todd19,2,0.2,2,86a6,a6b6,True,21,correct,2,True,10,19,1.9
bifurc,even_odd,_todd19,2,0.2,3,2ef6,a6b6,True,30,correct,2,True,10,19,1.9
bifurc,even_odd,_todd19,2,0.2,2,aebe,a6b6,True,30,correct,2,True,10,19,1.9
bifurc,even_odd,_todd19,2,0.2,4,2ee6,fca6,True,41,wrong_pattern,0,False,10,19,1.9
bifurc,even_odd,_todd19,2,0.2,2,87b6,a6b6,True,20,correct,2,True,10,19,1.9
bifurc,even_odd,_todd19,2,0.2,5,25ba,e6fa,True,31,spurious,-1,False,10,19,1.9
bifurc,even_odd,_todd19,2,0.2,2,86a6,a6b6,True,21,correct,2,True,10,19,1.9
bifurc,even_odd,_todd19,2,0.2,4,bab2,a6b6,True,30,correct,2,True,10,19,1.9
bifurc,even_odd,_todd19,2,0.2,4,a7f5,a6b6,True,30,correct,2,True,10,19,1.9
bifurc,even_odd,_todd19,2,0.2,4,e624,e6fa,True,40,spurious,-1,False,10,19,1.9
bifurc,even_odd,_todd19,2,0.2,4,60b6,fca6,True,49,wrong_pattern,0,False,10,19,1.9
bifurc,even_odd,_todd19,3,0.2,3,dd03,bd07,True,31,correct,3,True,10,19,1.9
bifurc,even_odd,_todd19,3,0.2,3,fd04,bd07,True,30,correct,3,True,10,19,1.9
bifurc,even_odd,_todd19,3,0.2,3,9d45,1905,True,49,spurious,-1,False,10,19,1.9
bifurc,even_odd,_todd19,3,0.2,7,88f,58a4,True,50,spurious,-1,False,10,19,1.9
bifurc,even_odd,_todd19,3,0.2,2,fd0f,fd4b,True,31,spurious,-1,False,10,19,1.9
bifurc,even_odd,_todd19,3,0.2,6,1845,1905,True,21,spurious,-1,False,10,19,1.9
bifurc,even_odd,_todd19,3,0.2,6,8963,fd4b,True,69,spurious,-1,False,10,19,1.9
bifurc,even_odd,_todd19,3,0.2,2,b587,bf97,True,39,spurious,-1,False,10,19,1.9
bifurc,even_odd,_todd19,3,0.2,2,ad06,bd07,True,11,correct,3,True,10,19,1.9
bifurc,even_odd,_todd19,3,0.2,3,390f,bd07,True,49,correct,3,True,10,19,1.9
bifurc,even_odd,_todd19,3,0.2,1,bd47,bd07,True,11,correct,3,True,10,19,1.9
bifurc,even_odd,_todd19,3,0.2,3,f517,bd07,True,30,correct,3,True,10,19,1.9
bifurc,even_odd,_todd19,3,0.2,3,ad85,bf97,True,39,spurious,-1,False,10,19,1.9
bifurc,even_odd,_todd19,3,0.2,5,cd1f,fd4b,True,40,spurious,-1,False,10,19,1.9
bifurc,even_odd,_todd19,3,0.2,2,b503,a75b,True,40,spurious,-1,False,10,19,1.9
bifurc,even_odd,_todd19,3,0.2,3,bc26,fca6,True,20,wrong_pattern,0,False,10,19,1.9
bifurc,even_odd,_todd19,3,0.2,2,a907,bd07,True,11,correct,3,True,10,19,1.9
bifurc,even_odd,_todd19,3,0.2,4,9d55,1905,True,69,spurious,-1,False,10,19,1.9
bifurc,even_odd,_todd19,3,0.2,3,ad86,fca6,True,70,wrong_pattern,0,False,10,19,1.9
bifurc,even_odd,_todd19,3,0.2,3,f547,fd4b,True,60,spurious,-1,False,10,19,1.9
bifurc,even_odd,_todd19,3,0.2,2,b503,a75b,True,40,spurious,-1,False,10,19,1.9
bifurc,even_odd,_todd19,3,0.2,4,bf2d,a797,True,69,spurious,-1,False,10,19,1.9
bifurc,even_odd,_todd19,3,0.2,2,bc05,bd07,True,20,correct,3,True,10,19,1.9
bifurc,even_odd,_todd19,3,0.2,6,fccd,fd22,False,1316,oscillated,-1,False,10,19,1.9
bifurc,even_odd,_todd19,3,0.2,4,e506,a75b,True,70,spurious,-1,False,10,19,1.9
bifurc,even_odd,_todd19,3,0.2,4,9d12,bd07,True,40,correct,3,True,10,19,1.9
bifurc,even_odd,_todd19,3,0.2,2,fd05,bd07,True,20,correct,3,True,10,19,1.9
bifurc,even_odd,_todd19,3,0.2,3,1d17,1905,True,69,spurious,-1,False,10,19,1.9
bifurc,even_odd,_todd19,3,0.2,5,1b47,1b15,False,1316,oscillated,-1,False,10,19,1.9
bifurc,even_odd,_todd19,3,0.2,3,be87,fca6,True,49,wrong_pattern,0,False,10,19,1.9
bifurc,even_odd,_todd19,3,0.2,5,f113,a75b,True,40,spurious,-1,False,10,19,1.9
bifurc,even_odd,_todd19,3,0.2,5,b34f,a75b,True,11,spurious,-1,False,10,19,1.9
bifurc,even_odd,_todd19,3,0.2,1,b507,bd07,True,20,correct,3,True,10,19,1.9
bifurc,even_odd,_todd19,3,0.2,5,e901,bd07,True,50,correct,3,True,10,19,1.9
bifurc,even_odd,_todd19,3,0.2,2,9d03,bd07,True,20,correct,3,True,10,19,1.9
bifurc,even_odd,_todd19,3,0.2,4,ff45,bd07,True,31,correct,3,True,10,19,1.9
bifurc,even_odd,_todd19,3,0.2,3,b50b,a75b,True,41,spurious,-1,False,10,19,1.9
bifurc,even_odd,_todd19,3,0.2,4,b536,fca6,True,79,wrong_pattern,0,False,10,19,1.9
bifurc,even_odd,_todd19,3,0.2,1,bd17,bd07,True,11,correct,3,True,10,19,1.9
bifurc,even_odd,_todd19,3,0.2,5,3596,a6b6,True,40,wrong_pattern,2,False,10,19,1.9
bifurc,even_odd,_todd19,3,0.2,3,ba07,bf17,False,1316,oscillated,-1,False,10,19,1.9
bifurc,even_odd,_todd19,3,0.2,4,a847,fd4b,True,79,spurious,-1,False,10,19,1.9
bifurc,even_odd,_todd19,3,0.2,2,b547,a75b,True,40,spurious,-1,False,10,19,1.9
bifurc,even_odd,_todd19,3,0.2,2,9d03,bd07,True,20,correct,3,True,10,19,1.9
bifurc,even_odd,_todd19,3,0.2,2,b107,bd07,True,20,correct,3,True,10,19,1.9
bifurc,even_odd,_todd19,3,0.2,3,bc97,fca6,True,39,wrong_pattern,0,False,10,19,1.9
bifurc,even_odd,_todd19,3,0.2,4,b44f,e54b,False,1316,oscillated,-1,False,10,19,1.9
bifurc,even_odd,_todd19,3,0.2,6,f7a3,a6b6,True,11,wrong_pattern,2,False,10,19,1.9
bifurc,even_odd,_todd19,3,0.2,3,9587,bf97,True,39,spurious,-1,False,10,19,1.9
bifurc,even_odd,_todd19,3,0.2,3,ad67,bd07,True,61,correct,3,True,10,19,1.9
bifurc,even_odd,_todd19,3,0.2,4,be0b,fd4b,True,60,spurious,-1,False,10,19,1.9
bifurc,even_odd,_todd19,3,0.2,4,7c06,fca6,True,49,wrong_pattern,0,False,10,19,1.9
bifurc,even_odd,_todd19,3,0.2,2,bd15,bd07,True,40,correct,3,True,10,19,1.9
bifurc,even_odd,_todd19,3,0.2,2,a507,bf97,True,39,spurious,-1,False,10,19,1.9
bifurc,even_odd,_todd19,3,0.2,3,b406,fca6,True,49,wrong_pattern,0,False,10,19,1.9
bifurc,even_odd,_todd19,3,0.2,3,b805,bd07,True,49,correct,3,True,10,19,1.9
bifurc,even_odd,_todd19,3,0.2,4,b047,a75b,True,40,spurious,-1,False,10,19,1.9
bifurc,even_odd,_todd19,3,0.2,5,b91c,bd07,True,69,correct,3,True,10,19,1.9
bifurc,even_odd,_todd19,3,0.2,3,3517,bf97,True,40,spurious,-1,False,10,19,1.9
bifurc,even_odd,_todd19,3,0.2,2,bd57,bd07,True,11,correct,3,True,10,19,1.9
bifurc,even_odd,_todd19,3,0.2,1,bc07,bd07,True,11,correct,3,True,10,19,1.9
bifurc,even_odd,_todd19,3,0.2,4,bd52,bd07,True,41,correct,3,True,10,19,1.9
bifurc,even_odd,_todd19,3,0.2,4,1903,1905,True,20,spurious,-1,False,10,19,1.9
bifurc,even_odd,_todd19,3,0.2,2,bd0e,bd07,True,30,correct,3,True,10,19,1.9
bifurc,even_odd,_todd19,3,0.2,3,b567,a75b,True,40,spurious,-1,False,10,19,1.9
bifurc,even_odd,_todd19,3,0.2,4,1da7,58a4,True,59,spurious,-1,False,10,19,1.9
bifurc,even_odd,_todd19,3,0.2,3,f707,bd07,True,30,correct,3,True,10,19,1.9
bifurc,even_odd,_todd19,3,0.2,2,b707,a797,True,69,spurious,-1,False,10,19,1.9
bifurc,even_odd,_todd19,3,0.2,5,9de6,fca6,True,30,wrong_pattern,0,False,10,19,1.9
bifurc,even_odd,_todd19,3,0.2,1,3d07,bd07,True,20,correct,3,True,10,19,1.9
bifurc,even_odd,_todd19,3,0.2,7,6c0c,5949,True,69,spurious,-1,False,10,19,1.9
bifurc,even_odd,_todd19,3,0.2,4,e707,a75b,True,31,spurious,-1,False,10,19,1.9
bifurc,even_odd,_todd19,3,0.2,3,3d16,bd07,True,40,correct,3,True,10,19,1.9
bifurc,even_odd,_todd19,3,0.2,3,bd24,fca6,True,49,wrong_pattern,0,False,10,19,1.9
bifurc,even_odd,_todd19,3,0.2,4,3c16,fca6,True,78,wrong_pattern,0,False,10,19,1.9
bifurc,even_odd,_todd19,3,0.2,3,bdb7,fca6,True,31,wrong_pattern,0,False,10,19,1.9
bifurc,even_odd,_todd19,3,0.2,1,b907,bd07,True,11,correct,3,True,10,19,1.9
bifurc,even_odd,_todd19,3,0.2,0,bd07,bd07,True,0,correct,3,True,10,19,1.9
bifurc,even_odd,_todd19,3,0.2,3,9c05,1905,True,49,spurious,-1,False,10,19,1.9
bifurc,even_odd,_todd19,3,0.2,3,3d8f,bd07,True,30,correct,3,True,10,19,1.9
bifurc,even_odd,_todd19,0,0.4,4,dc34,58a4,True,49,spurious,-1,False,10,19,1.9
bifurc,even_odd,_todd19,0,0.4,6,ca87,fca6,True,49,correct,0,True,10,19,1.9
bifurc,even_odd,_todd19,0,0.4,5,7af6,fca6,True,49,correct,0,True,10,19,1.9
bifurc,even_odd,_todd19,0,0.4,3,fc37,fca6,True,50,correct,0,True,10,19,1.9
bifurc,even_odd,_todd19,0,0.4,4,d4aa,fca6,True,30,correct,0,True,10,19,1.9
bifurc,even_odd,_todd19,0,0.4,6,5d8c,58a4,True,68,spurious,-1,False,10,19,1.9
bifurc,even_odd,_todd19,0,0.4,5,b807,bd07,True,11,wrong_pattern,3,False,10,19,1.9
bifurc,even_odd,_todd19,0,0.4,9,b21f,a75b,True,11,spurious,-1,False,10,19,1.9
bifurc,even_odd,_todd19,0,0.4,5,6d82,fca6,True,50,correct,0,True,10,19,1.9
bifurc,even_odd,_todd19,0,0.4,7,b8cb,fca6,True,68,correct,0,True,10,19,1.9
bifurc,even_odd,_todd19,0,0.4,6,6e64,58a4,True,49,spurious,-1,False,10,19,1.9
bifurc,even_odd,_todd19,0,0.4,5,de8f,fca6,True,30,correct,0,True,10,19,1.9
bifurc,even_odd,_todd19,0,0.4,5,d52e,fd4b,True,59,spurious,-1,False,10,19,1.9
bifurc,even_odd,_todd19,0,0.4,8,6af3,fca6,True,60,correct,0,True,10,19,1.9
bifurc,even_odd,_todd19,0,0.4,6,9ce8,58a4,True,49,spurious,-1,False,10,19,1.9
bifurc,even_odd,_todd19,0,0.4,7,a481,a6b6,True,50,wrong_pattern,2,False,10,19,1.9
bifurc,even_odd,_todd19,0,0.4,7,ccda,fc6a,True,69,spurious,-1,False,10,19,1.9
bifurc,even_odd,_todd19,0,0.4,6,703e,fca6,True,49,correct,0,True,10,19,1.9
bifurc,even_odd,_todd19,0,0.4,5,df66,fc8b,False,1316,oscillated,-1,False,10,19,1.9
bifurc,even_odd,_todd19,0,0.4,9,4693,2b4,True,49,spurious,-1,False,10,19,1.9
bifurc,even_odd,_todd19,0,0.4,8,1f25,1b15,False,1316,oscillated,-1,False,10,19,1.9
bifurc,even_odd,_todd19,0,0.4,8,7b2b,fd4b,True,49,spurious,-1,False,10,19,1.9
bifurc,even_odd,_todd19,0,0.4,6,64e3,fc6a,True,20,spurious,-1,False,10,19,1.9
bifurc,even_odd,_todd19,0,0.4,3,bc8e,fca6,True,30,correct,0,True,10,19,1.9
bifurc,even_odd,_todd19,0,0.4,4,f527,bd07,True,30,wrong_pattern,3,False,10,19,1.9
bifurc,even_odd,_todd19,0,0.4,2,fca5,fca6,True,20,correct,0,True,10,19,1.9
bifurc,even_odd,_todd19,0,0.4,5,b984,fca6,True,50,correct,0,True,10,19,1.9
bifurc,even_odd,_todd19,0,0.4,9,c730,359,True,69,spurious,-1,False,10,19,1.9
bifurc,even_odd,_todd19,0,0.4,6,98e5,58a4,True,30,spurious,-1,False,10,19,1.9
bifurc,even_odd,_todd19,0,0.4,8,754c,5949,True,49,spurious,-1,False,10,19,1.9
bifurc,even_odd,_todd19,0,0.4,5,b825,fca6,True,49,correct,0,True,10,19,1.9
bifurc,even_odd,_todd19,0,0.4,7,a1e7,a6b6,True,59,wrong_pattern,2,False,10,19,1.9
bifurc,even_odd,_todd19,0,0.4,7,958a,a75b,True,79,spurious,-1,False,10,19,1.9
bifurc,even_odd,_todd19,0,0.4,9,307c,4068,True,69,spurious,-1,False,10,19,1.9
bifurc,even_odd,_todd19,0,0.4,4,d0a7,fca6,True,49,correct,0,True,10,19,1.9
bifurc,even_odd,_todd19,0,0.4,4,fe2c,fca6,True,49,correct,0,True,10,19,1.9
bifurc,even_odd,_todd19,0,0.4,5,ff16,bd07,True,30,wrong_pattern,3,False,10,19,1.9
bifurc,even_odd,_todd19,0,0.4,7,8ee,58a4,True,50,spurious,-1,False,10,19,1.9
bifurc,even_odd,_todd19,0,0.4,7,6c89,5964,False,1316,oscillated,-1,False,10,19,1.9
bifurc,even_odd,_todd19,0,0.4,8,9a03,bf17,False,1316,oscillated,-1,False,10,19,1.9
bifurc,even_odd,_todd19,0,0.4,7,a828,fc6a,True,69,spurious,-1,False,10,19,1.9
bifurc,even_odd,_todd19,0,0.4,6,f44c,fd4b,True,30,spurious,-1,False,10,19,1.9
bifurc,even_odd,_todd19,0,0.4,6,5db0,58a4,True,11,spurious,-1,False,10,19,1.9
bifurc,even_odd,_todd19,0,0.4,7,1d94,58a4,True,39,spurious,-1,False,10,19,1.9
bifurc,even_odd,_todd19,0,0.4,6,a587,bf97,True,39,spurious,-1,False,10,19,1.9
bifurc,even_odd,_todd19,0,0.4,11,4231,359,True,68,spurious,-1,False,10,19,1.9
bifurc,even_odd,_todd19,0,0.4,5,8cb2,fca6,True,41,correct,0,True,10,19,1.9
bifurc,even_odd,_todd19,0,0.4,6,ef67,bfc3,False,1316,oscillated,-1,False,10,19,1.9
bifurc,even_odd,_todd19,0,0.4,6,bdcf,bd07,True,30,wrong_pattern,3,False,10,19,1.9
bifurc,even_odd,_todd19,0,0.4,5,d4a8,58a4,True,49,spurious,-1,False,10,19,1.9
bifurc,even_odd,_todd19,0,0.4,5,dee5,58a4,True,49,spurious,-1,False,10,19,1.9
bifurc,even_odd,_todd19,0,0.4,6,2d66,fd4b,True,39,spurious,-1,False,10,19,1.9
bifurc,even_odd,_todd19,0,0.4,7,3d88,58a4,True,69,spurious,-1,False,10,19,1.9
bifurc,even_odd,_todd19,0,0.4,9,4f12,1bc1,False,1316,oscillated,-1,False,10,19,1.9
bifurc,even_odd,_todd19,0,0.4,5,fb22,fccf,False,1316,oscillated,-1,False,10,19,1.9
bifurc,even_odd,_todd19,0,0.4,7,f1d7,bf97,True,40,spurious,-1,False,10,19,1.9
bifurc,even_odd,_todd19,0,0.4,6,de2b,fd4b,True,50,spurious,-1,False,10,19,1.9
bifurc,even_odd,_todd19,0,0.4,5,78c7,fca6,True,50,correct,0,True,10,19,1.9
bifurc,even_odd,_todd19,0,0.4,7,6aa8,58a4,True,31,spurious,-1,False,10,19,1.9
bifurc,even_odd,_todd19,0,0.4,7,72ab,fca6,True,78,correct,0,True,10,19,1.9
bifurc,even_odd,_todd19,0,0.4,6,d28e,fca6,True,49,correct,0,True,10,19,1.9
bifurc,even_odd,_todd19,0,0.4,5,9c34,58a4,True,49,spurious,-1,False,10,19,1.9
bifurc,even_odd,_todd19,0,0.4,9,e05c,a75b,True,60,spurious,-1,False,10,19,1.9
bifurc,even_odd,_todd19,0,0.4,7,d542,fd4b,True,20,spurious,-1,False,10,19,1.9
bifurc,even_odd,_todd19,0,0.4,6,5dea,5868,True,49,spurious,-1,False,10,19,1.9
bifurc,even_odd,_todd19,0,0.4,7,f2cc,a6b6,True,79,wrong_pattern,2,False,10,19,1.9
bifurc,even_odd,_todd19,0,0.4,8,80f4,58a4,True,41,spurious,-1,False,10,19,1.9
bifurc,even_odd,_todd19,0,0.4,8,95c5,395,True,69,spurious,-1,False,10,19,1.9
bifurc,even_odd,_todd19,0,0.4,7,b3b7,a6b6,True,11,wrong_pattern,2,False,10,19,1.9
bifurc,even_odd,_todd19,0,0.4,5,d726,fca6,True,59,correct,0,True,10,19,1.9
bifurc,even_odd,_todd19,0,0.4,8,d7f0,2b4,True,50,spurious,-1,False,10,19,1.9
bifurc,even_odd,_todd19,0,0.4,11,3079,359,True,49,spurious,-1,False,10,19,1.9
bifurc,even_odd,_todd19,0,0.4,6,3fa3,fca6,True,40,correct,0,True,10,19,1.9
bifurc,even_odd,_todd19,0,0.4,9,33ce,e6fa,True,60,spurious,-1,False,10,19,1.9
bifurc,even_odd,_todd19,0,0.4,7,5c4c,5949,True,11,spurious,-1,False,10,19,1.9
bifurc,even_odd,_todd19,0,0.4,4,d1a6,fca6,True,49,correct,0,True,10,19,1.9
bifurc,even_odd,_todd19,0,0.4,6,94ec,403c,False,1316,oscillated,-1,False,10,19,1.9
bifurc,even_odd,_todd19,0,0.4,6,b59e,a6b6,True,69,wrong_pattern,2,False,10,19,1.9
bifurc,even_odd,_todd19,0,0.4,8,799d,1905,True,20,spurious,-1,False,10,19,1.9
bifurc,even_odd,_todd19,0,0.4,6,6ce8,5868,True,69,spurious,-1,False,10,19,1.9
bifurc,even_odd,_todd19,1,0.4,9,b152,a75b,True,30,spurious,-1,False,10,19,1.9
bifurc,even_odd,_todd19,1,0.4,7,4b4f,359,True,41,spurious,-1,False,10,19,1.9
bifurc,even_odd,_todd19,1,0.4,7,83fc,2b4,True,30,spurious,-1,False,10,19,1.9
bifurc,even_odd,_todd19,1,0.4,9,fef9,e46a,True,39,spurious,-1,False,10,19,1.9
bifurc,even_odd,_todd19,1,0.4,7,adb4,fca6,True,41,wrong_pattern,0,False,10,19,1.9
bifurc,even_odd,_todd19,1,0.4,5,3980,58a4,True,50,spurious,-1,False,10,19,1.9
bifurc,even_odd,_todd19,1,0.4,7,29e4,58a4,True,31,spurious,-1,False,10,19,1.9
bifurc,even_odd,_todd19,1,0.4,7,ddcd,1905,True,50,spurious,-1,False,10,19,1.9
bifurc,even_odd,_todd19,1,0.4,7,8854,1b85,False,1316,oscillated,-1,False,10,19,1.9
bifurc,even_odd,_todd19,1,0.4,7,3d00,1905,True,49,spurious,-1,False,10,19,1.9
bifurc,even_odd,_todd19,1,0.4,7,5d4d,5949,True,11,spurious,-1,False,10,19,1.9
bifurc,even_odd,_todd19,1,0.4,5,9389,359,True,49,spurious,-1,False,10,19,1.9
bifurc,even_odd,_todd19,1,0.4,8,36bb,e6fa,True,31,spurious,-1,False,10,19,1.9
bifurc,even_odd,_todd19,1,0.4,10,22fa,e6fa,True,49,spurious,-1,False,10,19,1.9
bifurc,even_odd,_todd19,1,0.4,5,1c1d,1905,True,40,spurious,-1,False,10,19,1.9
bifurc,even_odd,_todd19,1,0.4,10,f51e,a75b,True,41,spurious,-1,False,10,19,1.9
bifurc,even_odd,_todd19,1,0.4,9,2d20,5949,True,49,spurious,-1,False,10,19,1.9
bifurc,even_odd,_todd19,1,0.4,5,d19d,395,True,40,spurious,-1,False,10,19,1.9
bifurc,even_odd,_todd19,1,0.4,4,5db5,58a4,True,30,spurious,-1,False,10,19,1.9
bifurc,even_odd,_todd19,1,0.4,9,8677,a79a,False,1316,oscillated,-1,False,10,19,1.9
bifurc,even_odd,_todd19,1,0.4,5,5814,1905,True,11,spurious,-1,False,10,19,1.9
bifurc,even_odd,_todd19,1,0.4,6,1cd6,58a4,True,49,spurious,-1,False,10,19,1.9
bifurc,even_odd,_todd19,1,0.4,5,d2d5,2b4,True,40,spurious,-1,False,10,19,1.9
bifurc,even_odd,_todd19,1,0.4,5,18df,58a4,True,69,spurious,-1,False,10,19,1.9
bifurc,even_odd,_todd19,1,0.4,9,356d,4149,False,1316,oscillated,-1,False,10,19,1.9
bifurc,even_odd,_todd19,1,0.4,7,528b,359,True,108,spurious,-1,False,10,19,1.9
bifurc,even_odd,_todd19,1,0.4,8,d979,5949,True,20,spurious,-1,False,10,19,1.9
bifurc,even_odd,_todd19,1,0.4,6,5d57,1905,True,50,spurious,-1,False,10,19,1.9
bifurc,even_odd,_todd19,1,0.4,4,3b13,a797,True,49,spurious,-1,False,10,19,1.9
bifurc,even_odd,_todd19,1,0.4,5,5591,1b95,True,40,correct,1,True,10,19,1.9
bifurc,even_odd,_todd19,1,0.4,9,a821,fd4b,True,49,spurious,-1,False,10,19,1.9
bifurc,even_odd,_todd19,1,0.4,5,b381,a797,True,69,spurious,-1,False,10,19,1.9
bifurc,even_odd,_todd19,1,0.4,2,b97,1b95,True,40,correct,1,True,10,19,1.9
bifurc,even_odd,_todd19,1,0.4,6,5b3b,359,True,70,spurious,-1,False,10,19,1.9
bifurc,even_odd,_todd19,1,0.4,5,3bd2,a6b6,True,59,wrong_pattern,2,False,10,19,1.9
bifurc,even_odd,_todd19,1,0.4,6,72c5,2b4,True,40,spurious,-1,False,10,19,1.9
bifurc,even_odd,_todd19,1,0.4,10,ee2d,a75b,True,50,spurious,-1,False,10,19,1.9
bifurc,even_odd,_todd19,1,0.4,9,eeb,42f8,True,49,spurious,-1,False,10,19,1.9
bifurc,even_odd,_todd19,1,0.4,4,da15,1905,True,30,spurious,-1,False,10,19,1.9
bifurc,even_odd,_todd19,1,0.4,2,1b05,1b15,False,1316,oscillated,-1,False,10,19,1.9
bifurc,even_odd,_todd19,1,0.4,10,b406,fca6,True,49,wrong_pattern,0,False,10,19,1.9
bifurc,even_odd,_todd19,1,0.4,6,bd84,fca6,True,50,wrong_pattern,0,False,10,19,1.9
bifurc,even_odd,_todd19,1,0.4,7,3a3b,e6fa,True,69,spurious,-1,False,10,19,1.9
bifurc,even_odd,_todd19,1,0.4,6,39fc,58a4,True,30,spurious,-1,False,10,19,1.9
bifurc,even_odd,_todd19,1,0.4,7,853,359,True,49,spurious,-1,False,10,19,1.9
bifurc,even_odd,_todd19,1,0.4,6,d714,1b95,True,49,correct,1,True,10,19,1.9
bifurc,even_odd,_todd19,1,0.4,7,7eb6,fca6,True,20,wrong_pattern,0,False,10,19,1.9
bifurc,even_odd,_todd19,1,0.4,7,22b0,2b4,True,20,spurious,-1,False,10,19,1.9
bifurc,even_odd,_todd19,1,0.4,5,5307,1905,True,30,spurious,-1,False,10,19,1.9
bifurc,even_odd,_todd19,1,0.4,6,bdbd,fca6,True,40,wrong_pattern,0,False,10,19,1.9
bifurc,even_odd,_todd19,1,0.4,6,a955,a75b,True,78,spurious,-1,False,10,19,1.9
bifurc,even_odd,_todd19,1,0.4,7,55bc,58a4,True,31,spurious,-1,False,10,19,1.9
bifurc,even_odd,_todd19,1,0.4,6,5751,359,True,41,spurious,-1,False,10,19,1.9
bifurc,even_odd,_todd19,1,0.4,8,784d,5949,True,20,spurious,-1,False,10,19,1.9
bifurc,even_odd,_todd19,1,0.4,6,fd2,2b4,True,59,spurious,-1,False,10,19,1.9
bifurc,even_odd,_todd19,1,0.4,4,939c,2b4,True,30,spurious,-1,False,10,19,1.9
bifurc,even_odd,_todd19,1,0.4,4,99b7,fca6,True,49,wrong_pattern,0,False,10,19,1.9
bifurc,even_odd,_todd19,1,0.4,7,f7bd,a6b6,True,40,wrong_pattern,2,False,10,19,1.9
bifurc,even_odd,_todd19,1,0.4,8,394b,fd4b,True,49,spurious,-1,False,10,19,1.9
bifurc,even_odd,_todd19,1,0.4,6,5fe7,58a4,True,49,spurious,-1,False,10,19,1.9
bifurc,even_odd,_todd19,1,0.4,8,8a2,58a4,True,41,spurious,-1,False,10,19,1.9
bifurc,even_odd,_todd19,1,0.4,7,f9d0,fca6,True,69,wrong_pattern,0,False,10,19,1.9
bifurc,even_odd,_todd19,1,0.4,5,d2b5,2b4,True,40,spurious,-1,False,10,19,1.9
bifurc,even_odd,_todd19,1,0.4,4,381,395,True,11,spurious,-1,False,10,19,1.9
bifurc,even_odd,_todd19,1,0.4,4,b195,a797,True,69,spurious,-1,False,10,19,1.9
bifurc,even_odd,_todd19,1,0.4,8,c5f,359,True,49,spurious,-1,False,10,19,1.9
bifurc,even_odd,_todd19,1,0.4,5,211,359,True,50,spurious,-1,False,10,19,1.9
bifurc,even_odd,_todd19,1,0.4,11,6c40,5949,True,49,spurious,-1,False,10,19,1.9
bifurc,even_odd,_todd19,1,0.4,5,ac1,58a4,True,70,spurious,-1,False,10,19,1.9
bifurc,even_odd,_todd19,1,0.4,4,3a11,395,True,20,spurious,-1,False,10,19,1.9
bifurc,even_odd,_todd19,1,0.4,4,8b55,359,True,30,spurious,-1,False,10,19,1.9
bifurc,even_odd,_todd19,1,0.4,5,7f17,bd07,True,30,wrong_pattern,3,False,10,19,1.9
bifurc,even_odd,_todd19,1,0.4,9,69f2,fca6,True,59,wrong_pattern,0,False,10,19,1.9
bifurc,even_odd,_todd19,1,0.4,6,9fed,58a4,True,60,spurious,-1,False,10,19,1.9
bifurc,even_odd,_todd19,1,0.4,4,4b11,1bc1,False,1316,oscillated,-1,False,10,19,1.9
bifurc,even_odd,_todd19,1,0.4,7,e31d,a75b,True,49,spurious,-1,False,10,19,1.9
bifurc,even_odd,_todd19,1,0.4,7,a916,bd07,True,11,wrong_pattern,3,False,10,19,1.9
bifurc,even_odd,_todd19,1,0.4,6,1865,1905,True,49,spurious,-1,False,10,19,1.9
bifurc,even_odd,_todd19,1,0.4,6,29b0,58a4,True,41,spurious,-1,False,10,19,1.9
bifurc,even_odd,_todd19,1,0.4,6,5c05,1905,True,11,spurious,-1,False,10,19,1.9
bifurc,even_odd,_todd19,2,0.4,5,b3b3,a6b6,True,11,correct,2,True,10,19,1.9
bifurc,even_odd,_todd19,2,0.4,5,eab0,fca6,True,50,wrong_pattern,0,False,10,19,1.9
bifurc,even_odd,_todd19,2,0.4,7,bcfb,fca6,True,31,wrong_pattern,0,False,10,19,1.9
bifurc,even_odd,_todd19,2,0.4,6,6cbc,58a4,True,49,spurious,-1,False,10,19,1.9
bifurc,even_odd,_todd19,2,0.4,6,23ff,a6b6,True,59,correct,2,True,10,19,1.9
bifurc,even_odd,_todd19,2,0.4,9,459d,359,True,30,spurious,-1,False,10,19,1.9
bifurc,even_odd,_todd19,2,0.4,9,8a51,359,True,20,spurious,-1,False,10,19,1.9
bifurc,even_odd,_todd19,2,0.4,5,ae8a,fca6,True,50,wrong_pattern,0,False,10,19,1.9
bifurc,even_odd,_todd19,2,0.4,5,b7e4,a6b6,True,40,correct,2,True,10,19,1.9
bifurc,even_odd,_todd19,2,0.4,3,86b3,a6b6,True,20,correct,2,True,10,19,1.9
bifurc,even_odd,_todd19,2,0.4,7,af,42f8,True,39,spurious,-1,False,10,19,1.9
bifurc,even_odd,_todd19,2,0.4,9,f289,a75b,True,108,spurious,-1,False,10,19,1.9
bifurc,even_odd,_todd19,2,0.4,7,b3ad,a6b6,True,69,correct,2,True,10,19,1.9
bifurc,even_odd,_todd19,2,0.4,7,f2d5,a6b6,True,69,correct,2,True,10,19,1.9
bifurc,even_odd,_todd19,2,0.4,8,e1d3,a75b,True,30,spurious,-1,False,10,19,1.9
bifurc,even_odd,_todd19,2,0.4,4,e2a4,fca6,True,49,wrong_pattern,0,False,10,19,1.9
bifurc,even_odd,_todd19,2,0.4,7,57a7,58a4,True,59,spurious,-1,False,10,19,1.9
bifurc,even_odd,_todd19,2,0.4,7,7836,fca6,True,49,wrong_pattern,0,False,10,19,1.9
bifurc,even_odd,_todd19,2,0.4,7,8b8e,a6b6,True,50,correct,2,True,10,19,1.9
bifurc,even_odd,_todd19,2,0.4,5,a074,e6fa,True,49,spurious,-1,False,10,19,1.9
bifurc,even_odd,_todd19,2,0.4,4,e617,a75b,True,30,spurious,-1,False,10,19,1.9
bifurc,even_odd,_todd19,2,0.4,8,1e73,2b4,True,88,spurious,-1,False,10,19,1.9
bifurc,even_odd,_todd19,2,0.4,8,e183,fd4b,True,127,spurious,-1,False,10,19,1.9
bifurc,even_odd,_todd19,2,0.4,3,7b6,2b4,True,49,spurious,-1,False,10,19,1.9
bifurc,even_odd,_todd19,2,0.4,6,c136,fd4b,True,60,spurious,-1,False,10,19,1.9
bifurc,even_odd,_todd19,2,0.4,4,c6d6,a6b6,True,31,correct,2,True,10,19,1.9
bifurc,even_odd,_todd19,2,0.4,2,26a6,a6b6,True,21,correct,2,True,10,19,1.9
bifurc,even_odd,_todd19,2,0.4,11,d100,5949,True,60,spurious,-1,False,10,19,1.9
bifurc,even_odd,_todd19,2,0.4,8,d4ea,e46a,True,40,spurious,-1,False,10,19,1.9
bifurc,even_odd,_todd19,2,0.4,6,680,2b4,True,20,spurious,-1,False,10,19,1.9
bifurc,even_odd,_todd19,2,0.4,7,4a1,58a4,True,41,spurious,-1,False,10,19,1.9
bifurc,even_odd,_todd19,2,0.4,5,af17,bf97,True,40,spurious,-1,False,10,19,1.9
bifurc,even_odd,_todd19,2,0.4,2,a6f7,a6b6,True,11,correct,2,True,10,19,1.9
bifurc,even_odd,_todd19,2,0.4,6,9214,2b4,True,69,spurious,-1,False,10,19,1.9
bifurc,even_odd,_todd19,2,0.4,6,e783,a75b,True,39,spurious,-1,False,10,19,1.9
bifurc,even_odd,_todd19,2,0.4,10,1b7f,359,True,31,spurious,-1,False,10,19,1.9
bifurc,even_odd,_todd19,2,0.4,6,bf22,fca6,True,68,wrong_pattern,0,False,10,19,1.9
bifurc,even_odd,_todd19,2,0.4,5,769e,a6b6,True,40,correct,2,True,10,19,1.9
bifurc,even_odd,_todd19,2,0.4,12,5c89,5964,False,1316,oscillated,-1,False,10,19,1.9
bifurc,even_odd,_todd19,2,0.4,8,29c6,fca6,True,69,wrong_pattern,0,False,10,19,1.9
bifurc,even_odd,_todd19,2,0.4,7,4c16,58a4,True,78,spurious,-1,False,10,19,1.9
bifurc,even_odd,_todd19,2,0.4,4,a2bd,a6b6,True,49,correct,2,True,10,19,1.9
bifurc,even_odd,_todd19,2,0.4,8,83db,a75b,True,49,spurious,-1,False,10,19,1.9
bifurc,even_odd,_todd19,2,0.4,3,a734,a6b6,True,49,correct,2,True,10,19,1.9
bifurc,even_odd,_todd19,2,0.4,9,897c,5949,True,40,spurious,-1,False,10,19,1.9
bifurc,even_odd,_todd19,2,0.4,9,4ff8,42f8,True,20,spurious,-1,False,10,19,1.9
bifurc,even_odd,_todd19,2,0.4,8,9156,a75b,True,49,spurious,-1,False,10,19,1.9
bifurc,even_odd,_todd19,2,0.4,4,a79c,a6b6,True,30,correct,2,True,10,19,1.9
bifurc,even_odd,_todd19,2,0.4,7,4ed2,58a4,True,60,spurious,-1,False,10,19,1.9
bifurc,even_odd,_todd19,2,0.4,2,b4b6,fca6,True,41,wrong_pattern,0,False,10,19,1.9
bifurc,even_odd,_todd19,2,0.4,7,a305,a797,True,49,spurious,-1,False,10,19,1.9
bifurc,even_odd,_todd19,2,0.4,5,a642,a75b,True,30,spurious,-1,False,10,19,1.9
bifurc,even_odd,_todd19,2,0.4,5,a517,a797,True,39,spurious,-1,False,10,19,1.9
bifurc,even_odd,_todd19,2,0.4,7,34ab,e43e,False,1316,oscillated,-1,False,10,19,1.9
bifurc,even_odd,_todd19,2,0.4,6,8093,a6b6,True,50,correct,2,True,10,19,1.9
bifurc,even_odd,_todd19,2,0.4,7,31bc,2b4,True,69,spurious,-1,False,10,19,1.9
bifurc,even_odd,_todd19,2,0.4,7,60b1,2b4,True,60,spurious,-1,False,10,19,1.9
bifurc,even_odd,_todd19,2,0.4,10,5b3c,1905,True,78,spurious,-1,False,10,19,1.9
bifurc,even_odd,_todd19,2,0.4,5,656,359,True,69,spurious,-1,False,10,19,1.9
bifurc,even_odd,_todd19,2,0.4,5,f36,1ab4,False,1316,oscillated,-1,False,10,19,1.9
bifurc,even_odd,_todd19,2,0.4,4,e297,a6b6,True,30,correct,2,True,10,19,1.9
bifurc,even_odd,_todd19,2,0.4,6,ac1a,fd4b,True,11,spurious,-1,False,10,19,1.9
bifurc,even_odd,_todd19,2,0.4,3,97b6,a6b6,True,40,correct,2,True,10,19,1.9
bifurc,even_odd,_todd19,2,0.4,3,a624,a6b6,True,20,correct,2,True,10,19,1.9
bifurc,even_odd,_todd19,2,0.4,6,fc86,fca6,True,20,wrong_pattern,0,False,10,19,1.9
bifurc,even_odd,_todd19,2,0.4,7,ff5,2b4,True,30,spurious,-1,False,10,19,1.9
bifurc,even_odd,_todd19,2,0.4,4,2286,a6b6,True,49,correct,2,True,10,19,1.9
bifurc,even_odd,_todd19,2,0.4,5,b2d2,a6b6,True,31,correct,2,True,10,19,1.9
bifurc,even_odd,_todd19,2,0.4,7,28aa,fca6,True,50,wrong_pattern,0,False,10,19,1.9
bifurc,even_odd,_todd19,2,0.4,6,f4fa,e46a,True,69,spurious,-1,False,10,19,1.9
bifurc,even_odd,_todd19,2,0.4,7,a08d,a6b6,True,69,correct,2,True,10,19,1.9
bifurc,even_odd,_todd19,2,0.4,7,ebd7,bf97,True,11,spurious,-1,False,10,19,1.9
bifurc,even_odd,_todd19,2,0.4,7,9c3a,fca6,True,39,wrong_pattern,0,False,10,19,1.9
bifurc,even_odd,_todd19,2,0.4,4,64b7,fca6,True,39,wrong_pattern,0,False,10,19,1.9
bifurc,even_odd,_todd19,2,0.4,7,31f7,a6b6,True,69,correct,2,True,10,19,1.9
bifurc,even_odd,_todd19,2,0.4,7,76ef,fca6,True,78,wrong_pattern,0,False,10,19,1.9
bifurc,even_odd,_todd19,2,0.4,7,5f96,58a4,True,49,spurious,-1,False,10,19,1.9
bifurc,even_odd,_todd19,2,0.4,5,f5be,fca6,True,31,wrong_pattern,0,False,10,19,1.9
bifurc,even_odd,_todd19,2,0.4,7,3027,fca6,True,49,wrong_pattern,0,False,10,19,1.9
bifurc,even_odd,_todd19,2,0.4,8,4a27,58a4,True,59,spurious,-1,False,10,19,1.9
bifurc,even_odd,_todd19,3,0.4,7,f75e,a75b,True,31,spurious,-1,False,10,19,1.9
bifurc,even_odd,_todd19,3,0.4,5,f137,bd07,True,30,correct,3,True,10,19,1.9
bifurc,even_odd,_todd19,3,0.4,4,b183,a797,True,40,spurious,-1,False,10,19,1.9
bifurc,even_odd,_todd19,3,0.4,7,31e3,fca6,True,69,wrong_pattern,0,False,10,19,1.9
bifurc,even_odd,_todd19,3,0.4,6,39c4,58a4,True,50,spurious,-1,False,10,19,1.9
bifurc,even_odd,_todd19,3,0.4,5,8d63,fd4b,True,40,spurious,-1,False,10,19,1.9
bifurc,even_odd,_todd19,3,0.4,7,89ce,fd4b,True,69,spurious,-1,False,10,19,1.9
bifurc,even_odd,_todd19,3,0.4,6,9a46,fca6,True,49,wrong_pattern,0,False,10,19,1.9
bifurc,even_odd,_todd19,3,0.4,7,88b7,fca6,True,50,wrong_pattern,0,False,10,19,1.9
bifurc,even_odd,_todd19,3,0.4,7,344c,4149,False,1316,oscillated,-1,False,10,19,1.9
bifurc,even_odd,_todd19,3,0.4,6,9026,fca6,True,49,wrong_pattern,0,False,10,19,1.9
bifurc,even_odd,_todd19,3,0.4,7,7853,fd4b,True,49,spurious,-1,False,10,19,1.9
bifurc,even_odd,_todd19,3,0.4,8,c9cd,1905,True,50,spurious,-1,False,10,19,1.9
bifurc,even_odd,_todd19,3,0.4,7,7d48,5949,True,49,spurious,-1,False,10,19,1.9
bifurc,even_odd,_todd19,3,0.4,10,fbc,2b4,True,20,spurious,-1,False,10,19,1.9
bifurc,even_odd,_todd19,3,0.4,5,b133,a75b,True,31,spurious,-1,False,10,19,1.9
bifurc,even_odd,_todd19,3,0.4,7,b7e1,a6b6,True,41,wrong_pattern,2,False,10,19,1.9
bifurc,even_odd,_todd19,3,0.4,5,f785,bf97,True,31,spurious,-1,False,10,19,1.9
bifurc,even_odd,_todd19,3,0.4,5,9b86,fca6,True,49,wrong_pattern,0,False,10,19,1.9
bifurc,even_odd,_todd19,3,0.4,6,ac9d,fca6,True,77,wrong_pattern,0,False,10,19,1.9
bifurc,even_odd,_todd19,3,0.4,5,dd2b,fd4b,True,20,spurious,-1,False,10,19,1.9
bifurc,even_odd,_todd19,3,0.4,7,a014,a6b6,True,49,wrong_pattern,2,False,10,19,1.9
bifurc,even_odd,_todd19,3,0.4,8,80cf,a75b,True,50,spurious,-1,False,10,19,1.9
bifurc,even_odd,_todd19,3,0.4,9,1dfc,58a4,True,30,spurious,-1,False,10,19,1.9
bifurc,even_odd,_todd19,3,0.4,6,fd69,fd4b,True,20,spurious,-1,False,10,19,1.9
bifurc,even_odd,_todd19,3,0.4,8,e96c,fd4b,True,49,spurious,-1,False,10,19,1.9
bifurc,even_odd,_todd19,3,0.4,9,29e9,5868,True,40,spurious,-1,False,10,19,1.9
bifurc,even_odd,_todd19,3,0.4,6,945,5949,True,79,spurious,-1,False,10,19,1.9
bifurc,even_odd,_todd19,3,0.4,2,bd15,bd07,True,40,correct,3,True,10,19,1.9
bifurc,even_odd,_todd19,3,0.4,7,f1a1,fca6,True,59,wrong_pattern,0,False,10,19,1.9
bifurc,even_odd,_todd19,3,0.4,4,7c17,bd07,True,30,correct,3,True,10,19,1.9
bifurc,even_odd,_todd19,3,0.4,10,c6e6,e6fa,True,50,spurious,-1,False,10,19,1.9
bifurc,even_odd,_todd19,3,0.4,6,f8af,fca6,True,20,wrong_pattern,0,False,10,19,1.9
bifurc,even_odd,_todd19,3,0.4,5,7597,bf97,True,21,spurious,-1,False,10,19,1.9
bifurc,even_odd,_todd19,3,0.4,5,d127,bd07,True,49,correct,3,True,10,19,1.9
bifurc,even_odd,_todd19,3,0.4,7,551d,359,True,40,spurious,-1,False,10,19,1.9
bifurc,even_odd,_todd19,3,0.4,8,35fb,a75b,True,78,spurious,-1,False,10,19,1.9
bifurc,even_odd,_todd19,3,0.4,7,d08,5949,True,11,spurious,-1,False,10,19,1.9
bifurc,even_odd,_todd19,3,0.4,7,71e7,fca6,True,59,wrong_pattern,0,False,10,19,1.9
bifurc,even_odd,_todd19,3,0.4,4,bea7,fca6,True,21,wrong_pattern,0,False,10,19,1.9
bifurc,even_odd,_todd19,3,0.4,7,5723,359,True,50,spurious,-1,False,10,19,1.9
bifurc,even_odd,_todd19,3,0.4,8,c52,5949,True,69,spurious,-1,False,10,19,1.9
bifurc,even_odd,_todd19,3,0.4,7,957d,359,True,49,spurious,-1,False,10,19,1.9
bifurc,even_odd,_todd19,3,0.4,8,196c,5949,True,31,spurious,-1,False,10,19,1.9
bifurc,even_odd,_todd19,3,0.4,10,e374,a75b,True,69,spurious,-1,False,10,19,1.9
bifurc,even_odd,_todd19,3,0.4,5,e90e,fd4b,True,31,spurious,-1,False,10,19,1.9
bifurc,even_odd,_todd19,3,0.4,3,a50f,a75b,True,30,spurious,-1,False,10,19,1.9
bifurc,even_odd,_todd19,3,0.4,7,e896,fca6,True,31,wrong_pattern,0,False,10,19,1.9
bifurc,even_odd,_todd19,3,0.4,8,5f61,5949,True,20,spurious,-1,False,10,19,1.9
bifurc,even_odd,_todd19,3,0.4,7,90e7,fca6,True,49,wrong_pattern,0,False,10,19,1.9
bifurc,even_odd,_todd19,3,0.4,4,a705,a797,True,30,spurious,-1,False,10,19,1.9
bifurc,even_odd,_todd19,3,0.4,4,b577,a75b,True,31,spurious,-1,False,10,19,1.9
bifurc,even_odd,_todd19,3,0.4,9,5044,5949,True,59,spurious,-1,False,10,19,1.9
bifurc,even_odd,_todd19,3,0.4,6,d816,fca6,True,78,wrong_pattern,0,False,10,19,1.9
bifurc,even_odd,_todd19,3,0.4,7,aea1,fca6,True,41,wrong_pattern,0,False,10,19,1.9
bifurc,even_odd,_todd19,3,0.4,10,4129,5949,True,30,spurious,-1,False,10,19,1.9
bifurc,even_odd,_todd19,3,0.4,5,8cc7,fca6,True,69,wrong_pattern,0,False,10,19,1.9
bifurc,even_odd,_todd19,3,0.4,6,852b,a75b,True,20,spurious,-1,False,10,19,1.9
bifurc,even_odd,_todd19,3,0.4,11,4e9,42f8,True,30,spurious,-1,False,10,19,1.9
bifurc,even_odd,_todd19,3,0.4,6,ec0c,fd4b,True,40,spurious,-1,False,10,19,1.9
bifurc,even_odd,_todd19,3,0.4,9,542a,5868,True,49,spurious,-1,False,10,19,1.9
bifurc,even_odd,_todd19,3,0.4,5,bcbf,fca6,True,30,wrong_pattern,0,False,10,19,1.9
bifurc,even_odd,_todd19,3,0.4,9,c1e3,fd4b,True,49,spurious,-1,False,10,19,1.9
bifurc,even_odd,_todd19,3,0.4,4,af46,a75b,True,49,spurious,-1,False,10,19,1.9
bifurc,even_odd,_todd19,3,0.4,6,a742,a75b,True,20,spurious,-1,False,10,19,1.9
bifurc,even_odd,_todd19,3,0.4,6,38c5,58a4,True,50,spurious,-1,False,10,19,1.9
bifurc,even_odd,_todd19,3,0.4,9,8362,a75b,True,49,spurious,-1,False,10,19,1.9
bifurc,even_odd,_todd19,3,0.4,4,ed23,bd07,True,60,correct,3,True,10,19,1.9
bifurc,even_odd,_todd19,3,0.4,5,d986,fca6,True,49,wrong_pattern,0,False,10,19,1.9
bifurc,even_odd,_todd19,3,0.4,7,fcde,fca6,True,39,wrong_pattern,0,False,10,19,1.9
bifurc,even_odd,_todd19,3,0.4,7,b3b5,a6b6,True,69,wrong_pattern,2,False,10,19,1.9
bifurc,even_odd,_todd19,3,0.4,5,b934,fca6,True,59,wrong_pattern,0,False,10,19,1.9
bifurc,even_odd,_todd19,3,0.4,5,1583,395,True,69,spurious,-1,False,10,19,1.9
bifurc,even_odd,_todd19,3,0.4,4,ac2f,fd4b,True,30,spurious,-1,False,10,19,1.9
bifurc,even_odd,_todd19,3,0.4,6,dfa5,58a4,True,49,spurious,-1,False,10,19,1.9
bifurc,even_odd,_todd19,3,0.4,6,2f1e,a75b,True,40,spurious,-1,False,10,19,1.9
bifurc,even_odd,_todd19,3,0.4,7,d441,5949,True,49,spurious,-1,False,10,19,1.9
bifurc,even_odd,_todd19,3,0.4,8,a430,e6fa,True,30,spurious,-1,False,10,19,1.9
bifurc,even_odd,_todd19,3,0.4,3,9903,bd07,True,49,correct,3,True,10,19,1.9
bifurc,even_odd,_todd19,3,0.4,7,14af,58a4,True,78,spurious,-1,False,10,19,1.9
bifurc,even_odd,_todd20,2,0.375,6,1776,231,False,1380,oscillated,-1,False,10,20,2.0
bifurc,even_odd,_todd20,1,0.375,6,17de,299,False,1380,oscillated,-1,False,10,20,2.0
bifurc,even_odd,_todd20,2,0.4375,7,24dd,398,False,1380,oscillated,-1,False,10,20,2.0
bifurc,even_odd,_todd20,2,0.375,6,3774,231,False,1380,oscillated,-1,False,10,20,2.0
bifurc,even_odd,_todd20,1,0.375,6,37dc,299,False,1380,oscillated,-1,False,10,20,2.0
bifurc,even_odd,_todd20,0,0.375,6,448e,58e0,False,1380,oscillated,-1,False,10,20,2.0
bifurc,even_odd,_todd20,0,0.375,6,4d66,5821,False,1380,oscillated,-1,False,10,20,2.0
bifurc,even_odd,_todd20,0,0.3125,5,5d22,5865,False,1380,oscillated,-1,False,10,20,2.0
bifurc,even_odd,_todd20,0,0.375,6,5d8a,58cd,False,1380,oscillated,-1,False,10,20,2.0
bifurc,even_odd,_todd20,0,0.375,6,648c,58e0,False,1380,oscillated,-1,False,10,20,2.0
bifurc,even_odd,_todd20,2,0.375,6,69b,3dc,False,1380,oscillated,-1,False,10,20,2.0
bifurc,even_odd,_todd20,1,0.375,6,6bd3,a71f,False,1380,oscillated,-1,False,10,20,2.0
bifurc,even_odd,_todd20,0,0.3125,5,7867,fd22,False,1380,oscillated,-1,False,10,20,2.0
bifurc,even_odd,_todd20,0,0.375,6,7b66,fc23,False,1380,oscillated,-1,False,10,20,2.0
bifurc,even_odd,_todd20,0,0.4375,7,7bce,fc8b,False,1380,oscillated,-1,False,10,20,2.0
bifurc,even_odd,_todd20,0,0.3125,5,7d20,5865,False,1380,oscillated,-1,False,10,20,2.0
bifurc,even_odd,_todd20,0,0.375,6,7d88,58cd,False,1380,oscillated,-1,False,10,20,2.0
bifurc,even_odd,_todd20,2,0.4375,7,84dd,398,False,1380,oscillated,-1,False,10,20,2.0
bifurc,even_odd,_todd20,2,0.375,6,8574,231,False,1380,oscillated,-1,False,10,20,2.0
bifurc,even_odd,_todd20,2,0.4375,7,85dc,299,False,1380,oscillated,-1,False,10,20,2.0
bifurc,even_odd,_todd20,1,0.3125,5,8bd3,a71f,False,1380,oscillated,-1,False,10,20,2.0
bifurc,even_odd,_todd20,2,0.375,6,a174,a633,False,1380,oscillated,-1,False,10,20,2.0
bifurc,even_odd,_todd20,2,0.375,6,a3dc,a69b,False,1380,oscillated,-1,False,10,20,2.0
bifurc,even_odd,_todd20,0,0.375,6,c1ae,fce2,False,1380,oscillated,-1,False,10,20,2.0
bifurc,even_odd,_todd20,0,0.375,6,c966,fc23,False,1380,oscillated,-1,False,10,20,2.0
bifurc,even_odd,_todd20,0,0.4375,7,c9ce,fc8b,False,1380,oscillated,-1,False,10,20,2.0
bifurc,even_odd,_todd20,0,0.375,6,d8cf,fd8a,False,1380,oscillated,-1,False,10,20,2.0
bifurc,even_odd,_todd20,0,0.4375,7,dacf,fd8a,False,1380,oscillated,-1,False,10,20,2.0
bifurc,even_odd,_todd20,0,0.375,6,e1ac,fce2,False,1380,oscillated,-1,False,10,20,2.0
bifurc,even_odd,_todd20,0,0.375,6,e964,fc23,False,1380,oscillated,-1,False,10,20,2.0
bifurc,even_odd,_todd20,0,0.4375,7,e9cc,fc8b,False,1380,oscillated,-1,False,10,20,2.0
bifurc,even_odd,_todd20,1,0.375,6,fde,299,False,1380,oscillated,-1,False,10,20,2.0
bifurc,even_odd,_todd20,0,0.0,0,fca6,fca6,True,0,correct,0,True,10,20,2.0
bifurc,even_odd,_todd20,0,0.0,0,fca6,fca6,True,0,correct,0,True,10,20,2.0
bifurc,even_odd,_todd20,0,0.0,0,fca6,fca6,True,0,correct,0,True,10,20,2.0
bifurc,even_odd,_todd20,0,0.0,0,fca6,fca6,True,0,correct,0,True,10,20,2.0
bifurc,even_odd,_todd20,0,0.0,0,fca6,fca6,True,0,correct,0,True,10,20,2.0
bifurc,even_odd,_todd20,0,0.0,0,fca6,fca6,True,0,correct,0,True,10,20,2.0
bifurc,even_odd,_todd20,0,0.0,0,fca6,fca6,True,0,correct,0,True,10,20,2.0
bifurc,even_odd,_todd20,0,0.0,0,fca6,fca6,True,0,correct,0,True,10,20,2.0
bifurc,even_odd,_todd20,0,0.0,0,fca6,fca6,True,0,correct,0,True,10,20,2.0
bifurc,even_odd,_todd20,0,0.0,0,fca6,fca6,True,0,correct,0,True,10,20,2.0
bifurc,even_odd,_todd20,0,0.0,0,fca6,fca6,True,0,correct,0,True,10,20,2.0
bifurc,even_odd,_todd20,0,0.0,0,fca6,fca6,True,0,correct,0,True,10,20,2.0
bifurc,even_odd,_todd20,0,0.0,0,fca6,fca6,True,0,correct,0,True,10,20,2.0
bifurc,even_odd,_todd20,0,0.0,0,fca6,fca6,True,0,correct,0,True,10,20,2.0
bifurc,even_odd,_todd20,0,0.0,0,fca6,fca6,True,0,correct,0,True,10,20,2.0
bifurc,even_odd,_todd20,0,0.0,0,fca6,fca6,True,0,correct,0,True,10,20,2.0
bifurc,even_odd,_todd20,0,0.0,0,fca6,fca6,True,0,correct,0,True,10,20,2.0
bifurc,even_odd,_todd20,0,0.0,0,fca6,fca6,True,0,correct,0,True,10,20,2.0
bifurc,even_odd,_todd20,0,0.0,0,fca6,fca6,True,0,correct,0,True,10,20,2.0
bifurc,even_odd,_todd20,0,0.0,0,fca6,fca6,True,0,correct,0,True,10,20,2.0
bifurc,even_odd,_todd20,0,0.0,0,fca6,fca6,True,0,correct,0,True,10,20,2.0
bifurc,even_odd,_todd20,0,0.0,0,fca6,fca6,True,0,correct,0,True,10,20,2.0
bifurc,even_odd,_todd20,0,0.0,0,fca6,fca6,True,0,correct,0,True,10,20,2.0
bifurc,even_odd,_todd20,0,0.0,0,fca6,fca6,True,0,correct,0,True,10,20,2.0
bifurc,even_odd,_todd20,0,0.0,0,fca6,fca6,True,0,correct,0,True,10,20,2.0
bifurc,even_odd,_todd20,0,0.0,0,fca6,fca6,True,0,correct,0,True,10,20,2.0
bifurc,even_odd,_todd20,0,0.0,0,fca6,fca6,True,0,correct,0,True,10,20,2.0
bifurc,even_odd,_todd20,0,0.0,0,fca6,fca6,True,0,correct,0,True,10,20,2.0
bifurc,even_odd,_todd20,0,0.0,0,fca6,fca6,True,0,correct,0,True,10,20,2.0
bifurc,even_odd,_todd20,0,0.0,0,fca6,fca6,True,0,correct,0,True,10,20,2.0
bifurc,even_odd,_todd20,0,0.0,0,fca6,fca6,True,0,correct,0,True,10,20,2.0
bifurc,even_odd,_todd20,0,0.0,0,fca6,fca6,True,0,correct,0,True,10,20,2.0
bifurc,even_odd,_todd20,0,0.0,0,fca6,fca6,True,0,correct,0,True,10,20,2.0
bifurc,even_odd,_todd20,0,0.0,0,fca6,fca6,True,0,correct,0,True,10,20,2.0
bifurc,even_odd,_todd20,0,0.0,0,fca6,fca6,True,0,correct,0,True,10,20,2.0
bifurc,even_odd,_todd20,0,0.0,0,fca6,fca6,True,0,correct,0,True,10,20,2.0
bifurc,even_odd,_todd20,0,0.0,0,fca6,fca6,True,0,correct,0,True,10,20,2.0
bifurc,even_odd,_todd20,0,0.0,0,fca6,fca6,True,0,correct,0,True,10,20,2.0
bifurc,even_odd,_todd20,0,0.0,0,fca6,fca6,True,0,correct,0,True,10,20,2.0
bifurc,even_odd,_todd20,0,0.0,0,fca6,fca6,True,0,correct,0,True,10,20,2.0
bifurc,even_odd,_todd20,0,0.0,0,fca6,fca6,True,0,correct,0,True,10,20,2.0
bifurc,even_odd,_todd20,0,0.0,0,fca6,fca6,True,0,correct,0,True,10,20,2.0
bifurc,even_odd,_todd20,0,0.0,0,fca6,fca6,True,0,correct,0,True,10,20,2.0
bifurc,even_odd,_todd20,0,0.0,0,fca6,fca6,True,0,correct,0,True,10,20,2.0
bifurc,even_odd,_todd20,0,0.0,0,fca6,fca6,True,0,correct,0,True,10,20,2.0
bifurc,even_odd,_todd20,0,0.0,0,fca6,fca6,True,0,correct,0,True,10,20,2.0
bifurc,even_odd,_todd20,0,0.0,0,fca6,fca6,True,0,correct,0,True,10,20,2.0
bifurc,even_odd,_todd20,0,0.0,0,fca6,fca6,True,0,correct,0,True,10,20,2.0
bifurc,even_odd,_todd20,0,0.0,0,fca6,fca6,True,0,correct,0,True,10,20,2.0
bifurc,even_odd,_todd20,0,0.0,0,fca6,fca6,True,0,correct,0,True,10,20,2.0
bifurc,even_odd,_todd20,0,0.0,0,fca6,fca6,True,0,correct,0,True,10,20,2.0
bifurc,even_odd,_todd20,0,0.0,0,fca6,fca6,True,0,correct,0,True,10,20,2.0
bifurc,even_odd,_todd20,0,0.0,0,fca6,fca6,True,0,correct,0,True,10,20,2.0
bifurc,even_odd,_todd20,0,0.0,0,fca6,fca6,True,0,correct,0,True,10,20,2.0
bifurc,even_odd,_todd20,0,0.0,0,fca6,fca6,True,0,correct,0,True,10,20,2.0
bifurc,even_odd,_todd20,0,0.0,0,fca6,fca6,True,0,correct,0,True,10,20,2.0
bifurc,even_odd,_todd20,0,0.0,0,fca6,fca6,True,0,correct,0,True,10,20,2.0
bifurc,even_odd,_todd20,0,0.0,0,fca6,fca6,True,0,correct,0,True,10,20,2.0
bifurc,even_odd,_todd20,0,0.0,0,fca6,fca6,True,0,correct,0,True,10,20,2.0
bifurc,even_odd,_todd20,0,0.0,0,fca6,fca6,True,0,correct,0,True,10,20,2.0
bifurc,even_odd,_todd20,0,0.0,0,fca6,fca6,True,0,correct,0,True,10,20,2.0
bifurc,even_odd,_todd20,0,0.0,0,fca6,fca6,True,0,correct,0,True,10,20,2.0
bifurc,even_odd,_todd20,0,0.0,0,fca6,fca6,True,0,correct,0,True,10,20,2.0
bifurc,even_odd,_todd20,0,0.0,0,fca6,fca6,True,0,correct,0,True,10,20,2.0
bifurc,even_odd,_todd20,0,0.0,0,fca6,fca6,True,0,correct,0,True,10,20,2.0
bifurc,even_odd,_todd20,0,0.0,0,fca6,fca6,True,0,correct,0,True,10,20,2.0
bifurc,even_odd,_todd20,0,0.0,0,fca6,fca6,True,0,correct,0,True,10,20,2.0
bifurc,even_odd,_todd20,0,0.0,0,fca6,fca6,True,0,correct,0,True,10,20,2.0
bifurc,even_odd,_todd20,0,0.0,0,fca6,fca6,True,0,correct,0,True,10,20,2.0
bifurc,even_odd,_todd20,0,0.0,0,fca6,fca6,True,0,correct,0,True,10,20,2.0
bifurc,even_odd,_todd20,0,0.0,0,fca6,fca6,True,0,correct,0,True,10,20,2.0
bifurc,even_odd,_todd20,0,0.0,0,fca6,fca6,True,0,correct,0,True,10,20,2.0
bifurc,even_odd,_todd20,0,0.0,0,fca6,fca6,True,0,correct,0,True,10,20,2.0
bifurc,even_odd,_todd20,0,0.0,0,fca6,fca6,True,0,correct,0,True,10,20,2.0
bifurc,even_odd,_todd20,0,0.0,0,fca6,fca6,True,0,correct,0,True,10,20,2.0
bifurc,even_odd,_todd20,0,0.0,0,fca6,fca6,True,0,correct,0,True,10,20,2.0
bifurc,even_odd,_todd20,0,0.0,0,fca6,fca6,True,0,correct,0,True,10,20,2.0
bifurc,even_odd,_todd20,0,0.0,0,fca6,fca6,True,0,correct,0,True,10,20,2.0
bifurc,even_odd,_todd20,0,0.0,0,fca6,fca6,True,0,correct,0,True,10,20,2.0
bifurc,even_odd,_todd20,0,0.0,0,fca6,fca6,True,0,correct,0,True,10,20,2.0
bifurc,even_odd,_todd20,1,0.0,0,1b95,1b95,True,0,correct,1,True,10,20,2.0
bifurc,even_odd,_todd20,1,0.0,0,1b95,1b95,True,0,correct,1,True,10,20,2.0
bifurc,even_odd,_todd20,1,0.0,0,1b95,1b95,True,0,correct,1,True,10,20,2.0
bifurc,even_odd,_todd20,1,0.0,0,1b95,1b95,True,0,correct,1,True,10,20,2.0
bifurc,even_odd,_todd20,1,0.0,0,1b95,1b95,True,0,correct,1,True,10,20,2.0
bifurc,even_odd,_todd20,1,0.0,0,1b95,1b95,True,0,correct,1,True,10,20,2.0
bifurc,even_odd,_todd20,1,0.0,0,1b95,1b95,True,0,correct,1,True,10,20,2.0
bifurc,even_odd,_todd20,1,0.0,0,1b95,1b95,True,0,correct,1,True,10,20,2.0
bifurc,even_odd,_todd20,1,0.0,0,1b95,1b95,True,0,correct,1,True,10,20,2.0
bifurc,even_odd,_todd20,1,0.0,0,1b95,1b95,True,0,correct,1,True,10,20,2.0
bifurc,even_odd,_todd20,1,0.0,0,1b95,1b95,True,0,correct,1,True,10,20,2.0
bifurc,even_odd,_todd20,1,0.0,0,1b95,1b95,True,0,correct,1,True,10,20,2.0
bifurc,even_odd,_todd20,1,0.0,0,1b95,1b95,True,0,correct,1,True,10,20,2.0
bifurc,even_odd,_todd20,1,0.0,0,1b95,1b95,True,0,correct,1,True,10,20,2.0
bifurc,even_odd,_todd20,1,0.0,0,1b95,1b95,True,0,correct,1,True,10,20,2.0
bifurc,even_odd,_todd20,1,0.0,0,1b95,1b95,True,0,correct,1,True,10,20,2.0
bifurc,even_odd,_todd20,1,0.0,0,1b95,1b95,True,0,correct,1,True,10,20,2.0
bifurc,even_odd,_todd20,1,0.0,0,1b95,1b95,True,0,correct,1,True,10,20,2.0
bifurc,even_odd,_todd20,1,0.0,0,1b95,1b95,True,0,correct,1,True,10,20,2.0
bifurc,even_odd,_todd20,1,0.0,0,1b95,1b95,True,0,correct,1,True,10,20,2.0
bifurc,even_odd,_todd20,1,0.0,0,1b95,1b95,True,0,correct,1,True,10,20,2.0
bifurc,even_odd,_todd20,1,0.0,0,1b95,1b95,True,0,correct,1,True,10,20,2.0
bifurc,even_odd,_todd20,1,0.0,0,1b95,1b95,True,0,correct,1,True,10,20,2.0
bifurc,even_odd,_todd20,1,0.0,0,1b95,1b95,True,0,correct,1,True,10,20,2.0
bifurc,even_odd,_todd20,1,0.0,0,1b95,1b95,True,0,correct,1,True,10,20,2.0
bifurc,even_odd,_todd20,1,0.0,0,1b95,1b95,True,0,correct,1,True,10,20,2.0
bifurc,even_odd,_todd20,1,0.0,0,1b95,1b95,True,0,correct,1,True,10,20,2.0
bifurc,even_odd,_todd20,1,0.0,0,1b95,1b95,True,0,correct,1,True,10,20,2.0
bifurc,even_odd,_todd20,1,0.0,0,1b95,1b95,True,0,correct,1,True,10,20,2.0
bifurc,even_odd,_todd20,1,0.0,0,1b95,1b95,True,0,correct,1,True,10,20,2.0
bifurc,even_odd,_todd20,1,0.0,0,1b95,1b95,True,0,correct,1,True,10,20,2.0
bifurc,even_odd,_todd20,1,0.0,0,1b95,1b95,True,0,correct,1,True,10,20,2.0
bifurc,even_odd,_todd20,1,0.0,0,1b95,1b95,True,0,correct,1,True,10,20,2.0
bifurc,even_odd,_todd20,1,0.0,0,1b95,1b95,True,0,correct,1,True,10,20,2.0
bifurc,even_odd,_todd20,1,0.0,0,1b95,1b95,True,0,correct,1,True,10,20,2.0
bifurc,even_odd,_todd20,1,0.0,0,1b95,1b95,True,0,correct,1,True,10,20,2.0
bifurc,even_odd,_todd20,1,0.0,0,1b95,1b95,True,0,correct,1,True,10,20,2.0
bifurc,even_odd,_todd20,1,0.0,0,1b95,1b95,True,0,correct,1,True,10,20,2.0
bifurc,even_odd,_todd20,1,0.0,0,1b95,1b95,True,0,correct,1,True,10,20,2.0
bifurc,even_odd,_todd20,1,0.0,0,1b95,1b95,True,0,correct,1,True,10,20,2.0
bifurc,even_odd,_todd20,1,0.0,0,1b95,1b95,True,0,correct,1,True,10,20,2.0
bifurc,even_odd,_todd20,1,0.0,0,1b95,1b95,True,0,correct,1,True,10,20,2.0
bifurc,even_odd,_todd20,1,0.0,0,1b95,1b95,True,0,correct,1,True,10,20,2.0
bifurc,even_odd,_todd20,1,0.0,0,1b95,1b95,True,0,correct,1,True,10,20,2.0
bifurc,even_odd,_todd20,1,0.0,0,1b95,1b95,True,0,correct,1,True,10,20,2.0
bifurc,even_odd,_todd20,1,0.0,0,1b95,1b95,True,0,correct,1,True,10,20,2.0
bifurc,even_odd,_todd20,1,0.0,0,1b95,1b95,True,0,correct,1,True,10,20,2.0
bifurc,even_odd,_todd20,1,0.0,0,1b95,1b95,True,0,correct,1,True,10,20,2.0
bifurc,even_odd,_todd20,1,0.0,0,1b95,1b95,True,0,correct,1,True,10,20,2.0
bifurc,even_odd,_todd20,1,0.0,0,1b95,1b95,True,0,correct,1,True,10,20,2.0
bifurc,even_odd,_todd20,1,0.0,0,1b95,1b95,True,0,correct,1,True,10,20,2.0
bifurc,even_odd,_todd20,1,0.0,0,1b95,1b95,True,0,correct,1,True,10,20,2.0
bifurc,even_odd,_todd20,1,0.0,0,1b95,1b95,True,0,correct,1,True,10,20,2.0
bifurc,even_odd,_todd20,1,0.0,0,1b95,1b95,True,0,correct,1,True,10,20,2.0
bifurc,even_odd,_todd20,1,0.0,0,1b95,1b95,True,0,correct,1,True,10,20,2.0
bifurc,even_odd,_todd20,1,0.0,0,1b95,1b95,True,0,correct,1,True,10,20,2.0
bifurc,even_odd,_todd20,1,0.0,0,1b95,1b95,True,0,correct,1,True,10,20,2.0
bifurc,even_odd,_todd20,1,0.0,0,1b95,1b95,True,0,correct,1,True,10,20,2.0
bifurc,even_odd,_todd20,1,0.0,0,1b95,1b95,True,0,correct,1,True,10,20,2.0
bifurc,even_odd,_todd20,1,0.0,0,1b95,1b95,True,0,correct,1,True,10,20,2.0
bifurc,even_odd,_todd20,1,0.0,0,1b95,1b95,True,0,correct,1,True,10,20,2.0
bifurc,even_odd,_todd20,1,0.0,0,1b95,1b95,True,0,correct,1,True,10,20,2.0
bifurc,even_odd,_todd20,1,0.0,0,1b95,1b95,True,0,correct,1,True,10,20,2.0
bifurc,even_odd,_todd20,1,0.0,0,1b95,1b95,True,0,correct,1,True,10,20,2.0
bifurc,even_odd,_todd20,1,0.0,0,1b95,1b95,True,0,correct,1,True,10,20,2.0
bifurc,even_odd,_todd20,1,0.0,0,1b95,1b95,True,0,correct,1,True,10,20,2.0
bifurc,even_odd,_todd20,1,0.0,0,1b95,1b95,True,0,correct,1,True,10,20,2.0
bifurc,even_odd,_todd20,1,0.0,0,1b95,1b95,True,0,correct,1,True,10,20,2.0
bifurc,even_odd,_todd20,1,0.0,0,1b95,1b95,True,0,correct,1,True,10,20,2.0
bifurc,even_odd,_todd20,1,0.0,0,1b95,1b95,True,0,correct,1,True,10,20,2.0
bifurc,even_odd,_todd20,1,0.0,0,1b95,1b95,True,0,correct,1,True,10,20,2.0
bifurc,even_odd,_todd20,1,0.0,0,1b95,1b95,True,0,correct,1,True,10,20,2.0
bifurc,even_odd,_todd20,1,0.0,0,1b95,1b95,True,0,correct,1,True,10,20,2.0
bifurc,even_odd,_todd20,1,0.0,0,1b95,1b95,True,0,correct,1,True,10,20,2.0
bifurc,even_odd,_todd20,1,0.0,0,1b95,1b95,True,0,correct,1,True,10,20,2.0
bifurc,even_odd,_todd20,1,0.0,0,1b95,1b95,True,0,correct,1,True,10,20,2.0
bifurc,even_odd,_todd20,1,0.0,0,1b95,1b95,True,0,correct,1,True,10,20,2.0
bifurc,even_odd,_todd20,1,0.0,0,1b95,1b95,True,0,correct,1,True,10,20,2.0
bifurc,even_odd,_todd20,1,0.0,0,1b95,1b95,True,0,correct,1,True,10,20,2.0
bifurc,even_odd,_todd20,1,0.0,0,1b95,1b95,True,0,correct,1,True,10,20,2.0
bifurc,even_odd,_todd20,2,0.0,0,a6b6,a6b6,True,0,correct,2,True,10,20,2.0
bifurc,even_odd,_todd20,2,0.0,0,a6b6,a6b6,True,0,correct,2,True,10,20,2.0
bifurc,even_odd,_todd20,2,0.0,0,a6b6,a6b6,True,0,correct,2,True,10,20,2.0
bifurc,even_odd,_todd20,2,0.0,0,a6b6,a6b6,True,0,correct,2,True,10,20,2.0
bifurc,even_odd,_todd20,2,0.0,0,a6b6,a6b6,True,0,correct,2,True,10,20,2.0
bifurc,even_odd,_todd20,2,0.0,0,a6b6,a6b6,True,0,correct,2,True,10,20,2.0
bifurc,even_odd,_todd20,2,0.0,0,a6b6,a6b6,True,0,correct,2,True,10,20,2.0
bifurc,even_odd,_todd20,2,0.0,0,a6b6,a6b6,True,0,correct,2,True,10,20,2.0
bifurc,even_odd,_todd20,2,0.0,0,a6b6,a6b6,True,0,correct,2,True,10,20,2.0
bifurc,even_odd,_todd20,2,0.0,0,a6b6,a6b6,True,0,correct,2,True,10,20,2.0
bifurc,even_odd,_todd20,2,0.0,0,a6b6,a6b6,True,0,correct,2,True,10,20,2.0
bifurc,even_odd,_todd20,2,0.0,0,a6b6,a6b6,True,0,correct,2,True,10,20,2.0
bifurc,even_odd,_todd20,2,0.0,0,a6b6,a6b6,True,0,correct,2,True,10,20,2.0
bifurc,even_odd,_todd20,2,0.0,0,a6b6,a6b6,True,0,correct,2,True,10,20,2.0
bifurc,even_odd,_todd20,2,0.0,0,a6b6,a6b6,True,0,correct,2,True,10,20,2.0
bifurc,even_odd,_todd20,2,0.0,0,a6b6,a6b6,True,0,correct,2,True,10,20,2.0
bifurc,even_odd,_todd20,2,0.0,0,a6b6,a6b6,True,0,correct,2,True,10,20,2.0
bifurc,even_odd,_todd20,2,0.0,0,a6b6,a6b6,True,0,correct,2,True,10,20,2.0
bifurc,even_odd,_todd20,2,0.0,0,a6b6,a6b6,True,0,correct,2,True,10,20,2.0
bifurc,even_odd,_todd20,2,0.0,0,a6b6,a6b6,True,0,correct,2,True,10,20,2.0
bifurc,even_odd,_todd20,2,0.0,0,a6b6,a6b6,True,0,correct,2,True,10,20,2.0
bifurc,even_odd,_todd20,2,0.0,0,a6b6,a6b6,True,0,correct,2,True,10,20,2.0
bifurc,even_odd,_todd20,2,0.0,0,a6b6,a6b6,True,0,correct,2,True,10,20,2.0
bifurc,even_odd,_todd20,2,0.0,0,a6b6,a6b6,True,0,correct,2,True,10,20,2.0
bifurc,even_odd,_todd20,2,0.0,0,a6b6,a6b6,True,0,correct,2,True,10,20,2.0
bifurc,even_odd,_todd20,2,0.0,0,a6b6,a6b6,True,0,correct,2,True,10,20,2.0
bifurc,even_odd,_todd20,2,0.0,0,a6b6,a6b6,True,0,correct,2,True,10,20,2.0
bifurc,even_odd,_todd20,2,0.0,0,a6b6,a6b6,True,0,correct,2,True,10,20,2.0
bifurc,even_odd,_todd20,2,0.0,0,a6b6,a6b6,True,0,correct,2,True,10,20,2.0
bifurc,even_odd,_todd20,2,0.0,0,a6b6,a6b6,True,0,correct,2,True,10,20,2.0
bifurc,even_odd,_todd20,2,0.0,0,a6b6,a6b6,True,0,correct,2,True,10,20,2.0
bifurc,even_odd,_todd20,2,0.0,0,a6b6,a6b6,True,0,correct,2,True,10,20,2.0
bifurc,even_odd,_todd20,2,0.0,0,a6b6,a6b6,True,0,correct,2,True,10,20,2.0
bifurc,even_odd,_todd20,2,0.0,0,a6b6,a6b6,True,0,correct,2,True,10,20,2.0
bifurc,even_odd,_todd20,2,0.0,0,a6b6,a6b6,True,0,correct,2,True,10,20,2.0
bifurc,even_odd,_todd20,2,0.0,0,a6b6,a6b6,True,0,correct,2,True,10,20,2.0
bifurc,even_odd,_todd20,2,0.0,0,a6b6,a6b6,True,0,correct,2,True,10,20,2.0
bifurc,even_odd,_todd20,2,0.0,0,a6b6,a6b6,True,0,correct,2,True,10,20,2.0
bifurc,even_odd,_todd20,2,0.0,0,a6b6,a6b6,True,0,correct,2,True,10,20,2.0
bifurc,even_odd,_todd20,2,0.0,0,a6b6,a6b6,True,0,correct,2,True,10,20,2.0
bifurc,even_odd,_todd20,2,0.0,0,a6b6,a6b6,True,0,correct,2,True,10,20,2.0
bifurc,even_odd,_todd20,2,0.0,0,a6b6,a6b6,True,0,correct,2,True,10,20,2.0
bifurc,even_odd,_todd20,2,0.0,0,a6b6,a6b6,True,0,correct,2,True,10,20,2.0
bifurc,even_odd,_todd20,2,0.0,0,a6b6,a6b6,True,0,correct,2,True,10,20,2.0
bifurc,even_odd,_todd20,2,0.0,0,a6b6,a6b6,True,0,correct,2,True,10,20,2.0
bifurc,even_odd,_todd20,2,0.0,0,a6b6,a6b6,True,0,correct,2,True,10,20,2.0
bifurc,even_odd,_todd20,2,0.0,0,a6b6,a6b6,True,0,correct,2,True,10,20,2.0
bifurc,even_odd,_todd20,2,0.0,0,a6b6,a6b6,True,0,correct,2,True,10,20,2.0
bifurc,even_odd,_todd20,2,0.0,0,a6b6,a6b6,True,0,correct,2,True,10,20,2.0
bifurc,even_odd,_todd20,2,0.0,0,a6b6,a6b6,True,0,correct,2,True,10,20,2.0
bifurc,even_odd,_todd20,2,0.0,0,a6b6,a6b6,True,0,correct,2,True,10,20,2.0
bifurc,even_odd,_todd20,2,0.0,0,a6b6,a6b6,True,0,correct,2,True,10,20,2.0
bifurc,even_odd,_todd20,2,0.0,0,a6b6,a6b6,True,0,correct,2,True,10,20,2.0
bifurc,even_odd,_todd20,2,0.0,0,a6b6,a6b6,True,0,correct,2,True,10,20,2.0
bifurc,even_odd,_todd20,2,0.0,0,a6b6,a6b6,True,0,correct,2,True,10,20,2.0
bifurc,even_odd,_todd20,2,0.0,0,a6b6,a6b6,True,0,correct,2,True,10,20,2.0
bifurc,even_odd,_todd20,2,0.0,0,a6b6,a6b6,True,0,correct,2,True,10,20,2.0
bifurc,even_odd,_todd20,2,0.0,0,a6b6,a6b6,True,0,correct,2,True,10,20,2.0
bifurc,even_odd,_todd20,2,0.0,0,a6b6,a6b6,True,0,correct,2,True,10,20,2.0
bifurc,even_odd,_todd20,2,0.0,0,a6b6,a6b6,True,0,correct,2,True,10,20,2.0
bifurc,even_odd,_todd20,2,0.0,0,a6b6,a6b6,True,0,correct,2,True,10,20,2.0
bifurc,even_odd,_todd20,2,0.0,0,a6b6,a6b6,True,0,correct,2,True,10,20,2.0
bifurc,even_odd,_todd20,2,0.0,0,a6b6,a6b6,True,0,correct,2,True,10,20,2.0
bifurc,even_odd,_todd20,2,0.0,0,a6b6,a6b6,True,0,correct,2,True,10,20,2.0
bifurc,even_odd,_todd20,2,0.0,0,a6b6,a6b6,True,0,correct,2,True,10,20,2.0
bifurc,even_odd,_todd20,2,0.0,0,a6b6,a6b6,True,0,correct,2,True,10,20,2.0
bifurc,even_odd,_todd20,2,0.0,0,a6b6,a6b6,True,0,correct,2,True,10,20,2.0
bifurc,even_odd,_todd20,2,0.0,0,a6b6,a6b6,True,0,correct,2,True,10,20,2.0
bifurc,even_odd,_todd20,2,0.0,0,a6b6,a6b6,True,0,correct,2,True,10,20,2.0
bifurc,even_odd,_todd20,2,0.0,0,a6b6,a6b6,True,0,correct,2,True,10,20,2.0
bifurc,even_odd,_todd20,2,0.0,0,a6b6,a6b6,True,0,correct,2,True,10,20,2.0
bifurc,even_odd,_todd20,2,0.0,0,a6b6,a6b6,True,0,correct,2,True,10,20,2.0
bifurc,even_odd,_todd20,2,0.0,0,a6b6,a6b6,True,0,correct,2,True,10,20,2.0
bifurc,even_odd,_todd20,2,0.0,0,a6b6,a6b6,True,0,correct,2,True,10,20,2.0
bifurc,even_odd,_todd20,2,0.0,0,a6b6,a6b6,True,0,correct,2,True,10,20,2.0
bifurc,even_odd,_todd20,2,0.0,0,a6b6,a6b6,True,0,correct,2,True,10,20,2.0
bifurc,even_odd,_todd20,2,0.0,0,a6b6,a6b6,True,0,correct,2,True,10,20,2.0
bifurc,even_odd,_todd20,2,0.0,0,a6b6,a6b6,True,0,correct,2,True,10,20,2.0
bifurc,even_odd,_todd20,2,0.0,0,a6b6,a6b6,True,0,correct,2,True,10,20,2.0
bifurc,even_odd,_todd20,2,0.0,0,a6b6,a6b6,True,0,correct,2,True,10,20,2.0
bifurc,even_odd,_todd20,3,0.0,0,bd07,bd07,True,0,correct,3,True,10,20,2.0
bifurc,even_odd,_todd20,3,0.0,0,bd07,bd07,True,0,correct,3,True,10,20,2.0
bifurc,even_odd,_todd20,3,0.0,0,bd07,bd07,True,0,correct,3,True,10,20,2.0
bifurc,even_odd,_todd20,3,0.0,0,bd07,bd07,True,0,correct,3,True,10,20,2.0
bifurc,even_odd,_todd20,3,0.0,0,bd07,bd07,True,0,correct,3,True,10,20,2.0
bifurc,even_odd,_todd20,3,0.0,0,bd07,bd07,True,0,correct,3,True,10,20,2.0
bifurc,even_odd,_todd20,3,0.0,0,bd07,bd07,True,0,correct,3,True,10,20,2.0
bifurc,even_odd,_todd20,3,0.0,0,bd07,bd07,True,0,correct,3,True,10,20,2.0
bifurc,even_odd,_todd20,3,0.0,0,bd07,bd07,True,0,correct,3,True,10,20,2.0
bifurc,even_odd,_todd20,3,0.0,0,bd07,bd07,True,0,correct,3,True,10,20,2.0
bifurc,even_odd,_todd20,3,0.0,0,bd07,bd07,True,0,correct,3,True,10,20,2.0
bifurc,even_odd,_todd20,3,0.0,0,bd07,bd07,True,0,correct,3,True,10,20,2.0
bifurc,even_odd,_todd20,3,0.0,0,bd07,bd07,True,0,correct,3,True,10,20,2.0
bifurc,even_odd,_todd20,3,0.0,0,bd07,bd07,True,0,correct,3,True,10,20,2.0
bifurc,even_odd,_todd20,3,0.0,0,bd07,bd07,True,0,correct,3,True,10,20,2.0
bifurc,even_odd,_todd20,3,0.0,0,bd07,bd07,True,0,correct,3,True,10,20,2.0
bifurc,even_odd,_todd20,3,0.0,0,bd07,bd07,True,0,correct,3,True,10,20,2.0
bifurc,even_odd,_todd20,3,0.0,0,bd07,bd07,True,0,correct,3,True,10,20,2.0
bifurc,even_odd,_todd20,3,0.0,0,bd07,bd07,True,0,correct,3,True,10,20,2.0
bifurc,even_odd,_todd20,3,0.0,0,bd07,bd07,True,0,correct,3,True,10,20,2.0
bifurc,even_odd,_todd20,3,0.0,0,bd07,bd07,True,0,correct,3,True,10,20,2.0
bifurc,even_odd,_todd20,3,0.0,0,bd07,bd07,True,0,correct,3,True,10,20,2.0
bifurc,even_odd,_todd20,3,0.0,0,bd07,bd07,True,0,correct,3,True,10,20,2.0
bifurc,even_odd,_todd20,3,0.0,0,bd07,bd07,True,0,correct,3,True,10,20,2.0
bifurc,even_odd,_todd20,3,0.0,0,bd07,bd07,True,0,correct,3,True,10,20,2.0
bifurc,even_odd,_todd20,3,0.0,0,bd07,bd07,True,0,correct,3,True,10,20,2.0
bifurc,even_odd,_todd20,3,0.0,0,bd07,bd07,True,0,correct,3,True,10,20,2.0
bifurc,even_odd,_todd20,3,0.0,0,bd07,bd07,True,0,correct,3,True,10,20,2.0
bifurc,even_odd,_todd20,3,0.0,0,bd07,bd07,True,0,correct,3,True,10,20,2.0
bifurc,even_odd,_todd20,3,0.0,0,bd07,bd07,True,0,correct,3,True,10,20,2.0
bifurc,even_odd,_todd20,3,0.0,0,bd07,bd07,True,0,correct,3,True,10,20,2.0
bifurc,even_odd,_todd20,3,0.0,0,bd07,bd07,True,0,correct,3,True,10,20,2.0
bifurc,even_odd,_todd20,3,0.0,0,bd07,bd07,True,0,correct,3,True,10,20,2.0
bifurc,even_odd,_todd20,3,0.0,0,bd07,bd07,True,0,correct,3,True,10,20,2.0
bifurc,even_odd,_todd20,3,0.0,0,bd07,bd07,True,0,correct,3,True,10,20,2.0
bifurc,even_odd,_todd20,3,0.0,0,bd07,bd07,True,0,correct,3,True,10,20,2.0
bifurc,even_odd,_todd20,3,0.0,0,bd07,bd07,True,0,correct,3,True,10,20,2.0
bifurc,even_odd,_todd20,3,0.0,0,bd07,bd07,True,0,correct,3,True,10,20,2.0
bifurc,even_odd,_todd20,3,0.0,0,bd07,bd07,True,0,correct,3,True,10,20,2.0
bifurc,even_odd,_todd20,3,0.0,0,bd07,bd07,True,0,correct,3,True,10,20,2.0
bifurc,even_odd,_todd20,3,0.0,0,bd07,bd07,True,0,correct,3,True,10,20,2.0
bifurc,even_odd,_todd20,3,0.0,0,bd07,bd07,True,0,correct,3,True,10,20,2.0
bifurc,even_odd,_todd20,3,0.0,0,bd07,bd07,True,0,correct,3,True,10,20,2.0
bifurc,even_odd,_todd20,3,0.0,0,bd07,bd07,True,0,correct,3,True,10,20,2.0
bifurc,even_odd,_todd20,3,0.0,0,bd07,bd07,True,0,correct,3,True,10,20,2.0
bifurc,even_odd,_todd20,3,0.0,0,bd07,bd07,True,0,correct,3,True,10,20,2.0
bifurc,even_odd,_todd20,3,0.0,0,bd07,bd07,True,0,correct,3,True,10,20,2.0
bifurc,even_odd,_todd20,3,0.0,0,bd07,bd07,True,0,correct,3,True,10,20,2.0
bifurc,even_odd,_todd20,3,0.0,0,bd07,bd07,True,0,correct,3,True,10,20,2.0
bifurc,even_odd,_todd20,3,0.0,0,bd07,bd07,True,0,correct,3,True,10,20,2.0
bifurc,even_odd,_todd20,3,0.0,0,bd07,bd07,True,0,correct,3,True,10,20,2.0
bifurc,even_odd,_todd20,3,0.0,0,bd07,bd07,True,0,correct,3,True,10,20,2.0
bifurc,even_odd,_todd20,3,0.0,0,bd07,bd07,True,0,correct,3,True,10,20,2.0
bifurc,even_odd,_todd20,3,0.0,0,bd07,bd07,True,0,correct,3,True,10,20,2.0
bifurc,even_odd,_todd20,3,0.0,0,bd07,bd07,True,0,correct,3,True,10,20,2.0
bifurc,even_odd,_todd20,3,0.0,0,bd07,bd07,True,0,correct,3,True,10,20,2.0
bifurc,even_odd,_todd20,3,0.0,0,bd07,bd07,True,0,correct,3,True,10,20,2.0
bifurc,even_odd,_todd20,3,0.0,0,bd07,bd07,True,0,correct,3,True,10,20,2.0
bifurc,even_odd,_todd20,3,0.0,0,bd07,bd07,True,0,correct,3,True,10,20,2.0
bifurc,even_odd,_todd20,3,0.0,0,bd07,bd07,True,0,correct,3,True,10,20,2.0
bifurc,even_odd,_todd20,3,0.0,0,bd07,bd07,True,0,correct,3,True,10,20,2.0
bifurc,even_odd,_todd20,3,0.0,0,bd07,bd07,True,0,correct,3,True,10,20,2.0
bifurc,even_odd,_todd20,3,0.0,0,bd07,bd07,True,0,correct,3,True,10,20,2.0
bifurc,even_odd,_todd20,3,0.0,0,bd07,bd07,True,0,correct,3,True,10,20,2.0
bifurc,even_odd,_todd20,3,0.0,0,bd07,bd07,True,0,correct,3,True,10,20,2.0
bifurc,even_odd,_todd20,3,0.0,0,bd07,bd07,True,0,correct,3,True,10,20,2.0
bifurc,even_odd,_todd20,3,0.0,0,bd07,bd07,True,0,correct,3,True,10,20,2.0
bifurc,even_odd,_todd20,3,0.0,0,bd07,bd07,True,0,correct,3,True,10,20,2.0
bifurc,even_odd,_todd20,3,0.0,0,bd07,bd07,True,0,correct,3,True,10,20,2.0
bifurc,even_odd,_todd20,3,0.0,0,bd07,bd07,True,0,correct,3,True,10,20,2.0
bifurc,even_odd,_todd20,3,0.0,0,bd07,bd07,True,0,correct,3,True,10,20,2.0
bifurc,even_odd,_todd20,3,0.0,0,bd07,bd07,True,0,correct,3,True,10,20,2.0
bifurc,even_odd,_todd20,3,0.0,0,bd07,bd07,True,0,correct,3,True,10,20,2.0
bifurc,even_odd,_todd20,3,0.0,0,bd07,bd07,True,0,correct,3,True,10,20,2.0
bifurc,even_odd,_todd20,3,0.0,0,bd07,bd07,True,0,correct,3,True,10,20,2.0
bifurc,even_odd,_todd20,3,0.0,0,bd07,bd07,True,0,correct,3,True,10,20,2.0
bifurc,even_odd,_todd20,3,0.0,0,bd07,bd07,True,0,correct,3,True,10,20,2.0
bifurc,even_odd,_todd20,3,0.0,0,bd07,bd07,True,0,correct,3,True,10,20,2.0
bifurc,even_odd,_todd20,3,0.0,0,bd07,bd07,True,0,correct,3,True,10,20,2.0
bifurc,even_odd,_todd20,3,0.0,0,bd07,bd07,True,0,correct,3,True,10,20,2.0
bifurc,even_odd,_todd20,0,0.2,2,fce2,fca6,True,11,correct,0,True,10,20,2.0
bifurc,even_odd,_todd20,0,0.2,1,fc26,fca6,True,21,correct,0,True,10,20,2.0
bifurc,even_odd,_todd20,0,0.2,4,70e6,fca6,True,51,correct,0,True,10,20,2.0
bifurc,even_odd,_todd20,0,0.2,5,dfe4,58a4,True,51,spurious,-1,False,10,20,2.0
bifurc,even_odd,_todd20,0,0.2,5,dd34,58a4,True,51,spurious,-1,False,10,20,2.0
bifurc,even_odd,_todd20,0,0.2,0,fca6,fca6,True,0,correct,0,True,10,20,2.0
bifurc,even_odd,_todd20,0,0.2,1,f8a6,fca6,True,11,correct,0,True,10,20,2.0
bifurc,even_odd,_todd20,0,0.2,1,fc26,fca6,True,21,correct,0,True,10,20,2.0
bifurc,even_odd,_todd20,0,0.2,4,64a4,58a4,True,51,spurious,-1,False,10,20,2.0
bifurc,even_odd,_todd20,0,0.2,3,74b6,fca6,True,31,correct,0,True,10,20,2.0
bifurc,even_odd,_todd20,0,0.2,3,9ea6,fca6,True,21,correct,0,True,10,20,2.0
bifurc,even_odd,_todd20,0,0.2,6,1686,2b4,True,71,spurious,-1,False,10,20,2.0
bifurc,even_odd,_todd20,0,0.2,3,fc16,bd07,True,11,wrong_pattern,3,False,10,20,2.0
bifurc,even_odd,_todd20,0,0.2,2,fc36,fca6,True,21,correct,0,True,10,20,2.0
bifurc,even_odd,_todd20,0,0.2,1,fca4,fca6,True,21,correct,0,True,10,20,2.0
bifurc,even_odd,_todd20,0,0.2,2,fcb4,fca6,True,21,correct,0,True,10,20,2.0
bifurc,even_odd,_todd20,0,0.2,5,5086,58a4,True,21,spurious,-1,False,10,20,2.0
bifurc,even_odd,_todd20,0,0.2,4,dde4,58a4,True,51,spurious,-1,False,10,20,2.0
bifurc,even_odd,_todd20,0,0.2,3,f8b4,fca6,True,51,correct,0,True,10,20,2.0
bifurc,even_odd,_todd20,0,0.2,4,748e,fca6,True,21,correct,0,True,10,20,2.0
bifurc,even_odd,_todd20,0,0.2,4,b9a4,fca6,True,51,correct,0,True,10,20,2.0
bifurc,even_odd,_todd20,0,0.2,4,7cc2,fca6,True,41,correct,0,True,10,20,2.0
bifurc,even_odd,_todd20,0,0.2,0,fca6,fca6,True,0,correct,0,True,10,20,2.0
bifurc,even_odd,_todd20,0,0.2,3,fcb3,fca6,True,11,correct,0,True,10,20,2.0
bifurc,even_odd,_todd20,0,0.2,2,f5a6,fca6,True,21,correct,0,True,10,20,2.0
bifurc,even_odd,_todd20,0,0.2,3,f6e6,a6b6,True,41,wrong_pattern,2,False,10,20,2.0
bifurc,even_odd,_todd20,0,0.2,1,fea6,fca6,True,21,correct,0,True,10,20,2.0
bifurc,even_odd,_todd20,0,0.2,3,6da6,fca6,True,21,correct,0,True,10,20,2.0
bifurc,even_odd,_todd20,0,0.2,3,dcb4,58a4,True,51,spurious,-1,False,10,20,2.0
bifurc,even_odd,_todd20,0,0.2,2,fc36,fca6,True,21,correct,0,True,10,20,2.0
bifurc,even_odd,_todd20,0,0.2,0,fca6,fca6,True,0,correct,0,True,10,20,2.0
bifurc,even_odd,_todd20,0,0.2,4,b4b2,fca6,True,41,correct,0,True,10,20,2.0
bifurc,even_odd,_todd20,0,0.2,5,2cf6,fca6,True,41,correct,0,True,10,20,2.0
bifurc,even_odd,_todd20,0,0.2,5,e804,bda7,False,1380,oscillated,-1,False,10,20,2.0
bifurc,even_odd,_todd20,0,0.2,6,bccb,fca6,True,71,correct,0,True,10,20,2.0
bifurc,even_odd,_todd20,0,0.2,2,bcae,fca6,True,21,correct,0,True,10,20,2.0
bifurc,even_odd,_todd20,0,0.2,2,ecb6,fca6,True,11,correct,0,True,10,20,2.0
bifurc,even_odd,_todd20,0,0.2,5,b485,aeb6,False,1380,oscillated,-1,False,10,20,2.0
bifurc,even_odd,_todd20,0,0.2,3,7da2,fca6,True,21,correct,0,True,10,20,2.0
bifurc,even_odd,_todd20,0,0.2,5,7dbf,fca6,True,31,correct,0,True,10,20,2.0
bifurc,even_odd,_todd20,0,0.2,4,baa4,fca6,True,51,correct,0,True,10,20,2.0
bifurc,even_odd,_todd20,0,0.2,5,efa5,fca6,True,41,correct,0,True,10,20,2.0
bifurc,even_odd,_todd20,0,0.2,4,e827,fca6,True,51,correct,0,True,10,20,2.0
bifurc,even_odd,_todd20,0,0.2,1,7ca6,fca6,True,21,correct,0,True,10,20,2.0
bifurc,even_odd,_todd20,0,0.2,7,b845,bd07,True,51,wrong_pattern,3,False,10,20,2.0
bifurc,even_odd,_todd20,0,0.2,4,ffbe,fca6,True,21,correct,0,True,10,20,2.0
bifurc,even_odd,_todd20,0,0.2,5,7d83,bd07,True,21,wrong_pattern,3,False,10,20,2.0
bifurc,even_odd,_todd20,0,0.2,3,d8a4,58a4,True,21,spurious,-1,False,10,20,2.0
bifurc,even_odd,_todd20,0,0.2,3,fc04,bda7,False,1380,oscillated,-1,False,10,20,2.0
bifurc,even_odd,_todd20,0,0.2,2,7ea6,fca6,True,21,correct,0,True,10,20,2.0
bifurc,even_odd,_todd20,0,0.2,4,14a6,58a4,True,51,spurious,-1,False,10,20,2.0
bifurc,even_odd,_todd20,0,0.2,5,7d9e,fca6,True,41,correct,0,True,10,20,2.0
bifurc,even_odd,_todd20,0,0.2,3,7de6,fca6,True,21,correct,0,True,10,20,2.0
bifurc,even_odd,_todd20,0,0.2,1,bca6,fca6,True,11,correct,0,True,10,20,2.0
bifurc,even_odd,_todd20,0,0.2,4,ffe7,fca6,True,31,correct,0,True,10,20,2.0
bifurc,even_odd,_todd20,0,0.2,5,7d32,fc67,False,1380,oscillated,-1,False,10,20,2.0
bifurc,even_odd,_todd20,0,0.2,1,fca4,fca6,True,21,correct,0,True,10,20,2.0
bifurc,even_odd,_todd20,0,0.2,1,fcb6,fca6,True,11,correct,0,True,10,20,2.0
bifurc,even_odd,_todd20,0,0.2,5,bc3f,fca6,True,91,correct,0,True,10,20,2.0
bifurc,even_odd,_todd20,0,0.2,1,fce6,fca6,True,11,correct,0,True,10,20,2.0
bifurc,even_odd,_todd20,0,0.2,4,dc46,fd4b,True,71,spurious,-1,False,10,20,2.0
bifurc,even_odd,_todd20,0,0.2,2,fe86,fca6,True,21,correct,0,True,10,20,2.0
bifurc,even_odd,_todd20,0,0.2,5,68e7,fca6,True,51,correct,0,True,10,20,2.0
bifurc,even_odd,_todd20,0,0.2,4,dcd6,fca6,True,21,correct,0,True,10,20,2.0
bifurc,even_odd,_todd20,0,0.2,6,9c60,58a4,True,61,spurious,-1,False,10,20,2.0
bifurc,even_odd,_todd20,0,0.2,3,f4b4,fca6,True,31,correct,0,True,10,20,2.0
bifurc,even_odd,_todd20,0,0.2,3,bda7,fca6,True,11,correct,0,True,10,20,2.0
bifurc,even_odd,_todd20,0,0.2,6,cd85,1905,True,51,spurious,-1,False,10,20,2.0
bifurc,even_odd,_todd20,0,0.2,4,dec6,fca6,True,21,correct,0,True,10,20,2.0
bifurc,even_odd,_todd20,0,0.2,4,ea26,fca6,True,21,correct,0,True,10,20,2.0
bifurc,even_odd,_todd20,0,0.2,7,70f3,fca6,True,51,correct,0,True,10,20,2.0
bifurc,even_odd,_todd20,0,0.2,3,bda7,fca6,True,11,correct,0,True,10,20,2.0
bifurc,even_odd,_todd20,0,0.2,1,bca6,fca6,True,11,correct,0,True,10,20,2.0
bifurc,even_odd,_todd20,0,0.2,2,eca2,fca6,True,11,correct,0,True,10,20,2.0
bifurc,even_odd,_todd20,0,0.2,2,dcae,fca6,True,21,correct,0,True,10,20,2.0
bifurc,even_odd,_todd20,0,0.2,3,3cb6,fca6,True,31,correct,0,True,10,20,2.0
bifurc,even_odd,_todd20,0,0.2,3,f926,fca6,True,51,correct,0,True,10,20,2.0
bifurc,even_odd,_todd20,0,0.2,1,7ca6,fca6,True,21,correct,0,True,10,20,2.0
bifurc,even_odd,_todd20,0,0.2,2,fce4,fca6,True,21,correct,0,True,10,20,2.0
bifurc,even_odd,_todd20,0,0.2,2,bcb6,fca6,True,11,correct,0,True,10,20,2.0
bifurc,even_odd,_todd20,1,0.2,2,5bb5,58a4,True,31,spurious,-1,False,10,20,2.0
bifurc,even_odd,_todd20,1,0.2,6,6b80,52b4,False,1380,oscillated,-1,False,10,20,2.0
bifurc,even_odd,_todd20,1,0.2,3,1fd1,395,True,31,spurious,-1,False,10,20,2.0
bifurc,even_odd,_todd20,1,0.2,3,1f35,1b95,True,21,correct,1,True,10,20,2.0
bifurc,even_odd,_todd20,1,0.2,0,1b95,1b95,True,0,correct,1,True,10,20,2.0
bifurc,even_odd,_todd20,1,0.2,4,5ac5,58a4,True,31,spurious,-1,False,10,20,2.0
bifurc,even_odd,_todd20,1,0.2,2,1bd4,2b4,True,31,spurious,-1,False,10,20,2.0
bifurc,even_odd,_todd20,1,0.2,1,b95,1b95,True,11,correct,1,True,10,20,2.0
bifurc,even_odd,_todd20,1,0.2,5,2b75,359,True,71,spurious,-1,False,10,20,2.0
bifurc,even_odd,_todd20,1,0.2,6,2881,58a4,True,71,spurious,-1,False,10,20,2.0
bifurc,even_odd,_todd20,1,0.2,3,1abd,2b4,True,31,spurious,-1,False,10,20,2.0
bifurc,even_odd,_todd20,1,0.2,1,1b97,1b95,True,21,correct,1,True,10,20,2.0
bifurc,even_odd,_todd20,1,0.2,1,b95,1b95,True,11,correct,1,True,10,20,2.0
bifurc,even_odd,_todd20,1,0.2,2,1994,58a4,True,41,spurious,-1,False,10,20,2.0
bifurc,even_odd,_todd20,1,0.2,2,3b15,1b95,True,21,correct,1,True,10,20,2.0
bifurc,even_odd,_todd20,1,0.2,5,7b1f,a75b,True,61,spurious,-1,False,10,20,2.0
bifurc,even_odd,_todd20,1,0.2,6,93e7,a6b6,True,71,wrong_pattern,2,False,10,20,2.0
bifurc,even_odd,_todd20,1,0.2,6,8899,5949,True,71,spurious,-1,False,10,20,2.0
bifurc,even_odd,_todd20,1,0.2,2,1b55,395,True,31,spurious,-1,False,10,20,2.0
bifurc,even_odd,_todd20,1,0.2,3,b8d,395,True,41,spurious,-1,False,10,20,2.0
bifurc,even_odd,_todd20,1,0.2,2,139d,395,True,41,spurious,-1,False,10,20,2.0
bifurc,even_odd,_todd20,1,0.2,2,bb95,bf97,True,51,spurious,-1,False,10,20,2.0
bifurc,even_odd,_todd20,1,0.2,1,1a95,58a4,True,61,spurious,-1,False,10,20,2.0
bifurc,even_odd,_todd20,1,0.2,3,18d5,58a4,True,51,spurious,-1,False,10,20,2.0
bifurc,even_odd,_todd20,1,0.2,2,1915,1905,True,11,spurious,-1,False,10,20,2.0
bifurc,even_odd,_todd20,1,0.2,3,19b7,58a4,True,31,spurious,-1,False,10,20,2.0
bifurc,even_odd,_todd20,1,0.2,4,3a05,1915,False,1380,oscillated,-1,False,10,20,2.0
bifurc,even_odd,_todd20,1,0.2,2,9bb5,58a4,True,51,spurious,-1,False,10,20,2.0
bifurc,even_odd,_todd20,1,0.2,5,1ead,58a4,True,21,spurious,-1,False,10,20,2.0
bifurc,even_odd,_todd20,1,0.2,4,1f80,58a4,True,51,spurious,-1,False,10,20,2.0
bifurc,even_odd,_todd20,1,0.2,3,399d,1905,True,31,spurious,-1,False,10,20,2.0
bifurc,even_odd,_todd20,1,0.2,6,1645,359,True,41,spurious,-1,False,10,20,2.0
bifurc,even_odd,_todd20,1,0.2,3,5b87,1905,True,31,spurious,-1,False,10,20,2.0
bifurc,even_odd,_todd20,1,0.2,5,1b29,1905,True,81,spurious,-1,False,10,20,2.0
bifurc,even_odd,_todd20,1,0.2,3,1be5,58a4,True,41,spurious,-1,False,10,20,2.0
bifurc,even_odd,_todd20,1,0.2,2,1e95,58a4,True,61,spurious,-1,False,10,20,2.0
bifurc,even_odd,_todd20,1,0.2,2,3b85,1915,False,1380,oscillated,-1,False,10,20,2.0
bifurc,even_odd,_todd20,1,0.2,7,fed1,fca6,True,31,wrong_pattern,0,False,10,20,2.0
bifurc,even_odd,_todd20,1,0.2,3,7995,1905,True,31,spurious,-1,False,10,20,2.0
bifurc,even_odd,_todd20,1,0.2,3,1f1d,359,True,41,spurious,-1,False,10,20,2.0
bifurc,even_odd,_todd20,1,0.2,3,13c5,395,True,11,spurious,-1,False,10,20,2.0
bifurc,even_odd,_todd20,1,0.2,2,1915,1905,True,11,spurious,-1,False,10,20,2.0
bifurc,even_odd,_todd20,1,0.2,3,f97,1b95,True,71,correct,1,True,10,20,2.0
bifurc,even_odd,_todd20,1,0.2,2,1b8d,395,True,101,spurious,-1,False,10,20,2.0
bifurc,even_odd,_todd20,1,0.2,4,b391,a797,True,51,spurious,-1,False,10,20,2.0
bifurc,even_odd,_todd20,1,0.2,2,3bb5,58a4,True,51,spurious,-1,False,10,20,2.0
bifurc,even_odd,_todd20,1,0.2,3,9bb1,2b4,True,31,spurious,-1,False,10,20,2.0
bifurc,even_odd,_todd20,1,0.2,3,5f94,58a4,True,31,spurious,-1,False,10,20,2.0
bifurc,even_odd,_todd20,1,0.2,3,4bd5,1b95,True,11,correct,1,True,10,20,2.0
bifurc,even_odd,_todd20,1,0.2,1,1b9d,395,True,41,spurious,-1,False,10,20,2.0
bifurc,even_odd,_todd20,1,0.2,4,179c,2b4,True,31,spurious,-1,False,10,20,2.0
bifurc,even_odd,_todd20,1,0.2,3,1215,395,True,41,spurious,-1,False,10,20,2.0
bifurc,even_odd,_todd20,1,0.2,2,1b81,1b95,True,11,correct,1,True,10,20,2.0
bifurc,even_odd,_todd20,1,0.2,5,d305,1b95,True,121,correct,1,True,10,20,2.0
bifurc,even_odd,_todd20,1,0.2,4,1214,2b4,True,71,spurious,-1,False,10,20,2.0
bifurc,even_odd,_todd20,1,0.2,1,1b97,1b95,True,21,correct,1,True,10,20,2.0
bifurc,even_odd,_todd20,1,0.2,5,3b50,31d,False,1380,oscillated,-1,False,10,20,2.0
bifurc,even_odd,_todd20,1,0.2,5,717,395,True,51,spurious,-1,False,10,20,2.0
bifurc,even_odd,_todd20,1,0.2,4,396,2b4,True,31,spurious,-1,False,10,20,2.0
bifurc,even_odd,_todd20,1,0.2,1,1395,395,True,11,spurious,-1,False,10,20,2.0
bifurc,even_odd,_todd20,1,0.2,4,5194,58a4,True,71,spurious,-1,False,10,20,2.0
bifurc,even_odd,_todd20,1,0.2,3,1291,2b4,True,31,spurious,-1,False,10,20,2.0
bifurc,even_odd,_todd20,1,0.2,3,1bad,58a4,True,41,spurious,-1,False,10,20,2.0
bifurc,even_odd,_todd20,1,0.2,5,cbf5,52b4,False,1380,oscillated,-1,False,10,20,2.0
bifurc,even_odd,_todd20,1,0.2,6,17b8,42f8,True,31,spurious,-1,False,10,20,2.0
bifurc,even_odd,_todd20,1,0.2,2,1bc5,1b95,True,11,correct,1,True,10,20,2.0
bifurc,even_odd,_todd20,1,0.2,4,1097,2b4,True,41,spurious,-1,False,10,20,2.0
bifurc,even_odd,_todd20,1,0.2,6,3982,fca6,True,51,wrong_pattern,0,False,10,20,2.0
bifurc,even_odd,_todd20,1,0.2,4,3797,a797,True,41,spurious,-1,False,10,20,2.0
bifurc,even_odd,_todd20,1,0.2,2,1b96,58a4,True,61,spurious,-1,False,10,20,2.0
bifurc,even_odd,_todd20,1,0.2,4,1b18,359,True,31,spurious,-1,False,10,20,2.0
bifurc,even_odd,_todd20,1,0.2,2,1195,395,True,41,spurious,-1,False,10,20,2.0
bifurc,even_odd,_todd20,1,0.2,3,9b5,58a4,True,61,spurious,-1,False,10,20,2.0
bifurc,even_odd,_todd20,1,0.2,5,22b5,2b4,True,21,spurious,-1,False,10,20,2.0
bifurc,even_odd,_todd20,1,0.2,3,19b1,58a4,True,11,spurious,-1,False,10,20,2.0
bifurc,even_odd,_todd20,1,0.2,6,7a98,58a4,True,31,spurious,-1,False,10,20,2.0
bifurc,even_odd,_todd20,1,0.2,1,1b97,1b95,True,21,correct,1,True,10,20,2.0
bifurc,even_odd,_todd20,1,0.2,4,1a07,1915,False,1380,oscillated,-1,False,10,20,2.0
bifurc,even_odd,_todd20,1,0.2,3,3a15,1b95,True,21,correct,1,True,10,20,2.0
bifurc,even_odd,_todd20,1,0.2,5,8b5d,359,True,21,spurious,-1,False,10,20,2.0
bifurc,even_odd,_todd20,2,0.2,4,96f7,a6b6,True,21,correct,2,True,10,20,2.0
bifurc,even_odd,_todd20,2,0.2,3,b6a4,a6b6,True,41,correct,2,True,10,20,2.0
bifurc,even_odd,_todd20,2,0.2,4,c7b2,a6b6,True,31,correct,2,True,10,20,2.0
bifurc,even_odd,_todd20,2,0.2,2,a63e,e6fa,True,31,spurious,-1,False,10,20,2.0
bifurc,even_odd,_todd20,2,0.2,5,a4ce,e6fa,True,31,spurious,-1,False,10,20,2.0
bifurc,even_odd,_todd20,2,0.2,2,a6fe,e6fa,True,31,spurious,-1,False,10,20,2.0
bifurc,even_odd,_todd20,2,0.2,5,379e,a6b6,True,31,correct,2,True,10,20,2.0
bifurc,even_odd,_todd20,2,0.2,5,e41e,a75b,True,41,spurious,-1,False,10,20,2.0
bifurc,even_odd,_todd20,2,0.2,3,a432,e6fa,True,31,spurious,-1,False,10,20,2.0
bifurc,even_odd,_todd20,2,0.2,2,24b6,fca6,True,41,wrong_pattern,0,False,10,20,2.0
bifurc,even_odd,_todd20,2,0.2,2,a69e,a6b6,True,21,correct,2,True,10,20,2.0
bifurc,even_odd,_todd20,2,0.2,5,f23e,fca6,True,91,wrong_pattern,0,False,10,20,2.0
bifurc,even_odd,_todd20,2,0.2,7,6f84,58a4,True,51,spurious,-1,False,10,20,2.0
bifurc,even_odd,_todd20,2,0.2,1,e6b6,a6b6,True,11,correct,2,True,10,20,2.0
bifurc,even_odd,_todd20,2,0.2,4,aa97,f6b6,False,1380,oscillated,-1,False,10,20,2.0
bifurc,even_odd,_todd20,2,0.2,2,a3b6,a6b6,True,11,correct,2,True,10,20,2.0
bifurc,even_odd,_todd20,2,0.2,3,afb4,f6b6,False,1380,oscillated,-1,False,10,20,2.0
bifurc,even_odd,_todd20,2,0.2,5,96af,a6b6,True,51,correct,2,True,10,20,2.0
bifurc,even_odd,_todd20,2,0.2,3,a635,a6b6,True,51,correct,2,True,10,20,2.0
bifurc,even_odd,_todd20,2,0.2,6,ac1f,fd4b,True,41,spurious,-1,False,10,20,2.0
bifurc,even_odd,_todd20,2,0.2,4,84b0,58a4,True,51,spurious,-1,False,10,20,2.0
bifurc,even_odd,_todd20,2,0.2,3,a732,a677,False,1380,oscillated,-1,False,10,20,2.0
bifurc,even_odd,_todd20,2,0.2,5,86a1,2b4,True,51,spurious,-1,False,10,20,2.0
bifurc,even_odd,_todd20,2,0.2,9,8b00,359,True,51,spurious,-1,False,10,20,2.0
bifurc,even_odd,_todd20,2,0.2,1,a6b7,a6b6,True,11,correct,2,True,10,20,2.0
bifurc,even_odd,_todd20,2,0.2,1,a6be,a6b6,True,21,correct,2,True,10,20,2.0
bifurc,even_odd,_todd20,2,0.2,5,276,42f8,True,51,spurious,-1,False,10,20,2.0
bifurc,even_odd,_todd20,2,0.2,2,26b4,2b4,True,51,spurious,-1,False,10,20,2.0
bifurc,even_odd,_todd20,2,0.2,2,a694,a6b6,True,21,correct,2,True,10,20,2.0
bifurc,even_odd,_todd20,2,0.2,5,624,2b4,True,21,spurious,-1,False,10,20,2.0
bifurc,even_odd,_todd20,2,0.2,5,6fb7,f6b6,False,1380,oscillated,-1,False,10,20,2.0
bifurc,even_odd,_todd20,2,0.2,5,3232,e6fa,True,51,spurious,-1,False,10,20,2.0
bifurc,even_odd,_todd20,2,0.2,1,a6be,a6b6,True,21,correct,2,True,10,20,2.0
bifurc,even_odd,_todd20,2,0.2,1,aeb6,f6b6,False,1380,oscillated,-1,False,10,20,2.0
bifurc,even_odd,_todd20,2,0.2,3,34b6,fca6,True,41,wrong_pattern,0,False,10,20,2.0
bifurc,even_odd,_todd20,2,0.2,3,27f6,a6b6,True,21,correct,2,True,10,20,2.0
bifurc,even_odd,_todd20,2,0.2,3,26f2,a6b6,True,31,correct,2,True,10,20,2.0
bifurc,even_odd,_todd20,2,0.2,3,b6e6,a6b6,True,41,correct,2,True,10,20,2.0
bifurc,even_odd,_todd20,2,0.2,3,a6d4,a6b6,True,21,correct,2,True,10,20,2.0
bifurc,even_odd,_todd20,2,0.2,1,a6b2,a6b6,True,11,correct,2,True,10,20,2.0
bifurc,even_odd,_todd20,2,0.2,2,a69e,a6b6,True,21,correct,2,True,10,20,2.0
bifurc,even_odd,_todd20,2,0.2,3,87a6,a6b6,True,21,correct,2,True,10,20,2.0
bifurc,even_odd,_todd20,2,0.2,1,a6be,a6b6,True,21,correct,2,True,10,20,2.0
bifurc,even_odd,_todd20,2,0.2,0,a6b6,a6b6,True,0,correct,2,True,10,20,2.0
bifurc,even_odd,_todd20,2,0.2,4,b0f6,fca6,True,41,wrong_pattern,0,False,10,20,2.0
bifurc,even_odd,_todd20,2,0.2,7,94df,a75b,True,91,spurious,-1,False,10,20,2.0
bifurc,even_odd,_todd20,2,0.2,2,a6b0,a6b6,True,21,correct,2,True,10,20,2.0
bifurc,even_odd,_todd20,2,0.2,5,6635,359,True,71,spurious,-1,False,10,20,2.0
bifurc,even_odd,_todd20,2,0.2,3,36b2,a6b6,True,21,correct,2,True,10,20,2.0
bifurc,even_odd,_todd20,2,0.2,5,e433,a75b,True,51,spurious,-1,False,10,20,2.0
bifurc,even_odd,_todd20,2,0.2,3,a6b8,e6fa,True,31,spurious,-1,False,10,20,2.0
bifurc,even_odd,_todd20,2,0.2,7,c70e,a75b,True,31,spurious,-1,False,10,20,2.0
bifurc,even_odd,_todd20,2,0.2,3,a6e4,a6b6,True,21,correct,2,True,10,20,2.0
bifurc,even_odd,_todd20,2,0.2,1,a4b6,fca6,True,41,wrong_pattern,0,False,10,20,2.0
bifurc,even_odd,_todd20,2,0.2,3,a6f5,a6b6,True,21,correct,2,True,10,20,2.0
bifurc,even_odd,_todd20,2,0.2,2,26be,a6b6,True,21,correct,2,True,10,20,2.0
bifurc,even_odd,_todd20,2,0.2,3,a6e7,a6b6,True,11,correct,2,True,10,20,2.0
bifurc,even_odd,_todd20,2,0.2,2,aef6,a6b6,True,31,correct,2,True,10,20,2.0
bifurc,even_odd,_todd20,2,0.2,3,b2a6,a6b6,True,41,correct,2,True,10,20,2.0
bifurc,even_odd,_todd20,2,0.2,3,c6b7,a6b6,True,21,correct,2,True,10,20,2.0
bifurc,even_odd,_todd20,2,0.2,4,2486,fca6,True,41,wrong_pattern,0,False,10,20,2.0
bifurc,even_odd,_todd20,2,0.2,2,86b2,a6b6,True,21,correct,2,True,10,20,2.0
bifurc,even_odd,_todd20,2,0.2,4,ecf6,fca6,True,11,wrong_pattern,0,False,10,20,2.0
bifurc,even_odd,_todd20,2,0.2,1,a6f6,a6b6,True,11,correct,2,True,10,20,2.0
bifurc,even_odd,_todd20,2,0.2,4,9ea6,fca6,True,21,wrong_pattern,0,False,10,20,2.0
bifurc,even_odd,_todd20,2,0.2,4,a0f2,fca6,True,71,wrong_pattern,0,False,10,20,2.0
bifurc,even_odd,_todd20,2,0.2,4,33b6,a6b6,True,71,correct,2,True,10,20,2.0
bifurc,even_odd,_todd20,2,0.2,6,9282,a6b6,True,71,correct,2,True,10,20,2.0
bifurc,even_odd,_todd20,2,0.2,4,e2a4,fca6,True,61,wrong_pattern,0,False,10,20,2.0
bifurc,even_odd,_todd20,2,0.2,2,86a6,a6b6,True,21,correct,2,True,10,20,2.0
bifurc,even_odd,_todd20,2,0.2,3,2ef6,a6b6,True,31,correct,2,True,10,20,2.0
bifurc,even_odd,_todd20,2,0.2,2,aebe,a6b6,True,31,correct,2,True,10,20,2.0
bifurc,even_odd,_todd20,2,0.2,4,2ee6,fca6,True,41,wrong_pattern,0,False,10,20,2.0
bifurc,even_odd,_todd20,2,0.2,2,87b6,a6b6,True,21,correct,2,True,10,20,2.0
bifurc,even_odd,_todd20,2,0.2,5,25ba,e6fa,True,31,spurious,-1,False,10,20,2.0
bifurc,even_odd,_todd20,2,0.2,2,86a6,a6b6,True,21,correct,2,True,10,20,2.0
bifurc,even_odd,_todd20,2,0.2,4,bab2,a6b6,True,31,correct,2,True,10,20,2.0
bifurc,even_odd,_todd20,2,0.2,4,a7f5,a6b6,True,31,correct,2,True,10,20,2.0
bifurc,even_odd,_todd20,2,0.2,4,e624,e6fa,True,41,spurious,-1,False,10,20,2.0
bifurc,even_odd,_todd20,2,0.2,4,60b6,fca6,True,51,wrong_pattern,0,False,10,20,2.0
bifurc,even_odd,_todd20,3,0.2,3,dd03,bd07,True,31,correct,3,True,10,20,2.0
bifurc,even_odd,_todd20,3,0.2,3,fd04,bd07,True,31,correct,3,True,10,20,2.0
bifurc,even_odd,_todd20,3,0.2,3,9d45,1905,True,51,spurious,-1,False,10,20,2.0
bifurc,even_odd,_todd20,3,0.2,7,88f,58a4,True,51,spurious,-1,False,10,20,2.0
bifurc,even_odd,_todd20,3,0.2,2,fd0f,fd4b,True,31,spurious,-1,False,10,20,2.0
bifurc,even_odd,_todd20,3,0.2,6,1845,1905,True,21,spurious,-1,False,10,20,2.0
bifurc,even_odd,_todd20,3,0.2,6,8963,fd4b,True,71,spurious,-1,False,10,20,2.0
bifurc,even_odd,_todd20,3,0.2,2,b587,bf97,True,61,spurious,-1,False,10,20,2.0
bifurc,even_odd,_todd20,3,0.2,2,ad06,bd07,True,11,correct,3,True,10,20,2.0
bifurc,even_odd,_todd20,3,0.2,3,390f,bd07,True,51,correct,3,True,10,20,2.0
bifurc,even_odd,_todd20,3,0.2,1,bd47,bd07,True,11,correct,3,True,10,20,2.0
bifurc,even_odd,_todd20,3,0.2,3,f517,bd07,True,31,correct,3,True,10,20,2.0
bifurc,even_odd,_todd20,3,0.2,3,ad85,bf87,False,1380,oscillated,-1,False,10,20,2.0
bifurc,even_odd,_todd20,3,0.2,5,cd1f,fd4b,True,41,spurious,-1,False,10,20,2.0
bifurc,even_odd,_todd20,3,0.2,2,b503,a75b,True,41,spurious,-1,False,10,20,2.0
bifurc,even_odd,_todd20,3,0.2,3,bc26,fca6,True,21,wrong_pattern,0,False,10,20,2.0
bifurc,even_odd,_todd20,3,0.2,2,a907,bd07,True,11,correct,3,True,10,20,2.0
bifurc,even_odd,_todd20,3,0.2,4,9d55,1905,True,71,spurious,-1,False,10,20,2.0
bifurc,even_odd,_todd20,3,0.2,3,ad86,fca6,True,71,wrong_pattern,0,False,10,20,2.0
bifurc,even_odd,_todd20,3,0.2,3,f547,fd4b,True,61,spurious,-1,False,10,20,2.0
bifurc,even_odd,_todd20,3,0.2,2,b503,a75b,True,41,spurious,-1,False,10,20,2.0
bifurc,even_odd,_todd20,3,0.2,4,bf2d,a797,True,71,spurious,-1,False,10,20,2.0
bifurc,even_odd,_todd20,3,0.2,2,bc05,bd07,True,21,correct,3,True,10,20,2.0
bifurc,even_odd,_todd20,3,0.2,6,fccd,fd8a,False,1380,oscillated,-1,False,10,20,2.0
bifurc,even_odd,_todd20,3,0.2,4,e506,a75b,True,71,spurious,-1,False,10,20,2.0
bifurc,even_odd,_todd20,3,0.2,4,9d12,bd07,True,41,correct,3,True,10,20,2.0
bifurc,even_odd,_todd20,3,0.2,2,fd05,bd07,True,21,correct,3,True,10,20,2.0
bifurc,even_odd,_todd20,3,0.2,3,1d17,1905,True,71,spurious,-1,False,10,20,2.0
bifurc,even_odd,_todd20,3,0.2,5,1b47,1915,False,1380,oscillated,-1,False,10,20,2.0
bifurc,even_odd,_todd20,3,0.2,3,be87,fca6,True,51,wrong_pattern,0,False,10,20,2.0
bifurc,even_odd,_todd20,3,0.2,5,f113,a75b,True,41,spurious,-1,False,10,20,2.0
bifurc,even_odd,_todd20,3,0.2,5,b34f,a75b,True,11,spurious,-1,False,10,20,2.0
bifurc,even_odd,_todd20,3,0.2,1,b507,bd07,True,21,correct,3,True,10,20,2.0
bifurc,even_odd,_todd20,3,0.2,5,e901,bd07,True,51,correct,3,True,10,20,2.0
bifurc,even_odd,_todd20,3,0.2,2,9d03,bd07,True,21,correct,3,True,10,20,2.0
bifurc,even_odd,_todd20,3,0.2,4,ff45,bd07,True,31,correct,3,True,10,20,2.0
bifurc,even_odd,_todd20,3,0.2,3,b50b,a75b,True,41,spurious,-1,False,10,20,2.0
bifurc,even_odd,_todd20,3,0.2,4,b536,fca6,True,81,wrong_pattern,0,False,10,20,2.0
bifurc,even_odd,_todd20,3,0.2,1,bd17,bd07,True,11,correct,3,True,10,20,2.0
bifurc,even_odd,_todd20,3,0.2,5,3596,a6b6,True,41,wrong_pattern,2,False,10,20,2.0
bifurc,even_odd,_todd20,3,0.2,3,ba07,bd17,False,1380,oscillated,-1,False,10,20,2.0
bifurc,even_odd,_todd20,3,0.2,4,a847,fd4b,True,81,spurious,-1,False,10,20,2.0
bifurc,even_odd,_todd20,3,0.2,2,b547,a75b,True,41,spurious,-1,False,10,20,2.0
bifurc,even_odd,_todd20,3,0.2,2,9d03,bd07,True,21,correct,3,True,10,20,2.0
bifurc,even_odd,_todd20,3,0.2,2,b107,bd07,True,21,correct,3,True,10,20,2.0
bifurc,even_odd,_todd20,3,0.2,3,bc97,fca6,True,41,wrong_pattern,0,False,10,20,2.0
bifurc,even_odd,_todd20,3,0.2,4,b44f,ad4b,False,1380,oscillated,-1,False,10,20,2.0
bifurc,even_odd,_todd20,3,0.2,6,f7a3,a6b6,True,11,wrong_pattern,2,False,10,20,2.0
bifurc,even_odd,_todd20,3,0.2,3,9587,bf97,True,61,spurious,-1,False,10,20,2.0
bifurc,even_odd,_todd20,3,0.2,3,ad67,bd07,True,61,correct,3,True,10,20,2.0
bifurc,even_odd,_todd20,3,0.2,4,be0b,fd4b,True,61,spurious,-1,False,10,20,2.0
bifurc,even_odd,_todd20,3,0.2,4,7c06,bda7,False,1380,oscillated,-1,False,10,20,2.0
bifurc,even_odd,_todd20,3,0.2,2,bd15,bd07,True,41,correct,3,True,10,20,2.0
bifurc,even_odd,_todd20,3,0.2,2,a507,bf97,True,91,spurious,-1,False,10,20,2.0
bifurc,even_odd,_todd20,3,0.2,3,b406,bda7,False,1380,oscillated,-1,False,10,20,2.0
bifurc,even_odd,_todd20,3,0.2,3,b805,bd07,True,51,correct,3,True,10,20,2.0
bifurc,even_odd,_todd20,3,0.2,4,b047,a75b,True,41,spurious,-1,False,10,20,2.0
bifurc,even_odd,_todd20,3,0.2,5,b91c,bd07,True,71,correct,3,True,10,20,2.0
bifurc,even_odd,_todd20,3,0.2,3,3517,bf97,True,41,spurious,-1,False,10,20,2.0
bifurc,even_odd,_todd20,3,0.2,2,bd57,bd07,True,11,correct,3,True,10,20,2.0
bifurc,even_odd,_todd20,3,0.2,1,bc07,bd07,True,11,correct,3,True,10,20,2.0
bifurc,even_odd,_todd20,3,0.2,4,bd52,bd07,True,41,correct,3,True,10,20,2.0
bifurc,even_odd,_todd20,3,0.2,4,1903,1905,True,21,spurious,-1,False,10,20,2.0
bifurc,even_odd,_todd20,3,0.2,2,bd0e,bd07,True,51,correct,3,True,10,20,2.0
bifurc,even_odd,_todd20,3,0.2,3,b567,a75b,True,41,spurious,-1,False,10,20,2.0
bifurc,even_odd,_todd20,3,0.2,4,1da7,58a4,True,61,spurious,-1,False,10,20,2.0
bifurc,even_odd,_todd20,3,0.2,3,f707,bf97,True,121,spurious,-1,False,10,20,2.0
bifurc,even_odd,_todd20,3,0.2,2,b707,a797,True,71,spurious,-1,False,10,20,2.0
bifurc,even_odd,_todd20,3,0.2,5,9de6,fca6,True,31,wrong_pattern,0,False,10,20,2.0
bifurc,even_odd,_todd20,3,0.2,1,3d07,bd07,True,21,correct,3,True,10,20,2.0
bifurc,even_odd,_todd20,3,0.2,7,6c0c,5949,True,71,spurious,-1,False,10,20,2.0
bifurc,even_odd,_todd20,3,0.2,4,e707,a75b,True,31,spurious,-1,False,10,20,2.0
bifurc,even_odd,_todd20,3,0.2,3,3d16,bd07,True,41,correct,3,True,10,20,2.0
bifurc,even_odd,_todd20,3,0.2,3,bd24,fca6,True,51,wrong_pattern,0,False,10,20,2.0
bifurc,even_odd,_todd20,3,0.2,4,3c16,bfa7,False,1380,oscillated,-1,False,10,20,2.0
bifurc,even_odd,_todd20,3,0.2,3,bdb7,fca6,True,31,wrong_pattern,0,False,10,20,2.0
bifurc,even_odd,_todd20,3,0.2,1,b907,bd07,True,11,correct,3,True,10,20,2.0
bifurc,even_odd,_todd20,3,0.2,0,bd07,bd07,True,0,correct,3,True,10,20,2.0
bifurc,even_odd,_todd20,3,0.2,3,9c05,1905,True,51,spurious,-1,False,10,20,2.0
bifurc,even_odd,_todd20,3,0.2,3,3d8f,bd07,True,31,correct,3,True,10,20,2.0
bifurc,even_odd,_todd20,0,0.4,4,dc34,58a4,True,51,spurious,-1,False,10,20,2.0
bifurc,even_odd,_todd20,0,0.4,6,ca87,fca6,True,51,correct,0,True,10,20,2.0
bifurc,even_odd,_todd20,0,0.4,5,7af6,fca6,True,51,correct,0,True,10,20,2.0
bifurc,even_odd,_todd20,0,0.4,3,fc37,fca6,True,51,correct,0,True,10,20,2.0
bifurc,even_odd,_todd20,0,0.4,4,d4aa,fca6,True,31,correct,0,True,10,20,2.0
bifurc,even_odd,_todd20,0,0.4,6,5d8c,58a4,True,71,spurious,-1,False,10,20,2.0
bifurc,even_odd,_todd20,0,0.4,5,b807,bd07,True,11,wrong_pattern,3,False,10,20,2.0
bifurc,even_odd,_todd20,0,0.4,9,b21f,a75b,True,11,spurious,-1,False,10,20,2.0
bifurc,even_odd,_todd20,0,0.4,5,6d82,fca6,True,51,correct,0,True,10,20,2.0
bifurc,even_odd,_todd20,0,0.4,7,b8cb,fca6,True,71,correct,0,True,10,20,2.0
bifurc,even_odd,_todd20,0,0.4,6,6e64,58a4,True,51,spurious,-1,False,10,20,2.0
bifurc,even_odd,_todd20,0,0.4,5,de8f,fca6,True,31,correct,0,True,10,20,2.0
bifurc,even_odd,_todd20,0,0.4,5,d52e,fd4b,True,61,spurious,-1,False,10,20,2.0
bifurc,even_odd,_todd20,0,0.4,8,6af3,fca6,True,61,correct,0,True,10,20,2.0
bifurc,even_odd,_todd20,0,0.4,6,9ce8,58a4,True,51,spurious,-1,False,10,20,2.0
bifurc,even_odd,_todd20,0,0.4,7,a481,a6b6,True,51,wrong_pattern,2,False,10,20,2.0
bifurc,even_odd,_todd20,0,0.4,7,ccda,fc6a,True,71,spurious,-1,False,10,20,2.0
bifurc,even_odd,_todd20,0,0.4,6,703e,fce2,False,1380,oscillated,-1,False,10,20,2.0
bifurc,even_odd,_todd20,0,0.4,5,df66,fc23,False,1380,oscillated,-1,False,10,20,2.0
bifurc,even_odd,_todd20,0,0.4,9,4693,2b4,True,51,spurious,-1,False,10,20,2.0
bifurc,even_odd,_todd20,0,0.4,8,1f25,1915,False,1380,oscillated,-1,False,10,20,2.0
bifurc,even_odd,_todd20,0,0.4,8,7b2b,fd4b,True,51,spurious,-1,False,10,20,2.0
bifurc,even_odd,_todd20,0,0.4,6,64e3,fc2e,False,1380,oscillated,-1,False,10,20,2.0
bifurc,even_odd,_todd20,0,0.4,3,bc8e,fca6,True,31,correct,0,True,10,20,2.0
bifurc,even_odd,_todd20,0,0.4,4,f527,bd07,True,31,wrong_pattern,3,False,10,20,2.0
bifurc,even_odd,_todd20,0,0.4,2,fca5,fca6,True,21,correct,0,True,10,20,2.0
bifurc,even_odd,_todd20,0,0.4,5,b984,fca6,True,51,correct,0,True,10,20,2.0
bifurc,even_odd,_todd20,0,0.4,9,c730,359,True,71,spurious,-1,False,10,20,2.0
bifurc,even_odd,_todd20,0,0.4,6,98e5,58a4,True,31,spurious,-1,False,10,20,2.0
bifurc,even_odd,_todd20,0,0.4,8,754c,5949,True,61,spurious,-1,False,10,20,2.0
bifurc,even_odd,_todd20,0,0.4,5,b825,fca6,True,51,correct,0,True,10,20,2.0
bifurc,even_odd,_todd20,0,0.4,7,a1e7,a6b6,True,71,wrong_pattern,2,False,10,20,2.0
bifurc,even_odd,_todd20,0,0.4,7,958a,a75b,True,91,spurious,-1,False,10,20,2.0
bifurc,even_odd,_todd20,0,0.4,9,307c,4068,True,71,spurious,-1,False,10,20,2.0
bifurc,even_odd,_todd20,0,0.4,4,d0a7,fca6,True,51,correct,0,True,10,20,2.0
bifurc,even_odd,_todd20,0,0.4,4,fe2c,fca6,True,51,correct,0,True,10,20,2.0
bifurc,even_odd,_todd20,0,0.4,5,ff16,bd07,True,31,wrong_pattern,3,False,10,20,2.0
bifurc,even_odd,_todd20,0,0.4,7,8ee,58a4,True,51,spurious,-1,False,10,20,2.0
bifurc,even_odd,_todd20,0,0.4,7,6c89,59cc,False,1380,oscillated,-1,False,10,20,2.0
bifurc,even_odd,_todd20,0,0.4,8,9a03,bd17,False,1380,oscillated,-1,False,10,20,2.0
bifurc,even_odd,_todd20,0,0.4,7,a828,fc6a,True,71,spurious,-1,False,10,20,2.0
bifurc,even_odd,_todd20,0,0.4,6,f44c,fd4b,True,31,spurious,-1,False,10,20,2.0
bifurc,even_odd,_todd20,0,0.4,6,5db0,58a4,True,11,spurious,-1,False,10,20,2.0
bifurc,even_odd,_todd20,0,0.4,7,1d94,58a4,True,41,spurious,-1,False,10,20,2.0
bifurc,even_odd,_todd20,0,0.4,6,a587,bf97,True,61,spurious,-1,False,10,20,2.0
bifurc,even_odd,_todd20,0,0.4,11,4231,359,True,71,spurious,-1,False,10,20,2.0
bifurc,even_odd,_todd20,0,0.4,5,8cb2,fca6,True,41,correct,0,True,10,20,2.0
bifurc,even_odd,_todd20,0,0.4,6,ef67,b717,False,1380,oscillated,-1,False,10,20,2.0
bifurc,even_odd,_todd20,0,0.4,6,bdcf,bd07,True,31,wrong_pattern,3,False,10,20,2.0
bifurc,even_odd,_todd20,0,0.4,5,d4a8,58a4,True,51,spurious,-1,False,10,20,2.0
bifurc,even_odd,_todd20,0,0.4,5,dee5,58a4,True,51,spurious,-1,False,10,20,2.0
bifurc,even_odd,_todd20,0,0.4,6,2d66,fd4b,True,41,spurious,-1,False,10,20,2.0
bifurc,even_odd,_todd20,0,0.4,7,3d88,58a4,True,71,spurious,-1,False,10,20,2.0
bifurc,even_odd,_todd20,0,0.4,9,4f12,1315,False,1380,oscillated,-1,False,10,20,2.0
bifurc,even_odd,_todd20,0,0.4,5,fb22,fc67,False,1380,oscillated,-1,False,10,20,2.0
bifurc,even_odd,_todd20,0,0.4,7,f1d7,bf97,True,41,spurious,-1,False,10,20,2.0
bifurc,even_odd,_todd20,0,0.4,6,de2b,fd4b,True,51,spurious,-1,False,10,20,2.0
bifurc,even_odd,_todd20,0,0.4,5,78c7,fca6,True,51,correct,0,True,10,20,2.0
bifurc,even_odd,_todd20,0,0.4,7,6aa8,58a4,True,31,spurious,-1,False,10,20,2.0
bifurc,even_odd,_todd20,0,0.4,7,72ab,a6b6,True,101,wrong_pattern,2,False,10,20,2.0
bifurc,even_odd,_todd20,0,0.4,6,d28e,a6b6,True,71,wrong_pattern,2,False,10,20,2.0
bifurc,even_odd,_todd20,0,0.4,5,9c34,58a4,True,51,spurious,-1,False,10,20,2.0
bifurc,even_odd,_todd20,0,0.4,9,e05c,a75b,True,61,spurious,-1,False,10,20,2.0
bifurc,even_odd,_todd20,0,0.4,7,d542,fd4b,True,31,spurious,-1,False,10,20,2.0
bifurc,even_odd,_todd20,0,0.4,6,5dea,5868,True,51,spurious,-1,False,10,20,2.0
bifurc,even_odd,_todd20,0,0.4,7,f2cc,a6b6,True,81,wrong_pattern,2,False,10,20,2.0
bifurc,even_odd,_todd20,0,0.4,8,80f4,58a4,True,41,spurious,-1,False,10,20,2.0
bifurc,even_odd,_todd20,0,0.4,8,95c5,395,True,71,spurious,-1,False,10,20,2.0
bifurc,even_odd,_todd20,0,0.4,7,b3b7,a6b6,True,11,wrong_pattern,2,False,10,20,2.0
bifurc,even_odd,_todd20,0,0.4,5,d726,aeb6,False,1380,oscillated,-1,False,10,20,2.0
bifurc,even_odd,_todd20,0,0.4,8,d7f0,2b4,True,51,spurious,-1,False,10,20,2.0
bifurc,even_odd,_todd20,0,0.4,11,3079,359,True,51,spurious,-1,False,10,20,2.0
bifurc,even_odd,_todd20,0,0.4,6,3fa3,fca6,True,41,correct,0,True,10,20,2.0
bifurc,even_odd,_todd20,0,0.4,9,33ce,e6fa,True,61,spurious,-1,False,10,20,2.0
bifurc,even_odd,_todd20,0,0.4,7,5c4c,5949,True,11,spurious,-1,False,10,20,2.0
bifurc,even_odd,_todd20,0,0.4,4,d1a6,fca6,True,51,correct,0,True,10,20,2.0
bifurc,even_odd,_todd20,0,0.4,6,94ec,48e8,False,1380,oscillated,-1,False,10,20,2.0
bifurc,even_odd,_todd20,0,0.4,6,b59e,a6b6,True,71,wrong_pattern,2,False,10,20,2.0
bifurc,even_odd,_todd20,0,0.4,8,799d,1905,True,31,spurious,-1,False,10,20,2.0
bifurc,even_odd,_todd20,0,0.4,6,6ce8,5868,True,71,spurious,-1,False,10,20,2.0
bifurc,even_odd,_todd20,1,0.4,9,b152,a75b,True,31,spurious,-1,False,10,20,2.0
bifurc,even_odd,_todd20,1,0.4,7,4b4f,359,True,41,spurious,-1,False,10,20,2.0
bifurc,even_odd,_todd20,1,0.4,7,83fc,2b4,True,51,spurious,-1,False,10,20,2.0
bifurc,even_odd,_todd20,1,0.4,9,fef9,e46a,True,91,spurious,-1,False,10,20,2.0
bifurc,even_odd,_todd20,1,0.4,7,adb4,fca6,True,41,wrong_pattern,0,False,10,20,2.0
bifurc,even_odd,_todd20,1,0.4,5,3980,58a4,True,51,spurious,-1,False,10,20,2.0
bifurc,even_odd,_todd20,1,0.4,7,29e4,58a4,True,31,spurious,-1,False,10,20,2.0
bifurc,even_odd,_todd20,1,0.4,7,ddcd,1905,True,51,spurious,-1,False,10,20,2.0
bifurc,even_odd,_todd20,1,0.4,7,8854,13b5,False,1380,oscillated,-1,False,10,20,2.0
bifurc,even_odd,_todd20,1,0.4,7,3d00,1905,True,51,spurious,-1,False,10,20,2.0
bifurc,even_odd,_todd20,1,0.4,7,5d4d,5949,True,11,spurious,-1,False,10,20,2.0
bifurc,even_odd,_todd20,1,0.4,5,9389,359,True,51,spurious,-1,False,10,20,2.0
bifurc,even_odd,_todd20,1,0.4,8,36bb,e6fa,True,31,spurious,-1,False,10,20,2.0
bifurc,even_odd,_todd20,1,0.4,10,22fa,e6fa,True,51,spurious,-1,False,10,20,2.0
bifurc,even_odd,_todd20,1,0.4,5,1c1d,1905,True,41,spurious,-1,False,10,20,2.0
bifurc,even_odd,_todd20,1,0.4,10,f51e,a75b,True,41,spurious,-1,False,10,20,2.0
bifurc,even_odd,_todd20,1,0.4,9,2d20,5949,True,51,spurious,-1,False,10,20,2.0
bifurc,even_odd,_todd20,1,0.4,5,d19d,395,True,41,spurious,-1,False,10,20,2.0
bifurc,even_odd,_todd20,1,0.4,4,5db5,58a4,True,31,spurious,-1,False,10,20,2.0
bifurc,even_odd,_todd20,1,0.4,9,8677,a732,False,1380,oscillated,-1,False,10,20,2.0
bifurc,even_odd,_todd20,1,0.4,5,5814,1905,True,11,spurious,-1,False,10,20,2.0
bifurc,even_odd,_todd20,1,0.4,6,1cd6,58a4,True,51,spurious,-1,False,10,20,2.0
bifurc,even_odd,_todd20,1,0.4,5,d2d5,2b4,True,41,spurious,-1,False,10,20,2.0
bifurc,even_odd,_todd20,1,0.4,5,18df,58a4,True,71,spurious,-1,False,10,20,2.0
bifurc,even_odd,_todd20,1,0.4,9,356d,949,False,1380,oscillated,-1,False,10,20,2.0
bifurc,even_odd,_todd20,1,0.4,7,528b,359,True,111,spurious,-1,False,10,20,2.0
bifurc,even_odd,_todd20,1,0.4,8,d979,5949,True,21,spurious,-1,False,10,20,2.0
bifurc,even_odd,_todd20,1,0.4,6,5d57,1905,True,51,spurious,-1,False,10,20,2.0
bifurc,even_odd,_todd20,1,0.4,4,3b13,a797,True,61,spurious,-1,False,10,20,2.0
bifurc,even_odd,_todd20,1,0.4,5,5591,1b95,True,41,correct,1,True,10,20,2.0
bifurc,even_odd,_todd20,1,0.4,9,a821,fd4b,True,51,spurious,-1,False,10,20,2.0
bifurc,even_odd,_todd20,1,0.4,5,b381,a797,True,71,spurious,-1,False,10,20,2.0
bifurc,even_odd,_todd20,1,0.4,2,b97,1b95,True,41,correct,1,True,10,20,2.0
bifurc,even_odd,_todd20,1,0.4,6,5b3b,359,True,71,spurious,-1,False,10,20,2.0
bifurc,even_odd,_todd20,1,0.4,5,3bd2,a6b6,True,61,wrong_pattern,2,False,10,20,2.0
bifurc,even_odd,_todd20,1,0.4,6,72c5,2b4,True,41,spurious,-1,False,10,20,2.0
bifurc,even_odd,_todd20,1,0.4,10,ee2d,a75b,True,51,spurious,-1,False,10,20,2.0
bifurc,even_odd,_todd20,1,0.4,9,eeb,42f8,True,51,spurious,-1,False,10,20,2.0
bifurc,even_odd,_todd20,1,0.4,4,da15,1905,True,31,spurious,-1,False,10,20,2.0
bifurc,even_odd,_todd20,1,0.4,2,1b05,1915,False,1380,oscillated,-1,False,10,20,2.0
bifurc,even_odd,_todd20,1,0.4,10,b406,bda7,False,1380,oscillated,-1,False,10,20,2.0
bifurc,even_odd,_todd20,1,0.4,6,bd84,fca6,True,51,wrong_pattern,0,False,10,20,2.0
bifurc,even_odd,_todd20,1,0.4,7,3a3b,a6fa,False,1380,oscillated,-1,False,10,20,2.0
bifurc,even_odd,_todd20,1,0.4,6,39fc,58a4,True,31,spurious,-1,False,10,20,2.0
bifurc,even_odd,_todd20,1,0.4,7,853,5949,True,71,spurious,-1,False,10,20,2.0
bifurc,even_odd,_todd20,1,0.4,6,d714,395,True,71,spurious,-1,False,10,20,2.0
bifurc,even_odd,_todd20,1,0.4,7,7eb6,fca6,True,21,wrong_pattern,0,False,10,20,2.0
bifurc,even_odd,_todd20,1,0.4,7,22b0,2b4,True,21,spurious,-1,False,10,20,2.0
bifurc,even_odd,_todd20,1,0.4,5,5307,1b95,True,121,correct,1,True,10,20,2.0
bifurc,even_odd,_todd20,1,0.4,6,bdbd,fca6,True,41,wrong_pattern,0,False,10,20,2.0
bifurc,even_odd,_todd20,1,0.4,6,a955,fd4b,True,101,spurious,-1,False,10,20,2.0
bifurc,even_odd,_todd20,1,0.4,7,55bc,58a4,True,31,spurious,-1,False,10,20,2.0
bifurc,even_odd,_todd20,1,0.4,6,5751,359,True,41,spurious,-1,False,10,20,2.0
bifurc,even_odd,_todd20,1,0.4,8,784d,5949,True,21,spurious,-1,False,10,20,2.0
bifurc,even_odd,_todd20,1,0.4,6,fd2,2b4,True,61,spurious,-1,False,10,20,2.0
bifurc,even_odd,_todd20,1,0.4,4,939c,2b4,True,31,spurious,-1,False,10,20,2.0
bifurc,even_odd,_todd20,1,0.4,4,99b7,fca6,True,51,wrong_pattern,0,False,10,20,2.0
bifurc,even_odd,_todd20,1,0.4,7,f7bd,a6b6,True,41,wrong_pattern,2,False,10,20,2.0
bifurc,even_odd,_todd20,1,0.4,8,394b,fd4b,True,51,spurious,-1,False,10,20,2.0
bifurc,even_odd,_todd20,1,0.4,6,5fe7,58a4,True,51,spurious,-1,False,10,20,2.0
bifurc,even_odd,_todd20,1,0.4,8,8a2,58a4,True,41,spurious,-1,False,10,20,2.0
bifurc,even_odd,_todd20,1,0.4,7,f9d0,fca6,True,71,wrong_pattern,0,False,10,20,2.0
bifurc,even_odd,_todd20,1,0.4,5,d2b5,2b4,True,41,spurious,-1,False,10,20,2.0
bifurc,even_odd,_todd20,1,0.4,4,381,395,True,11,spurious,-1,False,10,20,2.0
bifurc,even_odd,_todd20,1,0.4,4,b195,a797,True,71,spurious,-1,False,10,20,2.0
bifurc,even_odd,_todd20,1,0.4,8,c5f,5949,True,71,spurious,-1,False,10,20,2.0
bifurc,even_odd,_todd20,1,0.4,5,211,359,True,51,spurious,-1,False,10,20,2.0
bifurc,even_odd,_todd20,1,0.4,11,6c40,5949,True,51,spurious,-1,False,10,20,2.0
bifurc,even_odd,_todd20,1,0.4,5,ac1,58a4,True,71,spurious,-1,False,10,20,2.0
bifurc,even_odd,_todd20,1,0.4,4,3a11,395,True,31,spurious,-1,False,10,20,2.0
bifurc,even_odd,_todd20,1,0.4,4,8b55,359,True,31,spurious,-1,False,10,20,2.0
bifurc,even_odd,_todd20,1,0.4,5,7f17,bd07,True,31,wrong_pattern,3,False,10,20,2.0
bifurc,even_odd,_todd20,1,0.4,9,69f2,fca6,True,61,wrong_pattern,0,False,10,20,2.0
bifurc,even_odd,_todd20,1,0.4,6,9fed,58a4,True,61,spurious,-1,False,10,20,2.0
bifurc,even_odd,_todd20,1,0.4,4,4b11,1315,False,1380,oscillated,-1,False,10,20,2.0
bifurc,even_odd,_todd20,1,0.4,7,e31d,a75b,True,51,spurious,-1,False,10,20,2.0
bifurc,even_odd,_todd20,1,0.4,7,a916,bd07,True,11,wrong_pattern,3,False,10,20,2.0
bifurc,even_odd,_todd20,1,0.4,6,1865,1905,True,51,spurious,-1,False,10,20,2.0
bifurc,even_odd,_todd20,1,0.4,6,29b0,58a4,True,41,spurious,-1,False,10,20,2.0
bifurc,even_odd,_todd20,1,0.4,6,5c05,1905,True,11,spurious,-1,False,10,20,2.0
bifurc,even_odd,_todd20,2,0.4,5,b3b3,a6b6,True,11,correct,2,True,10,20,2.0
bifurc,even_odd,_todd20,2,0.4,5,eab0,fca6,True,51,wrong_pattern,0,False,10,20,2.0
bifurc,even_odd,_todd20,2,0.4,7,bcfb,fca6,True,31,wrong_pattern,0,False,10,20,2.0
bifurc,even_odd,_todd20,2,0.4,6,6cbc,58a4,True,51,spurious,-1,False,10,20,2.0
bifurc,even_odd,_todd20,2,0.4,6,23ff,a6b6,True,71,correct,2,True,10,20,2.0
bifurc,even_odd,_todd20,2,0.4,9,459d,359,True,31,spurious,-1,False,10,20,2.0
bifurc,even_odd,_todd20,2,0.4,9,8a51,359,True,21,spurious,-1,False,10,20,2.0
bifurc,even_odd,_todd20,2,0.4,5,ae8a,fca6,True,51,wrong_pattern,0,False,10,20,2.0
bifurc,even_odd,_todd20,2,0.4,5,b7e4,a6b6,True,41,correct,2,True,10,20,2.0
bifurc,even_odd,_todd20,2,0.4,3,86b3,a6b6,True,21,correct,2,True,10,20,2.0
bifurc,even_odd,_todd20,2,0.4,7,af,42f8,True,61,spurious,-1,False,10,20,2.0
bifurc,even_odd,_todd20,2,0.4,9,f289,a75b,True,111,spurious,-1,False,10,20,2.0
bifurc,even_odd,_todd20,2,0.4,7,b3ad,a6b6,True,71,correct,2,True,10,20,2.0
bifurc,even_odd,_todd20,2,0.4,7,f2d5,a6b6,True,71,correct,2,True,10,20,2.0
bifurc,even_odd,_todd20,2,0.4,8,e1d3,a75b,True,31,spurious,-1,False,10,20,2.0
bifurc,even_odd,_todd20,2,0.4,4,e2a4,fca6,True,61,wrong_pattern,0,False,10,20,2.0
bifurc,even_odd,_todd20,2,0.4,7,57a7,ab4,False,1380,oscillated,-1,False,10,20,2.0
bifurc,even_odd,_todd20,2,0.4,7,7836,fca6,True,51,wrong_pattern,0,False,10,20,2.0
bifurc,even_odd,_todd20,2,0.4,7,8b8e,a6b6,True,51,correct,2,True,10,20,2.0
bifurc,even_odd,_todd20,2,0.4,5,a074,e6fa,True,61,spurious,-1,False,10,20,2.0
bifurc,even_odd,_todd20,2,0.4,4,e617,a75b,True,31,spurious,-1,False,10,20,2.0
bifurc,even_odd,_todd20,2,0.4,8,1e73,2b4,True,91,spurious,-1,False,10,20,2.0
bifurc,even_odd,_todd20,2,0.4,8,e183,ad17,False,1380,oscillated,-1,False,10,20,2.0
bifurc,even_odd,_todd20,2,0.4,3,7b6,2b4,True,51,spurious,-1,False,10,20,2.0
bifurc,even_odd,_todd20,2,0.4,6,c136,fd4b,True,61,spurious,-1,False,10,20,2.0
bifurc,even_odd,_todd20,2,0.4,4,c6d6,a6b6,True,31,correct,2,True,10,20,2.0
bifurc,even_odd,_todd20,2,0.4,2,26a6,a6b6,True,21,correct,2,True,10,20,2.0
bifurc,even_odd,_todd20,2,0.4,11,d100,5949,True,61,spurious,-1,False,10,20,2.0
bifurc,even_odd,_todd20,2,0.4,8,d4ea,e46a,True,41,spurious,-1,False,10,20,2.0
bifurc,even_odd,_todd20,2,0.4,6,680,2b4,True,21,spurious,-1,False,10,20,2.0
bifurc,even_odd,_todd20,2,0.4,7,4a1,58a4,True,41,spurious,-1,False,10,20,2.0
bifurc,even_odd,_todd20,2,0.4,5,af17,bf97,True,41,spurious,-1,False,10,20,2.0
bifurc,even_odd,_todd20,2,0.4,2,a6f7,a6b6,True,11,correct,2,True,10,20,2.0
bifurc,even_odd,_todd20,2,0.4,6,9214,2b4,True,71,spurious,-1,False,10,20,2.0
bifurc,even_odd,_todd20,2,0.4,6,e783,a75b,True,51,spurious,-1,False,10,20,2.0
bifurc,even_odd,_todd20,2,0.4,10,1b7f,359,True,31,spurious,-1,False,10,20,2.0
bifurc,even_odd,_todd20,2,0.4,6,bf22,fca6,True,71,wrong_pattern,0,False,10,20,2.0
bifurc,even_odd,_todd20,2,0.4,5,769e,a6b6,True,41,correct,2,True,10,20,2.0
bifurc,even_odd,_todd20,2,0.4,12,5c89,59cc,False,1380,oscillated,-1,False,10,20,2.0
bifurc,even_odd,_todd20,2,0.4,8,29c6,fca6,True,71,wrong_pattern,0,False,10,20,2.0
bifurc,even_odd,_todd20,2,0.4,7,4c16,19a5,False,1380,oscillated,-1,False,10,20,2.0
bifurc,even_odd,_todd20,2,0.4,4,a2bd,a6b6,True,51,correct,2,True,10,20,2.0
bifurc,even_odd,_todd20,2,0.4,8,83db,a75b,True,51,spurious,-1,False,10,20,2.0
bifurc,even_odd,_todd20,2,0.4,3,a734,a6b6,True,51,correct,2,True,10,20,2.0
bifurc,even_odd,_todd20,2,0.4,9,897c,5949,True,41,spurious,-1,False,10,20,2.0
bifurc,even_odd,_todd20,2,0.4,9,4ff8,42f8,True,21,spurious,-1,False,10,20,2.0
bifurc,even_odd,_todd20,2,0.4,8,9156,a75b,True,51,spurious,-1,False,10,20,2.0
bifurc,even_odd,_todd20,2,0.4,4,a79c,a6b6,True,31,correct,2,True,10,20,2.0
bifurc,even_odd,_todd20,2,0.4,7,4ed2,58a4,True,61,spurious,-1,False,10,20,2.0
bifurc,even_odd,_todd20,2,0.4,2,b4b6,fca6,True,41,wrong_pattern,0,False,10,20,2.0
bifurc,even_odd,_todd20,2,0.4,7,a305,a797,True,51,spurious,-1,False,10,20,2.0
bifurc,even_odd,_todd20,2,0.4,5,a642,a75b,True,31,spurious,-1,False,10,20,2.0
bifurc,even_odd,_todd20,2,0.4,5,a517,a797,True,41,spurious,-1,False,10,20,2.0
bifurc,even_odd,_todd20,2,0.4,7,34ab,ecea,False,1380,oscillated,-1,False,10,20,2.0
bifurc,even_odd,_todd20,2,0.4,6,8093,a6b6,True,51,correct,2,True,10,20,2.0
bifurc,even_odd,_todd20,2,0.4,7,31bc,2b4,True,71,spurious,-1,False,10,20,2.0
bifurc,even_odd,_todd20,2,0.4,7,60b1,2b4,True,61,spurious,-1,False,10,20,2.0
bifurc,even_odd,_todd20,2,0.4,10,5b3c,949,False,1380,oscillated,-1,False,10,20,2.0
bifurc,even_odd,_todd20,2,0.4,5,656,359,True,71,spurious,-1,False,10,20,2.0
bifurc,even_odd,_todd20,2,0.4,5,f36,52b4,False,1380,oscillated,-1,False,10,20,2.0
bifurc,even_odd,_todd20,2,0.4,4,e297,a6b6,True,31,correct,2,True,10,20,2.0
bifurc,even_odd,_todd20,2,0.4,6,ac1a,fd4b,True,11,spurious,-1,False,10,20,2.0
bifurc,even_odd,_todd20,2,0.4,3,97b6,a6b6,True,41,correct,2,True,10,20,2.0
bifurc,even_odd,_todd20,2,0.4,3,a624,a6b6,True,21,correct,2,True,10,20,2.0
bifurc,even_odd,_todd20,2,0.4,6,fc86,fca6,True,21,wrong_pattern,0,False,10,20,2.0
bifurc,even_odd,_todd20,2,0.4,7,ff5,2b4,True,31,spurious,-1,False,10,20,2.0
bifurc,even_odd,_todd20,2,0.4,4,2286,a6b6,True,51,correct,2,True,10,20,2.0
bifurc,even_odd,_todd20,2,0.4,5,b2d2,a6b6,True,31,correct,2,True,10,20,2.0
bifurc,even_odd,_todd20,2,0.4,7,28aa,fca6,True,51,wrong_pattern,0,False,10,20,2.0
bifurc,even_odd,_todd20,2,0.4,6,f4fa,e46a,True,71,spurious,-1,False,10,20,2.0
bifurc,even_odd,_todd20,2,0.4,7,a08d,a6b6,True,71,correct,2,True,10,20,2.0
bifurc,even_odd,_todd20,2,0.4,7,ebd7,bf97,True,11,spurious,-1,False,10,20,2.0
bifurc,even_odd,_todd20,2,0.4,7,9c3a,fca6,True,51,wrong_pattern,0,False,10,20,2.0
bifurc,even_odd,_todd20,2,0.4,4,64b7,fca6,True,41,wrong_pattern,0,False,10,20,2.0
bifurc,even_odd,_todd20,2,0.4,7,31f7,a6b6,True,71,correct,2,True,10,20,2.0
bifurc,even_odd,_todd20,2,0.4,7,76ef,a6b6,True,101,correct,2,True,10,20,2.0
bifurc,even_odd,_todd20,2,0.4,7,5f96,58a4,True,51,spurious,-1,False,10,20,2.0
bifurc,even_odd,_todd20,2,0.4,5,f5be,fca6,True,31,wrong_pattern,0,False,10,20,2.0
bifurc,even_odd,_todd20,2,0.4,7,3027,fca6,True,51,wrong_pattern,0,False,10,20,2.0
bifurc,even_odd,_todd20,2,0.4,8,4a27,58a4,True,61,spurious,-1,False,10,20,2.0
bifurc,even_odd,_todd20,3,0.4,7,f75e,a75b,True,31,spurious,-1,False,10,20,2.0
bifurc,even_odd,_todd20,3,0.4,5,f137,bd07,True,31,correct,3,True,10,20,2.0
bifurc,even_odd,_todd20,3,0.4,4,b183,a797,True,41,spurious,-1,False,10,20,2.0
bifurc,even_odd,_todd20,3,0.4,7,31e3,fca6,True,71,wrong_pattern,0,False,10,20,2.0
bifurc,even_odd,_todd20,3,0.4,6,39c4,58a4,True,51,spurious,-1,False,10,20,2.0
bifurc,even_odd,_todd20,3,0.4,5,8d63,fd4b,True,41,spurious,-1,False,10,20,2.0
bifurc,even_odd,_todd20,3,0.4,7,89ce,fd4b,True,71,spurious,-1,False,10,20,2.0
bifurc,even_odd,_todd20,3,0.4,6,9a46,fca6,True,61,wrong_pattern,0,False,10,20,2.0
bifurc,even_odd,_todd20,3,0.4,7,88b7,fca6,True,51,wrong_pattern,0,False,10,20,2.0
bifurc,even_odd,_todd20,3,0.4,7,344c,949,False,1380,oscillated,-1,False,10,20,2.0
bifurc,even_odd,_todd20,3,0.4,6,9026,fca6,True,51,wrong_pattern,0,False,10,20,2.0
bifurc,even_odd,_todd20,3,0.4,7,7853,fd4b,True,51,spurious,-1,False,10,20,2.0
bifurc,even_odd,_todd20,3,0.4,8,c9cd,1905,True,51,spurious,-1,False,10,20,2.0
bifurc,even_odd,_todd20,3,0.4,7,7d48,5949,True,51,spurious,-1,False,10,20,2.0
bifurc,even_odd,_todd20,3,0.4,10,fbc,2b4,True,31,spurious,-1,False,10,20,2.0
bifurc,even_odd,_todd20,3,0.4,5,b133,a75b,True,31,spurious,-1,False,10,20,2.0
bifurc,even_odd,_todd20,3,0.4,7,b7e1,a6b6,True,41,wrong_pattern,2,False,10,20,2.0
bifurc,even_odd,_todd20,3,0.4,5,f785,bf97,True,31,spurious,-1,False,10,20,2.0
bifurc,even_odd,_todd20,3,0.4,5,9b86,fca6,True,51,wrong_pattern,0,False,10,20,2.0
bifurc,even_odd,_todd20,3,0.4,6,ac9d,fca6,True,81,wrong_pattern,0,False,10,20,2.0
bifurc,even_odd,_todd20,3,0.4,5,dd2b,fd4b,True,21,spurious,-1,False,10,20,2.0
bifurc,even_odd,_todd20,3,0.4,7,a014,a6b6,True,81,wrong_pattern,2,False,10,20,2.0
bifurc,even_odd,_todd20,3,0.4,8,80cf,a75b,True,51,spurious,-1,False,10,20,2.0
bifurc,even_odd,_todd20,3,0.4,9,1dfc,58a4,True,31,spurious,-1,False,10,20,2.0
bifurc,even_odd,_todd20,3,0.4,6,fd69,fd4b,True,21,spurious,-1,False,10,20,2.0
bifurc,even_odd,_todd20,3,0.4,8,e96c,fd4b,True,51,spurious,-1,False,10,20,2.0
bifurc,even_odd,_todd20,3,0.4,9,29e9,5868,True,41,spurious,-1,False,10,20,2.0
bifurc,even_odd,_todd20,3,0.4,6,945,5949,True,81,spurious,-1,False,10,20,2.0
bifurc,even_odd,_todd20,3,0.4,2,bd15,bd07,True,41,correct,3,True,10,20,2.0
bifurc,even_odd,_todd20,3,0.4,7,f1a1,fca6,True,61,wrong_pattern,0,False,10,20,2.0
bifurc,even_odd,_todd20,3,0.4,4,7c17,bd07,True,31,correct,3,True,10,20,2.0
bifurc,even_odd,_todd20,3,0.4,10,c6e6,e6fa,True,51,spurious,-1,False,10,20,2.0
bifurc,even_odd,_todd20,3,0.4,6,f8af,fca6,True,21,wrong_pattern,0,False,10,20,2.0
bifurc,even_odd,_todd20,3,0.4,5,7597,bf97,True,21,spurious,-1,False,10,20,2.0
bifurc,even_odd,_todd20,3,0.4,5,d127,bd07,True,51,correct,3,True,10,20,2.0
bifurc,even_odd,_todd20,3,0.4,7,551d,359,True,41,spurious,-1,False,10,20,2.0
bifurc,even_odd,_todd20,3,0.4,8,35fb,a75b,True,91,spurious,-1,False,10,20,2.0
bifurc,even_odd,_todd20,3,0.4,7,d08,5949,True,11,spurious,-1,False,10,20,2.0
bifurc,even_odd,_todd20,3,0.4,7,71e7,fca6,True,61,wrong_pattern,0,False,10,20,2.0
bifurc,even_odd,_todd20,3,0.4,4,bea7,fca6,True,21,wrong_pattern,0,False,10,20,2.0
bifurc,even_odd,_todd20,3,0.4,7,5723,359,True,51,spurious,-1,False,10,20,2.0
bifurc,even_odd,_todd20,3,0.4,8,c52,5949,True,71,spurious,-1,False,10,20,2.0
bifurc,even_odd,_todd20,3,0.4,7,957d,359,True,51,spurious,-1,False,10,20,2.0
bifurc,even_odd,_todd20,3,0.4,8,196c,5949,True,31,spurious,-1,False,10,20,2.0
bifurc,even_odd,_todd20,3,0.4,10,e374,a75b,True,71,spurious,-1,False,10,20,2.0
bifurc,even_odd,_todd20,3,0.4,5,e90e,fd4b,True,31,spurious,-1,False,10,20,2.0
bifurc,even_odd,_todd20,3,0.4,3,a50f,a75b,True,31,spurious,-1,False,10,20,2.0
bifurc,even_odd,_todd20,3,0.4,7,e896,fca6,True,31,wrong_pattern,0,False,10,20,2.0
bifurc,even_odd,_todd20,3,0.4,8,5f61,5949,True,21,spurious,-1,False,10,20,2.0
bifurc,even_odd,_todd20,3,0.4,7,90e7,fca6,True,51,wrong_pattern,0,False,10,20,2.0
bifurc,even_odd,_todd20,3,0.4,4,a705,a797,True,31,spurious,-1,False,10,20,2.0
bifurc,even_odd,_todd20,3,0.4,4,b577,a75b,True,31,spurious,-1,False,10,20,2.0
bifurc,even_odd,_todd20,3,0.4,9,5044,5949,True,71,spurious,-1,False,10,20,2.0
bifurc,even_odd,_todd20,3,0.4,6,d816,bda7,False,1380,oscillated,-1,False,10,20,2.0
bifurc,even_odd,_todd20,3,0.4,7,aea1,fca6,True,41,wrong_pattern,0,False,10,20,2.0
bifurc,even_odd,_todd20,3,0.4,10,4129,5949,True,31,spurious,-1,False,10,20,2.0
bifurc,even_odd,_todd20,3,0.4,5,8cc7,fca6,True,71,wrong_pattern,0,False,10,20,2.0
bifurc,even_odd,_todd20,3,0.4,6,852b,a75b,True,21,spurious,-1,False,10,20,2.0
bifurc,even_odd,_todd20,3,0.4,11,4e9,42f8,True,31,spurious,-1,False,10,20,2.0
bifurc,even_odd,_todd20,3,0.4,6,ec0c,fd4b,True,41,spurious,-1,False,10,20,2.0
bifurc,even_odd,_todd20,3,0.4,9,542a,5868,True,61,spurious,-1,False,10,20,2.0
bifurc,even_odd,_todd20,3,0.4,5,bcbf,fca6,True,31,wrong_pattern,0,False,10,20,2.0
bifurc,even_odd,_todd20,3,0.4,9,c1e3,fc0e,False,1380,oscillated,-1,False,10,20,2.0
bifurc,even_odd,_todd20,3,0.4,4,af46,a75b,True,51,spurious,-1,False,10,20,2.0
bifurc,even_odd,_todd20,3,0.4,6,a742,a75b,True,21,spurious,-1,False,10,20,2.0
bifurc,even_odd,_todd20,3,0.4,6,38c5,58a4,True,51,spurious,-1,False,10,20,2.0
bifurc,even_odd,_todd20,3,0.4,9,8362,a75b,True,51,spurious,-1,False,10,20,2.0
bifurc,even_odd,_todd20,3,0.4,4,ed23,bd07,True,61,correct,3,True,10,20,2.0
bifurc,even_odd,_todd20,3,0.4,5,d986,fca6,True,51,wrong_pattern,0,False,10,20,2.0
bifurc,even_odd,_todd20,3,0.4,7,fcde,fca6,True,41,wrong_pattern,0,False,10,20,2.0
bifurc,even_odd,_todd20,3,0.4,7,b3b5,a6b6,True,71,wrong_pattern,2,False,10,20,2.0
bifurc,even_odd,_todd20,3,0.4,5,b934,fca6,True,61,wrong_pattern,0,False,10,20,2.0
bifurc,even_odd,_todd20,3,0.4,5,1583,395,True,71,spurious,-1,False,10,20,2.0
bifurc,even_odd,_todd20,3,0.4,4,ac2f,fd4b,True,31,spurious,-1,False,10,20,2.0
bifurc,even_odd,_todd20,3,0.4,6,dfa5,58a4,True,51,spurious,-1,False,10,20,2.0
bifurc,even_odd,_todd20,3,0.4,6,2f1e,a75b,True,41,spurious,-1,False,10,20,2.0
bifurc,even_odd,_todd20,3,0.4,7,d441,5949,True,51,spurious,-1,False,10,20,2.0
bifurc,even_odd,_todd20,3,0.4,8,a430,e6fa,True,31,spurious,-1,False,10,20,2.0
bifurc,even_odd,_todd20,3,0.4,3,9903,bd07,True,51,correct,3,True,10,20,2.0
bifurc,even_odd,_todd20,3,0.4,7,14af,48e8,False,1380,oscillated,-1,False,10,20,2.0
bifurc,even_odd,_todd21,2,0.375,6,1776,374,False,1444,oscillated,-1,False,10,21,2.1
bifurc,even_odd,_todd21,1,0.375,6,17de,3dc,False,1444,oscillated,-1,False,10,21,2.1
bifurc,even_odd,_todd21,2,0.4375,7,24dd,2dd,False,1444,oscillated,-1,False,10,21,2.1
bifurc,even_odd,_todd21,2,0.375,6,3774,374,False,1444,oscillated,-1,False,10,21,2.1
bifurc,even_odd,_todd21,1,0.375,6,37dc,3dc,False,1444,oscillated,-1,False,10,21,2.1
bifurc,even_odd,_todd21,0,0.375,6,448e,58e8,False,1444,oscillated,-1,False,10,21,2.1
bifurc,even_odd,_todd21,0,0.375,6,4d66,5964,False,1444,oscillated,-1,False,10,21,2.1
bifurc,even_odd,_todd21,0,0.3125,5,5d22,5920,False,1444,oscillated,-1,False,10,21,2.1
bifurc,even_odd,_todd21,0,0.375,6,5d8a,5988,False,1444,oscillated,-1,False,10,21,2.1
bifurc,even_odd,_todd21,0,0.375,6,648c,58e8,False,1444,oscillated,-1,False,10,21,2.1
bifurc,even_odd,_todd21,2,0.375,6,69b,299,False,1444,oscillated,-1,False,10,21,2.1
bifurc,even_odd,_todd21,1,0.375,6,6bd3,a717,False,1444,oscillated,-1,False,10,21,2.1
bifurc,even_odd,_todd21,0,0.3125,5,7867,fc67,False,1444,oscillated,-1,False,10,21,2.1
bifurc,even_odd,_todd21,0,0.375,6,7b66,fd66,False,1444,oscillated,-1,False,10,21,2.1
bifurc,even_odd,_todd21,0,0.4375,7,7bce,fdce,False,1444,oscillated,-1,False,10,21,2.1
bifurc,even_odd,_todd21,0,0.3125,5,7d20,5920,False,1444,oscillated,-1,False,10,21,2.1
bifurc,even_odd,_todd21,0,0.375,6,7d88,5988,False,1444,oscillated,-1,False,10,21,2.1
bifurc,even_odd,_todd21,2,0.4375,7,84dd,2dd,False,1444,oscillated,-1,False,10,21,2.1
bifurc,even_odd,_todd21,2,0.375,6,8574,374,False,1444,oscillated,-1,False,10,21,2.1
bifurc,even_odd,_todd21,2,0.4375,7,85dc,3dc,False,1444,oscillated,-1,False,10,21,2.1
bifurc,even_odd,_todd21,1,0.3125,5,8bd3,a717,False,1444,oscillated,-1,False,10,21,2.1
bifurc,even_odd,_todd21,2,0.375,6,a174,a776,False,1444,oscillated,-1,False,10,21,2.1
bifurc,even_odd,_todd21,2,0.375,6,a3dc,a7de,False,1444,oscillated,-1,False,10,21,2.1
bifurc,even_odd,_todd21,0,0.375,6,c1ae,fcea,False,1444,oscillated,-1,False,10,21,2.1
bifurc,even_odd,_todd21,0,0.375,6,c966,fd66,False,1444,oscillated,-1,False,10,21,2.1
bifurc,even_odd,_todd21,0,0.4375,7,c9ce,fdce,False,1444,oscillated,-1,False,10,21,2.1
bifurc,even_odd,_todd21,0,0.375,6,d8cf,fccf,False,1444,oscillated,-1,False,10,21,2.1
bifurc,even_odd,_todd21,0,0.4375,7,dacf,fccf,False,1444,oscillated,-1,False,10,21,2.1
bifurc,even_odd,_todd21,0,0.375,6,e1ac,fcea,False,1444,oscillated,-1,False,10,21,2.1
bifurc,even_odd,_todd21,0,0.375,6,e964,fd66,False,1444,oscillated,-1,False,10,21,2.1
bifurc,even_odd,_todd21,0,0.4375,7,e9cc,fdce,False,1444,oscillated,-1,False,10,21,2.1
bifurc,even_odd,_todd21,1,0.375,6,fde,3dc,False,1444,oscillated,-1,False,10,21,2.1
bifurc,even_odd,_todd21,0,0.0,0,fca6,fca6,True,0,correct,0,True,10,21,2.1
bifurc,even_odd,_todd21,0,0.0,0,fca6,fca6,True,0,correct,0,True,10,21,2.1
bifurc,even_odd,_todd21,0,0.0,0,fca6,fca6,True,0,correct,0,True,10,21,2.1
bifurc,even_odd,_todd21,0,0.0,0,fca6,fca6,True,0,correct,0,True,10,21,2.1
bifurc,even_odd,_todd21,0,0.0,0,fca6,fca6,True,0,correct,0,True,10,21,2.1
bifurc,even_odd,_todd21,0,0.0,0,fca6,fca6,True,0,correct,0,True,10,21,2.1
bifurc,even_odd,_todd21,0,0.0,0,fca6,fca6,True,0,correct,0,True,10,21,2.1
bifurc,even_odd,_todd21,0,0.0,0,fca6,fca6,True,0,correct,0,True,10,21,2.1
bifurc,even_odd,_todd21,0,0.0,0,fca6,fca6,True,0,correct,0,True,10,21,2.1
bifurc,even_odd,_todd21,0,0.0,0,fca6,fca6,True,0,correct,0,True,10,21,2.1
bifurc,even_odd,_todd21,0,0.0,0,fca6,fca6,True,0,correct,0,True,10,21,2.1
bifurc,even_odd,_todd21,0,0.0,0,fca6,fca6,True,0,correct,0,True,10,21,2.1
bifurc,even_odd,_todd21,0,0.0,0,fca6,fca6,True,0,correct,0,True,10,21,2.1
bifurc,even_odd,_todd21,0,0.0,0,fca6,fca6,True,0,correct,0,True,10,21,2.1
bifurc,even_odd,_todd21,0,0.0,0,fca6,fca6,True,0,correct,0,True,10,21,2.1
bifurc,even_odd,_todd21,0,0.0,0,fca6,fca6,True,0,correct,0,True,10,21,2.1
bifurc,even_odd,_todd21,0,0.0,0,fca6,fca6,True,0,correct,0,True,10,21,2.1
bifurc,even_odd,_todd21,0,0.0,0,fca6,fca6,True,0,correct,0,True,10,21,2.1
bifurc,even_odd,_todd21,0,0.0,0,fca6,fca6,True,0,correct,0,True,10,21,2.1
bifurc,even_odd,_todd21,0,0.0,0,fca6,fca6,True,0,correct,0,True,10,21,2.1
bifurc,even_odd,_todd21,0,0.0,0,fca6,fca6,True,0,correct,0,True,10,21,2.1
bifurc,even_odd,_todd21,0,0.0,0,fca6,fca6,True,0,correct,0,True,10,21,2.1
bifurc,even_odd,_todd21,0,0.0,0,fca6,fca6,True,0,correct,0,True,10,21,2.1
bifurc,even_odd,_todd21,0,0.0,0,fca6,fca6,True,0,correct,0,True,10,21,2.1
bifurc,even_odd,_todd21,0,0.0,0,fca6,fca6,True,0,correct,0,True,10,21,2.1
bifurc,even_odd,_todd21,0,0.0,0,fca6,fca6,True,0,correct,0,True,10,21,2.1
bifurc,even_odd,_todd21,0,0.0,0,fca6,fca6,True,0,correct,0,True,10,21,2.1
bifurc,even_odd,_todd21,0,0.0,0,fca6,fca6,True,0,correct,0,True,10,21,2.1
bifurc,even_odd,_todd21,0,0.0,0,fca6,fca6,True,0,correct,0,True,10,21,2.1
bifurc,even_odd,_todd21,0,0.0,0,fca6,fca6,True,0,correct,0,True,10,21,2.1
bifurc,even_odd,_todd21,0,0.0,0,fca6,fca6,True,0,correct,0,True,10,21,2.1
bifurc,even_odd,_todd21,0,0.0,0,fca6,fca6,True,0,correct,0,True,10,21,2.1
bifurc,even_odd,_todd21,0,0.0,0,fca6,fca6,True,0,correct,0,True,10,21,2.1
bifurc,even_odd,_todd21,0,0.0,0,fca6,fca6,True,0,correct,0,True,10,21,2.1
bifurc,even_odd,_todd21,0,0.0,0,fca6,fca6,True,0,correct,0,True,10,21,2.1
bifurc,even_odd,_todd21,0,0.0,0,fca6,fca6,True,0,correct,0,True,10,21,2.1
bifurc,even_odd,_todd21,0,0.0,0,fca6,fca6,True,0,correct,0,True,10,21,2.1
bifurc,even_odd,_todd21,0,0.0,0,fca6,fca6,True,0,correct,0,True,10,21,2.1
bifurc,even_odd,_todd21,0,0.0,0,fca6,fca6,True,0,correct,0,True,10,21,2.1
bifurc,even_odd,_todd21,0,0.0,0,fca6,fca6,True,0,correct,0,True,10,21,2.1
bifurc,even_odd,_todd21,0,0.0,0,fca6,fca6,True,0,correct,0,True,10,21,2.1
bifurc,even_odd,_todd21,0,0.0,0,fca6,fca6,True,0,correct,0,True,10,21,2.1
bifurc,even_odd,_todd21,0,0.0,0,fca6,fca6,True,0,correct,0,True,10,21,2.1
bifurc,even_odd,_todd21,0,0.0,0,fca6,fca6,True,0,correct,0,True,10,21,2.1
bifurc,even_odd,_todd21,0,0.0,0,fca6,fca6,True,0,correct,0,True,10,21,2.1
bifurc,even_odd,_todd21,0,0.0,0,fca6,fca6,True,0,correct,0,True,10,21,2.1
bifurc,even_odd,_todd21,0,0.0,0,fca6,fca6,True,0,correct,0,True,10,21,2.1
bifurc,even_odd,_todd21,0,0.0,0,fca6,fca6,True,0,correct,0,True,10,21,2.1
bifurc,even_odd,_todd21,0,0.0,0,fca6,fca6,True,0,correct,0,True,10,21,2.1
bifurc,even_odd,_todd21,0,0.0,0,fca6,fca6,True,0,correct,0,True,10,21,2.1
bifurc,even_odd,_todd21,0,0.0,0,fca6,fca6,True,0,correct,0,True,10,21,2.1
bifurc,even_odd,_todd21,0,0.0,0,fca6,fca6,True,0,correct,0,True,10,21,2.1
bifurc,even_odd,_todd21,0,0.0,0,fca6,fca6,True,0,correct,0,True,10,21,2.1
bifurc,even_odd,_todd21,0,0.0,0,fca6,fca6,True,0,correct,0,True,10,21,2.1
bifurc,even_odd,_todd21,0,0.0,0,fca6,fca6,True,0,correct,0,True,10,21,2.1
bifurc,even_odd,_todd21,0,0.0,0,fca6,fca6,True,0,correct,0,True,10,21,2.1
bifurc,even_odd,_todd21,0,0.0,0,fca6,fca6,True,0,correct,0,True,10,21,2.1
bifurc,even_odd,_todd21,0,0.0,0,fca6,fca6,True,0,correct,0,True,10,21,2.1
bifurc,even_odd,_todd21,0,0.0,0,fca6,fca6,True,0,correct,0,True,10,21,2.1
bifurc,even_odd,_todd21,0,0.0,0,fca6,fca6,True,0,correct,0,True,10,21,2.1
bifurc,even_odd,_todd21,0,0.0,0,fca6,fca6,True,0,correct,0,True,10,21,2.1
bifurc,even_odd,_todd21,0,0.0,0,fca6,fca6,True,0,correct,0,True,10,21,2.1
bifurc,even_odd,_todd21,0,0.0,0,fca6,fca6,True,0,correct,0,True,10,21,2.1
bifurc,even_odd,_todd21,0,0.0,0,fca6,fca6,True,0,correct,0,True,10,21,2.1
bifurc,even_odd,_todd21,0,0.0,0,fca6,fca6,True,0,correct,0,True,10,21,2.1
bifurc,even_odd,_todd21,0,0.0,0,fca6,fca6,True,0,correct,0,True,10,21,2.1
bifurc,even_odd,_todd21,0,0.0,0,fca6,fca6,True,0,correct,0,True,10,21,2.1
bifurc,even_odd,_todd21,0,0.0,0,fca6,fca6,True,0,correct,0,True,10,21,2.1
bifurc,even_odd,_todd21,0,0.0,0,fca6,fca6,True,0,correct,0,True,10,21,2.1
bifurc,even_odd,_todd21,0,0.0,0,fca6,fca6,True,0,correct,0,True,10,21,2.1
bifurc,even_odd,_todd21,0,0.0,0,fca6,fca6,True,0,correct,0,True,10,21,2.1
bifurc,even_odd,_todd21,0,0.0,0,fca6,fca6,True,0,correct,0,True,10,21,2.1
bifurc,even_odd,_todd21,0,0.0,0,fca6,fca6,True,0,correct,0,True,10,21,2.1
bifurc,even_odd,_todd21,0,0.0,0,fca6,fca6,True,0,correct,0,True,10,21,2.1
bifurc,even_odd,_todd21,0,0.0,0,fca6,fca6,True,0,correct,0,True,10,21,2.1
bifurc,even_odd,_todd21,0,0.0,0,fca6,fca6,True,0,correct,0,True,10,21,2.1
bifurc,even_odd,_todd21,0,0.0,0,fca6,fca6,True,0,correct,0,True,10,21,2.1
bifurc,even_odd,_todd21,0,0.0,0,fca6,fca6,True,0,correct,0,True,10,21,2.1
bifurc,even_odd,_todd21,0,0.0,0,fca6,fca6,True,0,correct,0,True,10,21,2.1
bifurc,even_odd,_todd21,0,0.0,0,fca6,fca6,True,0,correct,0,True,10,21,2.1
bifurc,even_odd,_todd21,1,0.0,0,1b95,1b95,True,0,correct,1,True,10,21,2.1
bifurc,even_odd,_todd21,1,0.0,0,1b95,1b95,True,0,correct,1,True,10,21,2.1
bifurc,even_odd,_todd21,1,0.0,0,1b95,1b95,True,0,correct,1,True,10,21,2.1
bifurc,even_odd,_todd21,1,0.0,0,1b95,1b95,True,0,correct,1,True,10,21,2.1
bifurc,even_odd,_todd21,1,0.0,0,1b95,1b95,True,0,correct,1,True,10,21,2.1
bifurc,even_odd,_todd21,1,0.0,0,1b95,1b95,True,0,correct,1,True,10,21,2.1
bifurc,even_odd,_todd21,1,0.0,0,1b95,1b95,True,0,correct,1,True,10,21,2.1
bifurc,even_odd,_todd21,1,0.0,0,1b95,1b95,True,0,correct,1,True,10,21,2.1
bifurc,even_odd,_todd21,1,0.0,0,1b95,1b95,True,0,correct,1,True,10,21,2.1
bifurc,even_odd,_todd21,1,0.0,0,1b95,1b95,True,0,correct,1,True,10,21,2.1
bifurc,even_odd,_todd21,1,0.0,0,1b95,1b95,True,0,correct,1,True,10,21,2.1
bifurc,even_odd,_todd21,1,0.0,0,1b95,1b95,True,0,correct,1,True,10,21,2.1
bifurc,even_odd,_todd21,1,0.0,0,1b95,1b95,True,0,correct,1,True,10,21,2.1
bifurc,even_odd,_todd21,1,0.0,0,1b95,1b95,True,0,correct,1,True,10,21,2.1
bifurc,even_odd,_todd21,1,0.0,0,1b95,1b95,True,0,correct,1,True,10,21,2.1
bifurc,even_odd,_todd21,1,0.0,0,1b95,1b95,True,0,correct,1,True,10,21,2.1
bifurc,even_odd,_todd21,1,0.0,0,1b95,1b95,True,0,correct,1,True,10,21,2.1
bifurc,even_odd,_todd21,1,0.0,0,1b95,1b95,True,0,correct,1,True,10,21,2.1
bifurc,even_odd,_todd21,1,0.0,0,1b95,1b95,True,0,correct,1,True,10,21,2.1
bifurc,even_odd,_todd21,1,0.0,0,1b95,1b95,True,0,correct,1,True,10,21,2.1
bifurc,even_odd,_todd21,1,0.0,0,1b95,1b95,True,0,correct,1,True,10,21,2.1
bifurc,even_odd,_todd21,1,0.0,0,1b95,1b95,True,0,correct,1,True,10,21,2.1
bifurc,even_odd,_todd21,1,0.0,0,1b95,1b95,True,0,correct,1,True,10,21,2.1
bifurc,even_odd,_todd21,1,0.0,0,1b95,1b95,True,0,correct,1,True,10,21,2.1
bifurc,even_odd,_todd21,1,0.0,0,1b95,1b95,True,0,correct,1,True,10,21,2.1
bifurc,even_odd,_todd21,1,0.0,0,1b95,1b95,True,0,correct,1,True,10,21,2.1
bifurc,even_odd,_todd21,1,0.0,0,1b95,1b95,True,0,correct,1,True,10,21,2.1
bifurc,even_odd,_todd21,1,0.0,0,1b95,1b95,True,0,correct,1,True,10,21,2.1
bifurc,even_odd,_todd21,1,0.0,0,1b95,1b95,True,0,correct,1,True,10,21,2.1
bifurc,even_odd,_todd21,1,0.0,0,1b95,1b95,True,0,correct,1,True,10,21,2.1
bifurc,even_odd,_todd21,1,0.0,0,1b95,1b95,True,0,correct,1,True,10,21,2.1
bifurc,even_odd,_todd21,1,0.0,0,1b95,1b95,True,0,correct,1,True,10,21,2.1
bifurc,even_odd,_todd21,1,0.0,0,1b95,1b95,True,0,correct,1,True,10,21,2.1
bifurc,even_odd,_todd21,1,0.0,0,1b95,1b95,True,0,correct,1,True,10,21,2.1
bifurc,even_odd,_todd21,1,0.0,0,1b95,1b95,True,0,correct,1,True,10,21,2.1
bifurc,even_odd,_todd21,1,0.0,0,1b95,1b95,True,0,correct,1,True,10,21,2.1
bifurc,even_odd,_todd21,1,0.0,0,1b95,1b95,True,0,correct,1,True,10,21,2.1
bifurc,even_odd,_todd21,1,0.0,0,1b95,1b95,True,0,correct,1,True,10,21,2.1
bifurc,even_odd,_todd21,1,0.0,0,1b95,1b95,True,0,correct,1,True,10,21,2.1
bifurc,even_odd,_todd21,1,0.0,0,1b95,1b95,True,0,correct,1,True,10,21,2.1
bifurc,even_odd,_todd21,1,0.0,0,1b95,1b95,True,0,correct,1,True,10,21,2.1
bifurc,even_odd,_todd21,1,0.0,0,1b95,1b95,True,0,correct,1,True,10,21,2.1
bifurc,even_odd,_todd21,1,0.0,0,1b95,1b95,True,0,correct,1,True,10,21,2.1
bifurc,even_odd,_todd21,1,0.0,0,1b95,1b95,True,0,correct,1,True,10,21,2.1
bifurc,even_odd,_todd21,1,0.0,0,1b95,1b95,True,0,correct,1,True,10,21,2.1
bifurc,even_odd,_todd21,1,0.0,0,1b95,1b95,True,0,correct,1,True,10,21,2.1
bifurc,even_odd,_todd21,1,0.0,0,1b95,1b95,True,0,correct,1,True,10,21,2.1
bifurc,even_odd,_todd21,1,0.0,0,1b95,1b95,True,0,correct,1,True,10,21,2.1
bifurc,even_odd,_todd21,1,0.0,0,1b95,1b95,True,0,correct,1,True,10,21,2.1
bifurc,even_odd,_todd21,1,0.0,0,1b95,1b95,True,0,correct,1,True,10,21,2.1
bifurc,even_odd,_todd21,1,0.0,0,1b95,1b95,True,0,correct,1,True,10,21,2.1
bifurc,even_odd,_todd21,1,0.0,0,1b95,1b95,True,0,correct,1,True,10,21,2.1
bifurc,even_odd,_todd21,1,0.0,0,1b95,1b95,True,0,correct,1,True,10,21,2.1
bifurc,even_odd,_todd21,1,0.0,0,1b95,1b95,True,0,correct,1,True,10,21,2.1
bifurc,even_odd,_todd21,1,0.0,0,1b95,1b95,True,0,correct,1,True,10,21,2.1
bifurc,even_odd,_todd21,1,0.0,0,1b95,1b95,True,0,correct,1,True,10,21,2.1
bifurc,even_odd,_todd21,1,0.0,0,1b95,1b95,True,0,correct,1,True,10,21,2.1
bifurc,even_odd,_todd21,1,0.0,0,1b95,1b95,True,0,correct,1,True,10,21,2.1
bifurc,even_odd,_todd21,1,0.0,0,1b95,1b95,True,0,correct,1,True,10,21,2.1
bifurc,even_odd,_todd21,1,0.0,0,1b95,1b95,True,0,correct,1,True,10,21,2.1
bifurc,even_odd,_todd21,1,0.0,0,1b95,1b95,True,0,correct,1,True,10,21,2.1
bifurc,even_odd,_todd21,1,0.0,0,1b95,1b95,True,0,correct,1,True,10,21,2.1
bifurc,even_odd,_todd21,1,0.0,0,1b95,1b95,True,0,correct,1,True,10,21,2.1
bifurc,even_odd,_todd21,1,0.0,0,1b95,1b95,True,0,correct,1,True,10,21,2.1
bifurc,even_odd,_todd21,1,0.0,0,1b95,1b95,True,0,correct,1,True,10,21,2.1
bifurc,even_odd,_todd21,1,0.0,0,1b95,1b95,True,0,correct,1,True,10,21,2.1
bifurc,even_odd,_todd21,1,0.0,0,1b95,1b95,True,0,correct,1,True,10,21,2.1
bifurc,even_odd,_todd21,1,0.0,0,1b95,1b95,True,0,correct,1,True,10,21,2.1
bifurc,even_odd,_todd21,1,0.0,0,1b95,1b95,True,0,correct,1,True,10,21,2.1
bifurc,even_odd,_todd21,1,0.0,0,1b95,1b95,True,0,correct,1,True,10,21,2.1
bifurc,even_odd,_todd21,1,0.0,0,1b95,1b95,True,0,correct,1,True,10,21,2.1
bifurc,even_odd,_todd21,1,0.0,0,1b95,1b95,True,0,correct,1,True,10,21,2.1
bifurc,even_odd,_todd21,1,0.0,0,1b95,1b95,True,0,correct,1,True,10,21,2.1
bifurc,even_odd,_todd21,1,0.0,0,1b95,1b95,True,0,correct,1,True,10,21,2.1
bifurc,even_odd,_todd21,1,0.0,0,1b95,1b95,True,0,correct,1,True,10,21,2.1
bifurc,even_odd,_todd21,1,0.0,0,1b95,1b95,True,0,correct,1,True,10,21,2.1
bifurc,even_odd,_todd21,1,0.0,0,1b95,1b95,True,0,correct,1,True,10,21,2.1
bifurc,even_odd,_todd21,1,0.0,0,1b95,1b95,True,0,correct,1,True,10,21,2.1
bifurc,even_odd,_todd21,1,0.0,0,1b95,1b95,True,0,correct,1,True,10,21,2.1
bifurc,even_odd,_todd21,1,0.0,0,1b95,1b95,True,0,correct,1,True,10,21,2.1
bifurc,even_odd,_todd21,2,0.0,0,a6b6,a6b6,True,0,correct,2,True,10,21,2.1
bifurc,even_odd,_todd21,2,0.0,0,a6b6,a6b6,True,0,correct,2,True,10,21,2.1
bifurc,even_odd,_todd21,2,0.0,0,a6b6,a6b6,True,0,correct,2,True,10,21,2.1
bifurc,even_odd,_todd21,2,0.0,0,a6b6,a6b6,True,0,correct,2,True,10,21,2.1
bifurc,even_odd,_todd21,2,0.0,0,a6b6,a6b6,True,0,correct,2,True,10,21,2.1
bifurc,even_odd,_todd21,2,0.0,0,a6b6,a6b6,True,0,correct,2,True,10,21,2.1
bifurc,even_odd,_todd21,2,0.0,0,a6b6,a6b6,True,0,correct,2,True,10,21,2.1
bifurc,even_odd,_todd21,2,0.0,0,a6b6,a6b6,True,0,correct,2,True,10,21,2.1
bifurc,even_odd,_todd21,2,0.0,0,a6b6,a6b6,True,0,correct,2,True,10,21,2.1
bifurc,even_odd,_todd21,2,0.0,0,a6b6,a6b6,True,0,correct,2,True,10,21,2.1
bifurc,even_odd,_todd21,2,0.0,0,a6b6,a6b6,True,0,correct,2,True,10,21,2.1
bifurc,even_odd,_todd21,2,0.0,0,a6b6,a6b6,True,0,correct,2,True,10,21,2.1
bifurc,even_odd,_todd21,2,0.0,0,a6b6,a6b6,True,0,correct,2,True,10,21,2.1
bifurc,even_odd,_todd21,2,0.0,0,a6b6,a6b6,True,0,correct,2,True,10,21,2.1
bifurc,even_odd,_todd21,2,0.0,0,a6b6,a6b6,True,0,correct,2,True,10,21,2.1
bifurc,even_odd,_todd21,2,0.0,0,a6b6,a6b6,True,0,correct,2,True,10,21,2.1
bifurc,even_odd,_todd21,2,0.0,0,a6b6,a6b6,True,0,correct,2,True,10,21,2.1
bifurc,even_odd,_todd21,2,0.0,0,a6b6,a6b6,True,0,correct,2,True,10,21,2.1
bifurc,even_odd,_todd21,2,0.0,0,a6b6,a6b6,True,0,correct,2,True,10,21,2.1
bifurc,even_odd,_todd21,2,0.0,0,a6b6,a6b6,True,0,correct,2,True,10,21,2.1
bifurc,even_odd,_todd21,2,0.0,0,a6b6,a6b6,True,0,correct,2,True,10,21,2.1
bifurc,even_odd,_todd21,2,0.0,0,a6b6,a6b6,True,0,correct,2,True,10,21,2.1
bifurc,even_odd,_todd21,2,0.0,0,a6b6,a6b6,True,0,correct,2,True,10,21,2.1
bifurc,even_odd,_todd21,2,0.0,0,a6b6,a6b6,True,0,correct,2,True,10,21,2.1
bifurc,even_odd,_todd21,2,0.0,0,a6b6,a6b6,True,0,correct,2,True,10,21,2.1
bifurc,even_odd,_todd21,2,0.0,0,a6b6,a6b6,True,0,correct,2,True,10,21,2.1
bifurc,even_odd,_todd21,2,0.0,0,a6b6,a6b6,True,0,correct,2,True,10,21,2.1
bifurc,even_odd,_todd21,2,0.0,0,a6b6,a6b6,True,0,correct,2,True,10,21,2.1
bifurc,even_odd,_todd21,2,0.0,0,a6b6,a6b6,True,0,correct,2,True,10,21,2.1
bifurc,even_odd,_todd21,2,0.0,0,a6b6,a6b6,True,0,correct,2,True,10,21,2.1
bifurc,even_odd,_todd21,2,0.0,0,a6b6,a6b6,True,0,correct,2,True,10,21,2.1
bifurc,even_odd,_todd21,2,0.0,0,a6b6,a6b6,True,0,correct,2,True,10,21,2.1
bifurc,even_odd,_todd21,2,0.0,0,a6b6,a6b6,True,0,correct,2,True,10,21,2.1
bifurc,even_odd,_todd21,2,0.0,0,a6b6,a6b6,True,0,correct,2,True,10,21,2.1
bifurc,even_odd,_todd21,2,0.0,0,a6b6,a6b6,True,0,correct,2,True,10,21,2.1
bifurc,even_odd,_todd21,2,0.0,0,a6b6,a6b6,True,0,correct,2,True,10,21,2.1
bifurc,even_odd,_todd21,2,0.0,0,a6b6,a6b6,True,0,correct,2,True,10,21,2.1
bifurc,even_odd,_todd21,2,0.0,0,a6b6,a6b6,True,0,correct,2,True,10,21,2.1
bifurc,even_odd,_todd21,2,0.0,0,a6b6,a6b6,True,0,correct,2,True,10,21,2.1
bifurc,even_odd,_todd21,2,0.0,0,a6b6,a6b6,True,0,correct,2,True,10,21,2.1
bifurc,even_odd,_todd21,2,0.0,0,a6b6,a6b6,True,0,correct,2,True,10,21,2.1
bifurc,even_odd,_todd21,2,0.0,0,a6b6,a6b6,True,0,correct,2,True,10,21,2.1
bifurc,even_odd,_todd21,2,0.0,0,a6b6,a6b6,True,0,correct,2,True,10,21,2.1
bifurc,even_odd,_todd21,2,0.0,0,a6b6,a6b6,True,0,correct,2,True,10,21,2.1
bifurc,even_odd,_todd21,2,0.0,0,a6b6,a6b6,True,0,correct,2,True,10,21,2.1
bifurc,even_odd,_todd21,2,0.0,0,a6b6,a6b6,True,0,correct,2,True,10,21,2.1
bifurc,even_odd,_todd21,2,0.0,0,a6b6,a6b6,True,0,correct,2,True,10,21,2.1
bifurc,even_odd,_todd21,2,0.0,0,a6b6,a6b6,True,0,correct,2,True,10,21,2.1
bifurc,even_odd,_todd21,2,0.0,0,a6b6,a6b6,True,0,correct,2,True,10,21,2.1
bifurc,even_odd,_todd21,2,0.0,0,a6b6,a6b6,True,0,correct,2,True,10,21,2.1
bifurc,even_odd,_todd21,2,0.0,0,a6b6,a6b6,True,0,correct,2,True,10,21,2.1
bifurc,even_odd,_todd21,2,0.0,0,a6b6,a6b6,True,0,correct,2,True,10,21,2.1
bifurc,even_odd,_todd21,2,0.0,0,a6b6,a6b6,True,0,correct,2,True,10,21,2.1
bifurc,even_odd,_todd21,2,0.0,0,a6b6,a6b6,True,0,correct,2,True,10,21,2.1
bifurc,even_odd,_todd21,2,0.0,0,a6b6,a6b6,True,0,correct,2,True,10,21,2.1
bifurc,even_odd,_todd21,2,0.0,0,a6b6,a6b6,True,0,correct,2,True,10,21,2.1
bifurc,even_odd,_todd21,2,0.0,0,a6b6,a6b6,True,0,correct,2,True,10,21,2.1
bifurc,even_odd,_todd21,2,0.0,0,a6b6,a6b6,True,0,correct,2,True,10,21,2.1
bifurc,even_odd,_todd21,2,0.0,0,a6b6,a6b6,True,0,correct,2,True,10,21,2.1
bifurc,even_odd,_todd21,2,0.0,0,a6b6,a6b6,True,0,correct,2,True,10,21,2.1
bifurc,even_odd,_todd21,2,0.0,0,a6b6,a6b6,True,0,correct,2,True,10,21,2.1
bifurc,even_odd,_todd21,2,0.0,0,a6b6,a6b6,True,0,correct,2,True,10,21,2.1
bifurc,even_odd,_todd21,2,0.0,0,a6b6,a6b6,True,0,correct,2,True,10,21,2.1
bifurc,even_odd,_todd21,2,0.0,0,a6b6,a6b6,True,0,correct,2,True,10,21,2.1
bifurc,even_odd,_todd21,2,0.0,0,a6b6,a6b6,True,0,correct,2,True,10,21,2.1
bifurc,even_odd,_todd21,2,0.0,0,a6b6,a6b6,True,0,correct,2,True,10,21,2.1
bifurc,even_odd,_todd21,2,0.0,0,a6b6,a6b6,True,0,correct,2,True,10,21,2.1
bifurc,even_odd,_todd21,2,0.0,0,a6b6,a6b6,True,0,correct,2,True,10,21,2.1
bifurc,even_odd,_todd21,2,0.0,0,a6b6,a6b6,True,0,correct,2,True,10,21,2.1
bifurc,even_odd,_todd21,2,0.0,0,a6b6,a6b6,True,0,correct,2,True,10,21,2.1
bifurc,even_odd,_todd21,2,0.0,0,a6b6,a6b6,True,0,correct,2,True,10,21,2.1
bifurc,even_odd,_todd21,2,0.0,0,a6b6,a6b6,True,0,correct,2,True,10,21,2.1
bifurc,even_odd,_todd21,2,0.0,0,a6b6,a6b6,True,0,correct,2,True,10,21,2.1
bifurc,even_odd,_todd21,2,0.0,0,a6b6,a6b6,True,0,correct,2,True,10,21,2.1
bifurc,even_odd,_todd21,2,0.0,0,a6b6,a6b6,True,0,correct,2,True,10,21,2.1
bifurc,even_odd,_todd21,2,0.0,0,a6b6,a6b6,True,0,correct,2,True,10,21,2.1
bifurc,even_odd,_todd21,2,0.0,0,a6b6,a6b6,True,0,correct,2,True,10,21,2.1
bifurc,even_odd,_todd21,2,0.0,0,a6b6,a6b6,True,0,correct,2,True,10,21,2.1
bifurc,even_odd,_todd21,2,0.0,0,a6b6,a6b6,True,0,correct,2,True,10,21,2.1
bifurc,even_odd,_todd21,2,0.0,0,a6b6,a6b6,True,0,correct,2,True,10,21,2.1
bifurc,even_odd,_todd21,3,0.0,0,bd07,bd07,True,0,correct,3,True,10,21,2.1
bifurc,even_odd,_todd21,3,0.0,0,bd07,bd07,True,0,correct,3,True,10,21,2.1
bifurc,even_odd,_todd21,3,0.0,0,bd07,bd07,True,0,correct,3,True,10,21,2.1
bifurc,even_odd,_todd21,3,0.0,0,bd07,bd07,True,0,correct,3,True,10,21,2.1
bifurc,even_odd,_todd21,3,0.0,0,bd07,bd07,True,0,correct,3,True,10,21,2.1
bifurc,even_odd,_todd21,3,0.0,0,bd07,bd07,True,0,correct,3,True,10,21,2.1
bifurc,even_odd,_todd21,3,0.0,0,bd07,bd07,True,0,correct,3,True,10,21,2.1
bifurc,even_odd,_todd21,3,0.0,0,bd07,bd07,True,0,correct,3,True,10,21,2.1
bifurc,even_odd,_todd21,3,0.0,0,bd07,bd07,True,0,correct,3,True,10,21,2.1
bifurc,even_odd,_todd21,3,0.0,0,bd07,bd07,True,0,correct,3,True,10,21,2.1
bifurc,even_odd,_todd21,3,0.0,0,bd07,bd07,True,0,correct,3,True,10,21,2.1
bifurc,even_odd,_todd21,3,0.0,0,bd07,bd07,True,0,correct,3,True,10,21,2.1
bifurc,even_odd,_todd21,3,0.0,0,bd07,bd07,True,0,correct,3,True,10,21,2.1
bifurc,even_odd,_todd21,3,0.0,0,bd07,bd07,True,0,correct,3,True,10,21,2.1
bifurc,even_odd,_todd21,3,0.0,0,bd07,bd07,True,0,correct,3,True,10,21,2.1
bifurc,even_odd,_todd21,3,0.0,0,bd07,bd07,True,0,correct,3,True,10,21,2.1
bifurc,even_odd,_todd21,3,0.0,0,bd07,bd07,True,0,correct,3,True,10,21,2.1
bifurc,even_odd,_todd21,3,0.0,0,bd07,bd07,True,0,correct,3,True,10,21,2.1
bifurc,even_odd,_todd21,3,0.0,0,bd07,bd07,True,0,correct,3,True,10,21,2.1
bifurc,even_odd,_todd21,3,0.0,0,bd07,bd07,True,0,correct,3,True,10,21,2.1
bifurc,even_odd,_todd21,3,0.0,0,bd07,bd07,True,0,correct,3,True,10,21,2.1
bifurc,even_odd,_todd21,3,0.0,0,bd07,bd07,True,0,correct,3,True,10,21,2.1
bifurc,even_odd,_todd21,3,0.0,0,bd07,bd07,True,0,correct,3,True,10,21,2.1
bifurc,even_odd,_todd21,3,0.0,0,bd07,bd07,True,0,correct,3,True,10,21,2.1
bifurc,even_odd,_todd21,3,0.0,0,bd07,bd07,True,0,correct,3,True,10,21,2.1
bifurc,even_odd,_todd21,3,0.0,0,bd07,bd07,True,0,correct,3,True,10,21,2.1
bifurc,even_odd,_todd21,3,0.0,0,bd07,bd07,True,0,correct,3,True,10,21,2.1
bifurc,even_odd,_todd21,3,0.0,0,bd07,bd07,True,0,correct,3,True,10,21,2.1
bifurc,even_odd,_todd21,3,0.0,0,bd07,bd07,True,0,correct,3,True,10,21,2.1
bifurc,even_odd,_todd21,3,0.0,0,bd07,bd07,True,0,correct,3,True,10,21,2.1
bifurc,even_odd,_todd21,3,0.0,0,bd07,bd07,True,0,correct,3,True,10,21,2.1
bifurc,even_odd,_todd21,3,0.0,0,bd07,bd07,True,0,correct,3,True,10,21,2.1
bifurc,even_odd,_todd21,3,0.0,0,bd07,bd07,True,0,correct,3,True,10,21,2.1
bifurc,even_odd,_todd21,3,0.0,0,bd07,bd07,True,0,correct,3,True,10,21,2.1
bifurc,even_odd,_todd21,3,0.0,0,bd07,bd07,True,0,correct,3,True,10,21,2.1
bifurc,even_odd,_todd21,3,0.0,0,bd07,bd07,True,0,correct,3,True,10,21,2.1
bifurc,even_odd,_todd21,3,0.0,0,bd07,bd07,True,0,correct,3,True,10,21,2.1
bifurc,even_odd,_todd21,3,0.0,0,bd07,bd07,True,0,correct,3,True,10,21,2.1
bifurc,even_odd,_todd21,3,0.0,0,bd07,bd07,True,0,correct,3,True,10,21,2.1
bifurc,even_odd,_todd21,3,0.0,0,bd07,bd07,True,0,correct,3,True,10,21,2.1
bifurc,even_odd,_todd21,3,0.0,0,bd07,bd07,True,0,correct,3,True,10,21,2.1
bifurc,even_odd,_todd21,3,0.0,0,bd07,bd07,True,0,correct,3,True,10,21,2.1
bifurc,even_odd,_todd21,3,0.0,0,bd07,bd07,True,0,correct,3,True,10,21,2.1
bifurc,even_odd,_todd21,3,0.0,0,bd07,bd07,True,0,correct,3,True,10,21,2.1
bifurc,even_odd,_todd21,3,0.0,0,bd07,bd07,True,0,correct,3,True,10,21,2.1
bifurc,even_odd,_todd21,3,0.0,0,bd07,bd07,True,0,correct,3,True,10,21,2.1
bifurc,even_odd,_todd21,3,0.0,0,bd07,bd07,True,0,correct,3,True,10,21,2.1
bifurc,even_odd,_todd21,3,0.0,0,bd07,bd07,True,0,correct,3,True,10,21,2.1
bifurc,even_odd,_todd21,3,0.0,0,bd07,bd07,True,0,correct,3,True,10,21,2.1
bifurc,even_odd,_todd21,3,0.0,0,bd07,bd07,True,0,correct,3,True,10,21,2.1
bifurc,even_odd,_todd21,3,0.0,0,bd07,bd07,True,0,correct,3,True,10,21,2.1
bifurc,even_odd,_todd21,3,0.0,0,bd07,bd07,True,0,correct,3,True,10,21,2.1
bifurc,even_odd,_todd21,3,0.0,0,bd07,bd07,True,0,correct,3,True,10,21,2.1
bifurc,even_odd,_todd21,3,0.0,0,bd07,bd07,True,0,correct,3,True,10,21,2.1
bifurc,even_odd,_todd21,3,0.0,0,bd07,bd07,True,0,correct,3,True,10,21,2.1
bifurc,even_odd,_todd21,3,0.0,0,bd07,bd07,True,0,correct,3,True,10,21,2.1
bifurc,even_odd,_todd21,3,0.0,0,bd07,bd07,True,0,correct,3,True,10,21,2.1
bifurc,even_odd,_todd21,3,0.0,0,bd07,bd07,True,0,correct,3,True,10,21,2.1
bifurc,even_odd,_todd21,3,0.0,0,bd07,bd07,True,0,correct,3,True,10,21,2.1
bifurc,even_odd,_todd21,3,0.0,0,bd07,bd07,True,0,correct,3,True,10,21,2.1
bifurc,even_odd,_todd21,3,0.0,0,bd07,bd07,True,0,correct,3,True,10,21,2.1
bifurc,even_odd,_todd21,3,0.0,0,bd07,bd07,True,0,correct,3,True,10,21,2.1
bifurc,even_odd,_todd21,3,0.0,0,bd07,bd07,True,0,correct,3,True,10,21,2.1
bifurc,even_odd,_todd21,3,0.0,0,bd07,bd07,True,0,correct,3,True,10,21,2.1
bifurc,even_odd,_todd21,3,0.0,0,bd07,bd07,True,0,correct,3,True,10,21,2.1
bifurc,even_odd,_todd21,3,0.0,0,bd07,bd07,True,0,correct,3,True,10,21,2.1
bifurc,even_odd,_todd21,3,0.0,0,bd07,bd07,True,0,correct,3,True,10,21,2.1
bifurc,even_odd,_todd21,3,0.0,0,bd07,bd07,True,0,correct,3,True,10,21,2.1
bifurc,even_odd,_todd21,3,0.0,0,bd07,bd07,True,0,correct,3,True,10,21,2.1
bifurc,even_odd,_todd21,3,0.0,0,bd07,bd07,True,0,correct,3,True,10,21,2.1
bifurc,even_odd,_todd21,3,0.0,0,bd07,bd07,True,0,correct,3,True,10,21,2.1
bifurc,even_odd,_todd21,3,0.0,0,bd07,bd07,True,0,correct,3,True,10,21,2.1
bifurc,even_odd,_todd21,3,0.0,0,bd07,bd07,True,0,correct,3,True,10,21,2.1
bifurc,even_odd,_todd21,3,0.0,0,bd07,bd07,True,0,correct,3,True,10,21,2.1
bifurc,even_odd,_todd21,3,0.0,0,bd07,bd07,True,0,correct,3,True,10,21,2.1
bifurc,even_odd,_todd21,3,0.0,0,bd07,bd07,True,0,correct,3,True,10,21,2.1
bifurc,even_odd,_todd21,3,0.0,0,bd07,bd07,True,0,correct,3,True,10,21,2.1
bifurc,even_odd,_todd21,3,0.0,0,bd07,bd07,True,0,correct,3,True,10,21,2.1
bifurc,even_odd,_todd21,3,0.0,0,bd07,bd07,True,0,correct,3,True,10,21,2.1
bifurc,even_odd,_todd21,3,0.0,0,bd07,bd07,True,0,correct,3,True,10,21,2.1
bifurc,even_odd,_todd21,0,0.2,2,fce2,fca6,True,11,correct,0,True,10,21,2.1
bifurc,even_odd,_todd21,0,0.2,1,fc26,fca6,True,22,correct,0,True,10,21,2.1
bifurc,even_odd,_todd21,0,0.2,4,70e6,fca6,True,42,correct,0,True,10,21,2.1
bifurc,even_odd,_todd21,0,0.2,5,dfe4,58a4,True,42,spurious,-1,False,10,21,2.1
bifurc,even_odd,_todd21,0,0.2,5,dd34,58a4,True,53,spurious,-1,False,10,21,2.1
bifurc,even_odd,_todd21,0,0.2,0,fca6,fca6,True,0,correct,0,True,10,21,2.1
bifurc,even_odd,_todd21,0,0.2,1,f8a6,fca6,True,11,correct,0,True,10,21,2.1
bifurc,even_odd,_todd21,0,0.2,1,fc26,fca6,True,22,correct,0,True,10,21,2.1
bifurc,even_odd,_todd21,0,0.2,4,64a4,58a4,True,42,spurious,-1,False,10,21,2.1
bifurc,even_odd,_todd21,0,0.2,3,74b6,fca6,True,32,correct,0,True,10,21,2.1
bifurc,even_odd,_todd21,0,0.2,3,9ea6,fca6,True,22,correct,0,True,10,21,2.1
bifurc,even_odd,_todd21,0,0.2,6,1686,2b4,True,42,spurious,-1,False,10,21,2.1
bifurc,even_odd,_todd21,0,0.2,3,fc16,bd07,True,11,wrong_pattern,3,False,10,21,2.1
bifurc,even_odd,_todd21,0,0.2,2,fc36,fca6,True,22,correct,0,True,10,21,2.1
bifurc,even_odd,_todd21,0,0.2,1,fca4,fca6,True,22,correct,0,True,10,21,2.1
bifurc,even_odd,_todd21,0,0.2,2,fcb4,fca6,True,22,correct,0,True,10,21,2.1
bifurc,even_odd,_todd21,0,0.2,5,5086,58a4,True,22,spurious,-1,False,10,21,2.1
bifurc,even_odd,_todd21,0,0.2,4,dde4,58a4,True,42,spurious,-1,False,10,21,2.1
bifurc,even_odd,_todd21,0,0.2,3,f8b4,fca6,True,42,correct,0,True,10,21,2.1
bifurc,even_odd,_todd21,0,0.2,4,748e,fca6,True,22,correct,0,True,10,21,2.1
bifurc,even_odd,_todd21,0,0.2,4,b9a4,fca6,True,42,correct,0,True,10,21,2.1
bifurc,even_odd,_todd21,0,0.2,4,7cc2,fca6,True,42,correct,0,True,10,21,2.1
bifurc,even_odd,_todd21,0,0.2,0,fca6,fca6,True,0,correct,0,True,10,21,2.1
bifurc,even_odd,_todd21,0,0.2,3,fcb3,fca6,True,11,correct,0,True,10,21,2.1
bifurc,even_odd,_todd21,0,0.2,2,f5a6,fca6,True,22,correct,0,True,10,21,2.1
bifurc,even_odd,_todd21,0,0.2,3,f6e6,a6b6,True,21,wrong_pattern,2,False,10,21,2.1
bifurc,even_odd,_todd21,0,0.2,1,fea6,fca6,True,22,correct,0,True,10,21,2.1
bifurc,even_odd,_todd21,0,0.2,3,6da6,fca6,True,22,correct,0,True,10,21,2.1
bifurc,even_odd,_todd21,0,0.2,3,dcb4,58a4,True,42,spurious,-1,False,10,21,2.1
bifurc,even_odd,_todd21,0,0.2,2,fc36,fca6,True,22,correct,0,True,10,21,2.1
bifurc,even_odd,_todd21,0,0.2,0,fca6,fca6,True,0,correct,0,True,10,21,2.1
bifurc,even_odd,_todd21,0,0.2,4,b4b2,fca6,True,42,correct,0,True,10,21,2.1
bifurc,even_odd,_todd21,0,0.2,5,2cf6,fca6,True,42,correct,0,True,10,21,2.1
bifurc,even_odd,_todd21,0,0.2,5,e804,bd07,True,83,wrong_pattern,3,False,10,21,2.1
bifurc,even_odd,_todd21,0,0.2,6,bccb,fca6,True,74,correct,0,True,10,21,2.1
bifurc,even_odd,_todd21,0,0.2,2,bcae,fca6,True,22,correct,0,True,10,21,2.1
bifurc,even_odd,_todd21,0,0.2,2,ecb6,fca6,True,11,correct,0,True,10,21,2.1
bifurc,even_odd,_todd21,0,0.2,5,b485,a6b6,True,83,wrong_pattern,2,False,10,21,2.1
bifurc,even_odd,_todd21,0,0.2,3,7da2,fca6,True,22,correct,0,True,10,21,2.1
bifurc,even_odd,_todd21,0,0.2,5,7dbf,fca6,True,32,correct,0,True,10,21,2.1
bifurc,even_odd,_todd21,0,0.2,4,baa4,fca6,True,42,correct,0,True,10,21,2.1
bifurc,even_odd,_todd21,0,0.2,5,efa5,fca6,True,42,correct,0,True,10,21,2.1
bifurc,even_odd,_todd21,0,0.2,4,e827,fca6,True,53,correct,0,True,10,21,2.1
bifurc,even_odd,_todd21,0,0.2,1,7ca6,fca6,True,22,correct,0,True,10,21,2.1
bifurc,even_odd,_todd21,0,0.2,7,b845,bd07,True,42,wrong_pattern,3,False,10,21,2.1
bifurc,even_odd,_todd21,0,0.2,4,ffbe,fca6,True,22,correct,0,True,10,21,2.1
bifurc,even_odd,_todd21,0,0.2,5,7d83,bd07,True,22,wrong_pattern,3,False,10,21,2.1
bifurc,even_odd,_todd21,0,0.2,3,d8a4,58a4,True,22,spurious,-1,False,10,21,2.1
bifurc,even_odd,_todd21,0,0.2,3,fc04,bd07,True,52,wrong_pattern,3,False,10,21,2.1
bifurc,even_odd,_todd21,0,0.2,2,7ea6,fca6,True,22,correct,0,True,10,21,2.1
bifurc,even_odd,_todd21,0,0.2,4,14a6,58a4,True,42,spurious,-1,False,10,21,2.1
bifurc,even_odd,_todd21,0,0.2,5,7d9e,fca6,True,43,correct,0,True,10,21,2.1
bifurc,even_odd,_todd21,0,0.2,3,7de6,fca6,True,22,correct,0,True,10,21,2.1
bifurc,even_odd,_todd21,0,0.2,1,bca6,fca6,True,11,correct,0,True,10,21,2.1
bifurc,even_odd,_todd21,0,0.2,4,ffe7,fca6,True,32,correct,0,True,10,21,2.1
bifurc,even_odd,_todd21,0,0.2,5,7d32,fd22,False,1444,oscillated,-1,False,10,21,2.1
bifurc,even_odd,_todd21,0,0.2,1,fca4,fca6,True,22,correct,0,True,10,21,2.1
bifurc,even_odd,_todd21,0,0.2,1,fcb6,fca6,True,11,correct,0,True,10,21,2.1
bifurc,even_odd,_todd21,0,0.2,5,bc3f,fca6,True,95,correct,0,True,10,21,2.1
bifurc,even_odd,_todd21,0,0.2,1,fce6,fca6,True,11,correct,0,True,10,21,2.1
bifurc,even_odd,_todd21,0,0.2,4,dc46,fd4b,True,73,spurious,-1,False,10,21,2.1
bifurc,even_odd,_todd21,0,0.2,2,fe86,fca6,True,22,correct,0,True,10,21,2.1
bifurc,even_odd,_todd21,0,0.2,5,68e7,fca6,True,42,correct,0,True,10,21,2.1
bifurc,even_odd,_todd21,0,0.2,4,dcd6,fca6,True,22,correct,0,True,10,21,2.1
bifurc,even_odd,_todd21,0,0.2,6,9c60,58a4,True,42,spurious,-1,False,10,21,2.1
bifurc,even_odd,_todd21,0,0.2,3,f4b4,fca6,True,32,correct,0,True,10,21,2.1
bifurc,even_odd,_todd21,0,0.2,3,bda7,fca6,True,11,correct,0,True,10,21,2.1
bifurc,even_odd,_todd21,0,0.2,6,cd85,1905,True,42,spurious,-1,False,10,21,2.1
bifurc,even_odd,_todd21,0,0.2,4,dec6,fca6,True,22,correct,0,True,10,21,2.1
bifurc,even_odd,_todd21,0,0.2,4,ea26,fca6,True,22,correct,0,True,10,21,2.1
bifurc,even_odd,_todd21,0,0.2,7,70f3,fca6,True,42,correct,0,True,10,21,2.1
bifurc,even_odd,_todd21,0,0.2,3,bda7,fca6,True,11,correct,0,True,10,21,2.1
bifurc,even_odd,_todd21,0,0.2,1,bca6,fca6,True,11,correct,0,True,10,21,2.1
bifurc,even_odd,_todd21,0,0.2,2,eca2,fca6,True,11,correct,0,True,10,21,2.1
bifurc,even_odd,_todd21,0,0.2,2,dcae,fca6,True,22,correct,0,True,10,21,2.1
bifurc,even_odd,_todd21,0,0.2,3,3cb6,fca6,True,32,correct,0,True,10,21,2.1
bifurc,even_odd,_todd21,0,0.2,3,f926,fca6,True,53,correct,0,True,10,21,2.1
bifurc,even_odd,_todd21,0,0.2,1,7ca6,fca6,True,22,correct,0,True,10,21,2.1
bifurc,even_odd,_todd21,0,0.2,2,fce4,fca6,True,22,correct,0,True,10,21,2.1
bifurc,even_odd,_todd21,0,0.2,2,bcb6,fca6,True,11,correct,0,True,10,21,2.1
bifurc,even_odd,_todd21,1,0.2,2,5bb5,58a4,True,32,spurious,-1,False,10,21,2.1
bifurc,even_odd,_todd21,1,0.2,6,6b80,58a4,True,83,spurious,-1,False,10,21,2.1
bifurc,even_odd,_todd21,1,0.2,3,1fd1,1b95,True,21,correct,1,True,10,21,2.1
bifurc,even_odd,_todd21,1,0.2,3,1f35,1b95,True,22,correct,1,True,10,21,2.1
bifurc,even_odd,_todd21,1,0.2,0,1b95,1b95,True,0,correct,1,True,10,21,2.1
bifurc,even_odd,_todd21,1,0.2,4,5ac5,58a4,True,32,spurious,-1,False,10,21,2.1
bifurc,even_odd,_todd21,1,0.2,2,1bd4,2b4,True,32,spurious,-1,False,10,21,2.1
bifurc,even_odd,_todd21,1,0.2,1,b95,1b95,True,11,correct,1,True,10,21,2.1
bifurc,even_odd,_todd21,1,0.2,5,2b75,359,True,74,spurious,-1,False,10,21,2.1
bifurc,even_odd,_todd21,1,0.2,6,2881,58a4,True,62,spurious,-1,False,10,21,2.1
bifurc,even_odd,_todd21,1,0.2,3,1abd,2b4,True,32,spurious,-1,False,10,21,2.1
bifurc,even_odd,_todd21,1,0.2,1,1b97,1b95,True,22,correct,1,True,10,21,2.1
bifurc,even_odd,_todd21,1,0.2,1,b95,1b95,True,11,correct,1,True,10,21,2.1
bifurc,even_odd,_todd21,1,0.2,2,1994,58a4,True,42,spurious,-1,False,10,21,2.1
bifurc,even_odd,_todd21,1,0.2,2,3b15,1b95,True,22,correct,1,True,10,21,2.1
bifurc,even_odd,_todd21,1,0.2,5,7b1f,a75b,True,63,spurious,-1,False,10,21,2.1
bifurc,even_odd,_todd21,1,0.2,6,93e7,a6b6,True,42,wrong_pattern,2,False,10,21,2.1
bifurc,even_odd,_todd21,1,0.2,6,8899,5949,True,74,spurious,-1,False,10,21,2.1
bifurc,even_odd,_todd21,1,0.2,2,1b55,395,True,32,spurious,-1,False,10,21,2.1
bifurc,even_odd,_todd21,1,0.2,3,b8d,395,True,43,spurious,-1,False,10,21,2.1
bifurc,even_odd,_todd21,1,0.2,2,139d,395,True,43,spurious,-1,False,10,21,2.1
bifurc,even_odd,_todd21,1,0.2,2,bb95,bf97,True,42,spurious,-1,False,10,21,2.1
bifurc,even_odd,_todd21,1,0.2,1,1a95,58a4,True,63,spurious,-1,False,10,21,2.1
bifurc,even_odd,_todd21,1,0.2,3,18d5,58a4,True,42,spurious,-1,False,10,21,2.1
bifurc,even_odd,_todd21,1,0.2,2,1915,1905,True,11,spurious,-1,False,10,21,2.1
bifurc,even_odd,_todd21,1,0.2,3,19b7,58a4,True,32,spurious,-1,False,10,21,2.1
bifurc,even_odd,_todd21,1,0.2,4,3a05,1b95,True,42,correct,1,True,10,21,2.1
bifurc,even_odd,_todd21,1,0.2,2,9bb5,58a4,True,51,spurious,-1,False,10,21,2.1
bifurc,even_odd,_todd21,1,0.2,5,1ead,58a4,True,22,spurious,-1,False,10,21,2.1
bifurc,even_odd,_todd21,1,0.2,4,1f80,58a4,True,42,spurious,-1,False,10,21,2.1
bifurc,even_odd,_todd21,1,0.2,3,399d,1905,True,32,spurious,-1,False,10,21,2.1
bifurc,even_odd,_todd21,1,0.2,6,1645,359,True,42,spurious,-1,False,10,21,2.1
bifurc,even_odd,_todd21,1,0.2,3,5b87,1905,True,32,spurious,-1,False,10,21,2.1
bifurc,even_odd,_todd21,1,0.2,5,1b29,1905,True,84,spurious,-1,False,10,21,2.1
bifurc,even_odd,_todd21,1,0.2,3,1be5,58a4,True,42,spurious,-1,False,10,21,2.1
bifurc,even_odd,_todd21,1,0.2,2,1e95,58a4,True,63,spurious,-1,False,10,21,2.1
bifurc,even_odd,_todd21,1,0.2,2,3b85,1b95,True,42,correct,1,True,10,21,2.1
bifurc,even_odd,_todd21,1,0.2,7,fed1,fca6,True,32,wrong_pattern,0,False,10,21,2.1
bifurc,even_odd,_todd21,1,0.2,3,7995,1905,True,32,spurious,-1,False,10,21,2.1
bifurc,even_odd,_todd21,1,0.2,3,1f1d,359,True,42,spurious,-1,False,10,21,2.1
bifurc,even_odd,_todd21,1,0.2,3,13c5,395,True,11,spurious,-1,False,10,21,2.1
bifurc,even_odd,_todd21,1,0.2,2,1915,1905,True,11,spurious,-1,False,10,21,2.1
bifurc,even_odd,_todd21,1,0.2,3,f97,1b95,True,42,correct,1,True,10,21,2.1
bifurc,even_odd,_todd21,1,0.2,2,1b8d,395,True,73,spurious,-1,False,10,21,2.1
bifurc,even_odd,_todd21,1,0.2,4,b391,a797,True,42,spurious,-1,False,10,21,2.1
bifurc,even_odd,_todd21,1,0.2,2,3bb5,58a4,True,51,spurious,-1,False,10,21,2.1
bifurc,even_odd,_todd21,1,0.2,3,9bb1,2b4,True,32,spurious,-1,False,10,21,2.1
bifurc,even_odd,_todd21,1,0.2,3,5f94,58a4,True,32,spurious,-1,False,10,21,2.1
bifurc,even_odd,_todd21,1,0.2,3,4bd5,1b95,True,11,correct,1,True,10,21,2.1
bifurc,even_odd,_todd21,1,0.2,1,1b9d,395,True,43,spurious,-1,False,10,21,2.1
bifurc,even_odd,_todd21,1,0.2,4,179c,2b4,True,32,spurious,-1,False,10,21,2.1
bifurc,even_odd,_todd21,1,0.2,3,1215,395,True,42,spurious,-1,False,10,21,2.1
bifurc,even_odd,_todd21,1,0.2,2,1b81,1b95,True,11,correct,1,True,10,21,2.1
bifurc,even_odd,_todd21,1,0.2,5,d305,395,True,83,spurious,-1,False,10,21,2.1
bifurc,even_odd,_todd21,1,0.2,4,1214,2b4,True,73,spurious,-1,False,10,21,2.1
bifurc,even_odd,_todd21,1,0.2,1,1b97,1b95,True,22,correct,1,True,10,21,2.1
bifurc,even_odd,_todd21,1,0.2,5,3b50,315,False,1444,oscillated,-1,False,10,21,2.1
bifurc,even_odd,_todd21,1,0.2,5,717,395,True,42,spurious,-1,False,10,21,2.1
bifurc,even_odd,_todd21,1,0.2,4,396,2b4,True,32,spurious,-1,False,10,21,2.1
bifurc,even_odd,_todd21,1,0.2,1,1395,395,True,11,spurious,-1,False,10,21,2.1
bifurc,even_odd,_todd21,1,0.2,4,5194,58a4,True,74,spurious,-1,False,10,21,2.1
bifurc,even_odd,_todd21,1,0.2,3,1291,2b4,True,32,spurious,-1,False,10,21,2.1
bifurc,even_odd,_todd21,1,0.2,3,1bad,58a4,True,42,spurious,-1,False,10,21,2.1
bifurc,even_odd,_todd21,1,0.2,5,cbf5,58a4,True,52,spurious,-1,False,10,21,2.1
bifurc,even_odd,_todd21,1,0.2,6,17b8,42f8,True,21,spurious,-1,False,10,21,2.1
bifurc,even_odd,_todd21,1,0.2,2,1bc5,1b95,True,11,correct,1,True,10,21,2.1
bifurc,even_odd,_todd21,1,0.2,4,1097,2b4,True,42,spurious,-1,False,10,21,2.1
bifurc,even_odd,_todd21,1,0.2,6,3982,fca6,True,42,wrong_pattern,0,False,10,21,2.1
bifurc,even_odd,_todd21,1,0.2,4,3797,a797,True,42,spurious,-1,False,10,21,2.1
bifurc,even_odd,_todd21,1,0.2,2,1b96,58a4,True,63,spurious,-1,False,10,21,2.1
bifurc,even_odd,_todd21,1,0.2,4,1b18,359,True,32,spurious,-1,False,10,21,2.1
bifurc,even_odd,_todd21,1,0.2,2,1195,395,True,43,spurious,-1,False,10,21,2.1
bifurc,even_odd,_todd21,1,0.2,3,9b5,58a4,True,21,spurious,-1,False,10,21,2.1
bifurc,even_odd,_todd21,1,0.2,5,22b5,2b4,True,22,spurious,-1,False,10,21,2.1
bifurc,even_odd,_todd21,1,0.2,3,19b1,58a4,True,11,spurious,-1,False,10,21,2.1
bifurc,even_odd,_todd21,1,0.2,6,7a98,58a4,True,32,spurious,-1,False,10,21,2.1
bifurc,even_odd,_todd21,1,0.2,1,1b97,1b95,True,22,correct,1,True,10,21,2.1
bifurc,even_odd,_todd21,1,0.2,4,1a07,1b95,True,42,correct,1,True,10,21,2.1
bifurc,even_odd,_todd21,1,0.2,3,3a15,1b95,True,22,correct,1,True,10,21,2.1
bifurc,even_odd,_todd21,1,0.2,5,8b5d,359,True,22,spurious,-1,False,10,21,2.1
bifurc,even_odd,_todd21,2,0.2,4,96f7,a6b6,True,22,correct,2,True,10,21,2.1
bifurc,even_odd,_todd21,2,0.2,3,b6a4,a6b6,True,42,correct,2,True,10,21,2.1
bifurc,even_odd,_todd21,2,0.2,4,c7b2,a6b6,True,32,correct,2,True,10,21,2.1
bifurc,even_odd,_todd21,2,0.2,2,a63e,e6fa,True,32,spurious,-1,False,10,21,2.1
bifurc,even_odd,_todd21,2,0.2,5,a4ce,e6fa,True,32,spurious,-1,False,10,21,2.1
bifurc,even_odd,_todd21,2,0.2,2,a6fe,e6fa,True,21,spurious,-1,False,10,21,2.1
bifurc,even_odd,_todd21,2,0.2,5,379e,a6b6,True,32,correct,2,True,10,21,2.1
bifurc,even_odd,_todd21,2,0.2,5,e41e,a75b,True,42,spurious,-1,False,10,21,2.1
bifurc,even_odd,_todd21,2,0.2,3,a432,e6fa,True,32,spurious,-1,False,10,21,2.1
bifurc,even_odd,_todd21,2,0.2,2,24b6,fca6,True,42,wrong_pattern,0,False,10,21,2.1
bifurc,even_odd,_todd21,2,0.2,2,a69e,a6b6,True,22,correct,2,True,10,21,2.1
bifurc,even_odd,_todd21,2,0.2,5,f23e,e6fa,True,52,spurious,-1,False,10,21,2.1
bifurc,even_odd,_todd21,2,0.2,7,6f84,58a4,True,53,spurious,-1,False,10,21,2.1
bifurc,even_odd,_todd21,2,0.2,1,e6b6,a6b6,True,11,correct,2,True,10,21,2.1
bifurc,even_odd,_todd21,2,0.2,4,aa97,fca6,True,83,wrong_pattern,0,False,10,21,2.1
bifurc,even_odd,_todd21,2,0.2,2,a3b6,a6b6,True,11,correct,2,True,10,21,2.1
bifurc,even_odd,_todd21,2,0.2,3,afb4,fca6,True,52,wrong_pattern,0,False,10,21,2.1
bifurc,even_odd,_todd21,2,0.2,5,96af,a6b6,True,53,correct,2,True,10,21,2.1
bifurc,even_odd,_todd21,2,0.2,3,a635,a6b6,True,53,correct,2,True,10,21,2.1
bifurc,even_odd,_todd21,2,0.2,6,ac1f,fd4b,True,21,spurious,-1,False,10,21,2.1
bifurc,even_odd,_todd21,2,0.2,4,84b0,58a4,True,42,spurious,-1,False,10,21,2.1
bifurc,even_odd,_todd21,2,0.2,3,a732,a732,False,1444,oscillated,-1,False,10,21,2.1
bifurc,even_odd,_todd21,2,0.2,5,86a1,2b4,True,42,spurious,-1,False,10,21,2.1
bifurc,even_odd,_todd21,2,0.2,9,8b00,359,True,53,spurious,-1,False,10,21,2.1
bifurc,even_odd,_todd21,2,0.2,1,a6b7,a6b6,True,11,correct,2,True,10,21,2.1
bifurc,even_odd,_todd21,2,0.2,1,a6be,a6b6,True,22,correct,2,True,10,21,2.1
bifurc,even_odd,_todd21,2,0.2,5,276,42f8,True,42,spurious,-1,False,10,21,2.1
bifurc,even_odd,_todd21,2,0.2,2,26b4,2b4,True,42,spurious,-1,False,10,21,2.1
bifurc,even_odd,_todd21,2,0.2,2,a694,a6b6,True,22,correct,2,True,10,21,2.1
bifurc,even_odd,_todd21,2,0.2,5,624,2b4,True,22,spurious,-1,False,10,21,2.1
bifurc,even_odd,_todd21,2,0.2,5,6fb7,fca6,True,52,wrong_pattern,0,False,10,21,2.1
bifurc,even_odd,_todd21,2,0.2,5,3232,e6fa,True,42,spurious,-1,False,10,21,2.1
bifurc,even_odd,_todd21,2,0.2,1,a6be,a6b6,True,22,correct,2,True,10,21,2.1
bifurc,even_odd,_todd21,2,0.2,1,aeb6,fca6,True,52,wrong_pattern,0,False,10,21,2.1
bifurc,even_odd,_todd21,2,0.2,3,34b6,fca6,True,42,wrong_pattern,0,False,10,21,2.1
bifurc,even_odd,_todd21,2,0.2,3,27f6,a6b6,True,22,correct,2,True,10,21,2.1
bifurc,even_odd,_todd21,2,0.2,3,26f2,a6b6,True,32,correct,2,True,10,21,2.1
bifurc,even_odd,_todd21,2,0.2,3,b6e6,a6b6,True,21,correct,2,True,10,21,2.1
bifurc,even_odd,_todd21,2,0.2,3,a6d4,a6b6,True,22,correct,2,True,10,21,2.1
bifurc,even_odd,_todd21,2,0.2,1,a6b2,a6b6,True,11,correct,2,True,10,21,2.1
bifurc,even_odd,_todd21,2,0.2,2,a69e,a6b6,True,22,correct,2,True,10,21,2.1
bifurc,even_odd,_todd21,2,0.2,3,87a6,a6b6,True,22,correct,2,True,10,21,2.1
bifurc,even_odd,_todd21,2,0.2,1,a6be,a6b6,True,22,correct,2,True,10,21,2.1
bifurc,even_odd,_todd21,2,0.2,0,a6b6,a6b6,True,0,correct,2,True,10,21,2.1
bifurc,even_odd,_todd21,2,0.2,4,b0f6,fca6,True,42,wrong_pattern,0,False,10,21,2.1
bifurc,even_odd,_todd21,2,0.2,7,94df,a75b,True,82,spurious,-1,False,10,21,2.1
bifurc,even_odd,_todd21,2,0.2,2,a6b0,a6b6,True,22,correct,2,True,10,21,2.1
bifurc,even_odd,_todd21,2,0.2,5,6635,359,True,74,spurious,-1,False,10,21,2.1
bifurc,even_odd,_todd21,2,0.2,3,36b2,a6b6,True,22,correct,2,True,10,21,2.1
bifurc,even_odd,_todd21,2,0.2,5,e433,a75b,True,53,spurious,-1,False,10,21,2.1
bifurc,even_odd,_todd21,2,0.2,3,a6b8,e6fa,True,32,spurious,-1,False,10,21,2.1
bifurc,even_odd,_todd21,2,0.2,7,c70e,a75b,True,32,spurious,-1,False,10,21,2.1
bifurc,even_odd,_todd21,2,0.2,3,a6e4,a6b6,True,22,correct,2,True,10,21,2.1
bifurc,even_odd,_todd21,2,0.2,1,a4b6,fca6,True,42,wrong_pattern,0,False,10,21,2.1
bifurc,even_odd,_todd21,2,0.2,3,a6f5,a6b6,True,22,correct,2,True,10,21,2.1
bifurc,even_odd,_todd21,2,0.2,2,26be,a6b6,True,22,correct,2,True,10,21,2.1
bifurc,even_odd,_todd21,2,0.2,3,a6e7,a6b6,True,11,correct,2,True,10,21,2.1
bifurc,even_odd,_todd21,2,0.2,2,aef6,a6b6,True,32,correct,2,True,10,21,2.1
bifurc,even_odd,_todd21,2,0.2,3,b2a6,a6b6,True,21,correct,2,True,10,21,2.1
bifurc,even_odd,_todd21,2,0.2,3,c6b7,a6b6,True,22,correct,2,True,10,21,2.1
bifurc,even_odd,_todd21,2,0.2,4,2486,fca6,True,43,wrong_pattern,0,False,10,21,2.1
bifurc,even_odd,_todd21,2,0.2,2,86b2,a6b6,True,22,correct,2,True,10,21,2.1
bifurc,even_odd,_todd21,2,0.2,4,ecf6,fca6,True,11,wrong_pattern,0,False,10,21,2.1
bifurc,even_odd,_todd21,2,0.2,1,a6f6,a6b6,True,11,correct,2,True,10,21,2.1
bifurc,even_odd,_todd21,2,0.2,4,9ea6,fca6,True,22,wrong_pattern,0,False,10,21,2.1
bifurc,even_odd,_todd21,2,0.2,4,a0f2,fca6,True,52,wrong_pattern,0,False,10,21,2.1
bifurc,even_odd,_todd21,2,0.2,4,33b6,a6b6,True,42,correct,2,True,10,21,2.1
bifurc,even_odd,_todd21,2,0.2,6,9282,a6b6,True,42,correct,2,True,10,21,2.1
bifurc,even_odd,_todd21,2,0.2,4,e2a4,fca6,True,63,wrong_pattern,0,False,10,21,2.1
bifurc,even_odd,_todd21,2,0.2,2,86a6,a6b6,True,22,correct,2,True,10,21,2.1
bifurc,even_odd,_todd21,2,0.2,3,2ef6,a6b6,True,32,correct,2,True,10,21,2.1
bifurc,even_odd,_todd21,2,0.2,2,aebe,a6b6,True,32,correct,2,True,10,21,2.1
bifurc,even_odd,_todd21,2,0.2,4,2ee6,fca6,True,42,wrong_pattern,0,False,10,21,2.1
bifurc,even_odd,_todd21,2,0.2,2,87b6,a6b6,True,22,correct,2,True,10,21,2.1
bifurc,even_odd,_todd21,2,0.2,5,25ba,e6fa,True,32,spurious,-1,False,10,21,2.1
bifurc,even_odd,_todd21,2,0.2,2,86a6,a6b6,True,22,correct,2,True,10,21,2.1
bifurc,even_odd,_todd21,2,0.2,4,bab2,a6b6,True,32,correct,2,True,10,21,2.1
bifurc,even_odd,_todd21,2,0.2,4,a7f5,a6b6,True,32,correct,2,True,10,21,2.1
bifurc,even_odd,_todd21,2,0.2,4,e624,e6fa,True,41,spurious,-1,False,10,21,2.1
bifurc,even_odd,_todd21,2,0.2,4,60b6,fca6,True,42,wrong_pattern,0,False,10,21,2.1
bifurc,even_odd,_todd21,3,0.2,3,dd03,bd07,True,32,correct,3,True,10,21,2.1
bifurc,even_odd,_todd21,3,0.2,3,fd04,bd07,True,32,correct,3,True,10,21,2.1
bifurc,even_odd,_todd21,3,0.2,3,9d45,1905,True,42,spurious,-1,False,10,21,2.1
bifurc,even_odd,_todd21,3,0.2,7,88f,58a4,True,53,spurious,-1,False,10,21,2.1
bifurc,even_odd,_todd21,3,0.2,2,fd0f,fd4b,True,21,spurious,-1,False,10,21,2.1
bifurc,even_odd,_todd21,3,0.2,6,1845,1905,True,21,spurious,-1,False,10,21,2.1
bifurc,even_odd,_todd21,3,0.2,6,8963,fd4b,True,42,spurious,-1,False,10,21,2.1
bifurc,even_odd,_todd21,3,0.2,2,b587,a797,True,52,spurious,-1,False,10,21,2.1
bifurc,even_odd,_todd21,3,0.2,2,ad06,bd07,True,11,correct,3,True,10,21,2.1
bifurc,even_odd,_todd21,3,0.2,3,390f,bd07,True,42,correct,3,True,10,21,2.1
bifurc,even_odd,_todd21,3,0.2,1,bd47,bd07,True,11,correct,3,True,10,21,2.1
bifurc,even_odd,_todd21,3,0.2,3,f517,bd07,True,32,correct,3,True,10,21,2.1
bifurc,even_odd,_todd21,3,0.2,3,ad85,bd07,True,52,correct,3,True,10,21,2.1
bifurc,even_odd,_todd21,3,0.2,5,cd1f,fd4b,True,42,spurious,-1,False,10,21,2.1
bifurc,even_odd,_todd21,3,0.2,2,b503,a75b,True,42,spurious,-1,False,10,21,2.1
bifurc,even_odd,_todd21,3,0.2,3,bc26,fca6,True,22,wrong_pattern,0,False,10,21,2.1
bifurc,even_odd,_todd21,3,0.2,2,a907,bd07,True,11,correct,3,True,10,21,2.1
bifurc,even_odd,_todd21,3,0.2,4,9d55,1905,True,42,spurious,-1,False,10,21,2.1
bifurc,even_odd,_todd21,3,0.2,3,ad86,fca6,True,62,wrong_pattern,0,False,10,21,2.1
bifurc,even_odd,_todd21,3,0.2,3,f547,fd4b,True,63,spurious,-1,False,10,21,2.1
bifurc,even_odd,_todd21,3,0.2,2,b503,a75b,True,42,spurious,-1,False,10,21,2.1
bifurc,even_odd,_todd21,3,0.2,4,bf2d,a797,True,42,spurious,-1,False,10,21,2.1
bifurc,even_odd,_todd21,3,0.2,2,bc05,bd07,True,22,correct,3,True,10,21,2.1
bifurc,even_odd,_todd21,3,0.2,6,fccd,fccf,False,1444,oscillated,-1,False,10,21,2.1
bifurc,even_odd,_todd21,3,0.2,4,e506,a75b,True,52,spurious,-1,False,10,21,2.1
bifurc,even_odd,_todd21,3,0.2,4,9d12,bd07,True,42,correct,3,True,10,21,2.1
bifurc,even_odd,_todd21,3,0.2,2,fd05,bd07,True,22,correct,3,True,10,21,2.1
bifurc,even_odd,_todd21,3,0.2,3,1d17,1905,True,42,spurious,-1,False,10,21,2.1
bifurc,even_odd,_todd21,3,0.2,5,1b47,1b95,True,42,wrong_pattern,1,False,10,21,2.1
bifurc,even_odd,_todd21,3,0.2,3,be87,fca6,True,53,wrong_pattern,0,False,10,21,2.1
bifurc,even_odd,_todd21,3,0.2,5,f113,a75b,True,42,spurious,-1,False,10,21,2.1
bifurc,even_odd,_todd21,3,0.2,5,b34f,a75b,True,11,spurious,-1,False,10,21,2.1
bifurc,even_odd,_todd21,3,0.2,1,b507,bd07,True,22,correct,3,True,10,21,2.1
bifurc,even_odd,_todd21,3,0.2,5,e901,bd07,True,42,correct,3,True,10,21,2.1
bifurc,even_odd,_todd21,3,0.2,2,9d03,bd07,True,22,correct,3,True,10,21,2.1
bifurc,even_odd,_todd21,3,0.2,4,ff45,bd07,True,32,correct,3,True,10,21,2.1
bifurc,even_odd,_todd21,3,0.2,3,b50b,a75b,True,42,spurious,-1,False,10,21,2.1
bifurc,even_odd,_todd21,3,0.2,4,b536,fca6,True,84,wrong_pattern,0,False,10,21,2.1
bifurc,even_odd,_todd21,3,0.2,1,bd17,bd07,True,11,correct,3,True,10,21,2.1
bifurc,even_odd,_todd21,3,0.2,5,3596,a6b6,True,42,wrong_pattern,2,False,10,21,2.1
bifurc,even_odd,_todd21,3,0.2,3,ba07,bf97,True,42,spurious,-1,False,10,21,2.1
bifurc,even_odd,_todd21,3,0.2,4,a847,bd07,True,21,correct,3,True,10,21,2.1
bifurc,even_odd,_todd21,3,0.2,2,b547,a75b,True,42,spurious,-1,False,10,21,2.1
bifurc,even_odd,_todd21,3,0.2,2,9d03,bd07,True,22,correct,3,True,10,21,2.1
bifurc,even_odd,_todd21,3,0.2,2,b107,bd07,True,22,correct,3,True,10,21,2.1
bifurc,even_odd,_todd21,3,0.2,3,bc97,fca6,True,42,wrong_pattern,0,False,10,21,2.1
bifurc,even_odd,_todd21,3,0.2,4,b44f,a75b,True,52,spurious,-1,False,10,21,2.1
bifurc,even_odd,_todd21,3,0.2,6,f7a3,a6b6,True,11,wrong_pattern,2,False,10,21,2.1
bifurc,even_odd,_todd21,3,0.2,3,9587,a797,True,52,spurious,-1,False,10,21,2.1
bifurc,even_odd,_todd21,3,0.2,3,ad67,bd07,True,52,correct,3,True,10,21,2.1
bifurc,even_odd,_todd21,3,0.2,4,be0b,fd4b,True,51,spurious,-1,False,10,21,2.1
bifurc,even_odd,_todd21,3,0.2,4,7c06,bd07,True,52,correct,3,True,10,21,2.1
bifurc,even_odd,_todd21,3,0.2,2,bd15,bd07,True,42,correct,3,True,10,21,2.1
bifurc,even_odd,_todd21,3,0.2,2,a507,bf97,True,52,spurious,-1,False,10,21,2.1
bifurc,even_odd,_todd21,3,0.2,3,b406,bd07,True,52,correct,3,True,10,21,2.1
bifurc,even_odd,_todd21,3,0.2,3,b805,bd07,True,42,correct,3,True,10,21,2.1
bifurc,even_odd,_todd21,3,0.2,4,b047,a75b,True,42,spurious,-1,False,10,21,2.1
bifurc,even_odd,_todd21,3,0.2,5,b91c,bd07,True,42,correct,3,True,10,21,2.1
bifurc,even_odd,_todd21,3,0.2,3,3517,bf97,True,43,spurious,-1,False,10,21,2.1
bifurc,even_odd,_todd21,3,0.2,2,bd57,bd07,True,11,correct,3,True,10,21,2.1
bifurc,even_odd,_todd21,3,0.2,1,bc07,bd07,True,11,correct,3,True,10,21,2.1
bifurc,even_odd,_todd21,3,0.2,4,bd52,bd07,True,21,correct,3,True,10,21,2.1
bifurc,even_odd,_todd21,3,0.2,4,1903,1905,True,22,spurious,-1,False,10,21,2.1
bifurc,even_odd,_todd21,3,0.2,2,bd0e,fd4b,True,51,spurious,-1,False,10,21,2.1
bifurc,even_odd,_todd21,3,0.2,3,b567,a75b,True,42,spurious,-1,False,10,21,2.1
bifurc,even_odd,_todd21,3,0.2,4,1da7,58a4,True,42,spurious,-1,False,10,21,2.1
bifurc,even_odd,_todd21,3,0.2,3,f707,a797,True,83,spurious,-1,False,10,21,2.1
bifurc,even_odd,_todd21,3,0.2,2,b707,a797,True,42,spurious,-1,False,10,21,2.1
bifurc,even_odd,_todd21,3,0.2,5,9de6,fca6,True,32,wrong_pattern,0,False,10,21,2.1
bifurc,even_odd,_todd21,3,0.2,1,3d07,bd07,True,22,correct,3,True,10,21,2.1
bifurc,even_odd,_todd21,3,0.2,7,6c0c,5949,True,42,spurious,-1,False,10,21,2.1
bifurc,even_odd,_todd21,3,0.2,4,e707,a75b,True,32,spurious,-1,False,10,21,2.1
bifurc,even_odd,_todd21,3,0.2,3,3d16,bd07,True,42,correct,3,True,10,21,2.1
bifurc,even_odd,_todd21,3,0.2,3,bd24,fca6,True,53,wrong_pattern,0,False,10,21,2.1
bifurc,even_odd,_todd21,3,0.2,4,3c16,bd07,True,42,correct,3,True,10,21,2.1
bifurc,even_odd,_todd21,3,0.2,3,bdb7,fca6,True,21,wrong_pattern,0,False,10,21,2.1
bifurc,even_odd,_todd21,3,0.2,1,b907,bd07,True,11,correct,3,True,10,21,2.1
bifurc,even_odd,_todd21,3,0.2,0,bd07,bd07,True,0,correct,3,True,10,21,2.1
bifurc,even_odd,_todd21,3,0.2,3,9c05,1905,True,42,spurious,-1,False,10,21,2.1
bifurc,even_odd,_todd21,3,0.2,3,3d8f,bd07,True,32,correct,3,True,10,21,2.1
bifurc,even_odd,_todd21,0,0.4,4,dc34,58a4,True,42,spurious,-1,False,10,21,2.1
bifurc,even_odd,_todd21,0,0.4,6,ca87,fca6,True,53,correct,0,True,10,21,2.1
bifurc,even_odd,_todd21,0,0.4,5,7af6,fca6,True,42,correct,0,True,10,21,2.1
bifurc,even_odd,_todd21,0,0.4,3,fc37,fca6,True,53,correct,0,True,10,21,2.1
bifurc,even_odd,_todd21,0,0.4,4,d4aa,fca6,True,32,correct,0,True,10,21,2.1
bifurc,even_odd,_todd21,0,0.4,6,5d8c,58a4,True,74,spurious,-1,False,10,21,2.1
bifurc,even_odd,_todd21,0,0.4,5,b807,bd07,True,11,wrong_pattern,3,False,10,21,2.1
bifurc,even_odd,_todd21,0,0.4,9,b21f,a75b,True,11,spurious,-1,False,10,21,2.1
bifurc,even_odd,_todd21,0,0.4,5,6d82,fca6,True,42,correct,0,True,10,21,2.1
bifurc,even_odd,_todd21,0,0.4,7,b8cb,fca6,True,74,correct,0,True,10,21,2.1
bifurc,even_odd,_todd21,0,0.4,6,6e64,58a4,True,53,spurious,-1,False,10,21,2.1
bifurc,even_odd,_todd21,0,0.4,5,de8f,fca6,True,32,correct,0,True,10,21,2.1
bifurc,even_odd,_todd21,0,0.4,5,d52e,fd4b,True,63,spurious,-1,False,10,21,2.1
bifurc,even_odd,_todd21,0,0.4,8,6af3,fca6,True,42,correct,0,True,10,21,2.1
bifurc,even_odd,_todd21,0,0.4,6,9ce8,58a4,True,42,spurious,-1,False,10,21,2.1
bifurc,even_odd,_todd21,0,0.4,7,a481,a6b6,True,42,wrong_pattern,2,False,10,21,2.1
bifurc,even_odd,_todd21,0,0.4,7,ccda,fc6a,True,42,spurious,-1,False,10,21,2.1
bifurc,even_odd,_todd21,0,0.4,6,703e,fcea,False,1444,oscillated,-1,False,10,21,2.1
bifurc,even_odd,_todd21,0,0.4,5,df66,fd66,False,1444,oscillated,-1,False,10,21,2.1
bifurc,even_odd,_todd21,0,0.4,9,4693,2b4,True,42,spurious,-1,False,10,21,2.1
bifurc,even_odd,_todd21,0,0.4,8,1f25,1b95,True,42,wrong_pattern,1,False,10,21,2.1
bifurc,even_odd,_todd21,0,0.4,8,7b2b,fd4b,True,42,spurious,-1,False,10,21,2.1
bifurc,even_odd,_todd21,0,0.4,6,64e3,fca6,True,52,correct,0,True,10,21,2.1
bifurc,even_odd,_todd21,0,0.4,3,bc8e,fca6,True,32,correct,0,True,10,21,2.1
bifurc,even_odd,_todd21,0,0.4,4,f527,bd07,True,32,wrong_pattern,3,False,10,21,2.1
bifurc,even_odd,_todd21,0,0.4,2,fca5,fca6,True,22,correct,0,True,10,21,2.1
bifurc,even_odd,_todd21,0,0.4,5,b984,fca6,True,42,correct,0,True,10,21,2.1
bifurc,even_odd,_todd21,0,0.4,9,c730,359,True,74,spurious,-1,False,10,21,2.1
bifurc,even_odd,_todd21,0,0.4,6,98e5,58a4,True,32,spurious,-1,False,10,21,2.1
bifurc,even_odd,_todd21,0,0.4,8,754c,5949,True,63,spurious,-1,False,10,21,2.1
bifurc,even_odd,_todd21,0,0.4,5,b825,fca6,True,53,correct,0,True,10,21,2.1
bifurc,even_odd,_todd21,0,0.4,7,a1e7,a6b6,True,74,wrong_pattern,2,False,10,21,2.1
bifurc,even_odd,_todd21,0,0.4,7,958a,a75b,True,82,spurious,-1,False,10,21,2.1
bifurc,even_odd,_todd21,0,0.4,9,307c,4068,True,42,spurious,-1,False,10,21,2.1
bifurc,even_odd,_todd21,0,0.4,4,d0a7,fca6,True,42,correct,0,True,10,21,2.1
bifurc,even_odd,_todd21,0,0.4,4,fe2c,fca6,True,53,correct,0,True,10,21,2.1
bifurc,even_odd,_todd21,0,0.4,5,ff16,bd07,True,32,wrong_pattern,3,False,10,21,2.1
bifurc,even_odd,_todd21,0,0.4,7,8ee,58a4,True,42,spurious,-1,False,10,21,2.1
bifurc,even_odd,_todd21,0,0.4,7,6c89,5889,False,1444,oscillated,-1,False,10,21,2.1
bifurc,even_odd,_todd21,0,0.4,8,9a03,bf97,True,42,spurious,-1,False,10,21,2.1
bifurc,even_odd,_todd21,0,0.4,7,a828,fc6a,True,42,spurious,-1,False,10,21,2.1
bifurc,even_odd,_todd21,0,0.4,6,f44c,fd4b,True,32,spurious,-1,False,10,21,2.1
bifurc,even_odd,_todd21,0,0.4,6,5db0,58a4,True,11,spurious,-1,False,10,21,2.1
bifurc,even_odd,_todd21,0,0.4,7,1d94,58a4,True,42,spurious,-1,False,10,21,2.1
bifurc,even_odd,_todd21,0,0.4,6,a587,a797,True,52,spurious,-1,False,10,21,2.1
bifurc,even_odd,_todd21,0,0.4,11,4231,359,True,74,spurious,-1,False,10,21,2.1
bifurc,even_odd,_todd21,0,0.4,5,8cb2,fca6,True,42,correct,0,True,10,21,2.1
bifurc,even_odd,_todd21,0,0.4,6,ef67,bf97,True,83,spurious,-1,False,10,21,2.1
bifurc,even_odd,_todd21,0,0.4,6,bdcf,bd07,True,32,wrong_pattern,3,False,10,21,2.1
bifurc,even_odd,_todd21,0,0.4,5,d4a8,58a4,True,42,spurious,-1,False,10,21,2.1
bifurc,even_odd,_todd21,0,0.4,5,dee5,58a4,True,42,spurious,-1,False,10,21,2.1
bifurc,even_odd,_todd21,0,0.4,6,2d66,fd4b,True,43,spurious,-1,False,10,21,2.1
bifurc,even_odd,_todd21,0,0.4,7,3d88,58a4,True,74,spurious,-1,False,10,21,2.1
bifurc,even_odd,_todd21,0,0.4,9,4f12,1b95,True,83,wrong_pattern,1,False,10,21,2.1
bifurc,even_odd,_todd21,0,0.4,5,fb22,fd22,False,1444,oscillated,-1,False,10,21,2.1
bifurc,even_odd,_todd21,0,0.4,7,f1d7,bf97,True,43,spurious,-1,False,10,21,2.1
bifurc,even_odd,_todd21,0,0.4,6,de2b,fd4b,True,42,spurious,-1,False,10,21,2.1
bifurc,even_odd,_todd21,0,0.4,5,78c7,fca6,True,42,correct,0,True,10,21,2.1
bifurc,even_odd,_todd21,0,0.4,7,6aa8,58a4,True,32,spurious,-1,False,10,21,2.1
bifurc,even_odd,_todd21,0,0.4,7,72ab,a6b6,True,104,wrong_pattern,2,False,10,21,2.1
bifurc,even_odd,_todd21,0,0.4,6,d28e,a6b6,True,74,wrong_pattern,2,False,10,21,2.1
bifurc,even_odd,_todd21,0,0.4,5,9c34,58a4,True,42,spurious,-1,False,10,21,2.1
bifurc,even_odd,_todd21,0,0.4,9,e05c,a75b,True,42,spurious,-1,False,10,21,2.1
bifurc,even_odd,_todd21,0,0.4,7,d542,fd4b,True,32,spurious,-1,False,10,21,2.1
bifurc,even_odd,_todd21,0,0.4,6,5dea,5868,True,42,spurious,-1,False,10,21,2.1
bifurc,even_odd,_todd21,0,0.4,7,f2cc,e6fa,True,83,spurious,-1,False,10,21,2.1
bifurc,even_odd,_todd21,0,0.4,8,80f4,58a4,True,42,spurious,-1,False,10,21,2.1
bifurc,even_odd,_todd21,0,0.4,8,95c5,395,True,73,spurious,-1,False,10,21,2.1
bifurc,even_odd,_todd21,0,0.4,7,b3b7,a6b6,True,11,wrong_pattern,2,False,10,21,2.1
bifurc,even_odd,_todd21,0,0.4,5,d726,a6b6,True,83,wrong_pattern,2,False,10,21,2.1
bifurc,even_odd,_todd21,0,0.4,8,d7f0,2b4,True,42,spurious,-1,False,10,21,2.1
bifurc,even_odd,_todd21,0,0.4,11,3079,359,True,53,spurious,-1,False,10,21,2.1
bifurc,even_odd,_todd21,0,0.4,6,3fa3,fca6,True,42,correct,0,True,10,21,2.1
bifurc,even_odd,_todd21,0,0.4,9,33ce,e6fa,True,63,spurious,-1,False,10,21,2.1
bifurc,even_odd,_todd21,0,0.4,7,5c4c,5949,True,11,spurious,-1,False,10,21,2.1
bifurc,even_odd,_todd21,0,0.4,4,d1a6,fca6,True,42,correct,0,True,10,21,2.1
bifurc,even_odd,_todd21,0,0.4,6,94ec,4068,True,83,spurious,-1,False,10,21,2.1
bifurc,even_odd,_todd21,0,0.4,6,b59e,a6b6,True,74,wrong_pattern,2,False,10,21,2.1
bifurc,even_odd,_todd21,0,0.4,8,799d,1905,True,32,spurious,-1,False,10,21,2.1
bifurc,even_odd,_todd21,0,0.4,6,6ce8,5868,True,42,spurious,-1,False,10,21,2.1
bifurc,even_odd,_todd21,1,0.4,9,b152,a75b,True,32,spurious,-1,False,10,21,2.1
bifurc,even_odd,_todd21,1,0.4,7,4b4f,359,True,42,spurious,-1,False,10,21,2.1
bifurc,even_odd,_todd21,1,0.4,7,83fc,42f8,True,51,spurious,-1,False,10,21,2.1
bifurc,even_odd,_todd21,1,0.4,9,fef9,e46a,True,52,spurious,-1,False,10,21,2.1
bifurc,even_odd,_todd21,1,0.4,7,adb4,fca6,True,42,wrong_pattern,0,False,10,21,2.1
bifurc,even_odd,_todd21,1,0.4,5,3980,58a4,True,42,spurious,-1,False,10,21,2.1
bifurc,even_odd,_todd21,1,0.4,7,29e4,58a4,True,32,spurious,-1,False,10,21,2.1
bifurc,even_odd,_todd21,1,0.4,7,ddcd,1905,True,42,spurious,-1,False,10,21,2.1
bifurc,even_odd,_todd21,1,0.4,7,8854,1905,True,42,spurious,-1,False,10,21,2.1
bifurc,even_odd,_todd21,1,0.4,7,3d00,1905,True,42,spurious,-1,False,10,21,2.1
bifurc,even_odd,_todd21,1,0.4,7,5d4d,5949,True,11,spurious,-1,False,10,21,2.1
bifurc,even_odd,_todd21,1,0.4,5,9389,359,True,53,spurious,-1,False,10,21,2.1
bifurc,even_odd,_todd21,1,0.4,8,36bb,e6fa,True,32,spurious,-1,False,10,21,2.1
bifurc,even_odd,_todd21,1,0.4,10,22fa,e6fa,True,42,spurious,-1,False,10,21,2.1
bifurc,even_odd,_todd21,1,0.4,5,1c1d,1905,True,42,spurious,-1,False,10,21,2.1
bifurc,even_odd,_todd21,1,0.4,10,f51e,a75b,True,42,spurious,-1,False,10,21,2.1
bifurc,even_odd,_todd21,1,0.4,9,2d20,5949,True,53,spurious,-1,False,10,21,2.1
bifurc,even_odd,_todd21,1,0.4,5,d19d,395,True,43,spurious,-1,False,10,21,2.1
bifurc,even_odd,_todd21,1,0.4,4,5db5,58a4,True,21,spurious,-1,False,10,21,2.1
bifurc,even_odd,_todd21,1,0.4,9,8677,a677,False,1444,oscillated,-1,False,10,21,2.1
bifurc,even_odd,_todd21,1,0.4,5,5814,1905,True,11,spurious,-1,False,10,21,2.1
bifurc,even_odd,_todd21,1,0.4,6,1cd6,58a4,True,42,spurious,-1,False,10,21,2.1
bifurc,even_odd,_todd21,1,0.4,5,d2d5,2b4,True,42,spurious,-1,False,10,21,2.1
bifurc,even_odd,_todd21,1,0.4,5,18df,58a4,True,74,spurious,-1,False,10,21,2.1
bifurc,even_odd,_todd21,1,0.4,9,356d,359,True,83,spurious,-1,False,10,21,2.1
bifurc,even_odd,_todd21,1,0.4,7,528b,42f8,True,73,spurious,-1,False,10,21,2.1
bifurc,even_odd,_todd21,1,0.4,8,d979,5949,True,22,spurious,-1,False,10,21,2.1
bifurc,even_odd,_todd21,1,0.4,6,5d57,1905,True,42,spurious,-1,False,10,21,2.1
bifurc,even_odd,_todd21,1,0.4,4,3b13,a797,True,63,spurious,-1,False,10,21,2.1
bifurc,even_odd,_todd21,1,0.4,5,5591,1b95,True,43,correct,1,True,10,21,2.1
bifurc,even_odd,_todd21,1,0.4,9,a821,fd4b,True,53,spurious,-1,False,10,21,2.1
bifurc,even_odd,_todd21,1,0.4,5,b381,a797,True,42,spurious,-1,False,10,21,2.1
bifurc,even_odd,_todd21,1,0.4,2,b97,1b95,True,42,correct,1,True,10,21,2.1
bifurc,even_odd,_todd21,1,0.4,6,5b3b,359,True,73,spurious,-1,False,10,21,2.1
bifurc,even_odd,_todd21,1,0.4,5,3bd2,a6b6,True,63,wrong_pattern,2,False,10,21,2.1
bifurc,even_odd,_todd21,1,0.4,6,72c5,2b4,True,42,spurious,-1,False,10,21,2.1
bifurc,even_odd,_todd21,1,0.4,10,ee2d,a75b,True,53,spurious,-1,False,10,21,2.1
bifurc,even_odd,_todd21,1,0.4,9,eeb,42f8,True,42,spurious,-1,False,10,21,2.1
bifurc,even_odd,_todd21,1,0.4,4,da15,1905,True,32,spurious,-1,False,10,21,2.1
bifurc,even_odd,_todd21,1,0.4,2,1b05,1b95,True,42,correct,1,True,10,21,2.1
bifurc,even_odd,_todd21,1,0.4,10,b406,bd07,True,52,wrong_pattern,3,False,10,21,2.1
bifurc,even_odd,_todd21,1,0.4,6,bd84,fca6,True,42,wrong_pattern,0,False,10,21,2.1
bifurc,even_odd,_todd21,1,0.4,7,3a3b,a75b,True,73,spurious,-1,False,10,21,2.1
bifurc,even_odd,_todd21,1,0.4,6,39fc,58a4,True,32,spurious,-1,False,10,21,2.1
bifurc,even_odd,_todd21,1,0.4,7,853,5949,True,73,spurious,-1,False,10,21,2.1
bifurc,even_odd,_todd21,1,0.4,6,d714,395,True,42,spurious,-1,False,10,21,2.1
bifurc,even_odd,_todd21,1,0.4,7,7eb6,fca6,True,22,wrong_pattern,0,False,10,21,2.1
bifurc,even_odd,_todd21,1,0.4,7,22b0,2b4,True,22,spurious,-1,False,10,21,2.1
bifurc,even_odd,_todd21,1,0.4,5,5307,395,True,83,spurious,-1,False,10,21,2.1
bifurc,even_odd,_todd21,1,0.4,6,bdbd,fca6,True,42,wrong_pattern,0,False,10,21,2.1
bifurc,even_odd,_todd21,1,0.4,6,a955,fd4b,True,104,spurious,-1,False,10,21,2.1
bifurc,even_odd,_todd21,1,0.4,7,55bc,58a4,True,32,spurious,-1,False,10,21,2.1
bifurc,even_odd,_todd21,1,0.4,6,5751,359,True,42,spurious,-1,False,10,21,2.1
bifurc,even_odd,_todd21,1,0.4,8,784d,5949,True,22,spurious,-1,False,10,21,2.1
bifurc,even_odd,_todd21,1,0.4,6,fd2,2b4,True,63,spurious,-1,False,10,21,2.1
bifurc,even_odd,_todd21,1,0.4,4,939c,2b4,True,32,spurious,-1,False,10,21,2.1
bifurc,even_odd,_todd21,1,0.4,4,99b7,fca6,True,42,wrong_pattern,0,False,10,21,2.1
bifurc,even_odd,_todd21,1,0.4,7,f7bd,a6b6,True,42,wrong_pattern,2,False,10,21,2.1
bifurc,even_odd,_todd21,1,0.4,8,394b,fd4b,True,42,spurious,-1,False,10,21,2.1
bifurc,even_odd,_todd21,1,0.4,6,5fe7,58a4,True,42,spurious,-1,False,10,21,2.1
bifurc,even_odd,_todd21,1,0.4,8,8a2,58a4,True,42,spurious,-1,False,10,21,2.1
bifurc,even_odd,_todd21,1,0.4,7,f9d0,fca6,True,42,wrong_pattern,0,False,10,21,2.1
bifurc,even_odd,_todd21,1,0.4,5,d2b5,2b4,True,42,spurious,-1,False,10,21,2.1
bifurc,even_odd,_todd21,1,0.4,4,381,395,True,11,spurious,-1,False,10,21,2.1
bifurc,even_odd,_todd21,1,0.4,4,b195,a797,True,73,spurious,-1,False,10,21,2.1
bifurc,even_odd,_todd21,1,0.4,8,c5f,5949,True,42,spurious,-1,False,10,21,2.1
bifurc,even_odd,_todd21,1,0.4,5,211,359,True,42,spurious,-1,False,10,21,2.1
bifurc,even_odd,_todd21,1,0.4,11,6c40,5949,True,42,spurious,-1,False,10,21,2.1
bifurc,even_odd,_todd21,1,0.4,5,ac1,58a4,True,73,spurious,-1,False,10,21,2.1
bifurc,even_odd,_todd21,1,0.4,4,3a11,395,True,32,spurious,-1,False,10,21,2.1
bifurc,even_odd,_todd21,1,0.4,4,8b55,359,True,32,spurious,-1,False,10,21,2.1
bifurc,even_odd,_todd21,1,0.4,5,7f17,bd07,True,32,wrong_pattern,3,False,10,21,2.1
bifurc,even_odd,_todd21,1,0.4,9,69f2,fca6,True,42,wrong_pattern,0,False,10,21,2.1
bifurc,even_odd,_todd21,1,0.4,6,9fed,58a4,True,42,spurious,-1,False,10,21,2.1
bifurc,even_odd,_todd21,1,0.4,4,4b11,1b95,True,83,correct,1,True,10,21,2.1
bifurc,even_odd,_todd21,1,0.4,7,e31d,a75b,True,42,spurious,-1,False,10,21,2.1
bifurc,even_odd,_todd21,1,0.4,7,a916,bd07,True,11,wrong_pattern,3,False,10,21,2.1
bifurc,even_odd,_todd21,1,0.4,6,1865,1905,True,53,spurious,-1,False,10,21,2.1
bifurc,even_odd,_todd21,1,0.4,6,29b0,58a4,True,42,spurious,-1,False,10,21,2.1
bifurc,even_odd,_todd21,1,0.4,6,5c05,1905,True,11,spurious,-1,False,10,21,2.1
bifurc,even_odd,_todd21,2,0.4,5,b3b3,a6b6,True,11,correct,2,True,10,21,2.1
bifurc,even_odd,_todd21,2,0.4,5,eab0,fca6,True,42,wrong_pattern,0,False,10,21,2.1
bifurc,even_odd,_todd21,2,0.4,7,bcfb,fca6,True,32,wrong_pattern,0,False,10,21,2.1
bifurc,even_odd,_todd21,2,0.4,6,6cbc,58a4,True,42,spurious,-1,False,10,21,2.1
bifurc,even_odd,_todd21,2,0.4,6,23ff,a6b6,True,73,correct,2,True,10,21,2.1
bifurc,even_odd,_todd21,2,0.4,9,459d,359,True,32,spurious,-1,False,10,21,2.1
bifurc,even_odd,_todd21,2,0.4,9,8a51,359,True,22,spurious,-1,False,10,21,2.1
bifurc,even_odd,_todd21,2,0.4,5,ae8a,fca6,True,42,wrong_pattern,0,False,10,21,2.1
bifurc,even_odd,_todd21,2,0.4,5,b7e4,a6b6,True,42,correct,2,True,10,21,2.1
bifurc,even_odd,_todd21,2,0.4,3,86b3,a6b6,True,22,correct,2,True,10,21,2.1
bifurc,even_odd,_todd21,2,0.4,7,af,42f8,True,63,spurious,-1,False,10,21,2.1
bifurc,even_odd,_todd21,2,0.4,9,f289,e6fa,True,73,spurious,-1,False,10,21,2.1
bifurc,even_odd,_todd21,2,0.4,7,b3ad,a6b6,True,42,correct,2,True,10,21,2.1
bifurc,even_odd,_todd21,2,0.4,7,f2d5,a6b6,True,42,correct,2,True,10,21,2.1
bifurc,even_odd,_todd21,2,0.4,8,e1d3,a75b,True,32,spurious,-1,False,10,21,2.1
bifurc,even_odd,_todd21,2,0.4,4,e2a4,fca6,True,63,wrong_pattern,0,False,10,21,2.1
bifurc,even_odd,_todd21,2,0.4,7,57a7,2b4,True,83,spurious,-1,False,10,21,2.1
bifurc,even_odd,_todd21,2,0.4,7,7836,fca6,True,42,wrong_pattern,0,False,10,21,2.1
bifurc,even_odd,_todd21,2,0.4,7,8b8e,a6b6,True,42,correct,2,True,10,21,2.1
bifurc,even_odd,_todd21,2,0.4,5,a074,e6fa,True,63,spurious,-1,False,10,21,2.1
bifurc,even_odd,_todd21,2,0.4,4,e617,a75b,True,32,spurious,-1,False,10,21,2.1
bifurc,even_odd,_todd21,2,0.4,8,1e73,2b4,True,62,spurious,-1,False,10,21,2.1
bifurc,even_odd,_todd21,2,0.4,8,e183,b717,False,1444,oscillated,-1,False,10,21,2.1
bifurc,even_odd,_todd21,2,0.4,3,7b6,2b4,True,42,spurious,-1,False,10,21,2.1
bifurc,even_odd,_todd21,2,0.4,6,c136,fd4b,True,42,spurious,-1,False,10,21,2.1
bifurc,even_odd,_todd21,2,0.4,4,c6d6,a6b6,True,32,correct,2,True,10,21,2.1
bifurc,even_odd,_todd21,2,0.4,2,26a6,a6b6,True,22,correct,2,True,10,21,2.1
bifurc,even_odd,_todd21,2,0.4,11,d100,5949,True,63,spurious,-1,False,10,21,2.1
bifurc,even_odd,_todd21,2,0.4,8,d4ea,e46a,True,42,spurious,-1,False,10,21,2.1
bifurc,even_odd,_todd21,2,0.4,6,680,2b4,True,22,spurious,-1,False,10,21,2.1
bifurc,even_odd,_todd21,2,0.4,7,4a1,58a4,True,42,spurious,-1,False,10,21,2.1
bifurc,even_odd,_todd21,2,0.4,5,af17,bf97,True,42,spurious,-1,False,10,21,2.1
bifurc,even_odd,_todd21,2,0.4,2,a6f7,a6b6,True,11,correct,2,True,10,21,2.1
bifurc,even_odd,_todd21,2,0.4,6,9214,2b4,True,73,spurious,-1,False,10,21,2.1
bifurc,even_odd,_todd21,2,0.4,6,e783,a797,True,21,spurious,-1,False,10,21,2.1
bifurc,even_odd,_todd21,2,0.4,10,1b7f,359,True,32,spurious,-1,False,10,21,2.1
bifurc,even_odd,_todd21,2,0.4,6,bf22,fca6,True,63,wrong_pattern,0,False,10,21,2.1
bifurc,even_odd,_todd21,2,0.4,5,769e,a6b6,True,42,correct,2,True,10,21,2.1
bifurc,even_odd,_todd21,2,0.4,12,5c89,5889,False,1444,oscillated,-1,False,10,21,2.1
bifurc,even_odd,_todd21,2,0.4,8,29c6,fca6,True,62,wrong_pattern,0,False,10,21,2.1
bifurc,even_odd,_todd21,2,0.4,7,4c16,1905,True,83,spurious,-1,False,10,21,2.1
bifurc,even_odd,_todd21,2,0.4,4,a2bd,a6b6,True,42,correct,2,True,10,21,2.1
bifurc,even_odd,_todd21,2,0.4,8,83db,a75b,True,42,spurious,-1,False,10,21,2.1
bifurc,even_odd,_todd21,2,0.4,3,a734,a6b6,True,53,correct,2,True,10,21,2.1
bifurc,even_odd,_todd21,2,0.4,9,897c,5949,True,42,spurious,-1,False,10,21,2.1
bifurc,even_odd,_todd21,2,0.4,9,4ff8,42f8,True,22,spurious,-1,False,10,21,2.1
bifurc,even_odd,_todd21,2,0.4,8,9156,a75b,True,42,spurious,-1,False,10,21,2.1
bifurc,even_odd,_todd21,2,0.4,4,a79c,a6b6,True,32,correct,2,True,10,21,2.1
bifurc,even_odd,_todd21,2,0.4,7,4ed2,58a4,True,42,spurious,-1,False,10,21,2.1
bifurc,even_odd,_todd21,2,0.4,2,b4b6,fca6,True,42,wrong_pattern,0,False,10,21,2.1
bifurc,even_odd,_todd21,2,0.4,7,a305,a797,True,42,spurious,-1,False,10,21,2.1
bifurc,even_odd,_todd21,2,0.4,5,a642,a75b,True,32,spurious,-1,False,10,21,2.1
bifurc,even_odd,_todd21,2,0.4,5,a517,a797,True,43,spurious,-1,False,10,21,2.1
bifurc,even_odd,_todd21,2,0.4,7,34ab,e46a,True,83,spurious,-1,False,10,21,2.1
bifurc,even_odd,_todd21,2,0.4,6,8093,a6b6,True,42,correct,2,True,10,21,2.1
bifurc,even_odd,_todd21,2,0.4,7,31bc,2b4,True,74,spurious,-1,False,10,21,2.1
bifurc,even_odd,_todd21,2,0.4,7,60b1,2b4,True,51,spurious,-1,False,10,21,2.1
bifurc,even_odd,_todd21,2,0.4,10,5b3c,359,True,94,spurious,-1,False,10,21,2.1
bifurc,even_odd,_todd21,2,0.4,5,656,359,True,42,spurious,-1,False,10,21,2.1
bifurc,even_odd,_todd21,2,0.4,5,f36,58a4,True,114,spurious,-1,False,10,21,2.1
bifurc,even_odd,_todd21,2,0.4,4,e297,a6b6,True,32,correct,2,True,10,21,2.1
bifurc,even_odd,_todd21,2,0.4,6,ac1a,fd4b,True,11,spurious,-1,False,10,21,2.1
bifurc,even_odd,_todd21,2,0.4,3,97b6,a6b6,True,42,correct,2,True,10,21,2.1
bifurc,even_odd,_todd21,2,0.4,3,a624,a6b6,True,22,correct,2,True,10,21,2.1
bifurc,even_odd,_todd21,2,0.4,6,fc86,fca6,True,22,wrong_pattern,0,False,10,21,2.1
bifurc,even_odd,_todd21,2,0.4,7,ff5,2b4,True,32,spurious,-1,False,10,21,2.1
bifurc,even_odd,_todd21,2,0.4,4,2286,a6b6,True,42,correct,2,True,10,21,2.1
bifurc,even_odd,_todd21,2,0.4,5,b2d2,a6b6,True,32,correct,2,True,10,21,2.1
bifurc,even_odd,_todd21,2,0.4,7,28aa,fca6,True,42,wrong_pattern,0,False,10,21,2.1
bifurc,even_odd,_todd21,2,0.4,6,f4fa,e46a,True,42,spurious,-1,False,10,21,2.1
bifurc,even_odd,_todd21,2,0.4,7,a08d,a6b6,True,74,correct,2,True,10,21,2.1
bifurc,even_odd,_todd21,2,0.4,7,ebd7,bf97,True,11,spurious,-1,False,10,21,2.1
bifurc,even_odd,_todd21,2,0.4,7,9c3a,fca6,True,53,wrong_pattern,0,False,10,21,2.1
bifurc,even_odd,_todd21,2,0.4,4,64b7,fca6,True,43,wrong_pattern,0,False,10,21,2.1
bifurc,even_odd,_todd21,2,0.4,7,31f7,a6b6,True,74,correct,2,True,10,21,2.1
bifurc,even_odd,_todd21,2,0.4,7,76ef,a6b6,True,104,correct,2,True,10,21,2.1
bifurc,even_odd,_todd21,2,0.4,7,5f96,58a4,True,53,spurious,-1,False,10,21,2.1
bifurc,even_odd,_todd21,2,0.4,5,f5be,fca6,True,32,wrong_pattern,0,False,10,21,2.1
bifurc,even_odd,_todd21,2,0.4,7,3027,fca6,True,53,wrong_pattern,0,False,10,21,2.1
bifurc,even_odd,_todd21,2,0.4,8,4a27,58a4,True,63,spurious,-1,False,10,21,2.1
bifurc,even_odd,_todd21,3,0.4,7,f75e,a75b,True,21,spurious,-1,False,10,21,2.1
bifurc,even_odd,_todd21,3,0.4,5,f137,bd07,True,32,correct,3,True,10,21,2.1
bifurc,even_odd,_todd21,3,0.4,4,b183,a797,True,43,spurious,-1,False,10,21,2.1
bifurc,even_odd,_todd21,3,0.4,7,31e3,fca6,True,42,wrong_pattern,0,False,10,21,2.1
bifurc,even_odd,_todd21,3,0.4,6,39c4,58a4,True,42,spurious,-1,False,10,21,2.1
bifurc,even_odd,_todd21,3,0.4,5,8d63,fd4b,True,42,spurious,-1,False,10,21,2.1
bifurc,even_odd,_todd21,3,0.4,7,89ce,fd4b,True,74,spurious,-1,False,10,21,2.1
bifurc,even_odd,_todd21,3,0.4,6,9a46,fca6,True,63,wrong_pattern,0,False,10,21,2.1
bifurc,even_odd,_todd21,3,0.4,7,88b7,fca6,True,42,wrong_pattern,0,False,10,21,2.1
bifurc,even_odd,_todd21,3,0.4,7,344c,359,True,72,spurious,-1,False,10,21,2.1
bifurc,even_odd,_todd21,3,0.4,6,9026,fca6,True,42,wrong_pattern,0,False,10,21,2.1
bifurc,even_odd,_todd21,3,0.4,7,7853,fd4b,True,42,spurious,-1,False,10,21,2.1
bifurc,even_odd,_todd21,3,0.4,8,c9cd,1905,True,42,spurious,-1,False,10,21,2.1
bifurc,even_odd,_todd21,3,0.4,7,7d48,5949,True,42,spurious,-1,False,10,21,2.1
bifurc,even_odd,_todd21,3,0.4,10,fbc,2b4,True,32,spurious,-1,False,10,21,2.1
bifurc,even_odd,_todd21,3,0.4,5,b133,a75b,True,32,spurious,-1,False,10,21,2.1
bifurc,even_odd,_todd21,3,0.4,7,b7e1,a6b6,True,42,wrong_pattern,2,False,10,21,2.1
bifurc,even_odd,_todd21,3,0.4,5,f785,bf97,True,32,spurious,-1,False,10,21,2.1
bifurc,even_odd,_todd21,3,0.4,5,9b86,fca6,True,53,wrong_pattern,0,False,10,21,2.1
bifurc,even_odd,_todd21,3,0.4,6,ac9d,fca6,True,84,wrong_pattern,0,False,10,21,2.1
bifurc,even_odd,_todd21,3,0.4,5,dd2b,fd4b,True,22,spurious,-1,False,10,21,2.1
bifurc,even_odd,_todd21,3,0.4,7,a014,a6b6,True,84,wrong_pattern,2,False,10,21,2.1
bifurc,even_odd,_todd21,3,0.4,8,80cf,a75b,True,53,spurious,-1,False,10,21,2.1
bifurc,even_odd,_todd21,3,0.4,9,1dfc,58a4,True,32,spurious,-1,False,10,21,2.1
bifurc,even_odd,_todd21,3,0.4,6,fd69,fd4b,True,22,spurious,-1,False,10,21,2.1
bifurc,even_odd,_todd21,3,0.4,8,e96c,fd4b,True,42,spurious,-1,False,10,21,2.1
bifurc,even_odd,_todd21,3,0.4,9,29e9,5868,True,42,spurious,-1,False,10,21,2.1
bifurc,even_odd,_todd21,3,0.4,6,945,1905,True,21,spurious,-1,False,10,21,2.1
bifurc,even_odd,_todd21,3,0.4,2,bd15,bd07,True,42,correct,3,True,10,21,2.1
bifurc,even_odd,_todd21,3,0.4,7,f1a1,fca6,True,42,wrong_pattern,0,False,10,21,2.1
bifurc,even_odd,_todd21,3,0.4,4,7c17,bd07,True,32,correct,3,True,10,21,2.1
bifurc,even_odd,_todd21,3,0.4,10,c6e6,e6fa,True,53,spurious,-1,False,10,21,2.1
bifurc,even_odd,_todd21,3,0.4,6,f8af,fca6,True,22,wrong_pattern,0,False,10,21,2.1
bifurc,even_odd,_todd21,3,0.4,5,7597,bf97,True,22,spurious,-1,False,10,21,2.1
bifurc,even_odd,_todd21,3,0.4,5,d127,bd07,True,42,correct,3,True,10,21,2.1
bifurc,even_odd,_todd21,3,0.4,7,551d,359,True,42,spurious,-1,False,10,21,2.1
bifurc,even_odd,_todd21,3,0.4,8,35fb,a75b,True,94,spurious,-1,False,10,21,2.1
bifurc,even_odd,_todd21,3,0.4,7,d08,5949,True,11,spurious,-1,False,10,21,2.1
bifurc,even_odd,_todd21,3,0.4,7,71e7,fca6,True,42,wrong_pattern,0,False,10,21,2.1
bifurc,even_odd,_todd21,3,0.4,4,bea7,fca6,True,22,wrong_pattern,0,False,10,21,2.1
bifurc,even_odd,_todd21,3,0.4,7,5723,359,True,53,spurious,-1,False,10,21,2.1
bifurc,even_odd,_todd21,3,0.4,8,c52,5949,True,42,spurious,-1,False,10,21,2.1
bifurc,even_odd,_todd21,3,0.4,7,957d,359,True,42,spurious,-1,False,10,21,2.1
bifurc,even_odd,_todd21,3,0.4,8,196c,5949,True,32,spurious,-1,False,10,21,2.1
bifurc,even_odd,_todd21,3,0.4,10,e374,a75b,True,74,spurious,-1,False,10,21,2.1
bifurc,even_odd,_todd21,3,0.4,5,e90e,fd4b,True,21,spurious,-1,False,10,21,2.1
bifurc,even_odd,_todd21,3,0.4,3,a50f,a75b,True,32,spurious,-1,False,10,21,2.1
bifurc,even_odd,_todd21,3,0.4,7,e896,fca6,True,32,wrong_pattern,0,False,10,21,2.1
bifurc,even_odd,_todd21,3,0.4,8,5f61,5949,True,22,spurious,-1,False,10,21,2.1
bifurc,even_odd,_todd21,3,0.4,7,90e7,fca6,True,42,wrong_pattern,0,False,10,21,2.1
bifurc,even_odd,_todd21,3,0.4,4,a705,a797,True,32,spurious,-1,False,10,21,2.1
bifurc,even_odd,_todd21,3,0.4,4,b577,a75b,True,32,spurious,-1,False,10,21,2.1
bifurc,even_odd,_todd21,3,0.4,9,5044,5949,True,42,spurious,-1,False,10,21,2.1
bifurc,even_odd,_todd21,3,0.4,6,d816,bd07,True,83,correct,3,True,10,21,2.1
bifurc,even_odd,_todd21,3,0.4,7,aea1,fca6,True,42,wrong_pattern,0,False,10,21,2.1
bifurc,even_odd,_todd21,3,0.4,10,4129,5949,True,32,spurious,-1,False,10,21,2.1
bifurc,even_odd,_todd21,3,0.4,5,8cc7,fca6,True,62,wrong_pattern,0,False,10,21,2.1
bifurc,even_odd,_todd21,3,0.4,6,852b,a75b,True,22,spurious,-1,False,10,21,2.1
bifurc,even_odd,_todd21,3,0.4,11,4e9,42f8,True,32,spurious,-1,False,10,21,2.1
bifurc,even_odd,_todd21,3,0.4,6,ec0c,fd4b,True,42,spurious,-1,False,10,21,2.1
bifurc,even_odd,_todd21,3,0.4,9,542a,5868,True,63,spurious,-1,False,10,21,2.1
bifurc,even_odd,_todd21,3,0.4,5,bcbf,fca6,True,32,wrong_pattern,0,False,10,21,2.1
bifurc,even_odd,_todd21,3,0.4,9,c1e3,fca6,True,83,wrong_pattern,0,False,10,21,2.1
bifurc,even_odd,_todd21,3,0.4,4,af46,a75b,True,53,spurious,-1,False,10,21,2.1
bifurc,even_odd,_todd21,3,0.4,6,a742,a75b,True,22,spurious,-1,False,10,21,2.1
bifurc,even_odd,_todd21,3,0.4,6,38c5,58a4,True,42,spurious,-1,False,10,21,2.1
bifurc,even_odd,_todd21,3,0.4,9,8362,a75b,True,53,spurious,-1,False,10,21,2.1
bifurc,even_odd,_todd21,3,0.4,4,ed23,bd07,True,41,correct,3,True,10,21,2.1
bifurc,even_odd,_todd21,3,0.4,5,d986,fca6,True,42,wrong_pattern,0,False,10,21,2.1
bifurc,even_odd,_todd21,3,0.4,7,fcde,fca6,True,43,wrong_pattern,0,False,10,21,2.1
bifurc,even_odd,_todd21,3,0.4,7,b3b5,a6b6,True,42,wrong_pattern,2,False,10,21,2.1
bifurc,even_odd,_todd21,3,0.4,5,b934,fca6,True,63,wrong_pattern,0,False,10,21,2.1
bifurc,even_odd,_todd21,3,0.4,5,1583,395,True,73,spurious,-1,False,10,21,2.1
bifurc,even_odd,_todd21,3,0.4,4,ac2f,fd4b,True,32,spurious,-1,False,10,21,2.1
bifurc,even_odd,_todd21,3,0.4,6,dfa5,58a4,True,42,spurious,-1,False,10,21,2.1
bifurc,even_odd,_todd21,3,0.4,6,2f1e,a75b,True,42,spurious,-1,False,10,21,2.1
bifurc,even_odd,_todd21,3,0.4,7,d441,5949,True,42,spurious,-1,False,10,21,2.1
bifurc,even_odd,_todd21,3,0.4,8,a430,e6fa,True,32,spurious,-1,False,10,21,2.1
bifurc,even_odd,_todd21,3,0.4,3,9903,bd07,True,42,correct,3,True,10,21,2.1
bifurc,even_odd,_todd21,3,0.4,7,14af,4068,True,83,spurious,-1,False,10,21,2.1
bifurc,even_odd,_todd22,2,0.375,6,1776,374,False,1508,oscillated,-1,False,10,22,2.2
bifurc,even_odd,_todd22,1,0.375,6,17de,3dc,False,1508,oscillated,-1,False,10,22,2.2
bifurc,even_odd,_todd22,2,0.4375,7,24dd,2dd,False,1508,oscillated,-1,False,10,22,2.2
bifurc,even_odd,_todd22,2,0.375,6,3774,374,False,1508,oscillated,-1,False,10,22,2.2
bifurc,even_odd,_todd22,1,0.375,6,37dc,3dc,False,1508,oscillated,-1,False,10,22,2.2
bifurc,even_odd,_todd22,0,0.375,6,448e,582c,False,1508,oscillated,-1,False,10,22,2.2
bifurc,even_odd,_todd22,0,0.375,6,4d66,5964,False,1508,oscillated,-1,False,10,22,2.2
bifurc,even_odd,_todd22,0,0.3125,5,5d22,5920,False,1508,oscillated,-1,False,10,22,2.2
bifurc,even_odd,_todd22,0,0.375,6,5d8a,5988,False,1508,oscillated,-1,False,10,22,2.2
bifurc,even_odd,_todd22,0,0.375,6,648c,582c,False,1508,oscillated,-1,False,10,22,2.2
bifurc,even_odd,_todd22,2,0.375,6,69b,299,False,1508,oscillated,-1,False,10,22,2.2
bifurc,even_odd,_todd22,1,0.375,6,6bd3,a7d3,False,1508,oscillated,-1,False,10,22,2.2
bifurc,even_odd,_todd22,0,0.3125,5,7867,fc67,False,1508,oscillated,-1,False,10,22,2.2
bifurc,even_odd,_todd22,0,0.375,6,7b66,fd66,False,1508,oscillated,-1,False,10,22,2.2
bifurc,even_odd,_todd22,0,0.4375,7,7bce,fdce,False,1508,oscillated,-1,False,10,22,2.2
bifurc,even_odd,_todd22,0,0.3125,5,7d20,5920,False,1508,oscillated,-1,False,10,22,2.2
bifurc,even_odd,_todd22,0,0.375,6,7d88,5988,False,1508,oscillated,-1,False,10,22,2.2
bifurc,even_odd,_todd22,2,0.4375,7,84dd,2dd,False,1508,oscillated,-1,False,10,22,2.2
bifurc,even_odd,_todd22,2,0.375,6,8574,374,False,1508,oscillated,-1,False,10,22,2.2
bifurc,even_odd,_todd22,2,0.4375,7,85dc,3dc,False,1508,oscillated,-1,False,10,22,2.2
bifurc,even_odd,_todd22,1,0.3125,5,8bd3,a7d3,False,1508,oscillated,-1,False,10,22,2.2
bifurc,even_odd,_todd22,2,0.375,6,a174,a776,False,1508,oscillated,-1,False,10,22,2.2
bifurc,even_odd,_todd22,2,0.375,6,a3dc,a7de,False,1508,oscillated,-1,False,10,22,2.2
bifurc,even_odd,_todd22,0,0.375,6,c1ae,fc2e,False,1508,oscillated,-1,False,10,22,2.2
bifurc,even_odd,_todd22,0,0.375,6,c966,fd66,False,1508,oscillated,-1,False,10,22,2.2
bifurc,even_odd,_todd22,0,0.4375,7,c9ce,fdce,False,1508,oscillated,-1,False,10,22,2.2
bifurc,even_odd,_todd22,0,0.375,6,d8cf,fccf,False,1508,oscillated,-1,False,10,22,2.2
bifurc,even_odd,_todd22,0,0.4375,7,dacf,fccf,False,1508,oscillated,-1,False,10,22,2.2
bifurc,even_odd,_todd22,0,0.375,6,e1ac,fc2e,False,1508,oscillated,-1,False,10,22,2.2
bifurc,even_odd,_todd22,0,0.375,6,e964,fd66,False,1508,oscillated,-1,False,10,22,2.2
bifurc,even_odd,_todd22,0,0.4375,7,e9cc,fdce,False,1508,oscillated,-1,False,10,22,2.2
bifurc,even_odd,_todd22,1,0.375,6,fde,3dc,False,1508,oscillated,-1,False,10,22,2.2
bifurc,even_odd,_todd22,0,0.0,0,fca6,fca6,True,0,correct,0,True,10,22,2.2
bifurc,even_odd,_todd22,0,0.0,0,fca6,fca6,True,0,correct,0,True,10,22,2.2
bifurc,even_odd,_todd22,0,0.0,0,fca6,fca6,True,0,correct,0,True,10,22,2.2
bifurc,even_odd,_todd22,0,0.0,0,fca6,fca6,True,0,correct,0,True,10,22,2.2
bifurc,even_odd,_todd22,0,0.0,0,fca6,fca6,True,0,correct,0,True,10,22,2.2
bifurc,even_odd,_todd22,0,0.0,0,fca6,fca6,True,0,correct,0,True,10,22,2.2
bifurc,even_odd,_todd22,0,0.0,0,fca6,fca6,True,0,correct,0,True,10,22,2.2
bifurc,even_odd,_todd22,0,0.0,0,fca6,fca6,True,0,correct,0,True,10,22,2.2
bifurc,even_odd,_todd22,0,0.0,0,fca6,fca6,True,0,correct,0,True,10,22,2.2
bifurc,even_odd,_todd22,0,0.0,0,fca6,fca6,True,0,correct,0,True,10,22,2.2
bifurc,even_odd,_todd22,0,0.0,0,fca6,fca6,True,0,correct,0,True,10,22,2.2
bifurc,even_odd,_todd22,0,0.0,0,fca6,fca6,True,0,correct,0,True,10,22,2.2
bifurc,even_odd,_todd22,0,0.0,0,fca6,fca6,True,0,correct,0,True,10,22,2.2
bifurc,even_odd,_todd22,0,0.0,0,fca6,fca6,True,0,correct,0,True,10,22,2.2
bifurc,even_odd,_todd22,0,0.0,0,fca6,fca6,True,0,correct,0,True,10,22,2.2
bifurc,even_odd,_todd22,0,0.0,0,fca6,fca6,True,0,correct,0,True,10,22,2.2
bifurc,even_odd,_todd22,0,0.0,0,fca6,fca6,True,0,correct,0,True,10,22,2.2
bifurc,even_odd,_todd22,0,0.0,0,fca6,fca6,True,0,correct,0,True,10,22,2.2
bifurc,even_odd,_todd22,0,0.0,0,fca6,fca6,True,0,correct,0,True,10,22,2.2
bifurc,even_odd,_todd22,0,0.0,0,fca6,fca6,True,0,correct,0,True,10,22,2.2
bifurc,even_odd,_todd22,0,0.0,0,fca6,fca6,True,0,correct,0,True,10,22,2.2
bifurc,even_odd,_todd22,0,0.0,0,fca6,fca6,True,0,correct,0,True,10,22,2.2
bifurc,even_odd,_todd22,0,0.0,0,fca6,fca6,True,0,correct,0,True,10,22,2.2
bifurc,even_odd,_todd22,0,0.0,0,fca6,fca6,True,0,correct,0,True,10,22,2.2
bifurc,even_odd,_todd22,0,0.0,0,fca6,fca6,True,0,correct,0,True,10,22,2.2
bifurc,even_odd,_todd22,0,0.0,0,fca6,fca6,True,0,correct,0,True,10,22,2.2
bifurc,even_odd,_todd22,0,0.0,0,fca6,fca6,True,0,correct,0,True,10,22,2.2
bifurc,even_odd,_todd22,0,0.0,0,fca6,fca6,True,0,correct,0,True,10,22,2.2
bifurc,even_odd,_todd22,0,0.0,0,fca6,fca6,True,0,correct,0,True,10,22,2.2
bifurc,even_odd,_todd22,0,0.0,0,fca6,fca6,True,0,correct,0,True,10,22,2.2
bifurc,even_odd,_todd22,0,0.0,0,fca6,fca6,True,0,correct,0,True,10,22,2.2
bifurc,even_odd,_todd22,0,0.0,0,fca6,fca6,True,0,correct,0,True,10,22,2.2
bifurc,even_odd,_todd22,0,0.0,0,fca6,fca6,True,0,correct,0,True,10,22,2.2
bifurc,even_odd,_todd22,0,0.0,0,fca6,fca6,True,0,correct,0,True,10,22,2.2
bifurc,even_odd,_todd22,0,0.0,0,fca6,fca6,True,0,correct,0,True,10,22,2.2
bifurc,even_odd,_todd22,0,0.0,0,fca6,fca6,True,0,correct,0,True,10,22,2.2
bifurc,even_odd,_todd22,0,0.0,0,fca6,fca6,True,0,correct,0,True,10,22,2.2
bifurc,even_odd,_todd22,0,0.0,0,fca6,fca6,True,0,correct,0,True,10,22,2.2
bifurc,even_odd,_todd22,0,0.0,0,fca6,fca6,True,0,correct,0,True,10,22,2.2
bifurc,even_odd,_todd22,0,0.0,0,fca6,fca6,True,0,correct,0,True,10,22,2.2
bifurc,even_odd,_todd22,0,0.0,0,fca6,fca6,True,0,correct,0,True,10,22,2.2
bifurc,even_odd,_todd22,0,0.0,0,fca6,fca6,True,0,correct,0,True,10,22,2.2
bifurc,even_odd,_todd22,0,0.0,0,fca6,fca6,True,0,correct,0,True,10,22,2.2
bifurc,even_odd,_todd22,0,0.0,0,fca6,fca6,True,0,correct,0,True,10,22,2.2
bifurc,even_odd,_todd22,0,0.0,0,fca6,fca6,True,0,correct,0,True,10,22,2.2
bifurc,even_odd,_todd22,0,0.0,0,fca6,fca6,True,0,correct,0,True,10,22,2.2
bifurc,even_odd,_todd22,0,0.0,0,fca6,fca6,True,0,correct,0,True,10,22,2.2
bifurc,even_odd,_todd22,0,0.0,0,fca6,fca6,True,0,correct,0,True,10,22,2.2
bifurc,even_odd,_todd22,0,0.0,0,fca6,fca6,True,0,correct,0,True,10,22,2.2
bifurc,even_odd,_todd22,0,0.0,0,fca6,fca6,True,0,correct,0,True,10,22,2.2
bifurc,even_odd,_todd22,0,0.0,0,fca6,fca6,True,0,correct,0,True,10,22,2.2
bifurc,even_odd,_todd22,0,0.0,0,fca6,fca6,True,0,correct,0,True,10,22,2.2
bifurc,even_odd,_todd22,0,0.0,0,fca6,fca6,True,0,correct,0,True,10,22,2.2
bifurc,even_odd,_todd22,0,0.0,0,fca6,fca6,True,0,correct,0,True,10,22,2.2
bifurc,even_odd,_todd22,0,0.0,0,fca6,fca6,True,0,correct,0,True,10,22,2.2
bifurc,even_odd,_todd22,0,0.0,0,fca6,fca6,True,0,correct,0,True,10,22,2.2
bifurc,even_odd,_todd22,0,0.0,0,fca6,fca6,True,0,correct,0,True,10,22,2.2
bifurc,even_odd,_todd22,0,0.0,0,fca6,fca6,True,0,correct,0,True,10,22,2.2
bifurc,even_odd,_todd22,0,0.0,0,fca6,fca6,True,0,correct,0,True,10,22,2.2
bifurc,even_odd,_todd22,0,0.0,0,fca6,fca6,True,0,correct,0,True,10,22,2.2
bifurc,even_odd,_todd22,0,0.0,0,fca6,fca6,True,0,correct,0,True,10,22,2.2
bifurc,even_odd,_todd22,0,0.0,0,fca6,fca6,True,0,correct,0,True,10,22,2.2
bifurc,even_odd,_todd22,0,0.0,0,fca6,fca6,True,0,correct,0,True,10,22,2.2
bifurc,even_odd,_todd22,0,0.0,0,fca6,fca6,True,0,correct,0,True,10,22,2.2
bifurc,even_odd,_todd22,0,0.0,0,fca6,fca6,True,0,correct,0,True,10,22,2.2
bifurc,even_odd,_todd22,0,0.0,0,fca6,fca6,True,0,correct,0,True,10,22,2.2
bifurc,even_odd,_todd22,0,0.0,0,fca6,fca6,True,0,correct,0,True,10,22,2.2
bifurc,even_odd,_todd22,0,0.0,0,fca6,fca6,True,0,correct,0,True,10,22,2.2
bifurc,even_odd,_todd22,0,0.0,0,fca6,fca6,True,0,correct,0,True,10,22,2.2
bifurc,even_odd,_todd22,0,0.0,0,fca6,fca6,True,0,correct,0,True,10,22,2.2
bifurc,even_odd,_todd22,0,0.0,0,fca6,fca6,True,0,correct,0,True,10,22,2.2
bifurc,even_odd,_todd22,0,0.0,0,fca6,fca6,True,0,correct,0,True,10,22,2.2
bifurc,even_odd,_todd22,0,0.0,0,fca6,fca6,True,0,correct,0,True,10,22,2.2
bifurc,even_odd,_todd22,0,0.0,0,fca6,fca6,True,0,correct,0,True,10,22,2.2
bifurc,even_odd,_todd22,0,0.0,0,fca6,fca6,True,0,correct,0,True,10,22,2.2
bifurc,even_odd,_todd22,0,0.0,0,fca6,fca6,True,0,correct,0,True,10,22,2.2
bifurc,even_odd,_todd22,0,0.0,0,fca6,fca6,True,0,correct,0,True,10,22,2.2
bifurc,even_odd,_todd22,0,0.0,0,fca6,fca6,True,0,correct,0,True,10,22,2.2
bifurc,even_odd,_todd22,0,0.0,0,fca6,fca6,True,0,correct,0,True,10,22,2.2
bifurc,even_odd,_todd22,0,0.0,0,fca6,fca6,True,0,correct,0,True,10,22,2.2
bifurc,even_odd,_todd22,1,0.0,0,1b95,1b95,True,0,correct,1,True,10,22,2.2
bifurc,even_odd,_todd22,1,0.0,0,1b95,1b95,True,0,correct,1,True,10,22,2.2
bifurc,even_odd,_todd22,1,0.0,0,1b95,1b95,True,0,correct,1,True,10,22,2.2
bifurc,even_odd,_todd22,1,0.0,0,1b95,1b95,True,0,correct,1,True,10,22,2.2
bifurc,even_odd,_todd22,1,0.0,0,1b95,1b95,True,0,correct,1,True,10,22,2.2
bifurc,even_odd,_todd22,1,0.0,0,1b95,1b95,True,0,correct,1,True,10,22,2.2
bifurc,even_odd,_todd22,1,0.0,0,1b95,1b95,True,0,correct,1,True,10,22,2.2
bifurc,even_odd,_todd22,1,0.0,0,1b95,1b95,True,0,correct,1,True,10,22,2.2
bifurc,even_odd,_todd22,1,0.0,0,1b95,1b95,True,0,correct,1,True,10,22,2.2
bifurc,even_odd,_todd22,1,0.0,0,1b95,1b95,True,0,correct,1,True,10,22,2.2
bifurc,even_odd,_todd22,1,0.0,0,1b95,1b95,True,0,correct,1,True,10,22,2.2
bifurc,even_odd,_todd22,1,0.0,0,1b95,1b95,True,0,correct,1,True,10,22,2.2
bifurc,even_odd,_todd22,1,0.0,0,1b95,1b95,True,0,correct,1,True,10,22,2.2
bifurc,even_odd,_todd22,1,0.0,0,1b95,1b95,True,0,correct,1,True,10,22,2.2
bifurc,even_odd,_todd22,1,0.0,0,1b95,1b95,True,0,correct,1,True,10,22,2.2
bifurc,even_odd,_todd22,1,0.0,0,1b95,1b95,True,0,correct,1,True,10,22,2.2
bifurc,even_odd,_todd22,1,0.0,0,1b95,1b95,True,0,correct,1,True,10,22,2.2
bifurc,even_odd,_todd22,1,0.0,0,1b95,1b95,True,0,correct,1,True,10,22,2.2
bifurc,even_odd,_todd22,1,0.0,0,1b95,1b95,True,0,correct,1,True,10,22,2.2
bifurc,even_odd,_todd22,1,0.0,0,1b95,1b95,True,0,correct,1,True,10,22,2.2
bifurc,even_odd,_todd22,1,0.0,0,1b95,1b95,True,0,correct,1,True,10,22,2.2
bifurc,even_odd,_todd22,1,0.0,0,1b95,1b95,True,0,correct,1,True,10,22,2.2
bifurc,even_odd,_todd22,1,0.0,0,1b95,1b95,True,0,correct,1,True,10,22,2.2
bifurc,even_odd,_todd22,1,0.0,0,1b95,1b95,True,0,correct,1,True,10,22,2.2
bifurc,even_odd,_todd22,1,0.0,0,1b95,1b95,True,0,correct,1,True,10,22,2.2
bifurc,even_odd,_todd22,1,0.0,0,1b95,1b95,True,0,correct,1,True,10,22,2.2
bifurc,even_odd,_todd22,1,0.0,0,1b95,1b95,True,0,correct,1,True,10,22,2.2
bifurc,even_odd,_todd22,1,0.0,0,1b95,1b95,True,0,correct,1,True,10,22,2.2
bifurc,even_odd,_todd22,1,0.0,0,1b95,1b95,True,0,correct,1,True,10,22,2.2
bifurc,even_odd,_todd22,1,0.0,0,1b95,1b95,True,0,correct,1,True,10,22,2.2
bifurc,even_odd,_todd22,1,0.0,0,1b95,1b95,True,0,correct,1,True,10,22,2.2
bifurc,even_odd,_todd22,1,0.0,0,1b95,1b95,True,0,correct,1,True,10,22,2.2
bifurc,even_odd,_todd22,1,0.0,0,1b95,1b95,True,0,correct,1,True,10,22,2.2
bifurc,even_odd,_todd22,1,0.0,0,1b95,1b95,True,0,correct,1,True,10,22,2.2
bifurc,even_odd,_todd22,1,0.0,0,1b95,1b95,True,0,correct,1,True,10,22,2.2
bifurc,even_odd,_todd22,1,0.0,0,1b95,1b95,True,0,correct,1,True,10,22,2.2
bifurc,even_odd,_todd22,1,0.0,0,1b95,1b95,True,0,correct,1,True,10,22,2.2
bifurc,even_odd,_todd22,1,0.0,0,1b95,1b95,True,0,correct,1,True,10,22,2.2
bifurc,even_odd,_todd22,1,0.0,0,1b95,1b95,True,0,correct,1,True,10,22,2.2
bifurc,even_odd,_todd22,1,0.0,0,1b95,1b95,True,0,correct,1,True,10,22,2.2
bifurc,even_odd,_todd22,1,0.0,0,1b95,1b95,True,0,correct,1,True,10,22,2.2
bifurc,even_odd,_todd22,1,0.0,0,1b95,1b95,True,0,correct,1,True,10,22,2.2
bifurc,even_odd,_todd22,1,0.0,0,1b95,1b95,True,0,correct,1,True,10,22,2.2
bifurc,even_odd,_todd22,1,0.0,0,1b95,1b95,True,0,correct,1,True,10,22,2.2
bifurc,even_odd,_todd22,1,0.0,0,1b95,1b95,True,0,correct,1,True,10,22,2.2
bifurc,even_odd,_todd22,1,0.0,0,1b95,1b95,True,0,correct,1,True,10,22,2.2
bifurc,even_odd,_todd22,1,0.0,0,1b95,1b95,True,0,correct,1,True,10,22,2.2
bifurc,even_odd,_todd22,1,0.0,0,1b95,1b95,True,0,correct,1,True,10,22,2.2
bifurc,even_odd,_todd22,1,0.0,0,1b95,1b95,True,0,correct,1,True,10,22,2.2
bifurc,even_odd,_todd22,1,0.0,0,1b95,1b95,True,0,correct,1,True,10,22,2.2
bifurc,even_odd,_todd22,1,0.0,0,1b95,1b95,True,0,correct,1,True,10,22,2.2
bifurc,even_odd,_todd22,1,0.0,0,1b95,1b95,True,0,correct,1,True,10,22,2.2
bifurc,even_odd,_todd22,1,0.0,0,1b95,1b95,True,0,correct,1,True,10,22,2.2
bifurc,even_odd,_todd22,1,0.0,0,1b95,1b95,True,0,correct,1,True,10,22,2.2
bifurc,even_odd,_todd22,1,0.0,0,1b95,1b95,True,0,correct,1,True,10,22,2.2
bifurc,even_odd,_todd22,1,0.0,0,1b95,1b95,True,0,correct,1,True,10,22,2.2
bifurc,even_odd,_todd22,1,0.0,0,1b95,1b95,True,0,correct,1,True,10,22,2.2
bifurc,even_odd,_todd22,1,0.0,0,1b95,1b95,True,0,correct,1,True,10,22,2.2
bifurc,even_odd,_todd22,1,0.0,0,1b95,1b95,True,0,correct,1,True,10,22,2.2
bifurc,even_odd,_todd22,1,0.0,0,1b95,1b95,True,0,correct,1,True,10,22,2.2
bifurc,even_odd,_todd22,1,0.0,0,1b95,1b95,True,0,correct,1,True,10,22,2.2
bifurc,even_odd,_todd22,1,0.0,0,1b95,1b95,True,0,correct,1,True,10,22,2.2
bifurc,even_odd,_todd22,1,0.0,0,1b95,1b95,True,0,correct,1,True,10,22,2.2
bifurc,even_odd,_todd22,1,0.0,0,1b95,1b95,True,0,correct,1,True,10,22,2.2
bifurc,even_odd,_todd22,1,0.0,0,1b95,1b95,True,0,correct,1,True,10,22,2.2
bifurc,even_odd,_todd22,1,0.0,0,1b95,1b95,True,0,correct,1,True,10,22,2.2
bifurc,even_odd,_todd22,1,0.0,0,1b95,1b95,True,0,correct,1,True,10,22,2.2
bifurc,even_odd,_todd22,1,0.0,0,1b95,1b95,True,0,correct,1,True,10,22,2.2
bifurc,even_odd,_todd22,1,0.0,0,1b95,1b95,True,0,correct,1,True,10,22,2.2
bifurc,even_odd,_todd22,1,0.0,0,1b95,1b95,True,0,correct,1,True,10,22,2.2
bifurc,even_odd,_todd22,1,0.0,0,1b95,1b95,True,0,correct,1,True,10,22,2.2
bifurc,even_odd,_todd22,1,0.0,0,1b95,1b95,True,0,correct,1,True,10,22,2.2
bifurc,even_odd,_todd22,1,0.0,0,1b95,1b95,True,0,correct,1,True,10,22,2.2
bifurc,even_odd,_todd22,1,0.0,0,1b95,1b95,True,0,correct,1,True,10,22,2.2
bifurc,even_odd,_todd22,1,0.0,0,1b95,1b95,True,0,correct,1,True,10,22,2.2
bifurc,even_odd,_todd22,1,0.0,0,1b95,1b95,True,0,correct,1,True,10,22,2.2
bifurc,even_odd,_todd22,1,0.0,0,1b95,1b95,True,0,correct,1,True,10,22,2.2
bifurc,even_odd,_todd22,1,0.0,0,1b95,1b95,True,0,correct,1,True,10,22,2.2
bifurc,even_odd,_todd22,1,0.0,0,1b95,1b95,True,0,correct,1,True,10,22,2.2
bifurc,even_odd,_todd22,1,0.0,0,1b95,1b95,True,0,correct,1,True,10,22,2.2
bifurc,even_odd,_todd22,2,0.0,0,a6b6,a6b6,True,0,correct,2,True,10,22,2.2
bifurc,even_odd,_todd22,2,0.0,0,a6b6,a6b6,True,0,correct,2,True,10,22,2.2
bifurc,even_odd,_todd22,2,0.0,0,a6b6,a6b6,True,0,correct,2,True,10,22,2.2
bifurc,even_odd,_todd22,2,0.0,0,a6b6,a6b6,True,0,correct,2,True,10,22,2.2
bifurc,even_odd,_todd22,2,0.0,0,a6b6,a6b6,True,0,correct,2,True,10,22,2.2
bifurc,even_odd,_todd22,2,0.0,0,a6b6,a6b6,True,0,correct,2,True,10,22,2.2
bifurc,even_odd,_todd22,2,0.0,0,a6b6,a6b6,True,0,correct,2,True,10,22,2.2
bifurc,even_odd,_todd22,2,0.0,0,a6b6,a6b6,True,0,correct,2,True,10,22,2.2
bifurc,even_odd,_todd22,2,0.0,0,a6b6,a6b6,True,0,correct,2,True,10,22,2.2
bifurc,even_odd,_todd22,2,0.0,0,a6b6,a6b6,True,0,correct,2,True,10,22,2.2
bifurc,even_odd,_todd22,2,0.0,0,a6b6,a6b6,True,0,correct,2,True,10,22,2.2
bifurc,even_odd,_todd22,2,0.0,0,a6b6,a6b6,True,0,correct,2,True,10,22,2.2
bifurc,even_odd,_todd22,2,0.0,0,a6b6,a6b6,True,0,correct,2,True,10,22,2.2
bifurc,even_odd,_todd22,2,0.0,0,a6b6,a6b6,True,0,correct,2,True,10,22,2.2
bifurc,even_odd,_todd22,2,0.0,0,a6b6,a6b6,True,0,correct,2,True,10,22,2.2
bifurc,even_odd,_todd22,2,0.0,0,a6b6,a6b6,True,0,correct,2,True,10,22,2.2
bifurc,even_odd,_todd22,2,0.0,0,a6b6,a6b6,True,0,correct,2,True,10,22,2.2
bifurc,even_odd,_todd22,2,0.0,0,a6b6,a6b6,True,0,correct,2,True,10,22,2.2
bifurc,even_odd,_todd22,2,0.0,0,a6b6,a6b6,True,0,correct,2,True,10,22,2.2
bifurc,even_odd,_todd22,2,0.0,0,a6b6,a6b6,True,0,correct,2,True,10,22,2.2
bifurc,even_odd,_todd22,2,0.0,0,a6b6,a6b6,True,0,correct,2,True,10,22,2.2
bifurc,even_odd,_todd22,2,0.0,0,a6b6,a6b6,True,0,correct,2,True,10,22,2.2
bifurc,even_odd,_todd22,2,0.0,0,a6b6,a6b6,True,0,correct,2,True,10,22,2.2
bifurc,even_odd,_todd22,2,0.0,0,a6b6,a6b6,True,0,correct,2,True,10,22,2.2
bifurc,even_odd,_todd22,2,0.0,0,a6b6,a6b6,True,0,correct,2,True,10,22,2.2
bifurc,even_odd,_todd22,2,0.0,0,a6b6,a6b6,True,0,correct,2,True,10,22,2.2
bifurc,even_odd,_todd22,2,0.0,0,a6b6,a6b6,True,0,correct,2,True,10,22,2.2
bifurc,even_odd,_todd22,2,0.0,0,a6b6,a6b6,True,0,correct,2,True,10,22,2.2
bifurc,even_odd,_todd22,2,0.0,0,a6b6,a6b6,True,0,correct,2,True,10,22,2.2
bifurc,even_odd,_todd22,2,0.0,0,a6b6,a6b6,True,0,correct,2,True,10,22,2.2
bifurc,even_odd,_todd22,2,0.0,0,a6b6,a6b6,True,0,correct,2,True,10,22,2.2
bifurc,even_odd,_todd22,2,0.0,0,a6b6,a6b6,True,0,correct,2,True,10,22,2.2
bifurc,even_odd,_todd22,2,0.0,0,a6b6,a6b6,True,0,correct,2,True,10,22,2.2
bifurc,even_odd,_todd22,2,0.0,0,a6b6,a6b6,True,0,correct,2,True,10,22,2.2
bifurc,even_odd,_todd22,2,0.0,0,a6b6,a6b6,True,0,correct,2,True,10,22,2.2
bifurc,even_odd,_todd22,2,0.0,0,a6b6,a6b6,True,0,correct,2,True,10,22,2.2
bifurc,even_odd,_todd22,2,0.0,0,a6b6,a6b6,True,0,correct,2,True,10,22,2.2
bifurc,even_odd,_todd22,2,0.0,0,a6b6,a6b6,True,0,correct,2,True,10,22,2.2
bifurc,even_odd,_todd22,2,0.0,0,a6b6,a6b6,True,0,correct,2,True,10,22,2.2
bifurc,even_odd,_todd22,2,0.0,0,a6b6,a6b6,True,0,correct,2,True,10,22,2.2
bifurc,even_odd,_todd22,2,0.0,0,a6b6,a6b6,True,0,correct,2,True,10,22,2.2
bifurc,even_odd,_todd22,2,0.0,0,a6b6,a6b6,True,0,correct,2,True,10,22,2.2
bifurc,even_odd,_todd22,2,0.0,0,a6b6,a6b6,True,0,correct,2,True,10,22,2.2
bifurc,even_odd,_todd22,2,0.0,0,a6b6,a6b6,True,0,correct,2,True,10,22,2.2
bifurc,even_odd,_todd22,2,0.0,0,a6b6,a6b6,True,0,correct,2,True,10,22,2.2
bifurc,even_odd,_todd22,2,0.0,0,a6b6,a6b6,True,0,correct,2,True,10,22,2.2
bifurc,even_odd,_todd22,2,0.0,0,a6b6,a6b6,True,0,correct,2,True,10,22,2.2
bifurc,even_odd,_todd22,2,0.0,0,a6b6,a6b6,True,0,correct,2,True,10,22,2.2
bifurc,even_odd,_todd22,2,0.0,0,a6b6,a6b6,True,0,correct,2,True,10,22,2.2
bifurc,even_odd,_todd22,2,0.0,0,a6b6,a6b6,True,0,correct,2,True,10,22,2.2
bifurc,even_odd,_todd22,2,0.0,0,a6b6,a6b6,True,0,correct,2,True,10,22,2.2
bifurc,even_odd,_todd22,2,0.0,0,a6b6,a6b6,True,0,correct,2,True,10,22,2.2
bifurc,even_odd,_todd22,2,0.0,0,a6b6,a6b6,True,0,correct,2,True,10,22,2.2
bifurc,even_odd,_todd22,2,0.0,0,a6b6,a6b6,True,0,correct,2,True,10,22,2.2
bifurc,even_odd,_todd22,2,0.0,0,a6b6,a6b6,True,0,correct,2,True,10,22,2.2
bifurc,even_odd,_todd22,2,0.0,0,a6b6,a6b6,True,0,correct,2,True,10,22,2.2
bifurc,even_odd,_todd22,2,0.0,0,a6b6,a6b6,True,0,correct,2,True,10,22,2.2
bifurc,even_odd,_todd22,2,0.0,0,a6b6,a6b6,True,0,correct,2,True,10,22,2.2
bifurc,even_odd,_todd22,2,0.0,0,a6b6,a6b6,True,0,correct,2,True,10,22,2.2
bifurc,even_odd,_todd22,2,0.0,0,a6b6,a6b6,True,0,correct,2,True,10,22,2.2
bifurc,even_odd,_todd22,2,0.0,0,a6b6,a6b6,True,0,correct,2,True,10,22,2.2
bifurc,even_odd,_todd22,2,0.0,0,a6b6,a6b6,True,0,correct,2,True,10,22,2.2
bifurc,even_odd,_todd22,2,0.0,0,a6b6,a6b6,True,0,correct,2,True,10,22,2.2
bifurc,even_odd,_todd22,2,0.0,0,a6b6,a6b6,True,0,correct,2,True,10,22,2.2
bifurc,even_odd,_todd22,2,0.0,0,a6b6,a6b6,True,0,correct,2,True,10,22,2.2
bifurc,even_odd,_todd22,2,0.0,0,a6b6,a6b6,True,0,correct,2,True,10,22,2.2
bifurc,even_odd,_todd22,2,0.0,0,a6b6,a6b6,True,0,correct,2,True,10,22,2.2
bifurc,even_odd,_todd22,2,0.0,0,a6b6,a6b6,True,0,correct,2,True,10,22,2.2
bifurc,even_odd,_todd22,2,0.0,0,a6b6,a6b6,True,0,correct,2,True,10,22,2.2
bifurc,even_odd,_todd22,2,0.0,0,a6b6,a6b6,True,0,correct,2,True,10,22,2.2
bifurc,even_odd,_todd22,2,0.0,0,a6b6,a6b6,True,0,correct,2,True,10,22,2.2
bifurc,even_odd,_todd22,2,0.0,0,a6b6,a6b6,True,0,correct,2,True,10,22,2.2
bifurc,even_odd,_todd22,2,0.0,0,a6b6,a6b6,True,0,correct,2,True,10,22,2.2
bifurc,even_odd,_todd22,2,0.0,0,a6b6,a6b6,True,0,correct,2,True,10,22,2.2
bifurc,even_odd,_todd22,2,0.0,0,a6b6,a6b6,True,0,correct,2,True,10,22,2.2
bifurc,even_odd,_todd22,2,0.0,0,a6b6,a6b6,True,0,correct,2,True,10,22,2.2
bifurc,even_odd,_todd22,2,0.0,0,a6b6,a6b6,True,0,correct,2,True,10,22,2.2
bifurc,even_odd,_todd22,2,0.0,0,a6b6,a6b6,True,0,correct,2,True,10,22,2.2
bifurc,even_odd,_todd22,2,0.0,0,a6b6,a6b6,True,0,correct,2,True,10,22,2.2
bifurc,even_odd,_todd22,2,0.0,0,a6b6,a6b6,True,0,correct,2,True,10,22,2.2
bifurc,even_odd,_todd22,3,0.0,0,bd07,bd07,True,0,correct,3,True,10,22,2.2
bifurc,even_odd,_todd22,3,0.0,0,bd07,bd07,True,0,correct,3,True,10,22,2.2
bifurc,even_odd,_todd22,3,0.0,0,bd07,bd07,True,0,correct,3,True,10,22,2.2
bifurc,even_odd,_todd22,3,0.0,0,bd07,bd07,True,0,correct,3,True,10,22,2.2
bifurc,even_odd,_todd22,3,0.0,0,bd07,bd07,True,0,correct,3,True,10,22,2.2
bifurc,even_odd,_todd22,3,0.0,0,bd07,bd07,True,0,correct,3,True,10,22,2.2
bifurc,even_odd,_todd22,3,0.0,0,bd07,bd07,True,0,correct,3,True,10,22,2.2
bifurc,even_odd,_todd22,3,0.0,0,bd07,bd07,True,0,correct,3,True,10,22,2.2
bifurc,even_odd,_todd22,3,0.0,0,bd07,bd07,True,0,correct,3,True,10,22,2.2
bifurc,even_odd,_todd22,3,0.0,0,bd07,bd07,True,0,correct,3,True,10,22,2.2
bifurc,even_odd,_todd22,3,0.0,0,bd07,bd07,True,0,correct,3,True,10,22,2.2
bifurc,even_odd,_todd22,3,0.0,0,bd07,bd07,True,0,correct,3,True,10,22,2.2
bifurc,even_odd,_todd22,3,0.0,0,bd07,bd07,True,0,correct,3,True,10,22,2.2
bifurc,even_odd,_todd22,3,0.0,0,bd07,bd07,True,0,correct,3,True,10,22,2.2
bifurc,even_odd,_todd22,3,0.0,0,bd07,bd07,True,0,correct,3,True,10,22,2.2
bifurc,even_odd,_todd22,3,0.0,0,bd07,bd07,True,0,correct,3,True,10,22,2.2
bifurc,even_odd,_todd22,3,0.0,0,bd07,bd07,True,0,correct,3,True,10,22,2.2
bifurc,even_odd,_todd22,3,0.0,0,bd07,bd07,True,0,correct,3,True,10,22,2.2
bifurc,even_odd,_todd22,3,0.0,0,bd07,bd07,True,0,correct,3,True,10,22,2.2
bifurc,even_odd,_todd22,3,0.0,0,bd07,bd07,True,0,correct,3,True,10,22,2.2
bifurc,even_odd,_todd22,3,0.0,0,bd07,bd07,True,0,correct,3,True,10,22,2.2
bifurc,even_odd,_todd22,3,0.0,0,bd07,bd07,True,0,correct,3,True,10,22,2.2
bifurc,even_odd,_todd22,3,0.0,0,bd07,bd07,True,0,correct,3,True,10,22,2.2
bifurc,even_odd,_todd22,3,0.0,0,bd07,bd07,True,0,correct,3,True,10,22,2.2
bifurc,even_odd,_todd22,3,0.0,0,bd07,bd07,True,0,correct,3,True,10,22,2.2
bifurc,even_odd,_todd22,3,0.0,0,bd07,bd07,True,0,correct,3,True,10,22,2.2
bifurc,even_odd,_todd22,3,0.0,0,bd07,bd07,True,0,correct,3,True,10,22,2.2
bifurc,even_odd,_todd22,3,0.0,0,bd07,bd07,True,0,correct,3,True,10,22,2.2
bifurc,even_odd,_todd22,3,0.0,0,bd07,bd07,True,0,correct,3,True,10,22,2.2
bifurc,even_odd,_todd22,3,0.0,0,bd07,bd07,True,0,correct,3,True,10,22,2.2
bifurc,even_odd,_todd22,3,0.0,0,bd07,bd07,True,0,correct,3,True,10,22,2.2
bifurc,even_odd,_todd22,3,0.0,0,bd07,bd07,True,0,correct,3,True,10,22,2.2
bifurc,even_odd,_todd22,3,0.0,0,bd07,bd07,True,0,correct,3,True,10,22,2.2
bifurc,even_odd,_todd22,3,0.0,0,bd07,bd07,True,0,correct,3,True,10,22,2.2
bifurc,even_odd,_todd22,3,0.0,0,bd07,bd07,True,0,correct,3,True,10,22,2.2
bifurc,even_odd,_todd22,3,0.0,0,bd07,bd07,True,0,correct,3,True,10,22,2.2
bifurc,even_odd,_todd22,3,0.0,0,bd07,bd07,True,0,correct,3,True,10,22,2.2
bifurc,even_odd,_todd22,3,0.0,0,bd07,bd07,True,0,correct,3,True,10,22,2.2
bifurc,even_odd,_todd22,3,0.0,0,bd07,bd07,True,0,correct,3,True,10,22,2.2
bifurc,even_odd,_todd22,3,0.0,0,bd07,bd07,True,0,correct,3,True,10,22,2.2
bifurc,even_odd,_todd22,3,0.0,0,bd07,bd07,True,0,correct,3,True,10,22,2.2
bifurc,even_odd,_todd22,3,0.0,0,bd07,bd07,True,0,correct,3,True,10,22,2.2
bifurc,even_odd,_todd22,3,0.0,0,bd07,bd07,True,0,correct,3,True,10,22,2.2
bifurc,even_odd,_todd22,3,0.0,0,bd07,bd07,True,0,correct,3,True,10,22,2.2
bifurc,even_odd,_todd22,3,0.0,0,bd07,bd07,True,0,correct,3,True,10,22,2.2
bifurc,even_odd,_todd22,3,0.0,0,bd07,bd07,True,0,correct,3,True,10,22,2.2
bifurc,even_odd,_todd22,3,0.0,0,bd07,bd07,True,0,correct,3,True,10,22,2.2
bifurc,even_odd,_todd22,3,0.0,0,bd07,bd07,True,0,correct,3,True,10,22,2.2
bifurc,even_odd,_todd22,3,0.0,0,bd07,bd07,True,0,correct,3,True,10,22,2.2
bifurc,even_odd,_todd22,3,0.0,0,bd07,bd07,True,0,correct,3,True,10,22,2.2
bifurc,even_odd,_todd22,3,0.0,0,bd07,bd07,True,0,correct,3,True,10,22,2.2
bifurc,even_odd,_todd22,3,0.0,0,bd07,bd07,True,0,correct,3,True,10,22,2.2
bifurc,even_odd,_todd22,3,0.0,0,bd07,bd07,True,0,correct,3,True,10,22,2.2
bifurc,even_odd,_todd22,3,0.0,0,bd07,bd07,True,0,correct,3,True,10,22,2.2
bifurc,even_odd,_todd22,3,0.0,0,bd07,bd07,True,0,correct,3,True,10,22,2.2
bifurc,even_odd,_todd22,3,0.0,0,bd07,bd07,True,0,correct,3,True,10,22,2.2
bifurc,even_odd,_todd22,3,0.0,0,bd07,bd07,True,0,correct,3,True,10,22,2.2
bifurc,even_odd,_todd22,3,0.0,0,bd07,bd07,True,0,correct,3,True,10,22,2.2
bifurc,even_odd,_todd22,3,0.0,0,bd07,bd07,True,0,correct,3,True,10,22,2.2
bifurc,even_odd,_todd22,3,0.0,0,bd07,bd07,True,0,correct,3,True,10,22,2.2
bifurc,even_odd,_todd22,3,0.0,0,bd07,bd07,True,0,correct,3,True,10,22,2.2
bifurc,even_odd,_todd22,3,0.0,0,bd07,bd07,True,0,correct,3,True,10,22,2.2
bifurc,even_odd,_todd22,3,0.0,0,bd07,bd07,True,0,correct,3,True,10,22,2.2
bifurc,even_odd,_todd22,3,0.0,0,bd07,bd07,True,0,correct,3,True,10,22,2.2
bifurc,even_odd,_todd22,3,0.0,0,bd07,bd07,True,0,correct,3,True,10,22,2.2
bifurc,even_odd,_todd22,3,0.0,0,bd07,bd07,True,0,correct,3,True,10,22,2.2
bifurc,even_odd,_todd22,3,0.0,0,bd07,bd07,True,0,correct,3,True,10,22,2.2
bifurc,even_odd,_todd22,3,0.0,0,bd07,bd07,True,0,correct,3,True,10,22,2.2
bifurc,even_odd,_todd22,3,0.0,0,bd07,bd07,True,0,correct,3,True,10,22,2.2
bifurc,even_odd,_todd22,3,0.0,0,bd07,bd07,True,0,correct,3,True,10,22,2.2
bifurc,even_odd,_todd22,3,0.0,0,bd07,bd07,True,0,correct,3,True,10,22,2.2
bifurc,even_odd,_todd22,3,0.0,0,bd07,bd07,True,0,correct,3,True,10,22,2.2
bifurc,even_odd,_todd22,3,0.0,0,bd07,bd07,True,0,correct,3,True,10,22,2.2
bifurc,even_odd,_todd22,3,0.0,0,bd07,bd07,True,0,correct,3,True,10,22,2.2
bifurc,even_odd,_todd22,3,0.0,0,bd07,bd07,True,0,correct,3,True,10,22,2.2
bifurc,even_odd,_todd22,3,0.0,0,bd07,bd07,True,0,correct,3,True,10,22,2.2
bifurc,even_odd,_todd22,3,0.0,0,bd07,bd07,True,0,correct,3,True,10,22,2.2
bifurc,even_odd,_todd22,3,0.0,0,bd07,bd07,True,0,correct,3,True,10,22,2.2
bifurc,even_odd,_todd22,3,0.0,0,bd07,bd07,True,0,correct,3,True,10,22,2.2
bifurc,even_odd,_todd22,3,0.0,0,bd07,bd07,True,0,correct,3,True,10,22,2.2
bifurc,even_odd,_todd22,0,0.2,2,fce2,fca6,True,11,correct,0,True,10,22,2.2
bifurc,even_odd,_todd22,0,0.2,1,fc26,fca6,True,23,correct,0,True,10,22,2.2
bifurc,even_odd,_todd22,0,0.2,4,70e6,fca6,True,43,correct,0,True,10,22,2.2
bifurc,even_odd,_todd22,0,0.2,5,dfe4,58a4,True,43,spurious,-1,False,10,22,2.2
bifurc,even_odd,_todd22,0,0.2,5,dd34,58a4,True,55,spurious,-1,False,10,22,2.2
bifurc,even_odd,_todd22,0,0.2,0,fca6,fca6,True,0,correct,0,True,10,22,2.2
bifurc,even_odd,_todd22,0,0.2,1,f8a6,fca6,True,11,correct,0,True,10,22,2.2
bifurc,even_odd,_todd22,0,0.2,1,fc26,fca6,True,23,correct,0,True,10,22,2.2
bifurc,even_odd,_todd22,0,0.2,4,64a4,58a4,True,43,spurious,-1,False,10,22,2.2
bifurc,even_odd,_todd22,0,0.2,3,74b6,fca6,True,33,correct,0,True,10,22,2.2
bifurc,even_odd,_todd22,0,0.2,3,9ea6,fca6,True,23,correct,0,True,10,22,2.2
bifurc,even_odd,_todd22,0,0.2,6,1686,2b4,True,43,spurious,-1,False,10,22,2.2
bifurc,even_odd,_todd22,0,0.2,3,fc16,bd07,True,11,wrong_pattern,3,False,10,22,2.2
bifurc,even_odd,_todd22,0,0.2,2,fc36,fca6,True,23,correct,0,True,10,22,2.2
bifurc,even_odd,_todd22,0,0.2,1,fca4,fca6,True,23,correct,0,True,10,22,2.2
bifurc,even_odd,_todd22,0,0.2,2,fcb4,fca6,True,23,correct,0,True,10,22,2.2
bifurc,even_odd,_todd22,0,0.2,5,5086,58a4,True,23,spurious,-1,False,10,22,2.2
bifurc,even_odd,_todd22,0,0.2,4,dde4,58a4,True,43,spurious,-1,False,10,22,2.2
bifurc,even_odd,_todd22,0,0.2,3,f8b4,fca6,True,43,correct,0,True,10,22,2.2
bifurc,even_odd,_todd22,0,0.2,4,748e,fca6,True,23,correct,0,True,10,22,2.2
bifurc,even_odd,_todd22,0,0.2,4,b9a4,fca6,True,43,correct,0,True,10,22,2.2
bifurc,even_odd,_todd22,0,0.2,4,7cc2,fca6,True,43,correct,0,True,10,22,2.2
bifurc,even_odd,_todd22,0,0.2,0,fca6,fca6,True,0,correct,0,True,10,22,2.2
bifurc,even_odd,_todd22,0,0.2,3,fcb3,fca6,True,11,correct,0,True,10,22,2.2
bifurc,even_odd,_todd22,0,0.2,2,f5a6,fca6,True,23,correct,0,True,10,22,2.2
bifurc,even_odd,_todd22,0,0.2,3,f6e6,a6b6,True,21,wrong_pattern,2,False,10,22,2.2
bifurc,even_odd,_todd22,0,0.2,1,fea6,fca6,True,23,correct,0,True,10,22,2.2
bifurc,even_odd,_todd22,0,0.2,3,6da6,fca6,True,23,correct,0,True,10,22,2.2
bifurc,even_odd,_todd22,0,0.2,3,dcb4,58a4,True,43,spurious,-1,False,10,22,2.2
bifurc,even_odd,_todd22,0,0.2,2,fc36,fca6,True,23,correct,0,True,10,22,2.2
bifurc,even_odd,_todd22,0,0.2,0,fca6,fca6,True,0,correct,0,True,10,22,2.2
bifurc,even_odd,_todd22,0,0.2,4,b4b2,fca6,True,43,correct,0,True,10,22,2.2
bifurc,even_odd,_todd22,0,0.2,5,2cf6,fca6,True,43,correct,0,True,10,22,2.2
bifurc,even_odd,_todd22,0,0.2,5,e804,bd07,True,85,wrong_pattern,3,False,10,22,2.2
bifurc,even_odd,_todd22,0,0.2,6,bccb,fca6,True,77,correct,0,True,10,22,2.2
bifurc,even_odd,_todd22,0,0.2,2,bcae,fca6,True,23,correct,0,True,10,22,2.2
bifurc,even_odd,_todd22,0,0.2,2,ecb6,fca6,True,11,correct,0,True,10,22,2.2
bifurc,even_odd,_todd22,0,0.2,5,b485,a6b6,True,85,wrong_pattern,2,False,10,22,2.2
bifurc,even_odd,_todd22,0,0.2,3,7da2,fca6,True,23,correct,0,True,10,22,2.2
bifurc,even_odd,_todd22,0,0.2,5,7dbf,fca6,True,33,correct,0,True,10,22,2.2
bifurc,even_odd,_todd22,0,0.2,4,baa4,fca6,True,43,correct,0,True,10,22,2.2
bifurc,even_odd,_todd22,0,0.2,5,efa5,fca6,True,43,correct,0,True,10,22,2.2
bifurc,even_odd,_todd22,0,0.2,4,e827,fca6,True,55,correct,0,True,10,22,2.2
bifurc,even_odd,_todd22,0,0.2,1,7ca6,fca6,True,23,correct,0,True,10,22,2.2
bifurc,even_odd,_todd22,0,0.2,7,b845,bd07,True,43,wrong_pattern,3,False,10,22,2.2
bifurc,even_odd,_todd22,0,0.2,4,ffbe,fca6,True,23,correct,0,True,10,22,2.2
bifurc,even_odd,_todd22,0,0.2,5,7d83,bd07,True,23,wrong_pattern,3,False,10,22,2.2
bifurc,even_odd,_todd22,0,0.2,3,d8a4,58a4,True,23,spurious,-1,False,10,22,2.2
bifurc,even_odd,_todd22,0,0.2,3,fc04,bd07,True,53,wrong_pattern,3,False,10,22,2.2
bifurc,even_odd,_todd22,0,0.2,2,7ea6,fca6,True,23,correct,0,True,10,22,2.2
bifurc,even_odd,_todd22,0,0.2,4,14a6,58a4,True,43,spurious,-1,False,10,22,2.2
bifurc,even_odd,_todd22,0,0.2,5,7d9e,fca6,True,45,correct,0,True,10,22,2.2
bifurc,even_odd,_todd22,0,0.2,3,7de6,fca6,True,23,correct,0,True,10,22,2.2
bifurc,even_odd,_todd22,0,0.2,1,bca6,fca6,True,11,correct,0,True,10,22,2.2
bifurc,even_odd,_todd22,0,0.2,4,ffe7,fca6,True,33,correct,0,True,10,22,2.2
bifurc,even_odd,_todd22,0,0.2,5,7d32,fd22,False,1508,oscillated,-1,False,10,22,2.2
bifurc,even_odd,_todd22,0,0.2,1,fca4,fca6,True,23,correct,0,True,10,22,2.2
bifurc,even_odd,_todd22,0,0.2,1,fcb6,fca6,True,11,correct,0,True,10,22,2.2
bifurc,even_odd,_todd22,0,0.2,5,bc3f,fca6,True,99,correct,0,True,10,22,2.2
bifurc,even_odd,_todd22,0,0.2,1,fce6,fca6,True,11,correct,0,True,10,22,2.2
bifurc,even_odd,_todd22,0,0.2,4,dc46,fd4b,True,75,spurious,-1,False,10,22,2.2
bifurc,even_odd,_todd22,0,0.2,2,fe86,fca6,True,23,correct,0,True,10,22,2.2
bifurc,even_odd,_todd22,0,0.2,5,68e7,fca6,True,43,correct,0,True,10,22,2.2
bifurc,even_odd,_todd22,0,0.2,4,dcd6,fca6,True,23,correct,0,True,10,22,2.2
bifurc,even_odd,_todd22,0,0.2,6,9c60,58a4,True,43,spurious,-1,False,10,22,2.2
bifurc,even_odd,_todd22,0,0.2,3,f4b4,fca6,True,33,correct,0,True,10,22,2.2
bifurc,even_odd,_todd22,0,0.2,3,bda7,fca6,True,11,correct,0,True,10,22,2.2
bifurc,even_odd,_todd22,0,0.2,6,cd85,1905,True,43,spurious,-1,False,10,22,2.2
bifurc,even_odd,_todd22,0,0.2,4,dec6,fca6,True,23,correct,0,True,10,22,2.2
bifurc,even_odd,_todd22,0,0.2,4,ea26,fca6,True,23,correct,0,True,10,22,2.2
bifurc,even_odd,_todd22,0,0.2,7,70f3,fca6,True,43,correct,0,True,10,22,2.2
bifurc,even_odd,_todd22,0,0.2,3,bda7,fca6,True,11,correct,0,True,10,22,2.2
bifurc,even_odd,_todd22,0,0.2,1,bca6,fca6,True,11,correct,0,True,10,22,2.2
bifurc,even_odd,_todd22,0,0.2,2,eca2,fca6,True,11,correct,0,True,10,22,2.2
bifurc,even_odd,_todd22,0,0.2,2,dcae,fca6,True,23,correct,0,True,10,22,2.2
bifurc,even_odd,_todd22,0,0.2,3,3cb6,fca6,True,33,correct,0,True,10,22,2.2
bifurc,even_odd,_todd22,0,0.2,3,f926,fca6,True,55,correct,0,True,10,22,2.2
bifurc,even_odd,_todd22,0,0.2,1,7ca6,fca6,True,23,correct,0,True,10,22,2.2
bifurc,even_odd,_todd22,0,0.2,2,fce4,fca6,True,23,correct,0,True,10,22,2.2
bifurc,even_odd,_todd22,0,0.2,2,bcb6,fca6,True,11,correct,0,True,10,22,2.2
bifurc,even_odd,_todd22,1,0.2,2,5bb5,58a4,True,33,spurious,-1,False,10,22,2.2
bifurc,even_odd,_todd22,1,0.2,6,6b80,58a4,True,85,spurious,-1,False,10,22,2.2
bifurc,even_odd,_todd22,1,0.2,3,1fd1,1b95,True,21,correct,1,True,10,22,2.2
bifurc,even_odd,_todd22,1,0.2,3,1f35,1b95,True,23,correct,1,True,10,22,2.2
bifurc,even_odd,_todd22,1,0.2,0,1b95,1b95,True,0,correct,1,True,10,22,2.2
bifurc,even_odd,_todd22,1,0.2,4,5ac5,58a4,True,33,spurious,-1,False,10,22,2.2
bifurc,even_odd,_todd22,1,0.2,2,1bd4,2b4,True,33,spurious,-1,False,10,22,2.2
bifurc,even_odd,_todd22,1,0.2,1,b95,1b95,True,11,correct,1,True,10,22,2.2
bifurc,even_odd,_todd22,1,0.2,5,2b75,359,True,77,spurious,-1,False,10,22,2.2
bifurc,even_odd,_todd22,1,0.2,6,2881,58a4,True,63,spurious,-1,False,10,22,2.2
bifurc,even_odd,_todd22,1,0.2,3,1abd,2b4,True,33,spurious,-1,False,10,22,2.2
bifurc,even_odd,_todd22,1,0.2,1,1b97,1b95,True,23,correct,1,True,10,22,2.2
bifurc,even_odd,_todd22,1,0.2,1,b95,1b95,True,11,correct,1,True,10,22,2.2
bifurc,even_odd,_todd22,1,0.2,2,1994,58a4,True,43,spurious,-1,False,10,22,2.2
bifurc,even_odd,_todd22,1,0.2,2,3b15,1b95,True,23,correct,1,True,10,22,2.2
bifurc,even_odd,_todd22,1,0.2,5,7b1f,a75b,True,65,spurious,-1,False,10,22,2.2
bifurc,even_odd,_todd22,1,0.2,6,93e7,a6b6,True,43,wrong_pattern,2,False,10,22,2.2
bifurc,even_odd,_todd22,1,0.2,6,8899,5949,True,77,spurious,-1,False,10,22,2.2
bifurc,even_odd,_todd22,1,0.2,2,1b55,395,True,33,spurious,-1,False,10,22,2.2
bifurc,even_odd,_todd22,1,0.2,3,b8d,395,True,45,spurious,-1,False,10,22,2.2
bifurc,even_odd,_todd22,1,0.2,2,139d,395,True,45,spurious,-1,False,10,22,2.2
bifurc,even_odd,_todd22,1,0.2,2,bb95,bf97,True,43,spurious,-1,False,10,22,2.2
bifurc,even_odd,_todd22,1,0.2,1,1a95,58a4,True,65,spurious,-1,False,10,22,2.2
bifurc,even_odd,_todd22,1,0.2,3,18d5,58a4,True,43,spurious,-1,False,10,22,2.2
bifurc,even_odd,_todd22,1,0.2,2,1915,1905,True,11,spurious,-1,False,10,22,2.2
bifurc,even_odd,_todd22,1,0.2,3,19b7,58a4,True,33,spurious,-1,False,10,22,2.2
bifurc,even_odd,_todd22,1,0.2,4,3a05,1b95,True,43,correct,1,True,10,22,2.2
bifurc,even_odd,_todd22,1,0.2,2,9bb5,58a4,True,51,spurious,-1,False,10,22,2.2
bifurc,even_odd,_todd22,1,0.2,5,1ead,58a4,True,23,spurious,-1,False,10,22,2.2
bifurc,even_odd,_todd22,1,0.2,4,1f80,58a4,True,43,spurious,-1,False,10,22,2.2
bifurc,even_odd,_todd22,1,0.2,3,399d,1905,True,33,spurious,-1,False,10,22,2.2
bifurc,even_odd,_todd22,1,0.2,6,1645,359,True,43,spurious,-1,False,10,22,2.2
bifurc,even_odd,_todd22,1,0.2,3,5b87,1905,True,33,spurious,-1,False,10,22,2.2
bifurc,even_odd,_todd22,1,0.2,5,1b29,1905,True,87,spurious,-1,False,10,22,2.2
bifurc,even_odd,_todd22,1,0.2,3,1be5,58a4,True,43,spurious,-1,False,10,22,2.2
bifurc,even_odd,_todd22,1,0.2,2,1e95,58a4,True,65,spurious,-1,False,10,22,2.2
bifurc,even_odd,_todd22,1,0.2,2,3b85,1b95,True,43,correct,1,True,10,22,2.2
bifurc,even_odd,_todd22,1,0.2,7,fed1,fca6,True,33,wrong_pattern,0,False,10,22,2.2
bifurc,even_odd,_todd22,1,0.2,3,7995,1905,True,33,spurious,-1,False,10,22,2.2
bifurc,even_odd,_todd22,1,0.2,3,1f1d,359,True,43,spurious,-1,False,10,22,2.2
bifurc,even_odd,_todd22,1,0.2,3,13c5,395,True,11,spurious,-1,False,10,22,2.2
bifurc,even_odd,_todd22,1,0.2,2,1915,1905,True,11,spurious,-1,False,10,22,2.2
bifurc,even_odd,_todd22,1,0.2,3,f97,1b95,True,43,correct,1,True,10,22,2.2
bifurc,even_odd,_todd22,1,0.2,2,1b8d,395,True,75,spurious,-1,False,10,22,2.2
bifurc,even_odd,_todd22,1,0.2,4,b391,a797,True,43,spurious,-1,False,10,22,2.2
bifurc,even_odd,_todd22,1,0.2,2,3bb5,58a4,True,51,spurious,-1,False,10,22,2.2
bifurc,even_odd,_todd22,1,0.2,3,9bb1,2b4,True,33,spurious,-1,False,10,22,2.2
bifurc,even_odd,_todd22,1,0.2,3,5f94,58a4,True,33,spurious,-1,False,10,22,2.2
bifurc,even_odd,_todd22,1,0.2,3,4bd5,1b95,True,11,correct,1,True,10,22,2.2
bifurc,even_odd,_todd22,1,0.2,1,1b9d,395,True,45,spurious,-1,False,10,22,2.2
bifurc,even_odd,_todd22,1,0.2,4,179c,2b4,True,33,spurious,-1,False,10,22,2.2
bifurc,even_odd,_todd22,1,0.2,3,1215,395,True,43,spurious,-1,False,10,22,2.2
bifurc,even_odd,_todd22,1,0.2,2,1b81,1b95,True,11,correct,1,True,10,22,2.2
bifurc,even_odd,_todd22,1,0.2,5,d305,395,True,85,spurious,-1,False,10,22,2.2
bifurc,even_odd,_todd22,1,0.2,4,1214,2b4,True,75,spurious,-1,False,10,22,2.2
bifurc,even_odd,_todd22,1,0.2,1,1b97,1b95,True,23,correct,1,True,10,22,2.2
bifurc,even_odd,_todd22,1,0.2,5,3b50,3d1,False,1508,oscillated,-1,False,10,22,2.2
bifurc,even_odd,_todd22,1,0.2,5,717,395,True,43,spurious,-1,False,10,22,2.2
bifurc,even_odd,_todd22,1,0.2,4,396,2b4,True,33,spurious,-1,False,10,22,2.2
bifurc,even_odd,_todd22,1,0.2,1,1395,395,True,11,spurious,-1,False,10,22,2.2
bifurc,even_odd,_todd22,1,0.2,4,5194,58a4,True,77,spurious,-1,False,10,22,2.2
bifurc,even_odd,_todd22,1,0.2,3,1291,2b4,True,33,spurious,-1,False,10,22,2.2
bifurc,even_odd,_todd22,1,0.2,3,1bad,58a4,True,43,spurious,-1,False,10,22,2.2
bifurc,even_odd,_todd22,1,0.2,5,cbf5,58a4,True,53,spurious,-1,False,10,22,2.2
bifurc,even_odd,_todd22,1,0.2,6,17b8,42f8,True,21,spurious,-1,False,10,22,2.2
bifurc,even_odd,_todd22,1,0.2,2,1bc5,1b95,True,11,correct,1,True,10,22,2.2
bifurc,even_odd,_todd22,1,0.2,4,1097,2b4,True,43,spurious,-1,False,10,22,2.2
bifurc,even_odd,_todd22,1,0.2,6,3982,fca6,True,43,wrong_pattern,0,False,10,22,2.2
bifurc,even_odd,_todd22,1,0.2,4,3797,a797,True,43,spurious,-1,False,10,22,2.2
bifurc,even_odd,_todd22,1,0.2,2,1b96,58a4,True,65,spurious,-1,False,10,22,2.2
bifurc,even_odd,_todd22,1,0.2,4,1b18,359,True,33,spurious,-1,False,10,22,2.2
bifurc,even_odd,_todd22,1,0.2,2,1195,395,True,45,spurious,-1,False,10,22,2.2
bifurc,even_odd,_todd22,1,0.2,3,9b5,58a4,True,21,spurious,-1,False,10,22,2.2
bifurc,even_odd,_todd22,1,0.2,5,22b5,2b4,True,23,spurious,-1,False,10,22,2.2
bifurc,even_odd,_todd22,1,0.2,3,19b1,58a4,True,11,spurious,-1,False,10,22,2.2
bifurc,even_odd,_todd22,1,0.2,6,7a98,58a4,True,33,spurious,-1,False,10,22,2.2
bifurc,even_odd,_todd22,1,0.2,1,1b97,1b95,True,23,correct,1,True,10,22,2.2
bifurc,even_odd,_todd22,1,0.2,4,1a07,1b95,True,43,correct,1,True,10,22,2.2
bifurc,even_odd,_todd22,1,0.2,3,3a15,1b95,True,23,correct,1,True,10,22,2.2
bifurc,even_odd,_todd22,1,0.2,5,8b5d,359,True,23,spurious,-1,False,10,22,2.2
bifurc,even_odd,_todd22,2,0.2,4,96f7,a6b6,True,23,correct,2,True,10,22,2.2
bifurc,even_odd,_todd22,2,0.2,3,b6a4,a6b6,True,43,correct,2,True,10,22,2.2
bifurc,even_odd,_todd22,2,0.2,4,c7b2,a6b6,True,33,correct,2,True,10,22,2.2
bifurc,even_odd,_todd22,2,0.2,2,a63e,e6fa,True,33,spurious,-1,False,10,22,2.2
bifurc,even_odd,_todd22,2,0.2,5,a4ce,e6fa,True,33,spurious,-1,False,10,22,2.2
bifurc,even_odd,_todd22,2,0.2,2,a6fe,e6fa,True,21,spurious,-1,False,10,22,2.2
bifurc,even_odd,_todd22,2,0.2,5,379e,a6b6,True,33,correct,2,True,10,22,2.2
bifurc,even_odd,_todd22,2,0.2,5,e41e,a75b,True,43,spurious,-1,False,10,22,2.2
bifurc,even_odd,_todd22,2,0.2,3,a432,e6fa,True,33,spurious,-1,False,10,22,2.2
bifurc,even_odd,_todd22,2,0.2,2,24b6,fca6,True,43,wrong_pattern,0,False,10,22,2.2
bifurc,even_odd,_todd22,2,0.2,2,a69e,a6b6,True,23,correct,2,True,10,22,2.2
bifurc,even_odd,_todd22,2,0.2,5,f23e,e6fa,True,53,spurious,-1,False,10,22,2.2
bifurc,even_odd,_todd22,2,0.2,7,6f84,58a4,True,55,spurious,-1,False,10,22,2.2
bifurc,even_odd,_todd22,2,0.2,1,e6b6,a6b6,True,11,correct,2,True,10,22,2.2
bifurc,even_odd,_todd22,2,0.2,4,aa97,fca6,True,85,wrong_pattern,0,False,10,22,2.2
bifurc,even_odd,_todd22,2,0.2,2,a3b6,a6b6,True,11,correct,2,True,10,22,2.2
bifurc,even_odd,_todd22,2,0.2,3,afb4,fca6,True,53,wrong_pattern,0,False,10,22,2.2
bifurc,even_odd,_todd22,2,0.2,5,96af,a6b6,True,55,correct,2,True,10,22,2.2
bifurc,even_odd,_todd22,2,0.2,3,a635,a6b6,True,55,correct,2,True,10,22,2.2
bifurc,even_odd,_todd22,2,0.2,6,ac1f,fd4b,True,21,spurious,-1,False,10,22,2.2
bifurc,even_odd,_todd22,2,0.2,4,84b0,58a4,True,43,spurious,-1,False,10,22,2.2
bifurc,even_odd,_todd22,2,0.2,3,a732,a732,False,1508,oscillated,-1,False,10,22,2.2
bifurc,even_odd,_todd22,2,0.2,5,86a1,2b4,True,43,spurious,-1,False,10,22,2.2
bifurc,even_odd,_todd22,2,0.2,9,8b00,359,True,55,spurious,-1,False,10,22,2.2
bifurc,even_odd,_todd22,2,0.2,1,a6b7,a6b6,True,11,correct,2,True,10,22,2.2
bifurc,even_odd,_todd22,2,0.2,1,a6be,a6b6,True,23,correct,2,True,10,22,2.2
bifurc,even_odd,_todd22,2,0.2,5,276,42f8,True,43,spurious,-1,False,10,22,2.2
bifurc,even_odd,_todd22,2,0.2,2,26b4,2b4,True,43,spurious,-1,False,10,22,2.2
bifurc,even_odd,_todd22,2,0.2,2,a694,a6b6,True,23,correct,2,True,10,22,2.2
bifurc,even_odd,_todd22,2,0.2,5,624,2b4,True,23,spurious,-1,False,10,22,2.2
bifurc,even_odd,_todd22,2,0.2,5,6fb7,fca6,True,53,wrong_pattern,0,False,10,22,2.2
bifurc,even_odd,_todd22,2,0.2,5,3232,e6fa,True,43,spurious,-1,False,10,22,2.2
bifurc,even_odd,_todd22,2,0.2,1,a6be,a6b6,True,23,correct,2,True,10,22,2.2
bifurc,even_odd,_todd22,2,0.2,1,aeb6,fca6,True,53,wrong_pattern,0,False,10,22,2.2
bifurc,even_odd,_todd22,2,0.2,3,34b6,fca6,True,43,wrong_pattern,0,False,10,22,2.2
bifurc,even_odd,_todd22,2,0.2,3,27f6,a6b6,True,23,correct,2,True,10,22,2.2
bifurc,even_odd,_todd22,2,0.2,3,26f2,a6b6,True,33,correct,2,True,10,22,2.2
bifurc,even_odd,_todd22,2,0.2,3,b6e6,a6b6,True,21,correct,2,True,10,22,2.2
bifurc,even_odd,_todd22,2,0.2,3,a6d4,a6b6,True,23,correct,2,True,10,22,2.2
bifurc,even_odd,_todd22,2,0.2,1,a6b2,a6b6,True,11,correct,2,True,10,22,2.2
bifurc,even_odd,_todd22,2,0.2,2,a69e,a6b6,True,23,correct,2,True,10,22,2.2
bifurc,even_odd,_todd22,2,0.2,3,87a6,a6b6,True,23,correct,2,True,10,22,2.2
bifurc,even_odd,_todd22,2,0.2,1,a6be,a6b6,True,23,correct,2,True,10,22,2.2
bifurc,even_odd,_todd22,2,0.2,0,a6b6,a6b6,True,0,correct,2,True,10,22,2.2
bifurc,even_odd,_todd22,2,0.2,4,b0f6,fca6,True,43,wrong_pattern,0,False,10,22,2.2
bifurc,even_odd,_todd22,2,0.2,7,94df,a75b,True,83,spurious,-1,False,10,22,2.2
bifurc,even_odd,_todd22,2,0.2,2,a6b0,a6b6,True,23,correct,2,True,10,22,2.2
bifurc,even_odd,_todd22,2,0.2,5,6635,359,True,77,spurious,-1,False,10,22,2.2
bifurc,even_odd,_todd22,2,0.2,3,36b2,a6b6,True,23,correct,2,True,10,22,2.2
bifurc,even_odd,_todd22,2,0.2,5,e433,a75b,True,55,spurious,-1,False,10,22,2.2
bifurc,even_odd,_todd22,2,0.2,3,a6b8,e6fa,True,33,spurious,-1,False,10,22,2.2
bifurc,even_odd,_todd22,2,0.2,7,c70e,a75b,True,33,spurious,-1,False,10,22,2.2
bifurc,even_odd,_todd22,2,0.2,3,a6e4,a6b6,True,23,correct,2,True,10,22,2.2
bifurc,even_odd,_todd22,2,0.2,1,a4b6,fca6,True,43,wrong_pattern,0,False,10,22,2.2
bifurc,even_odd,_todd22,2,0.2,3,a6f5,a6b6,True,23,correct,2,True,10,22,2.2
bifurc,even_odd,_todd22,2,0.2,2,26be,a6b6,True,23,correct,2,True,10,22,2.2
bifurc,even_odd,_todd22,2,0.2,3,a6e7,a6b6,True,11,correct,2,True,10,22,2.2
bifurc,even_odd,_todd22,2,0.2,2,aef6,a6b6,True,33,correct,2,True,10,22,2.2
bifurc,even_odd,_todd22,2,0.2,3,b2a6,a6b6,True,21,correct,2,True,10,22,2.2
bifurc,even_odd,_todd22,2,0.2,3,c6b7,a6b6,True,23,correct,2,True,10,22,2.2
bifurc,even_odd,_todd22,2,0.2,4,2486,fca6,True,45,wrong_pattern,0,False,10,22,2.2
bifurc,even_odd,_todd22,2,0.2,2,86b2,a6b6,True,23,correct,2,True,10,22,2.2
bifurc,even_odd,_todd22,2,0.2,4,ecf6,fca6,True,11,wrong_pattern,0,False,10,22,2.2
bifurc,even_odd,_todd22,2,0.2,1,a6f6,a6b6,True,11,correct,2,True,10,22,2.2
bifurc,even_odd,_todd22,2,0.2,4,9ea6,fca6,True,23,wrong_pattern,0,False,10,22,2.2
bifurc,even_odd,_todd22,2,0.2,4,a0f2,fca6,True,53,wrong_pattern,0,False,10,22,2.2
bifurc,even_odd,_todd22,2,0.2,4,33b6,a6b6,True,43,correct,2,True,10,22,2.2
bifurc,even_odd,_todd22,2,0.2,6,9282,a6b6,True,43,correct,2,True,10,22,2.2
bifurc,even_odd,_todd22,2,0.2,4,e2a4,fca6,True,65,wrong_pattern,0,False,10,22,2.2
bifurc,even_odd,_todd22,2,0.2,2,86a6,a6b6,True,23,correct,2,True,10,22,2.2
bifurc,even_odd,_todd22,2,0.2,3,2ef6,a6b6,True,33,correct,2,True,10,22,2.2
bifurc,even_odd,_todd22,2,0.2,2,aebe,a6b6,True,33,correct,2,True,10,22,2.2
bifurc,even_odd,_todd22,2,0.2,4,2ee6,fca6,True,43,wrong_pattern,0,False,10,22,2.2
bifurc,even_odd,_todd22,2,0.2,2,87b6,a6b6,True,23,correct,2,True,10,22,2.2
bifurc,even_odd,_todd22,2,0.2,5,25ba,e6fa,True,33,spurious,-1,False,10,22,2.2
bifurc,even_odd,_todd22,2,0.2,2,86a6,a6b6,True,23,correct,2,True,10,22,2.2
bifurc,even_odd,_todd22,2,0.2,4,bab2,a6b6,True,33,correct,2,True,10,22,2.2
bifurc,even_odd,_todd22,2,0.2,4,a7f5,a6b6,True,33,correct,2,True,10,22,2.2
bifurc,even_odd,_todd22,2,0.2,4,e624,e6fa,True,41,spurious,-1,False,10,22,2.2
bifurc,even_odd,_todd22,2,0.2,4,60b6,fca6,True,43,wrong_pattern,0,False,10,22,2.2
bifurc,even_odd,_todd22,3,0.2,3,dd03,bd07,True,33,correct,3,True,10,22,2.2
bifurc,even_odd,_todd22,3,0.2,3,fd04,bd07,True,33,correct,3,True,10,22,2.2
bifurc,even_odd,_todd22,3,0.2,3,9d45,1905,True,43,spurious,-1,False,10,22,2.2
bifurc,even_odd,_todd22,3,0.2,7,88f,58a4,True,55,spurious,-1,False,10,22,2.2
bifurc,even_odd,_todd22,3,0.2,2,fd0f,fd4b,True,21,spurious,-1,False,10,22,2.2
bifurc,even_odd,_todd22,3,0.2,6,1845,1905,True,21,spurious,-1,False,10,22,2.2
bifurc,even_odd,_todd22,3,0.2,6,8963,fd4b,True,43,spurious,-1,False,10,22,2.2
bifurc,even_odd,_todd22,3,0.2,2,b587,a797,True,53,spurious,-1,False,10,22,2.2
bifurc,even_odd,_todd22,3,0.2,2,ad06,bd07,True,11,correct,3,True,10,22,2.2
bifurc,even_odd,_todd22,3,0.2,3,390f,bd07,True,43,correct,3,True,10,22,2.2
bifurc,even_odd,_todd22,3,0.2,1,bd47,bd07,True,11,correct,3,True,10,22,2.2
bifurc,even_odd,_todd22,3,0.2,3,f517,bd07,True,33,correct,3,True,10,22,2.2
bifurc,even_odd,_todd22,3,0.2,3,ad85,bd07,True,53,correct,3,True,10,22,2.2
bifurc,even_odd,_todd22,3,0.2,5,cd1f,fd4b,True,43,spurious,-1,False,10,22,2.2
bifurc,even_odd,_todd22,3,0.2,2,b503,a75b,True,43,spurious,-1,False,10,22,2.2
bifurc,even_odd,_todd22,3,0.2,3,bc26,fca6,True,23,wrong_pattern,0,False,10,22,2.2
bifurc,even_odd,_todd22,3,0.2,2,a907,bd07,True,11,correct,3,True,10,22,2.2
bifurc,even_odd,_todd22,3,0.2,4,9d55,1905,True,43,spurious,-1,False,10,22,2.2
bifurc,even_odd,_todd22,3,0.2,3,ad86,fca6,True,63,wrong_pattern,0,False,10,22,2.2
bifurc,even_odd,_todd22,3,0.2,3,f547,fd4b,True,65,spurious,-1,False,10,22,2.2
bifurc,even_odd,_todd22,3,0.2,2,b503,a75b,True,43,spurious,-1,False,10,22,2.2
bifurc,even_odd,_todd22,3,0.2,4,bf2d,a797,True,43,spurious,-1,False,10,22,2.2
bifurc,even_odd,_todd22,3,0.2,2,bc05,bd07,True,23,correct,3,True,10,22,2.2
bifurc,even_odd,_todd22,3,0.2,6,fccd,fccf,False,1508,oscillated,-1,False,10,22,2.2
bifurc,even_odd,_todd22,3,0.2,4,e506,a75b,True,53,spurious,-1,False,10,22,2.2
bifurc,even_odd,_todd22,3,0.2,4,9d12,bd07,True,43,correct,3,True,10,22,2.2
bifurc,even_odd,_todd22,3,0.2,2,fd05,bd07,True,23,correct,3,True,10,22,2.2
bifurc,even_odd,_todd22,3,0.2,3,1d17,1905,True,43,spurious,-1,False,10,22,2.2
bifurc,even_odd,_todd22,3,0.2,5,1b47,1b95,True,43,wrong_pattern,1,False,10,22,2.2
bifurc,even_odd,_todd22,3,0.2,3,be87,fca6,True,55,wrong_pattern,0,False,10,22,2.2
bifurc,even_odd,_todd22,3,0.2,5,f113,a75b,True,43,spurious,-1,False,10,22,2.2
bifurc,even_odd,_todd22,3,0.2,5,b34f,a75b,True,11,spurious,-1,False,10,22,2.2
bifurc,even_odd,_todd22,3,0.2,1,b507,bd07,True,23,correct,3,True,10,22,2.2
bifurc,even_odd,_todd22,3,0.2,5,e901,bd07,True,43,correct,3,True,10,22,2.2
bifurc,even_odd,_todd22,3,0.2,2,9d03,bd07,True,23,correct,3,True,10,22,2.2
bifurc,even_odd,_todd22,3,0.2,4,ff45,bd07,True,33,correct,3,True,10,22,2.2
bifurc,even_odd,_todd22,3,0.2,3,b50b,a75b,True,43,spurious,-1,False,10,22,2.2
bifurc,even_odd,_todd22,3,0.2,4,b536,fca6,True,87,wrong_pattern,0,False,10,22,2.2
bifurc,even_odd,_todd22,3,0.2,1,bd17,bd07,True,11,correct,3,True,10,22,2.2
bifurc,even_odd,_todd22,3,0.2,5,3596,a6b6,True,43,wrong_pattern,2,False,10,22,2.2
bifurc,even_odd,_todd22,3,0.2,3,ba07,bf97,True,43,spurious,-1,False,10,22,2.2
bifurc,even_odd,_todd22,3,0.2,4,a847,bd07,True,21,correct,3,True,10,22,2.2
bifurc,even_odd,_todd22,3,0.2,2,b547,a75b,True,43,spurious,-1,False,10,22,2.2
bifurc,even_odd,_todd22,3,0.2,2,9d03,bd07,True,23,correct,3,True,10,22,2.2
bifurc,even_odd,_todd22,3,0.2,2,b107,bd07,True,23,correct,3,True,10,22,2.2
bifurc,even_odd,_todd22,3,0.2,3,bc97,fca6,True,43,wrong_pattern,0,False,10,22,2.2
bifurc,even_odd,_todd22,3,0.2,4,b44f,a75b,True,53,spurious,-1,False,10,22,2.2
bifurc,even_odd,_todd22,3,0.2,6,f7a3,a6b6,True,11,wrong_pattern,2,False,10,22,2.2
bifurc,even_odd,_todd22,3,0.2,3,9587,a797,True,53,spurious,-1,False,10,22,2.2
bifurc,even_odd,_todd22,3,0.2,3,ad67,bd07,True,53,correct,3,True,10,22,2.2
bifurc,even_odd,_todd22,3,0.2,4,be0b,fd4b,True,51,spurious,-1,False,10,22,2.2
bifurc,even_odd,_todd22,3,0.2,4,7c06,bd07,True,53,correct,3,True,10,22,2.2
bifurc,even_odd,_todd22,3,0.2,2,bd15,bd07,True,43,correct,3,True,10,22,2.2
bifurc,even_odd,_todd22,3,0.2,2,a507,bf97,True,53,spurious,-1,False,10,22,2.2
bifurc,even_odd,_todd22,3,0.2,3,b406,bd07,True,53,correct,3,True,10,22,2.2
bifurc,even_odd,_todd22,3,0.2,3,b805,bd07,True,43,correct,3,True,10,22,2.2
bifurc,even_odd,_todd22,3,0.2,4,b047,a75b,True,43,spurious,-1,False,10,22,2.2
bifurc,even_odd,_todd22,3,0.2,5,b91c,bd07,True,43,correct,3,True,10,22,2.2
bifurc,even_odd,_todd22,3,0.2,3,3517,bf97,True,45,spurious,-1,False,10,22,2.2
bifurc,even_odd,_todd22,3,0.2,2,bd57,bd07,True,11,correct,3,True,10,22,2.2
bifurc,even_odd,_todd22,3,0.2,1,bc07,bd07,True,11,correct,3,True,10,22,2.2
bifurc,even_odd,_todd22,3,0.2,4,bd52,bd07,True,21,correct,3,True,10,22,2.2
bifurc,even_odd,_todd22,3,0.2,4,1903,1905,True,23,spurious,-1,False,10,22,2.2
bifurc,even_odd,_todd22,3,0.2,2,bd0e,fd4b,True,51,spurious,-1,False,10,22,2.2
bifurc,even_odd,_todd22,3,0.2,3,b567,a75b,True,43,spurious,-1,False,10,22,2.2
bifurc,even_odd,_todd22,3,0.2,4,1da7,58a4,True,43,spurious,-1,False,10,22,2.2
bifurc,even_odd,_todd22,3,0.2,3,f707,a797,True,85,spurious,-1,False,10,22,2.2
bifurc,even_odd,_todd22,3,0.2,2,b707,a797,True,43,spurious,-1,False,10,22,2.2
bifurc,even_odd,_todd22,3,0.2,5,9de6,fca6,True,33,wrong_pattern,0,False,10,22,2.2
bifurc,even_odd,_todd22,3,0.2,1,3d07,bd07,True,23,correct,3,True,10,22,2.2
bifurc,even_odd,_todd22,3,0.2,7,6c0c,5949,True,43,spurious,-1,False,10,22,2.2
bifurc,even_odd,_todd22,3,0.2,4,e707,a75b,True,33,spurious,-1,False,10,22,2.2
bifurc,even_odd,_todd22,3,0.2,3,3d16,bd07,True,43,correct,3,True,10,22,2.2
bifurc,even_odd,_todd22,3,0.2,3,bd24,fca6,True,55,wrong_pattern,0,False,10,22,2.2
bifurc,even_odd,_todd22,3,0.2,4,3c16,bd07,True,43,correct,3,True,10,22,2.2
bifurc,even_odd,_todd22,3,0.2,3,bdb7,fca6,True,21,wrong_pattern,0,False,10,22,2.2
bifurc,even_odd,_todd22,3,0.2,1,b907,bd07,True,11,correct,3,True,10,22,2.2
bifurc,even_odd,_todd22,3,0.2,0,bd07,bd07,True,0,correct,3,True,10,22,2.2
bifurc,even_odd,_todd22,3,0.2,3,9c05,1905,True,43,spurious,-1,False,10,22,2.2
bifurc,even_odd,_todd22,3,0.2,3,3d8f,bd07,True,33,correct,3,True,10,22,2.2
bifurc,even_odd,_todd22,0,0.4,4,dc34,58a4,True,43,spurious,-1,False,10,22,2.2
bifurc,even_odd,_todd22,0,0.4,6,ca87,fca6,True,55,correct,0,True,10,22,2.2
bifurc,even_odd,_todd22,0,0.4,5,7af6,fca6,True,43,correct,0,True,10,22,2.2
bifurc,even_odd,_todd22,0,0.4,3,fc37,fca6,True,55,correct,0,True,10,22,2.2
bifurc,even_odd,_todd22,0,0.4,4,d4aa,fca6,True,33,correct,0,True,10,22,2.2
bifurc,even_odd,_todd22,0,0.4,6,5d8c,58a4,True,77,spurious,-1,False,10,22,2.2
bifurc,even_odd,_todd22,0,0.4,5,b807,bd07,True,11,wrong_pattern,3,False,10,22,2.2
bifurc,even_odd,_todd22,0,0.4,9,b21f,a75b,True,11,spurious,-1,False,10,22,2.2
bifurc,even_odd,_todd22,0,0.4,5,6d82,fca6,True,43,correct,0,True,10,22,2.2
bifurc,even_odd,_todd22,0,0.4,7,b8cb,fca6,True,77,correct,0,True,10,22,2.2
bifurc,even_odd,_todd22,0,0.4,6,6e64,58a4,True,55,spurious,-1,False,10,22,2.2
bifurc,even_odd,_todd22,0,0.4,5,de8f,fca6,True,33,correct,0,True,10,22,2.2
bifurc,even_odd,_todd22,0,0.4,5,d52e,fd4b,True,65,spurious,-1,False,10,22,2.2
bifurc,even_odd,_todd22,0,0.4,8,6af3,fca6,True,43,correct,0,True,10,22,2.2
bifurc,even_odd,_todd22,0,0.4,6,9ce8,58a4,True,43,spurious,-1,False,10,22,2.2
bifurc,even_odd,_todd22,0,0.4,7,a481,a6b6,True,43,wrong_pattern,2,False,10,22,2.2
bifurc,even_odd,_todd22,0,0.4,7,ccda,fc6a,True,43,spurious,-1,False,10,22,2.2
bifurc,even_odd,_todd22,0,0.4,6,703e,fc2e,False,1508,oscillated,-1,False,10,22,2.2
bifurc,even_odd,_todd22,0,0.4,5,df66,fd66,False,1508,oscillated,-1,False,10,22,2.2
bifurc,even_odd,_todd22,0,0.4,9,4693,2b4,True,43,spurious,-1,False,10,22,2.2
bifurc,even_odd,_todd22,0,0.4,8,1f25,1b95,True,43,wrong_pattern,1,False,10,22,2.2
bifurc,even_odd,_todd22,0,0.4,8,7b2b,fd4b,True,43,spurious,-1,False,10,22,2.2
bifurc,even_odd,_todd22,0,0.4,6,64e3,fca6,True,53,correct,0,True,10,22,2.2
bifurc,even_odd,_todd22,0,0.4,3,bc8e,fca6,True,33,correct,0,True,10,22,2.2
bifurc,even_odd,_todd22,0,0.4,4,f527,bd07,True,33,wrong_pattern,3,False,10,22,2.2
bifurc,even_odd,_todd22,0,0.4,2,fca5,fca6,True,23,correct,0,True,10,22,2.2
bifurc,even_odd,_todd22,0,0.4,5,b984,fca6,True,43,correct,0,True,10,22,2.2
bifurc,even_odd,_todd22,0,0.4,9,c730,359,True,77,spurious,-1,False,10,22,2.2
bifurc,even_odd,_todd22,0,0.4,6,98e5,58a4,True,33,spurious,-1,False,10,22,2.2
bifurc,even_odd,_todd22,0,0.4,8,754c,5949,True,65,spurious,-1,False,10,22,2.2
bifurc,even_odd,_todd22,0,0.4,5,b825,fca6,True,55,correct,0,True,10,22,2.2
bifurc,even_odd,_todd22,0,0.4,7,a1e7,a6b6,True,77,wrong_pattern,2,False,10,22,2.2
bifurc,even_odd,_todd22,0,0.4,7,958a,a75b,True,83,spurious,-1,False,10,22,2.2
bifurc,even_odd,_todd22,0,0.4,9,307c,4068,True,43,spurious,-1,False,10,22,2.2
bifurc,even_odd,_todd22,0,0.4,4,d0a7,fca6,True,43,correct,0,True,10,22,2.2
bifurc,even_odd,_todd22,0,0.4,4,fe2c,fca6,True,55,correct,0,True,10,22,2.2
bifurc,even_odd,_todd22,0,0.4,5,ff16,bd07,True,33,wrong_pattern,3,False,10,22,2.2
bifurc,even_odd,_todd22,0,0.4,7,8ee,58a4,True,43,spurious,-1,False,10,22,2.2
bifurc,even_odd,_todd22,0,0.4,7,6c89,5889,False,1508,oscillated,-1,False,10,22,2.2
bifurc,even_odd,_todd22,0,0.4,8,9a03,bf97,True,43,spurious,-1,False,10,22,2.2
bifurc,even_odd,_todd22,0,0.4,7,a828,fc6a,True,43,spurious,-1,False,10,22,2.2
bifurc,even_odd,_todd22,0,0.4,6,f44c,fd4b,True,33,spurious,-1,False,10,22,2.2
bifurc,even_odd,_todd22,0,0.4,6,5db0,58a4,True,11,spurious,-1,False,10,22,2.2
bifurc,even_odd,_todd22,0,0.4,7,1d94,58a4,True,43,spurious,-1,False,10,22,2.2
bifurc,even_odd,_todd22,0,0.4,6,a587,a797,True,53,spurious,-1,False,10,22,2.2
bifurc,even_odd,_todd22,0,0.4,11,4231,359,True,77,spurious,-1,False,10,22,2.2
bifurc,even_odd,_todd22,0,0.4,5,8cb2,fca6,True,43,correct,0,True,10,22,2.2
bifurc,even_odd,_todd22,0,0.4,6,ef67,bf97,True,85,spurious,-1,False,10,22,2.2
bifurc,even_odd,_todd22,0,0.4,6,bdcf,bd07,True,33,wrong_pattern,3,False,10,22,2.2
bifurc,even_odd,_todd22,0,0.4,5,d4a8,58a4,True,43,spurious,-1,False,10,22,2.2
bifurc,even_odd,_todd22,0,0.4,5,dee5,58a4,True,43,spurious,-1,False,10,22,2.2
bifurc,even_odd,_todd22,0,0.4,6,2d66,fd4b,True,45,spurious,-1,False,10,22,2.2
bifurc,even_odd,_todd22,0,0.4,7,3d88,58a4,True,77,spurious,-1,False,10,22,2.2
bifurc,even_odd,_todd22,0,0.4,9,4f12,1b95,True,85,wrong_pattern,1,False,10,22,2.2
bifurc,even_odd,_todd22,0,0.4,5,fb22,fd22,False,1508,oscillated,-1,False,10,22,2.2
bifurc,even_odd,_todd22,0,0.4,7,f1d7,bf97,True,45,spurious,-1,False,10,22,2.2
bifurc,even_odd,_todd22,0,0.4,6,de2b,fd4b,True,43,spurious,-1,False,10,22,2.2
bifurc,even_odd,_todd22,0,0.4,5,78c7,fca6,True,43,correct,0,True,10,22,2.2
bifurc,even_odd,_todd22,0,0.4,7,6aa8,58a4,True,33,spurious,-1,False,10,22,2.2
bifurc,even_odd,_todd22,0,0.4,7,72ab,a6b6,True,107,wrong_pattern,2,False,10,22,2.2
bifurc,even_odd,_todd22,0,0.4,6,d28e,a6b6,True,77,wrong_pattern,2,False,10,22,2.2
bifurc,even_odd,_todd22,0,0.4,5,9c34,58a4,True,43,spurious,-1,False,10,22,2.2
bifurc,even_odd,_todd22,0,0.4,9,e05c,a75b,True,43,spurious,-1,False,10,22,2.2
bifurc,even_odd,_todd22,0,0.4,7,d542,fd4b,True,33,spurious,-1,False,10,22,2.2
bifurc,even_odd,_todd22,0,0.4,6,5dea,5868,True,43,spurious,-1,False,10,22,2.2
bifurc,even_odd,_todd22,0,0.4,7,f2cc,e6fa,True,85,spurious,-1,False,10,22,2.2
bifurc,even_odd,_todd22,0,0.4,8,80f4,58a4,True,43,spurious,-1,False,10,22,2.2
bifurc,even_odd,_todd22,0,0.4,8,95c5,395,True,75,spurious,-1,False,10,22,2.2
bifurc,even_odd,_todd22,0,0.4,7,b3b7,a6b6,True,11,wrong_pattern,2,False,10,22,2.2
bifurc,even_odd,_todd22,0,0.4,5,d726,a6b6,True,85,wrong_pattern,2,False,10,22,2.2
bifurc,even_odd,_todd22,0,0.4,8,d7f0,2b4,True,43,spurious,-1,False,10,22,2.2
bifurc,even_odd,_todd22,0,0.4,11,3079,359,True,55,spurious,-1,False,10,22,2.2
bifurc,even_odd,_todd22,0,0.4,6,3fa3,fca6,True,43,correct,0,True,10,22,2.2
bifurc,even_odd,_todd22,0,0.4,9,33ce,e6fa,True,65,spurious,-1,False,10,22,2.2
bifurc,even_odd,_todd22,0,0.4,7,5c4c,5949,True,11,spurious,-1,False,10,22,2.2
bifurc,even_odd,_todd22,0,0.4,4,d1a6,fca6,True,43,correct,0,True,10,22,2.2
bifurc,even_odd,_todd22,0,0.4,6,94ec,4068,True,85,spurious,-1,False,10,22,2.2
bifurc,even_odd,_todd22,0,0.4,6,b59e,a6b6,True,77,wrong_pattern,2,False,10,22,2.2
bifurc,even_odd,_todd22,0,0.4,8,799d,1905,True,33,spurious,-1,False,10,22,2.2
bifurc,even_odd,_todd22,0,0.4,6,6ce8,5868,True,43,spurious,-1,False,10,22,2.2
bifurc,even_odd,_todd22,1,0.4,9,b152,a75b,True,33,spurious,-1,False,10,22,2.2
bifurc,even_odd,_todd22,1,0.4,7,4b4f,359,True,43,spurious,-1,False,10,22,2.2
bifurc,even_odd,_todd22,1,0.4,7,83fc,42f8,True,51,spurious,-1,False,10,22,2.2
bifurc,even_odd,_todd22,1,0.4,9,fef9,e46a,True,53,spurious,-1,False,10,22,2.2
bifurc,even_odd,_todd22,1,0.4,7,adb4,fca6,True,43,wrong_pattern,0,False,10,22,2.2
bifurc,even_odd,_todd22,1,0.4,5,3980,58a4,True,43,spurious,-1,False,10,22,2.2
bifurc,even_odd,_todd22,1,0.4,7,29e4,58a4,True,33,spurious,-1,False,10,22,2.2
bifurc,even_odd,_todd22,1,0.4,7,ddcd,1905,True,43,spurious,-1,False,10,22,2.2
bifurc,even_odd,_todd22,1,0.4,7,8854,1905,True,43,spurious,-1,False,10,22,2.2
bifurc,even_odd,_todd22,1,0.4,7,3d00,1905,True,43,spurious,-1,False,10,22,2.2
bifurc,even_odd,_todd22,1,0.4,7,5d4d,5949,True,11,spurious,-1,False,10,22,2.2
bifurc,even_odd,_todd22,1,0.4,5,9389,359,True,55,spurious,-1,False,10,22,2.2
bifurc,even_odd,_todd22,1,0.4,8,36bb,e6fa,True,33,spurious,-1,False,10,22,2.2
bifurc,even_odd,_todd22,1,0.4,10,22fa,e6fa,True,43,spurious,-1,False,10,22,2.2
bifurc,even_odd,_todd22,1,0.4,5,1c1d,1905,True,43,spurious,-1,False,10,22,2.2
bifurc,even_odd,_todd22,1,0.4,10,f51e,a75b,True,43,spurious,-1,False,10,22,2.2
bifurc,even_odd,_todd22,1,0.4,9,2d20,5949,True,55,spurious,-1,False,10,22,2.2
bifurc,even_odd,_todd22,1,0.4,5,d19d,395,True,45,spurious,-1,False,10,22,2.2
bifurc,even_odd,_todd22,1,0.4,4,5db5,58a4,True,21,spurious,-1,False,10,22,2.2
bifurc,even_odd,_todd22,1,0.4,9,8677,a677,False,1508,oscillated,-1,False,10,22,2.2
bifurc,even_odd,_todd22,1,0.4,5,5814,1905,True,11,spurious,-1,False,10,22,2.2
bifurc,even_odd,_todd22,1,0.4,6,1cd6,58a4,True,43,spurious,-1,False,10,22,2.2
bifurc,even_odd,_todd22,1,0.4,5,d2d5,2b4,True,43,spurious,-1,False,10,22,2.2
bifurc,even_odd,_todd22,1,0.4,5,18df,58a4,True,77,spurious,-1,False,10,22,2.2
bifurc,even_odd,_todd22,1,0.4,9,356d,359,True,85,spurious,-1,False,10,22,2.2
bifurc,even_odd,_todd22,1,0.4,7,528b,42f8,True,75,spurious,-1,False,10,22,2.2
bifurc,even_odd,_todd22,1,0.4,8,d979,5949,True,23,spurious,-1,False,10,22,2.2
bifurc,even_odd,_todd22,1,0.4,6,5d57,1905,True,43,spurious,-1,False,10,22,2.2
bifurc,even_odd,_todd22,1,0.4,4,3b13,a797,True,65,spurious,-1,False,10,22,2.2
bifurc,even_odd,_todd22,1,0.4,5,5591,1b95,True,45,correct,1,True,10,22,2.2
bifurc,even_odd,_todd22,1,0.4,9,a821,fd4b,True,55,spurious,-1,False,10,22,2.2
bifurc,even_odd,_todd22,1,0.4,5,b381,a797,True,43,spurious,-1,False,10,22,2.2
bifurc,even_odd,_todd22,1,0.4,2,b97,1b95,True,43,correct,1,True,10,22,2.2
bifurc,even_odd,_todd22,1,0.4,6,5b3b,359,True,75,spurious,-1,False,10,22,2.2
bifurc,even_odd,_todd22,1,0.4,5,3bd2,a6b6,True,65,wrong_pattern,2,False,10,22,2.2
bifurc,even_odd,_todd22,1,0.4,6,72c5,2b4,True,43,spurious,-1,False,10,22,2.2
bifurc,even_odd,_todd22,1,0.4,10,ee2d,a75b,True,55,spurious,-1,False,10,22,2.2
bifurc,even_odd,_todd22,1,0.4,9,eeb,42f8,True,43,spurious,-1,False,10,22,2.2
bifurc,even_odd,_todd22,1,0.4,4,da15,1905,True,33,spurious,-1,False,10,22,2.2
bifurc,even_odd,_todd22,1,0.4,2,1b05,1b95,True,43,correct,1,True,10,22,2.2
bifurc,even_odd,_todd22,1,0.4,10,b406,bd07,True,53,wrong_pattern,3,False,10,22,2.2
bifurc,even_odd,_todd22,1,0.4,6,bd84,fca6,True,43,wrong_pattern,0,False,10,22,2.2
bifurc,even_odd,_todd22,1,0.4,7,3a3b,a75b,True,75,spurious,-1,False,10,22,2.2
bifurc,even_odd,_todd22,1,0.4,6,39fc,58a4,True,33,spurious,-1,False,10,22,2.2
bifurc,even_odd,_todd22,1,0.4,7,853,5949,True,75,spurious,-1,False,10,22,2.2
bifurc,even_odd,_todd22,1,0.4,6,d714,395,True,43,spurious,-1,False,10,22,2.2
bifurc,even_odd,_todd22,1,0.4,7,7eb6,fca6,True,23,wrong_pattern,0,False,10,22,2.2
bifurc,even_odd,_todd22,1,0.4,7,22b0,2b4,True,23,spurious,-1,False,10,22,2.2
bifurc,even_odd,_todd22,1,0.4,5,5307,395,True,85,spurious,-1,False,10,22,2.2
bifurc,even_odd,_todd22,1,0.4,6,bdbd,fca6,True,43,wrong_pattern,0,False,10,22,2.2
bifurc,even_odd,_todd22,1,0.4,6,a955,fd4b,True,107,spurious,-1,False,10,22,2.2
bifurc,even_odd,_todd22,1,0.4,7,55bc,58a4,True,33,spurious,-1,False,10,22,2.2
bifurc,even_odd,_todd22,1,0.4,6,5751,359,True,43,spurious,-1,False,10,22,2.2
bifurc,even_odd,_todd22,1,0.4,8,784d,5949,True,23,spurious,-1,False,10,22,2.2
bifurc,even_odd,_todd22,1,0.4,6,fd2,2b4,True,65,spurious,-1,False,10,22,2.2
bifurc,even_odd,_todd22,1,0.4,4,939c,2b4,True,33,spurious,-1,False,10,22,2.2
bifurc,even_odd,_todd22,1,0.4,4,99b7,fca6,True,43,wrong_pattern,0,False,10,22,2.2
bifurc,even_odd,_todd22,1,0.4,7,f7bd,a6b6,True,43,wrong_pattern,2,False,10,22,2.2
bifurc,even_odd,_todd22,1,0.4,8,394b,fd4b,True,43,spurious,-1,False,10,22,2.2
bifurc,even_odd,_todd22,1,0.4,6,5fe7,58a4,True,43,spurious,-1,False,10,22,2.2
bifurc,even_odd,_todd22,1,0.4,8,8a2,58a4,True,43,spurious,-1,False,10,22,2.2
bifurc,even_odd,_todd22,1,0.4,7,f9d0,fca6,True,43,wrong_pattern,0,False,10,22,2.2
bifurc,even_odd,_todd22,1,0.4,5,d2b5,2b4,True,43,spurious,-1,False,10,22,2.2
bifurc,even_odd,_todd22,1,0.4,4,381,395,True,11,spurious,-1,False,10,22,2.2
bifurc,even_odd,_todd22,1,0.4,4,b195,a797,True,75,spurious,-1,False,10,22,2.2
bifurc,even_odd,_todd22,1,0.4,8,c5f,5949,True,43,spurious,-1,False,10,22,2.2
bifurc,even_odd,_todd22,1,0.4,5,211,359,True,43,spurious,-1,False,10,22,2.2
bifurc,even_odd,_todd22,1,0.4,11,6c40,5949,True,43,spurious,-1,False,10,22,2.2
bifurc,even_odd,_todd22,1,0.4,5,ac1,58a4,True,75,spurious,-1,False,10,22,2.2
bifurc,even_odd,_todd22,1,0.4,4,3a11,395,True,33,spurious,-1,False,10,22,2.2
bifurc,even_odd,_todd22,1,0.4,4,8b55,359,True,33,spurious,-1,False,10,22,2.2
bifurc,even_odd,_todd22,1,0.4,5,7f17,bd07,True,33,wrong_pattern,3,False,10,22,2.2
bifurc,even_odd,_todd22,1,0.4,9,69f2,fca6,True,43,wrong_pattern,0,False,10,22,2.2
bifurc,even_odd,_todd22,1,0.4,6,9fed,58a4,True,43,spurious,-1,False,10,22,2.2
bifurc,even_odd,_todd22,1,0.4,4,4b11,1b95,True,85,correct,1,True,10,22,2.2
bifurc,even_odd,_todd22,1,0.4,7,e31d,a75b,True,43,spurious,-1,False,10,22,2.2
bifurc,even_odd,_todd22,1,0.4,7,a916,bd07,True,11,wrong_pattern,3,False,10,22,2.2
bifurc,even_odd,_todd22,1,0.4,6,1865,1905,True,55,spurious,-1,False,10,22,2.2
bifurc,even_odd,_todd22,1,0.4,6,29b0,58a4,True,43,spurious,-1,False,10,22,2.2
bifurc,even_odd,_todd22,1,0.4,6,5c05,1905,True,11,spurious,-1,False,10,22,2.2
bifurc,even_odd,_todd22,2,0.4,5,b3b3,a6b6,True,11,correct,2,True,10,22,2.2
bifurc,even_odd,_todd22,2,0.4,5,eab0,fca6,True,43,wrong_pattern,0,False,10,22,2.2
bifurc,even_odd,_todd22,2,0.4,7,bcfb,fca6,True,33,wrong_pattern,0,False,10,22,2.2
bifurc,even_odd,_todd22,2,0.4,6,6cbc,58a4,True,43,spurious,-1,False,10,22,2.2
bifurc,even_odd,_todd22,2,0.4,6,23ff,a6b6,True,75,correct,2,True,10,22,2.2
bifurc,even_odd,_todd22,2,0.4,9,459d,359,True,33,spurious,-1,False,10,22,2.2
bifurc,even_odd,_todd22,2,0.4,9,8a51,359,True,23,spurious,-1,False,10,22,2.2
bifurc,even_odd,_todd22,2,0.4,5,ae8a,fca6,True,43,wrong_pattern,0,False,10,22,2.2
bifurc,even_odd,_todd22,2,0.4,5,b7e4,a6b6,True,43,correct,2,True,10,22,2.2
bifurc,even_odd,_todd22,2,0.4,3,86b3,a6b6,True,23,correct,2,True,10,22,2.2
bifurc,even_odd,_todd22,2,0.4,7,af,42f8,True,65,spurious,-1,False,10,22,2.2
bifurc,even_odd,_todd22,2,0.4,9,f289,e6fa,True,75,spurious,-1,False,10,22,2.2
bifurc,even_odd,_todd22,2,0.4,7,b3ad,a6b6,True,43,correct,2,True,10,22,2.2
bifurc,even_odd,_todd22,2,0.4,7,f2d5,a6b6,True,43,correct,2,True,10,22,2.2
bifurc,even_odd,_todd22,2,0.4,8,e1d3,a75b,True,33,spurious,-1,False,10,22,2.2
bifurc,even_odd,_todd22,2,0.4,4,e2a4,fca6,True,65,wrong_pattern,0,False,10,22,2.2
bifurc,even_odd,_todd22,2,0.4,7,57a7,2b4,True,85,spurious,-1,False,10,22,2.2
bifurc,even_odd,_todd22,2,0.4,7,7836,fca6,True,43,wrong_pattern,0,False,10,22,2.2
bifurc,even_odd,_todd22,2,0.4,7,8b8e,a6b6,True,43,correct,2,True,10,22,2.2
bifurc,even_odd,_todd22,2,0.4,5,a074,e6fa,True,65,spurious,-1,False,10,22,2.2
bifurc,even_odd,_todd22,2,0.4,4,e617,a75b,True,33,spurious,-1,False,10,22,2.2
bifurc,even_odd,_todd22,2,0.4,8,1e73,2b4,True,63,spurious,-1,False,10,22,2.2
bifurc,even_odd,_todd22,2,0.4,8,e183,bf87,False,1508,oscillated,-1,False,10,22,2.2
bifurc,even_odd,_todd22,2,0.4,3,7b6,2b4,True,43,spurious,-1,False,10,22,2.2
bifurc,even_odd,_todd22,2,0.4,6,c136,fd4b,True,43,spurious,-1,False,10,22,2.2
bifurc,even_odd,_todd22,2,0.4,4,c6d6,a6b6,True,33,correct,2,True,10,22,2.2
bifurc,even_odd,_todd22,2,0.4,2,26a6,a6b6,True,23,correct,2,True,10,22,2.2
bifurc,even_odd,_todd22,2,0.4,11,d100,5949,True,65,spurious,-1,False,10,22,2.2
bifurc,even_odd,_todd22,2,0.4,8,d4ea,e46a,True,43,spurious,-1,False,10,22,2.2
bifurc,even_odd,_todd22,2,0.4,6,680,2b4,True,23,spurious,-1,False,10,22,2.2
bifurc,even_odd,_todd22,2,0.4,7,4a1,58a4,True,43,spurious,-1,False,10,22,2.2
bifurc,even_odd,_todd22,2,0.4,5,af17,bf97,True,43,spurious,-1,False,10,22,2.2
bifurc,even_odd,_todd22,2,0.4,2,a6f7,a6b6,True,11,correct,2,True,10,22,2.2
bifurc,even_odd,_todd22,2,0.4,6,9214,2b4,True,75,spurious,-1,False,10,22,2.2
bifurc,even_odd,_todd22,2,0.4,6,e783,a797,True,21,spurious,-1,False,10,22,2.2
bifurc,even_odd,_todd22,2,0.4,10,1b7f,359,True,33,spurious,-1,False,10,22,2.2
bifurc,even_odd,_todd22,2,0.4,6,bf22,fca6,True,65,wrong_pattern,0,False,10,22,2.2
bifurc,even_odd,_todd22,2,0.4,5,769e,a6b6,True,43,correct,2,True,10,22,2.2
bifurc,even_odd,_todd22,2,0.4,12,5c89,5889,False,1508,oscillated,-1,False,10,22,2.2
bifurc,even_odd,_todd22,2,0.4,8,29c6,fca6,True,63,wrong_pattern,0,False,10,22,2.2
bifurc,even_odd,_todd22,2,0.4,7,4c16,1905,True,85,spurious,-1,False,10,22,2.2
bifurc,even_odd,_todd22,2,0.4,4,a2bd,a6b6,True,43,correct,2,True,10,22,2.2
bifurc,even_odd,_todd22,2,0.4,8,83db,a75b,True,43,spurious,-1,False,10,22,2.2
bifurc,even_odd,_todd22,2,0.4,3,a734,a6b6,True,55,correct,2,True,10,22,2.2
bifurc,even_odd,_todd22,2,0.4,9,897c,5949,True,43,spurious,-1,False,10,22,2.2
bifurc,even_odd,_todd22,2,0.4,9,4ff8,42f8,True,23,spurious,-1,False,10,22,2.2
bifurc,even_odd,_todd22,2,0.4,8,9156,a75b,True,43,spurious,-1,False,10,22,2.2
bifurc,even_odd,_todd22,2,0.4,4,a79c,a6b6,True,33,correct,2,True,10,22,2.2
bifurc,even_odd,_todd22,2,0.4,7,4ed2,58a4,True,43,spurious,-1,False,10,22,2.2
bifurc,even_odd,_todd22,2,0.4,2,b4b6,fca6,True,43,wrong_pattern,0,False,10,22,2.2
bifurc,even_odd,_todd22,2,0.4,7,a305,a797,True,43,spurious,-1,False,10,22,2.2
bifurc,even_odd,_todd22,2,0.4,5,a642,a75b,True,33,spurious,-1,False,10,22,2.2
bifurc,even_odd,_todd22,2,0.4,5,a517,a797,True,45,spurious,-1,False,10,22,2.2
bifurc,even_odd,_todd22,2,0.4,7,34ab,e46a,True,85,spurious,-1,False,10,22,2.2
bifurc,even_odd,_todd22,2,0.4,6,8093,a6b6,True,43,correct,2,True,10,22,2.2
bifurc,even_odd,_todd22,2,0.4,7,31bc,2b4,True,77,spurious,-1,False,10,22,2.2
bifurc,even_odd,_todd22,2,0.4,7,60b1,2b4,True,51,spurious,-1,False,10,22,2.2
bifurc,even_odd,_todd22,2,0.4,10,5b3c,359,True,97,spurious,-1,False,10,22,2.2
bifurc,even_odd,_todd22,2,0.4,5,656,359,True,43,spurious,-1,False,10,22,2.2
bifurc,even_odd,_todd22,2,0.4,5,f36,58a4,True,117,spurious,-1,False,10,22,2.2
bifurc,even_odd,_todd22,2,0.4,4,e297,a6b6,True,33,correct,2,True,10,22,2.2
bifurc,even_odd,_todd22,2,0.4,6,ac1a,fd4b,True,11,spurious,-1,False,10,22,2.2
bifurc,even_odd,_todd22,2,0.4,3,97b6,a6b6,True,43,correct,2,True,10,22,2.2
bifurc,even_odd,_todd22,2,0.4,3,a624,a6b6,True,23,correct,2,True,10,22,2.2
bifurc,even_odd,_todd22,2,0.4,6,fc86,fca6,True,23,wrong_pattern,0,False,10,22,2.2
bifurc,even_odd,_todd22,2,0.4,7,ff5,2b4,True,33,spurious,-1,False,10,22,2.2
bifurc,even_odd,_todd22,2,0.4,4,2286,a6b6,True,43,correct,2,True,10,22,2.2
bifurc,even_odd,_todd22,2,0.4,5,b2d2,a6b6,True,33,correct,2,True,10,22,2.2
bifurc,even_odd,_todd22,2,0.4,7,28aa,fca6,True,43,wrong_pattern,0,False,10,22,2.2
bifurc,even_odd,_todd22,2,0.4,6,f4fa,e46a,True,43,spurious,-1,False,10,22,2.2
bifurc,even_odd,_todd22,2,0.4,7,a08d,a6b6,True,77,correct,2,True,10,22,2.2
bifurc,even_odd,_todd22,2,0.4,7,ebd7,bf97,True,11,spurious,-1,False,10,22,2.2
bifurc,even_odd,_todd22,2,0.4,7,9c3a,fca6,True,55,wrong_pattern,0,False,10,22,2.2
bifurc,even_odd,_todd22,2,0.4,4,64b7,fca6,True,45,wrong_pattern,0,False,10,22,2.2
bifurc,even_odd,_todd22,2,0.4,7,31f7,a6b6,True,77,correct,2,True,10,22,2.2
bifurc,even_odd,_todd22,2,0.4,7,76ef,a6b6,True,107,correct,2,True,10,22,2.2
bifurc,even_odd,_todd22,2,0.4,7,5f96,58a4,True,55,spurious,-1,False,10,22,2.2
bifurc,even_odd,_todd22,2,0.4,5,f5be,fca6,True,33,wrong_pattern,0,False,10,22,2.2
bifurc,even_odd,_todd22,2,0.4,7,3027,fca6,True,55,wrong_pattern,0,False,10,22,2.2
bifurc,even_odd,_todd22,2,0.4,8,4a27,58a4,True,65,spurious,-1,False,10,22,2.2
bifurc,even_odd,_todd22,3,0.4,7,f75e,a75b,True,21,spurious,-1,False,10,22,2.2
bifurc,even_odd,_todd22,3,0.4,5,f137,bd07,True,33,correct,3,True,10,22,2.2
bifurc,even_odd,_todd22,3,0.4,4,b183,a797,True,45,spurious,-1,False,10,22,2.2
bifurc,even_odd,_todd22,3,0.4,7,31e3,fca6,True,43,wrong_pattern,0,False,10,22,2.2
bifurc,even_odd,_todd22,3,0.4,6,39c4,58a4,True,43,spurious,-1,False,10,22,2.2
bifurc,even_odd,_todd22,3,0.4,5,8d63,fd4b,True,43,spurious,-1,False,10,22,2.2
bifurc,even_odd,_todd22,3,0.4,7,89ce,fd4b,True,77,spurious,-1,False,10,22,2.2
bifurc,even_odd,_todd22,3,0.4,6,9a46,fca6,True,65,wrong_pattern,0,False,10,22,2.2
bifurc,even_odd,_todd22,3,0.4,7,88b7,fca6,True,43,wrong_pattern,0,False,10,22,2.2
bifurc,even_odd,_todd22,3,0.4,7,344c,359,True,73,spurious,-1,False,10,22,2.2
bifurc,even_odd,_todd22,3,0.4,6,9026,fca6,True,43,wrong_pattern,0,False,10,22,2.2
bifurc,even_odd,_todd22,3,0.4,7,7853,fd4b,True,43,spurious,-1,False,10,22,2.2
bifurc,even_odd,_todd22,3,0.4,8,c9cd,1905,True,43,spurious,-1,False,10,22,2.2
bifurc,even_odd,_todd22,3,0.4,7,7d48,5949,True,43,spurious,-1,False,10,22,2.2
bifurc,even_odd,_todd22,3,0.4,10,fbc,2b4,True,33,spurious,-1,False,10,22,2.2
bifurc,even_odd,_todd22,3,0.4,5,b133,a75b,True,33,spurious,-1,False,10,22,2.2
bifurc,even_odd,_todd22,3,0.4,7,b7e1,a6b6,True,43,wrong_pattern,2,False,10,22,2.2
bifurc,even_odd,_todd22,3,0.4,5,f785,bf97,True,33,spurious,-1,False,10,22,2.2
bifurc,even_odd,_todd22,3,0.4,5,9b86,fca6,True,55,wrong_pattern,0,False,10,22,2.2
bifurc,even_odd,_todd22,3,0.4,6,ac9d,fca6,True,87,wrong_pattern,0,False,10,22,2.2
bifurc,even_odd,_todd22,3,0.4,5,dd2b,fd4b,True,23,spurious,-1,False,10,22,2.2
bifurc,even_odd,_todd22,3,0.4,7,a014,a6b6,True,87,wrong_pattern,2,False,10,22,2.2
bifurc,even_odd,_todd22,3,0.4,8,80cf,a75b,True,55,spurious,-1,False,10,22,2.2
bifurc,even_odd,_todd22,3,0.4,9,1dfc,58a4,True,33,spurious,-1,False,10,22,2.2
bifurc,even_odd,_todd22,3,0.4,6,fd69,fd4b,True,23,spurious,-1,False,10,22,2.2
bifurc,even_odd,_todd22,3,0.4,8,e96c,fd4b,True,43,spurious,-1,False,10,22,2.2
bifurc,even_odd,_todd22,3,0.4,9,29e9,5868,True,43,spurious,-1,False,10,22,2.2
bifurc,even_odd,_todd22,3,0.4,6,945,1905,True,21,spurious,-1,False,10,22,2.2
bifurc,even_odd,_todd22,3,0.4,2,bd15,bd07,True,43,correct,3,True,10,22,2.2
bifurc,even_odd,_todd22,3,0.4,7,f1a1,fca6,True,43,wrong_pattern,0,False,10,22,2.2
bifurc,even_odd,_todd22,3,0.4,4,7c17,bd07,True,33,correct,3,True,10,22,2.2
bifurc,even_odd,_todd22,3,0.4,10,c6e6,e6fa,True,55,spurious,-1,False,10,22,2.2
bifurc,even_odd,_todd22,3,0.4,6,f8af,fca6,True,23,wrong_pattern,0,False,10,22,2.2
bifurc,even_odd,_todd22,3,0.4,5,7597,bf97,True,23,spurious,-1,False,10,22,2.2
bifurc,even_odd,_todd22,3,0.4,5,d127,bd07,True,43,correct,3,True,10,22,2.2
bifurc,even_odd,_todd22,3,0.4,7,551d,359,True,43,spurious,-1,False,10,22,2.2
bifurc,even_odd,_todd22,3,0.4,8,35fb,a75b,True,97,spurious,-1,False,10,22,2.2
bifurc,even_odd,_todd22,3,0.4,7,d08,5949,True,11,spurious,-1,False,10,22,2.2
bifurc,even_odd,_todd22,3,0.4,7,71e7,fca6,True,43,wrong_pattern,0,False,10,22,2.2
bifurc,even_odd,_todd22,3,0.4,4,bea7,fca6,True,23,wrong_pattern,0,False,10,22,2.2
bifurc,even_odd,_todd22,3,0.4,7,5723,359,True,55,spurious,-1,False,10,22,2.2
bifurc,even_odd,_todd22,3,0.4,8,c52,5949,True,43,spurious,-1,False,10,22,2.2
bifurc,even_odd,_todd22,3,0.4,7,957d,359,True,43,spurious,-1,False,10,22,2.2
bifurc,even_odd,_todd22,3,0.4,8,196c,5949,True,33,spurious,-1,False,10,22,2.2
bifurc,even_odd,_todd22,3,0.4,10,e374,a75b,True,77,spurious,-1,False,10,22,2.2
bifurc,even_odd,_todd22,3,0.4,5,e90e,fd4b,True,21,spurious,-1,False,10,22,2.2
bifurc,even_odd,_todd22,3,0.4,3,a50f,a75b,True,33,spurious,-1,False,10,22,2.2
bifurc,even_odd,_todd22,3,0.4,7,e896,fca6,True,33,wrong_pattern,0,False,10,22,2.2
bifurc,even_odd,_todd22,3,0.4,8,5f61,5949,True,23,spurious,-1,False,10,22,2.2
bifurc,even_odd,_todd22,3,0.4,7,90e7,fca6,True,43,wrong_pattern,0,False,10,22,2.2
bifurc,even_odd,_todd22,3,0.4,4,a705,a797,True,33,spurious,-1,False,10,22,2.2
bifurc,even_odd,_todd22,3,0.4,4,b577,a75b,True,33,spurious,-1,False,10,22,2.2
bifurc,even_odd,_todd22,3,0.4,9,5044,5949,True,43,spurious,-1,False,10,22,2.2
bifurc,even_odd,_todd22,3,0.4,6,d816,bd07,True,85,correct,3,True,10,22,2.2
bifurc,even_odd,_todd22,3,0.4,7,aea1,fca6,True,43,wrong_pattern,0,False,10,22,2.2
bifurc,even_odd,_todd22,3,0.4,10,4129,5949,True,33,spurious,-1,False,10,22,2.2
bifurc,even_odd,_todd22,3,0.4,5,8cc7,fca6,True,63,wrong_pattern,0,False,10,22,2.2
bifurc,even_odd,_todd22,3,0.4,6,852b,a75b,True,23,spurious,-1,False,10,22,2.2
bifurc,even_odd,_todd22,3,0.4,11,4e9,42f8,True,33,spurious,-1,False,10,22,2.2
bifurc,even_odd,_todd22,3,0.4,6,ec0c,fd4b,True,43,spurious,-1,False,10,22,2.2
bifurc,even_odd,_todd22,3,0.4,9,542a,5868,True,65,spurious,-1,False,10,22,2.2
bifurc,even_odd,_todd22,3,0.4,5,bcbf,fca6,True,33,wrong_pattern,0,False,10,22,2.2
bifurc,even_odd,_todd22,3,0.4,9,c1e3,fca6,True,85,wrong_pattern,0,False,10,22,2.2
bifurc,even_odd,_todd22,3,0.4,4,af46,a75b,True,55,spurious,-1,False,10,22,2.2
bifurc,even_odd,_todd22,3,0.4,6,a742,a75b,True,23,spurious,-1,False,10,22,2.2
bifurc,even_odd,_todd22,3,0.4,6,38c5,58a4,True,43,spurious,-1,False,10,22,2.2
bifurc,even_odd,_todd22,3,0.4,9,8362,a75b,True,55,spurious,-1,False,10,22,2.2
bifurc,even_odd,_todd22,3,0.4,4,ed23,bd07,True,41,correct,3,True,10,22,2.2
bifurc,even_odd,_todd22,3,0.4,5,d986,fca6,True,43,wrong_pattern,0,False,10,22,2.2
bifurc,even_odd,_todd22,3,0.4,7,fcde,fca6,True,45,wrong_pattern,0,False,10,22,2.2
bifurc,even_odd,_todd22,3,0.4,7,b3b5,a6b6,True,43,wrong_pattern,2,False,10,22,2.2
bifurc,even_odd,_todd22,3,0.4,5,b934,fca6,True,65,wrong_pattern,0,False,10,22,2.2
bifurc,even_odd,_todd22,3,0.4,5,1583,395,True,75,spurious,-1,False,10,22,2.2
bifurc,even_odd,_todd22,3,0.4,4,ac2f,fd4b,True,33,spurious,-1,False,10,22,2.2
bifurc,even_odd,_todd22,3,0.4,6,dfa5,58a4,True,43,spurious,-1,False,10,22,2.2
bifurc,even_odd,_todd22,3,0.4,6,2f1e,a75b,True,43,spurious,-1,False,10,22,2.2
bifurc,even_odd,_todd22,3,0.4,7,d441,5949,True,43,spurious,-1,False,10,22,2.2
bifurc,even_odd,_todd22,3,0.4,8,a430,e6fa,True,33,spurious,-1,False,10,22,2.2
bifurc,even_odd,_todd22,3,0.4,3,9903,bd07,True,43,correct,3,True,10,22,2.2
bifurc,even_odd,_todd22,3,0.4,7,14af,4068,True,85,spurious,-1,False,10,22,2.2
bifurc,even_odd,_todd23,2,0.375,6,1776,231,False,1572,oscillated,-1,False,10,23,2.3
bifurc,even_odd,_todd23,1,0.375,6,17de,299,False,1572,oscillated,-1,False,10,23,2.3
bifurc,even_odd,_todd23,2,0.4375,7,24dd,398,False,1572,oscillated,-1,False,10,23,2.3
bifurc,even_odd,_todd23,2,0.375,6,3774,231,False,1572,oscillated,-1,False,10,23,2.3
bifurc,even_odd,_todd23,1,0.375,6,37dc,299,False,1572,oscillated,-1,False,10,23,2.3
bifurc,even_odd,_todd23,0,0.375,6,448e,48e8,False,1572,oscillated,-1,False,10,23,2.3
bifurc,even_odd,_todd23,0,0.375,6,4d66,5821,False,1572,oscillated,-1,False,10,23,2.3
bifurc,even_odd,_todd23,0,0.3125,5,5d22,5865,False,1572,oscillated,-1,False,10,23,2.3
bifurc,even_odd,_todd23,0,0.375,6,5d8a,58cd,False,1572,oscillated,-1,False,10,23,2.3
bifurc,even_odd,_todd23,0,0.375,6,648c,48e8,False,1572,oscillated,-1,False,10,23,2.3
bifurc,even_odd,_todd23,2,0.375,6,69b,3dc,False,1572,oscillated,-1,False,10,23,2.3
bifurc,even_odd,_todd23,1,0.375,6,6bd3,b717,False,1572,oscillated,-1,False,10,23,2.3
bifurc,even_odd,_todd23,0,0.3125,5,7867,fd22,False,1572,oscillated,-1,False,10,23,2.3
bifurc,even_odd,_todd23,0,0.375,6,7b66,fc23,False,1572,oscillated,-1,False,10,23,2.3
bifurc,even_odd,_todd23,0,0.4375,7,7bce,fc8b,False,1572,oscillated,-1,False,10,23,2.3
bifurc,even_odd,_todd23,0,0.3125,5,7d20,5865,False,1572,oscillated,-1,False,10,23,2.3
bifurc,even_odd,_todd23,0,0.375,6,7d88,58cd,False,1572,oscillated,-1,False,10,23,2.3
bifurc,even_odd,_todd23,2,0.4375,7,84dd,398,False,1572,oscillated,-1,False,10,23,2.3
bifurc,even_odd,_todd23,2,0.375,6,8574,231,False,1572,oscillated,-1,False,10,23,2.3
bifurc,even_odd,_todd23,2,0.4375,7,85dc,299,False,1572,oscillated,-1,False,10,23,2.3
bifurc,even_odd,_todd23,1,0.3125,5,8bd3,b717,False,1572,oscillated,-1,False,10,23,2.3
bifurc,even_odd,_todd23,2,0.375,6,a174,a633,False,1572,oscillated,-1,False,10,23,2.3
bifurc,even_odd,_todd23,2,0.375,6,a3dc,a69b,False,1572,oscillated,-1,False,10,23,2.3
bifurc,even_odd,_todd23,0,0.375,6,c1ae,ecea,False,1572,oscillated,-1,False,10,23,2.3
bifurc,even_odd,_todd23,0,0.375,6,c966,fc23,False,1572,oscillated,-1,False,10,23,2.3
bifurc,even_odd,_todd23,0,0.4375,7,c9ce,fc8b,False,1572,oscillated,-1,False,10,23,2.3
bifurc,even_odd,_todd23,0,0.375,6,d8cf,fd8a,False,1572,oscillated,-1,False,10,23,2.3
bifurc,even_odd,_todd23,0,0.4375,7,dacf,fd8a,False,1572,oscillated,-1,False,10,23,2.3
bifurc,even_odd,_todd23,0,0.375,6,e1ac,ecea,False,1572,oscillated,-1,False,10,23,2.3
bifurc,even_odd,_todd23,0,0.375,6,e964,fc23,False,1572,oscillated,-1,False,10,23,2.3
bifurc,even_odd,_todd23,0,0.4375,7,e9cc,fc8b,False,1572,oscillated,-1,False,10,23,2.3
bifurc,even_odd,_todd23,1,0.375,6,fde,299,False,1572,oscillated,-1,False,10,23,2.3
bifurc,even_odd,_todd23,0,0.0,0,fca6,fca6,True,0,correct,0,True,10,23,2.3
bifurc,even_odd,_todd23,0,0.0,0,fca6,fca6,True,0,correct,0,True,10,23,2.3
bifurc,even_odd,_todd23,0,0.0,0,fca6,fca6,True,0,correct,0,True,10,23,2.3
bifurc,even_odd,_todd23,0,0.0,0,fca6,fca6,True,0,correct,0,True,10,23,2.3
bifurc,even_odd,_todd23,0,0.0,0,fca6,fca6,True,0,correct,0,True,10,23,2.3
bifurc,even_odd,_todd23,0,0.0,0,fca6,fca6,True,0,correct,0,True,10,23,2.3
bifurc,even_odd,_todd23,0,0.0,0,fca6,fca6,True,0,correct,0,True,10,23,2.3
bifurc,even_odd,_todd23,0,0.0,0,fca6,fca6,True,0,correct,0,True,10,23,2.3
bifurc,even_odd,_todd23,0,0.0,0,fca6,fca6,True,0,correct,0,True,10,23,2.3
bifurc,even_odd,_todd23,0,0.0,0,fca6,fca6,True,0,correct,0,True,10,23,2.3
bifurc,even_odd,_todd23,0,0.0,0,fca6,fca6,True,0,correct,0,True,10,23,2.3
bifurc,even_odd,_todd23,0,0.0,0,fca6,fca6,True,0,correct,0,True,10,23,2.3
bifurc,even_odd,_todd23,0,0.0,0,fca6,fca6,True,0,correct,0,True,10,23,2.3
bifurc,even_odd,_todd23,0,0.0,0,fca6,fca6,True,0,correct,0,True,10,23,2.3
bifurc,even_odd,_todd23,0,0.0,0,fca6,fca6,True,0,correct,0,True,10,23,2.3
bifurc,even_odd,_todd23,0,0.0,0,fca6,fca6,True,0,correct,0,True,10,23,2.3
bifurc,even_odd,_todd23,0,0.0,0,fca6,fca6,True,0,correct,0,True,10,23,2.3
bifurc,even_odd,_todd23,0,0.0,0,fca6,fca6,True,0,correct,0,True,10,23,2.3
bifurc,even_odd,_todd23,0,0.0,0,fca6,fca6,True,0,correct,0,True,10,23,2.3
bifurc,even_odd,_todd23,0,0.0,0,fca6,fca6,True,0,correct,0,True,10,23,2.3
bifurc,even_odd,_todd23,0,0.0,0,fca6,fca6,True,0,correct,0,True,10,23,2.3
bifurc,even_odd,_todd23,0,0.0,0,fca6,fca6,True,0,correct,0,True,10,23,2.3
bifurc,even_odd,_todd23,0,0.0,0,fca6,fca6,True,0,correct,0,True,10,23,2.3
bifurc,even_odd,_todd23,0,0.0,0,fca6,fca6,True,0,correct,0,True,10,23,2.3
bifurc,even_odd,_todd23,0,0.0,0,fca6,fca6,True,0,correct,0,True,10,23,2.3
bifurc,even_odd,_todd23,0,0.0,0,fca6,fca6,True,0,correct,0,True,10,23,2.3
bifurc,even_odd,_todd23,0,0.0,0,fca6,fca6,True,0,correct,0,True,10,23,2.3
bifurc,even_odd,_todd23,0,0.0,0,fca6,fca6,True,0,correct,0,True,10,23,2.3
bifurc,even_odd,_todd23,0,0.0,0,fca6,fca6,True,0,correct,0,True,10,23,2.3
bifurc,even_odd,_todd23,0,0.0,0,fca6,fca6,True,0,correct,0,True,10,23,2.3
bifurc,even_odd,_todd23,0,0.0,0,fca6,fca6,True,0,correct,0,True,10,23,2.3
bifurc,even_odd,_todd23,0,0.0,0,fca6,fca6,True,0,correct,0,True,10,23,2.3
bifurc,even_odd,_todd23,0,0.0,0,fca6,fca6,True,0,correct,0,True,10,23,2.3
bifurc,even_odd,_todd23,0,0.0,0,fca6,fca6,True,0,correct,0,True,10,23,2.3
bifurc,even_odd,_todd23,0,0.0,0,fca6,fca6,True,0,correct,0,True,10,23,2.3
bifurc,even_odd,_todd23,0,0.0,0,fca6,fca6,True,0,correct,0,True,10,23,2.3
bifurc,even_odd,_todd23,0,0.0,0,fca6,fca6,True,0,correct,0,True,10,23,2.3
bifurc,even_odd,_todd23,0,0.0,0,fca6,fca6,True,0,correct,0,True,10,23,2.3
bifurc,even_odd,_todd23,0,0.0,0,fca6,fca6,True,0,correct,0,True,10,23,2.3
bifurc,even_odd,_todd23,0,0.0,0,fca6,fca6,True,0,correct,0,True,10,23,2.3
bifurc,even_odd,_todd23,0,0.0,0,fca6,fca6,True,0,correct,0,True,10,23,2.3
bifurc,even_odd,_todd23,0,0.0,0,fca6,fca6,True,0,correct,0,True,10,23,2.3
bifurc,even_odd,_todd23,0,0.0,0,fca6,fca6,True,0,correct,0,True,10,23,2.3
bifurc,even_odd,_todd23,0,0.0,0,fca6,fca6,True,0,correct,0,True,10,23,2.3
bifurc,even_odd,_todd23,0,0.0,0,fca6,fca6,True,0,correct,0,True,10,23,2.3
bifurc,even_odd,_todd23,0,0.0,0,fca6,fca6,True,0,correct,0,True,10,23,2.3
bifurc,even_odd,_todd23,0,0.0,0,fca6,fca6,True,0,correct,0,True,10,23,2.3
bifurc,even_odd,_todd23,0,0.0,0,fca6,fca6,True,0,correct,0,True,10,23,2.3
bifurc,even_odd,_todd23,0,0.0,0,fca6,fca6,True,0,correct,0,True,10,23,2.3
bifurc,even_odd,_todd23,0,0.0,0,fca6,fca6,True,0,correct,0,True,10,23,2.3
bifurc,even_odd,_todd23,0,0.0,0,fca6,fca6,True,0,correct,0,True,10,23,2.3
bifurc,even_odd,_todd23,0,0.0,0,fca6,fca6,True,0,correct,0,True,10,23,2.3
bifurc,even_odd,_todd23,0,0.0,0,fca6,fca6,True,0,correct,0,True,10,23,2.3
bifurc,even_odd,_todd23,0,0.0,0,fca6,fca6,True,0,correct,0,True,10,23,2.3
bifurc,even_odd,_todd23,0,0.0,0,fca6,fca6,True,0,correct,0,True,10,23,2.3
bifurc,even_odd,_todd23,0,0.0,0,fca6,fca6,True,0,correct,0,True,10,23,2.3
bifurc,even_odd,_todd23,0,0.0,0,fca6,fca6,True,0,correct,0,True,10,23,2.3
bifurc,even_odd,_todd23,0,0.0,0,fca6,fca6,True,0,correct,0,True,10,23,2.3
bifurc,even_odd,_todd23,0,0.0,0,fca6,fca6,True,0,correct,0,True,10,23,2.3
bifurc,even_odd,_todd23,0,0.0,0,fca6,fca6,True,0,correct,0,True,10,23,2.3
bifurc,even_odd,_todd23,0,0.0,0,fca6,fca6,True,0,correct,0,True,10,23,2.3
bifurc,even_odd,_todd23,0,0.0,0,fca6,fca6,True,0,correct,0,True,10,23,2.3
bifurc,even_odd,_todd23,0,0.0,0,fca6,fca6,True,0,correct,0,True,10,23,2.3
bifurc,even_odd,_todd23,0,0.0,0,fca6,fca6,True,0,correct,0,True,10,23,2.3
bifurc,even_odd,_todd23,0,0.0,0,fca6,fca6,True,0,correct,0,True,10,23,2.3
bifurc,even_odd,_todd23,0,0.0,0,fca6,fca6,True,0,correct,0,True,10,23,2.3
bifurc,even_odd,_todd23,0,0.0,0,fca6,fca6,True,0,correct,0,True,10,23,2.3
bifurc,even_odd,_todd23,0,0.0,0,fca6,fca6,True,0,correct,0,True,10,23,2.3
bifurc,even_odd,_todd23,0,0.0,0,fca6,fca6,True,0,correct,0,True,10,23,2.3
bifurc,even_odd,_todd23,0,0.0,0,fca6,fca6,True,0,correct,0,True,10,23,2.3
bifurc,even_odd,_todd23,0,0.0,0,fca6,fca6,True,0,correct,0,True,10,23,2.3
bifurc,even_odd,_todd23,0,0.0,0,fca6,fca6,True,0,correct,0,True,10,23,2.3
bifurc,even_odd,_todd23,0,0.0,0,fca6,fca6,True,0,correct,0,True,10,23,2.3
bifurc,even_odd,_todd23,0,0.0,0,fca6,fca6,True,0,correct,0,True,10,23,2.3
bifurc,even_odd,_todd23,0,0.0,0,fca6,fca6,True,0,correct,0,True,10,23,2.3
bifurc,even_odd,_todd23,0,0.0,0,fca6,fca6,True,0,correct,0,True,10,23,2.3
bifurc,even_odd,_todd23,0,0.0,0,fca6,fca6,True,0,correct,0,True,10,23,2.3
bifurc,even_odd,_todd23,0,0.0,0,fca6,fca6,True,0,correct,0,True,10,23,2.3
bifurc,even_odd,_todd23,0,0.0,0,fca6,fca6,True,0,correct,0,True,10,23,2.3
bifurc,even_odd,_todd23,0,0.0,0,fca6,fca6,True,0,correct,0,True,10,23,2.3
bifurc,even_odd,_todd23,1,0.0,0,1b95,1b95,True,0,correct,1,True,10,23,2.3
bifurc,even_odd,_todd23,1,0.0,0,1b95,1b95,True,0,correct,1,True,10,23,2.3
bifurc,even_odd,_todd23,1,0.0,0,1b95,1b95,True,0,correct,1,True,10,23,2.3
bifurc,even_odd,_todd23,1,0.0,0,1b95,1b95,True,0,correct,1,True,10,23,2.3
bifurc,even_odd,_todd23,1,0.0,0,1b95,1b95,True,0,correct,1,True,10,23,2.3
bifurc,even_odd,_todd23,1,0.0,0,1b95,1b95,True,0,correct,1,True,10,23,2.3
bifurc,even_odd,_todd23,1,0.0,0,1b95,1b95,True,0,correct,1,True,10,23,2.3
bifurc,even_odd,_todd23,1,0.0,0,1b95,1b95,True,0,correct,1,True,10,23,2.3
bifurc,even_odd,_todd23,1,0.0,0,1b95,1b95,True,0,correct,1,True,10,23,2.3
bifurc,even_odd,_todd23,1,0.0,0,1b95,1b95,True,0,correct,1,True,10,23,2.3
bifurc,even_odd,_todd23,1,0.0,0,1b95,1b95,True,0,correct,1,True,10,23,2.3
bifurc,even_odd,_todd23,1,0.0,0,1b95,1b95,True,0,correct,1,True,10,23,2.3
bifurc,even_odd,_todd23,1,0.0,0,1b95,1b95,True,0,correct,1,True,10,23,2.3
bifurc,even_odd,_todd23,1,0.0,0,1b95,1b95,True,0,correct,1,True,10,23,2.3
bifurc,even_odd,_todd23,1,0.0,0,1b95,1b95,True,0,correct,1,True,10,23,2.3
bifurc,even_odd,_todd23,1,0.0,0,1b95,1b95,True,0,correct,1,True,10,23,2.3
bifurc,even_odd,_todd23,1,0.0,0,1b95,1b95,True,0,correct,1,True,10,23,2.3
bifurc,even_odd,_todd23,1,0.0,0,1b95,1b95,True,0,correct,1,True,10,23,2.3
bifurc,even_odd,_todd23,1,0.0,0,1b95,1b95,True,0,correct,1,True,10,23,2.3
bifurc,even_odd,_todd23,1,0.0,0,1b95,1b95,True,0,correct,1,True,10,23,2.3
bifurc,even_odd,_todd23,1,0.0,0,1b95,1b95,True,0,correct,1,True,10,23,2.3
bifurc,even_odd,_todd23,1,0.0,0,1b95,1b95,True,0,correct,1,True,10,23,2.3
bifurc,even_odd,_todd23,1,0.0,0,1b95,1b95,True,0,correct,1,True,10,23,2.3
bifurc,even_odd,_todd23,1,0.0,0,1b95,1b95,True,0,correct,1,True,10,23,2.3
bifurc,even_odd,_todd23,1,0.0,0,1b95,1b95,True,0,correct,1,True,10,23,2.3
bifurc,even_odd,_todd23,1,0.0,0,1b95,1b95,True,0,correct,1,True,10,23,2.3
bifurc,even_odd,_todd23,1,0.0,0,1b95,1b95,True,0,correct,1,True,10,23,2.3
bifurc,even_odd,_todd23,1,0.0,0,1b95,1b95,True,0,correct,1,True,10,23,2.3
bifurc,even_odd,_todd23,1,0.0,0,1b95,1b95,True,0,correct,1,True,10,23,2.3
bifurc,even_odd,_todd23,1,0.0,0,1b95,1b95,True,0,correct,1,True,10,23,2.3
bifurc,even_odd,_todd23,1,0.0,0,1b95,1b95,True,0,correct,1,True,10,23,2.3
bifurc,even_odd,_todd23,1,0.0,0,1b95,1b95,True,0,correct,1,True,10,23,2.3
bifurc,even_odd,_todd23,1,0.0,0,1b95,1b95,True,0,correct,1,True,10,23,2.3
bifurc,even_odd,_todd23,1,0.0,0,1b95,1b95,True,0,correct,1,True,10,23,2.3
bifurc,even_odd,_todd23,1,0.0,0,1b95,1b95,True,0,correct,1,True,10,23,2.3
bifurc,even_odd,_todd23,1,0.0,0,1b95,1b95,True,0,correct,1,True,10,23,2.3
bifurc,even_odd,_todd23,1,0.0,0,1b95,1b95,True,0,correct,1,True,10,23,2.3
bifurc,even_odd,_todd23,1,0.0,0,1b95,1b95,True,0,correct,1,True,10,23,2.3
bifurc,even_odd,_todd23,1,0.0,0,1b95,1b95,True,0,correct,1,True,10,23,2.3
bifurc,even_odd,_todd23,1,0.0,0,1b95,1b95,True,0,correct,1,True,10,23,2.3
bifurc,even_odd,_todd23,1,0.0,0,1b95,1b95,True,0,correct,1,True,10,23,2.3
bifurc,even_odd,_todd23,1,0.0,0,1b95,1b95,True,0,correct,1,True,10,23,2.3
bifurc,even_odd,_todd23,1,0.0,0,1b95,1b95,True,0,correct,1,True,10,23,2.3
bifurc,even_odd,_todd23,1,0.0,0,1b95,1b95,True,0,correct,1,True,10,23,2.3
bifurc,even_odd,_todd23,1,0.0,0,1b95,1b95,True,0,correct,1,True,10,23,2.3
bifurc,even_odd,_todd23,1,0.0,0,1b95,1b95,True,0,correct,1,True,10,23,2.3
bifurc,even_odd,_todd23,1,0.0,0,1b95,1b95,True,0,correct,1,True,10,23,2.3
bifurc,even_odd,_todd23,1,0.0,0,1b95,1b95,True,0,correct,1,True,10,23,2.3
bifurc,even_odd,_todd23,1,0.0,0,1b95,1b95,True,0,correct,1,True,10,23,2.3
bifurc,even_odd,_todd23,1,0.0,0,1b95,1b95,True,0,correct,1,True,10,23,2.3
bifurc,even_odd,_todd23,1,0.0,0,1b95,1b95,True,0,correct,1,True,10,23,2.3
bifurc,even_odd,_todd23,1,0.0,0,1b95,1b95,True,0,correct,1,True,10,23,2.3
bifurc,even_odd,_todd23,1,0.0,0,1b95,1b95,True,0,correct,1,True,10,23,2.3
bifurc,even_odd,_todd23,1,0.0,0,1b95,1b95,True,0,correct,1,True,10,23,2.3
bifurc,even_odd,_todd23,1,0.0,0,1b95,1b95,True,0,correct,1,True,10,23,2.3
bifurc,even_odd,_todd23,1,0.0,0,1b95,1b95,True,0,correct,1,True,10,23,2.3
bifurc,even_odd,_todd23,1,0.0,0,1b95,1b95,True,0,correct,1,True,10,23,2.3
bifurc,even_odd,_todd23,1,0.0,0,1b95,1b95,True,0,correct,1,True,10,23,2.3
bifurc,even_odd,_todd23,1,0.0,0,1b95,1b95,True,0,correct,1,True,10,23,2.3
bifurc,even_odd,_todd23,1,0.0,0,1b95,1b95,True,0,correct,1,True,10,23,2.3
bifurc,even_odd,_todd23,1,0.0,0,1b95,1b95,True,0,correct,1,True,10,23,2.3
bifurc,even_odd,_todd23,1,0.0,0,1b95,1b95,True,0,correct,1,True,10,23,2.3
bifurc,even_odd,_todd23,1,0.0,0,1b95,1b95,True,0,correct,1,True,10,23,2.3
bifurc,even_odd,_todd23,1,0.0,0,1b95,1b95,True,0,correct,1,True,10,23,2.3
bifurc,even_odd,_todd23,1,0.0,0,1b95,1b95,True,0,correct,1,True,10,23,2.3
bifurc,even_odd,_todd23,1,0.0,0,1b95,1b95,True,0,correct,1,True,10,23,2.3
bifurc,even_odd,_todd23,1,0.0,0,1b95,1b95,True,0,correct,1,True,10,23,2.3
bifurc,even_odd,_todd23,1,0.0,0,1b95,1b95,True,0,correct,1,True,10,23,2.3
bifurc,even_odd,_todd23,1,0.0,0,1b95,1b95,True,0,correct,1,True,10,23,2.3
bifurc,even_odd,_todd23,1,0.0,0,1b95,1b95,True,0,correct,1,True,10,23,2.3
bifurc,even_odd,_todd23,1,0.0,0,1b95,1b95,True,0,correct,1,True,10,23,2.3
bifurc,even_odd,_todd23,1,0.0,0,1b95,1b95,True,0,correct,1,True,10,23,2.3
bifurc,even_odd,_todd23,1,0.0,0,1b95,1b95,True,0,correct,1,True,10,23,2.3
bifurc,even_odd,_todd23,1,0.0,0,1b95,1b95,True,0,correct,1,True,10,23,2.3
bifurc,even_odd,_todd23,1,0.0,0,1b95,1b95,True,0,correct,1,True,10,23,2.3
bifurc,even_odd,_todd23,1,0.0,0,1b95,1b95,True,0,correct,1,True,10,23,2.3
bifurc,even_odd,_todd23,1,0.0,0,1b95,1b95,True,0,correct,1,True,10,23,2.3
bifurc,even_odd,_todd23,1,0.0,0,1b95,1b95,True,0,correct,1,True,10,23,2.3
bifurc,even_odd,_todd23,1,0.0,0,1b95,1b95,True,0,correct,1,True,10,23,2.3
bifurc,even_odd,_todd23,1,0.0,0,1b95,1b95,True,0,correct,1,True,10,23,2.3
bifurc,even_odd,_todd23,2,0.0,0,a6b6,a6b6,True,0,correct,2,True,10,23,2.3
bifurc,even_odd,_todd23,2,0.0,0,a6b6,a6b6,True,0,correct,2,True,10,23,2.3
bifurc,even_odd,_todd23,2,0.0,0,a6b6,a6b6,True,0,correct,2,True,10,23,2.3
bifurc,even_odd,_todd23,2,0.0,0,a6b6,a6b6,True,0,correct,2,True,10,23,2.3
bifurc,even_odd,_todd23,2,0.0,0,a6b6,a6b6,True,0,correct,2,True,10,23,2.3
bifurc,even_odd,_todd23,2,0.0,0,a6b6,a6b6,True,0,correct,2,True,10,23,2.3
bifurc,even_odd,_todd23,2,0.0,0,a6b6,a6b6,True,0,correct,2,True,10,23,2.3
bifurc,even_odd,_todd23,2,0.0,0,a6b6,a6b6,True,0,correct,2,True,10,23,2.3
bifurc,even_odd,_todd23,2,0.0,0,a6b6,a6b6,True,0,correct,2,True,10,23,2.3
bifurc,even_odd,_todd23,2,0.0,0,a6b6,a6b6,True,0,correct,2,True,10,23,2.3
bifurc,even_odd,_todd23,2,0.0,0,a6b6,a6b6,True,0,correct,2,True,10,23,2.3
bifurc,even_odd,_todd23,2,0.0,0,a6b6,a6b6,True,0,correct,2,True,10,23,2.3
bifurc,even_odd,_todd23,2,0.0,0,a6b6,a6b6,True,0,correct,2,True,10,23,2.3
bifurc,even_odd,_todd23,2,0.0,0,a6b6,a6b6,True,0,correct,2,True,10,23,2.3
bifurc,even_odd,_todd23,2,0.0,0,a6b6,a6b6,True,0,correct,2,True,10,23,2.3
bifurc,even_odd,_todd23,2,0.0,0,a6b6,a6b6,True,0,correct,2,True,10,23,2.3
bifurc,even_odd,_todd23,2,0.0,0,a6b6,a6b6,True,0,correct,2,True,10,23,2.3
bifurc,even_odd,_todd23,2,0.0,0,a6b6,a6b6,True,0,correct,2,True,10,23,2.3
bifurc,even_odd,_todd23,2,0.0,0,a6b6,a6b6,True,0,correct,2,True,10,23,2.3
bifurc,even_odd,_todd23,2,0.0,0,a6b6,a6b6,True,0,correct,2,True,10,23,2.3
bifurc,even_odd,_todd23,2,0.0,0,a6b6,a6b6,True,0,correct,2,True,10,23,2.3
bifurc,even_odd,_todd23,2,0.0,0,a6b6,a6b6,True,0,correct,2,True,10,23,2.3
bifurc,even_odd,_todd23,2,0.0,0,a6b6,a6b6,True,0,correct,2,True,10,23,2.3
bifurc,even_odd,_todd23,2,0.0,0,a6b6,a6b6,True,0,correct,2,True,10,23,2.3
bifurc,even_odd,_todd23,2,0.0,0,a6b6,a6b6,True,0,correct,2,True,10,23,2.3
bifurc,even_odd,_todd23,2,0.0,0,a6b6,a6b6,True,0,correct,2,True,10,23,2.3
bifurc,even_odd,_todd23,2,0.0,0,a6b6,a6b6,True,0,correct,2,True,10,23,2.3
bifurc,even_odd,_todd23,2,0.0,0,a6b6,a6b6,True,0,correct,2,True,10,23,2.3
bifurc,even_odd,_todd23,2,0.0,0,a6b6,a6b6,True,0,correct,2,True,10,23,2.3
bifurc,even_odd,_todd23,2,0.0,0,a6b6,a6b6,True,0,correct,2,True,10,23,2.3
bifurc,even_odd,_todd23,2,0.0,0,a6b6,a6b6,True,0,correct,2,True,10,23,2.3
bifurc,even_odd,_todd23,2,0.0,0,a6b6,a6b6,True,0,correct,2,True,10,23,2.3
bifurc,even_odd,_todd23,2,0.0,0,a6b6,a6b6,True,0,correct,2,True,10,23,2.3
bifurc,even_odd,_todd23,2,0.0,0,a6b6,a6b6,True,0,correct,2,True,10,23,2.3
bifurc,even_odd,_todd23,2,0.0,0,a6b6,a6b6,True,0,correct,2,True,10,23,2.3
bifurc,even_odd,_todd23,2,0.0,0,a6b6,a6b6,True,0,correct,2,True,10,23,2.3
bifurc,even_odd,_todd23,2,0.0,0,a6b6,a6b6,True,0,correct,2,True,10,23,2.3
bifurc,even_odd,_todd23,2,0.0,0,a6b6,a6b6,True,0,correct,2,True,10,23,2.3
bifurc,even_odd,_todd23,2,0.0,0,a6b6,a6b6,True,0,correct,2,True,10,23,2.3
bifurc,even_odd,_todd23,2,0.0,0,a6b6,a6b6,True,0,correct,2,True,10,23,2.3
bifurc,even_odd,_todd23,2,0.0,0,a6b6,a6b6,True,0,correct,2,True,10,23,2.3
bifurc,even_odd,_todd23,2,0.0,0,a6b6,a6b6,True,0,correct,2,True,10,23,2.3
bifurc,even_odd,_todd23,2,0.0,0,a6b6,a6b6,True,0,correct,2,True,10,23,2.3
bifurc,even_odd,_todd23,2,0.0,0,a6b6,a6b6,True,0,correct,2,True,10,23,2.3
bifurc,even_odd,_todd23,2,0.0,0,a6b6,a6b6,True,0,correct,2,True,10,23,2.3
bifurc,even_odd,_todd23,2,0.0,0,a6b6,a6b6,True,0,correct,2,True,10,23,2.3
bifurc,even_odd,_todd23,2,0.0,0,a6b6,a6b6,True,0,correct,2,True,10,23,2.3
bifurc,even_odd,_todd23,2,0.0,0,a6b6,a6b6,True,0,correct,2,True,10,23,2.3
bifurc,even_odd,_todd23,2,0.0,0,a6b6,a6b6,True,0,correct,2,True,10,23,2.3
bifurc,even_odd,_todd23,2,0.0,0,a6b6,a6b6,True,0,correct,2,True,10,23,2.3
bifurc,even_odd,_todd23,2,0.0,0,a6b6,a6b6,True,0,correct,2,True,10,23,2.3
bifurc,even_odd,_todd23,2,0.0,0,a6b6,a6b6,True,0,correct,2,True,10,23,2.3
bifurc,even_odd,_todd23,2,0.0,0,a6b6,a6b6,True,0,correct,2,True,10,23,2.3
bifurc,even_odd,_todd23,2,0.0,0,a6b6,a6b6,True,0,correct,2,True,10,23,2.3
bifurc,even_odd,_todd23,2,0.0,0,a6b6,a6b6,True,0,correct,2,True,10,23,2.3
bifurc,even_odd,_todd23,2,0.0,0,a6b6,a6b6,True,0,correct,2,True,10,23,2.3
bifurc,even_odd,_todd23,2,0.0,0,a6b6,a6b6,True,0,correct,2,True,10,23,2.3
bifurc,even_odd,_todd23,2,0.0,0,a6b6,a6b6,True,0,correct,2,True,10,23,2.3
bifurc,even_odd,_todd23,2,0.0,0,a6b6,a6b6,True,0,correct,2,True,10,23,2.3
bifurc,even_odd,_todd23,2,0.0,0,a6b6,a6b6,True,0,correct,2,True,10,23,2.3
bifurc,even_odd,_todd23,2,0.0,0,a6b6,a6b6,True,0,correct,2,True,10,23,2.3
bifurc,even_odd,_todd23,2,0.0,0,a6b6,a6b6,True,0,correct,2,True,10,23,2.3
bifurc,even_odd,_todd23,2,0.0,0,a6b6,a6b6,True,0,correct,2,True,10,23,2.3
bifurc,even_odd,_todd23,2,0.0,0,a6b6,a6b6,True,0,correct,2,True,10,23,2.3
bifurc,even_odd,_todd23,2,0.0,0,a6b6,a6b6,True,0,correct,2,True,10,23,2.3
bifurc,even_odd,_todd23,2,0.0,0,a6b6,a6b6,True,0,correct,2,True,10,23,2.3
bifurc,even_odd,_todd23,2,0.0,0,a6b6,a6b6,True,0,correct,2,True,10,23,2.3
bifurc,even_odd,_todd23,2,0.0,0,a6b6,a6b6,True,0,correct,2,True,10,23,2.3
bifurc,even_odd,_todd23,2,0.0,0,a6b6,a6b6,True,0,correct,2,True,10,23,2.3
bifurc,even_odd,_todd23,2,0.0,0,a6b6,a6b6,True,0,correct,2,True,10,23,2.3
bifurc,even_odd,_todd23,2,0.0,0,a6b6,a6b6,True,0,correct,2,True,10,23,2.3
bifurc,even_odd,_todd23,2,0.0,0,a6b6,a6b6,True,0,correct,2,True,10,23,2.3
bifurc,even_odd,_todd23,2,0.0,0,a6b6,a6b6,True,0,correct,2,True,10,23,2.3
bifurc,even_odd,_todd23,2,0.0,0,a6b6,a6b6,True,0,correct,2,True,10,23,2.3
bifurc,even_odd,_todd23,2,0.0,0,a6b6,a6b6,True,0,correct,2,True,10,23,2.3
bifurc,even_odd,_todd23,2,0.0,0,a6b6,a6b6,True,0,correct,2,True,10,23,2.3
bifurc,even_odd,_todd23,2,0.0,0,a6b6,a6b6,True,0,correct,2,True,10,23,2.3
bifurc,even_odd,_todd23,2,0.0,0,a6b6,a6b6,True,0,correct,2,True,10,23,2.3
bifurc,even_odd,_todd23,2,0.0,0,a6b6,a6b6,True,0,correct,2,True,10,23,2.3
bifurc,even_odd,_todd23,2,0.0,0,a6b6,a6b6,True,0,correct,2,True,10,23,2.3
bifurc,even_odd,_todd23,3,0.0,0,bd07,bd07,True,0,correct,3,True,10,23,2.3
bifurc,even_odd,_todd23,3,0.0,0,bd07,bd07,True,0,correct,3,True,10,23,2.3
bifurc,even_odd,_todd23,3,0.0,0,bd07,bd07,True,0,correct,3,True,10,23,2.3
bifurc,even_odd,_todd23,3,0.0,0,bd07,bd07,True,0,correct,3,True,10,23,2.3
bifurc,even_odd,_todd23,3,0.0,0,bd07,bd07,True,0,correct,3,True,10,23,2.3
bifurc,even_odd,_todd23,3,0.0,0,bd07,bd07,True,0,correct,3,True,10,23,2.3
bifurc,even_odd,_todd23,3,0.0,0,bd07,bd07,True,0,correct,3,True,10,23,2.3
bifurc,even_odd,_todd23,3,0.0,0,bd07,bd07,True,0,correct,3,True,10,23,2.3
bifurc,even_odd,_todd23,3,0.0,0,bd07,bd07,True,0,correct,3,True,10,23,2.3
bifurc,even_odd,_todd23,3,0.0,0,bd07,bd07,True,0,correct,3,True,10,23,2.3
bifurc,even_odd,_todd23,3,0.0,0,bd07,bd07,True,0,correct,3,True,10,23,2.3
bifurc,even_odd,_todd23,3,0.0,0,bd07,bd07,True,0,correct,3,True,10,23,2.3
bifurc,even_odd,_todd23,3,0.0,0,bd07,bd07,True,0,correct,3,True,10,23,2.3
bifurc,even_odd,_todd23,3,0.0,0,bd07,bd07,True,0,correct,3,True,10,23,2.3
bifurc,even_odd,_todd23,3,0.0,0,bd07,bd07,True,0,correct,3,True,10,23,2.3
bifurc,even_odd,_todd23,3,0.0,0,bd07,bd07,True,0,correct,3,True,10,23,2.3
bifurc,even_odd,_todd23,3,0.0,0,bd07,bd07,True,0,correct,3,True,10,23,2.3
bifurc,even_odd,_todd23,3,0.0,0,bd07,bd07,True,0,correct,3,True,10,23,2.3
bifurc,even_odd,_todd23,3,0.0,0,bd07,bd07,True,0,correct,3,True,10,23,2.3
bifurc,even_odd,_todd23,3,0.0,0,bd07,bd07,True,0,correct,3,True,10,23,2.3
bifurc,even_odd,_todd23,3,0.0,0,bd07,bd07,True,0,correct,3,True,10,23,2.3
bifurc,even_odd,_todd23,3,0.0,0,bd07,bd07,True,0,correct,3,True,10,23,2.3
bifurc,even_odd,_todd23,3,0.0,0,bd07,bd07,True,0,correct,3,True,10,23,2.3
bifurc,even_odd,_todd23,3,0.0,0,bd07,bd07,True,0,correct,3,True,10,23,2.3
bifurc,even_odd,_todd23,3,0.0,0,bd07,bd07,True,0,correct,3,True,10,23,2.3
bifurc,even_odd,_todd23,3,0.0,0,bd07,bd07,True,0,correct,3,True,10,23,2.3
bifurc,even_odd,_todd23,3,0.0,0,bd07,bd07,True,0,correct,3,True,10,23,2.3
bifurc,even_odd,_todd23,3,0.0,0,bd07,bd07,True,0,correct,3,True,10,23,2.3
bifurc,even_odd,_todd23,3,0.0,0,bd07,bd07,True,0,correct,3,True,10,23,2.3
bifurc,even_odd,_todd23,3,0.0,0,bd07,bd07,True,0,correct,3,True,10,23,2.3
bifurc,even_odd,_todd23,3,0.0,0,bd07,bd07,True,0,correct,3,True,10,23,2.3
bifurc,even_odd,_todd23,3,0.0,0,bd07,bd07,True,0,correct,3,True,10,23,2.3
bifurc,even_odd,_todd23,3,0.0,0,bd07,bd07,True,0,correct,3,True,10,23,2.3
bifurc,even_odd,_todd23,3,0.0,0,bd07,bd07,True,0,correct,3,True,10,23,2.3
bifurc,even_odd,_todd23,3,0.0,0,bd07,bd07,True,0,correct,3,True,10,23,2.3
bifurc,even_odd,_todd23,3,0.0,0,bd07,bd07,True,0,correct,3,True,10,23,2.3
bifurc,even_odd,_todd23,3,0.0,0,bd07,bd07,True,0,correct,3,True,10,23,2.3
bifurc,even_odd,_todd23,3,0.0,0,bd07,bd07,True,0,correct,3,True,10,23,2.3
bifurc,even_odd,_todd23,3,0.0,0,bd07,bd07,True,0,correct,3,True,10,23,2.3
bifurc,even_odd,_todd23,3,0.0,0,bd07,bd07,True,0,correct,3,True,10,23,2.3
bifurc,even_odd,_todd23,3,0.0,0,bd07,bd07,True,0,correct,3,True,10,23,2.3
bifurc,even_odd,_todd23,3,0.0,0,bd07,bd07,True,0,correct,3,True,10,23,2.3
bifurc,even_odd,_todd23,3,0.0,0,bd07,bd07,True,0,correct,3,True,10,23,2.3
bifurc,even_odd,_todd23,3,0.0,0,bd07,bd07,True,0,correct,3,True,10,23,2.3
bifurc,even_odd,_todd23,3,0.0,0,bd07,bd07,True,0,correct,3,True,10,23,2.3
bifurc,even_odd,_todd23,3,0.0,0,bd07,bd07,True,0,correct,3,True,10,23,2.3
bifurc,even_odd,_todd23,3,0.0,0,bd07,bd07,True,0,correct,3,True,10,23,2.3
bifurc,even_odd,_todd23,3,0.0,0,bd07,bd07,True,0,correct,3,True,10,23,2.3
bifurc,even_odd,_todd23,3,0.0,0,bd07,bd07,True,0,correct,3,True,10,23,2.3
bifurc,even_odd,_todd23,3,0.0,0,bd07,bd07,True,0,correct,3,True,10,23,2.3
bifurc,even_odd,_todd23,3,0.0,0,bd07,bd07,True,0,correct,3,True,10,23,2.3
bifurc,even_odd,_todd23,3,0.0,0,bd07,bd07,True,0,correct,3,True,10,23,2.3
bifurc,even_odd,_todd23,3,0.0,0,bd07,bd07,True,0,correct,3,True,10,23,2.3
bifurc,even_odd,_todd23,3,0.0,0,bd07,bd07,True,0,correct,3,True,10,23,2.3
bifurc,even_odd,_todd23,3,0.0,0,bd07,bd07,True,0,correct,3,True,10,23,2.3
bifurc,even_odd,_todd23,3,0.0,0,bd07,bd07,True,0,correct,3,True,10,23,2.3
bifurc,even_odd,_todd23,3,0.0,0,bd07,bd07,True,0,correct,3,True,10,23,2.3
bifurc,even_odd,_todd23,3,0.0,0,bd07,bd07,True,0,correct,3,True,10,23,2.3
bifurc,even_odd,_todd23,3,0.0,0,bd07,bd07,True,0,correct,3,True,10,23,2.3
bifurc,even_odd,_todd23,3,0.0,0,bd07,bd07,True,0,correct,3,True,10,23,2.3
bifurc,even_odd,_todd23,3,0.0,0,bd07,bd07,True,0,correct,3,True,10,23,2.3
bifurc,even_odd,_todd23,3,0.0,0,bd07,bd07,True,0,correct,3,True,10,23,2.3
bifurc,even_odd,_todd23,3,0.0,0,bd07,bd07,True,0,correct,3,True,10,23,2.3
bifurc,even_odd,_todd23,3,0.0,0,bd07,bd07,True,0,correct,3,True,10,23,2.3
bifurc,even_odd,_todd23,3,0.0,0,bd07,bd07,True,0,correct,3,True,10,23,2.3
bifurc,even_odd,_todd23,3,0.0,0,bd07,bd07,True,0,correct,3,True,10,23,2.3
bifurc,even_odd,_todd23,3,0.0,0,bd07,bd07,True,0,correct,3,True,10,23,2.3
bifurc,even_odd,_todd23,3,0.0,0,bd07,bd07,True,0,correct,3,True,10,23,2.3
bifurc,even_odd,_todd23,3,0.0,0,bd07,bd07,True,0,correct,3,True,10,23,2.3
bifurc,even_odd,_todd23,3,0.0,0,bd07,bd07,True,0,correct,3,True,10,23,2.3
bifurc,even_odd,_todd23,3,0.0,0,bd07,bd07,True,0,correct,3,True,10,23,2.3
bifurc,even_odd,_todd23,3,0.0,0,bd07,bd07,True,0,correct,3,True,10,23,2.3
bifurc,even_odd,_todd23,3,0.0,0,bd07,bd07,True,0,correct,3,True,10,23,2.3
bifurc,even_odd,_todd23,3,0.0,0,bd07,bd07,True,0,correct,3,True,10,23,2.3
bifurc,even_odd,_todd23,3,0.0,0,bd07,bd07,True,0,correct,3,True,10,23,2.3
bifurc,even_odd,_todd23,3,0.0,0,bd07,bd07,True,0,correct,3,True,10,23,2.3
bifurc,even_odd,_todd23,3,0.0,0,bd07,bd07,True,0,correct,3,True,10,23,2.3
bifurc,even_odd,_todd23,3,0.0,0,bd07,bd07,True,0,correct,3,True,10,23,2.3
bifurc,even_odd,_todd23,3,0.0,0,bd07,bd07,True,0,correct,3,True,10,23,2.3
bifurc,even_odd,_todd23,3,0.0,0,bd07,bd07,True,0,correct,3,True,10,23,2.3
bifurc,even_odd,_todd23,0,0.2,2,fce2,fca6,True,11,correct,0,True,10,23,2.3
bifurc,even_odd,_todd23,0,0.2,1,fc26,fca6,True,24,correct,0,True,10,23,2.3
bifurc,even_odd,_todd23,0,0.2,4,70e6,fca6,True,44,correct,0,True,10,23,2.3
bifurc,even_odd,_todd23,0,0.2,5,dfe4,58a4,True,44,spurious,-1,False,10,23,2.3
bifurc,even_odd,_todd23,0,0.2,5,dd34,58a4,True,57,spurious,-1,False,10,23,2.3
bifurc,even_odd,_todd23,0,0.2,0,fca6,fca6,True,0,correct,0,True,10,23,2.3
bifurc,even_odd,_todd23,0,0.2,1,f8a6,fca6,True,11,correct,0,True,10,23,2.3
bifurc,even_odd,_todd23,0,0.2,1,fc26,fca6,True,24,correct,0,True,10,23,2.3
bifurc,even_odd,_todd23,0,0.2,4,64a4,58a4,True,44,spurious,-1,False,10,23,2.3
bifurc,even_odd,_todd23,0,0.2,3,74b6,fca6,True,34,correct,0,True,10,23,2.3
bifurc,even_odd,_todd23,0,0.2,3,9ea6,fca6,True,24,correct,0,True,10,23,2.3
bifurc,even_odd,_todd23,0,0.2,6,1686,2b4,True,44,spurious,-1,False,10,23,2.3
bifurc,even_odd,_todd23,0,0.2,3,fc16,bd07,True,11,wrong_pattern,3,False,10,23,2.3
bifurc,even_odd,_todd23,0,0.2,2,fc36,fca6,True,24,correct,0,True,10,23,2.3
bifurc,even_odd,_todd23,0,0.2,1,fca4,fca6,True,24,correct,0,True,10,23,2.3
bifurc,even_odd,_todd23,0,0.2,2,fcb4,fca6,True,24,correct,0,True,10,23,2.3
bifurc,even_odd,_todd23,0,0.2,5,5086,58a4,True,24,spurious,-1,False,10,23,2.3
bifurc,even_odd,_todd23,0,0.2,4,dde4,58a4,True,44,spurious,-1,False,10,23,2.3
bifurc,even_odd,_todd23,0,0.2,3,f8b4,fca6,True,44,correct,0,True,10,23,2.3
bifurc,even_odd,_todd23,0,0.2,4,748e,fca6,True,24,correct,0,True,10,23,2.3
bifurc,even_odd,_todd23,0,0.2,4,b9a4,fca6,True,44,correct,0,True,10,23,2.3
bifurc,even_odd,_todd23,0,0.2,4,7cc2,fca6,True,44,correct,0,True,10,23,2.3
bifurc,even_odd,_todd23,0,0.2,0,fca6,fca6,True,0,correct,0,True,10,23,2.3
bifurc,even_odd,_todd23,0,0.2,3,fcb3,fca6,True,11,correct,0,True,10,23,2.3
bifurc,even_odd,_todd23,0,0.2,2,f5a6,fca6,True,24,correct,0,True,10,23,2.3
bifurc,even_odd,_todd23,0,0.2,3,f6e6,a6b6,True,21,wrong_pattern,2,False,10,23,2.3
bifurc,even_odd,_todd23,0,0.2,1,fea6,fca6,True,24,correct,0,True,10,23,2.3
bifurc,even_odd,_todd23,0,0.2,3,6da6,fca6,True,24,correct,0,True,10,23,2.3
bifurc,even_odd,_todd23,0,0.2,3,dcb4,58a4,True,44,spurious,-1,False,10,23,2.3
bifurc,even_odd,_todd23,0,0.2,2,fc36,fca6,True,24,correct,0,True,10,23,2.3
bifurc,even_odd,_todd23,0,0.2,0,fca6,fca6,True,0,correct,0,True,10,23,2.3
bifurc,even_odd,_todd23,0,0.2,4,b4b2,fca6,True,44,correct,0,True,10,23,2.3
bifurc,even_odd,_todd23,0,0.2,5,2cf6,fca6,True,44,correct,0,True,10,23,2.3
bifurc,even_odd,_todd23,0,0.2,5,e804,bd07,True,87,wrong_pattern,3,False,10,23,2.3
bifurc,even_odd,_todd23,0,0.2,6,bccb,fca6,True,80,correct,0,True,10,23,2.3
bifurc,even_odd,_todd23,0,0.2,2,bcae,fca6,True,24,correct,0,True,10,23,2.3
bifurc,even_odd,_todd23,0,0.2,2,ecb6,fca6,True,11,correct,0,True,10,23,2.3
bifurc,even_odd,_todd23,0,0.2,5,b485,a6b6,True,87,wrong_pattern,2,False,10,23,2.3
bifurc,even_odd,_todd23,0,0.2,3,7da2,fca6,True,24,correct,0,True,10,23,2.3
bifurc,even_odd,_todd23,0,0.2,5,7dbf,fca6,True,34,correct,0,True,10,23,2.3
bifurc,even_odd,_todd23,0,0.2,4,baa4,fca6,True,44,correct,0,True,10,23,2.3
bifurc,even_odd,_todd23,0,0.2,5,efa5,fca6,True,44,correct,0,True,10,23,2.3
bifurc,even_odd,_todd23,0,0.2,4,e827,fca6,True,57,correct,0,True,10,23,2.3
bifurc,even_odd,_todd23,0,0.2,1,7ca6,fca6,True,24,correct,0,True,10,23,2.3
bifurc,even_odd,_todd23,0,0.2,7,b845,bd07,True,44,wrong_pattern,3,False,10,23,2.3
bifurc,even_odd,_todd23,0,0.2,4,ffbe,fca6,True,24,correct,0,True,10,23,2.3
bifurc,even_odd,_todd23,0,0.2,5,7d83,bd07,True,24,wrong_pattern,3,False,10,23,2.3
bifurc,even_odd,_todd23,0,0.2,3,d8a4,58a4,True,24,spurious,-1,False,10,23,2.3
bifurc,even_odd,_todd23,0,0.2,3,fc04,bd07,True,54,wrong_pattern,3,False,10,23,2.3
bifurc,even_odd,_todd23,0,0.2,2,7ea6,fca6,True,24,correct,0,True,10,23,2.3
bifurc,even_odd,_todd23,0,0.2,4,14a6,58a4,True,44,spurious,-1,False,10,23,2.3
bifurc,even_odd,_todd23,0,0.2,5,7d9e,fca6,True,47,correct,0,True,10,23,2.3
bifurc,even_odd,_todd23,0,0.2,3,7de6,fca6,True,24,correct,0,True,10,23,2.3
bifurc,even_odd,_todd23,0,0.2,1,bca6,fca6,True,11,correct,0,True,10,23,2.3
bifurc,even_odd,_todd23,0,0.2,4,ffe7,fca6,True,34,correct,0,True,10,23,2.3
bifurc,even_odd,_todd23,0,0.2,5,7d32,fc67,False,1572,oscillated,-1,False,10,23,2.3
bifurc,even_odd,_todd23,0,0.2,1,fca4,fca6,True,24,correct,0,True,10,23,2.3
bifurc,even_odd,_todd23,0,0.2,1,fcb6,fca6,True,11,correct,0,True,10,23,2.3
bifurc,even_odd,_todd23,0,0.2,5,bc3f,fca6,True,103,correct,0,True,10,23,2.3
bifurc,even_odd,_todd23,0,0.2,1,fce6,fca6,True,11,correct,0,True,10,23,2.3
bifurc,even_odd,_todd23,0,0.2,4,dc46,fd4b,True,77,spurious,-1,False,10,23,2.3
bifurc,even_odd,_todd23,0,0.2,2,fe86,fca6,True,24,correct,0,True,10,23,2.3
bifurc,even_odd,_todd23,0,0.2,5,68e7,fca6,True,44,correct,0,True,10,23,2.3
bifurc,even_odd,_todd23,0,0.2,4,dcd6,fca6,True,24,correct,0,True,10,23,2.3
bifurc,even_odd,_todd23,0,0.2,6,9c60,58a4,True,44,spurious,-1,False,10,23,2.3
bifurc,even_odd,_todd23,0,0.2,3,f4b4,fca6,True,34,correct,0,True,10,23,2.3
bifurc,even_odd,_todd23,0,0.2,3,bda7,fca6,True,11,correct,0,True,10,23,2.3
bifurc,even_odd,_todd23,0,0.2,6,cd85,1905,True,44,spurious,-1,False,10,23,2.3
bifurc,even_odd,_todd23,0,0.2,4,dec6,fca6,True,24,correct,0,True,10,23,2.3
bifurc,even_odd,_todd23,0,0.2,4,ea26,fca6,True,24,correct,0,True,10,23,2.3
bifurc,even_odd,_todd23,0,0.2,7,70f3,fca6,True,44,correct,0,True,10,23,2.3
bifurc,even_odd,_todd23,0,0.2,3,bda7,fca6,True,11,correct,0,True,10,23,2.3
bifurc,even_odd,_todd23,0,0.2,1,bca6,fca6,True,11,correct,0,True,10,23,2.3
bifurc,even_odd,_todd23,0,0.2,2,eca2,fca6,True,11,correct,0,True,10,23,2.3
bifurc,even_odd,_todd23,0,0.2,2,dcae,fca6,True,24,correct,0,True,10,23,2.3
bifurc,even_odd,_todd23,0,0.2,3,3cb6,fca6,True,34,correct,0,True,10,23,2.3
bifurc,even_odd,_todd23,0,0.2,3,f926,fca6,True,57,correct,0,True,10,23,2.3
bifurc,even_odd,_todd23,0,0.2,1,7ca6,fca6,True,24,correct,0,True,10,23,2.3
bifurc,even_odd,_todd23,0,0.2,2,fce4,fca6,True,24,correct,0,True,10,23,2.3
bifurc,even_odd,_todd23,0,0.2,2,bcb6,fca6,True,11,correct,0,True,10,23,2.3
bifurc,even_odd,_todd23,1,0.2,2,5bb5,58a4,True,34,spurious,-1,False,10,23,2.3
bifurc,even_odd,_todd23,1,0.2,6,6b80,58a4,True,87,spurious,-1,False,10,23,2.3
bifurc,even_odd,_todd23,1,0.2,3,1fd1,1b95,True,21,correct,1,True,10,23,2.3
bifurc,even_odd,_todd23,1,0.2,3,1f35,1b95,True,24,correct,1,True,10,23,2.3
bifurc,even_odd,_todd23,1,0.2,0,1b95,1b95,True,0,correct,1,True,10,23,2.3
bifurc,even_odd,_todd23,1,0.2,4,5ac5,58a4,True,34,spurious,-1,False,10,23,2.3
bifurc,even_odd,_todd23,1,0.2,2,1bd4,2b4,True,34,spurious,-1,False,10,23,2.3
bifurc,even_odd,_todd23,1,0.2,1,b95,1b95,True,11,correct,1,True,10,23,2.3
bifurc,even_odd,_todd23,1,0.2,5,2b75,359,True,80,spurious,-1,False,10,23,2.3
bifurc,even_odd,_todd23,1,0.2,6,2881,58a4,True,64,spurious,-1,False,10,23,2.3
bifurc,even_odd,_todd23,1,0.2,3,1abd,2b4,True,34,spurious,-1,False,10,23,2.3
bifurc,even_odd,_todd23,1,0.2,1,1b97,1b95,True,24,correct,1,True,10,23,2.3
bifurc,even_odd,_todd23,1,0.2,1,b95,1b95,True,11,correct,1,True,10,23,2.3
bifurc,even_odd,_todd23,1,0.2,2,1994,58a4,True,44,spurious,-1,False,10,23,2.3
bifurc,even_odd,_todd23,1,0.2,2,3b15,1b95,True,24,correct,1,True,10,23,2.3
bifurc,even_odd,_todd23,1,0.2,5,7b1f,a75b,True,67,spurious,-1,False,10,23,2.3
bifurc,even_odd,_todd23,1,0.2,6,93e7,a6b6,True,44,wrong_pattern,2,False,10,23,2.3
bifurc,even_odd,_todd23,1,0.2,6,8899,5949,True,80,spurious,-1,False,10,23,2.3
bifurc,even_odd,_todd23,1,0.2,2,1b55,395,True,34,spurious,-1,False,10,23,2.3
bifurc,even_odd,_todd23,1,0.2,3,b8d,395,True,47,spurious,-1,False,10,23,2.3
bifurc,even_odd,_todd23,1,0.2,2,139d,395,True,47,spurious,-1,False,10,23,2.3
bifurc,even_odd,_todd23,1,0.2,2,bb95,bf97,True,44,spurious,-1,False,10,23,2.3
bifurc,even_odd,_todd23,1,0.2,1,1a95,58a4,True,67,spurious,-1,False,10,23,2.3
bifurc,even_odd,_todd23,1,0.2,3,18d5,58a4,True,44,spurious,-1,False,10,23,2.3
bifurc,even_odd,_todd23,1,0.2,2,1915,1905,True,11,spurious,-1,False,10,23,2.3
bifurc,even_odd,_todd23,1,0.2,3,19b7,58a4,True,34,spurious,-1,False,10,23,2.3
bifurc,even_odd,_todd23,1,0.2,4,3a05,1b95,True,44,correct,1,True,10,23,2.3
bifurc,even_odd,_todd23,1,0.2,2,9bb5,58a4,True,51,spurious,-1,False,10,23,2.3
bifurc,even_odd,_todd23,1,0.2,5,1ead,58a4,True,24,spurious,-1,False,10,23,2.3
bifurc,even_odd,_todd23,1,0.2,4,1f80,58a4,True,44,spurious,-1,False,10,23,2.3
bifurc,even_odd,_todd23,1,0.2,3,399d,1905,True,34,spurious,-1,False,10,23,2.3
bifurc,even_odd,_todd23,1,0.2,6,1645,359,True,44,spurious,-1,False,10,23,2.3
bifurc,even_odd,_todd23,1,0.2,3,5b87,1905,True,34,spurious,-1,False,10,23,2.3
bifurc,even_odd,_todd23,1,0.2,5,1b29,1905,True,90,spurious,-1,False,10,23,2.3
bifurc,even_odd,_todd23,1,0.2,3,1be5,58a4,True,44,spurious,-1,False,10,23,2.3
bifurc,even_odd,_todd23,1,0.2,2,1e95,58a4,True,67,spurious,-1,False,10,23,2.3
bifurc,even_odd,_todd23,1,0.2,2,3b85,1b95,True,44,correct,1,True,10,23,2.3
bifurc,even_odd,_todd23,1,0.2,7,fed1,fca6,True,34,wrong_pattern,0,False,10,23,2.3
bifurc,even_odd,_todd23,1,0.2,3,7995,1905,True,34,spurious,-1,False,10,23,2.3
bifurc,even_odd,_todd23,1,0.2,3,1f1d,359,True,44,spurious,-1,False,10,23,2.3
bifurc,even_odd,_todd23,1,0.2,3,13c5,395,True,11,spurious,-1,False,10,23,2.3
bifurc,even_odd,_todd23,1,0.2,2,1915,1905,True,11,spurious,-1,False,10,23,2.3
bifurc,even_odd,_todd23,1,0.2,3,f97,1b95,True,44,correct,1,True,10,23,2.3
bifurc,even_odd,_todd23,1,0.2,2,1b8d,395,True,77,spurious,-1,False,10,23,2.3
bifurc,even_odd,_todd23,1,0.2,4,b391,a797,True,44,spurious,-1,False,10,23,2.3
bifurc,even_odd,_todd23,1,0.2,2,3bb5,58a4,True,51,spurious,-1,False,10,23,2.3
bifurc,even_odd,_todd23,1,0.2,3,9bb1,2b4,True,34,spurious,-1,False,10,23,2.3
bifurc,even_odd,_todd23,1,0.2,3,5f94,58a4,True,34,spurious,-1,False,10,23,2.3
bifurc,even_odd,_todd23,1,0.2,3,4bd5,1b95,True,11,correct,1,True,10,23,2.3
bifurc,even_odd,_todd23,1,0.2,1,1b9d,395,True,47,spurious,-1,False,10,23,2.3
bifurc,even_odd,_todd23,1,0.2,4,179c,2b4,True,34,spurious,-1,False,10,23,2.3
bifurc,even_odd,_todd23,1,0.2,3,1215,395,True,44,spurious,-1,False,10,23,2.3
bifurc,even_odd,_todd23,1,0.2,2,1b81,1b95,True,11,correct,1,True,10,23,2.3
bifurc,even_odd,_todd23,1,0.2,5,d305,395,True,87,spurious,-1,False,10,23,2.3
bifurc,even_odd,_todd23,1,0.2,4,1214,2b4,True,77,spurious,-1,False,10,23,2.3
bifurc,even_odd,_todd23,1,0.2,1,1b97,1b95,True,24,correct,1,True,10,23,2.3
bifurc,even_odd,_todd23,1,0.2,5,3b50,1315,False,1572,oscillated,-1,False,10,23,2.3
bifurc,even_odd,_todd23,1,0.2,5,717,395,True,44,spurious,-1,False,10,23,2.3
bifurc,even_odd,_todd23,1,0.2,4,396,2b4,True,34,spurious,-1,False,10,23,2.3
bifurc,even_odd,_todd23,1,0.2,1,1395,395,True,11,spurious,-1,False,10,23,2.3
bifurc,even_odd,_todd23,1,0.2,4,5194,58a4,True,80,spurious,-1,False,10,23,2.3
bifurc,even_odd,_todd23,1,0.2,3,1291,2b4,True,34,spurious,-1,False,10,23,2.3
bifurc,even_odd,_todd23,1,0.2,3,1bad,58a4,True,44,spurious,-1,False,10,23,2.3
bifurc,even_odd,_todd23,1,0.2,5,cbf5,58a4,True,54,spurious,-1,False,10,23,2.3
bifurc,even_odd,_todd23,1,0.2,6,17b8,42f8,True,21,spurious,-1,False,10,23,2.3
bifurc,even_odd,_todd23,1,0.2,2,1bc5,1b95,True,11,correct,1,True,10,23,2.3
bifurc,even_odd,_todd23,1,0.2,4,1097,2b4,True,44,spurious,-1,False,10,23,2.3
bifurc,even_odd,_todd23,1,0.2,6,3982,fca6,True,44,wrong_pattern,0,False,10,23,2.3
bifurc,even_odd,_todd23,1,0.2,4,3797,a797,True,44,spurious,-1,False,10,23,2.3
bifurc,even_odd,_todd23,1,0.2,2,1b96,58a4,True,67,spurious,-1,False,10,23,2.3
bifurc,even_odd,_todd23,1,0.2,4,1b18,359,True,34,spurious,-1,False,10,23,2.3
bifurc,even_odd,_todd23,1,0.2,2,1195,395,True,47,spurious,-1,False,10,23,2.3
bifurc,even_odd,_todd23,1,0.2,3,9b5,58a4,True,21,spurious,-1,False,10,23,2.3
bifurc,even_odd,_todd23,1,0.2,5,22b5,2b4,True,24,spurious,-1,False,10,23,2.3
bifurc,even_odd,_todd23,1,0.2,3,19b1,58a4,True,11,spurious,-1,False,10,23,2.3
bifurc,even_odd,_todd23,1,0.2,6,7a98,58a4,True,34,spurious,-1,False,10,23,2.3
bifurc,even_odd,_todd23,1,0.2,1,1b97,1b95,True,24,correct,1,True,10,23,2.3
bifurc,even_odd,_todd23,1,0.2,4,1a07,1b95,True,44,correct,1,True,10,23,2.3
bifurc,even_odd,_todd23,1,0.2,3,3a15,1b95,True,24,correct,1,True,10,23,2.3
bifurc,even_odd,_todd23,1,0.2,5,8b5d,359,True,24,spurious,-1,False,10,23,2.3
bifurc,even_odd,_todd23,2,0.2,4,96f7,a6b6,True,24,correct,2,True,10,23,2.3
bifurc,even_odd,_todd23,2,0.2,3,b6a4,a6b6,True,44,correct,2,True,10,23,2.3
bifurc,even_odd,_todd23,2,0.2,4,c7b2,a6b6,True,34,correct,2,True,10,23,2.3
bifurc,even_odd,_todd23,2,0.2,2,a63e,e6fa,True,34,spurious,-1,False,10,23,2.3
bifurc,even_odd,_todd23,2,0.2,5,a4ce,e6fa,True,34,spurious,-1,False,10,23,2.3
bifurc,even_odd,_todd23,2,0.2,2,a6fe,e6fa,True,21,spurious,-1,False,10,23,2.3
bifurc,even_odd,_todd23,2,0.2,5,379e,a6b6,True,34,correct,2,True,10,23,2.3
bifurc,even_odd,_todd23,2,0.2,5,e41e,a75b,True,44,spurious,-1,False,10,23,2.3
bifurc,even_odd,_todd23,2,0.2,3,a432,e6fa,True,34,spurious,-1,False,10,23,2.3
bifurc,even_odd,_todd23,2,0.2,2,24b6,fca6,True,44,wrong_pattern,0,False,10,23,2.3
bifurc,even_odd,_todd23,2,0.2,2,a69e,a6b6,True,24,correct,2,True,10,23,2.3
bifurc,even_odd,_todd23,2,0.2,5,f23e,e6fa,True,54,spurious,-1,False,10,23,2.3
bifurc,even_odd,_todd23,2,0.2,7,6f84,58a4,True,57,spurious,-1,False,10,23,2.3
bifurc,even_odd,_todd23,2,0.2,1,e6b6,a6b6,True,11,correct,2,True,10,23,2.3
bifurc,even_odd,_todd23,2,0.2,4,aa97,fca6,True,87,wrong_pattern,0,False,10,23,2.3
bifurc,even_odd,_todd23,2,0.2,2,a3b6,a6b6,True,11,correct,2,True,10,23,2.3
bifurc,even_odd,_todd23,2,0.2,3,afb4,fca6,True,54,wrong_pattern,0,False,10,23,2.3
bifurc,even_odd,_todd23,2,0.2,5,96af,a6b6,True,57,correct,2,True,10,23,2.3
bifurc,even_odd,_todd23,2,0.2,3,a635,a6b6,True,57,correct,2,True,10,23,2.3
bifurc,even_odd,_todd23,2,0.2,6,ac1f,fd4b,True,21,spurious,-1,False,10,23,2.3
bifurc,even_odd,_todd23,2,0.2,4,84b0,58a4,True,44,spurious,-1,False,10,23,2.3
bifurc,even_odd,_todd23,2,0.2,3,a732,a677,False,1572,oscillated,-1,False,10,23,2.3
bifurc,even_odd,_todd23,2,0.2,5,86a1,2b4,True,44,spurious,-1,False,10,23,2.3
bifurc,even_odd,_todd23,2,0.2,9,8b00,359,True,57,spurious,-1,False,10,23,2.3
bifurc,even_odd,_todd23,2,0.2,1,a6b7,a6b6,True,11,correct,2,True,10,23,2.3
bifurc,even_odd,_todd23,2,0.2,1,a6be,a6b6,True,24,correct,2,True,10,23,2.3
bifurc,even_odd,_todd23,2,0.2,5,276,42f8,True,44,spurious,-1,False,10,23,2.3
bifurc,even_odd,_todd23,2,0.2,2,26b4,2b4,True,44,spurious,-1,False,10,23,2.3
bifurc,even_odd,_todd23,2,0.2,2,a694,a6b6,True,24,correct,2,True,10,23,2.3
bifurc,even_odd,_todd23,2,0.2,5,624,2b4,True,24,spurious,-1,False,10,23,2.3
bifurc,even_odd,_todd23,2,0.2,5,6fb7,fca6,True,54,wrong_pattern,0,False,10,23,2.3
bifurc,even_odd,_todd23,2,0.2,5,3232,e6fa,True,44,spurious,-1,False,10,23,2.3
bifurc,even_odd,_todd23,2,0.2,1,a6be,a6b6,True,24,correct,2,True,10,23,2.3
bifurc,even_odd,_todd23,2,0.2,1,aeb6,fca6,True,54,wrong_pattern,0,False,10,23,2.3
bifurc,even_odd,_todd23,2,0.2,3,34b6,fca6,True,44,wrong_pattern,0,False,10,23,2.3
bifurc,even_odd,_todd23,2,0.2,3,27f6,a6b6,True,24,correct,2,True,10,23,2.3
bifurc,even_odd,_todd23,2,0.2,3,26f2,a6b6,True,34,correct,2,True,10,23,2.3
bifurc,even_odd,_todd23,2,0.2,3,b6e6,a6b6,True,21,correct,2,True,10,23,2.3
bifurc,even_odd,_todd23,2,0.2,3,a6d4,a6b6,True,24,correct,2,True,10,23,2.3
bifurc,even_odd,_todd23,2,0.2,1,a6b2,a6b6,True,11,correct,2,True,10,23,2.3
bifurc,even_odd,_todd23,2,0.2,2,a69e,a6b6,True,24,correct,2,True,10,23,2.3
bifurc,even_odd,_todd23,2,0.2,3,87a6,a6b6,True,24,correct,2,True,10,23,2.3
bifurc,even_odd,_todd23,2,0.2,1,a6be,a6b6,True,24,correct,2,True,10,23,2.3
bifurc,even_odd,_todd23,2,0.2,0,a6b6,a6b6,True,0,correct,2,True,10,23,2.3
bifurc,even_odd,_todd23,2,0.2,4,b0f6,fca6,True,44,wrong_pattern,0,False,10,23,2.3
bifurc,even_odd,_todd23,2,0.2,7,94df,a75b,True,84,spurious,-1,False,10,23,2.3
bifurc,even_odd,_todd23,2,0.2,2,a6b0,a6b6,True,24,correct,2,True,10,23,2.3
bifurc,even_odd,_todd23,2,0.2,5,6635,359,True,80,spurious,-1,False,10,23,2.3
bifurc,even_odd,_todd23,2,0.2,3,36b2,a6b6,True,24,correct,2,True,10,23,2.3
bifurc,even_odd,_todd23,2,0.2,5,e433,a75b,True,57,spurious,-1,False,10,23,2.3
bifurc,even_odd,_todd23,2,0.2,3,a6b8,e6fa,True,34,spurious,-1,False,10,23,2.3
bifurc,even_odd,_todd23,2,0.2,7,c70e,a75b,True,34,spurious,-1,False,10,23,2.3
bifurc,even_odd,_todd23,2,0.2,3,a6e4,a6b6,True,24,correct,2,True,10,23,2.3
bifurc,even_odd,_todd23,2,0.2,1,a4b6,fca6,True,44,wrong_pattern,0,False,10,23,2.3
bifurc,even_odd,_todd23,2,0.2,3,a6f5,a6b6,True,24,correct,2,True,10,23,2.3
bifurc,even_odd,_todd23,2,0.2,2,26be,a6b6,True,24,correct,2,True,10,23,2.3
bifurc,even_odd,_todd23,2,0.2,3,a6e7,a6b6,True,11,correct,2,True,10,23,2.3
bifurc,even_odd,_todd23,2,0.2,2,aef6,a6b6,True,34,correct,2,True,10,23,2.3
bifurc,even_odd,_todd23,2,0.2,3,b2a6,a6b6,True,21,correct,2,True,10,23,2.3
bifurc,even_odd,_todd23,2,0.2,3,c6b7,a6b6,True,24,correct,2,True,10,23,2.3
bifurc,even_odd,_todd23,2,0.2,4,2486,fca6,True,47,wrong_pattern,0,False,10,23,2.3
bifurc,even_odd,_todd23,2,0.2,2,86b2,a6b6,True,24,correct,2,True,10,23,2.3
bifurc,even_odd,_todd23,2,0.2,4,ecf6,fca6,True,11,wrong_pattern,0,False,10,23,2.3
bifurc,even_odd,_todd23,2,0.2,1,a6f6,a6b6,True,11,correct,2,True,10,23,2.3
bifurc,even_odd,_todd23,2,0.2,4,9ea6,fca6,True,24,wrong_pattern,0,False,10,23,2.3
bifurc,even_odd,_todd23,2,0.2,4,a0f2,fca6,True,54,wrong_pattern,0,False,10,23,2.3
bifurc,even_odd,_todd23,2,0.2,4,33b6,a6b6,True,44,correct,2,True,10,23,2.3
bifurc,even_odd,_todd23,2,0.2,6,9282,a6b6,True,44,correct,2,True,10,23,2.3
bifurc,even_odd,_todd23,2,0.2,4,e2a4,fca6,True,67,wrong_pattern,0,False,10,23,2.3
bifurc,even_odd,_todd23,2,0.2,2,86a6,a6b6,True,24,correct,2,True,10,23,2.3
bifurc,even_odd,_todd23,2,0.2,3,2ef6,a6b6,True,34,correct,2,True,10,23,2.3
bifurc,even_odd,_todd23,2,0.2,2,aebe,a6b6,True,34,correct,2,True,10,23,2.3
bifurc,even_odd,_todd23,2,0.2,4,2ee6,fca6,True,44,wrong_pattern,0,False,10,23,2.3
bifurc,even_odd,_todd23,2,0.2,2,87b6,a6b6,True,24,correct,2,True,10,23,2.3
bifurc,even_odd,_todd23,2,0.2,5,25ba,e6fa,True,34,spurious,-1,False,10,23,2.3
bifurc,even_odd,_todd23,2,0.2,2,86a6,a6b6,True,24,correct,2,True,10,23,2.3
bifurc,even_odd,_todd23,2,0.2,4,bab2,a6b6,True,34,correct,2,True,10,23,2.3
bifurc,even_odd,_todd23,2,0.2,4,a7f5,a6b6,True,34,correct,2,True,10,23,2.3
bifurc,even_odd,_todd23,2,0.2,4,e624,e6fa,True,41,spurious,-1,False,10,23,2.3
bifurc,even_odd,_todd23,2,0.2,4,60b6,fca6,True,44,wrong_pattern,0,False,10,23,2.3
bifurc,even_odd,_todd23,3,0.2,3,dd03,bd07,True,34,correct,3,True,10,23,2.3
bifurc,even_odd,_todd23,3,0.2,3,fd04,bd07,True,34,correct,3,True,10,23,2.3
bifurc,even_odd,_todd23,3,0.2,3,9d45,1905,True,44,spurious,-1,False,10,23,2.3
bifurc,even_odd,_todd23,3,0.2,7,88f,58a4,True,57,spurious,-1,False,10,23,2.3
bifurc,even_odd,_todd23,3,0.2,2,fd0f,fd4b,True,21,spurious,-1,False,10,23,2.3
bifurc,even_odd,_todd23,3,0.2,6,1845,1905,True,21,spurious,-1,False,10,23,2.3
bifurc,even_odd,_todd23,3,0.2,6,8963,fd4b,True,44,spurious,-1,False,10,23,2.3
bifurc,even_odd,_todd23,3,0.2,2,b587,a797,True,54,spurious,-1,False,10,23,2.3
bifurc,even_odd,_todd23,3,0.2,2,ad06,bd07,True,11,correct,3,True,10,23,2.3
bifurc,even_odd,_todd23,3,0.2,3,390f,bd07,True,44,correct,3,True,10,23,2.3
bifurc,even_odd,_todd23,3,0.2,1,bd47,bd07,True,11,correct,3,True,10,23,2.3
bifurc,even_odd,_todd23,3,0.2,3,f517,bd07,True,34,correct,3,True,10,23,2.3
bifurc,even_odd,_todd23,3,0.2,3,ad85,bd07,True,54,correct,3,True,10,23,2.3
bifurc,even_odd,_todd23,3,0.2,5,cd1f,fd4b,True,44,spurious,-1,False,10,23,2.3
bifurc,even_odd,_todd23,3,0.2,2,b503,a75b,True,44,spurious,-1,False,10,23,2.3
bifurc,even_odd,_todd23,3,0.2,3,bc26,fca6,True,24,wrong_pattern,0,False,10,23,2.3
bifurc,even_odd,_todd23,3,0.2,2,a907,bd07,True,11,correct,3,True,10,23,2.3
bifurc,even_odd,_todd23,3,0.2,4,9d55,1905,True,44,spurious,-1,False,10,23,2.3
bifurc,even_odd,_todd23,3,0.2,3,ad86,fca6,True,64,wrong_pattern,0,False,10,23,2.3
bifurc,even_odd,_todd23,3,0.2,3,f547,fd4b,True,67,spurious,-1,False,10,23,2.3
bifurc,even_odd,_todd23,3,0.2,2,b503,a75b,True,44,spurious,-1,False,10,23,2.3
bifurc,even_odd,_todd23,3,0.2,4,bf2d,a797,True,44,spurious,-1,False,10,23,2.3
bifurc,even_odd,_todd23,3,0.2,2,bc05,bd07,True,24,correct,3,True,10,23,2.3
bifurc,even_odd,_todd23,3,0.2,6,fccd,fd8a,False,1572,oscillated,-1,False,10,23,2.3
bifurc,even_odd,_todd23,3,0.2,4,e506,a75b,True,54,spurious,-1,False,10,23,2.3
bifurc,even_odd,_todd23,3,0.2,4,9d12,bd07,True,44,correct,3,True,10,23,2.3
bifurc,even_odd,_todd23,3,0.2,2,fd05,bd07,True,24,correct,3,True,10,23,2.3
bifurc,even_odd,_todd23,3,0.2,3,1d17,1905,True,44,spurious,-1,False,10,23,2.3
bifurc,even_odd,_todd23,3,0.2,5,1b47,1b95,True,44,wrong_pattern,1,False,10,23,2.3
bifurc,even_odd,_todd23,3,0.2,3,be87,fca6,True,57,wrong_pattern,0,False,10,23,2.3
bifurc,even_odd,_todd23,3,0.2,5,f113,a75b,True,44,spurious,-1,False,10,23,2.3
bifurc,even_odd,_todd23,3,0.2,5,b34f,a75b,True,11,spurious,-1,False,10,23,2.3
bifurc,even_odd,_todd23,3,0.2,1,b507,bd07,True,24,correct,3,True,10,23,2.3
bifurc,even_odd,_todd23,3,0.2,5,e901,bd07,True,44,correct,3,True,10,23,2.3
bifurc,even_odd,_todd23,3,0.2,2,9d03,bd07,True,24,correct,3,True,10,23,2.3
bifurc,even_odd,_todd23,3,0.2,4,ff45,bd07,True,34,correct,3,True,10,23,2.3
bifurc,even_odd,_todd23,3,0.2,3,b50b,a75b,True,44,spurious,-1,False,10,23,2.3
bifurc,even_odd,_todd23,3,0.2,4,b536,fca6,True,90,wrong_pattern,0,False,10,23,2.3
bifurc,even_odd,_todd23,3,0.2,1,bd17,bd07,True,11,correct,3,True,10,23,2.3
bifurc,even_odd,_todd23,3,0.2,5,3596,a6b6,True,44,wrong_pattern,2,False,10,23,2.3
bifurc,even_odd,_todd23,3,0.2,3,ba07,bf97,True,44,spurious,-1,False,10,23,2.3
bifurc,even_odd,_todd23,3,0.2,4,a847,bd07,True,21,correct,3,True,10,23,2.3
bifurc,even_odd,_todd23,3,0.2,2,b547,a75b,True,44,spurious,-1,False,10,23,2.3
bifurc,even_odd,_todd23,3,0.2,2,9d03,bd07,True,24,correct,3,True,10,23,2.3
bifurc,even_odd,_todd23,3,0.2,2,b107,bd07,True,24,correct,3,True,10,23,2.3
bifurc,even_odd,_todd23,3,0.2,3,bc97,fca6,True,44,wrong_pattern,0,False,10,23,2.3
bifurc,even_odd,_todd23,3,0.2,4,b44f,a75b,True,54,spurious,-1,False,10,23,2.3
bifurc,even_odd,_todd23,3,0.2,6,f7a3,a6b6,True,11,wrong_pattern,2,False,10,23,2.3
bifurc,even_odd,_todd23,3,0.2,3,9587,a797,True,54,spurious,-1,False,10,23,2.3
bifurc,even_odd,_todd23,3,0.2,3,ad67,bd07,True,54,correct,3,True,10,23,2.3
bifurc,even_odd,_todd23,3,0.2,4,be0b,fd4b,True,51,spurious,-1,False,10,23,2.3
bifurc,even_odd,_todd23,3,0.2,4,7c06,bd07,True,54,correct,3,True,10,23,2.3
bifurc,even_odd,_todd23,3,0.2,2,bd15,bd07,True,44,correct,3,True,10,23,2.3
bifurc,even_odd,_todd23,3,0.2,2,a507,bf97,True,54,spurious,-1,False,10,23,2.3
bifurc,even_odd,_todd23,3,0.2,3,b406,bd07,True,54,correct,3,True,10,23,2.3
bifurc,even_odd,_todd23,3,0.2,3,b805,bd07,True,44,correct,3,True,10,23,2.3
bifurc,even_odd,_todd23,3,0.2,4,b047,a75b,True,44,spurious,-1,False,10,23,2.3
bifurc,even_odd,_todd23,3,0.2,5,b91c,bd07,True,44,correct,3,True,10,23,2.3
bifurc,even_odd,_todd23,3,0.2,3,3517,bf97,True,47,spurious,-1,False,10,23,2.3
bifurc,even_odd,_todd23,3,0.2,2,bd57,bd07,True,11,correct,3,True,10,23,2.3
bifurc,even_odd,_todd23,3,0.2,1,bc07,bd07,True,11,correct,3,True,10,23,2.3
bifurc,even_odd,_todd23,3,0.2,4,bd52,bd07,True,21,correct,3,True,10,23,2.3
bifurc,even_odd,_todd23,3,0.2,4,1903,1905,True,24,spurious,-1,False,10,23,2.3
bifurc,even_odd,_todd23,3,0.2,2,bd0e,fd4b,True,51,spurious,-1,False,10,23,2.3
bifurc,even_odd,_todd23,3,0.2,3,b567,a75b,True,44,spurious,-1,False,10,23,2.3
bifurc,even_odd,_todd23,3,0.2,4,1da7,58a4,True,44,spurious,-1,False,10,23,2.3
bifurc,even_odd,_todd23,3,0.2,3,f707,a797,True,87,spurious,-1,False,10,23,2.3
bifurc,even_odd,_todd23,3,0.2,2,b707,a797,True,44,spurious,-1,False,10,23,2.3
bifurc,even_odd,_todd23,3,0.2,5,9de6,fca6,True,34,wrong_pattern,0,False,10,23,2.3
bifurc,even_odd,_todd23,3,0.2,1,3d07,bd07,True,24,correct,3,True,10,23,2.3
bifurc,even_odd,_todd23,3,0.2,7,6c0c,5949,True,44,spurious,-1,False,10,23,2.3
bifurc,even_odd,_todd23,3,0.2,4,e707,a75b,True,34,spurious,-1,False,10,23,2.3
bifurc,even_odd,_todd23,3,0.2,3,3d16,bd07,True,44,correct,3,True,10,23,2.3
bifurc,even_odd,_todd23,3,0.2,3,bd24,fca6,True,57,wrong_pattern,0,False,10,23,2.3
bifurc,even_odd,_todd23,3,0.2,4,3c16,bd07,True,44,correct,3,True,10,23,2.3
bifurc,even_odd,_todd23,3,0.2,3,bdb7,fca6,True,21,wrong_pattern,0,False,10,23,2.3
bifurc,even_odd,_todd23,3,0.2,1,b907,bd07,True,11,correct,3,True,10,23,2.3
bifurc,even_odd,_todd23,3,0.2,0,bd07,bd07,True,0,correct,3,True,10,23,2.3
bifurc,even_odd,_todd23,3,0.2,3,9c05,1905,True,44,spurious,-1,False,10,23,2.3
bifurc,even_odd,_todd23,3,0.2,3,3d8f,bd07,True,34,correct,3,True,10,23,2.3
bifurc,even_odd,_todd23,0,0.4,4,dc34,58a4,True,44,spurious,-1,False,10,23,2.3
bifurc,even_odd,_todd23,0,0.4,6,ca87,fca6,True,57,correct,0,True,10,23,2.3
bifurc,even_odd,_todd23,0,0.4,5,7af6,fca6,True,44,correct,0,True,10,23,2.3
bifurc,even_odd,_todd23,0,0.4,3,fc37,fca6,True,57,correct,0,True,10,23,2.3
bifurc,even_odd,_todd23,0,0.4,4,d4aa,fca6,True,34,correct,0,True,10,23,2.3
bifurc,even_odd,_todd23,0,0.4,6,5d8c,58a4,True,80,spurious,-1,False,10,23,2.3
bifurc,even_odd,_todd23,0,0.4,5,b807,bd07,True,11,wrong_pattern,3,False,10,23,2.3
bifurc,even_odd,_todd23,0,0.4,9,b21f,a75b,True,11,spurious,-1,False,10,23,2.3
bifurc,even_odd,_todd23,0,0.4,5,6d82,fca6,True,44,correct,0,True,10,23,2.3
bifurc,even_odd,_todd23,0,0.4,7,b8cb,fca6,True,80,correct,0,True,10,23,2.3
bifurc,even_odd,_todd23,0,0.4,6,6e64,58a4,True,57,spurious,-1,False,10,23,2.3
bifurc,even_odd,_todd23,0,0.4,5,de8f,fca6,True,34,correct,0,True,10,23,2.3
bifurc,even_odd,_todd23,0,0.4,5,d52e,fd4b,True,67,spurious,-1,False,10,23,2.3
bifurc,even_odd,_todd23,0,0.4,8,6af3,fca6,True,44,correct,0,True,10,23,2.3
bifurc,even_odd,_todd23,0,0.4,6,9ce8,58a4,True,44,spurious,-1,False,10,23,2.3
bifurc,even_odd,_todd23,0,0.4,7,a481,a6b6,True,44,wrong_pattern,2,False,10,23,2.3
bifurc,even_odd,_todd23,0,0.4,7,ccda,fc6a,True,44,spurious,-1,False,10,23,2.3
bifurc,even_odd,_todd23,0,0.4,6,703e,ecea,False,1572,oscillated,-1,False,10,23,2.3
bifurc,even_odd,_todd23,0,0.4,5,df66,fc23,False,1572,oscillated,-1,False,10,23,2.3
bifurc,even_odd,_todd23,0,0.4,9,4693,2b4,True,44,spurious,-1,False,10,23,2.3
bifurc,even_odd,_todd23,0,0.4,8,1f25,1b95,True,44,wrong_pattern,1,False,10,23,2.3
bifurc,even_odd,_todd23,0,0.4,8,7b2b,fd4b,True,44,spurious,-1,False,10,23,2.3
bifurc,even_odd,_todd23,0,0.4,6,64e3,fca6,True,54,correct,0,True,10,23,2.3
bifurc,even_odd,_todd23,0,0.4,3,bc8e,fca6,True,34,correct,0,True,10,23,2.3
bifurc,even_odd,_todd23,0,0.4,4,f527,bd07,True,34,wrong_pattern,3,False,10,23,2.3
bifurc,even_odd,_todd23,0,0.4,2,fca5,fca6,True,24,correct,0,True,10,23,2.3
bifurc,even_odd,_todd23,0,0.4,5,b984,fca6,True,44,correct,0,True,10,23,2.3
bifurc,even_odd,_todd23,0,0.4,9,c730,359,True,80,spurious,-1,False,10,23,2.3
bifurc,even_odd,_todd23,0,0.4,6,98e5,58a4,True,34,spurious,-1,False,10,23,2.3
bifurc,even_odd,_todd23,0,0.4,8,754c,5949,True,67,spurious,-1,False,10,23,2.3
bifurc,even_odd,_todd23,0,0.4,5,b825,fca6,True,57,correct,0,True,10,23,2.3
bifurc,even_odd,_todd23,0,0.4,7,a1e7,a6b6,True,80,wrong_pattern,2,False,10,23,2.3
bifurc,even_odd,_todd23,0,0.4,7,958a,a75b,True,84,spurious,-1,False,10,23,2.3
bifurc,even_odd,_todd23,0,0.4,9,307c,4068,True,44,spurious,-1,False,10,23,2.3
bifurc,even_odd,_todd23,0,0.4,4,d0a7,fca6,True,44,correct,0,True,10,23,2.3
bifurc,even_odd,_todd23,0,0.4,4,fe2c,fca6,True,57,correct,0,True,10,23,2.3
bifurc,even_odd,_todd23,0,0.4,5,ff16,bd07,True,34,wrong_pattern,3,False,10,23,2.3
bifurc,even_odd,_todd23,0,0.4,7,8ee,58a4,True,44,spurious,-1,False,10,23,2.3
bifurc,even_odd,_todd23,0,0.4,7,6c89,59cc,False,1572,oscillated,-1,False,10,23,2.3
bifurc,even_odd,_todd23,0,0.4,8,9a03,bf97,True,44,spurious,-1,False,10,23,2.3
bifurc,even_odd,_todd23,0,0.4,7,a828,fc6a,True,44,spurious,-1,False,10,23,2.3
bifurc,even_odd,_todd23,0,0.4,6,f44c,fd4b,True,34,spurious,-1,False,10,23,2.3
bifurc,even_odd,_todd23,0,0.4,6,5db0,58a4,True,11,spurious,-1,False,10,23,2.3
bifurc,even_odd,_todd23,0,0.4,7,1d94,58a4,True,44,spurious,-1,False,10,23,2.3
bifurc,even_odd,_todd23,0,0.4,6,a587,a797,True,54,spurious,-1,False,10,23,2.3
bifurc,even_odd,_todd23,0,0.4,11,4231,359,True,80,spurious,-1,False,10,23,2.3
bifurc,even_odd,_todd23,0,0.4,5,8cb2,fca6,True,44,correct,0,True,10,23,2.3
bifurc,even_odd,_todd23,0,0.4,6,ef67,bf97,True,87,spurious,-1,False,10,23,2.3
bifurc,even_odd,_todd23,0,0.4,6,bdcf,bd07,True,34,wrong_pattern,3,False,10,23,2.3
bifurc,even_odd,_todd23,0,0.4,5,d4a8,58a4,True,44,spurious,-1,False,10,23,2.3
bifurc,even_odd,_todd23,0,0.4,5,dee5,58a4,True,44,spurious,-1,False,10,23,2.3
bifurc,even_odd,_todd23,0,0.4,6,2d66,fd4b,True,47,spurious,-1,False,10,23,2.3
bifurc,even_odd,_todd23,0,0.4,7,3d88,58a4,True,80,spurious,-1,False,10,23,2.3
bifurc,even_odd,_todd23,0,0.4,9,4f12,1b95,True,87,wrong_pattern,1,False,10,23,2.3
bifurc,even_odd,_todd23,0,0.4,5,fb22,fc67,False,1572,oscillated,-1,False,10,23,2.3
bifurc,even_odd,_todd23,0,0.4,7,f1d7,bf97,True,47,spurious,-1,False,10,23,2.3
bifurc,even_odd,_todd23,0,0.4,6,de2b,fd4b,True,44,spurious,-1,False,10,23,2.3
bifurc,even_odd,_todd23,0,0.4,5,78c7,fca6,True,44,correct,0,True,10,23,2.3
bifurc,even_odd,_todd23,0,0.4,7,6aa8,58a4,True,34,spurious,-1,False,10,23,2.3
bifurc,even_odd,_todd23,0,0.4,7,72ab,a6b6,True,110,wrong_pattern,2,False,10,23,2.3
bifurc,even_odd,_todd23,0,0.4,6,d28e,a6b6,True,80,wrong_pattern,2,False,10,23,2.3
bifurc,even_odd,_todd23,0,0.4,5,9c34,58a4,True,44,spurious,-1,False,10,23,2.3
bifurc,even_odd,_todd23,0,0.4,9,e05c,a75b,True,44,spurious,-1,False,10,23,2.3
bifurc,even_odd,_todd23,0,0.4,7,d542,fd4b,True,34,spurious,-1,False,10,23,2.3
bifurc,even_odd,_todd23,0,0.4,6,5dea,5868,True,44,spurious,-1,False,10,23,2.3
bifurc,even_odd,_todd23,0,0.4,7,f2cc,e6fa,True,87,spurious,-1,False,10,23,2.3
bifurc,even_odd,_todd23,0,0.4,8,80f4,58a4,True,44,spurious,-1,False,10,23,2.3
bifurc,even_odd,_todd23,0,0.4,8,95c5,395,True,77,spurious,-1,False,10,23,2.3
bifurc,even_odd,_todd23,0,0.4,7,b3b7,a6b6,True,11,wrong_pattern,2,False,10,23,2.3
bifurc,even_odd,_todd23,0,0.4,5,d726,a6b6,True,87,wrong_pattern,2,False,10,23,2.3
bifurc,even_odd,_todd23,0,0.4,8,d7f0,2b4,True,44,spurious,-1,False,10,23,2.3
bifurc,even_odd,_todd23,0,0.4,11,3079,359,True,57,spurious,-1,False,10,23,2.3
bifurc,even_odd,_todd23,0,0.4,6,3fa3,fca6,True,44,correct,0,True,10,23,2.3
bifurc,even_odd,_todd23,0,0.4,9,33ce,e6fa,True,67,spurious,-1,False,10,23,2.3
bifurc,even_odd,_todd23,0,0.4,7,5c4c,5949,True,11,spurious,-1,False,10,23,2.3
bifurc,even_odd,_todd23,0,0.4,4,d1a6,fca6,True,44,correct,0,True,10,23,2.3
bifurc,even_odd,_todd23,0,0.4,6,94ec,4068,True,87,spurious,-1,False,10,23,2.3
bifurc,even_odd,_todd23,0,0.4,6,b59e,a6b6,True,80,wrong_pattern,2,False,10,23,2.3
bifurc,even_odd,_todd23,0,0.4,8,799d,1905,True,34,spurious,-1,False,10,23,2.3
bifurc,even_odd,_todd23,0,0.4,6,6ce8,5868,True,44,spurious,-1,False,10,23,2.3
bifurc,even_odd,_todd23,1,0.4,9,b152,a75b,True,34,spurious,-1,False,10,23,2.3
bifurc,even_odd,_todd23,1,0.4,7,4b4f,359,True,44,spurious,-1,False,10,23,2.3
bifurc,even_odd,_todd23,1,0.4,7,83fc,42f8,True,51,spurious,-1,False,10,23,2.3
bifurc,even_odd,_todd23,1,0.4,9,fef9,e46a,True,54,spurious,-1,False,10,23,2.3
bifurc,even_odd,_todd23,1,0.4,7,adb4,fca6,True,44,wrong_pattern,0,False,10,23,2.3
bifurc,even_odd,_todd23,1,0.4,5,3980,58a4,True,44,spurious,-1,False,10,23,2.3
bifurc,even_odd,_todd23,1,0.4,7,29e4,58a4,True,34,spurious,-1,False,10,23,2.3
bifurc,even_odd,_todd23,1,0.4,7,ddcd,1905,True,44,spurious,-1,False,10,23,2.3
bifurc,even_odd,_todd23,1,0.4,7,8854,1905,True,44,spurious,-1,False,10,23,2.3
bifurc,even_odd,_todd23,1,0.4,7,3d00,1905,True,44,spurious,-1,False,10,23,2.3
bifurc,even_odd,_todd23,1,0.4,7,5d4d,5949,True,11,spurious,-1,False,10,23,2.3
bifurc,even_odd,_todd23,1,0.4,5,9389,359,True,57,spurious,-1,False,10,23,2.3
bifurc,even_odd,_todd23,1,0.4,8,36bb,e6fa,True,34,spurious,-1,False,10,23,2.3
bifurc,even_odd,_todd23,1,0.4,10,22fa,e6fa,True,44,spurious,-1,False,10,23,2.3
bifurc,even_odd,_todd23,1,0.4,5,1c1d,1905,True,44,spurious,-1,False,10,23,2.3
bifurc,even_odd,_todd23,1,0.4,10,f51e,a75b,True,44,spurious,-1,False,10,23,2.3
bifurc,even_odd,_todd23,1,0.4,9,2d20,5949,True,57,spurious,-1,False,10,23,2.3
bifurc,even_odd,_todd23,1,0.4,5,d19d,395,True,47,spurious,-1,False,10,23,2.3
bifurc,even_odd,_todd23,1,0.4,4,5db5,58a4,True,21,spurious,-1,False,10,23,2.3
bifurc,even_odd,_todd23,1,0.4,9,8677,a732,False,1572,oscillated,-1,False,10,23,2.3
bifurc,even_odd,_todd23,1,0.4,5,5814,1905,True,11,spurious,-1,False,10,23,2.3
bifurc,even_odd,_todd23,1,0.4,6,1cd6,58a4,True,44,spurious,-1,False,10,23,2.3
bifurc,even_odd,_todd23,1,0.4,5,d2d5,2b4,True,44,spurious,-1,False,10,23,2.3
bifurc,even_odd,_todd23,1,0.4,5,18df,58a4,True,80,spurious,-1,False,10,23,2.3
bifurc,even_odd,_todd23,1,0.4,9,356d,359,True,87,spurious,-1,False,10,23,2.3
bifurc,even_odd,_todd23,1,0.4,7,528b,42f8,True,77,spurious,-1,False,10,23,2.3
bifurc,even_odd,_todd23,1,0.4,8,d979,5949,True,24,spurious,-1,False,10,23,2.3
bifurc,even_odd,_todd23,1,0.4,6,5d57,1905,True,44,spurious,-1,False,10,23,2.3
bifurc,even_odd,_todd23,1,0.4,4,3b13,a797,True,67,spurious,-1,False,10,23,2.3
bifurc,even_odd,_todd23,1,0.4,5,5591,1b95,True,47,correct,1,True,10,23,2.3
bifurc,even_odd,_todd23,1,0.4,9,a821,fd4b,True,57,spurious,-1,False,10,23,2.3
bifurc,even_odd,_todd23,1,0.4,5,b381,a797,True,44,spurious,-1,False,10,23,2.3
bifurc,even_odd,_todd23,1,0.4,2,b97,1b95,True,44,correct,1,True,10,23,2.3
bifurc,even_odd,_todd23,1,0.4,6,5b3b,359,True,77,spurious,-1,False,10,23,2.3
bifurc,even_odd,_todd23,1,0.4,5,3bd2,a6b6,True,67,wrong_pattern,2,False,10,23,2.3
bifurc,even_odd,_todd23,1,0.4,6,72c5,2b4,True,44,spurious,-1,False,10,23,2.3
bifurc,even_odd,_todd23,1,0.4,10,ee2d,a75b,True,57,spurious,-1,False,10,23,2.3
bifurc,even_odd,_todd23,1,0.4,9,eeb,42f8,True,44,spurious,-1,False,10,23,2.3
bifurc,even_odd,_todd23,1,0.4,4,da15,1905,True,34,spurious,-1,False,10,23,2.3
bifurc,even_odd,_todd23,1,0.4,2,1b05,1b95,True,44,correct,1,True,10,23,2.3
bifurc,even_odd,_todd23,1,0.4,10,b406,bd07,True,54,wrong_pattern,3,False,10,23,2.3
bifurc,even_odd,_todd23,1,0.4,6,bd84,fca6,True,44,wrong_pattern,0,False,10,23,2.3
bifurc,even_odd,_todd23,1,0.4,7,3a3b,a75b,True,77,spurious,-1,False,10,23,2.3
bifurc,even_odd,_todd23,1,0.4,6,39fc,58a4,True,34,spurious,-1,False,10,23,2.3
bifurc,even_odd,_todd23,1,0.4,7,853,5949,True,77,spurious,-1,False,10,23,2.3
bifurc,even_odd,_todd23,1,0.4,6,d714,395,True,44,spurious,-1,False,10,23,2.3
bifurc,even_odd,_todd23,1,0.4,7,7eb6,fca6,True,24,wrong_pattern,0,False,10,23,2.3
bifurc,even_odd,_todd23,1,0.4,7,22b0,2b4,True,24,spurious,-1,False,10,23,2.3
bifurc,even_odd,_todd23,1,0.4,5,5307,395,True,87,spurious,-1,False,10,23,2.3
bifurc,even_odd,_todd23,1,0.4,6,bdbd,fca6,True,44,wrong_pattern,0,False,10,23,2.3
bifurc,even_odd,_todd23,1,0.4,6,a955,fd4b,True,110,spurious,-1,False,10,23,2.3
bifurc,even_odd,_todd23,1,0.4,7,55bc,58a4,True,34,spurious,-1,False,10,23,2.3
bifurc,even_odd,_todd23,1,0.4,6,5751,359,True,44,spurious,-1,False,10,23,2.3
bifurc,even_odd,_todd23,1,0.4,8,784d,5949,True,24,spurious,-1,False,10,23,2.3
bifurc,even_odd,_todd23,1,0.4,6,fd2,2b4,True,67,spurious,-1,False,10,23,2.3
bifurc,even_odd,_todd23,1,0.4,4,939c,2b4,True,34,spurious,-1,False,10,23,2.3
bifurc,even_odd,_todd23,1,0.4,4,99b7,fca6,True,44,wrong_pattern,0,False,10,23,2.3
bifurc,even_odd,_todd23,1,0.4,7,f7bd,a6b6,True,44,wrong_pattern,2,False,10,23,2.3
bifurc,even_odd,_todd23,1,0.4,8,394b,fd4b,True,44,spurious,-1,False,10,23,2.3
bifurc,even_odd,_todd23,1,0.4,6,5fe7,58a4,True,44,spurious,-1,False,10,23,2.3
bifurc,even_odd,_todd23,1,0.4,8,8a2,58a4,True,44,spurious,-1,False,10,23,2.3
bifurc,even_odd,_todd23,1,0.4,7,f9d0,fca6,True,44,wrong_pattern,0,False,10,23,2.3
bifurc,even_odd,_todd23,1,0.4,5,d2b5,2b4,True,44,spurious,-1,False,10,23,2.3
bifurc,even_odd,_todd23,1,0.4,4,381,395,True,11,spurious,-1,False,10,23,2.3
bifurc,even_odd,_todd23,1,0.4,4,b195,a797,True,77,spurious,-1,False,10,23,2.3
bifurc,even_odd,_todd23,1,0.4,8,c5f,5949,True,44,spurious,-1,False,10,23,2.3
bifurc,even_odd,_todd23,1,0.4,5,211,359,True,44,spurious,-1,False,10,23,2.3
bifurc,even_odd,_todd23,1,0.4,11,6c40,5949,True,44,spurious,-1,False,10,23,2.3
bifurc,even_odd,_todd23,1,0.4,5,ac1,58a4,True,77,spurious,-1,False,10,23,2.3
bifurc,even_odd,_todd23,1,0.4,4,3a11,395,True,34,spurious,-1,False,10,23,2.3
bifurc,even_odd,_todd23,1,0.4,4,8b55,359,True,34,spurious,-1,False,10,23,2.3
bifurc,even_odd,_todd23,1,0.4,5,7f17,bd07,True,34,wrong_pattern,3,False,10,23,2.3
bifurc,even_odd,_todd23,1,0.4,9,69f2,fca6,True,44,wrong_pattern,0,False,10,23,2.3
bifurc,even_odd,_todd23,1,0.4,6,9fed,58a4,True,44,spurious,-1,False,10,23,2.3
bifurc,even_odd,_todd23,1,0.4,4,4b11,1b95,True,87,correct,1,True,10,23,2.3
bifurc,even_odd,_todd23,1,0.4,7,e31d,a75b,True,44,spurious,-1,False,10,23,2.3
bifurc,even_odd,_todd23,1,0.4,7,a916,bd07,True,11,wrong_pattern,3,False,10,23,2.3
bifurc,even_odd,_todd23,1,0.4,6,1865,1905,True,57,spurious,-1,False,10,23,2.3
bifurc,even_odd,_todd23,1,0.4,6,29b0,58a4,True,44,spurious,-1,False,10,23,2.3
bifurc,even_odd,_todd23,1,0.4,6,5c05,1905,True,11,spurious,-1,False,10,23,2.3
bifurc,even_odd,_todd23,2,0.4,5,b3b3,a6b6,True,11,correct,2,True,10,23,2.3
bifurc,even_odd,_todd23,2,0.4,5,eab0,fca6,True,44,wrong_pattern,0,False,10,23,2.3
bifurc,even_odd,_todd23,2,0.4,7,bcfb,fca6,True,34,wrong_pattern,0,False,10,23,2.3
bifurc,even_odd,_todd23,2,0.4,6,6cbc,58a4,True,44,spurious,-1,False,10,23,2.3
bifurc,even_odd,_todd23,2,0.4,6,23ff,a6b6,True,77,correct,2,True,10,23,2.3
bifurc,even_odd,_todd23,2,0.4,9,459d,359,True,34,spurious,-1,False,10,23,2.3
bifurc,even_odd,_todd23,2,0.4,9,8a51,359,True,24,spurious,-1,False,10,23,2.3
bifurc,even_odd,_todd23,2,0.4,5,ae8a,fca6,True,44,wrong_pattern,0,False,10,23,2.3
bifurc,even_odd,_todd23,2,0.4,5,b7e4,a6b6,True,44,correct,2,True,10,23,2.3
bifurc,even_odd,_todd23,2,0.4,3,86b3,a6b6,True,24,correct,2,True,10,23,2.3
bifurc,even_odd,_todd23,2,0.4,7,af,42f8,True,67,spurious,-1,False,10,23,2.3
bifurc,even_odd,_todd23,2,0.4,9,f289,e6fa,True,77,spurious,-1,False,10,23,2.3
bifurc,even_odd,_todd23,2,0.4,7,b3ad,a6b6,True,44,correct,2,True,10,23,2.3
bifurc,even_odd,_todd23,2,0.4,7,f2d5,a6b6,True,44,correct,2,True,10,23,2.3
bifurc,even_odd,_todd23,2,0.4,8,e1d3,a75b,True,34,spurious,-1,False,10,23,2.3
bifurc,even_odd,_todd23,2,0.4,4,e2a4,fca6,True,67,wrong_pattern,0,False,10,23,2.3
bifurc,even_odd,_todd23,2,0.4,7,57a7,2b4,True,87,spurious,-1,False,10,23,2.3
bifurc,even_odd,_todd23,2,0.4,7,7836,fca6,True,44,wrong_pattern,0,False,10,23,2.3
bifurc,even_odd,_todd23,2,0.4,7,8b8e,a6b6,True,44,correct,2,True,10,23,2.3
bifurc,even_odd,_todd23,2,0.4,5,a074,e6fa,True,67,spurious,-1,False,10,23,2.3
bifurc,even_odd,_todd23,2,0.4,4,e617,a75b,True,34,spurious,-1,False,10,23,2.3
bifurc,even_odd,_todd23,2,0.4,8,1e73,2b4,True,64,spurious,-1,False,10,23,2.3
bifurc,even_odd,_todd23,2,0.4,8,e183,a717,False,1572,oscillated,-1,False,10,23,2.3
bifurc,even_odd,_todd23,2,0.4,3,7b6,2b4,True,44,spurious,-1,False,10,23,2.3
bifurc,even_odd,_todd23,2,0.4,6,c136,fd4b,True,44,spurious,-1,False,10,23,2.3
bifurc,even_odd,_todd23,2,0.4,4,c6d6,a6b6,True,34,correct,2,True,10,23,2.3
bifurc,even_odd,_todd23,2,0.4,2,26a6,a6b6,True,24,correct,2,True,10,23,2.3
bifurc,even_odd,_todd23,2,0.4,11,d100,5949,True,67,spurious,-1,False,10,23,2.3
bifurc,even_odd,_todd23,2,0.4,8,d4ea,e46a,True,44,spurious,-1,False,10,23,2.3
bifurc,even_odd,_todd23,2,0.4,6,680,2b4,True,24,spurious,-1,False,10,23,2.3
bifurc,even_odd,_todd23,2,0.4,7,4a1,58a4,True,44,spurious,-1,False,10,23,2.3
bifurc,even_odd,_todd23,2,0.4,5,af17,bf97,True,44,spurious,-1,False,10,23,2.3
bifurc,even_odd,_todd23,2,0.4,2,a6f7,a6b6,True,11,correct,2,True,10,23,2.3
bifurc,even_odd,_todd23,2,0.4,6,9214,2b4,True,77,spurious,-1,False,10,23,2.3
bifurc,even_odd,_todd23,2,0.4,6,e783,a797,True,21,spurious,-1,False,10,23,2.3
bifurc,even_odd,_todd23,2,0.4,10,1b7f,359,True,34,spurious,-1,False,10,23,2.3
bifurc,even_odd,_todd23,2,0.4,6,bf22,fca6,True,67,wrong_pattern,0,False,10,23,2.3
bifurc,even_odd,_todd23,2,0.4,5,769e,a6b6,True,44,correct,2,True,10,23,2.3
bifurc,even_odd,_todd23,2,0.4,12,5c89,59cc,False,1572,oscillated,-1,False,10,23,2.3
bifurc,even_odd,_todd23,2,0.4,8,29c6,fca6,True,64,wrong_pattern,0,False,10,23,2.3
bifurc,even_odd,_todd23,2,0.4,7,4c16,1905,True,87,spurious,-1,False,10,23,2.3
bifurc,even_odd,_todd23,2,0.4,4,a2bd,a6b6,True,44,correct,2,True,10,23,2.3
bifurc,even_odd,_todd23,2,0.4,8,83db,a75b,True,44,spurious,-1,False,10,23,2.3
bifurc,even_odd,_todd23,2,0.4,3,a734,a6b6,True,57,correct,2,True,10,23,2.3
bifurc,even_odd,_todd23,2,0.4,9,897c,5949,True,44,spurious,-1,False,10,23,2.3
bifurc,even_odd,_todd23,2,0.4,9,4ff8,42f8,True,24,spurious,-1,False,10,23,2.3
bifurc,even_odd,_todd23,2,0.4,8,9156,a75b,True,44,spurious,-1,False,10,23,2.3
bifurc,even_odd,_todd23,2,0.4,4,a79c,a6b6,True,34,correct,2,True,10,23,2.3
bifurc,even_odd,_todd23,2,0.4,7,4ed2,58a4,True,44,spurious,-1,False,10,23,2.3
bifurc,even_odd,_todd23,2,0.4,2,b4b6,fca6,True,44,wrong_pattern,0,False,10,23,2.3
bifurc,even_odd,_todd23,2,0.4,7,a305,a797,True,44,spurious,-1,False,10,23,2.3
bifurc,even_odd,_todd23,2,0.4,5,a642,a75b,True,34,spurious,-1,False,10,23,2.3
bifurc,even_odd,_todd23,2,0.4,5,a517,a797,True,47,spurious,-1,False,10,23,2.3
bifurc,even_odd,_todd23,2,0.4,7,34ab,e46a,True,87,spurious,-1,False,10,23,2.3
bifurc,even_odd,_todd23,2,0.4,6,8093,a6b6,True,44,correct,2,True,10,23,2.3
bifurc,even_odd,_todd23,2,0.4,7,31bc,2b4,True,80,spurious,-1,False,10,23,2.3
bifurc,even_odd,_todd23,2,0.4,7,60b1,2b4,True,51,spurious,-1,False,10,23,2.3
bifurc,even_odd,_todd23,2,0.4,10,5b3c,359,True,100,spurious,-1,False,10,23,2.3
bifurc,even_odd,_todd23,2,0.4,5,656,359,True,44,spurious,-1,False,10,23,2.3
bifurc,even_odd,_todd23,2,0.4,5,f36,58a4,True,120,spurious,-1,False,10,23,2.3
bifurc,even_odd,_todd23,2,0.4,4,e297,a6b6,True,34,correct,2,True,10,23,2.3
bifurc,even_odd,_todd23,2,0.4,6,ac1a,fd4b,True,11,spurious,-1,False,10,23,2.3
bifurc,even_odd,_todd23,2,0.4,3,97b6,a6b6,True,44,correct,2,True,10,23,2.3
bifurc,even_odd,_todd23,2,0.4,3,a624,a6b6,True,24,correct,2,True,10,23,2.3
bifurc,even_odd,_todd23,2,0.4,6,fc86,fca6,True,24,wrong_pattern,0,False,10,23,2.3
bifurc,even_odd,_todd23,2,0.4,7,ff5,2b4,True,34,spurious,-1,False,10,23,2.3
bifurc,even_odd,_todd23,2,0.4,4,2286,a6b6,True,44,correct,2,True,10,23,2.3
bifurc,even_odd,_todd23,2,0.4,5,b2d2,a6b6,True,34,correct,2,True,10,23,2.3
bifurc,even_odd,_todd23,2,0.4,7,28aa,fca6,True,44,wrong_pattern,0,False,10,23,2.3
bifurc,even_odd,_todd23,2,0.4,6,f4fa,e46a,True,44,spurious,-1,False,10,23,2.3
bifurc,even_odd,_todd23,2,0.4,7,a08d,a6b6,True,80,correct,2,True,10,23,2.3
bifurc,even_odd,_todd23,2,0.4,7,ebd7,bf97,True,11,spurious,-1,False,10,23,2.3
bifurc,even_odd,_todd23,2,0.4,7,9c3a,fca6,True,57,wrong_pattern,0,False,10,23,2.3
bifurc,even_odd,_todd23,2,0.4,4,64b7,fca6,True,47,wrong_pattern,0,False,10,23,2.3
bifurc,even_odd,_todd23,2,0.4,7,31f7,a6b6,True,80,correct,2,True,10,23,2.3
bifurc,even_odd,_todd23,2,0.4,7,76ef,a6b6,True,110,correct,2,True,10,23,2.3
bifurc,even_odd,_todd23,2,0.4,7,5f96,58a4,True,57,spurious,-1,False,10,23,2.3
bifurc,even_odd,_todd23,2,0.4,5,f5be,fca6,True,34,wrong_pattern,0,False,10,23,2.3
bifurc,even_odd,_todd23,2,0.4,7,3027,fca6,True,57,wrong_pattern,0,False,10,23,2.3
bifurc,even_odd,_todd23,2,0.4,8,4a27,58a4,True,67,spurious,-1,False,10,23,2.3
bifurc,even_odd,_todd23,3,0.4,7,f75e,a75b,True,21,spurious,-1,False,10,23,2.3
bifurc,even_odd,_todd23,3,0.4,5,f137,bd07,True,34,correct,3,True,10,23,2.3
bifurc,even_odd,_todd23,3,0.4,4,b183,a797,True,47,spurious,-1,False,10,23,2.3
bifurc,even_odd,_todd23,3,0.4,7,31e3,fca6,True,44,wrong_pattern,0,False,10,23,2.3
bifurc,even_odd,_todd23,3,0.4,6,39c4,58a4,True,44,spurious,-1,False,10,23,2.3
bifurc,even_odd,_todd23,3,0.4,5,8d63,fd4b,True,44,spurious,-1,False,10,23,2.3
bifurc,even_odd,_todd23,3,0.4,7,89ce,fd4b,True,80,spurious,-1,False,10,23,2.3
bifurc,even_odd,_todd23,3,0.4,6,9a46,fca6,True,67,wrong_pattern,0,False,10,23,2.3
bifurc,even_odd,_todd23,3,0.4,7,88b7,fca6,True,44,wrong_pattern,0,False,10,23,2.3
bifurc,even_odd,_todd23,3,0.4,7,344c,359,True,74,spurious,-1,False,10,23,2.3
bifurc,even_odd,_todd23,3,0.4,6,9026,fca6,True,44,wrong_pattern,0,False,10,23,2.3
bifurc,even_odd,_todd23,3,0.4,7,7853,fd4b,True,44,spurious,-1,False,10,23,2.3
bifurc,even_odd,_todd23,3,0.4,8,c9cd,1905,True,44,spurious,-1,False,10,23,2.3
bifurc,even_odd,_todd23,3,0.4,7,7d48,5949,True,44,spurious,-1,False,10,23,2.3
bifurc,even_odd,_todd23,3,0.4,10,fbc,2b4,True,34,spurious,-1,False,10,23,2.3
bifurc,even_odd,_todd23,3,0.4,5,b133,a75b,True,34,spurious,-1,False,10,23,2.3
bifurc,even_odd,_todd23,3,0.4,7,b7e1,a6b6,True,44,wrong_pattern,2,False,10,23,2.3
bifurc,even_odd,_todd23,3,0.4,5,f785,bf97,True,34,spurious,-1,False,10,23,2.3
bifurc,even_odd,_todd23,3,0.4,5,9b86,fca6,True,57,wrong_pattern,0,False,10,23,2.3
bifurc,even_odd,_todd23,3,0.4,6,ac9d,fca6,True,90,wrong_pattern,0,False,10,23,2.3
bifurc,even_odd,_todd23,3,0.4,5,dd2b,fd4b,True,24,spurious,-1,False,10,23,2.3
bifurc,even_odd,_todd23,3,0.4,7,a014,a6b6,True,90,wrong_pattern,2,False,10,23,2.3
bifurc,even_odd,_todd23,3,0.4,8,80cf,a75b,True,57,spurious,-1,False,10,23,2.3
bifurc,even_odd,_todd23,3,0.4,9,1dfc,58a4,True,34,spurious,-1,False,10,23,2.3
bifurc,even_odd,_todd23,3,0.4,6,fd69,fd4b,True,24,spurious,-1,False,10,23,2.3
bifurc,even_odd,_todd23,3,0.4,8,e96c,fd4b,True,44,spurious,-1,False,10,23,2.3
bifurc,even_odd,_todd23,3,0.4,9,29e9,5868,True,44,spurious,-1,False,10,23,2.3
bifurc,even_odd,_todd23,3,0.4,6,945,1905,True,21,spurious,-1,False,10,23,2.3
bifurc,even_odd,_todd23,3,0.4,2,bd15,bd07,True,44,correct,3,True,10,23,2.3
bifurc,even_odd,_todd23,3,0.4,7,f1a1,fca6,True,44,wrong_pattern,0,False,10,23,2.3
bifurc,even_odd,_todd23,3,0.4,4,7c17,bd07,True,34,correct,3,True,10,23,2.3
bifurc,even_odd,_todd23,3,0.4,10,c6e6,e6fa,True,57,spurious,-1,False,10,23,2.3
bifurc,even_odd,_todd23,3,0.4,6,f8af,fca6,True,24,wrong_pattern,0,False,10,23,2.3
bifurc,even_odd,_todd23,3,0.4,5,7597,bf97,True,24,spurious,-1,False,10,23,2.3
bifurc,even_odd,_todd23,3,0.4,5,d127,bd07,True,44,correct,3,True,10,23,2.3
bifurc,even_odd,_todd23,3,0.4,7,551d,359,True,44,spurious,-1,False,10,23,2.3
bifurc,even_odd,_todd23,3,0.4,8,35fb,a75b,True,100,spurious,-1,False,10,23,2.3
bifurc,even_odd,_todd23,3,0.4,7,d08,5949,True,11,spurious,-1,False,10,23,2.3
bifurc,even_odd,_todd23,3,0.4,7,71e7,fca6,True,44,wrong_pattern,0,False,10,23,2.3
bifurc,even_odd,_todd23,3,0.4,4,bea7,fca6,True,24,wrong_pattern,0,False,10,23,2.3
bifurc,even_odd,_todd23,3,0.4,7,5723,359,True,57,spurious,-1,False,10,23,2.3
bifurc,even_odd,_todd23,3,0.4,8,c52,5949,True,44,spurious,-1,False,10,23,2.3
bifurc,even_odd,_todd23,3,0.4,7,957d,359,True,44,spurious,-1,False,10,23,2.3
bifurc,even_odd,_todd23,3,0.4,8,196c,5949,True,34,spurious,-1,False,10,23,2.3
bifurc,even_odd,_todd23,3,0.4,10,e374,a75b,True,80,spurious,-1,False,10,23,2.3
bifurc,even_odd,_todd23,3,0.4,5,e90e,fd4b,True,21,spurious,-1,False,10,23,2.3
bifurc,even_odd,_todd23,3,0.4,3,a50f,a75b,True,34,spurious,-1,False,10,23,2.3
bifurc,even_odd,_todd23,3,0.4,7,e896,fca6,True,34,wrong_pattern,0,False,10,23,2.3
bifurc,even_odd,_todd23,3,0.4,8,5f61,5949,True,24,spurious,-1,False,10,23,2.3
bifurc,even_odd,_todd23,3,0.4,7,90e7,fca6,True,44,wrong_pattern,0,False,10,23,2.3
bifurc,even_odd,_todd23,3,0.4,4,a705,a797,True,34,spurious,-1,False,10,23,2.3
bifurc,even_odd,_todd23,3,0.4,4,b577,a75b,True,34,spurious,-1,False,10,23,2.3
bifurc,even_odd,_todd23,3,0.4,9,5044,5949,True,44,spurious,-1,False,10,23,2.3
bifurc,even_odd,_todd23,3,0.4,6,d816,bd07,True,87,correct,3,True,10,23,2.3
bifurc,even_odd,_todd23,3,0.4,7,aea1,fca6,True,44,wrong_pattern,0,False,10,23,2.3
bifurc,even_odd,_todd23,3,0.4,10,4129,5949,True,34,spurious,-1,False,10,23,2.3
bifurc,even_odd,_todd23,3,0.4,5,8cc7,fca6,True,64,wrong_pattern,0,False,10,23,2.3
bifurc,even_odd,_todd23,3,0.4,6,852b,a75b,True,24,spurious,-1,False,10,23,2.3
bifurc,even_odd,_todd23,3,0.4,11,4e9,42f8,True,34,spurious,-1,False,10,23,2.3
bifurc,even_odd,_todd23,3,0.4,6,ec0c,fd4b,True,44,spurious,-1,False,10,23,2.3
bifurc,even_odd,_todd23,3,0.4,9,542a,5868,True,67,spurious,-1,False,10,23,2.3
bifurc,even_odd,_todd23,3,0.4,5,bcbf,fca6,True,34,wrong_pattern,0,False,10,23,2.3
bifurc,even_odd,_todd23,3,0.4,9,c1e3,fca6,True,87,wrong_pattern,0,False,10,23,2.3
bifurc,even_odd,_todd23,3,0.4,4,af46,a75b,True,57,spurious,-1,False,10,23,2.3
bifurc,even_odd,_todd23,3,0.4,6,a742,a75b,True,24,spurious,-1,False,10,23,2.3
bifurc,even_odd,_todd23,3,0.4,6,38c5,58a4,True,44,spurious,-1,False,10,23,2.3
bifurc,even_odd,_todd23,3,0.4,9,8362,a75b,True,57,spurious,-1,False,10,23,2.3
bifurc,even_odd,_todd23,3,0.4,4,ed23,bd07,True,41,correct,3,True,10,23,2.3
bifurc,even_odd,_todd23,3,0.4,5,d986,fca6,True,44,wrong_pattern,0,False,10,23,2.3
bifurc,even_odd,_todd23,3,0.4,7,fcde,fca6,True,47,wrong_pattern,0,False,10,23,2.3
bifurc,even_odd,_todd23,3,0.4,7,b3b5,a6b6,True,44,wrong_pattern,2,False,10,23,2.3
bifurc,even_odd,_todd23,3,0.4,5,b934,fca6,True,67,wrong_pattern,0,False,10,23,2.3
bifurc,even_odd,_todd23,3,0.4,5,1583,395,True,77,spurious,-1,False,10,23,2.3
bifurc,even_odd,_todd23,3,0.4,4,ac2f,fd4b,True,34,spurious,-1,False,10,23,2.3
bifurc,even_odd,_todd23,3,0.4,6,dfa5,58a4,True,44,spurious,-1,False,10,23,2.3
bifurc,even_odd,_todd23,3,0.4,6,2f1e,a75b,True,44,spurious,-1,False,10,23,2.3
bifurc,even_odd,_todd23,3,0.4,7,d441,5949,True,44,spurious,-1,False,10,23,2.3
bifurc,even_odd,_todd23,3,0.4,8,a430,e6fa,True,34,spurious,-1,False,10,23,2.3
bifurc,even_odd,_todd23,3,0.4,3,9903,bd07,True,44,correct,3,True,10,23,2.3
bifurc,even_odd,_todd23,3,0.4,7,14af,4068,True,87,spurious,-1,False,10,23,2.3
bifurc,even_odd,_todd24,2,0.375,6,1776,231,False,1636,oscillated,-1,False,10,24,2.4
bifurc,even_odd,_todd24,1,0.375,6,17de,299,False,1636,oscillated,-1,False,10,24,2.4
bifurc,even_odd,_todd24,2,0.4375,7,24dd,398,False,1636,oscillated,-1,False,10,24,2.4
bifurc,even_odd,_todd24,2,0.375,6,3774,231,False,1636,oscillated,-1,False,10,24,2.4
bifurc,even_odd,_todd24,1,0.375,6,37dc,299,False,1636,oscillated,-1,False,10,24,2.4
bifurc,even_odd,_todd24,0,0.375,6,448e,582c,False,1636,oscillated,-1,False,10,24,2.4
bifurc,even_odd,_todd24,0,0.375,6,4d66,5821,False,1636,oscillated,-1,False,10,24,2.4
bifurc,even_odd,_todd24,0,0.3125,5,5d22,5865,False,1636,oscillated,-1,False,10,24,2.4
bifurc,even_odd,_todd24,0,0.375,6,5d8a,58cd,False,1636,oscillated,-1,False,10,24,2.4
bifurc,even_odd,_todd24,0,0.375,6,648c,582c,False,1636,oscillated,-1,False,10,24,2.4
bifurc,even_odd,_todd24,2,0.375,6,69b,3dc,False,1636,oscillated,-1,False,10,24,2.4
bifurc,even_odd,_todd24,1,0.375,6,6bd3,a7d3,False,1636,oscillated,-1,False,10,24,2.4
bifurc,even_odd,_todd24,0,0.3125,5,7867,fd22,False,1636,oscillated,-1,False,10,24,2.4
bifurc,even_odd,_todd24,0,0.375,6,7b66,fc23,False,1636,oscillated,-1,False,10,24,2.4
bifurc,even_odd,_todd24,0,0.4375,7,7bce,fc8b,False,1636,oscillated,-1,False,10,24,2.4
bifurc,even_odd,_todd24,0,0.3125,5,7d20,5865,False,1636,oscillated,-1,False,10,24,2.4
bifurc,even_odd,_todd24,0,0.375,6,7d88,58cd,False,1636,oscillated,-1,False,10,24,2.4
bifurc,even_odd,_todd24,2,0.4375,7,84dd,398,False,1636,oscillated,-1,False,10,24,2.4
bifurc,even_odd,_todd24,2,0.375,6,8574,231,False,1636,oscillated,-1,False,10,24,2.4
bifurc,even_odd,_todd24,2,0.4375,7,85dc,299,False,1636,oscillated,-1,False,10,24,2.4
bifurc,even_odd,_todd24,1,0.3125,5,8bd3,a7d3,False,1636,oscillated,-1,False,10,24,2.4
bifurc,even_odd,_todd24,2,0.375,6,a174,a633,False,1636,oscillated,-1,False,10,24,2.4
bifurc,even_odd,_todd24,2,0.375,6,a3dc,a69b,False,1636,oscillated,-1,False,10,24,2.4
bifurc,even_odd,_todd24,0,0.375,6,c1ae,fc2e,False,1636,oscillated,-1,False,10,24,2.4
bifurc,even_odd,_todd24,0,0.375,6,c966,fc23,False,1636,oscillated,-1,False,10,24,2.4
bifurc,even_odd,_todd24,0,0.4375,7,c9ce,fc8b,False,1636,oscillated,-1,False,10,24,2.4
bifurc,even_odd,_todd24,0,0.375,6,d8cf,fd8a,False,1636,oscillated,-1,False,10,24,2.4
bifurc,even_odd,_todd24,0,0.4375,7,dacf,fd8a,False,1636,oscillated,-1,False,10,24,2.4
bifurc,even_odd,_todd24,0,0.375,6,e1ac,fc2e,False,1636,oscillated,-1,False,10,24,2.4
bifurc,even_odd,_todd24,0,0.375,6,e964,fc23,False,1636,oscillated,-1,False,10,24,2.4
bifurc,even_odd,_todd24,0,0.4375,7,e9cc,fc8b,False,1636,oscillated,-1,False,10,24,2.4
bifurc,even_odd,_todd24,1,0.375,6,fde,299,False,1636,oscillated,-1,False,10,24,2.4
bifurc,even_odd,_todd24,0,0.0,0,fca6,fca6,True,0,correct,0,True,10,24,2.4
bifurc,even_odd,_todd24,0,0.0,0,fca6,fca6,True,0,correct,0,True,10,24,2.4
bifurc,even_odd,_todd24,0,0.0,0,fca6,fca6,True,0,correct,0,True,10,24,2.4
bifurc,even_odd,_todd24,0,0.0,0,fca6,fca6,True,0,correct,0,True,10,24,2.4
bifurc,even_odd,_todd24,0,0.0,0,fca6,fca6,True,0,correct,0,True,10,24,2.4
bifurc,even_odd,_todd24,0,0.0,0,fca6,fca6,True,0,correct,0,True,10,24,2.4
bifurc,even_odd,_todd24,0,0.0,0,fca6,fca6,True,0,correct,0,True,10,24,2.4
bifurc,even_odd,_todd24,0,0.0,0,fca6,fca6,True,0,correct,0,True,10,24,2.4
bifurc,even_odd,_todd24,0,0.0,0,fca6,fca6,True,0,correct,0,True,10,24,2.4
bifurc,even_odd,_todd24,0,0.0,0,fca6,fca6,True,0,correct,0,True,10,24,2.4
bifurc,even_odd,_todd24,0,0.0,0,fca6,fca6,True,0,correct,0,True,10,24,2.4
bifurc,even_odd,_todd24,0,0.0,0,fca6,fca6,True,0,correct,0,True,10,24,2.4
bifurc,even_odd,_todd24,0,0.0,0,fca6,fca6,True,0,correct,0,True,10,24,2.4
bifurc,even_odd,_todd24,0,0.0,0,fca6,fca6,True,0,correct,0,True,10,24,2.4
bifurc,even_odd,_todd24,0,0.0,0,fca6,fca6,True,0,correct,0,True,10,24,2.4
bifurc,even_odd,_todd24,0,0.0,0,fca6,fca6,True,0,correct,0,True,10,24,2.4
bifurc,even_odd,_todd24,0,0.0,0,fca6,fca6,True,0,correct,0,True,10,24,2.4
bifurc,even_odd,_todd24,0,0.0,0,fca6,fca6,True,0,correct,0,True,10,24,2.4
bifurc,even_odd,_todd24,0,0.0,0,fca6,fca6,True,0,correct,0,True,10,24,2.4
bifurc,even_odd,_todd24,0,0.0,0,fca6,fca6,True,0,correct,0,True,10,24,2.4
bifurc,even_odd,_todd24,0,0.0,0,fca6,fca6,True,0,correct,0,True,10,24,2.4
bifurc,even_odd,_todd24,0,0.0,0,fca6,fca6,True,0,correct,0,True,10,24,2.4
bifurc,even_odd,_todd24,0,0.0,0,fca6,fca6,True,0,correct,0,True,10,24,2.4
bifurc,even_odd,_todd24,0,0.0,0,fca6,fca6,True,0,correct,0,True,10,24,2.4
bifurc,even_odd,_todd24,0,0.0,0,fca6,fca6,True,0,correct,0,True,10,24,2.4
bifurc,even_odd,_todd24,0,0.0,0,fca6,fca6,True,0,correct,0,True,10,24,2.4
bifurc,even_odd,_todd24,0,0.0,0,fca6,fca6,True,0,correct,0,True,10,24,2.4
bifurc,even_odd,_todd24,0,0.0,0,fca6,fca6,True,0,correct,0,True,10,24,2.4
bifurc,even_odd,_todd24,0,0.0,0,fca6,fca6,True,0,correct,0,True,10,24,2.4
bifurc,even_odd,_todd24,0,0.0,0,fca6,fca6,True,0,correct,0,True,10,24,2.4
bifurc,even_odd,_todd24,0,0.0,0,fca6,fca6,True,0,correct,0,True,10,24,2.4
bifurc,even_odd,_todd24,0,0.0,0,fca6,fca6,True,0,correct,0,True,10,24,2.4
bifurc,even_odd,_todd24,0,0.0,0,fca6,fca6,True,0,correct,0,True,10,24,2.4
bifurc,even_odd,_todd24,0,0.0,0,fca6,fca6,True,0,correct,0,True,10,24,2.4
bifurc,even_odd,_todd24,0,0.0,0,fca6,fca6,True,0,correct,0,True,10,24,2.4
bifurc,even_odd,_todd24,0,0.0,0,fca6,fca6,True,0,correct,0,True,10,24,2.4
bifurc,even_odd,_todd24,0,0.0,0,fca6,fca6,True,0,correct,0,True,10,24,2.4
bifurc,even_odd,_todd24,0,0.0,0,fca6,fca6,True,0,correct,0,True,10,24,2.4
bifurc,even_odd,_todd24,0,0.0,0,fca6,fca6,True,0,correct,0,True,10,24,2.4
bifurc,even_odd,_todd24,0,0.0,0,fca6,fca6,True,0,correct,0,True,10,24,2.4
bifurc,even_odd,_todd24,0,0.0,0,fca6,fca6,True,0,correct,0,True,10,24,2.4
bifurc,even_odd,_todd24,0,0.0,0,fca6,fca6,True,0,correct,0,True,10,24,2.4
bifurc,even_odd,_todd24,0,0.0,0,fca6,fca6,True,0,correct,0,True,10,24,2.4
bifurc,even_odd,_todd24,0,0.0,0,fca6,fca6,True,0,correct,0,True,10,24,2.4
bifurc,even_odd,_todd24,0,0.0,0,fca6,fca6,True,0,correct,0,True,10,24,2.4
bifurc,even_odd,_todd24,0,0.0,0,fca6,fca6,True,0,correct,0,True,10,24,2.4
bifurc,even_odd,_todd24,0,0.0,0,fca6,fca6,True,0,correct,0,True,10,24,2.4
bifurc,even_odd,_todd24,0,0.0,0,fca6,fca6,True,0,correct,0,True,10,24,2.4
bifurc,even_odd,_todd24,0,0.0,0,fca6,fca6,True,0,correct,0,True,10,24,2.4
bifurc,even_odd,_todd24,0,0.0,0,fca6,fca6,True,0,correct,0,True,10,24,2.4
bifurc,even_odd,_todd24,0,0.0,0,fca6,fca6,True,0,correct,0,True,10,24,2.4
bifurc,even_odd,_todd24,0,0.0,0,fca6,fca6,True,0,correct,0,True,10,24,2.4
bifurc,even_odd,_todd24,0,0.0,0,fca6,fca6,True,0,correct,0,True,10,24,2.4
bifurc,even_odd,_todd24,0,0.0,0,fca6,fca6,True,0,correct,0,True,10,24,2.4
bifurc,even_odd,_todd24,0,0.0,0,fca6,fca6,True,0,correct,0,True,10,24,2.4
bifurc,even_odd,_todd24,0,0.0,0,fca6,fca6,True,0,correct,0,True,10,24,2.4
bifurc,even_odd,_todd24,0,0.0,0,fca6,fca6,True,0,correct,0,True,10,24,2.4
bifurc,even_odd,_todd24,0,0.0,0,fca6,fca6,True,0,correct,0,True,10,24,2.4
bifurc,even_odd,_todd24,0,0.0,0,fca6,fca6,True,0,correct,0,True,10,24,2.4
bifurc,even_odd,_todd24,0,0.0,0,fca6,fca6,True,0,correct,0,True,10,24,2.4
bifurc,even_odd,_todd24,0,0.0,0,fca6,fca6,True,0,correct,0,True,10,24,2.4
bifurc,even_odd,_todd24,0,0.0,0,fca6,fca6,True,0,correct,0,True,10,24,2.4
bifurc,even_odd,_todd24,0,0.0,0,fca6,fca6,True,0,correct,0,True,10,24,2.4
bifurc,even_odd,_todd24,0,0.0,0,fca6,fca6,True,0,correct,0,True,10,24,2.4
bifurc,even_odd,_todd24,0,0.0,0,fca6,fca6,True,0,correct,0,True,10,24,2.4
bifurc,even_odd,_todd24,0,0.0,0,fca6,fca6,True,0,correct,0,True,10,24,2.4
bifurc,even_odd,_todd24,0,0.0,0,fca6,fca6,True,0,correct,0,True,10,24,2.4
bifurc,even_odd,_todd24,0,0.0,0,fca6,fca6,True,0,correct,0,True,10,24,2.4
bifurc,even_odd,_todd24,0,0.0,0,fca6,fca6,True,0,correct,0,True,10,24,2.4
bifurc,even_odd,_todd24,0,0.0,0,fca6,fca6,True,0,correct,0,True,10,24,2.4
bifurc,even_odd,_todd24,0,0.0,0,fca6,fca6,True,0,correct,0,True,10,24,2.4
bifurc,even_odd,_todd24,0,0.0,0,fca6,fca6,True,0,correct,0,True,10,24,2.4
bifurc,even_odd,_todd24,0,0.0,0,fca6,fca6,True,0,correct,0,True,10,24,2.4
bifurc,even_odd,_todd24,0,0.0,0,fca6,fca6,True,0,correct,0,True,10,24,2.4
bifurc,even_odd,_todd24,0,0.0,0,fca6,fca6,True,0,correct,0,True,10,24,2.4
bifurc,even_odd,_todd24,0,0.0,0,fca6,fca6,True,0,correct,0,True,10,24,2.4
bifurc,even_odd,_todd24,0,0.0,0,fca6,fca6,True,0,correct,0,True,10,24,2.4
bifurc,even_odd,_todd24,0,0.0,0,fca6,fca6,True,0,correct,0,True,10,24,2.4
bifurc,even_odd,_todd24,0,0.0,0,fca6,fca6,True,0,correct,0,True,10,24,2.4
bifurc,even_odd,_todd24,0,0.0,0,fca6,fca6,True,0,correct,0,True,10,24,2.4
bifurc,even_odd,_todd24,1,0.0,0,1b95,1b95,True,0,correct,1,True,10,24,2.4
bifurc,even_odd,_todd24,1,0.0,0,1b95,1b95,True,0,correct,1,True,10,24,2.4
bifurc,even_odd,_todd24,1,0.0,0,1b95,1b95,True,0,correct,1,True,10,24,2.4
bifurc,even_odd,_todd24,1,0.0,0,1b95,1b95,True,0,correct,1,True,10,24,2.4
bifurc,even_odd,_todd24,1,0.0,0,1b95,1b95,True,0,correct,1,True,10,24,2.4
bifurc,even_odd,_todd24,1,0.0,0,1b95,1b95,True,0,correct,1,True,10,24,2.4
bifurc,even_odd,_todd24,1,0.0,0,1b95,1b95,True,0,correct,1,True,10,24,2.4
bifurc,even_odd,_todd24,1,0.0,0,1b95,1b95,True,0,correct,1,True,10,24,2.4
bifurc,even_odd,_todd24,1,0.0,0,1b95,1b95,True,0,correct,1,True,10,24,2.4
bifurc,even_odd,_todd24,1,0.0,0,1b95,1b95,True,0,correct,1,True,10,24,2.4
bifurc,even_odd,_todd24,1,0.0,0,1b95,1b95,True,0,correct,1,True,10,24,2.4
bifurc,even_odd,_todd24,1,0.0,0,1b95,1b95,True,0,correct,1,True,10,24,2.4
bifurc,even_odd,_todd24,1,0.0,0,1b95,1b95,True,0,correct,1,True,10,24,2.4
bifurc,even_odd,_todd24,1,0.0,0,1b95,1b95,True,0,correct,1,True,10,24,2.4
bifurc,even_odd,_todd24,1,0.0,0,1b95,1b95,True,0,correct,1,True,10,24,2.4
bifurc,even_odd,_todd24,1,0.0,0,1b95,1b95,True,0,correct,1,True,10,24,2.4
bifurc,even_odd,_todd24,1,0.0,0,1b95,1b95,True,0,correct,1,True,10,24,2.4
bifurc,even_odd,_todd24,1,0.0,0,1b95,1b95,True,0,correct,1,True,10,24,2.4
bifurc,even_odd,_todd24,1,0.0,0,1b95,1b95,True,0,correct,1,True,10,24,2.4
bifurc,even_odd,_todd24,1,0.0,0,1b95,1b95,True,0,correct,1,True,10,24,2.4
bifurc,even_odd,_todd24,1,0.0,0,1b95,1b95,True,0,correct,1,True,10,24,2.4
bifurc,even_odd,_todd24,1,0.0,0,1b95,1b95,True,0,correct,1,True,10,24,2.4
bifurc,even_odd,_todd24,1,0.0,0,1b95,1b95,True,0,correct,1,True,10,24,2.4
bifurc,even_odd,_todd24,1,0.0,0,1b95,1b95,True,0,correct,1,True,10,24,2.4
bifurc,even_odd,_todd24,1,0.0,0,1b95,1b95,True,0,correct,1,True,10,24,2.4
bifurc,even_odd,_todd24,1,0.0,0,1b95,1b95,True,0,correct,1,True,10,24,2.4
bifurc,even_odd,_todd24,1,0.0,0,1b95,1b95,True,0,correct,1,True,10,24,2.4
bifurc,even_odd,_todd24,1,0.0,0,1b95,1b95,True,0,correct,1,True,10,24,2.4
bifurc,even_odd,_todd24,1,0.0,0,1b95,1b95,True,0,correct,1,True,10,24,2.4
bifurc,even_odd,_todd24,1,0.0,0,1b95,1b95,True,0,correct,1,True,10,24,2.4
bifurc,even_odd,_todd24,1,0.0,0,1b95,1b95,True,0,correct,1,True,10,24,2.4
bifurc,even_odd,_todd24,1,0.0,0,1b95,1b95,True,0,correct,1,True,10,24,2.4
bifurc,even_odd,_todd24,1,0.0,0,1b95,1b95,True,0,correct,1,True,10,24,2.4
bifurc,even_odd,_todd24,1,0.0,0,1b95,1b95,True,0,correct,1,True,10,24,2.4
bifurc,even_odd,_todd24,1,0.0,0,1b95,1b95,True,0,correct,1,True,10,24,2.4
bifurc,even_odd,_todd24,1,0.0,0,1b95,1b95,True,0,correct,1,True,10,24,2.4
bifurc,even_odd,_todd24,1,0.0,0,1b95,1b95,True,0,correct,1,True,10,24,2.4
bifurc,even_odd,_todd24,1,0.0,0,1b95,1b95,True,0,correct,1,True,10,24,2.4
bifurc,even_odd,_todd24,1,0.0,0,1b95,1b95,True,0,correct,1,True,10,24,2.4
bifurc,even_odd,_todd24,1,0.0,0,1b95,1b95,True,0,correct,1,True,10,24,2.4
bifurc,even_odd,_todd24,1,0.0,0,1b95,1b95,True,0,correct,1,True,10,24,2.4
bifurc,even_odd,_todd24,1,0.0,0,1b95,1b95,True,0,correct,1,True,10,24,2.4
bifurc,even_odd,_todd24,1,0.0,0,1b95,1b95,True,0,correct,1,True,10,24,2.4
bifurc,even_odd,_todd24,1,0.0,0,1b95,1b95,True,0,correct,1,True,10,24,2.4
bifurc,even_odd,_todd24,1,0.0,0,1b95,1b95,True,0,correct,1,True,10,24,2.4
bifurc,even_odd,_todd24,1,0.0,0,1b95,1b95,True,0,correct,1,True,10,24,2.4
bifurc,even_odd,_todd24,1,0.0,0,1b95,1b95,True,0,correct,1,True,10,24,2.4
bifurc,even_odd,_todd24,1,0.0,0,1b95,1b95,True,0,correct,1,True,10,24,2.4
bifurc,even_odd,_todd24,1,0.0,0,1b95,1b95,True,0,correct,1,True,10,24,2.4
bifurc,even_odd,_todd24,1,0.0,0,1b95,1b95,True,0,correct,1,True,10,24,2.4
bifurc,even_odd,_todd24,1,0.0,0,1b95,1b95,True,0,correct,1,True,10,24,2.4
bifurc,even_odd,_todd24,1,0.0,0,1b95,1b95,True,0,correct,1,True,10,24,2.4
bifurc,even_odd,_todd24,1,0.0,0,1b95,1b95,True,0,correct,1,True,10,24,2.4
bifurc,even_odd,_todd24,1,0.0,0,1b95,1b95,True,0,correct,1,True,10,24,2.4
bifurc,even_odd,_todd24,1,0.0,0,1b95,1b95,True,0,correct,1,True,10,24,2.4
bifurc,even_odd,_todd24,1,0.0,0,1b95,1b95,True,0,correct,1,True,10,24,2.4
bifurc,even_odd,_todd24,1,0.0,0,1b95,1b95,True,0,correct,1,True,10,24,2.4
bifurc,even_odd,_todd24,1,0.0,0,1b95,1b95,True,0,correct,1,True,10,24,2.4
bifurc,even_odd,_todd24,1,0.0,0,1b95,1b95,True,0,correct,1,True,10,24,2.4
bifurc,even_odd,_todd24,1,0.0,0,1b95,1b95,True,0,correct,1,True,10,24,2.4
bifurc,even_odd,_todd24,1,0.0,0,1b95,1b95,True,0,correct,1,True,10,24,2.4
bifurc,even_odd,_todd24,1,0.0,0,1b95,1b95,True,0,correct,1,True,10,24,2.4
bifurc,even_odd,_todd24,1,0.0,0,1b95,1b95,True,0,correct,1,True,10,24,2.4
bifurc,even_odd,_todd24,1,0.0,0,1b95,1b95,True,0,correct,1,True,10,24,2.4
bifurc,even_odd,_todd24,1,0.0,0,1b95,1b95,True,0,correct,1,True,10,24,2.4
bifurc,even_odd,_todd24,1,0.0,0,1b95,1b95,True,0,correct,1,True,10,24,2.4
bifurc,even_odd,_todd24,1,0.0,0,1b95,1b95,True,0,correct,1,True,10,24,2.4
bifurc,even_odd,_todd24,1,0.0,0,1b95,1b95,True,0,correct,1,True,10,24,2.4
bifurc,even_odd,_todd24,1,0.0,0,1b95,1b95,True,0,correct,1,True,10,24,2.4
bifurc,even_odd,_todd24,1,0.0,0,1b95,1b95,True,0,correct,1,True,10,24,2.4
bifurc,even_odd,_todd24,1,0.0,0,1b95,1b95,True,0,correct,1,True,10,24,2.4
bifurc,even_odd,_todd24,1,0.0,0,1b95,1b95,True,0,correct,1,True,10,24,2.4
bifurc,even_odd,_todd24,1,0.0,0,1b95,1b95,True,0,correct,1,True,10,24,2.4
bifurc,even_odd,_todd24,1,0.0,0,1b95,1b95,True,0,correct,1,True,10,24,2.4
bifurc,even_odd,_todd24,1,0.0,0,1b95,1b95,True,0,correct,1,True,10,24,2.4
bifurc,even_odd,_todd24,1,0.0,0,1b95,1b95,True,0,correct,1,True,10,24,2.4
bifurc,even_odd,_todd24,1,0.0,0,1b95,1b95,True,0,correct,1,True,10,24,2.4
bifurc,even_odd,_todd24,1,0.0,0,1b95,1b95,True,0,correct,1,True,10,24,2.4
bifurc,even_odd,_todd24,1,0.0,0,1b95,1b95,True,0,correct,1,True,10,24,2.4
bifurc,even_odd,_todd24,1,0.0,0,1b95,1b95,True,0,correct,1,True,10,24,2.4
bifurc,even_odd,_todd24,2,0.0,0,a6b6,a6b6,True,0,correct,2,True,10,24,2.4
bifurc,even_odd,_todd24,2,0.0,0,a6b6,a6b6,True,0,correct,2,True,10,24,2.4
bifurc,even_odd,_todd24,2,0.0,0,a6b6,a6b6,True,0,correct,2,True,10,24,2.4
bifurc,even_odd,_todd24,2,0.0,0,a6b6,a6b6,True,0,correct,2,True,10,24,2.4
bifurc,even_odd,_todd24,2,0.0,0,a6b6,a6b6,True,0,correct,2,True,10,24,2.4
bifurc,even_odd,_todd24,2,0.0,0,a6b6,a6b6,True,0,correct,2,True,10,24,2.4
bifurc,even_odd,_todd24,2,0.0,0,a6b6,a6b6,True,0,correct,2,True,10,24,2.4
bifurc,even_odd,_todd24,2,0.0,0,a6b6,a6b6,True,0,correct,2,True,10,24,2.4
bifurc,even_odd,_todd24,2,0.0,0,a6b6,a6b6,True,0,correct,2,True,10,24,2.4
bifurc,even_odd,_todd24,2,0.0,0,a6b6,a6b6,True,0,correct,2,True,10,24,2.4
bifurc,even_odd,_todd24,2,0.0,0,a6b6,a6b6,True,0,correct,2,True,10,24,2.4
bifurc,even_odd,_todd24,2,0.0,0,a6b6,a6b6,True,0,correct,2,True,10,24,2.4
bifurc,even_odd,_todd24,2,0.0,0,a6b6,a6b6,True,0,correct,2,True,10,24,2.4
bifurc,even_odd,_todd24,2,0.0,0,a6b6,a6b6,True,0,correct,2,True,10,24,2.4
bifurc,even_odd,_todd24,2,0.0,0,a6b6,a6b6,True,0,correct,2,True,10,24,2.4
bifurc,even_odd,_todd24,2,0.0,0,a6b6,a6b6,True,0,correct,2,True,10,24,2.4
bifurc,even_odd,_todd24,2,0.0,0,a6b6,a6b6,True,0,correct,2,True,10,24,2.4
bifurc,even_odd,_todd24,2,0.0,0,a6b6,a6b6,True,0,correct,2,True,10,24,2.4
bifurc,even_odd,_todd24,2,0.0,0,a6b6,a6b6,True,0,correct,2,True,10,24,2.4
bifurc,even_odd,_todd24,2,0.0,0,a6b6,a6b6,True,0,correct,2,True,10,24,2.4
bifurc,even_odd,_todd24,2,0.0,0,a6b6,a6b6,True,0,correct,2,True,10,24,2.4
bifurc,even_odd,_todd24,2,0.0,0,a6b6,a6b6,True,0,correct,2,True,10,24,2.4
bifurc,even_odd,_todd24,2,0.0,0,a6b6,a6b6,True,0,correct,2,True,10,24,2.4
bifurc,even_odd,_todd24,2,0.0,0,a6b6,a6b6,True,0,correct,2,True,10,24,2.4
bifurc,even_odd,_todd24,2,0.0,0,a6b6,a6b6,True,0,correct,2,True,10,24,2.4
bifurc,even_odd,_todd24,2,0.0,0,a6b6,a6b6,True,0,correct,2,True,10,24,2.4
bifurc,even_odd,_todd24,2,0.0,0,a6b6,a6b6,True,0,correct,2,True,10,24,2.4
bifurc,even_odd,_todd24,2,0.0,0,a6b6,a6b6,True,0,correct,2,True,10,24,2.4
bifurc,even_odd,_todd24,2,0.0,0,a6b6,a6b6,True,0,correct,2,True,10,24,2.4
bifurc,even_odd,_todd24,2,0.0,0,a6b6,a6b6,True,0,correct,2,True,10,24,2.4
bifurc,even_odd,_todd24,2,0.0,0,a6b6,a6b6,True,0,correct,2,True,10,24,2.4
bifurc,even_odd,_todd24,2,0.0,0,a6b6,a6b6,True,0,correct,2,True,10,24,2.4
bifurc,even_odd,_todd24,2,0.0,0,a6b6,a6b6,True,0,correct,2,True,10,24,2.4
bifurc,even_odd,_todd24,2,0.0,0,a6b6,a6b6,True,0,correct,2,True,10,24,2.4
bifurc,even_odd,_todd24,2,0.0,0,a6b6,a6b6,True,0,correct,2,True,10,24,2.4
bifurc,even_odd,_todd24,2,0.0,0,a6b6,a6b6,True,0,correct,2,True,10,24,2.4
bifurc,even_odd,_todd24,2,0.0,0,a6b6,a6b6,True,0,correct,2,True,10,24,2.4
bifurc,even_odd,_todd24,2,0.0,0,a6b6,a6b6,True,0,correct,2,True,10,24,2.4
bifurc,even_odd,_todd24,2,0.0,0,a6b6,a6b6,True,0,correct,2,True,10,24,2.4
bifurc,even_odd,_todd24,2,0.0,0,a6b6,a6b6,True,0,correct,2,True,10,24,2.4
bifurc,even_odd,_todd24,2,0.0,0,a6b6,a6b6,True,0,correct,2,True,10,24,2.4
bifurc,even_odd,_todd24,2,0.0,0,a6b6,a6b6,True,0,correct,2,True,10,24,2.4
bifurc,even_odd,_todd24,2,0.0,0,a6b6,a6b6,True,0,correct,2,True,10,24,2.4
bifurc,even_odd,_todd24,2,0.0,0,a6b6,a6b6,True,0,correct,2,True,10,24,2.4
bifurc,even_odd,_todd24,2,0.0,0,a6b6,a6b6,True,0,correct,2,True,10,24,2.4
bifurc,even_odd,_todd24,2,0.0,0,a6b6,a6b6,True,0,correct,2,True,10,24,2.4
bifurc,even_odd,_todd24,2,0.0,0,a6b6,a6b6,True,0,correct,2,True,10,24,2.4
bifurc,even_odd,_todd24,2,0.0,0,a6b6,a6b6,True,0,correct,2,True,10,24,2.4
bifurc,even_odd,_todd24,2,0.0,0,a6b6,a6b6,True,0,correct,2,True,10,24,2.4
bifurc,even_odd,_todd24,2,0.0,0,a6b6,a6b6,True,0,correct,2,True,10,24,2.4
bifurc,even_odd,_todd24,2,0.0,0,a6b6,a6b6,True,0,correct,2,True,10,24,2.4
bifurc,even_odd,_todd24,2,0.0,0,a6b6,a6b6,True,0,correct,2,True,10,24,2.4
bifurc,even_odd,_todd24,2,0.0,0,a6b6,a6b6,True,0,correct,2,True,10,24,2.4
bifurc,even_odd,_todd24,2,0.0,0,a6b6,a6b6,True,0,correct,2,True,10,24,2.4
bifurc,even_odd,_todd24,2,0.0,0,a6b6,a6b6,True,0,correct,2,True,10,24,2.4
bifurc,even_odd,_todd24,2,0.0,0,a6b6,a6b6,True,0,correct,2,True,10,24,2.4
bifurc,even_odd,_todd24,2,0.0,0,a6b6,a6b6,True,0,correct,2,True,10,24,2.4
bifurc,even_odd,_todd24,2,0.0,0,a6b6,a6b6,True,0,correct,2,True,10,24,2.4
bifurc,even_odd,_todd24,2,0.0,0,a6b6,a6b6,True,0,correct,2,True,10,24,2.4
bifurc,even_odd,_todd24,2,0.0,0,a6b6,a6b6,True,0,correct,2,True,10,24,2.4
bifurc,even_odd,_todd24,2,0.0,0,a6b6,a6b6,True,0,correct,2,True,10,24,2.4
bifurc,even_odd,_todd24,2,0.0,0,a6b6,a6b6,True,0,correct,2,True,10,24,2.4
bifurc,even_odd,_todd24,2,0.0,0,a6b6,a6b6,True,0,correct,2,True,10,24,2.4
bifurc,even_odd,_todd24,2,0.0,0,a6b6,a6b6,True,0,correct,2,True,10,24,2.4
bifurc,even_odd,_todd24,2,0.0,0,a6b6,a6b6,True,0,correct,2,True,10,24,2.4
bifurc,even_odd,_todd24,2,0.0,0,a6b6,a6b6,True,0,correct,2,True,10,24,2.4
bifurc,even_odd,_todd24,2,0.0,0,a6b6,a6b6,True,0,correct,2,True,10,24,2.4
bifurc,even_odd,_todd24,2,0.0,0,a6b6,a6b6,True,0,correct,2,True,10,24,2.4
bifurc,even_odd,_todd24,2,0.0,0,a6b6,a6b6,True,0,correct,2,True,10,24,2.4
bifurc,even_odd,_todd24,2,0.0,0,a6b6,a6b6,True,0,correct,2,True,10,24,2.4
bifurc,even_odd,_todd24,2,0.0,0,a6b6,a6b6,True,0,correct,2,True,10,24,2.4
bifurc,even_odd,_todd24,2,0.0,0,a6b6,a6b6,True,0,correct,2,True,10,24,2.4
bifurc,even_odd,_todd24,2,0.0,0,a6b6,a6b6,True,0,correct,2,True,10,24,2.4
bifurc,even_odd,_todd24,2,0.0,0,a6b6,a6b6,True,0,correct,2,True,10,24,2.4
bifurc,even_odd,_todd24,2,0.0,0,a6b6,a6b6,True,0,correct,2,True,10,24,2.4
bifurc,even_odd,_todd24,2,0.0,0,a6b6,a6b6,True,0,correct,2,True,10,24,2.4
bifurc,even_odd,_todd24,2,0.0,0,a6b6,a6b6,True,0,correct,2,True,10,24,2.4
bifurc,even_odd,_todd24,2,0.0,0,a6b6,a6b6,True,0,correct,2,True,10,24,2.4
bifurc,even_odd,_todd24,2,0.0,0,a6b6,a6b6,True,0,correct,2,True,10,24,2.4
bifurc,even_odd,_todd24,2,0.0,0,a6b6,a6b6,True,0,correct,2,True,10,24,2.4
bifurc,even_odd,_todd24,3,0.0,0,bd07,bd07,True,0,correct,3,True,10,24,2.4
bifurc,even_odd,_todd24,3,0.0,0,bd07,bd07,True,0,correct,3,True,10,24,2.4
bifurc,even_odd,_todd24,3,0.0,0,bd07,bd07,True,0,correct,3,True,10,24,2.4
bifurc,even_odd,_todd24,3,0.0,0,bd07,bd07,True,0,correct,3,True,10,24,2.4
bifurc,even_odd,_todd24,3,0.0,0,bd07,bd07,True,0,correct,3,True,10,24,2.4
bifurc,even_odd,_todd24,3,0.0,0,bd07,bd07,True,0,correct,3,True,10,24,2.4
bifurc,even_odd,_todd24,3,0.0,0,bd07,bd07,True,0,correct,3,True,10,24,2.4
bifurc,even_odd,_todd24,3,0.0,0,bd07,bd07,True,0,correct,3,True,10,24,2.4
bifurc,even_odd,_todd24,3,0.0,0,bd07,bd07,True,0,correct,3,True,10,24,2.4
bifurc,even_odd,_todd24,3,0.0,0,bd07,bd07,True,0,correct,3,True,10,24,2.4
bifurc,even_odd,_todd24,3,0.0,0,bd07,bd07,True,0,correct,3,True,10,24,2.4
bifurc,even_odd,_todd24,3,0.0,0,bd07,bd07,True,0,correct,3,True,10,24,2.4
bifurc,even_odd,_todd24,3,0.0,0,bd07,bd07,True,0,correct,3,True,10,24,2.4
bifurc,even_odd,_todd24,3,0.0,0,bd07,bd07,True,0,correct,3,True,10,24,2.4
bifurc,even_odd,_todd24,3,0.0,0,bd07,bd07,True,0,correct,3,True,10,24,2.4
bifurc,even_odd,_todd24,3,0.0,0,bd07,bd07,True,0,correct,3,True,10,24,2.4
bifurc,even_odd,_todd24,3,0.0,0,bd07,bd07,True,0,correct,3,True,10,24,2.4
bifurc,even_odd,_todd24,3,0.0,0,bd07,bd07,True,0,correct,3,True,10,24,2.4
bifurc,even_odd,_todd24,3,0.0,0,bd07,bd07,True,0,correct,3,True,10,24,2.4
bifurc,even_odd,_todd24,3,0.0,0,bd07,bd07,True,0,correct,3,True,10,24,2.4
bifurc,even_odd,_todd24,3,0.0,0,bd07,bd07,True,0,correct,3,True,10,24,2.4
bifurc,even_odd,_todd24,3,0.0,0,bd07,bd07,True,0,correct,3,True,10,24,2.4
bifurc,even_odd,_todd24,3,0.0,0,bd07,bd07,True,0,correct,3,True,10,24,2.4
bifurc,even_odd,_todd24,3,0.0,0,bd07,bd07,True,0,correct,3,True,10,24,2.4
bifurc,even_odd,_todd24,3,0.0,0,bd07,bd07,True,0,correct,3,True,10,24,2.4
bifurc,even_odd,_todd24,3,0.0,0,bd07,bd07,True,0,correct,3,True,10,24,2.4
bifurc,even_odd,_todd24,3,0.0,0,bd07,bd07,True,0,correct,3,True,10,24,2.4
bifurc,even_odd,_todd24,3,0.0,0,bd07,bd07,True,0,correct,3,True,10,24,2.4
bifurc,even_odd,_todd24,3,0.0,0,bd07,bd07,True,0,correct,3,True,10,24,2.4
bifurc,even_odd,_todd24,3,0.0,0,bd07,bd07,True,0,correct,3,True,10,24,2.4
bifurc,even_odd,_todd24,3,0.0,0,bd07,bd07,True,0,correct,3,True,10,24,2.4
bifurc,even_odd,_todd24,3,0.0,0,bd07,bd07,True,0,correct,3,True,10,24,2.4
bifurc,even_odd,_todd24,3,0.0,0,bd07,bd07,True,0,correct,3,True,10,24,2.4
bifurc,even_odd,_todd24,3,0.0,0,bd07,bd07,True,0,correct,3,True,10,24,2.4
bifurc,even_odd,_todd24,3,0.0,0,bd07,bd07,True,0,correct,3,True,10,24,2.4
bifurc,even_odd,_todd24,3,0.0,0,bd07,bd07,True,0,correct,3,True,10,24,2.4
bifurc,even_odd,_todd24,3,0.0,0,bd07,bd07,True,0,correct,3,True,10,24,2.4
bifurc,even_odd,_todd24,3,0.0,0,bd07,bd07,True,0,correct,3,True,10,24,2.4
bifurc,even_odd,_todd24,3,0.0,0,bd07,bd07,True,0,correct,3,True,10,24,2.4
bifurc,even_odd,_todd24,3,0.0,0,bd07,bd07,True,0,correct,3,True,10,24,2.4
bifurc,even_odd,_todd24,3,0.0,0,bd07,bd07,True,0,correct,3,True,10,24,2.4
bifurc,even_odd,_todd24,3,0.0,0,bd07,bd07,True,0,correct,3,True,10,24,2.4
bifurc,even_odd,_todd24,3,0.0,0,bd07,bd07,True,0,correct,3,True,10,24,2.4
bifurc,even_odd,_todd24,3,0.0,0,bd07,bd07,True,0,correct,3,True,10,24,2.4
bifurc,even_odd,_todd24,3,0.0,0,bd07,bd07,True,0,correct,3,True,10,24,2.4
bifurc,even_odd,_todd24,3,0.0,0,bd07,bd07,True,0,correct,3,True,10,24,2.4
bifurc,even_odd,_todd24,3,0.0,0,bd07,bd07,True,0,correct,3,True,10,24,2.4
bifurc,even_odd,_todd24,3,0.0,0,bd07,bd07,True,0,correct,3,True,10,24,2.4
bifurc,even_odd,_todd24,3,0.0,0,bd07,bd07,True,0,correct,3,True,10,24,2.4
bifurc,even_odd,_todd24,3,0.0,0,bd07,bd07,True,0,correct,3,True,10,24,2.4
bifurc,even_odd,_todd24,3,0.0,0,bd07,bd07,True,0,correct,3,True,10,24,2.4
bifurc,even_odd,_todd24,3,0.0,0,bd07,bd07,True,0,correct,3,True,10,24,2.4
bifurc,even_odd,_todd24,3,0.0,0,bd07,bd07,True,0,correct,3,True,10,24,2.4
bifurc,even_odd,_todd24,3,0.0,0,bd07,bd07,True,0,correct,3,True,10,24,2.4
bifurc,even_odd,_todd24,3,0.0,0,bd07,bd07,True,0,correct,3,True,10,24,2.4
bifurc,even_odd,_todd24,3,0.0,0,bd07,bd07,True,0,correct,3,True,10,24,2.4
bifurc,even_odd,_todd24,3,0.0,0,bd07,bd07,True,0,correct,3,True,10,24,2.4
bifurc,even_odd,_todd24,3,0.0,0,bd07,bd07,True,0,correct,3,True,10,24,2.4
bifurc,even_odd,_todd24,3,0.0,0,bd07,bd07,True,0,correct,3,True,10,24,2.4
bifurc,even_odd,_todd24,3,0.0,0,bd07,bd07,True,0,correct,3,True,10,24,2.4
bifurc,even_odd,_todd24,3,0.0,0,bd07,bd07,True,0,correct,3,True,10,24,2.4
bifurc,even_odd,_todd24,3,0.0,0,bd07,bd07,True,0,correct,3,True,10,24,2.4
bifurc,even_odd,_todd24,3,0.0,0,bd07,bd07,True,0,correct,3,True,10,24,2.4
bifurc,even_odd,_todd24,3,0.0,0,bd07,bd07,True,0,correct,3,True,10,24,2.4
bifurc,even_odd,_todd24,3,0.0,0,bd07,bd07,True,0,correct,3,True,10,24,2.4
bifurc,even_odd,_todd24,3,0.0,0,bd07,bd07,True,0,correct,3,True,10,24,2.4
bifurc,even_odd,_todd24,3,0.0,0,bd07,bd07,True,0,correct,3,True,10,24,2.4
bifurc,even_odd,_todd24,3,0.0,0,bd07,bd07,True,0,correct,3,True,10,24,2.4
bifurc,even_odd,_todd24,3,0.0,0,bd07,bd07,True,0,correct,3,True,10,24,2.4
bifurc,even_odd,_todd24,3,0.0,0,bd07,bd07,True,0,correct,3,True,10,24,2.4
bifurc,even_odd,_todd24,3,0.0,0,bd07,bd07,True,0,correct,3,True,10,24,2.4
bifurc,even_odd,_todd24,3,0.0,0,bd07,bd07,True,0,correct,3,True,10,24,2.4
bifurc,even_odd,_todd24,3,0.0,0,bd07,bd07,True,0,correct,3,True,10,24,2.4
bifurc,even_odd,_todd24,3,0.0,0,bd07,bd07,True,0,correct,3,True,10,24,2.4
bifurc,even_odd,_todd24,3,0.0,0,bd07,bd07,True,0,correct,3,True,10,24,2.4
bifurc,even_odd,_todd24,3,0.0,0,bd07,bd07,True,0,correct,3,True,10,24,2.4
bifurc,even_odd,_todd24,3,0.0,0,bd07,bd07,True,0,correct,3,True,10,24,2.4
bifurc,even_odd,_todd24,3,0.0,0,bd07,bd07,True,0,correct,3,True,10,24,2.4
bifurc,even_odd,_todd24,3,0.0,0,bd07,bd07,True,0,correct,3,True,10,24,2.4
bifurc,even_odd,_todd24,3,0.0,0,bd07,bd07,True,0,correct,3,True,10,24,2.4
bifurc,even_odd,_todd24,0,0.2,2,fce2,fca6,True,11,correct,0,True,10,24,2.4
bifurc,even_odd,_todd24,0,0.2,1,fc26,fca6,True,25,correct,0,True,10,24,2.4
bifurc,even_odd,_todd24,0,0.2,4,70e6,fca6,True,45,correct,0,True,10,24,2.4
bifurc,even_odd,_todd24,0,0.2,5,dfe4,58a4,True,45,spurious,-1,False,10,24,2.4
bifurc,even_odd,_todd24,0,0.2,5,dd34,58a4,True,59,spurious,-1,False,10,24,2.4
bifurc,even_odd,_todd24,0,0.2,0,fca6,fca6,True,0,correct,0,True,10,24,2.4
bifurc,even_odd,_todd24,0,0.2,1,f8a6,fca6,True,11,correct,0,True,10,24,2.4
bifurc,even_odd,_todd24,0,0.2,1,fc26,fca6,True,25,correct,0,True,10,24,2.4
bifurc,even_odd,_todd24,0,0.2,4,64a4,58a4,True,45,spurious,-1,False,10,24,2.4
bifurc,even_odd,_todd24,0,0.2,3,74b6,fca6,True,35,correct,0,True,10,24,2.4
bifurc,even_odd,_todd24,0,0.2,3,9ea6,fca6,True,25,correct,0,True,10,24,2.4
bifurc,even_odd,_todd24,0,0.2,6,1686,2b4,True,45,spurious,-1,False,10,24,2.4
bifurc,even_odd,_todd24,0,0.2,3,fc16,bd07,True,11,wrong_pattern,3,False,10,24,2.4
bifurc,even_odd,_todd24,0,0.2,2,fc36,fca6,True,25,correct,0,True,10,24,2.4
bifurc,even_odd,_todd24,0,0.2,1,fca4,fca6,True,25,correct,0,True,10,24,2.4
bifurc,even_odd,_todd24,0,0.2,2,fcb4,fca6,True,25,correct,0,True,10,24,2.4
bifurc,even_odd,_todd24,0,0.2,5,5086,58a4,True,25,spurious,-1,False,10,24,2.4
bifurc,even_odd,_todd24,0,0.2,4,dde4,58a4,True,45,spurious,-1,False,10,24,2.4
bifurc,even_odd,_todd24,0,0.2,3,f8b4,fca6,True,45,correct,0,True,10,24,2.4
bifurc,even_odd,_todd24,0,0.2,4,748e,fca6,True,25,correct,0,True,10,24,2.4
bifurc,even_odd,_todd24,0,0.2,4,b9a4,fca6,True,45,correct,0,True,10,24,2.4
bifurc,even_odd,_todd24,0,0.2,4,7cc2,fca6,True,45,correct,0,True,10,24,2.4
bifurc,even_odd,_todd24,0,0.2,0,fca6,fca6,True,0,correct,0,True,10,24,2.4
bifurc,even_odd,_todd24,0,0.2,3,fcb3,fca6,True,11,correct,0,True,10,24,2.4
bifurc,even_odd,_todd24,0,0.2,2,f5a6,fca6,True,25,correct,0,True,10,24,2.4
bifurc,even_odd,_todd24,0,0.2,3,f6e6,a6b6,True,21,wrong_pattern,2,False,10,24,2.4
bifurc,even_odd,_todd24,0,0.2,1,fea6,fca6,True,25,correct,0,True,10,24,2.4
bifurc,even_odd,_todd24,0,0.2,3,6da6,fca6,True,25,correct,0,True,10,24,2.4
bifurc,even_odd,_todd24,0,0.2,3,dcb4,58a4,True,45,spurious,-1,False,10,24,2.4
bifurc,even_odd,_todd24,0,0.2,2,fc36,fca6,True,25,correct,0,True,10,24,2.4
bifurc,even_odd,_todd24,0,0.2,0,fca6,fca6,True,0,correct,0,True,10,24,2.4
bifurc,even_odd,_todd24,0,0.2,4,b4b2,fca6,True,45,correct,0,True,10,24,2.4
bifurc,even_odd,_todd24,0,0.2,5,2cf6,fca6,True,45,correct,0,True,10,24,2.4
bifurc,even_odd,_todd24,0,0.2,5,e804,bd07,True,89,wrong_pattern,3,False,10,24,2.4
bifurc,even_odd,_todd24,0,0.2,6,bccb,fca6,True,83,correct,0,True,10,24,2.4
bifurc,even_odd,_todd24,0,0.2,2,bcae,fca6,True,25,correct,0,True,10,24,2.4
bifurc,even_odd,_todd24,0,0.2,2,ecb6,fca6,True,11,correct,0,True,10,24,2.4
bifurc,even_odd,_todd24,0,0.2,5,b485,a6b6,True,89,wrong_pattern,2,False,10,24,2.4
bifurc,even_odd,_todd24,0,0.2,3,7da2,fca6,True,25,correct,0,True,10,24,2.4
bifurc,even_odd,_todd24,0,0.2,5,7dbf,fca6,True,35,correct,0,True,10,24,2.4
bifurc,even_odd,_todd24,0,0.2,4,baa4,fca6,True,45,correct,0,True,10,24,2.4
bifurc,even_odd,_todd24,0,0.2,5,efa5,fca6,True,45,correct,0,True,10,24,2.4
bifurc,even_odd,_todd24,0,0.2,4,e827,fca6,True,59,correct,0,True,10,24,2.4
bifurc,even_odd,_todd24,0,0.2,1,7ca6,fca6,True,25,correct,0,True,10,24,2.4
bifurc,even_odd,_todd24,0,0.2,7,b845,bd07,True,45,wrong_pattern,3,False,10,24,2.4
bifurc,even_odd,_todd24,0,0.2,4,ffbe,fca6,True,25,correct,0,True,10,24,2.4
bifurc,even_odd,_todd24,0,0.2,5,7d83,bd07,True,25,wrong_pattern,3,False,10,24,2.4
bifurc,even_odd,_todd24,0,0.2,3,d8a4,58a4,True,25,spurious,-1,False,10,24,2.4
bifurc,even_odd,_todd24,0,0.2,3,fc04,bd07,True,55,wrong_pattern,3,False,10,24,2.4
bifurc,even_odd,_todd24,0,0.2,2,7ea6,fca6,True,25,correct,0,True,10,24,2.4
bifurc,even_odd,_todd24,0,0.2,4,14a6,58a4,True,45,spurious,-1,False,10,24,2.4
bifurc,even_odd,_todd24,0,0.2,5,7d9e,fca6,True,49,correct,0,True,10,24,2.4
bifurc,even_odd,_todd24,0,0.2,3,7de6,fca6,True,25,correct,0,True,10,24,2.4
bifurc,even_odd,_todd24,0,0.2,1,bca6,fca6,True,11,correct,0,True,10,24,2.4
bifurc,even_odd,_todd24,0,0.2,4,ffe7,fca6,True,35,correct,0,True,10,24,2.4
bifurc,even_odd,_todd24,0,0.2,5,7d32,fc67,False,1636,oscillated,-1,False,10,24,2.4
bifurc,even_odd,_todd24,0,0.2,1,fca4,fca6,True,25,correct,0,True,10,24,2.4
bifurc,even_odd,_todd24,0,0.2,1,fcb6,fca6,True,11,correct,0,True,10,24,2.4
bifurc,even_odd,_todd24,0,0.2,5,bc3f,fca6,True,107,correct,0,True,10,24,2.4
bifurc,even_odd,_todd24,0,0.2,1,fce6,fca6,True,11,correct,0,True,10,24,2.4
bifurc,even_odd,_todd24,0,0.2,4,dc46,fd4b,True,79,spurious,-1,False,10,24,2.4
bifurc,even_odd,_todd24,0,0.2,2,fe86,fca6,True,25,correct,0,True,10,24,2.4
bifurc,even_odd,_todd24,0,0.2,5,68e7,fca6,True,45,correct,0,True,10,24,2.4
bifurc,even_odd,_todd24,0,0.2,4,dcd6,fca6,True,25,correct,0,True,10,24,2.4
bifurc,even_odd,_todd24,0,0.2,6,9c60,58a4,True,45,spurious,-1,False,10,24,2.4
bifurc,even_odd,_todd24,0,0.2,3,f4b4,fca6,True,35,correct,0,True,10,24,2.4
bifurc,even_odd,_todd24,0,0.2,3,bda7,fca6,True,11,correct,0,True,10,24,2.4
bifurc,even_odd,_todd24,0,0.2,6,cd85,1905,True,45,spurious,-1,False,10,24,2.4
bifurc,even_odd,_todd24,0,0.2,4,dec6,fca6,True,25,correct,0,True,10,24,2.4
bifurc,even_odd,_todd24,0,0.2,4,ea26,fca6,True,25,correct,0,True,10,24,2.4
bifurc,even_odd,_todd24,0,0.2,7,70f3,fca6,True,45,correct,0,True,10,24,2.4
bifurc,even_odd,_todd24,0,0.2,3,bda7,fca6,True,11,correct,0,True,10,24,2.4
bifurc,even_odd,_todd24,0,0.2,1,bca6,fca6,True,11,correct,0,True,10,24,2.4
bifurc,even_odd,_todd24,0,0.2,2,eca2,fca6,True,11,correct,0,True,10,24,2.4
bifurc,even_odd,_todd24,0,0.2,2,dcae,fca6,True,25,correct,0,True,10,24,2.4
bifurc,even_odd,_todd24,0,0.2,3,3cb6,fca6,True,35,correct,0,True,10,24,2.4
bifurc,even_odd,_todd24,0,0.2,3,f926,fca6,True,59,correct,0,True,10,24,2.4
bifurc,even_odd,_todd24,0,0.2,1,7ca6,fca6,True,25,correct,0,True,10,24,2.4
bifurc,even_odd,_todd24,0,0.2,2,fce4,fca6,True,25,correct,0,True,10,24,2.4
bifurc,even_odd,_todd24,0,0.2,2,bcb6,fca6,True,11,correct,0,True,10,24,2.4
bifurc,even_odd,_todd24,1,0.2,2,5bb5,58a4,True,35,spurious,-1,False,10,24,2.4
bifurc,even_odd,_todd24,1,0.2,6,6b80,58a4,True,89,spurious,-1,False,10,24,2.4
bifurc,even_odd,_todd24,1,0.2,3,1fd1,1b95,True,21,correct,1,True,10,24,2.4
bifurc,even_odd,_todd24,1,0.2,3,1f35,1b95,True,25,correct,1,True,10,24,2.4
bifurc,even_odd,_todd24,1,0.2,0,1b95,1b95,True,0,correct,1,True,10,24,2.4
bifurc,even_odd,_todd24,1,0.2,4,5ac5,58a4,True,35,spurious,-1,False,10,24,2.4
bifurc,even_odd,_todd24,1,0.2,2,1bd4,2b4,True,35,spurious,-1,False,10,24,2.4
bifurc,even_odd,_todd24,1,0.2,1,b95,1b95,True,11,correct,1,True,10,24,2.4
bifurc,even_odd,_todd24,1,0.2,5,2b75,359,True,83,spurious,-1,False,10,24,2.4
bifurc,even_odd,_todd24,1,0.2,6,2881,58a4,True,65,spurious,-1,False,10,24,2.4
bifurc,even_odd,_todd24,1,0.2,3,1abd,2b4,True,35,spurious,-1,False,10,24,2.4
bifurc,even_odd,_todd24,1,0.2,1,1b97,1b95,True,25,correct,1,True,10,24,2.4
bifurc,even_odd,_todd24,1,0.2,1,b95,1b95,True,11,correct,1,True,10,24,2.4
bifurc,even_odd,_todd24,1,0.2,2,1994,58a4,True,45,spurious,-1,False,10,24,2.4
bifurc,even_odd,_todd24,1,0.2,2,3b15,1b95,True,25,correct,1,True,10,24,2.4
bifurc,even_odd,_todd24,1,0.2,5,7b1f,a75b,True,69,spurious,-1,False,10,24,2.4
bifurc,even_odd,_todd24,1,0.2,6,93e7,a6b6,True,45,wrong_pattern,2,False,10,24,2.4
bifurc,even_odd,_todd24,1,0.2,6,8899,5949,True,83,spurious,-1,False,10,24,2.4
bifurc,even_odd,_todd24,1,0.2,2,1b55,395,True,35,spurious,-1,False,10,24,2.4
bifurc,even_odd,_todd24,1,0.2,3,b8d,395,True,49,spurious,-1,False,10,24,2.4
bifurc,even_odd,_todd24,1,0.2,2,139d,395,True,49,spurious,-1,False,10,24,2.4
bifurc,even_odd,_todd24,1,0.2,2,bb95,bf97,True,45,spurious,-1,False,10,24,2.4
bifurc,even_odd,_todd24,1,0.2,1,1a95,58a4,True,69,spurious,-1,False,10,24,2.4
bifurc,even_odd,_todd24,1,0.2,3,18d5,58a4,True,45,spurious,-1,False,10,24,2.4
bifurc,even_odd,_todd24,1,0.2,2,1915,1905,True,11,spurious,-1,False,10,24,2.4
bifurc,even_odd,_todd24,1,0.2,3,19b7,58a4,True,35,spurious,-1,False,10,24,2.4
bifurc,even_odd,_todd24,1,0.2,4,3a05,1b95,True,45,correct,1,True,10,24,2.4
bifurc,even_odd,_todd24,1,0.2,2,9bb5,58a4,True,51,spurious,-1,False,10,24,2.4
bifurc,even_odd,_todd24,1,0.2,5,1ead,58a4,True,25,spurious,-1,False,10,24,2.4
bifurc,even_odd,_todd24,1,0.2,4,1f80,58a4,True,45,spurious,-1,False,10,24,2.4
bifurc,even_odd,_todd24,1,0.2,3,399d,1905,True,35,spurious,-1,False,10,24,2.4
bifurc,even_odd,_todd24,1,0.2,6,1645,359,True,45,spurious,-1,False,10,24,2.4
bifurc,even_odd,_todd24,1,0.2,3,5b87,1905,True,35,spurious,-1,False,10,24,2.4
bifurc,even_odd,_todd24,1,0.2,5,1b29,1905,True,93,spurious,-1,False,10,24,2.4
bifurc,even_odd,_todd24,1,0.2,3,1be5,58a4,True,45,spurious,-1,False,10,24,2.4
bifurc,even_odd,_todd24,1,0.2,2,1e95,58a4,True,69,spurious,-1,False,10,24,2.4
bifurc,even_odd,_todd24,1,0.2,2,3b85,1b95,True,45,correct,1,True,10,24,2.4
bifurc,even_odd,_todd24,1,0.2,7,fed1,fca6,True,35,wrong_pattern,0,False,10,24,2.4
bifurc,even_odd,_todd24,1,0.2,3,7995,1905,True,35,spurious,-1,False,10,24,2.4
bifurc,even_odd,_todd24,1,0.2,3,1f1d,359,True,45,spurious,-1,False,10,24,2.4
bifurc,even_odd,_todd24,1,0.2,3,13c5,395,True,11,spurious,-1,False,10,24,2.4
bifurc,even_odd,_todd24,1,0.2,2,1915,1905,True,11,spurious,-1,False,10,24,2.4
bifurc,even_odd,_todd24,1,0.2,3,f97,1b95,True,45,correct,1,True,10,24,2.4
bifurc,even_odd,_todd24,1,0.2,2,1b8d,395,True,79,spurious,-1,False,10,24,2.4
bifurc,even_odd,_todd24,1,0.2,4,b391,a797,True,45,spurious,-1,False,10,24,2.4
bifurc,even_odd,_todd24,1,0.2,2,3bb5,58a4,True,51,spurious,-1,False,10,24,2.4
bifurc,even_odd,_todd24,1,0.2,3,9bb1,2b4,True,35,spurious,-1,False,10,24,2.4
bifurc,even_odd,_todd24,1,0.2,3,5f94,58a4,True,35,spurious,-1,False,10,24,2.4
bifurc,even_odd,_todd24,1,0.2,3,4bd5,1b95,True,11,correct,1,True,10,24,2.4
bifurc,even_odd,_todd24,1,0.2,1,1b9d,395,True,49,spurious,-1,False,10,24,2.4
bifurc,even_odd,_todd24,1,0.2,4,179c,2b4,True,35,spurious,-1,False,10,24,2.4
bifurc,even_odd,_todd24,1,0.2,3,1215,395,True,45,spurious,-1,False,10,24,2.4
bifurc,even_odd,_todd24,1,0.2,2,1b81,1b95,True,11,correct,1,True,10,24,2.4
bifurc,even_odd,_todd24,1,0.2,5,d305,395,True,89,spurious,-1,False,10,24,2.4
bifurc,even_odd,_todd24,1,0.2,4,1214,2b4,True,79,spurious,-1,False,10,24,2.4
bifurc,even_odd,_todd24,1,0.2,1,1b97,1b95,True,25,correct,1,True,10,24,2.4
bifurc,even_odd,_todd24,1,0.2,5,3b50,3d1,False,1636,oscillated,-1,False,10,24,2.4
bifurc,even_odd,_todd24,1,0.2,5,717,395,True,45,spurious,-1,False,10,24,2.4
bifurc,even_odd,_todd24,1,0.2,4,396,2b4,True,35,spurious,-1,False,10,24,2.4
bifurc,even_odd,_todd24,1,0.2,1,1395,395,True,11,spurious,-1,False,10,24,2.4
bifurc,even_odd,_todd24,1,0.2,4,5194,58a4,True,83,spurious,-1,False,10,24,2.4
bifurc,even_odd,_todd24,1,0.2,3,1291,2b4,True,35,spurious,-1,False,10,24,2.4
bifurc,even_odd,_todd24,1,0.2,3,1bad,58a4,True,45,spurious,-1,False,10,24,2.4
bifurc,even_odd,_todd24,1,0.2,5,cbf5,58a4,True,55,spurious,-1,False,10,24,2.4
bifurc,even_odd,_todd24,1,0.2,6,17b8,42f8,True,21,spurious,-1,False,10,24,2.4
bifurc,even_odd,_todd24,1,0.2,2,1bc5,1b95,True,11,correct,1,True,10,24,2.4
bifurc,even_odd,_todd24,1,0.2,4,1097,2b4,True,45,spurious,-1,False,10,24,2.4
bifurc,even_odd,_todd24,1,0.2,6,3982,fca6,True,45,wrong_pattern,0,False,10,24,2.4
bifurc,even_odd,_todd24,1,0.2,4,3797,a797,True,45,spurious,-1,False,10,24,2.4
bifurc,even_odd,_todd24,1,0.2,2,1b96,58a4,True,69,spurious,-1,False,10,24,2.4
bifurc,even_odd,_todd24,1,0.2,4,1b18,359,True,35,spurious,-1,False,10,24,2.4
bifurc,even_odd,_todd24,1,0.2,2,1195,395,True,49,spurious,-1,False,10,24,2.4
bifurc,even_odd,_todd24,1,0.2,3,9b5,58a4,True,21,spurious,-1,False,10,24,2.4
bifurc,even_odd,_todd24,1,0.2,5,22b5,2b4,True,25,spurious,-1,False,10,24,2.4
bifurc,even_odd,_todd24,1,0.2,3,19b1,58a4,True,11,spurious,-1,False,10,24,2.4
bifurc,even_odd,_todd24,1,0.2,6,7a98,58a4,True,35,spurious,-1,False,10,24,2.4
bifurc,even_odd,_todd24,1,0.2,1,1b97,1b95,True,25,correct,1,True,10,24,2.4
bifurc,even_odd,_todd24,1,0.2,4,1a07,1b95,True,45,correct,1,True,10,24,2.4
bifurc,even_odd,_todd24,1,0.2,3,3a15,1b95,True,25,correct,1,True,10,24,2.4
bifurc,even_odd,_todd24,1,0.2,5,8b5d,359,True,25,spurious,-1,False,10,24,2.4
bifurc,even_odd,_todd24,2,0.2,4,96f7,a6b6,True,25,correct,2,True,10,24,2.4
bifurc,even_odd,_todd24,2,0.2,3,b6a4,a6b6,True,45,correct,2,True,10,24,2.4
bifurc,even_odd,_todd24,2,0.2,4,c7b2,a6b6,True,35,correct,2,True,10,24,2.4
bifurc,even_odd,_todd24,2,0.2,2,a63e,e6fa,True,35,spurious,-1,False,10,24,2.4
bifurc,even_odd,_todd24,2,0.2,5,a4ce,e6fa,True,35,spurious,-1,False,10,24,2.4
bifurc,even_odd,_todd24,2,0.2,2,a6fe,e6fa,True,21,spurious,-1,False,10,24,2.4
bifurc,even_odd,_todd24,2,0.2,5,379e,a6b6,True,35,correct,2,True,10,24,2.4
bifurc,even_odd,_todd24,2,0.2,5,e41e,a75b,True,45,spurious,-1,False,10,24,2.4
bifurc,even_odd,_todd24,2,0.2,3,a432,e6fa,True,35,spurious,-1,False,10,24,2.4
bifurc,even_odd,_todd24,2,0.2,2,24b6,fca6,True,45,wrong_pattern,0,False,10,24,2.4
bifurc,even_odd,_todd24,2,0.2,2,a69e,a6b6,True,25,correct,2,True,10,24,2.4
bifurc,even_odd,_todd24,2,0.2,5,f23e,e6fa,True,55,spurious,-1,False,10,24,2.4
bifurc,even_odd,_todd24,2,0.2,7,6f84,58a4,True,59,spurious,-1,False,10,24,2.4
bifurc,even_odd,_todd24,2,0.2,1,e6b6,a6b6,True,11,correct,2,True,10,24,2.4
bifurc,even_odd,_todd24,2,0.2,4,aa97,fca6,True,89,wrong_pattern,0,False,10,24,2.4
bifurc,even_odd,_todd24,2,0.2,2,a3b6,a6b6,True,11,correct,2,True,10,24,2.4
bifurc,even_odd,_todd24,2,0.2,3,afb4,fca6,True,55,wrong_pattern,0,False,10,24,2.4
bifurc,even_odd,_todd24,2,0.2,5,96af,a6b6,True,59,correct,2,True,10,24,2.4
bifurc,even_odd,_todd24,2,0.2,3,a635,a6b6,True,59,correct,2,True,10,24,2.4
bifurc,even_odd,_todd24,2,0.2,6,ac1f,fd4b,True,21,spurious,-1,False,10,24,2.4
bifurc,even_odd,_todd24,2,0.2,4,84b0,58a4,True,45,spurious,-1,False,10,24,2.4
bifurc,even_odd,_todd24,2,0.2,3,a732,a677,False,1636,oscillated,-1,False,10,24,2.4
bifurc,even_odd,_todd24,2,0.2,5,86a1,2b4,True,45,spurious,-1,False,10,24,2.4
bifurc,even_odd,_todd24,2,0.2,9,8b00,359,True,59,spurious,-1,False,10,24,2.4
bifurc,even_odd,_todd24,2,0.2,1,a6b7,a6b6,True,11,correct,2,True,10,24,2.4
bifurc,even_odd,_todd24,2,0.2,1,a6be,a6b6,True,25,correct,2,True,10,24,2.4
bifurc,even_odd,_todd24,2,0.2,5,276,42f8,True,45,spurious,-1,False,10,24,2.4
bifurc,even_odd,_todd24,2,0.2,2,26b4,2b4,True,45,spurious,-1,False,10,24,2.4
bifurc,even_odd,_todd24,2,0.2,2,a694,a6b6,True,25,correct,2,True,10,24,2.4
bifurc,even_odd,_todd24,2,0.2,5,624,2b4,True,25,spurious,-1,False,10,24,2.4
bifurc,even_odd,_todd24,2,0.2,5,6fb7,fca6,True,55,wrong_pattern,0,False,10,24,2.4
bifurc,even_odd,_todd24,2,0.2,5,3232,e6fa,True,45,spurious,-1,False,10,24,2.4
bifurc,even_odd,_todd24,2,0.2,1,a6be,a6b6,True,25,correct,2,True,10,24,2.4
bifurc,even_odd,_todd24,2,0.2,1,aeb6,fca6,True,55,wrong_pattern,0,False,10,24,2.4
bifurc,even_odd,_todd24,2,0.2,3,34b6,fca6,True,45,wrong_pattern,0,False,10,24,2.4
bifurc,even_odd,_todd24,2,0.2,3,27f6,a6b6,True,25,correct,2,True,10,24,2.4
bifurc,even_odd,_todd24,2,0.2,3,26f2,a6b6,True,35,correct,2,True,10,24,2.4
bifurc,even_odd,_todd24,2,0.2,3,b6e6,a6b6,True,21,correct,2,True,10,24,2.4
bifurc,even_odd,_todd24,2,0.2,3,a6d4,a6b6,True,25,correct,2,True,10,24,2.4
bifurc,even_odd,_todd24,2,0.2,1,a6b2,a6b6,True,11,correct,2,True,10,24,2.4
bifurc,even_odd,_todd24,2,0.2,2,a69e,a6b6,True,25,correct,2,True,10,24,2.4
bifurc,even_odd,_todd24,2,0.2,3,87a6,a6b6,True,25,correct,2,True,10,24,2.4
bifurc,even_odd,_todd24,2,0.2,1,a6be,a6b6,True,25,correct,2,True,10,24,2.4
bifurc,even_odd,_todd24,2,0.2,0,a6b6,a6b6,True,0,correct,2,True,10,24,2.4
bifurc,even_odd,_todd24,2,0.2,4,b0f6,fca6,True,45,wrong_pattern,0,False,10,24,2.4
bifurc,even_odd,_todd24,2,0.2,7,94df,a75b,True,85,spurious,-1,False,10,24,2.4
bifurc,even_odd,_todd24,2,0.2,2,a6b0,a6b6,True,25,correct,2,True,10,24,2.4
bifurc,even_odd,_todd24,2,0.2,5,6635,359,True,83,spurious,-1,False,10,24,2.4
bifurc,even_odd,_todd24,2,0.2,3,36b2,a6b6,True,25,correct,2,True,10,24,2.4
bifurc,even_odd,_todd24,2,0.2,5,e433,a75b,True,59,spurious,-1,False,10,24,2.4
bifurc,even_odd,_todd24,2,0.2,3,a6b8,e6fa,True,35,spurious,-1,False,10,24,2.4
bifurc,even_odd,_todd24,2,0.2,7,c70e,a75b,True,35,spurious,-1,False,10,24,2.4
bifurc,even_odd,_todd24,2,0.2,3,a6e4,a6b6,True,25,correct,2,True,10,24,2.4
bifurc,even_odd,_todd24,2,0.2,1,a4b6,fca6,True,45,wrong_pattern,0,False,10,24,2.4
bifurc,even_odd,_todd24,2,0.2,3,a6f5,a6b6,True,25,correct,2,True,10,24,2.4
bifurc,even_odd,_todd24,2,0.2,2,26be,a6b6,True,25,correct,2,True,10,24,2.4
bifurc,even_odd,_todd24,2,0.2,3,a6e7,a6b6,True,11,correct,2,True,10,24,2.4
bifurc,even_odd,_todd24,2,0.2,2,aef6,a6b6,True,35,correct,2,True,10,24,2.4
bifurc,even_odd,_todd24,2,0.2,3,b2a6,a6b6,True,21,correct,2,True,10,24,2.4
bifurc,even_odd,_todd24,2,0.2,3,c6b7,a6b6,True,25,correct,2,True,10,24,2.4
bifurc,even_odd,_todd24,2,0.2,4,2486,fca6,True,49,wrong_pattern,0,False,10,24,2.4
bifurc,even_odd,_todd24,2,0.2,2,86b2,a6b6,True,25,correct,2,True,10,24,2.4
bifurc,even_odd,_todd24,2,0.2,4,ecf6,fca6,True,11,wrong_pattern,0,False,10,24,2.4
bifurc,even_odd,_todd24,2,0.2,1,a6f6,a6b6,True,11,correct,2,True,10,24,2.4
bifurc,even_odd,_todd24,2,0.2,4,9ea6,fca6,True,25,wrong_pattern,0,False,10,24,2.4
bifurc,even_odd,_todd24,2,0.2,4,a0f2,fca6,True,55,wrong_pattern,0,False,10,24,2.4
bifurc,even_odd,_todd24,2,0.2,4,33b6,a6b6,True,45,correct,2,True,10,24,2.4
bifurc,even_odd,_todd24,2,0.2,6,9282,a6b6,True,45,correct,2,True,10,24,2.4
bifurc,even_odd,_todd24,2,0.2,4,e2a4,fca6,True,69,wrong_pattern,0,False,10,24,2.4
bifurc,even_odd,_todd24,2,0.2,2,86a6,a6b6,True,25,correct,2,True,10,24,2.4
bifurc,even_odd,_todd24,2,0.2,3,2ef6,a6b6,True,35,correct,2,True,10,24,2.4
bifurc,even_odd,_todd24,2,0.2,2,aebe,a6b6,True,35,correct,2,True,10,24,2.4
bifurc,even_odd,_todd24,2,0.2,4,2ee6,fca6,True,45,wrong_pattern,0,False,10,24,2.4
bifurc,even_odd,_todd24,2,0.2,2,87b6,a6b6,True,25,correct,2,True,10,24,2.4
bifurc,even_odd,_todd24,2,0.2,5,25ba,e6fa,True,35,spurious,-1,False,10,24,2.4
bifurc,even_odd,_todd24,2,0.2,2,86a6,a6b6,True,25,correct,2,True,10,24,2.4
bifurc,even_odd,_todd24,2,0.2,4,bab2,a6b6,True,35,correct,2,True,10,24,2.4
bifurc,even_odd,_todd24,2,0.2,4,a7f5,a6b6,True,35,correct,2,True,10,24,2.4
bifurc,even_odd,_todd24,2,0.2,4,e624,e6fa,True,41,spurious,-1,False,10,24,2.4
bifurc,even_odd,_todd24,2,0.2,4,60b6,fca6,True,45,wrong_pattern,0,False,10,24,2.4
bifurc,even_odd,_todd24,3,0.2,3,dd03,bd07,True,35,correct,3,True,10,24,2.4
bifurc,even_odd,_todd24,3,0.2,3,fd04,bd07,True,35,correct,3,True,10,24,2.4
bifurc,even_odd,_todd24,3,0.2,3,9d45,1905,True,45,spurious,-1,False,10,24,2.4
bifurc,even_odd,_todd24,3,0.2,7,88f,58a4,True,59,spurious,-1,False,10,24,2.4
bifurc,even_odd,_todd24,3,0.2,2,fd0f,fd4b,True,21,spurious,-1,False,10,24,2.4
bifurc,even_odd,_todd24,3,0.2,6,1845,1905,True,21,spurious,-1,False,10,24,2.4
bifurc,even_odd,_todd24,3,0.2,6,8963,fd4b,True,45,spurious,-1,False,10,24,2.4
bifurc,even_odd,_todd24,3,0.2,2,b587,a797,True,55,spurious,-1,False,10,24,2.4
bifurc,even_odd,_todd24,3,0.2,2,ad06,bd07,True,11,correct,3,True,10,24,2.4
bifurc,even_odd,_todd24,3,0.2,3,390f,bd07,True,45,correct,3,True,10,24,2.4
bifurc,even_odd,_todd24,3,0.2,1,bd47,bd07,True,11,correct,3,True,10,24,2.4
bifurc,even_odd,_todd24,3,0.2,3,f517,bd07,True,35,correct,3,True,10,24,2.4
bifurc,even_odd,_todd24,3,0.2,3,ad85,bd07,True,55,correct,3,True,10,24,2.4
bifurc,even_odd,_todd24,3,0.2,5,cd1f,fd4b,True,45,spurious,-1,False,10,24,2.4
bifurc,even_odd,_todd24,3,0.2,2,b503,a75b,True,45,spurious,-1,False,10,24,2.4
bifurc,even_odd,_todd24,3,0.2,3,bc26,fca6,True,25,wrong_pattern,0,False,10,24,2.4
bifurc,even_odd,_todd24,3,0.2,2,a907,bd07,True,11,correct,3,True,10,24,2.4
bifurc,even_odd,_todd24,3,0.2,4,9d55,1905,True,45,spurious,-1,False,10,24,2.4
bifurc,even_odd,_todd24,3,0.2,3,ad86,fca6,True,65,wrong_pattern,0,False,10,24,2.4
bifurc,even_odd,_todd24,3,0.2,3,f547,fd4b,True,69,spurious,-1,False,10,24,2.4
bifurc,even_odd,_todd24,3,0.2,2,b503,a75b,True,45,spurious,-1,False,10,24,2.4
bifurc,even_odd,_todd24,3,0.2,4,bf2d,a797,True,45,spurious,-1,False,10,24,2.4
bifurc,even_odd,_todd24,3,0.2,2,bc05,bd07,True,25,correct,3,True,10,24,2.4
bifurc,even_odd,_todd24,3,0.2,6,fccd,fd8a,False,1636,oscillated,-1,False,10,24,2.4
bifurc,even_odd,_todd24,3,0.2,4,e506,a75b,True,55,spurious,-1,False,10,24,2.4
bifurc,even_odd,_todd24,3,0.2,4,9d12,bd07,True,45,correct,3,True,10,24,2.4
bifurc,even_odd,_todd24,3,0.2,2,fd05,bd07,True,25,correct,3,True,10,24,2.4
bifurc,even_odd,_todd24,3,0.2,3,1d17,1905,True,45,spurious,-1,False,10,24,2.4
bifurc,even_odd,_todd24,3,0.2,5,1b47,1b95,True,45,wrong_pattern,1,False,10,24,2.4
bifurc,even_odd,_todd24,3,0.2,3,be87,fca6,True,59,wrong_pattern,0,False,10,24,2.4
bifurc,even_odd,_todd24,3,0.2,5,f113,a75b,True,45,spurious,-1,False,10,24,2.4
bifurc,even_odd,_todd24,3,0.2,5,b34f,a75b,True,11,spurious,-1,False,10,24,2.4
bifurc,even_odd,_todd24,3,0.2,1,b507,bd07,True,25,correct,3,True,10,24,2.4
bifurc,even_odd,_todd24,3,0.2,5,e901,bd07,True,45,correct,3,True,10,24,2.4
bifurc,even_odd,_todd24,3,0.2,2,9d03,bd07,True,25,correct,3,True,10,24,2.4
bifurc,even_odd,_todd24,3,0.2,4,ff45,bd07,True,35,correct,3,True,10,24,2.4
bifurc,even_odd,_todd24,3,0.2,3,b50b,a75b,True,45,spurious,-1,False,10,24,2.4
bifurc,even_odd,_todd24,3,0.2,4,b536,fca6,True,93,wrong_pattern,0,False,10,24,2.4
bifurc,even_odd,_todd24,3,0.2,1,bd17,bd07,True,11,correct,3,True,10,24,2.4
bifurc,even_odd,_todd24,3,0.2,5,3596,a6b6,True,45,wrong_pattern,2,False,10,24,2.4
bifurc,even_odd,_todd24,3,0.2,3,ba07,bf97,True,45,spurious,-1,False,10,24,2.4
bifurc,even_odd,_todd24,3,0.2,4,a847,bd07,True,21,correct,3,True,10,24,2.4
bifurc,even_odd,_todd24,3,0.2,2,b547,a75b,True,45,spurious,-1,False,10,24,2.4
bifurc,even_odd,_todd24,3,0.2,2,9d03,bd07,True,25,correct,3,True,10,24,2.4
bifurc,even_odd,_todd24,3,0.2,2,b107,bd07,True,25,correct,3,True,10,24,2.4
bifurc,even_odd,_todd24,3,0.2,3,bc97,fca6,True,45,wrong_pattern,0,False,10,24,2.4
bifurc,even_odd,_todd24,3,0.2,4,b44f,a75b,True,55,spurious,-1,False,10,24,2.4
bifurc,even_odd,_todd24,3,0.2,6,f7a3,a6b6,True,11,wrong_pattern,2,False,10,24,2.4
bifurc,even_odd,_todd24,3,0.2,3,9587,a797,True,55,spurious,-1,False,10,24,2.4
bifurc,even_odd,_todd24,3,0.2,3,ad67,bd07,True,55,correct,3,True,10,24,2.4
bifurc,even_odd,_todd24,3,0.2,4,be0b,fd4b,True,51,spurious,-1,False,10,24,2.4
bifurc,even_odd,_todd24,3,0.2,4,7c06,bd07,True,55,correct,3,True,10,24,2.4
bifurc,even_odd,_todd24,3,0.2,2,bd15,bd07,True,45,correct,3,True,10,24,2.4
bifurc,even_odd,_todd24,3,0.2,2,a507,bf97,True,55,spurious,-1,False,10,24,2.4
bifurc,even_odd,_todd24,3,0.2,3,b406,bd07,True,55,correct,3,True,10,24,2.4
bifurc,even_odd,_todd24,3,0.2,3,b805,bd07,True,45,correct,3,True,10,24,2.4
bifurc,even_odd,_todd24,3,0.2,4,b047,a75b,True,45,spurious,-1,False,10,24,2.4
bifurc,even_odd,_todd24,3,0.2,5,b91c,bd07,True,45,correct,3,True,10,24,2.4
bifurc,even_odd,_todd24,3,0.2,3,3517,bf97,True,49,spurious,-1,False,10,24,2.4
bifurc,even_odd,_todd24,3,0.2,2,bd57,bd07,True,11,correct,3,True,10,24,2.4
bifurc,even_odd,_todd24,3,0.2,1,bc07,bd07,True,11,correct,3,True,10,24,2.4
bifurc,even_odd,_todd24,3,0.2,4,bd52,bd07,True,21,correct,3,True,10,24,2.4
bifurc,even_odd,_todd24,3,0.2,4,1903,1905,True,25,spurious,-1,False,10,24,2.4
bifurc,even_odd,_todd24,3,0.2,2,bd0e,fd4b,True,51,spurious,-1,False,10,24,2.4
bifurc,even_odd,_todd24,3,0.2,3,b567,a75b,True,45,spurious,-1,False,10,24,2.4
bifurc,even_odd,_todd24,3,0.2,4,1da7,58a4,True,45,spurious,-1,False,10,24,2.4
bifurc,even_odd,_todd24,3,0.2,3,f707,a797,True,89,spurious,-1,False,10,24,2.4
bifurc,even_odd,_todd24,3,0.2,2,b707,a797,True,45,spurious,-1,False,10,24,2.4
bifurc,even_odd,_todd24,3,0.2,5,9de6,fca6,True,35,wrong_pattern,0,False,10,24,2.4
bifurc,even_odd,_todd24,3,0.2,1,3d07,bd07,True,25,correct,3,True,10,24,2.4
bifurc,even_odd,_todd24,3,0.2,7,6c0c,5949,True,45,spurious,-1,False,10,24,2.4
bifurc,even_odd,_todd24,3,0.2,4,e707,a75b,True,35,spurious,-1,False,10,24,2.4
bifurc,even_odd,_todd24,3,0.2,3,3d16,bd07,True,45,correct,3,True,10,24,2.4
bifurc,even_odd,_todd24,3,0.2,3,bd24,fca6,True,59,wrong_pattern,0,False,10,24,2.4
bifurc,even_odd,_todd24,3,0.2,4,3c16,bd07,True,45,correct,3,True,10,24,2.4
bifurc,even_odd,_todd24,3,0.2,3,bdb7,fca6,True,21,wrong_pattern,0,False,10,24,2.4
bifurc,even_odd,_todd24,3,0.2,1,b907,bd07,True,11,correct,3,True,10,24,2.4
bifurc,even_odd,_todd24,3,0.2,0,bd07,bd07,True,0,correct,3,True,10,24,2.4
bifurc,even_odd,_todd24,3,0.2,3,9c05,1905,True,45,spurious,-1,False,10,24,2.4
bifurc,even_odd,_todd24,3,0.2,3,3d8f,bd07,True,35,correct,3,True,10,24,2.4
bifurc,even_odd,_todd24,0,0.4,4,dc34,58a4,True,45,spurious,-1,False,10,24,2.4
bifurc,even_odd,_todd24,0,0.4,6,ca87,fca6,True,59,correct,0,True,10,24,2.4
bifurc,even_odd,_todd24,0,0.4,5,7af6,fca6,True,45,correct,0,True,10,24,2.4
bifurc,even_odd,_todd24,0,0.4,3,fc37,fca6,True,59,correct,0,True,10,24,2.4
bifurc,even_odd,_todd24,0,0.4,4,d4aa,fca6,True,35,correct,0,True,10,24,2.4
bifurc,even_odd,_todd24,0,0.4,6,5d8c,58a4,True,83,spurious,-1,False,10,24,2.4
bifurc,even_odd,_todd24,0,0.4,5,b807,bd07,True,11,wrong_pattern,3,False,10,24,2.4
bifurc,even_odd,_todd24,0,0.4,9,b21f,a75b,True,11,spurious,-1,False,10,24,2.4
bifurc,even_odd,_todd24,0,0.4,5,6d82,fca6,True,45,correct,0,True,10,24,2.4
bifurc,even_odd,_todd24,0,0.4,7,b8cb,fca6,True,83,correct,0,True,10,24,2.4
bifurc,even_odd,_todd24,0,0.4,6,6e64,58a4,True,59,spurious,-1,False,10,24,2.4
bifurc,even_odd,_todd24,0,0.4,5,de8f,fca6,True,35,correct,0,True,10,24,2.4
bifurc,even_odd,_todd24,0,0.4,5,d52e,fd4b,True,69,spurious,-1,False,10,24,2.4
bifurc,even_odd,_todd24,0,0.4,8,6af3,fca6,True,45,correct,0,True,10,24,2.4
bifurc,even_odd,_todd24,0,0.4,6,9ce8,58a4,True,45,spurious,-1,False,10,24,2.4
bifurc,even_odd,_todd24,0,0.4,7,a481,a6b6,True,45,wrong_pattern,2,False,10,24,2.4
bifurc,even_odd,_todd24,0,0.4,7,ccda,fc6a,True,45,spurious,-1,False,10,24,2.4
bifurc,even_odd,_todd24,0,0.4,6,703e,fc2e,False,1636,oscillated,-1,False,10,24,2.4
bifurc,even_odd,_todd24,0,0.4,5,df66,fc23,False,1636,oscillated,-1,False,10,24,2.4
bifurc,even_odd,_todd24,0,0.4,9,4693,2b4,True,45,spurious,-1,False,10,24,2.4
bifurc,even_odd,_todd24,0,0.4,8,1f25,1b95,True,45,wrong_pattern,1,False,10,24,2.4
bifurc,even_odd,_todd24,0,0.4,8,7b2b,fd4b,True,45,spurious,-1,False,10,24,2.4
bifurc,even_odd,_todd24,0,0.4,6,64e3,fca6,True,55,correct,0,True,10,24,2.4
bifurc,even_odd,_todd24,0,0.4,3,bc8e,fca6,True,35,correct,0,True,10,24,2.4
bifurc,even_odd,_todd24,0,0.4,4,f527,bd07,True,35,wrong_pattern,3,False,10,24,2.4
bifurc,even_odd,_todd24,0,0.4,2,fca5,fca6,True,25,correct,0,True,10,24,2.4
bifurc,even_odd,_todd24,0,0.4,5,b984,fca6,True,45,correct,0,True,10,24,2.4
bifurc,even_odd,_todd24,0,0.4,9,c730,359,True,83,spurious,-1,False,10,24,2.4
bifurc,even_odd,_todd24,0,0.4,6,98e5,58a4,True,35,spurious,-1,False,10,24,2.4
bifurc,even_odd,_todd24,0,0.4,8,754c,5949,True,69,spurious,-1,False,10,24,2.4
bifurc,even_odd,_todd24,0,0.4,5,b825,fca6,True,59,correct,0,True,10,24,2.4
bifurc,even_odd,_todd24,0,0.4,7,a1e7,a6b6,True,83,wrong_pattern,2,False,10,24,2.4
bifurc,even_odd,_todd24,0,0.4,7,958a,a75b,True,85,spurious,-1,False,10,24,2.4
bifurc,even_odd,_todd24,0,0.4,9,307c,4068,True,45,spurious,-1,False,10,24,2.4
bifurc,even_odd,_todd24,0,0.4,4,d0a7,fca6,True,45,correct,0,True,10,24,2.4
bifurc,even_odd,_todd24,0,0.4,4,fe2c,fca6,True,59,correct,0,True,10,24,2.4
bifurc,even_odd,_todd24,0,0.4,5,ff16,bd07,True,35,wrong_pattern,3,False,10,24,2.4
bifurc,even_odd,_todd24,0,0.4,7,8ee,58a4,True,45,spurious,-1,False,10,24,2.4
bifurc,even_odd,_todd24,0,0.4,7,6c89,59cc,False,1636,oscillated,-1,False,10,24,2.4
bifurc,even_odd,_todd24,0,0.4,8,9a03,bf97,True,45,spurious,-1,False,10,24,2.4
bifurc,even_odd,_todd24,0,0.4,7,a828,fc6a,True,45,spurious,-1,False,10,24,2.4
bifurc,even_odd,_todd24,0,0.4,6,f44c,fd4b,True,35,spurious,-1,False,10,24,2.4
bifurc,even_odd,_todd24,0,0.4,6,5db0,58a4,True,11,spurious,-1,False,10,24,2.4
bifurc,even_odd,_todd24,0,0.4,7,1d94,58a4,True,45,spurious,-1,False,10,24,2.4
bifurc,even_odd,_todd24,0,0.4,6,a587,a797,True,55,spurious,-1,False,10,24,2.4
bifurc,even_odd,_todd24,0,0.4,11,4231,359,True,83,spurious,-1,False,10,24,2.4
bifurc,even_odd,_todd24,0,0.4,5,8cb2,fca6,True,45,correct,0,True,10,24,2.4
bifurc,even_odd,_todd24,0,0.4,6,ef67,bf97,True,89,spurious,-1,False,10,24,2.4
bifurc,even_odd,_todd24,0,0.4,6,bdcf,bd07,True,35,wrong_pattern,3,False,10,24,2.4
bifurc,even_odd,_todd24,0,0.4,5,d4a8,58a4,True,45,spurious,-1,False,10,24,2.4
bifurc,even_odd,_todd24,0,0.4,5,dee5,58a4,True,45,spurious,-1,False,10,24,2.4
bifurc,even_odd,_todd24,0,0.4,6,2d66,fd4b,True,49,spurious,-1,False,10,24,2.4
bifurc,even_odd,_todd24,0,0.4,7,3d88,58a4,True,83,spurious,-1,False,10,24,2.4
bifurc,even_odd,_todd24,0,0.4,9,4f12,1b95,True,89,wrong_pattern,1,False,10,24,2.4
bifurc,even_odd,_todd24,0,0.4,5,fb22,fc67,False,1636,oscillated,-1,False,10,24,2.4
bifurc,even_odd,_todd24,0,0.4,7,f1d7,bf97,True,49,spurious,-1,False,10,24,2.4
bifurc,even_odd,_todd24,0,0.4,6,de2b,fd4b,True,45,spurious,-1,False,10,24,2.4
bifurc,even_odd,_todd24,0,0.4,5,78c7,fca6,True,45,correct,0,True,10,24,2.4
bifurc,even_odd,_todd24,0,0.4,7,6aa8,58a4,True,35,spurious,-1,False,10,24,2.4
bifurc,even_odd,_todd24,0,0.4,7,72ab,a6b6,True,113,wrong_pattern,2,False,10,24,2.4
bifurc,even_odd,_todd24,0,0.4,6,d28e,a6b6,True,83,wrong_pattern,2,False,10,24,2.4
bifurc,even_odd,_todd24,0,0.4,5,9c34,58a4,True,45,spurious,-1,False,10,24,2.4
bifurc,even_odd,_todd24,0,0.4,9,e05c,a75b,True,45,spurious,-1,False,10,24,2.4
bifurc,even_odd,_todd24,0,0.4,7,d542,fd4b,True,35,spurious,-1,False,10,24,2.4
bifurc,even_odd,_todd24,0,0.4,6,5dea,5868,True,45,spurious,-1,False,10,24,2.4
bifurc,even_odd,_todd24,0,0.4,7,f2cc,e6fa,True,89,spurious,-1,False,10,24,2.4
bifurc,even_odd,_todd24,0,0.4,8,80f4,58a4,True,45,spurious,-1,False,10,24,2.4
bifurc,even_odd,_todd24,0,0.4,8,95c5,395,True,79,spurious,-1,False,10,24,2.4
bifurc,even_odd,_todd24,0,0.4,7,b3b7,a6b6,True,11,wrong_pattern,2,False,10,24,2.4
bifurc,even_odd,_todd24,0,0.4,5,d726,a6b6,True,89,wrong_pattern,2,False,10,24,2.4
bifurc,even_odd,_todd24,0,0.4,8,d7f0,2b4,True,45,spurious,-1,False,10,24,2.4
bifurc,even_odd,_todd24,0,0.4,11,3079,359,True,59,spurious,-1,False,10,24,2.4
bifurc,even_odd,_todd24,0,0.4,6,3fa3,fca6,True,45,correct,0,True,10,24,2.4
bifurc,even_odd,_todd24,0,0.4,9,33ce,e6fa,True,69,spurious,-1,False,10,24,2.4
bifurc,even_odd,_todd24,0,0.4,7,5c4c,5949,True,11,spurious,-1,False,10,24,2.4
bifurc,even_odd,_todd24,0,0.4,4,d1a6,fca6,True,45,correct,0,True,10,24,2.4
bifurc,even_odd,_todd24,0,0.4,6,94ec,4068,True,89,spurious,-1,False,10,24,2.4
bifurc,even_odd,_todd24,0,0.4,6,b59e,a6b6,True,83,wrong_pattern,2,False,10,24,2.4
bifurc,even_odd,_todd24,0,0.4,8,799d,1905,True,35,spurious,-1,False,10,24,2.4
bifurc,even_odd,_todd24,0,0.4,6,6ce8,5868,True,45,spurious,-1,False,10,24,2.4
bifurc,even_odd,_todd24,1,0.4,9,b152,a75b,True,35,spurious,-1,False,10,24,2.4
bifurc,even_odd,_todd24,1,0.4,7,4b4f,359,True,45,spurious,-1,False,10,24,2.4
bifurc,even_odd,_todd24,1,0.4,7,83fc,42f8,True,51,spurious,-1,False,10,24,2.4
bifurc,even_odd,_todd24,1,0.4,9,fef9,e46a,True,55,spurious,-1,False,10,24,2.4
bifurc,even_odd,_todd24,1,0.4,7,adb4,fca6,True,45,wrong_pattern,0,False,10,24,2.4
bifurc,even_odd,_todd24,1,0.4,5,3980,58a4,True,45,spurious,-1,False,10,24,2.4
bifurc,even_odd,_todd24,1,0.4,7,29e4,58a4,True,35,spurious,-1,False,10,24,2.4
bifurc,even_odd,_todd24,1,0.4,7,ddcd,1905,True,45,spurious,-1,False,10,24,2.4
bifurc,even_odd,_todd24,1,0.4,7,8854,1905,True,45,spurious,-1,False,10,24,2.4
bifurc,even_odd,_todd24,1,0.4,7,3d00,1905,True,45,spurious,-1,False,10,24,2.4
bifurc,even_odd,_todd24,1,0.4,7,5d4d,5949,True,11,spurious,-1,False,10,24,2.4
bifurc,even_odd,_todd24,1,0.4,5,9389,359,True,59,spurious,-1,False,10,24,2.4
bifurc,even_odd,_todd24,1,0.4,8,36bb,e6fa,True,35,spurious,-1,False,10,24,2.4
bifurc,even_odd,_todd24,1,0.4,10,22fa,e6fa,True,45,spurious,-1,False,10,24,2.4
bifurc,even_odd,_todd24,1,0.4,5,1c1d,1905,True,45,spurious,-1,False,10,24,2.4
bifurc,even_odd,_todd24,1,0.4,10,f51e,a75b,True,45,spurious,-1,False,10,24,2.4
bifurc,even_odd,_todd24,1,0.4,9,2d20,5949,True,59,spurious,-1,False,10,24,2.4
bifurc,even_odd,_todd24,1,0.4,5,d19d,395,True,49,spurious,-1,False,10,24,2.4
bifurc,even_odd,_todd24,1,0.4,4,5db5,58a4,True,21,spurious,-1,False,10,24,2.4
bifurc,even_odd,_todd24,1,0.4,9,8677,a732,False,1636,oscillated,-1,False,10,24,2.4
bifurc,even_odd,_todd24,1,0.4,5,5814,1905,True,11,spurious,-1,False,10,24,2.4
bifurc,even_odd,_todd24,1,0.4,6,1cd6,58a4,True,45,spurious,-1,False,10,24,2.4
bifurc,even_odd,_todd24,1,0.4,5,d2d5,2b4,True,45,spurious,-1,False,10,24,2.4
bifurc,even_odd,_todd24,1,0.4,5,18df,58a4,True,83,spurious,-1,False,10,24,2.4
bifurc,even_odd,_todd24,1,0.4,9,356d,359,True,89,spurious,-1,False,10,24,2.4
bifurc,even_odd,_todd24,1,0.4,7,528b,42f8,True,79,spurious,-1,False,10,24,2.4
bifurc,even_odd,_todd24,1,0.4,8,d979,5949,True,25,spurious,-1,False,10,24,2.4
bifurc,even_odd,_todd24,1,0.4,6,5d57,1905,True,45,spurious,-1,False,10,24,2.4
bifurc,even_odd,_todd24,1,0.4,4,3b13,a797,True,69,spurious,-1,False,10,24,2.4
bifurc,even_odd,_todd24,1,0.4,5,5591,1b95,True,49,correct,1,True,10,24,2.4
bifurc,even_odd,_todd24,1,0.4,9,a821,fd4b,True,59,spurious,-1,False,10,24,2.4
bifurc,even_odd,_todd24,1,0.4,5,b381,a797,True,45,spurious,-1,False,10,24,2.4
bifurc,even_odd,_todd24,1,0.4,2,b97,1b95,True,45,correct,1,True,10,24,2.4
bifurc,even_odd,_todd24,1,0.4,6,5b3b,359,True,79,spurious,-1,False,10,24,2.4
bifurc,even_odd,_todd24,1,0.4,5,3bd2,a6b6,True,69,wrong_pattern,2,False,10,24,2.4
bifurc,even_odd,_todd24,1,0.4,6,72c5,2b4,True,45,spurious,-1,False,10,24,2.4
bifurc,even_odd,_todd24,1,0.4,10,ee2d,a75b,True,59,spurious,-1,False,10,24,2.4
bifurc,even_odd,_todd24,1,0.4,9,eeb,42f8,True,45,spurious,-1,False,10,24,2.4
bifurc,even_odd,_todd24,1,0.4,4,da15,1905,True,35,spurious,-1,False,10,24,2.4
bifurc,even_odd,_todd24,1,0.4,2,1b05,1b95,True,45,correct,1,True,10,24,2.4
bifurc,even_odd,_todd24,1,0.4,10,b406,bd07,True,55,wrong_pattern,3,False,10,24,2.4
bifurc,even_odd,_todd24,1,0.4,6,bd84,fca6,True,45,wrong_pattern,0,False,10,24,2.4
bifurc,even_odd,_todd24,1,0.4,7,3a3b,a75b,True,79,spurious,-1,False,10,24,2.4
bifurc,even_odd,_todd24,1,0.4,6,39fc,58a4,True,35,spurious,-1,False,10,24,2.4
bifurc,even_odd,_todd24,1,0.4,7,853,5949,True,79,spurious,-1,False,10,24,2.4
bifurc,even_odd,_todd24,1,0.4,6,d714,395,True,45,spurious,-1,False,10,24,2.4
bifurc,even_odd,_todd24,1,0.4,7,7eb6,fca6,True,25,wrong_pattern,0,False,10,24,2.4
bifurc,even_odd,_todd24,1,0.4,7,22b0,2b4,True,25,spurious,-1,False,10,24,2.4
bifurc,even_odd,_todd24,1,0.4,5,5307,395,True,89,spurious,-1,False,10,24,2.4
bifurc,even_odd,_todd24,1,0.4,6,bdbd,fca6,True,45,wrong_pattern,0,False,10,24,2.4
bifurc,even_odd,_todd24,1,0.4,6,a955,fd4b,True,113,spurious,-1,False,10,24,2.4
bifurc,even_odd,_todd24,1,0.4,7,55bc,58a4,True,35,spurious,-1,False,10,24,2.4
bifurc,even_odd,_todd24,1,0.4,6,5751,359,True,45,spurious,-1,False,10,24,2.4
bifurc,even_odd,_todd24,1,0.4,8,784d,5949,True,25,spurious,-1,False,10,24,2.4
bifurc,even_odd,_todd24,1,0.4,6,fd2,2b4,True,69,spurious,-1,False,10,24,2.4
bifurc,even_odd,_todd24,1,0.4,4,939c,2b4,True,35,spurious,-1,False,10,24,2.4
bifurc,even_odd,_todd24,1,0.4,4,99b7,fca6,True,45,wrong_pattern,0,False,10,24,2.4
bifurc,even_odd,_todd24,1,0.4,7,f7bd,a6b6,True,45,wrong_pattern,2,False,10,24,2.4
bifurc,even_odd,_todd24,1,0.4,8,394b,fd4b,True,45,spurious,-1,False,10,24,2.4
bifurc,even_odd,_todd24,1,0.4,6,5fe7,58a4,True,45,spurious,-1,False,10,24,2.4
bifurc,even_odd,_todd24,1,0.4,8,8a2,58a4,True,45,spurious,-1,False,10,24,2.4
bifurc,even_odd,_todd24,1,0.4,7,f9d0,fca6,True,45,wrong_pattern,0,False,10,24,2.4
bifurc,even_odd,_todd24,1,0.4,5,d2b5,2b4,True,45,spurious,-1,False,10,24,2.4
bifurc,even_odd,_todd24,1,0.4,4,381,395,True,11,spurious,-1,False,10,24,2.4
bifurc,even_odd,_todd24,1,0.4,4,b195,a797,True,79,spurious,-1,False,10,24,2.4
bifurc,even_odd,_todd24,1,0.4,8,c5f,5949,True,45,spurious,-1,False,10,24,2.4
bifurc,even_odd,_todd24,1,0.4,5,211,359,True,45,spurious,-1,False,10,24,2.4
bifurc,even_odd,_todd24,1,0.4,11,6c40,5949,True,45,spurious,-1,False,10,24,2.4
bifurc,even_odd,_todd24,1,0.4,5,ac1,58a4,True,79,spurious,-1,False,10,24,2.4
bifurc,even_odd,_todd24,1,0.4,4,3a11,395,True,35,spurious,-1,False,10,24,2.4
bifurc,even_odd,_todd24,1,0.4,4,8b55,359,True,35,spurious,-1,False,10,24,2.4
bifurc,even_odd,_todd24,1,0.4,5,7f17,bd07,True,35,wrong_pattern,3,False,10,24,2.4
bifurc,even_odd,_todd24,1,0.4,9,69f2,fca6,True,45,wrong_pattern,0,False,10,24,2.4
bifurc,even_odd,_todd24,1,0.4,6,9fed,58a4,True,45,spurious,-1,False,10,24,2.4
bifurc,even_odd,_todd24,1,0.4,4,4b11,1b95,True,89,correct,1,True,10,24,2.4
bifurc,even_odd,_todd24,1,0.4,7,e31d,a75b,True,45,spurious,-1,False,10,24,2.4
bifurc,even_odd,_todd24,1,0.4,7,a916,bd07,True,11,wrong_pattern,3,False,10,24,2.4
bifurc,even_odd,_todd24,1,0.4,6,1865,1905,True,59,spurious,-1,False,10,24,2.4
bifurc,even_odd,_todd24,1,0.4,6,29b0,58a4,True,45,spurious,-1,False,10,24,2.4
bifurc,even_odd,_todd24,1,0.4,6,5c05,1905,True,11,spurious,-1,False,10,24,2.4
bifurc,even_odd,_todd24,2,0.4,5,b3b3,a6b6,True,11,correct,2,True,10,24,2.4
bifurc,even_odd,_todd24,2,0.4,5,eab0,fca6,True,45,wrong_pattern,0,False,10,24,2.4
bifurc,even_odd,_todd24,2,0.4,7,bcfb,fca6,True,35,wrong_pattern,0,False,10,24,2.4
bifurc,even_odd,_todd24,2,0.4,6,6cbc,58a4,True,45,spurious,-1,False,10,24,2.4
bifurc,even_odd,_todd24,2,0.4,6,23ff,a6b6,True,79,correct,2,True,10,24,2.4
bifurc,even_odd,_todd24,2,0.4,9,459d,359,True,35,spurious,-1,False,10,24,2.4
bifurc,even_odd,_todd24,2,0.4,9,8a51,359,True,25,spurious,-1,False,10,24,2.4
bifurc,even_odd,_todd24,2,0.4,5,ae8a,fca6,True,45,wrong_pattern,0,False,10,24,2.4
bifurc,even_odd,_todd24,2,0.4,5,b7e4,a6b6,True,45,correct,2,True,10,24,2.4
bifurc,even_odd,_todd24,2,0.4,3,86b3,a6b6,True,25,correct,2,True,10,24,2.4
bifurc,even_odd,_todd24,2,0.4,7,af,42f8,True,69,spurious,-1,False,10,24,2.4
bifurc,even_odd,_todd24,2,0.4,9,f289,e6fa,True,79,spurious,-1,False,10,24,2.4
bifurc,even_odd,_todd24,2,0.4,7,b3ad,a6b6,True,45,correct,2,True,10,24,2.4
bifurc,even_odd,_todd24,2,0.4,7,f2d5,a6b6,True,45,correct,2,True,10,24,2.4
bifurc,even_odd,_todd24,2,0.4,8,e1d3,a75b,True,35,spurious,-1,False,10,24,2.4
bifurc,even_odd,_todd24,2,0.4,4,e2a4,fca6,True,69,wrong_pattern,0,False,10,24,2.4
bifurc,even_odd,_todd24,2,0.4,7,57a7,2b4,True,89,spurious,-1,False,10,24,2.4
bifurc,even_odd,_todd24,2,0.4,7,7836,fca6,True,45,wrong_pattern,0,False,10,24,2.4
bifurc,even_odd,_todd24,2,0.4,7,8b8e,a6b6,True,45,correct,2,True,10,24,2.4
bifurc,even_odd,_todd24,2,0.4,5,a074,e6fa,True,69,spurious,-1,False,10,24,2.4
bifurc,even_odd,_todd24,2,0.4,4,e617,a75b,True,35,spurious,-1,False,10,24,2.4
bifurc,even_odd,_todd24,2,0.4,8,1e73,2b4,True,65,spurious,-1,False,10,24,2.4
bifurc,even_odd,_todd24,2,0.4,8,e183,bf87,False,1636,oscillated,-1,False,10,24,2.4
bifurc,even_odd,_todd24,2,0.4,3,7b6,2b4,True,45,spurious,-1,False,10,24,2.4
bifurc,even_odd,_todd24,2,0.4,6,c136,fd4b,True,45,spurious,-1,False,10,24,2.4
bifurc,even_odd,_todd24,2,0.4,4,c6d6,a6b6,True,35,correct,2,True,10,24,2.4
bifurc,even_odd,_todd24,2,0.4,2,26a6,a6b6,True,25,correct,2,True,10,24,2.4
bifurc,even_odd,_todd24,2,0.4,11,d100,5949,True,69,spurious,-1,False,10,24,2.4
bifurc,even_odd,_todd24,2,0.4,8,d4ea,e46a,True,45,spurious,-1,False,10,24,2.4
bifurc,even_odd,_todd24,2,0.4,6,680,2b4,True,25,spurious,-1,False,10,24,2.4
bifurc,even_odd,_todd24,2,0.4,7,4a1,58a4,True,45,spurious,-1,False,10,24,2.4
bifurc,even_odd,_todd24,2,0.4,5,af17,bf97,True,45,spurious,-1,False,10,24,2.4
bifurc,even_odd,_todd24,2,0.4,2,a6f7,a6b6,True,11,correct,2,True,10,24,2.4
bifurc,even_odd,_todd24,2,0.4,6,9214,2b4,True,79,spurious,-1,False,10,24,2.4
bifurc,even_odd,_todd24,2,0.4,6,e783,a797,True,21,spurious,-1,False,10,24,2.4
bifurc,even_odd,_todd24,2,0.4,10,1b7f,359,True,35,spurious,-1,False,10,24,2.4
bifurc,even_odd,_todd24,2,0.4,6,bf22,fca6,True,69,wrong_pattern,0,False,10,24,2.4
bifurc,even_odd,_todd24,2,0.4,5,769e,a6b6,True,45,correct,2,True,10,24,2.4
bifurc,even_odd,_todd24,2,0.4,12,5c89,59cc,False,1636,oscillated,-1,False,10,24,2.4
bifurc,even_odd,_todd24,2,0.4,8,29c6,fca6,True,65,wrong_pattern,0,False,10,24,2.4
bifurc,even_odd,_todd24,2,0.4,7,4c16,1905,True,89,spurious,-1,False,10,24,2.4
bifurc,even_odd,_todd24,2,0.4,4,a2bd,a6b6,True,45,correct,2,True,10,24,2.4
bifurc,even_odd,_todd24,2,0.4,8,83db,a75b,True,45,spurious,-1,False,10,24,2.4
bifurc,even_odd,_todd24,2,0.4,3,a734,a6b6,True,59,correct,2,True,10,24,2.4
bifurc,even_odd,_todd24,2,0.4,9,897c,5949,True,45,spurious,-1,False,10,24,2.4
bifurc,even_odd,_todd24,2,0.4,9,4ff8,42f8,True,25,spurious,-1,False,10,24,2.4
bifurc,even_odd,_todd24,2,0.4,8,9156,a75b,True,45,spurious,-1,False,10,24,2.4
bifurc,even_odd,_todd24,2,0.4,4,a79c,a6b6,True,35,correct,2,True,10,24,2.4
bifurc,even_odd,_todd24,2,0.4,7,4ed2,58a4,True,45,spurious,-1,False,10,24,2.4
bifurc,even_odd,_todd24,2,0.4,2,b4b6,fca6,True,45,wrong_pattern,0,False,10,24,2.4
bifurc,even_odd,_todd24,2,0.4,7,a305,a797,True,45,spurious,-1,False,10,24,2.4
bifurc,even_odd,_todd24,2,0.4,5,a642,a75b,True,35,spurious,-1,False,10,24,2.4
bifurc,even_odd,_todd24,2,0.4,5,a517,a797,True,49,spurious,-1,False,10,24,2.4
bifurc,even_odd,_todd24,2,0.4,7,34ab,e46a,True,89,spurious,-1,False,10,24,2.4
bifurc,even_odd,_todd24,2,0.4,6,8093,a6b6,True,45,correct,2,True,10,24,2.4
bifurc,even_odd,_todd24,2,0.4,7,31bc,2b4,True,83,spurious,-1,False,10,24,2.4
bifurc,even_odd,_todd24,2,0.4,7,60b1,2b4,True,51,spurious,-1,False,10,24,2.4
bifurc,even_odd,_todd24,2,0.4,10,5b3c,359,True,103,spurious,-1,False,10,24,2.4
bifurc,even_odd,_todd24,2,0.4,5,656,359,True,45,spurious,-1,False,10,24,2.4
bifurc,even_odd,_todd24,2,0.4,5,f36,58a4,True,123,spurious,-1,False,10,24,2.4
bifurc,even_odd,_todd24,2,0.4,4,e297,a6b6,True,35,correct,2,True,10,24,2.4
bifurc,even_odd,_todd24,2,0.4,6,ac1a,fd4b,True,11,spurious,-1,False,10,24,2.4
bifurc,even_odd,_todd24,2,0.4,3,97b6,a6b6,True,45,correct,2,True,10,24,2.4
bifurc,even_odd,_todd24,2,0.4,3,a624,a6b6,True,25,correct,2,True,10,24,2.4
bifurc,even_odd,_todd24,2,0.4,6,fc86,fca6,True,25,wrong_pattern,0,False,10,24,2.4
bifurc,even_odd,_todd24,2,0.4,7,ff5,2b4,True,35,spurious,-1,False,10,24,2.4
bifurc,even_odd,_todd24,2,0.4,4,2286,a6b6,True,45,correct,2,True,10,24,2.4
bifurc,even_odd,_todd24,2,0.4,5,b2d2,a6b6,True,35,correct,2,True,10,24,2.4
bifurc,even_odd,_todd24,2,0.4,7,28aa,fca6,True,45,wrong_pattern,0,False,10,24,2.4
bifurc,even_odd,_todd24,2,0.4,6,f4fa,e46a,True,45,spurious,-1,False,10,24,2.4
bifurc,even_odd,_todd24,2,0.4,7,a08d,a6b6,True,83,correct,2,True,10,24,2.4
bifurc,even_odd,_todd24,2,0.4,7,ebd7,bf97,True,11,spurious,-1,False,10,24,2.4
bifurc,even_odd,_todd24,2,0.4,7,9c3a,fca6,True,59,wrong_pattern,0,False,10,24,2.4
bifurc,even_odd,_todd24,2,0.4,4,64b7,fca6,True,49,wrong_pattern,0,False,10,24,2.4
bifurc,even_odd,_todd24,2,0.4,7,31f7,a6b6,True,83,correct,2,True,10,24,2.4
bifurc,even_odd,_todd24,2,0.4,7,76ef,a6b6,True,113,correct,2,True,10,24,2.4
bifurc,even_odd,_todd24,2,0.4,7,5f96,58a4,True,59,spurious,-1,False,10,24,2.4
bifurc,even_odd,_todd24,2,0.4,5,f5be,fca6,True,35,wrong_pattern,0,False,10,24,2.4
bifurc,even_odd,_todd24,2,0.4,7,3027,fca6,True,59,wrong_pattern,0,False,10,24,2.4
bifurc,even_odd,_todd24,2,0.4,8,4a27,58a4,True,69,spurious,-1,False,10,24,2.4
bifurc,even_odd,_todd24,3,0.4,7,f75e,a75b,True,21,spurious,-1,False,10,24,2.4
bifurc,even_odd,_todd24,3,0.4,5,f137,bd07,True,35,correct,3,True,10,24,2.4
bifurc,even_odd,_todd24,3,0.4,4,b183,a797,True,49,spurious,-1,False,10,24,2.4
bifurc,even_odd,_todd24,3,0.4,7,31e3,fca6,True,45,wrong_pattern,0,False,10,24,2.4
bifurc,even_odd,_todd24,3,0.4,6,39c4,58a4,True,45,spurious,-1,False,10,24,2.4
bifurc,even_odd,_todd24,3,0.4,5,8d63,fd4b,True,45,spurious,-1,False,10,24,2.4
bifurc,even_odd,_todd24,3,0.4,7,89ce,fd4b,True,83,spurious,-1,False,10,24,2.4
bifurc,even_odd,_todd24,3,0.4,6,9a46,fca6,True,69,wrong_pattern,0,False,10,24,2.4
bifurc,even_odd,_todd24,3,0.4,7,88b7,fca6,True,45,wrong_pattern,0,False,10,24,2.4
bifurc,even_odd,_todd24,3,0.4,7,344c,359,True,75,spurious,-1,False,10,24,2.4
bifurc,even_odd,_todd24,3,0.4,6,9026,fca6,True,45,wrong_pattern,0,False,10,24,2.4
bifurc,even_odd,_todd24,3,0.4,7,7853,fd4b,True,45,spurious,-1,False,10,24,2.4
bifurc,even_odd,_todd24,3,0.4,8,c9cd,1905,True,45,spurious,-1,False,10,24,2.4
bifurc,even_odd,_todd24,3,0.4,7,7d48,5949,True,45,spurious,-1,False,10,24,2.4
bifurc,even_odd,_todd24,3,0.4,10,fbc,2b4,True,35,spurious,-1,False,10,24,2.4
bifurc,even_odd,_todd24,3,0.4,5,b133,a75b,True,35,spurious,-1,False,10,24,2.4
bifurc,even_odd,_todd24,3,0.4,7,b7e1,a6b6,True,45,wrong_pattern,2,False,10,24,2.4
bifurc,even_odd,_todd24,3,0.4,5,f785,bf97,True,35,spurious,-1,False,10,24,2.4
bifurc,even_odd,_todd24,3,0.4,5,9b86,fca6,True,59,wrong_pattern,0,False,10,24,2.4
bifurc,even_odd,_todd24,3,0.4,6,ac9d,fca6,True,93,wrong_pattern,0,False,10,24,2.4
bifurc,even_odd,_todd24,3,0.4,5,dd2b,fd4b,True,25,spurious,-1,False,10,24,2.4
bifurc,even_odd,_todd24,3,0.4,7,a014,a6b6,True,93,wrong_pattern,2,False,10,24,2.4
bifurc,even_odd,_todd24,3,0.4,8,80cf,a75b,True,59,spurious,-1,False,10,24,2.4
bifurc,even_odd,_todd24,3,0.4,9,1dfc,58a4,True,35,spurious,-1,False,10,24,2.4
bifurc,even_odd,_todd24,3,0.4,6,fd69,fd4b,True,25,spurious,-1,False,10,24,2.4
bifurc,even_odd,_todd24,3,0.4,8,e96c,fd4b,True,45,spurious,-1,False,10,24,2.4
bifurc,even_odd,_todd24,3,0.4,9,29e9,5868,True,45,spurious,-1,False,10,24,2.4
bifurc,even_odd,_todd24,3,0.4,6,945,1905,True,21,spurious,-1,False,10,24,2.4
bifurc,even_odd,_todd24,3,0.4,2,bd15,bd07,True,45,correct,3,True,10,24,2.4
bifurc,even_odd,_todd24,3,0.4,7,f1a1,fca6,True,45,wrong_pattern,0,False,10,24,2.4
bifurc,even_odd,_todd24,3,0.4,4,7c17,bd07,True,35,correct,3,True,10,24,2.4
bifurc,even_odd,_todd24,3,0.4,10,c6e6,e6fa,True,59,spurious,-1,False,10,24,2.4
bifurc,even_odd,_todd24,3,0.4,6,f8af,fca6,True,25,wrong_pattern,0,False,10,24,2.4
bifurc,even_odd,_todd24,3,0.4,5,7597,bf97,True,25,spurious,-1,False,10,24,2.4
bifurc,even_odd,_todd24,3,0.4,5,d127,bd07,True,45,correct,3,True,10,24,2.4
bifurc,even_odd,_todd24,3,0.4,7,551d,359,True,45,spurious,-1,False,10,24,2.4
bifurc,even_odd,_todd24,3,0.4,8,35fb,a75b,True,103,spurious,-1,False,10,24,2.4
bifurc,even_odd,_todd24,3,0.4,7,d08,5949,True,11,spurious,-1,False,10,24,2.4
bifurc,even_odd,_todd24,3,0.4,7,71e7,fca6,True,45,wrong_pattern,0,False,10,24,2.4
bifurc,even_odd,_todd24,3,0.4,4,bea7,fca6,True,25,wrong_pattern,0,False,10,24,2.4
bifurc,even_odd,_todd24,3,0.4,7,5723,359,True,59,spurious,-1,False,10,24,2.4
bifurc,even_odd,_todd24,3,0.4,8,c52,5949,True,45,spurious,-1,False,10,24,2.4
bifurc,even_odd,_todd24,3,0.4,7,957d,359,True,45,spurious,-1,False,10,24,2.4
bifurc,even_odd,_todd24,3,0.4,8,196c,5949,True,35,spurious,-1,False,10,24,2.4
bifurc,even_odd,_todd24,3,0.4,10,e374,a75b,True,83,spurious,-1,False,10,24,2.4
bifurc,even_odd,_todd24,3,0.4,5,e90e,fd4b,True,21,spurious,-1,False,10,24,2.4
bifurc,even_odd,_todd24,3,0.4,3,a50f,a75b,True,35,spurious,-1,False,10,24,2.4
bifurc,even_odd,_todd24,3,0.4,7,e896,fca6,True,35,wrong_pattern,0,False,10,24,2.4
bifurc,even_odd,_todd24,3,0.4,8,5f61,5949,True,25,spurious,-1,False,10,24,2.4
bifurc,even_odd,_todd24,3,0.4,7,90e7,fca6,True,45,wrong_pattern,0,False,10,24,2.4
bifurc,even_odd,_todd24,3,0.4,4,a705,a797,True,35,spurious,-1,False,10,24,2.4
bifurc,even_odd,_todd24,3,0.4,4,b577,a75b,True,35,spurious,-1,False,10,24,2.4
bifurc,even_odd,_todd24,3,0.4,9,5044,5949,True,45,spurious,-1,False,10,24,2.4
bifurc,even_odd,_todd24,3,0.4,6,d816,bd07,True,89,correct,3,True,10,24,2.4
bifurc,even_odd,_todd24,3,0.4,7,aea1,fca6,True,45,wrong_pattern,0,False,10,24,2.4
bifurc,even_odd,_todd24,3,0.4,10,4129,5949,True,35,spurious,-1,False,10,24,2.4
bifurc,even_odd,_todd24,3,0.4,5,8cc7,fca6,True,65,wrong_pattern,0,False,10,24,2.4
bifurc,even_odd,_todd24,3,0.4,6,852b,a75b,True,25,spurious,-1,False,10,24,2.4
bifurc,even_odd,_todd24,3,0.4,11,4e9,42f8,True,35,spurious,-1,False,10,24,2.4
bifurc,even_odd,_todd24,3,0.4,6,ec0c,fd4b,True,45,spurious,-1,False,10,24,2.4
bifurc,even_odd,_todd24,3,0.4,9,542a,5868,True,69,spurious,-1,False,10,24,2.4
bifurc,even_odd,_todd24,3,0.4,5,bcbf,fca6,True,35,wrong_pattern,0,False,10,24,2.4
bifurc,even_odd,_todd24,3,0.4,9,c1e3,fca6,True,89,wrong_pattern,0,False,10,24,2.4
bifurc,even_odd,_todd24,3,0.4,4,af46,a75b,True,59,spurious,-1,False,10,24,2.4
bifurc,even_odd,_todd24,3,0.4,6,a742,a75b,True,25,spurious,-1,False,10,24,2.4
bifurc,even_odd,_todd24,3,0.4,6,38c5,58a4,True,45,spurious,-1,False,10,24,2.4
bifurc,even_odd,_todd24,3,0.4,9,8362,a75b,True,59,spurious,-1,False,10,24,2.4
bifurc,even_odd,_todd24,3,0.4,4,ed23,bd07,True,41,correct,3,True,10,24,2.4
bifurc,even_odd,_todd24,3,0.4,5,d986,fca6,True,45,wrong_pattern,0,False,10,24,2.4
bifurc,even_odd,_todd24,3,0.4,7,fcde,fca6,True,49,wrong_pattern,0,False,10,24,2.4
bifurc,even_odd,_todd24,3,0.4,7,b3b5,a6b6,True,45,wrong_pattern,2,False,10,24,2.4
bifurc,even_odd,_todd24,3,0.4,5,b934,fca6,True,69,wrong_pattern,0,False,10,24,2.4
bifurc,even_odd,_todd24,3,0.4,5,1583,395,True,79,spurious,-1,False,10,24,2.4
bifurc,even_odd,_todd24,3,0.4,4,ac2f,fd4b,True,35,spurious,-1,False,10,24,2.4
bifurc,even_odd,_todd24,3,0.4,6,dfa5,58a4,True,45,spurious,-1,False,10,24,2.4
bifurc,even_odd,_todd24,3,0.4,6,2f1e,a75b,True,45,spurious,-1,False,10,24,2.4
bifurc,even_odd,_todd24,3,0.4,7,d441,5949,True,45,spurious,-1,False,10,24,2.4
bifurc,even_odd,_todd24,3,0.4,8,a430,e6fa,True,35,spurious,-1,False,10,24,2.4
bifurc,even_odd,_todd24,3,0.4,3,9903,bd07,True,45,correct,3,True,10,24,2.4
bifurc,even_odd,_todd24,3,0.4,7,14af,4068,True,89,spurious,-1,False,10,24,2.4
bifurc,even_odd,_todd25,2,0.375,6,1776,299,False,1700,oscillated,-1,False,10,25,2.5
bifurc,even_odd,_todd25,1,0.375,6,17de,231,False,1700,oscillated,-1,False,10,25,2.5
bifurc,even_odd,_todd25,2,0.4375,7,24dd,330,False,1700,oscillated,-1,False,10,25,2.5
bifurc,even_odd,_todd25,2,0.375,6,3774,299,False,1700,oscillated,-1,False,10,25,2.5
bifurc,even_odd,_todd25,1,0.375,6,37dc,231,False,1700,oscillated,-1,False,10,25,2.5
bifurc,even_odd,_todd25,0,0.375,6,448e,58e8,False,1700,oscillated,-1,False,10,25,2.5
bifurc,even_odd,_todd25,0,0.375,6,4d66,5889,False,1700,oscillated,-1,False,10,25,2.5
bifurc,even_odd,_todd25,0,0.3125,5,5d22,58cd,False,1700,oscillated,-1,False,10,25,2.5
bifurc,even_odd,_todd25,0,0.375,6,5d8a,5865,False,1700,oscillated,-1,False,10,25,2.5
bifurc,even_odd,_todd25,0,0.375,6,648c,58e8,False,1700,oscillated,-1,False,10,25,2.5
bifurc,even_odd,_todd25,2,0.375,6,69b,374,False,1700,oscillated,-1,False,10,25,2.5
bifurc,even_odd,_todd25,1,0.375,6,6bd3,a717,False,1700,oscillated,-1,False,10,25,2.5
bifurc,even_odd,_todd25,0,0.3125,5,7867,fd8a,False,1700,oscillated,-1,False,10,25,2.5
bifurc,even_odd,_todd25,0,0.375,6,7b66,fc8b,False,1700,oscillated,-1,False,10,25,2.5
bifurc,even_odd,_todd25,0,0.4375,7,7bce,fc23,False,1700,oscillated,-1,False,10,25,2.5
bifurc,even_odd,_todd25,0,0.3125,5,7d20,58cd,False,1700,oscillated,-1,False,10,25,2.5
bifurc,even_odd,_todd25,0,0.375,6,7d88,5865,False,1700,oscillated,-1,False,10,25,2.5
bifurc,even_odd,_todd25,2,0.4375,7,84dd,330,False,1700,oscillated,-1,False,10,25,2.5
bifurc,even_odd,_todd25,2,0.375,6,8574,299,False,1700,oscillated,-1,False,10,25,2.5
bifurc,even_odd,_todd25,2,0.4375,7,85dc,231,False,1700,oscillated,-1,False,10,25,2.5
bifurc,even_odd,_todd25,1,0.3125,5,8bd3,a717,False,1700,oscillated,-1,False,10,25,2.5
bifurc,even_odd,_todd25,2,0.375,6,a174,a69b,False,1700,oscillated,-1,False,10,25,2.5
bifurc,even_odd,_todd25,2,0.375,6,a3dc,a633,False,1700,oscillated,-1,False,10,25,2.5
bifurc,even_odd,_todd25,0,0.375,6,c1ae,fcea,False,1700,oscillated,-1,False,10,25,2.5
bifurc,even_odd,_todd25,0,0.375,6,c966,fc8b,False,1700,oscillated,-1,False,10,25,2.5
bifurc,even_odd,_todd25,0,0.4375,7,c9ce,fc23,False,1700,oscillated,-1,False,10,25,2.5
bifurc,even_odd,_todd25,0,0.375,6,d8cf,fd22,False,1700,oscillated,-1,False,10,25,2.5
bifurc,even_odd,_todd25,0,0.4375,7,dacf,fd22,False,1700,oscillated,-1,False,10,25,2.5
bifurc,even_odd,_todd25,0,0.375,6,e1ac,fcea,False,1700,oscillated,-1,False,10,25,2.5
bifurc,even_odd,_todd25,0,0.375,6,e964,fc8b,False,1700,oscillated,-1,False,10,25,2.5
bifurc,even_odd,_todd25,0,0.4375,7,e9cc,fc23,False,1700,oscillated,-1,False,10,25,2.5
bifurc,even_odd,_todd25,1,0.375,6,fde,231,False,1700,oscillated,-1,False,10,25,2.5
bifurc,even_odd,_todd25,0,0.0,0,fca6,fca6,True,0,correct,0,True,10,25,2.5
bifurc,even_odd,_todd25,0,0.0,0,fca6,fca6,True,0,correct,0,True,10,25,2.5
bifurc,even_odd,_todd25,0,0.0,0,fca6,fca6,True,0,correct,0,True,10,25,2.5
bifurc,even_odd,_todd25,0,0.0,0,fca6,fca6,True,0,correct,0,True,10,25,2.5
bifurc,even_odd,_todd25,0,0.0,0,fca6,fca6,True,0,correct,0,True,10,25,2.5
bifurc,even_odd,_todd25,0,0.0,0,fca6,fca6,True,0,correct,0,True,10,25,2.5
bifurc,even_odd,_todd25,0,0.0,0,fca6,fca6,True,0,correct,0,True,10,25,2.5
bifurc,even_odd,_todd25,0,0.0,0,fca6,fca6,True,0,correct,0,True,10,25,2.5
bifurc,even_odd,_todd25,0,0.0,0,fca6,fca6,True,0,correct,0,True,10,25,2.5
bifurc,even_odd,_todd25,0,0.0,0,fca6,fca6,True,0,correct,0,True,10,25,2.5
bifurc,even_odd,_todd25,0,0.0,0,fca6,fca6,True,0,correct,0,True,10,25,2.5
bifurc,even_odd,_todd25,0,0.0,0,fca6,fca6,True,0,correct,0,True,10,25,2.5
bifurc,even_odd,_todd25,0,0.0,0,fca6,fca6,True,0,correct,0,True,10,25,2.5
bifurc,even_odd,_todd25,0,0.0,0,fca6,fca6,True,0,correct,0,True,10,25,2.5
bifurc,even_odd,_todd25,0,0.0,0,fca6,fca6,True,0,correct,0,True,10,25,2.5
bifurc,even_odd,_todd25,0,0.0,0,fca6,fca6,True,0,correct,0,True,10,25,2.5
bifurc,even_odd,_todd25,0,0.0,0,fca6,fca6,True,0,correct,0,True,10,25,2.5
bifurc,even_odd,_todd25,0,0.0,0,fca6,fca6,True,0,correct,0,True,10,25,2.5
bifurc,even_odd,_todd25,0,0.0,0,fca6,fca6,True,0,correct,0,True,10,25,2.5
bifurc,even_odd,_todd25,0,0.0,0,fca6,fca6,True,0,correct,0,True,10,25,2.5
bifurc,even_odd,_todd25,0,0.0,0,fca6,fca6,True,0,correct,0,True,10,25,2.5
bifurc,even_odd,_todd25,0,0.0,0,fca6,fca6,True,0,correct,0,True,10,25,2.5
bifurc,even_odd,_todd25,0,0.0,0,fca6,fca6,True,0,correct,0,True,10,25,2.5
bifurc,even_odd,_todd25,0,0.0,0,fca6,fca6,True,0,correct,0,True,10,25,2.5
bifurc,even_odd,_todd25,0,0.0,0,fca6,fca6,True,0,correct,0,True,10,25,2.5
bifurc,even_odd,_todd25,0,0.0,0,fca6,fca6,True,0,correct,0,True,10,25,2.5
bifurc,even_odd,_todd25,0,0.0,0,fca6,fca6,True,0,correct,0,True,10,25,2.5
bifurc,even_odd,_todd25,0,0.0,0,fca6,fca6,True,0,correct,0,True,10,25,2.5
bifurc,even_odd,_todd25,0,0.0,0,fca6,fca6,True,0,correct,0,True,10,25,2.5
bifurc,even_odd,_todd25,0,0.0,0,fca6,fca6,True,0,correct,0,True,10,25,2.5
bifurc,even_odd,_todd25,0,0.0,0,fca6,fca6,True,0,correct,0,True,10,25,2.5
bifurc,even_odd,_todd25,0,0.0,0,fca6,fca6,True,0,correct,0,True,10,25,2.5
bifurc,even_odd,_todd25,0,0.0,0,fca6,fca6,True,0,correct,0,True,10,25,2.5
bifurc,even_odd,_todd25,0,0.0,0,fca6,fca6,True,0,correct,0,True,10,25,2.5
bifurc,even_odd,_todd25,0,0.0,0,fca6,fca6,True,0,correct,0,True,10,25,2.5
bifurc,even_odd,_todd25,0,0.0,0,fca6,fca6,True,0,correct,0,True,10,25,2.5
bifurc,even_odd,_todd25,0,0.0,0,fca6,fca6,True,0,correct,0,True,10,25,2.5
bifurc,even_odd,_todd25,0,0.0,0,fca6,fca6,True,0,correct,0,True,10,25,2.5
bifurc,even_odd,_todd25,0,0.0,0,fca6,fca6,True,0,correct,0,True,10,25,2.5
bifurc,even_odd,_todd25,0,0.0,0,fca6,fca6,True,0,correct,0,True,10,25,2.5
bifurc,even_odd,_todd25,0,0.0,0,fca6,fca6,True,0,correct,0,True,10,25,2.5
bifurc,even_odd,_todd25,0,0.0,0,fca6,fca6,True,0,correct,0,True,10,25,2.5
bifurc,even_odd,_todd25,0,0.0,0,fca6,fca6,True,0,correct,0,True,10,25,2.5
bifurc,even_odd,_todd25,0,0.0,0,fca6,fca6,True,0,correct,0,True,10,25,2.5
bifurc,even_odd,_todd25,0,0.0,0,fca6,fca6,True,0,correct,0,True,10,25,2.5
bifurc,even_odd,_todd25,0,0.0,0,fca6,fca6,True,0,correct,0,True,10,25,2.5
bifurc,even_odd,_todd25,0,0.0,0,fca6,fca6,True,0,correct,0,True,10,25,2.5
bifurc,even_odd,_todd25,0,0.0,0,fca6,fca6,True,0,correct,0,True,10,25,2.5
bifurc,even_odd,_todd25,0,0.0,0,fca6,fca6,True,0,correct,0,True,10,25,2.5
bifurc,even_odd,_todd25,0,0.0,0,fca6,fca6,True,0,correct,0,True,10,25,2.5
bifurc,even_odd,_todd25,0,0.0,0,fca6,fca6,True,0,correct,0,True,10,25,2.5
bifurc,even_odd,_todd25,0,0.0,0,fca6,fca6,True,0,correct,0,True,10,25,2.5
bifurc,even_odd,_todd25,0,0.0,0,fca6,fca6,True,0,correct,0,True,10,25,2.5
bifurc,even_odd,_todd25,0,0.0,0,fca6,fca6,True,0,correct,0,True,10,25,2.5
bifurc,even_odd,_todd25,0,0.0,0,fca6,fca6,True,0,correct,0,True,10,25,2.5
bifurc,even_odd,_todd25,0,0.0,0,fca6,fca6,True,0,correct,0,True,10,25,2.5
bifurc,even_odd,_todd25,0,0.0,0,fca6,fca6,True,0,correct,0,True,10,25,2.5
bifurc,even_odd,_todd25,0,0.0,0,fca6,fca6,True,0,correct,0,True,10,25,2.5
bifurc,even_odd,_todd25,0,0.0,0,fca6,fca6,True,0,correct,0,True,10,25,2.5
bifurc,even_odd,_todd25,0,0.0,0,fca6,fca6,True,0,correct,0,True,10,25,2.5
bifurc,even_odd,_todd25,0,0.0,0,fca6,fca6,True,0,correct,0,True,10,25,2.5
bifurc,even_odd,_todd25,0,0.0,0,fca6,fca6,True,0,correct,0,True,10,25,2.5
bifurc,even_odd,_todd25,0,0.0,0,fca6,fca6,True,0,correct,0,True,10,25,2.5
bifurc,even_odd,_todd25,0,0.0,0,fca6,fca6,True,0,correct,0,True,10,25,2.5
bifurc,even_odd,_todd25,0,0.0,0,fca6,fca6,True,0,correct,0,True,10,25,2.5
bifurc,even_odd,_todd25,0,0.0,0,fca6,fca6,True,0,correct,0,True,10,25,2.5
bifurc,even_odd,_todd25,0,0.0,0,fca6,fca6,True,0,correct,0,True,10,25,2.5
bifurc,even_odd,_todd25,0,0.0,0,fca6,fca6,True,0,correct,0,True,10,25,2.5
bifurc,even_odd,_todd25,0,0.0,0,fca6,fca6,True,0,correct,0,True,10,25,2.5
bifurc,even_odd,_todd25,0,0.0,0,fca6,fca6,True,0,correct,0,True,10,25,2.5
bifurc,even_odd,_todd25,0,0.0,0,fca6,fca6,True,0,correct,0,True,10,25,2.5
bifurc,even_odd,_todd25,0,0.0,0,fca6,fca6,True,0,correct,0,True,10,25,2.5
bifurc,even_odd,_todd25,0,0.0,0,fca6,fca6,True,0,correct,0,True,10,25,2.5
bifurc,even_odd,_todd25,0,0.0,0,fca6,fca6,True,0,correct,0,True,10,25,2.5
bifurc,even_odd,_todd25,0,0.0,0,fca6,fca6,True,0,correct,0,True,10,25,2.5
bifurc,even_odd,_todd25,0,0.0,0,fca6,fca6,True,0,correct,0,True,10,25,2.5
bifurc,even_odd,_todd25,0,0.0,0,fca6,fca6,True,0,correct,0,True,10,25,2.5
bifurc,even_odd,_todd25,0,0.0,0,fca6,fca6,True,0,correct,0,True,10,25,2.5
bifurc,even_odd,_todd25,0,0.0,0,fca6,fca6,True,0,correct,0,True,10,25,2.5
bifurc,even_odd,_todd25,0,0.0,0,fca6,fca6,True,0,correct,0,True,10,25,2.5
bifurc,even_odd,_todd25,1,0.0,0,1b95,1b95,True,0,correct,1,True,10,25,2.5
bifurc,even_odd,_todd25,1,0.0,0,1b95,1b95,True,0,correct,1,True,10,25,2.5
bifurc,even_odd,_todd25,1,0.0,0,1b95,1b95,True,0,correct,1,True,10,25,2.5
bifurc,even_odd,_todd25,1,0.0,0,1b95,1b95,True,0,correct,1,True,10,25,2.5
bifurc,even_odd,_todd25,1,0.0,0,1b95,1b95,True,0,correct,1,True,10,25,2.5
bifurc,even_odd,_todd25,1,0.0,0,1b95,1b95,True,0,correct,1,True,10,25,2.5
bifurc,even_odd,_todd25,1,0.0,0,1b95,1b95,True,0,correct,1,True,10,25,2.5
bifurc,even_odd,_todd25,1,0.0,0,1b95,1b95,True,0,correct,1,True,10,25,2.5
bifurc,even_odd,_todd25,1,0.0,0,1b95,1b95,True,0,correct,1,True,10,25,2.5
bifurc,even_odd,_todd25,1,0.0,0,1b95,1b95,True,0,correct,1,True,10,25,2.5
bifurc,even_odd,_todd25,1,0.0,0,1b95,1b95,True,0,correct,1,True,10,25,2.5
bifurc,even_odd,_todd25,1,0.0,0,1b95,1b95,True,0,correct,1,True,10,25,2.5
bifurc,even_odd,_todd25,1,0.0,0,1b95,1b95,True,0,correct,1,True,10,25,2.5
bifurc,even_odd,_todd25,1,0.0,0,1b95,1b95,True,0,correct,1,True,10,25,2.5
bifurc,even_odd,_todd25,1,0.0,0,1b95,1b95,True,0,correct,1,True,10,25,2.5
bifurc,even_odd,_todd25,1,0.0,0,1b95,1b95,True,0,correct,1,True,10,25,2.5
bifurc,even_odd,_todd25,1,0.0,0,1b95,1b95,True,0,correct,1,True,10,25,2.5
bifurc,even_odd,_todd25,1,0.0,0,1b95,1b95,True,0,correct,1,True,10,25,2.5
bifurc,even_odd,_todd25,1,0.0,0,1b95,1b95,True,0,correct,1,True,10,25,2.5
bifurc,even_odd,_todd25,1,0.0,0,1b95,1b95,True,0,correct,1,True,10,25,2.5
bifurc,even_odd,_todd25,1,0.0,0,1b95,1b95,True,0,correct,1,True,10,25,2.5
bifurc,even_odd,_todd25,1,0.0,0,1b95,1b95,True,0,correct,1,True,10,25,2.5
bifurc,even_odd,_todd25,1,0.0,0,1b95,1b95,True,0,correct,1,True,10,25,2.5
bifurc,even_odd,_todd25,1,0.0,0,1b95,1b95,True,0,correct,1,True,10,25,2.5
bifurc,even_odd,_todd25,1,0.0,0,1b95,1b95,True,0,correct,1,True,10,25,2.5
bifurc,even_odd,_todd25,1,0.0,0,1b95,1b95,True,0,correct,1,True,10,25,2.5
bifurc,even_odd,_todd25,1,0.0,0,1b95,1b95,True,0,correct,1,True,10,25,2.5
bifurc,even_odd,_todd25,1,0.0,0,1b95,1b95,True,0,correct,1,True,10,25,2.5
bifurc,even_odd,_todd25,1,0.0,0,1b95,1b95,True,0,correct,1,True,10,25,2.5
bifurc,even_odd,_todd25,1,0.0,0,1b95,1b95,True,0,correct,1,True,10,25,2.5
bifurc,even_odd,_todd25,1,0.0,0,1b95,1b95,True,0,correct,1,True,10,25,2.5
bifurc,even_odd,_todd25,1,0.0,0,1b95,1b95,True,0,correct,1,True,10,25,2.5
bifurc,even_odd,_todd25,1,0.0,0,1b95,1b95,True,0,correct,1,True,10,25,2.5
bifurc,even_odd,_todd25,1,0.0,0,1b95,1b95,True,0,correct,1,True,10,25,2.5
bifurc,even_odd,_todd25,1,0.0,0,1b95,1b95,True,0,correct,1,True,10,25,2.5
bifurc,even_odd,_todd25,1,0.0,0,1b95,1b95,True,0,correct,1,True,10,25,2.5
bifurc,even_odd,_todd25,1,0.0,0,1b95,1b95,True,0,correct,1,True,10,25,2.5
bifurc,even_odd,_todd25,1,0.0,0,1b95,1b95,True,0,correct,1,True,10,25,2.5
bifurc,even_odd,_todd25,1,0.0,0,1b95,1b95,True,0,correct,1,True,10,25,2.5
bifurc,even_odd,_todd25,1,0.0,0,1b95,1b95,True,0,correct,1,True,10,25,2.5
bifurc,even_odd,_todd25,1,0.0,0,1b95,1b95,True,0,correct,1,True,10,25,2.5
bifurc,even_odd,_todd25,1,0.0,0,1b95,1b95,True,0,correct,1,True,10,25,2.5
bifurc,even_odd,_todd25,1,0.0,0,1b95,1b95,True,0,correct,1,True,10,25,2.5
bifurc,even_odd,_todd25,1,0.0,0,1b95,1b95,True,0,correct,1,True,10,25,2.5
bifurc,even_odd,_todd25,1,0.0,0,1b95,1b95,True,0,correct,1,True,10,25,2.5
bifurc,even_odd,_todd25,1,0.0,0,1b95,1b95,True,0,correct,1,True,10,25,2.5
bifurc,even_odd,_todd25,1,0.0,0,1b95,1b95,True,0,correct,1,True,10,25,2.5
bifurc,even_odd,_todd25,1,0.0,0,1b95,1b95,True,0,correct,1,True,10,25,2.5
bifurc,even_odd,_todd25,1,0.0,0,1b95,1b95,True,0,correct,1,True,10,25,2.5
bifurc,even_odd,_todd25,1,0.0,0,1b95,1b95,True,0,correct,1,True,10,25,2.5
bifurc,even_odd,_todd25,1,0.0,0,1b95,1b95,True,0,correct,1,True,10,25,2.5
bifurc,even_odd,_todd25,1,0.0,0,1b95,1b95,True,0,correct,1,True,10,25,2.5
bifurc,even_odd,_todd25,1,0.0,0,1b95,1b95,True,0,correct,1,True,10,25,2.5
bifurc,even_odd,_todd25,1,0.0,0,1b95,1b95,True,0,correct,1,True,10,25,2.5
bifurc,even_odd,_todd25,1,0.0,0,1b95,1b95,True,0,correct,1,True,10,25,2.5
bifurc,even_odd,_todd25,1,0.0,0,1b95,1b95,True,0,correct,1,True,10,25,2.5
bifurc,even_odd,_todd25,1,0.0,0,1b95,1b95,True,0,correct,1,True,10,25,2.5
bifurc,even_odd,_todd25,1,0.0,0,1b95,1b95,True,0,correct,1,True,10,25,2.5
bifurc,even_odd,_todd25,1,0.0,0,1b95,1b95,True,0,correct,1,True,10,25,2.5
bifurc,even_odd,_todd25,1,0.0,0,1b95,1b95,True,0,correct,1,True,10,25,2.5
bifurc,even_odd,_todd25,1,0.0,0,1b95,1b95,True,0,correct,1,True,10,25,2.5
bifurc,even_odd,_todd25,1,0.0,0,1b95,1b95,True,0,correct,1,True,10,25,2.5
bifurc,even_odd,_todd25,1,0.0,0,1b95,1b95,True,0,correct,1,True,10,25,2.5
bifurc,even_odd,_todd25,1,0.0,0,1b95,1b95,True,0,correct,1,True,10,25,2.5
bifurc,even_odd,_todd25,1,0.0,0,1b95,1b95,True,0,correct,1,True,10,25,2.5
bifurc,even_odd,_todd25,1,0.0,0,1b95,1b95,True,0,correct,1,True,10,25,2.5
bifurc,even_odd,_todd25,1,0.0,0,1b95,1b95,True,0,correct,1,True,10,25,2.5
bifurc,even_odd,_todd25,1,0.0,0,1b95,1b95,True,0,correct,1,True,10,25,2.5
bifurc,even_odd,_todd25,1,0.0,0,1b95,1b95,True,0,correct,1,True,10,25,2.5
bifurc,even_odd,_todd25,1,0.0,0,1b95,1b95,True,0,correct,1,True,10,25,2.5
bifurc,even_odd,_todd25,1,0.0,0,1b95,1b95,True,0,correct,1,True,10,25,2.5
bifurc,even_odd,_todd25,1,0.0,0,1b95,1b95,True,0,correct,1,True,10,25,2.5
bifurc,even_odd,_todd25,1,0.0,0,1b95,1b95,True,0,correct,1,True,10,25,2.5
bifurc,even_odd,_todd25,1,0.0,0,1b95,1b95,True,0,correct,1,True,10,25,2.5
bifurc,even_odd,_todd25,1,0.0,0,1b95,1b95,True,0,correct,1,True,10,25,2.5
bifurc,even_odd,_todd25,1,0.0,0,1b95,1b95,True,0,correct,1,True,10,25,2.5
bifurc,even_odd,_todd25,1,0.0,0,1b95,1b95,True,0,correct,1,True,10,25,2.5
bifurc,even_odd,_todd25,1,0.0,0,1b95,1b95,True,0,correct,1,True,10,25,2.5
bifurc,even_odd,_todd25,1,0.0,0,1b95,1b95,True,0,correct,1,True,10,25,2.5
bifurc,even_odd,_todd25,1,0.0,0,1b95,1b95,True,0,correct,1,True,10,25,2.5
bifurc,even_odd,_todd25,2,0.0,0,a6b6,a6b6,True,0,correct,2,True,10,25,2.5
bifurc,even_odd,_todd25,2,0.0,0,a6b6,a6b6,True,0,correct,2,True,10,25,2.5
bifurc,even_odd,_todd25,2,0.0,0,a6b6,a6b6,True,0,correct,2,True,10,25,2.5
bifurc,even_odd,_todd25,2,0.0,0,a6b6,a6b6,True,0,correct,2,True,10,25,2.5
bifurc,even_odd,_todd25,2,0.0,0,a6b6,a6b6,True,0,correct,2,True,10,25,2.5
bifurc,even_odd,_todd25,2,0.0,0,a6b6,a6b6,True,0,correct,2,True,10,25,2.5
bifurc,even_odd,_todd25,2,0.0,0,a6b6,a6b6,True,0,correct,2,True,10,25,2.5
bifurc,even_odd,_todd25,2,0.0,0,a6b6,a6b6,True,0,correct,2,True,10,25,2.5
bifurc,even_odd,_todd25,2,0.0,0,a6b6,a6b6,True,0,correct,2,True,10,25,2.5
bifurc,even_odd,_todd25,2,0.0,0,a6b6,a6b6,True,0,correct,2,True,10,25,2.5
bifurc,even_odd,_todd25,2,0.0,0,a6b6,a6b6,True,0,correct,2,True,10,25,2.5
bifurc,even_odd,_todd25,2,0.0,0,a6b6,a6b6,True,0,correct,2,True,10,25,2.5
bifurc,even_odd,_todd25,2,0.0,0,a6b6,a6b6,True,0,correct,2,True,10,25,2.5
bifurc,even_odd,_todd25,2,0.0,0,a6b6,a6b6,True,0,correct,2,True,10,25,2.5
bifurc,even_odd,_todd25,2,0.0,0,a6b6,a6b6,True,0,correct,2,True,10,25,2.5
bifurc,even_odd,_todd25,2,0.0,0,a6b6,a6b6,True,0,correct,2,True,10,25,2.5
bifurc,even_odd,_todd25,2,0.0,0,a6b6,a6b6,True,0,correct,2,True,10,25,2.5
bifurc,even_odd,_todd25,2,0.0,0,a6b6,a6b6,True,0,correct,2,True,10,25,2.5
bifurc,even_odd,_todd25,2,0.0,0,a6b6,a6b6,True,0,correct,2,True,10,25,2.5
bifurc,even_odd,_todd25,2,0.0,0,a6b6,a6b6,True,0,correct,2,True,10,25,2.5
bifurc,even_odd,_todd25,2,0.0,0,a6b6,a6b6,True,0,correct,2,True,10,25,2.5
bifurc,even_odd,_todd25,2,0.0,0,a6b6,a6b6,True,0,correct,2,True,10,25,2.5
bifurc,even_odd,_todd25,2,0.0,0,a6b6,a6b6,True,0,correct,2,True,10,25,2.5
bifurc,even_odd,_todd25,2,0.0,0,a6b6,a6b6,True,0,correct,2,True,10,25,2.5
bifurc,even_odd,_todd25,2,0.0,0,a6b6,a6b6,True,0,correct,2,True,10,25,2.5
bifurc,even_odd,_todd25,2,0.0,0,a6b6,a6b6,True,0,correct,2,True,10,25,2.5
bifurc,even_odd,_todd25,2,0.0,0,a6b6,a6b6,True,0,correct,2,True,10,25,2.5
bifurc,even_odd,_todd25,2,0.0,0,a6b6,a6b6,True,0,correct,2,True,10,25,2.5
bifurc,even_odd,_todd25,2,0.0,0,a6b6,a6b6,True,0,correct,2,True,10,25,2.5
bifurc,even_odd,_todd25,2,0.0,0,a6b6,a6b6,True,0,correct,2,True,10,25,2.5
bifurc,even_odd,_todd25,2,0.0,0,a6b6,a6b6,True,0,correct,2,True,10,25,2.5
bifurc,even_odd,_todd25,2,0.0,0,a6b6,a6b6,True,0,correct,2,True,10,25,2.5
bifurc,even_odd,_todd25,2,0.0,0,a6b6,a6b6,True,0,correct,2,True,10,25,2.5
bifurc,even_odd,_todd25,2,0.0,0,a6b6,a6b6,True,0,correct,2,True,10,25,2.5
bifurc,even_odd,_todd25,2,0.0,0,a6b6,a6b6,True,0,correct,2,True,10,25,2.5
bifurc,even_odd,_todd25,2,0.0,0,a6b6,a6b6,True,0,correct,2,True,10,25,2.5
bifurc,even_odd,_todd25,2,0.0,0,a6b6,a6b6,True,0,correct,2,True,10,25,2.5
bifurc,even_odd,_todd25,2,0.0,0,a6b6,a6b6,True,0,correct,2,True,10,25,2.5
bifurc,even_odd,_todd25,2,0.0,0,a6b6,a6b6,True,0,correct,2,True,10,25,2.5
bifurc,even_odd,_todd25,2,0.0,0,a6b6,a6b6,True,0,correct,2,True,10,25,2.5
bifurc,even_odd,_todd25,2,0.0,0,a6b6,a6b6,True,0,correct,2,True,10,25,2.5
bifurc,even_odd,_todd25,2,0.0,0,a6b6,a6b6,True,0,correct,2,True,10,25,2.5
bifurc,even_odd,_todd25,2,0.0,0,a6b6,a6b6,True,0,correct,2,True,10,25,2.5
bifurc,even_odd,_todd25,2,0.0,0,a6b6,a6b6,True,0,correct,2,True,10,25,2.5
bifurc,even_odd,_todd25,2,0.0,0,a6b6,a6b6,True,0,correct,2,True,10,25,2.5
bifurc,even_odd,_todd25,2,0.0,0,a6b6,a6b6,True,0,correct,2,True,10,25,2.5
bifurc,even_odd,_todd25,2,0.0,0,a6b6,a6b6,True,0,correct,2,True,10,25,2.5
bifurc,even_odd,_todd25,2,0.0,0,a6b6,a6b6,True,0,correct,2,True,10,25,2.5
bifurc,even_odd,_todd25,2,0.0,0,a6b6,a6b6,True,0,correct,2,True,10,25,2.5
bifurc,even_odd,_todd25,2,0.0,0,a6b6,a6b6,True,0,correct,2,True,10,25,2.5
bifurc,even_odd,_todd25,2,0.0,0,a6b6,a6b6,True,0,correct,2,True,10,25,2.5
bifurc,even_odd,_todd25,2,0.0,0,a6b6,a6b6,True,0,correct,2,True,10,25,2.5
bifurc,even_odd,_todd25,2,0.0,0,a6b6,a6b6,True,0,correct,2,True,10,25,2.5
bifurc,even_odd,_todd25,2,0.0,0,a6b6,a6b6,True,0,correct,2,True,10,25,2.5
bifurc,even_odd,_todd25,2,0.0,0,a6b6,a6b6,True,0,correct,2,True,10,25,2.5
bifurc,even_odd,_todd25,2,0.0,0,a6b6,a6b6,True,0,correct,2,True,10,25,2.5
bifurc,even_odd,_todd25,2,0.0,0,a6b6,a6b6,True,0,correct,2,True,10,25,2.5
bifurc,even_odd,_todd25,2,0.0,0,a6b6,a6b6,True,0,correct,2,True,10,25,2.5
bifurc,even_odd,_todd25,2,0.0,0,a6b6,a6b6,True,0,correct,2,True,10,25,2.5
bifurc,even_odd,_todd25,2,0.0,0,a6b6,a6b6,True,0,correct,2,True,10,25,2.5
bifurc,even_odd,_todd25,2,0.0,0,a6b6,a6b6,True,0,correct,2,True,10,25,2.5
bifurc,even_odd,_todd25,2,0.0,0,a6b6,a6b6,True,0,correct,2,True,10,25,2.5
bifurc,even_odd,_todd25,2,0.0,0,a6b6,a6b6,True,0,correct,2,True,10,25,2.5
bifurc,even_odd,_todd25,2,0.0,0,a6b6,a6b6,True,0,correct,2,True,10,25,2.5
bifurc,even_odd,_todd25,2,0.0,0,a6b6,a6b6,True,0,correct,2,True,10,25,2.5
bifurc,even_odd,_todd25,2,0.0,0,a6b6,a6b6,True,0,correct,2,True,10,25,2.5
bifurc,even_odd,_todd25,2,0.0,0,a6b6,a6b6,True,0,correct,2,True,10,25,2.5
bifurc,even_odd,_todd25,2,0.0,0,a6b6,a6b6,True,0,correct,2,True,10,25,2.5
bifurc,even_odd,_todd25,2,0.0,0,a6b6,a6b6,True,0,correct,2,True,10,25,2.5
bifurc,even_odd,_todd25,2,0.0,0,a6b6,a6b6,True,0,correct,2,True,10,25,2.5
bifurc,even_odd,_todd25,2,0.0,0,a6b6,a6b6,True,0,correct,2,True,10,25,2.5
bifurc,even_odd,_todd25,2,0.0,0,a6b6,a6b6,True,0,correct,2,True,10,25,2.5
bifurc,even_odd,_todd25,2,0.0,0,a6b6,a6b6,True,0,correct,2,True,10,25,2.5
bifurc,even_odd,_todd25,2,0.0,0,a6b6,a6b6,True,0,correct,2,True,10,25,2.5
bifurc,even_odd,_todd25,2,0.0,0,a6b6,a6b6,True,0,correct,2,True,10,25,2.5
bifurc,even_odd,_todd25,2,0.0,0,a6b6,a6b6,True,0,correct,2,True,10,25,2.5
bifurc,even_odd,_todd25,2,0.0,0,a6b6,a6b6,True,0,correct,2,True,10,25,2.5
bifurc,even_odd,_todd25,2,0.0,0,a6b6,a6b6,True,0,correct,2,True,10,25,2.5
bifurc,even_odd,_todd25,2,0.0,0,a6b6,a6b6,True,0,correct,2,True,10,25,2.5
bifurc,even_odd,_todd25,2,0.0,0,a6b6,a6b6,True,0,correct,2,True,10,25,2.5
bifurc,even_odd,_todd25,3,0.0,0,bd07,bd07,True,0,correct,3,True,10,25,2.5
bifurc,even_odd,_todd25,3,0.0,0,bd07,bd07,True,0,correct,3,True,10,25,2.5
bifurc,even_odd,_todd25,3,0.0,0,bd07,bd07,True,0,correct,3,True,10,25,2.5
bifurc,even_odd,_todd25,3,0.0,0,bd07,bd07,True,0,correct,3,True,10,25,2.5
bifurc,even_odd,_todd25,3,0.0,0,bd07,bd07,True,0,correct,3,True,10,25,2.5
bifurc,even_odd,_todd25,3,0.0,0,bd07,bd07,True,0,correct,3,True,10,25,2.5
bifurc,even_odd,_todd25,3,0.0,0,bd07,bd07,True,0,correct,3,True,10,25,2.5
bifurc,even_odd,_todd25,3,0.0,0,bd07,bd07,True,0,correct,3,True,10,25,2.5
bifurc,even_odd,_todd25,3,0.0,0,bd07,bd07,True,0,correct,3,True,10,25,2.5
bifurc,even_odd,_todd25,3,0.0,0,bd07,bd07,True,0,correct,3,True,10,25,2.5
bifurc,even_odd,_todd25,3,0.0,0,bd07,bd07,True,0,correct,3,True,10,25,2.5
bifurc,even_odd,_todd25,3,0.0,0,bd07,bd07,True,0,correct,3,True,10,25,2.5
bifurc,even_odd,_todd25,3,0.0,0,bd07,bd07,True,0,correct,3,True,10,25,2.5
bifurc,even_odd,_todd25,3,0.0,0,bd07,bd07,True,0,correct,3,True,10,25,2.5
bifurc,even_odd,_todd25,3,0.0,0,bd07,bd07,True,0,correct,3,True,10,25,2.5
bifurc,even_odd,_todd25,3,0.0,0,bd07,bd07,True,0,correct,3,True,10,25,2.5
bifurc,even_odd,_todd25,3,0.0,0,bd07,bd07,True,0,correct,3,True,10,25,2.5
bifurc,even_odd,_todd25,3,0.0,0,bd07,bd07,True,0,correct,3,True,10,25,2.5
bifurc,even_odd,_todd25,3,0.0,0,bd07,bd07,True,0,correct,3,True,10,25,2.5
bifurc,even_odd,_todd25,3,0.0,0,bd07,bd07,True,0,correct,3,True,10,25,2.5
bifurc,even_odd,_todd25,3,0.0,0,bd07,bd07,True,0,correct,3,True,10,25,2.5
bifurc,even_odd,_todd25,3,0.0,0,bd07,bd07,True,0,correct,3,True,10,25,2.5
bifurc,even_odd,_todd25,3,0.0,0,bd07,bd07,True,0,correct,3,True,10,25,2.5
bifurc,even_odd,_todd25,3,0.0,0,bd07,bd07,True,0,correct,3,True,10,25,2.5
bifurc,even_odd,_todd25,3,0.0,0,bd07,bd07,True,0,correct,3,True,10,25,2.5
bifurc,even_odd,_todd25,3,0.0,0,bd07,bd07,True,0,correct,3,True,10,25,2.5
bifurc,even_odd,_todd25,3,0.0,0,bd07,bd07,True,0,correct,3,True,10,25,2.5
bifurc,even_odd,_todd25,3,0.0,0,bd07,bd07,True,0,correct,3,True,10,25,2.5
bifurc,even_odd,_todd25,3,0.0,0,bd07,bd07,True,0,correct,3,True,10,25,2.5
bifurc,even_odd,_todd25,3,0.0,0,bd07,bd07,True,0,correct,3,True,10,25,2.5
bifurc,even_odd,_todd25,3,0.0,0,bd07,bd07,True,0,correct,3,True,10,25,2.5
bifurc,even_odd,_todd25,3,0.0,0,bd07,bd07,True,0,correct,3,True,10,25,2.5
bifurc,even_odd,_todd25,3,0.0,0,bd07,bd07,True,0,correct,3,True,10,25,2.5
bifurc,even_odd,_todd25,3,0.0,0,bd07,bd07,True,0,correct,3,True,10,25,2.5
bifurc,even_odd,_todd25,3,0.0,0,bd07,bd07,True,0,correct,3,True,10,25,2.5
bifurc,even_odd,_todd25,3,0.0,0,bd07,bd07,True,0,correct,3,True,10,25,2.5
bifurc,even_odd,_todd25,3,0.0,0,bd07,bd07,True,0,correct,3,True,10,25,2.5
bifurc,even_odd,_todd25,3,0.0,0,bd07,bd07,True,0,correct,3,True,10,25,2.5
bifurc,even_odd,_todd25,3,0.0,0,bd07,bd07,True,0,correct,3,True,10,25,2.5
bifurc,even_odd,_todd25,3,0.0,0,bd07,bd07,True,0,correct,3,True,10,25,2.5
bifurc,even_odd,_todd25,3,0.0,0,bd07,bd07,True,0,correct,3,True,10,25,2.5
bifurc,even_odd,_todd25,3,0.0,0,bd07,bd07,True,0,correct,3,True,10,25,2.5
bifurc,even_odd,_todd25,3,0.0,0,bd07,bd07,True,0,correct,3,True,10,25,2.5
bifurc,even_odd,_todd25,3,0.0,0,bd07,bd07,True,0,correct,3,True,10,25,2.5
bifurc,even_odd,_todd25,3,0.0,0,bd07,bd07,True,0,correct,3,True,10,25,2.5
bifurc,even_odd,_todd25,3,0.0,0,bd07,bd07,True,0,correct,3,True,10,25,2.5
bifurc,even_odd,_todd25,3,0.0,0,bd07,bd07,True,0,correct,3,True,10,25,2.5
bifurc,even_odd,_todd25,3,0.0,0,bd07,bd07,True,0,correct,3,True,10,25,2.5
bifurc,even_odd,_todd25,3,0.0,0,bd07,bd07,True,0,correct,3,True,10,25,2.5
bifurc,even_odd,_todd25,3,0.0,0,bd07,bd07,True,0,correct,3,True,10,25,2.5
bifurc,even_odd,_todd25,3,0.0,0,bd07,bd07,True,0,correct,3,True,10,25,2.5
bifurc,even_odd,_todd25,3,0.0,0,bd07,bd07,True,0,correct,3,True,10,25,2.5
bifurc,even_odd,_todd25,3,0.0,0,bd07,bd07,True,0,correct,3,True,10,25,2.5
bifurc,even_odd,_todd25,3,0.0,0,bd07,bd07,True,0,correct,3,True,10,25,2.5
bifurc,even_odd,_todd25,3,0.0,0,bd07,bd07,True,0,correct,3,True,10,25,2.5
bifurc,even_odd,_todd25,3,0.0,0,bd07,bd07,True,0,correct,3,True,10,25,2.5
bifurc,even_odd,_todd25,3,0.0,0,bd07,bd07,True,0,correct,3,True,10,25,2.5
bifurc,even_odd,_todd25,3,0.0,0,bd07,bd07,True,0,correct,3,True,10,25,2.5
bifurc,even_odd,_todd25,3,0.0,0,bd07,bd07,True,0,correct,3,True,10,25,2.5
bifurc,even_odd,_todd25,3,0.0,0,bd07,bd07,True,0,correct,3,True,10,25,2.5
bifurc,even_odd,_todd25,3,0.0,0,bd07,bd07,True,0,correct,3,True,10,25,2.5
bifurc,even_odd,_todd25,3,0.0,0,bd07,bd07,True,0,correct,3,True,10,25,2.5
bifurc,even_odd,_todd25,3,0.0,0,bd07,bd07,True,0,correct,3,True,10,25,2.5
bifurc,even_odd,_todd25,3,0.0,0,bd07,bd07,True,0,correct,3,True,10,25,2.5
bifurc,even_odd,_todd25,3,0.0,0,bd07,bd07,True,0,correct,3,True,10,25,2.5
bifurc,even_odd,_todd25,3,0.0,0,bd07,bd07,True,0,correct,3,True,10,25,2.5
bifurc,even_odd,_todd25,3,0.0,0,bd07,bd07,True,0,correct,3,True,10,25,2.5
bifurc,even_odd,_todd25,3,0.0,0,bd07,bd07,True,0,correct,3,True,10,25,2.5
bifurc,even_odd,_todd25,3,0.0,0,bd07,bd07,True,0,correct,3,True,10,25,2.5
bifurc,even_odd,_todd25,3,0.0,0,bd07,bd07,True,0,correct,3,True,10,25,2.5
bifurc,even_odd,_todd25,3,0.0,0,bd07,bd07,True,0,correct,3,True,10,25,2.5
bifurc,even_odd,_todd25,3,0.0,0,bd07,bd07,True,0,correct,3,True,10,25,2.5
bifurc,even_odd,_todd25,3,0.0,0,bd07,bd07,True,0,correct,3,True,10,25,2.5
bifurc,even_odd,_todd25,3,0.0,0,bd07,bd07,True,0,correct,3,True,10,25,2.5
bifurc,even_odd,_todd25,3,0.0,0,bd07,bd07,True,0,correct,3,True,10,25,2.5
bifurc,even_odd,_todd25,3,0.0,0,bd07,bd07,True,0,correct,3,True,10,25,2.5
bifurc,even_odd,_todd25,3,0.0,0,bd07,bd07,True,0,correct,3,True,10,25,2.5
bifurc,even_odd,_todd25,3,0.0,0,bd07,bd07,True,0,correct,3,True,10,25,2.5
bifurc,even_odd,_todd25,3,0.0,0,bd07,bd07,True,0,correct,3,True,10,25,2.5
bifurc,even_odd,_todd25,3,0.0,0,bd07,bd07,True,0,correct,3,True,10,25,2.5
bifurc,even_odd,_todd25,0,0.2,2,fce2,fca6,True,11,correct,0,True,10,25,2.5
bifurc,even_odd,_todd25,0,0.2,1,fc26,fca6,True,26,correct,0,True,10,25,2.5
bifurc,even_odd,_todd25,0,0.2,4,70e6,fca6,True,46,correct,0,True,10,25,2.5
bifurc,even_odd,_todd25,0,0.2,5,dfe4,58a4,True,46,spurious,-1,False,10,25,2.5
bifurc,even_odd,_todd25,0,0.2,5,dd34,58a4,True,61,spurious,-1,False,10,25,2.5
bifurc,even_odd,_todd25,0,0.2,0,fca6,fca6,True,0,correct,0,True,10,25,2.5
bifurc,even_odd,_todd25,0,0.2,1,f8a6,fca6,True,11,correct,0,True,10,25,2.5
bifurc,even_odd,_todd25,0,0.2,1,fc26,fca6,True,26,correct,0,True,10,25,2.5
bifurc,even_odd,_todd25,0,0.2,4,64a4,58a4,True,46,spurious,-1,False,10,25,2.5
bifurc,even_odd,_todd25,0,0.2,3,74b6,fca6,True,36,correct,0,True,10,25,2.5
bifurc,even_odd,_todd25,0,0.2,3,9ea6,fca6,True,26,correct,0,True,10,25,2.5
bifurc,even_odd,_todd25,0,0.2,6,1686,2b4,True,46,spurious,-1,False,10,25,2.5
bifurc,even_odd,_todd25,0,0.2,3,fc16,bd07,True,11,wrong_pattern,3,False,10,25,2.5
bifurc,even_odd,_todd25,0,0.2,2,fc36,fca6,True,26,correct,0,True,10,25,2.5
bifurc,even_odd,_todd25,0,0.2,1,fca4,fca6,True,26,correct,0,True,10,25,2.5
bifurc,even_odd,_todd25,0,0.2,2,fcb4,fca6,True,26,correct,0,True,10,25,2.5
bifurc,even_odd,_todd25,0,0.2,5,5086,58a4,True,26,spurious,-1,False,10,25,2.5
bifurc,even_odd,_todd25,0,0.2,4,dde4,58a4,True,46,spurious,-1,False,10,25,2.5
bifurc,even_odd,_todd25,0,0.2,3,f8b4,fca6,True,46,correct,0,True,10,25,2.5
bifurc,even_odd,_todd25,0,0.2,4,748e,fca6,True,26,correct,0,True,10,25,2.5
bifurc,even_odd,_todd25,0,0.2,4,b9a4,fca6,True,46,correct,0,True,10,25,2.5
bifurc,even_odd,_todd25,0,0.2,4,7cc2,fca6,True,46,correct,0,True,10,25,2.5
bifurc,even_odd,_todd25,0,0.2,0,fca6,fca6,True,0,correct,0,True,10,25,2.5
bifurc,even_odd,_todd25,0,0.2,3,fcb3,fca6,True,11,correct,0,True,10,25,2.5
bifurc,even_odd,_todd25,0,0.2,2,f5a6,fca6,True,26,correct,0,True,10,25,2.5
bifurc,even_odd,_todd25,0,0.2,3,f6e6,a6b6,True,21,wrong_pattern,2,False,10,25,2.5
bifurc,even_odd,_todd25,0,0.2,1,fea6,fca6,True,26,correct,0,True,10,25,2.5
bifurc,even_odd,_todd25,0,0.2,3,6da6,fca6,True,26,correct,0,True,10,25,2.5
bifurc,even_odd,_todd25,0,0.2,3,dcb4,58a4,True,46,spurious,-1,False,10,25,2.5
bifurc,even_odd,_todd25,0,0.2,2,fc36,fca6,True,26,correct,0,True,10,25,2.5
bifurc,even_odd,_todd25,0,0.2,0,fca6,fca6,True,0,correct,0,True,10,25,2.5
bifurc,even_odd,_todd25,0,0.2,4,b4b2,fca6,True,46,correct,0,True,10,25,2.5
bifurc,even_odd,_todd25,0,0.2,5,2cf6,fca6,True,46,correct,0,True,10,25,2.5
bifurc,even_odd,_todd25,0,0.2,5,e804,bd07,True,91,wrong_pattern,3,False,10,25,2.5
bifurc,even_odd,_todd25,0,0.2,6,bccb,fca6,True,86,correct,0,True,10,25,2.5
bifurc,even_odd,_todd25,0,0.2,2,bcae,fca6,True,26,correct,0,True,10,25,2.5
bifurc,even_odd,_todd25,0,0.2,2,ecb6,fca6,True,11,correct,0,True,10,25,2.5
bifurc,even_odd,_todd25,0,0.2,5,b485,a6b6,True,91,wrong_pattern,2,False,10,25,2.5
bifurc,even_odd,_todd25,0,0.2,3,7da2,fca6,True,26,correct,0,True,10,25,2.5
bifurc,even_odd,_todd25,0,0.2,5,7dbf,fca6,True,36,correct,0,True,10,25,2.5
bifurc,even_odd,_todd25,0,0.2,4,baa4,fca6,True,46,correct,0,True,10,25,2.5
bifurc,even_odd,_todd25,0,0.2,5,efa5,fca6,True,46,correct,0,True,10,25,2.5
bifurc,even_odd,_todd25,0,0.2,4,e827,fca6,True,61,correct,0,True,10,25,2.5
bifurc,even_odd,_todd25,0,0.2,1,7ca6,fca6,True,26,correct,0,True,10,25,2.5
bifurc,even_odd,_todd25,0,0.2,7,b845,bd07,True,46,wrong_pattern,3,False,10,25,2.5
bifurc,even_odd,_todd25,0,0.2,4,ffbe,fca6,True,26,correct,0,True,10,25,2.5
bifurc,even_odd,_todd25,0,0.2,5,7d83,bd07,True,26,wrong_pattern,3,False,10,25,2.5
bifurc,even_odd,_todd25,0,0.2,3,d8a4,58a4,True,26,spurious,-1,False,10,25,2.5
bifurc,even_odd,_todd25,0,0.2,3,fc04,bd07,True,56,wrong_pattern,3,False,10,25,2.5
bifurc,even_odd,_todd25,0,0.2,2,7ea6,fca6,True,26,correct,0,True,10,25,2.5
bifurc,even_odd,_todd25,0,0.2,4,14a6,58a4,True,46,spurious,-1,False,10,25,2.5
bifurc,even_odd,_todd25,0,0.2,5,7d9e,fca6,True,51,correct,0,True,10,25,2.5
bifurc,even_odd,_todd25,0,0.2,3,7de6,fca6,True,26,correct,0,True,10,25,2.5
bifurc,even_odd,_todd25,0,0.2,1,bca6,fca6,True,11,correct,0,True,10,25,2.5
bifurc,even_odd,_todd25,0,0.2,4,ffe7,fca6,True,36,correct,0,True,10,25,2.5
bifurc,even_odd,_todd25,0,0.2,5,7d32,fccf,False,1700,oscillated,-1,False,10,25,2.5
bifurc,even_odd,_todd25,0,0.2,1,fca4,fca6,True,26,correct,0,True,10,25,2.5
bifurc,even_odd,_todd25,0,0.2,1,fcb6,fca6,True,11,correct,0,True,10,25,2.5
bifurc,even_odd,_todd25,0,0.2,5,bc3f,fca6,True,111,correct,0,True,10,25,2.5
bifurc,even_odd,_todd25,0,0.2,1,fce6,fca6,True,11,correct,0,True,10,25,2.5
bifurc,even_odd,_todd25,0,0.2,4,dc46,fd4b,True,81,spurious,-1,False,10,25,2.5
bifurc,even_odd,_todd25,0,0.2,2,fe86,fca6,True,26,correct,0,True,10,25,2.5
bifurc,even_odd,_todd25,0,0.2,5,68e7,fca6,True,46,correct,0,True,10,25,2.5
bifurc,even_odd,_todd25,0,0.2,4,dcd6,fca6,True,26,correct,0,True,10,25,2.5
bifurc,even_odd,_todd25,0,0.2,6,9c60,58a4,True,46,spurious,-1,False,10,25,2.5
bifurc,even_odd,_todd25,0,0.2,3,f4b4,fca6,True,36,correct,0,True,10,25,2.5
bifurc,even_odd,_todd25,0,0.2,3,bda7,fca6,True,11,correct,0,True,10,25,2.5
bifurc,even_odd,_todd25,0,0.2,6,cd85,1905,True,46,spurious,-1,False,10,25,2.5
bifurc,even_odd,_todd25,0,0.2,4,dec6,fca6,True,26,correct,0,True,10,25,2.5
bifurc,even_odd,_todd25,0,0.2,4,ea26,fca6,True,26,correct,0,True,10,25,2.5
bifurc,even_odd,_todd25,0,0.2,7,70f3,fca6,True,46,correct,0,True,10,25,2.5
bifurc,even_odd,_todd25,0,0.2,3,bda7,fca6,True,11,correct,0,True,10,25,2.5
bifurc,even_odd,_todd25,0,0.2,1,bca6,fca6,True,11,correct,0,True,10,25,2.5
bifurc,even_odd,_todd25,0,0.2,2,eca2,fca6,True,11,correct,0,True,10,25,2.5
bifurc,even_odd,_todd25,0,0.2,2,dcae,fca6,True,26,correct,0,True,10,25,2.5
bifurc,even_odd,_todd25,0,0.2,3,3cb6,fca6,True,36,correct,0,True,10,25,2.5
bifurc,even_odd,_todd25,0,0.2,3,f926,fca6,True,61,correct,0,True,10,25,2.5
bifurc,even_odd,_todd25,0,0.2,1,7ca6,fca6,True,26,correct,0,True,10,25,2.5
bifurc,even_odd,_todd25,0,0.2,2,fce4,fca6,True,26,correct,0,True,10,25,2.5
bifurc,even_odd,_todd25,0,0.2,2,bcb6,fca6,True,11,correct,0,True,10,25,2.5
bifurc,even_odd,_todd25,1,0.2,2,5bb5,58a4,True,36,spurious,-1,False,10,25,2.5
bifurc,even_odd,_todd25,1,0.2,6,6b80,58a4,True,91,spurious,-1,False,10,25,2.5
bifurc,even_odd,_todd25,1,0.2,3,1fd1,1b95,True,21,correct,1,True,10,25,2.5
bifurc,even_odd,_todd25,1,0.2,3,1f35,1b95,True,26,correct,1,True,10,25,2.5
bifurc,even_odd,_todd25,1,0.2,0,1b95,1b95,True,0,correct,1,True,10,25,2.5
bifurc,even_odd,_todd25,1,0.2,4,5ac5,58a4,True,36,spurious,-1,False,10,25,2.5
bifurc,even_odd,_todd25,1,0.2,2,1bd4,2b4,True,36,spurious,-1,False,10,25,2.5
bifurc,even_odd,_todd25,1,0.2,1,b95,1b95,True,11,correct,1,True,10,25,2.5
bifurc,even_odd,_todd25,1,0.2,5,2b75,359,True,86,spurious,-1,False,10,25,2.5
bifurc,even_odd,_todd25,1,0.2,6,2881,58a4,True,66,spurious,-1,False,10,25,2.5
bifurc,even_odd,_todd25,1,0.2,3,1abd,2b4,True,36,spurious,-1,False,10,25,2.5
bifurc,even_odd,_todd25,1,0.2,1,1b97,1b95,True,26,correct,1,True,10,25,2.5
bifurc,even_odd,_todd25,1,0.2,1,b95,1b95,True,11,correct,1,True,10,25,2.5
bifurc,even_odd,_todd25,1,0.2,2,1994,58a4,True,46,spurious,-1,False,10,25,2.5
bifurc,even_odd,_todd25,1,0.2,2,3b15,1b95,True,26,correct,1,True,10,25,2.5
bifurc,even_odd,_todd25,1,0.2,5,7b1f,a75b,True,71,spurious,-1,False,10,25,2.5
bifurc,even_odd,_todd25,1,0.2,6,93e7,a6b6,True,46,wrong_pattern,2,False,10,25,2.5
bifurc,even_odd,_todd25,1,0.2,6,8899,5949,True,86,spurious,-1,False,10,25,2.5
bifurc,even_odd,_todd25,1,0.2,2,1b55,395,True,36,spurious,-1,False,10,25,2.5
bifurc,even_odd,_todd25,1,0.2,3,b8d,395,True,51,spurious,-1,False,10,25,2.5
bifurc,even_odd,_todd25,1,0.2,2,139d,395,True,51,spurious,-1,False,10,25,2.5
bifurc,even_odd,_todd25,1,0.2,2,bb95,bf97,True,46,spurious,-1,False,10,25,2.5
bifurc,even_odd,_todd25,1,0.2,1,1a95,58a4,True,71,spurious,-1,False,10,25,2.5
bifurc,even_odd,_todd25,1,0.2,3,18d5,58a4,True,46,spurious,-1,False,10,25,2.5
bifurc,even_odd,_todd25,1,0.2,2,1915,1905,True,11,spurious,-1,False,10,25,2.5
bifurc,even_odd,_todd25,1,0.2,3,19b7,58a4,True,36,spurious,-1,False,10,25,2.5
bifurc,even_odd,_todd25,1,0.2,4,3a05,1b95,True,46,correct,1,True,10,25,2.5
bifurc,even_odd,_todd25,1,0.2,2,9bb5,58a4,True,51,spurious,-1,False,10,25,2.5
bifurc,even_odd,_todd25,1,0.2,5,1ead,58a4,True,26,spurious,-1,False,10,25,2.5
bifurc,even_odd,_todd25,1,0.2,4,1f80,58a4,True,46,spurious,-1,False,10,25,2.5
bifurc,even_odd,_todd25,1,0.2,3,399d,1905,True,36,spurious,-1,False,10,25,2.5
bifurc,even_odd,_todd25,1,0.2,6,1645,359,True,46,spurious,-1,False,10,25,2.5
bifurc,even_odd,_todd25,1,0.2,3,5b87,1905,True,36,spurious,-1,False,10,25,2.5
bifurc,even_odd,_todd25,1,0.2,5,1b29,1905,True,111,spurious,-1,False,10,25,2.5
bifurc,even_odd,_todd25,1,0.2,3,1be5,58a4,True,46,spurious,-1,False,10,25,2.5
bifurc,even_odd,_todd25,1,0.2,2,1e95,58a4,True,71,spurious,-1,False,10,25,2.5
bifurc,even_odd,_todd25,1,0.2,2,3b85,1b95,True,46,correct,1,True,10,25,2.5
bifurc,even_odd,_todd25,1,0.2,7,fed1,fca6,True,36,wrong_pattern,0,False,10,25,2.5
bifurc,even_odd,_todd25,1,0.2,3,7995,1905,True,36,spurious,-1,False,10,25,2.5
bifurc,even_odd,_todd25,1,0.2,3,1f1d,359,True,46,spurious,-1,False,10,25,2.5
bifurc,even_odd,_todd25,1,0.2,3,13c5,395,True,11,spurious,-1,False,10,25,2.5
bifurc,even_odd,_todd25,1,0.2,2,1915,1905,True,11,spurious,-1,False,10,25,2.5
bifurc,even_odd,_todd25,1,0.2,3,f97,1b95,True,46,correct,1,True,10,25,2.5
bifurc,even_odd,_todd25,1,0.2,2,1b8d,395,True,81,spurious,-1,False,10,25,2.5
bifurc,even_odd,_todd25,1,0.2,4,b391,a797,True,46,spurious,-1,False,10,25,2.5
bifurc,even_odd,_todd25,1,0.2,2,3bb5,58a4,True,51,spurious,-1,False,10,25,2.5
bifurc,even_odd,_todd25,1,0.2,3,9bb1,2b4,True,36,spurious,-1,False,10,25,2.5
bifurc,even_odd,_todd25,1,0.2,3,5f94,58a4,True,36,spurious,-1,False,10,25,2.5
bifurc,even_odd,_todd25,1,0.2,3,4bd5,1b95,True,11,correct,1,True,10,25,2.5
bifurc,even_odd,_todd25,1,0.2,1,1b9d,395,True,51,spurious,-1,False,10,25,2.5
bifurc,even_odd,_todd25,1,0.2,4,179c,2b4,True,36,spurious,-1,False,10,25,2.5
bifurc,even_odd,_todd25,1,0.2,3,1215,395,True,46,spurious,-1,False,10,25,2.5
bifurc,even_odd,_todd25,1,0.2,2,1b81,1b95,True,11,correct,1,True,10,25,2.5
bifurc,even_odd,_todd25,1,0.2,5,d305,395,True,91,spurious,-1,False,10,25,2.5
bifurc,even_odd,_todd25,1,0.2,4,1214,2b4,True,81,spurious,-1,False,10,25,2.5
bifurc,even_odd,_todd25,1,0.2,1,1b97,1b95,True,26,correct,1,True,10,25,2.5
bifurc,even_odd,_todd25,1,0.2,5,3b50,315,False,1700,oscillated,-1,False,10,25,2.5
bifurc,even_odd,_todd25,1,0.2,5,717,395,True,46,spurious,-1,False,10,25,2.5
bifurc,even_odd,_todd25,1,0.2,4,396,2b4,True,36,spurious,-1,False,10,25,2.5
bifurc,even_odd,_todd25,1,0.2,1,1395,395,True,11,spurious,-1,False,10,25,2.5
bifurc,even_odd,_todd25,1,0.2,4,5194,58a4,True,96,spurious,-1,False,10,25,2.5
bifurc,even_odd,_todd25,1,0.2,3,1291,2b4,True,36,spurious,-1,False,10,25,2.5
bifurc,even_odd,_todd25,1,0.2,3,1bad,58a4,True,46,spurious,-1,False,10,25,2.5
bifurc,even_odd,_todd25,1,0.2,5,cbf5,58a4,True,56,spurious,-1,False,10,25,2.5
bifurc,even_odd,_todd25,1,0.2,6,17b8,42f8,True,21,spurious,-1,False,10,25,2.5
bifurc,even_odd,_todd25,1,0.2,2,1bc5,1b95,True,11,correct,1,True,10,25,2.5
bifurc,even_odd,_todd25,1,0.2,4,1097,2b4,True,46,spurious,-1,False,10,25,2.5
bifurc,even_odd,_todd25,1,0.2,6,3982,fca6,True,46,wrong_pattern,0,False,10,25,2.5
bifurc,even_odd,_todd25,1,0.2,4,3797,a797,True,46,spurious,-1,False,10,25,2.5
bifurc,even_odd,_todd25,1,0.2,2,1b96,58a4,True,71,spurious,-1,False,10,25,2.5
bifurc,even_odd,_todd25,1,0.2,4,1b18,359,True,36,spurious,-1,False,10,25,2.5
bifurc,even_odd,_todd25,1,0.2,2,1195,395,True,51,spurious,-1,False,10,25,2.5
bifurc,even_odd,_todd25,1,0.2,3,9b5,58a4,True,21,spurious,-1,False,10,25,2.5
bifurc,even_odd,_todd25,1,0.2,5,22b5,2b4,True,26,spurious,-1,False,10,25,2.5
bifurc,even_odd,_todd25,1,0.2,3,19b1,58a4,True,11,spurious,-1,False,10,25,2.5
bifurc,even_odd,_todd25,1,0.2,6,7a98,58a4,True,36,spurious,-1,False,10,25,2.5
bifurc,even_odd,_todd25,1,0.2,1,1b97,1b95,True,26,correct,1,True,10,25,2.5
bifurc,even_odd,_todd25,1,0.2,4,1a07,1b95,True,46,correct,1,True,10,25,2.5
bifurc,even_odd,_todd25,1,0.2,3,3a15,1b95,True,26,correct,1,True,10,25,2.5
bifurc,even_odd,_todd25,1,0.2,5,8b5d,359,True,26,spurious,-1,False,10,25,2.5
bifurc,even_odd,_todd25,2,0.2,4,96f7,a6b6,True,26,correct,2,True,10,25,2.5
bifurc,even_odd,_todd25,2,0.2,3,b6a4,a6b6,True,46,correct,2,True,10,25,2.5
bifurc,even_odd,_todd25,2,0.2,4,c7b2,a6b6,True,36,correct,2,True,10,25,2.5
bifurc,even_odd,_todd25,2,0.2,2,a63e,e6fa,True,36,spurious,-1,False,10,25,2.5
bifurc,even_odd,_todd25,2,0.2,5,a4ce,e6fa,True,36,spurious,-1,False,10,25,2.5
bifurc,even_odd,_todd25,2,0.2,2,a6fe,e6fa,True,21,spurious,-1,False,10,25,2.5
bifurc,even_odd,_todd25,2,0.2,5,379e,a6b6,True,36,correct,2,True,10,25,2.5
bifurc,even_odd,_todd25,2,0.2,5,e41e,a75b,True,46,spurious,-1,False,10,25,2.5
bifurc,even_odd,_todd25,2,0.2,3,a432,e6fa,True,36,spurious,-1,False,10,25,2.5
bifurc,even_odd,_todd25,2,0.2,2,24b6,fca6,True,46,wrong_pattern,0,False,10,25,2.5
bifurc,even_odd,_todd25,2,0.2,2,a69e,a6b6,True,26,correct,2,True,10,25,2.5
bifurc,even_odd,_todd25,2,0.2,5,f23e,e6fa,True,56,spurious,-1,False,10,25,2.5
bifurc,even_odd,_todd25,2,0.2,7,6f84,58a4,True,61,spurious,-1,False,10,25,2.5
bifurc,even_odd,_todd25,2,0.2,1,e6b6,a6b6,True,11,correct,2,True,10,25,2.5
bifurc,even_odd,_todd25,2,0.2,4,aa97,fca6,True,91,wrong_pattern,0,False,10,25,2.5
bifurc,even_odd,_todd25,2,0.2,2,a3b6,a6b6,True,11,correct,2,True,10,25,2.5
bifurc,even_odd,_todd25,2,0.2,3,afb4,fca6,True,56,wrong_pattern,0,False,10,25,2.5
bifurc,even_odd,_todd25,2,0.2,5,96af,a6b6,True,61,correct,2,True,10,25,2.5
bifurc,even_odd,_todd25,2,0.2,3,a635,a6b6,True,61,correct,2,True,10,25,2.5
bifurc,even_odd,_todd25,2,0.2,6,ac1f,fd4b,True,21,spurious,-1,False,10,25,2.5
bifurc,even_odd,_todd25,2,0.2,4,84b0,58a4,True,46,spurious,-1,False,10,25,2.5
bifurc,even_odd,_todd25,2,0.2,3,a732,a6df,False,1700,oscillated,-1,False,10,25,2.5
bifurc,even_odd,_todd25,2,0.2,5,86a1,2b4,True,46,spurious,-1,False,10,25,2.5
bifurc,even_odd,_todd25,2,0.2,9,8b00,359,True,61,spurious,-1,False,10,25,2.5
bifurc,even_odd,_todd25,2,0.2,1,a6b7,a6b6,True,11,correct,2,True,10,25,2.5
bifurc,even_odd,_todd25,2,0.2,1,a6be,a6b6,True,26,correct,2,True,10,25,2.5
bifurc,even_odd,_todd25,2,0.2,5,276,42f8,True,46,spurious,-1,False,10,25,2.5
bifurc,even_odd,_todd25,2,0.2,2,26b4,2b4,True,46,spurious,-1,False,10,25,2.5
bifurc,even_odd,_todd25,2,0.2,2,a694,a6b6,True,26,correct,2,True,10,25,2.5
bifurc,even_odd,_todd25,2,0.2,5,624,2b4,True,26,spurious,-1,False,10,25,2.5
bifurc,even_odd,_todd25,2,0.2,5,6fb7,fca6,True,56,wrong_pattern,0,False,10,25,2.5
bifurc,even_odd,_todd25,2,0.2,5,3232,e6fa,True,46,spurious,-1,False,10,25,2.5
bifurc,even_odd,_todd25,2,0.2,1,a6be,a6b6,True,26,correct,2,True,10,25,2.5
bifurc,even_odd,_todd25,2,0.2,1,aeb6,fca6,True,56,wrong_pattern,0,False,10,25,2.5
bifurc,even_odd,_todd25,2,0.2,3,34b6,fca6,True,46,wrong_pattern,0,False,10,25,2.5
bifurc,even_odd,_todd25,2,0.2,3,27f6,a6b6,True,26,correct,2,True,10,25,2.5
bifurc,even_odd,_todd25,2,0.2,3,26f2,a6b6,True,36,correct,2,True,10,25,2.5
bifurc,even_odd,_todd25,2,0.2,3,b6e6,a6b6,True,21,correct,2,True,10,25,2.5
bifurc,even_odd,_todd25,2,0.2,3,a6d4,a6b6,True,26,correct,2,True,10,25,2.5
bifurc,even_odd,_todd25,2,0.2,1,a6b2,a6b6,True,11,correct,2,True,10,25,2.5
bifurc,even_odd,_todd25,2,0.2,2,a69e,a6b6,True,26,correct,2,True,10,25,2.5
bifurc,even_odd,_todd25,2,0.2,3,87a6,a6b6,True,26,correct,2,True,10,25,2.5
bifurc,even_odd,_todd25,2,0.2,1,a6be,a6b6,True,26,correct,2,True,10,25,2.5
bifurc,even_odd,_todd25,2,0.2,0,a6b6,a6b6,True,0,correct,2,True,10,25,2.5
bifurc,even_odd,_todd25,2,0.2,4,b0f6,fca6,True,46,wrong_pattern,0,False,10,25,2.5
bifurc,even_odd,_todd25,2,0.2,7,94df,a75b,True,86,spurious,-1,False,10,25,2.5
bifurc,even_odd,_todd25,2,0.2,2,a6b0,a6b6,True,26,correct,2,True,10,25,2.5
bifurc,even_odd,_todd25,2,0.2,5,6635,359,True,86,spurious,-1,False,10,25,2.5
bifurc,even_odd,_todd25,2,0.2,3,36b2,a6b6,True,26,correct,2,True,10,25,2.5
bifurc,even_odd,_todd25,2,0.2,5,e433,a75b,True,61,spurious,-1,False,10,25,2.5
bifurc,even_odd,_todd25,2,0.2,3,a6b8,e6fa,True,36,spurious,-1,False,10,25,2.5
bifurc,even_odd,_todd25,2,0.2,7,c70e,a75b,True,36,spurious,-1,False,10,25,2.5
bifurc,even_odd,_todd25,2,0.2,3,a6e4,a6b6,True,26,correct,2,True,10,25,2.5
bifurc,even_odd,_todd25,2,0.2,1,a4b6,fca6,True,46,wrong_pattern,0,False,10,25,2.5
bifurc,even_odd,_todd25,2,0.2,3,a6f5,a6b6,True,26,correct,2,True,10,25,2.5
bifurc,even_odd,_todd25,2,0.2,2,26be,a6b6,True,26,correct,2,True,10,25,2.5
bifurc,even_odd,_todd25,2,0.2,3,a6e7,a6b6,True,11,correct,2,True,10,25,2.5
bifurc,even_odd,_todd25,2,0.2,2,aef6,a6b6,True,36,correct,2,True,10,25,2.5
bifurc,even_odd,_todd25,2,0.2,3,b2a6,a6b6,True,21,correct,2,True,10,25,2.5
bifurc,even_odd,_todd25,2,0.2,3,c6b7,a6b6,True,26,correct,2,True,10,25,2.5
bifurc,even_odd,_todd25,2,0.2,4,2486,fca6,True,51,wrong_pattern,0,False,10,25,2.5
bifurc,even_odd,_todd25,2,0.2,2,86b2,a6b6,True,26,correct,2,True,10,25,2.5
bifurc,even_odd,_todd25,2,0.2,4,ecf6,fca6,True,11,wrong_pattern,0,False,10,25,2.5
bifurc,even_odd,_todd25,2,0.2,1,a6f6,a6b6,True,11,correct,2,True,10,25,2.5
bifurc,even_odd,_todd25,2,0.2,4,9ea6,fca6,True,26,wrong_pattern,0,False,10,25,2.5
bifurc,even_odd,_todd25,2,0.2,4,a0f2,fca6,True,56,wrong_pattern,0,False,10,25,2.5
bifurc,even_odd,_todd25,2,0.2,4,33b6,a6b6,True,46,correct,2,True,10,25,2.5
bifurc,even_odd,_todd25,2,0.2,6,9282,a6b6,True,46,correct,2,True,10,25,2.5
bifurc,even_odd,_todd25,2,0.2,4,e2a4,fca6,True,71,wrong_pattern,0,False,10,25,2.5
bifurc,even_odd,_todd25,2,0.2,2,86a6,a6b6,True,26,correct,2,True,10,25,2.5
bifurc,even_odd,_todd25,2,0.2,3,2ef6,a6b6,True,36,correct,2,True,10,25,2.5
bifurc,even_odd,_todd25,2,0.2,2,aebe,a6b6,True,36,correct,2,True,10,25,2.5
bifurc,even_odd,_todd25,2,0.2,4,2ee6,fca6,True,46,wrong_pattern,0,False,10,25,2.5
bifurc,even_odd,_todd25,2,0.2,2,87b6,a6b6,True,26,correct,2,True,10,25,2.5
bifurc,even_odd,_todd25,2,0.2,5,25ba,e6fa,True,36,spurious,-1,False,10,25,2.5
bifurc,even_odd,_todd25,2,0.2,2,86a6,a6b6,True,26,correct,2,True,10,25,2.5
bifurc,even_odd,_todd25,2,0.2,4,bab2,a6b6,True,36,correct,2,True,10,25,2.5
bifurc,even_odd,_todd25,2,0.2,4,a7f5,a6b6,True,36,correct,2,True,10,25,2.5
bifurc,even_odd,_todd25,2,0.2,4,e624,e6fa,True,41,spurious,-1,False,10,25,2.5
bifurc,even_odd,_todd25,2,0.2,4,60b6,fca6,True,46,wrong_pattern,0,False,10,25,2.5
bifurc,even_odd,_todd25,3,0.2,3,dd03,bd07,True,36,correct,3,True,10,25,2.5
bifurc,even_odd,_todd25,3,0.2,3,fd04,bd07,True,36,correct,3,True,10,25,2.5
bifurc,even_odd,_todd25,3,0.2,3,9d45,1905,True,46,spurious,-1,False,10,25,2.5
bifurc,even_odd,_todd25,3,0.2,7,88f,58a4,True,61,spurious,-1,False,10,25,2.5
bifurc,even_odd,_todd25,3,0.2,2,fd0f,fd4b,True,21,spurious,-1,False,10,25,2.5
bifurc,even_odd,_todd25,3,0.2,6,1845,1905,True,21,spurious,-1,False,10,25,2.5
bifurc,even_odd,_todd25,3,0.2,6,8963,fd4b,True,46,spurious,-1,False,10,25,2.5
bifurc,even_odd,_todd25,3,0.2,2,b587,a797,True,56,spurious,-1,False,10,25,2.5
bifurc,even_odd,_todd25,3,0.2,2,ad06,bd07,True,11,correct,3,True,10,25,2.5
bifurc,even_odd,_todd25,3,0.2,3,390f,bd07,True,46,correct,3,True,10,25,2.5
bifurc,even_odd,_todd25,3,0.2,1,bd47,bd07,True,11,correct,3,True,10,25,2.5
bifurc,even_odd,_todd25,3,0.2,3,f517,bd07,True,36,correct,3,True,10,25,2.5
bifurc,even_odd,_todd25,3,0.2,3,ad85,bd07,True,56,correct,3,True,10,25,2.5
bifurc,even_odd,_todd25,3,0.2,5,cd1f,fd4b,True,46,spurious,-1,False,10,25,2.5
bifurc,even_odd,_todd25,3,0.2,2,b503,a75b,True,46,spurious,-1,False,10,25,2.5
bifurc,even_odd,_todd25,3,0.2,3,bc26,fca6,True,26,wrong_pattern,0,False,10,25,2.5
bifurc,even_odd,_todd25,3,0.2,2,a907,bd07,True,11,correct,3,True,10,25,2.5
bifurc,even_odd,_todd25,3,0.2,4,9d55,1905,True,46,spurious,-1,False,10,25,2.5
bifurc,even_odd,_todd25,3,0.2,3,ad86,fca6,True,66,wrong_pattern,0,False,10,25,2.5
bifurc,even_odd,_todd25,3,0.2,3,f547,fd4b,True,71,spurious,-1,False,10,25,2.5
bifurc,even_odd,_todd25,3,0.2,2,b503,a75b,True,46,spurious,-1,False,10,25,2.5
bifurc,even_odd,_todd25,3,0.2,4,bf2d,a797,True,46,spurious,-1,False,10,25,2.5
bifurc,even_odd,_todd25,3,0.2,2,bc05,bd07,True,26,correct,3,True,10,25,2.5
bifurc,even_odd,_todd25,3,0.2,6,fccd,fd22,False,1700,oscillated,-1,False,10,25,2.5
bifurc,even_odd,_todd25,3,0.2,4,e506,a75b,True,56,spurious,-1,False,10,25,2.5
bifurc,even_odd,_todd25,3,0.2,4,9d12,bd07,True,46,correct,3,True,10,25,2.5
bifurc,even_odd,_todd25,3,0.2,2,fd05,bd07,True,26,correct,3,True,10,25,2.5
bifurc,even_odd,_todd25,3,0.2,3,1d17,1905,True,46,spurious,-1,False,10,25,2.5
bifurc,even_odd,_todd25,3,0.2,5,1b47,1b95,True,46,wrong_pattern,1,False,10,25,2.5
bifurc,even_odd,_todd25,3,0.2,3,be87,fca6,True,61,wrong_pattern,0,False,10,25,2.5
bifurc,even_odd,_todd25,3,0.2,5,f113,a75b,True,46,spurious,-1,False,10,25,2.5
bifurc,even_odd,_todd25,3,0.2,5,b34f,a75b,True,11,spurious,-1,False,10,25,2.5
bifurc,even_odd,_todd25,3,0.2,1,b507,bd07,True,26,correct,3,True,10,25,2.5
bifurc,even_odd,_todd25,3,0.2,5,e901,bd07,True,46,correct,3,True,10,25,2.5
bifurc,even_odd,_todd25,3,0.2,2,9d03,bd07,True,26,correct,3,True,10,25,2.5
bifurc,even_odd,_todd25,3,0.2,4,ff45,bd07,True,36,correct,3,True,10,25,2.5
bifurc,even_odd,_todd25,3,0.2,3,b50b,a75b,True,46,spurious,-1,False,10,25,2.5
bifurc,even_odd,_todd25,3,0.2,4,b536,fca6,True,96,wrong_pattern,0,False,10,25,2.5
bifurc,even_odd,_todd25,3,0.2,1,bd17,bd07,True,11,correct,3,True,10,25,2.5
bifurc,even_odd,_todd25,3,0.2,5,3596,a6b6,True,46,wrong_pattern,2,False,10,25,2.5
bifurc,even_odd,_todd25,3,0.2,3,ba07,bf97,True,46,spurious,-1,False,10,25,2.5
bifurc,even_odd,_todd25,3,0.2,4,a847,bd07,True,21,correct,3,True,10,25,2.5
bifurc,even_odd,_todd25,3,0.2,2,b547,a75b,True,46,spurious,-1,False,10,25,2.5
bifurc,even_odd,_todd25,3,0.2,2,9d03,bd07,True,26,correct,3,True,10,25,2.5
bifurc,even_odd,_todd25,3,0.2,2,b107,bd07,True,26,correct,3,True,10,25,2.5
bifurc,even_odd,_todd25,3,0.2,3,bc97,fca6,True,46,wrong_pattern,0,False,10,25,2.5
bifurc,even_odd,_todd25,3,0.2,4,b44f,a75b,True,56,spurious,-1,False,10,25,2.5
bifurc,even_odd,_todd25,3,0.2,6,f7a3,a6b6,True,11,wrong_pattern,2,False,10,25,2.5
bifurc,even_odd,_todd25,3,0.2,3,9587,a797,True,56,spurious,-1,False,10,25,2.5
bifurc,even_odd,_todd25,3,0.2,3,ad67,bd07,True,56,correct,3,True,10,25,2.5
bifurc,even_odd,_todd25,3,0.2,4,be0b,fd4b,True,51,spurious,-1,False,10,25,2.5
bifurc,even_odd,_todd25,3,0.2,4,7c06,bd07,True,56,correct,3,True,10,25,2.5
bifurc,even_odd,_todd25,3,0.2,2,bd15,bd07,True,46,correct,3,True,10,25,2.5
bifurc,even_odd,_todd25,3,0.2,2,a507,bf97,True,56,spurious,-1,False,10,25,2.5
bifurc,even_odd,_todd25,3,0.2,3,b406,bd07,True,56,correct,3,True,10,25,2.5
bifurc,even_odd,_todd25,3,0.2,3,b805,bd07,True,46,correct,3,True,10,25,2.5
bifurc,even_odd,_todd25,3,0.2,4,b047,a75b,True,46,spurious,-1,False,10,25,2.5
bifurc,even_odd,_todd25,3,0.2,5,b91c,bd07,True,46,correct,3,True,10,25,2.5
bifurc,even_odd,_todd25,3,0.2,3,3517,bf97,True,51,spurious,-1,False,10,25,2.5
bifurc,even_odd,_todd25,3,0.2,2,bd57,bd07,True,11,correct,3,True,10,25,2.5
bifurc,even_odd,_todd25,3,0.2,1,bc07,bd07,True,11,correct,3,True,10,25,2.5
bifurc,even_odd,_todd25,3,0.2,4,bd52,bd07,True,21,correct,3,True,10,25,2.5
bifurc,even_odd,_todd25,3,0.2,4,1903,1905,True,26,spurious,-1,False,10,25,2.5
bifurc,even_odd,_todd25,3,0.2,2,bd0e,fd4b,True,51,spurious,-1,False,10,25,2.5
bifurc,even_odd,_todd25,3,0.2,3,b567,a75b,True,46,spurious,-1,False,10,25,2.5
bifurc,even_odd,_todd25,3,0.2,4,1da7,58a4,True,46,spurious,-1,False,10,25,2.5
bifurc,even_odd,_todd25,3,0.2,3,f707,a797,True,91,spurious,-1,False,10,25,2.5
bifurc,even_odd,_todd25,3,0.2,2,b707,a797,True,46,spurious,-1,False,10,25,2.5
bifurc,even_odd,_todd25,3,0.2,5,9de6,fca6,True,36,wrong_pattern,0,False,10,25,2.5
bifurc,even_odd,_todd25,3,0.2,1,3d07,bd07,True,26,correct,3,True,10,25,2.5
bifurc,even_odd,_todd25,3,0.2,7,6c0c,5949,True,46,spurious,-1,False,10,25,2.5
bifurc,even_odd,_todd25,3,0.2,4,e707,a75b,True,36,spurious,-1,False,10,25,2.5
bifurc,even_odd,_todd25,3,0.2,3,3d16,bd07,True,46,correct,3,True,10,25,2.5
bifurc,even_odd,_todd25,3,0.2,3,bd24,fca6,True,61,wrong_pattern,0,False,10,25,2.5
bifurc,even_odd,_todd25,3,0.2,4,3c16,bd07,True,46,correct,3,True,10,25,2.5
bifurc,even_odd,_todd25,3,0.2,3,bdb7,fca6,True,21,wrong_pattern,0,False,10,25,2.5
bifurc,even_odd,_todd25,3,0.2,1,b907,bd07,True,11,correct,3,True,10,25,2.5
bifurc,even_odd,_todd25,3,0.2,0,bd07,bd07,True,0,correct,3,True,10,25,2.5
bifurc,even_odd,_todd25,3,0.2,3,9c05,1905,True,46,spurious,-1,False,10,25,2.5
bifurc,even_odd,_todd25,3,0.2,3,3d8f,bd07,True,36,correct,3,True,10,25,2.5
bifurc,even_odd,_todd25,0,0.4,4,dc34,58a4,True,46,spurious,-1,False,10,25,2.5
bifurc,even_odd,_todd25,0,0.4,6,ca87,fca6,True,61,correct,0,True,10,25,2.5
bifurc,even_odd,_todd25,0,0.4,5,7af6,fca6,True,46,correct,0,True,10,25,2.5
bifurc,even_odd,_todd25,0,0.4,3,fc37,fca6,True,61,correct,0,True,10,25,2.5
bifurc,even_odd,_todd25,0,0.4,4,d4aa,fca6,True,36,correct,0,True,10,25,2.5
bifurc,even_odd,_todd25,0,0.4,6,5d8c,58a4,True,86,spurious,-1,False,10,25,2.5
bifurc,even_odd,_todd25,0,0.4,5,b807,bd07,True,11,wrong_pattern,3,False,10,25,2.5
bifurc,even_odd,_todd25,0,0.4,9,b21f,a75b,True,11,spurious,-1,False,10,25,2.5
bifurc,even_odd,_todd25,0,0.4,5,6d82,fca6,True,46,correct,0,True,10,25,2.5
bifurc,even_odd,_todd25,0,0.4,7,b8cb,fca6,True,86,correct,0,True,10,25,2.5
bifurc,even_odd,_todd25,0,0.4,6,6e64,58a4,True,61,spurious,-1,False,10,25,2.5
bifurc,even_odd,_todd25,0,0.4,5,de8f,fca6,True,36,correct,0,True,10,25,2.5
bifurc,even_odd,_todd25,0,0.4,5,d52e,fd4b,True,71,spurious,-1,False,10,25,2.5
bifurc,even_odd,_todd25,0,0.4,8,6af3,fca6,True,46,correct,0,True,10,25,2.5
bifurc,even_odd,_todd25,0,0.4,6,9ce8,58a4,True,46,spurious,-1,False,10,25,2.5
bifurc,even_odd,_todd25,0,0.4,7,a481,a6b6,True,46,wrong_pattern,2,False,10,25,2.5
bifurc,even_odd,_todd25,0,0.4,7,ccda,fc6a,True,46,spurious,-1,False,10,25,2.5
bifurc,even_odd,_todd25,0,0.4,6,703e,fcea,False,1700,oscillated,-1,False,10,25,2.5
bifurc,even_odd,_todd25,0,0.4,5,df66,fc8b,False,1700,oscillated,-1,False,10,25,2.5
bifurc,even_odd,_todd25,0,0.4,9,4693,2b4,True,46,spurious,-1,False,10,25,2.5
bifurc,even_odd,_todd25,0,0.4,8,1f25,1b95,True,46,wrong_pattern,1,False,10,25,2.5
bifurc,even_odd,_todd25,0,0.4,8,7b2b,fd4b,True,46,spurious,-1,False,10,25,2.5
bifurc,even_odd,_todd25,0,0.4,6,64e3,fca6,True,56,correct,0,True,10,25,2.5
bifurc,even_odd,_todd25,0,0.4,3,bc8e,fca6,True,36,correct,0,True,10,25,2.5
bifurc,even_odd,_todd25,0,0.4,4,f527,bd07,True,36,wrong_pattern,3,False,10,25,2.5
bifurc,even_odd,_todd25,0,0.4,2,fca5,fca6,True,26,correct,0,True,10,25,2.5
bifurc,even_odd,_todd25,0,0.4,5,b984,fca6,True,46,correct,0,True,10,25,2.5
bifurc,even_odd,_todd25,0,0.4,9,c730,359,True,86,spurious,-1,False,10,25,2.5
bifurc,even_odd,_todd25,0,0.4,6,98e5,58a4,True,36,spurious,-1,False,10,25,2.5
bifurc,even_odd,_todd25,0,0.4,8,754c,5949,True,71,spurious,-1,False,10,25,2.5
bifurc,even_odd,_todd25,0,0.4,5,b825,fca6,True,61,correct,0,True,10,25,2.5
bifurc,even_odd,_todd25,0,0.4,7,a1e7,fca6,True,101,correct,0,True,10,25,2.5
bifurc,even_odd,_todd25,0,0.4,7,958a,a75b,True,86,spurious,-1,False,10,25,2.5
bifurc,even_odd,_todd25,0,0.4,9,307c,4068,True,46,spurious,-1,False,10,25,2.5
bifurc,even_odd,_todd25,0,0.4,4,d0a7,fca6,True,46,correct,0,True,10,25,2.5
bifurc,even_odd,_todd25,0,0.4,4,fe2c,fca6,True,61,correct,0,True,10,25,2.5
bifurc,even_odd,_todd25,0,0.4,5,ff16,bd07,True,36,wrong_pattern,3,False,10,25,2.5
bifurc,even_odd,_todd25,0,0.4,7,8ee,58a4,True,46,spurious,-1,False,10,25,2.5
bifurc,even_odd,_todd25,0,0.4,7,6c89,5964,False,1700,oscillated,-1,False,10,25,2.5
bifurc,even_odd,_todd25,0,0.4,8,9a03,bf97,True,46,spurious,-1,False,10,25,2.5
bifurc,even_odd,_todd25,0,0.4,7,a828,fc6a,True,46,spurious,-1,False,10,25,2.5
bifurc,even_odd,_todd25,0,0.4,6,f44c,fd4b,True,36,spurious,-1,False,10,25,2.5
bifurc,even_odd,_todd25,0,0.4,6,5db0,58a4,True,11,spurious,-1,False,10,25,2.5
bifurc,even_odd,_todd25,0,0.4,7,1d94,58a4,True,46,spurious,-1,False,10,25,2.5
bifurc,even_odd,_todd25,0,0.4,6,a587,a797,True,56,spurious,-1,False,10,25,2.5
bifurc,even_odd,_todd25,0,0.4,11,4231,359,True,86,spurious,-1,False,10,25,2.5
bifurc,even_odd,_todd25,0,0.4,5,8cb2,fca6,True,46,correct,0,True,10,25,2.5
bifurc,even_odd,_todd25,0,0.4,6,ef67,bf97,True,91,spurious,-1,False,10,25,2.5
bifurc,even_odd,_todd25,0,0.4,6,bdcf,bd07,True,36,wrong_pattern,3,False,10,25,2.5
bifurc,even_odd,_todd25,0,0.4,5,d4a8,58a4,True,46,spurious,-1,False,10,25,2.5
bifurc,even_odd,_todd25,0,0.4,5,dee5,58a4,True,46,spurious,-1,False,10,25,2.5
bifurc,even_odd,_todd25,0,0.4,6,2d66,fd4b,True,51,spurious,-1,False,10,25,2.5
bifurc,even_odd,_todd25,0,0.4,7,3d88,58a4,True,86,spurious,-1,False,10,25,2.5
bifurc,even_odd,_todd25,0,0.4,9,4f12,1b95,True,91,wrong_pattern,1,False,10,25,2.5
bifurc,even_odd,_todd25,0,0.4,5,fb22,fccf,False,1700,oscillated,-1,False,10,25,2.5
bifurc,even_odd,_todd25,0,0.4,7,f1d7,bf97,True,51,spurious,-1,False,10,25,2.5
bifurc,even_odd,_todd25,0,0.4,6,de2b,fd4b,True,46,spurious,-1,False,10,25,2.5
bifurc,even_odd,_todd25,0,0.4,5,78c7,fca6,True,46,correct,0,True,10,25,2.5
bifurc,even_odd,_todd25,0,0.4,7,6aa8,58a4,True,36,spurious,-1,False,10,25,2.5
bifurc,even_odd,_todd25,0,0.4,7,72ab,a6b6,True,116,wrong_pattern,2,False,10,25,2.5
bifurc,even_odd,_todd25,0,0.4,6,d28e,fca6,True,121,correct,0,True,10,25,2.5
bifurc,even_odd,_todd25,0,0.4,5,9c34,58a4,True,46,spurious,-1,False,10,25,2.5
bifurc,even_odd,_todd25,0,0.4,9,e05c,a75b,True,46,spurious,-1,False,10,25,2.5
bifurc,even_odd,_todd25,0,0.4,7,d542,fd4b,True,36,spurious,-1,False,10,25,2.5
bifurc,even_odd,_todd25,0,0.4,6,5dea,5868,True,46,spurious,-1,False,10,25,2.5
bifurc,even_odd,_todd25,0,0.4,7,f2cc,e6fa,True,91,spurious,-1,False,10,25,2.5
bifurc,even_odd,_todd25,0,0.4,8,80f4,58a4,True,46,spurious,-1,False,10,25,2.5
bifurc,even_odd,_todd25,0,0.4,8,95c5,395,True,81,spurious,-1,False,10,25,2.5
bifurc,even_odd,_todd25,0,0.4,7,b3b7,a6b6,True,11,wrong_pattern,2,False,10,25,2.5
bifurc,even_odd,_todd25,0,0.4,5,d726,a6b6,True,91,wrong_pattern,2,False,10,25,2.5
bifurc,even_odd,_todd25,0,0.4,8,d7f0,2b4,True,46,spurious,-1,False,10,25,2.5
bifurc,even_odd,_todd25,0,0.4,11,3079,359,True,61,spurious,-1,False,10,25,2.5
bifurc,even_odd,_todd25,0,0.4,6,3fa3,fca6,True,46,correct,0,True,10,25,2.5
bifurc,even_odd,_todd25,0,0.4,9,33ce,e6fa,True,71,spurious,-1,False,10,25,2.5
bifurc,even_odd,_todd25,0,0.4,7,5c4c,5949,True,11,spurious,-1,False,10,25,2.5
bifurc,even_odd,_todd25,0,0.4,4,d1a6,fca6,True,46,correct,0,True,10,25,2.5
bifurc,even_odd,_todd25,0,0.4,6,94ec,4068,True,91,spurious,-1,False,10,25,2.5
bifurc,even_odd,_todd25,0,0.4,6,b59e,a6b6,True,86,wrong_pattern,2,False,10,25,2.5
bifurc,even_odd,_todd25,0,0.4,8,799d,1905,True,36,spurious,-1,False,10,25,2.5
bifurc,even_odd,_todd25,0,0.4,6,6ce8,5868,True,46,spurious,-1,False,10,25,2.5
bifurc,even_odd,_todd25,1,0.4,9,b152,a75b,True,36,spurious,-1,False,10,25,2.5
bifurc,even_odd,_todd25,1,0.4,7,4b4f,359,True,46,spurious,-1,False,10,25,2.5
bifurc,even_odd,_todd25,1,0.4,7,83fc,42f8,True,51,spurious,-1,False,10,25,2.5
bifurc,even_odd,_todd25,1,0.4,9,fef9,e46a,True,56,spurious,-1,False,10,25,2.5
bifurc,even_odd,_todd25,1,0.4,7,adb4,fca6,True,46,wrong_pattern,0,False,10,25,2.5
bifurc,even_odd,_todd25,1,0.4,5,3980,58a4,True,46,spurious,-1,False,10,25,2.5
bifurc,even_odd,_todd25,1,0.4,7,29e4,58a4,True,36,spurious,-1,False,10,25,2.5
bifurc,even_odd,_todd25,1,0.4,7,ddcd,1905,True,46,spurious,-1,False,10,25,2.5
bifurc,even_odd,_todd25,1,0.4,7,8854,1905,True,46,spurious,-1,False,10,25,2.5
bifurc,even_odd,_todd25,1,0.4,7,3d00,1905,True,46,spurious,-1,False,10,25,2.5
bifurc,even_odd,_todd25,1,0.4,7,5d4d,5949,True,11,spurious,-1,False,10,25,2.5
bifurc,even_odd,_todd25,1,0.4,5,9389,359,True,61,spurious,-1,False,10,25,2.5
bifurc,even_odd,_todd25,1,0.4,8,36bb,e6fa,True,36,spurious,-1,False,10,25,2.5
bifurc,even_odd,_todd25,1,0.4,10,22fa,e6fa,True,46,spurious,-1,False,10,25,2.5
bifurc,even_odd,_todd25,1,0.4,5,1c1d,1905,True,46,spurious,-1,False,10,25,2.5
bifurc,even_odd,_todd25,1,0.4,10,f51e,a75b,True,46,spurious,-1,False,10,25,2.5
bifurc,even_odd,_todd25,1,0.4,9,2d20,5949,True,61,spurious,-1,False,10,25,2.5
bifurc,even_odd,_todd25,1,0.4,5,d19d,395,True,51,spurious,-1,False,10,25,2.5
bifurc,even_odd,_todd25,1,0.4,4,5db5,58a4,True,21,spurious,-1,False,10,25,2.5
bifurc,even_odd,_todd25,1,0.4,9,8677,a79a,False,1700,oscillated,-1,False,10,25,2.5
bifurc,even_odd,_todd25,1,0.4,5,5814,1905,True,11,spurious,-1,False,10,25,2.5
bifurc,even_odd,_todd25,1,0.4,6,1cd6,58a4,True,46,spurious,-1,False,10,25,2.5
bifurc,even_odd,_todd25,1,0.4,5,d2d5,2b4,True,46,spurious,-1,False,10,25,2.5
bifurc,even_odd,_todd25,1,0.4,5,18df,58a4,True,86,spurious,-1,False,10,25,2.5
bifurc,even_odd,_todd25,1,0.4,9,356d,359,True,91,spurious,-1,False,10,25,2.5
bifurc,even_odd,_todd25,1,0.4,7,528b,42f8,True,81,spurious,-1,False,10,25,2.5
bifurc,even_odd,_todd25,1,0.4,8,d979,5949,True,26,spurious,-1,False,10,25,2.5
bifurc,even_odd,_todd25,1,0.4,6,5d57,1905,True,46,spurious,-1,False,10,25,2.5
bifurc,even_odd,_todd25,1,0.4,4,3b13,a797,True,71,spurious,-1,False,10,25,2.5
bifurc,even_odd,_todd25,1,0.4,5,5591,1b95,True,51,correct,1,True,10,25,2.5
bifurc,even_odd,_todd25,1,0.4,9,a821,fd4b,True,61,spurious,-1,False,10,25,2.5
bifurc,even_odd,_todd25,1,0.4,5,b381,a797,True,46,spurious,-1,False,10,25,2.5
bifurc,even_odd,_todd25,1,0.4,2,b97,1b95,True,46,correct,1,True,10,25,2.5
bifurc,even_odd,_todd25,1,0.4,6,5b3b,359,True,81,spurious,-1,False,10,25,2.5
bifurc,even_odd,_todd25,1,0.4,5,3bd2,a6b6,True,71,wrong_pattern,2,False,10,25,2.5
bifurc,even_odd,_todd25,1,0.4,6,72c5,2b4,True,46,spurious,-1,False,10,25,2.5
bifurc,even_odd,_todd25,1,0.4,10,ee2d,a75b,True,61,spurious,-1,False,10,25,2.5
bifurc,even_odd,_todd25,1,0.4,9,eeb,42f8,True,46,spurious,-1,False,10,25,2.5
bifurc,even_odd,_todd25,1,0.4,4,da15,1905,True,36,spurious,-1,False,10,25,2.5
bifurc,even_odd,_todd25,1,0.4,2,1b05,1b95,True,46,correct,1,True,10,25,2.5
bifurc,even_odd,_todd25,1,0.4,10,b406,bd07,True,56,wrong_pattern,3,False,10,25,2.5
bifurc,even_odd,_todd25,1,0.4,6,bd84,fca6,True,46,wrong_pattern,0,False,10,25,2.5
bifurc,even_odd,_todd25,1,0.4,7,3a3b,a75b,True,81,spurious,-1,False,10,25,2.5
bifurc,even_odd,_todd25,1,0.4,6,39fc,58a4,True,36,spurious,-1,False,10,25,2.5
bifurc,even_odd,_todd25,1,0.4,7,853,5949,True,81,spurious,-1,False,10,25,2.5
bifurc,even_odd,_todd25,1,0.4,6,d714,395,True,46,spurious,-1,False,10,25,2.5
bifurc,even_odd,_todd25,1,0.4,7,7eb6,fca6,True,26,wrong_pattern,0,False,10,25,2.5
bifurc,even_odd,_todd25,1,0.4,7,22b0,2b4,True,26,spurious,-1,False,10,25,2.5
bifurc,even_odd,_todd25,1,0.4,5,5307,395,True,91,spurious,-1,False,10,25,2.5
bifurc,even_odd,_todd25,1,0.4,6,bdbd,fca6,True,46,wrong_pattern,0,False,10,25,2.5
bifurc,even_odd,_todd25,1,0.4,6,a955,fd4b,True,116,spurious,-1,False,10,25,2.5
bifurc,even_odd,_todd25,1,0.4,7,55bc,58a4,True,36,spurious,-1,False,10,25,2.5
bifurc,even_odd,_todd25,1,0.4,6,5751,359,True,46,spurious,-1,False,10,25,2.5
bifurc,even_odd,_todd25,1,0.4,8,784d,5949,True,26,spurious,-1,False,10,25,2.5
bifurc,even_odd,_todd25,1,0.4,6,fd2,2b4,True,71,spurious,-1,False,10,25,2.5
bifurc,even_odd,_todd25,1,0.4,4,939c,2b4,True,36,spurious,-1,False,10,25,2.5
bifurc,even_odd,_todd25,1,0.4,4,99b7,fca6,True,46,wrong_pattern,0,False,10,25,2.5
bifurc,even_odd,_todd25,1,0.4,7,f7bd,a6b6,True,46,wrong_pattern,2,False,10,25,2.5
bifurc,even_odd,_todd25,1,0.4,8,394b,fd4b,True,46,spurious,-1,False,10,25,2.5
bifurc,even_odd,_todd25,1,0.4,6,5fe7,58a4,True,46,spurious,-1,False,10,25,2.5
bifurc,even_odd,_todd25,1,0.4,8,8a2,58a4,True,46,spurious,-1,False,10,25,2.5
bifurc,even_odd,_todd25,1,0.4,7,f9d0,fca6,True,46,wrong_pattern,0,False,10,25,2.5
bifurc,even_odd,_todd25,1,0.4,5,d2b5,2b4,True,46,spurious,-1,False,10,25,2.5
bifurc,even_odd,_todd25,1,0.4,4,381,395,True,11,spurious,-1,False,10,25,2.5
bifurc,even_odd,_todd25,1,0.4,4,b195,a797,True,81,spurious,-1,False,10,25,2.5
bifurc,even_odd,_todd25,1,0.4,8,c5f,5949,True,46,spurious,-1,False,10,25,2.5
bifurc,even_odd,_todd25,1,0.4,5,211,359,True,46,spurious,-1,False,10,25,2.5
bifurc,even_odd,_todd25,1,0.4,11,6c40,5949,True,46,spurious,-1,False,10,25,2.5
bifurc,even_odd,_todd25,1,0.4,5,ac1,58a4,True,81,spurious,-1,False,10,25,2.5
bifurc,even_odd,_todd25,1,0.4,4,3a11,395,True,36,spurious,-1,False,10,25,2.5
bifurc,even_odd,_todd25,1,0.4,4,8b55,359,True,36,spurious,-1,False,10,25,2.5
bifurc,even_odd,_todd25,1,0.4,5,7f17,bd07,True,36,wrong_pattern,3,False,10,25,2.5
bifurc,even_odd,_todd25,1,0.4,9,69f2,fca6,True,46,wrong_pattern,0,False,10,25,2.5
bifurc,even_odd,_todd25,1,0.4,6,9fed,58a4,True,46,spurious,-1,False,10,25,2.5
bifurc,even_odd,_todd25,1,0.4,4,4b11,1b95,True,91,correct,1,True,10,25,2.5
bifurc,even_odd,_todd25,1,0.4,7,e31d,a75b,True,46,spurious,-1,False,10,25,2.5
bifurc,even_odd,_todd25,1,0.4,7,a916,bd07,True,11,wrong_pattern,3,False,10,25,2.5
bifurc,even_odd,_todd25,1,0.4,6,1865,1905,True,61,spurious,-1,False,10,25,2.5
bifurc,even_odd,_todd25,1,0.4,6,29b0,58a4,True,46,spurious,-1,False,10,25,2.5
bifurc,even_odd,_todd25,1,0.4,6,5c05,1905,True,11,spurious,-1,False,10,25,2.5
bifurc,even_odd,_todd25,2,0.4,5,b3b3,a6b6,True,11,correct,2,True,10,25,2.5
bifurc,even_odd,_todd25,2,0.4,5,eab0,fca6,True,46,wrong_pattern,0,False,10,25,2.5
bifurc,even_odd,_todd25,2,0.4,7,bcfb,fca6,True,36,wrong_pattern,0,False,10,25,2.5
bifurc,even_odd,_todd25,2,0.4,6,6cbc,58a4,True,46,spurious,-1,False,10,25,2.5
bifurc,even_odd,_todd25,2,0.4,6,23ff,a6b6,True,81,correct,2,True,10,25,2.5
bifurc,even_odd,_todd25,2,0.4,9,459d,359,True,36,spurious,-1,False,10,25,2.5
bifurc,even_odd,_todd25,2,0.4,9,8a51,359,True,26,spurious,-1,False,10,25,2.5
bifurc,even_odd,_todd25,2,0.4,5,ae8a,fca6,True,46,wrong_pattern,0,False,10,25,2.5
bifurc,even_odd,_todd25,2,0.4,5,b7e4,a6b6,True,46,correct,2,True,10,25,2.5
bifurc,even_odd,_todd25,2,0.4,3,86b3,a6b6,True,26,correct,2,True,10,25,2.5
bifurc,even_odd,_todd25,2,0.4,7,af,42f8,True,71,spurious,-1,False,10,25,2.5
bifurc,even_odd,_todd25,2,0.4,9,f289,e6fa,True,81,spurious,-1,False,10,25,2.5
bifurc,even_odd,_todd25,2,0.4,7,b3ad,a6b6,True,46,correct,2,True,10,25,2.5
bifurc,even_odd,_todd25,2,0.4,7,f2d5,a6b6,True,46,correct,2,True,10,25,2.5
bifurc,even_odd,_todd25,2,0.4,8,e1d3,a75b,True,36,spurious,-1,False,10,25,2.5
bifurc,even_odd,_todd25,2,0.4,4,e2a4,fca6,True,71,wrong_pattern,0,False,10,25,2.5
bifurc,even_odd,_todd25,2,0.4,7,57a7,2b4,True,91,spurious,-1,False,10,25,2.5
bifurc,even_odd,_todd25,2,0.4,7,7836,fca6,True,46,wrong_pattern,0,False,10,25,2.5
bifurc,even_odd,_todd25,2,0.4,7,8b8e,a6b6,True,46,correct,2,True,10,25,2.5
bifurc,even_odd,_todd25,2,0.4,5,a074,e6fa,True,71,spurious,-1,False,10,25,2.5
bifurc,even_odd,_todd25,2,0.4,4,e617,a75b,True,36,spurious,-1,False,10,25,2.5
bifurc,even_odd,_todd25,2,0.4,8,1e73,2b4,True,66,spurious,-1,False,10,25,2.5
bifurc,even_odd,_todd25,2,0.4,8,e183,b717,False,1700,oscillated,-1,False,10,25,2.5
bifurc,even_odd,_todd25,2,0.4,3,7b6,2b4,True,46,spurious,-1,False,10,25,2.5
bifurc,even_odd,_todd25,2,0.4,6,c136,fd4b,True,46,spurious,-1,False,10,25,2.5
bifurc,even_odd,_todd25,2,0.4,4,c6d6,a6b6,True,36,correct,2,True,10,25,2.5
bifurc,even_odd,_todd25,2,0.4,2,26a6,a6b6,True,26,correct,2,True,10,25,2.5
bifurc,even_odd,_todd25,2,0.4,11,d100,5949,True,71,spurious,-1,False,10,25,2.5
bifurc,even_odd,_todd25,2,0.4,8,d4ea,e46a,True,46,spurious,-1,False,10,25,2.5
bifurc,even_odd,_todd25,2,0.4,6,680,2b4,True,26,spurious,-1,False,10,25,2.5
bifurc,even_odd,_todd25,2,0.4,7,4a1,58a4,True,46,spurious,-1,False,10,25,2.5
bifurc,even_odd,_todd25,2,0.4,5,af17,bf97,True,46,spurious,-1,False,10,25,2.5
bifurc,even_odd,_todd25,2,0.4,2,a6f7,a6b6,True,11,correct,2,True,10,25,2.5
bifurc,even_odd,_todd25,2,0.4,6,9214,2b4,True,81,spurious,-1,False,10,25,2.5
bifurc,even_odd,_todd25,2,0.4,6,e783,a797,True,21,spurious,-1,False,10,25,2.5
bifurc,even_odd,_todd25,2,0.4,10,1b7f,359,True,36,spurious,-1,False,10,25,2.5
bifurc,even_odd,_todd25,2,0.4,6,bf22,fca6,True,71,wrong_pattern,0,False,10,25,2.5
bifurc,even_odd,_todd25,2,0.4,5,769e,a6b6,True,46,correct,2,True,10,25,2.5
bifurc,even_odd,_todd25,2,0.4,12,5c89,5964,False,1700,oscillated,-1,False,10,25,2.5
bifurc,even_odd,_todd25,2,0.4,8,29c6,fca6,True,66,wrong_pattern,0,False,10,25,2.5
bifurc,even_odd,_todd25,2,0.4,7,4c16,1905,True,91,spurious,-1,False,10,25,2.5
bifurc,even_odd,_todd25,2,0.4,4,a2bd,a6b6,True,46,correct,2,True,10,25,2.5
bifurc,even_odd,_todd25,2,0.4,8,83db,a75b,True,46,spurious,-1,False,10,25,2.5
bifurc,even_odd,_todd25,2,0.4,3,a734,a6b6,True,61,correct,2,True,10,25,2.5
bifurc,even_odd,_todd25,2,0.4,9,897c,5949,True,46,spurious,-1,False,10,25,2.5
bifurc,even_odd,_todd25,2,0.4,9,4ff8,42f8,True,26,spurious,-1,False,10,25,2.5
bifurc,even_odd,_todd25,2,0.4,8,9156,a75b,True,46,spurious,-1,False,10,25,2.5
bifurc,even_odd,_todd25,2,0.4,4,a79c,a6b6,True,36,correct,2,True,10,25,2.5
bifurc,even_odd,_todd25,2,0.4,7,4ed2,58a4,True,46,spurious,-1,False,10,25,2.5
bifurc,even_odd,_todd25,2,0.4,2,b4b6,fca6,True,46,wrong_pattern,0,False,10,25,2.5
bifurc,even_odd,_todd25,2,0.4,7,a305,a797,True,46,spurious,-1,False,10,25,2.5
bifurc,even_odd,_todd25,2,0.4,5,a642,a75b,True,36,spurious,-1,False,10,25,2.5
bifurc,even_odd,_todd25,2,0.4,5,a517,a797,True,51,spurious,-1,False,10,25,2.5
bifurc,even_odd,_todd25,2,0.4,7,34ab,e46a,True,91,spurious,-1,False,10,25,2.5
bifurc,even_odd,_todd25,2,0.4,6,8093,a6b6,True,46,correct,2,True,10,25,2.5
bifurc,even_odd,_todd25,2,0.4,7,31bc,2b4,True,86,spurious,-1,False,10,25,2.5
bifurc,even_odd,_todd25,2,0.4,7,60b1,2b4,True,51,spurious,-1,False,10,25,2.5
bifurc,even_odd,_todd25,2,0.4,10,5b3c,359,True,106,spurious,-1,False,10,25,2.5
bifurc,even_odd,_todd25,2,0.4,5,656,359,True,46,spurious,-1,False,10,25,2.5
bifurc,even_odd,_todd25,2,0.4,5,f36,58a4,True,126,spurious,-1,False,10,25,2.5
bifurc,even_odd,_todd25,2,0.4,4,e297,a6b6,True,36,correct,2,True,10,25,2.5
bifurc,even_odd,_todd25,2,0.4,6,ac1a,fd4b,True,11,spurious,-1,False,10,25,2.5
bifurc,even_odd,_todd25,2,0.4,3,97b6,a6b6,True,46,correct,2,True,10,25,2.5
bifurc,even_odd,_todd25,2,0.4,3,a624,a6b6,True,26,correct,2,True,10,25,2.5
bifurc,even_odd,_todd25,2,0.4,6,fc86,fca6,True,26,wrong_pattern,0,False,10,25,2.5
bifurc,even_odd,_todd25,2,0.4,7,ff5,2b4,True,36,spurious,-1,False,10,25,2.5
bifurc,even_odd,_todd25,2,0.4,4,2286,a6b6,True,46,correct,2,True,10,25,2.5
bifurc,even_odd,_todd25,2,0.4,5,b2d2,a6b6,True,36,correct,2,True,10,25,2.5
bifurc,even_odd,_todd25,2,0.4,7,28aa,fca6,True,46,wrong_pattern,0,False,10,25,2.5
bifurc,even_odd,_todd25,2,0.4,6,f4fa,e46a,True,46,spurious,-1,False,10,25,2.5
bifurc,even_odd,_todd25,2,0.4,7,a08d,a6b6,True,86,correct,2,True,10,25,2.5
bifurc,even_odd,_todd25,2,0.4,7,ebd7,bf97,True,11,spurious,-1,False,10,25,2.5
bifurc,even_odd,_todd25,2,0.4,7,9c3a,fca6,True,61,wrong_pattern,0,False,10,25,2.5
bifurc,even_odd,_todd25,2,0.4,4,64b7,fca6,True,51,wrong_pattern,0,False,10,25,2.5
bifurc,even_odd,_todd25,2,0.4,7,31f7,fca6,True,101,wrong_pattern,0,False,10,25,2.5
bifurc,even_odd,_todd25,2,0.4,7,76ef,a6b6,True,116,correct,2,True,10,25,2.5
bifurc,even_odd,_todd25,2,0.4,7,5f96,58a4,True,61,spurious,-1,False,10,25,2.5
bifurc,even_odd,_todd25,2,0.4,5,f5be,fca6,True,36,wrong_pattern,0,False,10,25,2.5
bifurc,even_odd,_todd25,2,0.4,7,3027,fca6,True,61,wrong_pattern,0,False,10,25,2.5
bifurc,even_odd,_todd25,2,0.4,8,4a27,58a4,True,71,spurious,-1,False,10,25,2.5
bifurc,even_odd,_todd25,3,0.4,7,f75e,a75b,True,21,spurious,-1,False,10,25,2.5
bifurc,even_odd,_todd25,3,0.4,5,f137,bd07,True,36,correct,3,True,10,25,2.5
bifurc,even_odd,_todd25,3,0.4,4,b183,a797,True,51,spurious,-1,False,10,25,2.5
bifurc,even_odd,_todd25,3,0.4,7,31e3,fca6,True,46,wrong_pattern,0,False,10,25,2.5
bifurc,even_odd,_todd25,3,0.4,6,39c4,58a4,True,46,spurious,-1,False,10,25,2.5
bifurc,even_odd,_todd25,3,0.4,5,8d63,fd4b,True,46,spurious,-1,False,10,25,2.5
bifurc,even_odd,_todd25,3,0.4,7,89ce,fd4b,True,86,spurious,-1,False,10,25,2.5
bifurc,even_odd,_todd25,3,0.4,6,9a46,fca6,True,71,wrong_pattern,0,False,10,25,2.5
bifurc,even_odd,_todd25,3,0.4,7,88b7,fca6,True,46,wrong_pattern,0,False,10,25,2.5
bifurc,even_odd,_todd25,3,0.4,7,344c,359,True,76,spurious,-1,False,10,25,2.5
bifurc,even_odd,_todd25,3,0.4,6,9026,fca6,True,46,wrong_pattern,0,False,10,25,2.5
bifurc,even_odd,_todd25,3,0.4,7,7853,fd4b,True,46,spurious,-1,False,10,25,2.5
bifurc,even_odd,_todd25,3,0.4,8,c9cd,1905,True,46,spurious,-1,False,10,25,2.5
bifurc,even_odd,_todd25,3,0.4,7,7d48,5949,True,46,spurious,-1,False,10,25,2.5
bifurc,even_odd,_todd25,3,0.4,10,fbc,2b4,True,36,spurious,-1,False,10,25,2.5
bifurc,even_odd,_todd25,3,0.4,5,b133,a75b,True,36,spurious,-1,False,10,25,2.5
bifurc,even_odd,_todd25,3,0.4,7,b7e1,a6b6,True,46,wrong_pattern,2,False,10,25,2.5
bifurc,even_odd,_todd25,3,0.4,5,f785,bf97,True,36,spurious,-1,False,10,25,2.5
bifurc,even_odd,_todd25,3,0.4,5,9b86,fca6,True,61,wrong_pattern,0,False,10,25,2.5
bifurc,even_odd,_todd25,3,0.4,6,ac9d,fca6,True,96,wrong_pattern,0,False,10,25,2.5
bifurc,even_odd,_todd25,3,0.4,5,dd2b,fd4b,True,26,spurious,-1,False,10,25,2.5
bifurc,even_odd,_todd25,3,0.4,7,a014,a6b6,True,96,wrong_pattern,2,False,10,25,2.5
bifurc,even_odd,_todd25,3,0.4,8,80cf,a75b,True,61,spurious,-1,False,10,25,2.5
bifurc,even_odd,_todd25,3,0.4,9,1dfc,58a4,True,36,spurious,-1,False,10,25,2.5
bifurc,even_odd,_todd25,3,0.4,6,fd69,fd4b,True,26,spurious,-1,False,10,25,2.5
bifurc,even_odd,_todd25,3,0.4,8,e96c,fd4b,True,46,spurious,-1,False,10,25,2.5
bifurc,even_odd,_todd25,3,0.4,9,29e9,5868,True,46,spurious,-1,False,10,25,2.5
bifurc,even_odd,_todd25,3,0.4,6,945,1905,True,21,spurious,-1,False,10,25,2.5
bifurc,even_odd,_todd25,3,0.4,2,bd15,bd07,True,46,correct,3,True,10,25,2.5
bifurc,even_odd,_todd25,3,0.4,7,f1a1,fca6,True,46,wrong_pattern,0,False,10,25,2.5
bifurc,even_odd,_todd25,3,0.4,4,7c17,bd07,True,36,correct,3,True,10,25,2.5
bifurc,even_odd,_todd25,3,0.4,10,c6e6,e6fa,True,76,spurious,-1,False,10,25,2.5
bifurc,even_odd,_todd25,3,0.4,6,f8af,fca6,True,26,wrong_pattern,0,False,10,25,2.5
bifurc,even_odd,_todd25,3,0.4,5,7597,bf97,True,26,spurious,-1,False,10,25,2.5
bifurc,even_odd,_todd25,3,0.4,5,d127,bd07,True,46,correct,3,True,10,25,2.5
bifurc,even_odd,_todd25,3,0.4,7,551d,359,True,46,spurious,-1,False,10,25,2.5
bifurc,even_odd,_todd25,3,0.4,8,35fb,a75b,True,106,spurious,-1,False,10,25,2.5
bifurc,even_odd,_todd25,3,0.4,7,d08,5949,True,11,spurious,-1,False,10,25,2.5
bifurc,even_odd,_todd25,3,0.4,7,71e7,fca6,True,46,wrong_pattern,0,False,10,25,2.5
bifurc,even_odd,_todd25,3,0.4,4,bea7,fca6,True,26,wrong_pattern,0,False,10,25,2.5
bifurc,even_odd,_todd25,3,0.4,7,5723,359,True,61,spurious,-1,False,10,25,2.5
bifurc,even_odd,_todd25,3,0.4,8,c52,5949,True,46,spurious,-1,False,10,25,2.5
bifurc,even_odd,_todd25,3,0.4,7,957d,359,True,46,spurious,-1,False,10,25,2.5
bifurc,even_odd,_todd25,3,0.4,8,196c,5949,True,36,spurious,-1,False,10,25,2.5
bifurc,even_odd,_todd25,3,0.4,10,e374,a75b,True,86,spurious,-1,False,10,25,2.5
bifurc,even_odd,_todd25,3,0.4,5,e90e,fd4b,True,21,spurious,-1,False,10,25,2.5
bifurc,even_odd,_todd25,3,0.4,3,a50f,a75b,True,36,spurious,-1,False,10,25,2.5
bifurc,even_odd,_todd25,3,0.4,7,e896,fca6,True,36,wrong_pattern,0,False,10,25,2.5
bifurc,even_odd,_todd25,3,0.4,8,5f61,5949,True,26,spurious,-1,False,10,25,2.5
bifurc,even_odd,_todd25,3,0.4,7,90e7,fca6,True,46,wrong_pattern,0,False,10,25,2.5
bifurc,even_odd,_todd25,3,0.4,4,a705,a797,True,36,spurious,-1,False,10,25,2.5
bifurc,even_odd,_todd25,3,0.4,4,b577,a75b,True,36,spurious,-1,False,10,25,2.5
bifurc,even_odd,_todd25,3,0.4,9,5044,5949,True,46,spurious,-1,False,10,25,2.5
bifurc,even_odd,_todd25,3,0.4,6,d816,bd07,True,91,correct,3,True,10,25,2.5
bifurc,even_odd,_todd25,3,0.4,7,aea1,fca6,True,46,wrong_pattern,0,False,10,25,2.5
bifurc,even_odd,_todd25,3,0.4,10,4129,5949,True,36,spurious,-1,False,10,25,2.5
bifurc,even_odd,_todd25,3,0.4,5,8cc7,fca6,True,66,wrong_pattern,0,False,10,25,2.5
bifurc,even_odd,_todd25,3,0.4,6,852b,a75b,True,26,spurious,-1,False,10,25,2.5
bifurc,even_odd,_todd25,3,0.4,11,4e9,42f8,True,36,spurious,-1,False,10,25,2.5
bifurc,even_odd,_todd25,3,0.4,6,ec0c,fd4b,True,46,spurious,-1,False,10,25,2.5
bifurc,even_odd,_todd25,3,0.4,9,542a,5868,True,71,spurious,-1,False,10,25,2.5
bifurc,even_odd,_todd25,3,0.4,5,bcbf,fca6,True,36,wrong_pattern,0,False,10,25,2.5
bifurc,even_odd,_todd25,3,0.4,9,c1e3,fca6,True,91,wrong_pattern,0,False,10,25,2.5
bifurc,even_odd,_todd25,3,0.4,4,af46,a75b,True,61,spurious,-1,False,10,25,2.5
bifurc,even_odd,_todd25,3,0.4,6,a742,a75b,True,26,spurious,-1,False,10,25,2.5
bifurc,even_odd,_todd25,3,0.4,6,38c5,58a4,True,46,spurious,-1,False,10,25,2.5
bifurc,even_odd,_todd25,3,0.4,9,8362,a75b,True,61,spurious,-1,False,10,25,2.5
bifurc,even_odd,_todd25,3,0.4,4,ed23,bd07,True,41,correct,3,True,10,25,2.5
bifurc,even_odd,_todd25,3,0.4,5,d986,fca6,True,46,wrong_pattern,0,False,10,25,2.5
bifurc,even_odd,_todd25,3,0.4,7,fcde,fca6,True,51,wrong_pattern,0,False,10,25,2.5
bifurc,even_odd,_todd25,3,0.4,7,b3b5,a6b6,True,46,wrong_pattern,2,False,10,25,2.5
bifurc,even_odd,_todd25,3,0.4,5,b934,fca6,True,71,wrong_pattern,0,False,10,25,2.5
bifurc,even_odd,_todd25,3,0.4,5,1583,395,True,81,spurious,-1,False,10,25,2.5
bifurc,even_odd,_todd25,3,0.4,4,ac2f,fd4b,True,36,spurious,-1,False,10,25,2.5
bifurc,even_odd,_todd25,3,0.4,6,dfa5,58a4,True,46,spurious,-1,False,10,25,2.5
bifurc,even_odd,_todd25,3,0.4,6,2f1e,a75b,True,46,spurious,-1,False,10,25,2.5
bifurc,even_odd,_todd25,3,0.4,7,d441,5949,True,46,spurious,-1,False,10,25,2.5
bifurc,even_odd,_todd25,3,0.4,8,a430,e6fa,True,36,spurious,-1,False,10,25,2.5
bifurc,even_odd,_todd25,3,0.4,3,9903,bd07,True,46,correct,3,True,10,25,2.5
bifurc,even_odd,_todd25,3,0.4,7,14af,4068,True,91,spurious,-1,False,10,25,2.5
