experiment,mode,variant,pat_idx,eta,hamming_in,init_state,result_state,settled,settle_time,outcome,recalled_pat,correct,t_even,t_odd,ratio
universal_osc,even_odd,_todd1,2,0.375,6,1776,a69b,False,740,oscillated,-1,False,10,1,0.1
universal_osc,even_odd,_todd1,1,0.375,6,17de,a633,False,740,oscillated,-1,False,10,1,0.1
universal_osc,even_odd,_todd1,2,0.4375,7,24dd,a732,False,740,oscillated,-1,False,10,1,0.1
universal_osc,even_odd,_todd1,2,0.375,6,3774,a69b,False,740,oscillated,-1,False,10,1,0.1
universal_osc,even_odd,_todd1,1,0.375,6,37dc,a633,False,740,oscillated,-1,False,10,1,0.1
universal_osc,even_odd,_todd1,0,0.375,6,448e,fca6,True,13,correct,0,True,10,1,0.1
universal_osc,even_odd,_todd1,0,0.375,6,4d66,fc8b,False,740,oscillated,-1,False,10,1,0.1
universal_osc,even_odd,_todd1,0,0.3125,5,5d22,fccf,False,740,oscillated,-1,False,10,1,0.1
universal_osc,even_odd,_todd1,0,0.375,6,5d8a,fc67,False,740,oscillated,-1,False,10,1,0.1
universal_osc,even_odd,_todd1,0,0.375,6,648c,fca6,True,13,correct,0,True,10,1,0.1
universal_osc,even_odd,_todd1,2,0.375,6,69b,a776,False,740,oscillated,-1,False,10,1,0.1
universal_osc,even_odd,_todd1,1,0.375,6,6bd3,359,True,13,spurious,-1,False,10,1,0.1
universal_osc,even_odd,_todd1,0,0.3125,5,7867,5988,False,740,oscillated,-1,False,10,1,0.1
universal_osc,even_odd,_todd1,0,0.375,6,7b66,5889,False,740,oscillated,-1,False,10,1,0.1
universal_osc,even_odd,_todd1,0,0.4375,7,7bce,5821,False,740,oscillated,-1,False,10,1,0.1
universal_osc,even_odd,_todd1,0,0.3125,5,7d20,fccf,False,740,oscillated,-1,False,10,1,0.1
universal_osc,even_odd,_todd1,0,0.375,6,7d88,fc67,False,740,oscillated,-1,False,10,1,0.1
universal_osc,even_odd,_todd1,2,0.4375,7,84dd,a732,False,740,oscillated,-1,False,10,1,0.1
universal_osc,even_odd,_todd1,2,0.375,6,8574,a69b,False,740,oscillated,-1,False,10,1,0.1
universal_osc,even_odd,_todd1,2,0.4375,7,85dc,a633,False,740,oscillated,-1,False,10,1,0.1
universal_osc,even_odd,_todd1,1,0.3125,5,8bd3,359,True,3,spurious,-1,False,10,1,0.1
universal_osc,even_odd,_todd1,2,0.375,6,a174,299,False,740,oscillated,-1,False,10,1,0.1
universal_osc,even_odd,_todd1,2,0.375,6,a3dc,231,False,740,oscillated,-1,False,10,1,0.1
universal_osc,even_odd,_todd1,0,0.375,6,c1ae,58a4,True,13,spurious,-1,False,10,1,0.1
universal_osc,even_odd,_todd1,0,0.375,6,c966,5889,False,740,oscillated,-1,False,10,1,0.1
universal_osc,even_odd,_todd1,0,0.4375,7,c9ce,5821,False,740,oscillated,-1,False,10,1,0.1
universal_osc,even_odd,_todd1,0,0.375,6,d8cf,5920,False,740,oscillated,-1,False,10,1,0.1
universal_osc,even_odd,_todd1,0,0.4375,7,dacf,5920,False,740,oscillated,-1,False,10,1,0.1
universal_osc,even_odd,_todd1,0,0.375,6,e1ac,58a4,True,13,spurious,-1,False,10,1,0.1
universal_osc,even_odd,_todd1,0,0.375,6,e964,5889,False,740,oscillated,-1,False,10,1,0.1
universal_osc,even_odd,_todd1,0,0.4375,7,e9cc,5821,False,740,oscillated,-1,False,10,1,0.1
universal_osc,even_odd,_todd1,1,0.375,6,fde,a633,False,740,oscillated,-1,False,10,1,0.1
universal_osc,even_odd,_todd2,2,0.375,6,1776,a69b,False,740,oscillated,-1,False,10,2,0.2
universal_osc,even_odd,_todd2,1,0.375,6,17de,a633,False,740,oscillated,-1,False,10,2,0.2
universal_osc,even_odd,_todd2,2,0.4375,7,24dd,a732,False,740,oscillated,-1,False,10,2,0.2
universal_osc,even_odd,_todd2,2,0.375,6,3774,a69b,False,740,oscillated,-1,False,10,2,0.2
universal_osc,even_odd,_todd2,1,0.375,6,37dc,a633,False,740,oscillated,-1,False,10,2,0.2
universal_osc,even_odd,_todd2,0,0.375,6,448e,fca6,True,15,correct,0,True,10,2,0.2
universal_osc,even_odd,_todd2,0,0.375,6,4d66,fc8b,False,740,oscillated,-1,False,10,2,0.2
universal_osc,even_odd,_todd2,0,0.3125,5,5d22,fccf,False,740,oscillated,-1,False,10,2,0.2
universal_osc,even_odd,_todd2,0,0.375,6,5d8a,fc67,False,740,oscillated,-1,False,10,2,0.2
universal_osc,even_odd,_todd2,0,0.375,6,648c,fca6,True,15,correct,0,True,10,2,0.2
universal_osc,even_odd,_todd2,2,0.375,6,69b,a776,False,740,oscillated,-1,False,10,2,0.2
universal_osc,even_odd,_todd2,1,0.375,6,6bd3,359,True,15,spurious,-1,False,10,2,0.2
universal_osc,even_odd,_todd2,0,0.3125,5,7867,5988,False,740,oscillated,-1,False,10,2,0.2
universal_osc,even_odd,_todd2,0,0.375,6,7b66,5889,False,740,oscillated,-1,False,10,2,0.2
universal_osc,even_odd,_todd2,0,0.4375,7,7bce,5821,False,740,oscillated,-1,False,10,2,0.2
universal_osc,even_odd,_todd2,0,0.3125,5,7d20,fccf,False,740,oscillated,-1,False,10,2,0.2
universal_osc,even_odd,_todd2,0,0.375,6,7d88,fc67,False,740,oscillated,-1,False,10,2,0.2
universal_osc,even_odd,_todd2,2,0.4375,7,84dd,a732,False,740,oscillated,-1,False,10,2,0.2
universal_osc,even_odd,_todd2,2,0.375,6,8574,a69b,False,740,oscillated,-1,False,10,2,0.2
universal_osc,even_odd,_todd2,2,0.4375,7,85dc,a633,False,740,oscillated,-1,False,10,2,0.2
universal_osc,even_odd,_todd2,1,0.3125,5,8bd3,359,True,5,spurious,-1,False,10,2,0.2
universal_osc,even_odd,_todd2,2,0.375,6,a174,299,False,740,oscillated,-1,False,10,2,0.2
universal_osc,even_odd,_todd2,2,0.375,6,a3dc,231,False,740,oscillated,-1,False,10,2,0.2
universal_osc,even_odd,_todd2,0,0.375,6,c1ae,58a4,True,15,spurious,-1,False,10,2,0.2
universal_osc,even_odd,_todd2,0,0.375,6,c966,5889,False,740,oscillated,-1,False,10,2,0.2
universal_osc,even_odd,_todd2,0,0.4375,7,c9ce,5821,False,740,oscillated,-1,False,10,2,0.2
universal_osc,even_odd,_todd2,0,0.375,6,d8cf,5920,False,740,oscillated,-1,False,10,2,0.2
universal_osc,even_odd,_todd2,0,0.4375,7,dacf,5920,False,740,oscillated,-1,False,10,2,0.2
universal_osc,even_odd,_todd2,0,0.375,6,e1ac,58a4,True,15,spurious,-1,False,10,2,0.2
universal_osc,even_odd,_todd2,0,0.375,6,e964,5889,False,740,oscillated,-1,False,10,2,0.2
universal_osc,even_odd,_todd2,0,0.4375,7,e9cc,5821,False,740,oscillated,-1,False,10,2,0.2
universal_osc,even_odd,_todd2,1,0.375,6,fde,a633,False,740,oscillated,-1,False,10,2,0.2
universal_osc,even_odd,_todd3,2,0.375,6,1776,a633,False,740,oscillated,-1,False,10,3,0.3
universal_osc,even_odd,_todd3,1,0.375,6,17de,a69b,False,740,oscillated,-1,False,10,3,0.3
universal_osc,even_odd,_todd3,2,0.4375,7,24dd,a79a,False,740,oscillated,-1,False,10,3,0.3
universal_osc,even_odd,_todd3,2,0.375,6,3774,a633,False,740,oscillated,-1,False,10,3,0.3
universal_osc,even_odd,_todd3,1,0.375,6,37dc,a69b,False,740,oscillated,-1,False,10,3,0.3
universal_osc,even_odd,_todd3,0,0.375,6,448e,fca6,True,17,correct,0,True,10,3,0.3
universal_osc,even_odd,_todd3,0,0.375,6,4d66,fc23,False,740,oscillated,-1,False,10,3,0.3
universal_osc,even_odd,_todd3,0,0.3125,5,5d22,fc67,False,740,oscillated,-1,False,10,3,0.3
universal_osc,even_odd,_todd3,0,0.375,6,5d8a,fccf,False,740,oscillated,-1,False,10,3,0.3
universal_osc,even_odd,_todd3,0,0.375,6,648c,fca6,True,17,correct,0,True,10,3,0.3
universal_osc,even_odd,_todd3,2,0.375,6,69b,a7de,False,740,oscillated,-1,False,10,3,0.3
universal_osc,even_odd,_todd3,1,0.375,6,6bd3,359,True,17,spurious,-1,False,10,3,0.3
universal_osc,even_odd,_todd3,0,0.3125,5,7867,5920,False,740,oscillated,-1,False,10,3,0.3
universal_osc,even_odd,_todd3,0,0.375,6,7b66,5821,False,740,oscillated,-1,False,10,3,0.3
universal_osc,even_odd,_todd3,0,0.4375,7,7bce,5889,False,740,oscillated,-1,False,10,3,0.3
universal_osc,even_odd,_todd3,0,0.3125,5,7d20,fc67,False,740,oscillated,-1,False,10,3,0.3
universal_osc,even_odd,_todd3,0,0.375,6,7d88,fccf,False,740,oscillated,-1,False,10,3,0.3
universal_osc,even_odd,_todd3,2,0.4375,7,84dd,a79a,False,740,oscillated,-1,False,10,3,0.3
universal_osc,even_odd,_todd3,2,0.375,6,8574,a633,False,740,oscillated,-1,False,10,3,0.3
universal_osc,even_odd,_todd3,2,0.4375,7,85dc,a69b,False,740,oscillated,-1,False,10,3,0.3
universal_osc,even_odd,_todd3,1,0.3125,5,8bd3,359,True,7,spurious,-1,False,10,3,0.3
universal_osc,even_odd,_todd3,2,0.375,6,a174,231,False,740,oscillated,-1,False,10,3,0.3
universal_osc,even_odd,_todd3,2,0.375,6,a3dc,299,False,740,oscillated,-1,False,10,3,0.3
universal_osc,even_odd,_todd3,0,0.375,6,c1ae,58a4,True,17,spurious,-1,False,10,3,0.3
universal_osc,even_odd,_todd3,0,0.375,6,c966,5821,False,740,oscillated,-1,False,10,3,0.3
universal_osc,even_odd,_todd3,0,0.4375,7,c9ce,5889,False,740,oscillated,-1,False,10,3,0.3
universal_osc,even_odd,_todd3,0,0.375,6,d8cf,5988,False,740,oscillated,-1,False,10,3,0.3
universal_osc,even_odd,_todd3,0,0.4375,7,dacf,5988,False,740,oscillated,-1,False,10,3,0.3
universal_osc,even_odd,_todd3,0,0.375,6,e1ac,58a4,True,17,spurious,-1,False,10,3,0.3
universal_osc,even_odd,_todd3,0,0.375,6,e964,5821,False,740,oscillated,-1,False,10,3,0.3
universal_osc,even_odd,_todd3,0,0.4375,7,e9cc,5889,False,740,oscillated,-1,False,10,3,0.3
universal_osc,even_odd,_todd3,1,0.375,6,fde,a69b,False,740,oscillated,-1,False,10,3,0.3
universal_osc,even_odd,_todd4,2,0.375,6,1776,a633,False,740,oscillated,-1,False,10,4,0.4
universal_osc,even_odd,_todd4,1,0.375,6,17de,a69b,False,740,oscillated,-1,False,10,4,0.4
universal_osc,even_odd,_todd4,2,0.4375,7,24dd,a79a,False,740,oscillated,-1,False,10,4,0.4
universal_osc,even_odd,_todd4,2,0.375,6,3774,a633,False,740,oscillated,-1,False,10,4,0.4
universal_osc,even_odd,_todd4,1,0.375,6,37dc,a69b,False,740,oscillated,-1,False,10,4,0.4
universal_osc,even_odd,_todd4,0,0.375,6,448e,fca6,True,19,correct,0,True,10,4,0.4
universal_osc,even_odd,_todd4,0,0.375,6,4d66,fc23,False,740,oscillated,-1,False,10,4,0.4
universal_osc,even_odd,_todd4,0,0.3125,5,5d22,fc67,False,740,oscillated,-1,False,10,4,0.4
universal_osc,even_odd,_todd4,0,0.375,6,5d8a,fccf,False,740,oscillated,-1,False,10,4,0.4
universal_osc,even_odd,_todd4,0,0.375,6,648c,fca6,True,19,correct,0,True,10,4,0.4
universal_osc,even_odd,_todd4,2,0.375,6,69b,a7de,False,740,oscillated,-1,False,10,4,0.4
universal_osc,even_odd,_todd4,1,0.375,6,6bd3,359,True,19,spurious,-1,False,10,4,0.4
universal_osc,even_odd,_todd4,0,0.3125,5,7867,5920,False,740,oscillated,-1,False,10,4,0.4
universal_osc,even_odd,_todd4,0,0.375,6,7b66,5821,False,740,oscillated,-1,False,10,4,0.4
universal_osc,even_odd,_todd4,0,0.4375,7,7bce,5889,False,740,oscillated,-1,False,10,4,0.4
universal_osc,even_odd,_todd4,0,0.3125,5,7d20,fc67,False,740,oscillated,-1,False,10,4,0.4
universal_osc,even_odd,_todd4,0,0.375,6,7d88,fccf,False,740,oscillated,-1,False,10,4,0.4
universal_osc,even_odd,_todd4,2,0.4375,7,84dd,a79a,False,740,oscillated,-1,False,10,4,0.4
universal_osc,even_odd,_todd4,2,0.375,6,8574,a633,False,740,oscillated,-1,False,10,4,0.4
universal_osc,even_odd,_todd4,2,0.4375,7,85dc,a69b,False,740,oscillated,-1,False,10,4,0.4
universal_osc,even_odd,_todd4,1,0.3125,5,8bd3,359,True,9,spurious,-1,False,10,4,0.4
universal_osc,even_odd,_todd4,2,0.375,6,a174,231,False,740,oscillated,-1,False,10,4,0.4
universal_osc,even_odd,_todd4,2,0.375,6,a3dc,299,False,740,oscillated,-1,False,10,4,0.4
universal_osc,even_odd,_todd4,0,0.375,6,c1ae,58a4,True,19,spurious,-1,False,10,4,0.4
universal_osc,even_odd,_todd4,0,0.375,6,c966,5821,False,740,oscillated,-1,False,10,4,0.4
universal_osc,even_odd,_todd4,0,0.4375,7,c9ce,5889,False,740,oscillated,-1,False,10,4,0.4
universal_osc,even_odd,_todd4,0,0.375,6,d8cf,5988,False,740,oscillated,-1,False,10,4,0.4
universal_osc,even_odd,_todd4,0,0.4375,7,dacf,5988,False,740,oscillated,-1,False,10,4,0.4
universal_osc,even_odd,_todd4,0,0.375,6,e1ac,58a4,True,19,spurious,-1,False,10,4,0.4
universal_osc,even_odd,_todd4,0,0.375,6,e964,5821,False,740,oscillated,-1,False,10,4,0.4
universal_osc,even_odd,_todd4,0,0.4375,7,e9cc,5889,False,740,oscillated,-1,False,10,4,0.4
universal_osc,even_odd,_todd4,1,0.375,6,fde,a69b,False,740,oscillated,-1,False,10,4,0.4
universal_osc,even_odd,_todd5,2,0.375,6,1776,a69b,False,740,oscillated,-1,False,10,5,0.5
universal_osc,even_odd,_todd5,1,0.375,6,17de,a633,False,740,oscillated,-1,False,10,5,0.5
universal_osc,even_odd,_todd5,2,0.4375,7,24dd,a732,False,740,oscillated,-1,False,10,5,0.5
universal_osc,even_odd,_todd5,2,0.375,6,3774,a69b,False,740,oscillated,-1,False,10,5,0.5
universal_osc,even_odd,_todd5,1,0.375,6,37dc,a633,False,740,oscillated,-1,False,10,5,0.5
universal_osc,even_odd,_todd5,0,0.375,6,448e,fca6,True,21,correct,0,True,10,5,0.5
universal_osc,even_odd,_todd5,0,0.375,6,4d66,fc8b,False,740,oscillated,-1,False,10,5,0.5
universal_osc,even_odd,_todd5,0,0.3125,5,5d22,fccf,False,740,oscillated,-1,False,10,5,0.5
universal_osc,even_odd,_todd5,0,0.375,6,5d8a,fc67,False,740,oscillated,-1,False,10,5,0.5
universal_osc,even_odd,_todd5,0,0.375,6,648c,fca6,True,21,correct,0,True,10,5,0.5
universal_osc,even_odd,_todd5,2,0.375,6,69b,a776,False,740,oscillated,-1,False,10,5,0.5
universal_osc,even_odd,_todd5,1,0.375,6,6bd3,359,True,21,spurious,-1,False,10,5,0.5
universal_osc,even_odd,_todd5,0,0.3125,5,7867,5988,False,740,oscillated,-1,False,10,5,0.5
universal_osc,even_odd,_todd5,0,0.375,6,7b66,5889,False,740,oscillated,-1,False,10,5,0.5
universal_osc,even_odd,_todd5,0,0.4375,7,7bce,5821,False,740,oscillated,-1,False,10,5,0.5
universal_osc,even_odd,_todd5,0,0.3125,5,7d20,fccf,False,740,oscillated,-1,False,10,5,0.5
universal_osc,even_odd,_todd5,0,0.375,6,7d88,fc67,False,740,oscillated,-1,False,10,5,0.5
universal_osc,even_odd,_todd5,2,0.4375,7,84dd,a732,False,740,oscillated,-1,False,10,5,0.5
universal_osc,even_odd,_todd5,2,0.375,6,8574,a69b,False,740,oscillated,-1,False,10,5,0.5
universal_osc,even_odd,_todd5,2,0.4375,7,85dc,a633,False,740,oscillated,-1,False,10,5,0.5
universal_osc,even_odd,_todd5,1,0.3125,5,8bd3,359,True,21,spurious,-1,False,10,5,0.5
universal_osc,even_odd,_todd5,2,0.375,6,a174,299,False,740,oscillated,-1,False,10,5,0.5
universal_osc,even_odd,_todd5,2,0.375,6,a3dc,231,False,740,oscillated,-1,False,10,5,0.5
universal_osc,even_odd,_todd5,0,0.375,6,c1ae,58a4,True,21,spurious,-1,False,10,5,0.5
universal_osc,even_odd,_todd5,0,0.375,6,c966,5889,False,740,oscillated,-1,False,10,5,0.5
universal_osc,even_odd,_todd5,0,0.4375,7,c9ce,5821,False,740,oscillated,-1,False,10,5,0.5
universal_osc,even_odd,_todd5,0,0.375,6,d8cf,5920,False,740,oscillated,-1,False,10,5,0.5
universal_osc,even_odd,_todd5,0,0.4375,7,dacf,5920,False,740,oscillated,-1,False,10,5,0.5
universal_osc,even_odd,_todd5,0,0.375,6,e1ac,58a4,True,21,spurious,-1,False,10,5,0.5
universal_osc,even_odd,_todd5,0,0.375,6,e964,5889,False,740,oscillated,-1,False,10,5,0.5
universal_osc,even_odd,_todd5,0,0.4375,7,e9cc,5821,False,740,oscillated,-1,False,10,5,0.5
universal_osc,even_odd,_todd5,1,0.375,6,fde,a633,False,740,oscillated,-1,False,10,5,0.5
universal_osc,even_odd,_todd6,2,0.375,6,1776,a69b,False,740,oscillated,-1,False,10,6,0.6
universal_osc,even_odd,_todd6,1,0.375,6,17de,a633,False,740,oscillated,-1,False,10,6,0.6
universal_osc,even_odd,_todd6,2,0.4375,7,24dd,a732,False,740,oscillated,-1,False,10,6,0.6
universal_osc,even_odd,_todd6,2,0.375,6,3774,a69b,False,740,oscillated,-1,False,10,6,0.6
universal_osc,even_odd,_todd6,1,0.375,6,37dc,a633,False,740,oscillated,-1,False,10,6,0.6
universal_osc,even_odd,_todd6,0,0.375,6,448e,fca6,True,25,correct,0,True,10,6,0.6
universal_osc,even_odd,_todd6,0,0.375,6,4d66,fc8b,False,740,oscillated,-1,False,10,6,0.6
universal_osc,even_odd,_todd6,0,0.3125,5,5d22,fccf,False,740,oscillated,-1,False,10,6,0.6
universal_osc,even_odd,_todd6,0,0.375,6,5d8a,fc67,False,740,oscillated,-1,False,10,6,0.6
universal_osc,even_odd,_todd6,0,0.375,6,648c,fca6,True,25,correct,0,True,10,6,0.6
universal_osc,even_odd,_todd6,2,0.375,6,69b,a776,False,740,oscillated,-1,False,10,6,0.6
universal_osc,even_odd,_todd6,1,0.375,6,6bd3,359,True,25,spurious,-1,False,10,6,0.6
universal_osc,even_odd,_todd6,0,0.3125,5,7867,5988,False,740,oscillated,-1,False,10,6,0.6
universal_osc,even_odd,_todd6,0,0.375,6,7b66,5889,False,740,oscillated,-1,False,10,6,0.6
universal_osc,even_odd,_todd6,0,0.4375,7,7bce,5821,False,740,oscillated,-1,False,10,6,0.6
universal_osc,even_odd,_todd6,0,0.3125,5,7d20,fccf,False,740,oscillated,-1,False,10,6,0.6
universal_osc,even_odd,_todd6,0,0.375,6,7d88,fc67,False,740,oscillated,-1,False,10,6,0.6
universal_osc,even_odd,_todd6,2,0.4375,7,84dd,a732,False,740,oscillated,-1,False,10,6,0.6
universal_osc,even_odd,_todd6,2,0.375,6,8574,a69b,False,740,oscillated,-1,False,10,6,0.6
universal_osc,even_odd,_todd6,2,0.4375,7,85dc,a633,False,740,oscillated,-1,False,10,6,0.6
universal_osc,even_odd,_todd6,1,0.3125,5,8bd3,359,True,25,spurious,-1,False,10,6,0.6
universal_osc,even_odd,_todd6,2,0.375,6,a174,299,False,740,oscillated,-1,False,10,6,0.6
universal_osc,even_odd,_todd6,2,0.375,6,a3dc,231,False,740,oscillated,-1,False,10,6,0.6
universal_osc,even_odd,_todd6,0,0.375,6,c1ae,58a4,True,25,spurious,-1,False,10,6,0.6
universal_osc,even_odd,_todd6,0,0.375,6,c966,5889,False,740,oscillated,-1,False,10,6,0.6
universal_osc,even_odd,_todd6,0,0.4375,7,c9ce,5821,False,740,oscillated,-1,False,10,6,0.6
universal_osc,even_odd,_todd6,0,0.375,6,d8cf,5920,False,740,oscillated,-1,False,10,6,0.6
universal_osc,even_odd,_todd6,0,0.4375,7,dacf,5920,False,740,oscillated,-1,False,10,6,0.6
universal_osc,even_odd,_todd6,0,0.375,6,e1ac,58a4,True,25,spurious,-1,False,10,6,0.6
universal_osc,even_odd,_todd6,0,0.375,6,e964,5889,False,740,oscillated,-1,False,10,6,0.6
universal_osc,even_odd,_todd6,0,0.4375,7,e9cc,5821,False,740,oscillated,-1,False,10,6,0.6
universal_osc,even_odd,_todd6,1,0.375,6,fde,a633,False,740,oscillated,-1,False,10,6,0.6
universal_osc,even_odd,_todd7,2,0.375,6,1776,a69b,False,740,oscillated,-1,False,10,7,0.7
universal_osc,even_odd,_todd7,1,0.375,6,17de,a633,False,740,oscillated,-1,False,10,7,0.7
universal_osc,even_odd,_todd7,2,0.4375,7,24dd,a732,False,740,oscillated,-1,False,10,7,0.7
universal_osc,even_odd,_todd7,2,0.375,6,3774,a69b,False,740,oscillated,-1,False,10,7,0.7
universal_osc,even_odd,_todd7,1,0.375,6,37dc,a633,False,740,oscillated,-1,False,10,7,0.7
universal_osc,even_odd,_todd7,0,0.375,6,448e,fca6,True,32,correct,0,True,10,7,0.7
universal_osc,even_odd,_todd7,0,0.375,6,4d66,fc8b,False,740,oscillated,-1,False,10,7,0.7
universal_osc,even_odd,_todd7,0,0.3125,5,5d22,fccf,False,740,oscillated,-1,False,10,7,0.7
universal_osc,even_odd,_todd7,0,0.375,6,5d8a,fc67,False,740,oscillated,-1,False,10,7,0.7
universal_osc,even_odd,_todd7,0,0.375,6,648c,fca6,True,32,correct,0,True,10,7,0.7
universal_osc,even_odd,_todd7,2,0.375,6,69b,a776,False,740,oscillated,-1,False,10,7,0.7
universal_osc,even_odd,_todd7,1,0.375,6,6bd3,359,True,32,spurious,-1,False,10,7,0.7
universal_osc,even_odd,_todd7,0,0.3125,5,7867,5988,False,740,oscillated,-1,False,10,7,0.7
universal_osc,even_odd,_todd7,0,0.375,6,7b66,5889,False,740,oscillated,-1,False,10,7,0.7
universal_osc,even_odd,_todd7,0,0.4375,7,7bce,5821,False,740,oscillated,-1,False,10,7,0.7
universal_osc,even_odd,_todd7,0,0.3125,5,7d20,fccf,False,740,oscillated,-1,False,10,7,0.7
universal_osc,even_odd,_todd7,0,0.375,6,7d88,fc67,False,740,oscillated,-1,False,10,7,0.7
universal_osc,even_odd,_todd7,2,0.4375,7,84dd,a732,False,740,oscillated,-1,False,10,7,0.7
universal_osc,even_odd,_todd7,2,0.375,6,8574,a69b,False,740,oscillated,-1,False,10,7,0.7
universal_osc,even_odd,_todd7,2,0.4375,7,85dc,a633,False,740,oscillated,-1,False,10,7,0.7
universal_osc,even_odd,_todd7,1,0.3125,5,8bd3,359,True,32,spurious,-1,False,10,7,0.7
universal_osc,even_odd,_todd7,2,0.375,6,a174,299,False,740,oscillated,-1,False,10,7,0.7
universal_osc,even_odd,_todd7,2,0.375,6,a3dc,231,False,740,oscillated,-1,False,10,7,0.7
universal_osc,even_odd,_todd7,0,0.375,6,c1ae,58a4,True,32,spurious,-1,False,10,7,0.7
universal_osc,even_odd,_todd7,0,0.375,6,c966,5889,False,740,oscillated,-1,False,10,7,0.7
universal_osc,even_odd,_todd7,0,0.4375,7,c9ce,5821,False,740,oscillated,-1,False,10,7,0.7
universal_osc,even_odd,_todd7,0,0.375,6,d8cf,5920,False,740,oscillated,-1,False,10,7,0.7
universal_osc,even_odd,_todd7,0,0.4375,7,dacf,5920,False,740,oscillated,-1,False,10,7,0.7
universal_osc,even_odd,_todd7,0,0.375,6,e1ac,58a4,True,32,spurious,-1,False,10,7,0.7
universal_osc,even_odd,_todd7,0,0.375,6,e964,5889,False,740,oscillated,-1,False,10,7,0.7
universal_osc,even_odd,_todd7,0,0.4375,7,e9cc,5821,False,740,oscillated,-1,False,10,7,0.7
universal_osc,even_odd,_todd7,1,0.375,6,fde,a633,False,740,oscillated,-1,False,10,7,0.7
universal_osc,even_odd,_todd8,2,0.375,6,1776,a633,False,740,oscillated,-1,False,10,8,0.8
universal_osc,even_odd,_todd8,1,0.375,6,17de,a69b,False,740,oscillated,-1,False,10,8,0.8
universal_osc,even_odd,_todd8,2,0.4375,7,24dd,a79a,False,740,oscillated,-1,False,10,8,0.8
universal_osc,even_odd,_todd8,2,0.375,6,3774,a633,False,740,oscillated,-1,False,10,8,0.8
universal_osc,even_odd,_todd8,1,0.375,6,37dc,a69b,False,740,oscillated,-1,False,10,8,0.8
universal_osc,even_odd,_todd8,0,0.375,6,448e,fca6,True,35,correct,0,True,10,8,0.8
universal_osc,even_odd,_todd8,0,0.375,6,4d66,fc23,False,740,oscillated,-1,False,10,8,0.8
universal_osc,even_odd,_todd8,0,0.3125,5,5d22,fc67,False,740,oscillated,-1,False,10,8,0.8
universal_osc,even_odd,_todd8,0,0.375,6,5d8a,fccf,False,740,oscillated,-1,False,10,8,0.8
universal_osc,even_odd,_todd8,0,0.375,6,648c,fca6,True,35,correct,0,True,10,8,0.8
universal_osc,even_odd,_todd8,2,0.375,6,69b,a7de,False,740,oscillated,-1,False,10,8,0.8
universal_osc,even_odd,_todd8,1,0.375,6,6bd3,359,True,35,spurious,-1,False,10,8,0.8
universal_osc,even_odd,_todd8,0,0.3125,5,7867,5920,False,740,oscillated,-1,False,10,8,0.8
universal_osc,even_odd,_todd8,0,0.375,6,7b66,5821,False,740,oscillated,-1,False,10,8,0.8
universal_osc,even_odd,_todd8,0,0.4375,7,7bce,5889,False,740,oscillated,-1,False,10,8,0.8
universal_osc,even_odd,_todd8,0,0.3125,5,7d20,fc67,False,740,oscillated,-1,False,10,8,0.8
universal_osc,even_odd,_todd8,0,0.375,6,7d88,fccf,False,740,oscillated,-1,False,10,8,0.8
universal_osc,even_odd,_todd8,2,0.4375,7,84dd,a79a,False,740,oscillated,-1,False,10,8,0.8
universal_osc,even_odd,_todd8,2,0.375,6,8574,a633,False,740,oscillated,-1,False,10,8,0.8
universal_osc,even_odd,_todd8,2,0.4375,7,85dc,a69b,False,740,oscillated,-1,False,10,8,0.8
universal_osc,even_odd,_todd8,1,0.3125,5,8bd3,359,True,35,spurious,-1,False,10,8,0.8
universal_osc,even_odd,_todd8,2,0.375,6,a174,231,False,740,oscillated,-1,False,10,8,0.8
universal_osc,even_odd,_todd8,2,0.375,6,a3dc,299,False,740,oscillated,-1,False,10,8,0.8
universal_osc,even_odd,_todd8,0,0.375,6,c1ae,58a4,True,35,spurious,-1,False,10,8,0.8
universal_osc,even_odd,_todd8,0,0.375,6,c966,5821,False,740,oscillated,-1,False,10,8,0.8
universal_osc,even_odd,_todd8,0,0.4375,7,c9ce,5889,False,740,oscillated,-1,False,10,8,0.8
universal_osc,even_odd,_todd8,0,0.375,6,d8cf,5988,False,740,oscillated,-1,False,10,8,0.8
universal_osc,even_odd,_todd8,0,0.4375,7,dacf,5988,False,740,oscillated,-1,False,10,8,0.8
universal_osc,even_odd,_todd8,0,0.375,6,e1ac,58a4,True,35,spurious,-1,False,10,8,0.8
universal_osc,even_odd,_todd8,0,0.375,6,e964,5821,False,740,oscillated,-1,False,10,8,0.8
universal_osc,even_odd,_todd8,0,0.4375,7,e9cc,5889,False,740,oscillated,-1,False,10,8,0.8
universal_osc,even_odd,_todd8,1,0.375,6,fde,a69b,False,740,oscillated,-1,False,10,8,0.8
universal_osc,even_odd,_todd9,2,0.375,6,1776,a633,False,740,oscillated,-1,False,10,9,0.9
universal_osc,even_odd,_todd9,1,0.375,6,17de,a69b,False,740,oscillated,-1,False,10,9,0.9
universal_osc,even_odd,_todd9,2,0.4375,7,24dd,a79a,False,740,oscillated,-1,False,10,9,0.9
universal_osc,even_odd,_todd9,2,0.375,6,3774,a633,False,740,oscillated,-1,False,10,9,0.9
universal_osc,even_odd,_todd9,1,0.375,6,37dc,a69b,False,740,oscillated,-1,False,10,9,0.9
universal_osc,even_odd,_todd9,0,0.375,6,448e,fca6,True,38,correct,0,True,10,9,0.9
universal_osc,even_odd,_todd9,0,0.375,6,4d66,fc23,False,740,oscillated,-1,False,10,9,0.9
universal_osc,even_odd,_todd9,0,0.3125,5,5d22,fc67,False,740,oscillated,-1,False,10,9,0.9
universal_osc,even_odd,_todd9,0,0.375,6,5d8a,fccf,False,740,oscillated,-1,False,10,9,0.9
universal_osc,even_odd,_todd9,0,0.375,6,648c,fca6,True,38,correct,0,True,10,9,0.9
universal_osc,even_odd,_todd9,2,0.375,6,69b,a7de,False,740,oscillated,-1,False,10,9,0.9
universal_osc,even_odd,_todd9,1,0.375,6,6bd3,359,True,38,spurious,-1,False,10,9,0.9
universal_osc,even_odd,_todd9,0,0.3125,5,7867,5920,False,740,oscillated,-1,False,10,9,0.9
universal_osc,even_odd,_todd9,0,0.375,6,7b66,5821,False,740,oscillated,-1,False,10,9,0.9
universal_osc,even_odd,_todd9,0,0.4375,7,7bce,5889,False,740,oscillated,-1,False,10,9,0.9
universal_osc,even_odd,_todd9,0,0.3125,5,7d20,fc67,False,740,oscillated,-1,False,10,9,0.9
universal_osc,even_odd,_todd9,0,0.375,6,7d88,fccf,False,740,oscillated,-1,False,10,9,0.9
universal_osc,even_odd,_todd9,2,0.4375,7,84dd,a79a,False,740,oscillated,-1,False,10,9,0.9
universal_osc,even_odd,_todd9,2,0.375,6,8574,a633,False,740,oscillated,-1,False,10,9,0.9
universal_osc,even_odd,_todd9,2,0.4375,7,85dc,a69b,False,740,oscillated,-1,False,10,9,0.9
universal_osc,even_odd,_todd9,1,0.3125,5,8bd3,359,True,38,spurious,-1,False,10,9,0.9
universal_osc,even_odd,_todd9,2,0.375,6,a174,231,False,740,oscillated,-1,False,10,9,0.9
universal_osc,even_odd,_todd9,2,0.375,6,a3dc,299,False,740,oscillated,-1,False,10,9,0.9
universal_osc,even_odd,_todd9,0,0.375,6,c1ae,58a4,True,38,spurious,-1,False,10,9,0.9
universal_osc,even_odd,_todd9,0,0.375,6,c966,5821,False,740,oscillated,-1,False,10,9,0.9
universal_osc,even_odd,_todd9,0,0.4375,7,c9ce,5889,False,740,oscillated,-1,False,10,9,0.9
universal_osc,even_odd,_todd9,0,0.375,6,d8cf,5988,False,740,oscillated,-1,False,10,9,0.9
universal_osc,even_odd,_todd9,0,0.4375,7,dacf,5988,False,740,oscillated,-1,False,10,9,0.9
universal_osc,even_odd,_todd9,0,0.375,6,e1ac,58a4,True,38,spurious,-1,False,10,9,0.9
universal_osc,even_odd,_todd9,0,0.375,6,e964,5821,False,740,oscillated,-1,False,10,9,0.9
universal_osc,even_odd,_todd9,0,0.4375,7,e9cc,5889,False,740,oscillated,-1,False,10,9,0.9
universal_osc,even_odd,_todd9,1,0.375,6,fde,a69b,False,740,oscillated,-1,False,10,9,0.9
universal_osc,even_odd,_todd10,2,0.375,6,1776,a299,False,740,oscillated,-1,False,10,10,1.0
universal_osc,even_odd,_todd10,1,0.375,6,17de,a231,False,740,oscillated,-1,False,10,10,1.0
universal_osc,even_odd,_todd10,2,0.4375,7,24dd,8332,False,740,oscillated,-1,False,10,10,1.0
universal_osc,even_odd,_todd10,2,0.375,6,3774,829b,False,740,oscillated,-1,False,10,10,1.0
universal_osc,even_odd,_todd10,1,0.375,6,37dc,8233,False,740,oscillated,-1,False,10,10,1.0
universal_osc,even_odd,_todd10,0,0.375,6,448e,f8a4,False,740,oscillated,-1,False,10,10,1.0
universal_osc,even_odd,_todd10,0,0.375,6,4d66,f889,False,740,oscillated,-1,False,10,10,1.0
universal_osc,even_odd,_todd10,0,0.3125,5,5d22,f8cd,False,740,oscillated,-1,False,10,10,1.0
universal_osc,even_odd,_todd10,0,0.375,6,5d8a,f865,False,740,oscillated,-1,False,10,10,1.0
universal_osc,even_odd,_todd10,0,0.375,6,648c,d8a6,False,740,oscillated,-1,False,10,10,1.0
universal_osc,even_odd,_todd10,2,0.375,6,69b,a374,False,740,oscillated,-1,False,10,10,1.0
universal_osc,even_odd,_todd10,1,0.375,6,6bd3,8759,False,740,oscillated,-1,False,10,10,1.0
universal_osc,even_odd,_todd10,0,0.3125,5,7867,dd88,False,740,oscillated,-1,False,10,10,1.0
universal_osc,even_odd,_todd10,0,0.375,6,7b66,dc89,False,740,oscillated,-1,False,10,10,1.0
universal_osc,even_odd,_todd10,0,0.4375,7,7bce,dc21,False,740,oscillated,-1,False,10,10,1.0
universal_osc,even_odd,_todd10,0,0.3125,5,7d20,d8cf,False,740,oscillated,-1,False,10,10,1.0
universal_osc,even_odd,_todd10,0,0.375,6,7d88,d867,False,740,oscillated,-1,False,10,10,1.0
universal_osc,even_odd,_todd10,2,0.4375,7,84dd,2332,False,740,oscillated,-1,False,10,10,1.0
universal_osc,even_odd,_todd10,2,0.375,6,8574,229b,False,740,oscillated,-1,False,10,10,1.0
universal_osc,even_odd,_todd10,2,0.4375,7,85dc,2233,False,740,oscillated,-1,False,10,10,1.0
universal_osc,even_odd,_todd10,1,0.3125,5,8bd3,2759,False,740,oscillated,-1,False,10,10,1.0
universal_osc,even_odd,_todd10,2,0.375,6,a174,69b,False,740,oscillated,-1,False,10,10,1.0
universal_osc,even_odd,_todd10,2,0.375,6,a3dc,633,False,740,oscillated,-1,False,10,10,1.0
universal_osc,even_odd,_todd10,0,0.375,6,c1ae,7ca4,False,740,oscillated,-1,False,10,10,1.0
universal_osc,even_odd,_todd10,0,0.375,6,c966,7c89,False,740,oscillated,-1,False,10,10,1.0
universal_osc,even_odd,_todd10,0,0.4375,7,c9ce,7c21,False,740,oscillated,-1,False,10,10,1.0
universal_osc,even_odd,_todd10,0,0.375,6,d8cf,7d20,False,740,oscillated,-1,False,10,10,1.0
universal_osc,even_odd,_todd10,0,0.4375,7,dacf,7d20,False,740,oscillated,-1,False,10,10,1.0
universal_osc,even_odd,_todd10,0,0.375,6,e1ac,5ca6,False,740,oscillated,-1,False,10,10,1.0
universal_osc,even_odd,_todd10,0,0.375,6,e964,5c8b,False,740,oscillated,-1,False,10,10,1.0
universal_osc,even_odd,_todd10,0,0.4375,7,e9cc,5c23,False,740,oscillated,-1,False,10,10,1.0
universal_osc,even_odd,_todd10,1,0.375,6,fde,a231,False,740,oscillated,-1,False,10,10,1.0
universal_osc,even_odd,_todd11,2,0.375,6,1776,3dc,False,804,oscillated,-1,False,10,11,1.1
universal_osc,even_odd,_todd11,1,0.375,6,17de,374,False,804,oscillated,-1,False,10,11,1.1
universal_osc,even_odd,_todd11,2,0.4375,7,24dd,275,False,804,oscillated,-1,False,10,11,1.1
universal_osc,even_odd,_todd11,2,0.375,6,3774,3dc,False,804,oscillated,-1,False,10,11,1.1
universal_osc,even_odd,_todd11,1,0.375,6,37dc,374,False,804,oscillated,-1,False,10,11,1.1
universal_osc,even_odd,_todd11,0,0.375,6,448e,58a4,True,33,spurious,-1,False,10,11,1.1
universal_osc,even_odd,_todd11,0,0.375,6,4d66,59cc,False,804,oscillated,-1,False,10,11,1.1
universal_osc,even_odd,_todd11,0,0.3125,5,5d22,5988,False,804,oscillated,-1,False,10,11,1.1
universal_osc,even_odd,_todd11,0,0.375,6,5d8a,5920,False,804,oscillated,-1,False,10,11,1.1
universal_osc,even_odd,_todd11,0,0.375,6,648c,58a4,True,33,spurious,-1,False,10,11,1.1
universal_osc,even_odd,_todd11,2,0.375,6,69b,231,False,804,oscillated,-1,False,10,11,1.1
universal_osc,even_odd,_todd11,1,0.375,6,6bd3,a75b,True,33,spurious,-1,False,10,11,1.1
universal_osc,even_odd,_todd11,0,0.3125,5,7867,fccf,False,804,oscillated,-1,False,10,11,1.1
universal_osc,even_odd,_todd11,0,0.375,6,7b66,fdce,False,804,oscillated,-1,False,10,11,1.1
universal_osc,even_odd,_todd11,0,0.4375,7,7bce,fd66,False,804,oscillated,-1,False,10,11,1.1
universal_osc,even_odd,_todd11,0,0.3125,5,7d20,5988,False,804,oscillated,-1,False,10,11,1.1
universal_osc,even_odd,_todd11,0,0.375,6,7d88,5920,False,804,oscillated,-1,False,10,11,1.1
universal_osc,even_odd,_todd11,2,0.4375,7,84dd,275,False,804,oscillated,-1,False,10,11,1.1
universal_osc,even_odd,_todd11,2,0.375,6,8574,3dc,False,804,oscillated,-1,False,10,11,1.1
universal_osc,even_odd,_todd11,2,0.4375,7,85dc,374,False,804,oscillated,-1,False,10,11,1.1
universal_osc,even_odd,_todd11,1,0.3125,5,8bd3,a75b,True,33,spurious,-1,False,10,11,1.1
universal_osc,even_odd,_todd11,2,0.375,6,a174,a7de,False,804,oscillated,-1,False,10,11,1.1
universal_osc,even_odd,_todd11,2,0.375,6,a3dc,a776,False,804,oscillated,-1,False,10,11,1.1
universal_osc,even_odd,_todd11,0,0.375,6,c1ae,fca6,True,33,correct,0,True,10,11,1.1
universal_osc,even_odd,_todd11,0,0.375,6,c966,fdce,False,804,oscillated,-1,False,10,11,1.1
universal_osc,even_odd,_todd11,0,0.4375,7,c9ce,fd66,False,804,oscillated,-1,False,10,11,1.1
universal_osc,even_odd,_todd11,0,0.375,6,d8cf,fc67,False,804,oscillated,-1,False,10,11,1.1
universal_osc,even_odd,_todd11,0,0.4375,7,dacf,fc67,False,804,oscillated,-1,False,10,11,1.1
universal_osc,even_odd,_todd11,0,0.375,6,e1ac,fca6,True,33,correct,0,True,10,11,1.1
universal_osc,even_odd,_todd11,0,0.375,6,e964,fdce,False,804,oscillated,-1,False,10,11,1.1
universal_osc,even_odd,_todd11,0,0.4375,7,e9cc,fd66,False,804,oscillated,-1,False,10,11,1.1
universal_osc,even_odd,_todd11,1,0.375,6,fde,374,False,804,oscillated,-1,False,10,11,1.1
universal_osc,even_odd,_todd12,2,0.375,6,1776,374,False,868,oscillated,-1,False,10,12,1.2
universal_osc,even_odd,_todd12,1,0.375,6,17de,3dc,False,868,oscillated,-1,False,10,12,1.2
universal_osc,even_odd,_todd12,2,0.4375,7,24dd,2dd,False,868,oscillated,-1,False,10,12,1.2
universal_osc,even_odd,_todd12,2,0.375,6,3774,374,False,868,oscillated,-1,False,10,12,1.2
universal_osc,even_odd,_todd12,1,0.375,6,37dc,3dc,False,868,oscillated,-1,False,10,12,1.2
universal_osc,even_odd,_todd12,0,0.375,6,448e,58a4,True,35,spurious,-1,False,10,12,1.2
universal_osc,even_odd,_todd12,0,0.375,6,4d66,5964,False,868,oscillated,-1,False,10,12,1.2
universal_osc,even_odd,_todd12,0,0.3125,5,5d22,5920,False,868,oscillated,-1,False,10,12,1.2
universal_osc,even_odd,_todd12,0,0.375,6,5d8a,5988,False,868,oscillated,-1,False,10,12,1.2
universal_osc,even_odd,_todd12,0,0.375,6,648c,58a4,True,35,spurious,-1,False,10,12,1.2
universal_osc,even_odd,_todd12,2,0.375,6,69b,299,False,868,oscillated,-1,False,10,12,1.2
universal_osc,even_odd,_todd12,1,0.375,6,6bd3,a75b,True,35,spurious,-1,False,10,12,1.2
universal_osc,even_odd,_todd12,0,0.3125,5,7867,fc67,False,868,oscillated,-1,False,10,12,1.2
universal_osc,even_odd,_todd12,0,0.375,6,7b66,fd66,False,868,oscillated,-1,False,10,12,1.2
universal_osc,even_odd,_todd12,0,0.4375,7,7bce,fdce,False,868,oscillated,-1,False,10,12,1.2
universal_osc,even_odd,_todd12,0,0.3125,5,7d20,5920,False,868,oscillated,-1,False,10,12,1.2
universal_osc,even_odd,_todd12,0,0.375,6,7d88,5988,False,868,oscillated,-1,False,10,12,1.2
universal_osc,even_odd,_todd12,2,0.4375,7,84dd,2dd,False,868,oscillated,-1,False,10,12,1.2
universal_osc,even_odd,_todd12,2,0.375,6,8574,374,False,868,oscillated,-1,False,10,12,1.2
universal_osc,even_odd,_todd12,2,0.4375,7,85dc,3dc,False,868,oscillated,-1,False,10,12,1.2
universal_osc,even_odd,_todd12,1,0.3125,5,8bd3,a75b,True,35,spurious,-1,False,10,12,1.2
universal_osc,even_odd,_todd12,2,0.375,6,a174,a776,False,868,oscillated,-1,False,10,12,1.2
universal_osc,even_odd,_todd12,2,0.375,6,a3dc,a7de,False,868,oscillated,-1,False,10,12,1.2
universal_osc,even_odd,_todd12,0,0.375,6,c1ae,fca6,True,35,correct,0,True,10,12,1.2
universal_osc,even_odd,_todd12,0,0.375,6,c966,fd66,False,868,oscillated,-1,False,10,12,1.2
universal_osc,even_odd,_todd12,0,0.4375,7,c9ce,fdce,False,868,oscillated,-1,False,10,12,1.2
universal_osc,even_odd,_todd12,0,0.375,6,d8cf,fccf,False,868,oscillated,-1,False,10,12,1.2
universal_osc,even_odd,_todd12,0,0.4375,7,dacf,fccf,False,868,oscillated,-1,False,10,12,1.2
universal_osc,even_odd,_todd12,0,0.375,6,e1ac,fca6,True,35,correct,0,True,10,12,1.2
universal_osc,even_odd,_todd12,0,0.375,6,e964,fd66,False,868,oscillated,-1,False,10,12,1.2
universal_osc,even_odd,_todd12,0,0.4375,7,e9cc,fdce,False,868,oscillated,-1,False,10,12,1.2
universal_osc,even_odd,_todd12,1,0.375,6,fde,3dc,False,868,oscillated,-1,False,10,12,1.2
universal_osc,even_odd,_todd13,2,0.375,6,1776,299,False,932,oscillated,-1,False,10,13,1.3
universal_osc,even_odd,_todd13,1,0.375,6,17de,231,False,932,oscillated,-1,False,10,13,1.3
universal_osc,even_odd,_todd13,2,0.4375,7,24dd,330,False,932,oscillated,-1,False,10,13,1.3
universal_osc,even_odd,_todd13,2,0.375,6,3774,299,False,932,oscillated,-1,False,10,13,1.3
universal_osc,even_odd,_todd13,1,0.375,6,37dc,231,False,932,oscillated,-1,False,10,13,1.3
universal_osc,even_odd,_todd13,0,0.375,6,448e,58a4,True,37,spurious,-1,False,10,13,1.3
universal_osc,even_odd,_todd13,0,0.375,6,4d66,5889,False,932,oscillated,-1,False,10,13,1.3
universal_osc,even_odd,_todd13,0,0.3125,5,5d22,58cd,False,932,oscillated,-1,False,10,13,1.3
universal_osc,even_odd,_todd13,0,0.375,6,5d8a,5865,False,932,oscillated,-1,False,10,13,1.3
universal_osc,even_odd,_todd13,0,0.375,6,648c,58a4,True,37,spurious,-1,False,10,13,1.3
universal_osc,even_odd,_todd13,2,0.375,6,69b,374,False,932,oscillated,-1,False,10,13,1.3
universal_osc,even_odd,_todd13,1,0.375,6,6bd3,a75b,True,37,spurious,-1,False,10,13,1.3
universal_osc,even_odd,_todd13,0,0.3125,5,7867,fd8a,False,932,oscillated,-1,False,10,13,1.3
universal_osc,even_odd,_todd13,0,0.375,6,7b66,fc8b,False,932,oscillated,-1,False,10,13,1.3
universal_osc,even_odd,_todd13,0,0.4375,7,7bce,fc23,False,932,oscillated,-1,False,10,13,1.3
universal_osc,even_odd,_todd13,0,0.3125,5,7d20,58cd,False,932,oscillated,-1,False,10,13,1.3
universal_osc,even_odd,_todd13,0,0.375,6,7d88,5865,False,932,oscillated,-1,False,10,13,1.3
universal_osc,even_odd,_todd13,2,0.4375,7,84dd,330,False,932,oscillated,-1,False,10,13,1.3
universal_osc,even_odd,_todd13,2,0.375,6,8574,299,False,932,oscillated,-1,False,10,13,1.3
universal_osc,even_odd,_todd13,2,0.4375,7,85dc,231,False,932,oscillated,-1,False,10,13,1.3
universal_osc,even_odd,_todd13,1,0.3125,5,8bd3,a75b,True,37,spurious,-1,False,10,13,1.3
universal_osc,even_odd,_todd13,2,0.375,6,a174,a69b,False,932,oscillated,-1,False,10,13,1.3
universal_osc,even_odd,_todd13,2,0.375,6,a3dc,a633,False,932,oscillated,-1,False,10,13,1.3
universal_osc,even_odd,_todd13,0,0.375,6,c1ae,fca6,True,37,correct,0,True,10,13,1.3
universal_osc,even_odd,_todd13,0,0.375,6,c966,fc8b,False,932,oscillated,-1,False,10,13,1.3
universal_osc,even_odd,_todd13,0,0.4375,7,c9ce,fc23,False,932,oscillated,-1,False,10,13,1.3
universal_osc,even_odd,_todd13,0,0.375,6,d8cf,fd22,False,932,oscillated,-1,False,10,13,1.3
universal_osc,even_odd,_todd13,0,0.4375,7,dacf,fd22,False,932,oscillated,-1,False,10,13,1.3
universal_osc,even_odd,_todd13,0,0.375,6,e1ac,fca6,True,37,correct,0,True,10,13,1.3
universal_osc,even_odd,_todd13,0,0.375,6,e964,fc8b,False,932,oscillated,-1,False,10,13,1.3
universal_osc,even_odd,_todd13,0,0.4375,7,e9cc,fc23,False,932,oscillated,-1,False,10,13,1.3
universal_osc,even_odd,_todd13,1,0.375,6,fde,231,False,932,oscillated,-1,False,10,13,1.3
universal_osc,even_odd,_todd14,2,0.375,6,1776,299,False,996,oscillated,-1,False,10,14,1.4
universal_osc,even_odd,_todd14,1,0.375,6,17de,231,False,996,oscillated,-1,False,10,14,1.4
universal_osc,even_odd,_todd14,2,0.4375,7,24dd,330,False,996,oscillated,-1,False,10,14,1.4
universal_osc,even_odd,_todd14,2,0.375,6,3774,299,False,996,oscillated,-1,False,10,14,1.4
universal_osc,even_odd,_todd14,1,0.375,6,37dc,231,False,996,oscillated,-1,False,10,14,1.4
universal_osc,even_odd,_todd14,0,0.375,6,448e,58a4,True,39,spurious,-1,False,10,14,1.4
universal_osc,even_odd,_todd14,0,0.375,6,4d66,5889,False,996,oscillated,-1,False,10,14,1.4
universal_osc,even_odd,_todd14,0,0.3125,5,5d22,58cd,False,996,oscillated,-1,False,10,14,1.4
universal_osc,even_odd,_todd14,0,0.375,6,5d8a,5865,False,996,oscillated,-1,False,10,14,1.4
universal_osc,even_odd,_todd14,0,0.375,6,648c,58a4,True,39,spurious,-1,False,10,14,1.4
universal_osc,even_odd,_todd14,2,0.375,6,69b,374,False,996,oscillated,-1,False,10,14,1.4
universal_osc,even_odd,_todd14,1,0.375,6,6bd3,a75b,True,39,spurious,-1,False,10,14,1.4
universal_osc,even_odd,_todd14,0,0.3125,5,7867,fd8a,False,996,oscillated,-1,False,10,14,1.4
universal_osc,even_odd,_todd14,0,0.375,6,7b66,fc8b,False,996,oscillated,-1,False,10,14,1.4
universal_osc,even_odd,_todd14,0,0.4375,7,7bce,fc23,False,996,oscillated,-1,False,10,14,1.4
universal_osc,even_odd,_todd14,0,0.3125,5,7d20,58cd,False,996,oscillated,-1,False,10,14,1.4
universal_osc,even_odd,_todd14,0,0.375,6,7d88,5865,False,996,oscillated,-1,False,10,14,1.4
universal_osc,even_odd,_todd14,2,0.4375,7,84dd,330,False,996,oscillated,-1,False,10,14,1.4
universal_osc,even_odd,_todd14,2,0.375,6,8574,299,False,996,oscillated,-1,False,10,14,1.4
universal_osc,even_odd,_todd14,2,0.4375,7,85dc,231,False,996,oscillated,-1,False,10,14,1.4
universal_osc,even_odd,_todd14,1,0.3125,5,8bd3,a75b,True,39,spurious,-1,False,10,14,1.4
universal_osc,even_odd,_todd14,2,0.375,6,a174,a69b,False,996,oscillated,-1,False,10,14,1.4
universal_osc,even_odd,_todd14,2,0.375,6,a3dc,a633,False,996,oscillated,-1,False,10,14,1.4
universal_osc,even_odd,_todd14,0,0.375,6,c1ae,fca6,True,39,correct,0,True,10,14,1.4
universal_osc,even_odd,_todd14,0,0.375,6,c966,fc8b,False,996,oscillated,-1,False,10,14,1.4
universal_osc,even_odd,_todd14,0,0.4375,7,c9ce,fc23,False,996,oscillated,-1,False,10,14,1.4
universal_osc,even_odd,_todd14,0,0.375,6,d8cf,fd22,False,996,oscillated,-1,False,10,14,1.4
universal_osc,even_odd,_todd14,0,0.4375,7,dacf,fd22,False,996,oscillated,-1,False,10,14,1.4
universal_osc,even_odd,_todd14,0,0.375,6,e1ac,fca6,True,39,correct,0,True,10,14,1.4
universal_osc,even_odd,_todd14,0,0.375,6,e964,fc8b,False,996,oscillated,-1,False,10,14,1.4
universal_osc,even_odd,_todd14,0,0.4375,7,e9cc,fc23,False,996,oscillated,-1,False,10,14,1.4
universal_osc,even_odd,_todd14,1,0.375,6,fde,231,False,996,oscillated,-1,False,10,14,1.4
universal_osc,even_odd,_todd15,2,0.375,6,1776,231,False,1060,oscillated,-1,False,10,15,1.5
universal_osc,even_odd,_todd15,1,0.375,6,17de,299,False,1060,oscillated,-1,False,10,15,1.5
universal_osc,even_odd,_todd15,2,0.4375,7,24dd,398,False,1060,oscillated,-1,False,10,15,1.5
universal_osc,even_odd,_todd15,2,0.375,6,3774,231,False,1060,oscillated,-1,False,10,15,1.5
universal_osc,even_odd,_todd15,1,0.375,6,37dc,299,False,1060,oscillated,-1,False,10,15,1.5
universal_osc,even_odd,_todd15,0,0.375,6,448e,58a4,True,41,spurious,-1,False,10,15,1.5
universal_osc,even_odd,_todd15,0,0.375,6,4d66,5821,False,1060,oscillated,-1,False,10,15,1.5
universal_osc,even_odd,_todd15,0,0.3125,5,5d22,5865,False,1060,oscillated,-1,False,10,15,1.5
universal_osc,even_odd,_todd15,0,0.375,6,5d8a,58cd,False,1060,oscillated,-1,False,10,15,1.5
universal_osc,even_odd,_todd15,0,0.375,6,648c,58a4,True,41,spurious,-1,False,10,15,1.5
universal_osc,even_odd,_todd15,2,0.375,6,69b,3dc,False,1060,oscillated,-1,False,10,15,1.5
universal_osc,even_odd,_todd15,1,0.375,6,6bd3,a75b,True,41,spurious,-1,False,10,15,1.5
universal_osc,even_odd,_todd15,0,0.3125,5,7867,fd22,False,1060,oscillated,-1,False,10,15,1.5
universal_osc,even_odd,_todd15,0,0.375,6,7b66,fc23,False,1060,oscillated,-1,False,10,15,1.5
universal_osc,even_odd,_todd15,0,0.4375,7,7bce,fc8b,False,1060,oscillated,-1,False,10,15,1.5
universal_osc,even_odd,_todd15,0,0.3125,5,7d20,5865,False,1060,oscillated,-1,False,10,15,1.5
universal_osc,even_odd,_todd15,0,0.375,6,7d88,58cd,False,1060,oscillated,-1,False,10,15,1.5
universal_osc,even_odd,_todd15,2,0.4375,7,84dd,398,False,1060,oscillated,-1,False,10,15,1.5
universal_osc,even_odd,_todd15,2,0.375,6,8574,231,False,1060,oscillated,-1,False,10,15,1.5
universal_osc,even_odd,_todd15,2,0.4375,7,85dc,299,False,1060,oscillated,-1,False,10,15,1.5
universal_osc,even_odd,_todd15,1,0.3125,5,8bd3,a75b,True,41,spurious,-1,False,10,15,1.5
universal_osc,even_odd,_todd15,2,0.375,6,a174,a633,False,1060,oscillated,-1,False,10,15,1.5
universal_osc,even_odd,_todd15,2,0.375,6,a3dc,a69b,False,1060,oscillated,-1,False,10,15,1.5
universal_osc,even_odd,_todd15,0,0.375,6,c1ae,fca6,True,41,correct,0,True,10,15,1.5
universal_osc,even_odd,_todd15,0,0.375,6,c966,fc23,False,1060,oscillated,-1,False,10,15,1.5
universal_osc,even_odd,_todd15,0,0.4375,7,c9ce,fc8b,False,1060,oscillated,-1,False,10,15,1.5
universal_osc,even_odd,_todd15,0,0.375,6,d8cf,fd8a,False,1060,oscillated,-1,False,10,15,1.5
universal_osc,even_odd,_todd15,0,0.4375,7,dacf,fd8a,False,1060,oscillated,-1,False,10,15,1.5
universal_osc,even_odd,_todd15,0,0.375,6,e1ac,fca6,True,41,correct,0,True,10,15,1.5
universal_osc,even_odd,_todd15,0,0.375,6,e964,fc23,False,1060,oscillated,-1,False,10,15,1.5
universal_osc,even_odd,_todd15,0,0.4375,7,e9cc,fc8b,False,1060,oscillated,-1,False,10,15,1.5
universal_osc,even_odd,_todd15,1,0.375,6,fde,299,False,1060,oscillated,-1,False,10,15,1.5
universal_osc,even_odd,_todd16,2,0.375,6,1776,374,False,1124,oscillated,-1,False,10,16,1.6
universal_osc,even_odd,_todd16,1,0.375,6,17de,3dc,False,1124,oscillated,-1,False,10,16,1.6
universal_osc,even_odd,_todd16,2,0.4375,7,24dd,2dd,False,1124,oscillated,-1,False,10,16,1.6
universal_osc,even_odd,_todd16,2,0.375,6,3774,374,False,1124,oscillated,-1,False,10,16,1.6
universal_osc,even_odd,_todd16,1,0.375,6,37dc,3dc,False,1124,oscillated,-1,False,10,16,1.6
universal_osc,even_odd,_todd16,0,0.375,6,448e,58a4,True,43,spurious,-1,False,10,16,1.6
universal_osc,even_odd,_todd16,0,0.375,6,4d66,5964,False,1124,oscillated,-1,False,10,16,1.6
universal_osc,even_odd,_todd16,0,0.3125,5,5d22,5920,False,1124,oscillated,-1,False,10,16,1.6
universal_osc,even_odd,_todd16,0,0.375,6,5d8a,5988,False,1124,oscillated,-1,False,10,16,1.6
universal_osc,even_odd,_todd16,0,0.375,6,648c,58a4,True,43,spurious,-1,False,10,16,1.6
universal_osc,even_odd,_todd16,2,0.375,6,69b,299,False,1124,oscillated,-1,False,10,16,1.6
universal_osc,even_odd,_todd16,1,0.375,6,6bd3,a75b,True,43,spurious,-1,False,10,16,1.6
universal_osc,even_odd,_todd16,0,0.3125,5,7867,fc67,False,1124,oscillated,-1,False,10,16,1.6
universal_osc,even_odd,_todd16,0,0.375,6,7b66,fd66,False,1124,oscillated,-1,False,10,16,1.6
universal_osc,even_odd,_todd16,0,0.4375,7,7bce,fdce,False,1124,oscillated,-1,False,10,16,1.6
universal_osc,even_odd,_todd16,0,0.3125,5,7d20,5920,False,1124,oscillated,-1,False,10,16,1.6
universal_osc,even_odd,_todd16,0,0.375,6,7d88,5988,False,1124,oscillated,-1,False,10,16,1.6
universal_osc,even_odd,_todd16,2,0.4375,7,84dd,2dd,False,1124,oscillated,-1,False,10,16,1.6
universal_osc,even_odd,_todd16,2,0.375,6,8574,374,False,1124,oscillated,-1,False,10,16,1.6
universal_osc,even_odd,_todd16,2,0.4375,7,85dc,3dc,False,1124,oscillated,-1,False,10,16,1.6
universal_osc,even_odd,_todd16,1,0.3125,5,8bd3,a75b,True,43,spurious,-1,False,10,16,1.6
universal_osc,even_odd,_todd16,2,0.375,6,a174,a776,False,1124,oscillated,-1,False,10,16,1.6
universal_osc,even_odd,_todd16,2,0.375,6,a3dc,a7de,False,1124,oscillated,-1,False,10,16,1.6
universal_osc,even_odd,_todd16,0,0.375,6,c1ae,fca6,True,43,correct,0,True,10,16,1.6
universal_osc,even_odd,_todd16,0,0.375,6,c966,fd66,False,1124,oscillated,-1,False,10,16,1.6
universal_osc,even_odd,_todd16,0,0.4375,7,c9ce,fdce,False,1124,oscillated,-1,False,10,16,1.6
universal_osc,even_odd,_todd16,0,0.375,6,d8cf,fccf,False,1124,oscillated,-1,False,10,16,1.6
universal_osc,even_odd,_todd16,0,0.4375,7,dacf,fccf,False,1124,oscillated,-1,False,10,16,1.6
universal_osc,even_odd,_todd16,0,0.375,6,e1ac,fca6,True,43,correct,0,True,10,16,1.6
universal_osc,even_odd,_todd16,0,0.375,6,e964,fd66,False,1124,oscillated,-1,False,10,16,1.6
universal_osc,even_odd,_todd16,0,0.4375,7,e9cc,fdce,False,1124,oscillated,-1,False,10,16,1.6
universal_osc,even_odd,_todd16,1,0.375,6,fde,3dc,False,1124,oscillated,-1,False,10,16,1.6
universal_osc,even_odd,_todd17,2,0.375,6,1776,3dc,False,1188,oscillated,-1,False,10,17,1.7
universal_osc,even_odd,_todd17,1,0.375,6,17de,374,False,1188,oscillated,-1,False,10,17,1.7
universal_osc,even_odd,_todd17,2,0.4375,7,24dd,275,False,1188,oscillated,-1,False,10,17,1.7
universal_osc,even_odd,_todd17,2,0.375,6,3774,3dc,False,1188,oscillated,-1,False,10,17,1.7
universal_osc,even_odd,_todd17,1,0.375,6,37dc,374,False,1188,oscillated,-1,False,10,17,1.7
universal_osc,even_odd,_todd17,0,0.375,6,448e,58a4,True,45,spurious,-1,False,10,17,1.7
universal_osc,even_odd,_todd17,0,0.375,6,4d66,59cc,False,1188,oscillated,-1,False,10,17,1.7
universal_osc,even_odd,_todd17,0,0.3125,5,5d22,5988,False,1188,oscillated,-1,False,10,17,1.7
universal_osc,even_odd,_todd17,0,0.375,6,5d8a,5920,False,1188,oscillated,-1,False,10,17,1.7
universal_osc,even_odd,_todd17,0,0.375,6,648c,58a4,True,45,spurious,-1,False,10,17,1.7
universal_osc,even_odd,_todd17,2,0.375,6,69b,231,False,1188,oscillated,-1,False,10,17,1.7
universal_osc,even_odd,_todd17,1,0.375,6,6bd3,a75b,True,45,spurious,-1,False,10,17,1.7
universal_osc,even_odd,_todd17,0,0.3125,5,7867,fccf,False,1188,oscillated,-1,False,10,17,1.7
universal_osc,even_odd,_todd17,0,0.375,6,7b66,fdce,False,1188,oscillated,-1,False,10,17,1.7
universal_osc,even_odd,_todd17,0,0.4375,7,7bce,fd66,False,1188,oscillated,-1,False,10,17,1.7
universal_osc,even_odd,_todd17,0,0.3125,5,7d20,5988,False,1188,oscillated,-1,False,10,17,1.7
universal_osc,even_odd,_todd17,0,0.375,6,7d88,5920,False,1188,oscillated,-1,False,10,17,1.7
universal_osc,even_odd,_todd17,2,0.4375,7,84dd,275,False,1188,oscillated,-1,False,10,17,1.7
universal_osc,even_odd,_todd17,2,0.375,6,8574,3dc,False,1188,oscillated,-1,False,10,17,1.7
universal_osc,even_odd,_todd17,2,0.4375,7,85dc,374,False,1188,oscillated,-1,False,10,17,1.7
universal_osc,even_odd,_todd17,1,0.3125,5,8bd3,a75b,True,45,spurious,-1,False,10,17,1.7
universal_osc,even_odd,_todd17,2,0.375,6,a174,a7de,False,1188,oscillated,-1,False,10,17,1.7
universal_osc,even_odd,_todd17,2,0.375,6,a3dc,a776,False,1188,oscillated,-1,False,10,17,1.7
universal_osc,even_odd,_todd17,0,0.375,6,c1ae,fca6,True,45,correct,0,True,10,17,1.7
universal_osc,even_odd,_todd17,0,0.375,6,c966,fdce,False,1188,oscillated,-1,False,10,17,1.7
universal_osc,even_odd,_todd17,0,0.4375,7,c9ce,fd66,False,1188,oscillated,-1,False,10,17,1.7
universal_osc,even_odd,_todd17,0,0.375,6,d8cf,fc67,False,1188,oscillated,-1,False,10,17,1.7
universal_osc,even_odd,_todd17,0,0.4375,7,dacf,fc67,False,1188,oscillated,-1,False,10,17,1.7
universal_osc,even_odd,_todd17,0,0.375,6,e1ac,fca6,True,45,correct,0,True,10,17,1.7
universal_osc,even_odd,_todd17,0,0.375,6,e964,fdce,False,1188,oscillated,-1,False,10,17,1.7
universal_osc,even_odd,_todd17,0,0.4375,7,e9cc,fd66,False,1188,oscillated,-1,False,10,17,1.7
universal_osc,even_odd,_todd17,1,0.375,6,fde,374,False,1188,oscillated,-1,False,10,17,1.7
universal_osc,even_odd,_todd18,2,0.375,6,1776,299,False,1252,oscillated,-1,False,10,18,1.8
universal_osc,even_odd,_todd18,1,0.375,6,17de,231,False,1252,oscillated,-1,False,10,18,1.8
universal_osc,even_odd,_todd18,2,0.4375,7,24dd,330,False,1252,oscillated,-1,False,10,18,1.8
universal_osc,even_odd,_todd18,2,0.375,6,3774,299,False,1252,oscillated,-1,False,10,18,1.8
universal_osc,even_odd,_todd18,1,0.375,6,37dc,231,False,1252,oscillated,-1,False,10,18,1.8
universal_osc,even_odd,_todd18,0,0.375,6,448e,58a4,True,47,spurious,-1,False,10,18,1.8
universal_osc,even_odd,_todd18,0,0.375,6,4d66,5889,False,1252,oscillated,-1,False,10,18,1.8
universal_osc,even_odd,_todd18,0,0.3125,5,5d22,58cd,False,1252,oscillated,-1,False,10,18,1.8
universal_osc,even_odd,_todd18,0,0.375,6,5d8a,5865,False,1252,oscillated,-1,False,10,18,1.8
universal_osc,even_odd,_todd18,0,0.375,6,648c,58a4,True,47,spurious,-1,False,10,18,1.8
universal_osc,even_odd,_todd18,2,0.375,6,69b,374,False,1252,oscillated,-1,False,10,18,1.8
universal_osc,even_odd,_todd18,1,0.375,6,6bd3,a75b,True,47,spurious,-1,False,10,18,1.8
universal_osc,even_odd,_todd18,0,0.3125,5,7867,fd8a,False,1252,oscillated,-1,False,10,18,1.8
universal_osc,even_odd,_todd18,0,0.375,6,7b66,fc8b,False,1252,oscillated,-1,False,10,18,1.8
universal_osc,even_odd,_todd18,0,0.4375,7,7bce,fc23,False,1252,oscillated,-1,False,10,18,1.8
universal_osc,even_odd,_todd18,0,0.3125,5,7d20,58cd,False,1252,oscillated,-1,False,10,18,1.8
universal_osc,even_odd,_todd18,0,0.375,6,7d88,5865,False,1252,oscillated,-1,False,10,18,1.8
universal_osc,even_odd,_todd18,2,0.4375,7,84dd,330,False,1252,oscillated,-1,False,10,18,1.8
universal_osc,even_odd,_todd18,2,0.375,6,8574,299,False,1252,oscillated,-1,False,10,18,1.8
universal_osc,even_odd,_todd18,2,0.4375,7,85dc,231,False,1252,oscillated,-1,False,10,18,1.8
universal_osc,even_odd,_todd18,1,0.3125,5,8bd3,a75b,True,47,spurious,-1,False,10,18,1.8
universal_osc,even_odd,_todd18,2,0.375,6,a174,a69b,False,1252,oscillated,-1,False,10,18,1.8
universal_osc,even_odd,_todd18,2,0.375,6,a3dc,a633,False,1252,oscillated,-1,False,10,18,1.8
universal_osc,even_odd,_todd18,0,0.375,6,c1ae,fca6,True,47,correct,0,True,10,18,1.8
universal_osc,even_odd,_todd18,0,0.375,6,c966,fc8b,False,1252,oscillated,-1,False,10,18,1.8
universal_osc,even_odd,_todd18,0,0.4375,7,c9ce,fc23,False,1252,oscillated,-1,False,10,18,1.8
universal_osc,even_odd,_todd18,0,0.375,6,d8cf,fd22,False,1252,oscillated,-1,False,10,18,1.8
universal_osc,even_odd,_todd18,0,0.4375,7,dacf,fd22,False,1252,oscillated,-1,False,10,18,1.8
universal_osc,even_odd,_todd18,0,0.375,6,e1ac,fca6,True,47,correct,0,True,10,18,1.8
universal_osc,even_odd,_todd18,0,0.375,6,e964,fc8b,False,1252,oscillated,-1,False,10,18,1.8
universal_osc,even_odd,_todd18,0,0.4375,7,e9cc,fc23,False,1252,oscillated,-1,False,10,18,1.8
universal_osc,even_odd,_todd18,1,0.375,6,fde,231,False,1252,oscillated,-1,False,10,18,1.8
universal_osc,even_odd,_todd19,2,0.375,6,1776,299,False,1316,oscillated,-1,False,10,19,1.9
universal_osc,even_odd,_todd19,1,0.375,6,17de,231,False,1316,oscillated,-1,False,10,19,1.9
universal_osc,even_odd,_todd19,2,0.4375,7,24dd,330,False,1316,oscillated,-1,False,10,19,1.9
universal_osc,even_odd,_todd19,2,0.375,6,3774,299,False,1316,oscillated,-1,False,10,19,1.9
universal_osc,even_odd,_todd19,1,0.375,6,37dc,231,False,1316,oscillated,-1,False,10,19,1.9
universal_osc,even_odd,_todd19,0,0.375,6,448e,58a4,True,49,spurious,-1,False,10,19,1.9
universal_osc,even_odd,_todd19,0,0.375,6,4d66,5889,False,1316,oscillated,-1,False,10,19,1.9
universal_osc,even_odd,_todd19,0,0.3125,5,5d22,58cd,False,1316,oscillated,-1,False,10,19,1.9
universal_osc,even_odd,_todd19,0,0.375,6,5d8a,5865,False,1316,oscillated,-1,False,10,19,1.9
universal_osc,even_odd,_todd19,0,0.375,6,648c,58a4,True,49,spurious,-1,False,10,19,1.9
universal_osc,even_odd,_todd19,2,0.375,6,69b,374,False,1316,oscillated,-1,False,10,19,1.9
universal_osc,even_odd,_todd19,1,0.375,6,6bd3,a75b,True,49,spurious,-1,False,10,19,1.9
universal_osc,even_odd,_todd19,0,0.3125,5,7867,fd8a,False,1316,oscillated,-1,False,10,19,1.9
universal_osc,even_odd,_todd19,0,0.375,6,7b66,fc8b,False,1316,oscillated,-1,False,10,19,1.9
universal_osc,even_odd,_todd19,0,0.4375,7,7bce,fc23,False,1316,oscillated,-1,False,10,19,1.9
universal_osc,even_odd,_todd19,0,0.3125,5,7d20,58cd,False,1316,oscillated,-1,False,10,19,1.9
universal_osc,even_odd,_todd19,0,0.375,6,7d88,5865,False,1316,oscillated,-1,False,10,19,1.9
universal_osc,even_odd,_todd19,2,0.4375,7,84dd,330,False,1316,oscillated,-1,False,10,19,1.9
universal_osc,even_odd,_todd19,2,0.375,6,8574,299,False,1316,oscillated,-1,False,10,19,1.9
universal_osc,even_odd,_todd19,2,0.4375,7,85dc,231,False,1316,oscillated,-1,False,10,19,1.9
universal_osc,even_odd,_todd19,1,0.3125,5,8bd3,a75b,True,49,spurious,-1,False,10,19,1.9
universal_osc,even_odd,_todd19,2,0.375,6,a174,a69b,False,1316,oscillated,-1,False,10,19,1.9
universal_osc,even_odd,_todd19,2,0.375,6,a3dc,a633,False,1316,oscillated,-1,False,10,19,1.9
universal_osc,even_odd,_todd19,0,0.375,6,c1ae,fca6,True,49,correct,0,True,10,19,1.9
universal_osc,even_odd,_todd19,0,0.375,6,c966,fc8b,False,1316,oscillated,-1,False,10,19,1.9
universal_osc,even_odd,_todd19,0,0.4375,7,c9ce,fc23,False,1316,oscillated,-1,False,10,19,1.9
universal_osc,even_odd,_todd19,0,0.375,6,d8cf,fd22,False,1316,oscillated,-1,False,10,19,1.9
universal_osc,even_odd,_todd19,0,0.4375,7,dacf,fd22,False,1316,oscillated,-1,False,10,19,1.9
universal_osc,even_odd,_todd19,0,0.375,6,e1ac,fca6,True,49,correct,0,True,10,19,1.9
universal_osc,even_odd,_todd19,0,0.375,6,e964,fc8b,False,1316,oscillated,-1,False,10,19,1.9
universal_osc,even_odd,_todd19,0,0.4375,7,e9cc,fc23,False,1316,oscillated,-1,False,10,19,1.9
universal_osc,even_odd,_todd19,1,0.375,6,fde,231,False,1316,oscillated,-1,False,10,19,1.9
universal_osc,even_odd,_todd20,2,0.375,6,1776,231,False,1380,oscillated,-1,False,10,20,2.0
universal_osc,even_odd,_todd20,1,0.375,6,17de,299,False,1380,oscillated,-1,False,10,20,2.0
universal_osc,even_odd,_todd20,2,0.4375,7,24dd,398,False,1380,oscillated,-1,False,10,20,2.0
universal_osc,even_odd,_todd20,2,0.375,6,3774,231,False,1380,oscillated,-1,False,10,20,2.0
universal_osc,even_odd,_todd20,1,0.375,6,37dc,299,False,1380,oscillated,-1,False,10,20,2.0
universal_osc,even_odd,_todd20,0,0.375,6,448e,58e0,False,1380,oscillated,-1,False,10,20,2.0
universal_osc,even_odd,_todd20,0,0.375,6,4d66,5821,False,1380,oscillated,-1,False,10,20,2.0
universal_osc,even_odd,_todd20,0,0.3125,5,5d22,5865,False,1380,oscillated,-1,False,10,20,2.0
universal_osc,even_odd,_todd20,0,0.375,6,5d8a,58cd,False,1380,oscillated,-1,False,10,20,2.0
universal_osc,even_odd,_todd20,0,0.375,6,648c,58e0,False,1380,oscillated,-1,False,10,20,2.0
universal_osc,even_odd,_todd20,2,0.375,6,69b,3dc,False,1380,oscillated,-1,False,10,20,2.0
universal_osc,even_odd,_todd20,1,0.375,6,6bd3,a71f,False,1380,oscillated,-1,False,10,20,2.0
universal_osc,even_odd,_todd20,0,0.3125,5,7867,fd22,False,1380,oscillated,-1,False,10,20,2.0
universal_osc,even_odd,_todd20,0,0.375,6,7b66,fc23,False,1380,oscillated,-1,False,10,20,2.0
universal_osc,even_odd,_todd20,0,0.4375,7,7bce,fc8b,False,1380,oscillated,-1,False,10,20,2.0
universal_osc,even_odd,_todd20,0,0.3125,5,7d20,5865,False,1380,oscillated,-1,False,10,20,2.0
universal_osc,even_odd,_todd20,0,0.375,6,7d88,58cd,False,1380,oscillated,-1,False,10,20,2.0
universal_osc,even_odd,_todd20,2,0.4375,7,84dd,398,False,1380,oscillated,-1,False,10,20,2.0
universal_osc,even_odd,_todd20,2,0.375,6,8574,231,False,1380,oscillated,-1,False,10,20,2.0
universal_osc,even_odd,_todd20,2,0.4375,7,85dc,299,False,1380,oscillated,-1,False,10,20,2.0
universal_osc,even_odd,_todd20,1,0.3125,5,8bd3,a71f,False,1380,oscillated,-1,False,10,20,2.0
universal_osc,even_odd,_todd20,2,0.375,6,a174,a633,False,1380,oscillated,-1,False,10,20,2.0
universal_osc,even_odd,_todd20,2,0.375,6,a3dc,a69b,False,1380,oscillated,-1,False,10,20,2.0
universal_osc,even_odd,_todd20,0,0.375,6,c1ae,fce2,False,1380,oscillated,-1,False,10,20,2.0
universal_osc,even_odd,_todd20,0,0.375,6,c966,fc23,False,1380,oscillated,-1,False,10,20,2.0
universal_osc,even_odd,_todd20,0,0.4375,7,c9ce,fc8b,False,1380,oscillated,-1,False,10,20,2.0
universal_osc,even_odd,_todd20,0,0.375,6,d8cf,fd8a,False,1380,oscillated,-1,False,10,20,2.0
universal_osc,even_odd,_todd20,0,0.4375,7,dacf,fd8a,False,1380,oscillated,-1,False,10,20,2.0
universal_osc,even_odd,_todd20,0,0.375,6,e1ac,fce2,False,1380,oscillated,-1,False,10,20,2.0
universal_osc,even_odd,_todd20,0,0.375,6,e964,fc23,False,1380,oscillated,-1,False,10,20,2.0
universal_osc,even_odd,_todd20,0,0.4375,7,e9cc,fc8b,False,1380,oscillated,-1,False,10,20,2.0
universal_osc,even_odd,_todd20,1,0.375,6,fde,299,False,1380,oscillated,-1,False,10,20,2.0
universal_osc,even_odd,_todd21,2,0.375,6,1776,374,False,1444,oscillated,-1,False,10,21,2.1
universal_osc,even_odd,_todd21,1,0.375,6,17de,3dc,False,1444,oscillated,-1,False,10,21,2.1
universal_osc,even_odd,_todd21,2,0.4375,7,24dd,2dd,False,1444,oscillated,-1,False,10,21,2.1
universal_osc,even_odd,_todd21,2,0.375,6,3774,374,False,1444,oscillated,-1,False,10,21,2.1
universal_osc,even_odd,_todd21,1,0.375,6,37dc,3dc,False,1444,oscillated,-1,False,10,21,2.1
universal_osc,even_odd,_todd21,0,0.375,6,448e,58e8,False,1444,oscillated,-1,False,10,21,2.1
universal_osc,even_odd,_todd21,0,0.375,6,4d66,5964,False,1444,oscillated,-1,False,10,21,2.1
universal_osc,even_odd,_todd21,0,0.3125,5,5d22,5920,False,1444,oscillated,-1,False,10,21,2.1
universal_osc,even_odd,_todd21,0,0.375,6,5d8a,5988,False,1444,oscillated,-1,False,10,21,2.1
universal_osc,even_odd,_todd21,0,0.375,6,648c,58e8,False,1444,oscillated,-1,False,10,21,2.1
universal_osc,even_odd,_todd21,2,0.375,6,69b,299,False,1444,oscillated,-1,False,10,21,2.1
universal_osc,even_odd,_todd21,1,0.375,6,6bd3,a717,False,1444,oscillated,-1,False,10,21,2.1
universal_osc,even_odd,_todd21,0,0.3125,5,7867,fc67,False,1444,oscillated,-1,False,10,21,2.1
universal_osc,even_odd,_todd21,0,0.375,6,7b66,fd66,False,1444,oscillated,-1,False,10,21,2.1
universal_osc,even_odd,_todd21,0,0.4375,7,7bce,fdce,False,1444,oscillated,-1,False,10,21,2.1
universal_osc,even_odd,_todd21,0,0.3125,5,7d20,5920,False,1444,oscillated,-1,False,10,21,2.1
universal_osc,even_odd,_todd21,0,0.375,6,7d88,5988,False,1444,oscillated,-1,False,10,21,2.1
universal_osc,even_odd,_todd21,2,0.4375,7,84dd,2dd,False,1444,oscillated,-1,False,10,21,2.1
universal_osc,even_odd,_todd21,2,0.375,6,8574,374,False,1444,oscillated,-1,False,10,21,2.1
universal_osc,even_odd,_todd21,2,0.4375,7,85dc,3dc,False,1444,oscillated,-1,False,10,21,2.1
universal_osc,even_odd,_todd21,1,0.3125,5,8bd3,a717,False,1444,oscillated,-1,False,10,21,2.1
universal_osc,even_odd,_todd21,2,0.375,6,a174,a776,False,1444,oscillated,-1,False,10,21,2.1
universal_osc,even_odd,_todd21,2,0.375,6,a3dc,a7de,False,1444,oscillated,-1,False,10,21,2.1
universal_osc,even_odd,_todd21,0,0.375,6,c1ae,fcea,False,1444,oscillated,-1,False,10,21,2.1
universal_osc,even_odd,_todd21,0,0.375,6,c966,fd66,False,1444,oscillated,-1,False,10,21,2.1
universal_osc,even_odd,_todd21,0,0.4375,7,c9ce,fdce,False,1444,oscillated,-1,False,10,21,2.1
universal_osc,even_odd,_todd21,0,0.375,6,d8cf,fccf,False,1444,oscillated,-1,False,10,21,2.1
universal_osc,even_odd,_todd21,0,0.4375,7,dacf,fccf,False,1444,oscillated,-1,False,10,21,2.1
universal_osc,even_odd,_todd21,0,0.375,6,e1ac,fcea,False,1444,oscillated,-1,False,10,21,2.1
universal_osc,even_odd,_todd21,0,0.375,6,e964,fd66,False,1444,oscillated,-1,False,10,21,2.1
universal_osc,even_odd,_todd21,0,0.4375,7,e9cc,fdce,False,1444,oscillated,-1,False,10,21,2.1
universal_osc,even_odd,_todd21,1,0.375,6,fde,3dc,False,1444,oscillated,-1,False,10,21,2.1
universal_osc,even_odd,_todd22,2,0.375,6,1776,374,False,1508,oscillated,-1,False,10,22,2.2
universal_osc,even_odd,_todd22,1,0.375,6,17de,3dc,False,1508,oscillated,-1,False,10,22,2.2
universal_osc,even_odd,_todd22,2,0.4375,7,24dd,2dd,False,1508,oscillated,-1,False,10,22,2.2
universal_osc,even_odd,_todd22,2,0.375,6,3774,374,False,1508,oscillated,-1,False,10,22,2.2
universal_osc,even_odd,_todd22,1,0.375,6,37dc,3dc,False,1508,oscillated,-1,False,10,22,2.2
universal_osc,even_odd,_todd22,0,0.375,6,448e,582c,False,1508,oscillated,-1,False,10,22,2.2
universal_osc,even_odd,_todd22,0,0.375,6,4d66,5964,False,1508,oscillated,-1,False,10,22,2.2
universal_osc,even_odd,_todd22,0,0.3125,5,5d22,5920,False,1508,oscillated,-1,False,10,22,2.2
universal_osc,even_odd,_todd22,0,0.375,6,5d8a,5988,False,1508,oscillated,-1,False,10,22,2.2
universal_osc,even_odd,_todd22,0,0.375,6,648c,582c,False,1508,oscillated,-1,False,10,22,2.2
universal_osc,even_odd,_todd22,2,0.375,6,69b,299,False,1508,oscillated,-1,False,10,22,2.2
universal_osc,even_odd,_todd22,1,0.375,6,6bd3,a7d3,False,1508,oscillated,-1,False,10,22,2.2
universal_osc,even_odd,_todd22,0,0.3125,5,7867,fc67,False,1508,oscillated,-1,False,10,22,2.2
universal_osc,even_odd,_todd22,0,0.375,6,7b66,fd66,False,1508,oscillated,-1,False,10,22,2.2
universal_osc,even_odd,_todd22,0,0.4375,7,7bce,fdce,False,1508,oscillated,-1,False,10,22,2.2
universal_osc,even_odd,_todd22,0,0.3125,5,7d20,5920,False,1508,oscillated,-1,False,10,22,2.2
universal_osc,even_odd,_todd22,0,0.375,6,7d88,5988,False,1508,oscillated,-1,False,10,22,2.2
universal_osc,even_odd,_todd22,2,0.4375,7,84dd,2dd,False,1508,oscillated,-1,False,10,22,2.2
universal_osc,even_odd,_todd22,2,0.375,6,8574,374,False,1508,oscillated,-1,False,10,22,2.2
universal_osc,even_odd,_todd22,2,0.4375,7,85dc,3dc,False,1508,oscillated,-1,False,10,22,2.2
universal_osc,even_odd,_todd22,1,0.3125,5,8bd3,a7d3,False,1508,oscillated,-1,False,10,22,2.2
universal_osc,even_odd,_todd22,2,0.375,6,a174,a776,False,1508,oscillated,-1,False,10,22,2.2
universal_osc,even_odd,_todd22,2,0.375,6,a3dc,a7de,False,1508,oscillated,-1,False,10,22,2.2
universal_osc,even_odd,_todd22,0,0.375,6,c1ae,fc2e,False,1508,oscillated,-1,False,10,22,2.2
universal_osc,even_odd,_todd22,0,0.375,6,c966,fd66,False,1508,oscillated,-1,False,10,22,2.2
universal_osc,even_odd,_todd22,0,0.4375,7,c9ce,fdce,False,1508,oscillated,-1,False,10,22,2.2
universal_osc,even_odd,_todd22,0,0.375,6,d8cf,fccf,False,1508,oscillated,-1,False,10,22,2.2
universal_osc,even_odd,_todd22,0,0.4375,7,dacf,fccf,False,1508,oscillated,-1,False,10,22,2.2
universal_osc,even_odd,_todd22,0,0.375,6,e1ac,fc2e,False,1508,oscillated,-1,False,10,22,2.2
universal_osc,even_odd,_todd22,0,0.375,6,e964,fd66,False,1508,oscillated,-1,False,10,22,2.2
universal_osc,even_odd,_todd22,0,0.4375,7,e9cc,fdce,False,1508,oscillated,-1,False,10,22,2.2
universal_osc,even_odd,_todd22,1,0.375,6,fde,3dc,False,1508,oscillated,-1,False,10,22,2.2
universal_osc,even_odd,_todd23,2,0.375,6,1776,231,False,1572,oscillated,-1,False,10,23,2.3
universal_osc,even_odd,_todd23,1,0.375,6,17de,299,False,1572,oscillated,-1,False,10,23,2.3
universal_osc,even_odd,_todd23,2,0.4375,7,24dd,398,False,1572,oscillated,-1,False,10,23,2.3
universal_osc,even_odd,_todd23,2,0.375,6,3774,231,False,1572,oscillated,-1,False,10,23,2.3
universal_osc,even_odd,_todd23,1,0.375,6,37dc,299,False,1572,oscillated,-1,False,10,23,2.3
universal_osc,even_odd,_todd23,0,0.375,6,448e,48e8,False,1572,oscillated,-1,False,10,23,2.3
universal_osc,even_odd,_todd23,0,0.375,6,4d66,5821,False,1572,oscillated,-1,False,10,23,2.3
universal_osc,even_odd,_todd23,0,0.3125,5,5d22,5865,False,1572,oscillated,-1,False,10,23,2.3
universal_osc,even_odd,_todd23,0,0.375,6,5d8a,58cd,False,1572,oscillated,-1,False,10,23,2.3
universal_osc,even_odd,_todd23,0,0.375,6,648c,48e8,False,1572,oscillated,-1,False,10,23,2.3
universal_osc,even_odd,_todd23,2,0.375,6,69b,3dc,False,1572,oscillated,-1,False,10,23,2.3
universal_osc,even_odd,_todd23,1,0.375,6,6bd3,b717,False,1572,oscillated,-1,False,10,23,2.3
universal_osc,even_odd,_todd23,0,0.3125,5,7867,fd22,False,1572,oscillated,-1,False,10,23,2.3
universal_osc,even_odd,_todd23,0,0.375,6,7b66,fc23,False,1572,oscillated,-1,False,10,23,2.3
universal_osc,even_odd,_todd23,0,0.4375,7,7bce,fc8b,False,1572,oscillated,-1,False,10,23,2.3
universal_osc,even_odd,_todd23,0,0.3125,5,7d20,5865,False,1572,oscillated,-1,False,10,23,2.3
universal_osc,even_odd,_todd23,0,0.375,6,7d88,58cd,False,1572,oscillated,-1,False,10,23,2.3
universal_osc,even_odd,_todd23,2,0.4375,7,84dd,398,False,1572,oscillated,-1,False,10,23,2.3
universal_osc,even_odd,_todd23,2,0.375,6,8574,231,False,1572,oscillated,-1,False,10,23,2.3
universal_osc,even_odd,_todd23,2,0.4375,7,85dc,299,False,1572,oscillated,-1,False,10,23,2.3
universal_osc,even_odd,_todd23,1,0.3125,5,8bd3,b717,False,1572,oscillated,-1,False,10,23,2.3
universal_osc,even_odd,_todd23,2,0.375,6,a174,a633,False,1572,oscillated,-1,False,10,23,2.3
universal_osc,even_odd,_todd23,2,0.375,6,a3dc,a69b,False,1572,oscillated,-1,False,10,23,2.3
universal_osc,even_odd,_todd23,0,0.375,6,c1ae,ecea,False,1572,oscillated,-1,False,10,23,2.3
universal_osc,even_odd,_todd23,0,0.375,6,c966,fc23,False,1572,oscillated,-1,False,10,23,2.3
universal_osc,even_odd,_todd23,0,0.4375,7,c9ce,fc8b,False,1572,oscillated,-1,False,10,23,2.3
universal_osc,even_odd,_todd23,0,0.375,6,d8cf,fd8a,False,1572,oscillated,-1,False,10,23,2.3
universal_osc,even_odd,_todd23,0,0.4375,7,dacf,fd8a,False,1572,oscillated,-1,False,10,23,2.3
universal_osc,even_odd,_todd23,0,0.375,6,e1ac,ecea,False,1572,oscillated,-1,False,10,23,2.3
universal_osc,even_odd,_todd23,0,0.375,6,e964,fc23,False,1572,oscillated,-1,False,10,23,2.3
universal_osc,even_odd,_todd23,0,0.4375,7,e9cc,fc8b,False,1572,oscillated,-1,False,10,23,2.3
universal_osc,even_odd,_todd23,1,0.375,6,fde,299,False,1572,oscillated,-1,False,10,23,2.3
universal_osc,even_odd,_todd24,2,0.375,6,1776,231,False,1636,oscillated,-1,False,10,24,2.4
universal_osc,even_odd,_todd24,1,0.375,6,17de,299,False,1636,oscillated,-1,False,10,24,2.4
universal_osc,even_odd,_todd24,2,0.4375,7,24dd,398,False,1636,oscillated,-1,False,10,24,2.4
universal_osc,even_odd,_todd24,2,0.375,6,3774,231,False,1636,oscillated,-1,False,10,24,2.4
universal_osc,even_odd,_todd24,1,0.375,6,37dc,299,False,1636,oscillated,-1,False,10,24,2.4
universal_osc,even_odd,_todd24,0,0.375,6,448e,582c,False,1636,oscillated,-1,False,10,24,2.4
universal_osc,even_odd,_todd24,0,0.375,6,4d66,5821,False,1636,oscillated,-1,False,10,24,2.4
universal_osc,even_odd,_todd24,0,0.3125,5,5d22,5865,False,1636,oscillated,-1,False,10,24,2.4
universal_osc,even_odd,_todd24,0,0.375,6,5d8a,58cd,False,1636,oscillated,-1,False,10,24,2.4
universal_osc,even_odd,_todd24,0,0.375,6,648c,582c,False,1636,oscillated,-1,False,10,24,2.4
universal_osc,even_odd,_todd24,2,0.375,6,69b,3dc,False,1636,oscillated,-1,False,10,24,2.4
universal_osc,even_odd,_todd24,1,0.375,6,6bd3,a7d3,False,1636,oscillated,-1,False,10,24,2.4
universal_osc,even_odd,_todd24,0,0.3125,5,7867,fd22,False,1636,oscillated,-1,False,10,24,2.4
universal_osc,even_odd,_todd24,0,0.375,6,7b66,fc23,False,1636,oscillated,-1,False,10,24,2.4
universal_osc,even_odd,_todd24,0,0.4375,7,7bce,fc8b,False,1636,oscillated,-1,False,10,24,2.4
universal_osc,even_odd,_todd24,0,0.3125,5,7d20,5865,False,1636,oscillated,-1,False,10,24,2.4
universal_osc,even_odd,_todd24,0,0.375,6,7d88,58cd,False,1636,oscillated,-1,False,10,24,2.4
universal_osc,even_odd,_todd24,2,0.4375,7,84dd,398,False,1636,oscillated,-1,False,10,24,2.4
universal_osc,even_odd,_todd24,2,0.375,6,8574,231,False,1636,oscillated,-1,False,10,24,2.4
universal_osc,even_odd,_todd24,2,0.4375,7,85dc,299,False,1636,oscillated,-1,False,10,24,2.4
universal_osc,even_odd,_todd24,1,0.3125,5,8bd3,a7d3,False,1636,oscillated,-1,False,10,24,2.4
universal_osc,even_odd,_todd24,2,0.375,6,a174,a633,False,1636,oscillated,-1,False,10,24,2.4
universal_osc,even_odd,_todd24,2,0.375,6,a3dc,a69b,False,1636,oscillated,-1,False,10,24,2.4
universal_osc,even_odd,_todd24,0,0.375,6,c1ae,fc2e,False,1636,oscillated,-1,False,10,24,2.4
universal_osc,even_odd,_todd24,0,0.375,6,c966,fc23,False,1636,oscillated,-1,False,10,24,2.4
universal_osc,even_odd,_todd24,0,0.4375,7,c9ce,fc8b,False,1636,oscillated,-1,False,10,24,2.4
universal_osc,even_odd,_todd24,0,0.375,6,d8cf,fd8a,False,1636,oscillated,-1,False,10,24,2.4
universal_osc,even_odd,_todd24,0,0.4375,7,dacf,fd8a,False,1636,oscillated,-1,False,10,24,2.4
universal_osc,even_odd,_todd24,0,0.375,6,e1ac,fc2e,False,1636,oscillated,-1,False,10,24,2.4
universal_osc,even_odd,_todd24,0,0.375,6,e964,fc23,False,1636,oscillated,-1,False,10,24,2.4
universal_osc,even_odd,_todd24,0,0.4375,7,e9cc,fc8b,False,1636,oscillated,-1,False,10,24,2.4
universal_osc,even_odd,_todd24,1,0.375,6,fde,299,False,1636,oscillated,-1,False,10,24,2.4
universal_osc,even_odd,_todd25,2,0.375,6,1776,299,False,1700,oscillated,-1,False,10,25,2.5
universal_osc,even_odd,_todd25,1,0.375,6,17de,231,False,1700,oscillated,-1,False,10,25,2.5
universal_osc,even_odd,_todd25,2,0.4375,7,24dd,330,False,1700,oscillated,-1,False,10,25,2.5
universal_osc,even_odd,_todd25,2,0.375,6,3774,299,False,1700,oscillated,-1,False,10,25,2.5
universal_osc,even_odd,_todd25,1,0.375,6,37dc,231,False,1700,oscillated,-1,False,10,25,2.5
universal_osc,even_odd,_todd25,0,0.375,6,448e,58e8,False,1700,oscillated,-1,False,10,25,2.5
universal_osc,even_odd,_todd25,0,0.375,6,4d66,5889,False,1700,oscillated,-1,False,10,25,2.5
universal_osc,even_odd,_todd25,0,0.3125,5,5d22,58cd,False,1700,oscillated,-1,False,10,25,2.5
universal_osc,even_odd,_todd25,0,0.375,6,5d8a,5865,False,1700,oscillated,-1,False,10,25,2.5
universal_osc,even_odd,_todd25,0,0.375,6,648c,58e8,False,1700,oscillated,-1,False,10,25,2.5
universal_osc,even_odd,_todd25,2,0.375,6,69b,374,False,1700,oscillated,-1,False,10,25,2.5
universal_osc,even_odd,_todd25,1,0.375,6,6bd3,a717,False,1700,oscillated,-1,False,10,25,2.5
universal_osc,even_odd,_todd25,0,0.3125,5,7867,fd8a,False,1700,oscillated,-1,False,10,25,2.5
universal_osc,even_odd,_todd25,0,0.375,6,7b66,fc8b,False,1700,oscillated,-1,False,10,25,2.5
universal_osc,even_odd,_todd25,0,0.4375,7,7bce,fc23,False,1700,oscillated,-1,False,10,25,2.5
universal_osc,even_odd,_todd25,0,0.3125,5,7d20,58cd,False,1700,oscillated,-1,False,10,25,2.5
universal_osc,even_odd,_todd25,0,0.375,6,7d88,5865,False,1700,oscillated,-1,False,10,25,2.5
universal_osc,even_odd,_todd25,2,0.4375,7,84dd,330,False,1700,oscillated,-1,False,10,25,2.5
universal_osc,even_odd,_todd25,2,0.375,6,8574,299,False,1700,oscillated,-1,False,10,25,2.5
universal_osc,even_odd,_todd25,2,0.4375,7,85dc,231,False,1700,oscillated,-1,False,10,25,2.5
universal_osc,even_odd,_todd25,1,0.3125,5,8bd3,a717,False,1700,oscillated,-1,False,10,25,2.5
universal_osc,even_odd,_todd25,2,0.375,6,a174,a69b,False,1700,oscillated,-1,False,10,25,2.5
universal_osc,even_odd,_todd25,2,0.375,6,a3dc,a633,False,1700,oscillated,-1,False,10,25,2.5
universal_osc,even_odd,_todd25,0,0.375,6,c1ae,fcea,False,1700,oscillated,-1,False,10,25,2.5
universal_osc,even_odd,_todd25,0,0.375,6,c966,fc8b,False,1700,oscillated,-1,False,10,25,2.5
universal_osc,even_odd,_todd25,0,0.4375,7,c9ce,fc23,False,1700,oscillated,-1,False,10,25,2.5
universal_osc,even_odd,_todd25,0,0.375,6,d8cf,fd22,False,1700,oscillated,-1,False,10,25,2.5
universal_osc,even_odd,_todd25,0,0.4375,7,dacf,fd22,False,1700,oscillated,-1,False,10,25,2.5
universal_osc,even_odd,_todd25,0,0.375,6,e1ac,fcea,False,1700,oscillated,-1,False,10,25,2.5
universal_osc,even_odd,_todd25,0,0.375,6,e964,fc8b,False,1700,oscillated,-1,False,10,25,2.5
universal_osc,even_odd,_todd25,0,0.4375,7,e9cc,fc23,False,1700,oscillated,-1,False,10,25,2.5
universal_osc,even_odd,_todd25,1,0.375,6,fde,231,False,1700,oscillated,-1,False,10,25,2.5
universal_osc,even_odd,_todd26,2,0.375,6,1776,3dc,False,1764,oscillated,-1,False,10,26,2.6
universal_osc,even_odd,_todd26,1,0.375,6,17de,374,False,1764,oscillated,-1,False,10,26,2.6
universal_osc,even_odd,_todd26,2,0.4375,7,24dd,275,False,1764,oscillated,-1,False,10,26,2.6
universal_osc,even_odd,_todd26,2,0.375,6,3774,3dc,False,1764,oscillated,-1,False,10,26,2.6
universal_osc,even_odd,_todd26,1,0.375,6,37dc,374,False,1764,oscillated,-1,False,10,26,2.6
universal_osc,even_odd,_todd26,0,0.375,6,448e,58e0,False,1764,oscillated,-1,False,10,26,2.6
universal_osc,even_odd,_todd26,0,0.375,6,4d66,59cc,False,1764,oscillated,-1,False,10,26,2.6
universal_osc,even_odd,_todd26,0,0.3125,5,5d22,5988,False,1764,oscillated,-1,False,10,26,2.6
universal_osc,even_odd,_todd26,0,0.375,6,5d8a,5920,False,1764,oscillated,-1,False,10,26,2.6
universal_osc,even_odd,_todd26,0,0.375,6,648c,58e0,False,1764,oscillated,-1,False,10,26,2.6
universal_osc,even_odd,_todd26,2,0.375,6,69b,231,False,1764,oscillated,-1,False,10,26,2.6
universal_osc,even_odd,_todd26,1,0.375,6,6bd3,a71f,False,1764,oscillated,-1,False,10,26,2.6
universal_osc,even_odd,_todd26,0,0.3125,5,7867,fccf,False,1764,oscillated,-1,False,10,26,2.6
universal_osc,even_odd,_todd26,0,0.375,6,7b66,fdce,False,1764,oscillated,-1,False,10,26,2.6
universal_osc,even_odd,_todd26,0,0.4375,7,7bce,fd66,False,1764,oscillated,-1,False,10,26,2.6
universal_osc,even_odd,_todd26,0,0.3125,5,7d20,5988,False,1764,oscillated,-1,False,10,26,2.6
universal_osc,even_odd,_todd26,0,0.375,6,7d88,5920,False,1764,oscillated,-1,False,10,26,2.6
universal_osc,even_odd,_todd26,2,0.4375,7,84dd,275,False,1764,oscillated,-1,False,10,26,2.6
universal_osc,even_odd,_todd26,2,0.375,6,8574,3dc,False,1764,oscillated,-1,False,10,26,2.6
universal_osc,even_odd,_todd26,2,0.4375,7,85dc,374,False,1764,oscillated,-1,False,10,26,2.6
universal_osc,even_odd,_todd26,1,0.3125,5,8bd3,a71f,False,1764,oscillated,-1,False,10,26,2.6
universal_osc,even_odd,_todd26,2,0.375,6,a174,a7de,False,1764,oscillated,-1,False,10,26,2.6
universal_osc,even_odd,_todd26,2,0.375,6,a3dc,a776,False,1764,oscillated,-1,False,10,26,2.6
universal_osc,even_odd,_todd26,0,0.375,6,c1ae,fce2,False,1764,oscillated,-1,False,10,26,2.6
universal_osc,even_odd,_todd26,0,0.375,6,c966,fdce,False,1764,oscillated,-1,False,10,26,2.6
universal_osc,even_odd,_todd26,0,0.4375,7,c9ce,fd66,False,1764,oscillated,-1,False,10,26,2.6
universal_osc,even_odd,_todd26,0,0.375,6,d8cf,fc67,False,1764,oscillated,-1,False,10,26,2.6
universal_osc,even_odd,_todd26,0,0.4375,7,dacf,fc67,False,1764,oscillated,-1,False,10,26,2.6
universal_osc,even_odd,_todd26,0,0.375,6,e1ac,fce2,False,1764,oscillated,-1,False,10,26,2.6
universal_osc,even_odd,_todd26,0,0.375,6,e964,fdce,False,1764,oscillated,-1,False,10,26,2.6
universal_osc,even_odd,_todd26,0,0.4375,7,e9cc,fd66,False,1764,oscillated,-1,False,10,26,2.6
universal_osc,even_odd,_todd26,1,0.375,6,fde,374,False,1764,oscillated,-1,False,10,26,2.6
universal_osc,even_odd,_todd27,2,0.375,6,1776,3dc,False,1828,oscillated,-1,False,10,27,2.7
universal_osc,even_odd,_todd27,1,0.375,6,17de,374,False,1828,oscillated,-1,False,10,27,2.7
universal_osc,even_odd,_todd27,2,0.4375,7,24dd,275,False,1828,oscillated,-1,False,10,27,2.7
universal_osc,even_odd,_todd27,2,0.375,6,3774,3dc,False,1828,oscillated,-1,False,10,27,2.7
universal_osc,even_odd,_todd27,1,0.375,6,37dc,374,False,1828,oscillated,-1,False,10,27,2.7
universal_osc,even_odd,_todd27,0,0.375,6,448e,5068,False,1828,oscillated,-1,False,10,27,2.7
universal_osc,even_odd,_todd27,0,0.375,6,4d66,59cc,False,1828,oscillated,-1,False,10,27,2.7
universal_osc,even_odd,_todd27,0,0.3125,5,5d22,5988,False,1828,oscillated,-1,False,10,27,2.7
universal_osc,even_odd,_todd27,0,0.375,6,5d8a,5920,False,1828,oscillated,-1,False,10,27,2.7
universal_osc,even_odd,_todd27,0,0.375,6,648c,5068,False,1828,oscillated,-1,False,10,27,2.7
universal_osc,even_odd,_todd27,2,0.375,6,69b,231,False,1828,oscillated,-1,False,10,27,2.7
universal_osc,even_odd,_todd27,1,0.375,6,6bd3,af97,False,1828,oscillated,-1,False,10,27,2.7
universal_osc,even_odd,_todd27,0,0.3125,5,7867,fccf,False,1828,oscillated,-1,False,10,27,2.7
universal_osc,even_odd,_todd27,0,0.375,6,7b66,fdce,False,1828,oscillated,-1,False,10,27,2.7
universal_osc,even_odd,_todd27,0,0.4375,7,7bce,fd66,False,1828,oscillated,-1,False,10,27,2.7
universal_osc,even_odd,_todd27,0,0.3125,5,7d20,5988,False,1828,oscillated,-1,False,10,27,2.7
universal_osc,even_odd,_todd27,0,0.375,6,7d88,5920,False,1828,oscillated,-1,False,10,27,2.7
universal_osc,even_odd,_todd27,2,0.4375,7,84dd,275,False,1828,oscillated,-1,False,10,27,2.7
universal_osc,even_odd,_todd27,2,0.375,6,8574,3dc,False,1828,oscillated,-1,False,10,27,2.7
universal_osc,even_odd,_todd27,2,0.4375,7,85dc,374,False,1828,oscillated,-1,False,10,27,2.7
universal_osc,even_odd,_todd27,1,0.3125,5,8bd3,af97,False,1828,oscillated,-1,False,10,27,2.7
universal_osc,even_odd,_todd27,2,0.375,6,a174,a7de,False,1828,oscillated,-1,False,10,27,2.7
universal_osc,even_odd,_todd27,2,0.375,6,a3dc,a776,False,1828,oscillated,-1,False,10,27,2.7
universal_osc,even_odd,_todd27,0,0.375,6,c1ae,f46a,False,1828,oscillated,-1,False,10,27,2.7
universal_osc,even_odd,_todd27,0,0.375,6,c966,fdce,False,1828,oscillated,-1,False,10,27,2.7
universal_osc,even_odd,_todd27,0,0.4375,7,c9ce,fd66,False,1828,oscillated,-1,False,10,27,2.7
universal_osc,even_odd,_todd27,0,0.375,6,d8cf,fc67,False,1828,oscillated,-1,False,10,27,2.7
universal_osc,even_odd,_todd27,0,0.4375,7,dacf,fc67,False,1828,oscillated,-1,False,10,27,2.7
universal_osc,even_odd,_todd27,0,0.375,6,e1ac,f46a,False,1828,oscillated,-1,False,10,27,2.7
universal_osc,even_odd,_todd27,0,0.375,6,e964,fdce,False,1828,oscillated,-1,False,10,27,2.7
universal_osc,even_odd,_todd27,0,0.4375,7,e9cc,fd66,False,1828,oscillated,-1,False,10,27,2.7
universal_osc,even_odd,_todd27,1,0.375,6,fde,374,False,1828,oscillated,-1,False,10,27,2.7
universal_osc,even_odd,_todd28,2,0.375,6,1776,299,False,1892,oscillated,-1,False,10,28,2.8
universal_osc,even_odd,_todd28,1,0.375,6,17de,231,False,1892,oscillated,-1,False,10,28,2.8
universal_osc,even_odd,_todd28,2,0.4375,7,24dd,330,False,1892,oscillated,-1,False,10,28,2.8
universal_osc,even_odd,_todd28,2,0.375,6,3774,299,False,1892,oscillated,-1,False,10,28,2.8
universal_osc,even_odd,_todd28,1,0.375,6,37dc,231,False,1892,oscillated,-1,False,10,28,2.8
universal_osc,even_odd,_todd28,0,0.375,6,448e,58e0,False,1892,oscillated,-1,False,10,28,2.8
universal_osc,even_odd,_todd28,0,0.375,6,4d66,5889,False,1892,oscillated,-1,False,10,28,2.8
universal_osc,even_odd,_todd28,0,0.3125,5,5d22,58cd,False,1892,oscillated,-1,False,10,28,2.8
universal_osc,even_odd,_todd28,0,0.375,6,5d8a,5865,False,1892,oscillated,-1,False,10,28,2.8
universal_osc,even_odd,_todd28,0,0.375,6,648c,58e0,False,1892,oscillated,-1,False,10,28,2.8
universal_osc,even_odd,_todd28,2,0.375,6,69b,374,False,1892,oscillated,-1,False,10,28,2.8
universal_osc,even_odd,_todd28,1,0.375,6,6bd3,a71f,False,1892,oscillated,-1,False,10,28,2.8
universal_osc,even_odd,_todd28,0,0.3125,5,7867,fd8a,False,1892,oscillated,-1,False,10,28,2.8
universal_osc,even_odd,_todd28,0,0.375,6,7b66,fc8b,False,1892,oscillated,-1,False,10,28,2.8
universal_osc,even_odd,_todd28,0,0.4375,7,7bce,fc23,False,1892,oscillated,-1,False,10,28,2.8
universal_osc,even_odd,_todd28,0,0.3125,5,7d20,58cd,False,1892,oscillated,-1,False,10,28,2.8
universal_osc,even_odd,_todd28,0,0.375,6,7d88,5865,False,1892,oscillated,-1,False,10,28,2.8
universal_osc,even_odd,_todd28,2,0.4375,7,84dd,330,False,1892,oscillated,-1,False,10,28,2.8
universal_osc,even_odd,_todd28,2,0.375,6,8574,299,False,1892,oscillated,-1,False,10,28,2.8
universal_osc,even_odd,_todd28,2,0.4375,7,85dc,231,False,1892,oscillated,-1,False,10,28,2.8
universal_osc,even_odd,_todd28,1,0.3125,5,8bd3,a71f,False,1892,oscillated,-1,False,10,28,2.8
universal_osc,even_odd,_todd28,2,0.375,6,a174,a69b,False,1892,oscillated,-1,False,10,28,2.8
universal_osc,even_odd,_todd28,2,0.375,6,a3dc,a633,False,1892,oscillated,-1,False,10,28,2.8
universal_osc,even_odd,_todd28,0,0.375,6,c1ae,fce2,False,1892,oscillated,-1,False,10,28,2.8
universal_osc,even_odd,_todd28,0,0.375,6,c966,fc8b,False,1892,oscillated,-1,False,10,28,2.8
universal_osc,even_odd,_todd28,0,0.4375,7,c9ce,fc23,False,1892,oscillated,-1,False,10,28,2.8
universal_osc,even_odd,_todd28,0,0.375,6,d8cf,fd22,False,1892,oscillated,-1,False,10,28,2.8
universal_osc,even_odd,_todd28,0,0.4375,7,dacf,fd22,False,1892,oscillated,-1,False,10,28,2.8
universal_osc,even_odd,_todd28,0,0.375,6,e1ac,fce2,False,1892,oscillated,-1,False,10,28,2.8
universal_osc,even_odd,_todd28,0,0.375,6,e964,fc8b,False,1892,oscillated,-1,False,10,28,2.8
universal_osc,even_odd,_todd28,0,0.4375,7,e9cc,fc23,False,1892,oscillated,-1,False,10,28,2.8
universal_osc,even_odd,_todd28,1,0.375,6,fde,231,False,1892,oscillated,-1,False,10,28,2.8
universal_osc,even_odd,_todd29,2,0.375,6,1776,299,False,1956,oscillated,-1,False,10,29,2.9
universal_osc,even_odd,_todd29,1,0.375,6,17de,231,False,1956,oscillated,-1,False,10,29,2.9
universal_osc,even_odd,_todd29,2,0.4375,7,24dd,330,False,1956,oscillated,-1,False,10,29,2.9
universal_osc,even_odd,_todd29,2,0.375,6,3774,299,False,1956,oscillated,-1,False,10,29,2.9
universal_osc,even_odd,_todd29,1,0.375,6,37dc,231,False,1956,oscillated,-1,False,10,29,2.9
universal_osc,even_odd,_todd29,0,0.375,6,448e,582c,False,1956,oscillated,-1,False,10,29,2.9
universal_osc,even_odd,_todd29,0,0.375,6,4d66,5889,False,1956,oscillated,-1,False,10,29,2.9
universal_osc,even_odd,_todd29,0,0.3125,5,5d22,58cd,False,1956,oscillated,-1,False,10,29,2.9
universal_osc,even_odd,_todd29,0,0.375,6,5d8a,5865,False,1956,oscillated,-1,False,10,29,2.9
universal_osc,even_odd,_todd29,0,0.375,6,648c,582c,False,1956,oscillated,-1,False,10,29,2.9
universal_osc,even_odd,_todd29,2,0.375,6,69b,374,False,1956,oscillated,-1,False,10,29,2.9
universal_osc,even_odd,_todd29,1,0.375,6,6bd3,a7d3,False,1956,oscillated,-1,False,10,29,2.9
universal_osc,even_odd,_todd29,0,0.3125,5,7867,fd8a,False,1956,oscillated,-1,False,10,29,2.9
universal_osc,even_odd,_todd29,0,0.375,6,7b66,fc8b,False,1956,oscillated,-1,False,10,29,2.9
universal_osc,even_odd,_todd29,0,0.4375,7,7bce,fc23,False,1956,oscillated,-1,False,10,29,2.9
universal_osc,even_odd,_todd29,0,0.3125,5,7d20,58cd,False,1956,oscillated,-1,False,10,29,2.9
universal_osc,even_odd,_todd29,0,0.375,6,7d88,5865,False,1956,oscillated,-1,False,10,29,2.9
universal_osc,even_odd,_todd29,2,0.4375,7,84dd,330,False,1956,oscillated,-1,False,10,29,2.9
universal_osc,even_odd,_todd29,2,0.375,6,8574,299,False,1956,oscillated,-1,False,10,29,2.9
universal_osc,even_odd,_todd29,2,0.4375,7,85dc,231,False,1956,oscillated,-1,False,10,29,2.9
universal_osc,even_odd,_todd29,1,0.3125,5,8bd3,a7d3,False,1956,oscillated,-1,False,10,29,2.9
universal_osc,even_odd,_todd29,2,0.375,6,a174,a69b,False,1956,oscillated,-1,False,10,29,2.9
universal_osc,even_odd,_todd29,2,0.375,6,a3dc,a633,False,1956,oscillated,-1,False,10,29,2.9
universal_osc,even_odd,_todd29,0,0.375,6,c1ae,fc2e,False,1956,oscillated,-1,False,10,29,2.9
universal_osc,even_odd,_todd29,0,0.375,6,c966,fc8b,False,1956,oscillated,-1,False,10,29,2.9
universal_osc,even_odd,_todd29,0,0.4375,7,c9ce,fc23,False,1956,oscillated,-1,False,10,29,2.9
universal_osc,even_odd,_todd29,0,0.375,6,d8cf,fd22,False,1956,oscillated,-1,False,10,29,2.9
universal_osc,even_odd,_todd29,0,0.4375,7,dacf,fd22,False,1956,oscillated,-1,False,10,29,2.9
universal_osc,even_odd,_todd29,0,0.375,6,e1ac,fc2e,False,1956,oscillated,-1,False,10,29,2.9
universal_osc,even_odd,_todd29,0,0.375,6,e964,fc8b,False,1956,oscillated,-1,False,10,29,2.9
universal_osc,even_odd,_todd29,0,0.4375,7,e9cc,fc23,False,1956,oscillated,-1,False,10,29,2.9
universal_osc,even_odd,_todd29,1,0.375,6,fde,231,False,1956,oscillated,-1,False,10,29,2.9
universal_osc,even_odd,_todd30,2,0.375,6,1776,299,False,2020,oscillated,-1,False,10,30,3.0
universal_osc,even_odd,_todd30,1,0.375,6,17de,231,False,2020,oscillated,-1,False,10,30,3.0
universal_osc,even_odd,_todd30,2,0.4375,7,24dd,330,False,2020,oscillated,-1,False,10,30,3.0
universal_osc,even_odd,_todd30,2,0.375,6,3774,299,False,2020,oscillated,-1,False,10,30,3.0
universal_osc,even_odd,_todd30,1,0.375,6,37dc,231,False,2020,oscillated,-1,False,10,30,3.0
universal_osc,even_odd,_todd30,0,0.375,6,448e,5068,False,2020,oscillated,-1,False,10,30,3.0
universal_osc,even_odd,_todd30,0,0.375,6,4d66,5889,False,2020,oscillated,-1,False,10,30,3.0
universal_osc,even_odd,_todd30,0,0.3125,5,5d22,58cd,False,2020,oscillated,-1,False,10,30,3.0
universal_osc,even_odd,_todd30,0,0.375,6,5d8a,5865,False,2020,oscillated,-1,False,10,30,3.0
universal_osc,even_odd,_todd30,0,0.375,6,648c,5068,False,2020,oscillated,-1,False,10,30,3.0
universal_osc,even_odd,_todd30,2,0.375,6,69b,374,False,2020,oscillated,-1,False,10,30,3.0
universal_osc,even_odd,_todd30,1,0.375,6,6bd3,af97,False,2020,oscillated,-1,False,10,30,3.0
universal_osc,even_odd,_todd30,0,0.3125,5,7867,fd8a,False,2020,oscillated,-1,False,10,30,3.0
universal_osc,even_odd,_todd30,0,0.375,6,7b66,fc8b,False,2020,oscillated,-1,False,10,30,3.0
universal_osc,even_odd,_todd30,0,0.4375,7,7bce,fc23,False,2020,oscillated,-1,False,10,30,3.0
universal_osc,even_odd,_todd30,0,0.3125,5,7d20,58cd,False,2020,oscillated,-1,False,10,30,3.0
universal_osc,even_odd,_todd30,0,0.375,6,7d88,5865,False,2020,oscillated,-1,False,10,30,3.0
universal_osc,even_odd,_todd30,2,0.4375,7,84dd,330,False,2020,oscillated,-1,False,10,30,3.0
universal_osc,even_odd,_todd30,2,0.375,6,8574,299,False,2020,oscillated,-1,False,10,30,3.0
universal_osc,even_odd,_todd30,2,0.4375,7,85dc,231,False,2020,oscillated,-1,False,10,30,3.0
universal_osc,even_odd,_todd30,1,0.3125,5,8bd3,af97,False,2020,oscillated,-1,False,10,30,3.0
universal_osc,even_odd,_todd30,2,0.375,6,a174,a69b,False,2020,oscillated,-1,False,10,30,3.0
universal_osc,even_odd,_todd30,2,0.375,6,a3dc,a633,False,2020,oscillated,-1,False,10,30,3.0
universal_osc,even_odd,_todd30,0,0.375,6,c1ae,f46a,False,2020,oscillated,-1,False,10,30,3.0
universal_osc,even_odd,_todd30,0,0.375,6,c966,fc8b,False,2020,oscillated,-1,False,10,30,3.0
universal_osc,even_odd,_todd30,0,0.4375,7,c9ce,fc23,False,2020,oscillated,-1,False,10,30,3.0
universal_osc,even_odd,_todd30,0,0.375,6,d8cf,fd22,False,2020,oscillated,-1,False,10,30,3.0
universal_osc,even_odd,_todd30,0,0.4375,7,dacf,fd22,False,2020,oscillated,-1,False,10,30,3.0
universal_osc,even_odd,_todd30,0,0.375,6,e1ac,f46a,False,2020,oscillated,-1,False,10,30,3.0
universal_osc,even_odd,_todd30,0,0.375,6,e964,fc8b,False,2020,oscillated,-1,False,10,30,3.0
universal_osc,even_odd,_todd30,0,0.4375,7,e9cc,fc23,False,2020,oscillated,-1,False,10,30,3.0
universal_osc,even_odd,_todd30,1,0.375,6,fde,231,False,2020,oscillated,-1,False,10,30,3.0
universal_osc,even_odd,_todd31,2,0.375,6,1776,3dc,False,2084,oscillated,-1,False,10,31,3.1
universal_osc,even_odd,_todd31,1,0.375,6,17de,374,False,2084,oscillated,-1,False,10,31,3.1
universal_osc,even_odd,_todd31,2,0.4375,7,24dd,275,False,2084,oscillated,-1,False,10,31,3.1
universal_osc,even_odd,_todd31,2,0.375,6,3774,3dc,False,2084,oscillated,-1,False,10,31,3.1
universal_osc,even_odd,_todd31,1,0.375,6,37dc,374,False,2084,oscillated,-1,False,10,31,3.1
universal_osc,even_odd,_todd31,0,0.375,6,448e,4068,True,62,spurious,-1,False,10,31,3.1
universal_osc,even_odd,_todd31,0,0.375,6,4d66,59cc,False,2084,oscillated,-1,False,10,31,3.1
universal_osc,even_odd,_todd31,0,0.3125,5,5d22,5988,False,2084,oscillated,-1,False,10,31,3.1
universal_osc,even_odd,_todd31,0,0.375,6,5d8a,5920,False,2084,oscillated,-1,False,10,31,3.1
universal_osc,even_odd,_todd31,0,0.375,6,648c,4068,True,62,spurious,-1,False,10,31,3.1
universal_osc,even_odd,_todd31,2,0.375,6,69b,231,False,2084,oscillated,-1,False,10,31,3.1
universal_osc,even_odd,_todd31,1,0.375,6,6bd3,bf97,True,62,spurious,-1,False,10,31,3.1
universal_osc,even_odd,_todd31,0,0.3125,5,7867,fccf,False,2084,oscillated,-1,False,10,31,3.1
universal_osc,even_odd,_todd31,0,0.375,6,7b66,fdce,False,2084,oscillated,-1,False,10,31,3.1
universal_osc,even_odd,_todd31,0,0.4375,7,7bce,fd66,False,2084,oscillated,-1,False,10,31,3.1
universal_osc,even_odd,_todd31,0,0.3125,5,7d20,5988,False,2084,oscillated,-1,False,10,31,3.1
universal_osc,even_odd,_todd31,0,0.375,6,7d88,5920,False,2084,oscillated,-1,False,10,31,3.1
universal_osc,even_odd,_todd31,2,0.4375,7,84dd,275,False,2084,oscillated,-1,False,10,31,3.1
universal_osc,even_odd,_todd31,2,0.375,6,8574,3dc,False,2084,oscillated,-1,False,10,31,3.1
universal_osc,even_odd,_todd31,2,0.4375,7,85dc,374,False,2084,oscillated,-1,False,10,31,3.1
universal_osc,even_odd,_todd31,1,0.3125,5,8bd3,bf97,True,62,spurious,-1,False,10,31,3.1
universal_osc,even_odd,_todd31,2,0.375,6,a174,a7de,False,2084,oscillated,-1,False,10,31,3.1
universal_osc,even_odd,_todd31,2,0.375,6,a3dc,a776,False,2084,oscillated,-1,False,10,31,3.1
universal_osc,even_odd,_todd31,0,0.375,6,c1ae,e46a,True,62,spurious,-1,False,10,31,3.1
universal_osc,even_odd,_todd31,0,0.375,6,c966,fdce,False,2084,oscillated,-1,False,10,31,3.1
universal_osc,even_odd,_todd31,0,0.4375,7,c9ce,fd66,False,2084,oscillated,-1,False,10,31,3.1
universal_osc,even_odd,_todd31,0,0.375,6,d8cf,fc67,False,2084,oscillated,-1,False,10,31,3.1
universal_osc,even_odd,_todd31,0,0.4375,7,dacf,fc67,False,2084,oscillated,-1,False,10,31,3.1
universal_osc,even_odd,_todd31,0,0.375,6,e1ac,e46a,True,62,spurious,-1,False,10,31,3.1
universal_osc,even_odd,_todd31,0,0.375,6,e964,fdce,False,2084,oscillated,-1,False,10,31,3.1
universal_osc,even_odd,_todd31,0,0.4375,7,e9cc,fd66,False,2084,oscillated,-1,False,10,31,3.1
universal_osc,even_odd,_todd31,1,0.375,6,fde,374,False,2084,oscillated,-1,False,10,31,3.1
universal_osc,even_odd,_todd32,2,0.375,6,1776,3dc,False,2148,oscillated,-1,False,10,32,3.2
universal_osc,even_odd,_todd32,1,0.375,6,17de,374,False,2148,oscillated,-1,False,10,32,3.2
universal_osc,even_odd,_todd32,2,0.4375,7,24dd,275,False,2148,oscillated,-1,False,10,32,3.2
universal_osc,even_odd,_todd32,2,0.375,6,3774,3dc,False,2148,oscillated,-1,False,10,32,3.2
universal_osc,even_odd,_todd32,1,0.375,6,37dc,374,False,2148,oscillated,-1,False,10,32,3.2
universal_osc,even_odd,_todd32,0,0.375,6,448e,4068,True,63,spurious,-1,False,10,32,3.2
universal_osc,even_odd,_todd32,0,0.375,6,4d66,59cc,False,2148,oscillated,-1,False,10,32,3.2
universal_osc,even_odd,_todd32,0,0.3125,5,5d22,5988,False,2148,oscillated,-1,False,10,32,3.2
universal_osc,even_odd,_todd32,0,0.375,6,5d8a,5920,False,2148,oscillated,-1,False,10,32,3.2
universal_osc,even_odd,_todd32,0,0.375,6,648c,4068,True,63,spurious,-1,False,10,32,3.2
universal_osc,even_odd,_todd32,2,0.375,6,69b,231,False,2148,oscillated,-1,False,10,32,3.2
universal_osc,even_odd,_todd32,1,0.375,6,6bd3,bf97,True,63,spurious,-1,False,10,32,3.2
universal_osc,even_odd,_todd32,0,0.3125,5,7867,fccf,False,2148,oscillated,-1,False,10,32,3.2
universal_osc,even_odd,_todd32,0,0.375,6,7b66,fdce,False,2148,oscillated,-1,False,10,32,3.2
universal_osc,even_odd,_todd32,0,0.4375,7,7bce,fd66,False,2148,oscillated,-1,False,10,32,3.2
universal_osc,even_odd,_todd32,0,0.3125,5,7d20,5988,False,2148,oscillated,-1,False,10,32,3.2
universal_osc,even_odd,_todd32,0,0.375,6,7d88,5920,False,2148,oscillated,-1,False,10,32,3.2
universal_osc,even_odd,_todd32,2,0.4375,7,84dd,275,False,2148,oscillated,-1,False,10,32,3.2
universal_osc,even_odd,_todd32,2,0.375,6,8574,3dc,False,2148,oscillated,-1,False,10,32,3.2
universal_osc,even_odd,_todd32,2,0.4375,7,85dc,374,False,2148,oscillated,-1,False,10,32,3.2
universal_osc,even_odd,_todd32,1,0.3125,5,8bd3,bf97,True,63,spurious,-1,False,10,32,3.2
universal_osc,even_odd,_todd32,2,0.375,6,a174,a7de,False,2148,oscillated,-1,False,10,32,3.2
universal_osc,even_odd,_todd32,2,0.375,6,a3dc,a776,False,2148,oscillated,-1,False,10,32,3.2
universal_osc,even_odd,_todd32,0,0.375,6,c1ae,e46a,True,63,spurious,-1,False,10,32,3.2
universal_osc,even_odd,_todd32,0,0.375,6,c966,fdce,False,2148,oscillated,-1,False,10,32,3.2
universal_osc,even_odd,_todd32,0,0.4375,7,c9ce,fd66,False,2148,oscillated,-1,False,10,32,3.2
universal_osc,even_odd,_todd32,0,0.375,6,d8cf,fc67,False,2148,oscillated,-1,False,10,32,3.2
universal_osc,even_odd,_todd32,0,0.4375,7,dacf,fc67,False,2148,oscillated,-1,False,10,32,3.2
universal_osc,even_odd,_todd32,0,0.375,6,e1ac,e46a,True,63,spurious,-1,False,10,32,3.2
universal_osc,even_odd,_todd32,0,0.375,6,e964,fdce,False,2148,oscillated,-1,False,10,32,3.2
universal_osc,even_odd,_todd32,0,0.4375,7,e9cc,fd66,False,2148,oscillated,-1,False,10,32,3.2
universal_osc,even_odd,_todd32,1,0.375,6,fde,374,False,2148,oscillated,-1,False,10,32,3.2
universal_osc,even_odd,_todd33,2,0.375,6,1776,299,False,2212,oscillated,-1,False,10,33,3.3
universal_osc,even_odd,_todd33,1,0.375,6,17de,231,False,2212,oscillated,-1,False,10,33,3.3
universal_osc,even_odd,_todd33,2,0.4375,7,24dd,330,False,2212,oscillated,-1,False,10,33,3.3
universal_osc,even_odd,_todd33,2,0.375,6,3774,299,False,2212,oscillated,-1,False,10,33,3.3
universal_osc,even_odd,_todd33,1,0.375,6,37dc,231,False,2212,oscillated,-1,False,10,33,3.3
universal_osc,even_odd,_todd33,0,0.375,6,448e,4068,True,64,spurious,-1,False,10,33,3.3
universal_osc,even_odd,_todd33,0,0.375,6,4d66,5889,False,2212,oscillated,-1,False,10,33,3.3
universal_osc,even_odd,_todd33,0,0.3125,5,5d22,58cd,False,2212,oscillated,-1,False,10,33,3.3
universal_osc,even_odd,_todd33,0,0.375,6,5d8a,5865,False,2212,oscillated,-1,False,10,33,3.3
universal_osc,even_odd,_todd33,0,0.375,6,648c,4068,True,64,spurious,-1,False,10,33,3.3
universal_osc,even_odd,_todd33,2,0.375,6,69b,374,False,2212,oscillated,-1,False,10,33,3.3
universal_osc,even_odd,_todd33,1,0.375,6,6bd3,bf97,True,64,spurious,-1,False,10,33,3.3
universal_osc,even_odd,_todd33,0,0.3125,5,7867,fd8a,False,2212,oscillated,-1,False,10,33,3.3
universal_osc,even_odd,_todd33,0,0.375,6,7b66,fc8b,False,2212,oscillated,-1,False,10,33,3.3
universal_osc,even_odd,_todd33,0,0.4375,7,7bce,fc23,False,2212,oscillated,-1,False,10,33,3.3
universal_osc,even_odd,_todd33,0,0.3125,5,7d20,58cd,False,2212,oscillated,-1,False,10,33,3.3
universal_osc,even_odd,_todd33,0,0.375,6,7d88,5865,False,2212,oscillated,-1,False,10,33,3.3
universal_osc,even_odd,_todd33,2,0.4375,7,84dd,330,False,2212,oscillated,-1,False,10,33,3.3
universal_osc,even_odd,_todd33,2,0.375,6,8574,299,False,2212,oscillated,-1,False,10,33,3.3
universal_osc,even_odd,_todd33,2,0.4375,7,85dc,231,False,2212,oscillated,-1,False,10,33,3.3
universal_osc,even_odd,_todd33,1,0.3125,5,8bd3,bf97,True,64,spurious,-1,False,10,33,3.3
universal_osc,even_odd,_todd33,2,0.375,6,a174,a69b,False,2212,oscillated,-1,False,10,33,3.3
universal_osc,even_odd,_todd33,2,0.375,6,a3dc,a633,False,2212,oscillated,-1,False,10,33,3.3
universal_osc,even_odd,_todd33,0,0.375,6,c1ae,e46a,True,64,spurious,-1,False,10,33,3.3
universal_osc,even_odd,_todd33,0,0.375,6,c966,fc8b,False,2212,oscillated,-1,False,10,33,3.3
universal_osc,even_odd,_todd33,0,0.4375,7,c9ce,fc23,False,2212,oscillated,-1,False,10,33,3.3
universal_osc,even_odd,_todd33,0,0.375,6,d8cf,fd22,False,2212,oscillated,-1,False,10,33,3.3
universal_osc,even_odd,_todd33,0,0.4375,7,dacf,fd22,False,2212,oscillated,-1,False,10,33,3.3
universal_osc,even_odd,_todd33,0,0.375,6,e1ac,e46a,True,64,spurious,-1,False,10,33,3.3
universal_osc,even_odd,_todd33,0,0.375,6,e964,fc8b,False,2212,oscillated,-1,False,10,33,3.3
universal_osc,even_odd,_todd33,0,0.4375,7,e9cc,fc23,False,2212,oscillated,-1,False,10,33,3.3
universal_osc,even_odd,_todd33,1,0.375,6,fde,231,False,2212,oscillated,-1,False,10,33,3.3
universal_osc,even_odd,_todd34,2,0.375,6,1776,231,False,2276,oscillated,-1,False,10,34,3.4
universal_osc,even_odd,_todd34,1,0.375,6,17de,299,False,2276,oscillated,-1,False,10,34,3.4
universal_osc,even_odd,_todd34,2,0.4375,7,24dd,398,False,2276,oscillated,-1,False,10,34,3.4
universal_osc,even_odd,_todd34,2,0.375,6,3774,231,False,2276,oscillated,-1,False,10,34,3.4
universal_osc,even_odd,_todd34,1,0.375,6,37dc,299,False,2276,oscillated,-1,False,10,34,3.4
universal_osc,even_odd,_todd34,0,0.375,6,448e,4068,True,65,spurious,-1,False,10,34,3.4
universal_osc,even_odd,_todd34,0,0.375,6,4d66,5821,False,2276,oscillated,-1,False,10,34,3.4
universal_osc,even_odd,_todd34,0,0.3125,5,5d22,5865,False,2276,oscillated,-1,False,10,34,3.4
universal_osc,even_odd,_todd34,0,0.375,6,5d8a,58cd,False,2276,oscillated,-1,False,10,34,3.4
universal_osc,even_odd,_todd34,0,0.375,6,648c,4068,True,65,spurious,-1,False,10,34,3.4
universal_osc,even_odd,_todd34,2,0.375,6,69b,3dc,False,2276,oscillated,-1,False,10,34,3.4
universal_osc,even_odd,_todd34,1,0.375,6,6bd3,bf97,True,65,spurious,-1,False,10,34,3.4
universal_osc,even_odd,_todd34,0,0.3125,5,7867,fd22,False,2276,oscillated,-1,False,10,34,3.4
universal_osc,even_odd,_todd34,0,0.375,6,7b66,fc23,False,2276,oscillated,-1,False,10,34,3.4
universal_osc,even_odd,_todd34,0,0.4375,7,7bce,fc8b,False,2276,oscillated,-1,False,10,34,3.4
universal_osc,even_odd,_todd34,0,0.3125,5,7d20,5865,False,2276,oscillated,-1,False,10,34,3.4
universal_osc,even_odd,_todd34,0,0.375,6,7d88,58cd,False,2276,oscillated,-1,False,10,34,3.4
universal_osc,even_odd,_todd34,2,0.4375,7,84dd,398,False,2276,oscillated,-1,False,10,34,3.4
universal_osc,even_odd,_todd34,2,0.375,6,8574,231,False,2276,oscillated,-1,False,10,34,3.4
universal_osc,even_odd,_todd34,2,0.4375,7,85dc,299,False,2276,oscillated,-1,False,10,34,3.4
universal_osc,even_odd,_todd34,1,0.3125,5,8bd3,bf97,True,65,spurious,-1,False,10,34,3.4
universal_osc,even_odd,_todd34,2,0.375,6,a174,a633,False,2276,oscillated,-1,False,10,34,3.4
universal_osc,even_odd,_todd34,2,0.375,6,a3dc,a69b,False,2276,oscillated,-1,False,10,34,3.4
universal_osc,even_odd,_todd34,0,0.375,6,c1ae,e46a,True,65,spurious,-1,False,10,34,3.4
universal_osc,even_odd,_todd34,0,0.375,6,c966,fc23,False,2276,oscillated,-1,False,10,34,3.4
universal_osc,even_odd,_todd34,0,0.4375,7,c9ce,fc8b,False,2276,oscillated,-1,False,10,34,3.4
universal_osc,even_odd,_todd34,0,0.375,6,d8cf,fd8a,False,2276,oscillated,-1,False,10,34,3.4
universal_osc,even_odd,_todd34,0,0.4375,7,dacf,fd8a,False,2276,oscillated,-1,False,10,34,3.4
universal_osc,even_odd,_todd34,0,0.375,6,e1ac,e46a,True,65,spurious,-1,False,10,34,3.4
universal_osc,even_odd,_todd34,0,0.375,6,e964,fc23,False,2276,oscillated,-1,False,10,34,3.4
universal_osc,even_odd,_todd34,0,0.4375,7,e9cc,fc8b,False,2276,oscillated,-1,False,10,34,3.4
universal_osc,even_odd,_todd34,1,0.375,6,fde,299,False,2276,oscillated,-1,False,10,34,3.4
universal_osc,even_odd,_todd35,2,0.375,6,1776,231,False,2340,oscillated,-1,False,10,35,3.5
universal_osc,even_odd,_todd35,1,0.375,6,17de,299,False,2340,oscillated,-1,False,10,35,3.5
universal_osc,even_odd,_todd35,2,0.4375,7,24dd,398,False,2340,oscillated,-1,False,10,35,3.5
universal_osc,even_odd,_todd35,2,0.375,6,3774,231,False,2340,oscillated,-1,False,10,35,3.5
universal_osc,even_odd,_todd35,1,0.375,6,37dc,299,False,2340,oscillated,-1,False,10,35,3.5
universal_osc,even_odd,_todd35,0,0.375,6,448e,4068,True,66,spurious,-1,False,10,35,3.5
universal_osc,even_odd,_todd35,0,0.375,6,4d66,5821,False,2340,oscillated,-1,False,10,35,3.5
universal_osc,even_odd,_todd35,0,0.3125,5,5d22,5865,False,2340,oscillated,-1,False,10,35,3.5
universal_osc,even_odd,_todd35,0,0.375,6,5d8a,58cd,False,2340,oscillated,-1,False,10,35,3.5
universal_osc,even_odd,_todd35,0,0.375,6,648c,4068,True,66,spurious,-1,False,10,35,3.5
universal_osc,even_odd,_todd35,2,0.375,6,69b,3dc,False,2340,oscillated,-1,False,10,35,3.5
universal_osc,even_odd,_todd35,1,0.375,6,6bd3,bf97,True,66,spurious,-1,False,10,35,3.5
universal_osc,even_odd,_todd35,0,0.3125,5,7867,fd22,False,2340,oscillated,-1,False,10,35,3.5
universal_osc,even_odd,_todd35,0,0.375,6,7b66,fc23,False,2340,oscillated,-1,False,10,35,3.5
universal_osc,even_odd,_todd35,0,0.4375,7,7bce,fc8b,False,2340,oscillated,-1,False,10,35,3.5
universal_osc,even_odd,_todd35,0,0.3125,5,7d20,5865,False,2340,oscillated,-1,False,10,35,3.5
universal_osc,even_odd,_todd35,0,0.375,6,7d88,58cd,False,2340,oscillated,-1,False,10,35,3.5
universal_osc,even_odd,_todd35,2,0.4375,7,84dd,398,False,2340,oscillated,-1,False,10,35,3.5
universal_osc,even_odd,_todd35,2,0.375,6,8574,231,False,2340,oscillated,-1,False,10,35,3.5
universal_osc,even_odd,_todd35,2,0.4375,7,85dc,299,False,2340,oscillated,-1,False,10,35,3.5
universal_osc,even_odd,_todd35,1,0.3125,5,8bd3,bf97,True,66,spurious,-1,False,10,35,3.5
universal_osc,even_odd,_todd35,2,0.375,6,a174,a633,False,2340,oscillated,-1,False,10,35,3.5
universal_osc,even_odd,_todd35,2,0.375,6,a3dc,a69b,False,2340,oscillated,-1,False,10,35,3.5
universal_osc,even_odd,_todd35,0,0.375,6,c1ae,e46a,True,66,spurious,-1,False,10,35,3.5
universal_osc,even_odd,_todd35,0,0.375,6,c966,fc23,False,2340,oscillated,-1,False,10,35,3.5
universal_osc,even_odd,_todd35,0,0.4375,7,c9ce,fc8b,False,2340,oscillated,-1,False,10,35,3.5
universal_osc,even_odd,_todd35,0,0.375,6,d8cf,fd8a,False,2340,oscillated,-1,False,10,35,3.5
universal_osc,even_odd,_todd35,0,0.4375,7,dacf,fd8a,False,2340,oscillated,-1,False,10,35,3.5
universal_osc,even_odd,_todd35,0,0.375,6,e1ac,e46a,True,66,spurious,-1,False,10,35,3.5
universal_osc,even_odd,_todd35,0,0.375,6,e964,fc23,False,2340,oscillated,-1,False,10,35,3.5
universal_osc,even_odd,_todd35,0,0.4375,7,e9cc,fc8b,False,2340,oscillated,-1,False,10,35,3.5
universal_osc,even_odd,_todd35,1,0.375,6,fde,299,False,2340,oscillated,-1,False,10,35,3.5
universal_osc,even_odd,_todd36,2,0.375,6,1776,374,False,2404,oscillated,-1,False,10,36,3.6
universal_osc,even_odd,_todd36,1,0.375,6,17de,3dc,False,2404,oscillated,-1,False,10,36,3.6
universal_osc,even_odd,_todd36,2,0.4375,7,24dd,2dd,False,2404,oscillated,-1,False,10,36,3.6
universal_osc,even_odd,_todd36,2,0.375,6,3774,374,False,2404,oscillated,-1,False,10,36,3.6
universal_osc,even_odd,_todd36,1,0.375,6,37dc,3dc,False,2404,oscillated,-1,False,10,36,3.6
universal_osc,even_odd,_todd36,0,0.375,6,448e,4068,True,67,spurious,-1,False,10,36,3.6
universal_osc,even_odd,_todd36,0,0.375,6,4d66,5964,False,2404,oscillated,-1,False,10,36,3.6
universal_osc,even_odd,_todd36,0,0.3125,5,5d22,5920,False,2404,oscillated,-1,False,10,36,3.6
universal_osc,even_odd,_todd36,0,0.375,6,5d8a,5988,False,2404,oscillated,-1,False,10,36,3.6
universal_osc,even_odd,_todd36,0,0.375,6,648c,4068,True,67,spurious,-1,False,10,36,3.6
universal_osc,even_odd,_todd36,2,0.375,6,69b,299,False,2404,oscillated,-1,False,10,36,3.6
universal_osc,even_odd,_todd36,1,0.375,6,6bd3,bf97,True,67,spurious,-1,False,10,36,3.6
universal_osc,even_odd,_todd36,0,0.3125,5,7867,fc67,False,2404,oscillated,-1,False,10,36,3.6
universal_osc,even_odd,_todd36,0,0.375,6,7b66,fd66,False,2404,oscillated,-1,False,10,36,3.6
universal_osc,even_odd,_todd36,0,0.4375,7,7bce,fdce,False,2404,oscillated,-1,False,10,36,3.6
universal_osc,even_odd,_todd36,0,0.3125,5,7d20,5920,False,2404,oscillated,-1,False,10,36,3.6
universal_osc,even_odd,_todd36,0,0.375,6,7d88,5988,False,2404,oscillated,-1,False,10,36,3.6
universal_osc,even_odd,_todd36,2,0.4375,7,84dd,2dd,False,2404,oscillated,-1,False,10,36,3.6
universal_osc,even_odd,_todd36,2,0.375,6,8574,374,False,2404,oscillated,-1,False,10,36,3.6
universal_osc,even_odd,_todd36,2,0.4375,7,85dc,3dc,False,2404,oscillated,-1,False,10,36,3.6
universal_osc,even_odd,_todd36,1,0.3125,5,8bd3,bf97,True,67,spurious,-1,False,10,36,3.6
universal_osc,even_odd,_todd36,2,0.375,6,a174,a776,False,2404,oscillated,-1,False,10,36,3.6
universal_osc,even_odd,_todd36,2,0.375,6,a3dc,a7de,False,2404,oscillated,-1,False,10,36,3.6
universal_osc,even_odd,_todd36,0,0.375,6,c1ae,e46a,True,67,spurious,-1,False,10,36,3.6
universal_osc,even_odd,_todd36,0,0.375,6,c966,fd66,False,2404,oscillated,-1,False,10,36,3.6
universal_osc,even_odd,_todd36,0,0.4375,7,c9ce,fdce,False,2404,oscillated,-1,False,10,36,3.6
universal_osc,even_odd,_todd36,0,0.375,6,d8cf,fccf,False,2404,oscillated,-1,False,10,36,3.6
universal_osc,even_odd,_todd36,0,0.4375,7,dacf,fccf,False,2404,oscillated,-1,False,10,36,3.6
universal_osc,even_odd,_todd36,0,0.375,6,e1ac,e46a,True,67,spurious,-1,False,10,36,3.6
universal_osc,even_odd,_todd36,0,0.375,6,e964,fd66,False,2404,oscillated,-1,False,10,36,3.6
universal_osc,even_odd,_todd36,0,0.4375,7,e9cc,fdce,False,2404,oscillated,-1,False,10,36,3.6
universal_osc,even_odd,_todd36,1,0.375,6,fde,3dc,False,2404,oscillated,-1,False,10,36,3.6
universal_osc,even_odd,_todd37,2,0.375,6,1776,374,False,2468,oscillated,-1,False,10,37,3.7
universal_osc,even_odd,_todd37,1,0.375,6,17de,3dc,False,2468,oscillated,-1,False,10,37,3.7
universal_osc,even_odd,_todd37,2,0.4375,7,24dd,2dd,False,2468,oscillated,-1,False,10,37,3.7
universal_osc,even_odd,_todd37,2,0.375,6,3774,374,False,2468,oscillated,-1,False,10,37,3.7
universal_osc,even_odd,_todd37,1,0.375,6,37dc,3dc,False,2468,oscillated,-1,False,10,37,3.7
universal_osc,even_odd,_todd37,0,0.375,6,448e,4068,True,68,spurious,-1,False,10,37,3.7
universal_osc,even_odd,_todd37,0,0.375,6,4d66,5964,False,2468,oscillated,-1,False,10,37,3.7
universal_osc,even_odd,_todd37,0,0.3125,5,5d22,5920,False,2468,oscillated,-1,False,10,37,3.7
universal_osc,even_odd,_todd37,0,0.375,6,5d8a,5988,False,2468,oscillated,-1,False,10,37,3.7
universal_osc,even_odd,_todd37,0,0.375,6,648c,4068,True,68,spurious,-1,False,10,37,3.7
universal_osc,even_odd,_todd37,2,0.375,6,69b,299,False,2468,oscillated,-1,False,10,37,3.7
universal_osc,even_odd,_todd37,1,0.375,6,6bd3,bf97,True,68,spurious,-1,False,10,37,3.7
universal_osc,even_odd,_todd37,0,0.3125,5,7867,fc67,False,2468,oscillated,-1,False,10,37,3.7
universal_osc,even_odd,_todd37,0,0.375,6,7b66,fd66,False,2468,oscillated,-1,False,10,37,3.7
universal_osc,even_odd,_todd37,0,0.4375,7,7bce,fdce,False,2468,oscillated,-1,False,10,37,3.7
universal_osc,even_odd,_todd37,0,0.3125,5,7d20,5920,False,2468,oscillated,-1,False,10,37,3.7
universal_osc,even_odd,_todd37,0,0.375,6,7d88,5988,False,2468,oscillated,-1,False,10,37,3.7
universal_osc,even_odd,_todd37,2,0.4375,7,84dd,2dd,False,2468,oscillated,-1,False,10,37,3.7
universal_osc,even_odd,_todd37,2,0.375,6,8574,374,False,2468,oscillated,-1,False,10,37,3.7
universal_osc,even_odd,_todd37,2,0.4375,7,85dc,3dc,False,2468,oscillated,-1,False,10,37,3.7
universal_osc,even_odd,_todd37,1,0.3125,5,8bd3,bf97,True,68,spurious,-1,False,10,37,3.7
universal_osc,even_odd,_todd37,2,0.375,6,a174,a776,False,2468,oscillated,-1,False,10,37,3.7
universal_osc,even_odd,_todd37,2,0.375,6,a3dc,a7de,False,2468,oscillated,-1,False,10,37,3.7
universal_osc,even_odd,_todd37,0,0.375,6,c1ae,e46a,True,68,spurious,-1,False,10,37,3.7
universal_osc,even_odd,_todd37,0,0.375,6,c966,fd66,False,2468,oscillated,-1,False,10,37,3.7
universal_osc,even_odd,_todd37,0,0.4375,7,c9ce,fdce,False,2468,oscillated,-1,False,10,37,3.7
universal_osc,even_odd,_todd37,0,0.375,6,d8cf,fccf,False,2468,oscillated,-1,False,10,37,3.7
universal_osc,even_odd,_todd37,0,0.4375,7,dacf,fccf,False,2468,oscillated,-1,False,10,37,3.7
universal_osc,even_odd,_todd37,0,0.375,6,e1ac,e46a,True,68,spurious,-1,False,10,37,3.7
universal_osc,even_odd,_todd37,0,0.375,6,e964,fd66,False,2468,oscillated,-1,False,10,37,3.7
universal_osc,even_odd,_todd37,0,0.4375,7,e9cc,fdce,False,2468,oscillated,-1,False,10,37,3.7
universal_osc,even_odd,_todd37,1,0.375,6,fde,3dc,False,2468,oscillated,-1,False,10,37,3.7
universal_osc,even_odd,_todd38,2,0.375,6,1776,231,False,2532,oscillated,-1,False,10,38,3.8
universal_osc,even_odd,_todd38,1,0.375,6,17de,299,False,2532,oscillated,-1,False,10,38,3.8
universal_osc,even_odd,_todd38,2,0.4375,7,24dd,398,False,2532,oscillated,-1,False,10,38,3.8
universal_osc,even_odd,_todd38,2,0.375,6,3774,231,False,2532,oscillated,-1,False,10,38,3.8
universal_osc,even_odd,_todd38,1,0.375,6,37dc,299,False,2532,oscillated,-1,False,10,38,3.8
universal_osc,even_odd,_todd38,0,0.375,6,448e,4068,True,69,spurious,-1,False,10,38,3.8
universal_osc,even_odd,_todd38,0,0.375,6,4d66,5821,False,2532,oscillated,-1,False,10,38,3.8
universal_osc,even_odd,_todd38,0,0.3125,5,5d22,5865,False,2532,oscillated,-1,False,10,38,3.8
universal_osc,even_odd,_todd38,0,0.375,6,5d8a,58cd,False,2532,oscillated,-1,False,10,38,3.8
universal_osc,even_odd,_todd38,0,0.375,6,648c,4068,True,69,spurious,-1,False,10,38,3.8
universal_osc,even_odd,_todd38,2,0.375,6,69b,3dc,False,2532,oscillated,-1,False,10,38,3.8
universal_osc,even_odd,_todd38,1,0.375,6,6bd3,bf97,True,69,spurious,-1,False,10,38,3.8
universal_osc,even_odd,_todd38,0,0.3125,5,7867,fd22,False,2532,oscillated,-1,False,10,38,3.8
universal_osc,even_odd,_todd38,0,0.375,6,7b66,fc23,False,2532,oscillated,-1,False,10,38,3.8
universal_osc,even_odd,_todd38,0,0.4375,7,7bce,fc8b,False,2532,oscillated,-1,False,10,38,3.8
universal_osc,even_odd,_todd38,0,0.3125,5,7d20,5865,False,2532,oscillated,-1,False,10,38,3.8
universal_osc,even_odd,_todd38,0,0.375,6,7d88,58cd,False,2532,oscillated,-1,False,10,38,3.8
universal_osc,even_odd,_todd38,2,0.4375,7,84dd,398,False,2532,oscillated,-1,False,10,38,3.8
universal_osc,even_odd,_todd38,2,0.375,6,8574,231,False,2532,oscillated,-1,False,10,38,3.8
universal_osc,even_odd,_todd38,2,0.4375,7,85dc,299,False,2532,oscillated,-1,False,10,38,3.8
universal_osc,even_odd,_todd38,1,0.3125,5,8bd3,bf97,True,69,spurious,-1,False,10,38,3.8
universal_osc,even_odd,_todd38,2,0.375,6,a174,a633,False,2532,oscillated,-1,False,10,38,3.8
universal_osc,even_odd,_todd38,2,0.375,6,a3dc,a69b,False,2532,oscillated,-1,False,10,38,3.8
universal_osc,even_odd,_todd38,0,0.375,6,c1ae,e46a,True,69,spurious,-1,False,10,38,3.8
universal_osc,even_odd,_todd38,0,0.375,6,c966,fc23,False,2532,oscillated,-1,False,10,38,3.8
universal_osc,even_odd,_todd38,0,0.4375,7,c9ce,fc8b,False,2532,oscillated,-1,False,10,38,3.8
universal_osc,even_odd,_todd38,0,0.375,6,d8cf,fd8a,False,2532,oscillated,-1,False,10,38,3.8
universal_osc,even_odd,_todd38,0,0.4375,7,dacf,fd8a,False,2532,oscillated,-1,False,10,38,3.8
universal_osc,even_odd,_todd38,0,0.375,6,e1ac,e46a,True,69,spurious,-1,False,10,38,3.8
universal_osc,even_odd,_todd38,0,0.375,6,e964,fc23,False,2532,oscillated,-1,False,10,38,3.8
universal_osc,even_odd,_todd38,0,0.4375,7,e9cc,fc8b,False,2532,oscillated,-1,False,10,38,3.8
universal_osc,even_odd,_todd38,1,0.375,6,fde,299,False,2532,oscillated,-1,False,10,38,3.8
universal_osc,even_odd,_todd39,2,0.375,6,1776,231,False,2596,oscillated,-1,False,10,39,3.9
universal_osc,even_odd,_todd39,1,0.375,6,17de,299,False,2596,oscillated,-1,False,10,39,3.9
universal_osc,even_odd,_todd39,2,0.4375,7,24dd,398,False,2596,oscillated,-1,False,10,39,3.9
universal_osc,even_odd,_todd39,2,0.375,6,3774,231,False,2596,oscillated,-1,False,10,39,3.9
universal_osc,even_odd,_todd39,1,0.375,6,37dc,299,False,2596,oscillated,-1,False,10,39,3.9
universal_osc,even_odd,_todd39,0,0.375,6,448e,4068,True,70,spurious,-1,False,10,39,3.9
universal_osc,even_odd,_todd39,0,0.375,6,4d66,5821,False,2596,oscillated,-1,False,10,39,3.9
universal_osc,even_odd,_todd39,0,0.3125,5,5d22,5865,False,2596,oscillated,-1,False,10,39,3.9
universal_osc,even_odd,_todd39,0,0.375,6,5d8a,58cd,False,2596,oscillated,-1,False,10,39,3.9
universal_osc,even_odd,_todd39,0,0.375,6,648c,4068,True,70,spurious,-1,False,10,39,3.9
universal_osc,even_odd,_todd39,2,0.375,6,69b,3dc,False,2596,oscillated,-1,False,10,39,3.9
universal_osc,even_odd,_todd39,1,0.375,6,6bd3,bf97,True,70,spurious,-1,False,10,39,3.9
universal_osc,even_odd,_todd39,0,0.3125,5,7867,fd22,False,2596,oscillated,-1,False,10,39,3.9
universal_osc,even_odd,_todd39,0,0.375,6,7b66,fc23,False,2596,oscillated,-1,False,10,39,3.9
universal_osc,even_odd,_todd39,0,0.4375,7,7bce,fc8b,False,2596,oscillated,-1,False,10,39,3.9
universal_osc,even_odd,_todd39,0,0.3125,5,7d20,5865,False,2596,oscillated,-1,False,10,39,3.9
universal_osc,even_odd,_todd39,0,0.375,6,7d88,58cd,False,2596,oscillated,-1,False,10,39,3.9
universal_osc,even_odd,_todd39,2,0.4375,7,84dd,398,False,2596,oscillated,-1,False,10,39,3.9
universal_osc,even_odd,_todd39,2,0.375,6,8574,231,False,2596,oscillated,-1,False,10,39,3.9
universal_osc,even_odd,_todd39,2,0.4375,7,85dc,299,False,2596,oscillated,-1,False,10,39,3.9
universal_osc,even_odd,_todd39,1,0.3125,5,8bd3,bf97,True,70,spurious,-1,False,10,39,3.9
universal_osc,even_odd,_todd39,2,0.375,6,a174,a633,False,2596,oscillated,-1,False,10,39,3.9
universal_osc,even_odd,_todd39,2,0.375,6,a3dc,a69b,False,2596,oscillated,-1,False,10,39,3.9
universal_osc,even_odd,_todd39,0,0.375,6,c1ae,e46a,True,70,spurious,-1,False,10,39,3.9
universal_osc,even_odd,_todd39,0,0.375,6,c966,fc23,False,2596,oscillated,-1,False,10,39,3.9
universal_osc,even_odd,_todd39,0,0.4375,7,c9ce,fc8b,False,2596,oscillated,-1,False,10,39,3.9
universal_osc,even_odd,_todd39,0,0.375,6,d8cf,fd8a,False,2596,oscillated,-1,False,10,39,3.9
universal_osc,even_odd,_todd39,0,0.4375,7,dacf,fd8a,False,2596,oscillated,-1,False,10,39,3.9
universal_osc,even_odd,_todd39,0,0.375,6,e1ac,e46a,True,70,spurious,-1,False,10,39,3.9
universal_osc,even_odd,_todd39,0,0.375,6,e964,fc23,False,2596,oscillated,-1,False,10,39,3.9
universal_osc,even_odd,_todd39,0,0.4375,7,e9cc,fc8b,False,2596,oscillated,-1,False,10,39,3.9
universal_osc,even_odd,_todd39,1,0.375,6,fde,299,False,2596,oscillated,-1,False,10,39,3.9
universal_osc,even_odd,_todd40,2,0.375,6,1776,231,False,2660,oscillated,-1,False,10,40,4.0
universal_osc,even_odd,_todd40,1,0.375,6,17de,299,False,2660,oscillated,-1,False,10,40,4.0
universal_osc,even_odd,_todd40,2,0.4375,7,24dd,398,False,2660,oscillated,-1,False,10,40,4.0
universal_osc,even_odd,_todd40,2,0.375,6,3774,231,False,2660,oscillated,-1,False,10,40,4.0
universal_osc,even_odd,_todd40,1,0.375,6,37dc,299,False,2660,oscillated,-1,False,10,40,4.0
universal_osc,even_odd,_todd40,0,0.375,6,448e,4068,True,71,spurious,-1,False,10,40,4.0
universal_osc,even_odd,_todd40,0,0.375,6,4d66,5821,False,2660,oscillated,-1,False,10,40,4.0
universal_osc,even_odd,_todd40,0,0.3125,5,5d22,5865,False,2660,oscillated,-1,False,10,40,4.0
universal_osc,even_odd,_todd40,0,0.375,6,5d8a,58cd,False,2660,oscillated,-1,False,10,40,4.0
universal_osc,even_odd,_todd40,0,0.375,6,648c,4068,True,71,spurious,-1,False,10,40,4.0
universal_osc,even_odd,_todd40,2,0.375,6,69b,3dc,False,2660,oscillated,-1,False,10,40,4.0
universal_osc,even_odd,_todd40,1,0.375,6,6bd3,bf97,True,71,spurious,-1,False,10,40,4.0
universal_osc,even_odd,_todd40,0,0.3125,5,7867,fd22,False,2660,oscillated,-1,False,10,40,4.0
universal_osc,even_odd,_todd40,0,0.375,6,7b66,fc23,False,2660,oscillated,-1,False,10,40,4.0
universal_osc,even_odd,_todd40,0,0.4375,7,7bce,fc8b,False,2660,oscillated,-1,False,10,40,4.0
universal_osc,even_odd,_todd40,0,0.3125,5,7d20,5865,False,2660,oscillated,-1,False,10,40,4.0
universal_osc,even_odd,_todd40,0,0.375,6,7d88,58cd,False,2660,oscillated,-1,False,10,40,4.0
universal_osc,even_odd,_todd40,2,0.4375,7,84dd,398,False,2660,oscillated,-1,False,10,40,4.0
universal_osc,even_odd,_todd40,2,0.375,6,8574,231,False,2660,oscillated,-1,False,10,40,4.0
universal_osc,even_odd,_todd40,2,0.4375,7,85dc,299,False,2660,oscillated,-1,False,10,40,4.0
universal_osc,even_odd,_todd40,1,0.3125,5,8bd3,bf97,True,71,spurious,-1,False,10,40,4.0
universal_osc,even_odd,_todd40,2,0.375,6,a174,a633,False,2660,oscillated,-1,False,10,40,4.0
universal_osc,even_odd,_todd40,2,0.375,6,a3dc,a69b,False,2660,oscillated,-1,False,10,40,4.0
universal_osc,even_odd,_todd40,0,0.375,6,c1ae,e46a,True,71,spurious,-1,False,10,40,4.0
universal_osc,even_odd,_todd40,0,0.375,6,c966,fc23,False,2660,oscillated,-1,False,10,40,4.0
universal_osc,even_odd,_todd40,0,0.4375,7,c9ce,fc8b,False,2660,oscillated,-1,False,10,40,4.0
universal_osc,even_odd,_todd40,0,0.375,6,d8cf,fd8a,False,2660,oscillated,-1,False,10,40,4.0
universal_osc,even_odd,_todd40,0,0.4375,7,dacf,fd8a,False,2660,oscillated,-1,False,10,40,4.0
universal_osc,even_odd,_todd40,0,0.375,6,e1ac,e46a,True,71,spurious,-1,False,10,40,4.0
universal_osc,even_odd,_todd40,0,0.375,6,e964,fc23,False,2660,oscillated,-1,False,10,40,4.0
universal_osc,even_odd,_todd40,0,0.4375,7,e9cc,fc8b,False,2660,oscillated,-1,False,10,40,4.0
universal_osc,even_odd,_todd40,1,0.375,6,fde,299,False,2660,oscillated,-1,False,10,40,4.0
universal_osc,even_odd,_todd41,2,0.375,6,1776,374,False,2724,oscillated,-1,False,10,41,4.1
universal_osc,even_odd,_todd41,1,0.375,6,17de,3dc,False,2724,oscillated,-1,False,10,41,4.1
universal_osc,even_odd,_todd41,2,0.4375,7,24dd,2dd,False,2724,oscillated,-1,False,10,41,4.1
universal_osc,even_odd,_todd41,2,0.375,6,3774,374,False,2724,oscillated,-1,False,10,41,4.1
universal_osc,even_odd,_todd41,1,0.375,6,37dc,3dc,False,2724,oscillated,-1,False,10,41,4.1
universal_osc,even_odd,_todd41,0,0.375,6,448e,4068,True,72,spurious,-1,False,10,41,4.1
universal_osc,even_odd,_todd41,0,0.375,6,4d66,5964,False,2724,oscillated,-1,False,10,41,4.1
universal_osc,even_odd,_todd41,0,0.3125,5,5d22,5920,False,2724,oscillated,-1,False,10,41,4.1
universal_osc,even_odd,_todd41,0,0.375,6,5d8a,5988,False,2724,oscillated,-1,False,10,41,4.1
universal_osc,even_odd,_todd41,0,0.375,6,648c,4068,True,72,spurious,-1,False,10,41,4.1
universal_osc,even_odd,_todd41,2,0.375,6,69b,299,False,2724,oscillated,-1,False,10,41,4.1
universal_osc,even_odd,_todd41,1,0.375,6,6bd3,bf97,True,72,spurious,-1,False,10,41,4.1
universal_osc,even_odd,_todd41,0,0.3125,5,7867,fc67,False,2724,oscillated,-1,False,10,41,4.1
universal_osc,even_odd,_todd41,0,0.375,6,7b66,fd66,False,2724,oscillated,-1,False,10,41,4.1
universal_osc,even_odd,_todd41,0,0.4375,7,7bce,fdce,False,2724,oscillated,-1,False,10,41,4.1
universal_osc,even_odd,_todd41,0,0.3125,5,7d20,5920,False,2724,oscillated,-1,False,10,41,4.1
universal_osc,even_odd,_todd41,0,0.375,6,7d88,5988,False,2724,oscillated,-1,False,10,41,4.1
universal_osc,even_odd,_todd41,2,0.4375,7,84dd,2dd,False,2724,oscillated,-1,False,10,41,4.1
universal_osc,even_odd,_todd41,2,0.375,6,8574,374,False,2724,oscillated,-1,False,10,41,4.1
universal_osc,even_odd,_todd41,2,0.4375,7,85dc,3dc,False,2724,oscillated,-1,False,10,41,4.1
universal_osc,even_odd,_todd41,1,0.3125,5,8bd3,bf97,True,72,spurious,-1,False,10,41,4.1
universal_osc,even_odd,_todd41,2,0.375,6,a174,a776,False,2724,oscillated,-1,False,10,41,4.1
universal_osc,even_odd,_todd41,2,0.375,6,a3dc,a7de,False,2724,oscillated,-1,False,10,41,4.1
universal_osc,even_odd,_todd41,0,0.375,6,c1ae,e46a,True,72,spurious,-1,False,10,41,4.1
universal_osc,even_odd,_todd41,0,0.375,6,c966,fd66,False,2724,oscillated,-1,False,10,41,4.1
universal_osc,even_odd,_todd41,0,0.4375,7,c9ce,fdce,False,2724,oscillated,-1,False,10,41,4.1
universal_osc,even_odd,_todd41,0,0.375,6,d8cf,fccf,False,2724,oscillated,-1,False,10,41,4.1
universal_osc,even_odd,_todd41,0,0.4375,7,dacf,fccf,False,2724,oscillated,-1,False,10,41,4.1
universal_osc,even_odd,_todd41,0,0.375,6,e1ac,e46a,True,72,spurious,-1,False,10,41,4.1
universal_osc,even_odd,_todd41,0,0.375,6,e964,fd66,False,2724,oscillated,-1,False,10,41,4.1
universal_osc,even_odd,_todd41,0,0.4375,7,e9cc,fdce,False,2724,oscillated,-1,False,10,41,4.1
universal_osc,even_odd,_todd41,1,0.375,6,fde,3dc,False,2724,oscillated,-1,False,10,41,4.1
universal_osc,even_odd,_todd42,2,0.375,6,1776,374,False,2788,oscillated,-1,False,10,42,4.2
universal_osc,even_odd,_todd42,1,0.375,6,17de,3dc,False,2788,oscillated,-1,False,10,42,4.2
universal_osc,even_odd,_todd42,2,0.4375,7,24dd,2dd,False,2788,oscillated,-1,False,10,42,4.2
universal_osc,even_odd,_todd42,2,0.375,6,3774,374,False,2788,oscillated,-1,False,10,42,4.2
universal_osc,even_odd,_todd42,1,0.375,6,37dc,3dc,False,2788,oscillated,-1,False,10,42,4.2
universal_osc,even_odd,_todd42,0,0.375,6,448e,4068,True,73,spurious,-1,False,10,42,4.2
universal_osc,even_odd,_todd42,0,0.375,6,4d66,5964,False,2788,oscillated,-1,False,10,42,4.2
universal_osc,even_odd,_todd42,0,0.3125,5,5d22,5920,False,2788,oscillated,-1,False,10,42,4.2
universal_osc,even_odd,_todd42,0,0.375,6,5d8a,5988,False,2788,oscillated,-1,False,10,42,4.2
universal_osc,even_odd,_todd42,0,0.375,6,648c,4068,True,73,spurious,-1,False,10,42,4.2
universal_osc,even_odd,_todd42,2,0.375,6,69b,299,False,2788,oscillated,-1,False,10,42,4.2
universal_osc,even_odd,_todd42,1,0.375,6,6bd3,bf97,True,73,spurious,-1,False,10,42,4.2
universal_osc,even_odd,_todd42,0,0.3125,5,7867,fc67,False,2788,oscillated,-1,False,10,42,4.2
universal_osc,even_odd,_todd42,0,0.375,6,7b66,fd66,False,2788,oscillated,-1,False,10,42,4.2
universal_osc,even_odd,_todd42,0,0.4375,7,7bce,fdce,False,2788,oscillated,-1,False,10,42,4.2
universal_osc,even_odd,_todd42,0,0.3125,5,7d20,5920,False,2788,oscillated,-1,False,10,42,4.2
universal_osc,even_odd,_todd42,0,0.375,6,7d88,5988,False,2788,oscillated,-1,False,10,42,4.2
universal_osc,even_odd,_todd42,2,0.4375,7,84dd,2dd,False,2788,oscillated,-1,False,10,42,4.2
universal_osc,even_odd,_todd42,2,0.375,6,8574,374,False,2788,oscillated,-1,False,10,42,4.2
universal_osc,even_odd,_todd42,2,0.4375,7,85dc,3dc,False,2788,oscillated,-1,False,10,42,4.2
universal_osc,even_odd,_todd42,1,0.3125,5,8bd3,bf97,True,73,spurious,-1,False,10,42,4.2
universal_osc,even_odd,_todd42,2,0.375,6,a174,a776,False,2788,oscillated,-1,False,10,42,4.2
universal_osc,even_odd,_todd42,2,0.375,6,a3dc,a7de,False,2788,oscillated,-1,False,10,42,4.2
universal_osc,even_odd,_todd42,0,0.375,6,c1ae,e46a,True,73,spurious,-1,False,10,42,4.2
universal_osc,even_odd,_todd42,0,0.375,6,c966,fd66,False,2788,oscillated,-1,False,10,42,4.2
universal_osc,even_odd,_todd42,0,0.4375,7,c9ce,fdce,False,2788,oscillated,-1,False,10,42,4.2
universal_osc,even_odd,_todd42,0,0.375,6,d8cf,fccf,False,2788,oscillated,-1,False,10,42,4.2
universal_osc,even_odd,_todd42,0,0.4375,7,dacf,fccf,False,2788,oscillated,-1,False,10,42,4.2
universal_osc,even_odd,_todd42,0,0.375,6,e1ac,e46a,True,73,spurious,-1,False,10,42,4.2
universal_osc,even_odd,_todd42,0,0.375,6,e964,fd66,False,2788,oscillated,-1,False,10,42,4.2
universal_osc,even_odd,_todd42,0,0.4375,7,e9cc,fdce,False,2788,oscillated,-1,False,10,42,4.2
universal_osc,even_odd,_todd42,1,0.375,6,fde,3dc,False,2788,oscillated,-1,False,10,42,4.2
universal_osc,even_odd,_todd43,2,0.375,6,1776,231,False,2852,oscillated,-1,False,10,43,4.3
universal_osc,even_odd,_todd43,1,0.375,6,17de,299,False,2852,oscillated,-1,False,10,43,4.3
universal_osc,even_odd,_todd43,2,0.4375,7,24dd,398,False,2852,oscillated,-1,False,10,43,4.3
universal_osc,even_odd,_todd43,2,0.375,6,3774,231,False,2852,oscillated,-1,False,10,43,4.3
universal_osc,even_odd,_todd43,1,0.375,6,37dc,299,False,2852,oscillated,-1,False,10,43,4.3
universal_osc,even_odd,_todd43,0,0.375,6,448e,4068,True,74,spurious,-1,False,10,43,4.3
universal_osc,even_odd,_todd43,0,0.375,6,4d66,5821,False,2852,oscillated,-1,False,10,43,4.3
universal_osc,even_odd,_todd43,0,0.3125,5,5d22,5865,False,2852,oscillated,-1,False,10,43,4.3
universal_osc,even_odd,_todd43,0,0.375,6,5d8a,58cd,False,2852,oscillated,-1,False,10,43,4.3
universal_osc,even_odd,_todd43,0,0.375,6,648c,4068,True,74,spurious,-1,False,10,43,4.3
universal_osc,even_odd,_todd43,2,0.375,6,69b,3dc,False,2852,oscillated,-1,False,10,43,4.3
universal_osc,even_odd,_todd43,1,0.375,6,6bd3,bf97,True,74,spurious,-1,False,10,43,4.3
universal_osc,even_odd,_todd43,0,0.3125,5,7867,fd22,False,2852,oscillated,-1,False,10,43,4.3
universal_osc,even_odd,_todd43,0,0.375,6,7b66,fc23,False,2852,oscillated,-1,False,10,43,4.3
universal_osc,even_odd,_todd43,0,0.4375,7,7bce,fc8b,False,2852,oscillated,-1,False,10,43,4.3
universal_osc,even_odd,_todd43,0,0.3125,5,7d20,5865,False,2852,oscillated,-1,False,10,43,4.3
universal_osc,even_odd,_todd43,0,0.375,6,7d88,58cd,False,2852,oscillated,-1,False,10,43,4.3
universal_osc,even_odd,_todd43,2,0.4375,7,84dd,398,False,2852,oscillated,-1,False,10,43,4.3
universal_osc,even_odd,_todd43,2,0.375,6,8574,231,False,2852,oscillated,-1,False,10,43,4.3
universal_osc,even_odd,_todd43,2,0.4375,7,85dc,299,False,2852,oscillated,-1,False,10,43,4.3
universal_osc,even_odd,_todd43,1,0.3125,5,8bd3,bf97,True,74,spurious,-1,False,10,43,4.3
universal_osc,even_odd,_todd43,2,0.375,6,a174,a633,False,2852,oscillated,-1,False,10,43,4.3
universal_osc,even_odd,_todd43,2,0.375,6,a3dc,a69b,False,2852,oscillated,-1,False,10,43,4.3
universal_osc,even_odd,_todd43,0,0.375,6,c1ae,e46a,True,74,spurious,-1,False,10,43,4.3
universal_osc,even_odd,_todd43,0,0.375,6,c966,fc23,False,2852,oscillated,-1,False,10,43,4.3
universal_osc,even_odd,_todd43,0,0.4375,7,c9ce,fc8b,False,2852,oscillated,-1,False,10,43,4.3
universal_osc,even_odd,_todd43,0,0.375,6,d8cf,fd8a,False,2852,oscillated,-1,False,10,43,4.3
universal_osc,even_odd,_todd43,0,0.4375,7,dacf,fd8a,False,2852,oscillated,-1,False,10,43,4.3
universal_osc,even_odd,_todd43,0,0.375,6,e1ac,e46a,True,74,spurious,-1,False,10,43,4.3
universal_osc,even_odd,_todd43,0,0.375,6,e964,fc23,False,2852,oscillated,-1,False,10,43,4.3
universal_osc,even_odd,_todd43,0,0.4375,7,e9cc,fc8b,False,2852,oscillated,-1,False,10,43,4.3
universal_osc,even_odd,_todd43,1,0.375,6,fde,299,False,2852,oscillated,-1,False,10,43,4.3
universal_osc,even_odd,_todd44,2,0.375,6,1776,231,False,2916,oscillated,-1,False,10,44,4.4
universal_osc,even_odd,_todd44,1,0.375,6,17de,299,False,2916,oscillated,-1,False,10,44,4.4
universal_osc,even_odd,_todd44,2,0.4375,7,24dd,398,False,2916,oscillated,-1,False,10,44,4.4
universal_osc,even_odd,_todd44,2,0.375,6,3774,231,False,2916,oscillated,-1,False,10,44,4.4
universal_osc,even_odd,_todd44,1,0.375,6,37dc,299,False,2916,oscillated,-1,False,10,44,4.4
universal_osc,even_odd,_todd44,0,0.375,6,448e,4068,True,75,spurious,-1,False,10,44,4.4
universal_osc,even_odd,_todd44,0,0.375,6,4d66,5821,False,2916,oscillated,-1,False,10,44,4.4
universal_osc,even_odd,_todd44,0,0.3125,5,5d22,5865,False,2916,oscillated,-1,False,10,44,4.4
universal_osc,even_odd,_todd44,0,0.375,6,5d8a,58cd,False,2916,oscillated,-1,False,10,44,4.4
universal_osc,even_odd,_todd44,0,0.375,6,648c,4068,True,75,spurious,-1,False,10,44,4.4
universal_osc,even_odd,_todd44,2,0.375,6,69b,3dc,False,2916,oscillated,-1,False,10,44,4.4
universal_osc,even_odd,_todd44,1,0.375,6,6bd3,bf97,True,75,spurious,-1,False,10,44,4.4
universal_osc,even_odd,_todd44,0,0.3125,5,7867,fd22,False,2916,oscillated,-1,False,10,44,4.4
universal_osc,even_odd,_todd44,0,0.375,6,7b66,fc23,False,2916,oscillated,-1,False,10,44,4.4
universal_osc,even_odd,_todd44,0,0.4375,7,7bce,fc8b,False,2916,oscillated,-1,False,10,44,4.4
universal_osc,even_odd,_todd44,0,0.3125,5,7d20,5865,False,2916,oscillated,-1,False,10,44,4.4
universal_osc,even_odd,_todd44,0,0.375,6,7d88,58cd,False,2916,oscillated,-1,False,10,44,4.4
universal_osc,even_odd,_todd44,2,0.4375,7,84dd,398,False,2916,oscillated,-1,False,10,44,4.4
universal_osc,even_odd,_todd44,2,0.375,6,8574,231,False,2916,oscillated,-1,False,10,44,4.4
universal_osc,even_odd,_todd44,2,0.4375,7,85dc,299,False,2916,oscillated,-1,False,10,44,4.4
universal_osc,even_odd,_todd44,1,0.3125,5,8bd3,bf97,True,75,spurious,-1,False,10,44,4.4
universal_osc,even_odd,_todd44,2,0.375,6,a174,a633,False,2916,oscillated,-1,False,10,44,4.4
universal_osc,even_odd,_todd44,2,0.375,6,a3dc,a69b,False,2916,oscillated,-1,False,10,44,4.4
universal_osc,even_odd,_todd44,0,0.375,6,c1ae,e46a,True,75,spurious,-1,False,10,44,4.4
universal_osc,even_odd,_todd44,0,0.375,6,c966,fc23,False,2916,oscillated,-1,False,10,44,4.4
universal_osc,even_odd,_todd44,0,0.4375,7,c9ce,fc8b,False,2916,oscillated,-1,False,10,44,4.4
universal_osc,even_odd,_todd44,0,0.375,6,d8cf,fd8a,False,2916,oscillated,-1,False,10,44,4.4
universal_osc,even_odd,_todd44,0,0.4375,7,dacf,fd8a,False,2916,oscillated,-1,False,10,44,4.4
universal_osc,even_odd,_todd44,0,0.375,6,e1ac,e46a,True,75,spurious,-1,False,10,44,4.4
universal_osc,even_odd,_todd44,0,0.375,6,e964,fc23,False,2916,oscillated,-1,False,10,44,4.4
universal_osc,even_odd,_todd44,0,0.4375,7,e9cc,fc8b,False,2916,oscillated,-1,False,10,44,4.4
universal_osc,even_odd,_todd44,1,0.375,6,fde,299,False,2916,oscillated,-1,False,10,44,4.4
universal_osc,even_odd,_todd45,2,0.375,6,1776,231,False,2980,oscillated,-1,False,10,45,4.5
universal_osc,even_odd,_todd45,1,0.375,6,17de,299,False,2980,oscillated,-1,False,10,45,4.5
universal_osc,even_odd,_todd45,2,0.4375,7,24dd,398,False,2980,oscillated,-1,False,10,45,4.5
universal_osc,even_odd,_todd45,2,0.375,6,3774,231,False,2980,oscillated,-1,False,10,45,4.5
universal_osc,even_odd,_todd45,1,0.375,6,37dc,299,False,2980,oscillated,-1,False,10,45,4.5
universal_osc,even_odd,_todd45,0,0.375,6,448e,4068,True,76,spurious,-1,False,10,45,4.5
universal_osc,even_odd,_todd45,0,0.375,6,4d66,5821,False,2980,oscillated,-1,False,10,45,4.5
universal_osc,even_odd,_todd45,0,0.3125,5,5d22,5865,False,2980,oscillated,-1,False,10,45,4.5
universal_osc,even_odd,_todd45,0,0.375,6,5d8a,58cd,False,2980,oscillated,-1,False,10,45,4.5
universal_osc,even_odd,_todd45,0,0.375,6,648c,4068,True,76,spurious,-1,False,10,45,4.5
universal_osc,even_odd,_todd45,2,0.375,6,69b,3dc,False,2980,oscillated,-1,False,10,45,4.5
universal_osc,even_odd,_todd45,1,0.375,6,6bd3,bf97,True,76,spurious,-1,False,10,45,4.5
universal_osc,even_odd,_todd45,0,0.3125,5,7867,fd22,False,2980,oscillated,-1,False,10,45,4.5
universal_osc,even_odd,_todd45,0,0.375,6,7b66,fc23,False,2980,oscillated,-1,False,10,45,4.5
universal_osc,even_odd,_todd45,0,0.4375,7,7bce,fc8b,False,2980,oscillated,-1,False,10,45,4.5
universal_osc,even_odd,_todd45,0,0.3125,5,7d20,5865,False,2980,oscillated,-1,False,10,45,4.5
universal_osc,even_odd,_todd45,0,0.375,6,7d88,58cd,False,2980,oscillated,-1,False,10,45,4.5
universal_osc,even_odd,_todd45,2,0.4375,7,84dd,398,False,2980,oscillated,-1,False,10,45,4.5
universal_osc,even_odd,_todd45,2,0.375,6,8574,231,False,2980,oscillated,-1,False,10,45,4.5
universal_osc,even_odd,_todd45,2,0.4375,7,85dc,299,False,2980,oscillated,-1,False,10,45,4.5
universal_osc,even_odd,_todd45,1,0.3125,5,8bd3,bf97,True,76,spurious,-1,False,10,45,4.5
universal_osc,even_odd,_todd45,2,0.375,6,a174,a633,False,2980,oscillated,-1,False,10,45,4.5
universal_osc,even_odd,_todd45,2,0.375,6,a3dc,a69b,False,2980,oscillated,-1,False,10,45,4.5
universal_osc,even_odd,_todd45,0,0.375,6,c1ae,e46a,True,76,spurious,-1,False,10,45,4.5
universal_osc,even_odd,_todd45,0,0.375,6,c966,fc23,False,2980,oscillated,-1,False,10,45,4.5
universal_osc,even_odd,_todd45,0,0.4375,7,c9ce,fc8b,False,2980,oscillated,-1,False,10,45,4.5
universal_osc,even_odd,_todd45,0,0.375,6,d8cf,fd8a,False,2980,oscillated,-1,False,10,45,4.5
universal_osc,even_odd,_todd45,0,0.4375,7,dacf,fd8a,False,2980,oscillated,-1,False,10,45,4.5
universal_osc,even_odd,_todd45,0,0.375,6,e1ac,e46a,True,76,spurious,-1,False,10,45,4.5
universal_osc,even_odd,_todd45,0,0.375,6,e964,fc23,False,2980,oscillated,-1,False,10,45,4.5
universal_osc,even_odd,_todd45,0,0.4375,7,e9cc,fc8b,False,2980,oscillated,-1,False,10,45,4.5
universal_osc,even_odd,_todd45,1,0.375,6,fde,299,False,2980,oscillated,-1,False,10,45,4.5
universal_osc,even_odd,_todd46,2,0.375,6,1776,374,False,3044,oscillated,-1,False,10,46,4.6
universal_osc,even_odd,_todd46,1,0.375,6,17de,3dc,False,3044,oscillated,-1,False,10,46,4.6
universal_osc,even_odd,_todd46,2,0.4375,7,24dd,2dd,False,3044,oscillated,-1,False,10,46,4.6
universal_osc,even_odd,_todd46,2,0.375,6,3774,374,False,3044,oscillated,-1,False,10,46,4.6
universal_osc,even_odd,_todd46,1,0.375,6,37dc,3dc,False,3044,oscillated,-1,False,10,46,4.6
universal_osc,even_odd,_todd46,0,0.375,6,448e,4068,True,77,spurious,-1,False,10,46,4.6
universal_osc,even_odd,_todd46,0,0.375,6,4d66,5964,False,3044,oscillated,-1,False,10,46,4.6
universal_osc,even_odd,_todd46,0,0.3125,5,5d22,5920,False,3044,oscillated,-1,False,10,46,4.6
universal_osc,even_odd,_todd46,0,0.375,6,5d8a,5988,False,3044,oscillated,-1,False,10,46,4.6
universal_osc,even_odd,_todd46,0,0.375,6,648c,4068,True,77,spurious,-1,False,10,46,4.6
universal_osc,even_odd,_todd46,2,0.375,6,69b,299,False,3044,oscillated,-1,False,10,46,4.6
universal_osc,even_odd,_todd46,1,0.375,6,6bd3,bf97,True,77,spurious,-1,False,10,46,4.6
universal_osc,even_odd,_todd46,0,0.3125,5,7867,fc67,False,3044,oscillated,-1,False,10,46,4.6
universal_osc,even_odd,_todd46,0,0.375,6,7b66,fd66,False,3044,oscillated,-1,False,10,46,4.6
universal_osc,even_odd,_todd46,0,0.4375,7,7bce,fdce,False,3044,oscillated,-1,False,10,46,4.6
universal_osc,even_odd,_todd46,0,0.3125,5,7d20,5920,False,3044,oscillated,-1,False,10,46,4.6
universal_osc,even_odd,_todd46,0,0.375,6,7d88,5988,False,3044,oscillated,-1,False,10,46,4.6
universal_osc,even_odd,_todd46,2,0.4375,7,84dd,2dd,False,3044,oscillated,-1,False,10,46,4.6
universal_osc,even_odd,_todd46,2,0.375,6,8574,374,False,3044,oscillated,-1,False,10,46,4.6
universal_osc,even_odd,_todd46,2,0.4375,7,85dc,3dc,False,3044,oscillated,-1,False,10,46,4.6
universal_osc,even_odd,_todd46,1,0.3125,5,8bd3,bf97,True,77,spurious,-1,False,10,46,4.6
universal_osc,even_odd,_todd46,2,0.375,6,a174,a776,False,3044,oscillated,-1,False,10,46,4.6
universal_osc,even_odd,_todd46,2,0.375,6,a3dc,a7de,False,3044,oscillated,-1,False,10,46,4.6
universal_osc,even_odd,_todd46,0,0.375,6,c1ae,e46a,True,77,spurious,-1,False,10,46,4.6
universal_osc,even_odd,_todd46,0,0.375,6,c966,fd66,False,3044,oscillated,-1,False,10,46,4.6
universal_osc,even_odd,_todd46,0,0.4375,7,c9ce,fdce,False,3044,oscillated,-1,False,10,46,4.6
universal_osc,even_odd,_todd46,0,0.375,6,d8cf,fccf,False,3044,oscillated,-1,False,10,46,4.6
universal_osc,even_odd,_todd46,0,0.4375,7,dacf,fccf,False,3044,oscillated,-1,False,10,46,4.6
universal_osc,even_odd,_todd46,0,0.375,6,e1ac,e46a,True,77,spurious,-1,False,10,46,4.6
universal_osc,even_odd,_todd46,0,0.375,6,e964,fd66,False,3044,oscillated,-1,False,10,46,4.6
universal_osc,even_odd,_todd46,0,0.4375,7,e9cc,fdce,False,3044,oscillated,-1,False,10,46,4.6
universal_osc,even_odd,_todd46,1,0.375,6,fde,3dc,False,3044,oscillated,-1,False,10,46,4.6
universal_osc,even_odd,_todd47,2,0.375,6,1776,374,False,3108,oscillated,-1,False,10,47,4.7
universal_osc,even_odd,_todd47,1,0.375,6,17de,3dc,False,3108,oscillated,-1,False,10,47,4.7
universal_osc,even_odd,_todd47,2,0.4375,7,24dd,2dd,False,3108,oscillated,-1,False,10,47,4.7
universal_osc,even_odd,_todd47,2,0.375,6,3774,374,False,3108,oscillated,-1,False,10,47,4.7
universal_osc,even_odd,_todd47,1,0.375,6,37dc,3dc,False,3108,oscillated,-1,False,10,47,4.7
universal_osc,even_odd,_todd47,0,0.375,6,448e,4068,True,78,spurious,-1,False,10,47,4.7
universal_osc,even_odd,_todd47,0,0.375,6,4d66,5964,False,3108,oscillated,-1,False,10,47,4.7
universal_osc,even_odd,_todd47,0,0.3125,5,5d22,5920,False,3108,oscillated,-1,False,10,47,4.7
universal_osc,even_odd,_todd47,0,0.375,6,5d8a,5988,False,3108,oscillated,-1,False,10,47,4.7
universal_osc,even_odd,_todd47,0,0.375,6,648c,4068,True,78,spurious,-1,False,10,47,4.7
universal_osc,even_odd,_todd47,2,0.375,6,69b,299,False,3108,oscillated,-1,False,10,47,4.7
universal_osc,even_odd,_todd47,1,0.375,6,6bd3,bf97,True,78,spurious,-1,False,10,47,4.7
universal_osc,even_odd,_todd47,0,0.3125,5,7867,fc67,False,3108,oscillated,-1,False,10,47,4.7
universal_osc,even_odd,_todd47,0,0.375,6,7b66,fd66,False,3108,oscillated,-1,False,10,47,4.7
universal_osc,even_odd,_todd47,0,0.4375,7,7bce,fdce,False,3108,oscillated,-1,False,10,47,4.7
universal_osc,even_odd,_todd47,0,0.3125,5,7d20,5920,False,3108,oscillated,-1,False,10,47,4.7
universal_osc,even_odd,_todd47,0,0.375,6,7d88,5988,False,3108,oscillated,-1,False,10,47,4.7
universal_osc,even_odd,_todd47,2,0.4375,7,84dd,2dd,False,3108,oscillated,-1,False,10,47,4.7
universal_osc,even_odd,_todd47,2,0.375,6,8574,374,False,3108,oscillated,-1,False,10,47,4.7
universal_osc,even_odd,_todd47,2,0.4375,7,85dc,3dc,False,3108,oscillated,-1,False,10,47,4.7
universal_osc,even_odd,_todd47,1,0.3125,5,8bd3,bf97,True,78,spurious,-1,False,10,47,4.7
universal_osc,even_odd,_todd47,2,0.375,6,a174,a776,False,3108,oscillated,-1,False,10,47,4.7
universal_osc,even_odd,_todd47,2,0.375,6,a3dc,a7de,False,3108,oscillated,-1,False,10,47,4.7
universal_osc,even_odd,_todd47,0,0.375,6,c1ae,e46a,True,78,spurious,-1,False,10,47,4.7
universal_osc,even_odd,_todd47,0,0.375,6,c966,fd66,False,3108,oscillated,-1,False,10,47,4.7
universal_osc,even_odd,_todd47,0,0.4375,7,c9ce,fdce,False,3108,oscillated,-1,False,10,47,4.7
universal_osc,even_odd,_todd47,0,0.375,6,d8cf,fccf,False,3108,oscillated,-1,False,10,47,4.7
universal_osc,even_odd,_todd47,0,0.4375,7,dacf,fccf,False,3108,oscillated,-1,False,10,47,4.7
universal_osc,even_odd,_todd47,0,0.375,6,e1ac,e46a,True,78,spurious,-1,False,10,47,4.7
universal_osc,even_odd,_todd47,0,0.375,6,e964,fd66,False,3108,oscillated,-1,False,10,47,4.7
universal_osc,even_odd,_todd47,0,0.4375,7,e9cc,fdce,False,3108,oscillated,-1,False,10,47,4.7
universal_osc,even_odd,_todd47,1,0.375,6,fde,3dc,False,3108,oscillated,-1,False,10,47,4.7
universal_osc,even_odd,_todd48,2,0.375,6,1776,231,False,3172,oscillated,-1,False,10,48,4.8
universal_osc,even_odd,_todd48,1,0.375,6,17de,299,False,3172,oscillated,-1,False,10,48,4.8
universal_osc,even_odd,_todd48,2,0.4375,7,24dd,398,False,3172,oscillated,-1,False,10,48,4.8
universal_osc,even_odd,_todd48,2,0.375,6,3774,231,False,3172,oscillated,-1,False,10,48,4.8
universal_osc,even_odd,_todd48,1,0.375,6,37dc,299,False,3172,oscillated,-1,False,10,48,4.8
universal_osc,even_odd,_todd48,0,0.375,6,448e,4068,True,79,spurious,-1,False,10,48,4.8
universal_osc,even_odd,_todd48,0,0.375,6,4d66,5821,False,3172,oscillated,-1,False,10,48,4.8
universal_osc,even_odd,_todd48,0,0.3125,5,5d22,5865,False,3172,oscillated,-1,False,10,48,4.8
universal_osc,even_odd,_todd48,0,0.375,6,5d8a,58cd,False,3172,oscillated,-1,False,10,48,4.8
universal_osc,even_odd,_todd48,0,0.375,6,648c,4068,True,79,spurious,-1,False,10,48,4.8
universal_osc,even_odd,_todd48,2,0.375,6,69b,3dc,False,3172,oscillated,-1,False,10,48,4.8
universal_osc,even_odd,_todd48,1,0.375,6,6bd3,bf97,True,79,spurious,-1,False,10,48,4.8
universal_osc,even_odd,_todd48,0,0.3125,5,7867,fd22,False,3172,oscillated,-1,False,10,48,4.8
universal_osc,even_odd,_todd48,0,0.375,6,7b66,fc23,False,3172,oscillated,-1,False,10,48,4.8
universal_osc,even_odd,_todd48,0,0.4375,7,7bce,fc8b,False,3172,oscillated,-1,False,10,48,4.8
universal_osc,even_odd,_todd48,0,0.3125,5,7d20,5865,False,3172,oscillated,-1,False,10,48,4.8
universal_osc,even_odd,_todd48,0,0.375,6,7d88,58cd,False,3172,oscillated,-1,False,10,48,4.8
universal_osc,even_odd,_todd48,2,0.4375,7,84dd,398,False,3172,oscillated,-1,False,10,48,4.8
universal_osc,even_odd,_todd48,2,0.375,6,8574,231,False,3172,oscillated,-1,False,10,48,4.8
universal_osc,even_odd,_todd48,2,0.4375,7,85dc,299,False,3172,oscillated,-1,False,10,48,4.8
universal_osc,even_odd,_todd48,1,0.3125,5,8bd3,bf97,True,79,spurious,-1,False,10,48,4.8
universal_osc,even_odd,_todd48,2,0.375,6,a174,a633,False,3172,oscillated,-1,False,10,48,4.8
universal_osc,even_odd,_todd48,2,0.375,6,a3dc,a69b,False,3172,oscillated,-1,False,10,48,4.8
universal_osc,even_odd,_todd48,0,0.375,6,c1ae,e46a,True,79,spurious,-1,False,10,48,4.8
universal_osc,even_odd,_todd48,0,0.375,6,c966,fc23,False,3172,oscillated,-1,False,10,48,4.8
universal_osc,even_odd,_todd48,0,0.4375,7,c9ce,fc8b,False,3172,oscillated,-1,False,10,48,4.8
universal_osc,even_odd,_todd48,0,0.375,6,d8cf,fd8a,False,3172,oscillated,-1,False,10,48,4.8
universal_osc,even_odd,_todd48,0,0.4375,7,dacf,fd8a,False,3172,oscillated,-1,False,10,48,4.8
universal_osc,even_odd,_todd48,0,0.375,6,e1ac,e46a,True,79,spurious,-1,False,10,48,4.8
universal_osc,even_odd,_todd48,0,0.375,6,e964,fc23,False,3172,oscillated,-1,False,10,48,4.8
universal_osc,even_odd,_todd48,0,0.4375,7,e9cc,fc8b,False,3172,oscillated,-1,False,10,48,4.8
universal_osc,even_odd,_todd48,1,0.375,6,fde,299,False,3172,oscillated,-1,False,10,48,4.8
universal_osc,even_odd,_todd49,2,0.375,6,1776,231,False,3236,oscillated,-1,False,10,49,4.9
universal_osc,even_odd,_todd49,1,0.375,6,17de,299,False,3236,oscillated,-1,False,10,49,4.9
universal_osc,even_odd,_todd49,2,0.4375,7,24dd,398,False,3236,oscillated,-1,False,10,49,4.9
universal_osc,even_odd,_todd49,2,0.375,6,3774,231,False,3236,oscillated,-1,False,10,49,4.9
universal_osc,even_odd,_todd49,1,0.375,6,37dc,299,False,3236,oscillated,-1,False,10,49,4.9
universal_osc,even_odd,_todd49,0,0.375,6,448e,4068,True,80,spurious,-1,False,10,49,4.9
universal_osc,even_odd,_todd49,0,0.375,6,4d66,5821,False,3236,oscillated,-1,False,10,49,4.9
universal_osc,even_odd,_todd49,0,0.3125,5,5d22,5865,False,3236,oscillated,-1,False,10,49,4.9
universal_osc,even_odd,_todd49,0,0.375,6,5d8a,58cd,False,3236,oscillated,-1,False,10,49,4.9
universal_osc,even_odd,_todd49,0,0.375,6,648c,4068,True,80,spurious,-1,False,10,49,4.9
universal_osc,even_odd,_todd49,2,0.375,6,69b,3dc,False,3236,oscillated,-1,False,10,49,4.9
universal_osc,even_odd,_todd49,1,0.375,6,6bd3,bf97,True,80,spurious,-1,False,10,49,4.9
universal_osc,even_odd,_todd49,0,0.3125,5,7867,fd22,False,3236,oscillated,-1,False,10,49,4.9
universal_osc,even_odd,_todd49,0,0.375,6,7b66,fc23,False,3236,oscillated,-1,False,10,49,4.9
universal_osc,even_odd,_todd49,0,0.4375,7,7bce,fc8b,False,3236,oscillated,-1,False,10,49,4.9
universal_osc,even_odd,_todd49,0,0.3125,5,7d20,5865,False,3236,oscillated,-1,False,10,49,4.9
universal_osc,even_odd,_todd49,0,0.375,6,7d88,58cd,False,3236,oscillated,-1,False,10,49,4.9
universal_osc,even_odd,_todd49,2,0.4375,7,84dd,398,False,3236,oscillated,-1,False,10,49,4.9
universal_osc,even_odd,_todd49,2,0.375,6,8574,231,False,3236,oscillated,-1,False,10,49,4.9
universal_osc,even_odd,_todd49,2,0.4375,7,85dc,299,False,3236,oscillated,-1,False,10,49,4.9
universal_osc,even_odd,_todd49,1,0.3125,5,8bd3,bf97,True,80,spurious,-1,False,10,49,4.9
universal_osc,even_odd,_todd49,2,0.375,6,a174,a633,False,3236,oscillated,-1,False,10,49,4.9
universal_osc,even_odd,_todd49,2,0.375,6,a3dc,a69b,False,3236,oscillated,-1,False,10,49,4.9
universal_osc,even_odd,_todd49,0,0.375,6,c1ae,e46a,True,80,spurious,-1,False,10,49,4.9
universal_osc,even_odd,_todd49,0,0.375,6,c966,fc23,False,3236,oscillated,-1,False,10,49,4.9
universal_osc,even_odd,_todd49,0,0.4375,7,c9ce,fc8b,False,3236,oscillated,-1,False,10,49,4.9
universal_osc,even_odd,_todd49,0,0.375,6,d8cf,fd8a,False,3236,oscillated,-1,False,10,49,4.9
universal_osc,even_odd,_todd49,0,0.4375,7,dacf,fd8a,False,3236,oscillated,-1,False,10,49,4.9
universal_osc,even_odd,_todd49,0,0.375,6,e1ac,e46a,True,80,spurious,-1,False,10,49,4.9
universal_osc,even_odd,_todd49,0,0.375,6,e964,fc23,False,3236,oscillated,-1,False,10,49,4.9
universal_osc,even_odd,_todd49,0,0.4375,7,e9cc,fc8b,False,3236,oscillated,-1,False,10,49,4.9
universal_osc,even_odd,_todd49,1,0.375,6,fde,299,False,3236,oscillated,-1,False,10,49,4.9
universal_osc,even_odd,_todd50,2,0.375,6,1776,299,False,3300,oscillated,-1,False,10,50,5.0
universal_osc,even_odd,_todd50,1,0.375,6,17de,231,False,3300,oscillated,-1,False,10,50,5.0
universal_osc,even_odd,_todd50,2,0.4375,7,24dd,330,False,3300,oscillated,-1,False,10,50,5.0
universal_osc,even_odd,_todd50,2,0.375,6,3774,299,False,3300,oscillated,-1,False,10,50,5.0
universal_osc,even_odd,_todd50,1,0.375,6,37dc,231,False,3300,oscillated,-1,False,10,50,5.0
universal_osc,even_odd,_todd50,0,0.375,6,448e,4068,True,81,spurious,-1,False,10,50,5.0
universal_osc,even_odd,_todd50,0,0.375,6,4d66,5889,False,3300,oscillated,-1,False,10,50,5.0
universal_osc,even_odd,_todd50,0,0.3125,5,5d22,58cd,False,3300,oscillated,-1,False,10,50,5.0
universal_osc,even_odd,_todd50,0,0.375,6,5d8a,5865,False,3300,oscillated,-1,False,10,50,5.0
universal_osc,even_odd,_todd50,0,0.375,6,648c,4068,True,81,spurious,-1,False,10,50,5.0
universal_osc,even_odd,_todd50,2,0.375,6,69b,374,False,3300,oscillated,-1,False,10,50,5.0
universal_osc,even_odd,_todd50,1,0.375,6,6bd3,bf97,True,81,spurious,-1,False,10,50,5.0
universal_osc,even_odd,_todd50,0,0.3125,5,7867,fd8a,False,3300,oscillated,-1,False,10,50,5.0
universal_osc,even_odd,_todd50,0,0.375,6,7b66,fc8b,False,3300,oscillated,-1,False,10,50,5.0
universal_osc,even_odd,_todd50,0,0.4375,7,7bce,fc23,False,3300,oscillated,-1,False,10,50,5.0
universal_osc,even_odd,_todd50,0,0.3125,5,7d20,58cd,False,3300,oscillated,-1,False,10,50,5.0
universal_osc,even_odd,_todd50,0,0.375,6,7d88,5865,False,3300,oscillated,-1,False,10,50,5.0
universal_osc,even_odd,_todd50,2,0.4375,7,84dd,330,False,3300,oscillated,-1,False,10,50,5.0
universal_osc,even_odd,_todd50,2,0.375,6,8574,299,False,3300,oscillated,-1,False,10,50,5.0
universal_osc,even_odd,_todd50,2,0.4375,7,85dc,231,False,3300,oscillated,-1,False,10,50,5.0
universal_osc,even_odd,_todd50,1,0.3125,5,8bd3,bf97,True,81,spurious,-1,False,10,50,5.0
universal_osc,even_odd,_todd50,2,0.375,6,a174,a69b,False,3300,oscillated,-1,False,10,50,5.0
universal_osc,even_odd,_todd50,2,0.375,6,a3dc,a633,False,3300,oscillated,-1,False,10,50,5.0
universal_osc,even_odd,_todd50,0,0.375,6,c1ae,e46a,True,81,spurious,-1,False,10,50,5.0
universal_osc,even_odd,_todd50,0,0.375,6,c966,fc8b,False,3300,oscillated,-1,False,10,50,5.0
universal_osc,even_odd,_todd50,0,0.4375,7,c9ce,fc23,False,3300,oscillated,-1,False,10,50,5.0
universal_osc,even_odd,_todd50,0,0.375,6,d8cf,fd22,False,3300,oscillated,-1,False,10,50,5.0
universal_osc,even_odd,_todd50,0,0.4375,7,dacf,fd22,False,3300,oscillated,-1,False,10,50,5.0
universal_osc,even_odd,_todd50,0,0.375,6,e1ac,e46a,True,81,spurious,-1,False,10,50,5.0
universal_osc,even_odd,_todd50,0,0.375,6,e964,fc8b,False,3300,oscillated,-1,False,10,50,5.0
universal_osc,even_odd,_todd50,0,0.4375,7,e9cc,fc23,False,3300,oscillated,-1,False,10,50,5.0
universal_osc,even_odd,_todd50,1,0.375,6,fde,231,False,3300,oscillated,-1,False,10,50,5.0
