experiment,mode,variant,pat_idx,eta,hamming_in,init_state,result_state,settled,settle_time,outcome,recalled_pat,correct
confusion_depth,depth,,0,0.0,0,fca6,fca6,True,0,correct,0,True
confusion_depth,depth,,0,0.0,0,fca6,fca6,True,0,correct,0,True
confusion_depth,depth,,0,0.0,0,fca6,fca6,True,0,correct,0,True
confusion_depth,depth,,0,0.0,0,fca6,fca6,True,0,correct,0,True
confusion_depth,depth,,0,0.0,0,fca6,fca6,True,0,correct,0,True
confusion_depth,depth,,0,0.0,0,fca6,fca6,True,0,correct,0,True
confusion_depth,depth,,0,0.0,0,fca6,fca6,True,0,correct,0,True
confusion_depth,depth,,0,0.0,0,fca6,fca6,True,0,correct,0,True
confusion_depth,depth,,0,0.0,0,fca6,fca6,True,0,correct,0,True
confusion_depth,depth,,0,0.0,0,fca6,fca6,True,0,correct,0,True
confusion_depth,depth,,0,0.0,0,fca6,fca6,True,0,correct,0,True
confusion_depth,depth,,0,0.0,0,fca6,fca6,True,0,correct,0,True
confusion_depth,depth,,0,0.0,0,fca6,fca6,True,0,correct,0,True
confusion_depth,depth,,0,0.0,0,fca6,fca6,True,0,correct,0,True
confusion_depth,depth,,0,0.0,0,fca6,fca6,True,0,correct,0,True
confusion_depth,depth,,0,0.0,0,fca6,fca6,True,0,correct,0,True
confusion_depth,depth,,0,0.0,0,fca6,fca6,True,0,correct,0,True
confusion_depth,depth,,0,0.0,0,fca6,fca6,True,0,correct,0,True
confusion_depth,depth,,0,0.0,0,fca6,fca6,True,0,correct,0,True
confusion_depth,depth,,0,0.0,0,fca6,fca6,True,0,correct,0,True
confusion_depth,depth,,0,0.0,0,fca6,fca6,True,0,correct,0,True
confusion_depth,depth,,0,0.0,0,fca6,fca6,True,0,correct,0,True
confusion_depth,depth,,0,0.0,0,fca6,fca6,True,0,correct,0,True
confusion_depth,depth,,0,0.0,0,fca6,fca6,True,0,correct,0,True
confusion_depth,depth,,0,0.0,0,fca6,fca6,True,0,correct,0,True
confusion_depth,depth,,0,0.0,0,fca6,fca6,True,0,correct,0,True
confusion_depth,depth,,0,0.0,0,fca6,fca6,True,0,correct,0,True
confusion_depth,depth,,0,0.0,0,fca6,fca6,True,0,correct,0,True
confusion_depth,depth,,0,0.0,0,fca6,fca6,True,0,correct,0,True
confusion_depth,depth,,0,0.0,0,fca6,fca6,True,0,correct,0,True
confusion_depth,depth,,0,0.0,0,fca6,fca6,True,0,correct,0,True
confusion_depth,depth,,0,0.0,0,fca6,fca6,True,0,correct,0,True
confusion_depth,depth,,0,0.0,0,fca6,fca6,True,0,correct,0,True
confusion_depth,depth,,0,0.0,0,fca6,fca6,True,0,correct,0,True
confusion_depth,depth,,0,0.0,0,fca6,fca6,True,0,correct,0,True
confusion_depth,depth,,0,0.0,0,fca6,fca6,True,0,correct,0,True
confusion_depth,depth,,0,0.0,0,fca6,fca6,True,0,correct,0,True
confusion_depth,depth,,0,0.0,0,fca6,fca6,True,0,correct,0,True
confusion_depth,depth,,0,0.0,0,fca6,fca6,True,0,correct,0,True
confusion_depth,depth,,0,0.0,0,fca6,fca6,True,0,correct,0,True
confusion_depth,depth,,0,0.0,0,fca6,fca6,True,0,correct,0,True
confusion_depth,depth,,0,0.0,0,fca6,fca6,True,0,correct,0,True
confusion_depth,depth,,0,0.0,0,fca6,fca6,True,0,correct,0,True
confusion_depth,depth,,0,0.0,0,fca6,fca6,True,0,correct,0,True
confusion_depth,depth,,0,0.0,0,fca6,fca6,True,0,correct,0,True
confusion_depth,depth,,0,0.0,0,fca6,fca6,True,0,correct,0,True
confusion_depth,depth,,0,0.0,0,fca6,fca6,True,0,correct,0,True
confusion_depth,depth,,0,0.0,0,fca6,fca6,True,0,correct,0,True
confusion_depth,depth,,0,0.0,0,fca6,fca6,True,0,correct,0,True
confusion_depth,depth,,0,0.0,0,fca6,fca6,True,0,correct,0,True
confusion_depth,depth,,0,0.0,0,fca6,fca6,True,0,correct,0,True
confusion_depth,depth,,0,0.0,0,fca6,fca6,True,0,correct,0,True
confusion_depth,depth,,0,0.0,0,fca6,fca6,True,0,correct,0,True
confusion_depth,depth,,0,0.0,0,fca6,fca6,True,0,correct,0,True
confusion_depth,depth,,0,0.0,0,fca6,fca6,True,0,correct,0,True
confusion_depth,depth,,0,0.0,0,fca6,fca6,True,0,correct,0,True
confusion_depth,depth,,0,0.0,0,fca6,fca6,True,0,correct,0,True
confusion_depth,depth,,0,0.0,0,fca6,fca6,True,0,correct,0,True
confusion_depth,depth,,0,0.0,0,fca6,fca6,True,0,correct,0,True
confusion_depth,depth,,0,0.0,0,fca6,fca6,True,0,correct,0,True
confusion_depth,depth,,0,0.0,0,fca6,fca6,True,0,correct,0,True
confusion_depth,depth,,0,0.0,0,fca6,fca6,True,0,correct,0,True
confusion_depth,depth,,0,0.0,0,fca6,fca6,True,0,correct,0,True
confusion_depth,depth,,0,0.0,0,fca6,fca6,True,0,correct,0,True
confusion_depth,depth,,0,0.0,0,fca6,fca6,True,0,correct,0,True
confusion_depth,depth,,0,0.0,0,fca6,fca6,True,0,correct,0,True
confusion_depth,depth,,0,0.0,0,fca6,fca6,True,0,correct,0,True
confusion_depth,depth,,0,0.0,0,fca6,fca6,True,0,correct,0,True
confusion_depth,depth,,0,0.0,0,fca6,fca6,True,0,correct,0,True
confusion_depth,depth,,0,0.0,0,fca6,fca6,True,0,correct,0,True
confusion_depth,depth,,0,0.0,0,fca6,fca6,True,0,correct,0,True
confusion_depth,depth,,0,0.0,0,fca6,fca6,True,0,correct,0,True
confusion_depth,depth,,0,0.0,0,fca6,fca6,True,0,correct,0,True
confusion_depth,depth,,0,0.0,0,fca6,fca6,True,0,correct,0,True
confusion_depth,depth,,0,0.0,0,fca6,fca6,True,0,correct,0,True
confusion_depth,depth,,0,0.0,0,fca6,fca6,True,0,correct,0,True
confusion_depth,depth,,0,0.0,0,fca6,fca6,True,0,correct,0,True
confusion_depth,depth,,0,0.0,0,fca6,fca6,True,0,correct,0,True
confusion_depth,depth,,0,0.0,0,fca6,fca6,True,0,correct,0,True
confusion_depth,depth,,0,0.0,0,fca6,fca6,True,0,correct,0,True
confusion_depth,depth,,0,0.0,0,fca6,fca6,True,0,correct,0,True
confusion_depth,depth,,0,0.0,0,fca6,fca6,True,0,correct,0,True
confusion_depth,depth,,0,0.0,0,fca6,fca6,True,0,correct,0,True
confusion_depth,depth,,0,0.0,0,fca6,fca6,True,0,correct,0,True
confusion_depth,depth,,0,0.0,0,fca6,fca6,True,0,correct,0,True
confusion_depth,depth,,0,0.0,0,fca6,fca6,True,0,correct,0,True
confusion_depth,depth,,0,0.0,0,fca6,fca6,True,0,correct,0,True
confusion_depth,depth,,0,0.0,0,fca6,fca6,True,0,correct,0,True
confusion_depth,depth,,0,0.0,0,fca6,fca6,True,0,correct,0,True
confusion_depth,depth,,0,0.0,0,fca6,fca6,True,0,correct,0,True
confusion_depth,depth,,0,0.0,0,fca6,fca6,True,0,correct,0,True
confusion_depth,depth,,0,0.0,0,fca6,fca6,True,0,correct,0,True
confusion_depth,depth,,0,0.0,0,fca6,fca6,True,0,correct,0,True
confusion_depth,depth,,0,0.0,0,fca6,fca6,True,0,correct,0,True
confusion_depth,depth,,0,0.0,0,fca6,fca6,True,0,correct,0,True
confusion_depth,depth,,0,0.0,0,fca6,fca6,True,0,correct,0,True
confusion_depth,depth,,0,0.0,0,fca6,fca6,True,0,correct,0,True
confusion_depth,depth,,0,0.0,0,fca6,fca6,True,0,correct,0,True
confusion_depth,depth,,0,0.0,0,fca6,fca6,True,0,correct,0,True
confusion_depth,depth,,0,0.0,0,fca6,fca6,True,0,correct,0,True
confusion_depth,depth,,0,0.0,0,fca6,fca6,True,0,correct,0,True
confusion_depth,depth,,0,0.0,0,fca6,fca6,True,0,correct,0,True
confusion_depth,depth,,0,0.0,0,fca6,fca6,True,0,correct,0,True
confusion_depth,depth,,0,0.0,0,fca6,fca6,True,0,correct,0,True
confusion_depth,depth,,0,0.0,0,fca6,fca6,True,0,correct,0,True
confusion_depth,depth,,0,0.0,0,fca6,fca6,True,0,correct,0,True
confusion_depth,depth,,0,0.0,0,fca6,fca6,True,0,correct,0,True
confusion_depth,depth,,0,0.0,0,fca6,fca6,True,0,correct,0,True
confusion_depth,depth,,0,0.0,0,fca6,fca6,True,0,correct,0,True
confusion_depth,depth,,0,0.0,0,fca6,fca6,True,0,correct,0,True
confusion_depth,depth,,0,0.0,0,fca6,fca6,True,0,correct,0,True
confusion_depth,depth,,0,0.0,0,fca6,fca6,True,0,correct,0,True
confusion_depth,depth,,0,0.0,0,fca6,fca6,True,0,correct,0,True
confusion_depth,depth,,0,0.0,0,fca6,fca6,True,0,correct,0,True
confusion_depth,depth,,0,0.0,0,fca6,fca6,True,0,correct,0,True
confusion_depth,depth,,0,0.0,0,fca6,fca6,True,0,correct,0,True
confusion_depth,depth,,0,0.0,0,fca6,fca6,True,0,correct,0,True
confusion_depth,depth,,0,0.0,0,fca6,fca6,True,0,correct,0,True
confusion_depth,depth,,0,0.0,0,fca6,fca6,True,0,correct,0,True
confusion_depth,depth,,0,0.0,0,fca6,fca6,True,0,correct,0,True
confusion_depth,depth,,1,0.0,0,1b95,1b95,True,0,correct,1,True
confusion_depth,depth,,1,0.0,0,1b95,1b95,True,0,correct,1,True
confusion_depth,depth,,1,0.0,0,1b95,1b95,True,0,correct,1,True
confusion_depth,depth,,1,0.0,0,1b95,1b95,True,0,correct,1,True
confusion_depth,depth,,1,0.0,0,1b95,1b95,True,0,correct,1,True
confusion_depth,depth,,1,0.0,0,1b95,1b95,True,0,correct,1,True
confusion_depth,depth,,1,0.0,0,1b95,1b95,True,0,correct,1,True
confusion_depth,depth,,1,0.0,0,1b95,1b95,True,0,correct,1,True
confusion_depth,depth,,1,0.0,0,1b95,1b95,True,0,correct,1,True
confusion_depth,depth,,1,0.0,0,1b95,1b95,True,0,correct,1,True
confusion_depth,depth,,1,0.0,0,1b95,1b95,True,0,correct,1,True
confusion_depth,depth,,1,0.0,0,1b95,1b95,True,0,correct,1,True
confusion_depth,depth,,1,0.0,0,1b95,1b95,True,0,correct,1,True
confusion_depth,depth,,1,0.0,0,1b95,1b95,True,0,correct,1,True
confusion_depth,depth,,1,0.0,0,1b95,1b95,True,0,correct,1,True
confusion_depth,depth,,1,0.0,0,1b95,1b95,True,0,correct,1,True
confusion_depth,depth,,1,0.0,0,1b95,1b95,True,0,correct,1,True
confusion_depth,depth,,1,0.0,0,1b95,1b95,True,0,correct,1,True
confusion_depth,depth,,1,0.0,0,1b95,1b95,True,0,correct,1,True
confusion_depth,depth,,1,0.0,0,1b95,1b95,True,0,correct,1,True
confusion_depth,depth,,1,0.0,0,1b95,1b95,True,0,correct,1,True
confusion_depth,depth,,1,0.0,0,1b95,1b95,True,0,correct,1,True
confusion_depth,depth,,1,0.0,0,1b95,1b95,True,0,correct,1,True
confusion_depth,depth,,1,0.0,0,1b95,1b95,True,0,correct,1,True
confusion_depth,depth,,1,0.0,0,1b95,1b95,True,0,correct,1,True
confusion_depth,depth,,1,0.0,0,1b95,1b95,True,0,correct,1,True
confusion_depth,depth,,1,0.0,0,1b95,1b95,True,0,correct,1,True
confusion_depth,depth,,1,0.0,0,1b95,1b95,True,0,correct,1,True
confusion_depth,depth,,1,0.0,0,1b95,1b95,True,0,correct,1,True
confusion_depth,depth,,1,0.0,0,1b95,1b95,True,0,correct,1,True
confusion_depth,depth,,1,0.0,0,1b95,1b95,True,0,correct,1,True
confusion_depth,depth,,1,0.0,0,1b95,1b95,True,0,correct,1,True
confusion_depth,depth,,1,0.0,0,1b95,1b95,True,0,correct,1,True
confusion_depth,depth,,1,0.0,0,1b95,1b95,True,0,correct,1,True
confusion_depth,depth,,1,0.0,0,1b95,1b95,True,0,correct,1,True
confusion_depth,depth,,1,0.0,0,1b95,1b95,True,0,correct,1,True
confusion_depth,depth,,1,0.0,0,1b95,1b95,True,0,correct,1,True
confusion_depth,depth,,1,0.0,0,1b95,1b95,True,0,correct,1,True
confusion_depth,depth,,1,0.0,0,1b95,1b95,True,0,correct,1,True
confusion_depth,depth,,1,0.0,0,1b95,1b95,True,0,correct,1,True
confusion_depth,depth,,1,0.0,0,1b95,1b95,True,0,correct,1,True
confusion_depth,depth,,1,0.0,0,1b95,1b95,True,0,correct,1,True
confusion_depth,depth,,1,0.0,0,1b95,1b95,True,0,correct,1,True
confusion_depth,depth,,1,0.0,0,1b95,1b95,True,0,correct,1,True
confusion_depth,depth,,1,0.0,0,1b95,1b95,True,0,correct,1,True
confusion_depth,depth,,1,0.0,0,1b95,1b95,True,0,correct,1,True
confusion_depth,depth,,1,0.0,0,1b95,1b95,True,0,correct,1,True
confusion_depth,depth,,1,0.0,0,1b95,1b95,True,0,correct,1,True
confusion_depth,depth,,1,0.0,0,1b95,1b95,True,0,correct,1,True
confusion_depth,depth,,1,0.0,0,1b95,1b95,True,0,correct,1,True
confusion_depth,depth,,1,0.0,0,1b95,1b95,True,0,correct,1,True
confusion_depth,depth,,1,0.0,0,1b95,1b95,True,0,correct,1,True
confusion_depth,depth,,1,0.0,0,1b95,1b95,True,0,correct,1,True
confusion_depth,depth,,1,0.0,0,1b95,1b95,True,0,correct,1,True
confusion_depth,depth,,1,0.0,0,1b95,1b95,True,0,correct,1,True
confusion_depth,depth,,1,0.0,0,1b95,1b95,True,0,correct,1,True
confusion_depth,depth,,1,0.0,0,1b95,1b95,True,0,correct,1,True
confusion_depth,depth,,1,0.0,0,1b95,1b95,True,0,correct,1,True
confusion_depth,depth,,1,0.0,0,1b95,1b95,True,0,correct,1,True
confusion_depth,depth,,1,0.0,0,1b95,1b95,True,0,correct,1,True
confusion_depth,depth,,1,0.0,0,1b95,1b95,True,0,correct,1,True
confusion_depth,depth,,1,0.0,0,1b95,1b95,True,0,correct,1,True
confusion_depth,depth,,1,0.0,0,1b95,1b95,True,0,correct,1,True
confusion_depth,depth,,1,0.0,0,1b95,1b95,True,0,correct,1,True
confusion_depth,depth,,1,0.0,0,1b95,1b95,True,0,correct,1,True
confusion_depth,depth,,1,0.0,0,1b95,1b95,True,0,correct,1,True
confusion_depth,depth,,1,0.0,0,1b95,1b95,True,0,correct,1,True
confusion_depth,depth,,1,0.0,0,1b95,1b95,True,0,correct,1,True
confusion_depth,depth,,1,0.0,0,1b95,1b95,True,0,correct,1,True
confusion_depth,depth,,1,0.0,0,1b95,1b95,True,0,correct,1,True
confusion_depth,depth,,1,0.0,0,1b95,1b95,True,0,correct,1,True
confusion_depth,depth,,1,0.0,0,1b95,1b95,True,0,correct,1,True
confusion_depth,depth,,1,0.0,0,1b95,1b95,True,0,correct,1,True
confusion_depth,depth,,1,0.0,0,1b95,1b95,True,0,correct,1,True
confusion_depth,depth,,1,0.0,0,1b95,1b95,True,0,correct,1,True
confusion_depth,depth,,1,0.0,0,1b95,1b95,True,0,correct,1,True
confusion_depth,depth,,1,0.0,0,1b95,1b95,True,0,correct,1,True
confusion_depth,depth,,1,0.0,0,1b95,1b95,True,0,correct,1,True
confusion_depth,depth,,1,0.0,0,1b95,1b95,True,0,correct,1,True
confusion_depth,depth,,1,0.0,0,1b95,1b95,True,0,correct,1,True
confusion_depth,depth,,1,0.0,0,1b95,1b95,True,0,correct,1,True
confusion_depth,depth,,1,0.0,0,1b95,1b95,True,0,correct,1,True
confusion_depth,depth,,1,0.0,0,1b95,1b95,True,0,correct,1,True
confusion_depth,depth,,1,0.0,0,1b95,1b95,True,0,correct,1,True
confusion_depth,depth,,1,0.0,0,1b95,1b95,True,0,correct,1,True
confusion_depth,depth,,1,0.0,0,1b95,1b95,True,0,correct,1,True
confusion_depth,depth,,1,0.0,0,1b95,1b95,True,0,correct,1,True
confusion_depth,depth,,1,0.0,0,1b95,1b95,True,0,correct,1,True
confusion_depth,depth,,1,0.0,0,1b95,1b95,True,0,correct,1,True
confusion_depth,depth,,1,0.0,0,1b95,1b95,True,0,correct,1,True
confusion_depth,depth,,1,0.0,0,1b95,1b95,True,0,correct,1,True
confusion_depth,depth,,1,0.0,0,1b95,1b95,True,0,correct,1,True
confusion_depth,depth,,1,0.0,0,1b95,1b95,True,0,correct,1,True
confusion_depth,depth,,1,0.0,0,1b95,1b95,True,0,correct,1,True
confusion_depth,depth,,1,0.0,0,1b95,1b95,True,0,correct,1,True
confusion_depth,depth,,1,0.0,0,1b95,1b95,True,0,correct,1,True
confusion_depth,depth,,1,0.0,0,1b95,1b95,True,0,correct,1,True
confusion_depth,depth,,1,0.0,0,1b95,1b95,True,0,correct,1,True
confusion_depth,depth,,1,0.0,0,1b95,1b95,True,0,correct,1,True
confusion_depth,depth,,1,0.0,0,1b95,1b95,True,0,correct,1,True
confusion_depth,depth,,1,0.0,0,1b95,1b95,True,0,correct,1,True
confusion_depth,depth,,1,0.0,0,1b95,1b95,True,0,correct,1,True
confusion_depth,depth,,1,0.0,0,1b95,1b95,True,0,correct,1,True
confusion_depth,depth,,1,0.0,0,1b95,1b95,True,0,correct,1,True
confusion_depth,depth,,1,0.0,0,1b95,1b95,True,0,correct,1,True
confusion_depth,depth,,1,0.0,0,1b95,1b95,True,0,correct,1,True
confusion_depth,depth,,1,0.0,0,1b95,1b95,True,0,correct,1,True
confusion_depth,depth,,1,0.0,0,1b95,1b95,True,0,correct,1,True
confusion_depth,depth,,1,0.0,0,1b95,1b95,True,0,correct,1,True
confusion_depth,depth,,1,0.0,0,1b95,1b95,True,0,correct,1,True
confusion_depth,depth,,1,0.0,0,1b95,1b95,True,0,correct,1,True
confusion_depth,depth,,1,0.0,0,1b95,1b95,True,0,correct,1,True
confusion_depth,depth,,1,0.0,0,1b95,1b95,True,0,correct,1,True
confusion_depth,depth,,1,0.0,0,1b95,1b95,True,0,correct,1,True
confusion_depth,depth,,1,0.0,0,1b95,1b95,True,0,correct,1,True
confusion_depth,depth,,1,0.0,0,1b95,1b95,True,0,correct,1,True
confusion_depth,depth,,1,0.0,0,1b95,1b95,True,0,correct,1,True
confusion_depth,depth,,1,0.0,0,1b95,1b95,True,0,correct,1,True
confusion_depth,depth,,1,0.0,0,1b95,1b95,True,0,correct,1,True
confusion_depth,depth,,1,0.0,0,1b95,1b95,True,0,correct,1,True
confusion_depth,depth,,2,0.0,0,a6b6,a6b6,True,0,correct,2,True
confusion_depth,depth,,2,0.0,0,a6b6,a6b6,True,0,correct,2,True
confusion_depth,depth,,2,0.0,0,a6b6,a6b6,True,0,correct,2,True
confusion_depth,depth,,2,0.0,0,a6b6,a6b6,True,0,correct,2,True
confusion_depth,depth,,2,0.0,0,a6b6,a6b6,True,0,correct,2,True
confusion_depth,depth,,2,0.0,0,a6b6,a6b6,True,0,correct,2,True
confusion_depth,depth,,2,0.0,0,a6b6,a6b6,True,0,correct,2,True
confusion_depth,depth,,2,0.0,0,a6b6,a6b6,True,0,correct,2,True
confusion_depth,depth,,2,0.0,0,a6b6,a6b6,True,0,correct,2,True
confusion_depth,depth,,2,0.0,0,a6b6,a6b6,True,0,correct,2,True
confusion_depth,depth,,2,0.0,0,a6b6,a6b6,True,0,correct,2,True
confusion_depth,depth,,2,0.0,0,a6b6,a6b6,True,0,correct,2,True
confusion_depth,depth,,2,0.0,0,a6b6,a6b6,True,0,correct,2,True
confusion_depth,depth,,2,0.0,0,a6b6,a6b6,True,0,correct,2,True
confusion_depth,depth,,2,0.0,0,a6b6,a6b6,True,0,correct,2,True
confusion_depth,depth,,2,0.0,0,a6b6,a6b6,True,0,correct,2,True
confusion_depth,depth,,2,0.0,0,a6b6,a6b6,True,0,correct,2,True
confusion_depth,depth,,2,0.0,0,a6b6,a6b6,True,0,correct,2,True
confusion_depth,depth,,2,0.0,0,a6b6,a6b6,True,0,correct,2,True
confusion_depth,depth,,2,0.0,0,a6b6,a6b6,True,0,correct,2,True
confusion_depth,depth,,2,0.0,0,a6b6,a6b6,True,0,correct,2,True
confusion_depth,depth,,2,0.0,0,a6b6,a6b6,True,0,correct,2,True
confusion_depth,depth,,2,0.0,0,a6b6,a6b6,True,0,correct,2,True
confusion_depth,depth,,2,0.0,0,a6b6,a6b6,True,0,correct,2,True
confusion_depth,depth,,2,0.0,0,a6b6,a6b6,True,0,correct,2,True
confusion_depth,depth,,2,0.0,0,a6b6,a6b6,True,0,correct,2,True
confusion_depth,depth,,2,0.0,0,a6b6,a6b6,True,0,correct,2,True
confusion_depth,depth,,2,0.0,0,a6b6,a6b6,True,0,correct,2,True
confusion_depth,depth,,2,0.0,0,a6b6,a6b6,True,0,correct,2,True
confusion_depth,depth,,2,0.0,0,a6b6,a6b6,True,0,correct,2,True
confusion_depth,depth,,2,0.0,0,a6b6,a6b6,True,0,correct,2,True
confusion_depth,depth,,2,0.0,0,a6b6,a6b6,True,0,correct,2,True
confusion_depth,depth,,2,0.0,0,a6b6,a6b6,True,0,correct,2,True
confusion_depth,depth,,2,0.0,0,a6b6,a6b6,True,0,correct,2,True
confusion_depth,depth,,2,0.0,0,a6b6,a6b6,True,0,correct,2,True
confusion_depth,depth,,2,0.0,0,a6b6,a6b6,True,0,correct,2,True
confusion_depth,depth,,2,0.0,0,a6b6,a6b6,True,0,correct,2,True
confusion_depth,depth,,2,0.0,0,a6b6,a6b6,True,0,correct,2,True
confusion_depth,depth,,2,0.0,0,a6b6,a6b6,True,0,correct,2,True
confusion_depth,depth,,2,0.0,0,a6b6,a6b6,True,0,correct,2,True
confusion_depth,depth,,2,0.0,0,a6b6,a6b6,True,0,correct,2,True
confusion_depth,depth,,2,0.0,0,a6b6,a6b6,True,0,correct,2,True
confusion_depth,depth,,2,0.0,0,a6b6,a6b6,True,0,correct,2,True
confusion_depth,depth,,2,0.0,0,a6b6,a6b6,True,0,correct,2,True
confusion_depth,depth,,2,0.0,0,a6b6,a6b6,True,0,correct,2,True
confusion_depth,depth,,2,0.0,0,a6b6,a6b6,True,0,correct,2,True
confusion_depth,depth,,2,0.0,0,a6b6,a6b6,True,0,correct,2,True
confusion_depth,depth,,2,0.0,0,a6b6,a6b6,True,0,correct,2,True
confusion_depth,depth,,2,0.0,0,a6b6,a6b6,True,0,correct,2,True
confusion_depth,depth,,2,0.0,0,a6b6,a6b6,True,0,correct,2,True
confusion_depth,depth,,2,0.0,0,a6b6,a6b6,True,0,correct,2,True
confusion_depth,depth,,2,0.0,0,a6b6,a6b6,True,0,correct,2,True
confusion_depth,depth,,2,0.0,0,a6b6,a6b6,True,0,correct,2,True
confusion_depth,depth,,2,0.0,0,a6b6,a6b6,True,0,correct,2,True
confusion_depth,depth,,2,0.0,0,a6b6,a6b6,True,0,correct,2,True
confusion_depth,depth,,2,0.0,0,a6b6,a6b6,True,0,correct,2,True
confusion_depth,depth,,2,0.0,0,a6b6,a6b6,True,0,correct,2,True
confusion_depth,depth,,2,0.0,0,a6b6,a6b6,True,0,correct,2,True
confusion_depth,depth,,2,0.0,0,a6b6,a6b6,True,0,correct,2,True
confusion_depth,depth,,2,0.0,0,a6b6,a6b6,True,0,correct,2,True
confusion_depth,depth,,2,0.0,0,a6b6,a6b6,True,0,correct,2,True
confusion_depth,depth,,2,0.0,0,a6b6,a6b6,True,0,correct,2,True
confusion_depth,depth,,2,0.0,0,a6b6,a6b6,True,0,correct,2,True
confusion_depth,depth,,2,0.0,0,a6b6,a6b6,True,0,correct,2,True
confusion_depth,depth,,2,0.0,0,a6b6,a6b6,True,0,correct,2,True
confusion_depth,depth,,2,0.0,0,a6b6,a6b6,True,0,correct,2,True
confusion_depth,depth,,2,0.0,0,a6b6,a6b6,True,0,correct,2,True
confusion_depth,depth,,2,0.0,0,a6b6,a6b6,True,0,correct,2,True
confusion_depth,depth,,2,0.0,0,a6b6,a6b6,True,0,correct,2,True
confusion_depth,depth,,2,0.0,0,a6b6,a6b6,True,0,correct,2,True
confusion_depth,depth,,2,0.0,0,a6b6,a6b6,True,0,correct,2,True
confusion_depth,depth,,2,0.0,0,a6b6,a6b6,True,0,correct,2,True
confusion_depth,depth,,2,0.0,0,a6b6,a6b6,True,0,correct,2,True
confusion_depth,depth,,2,0.0,0,a6b6,a6b6,True,0,correct,2,True
confusion_depth,depth,,2,0.0,0,a6b6,a6b6,True,0,correct,2,True
confusion_depth,depth,,2,0.0,0,a6b6,a6b6,True,0,correct,2,True
confusion_depth,depth,,2,0.0,0,a6b6,a6b6,True,0,correct,2,True
confusion_depth,depth,,2,0.0,0,a6b6,a6b6,True,0,correct,2,True
confusion_depth,depth,,2,0.0,0,a6b6,a6b6,True,0,correct,2,True
confusion_depth,depth,,2,0.0,0,a6b6,a6b6,True,0,correct,2,True
confusion_depth,depth,,2,0.0,0,a6b6,a6b6,True,0,correct,2,True
confusion_depth,depth,,2,0.0,0,a6b6,a6b6,True,0,correct,2,True
confusion_depth,depth,,2,0.0,0,a6b6,a6b6,True,0,correct,2,True
confusion_depth,depth,,2,0.0,0,a6b6,a6b6,True,0,correct,2,True
confusion_depth,depth,,2,0.0,0,a6b6,a6b6,True,0,correct,2,True
confusion_depth,depth,,2,0.0,0,a6b6,a6b6,True,0,correct,2,True
confusion_depth,depth,,2,0.0,0,a6b6,a6b6,True,0,correct,2,True
confusion_depth,depth,,2,0.0,0,a6b6,a6b6,True,0,correct,2,True
confusion_depth,depth,,2,0.0,0,a6b6,a6b6,True,0,correct,2,True
confusion_depth,depth,,2,0.0,0,a6b6,a6b6,True,0,correct,2,True
confusion_depth,depth,,2,0.0,0,a6b6,a6b6,True,0,correct,2,True
confusion_depth,depth,,2,0.0,0,a6b6,a6b6,True,0,correct,2,True
confusion_depth,depth,,2,0.0,0,a6b6,a6b6,True,0,correct,2,True
confusion_depth,depth,,2,0.0,0,a6b6,a6b6,True,0,correct,2,True
confusion_depth,depth,,2,0.0,0,a6b6,a6b6,True,0,correct,2,True
confusion_depth,depth,,2,0.0,0,a6b6,a6b6,True,0,correct,2,True
confusion_depth,depth,,2,0.0,0,a6b6,a6b6,True,0,correct,2,True
confusion_depth,depth,,2,0.0,0,a6b6,a6b6,True,0,correct,2,True
confusion_depth,depth,,2,0.0,0,a6b6,a6b6,True,0,correct,2,True
confusion_depth,depth,,2,0.0,0,a6b6,a6b6,True,0,correct,2,True
confusion_depth,depth,,2,0.0,0,a6b6,a6b6,True,0,correct,2,True
confusion_depth,depth,,2,0.0,0,a6b6,a6b6,True,0,correct,2,True
confusion_depth,depth,,2,0.0,0,a6b6,a6b6,True,0,correct,2,True
confusion_depth,depth,,2,0.0,0,a6b6,a6b6,True,0,correct,2,True
confusion_depth,depth,,2,0.0,0,a6b6,a6b6,True,0,correct,2,True
confusion_depth,depth,,2,0.0,0,a6b6,a6b6,True,0,correct,2,True
confusion_depth,depth,,2,0.0,0,a6b6,a6b6,True,0,correct,2,True
confusion_depth,depth,,2,0.0,0,a6b6,a6b6,True,0,correct,2,True
confusion_depth,depth,,2,0.0,0,a6b6,a6b6,True,0,correct,2,True
confusion_depth,depth,,2,0.0,0,a6b6,a6b6,True,0,correct,2,True
confusion_depth,depth,,2,0.0,0,a6b6,a6b6,True,0,correct,2,True
confusion_depth,depth,,2,0.0,0,a6b6,a6b6,True,0,correct,2,True
confusion_depth,depth,,2,0.0,0,a6b6,a6b6,True,0,correct,2,True
confusion_depth,depth,,2,0.0,0,a6b6,a6b6,True,0,correct,2,True
confusion_depth,depth,,2,0.0,0,a6b6,a6b6,True,0,correct,2,True
confusion_depth,depth,,2,0.0,0,a6b6,a6b6,True,0,correct,2,True
confusion_depth,depth,,2,0.0,0,a6b6,a6b6,True,0,correct,2,True
confusion_depth,depth,,2,0.0,0,a6b6,a6b6,True,0,correct,2,True
confusion_depth,depth,,2,0.0,0,a6b6,a6b6,True,0,correct,2,True
confusion_depth,depth,,2,0.0,0,a6b6,a6b6,True,0,correct,2,True
confusion_depth,depth,,3,0.0,0,bd07,bd07,True,0,correct,3,True
confusion_depth,depth,,3,0.0,0,bd07,bd07,True,0,correct,3,True
confusion_depth,depth,,3,0.0,0,bd07,bd07,True,0,correct,3,True
confusion_depth,depth,,3,0.0,0,bd07,bd07,True,0,correct,3,True
confusion_depth,depth,,3,0.0,0,bd07,bd07,True,0,correct,3,True
confusion_depth,depth,,3,0.0,0,bd07,bd07,True,0,correct,3,True
confusion_depth,depth,,3,0.0,0,bd07,bd07,True,0,correct,3,True
confusion_depth,depth,,3,0.0,0,bd07,bd07,True,0,correct,3,True
confusion_depth,depth,,3,0.0,0,bd07,bd07,True,0,correct,3,True
confusion_depth,depth,,3,0.0,0,bd07,bd07,True,0,correct,3,True
confusion_depth,depth,,3,0.0,0,bd07,bd07,True,0,correct,3,True
confusion_depth,depth,,3,0.0,0,bd07,bd07,True,0,correct,3,True
confusion_depth,depth,,3,0.0,0,bd07,bd07,True,0,correct,3,True
confusion_depth,depth,,3,0.0,0,bd07,bd07,True,0,correct,3,True
confusion_depth,depth,,3,0.0,0,bd07,bd07,True,0,correct,3,True
confusion_depth,depth,,3,0.0,0,bd07,bd07,True,0,correct,3,True
confusion_depth,depth,,3,0.0,0,bd07,bd07,True,0,correct,3,True
confusion_depth,depth,,3,0.0,0,bd07,bd07,True,0,correct,3,True
confusion_depth,depth,,3,0.0,0,bd07,bd07,True,0,correct,3,True
confusion_depth,depth,,3,0.0,0,bd07,bd07,True,0,correct,3,True
confusion_depth,depth,,3,0.0,0,bd07,bd07,True,0,correct,3,True
confusion_depth,depth,,3,0.0,0,bd07,bd07,True,0,correct,3,True
confusion_depth,depth,,3,0.0,0,bd07,bd07,True,0,correct,3,True
confusion_depth,depth,,3,0.0,0,bd07,bd07,True,0,correct,3,True
confusion_depth,depth,,3,0.0,0,bd07,bd07,True,0,correct,3,True
confusion_depth,depth,,3,0.0,0,bd07,bd07,True,0,correct,3,True
confusion_depth,depth,,3,0.0,0,bd07,bd07,True,0,correct,3,True
confusion_depth,depth,,3,0.0,0,bd07,bd07,True,0,correct,3,True
confusion_depth,depth,,3,0.0,0,bd07,bd07,True,0,correct,3,True
confusion_depth,depth,,3,0.0,0,bd07,bd07,True,0,correct,3,True
confusion_depth,depth,,3,0.0,0,bd07,bd07,True,0,correct,3,True
confusion_depth,depth,,3,0.0,0,bd07,bd07,True,0,correct,3,True
confusion_depth,depth,,3,0.0,0,bd07,bd07,True,0,correct,3,True
confusion_depth,depth,,3,0.0,0,bd07,bd07,True,0,correct,3,True
confusion_depth,depth,,3,0.0,0,bd07,bd07,True,0,correct,3,True
confusion_depth,depth,,3,0.0,0,bd07,bd07,True,0,correct,3,True
confusion_depth,depth,,3,0.0,0,bd07,bd07,True,0,correct,3,True
confusion_depth,depth,,3,0.0,0,bd07,bd07,True,0,correct,3,True
confusion_depth,depth,,3,0.0,0,bd07,bd07,True,0,correct,3,True
confusion_depth,depth,,3,0.0,0,bd07,bd07,True,0,correct,3,True
confusion_depth,depth,,3,0.0,0,bd07,bd07,True,0,correct,3,True
confusion_depth,depth,,3,0.0,0,bd07,bd07,True,0,correct,3,True
confusion_depth,depth,,3,0.0,0,bd07,bd07,True,0,correct,3,True
confusion_depth,depth,,3,0.0,0,bd07,bd07,True,0,correct,3,True
confusion_depth,depth,,3,0.0,0,bd07,bd07,True,0,correct,3,True
confusion_depth,depth,,3,0.0,0,bd07,bd07,True,0,correct,3,True
confusion_depth,depth,,3,0.0,0,bd07,bd07,True,0,correct,3,True
confusion_depth,depth,,3,0.0,0,bd07,bd07,True,0,correct,3,True
confusion_depth,depth,,3,0.0,0,bd07,bd07,True,0,correct,3,True
confusion_depth,depth,,3,0.0,0,bd07,bd07,True,0,correct,3,True
confusion_depth,depth,,3,0.0,0,bd07,bd07,True,0,correct,3,True
confusion_depth,depth,,3,0.0,0,bd07,bd07,True,0,correct,3,True
confusion_depth,depth,,3,0.0,0,bd07,bd07,True,0,correct,3,True
confusion_depth,depth,,3,0.0,0,bd07,bd07,True,0,correct,3,True
confusion_depth,depth,,3,0.0,0,bd07,bd07,True,0,correct,3,True
confusion_depth,depth,,3,0.0,0,bd07,bd07,True,0,correct,3,True
confusion_depth,depth,,3,0.0,0,bd07,bd07,True,0,correct,3,True
confusion_depth,depth,,3,0.0,0,bd07,bd07,True,0,correct,3,True
confusion_depth,depth,,3,0.0,0,bd07,bd07,True,0,correct,3,True
confusion_depth,depth,,3,0.0,0,bd07,bd07,True,0,correct,3,True
confusion_depth,depth,,3,0.0,0,bd07,bd07,True,0,correct,3,True
confusion_depth,depth,,3,0.0,0,bd07,bd07,True,0,correct,3,True
confusion_depth,depth,,3,0.0,0,bd07,bd07,True,0,correct,3,True
confusion_depth,depth,,3,0.0,0,bd07,bd07,True,0,correct,3,True
confusion_depth,depth,,3,0.0,0,bd07,bd07,True,0,correct,3,True
confusion_depth,depth,,3,0.0,0,bd07,bd07,True,0,correct,3,True
confusion_depth,depth,,3,0.0,0,bd07,bd07,True,0,correct,3,True
confusion_depth,depth,,3,0.0,0,bd07,bd07,True,0,correct,3,True
confusion_depth,depth,,3,0.0,0,bd07,bd07,True,0,correct,3,True
confusion_depth,depth,,3,0.0,0,bd07,bd07,True,0,correct,3,True
confusion_depth,depth,,3,0.0,0,bd07,bd07,True,0,correct,3,True
confusion_depth,depth,,3,0.0,0,bd07,bd07,True,0,correct,3,True
confusion_depth,depth,,3,0.0,0,bd07,bd07,True,0,correct,3,True
confusion_depth,depth,,3,0.0,0,bd07,bd07,True,0,correct,3,True
confusion_depth,depth,,3,0.0,0,bd07,bd07,True,0,correct,3,True
confusion_depth,depth,,3,0.0,0,bd07,bd07,True,0,correct,3,True
confusion_depth,depth,,3,0.0,0,bd07,bd07,True,0,correct,3,True
confusion_depth,depth,,3,0.0,0,bd07,bd07,True,0,correct,3,True
confusion_depth,depth,,3,0.0,0,bd07,bd07,True,0,correct,3,True
confusion_depth,depth,,3,0.0,0,bd07,bd07,True,0,correct,3,True
confusion_depth,depth,,3,0.0,0,bd07,bd07,True,0,correct,3,True
confusion_depth,depth,,3,0.0,0,bd07,bd07,True,0,correct,3,True
confusion_depth,depth,,3,0.0,0,bd07,bd07,True,0,correct,3,True
confusion_depth,depth,,3,0.0,0,bd07,bd07,True,0,correct,3,True
confusion_depth,depth,,3,0.0,0,bd07,bd07,True,0,correct,3,True
confusion_depth,depth,,3,0.0,0,bd07,bd07,True,0,correct,3,True
confusion_depth,depth,,3,0.0,0,bd07,bd07,True,0,correct,3,True
confusion_depth,depth,,3,0.0,0,bd07,bd07,True,0,correct,3,True
confusion_depth,depth,,3,0.0,0,bd07,bd07,True,0,correct,3,True
confusion_depth,depth,,3,0.0,0,bd07,bd07,True,0,correct,3,True
confusion_depth,depth,,3,0.0,0,bd07,bd07,True,0,correct,3,True
confusion_depth,depth,,3,0.0,0,bd07,bd07,True,0,correct,3,True
confusion_depth,depth,,3,0.0,0,bd07,bd07,True,0,correct,3,True
confusion_depth,depth,,3,0.0,0,bd07,bd07,True,0,correct,3,True
confusion_depth,depth,,3,0.0,0,bd07,bd07,True,0,correct,3,True
confusion_depth,depth,,3,0.0,0,bd07,bd07,True,0,correct,3,True
confusion_depth,depth,,3,0.0,0,bd07,bd07,True,0,correct,3,True
confusion_depth,depth,,3,0.0,0,bd07,bd07,True,0,correct,3,True
confusion_depth,depth,,3,0.0,0,bd07,bd07,True,0,correct,3,True
confusion_depth,depth,,3,0.0,0,bd07,bd07,True,0,correct,3,True
confusion_depth,depth,,3,0.0,0,bd07,bd07,True,0,correct,3,True
confusion_depth,depth,,3,0.0,0,bd07,bd07,True,0,correct,3,True
confusion_depth,depth,,3,0.0,0,bd07,bd07,True,0,correct,3,True
confusion_depth,depth,,3,0.0,0,bd07,bd07,True,0,correct,3,True
confusion_depth,depth,,3,0.0,0,bd07,bd07,True,0,correct,3,True
confusion_depth,depth,,3,0.0,0,bd07,bd07,True,0,correct,3,True
confusion_depth,depth,,3,0.0,0,bd07,bd07,True,0,correct,3,True
confusion_depth,depth,,3,0.0,0,bd07,bd07,True,0,correct,3,True
confusion_depth,depth,,3,0.0,0,bd07,bd07,True,0,correct,3,True
confusion_depth,depth,,3,0.0,0,bd07,bd07,True,0,correct,3,True
confusion_depth,depth,,3,0.0,0,bd07,bd07,True,0,correct,3,True
confusion_depth,depth,,3,0.0,0,bd07,bd07,True,0,correct,3,True
confusion_depth,depth,,3,0.0,0,bd07,bd07,True,0,correct,3,True
confusion_depth,depth,,3,0.0,0,bd07,bd07,True,0,correct,3,True
confusion_depth,depth,,3,0.0,0,bd07,bd07,True,0,correct,3,True
confusion_depth,depth,,3,0.0,0,bd07,bd07,True,0,correct,3,True
confusion_depth,depth,,3,0.0,0,bd07,bd07,True,0,correct,3,True
confusion_depth,depth,,3,0.0,0,bd07,bd07,True,0,correct,3,True
confusion_depth,depth,,3,0.0,0,bd07,bd07,True,0,correct,3,True
confusion_depth,depth,,3,0.0,0,bd07,bd07,True,0,correct,3,True
confusion_depth,depth,,0,0.05,0,fca6,fca6,True,0,correct,0,True
confusion_depth,depth,,0,0.05,1,fda6,fca6,True,4,correct,0,True
confusion_depth,depth,,0,0.05,2,eca7,fca6,True,7,correct,0,True
confusion_depth,depth,,0,0.05,1,f4a6,fca6,True,7,correct,0,True
confusion_depth,depth,,0,0.05,0,fca6,fca6,True,0,correct,0,True
confusion_depth,depth,,0,0.05,0,fca6,fca6,True,0,correct,0,True
confusion_depth,depth,,0,0.05,1,fea6,fca6,True,5,correct,0,True
confusion_depth,depth,,0,0.05,0,fca6,fca6,True,0,correct,0,True
confusion_depth,depth,,0,0.05,0,fca6,fca6,True,0,correct,0,True
confusion_depth,depth,,0,0.05,3,b4a7,fca6,True,23,correct,0,True
confusion_depth,depth,,0,0.05,1,fc86,fca6,True,4,correct,0,True
confusion_depth,depth,,0,0.05,2,dcae,fca6,True,6,correct,0,True
confusion_depth,depth,,0,0.05,0,fca6,fca6,True,0,correct,0,True
confusion_depth,depth,,0,0.05,0,fca6,fca6,True,0,correct,0,True
confusion_depth,depth,,0,0.05,1,fce6,fca6,True,6,correct,0,True
confusion_depth,depth,,0,0.05,0,fca6,fca6,True,0,correct,0,True
confusion_depth,depth,,0,0.05,2,fca5,fca6,True,4,correct,0,True
confusion_depth,depth,,0,0.05,1,fce6,fca6,True,6,correct,0,True
confusion_depth,depth,,0,0.05,2,bc26,fca6,True,11,correct,0,True
confusion_depth,depth,,0,0.05,0,fca6,fca6,True,0,correct,0,True
confusion_depth,depth,,0,0.05,1,bca6,fca6,True,11,correct,0,True
confusion_depth,depth,,0,0.05,0,fca6,fca6,True,0,correct,0,True
confusion_depth,depth,,0,0.05,0,fca6,fca6,True,0,correct,0,True
confusion_depth,depth,,0,0.05,0,fca6,fca6,True,0,correct,0,True
confusion_depth,depth,,0,0.05,0,fca6,fca6,True,0,correct,0,True
confusion_depth,depth,,0,0.05,1,fda6,fca6,True,4,correct,0,True
confusion_depth,depth,,0,0.05,0,fca6,fca6,True,0,correct,0,True
confusion_depth,depth,,0,0.05,2,7da6,fca6,True,4,correct,0,True
confusion_depth,depth,,0,0.05,2,dc26,fca6,True,9,correct,0,True
confusion_depth,depth,,0,0.05,1,7ca6,fca6,True,4,correct,0,True
confusion_depth,depth,,0,0.05,0,fca6,fca6,True,0,correct,0,True
confusion_depth,depth,,0,0.05,0,fca6,fca6,True,0,correct,0,True
confusion_depth,depth,,0,0.05,1,bca6,fca6,True,11,correct,0,True
confusion_depth,depth,,0,0.05,1,fc86,fca6,True,4,correct,0,True
confusion_depth,depth,,0,0.05,1,fda6,fca6,True,4,correct,0,True
confusion_depth,depth,,0,0.05,2,fc84,fca6,True,4,correct,0,True
confusion_depth,depth,,0,0.05,0,fca6,fca6,True,0,correct,0,True
confusion_depth,depth,,0,0.05,1,f8a6,fca6,True,4,correct,0,True
confusion_depth,depth,,0,0.05,0,fca6,fca6,True,0,correct,0,True
confusion_depth,depth,,0,0.05,2,fc2e,fc6a,True,21,spurious,-1,False
confusion_depth,depth,,0,0.05,1,f8a6,fca6,True,4,correct,0,True
confusion_depth,depth,,0,0.05,0,fca6,fca6,True,0,correct,0,True
confusion_depth,depth,,0,0.05,2,fdae,fca6,True,6,correct,0,True
confusion_depth,depth,,0,0.05,0,fca6,fca6,True,0,correct,0,True
confusion_depth,depth,,0,0.05,0,fca6,fca6,True,0,correct,0,True
confusion_depth,depth,,0,0.05,0,fca6,fca6,True,0,correct,0,True
confusion_depth,depth,,0,0.05,0,fca6,fca6,True,0,correct,0,True
confusion_depth,depth,,0,0.05,0,fca6,fca6,True,0,correct,0,True
confusion_depth,depth,,0,0.05,2,bca4,fca6,True,11,correct,0,True
confusion_depth,depth,,0,0.05,1,bca6,fca6,True,11,correct,0,True
confusion_depth,depth,,0,0.05,1,dca6,fca6,True,4,correct,0,True
confusion_depth,depth,,0,0.05,0,fca6,fca6,True,0,correct,0,True
confusion_depth,depth,,0,0.05,1,fcb6,fca6,True,5,correct,0,True
confusion_depth,depth,,0,0.05,1,fce6,fca6,True,6,correct,0,True
confusion_depth,depth,,0,0.05,0,fca6,fca6,True,0,correct,0,True
confusion_depth,depth,,0,0.05,0,fca6,fca6,True,0,correct,0,True
confusion_depth,depth,,0,0.05,2,fc8e,fca6,True,6,correct,0,True
confusion_depth,depth,,0,0.05,0,fca6,fca6,True,0,correct,0,True
confusion_depth,depth,,0,0.05,1,7ca6,fca6,True,4,correct,0,True
confusion_depth,depth,,0,0.05,0,fca6,fca6,True,0,correct,0,True
confusion_depth,depth,,0,0.05,1,f4a6,fca6,True,7,correct,0,True
confusion_depth,depth,,0,0.05,0,fca6,fca6,True,0,correct,0,True
confusion_depth,depth,,0,0.05,0,fca6,fca6,True,0,correct,0,True
confusion_depth,depth,,0,0.05,2,bce6,fca6,True,11,correct,0,True
confusion_depth,depth,,0,0.05,1,f4a6,fca6,True,7,correct,0,True
confusion_depth,depth,,0,0.05,0,fca6,fca6,True,0,correct,0,True
confusion_depth,depth,,0,0.05,0,fca6,fca6,True,0,correct,0,True
confusion_depth,depth,,0,0.05,0,fca6,fca6,True,0,correct,0,True
confusion_depth,depth,,0,0.05,1,fca2,fca6,True,6,correct,0,True
confusion_depth,depth,,0,0.05,2,bc86,fca6,True,11,correct,0,True
confusion_depth,depth,,0,0.05,0,fca6,fca6,True,0,correct,0,True
confusion_depth,depth,,0,0.05,1,fea6,fca6,True,5,correct,0,True
confusion_depth,depth,,0,0.05,1,fcae,fca6,True,6,correct,0,True
confusion_depth,depth,,0,0.05,0,fca6,fca6,True,0,correct,0,True
confusion_depth,depth,,0,0.05,0,fca6,fca6,True,0,correct,0,True
confusion_depth,depth,,0,0.05,1,7ca6,fca6,True,4,correct,0,True
confusion_depth,depth,,0,0.05,0,fca6,fca6,True,0,correct,0,True
confusion_depth,depth,,0,0.05,1,fca7,fca6,True,4,correct,0,True
confusion_depth,depth,,0,0.05,1,fcb6,fca6,True,5,correct,0,True
confusion_depth,depth,,0,0.05,1,fea6,fca6,True,5,correct,0,True
confusion_depth,depth,,0,0.05,3,f086,fca6,True,7,correct,0,True
confusion_depth,depth,,0,0.05,0,fca6,fca6,True,0,correct,0,True
confusion_depth,depth,,0,0.05,0,fca6,fca6,True,0,correct,0,True
confusion_depth,depth,,0,0.05,1,dca6,fca6,True,4,correct,0,True
confusion_depth,depth,,0,0.05,1,fc26,fca6,True,9,correct,0,True
confusion_depth,depth,,0,0.05,0,fca6,fca6,True,0,correct,0,True
confusion_depth,depth,,0,0.05,0,fca6,fca6,True,0,correct,0,True
confusion_depth,depth,,0,0.05,0,fca6,fca6,True,0,correct,0,True
confusion_depth,depth,,0,0.05,0,fca6,fca6,True,0,correct,0,True
confusion_depth,depth,,0,0.05,3,b8ae,fca6,True,11,correct,0,True
confusion_depth,depth,,0,0.05,0,fca6,fca6,True,0,correct,0,True
confusion_depth,depth,,0,0.05,1,f8a6,fca6,True,4,correct,0,True
confusion_depth,depth,,0,0.05,0,fca6,fca6,True,0,correct,0,True
confusion_depth,depth,,0,0.05,3,f9b6,fca6,True,5,correct,0,True
confusion_depth,depth,,0,0.05,1,fda6,fca6,True,4,correct,0,True
confusion_depth,depth,,0,0.05,3,fc16,bd07,True,15,wrong_pattern,3,False
confusion_depth,depth,,0,0.05,2,dc86,fca6,True,4,correct,0,True
confusion_depth,depth,,0,0.05,0,fca6,fca6,True,0,correct,0,True
confusion_depth,depth,,0,0.05,0,fca6,fca6,True,0,correct,0,True
confusion_depth,depth,,0,0.05,1,dca6,fca6,True,4,correct,0,True
confusion_depth,depth,,0,0.05,1,fca2,fca6,True,6,correct,0,True
confusion_depth,depth,,0,0.05,0,fca6,fca6,True,0,correct,0,True
confusion_depth,depth,,0,0.05,0,fca6,fca6,True,0,correct,0,True
confusion_depth,depth,,0,0.05,2,dda6,fca6,True,4,correct,0,True
confusion_depth,depth,,0,0.05,0,fca6,fca6,True,0,correct,0,True
confusion_depth,depth,,0,0.05,0,fca6,fca6,True,0,correct,0,True
confusion_depth,depth,,0,0.05,0,fca6,fca6,True,0,correct,0,True
confusion_depth,depth,,0,0.05,2,f8a2,fca6,True,6,correct,0,True
confusion_depth,depth,,0,0.05,0,fca6,fca6,True,0,correct,0,True
confusion_depth,depth,,0,0.05,1,bca6,fca6,True,11,correct,0,True
confusion_depth,depth,,0,0.05,1,dca6,fca6,True,4,correct,0,True
confusion_depth,depth,,0,0.05,1,fca2,fca6,True,6,correct,0,True
confusion_depth,depth,,0,0.05,0,fca6,fca6,True,0,correct,0,True
confusion_depth,depth,,0,0.05,0,fca6,fca6,True,0,correct,0,True
confusion_depth,depth,,0,0.05,0,fca6,fca6,True,0,correct,0,True
confusion_depth,depth,,0,0.05,0,fca6,fca6,True,0,correct,0,True
confusion_depth,depth,,0,0.05,1,fca7,fca6,True,4,correct,0,True
confusion_depth,depth,,0,0.05,0,fca6,fca6,True,0,correct,0,True
confusion_depth,depth,,0,0.05,0,fca6,fca6,True,0,correct,0,True
confusion_depth,depth,,0,0.05,0,fca6,fca6,True,0,correct,0,True
confusion_depth,depth,,1,0.05,2,1a85,58a4,True,18,spurious,-1,False
confusion_depth,depth,,1,0.05,1,1f95,1b95,True,4,correct,1,True
confusion_depth,depth,,1,0.05,1,1bd5,1b95,True,6,correct,1,True
confusion_depth,depth,,1,0.05,2,1d95,1915,False,740,oscillated,-1,False
confusion_depth,depth,,1,0.05,0,1b95,1b95,True,0,correct,1,True
confusion_depth,depth,,1,0.05,0,1b95,1b95,True,0,correct,1,True
confusion_depth,depth,,1,0.05,0,1b95,1b95,True,0,correct,1,True
confusion_depth,depth,,1,0.05,0,1b95,1b95,True,0,correct,1,True
confusion_depth,depth,,1,0.05,1,1b97,1b95,True,4,correct,1,True
confusion_depth,depth,,1,0.05,0,1b95,1b95,True,0,correct,1,True
confusion_depth,depth,,1,0.05,1,1f95,1b95,True,4,correct,1,True
confusion_depth,depth,,1,0.05,0,1b95,1b95,True,0,correct,1,True
confusion_depth,depth,,1,0.05,1,9b95,1b95,True,4,correct,1,True
confusion_depth,depth,,1,0.05,1,3b95,1b95,True,4,correct,1,True
confusion_depth,depth,,1,0.05,1,3b95,1b95,True,4,correct,1,True
confusion_depth,depth,,1,0.05,2,5b9d,1905,True,13,spurious,-1,False
confusion_depth,depth,,1,0.05,0,1b95,1b95,True,0,correct,1,True
confusion_depth,depth,,1,0.05,1,1a95,58a4,True,21,spurious,-1,False
confusion_depth,depth,,1,0.05,1,1a95,58a4,True,7,spurious,-1,False
confusion_depth,depth,,1,0.05,1,1b97,1b95,True,4,correct,1,True
confusion_depth,depth,,1,0.05,0,1b95,1b95,True,0,correct,1,True
confusion_depth,depth,,1,0.05,0,1b95,1b95,True,0,correct,1,True
confusion_depth,depth,,1,0.05,0,1b95,1b95,True,0,correct,1,True
confusion_depth,depth,,1,0.05,0,1b95,1b95,True,0,correct,1,True
confusion_depth,depth,,1,0.05,0,1b95,1b95,True,0,correct,1,True
confusion_depth,depth,,1,0.05,0,1b95,1b95,True,0,correct,1,True
confusion_depth,depth,,1,0.05,2,b94,12b4,False,740,oscillated,-1,False
confusion_depth,depth,,1,0.05,0,1b95,1b95,True,0,correct,1,True
confusion_depth,depth,,1,0.05,1,3b95,1b95,True,4,correct,1,True
confusion_depth,depth,,1,0.05,0,1b95,1b95,True,0,correct,1,True
confusion_depth,depth,,1,0.05,1,1f95,1b95,True,4,correct,1,True
confusion_depth,depth,,1,0.05,1,3b95,1b95,True,4,correct,1,True
confusion_depth,depth,,1,0.05,2,5a95,58a4,True,7,spurious,-1,False
confusion_depth,depth,,1,0.05,0,1b95,1b95,True,0,correct,1,True
confusion_depth,depth,,1,0.05,1,3b95,1b95,True,4,correct,1,True
confusion_depth,depth,,1,0.05,0,1b95,1b95,True,0,correct,1,True
confusion_depth,depth,,1,0.05,1,1bd5,1b95,True,6,correct,1,True
confusion_depth,depth,,1,0.05,1,1b97,1b95,True,4,correct,1,True
confusion_depth,depth,,1,0.05,2,5b97,1905,True,13,spurious,-1,False
confusion_depth,depth,,1,0.05,1,1395,b95,False,740,oscillated,-1,False
confusion_depth,depth,,1,0.05,0,1b95,1b95,True,0,correct,1,True
confusion_depth,depth,,1,0.05,0,1b95,1b95,True,0,correct,1,True
confusion_depth,depth,,1,0.05,0,1b95,1b95,True,0,correct,1,True
confusion_depth,depth,,1,0.05,1,b95,1395,False,740,oscillated,-1,False
confusion_depth,depth,,1,0.05,1,1b15,1b95,True,9,correct,1,True
confusion_depth,depth,,1,0.05,0,1b95,1b95,True,0,correct,1,True
confusion_depth,depth,,1,0.05,2,1bf5,2b4,True,7,spurious,-1,False
confusion_depth,depth,,1,0.05,1,1395,b95,False,740,oscillated,-1,False
confusion_depth,depth,,1,0.05,2,1b9c,2b4,True,7,spurious,-1,False
confusion_depth,depth,,1,0.05,0,1b95,1b95,True,0,correct,1,True
confusion_depth,depth,,1,0.05,3,199c,58a4,True,15,spurious,-1,False
confusion_depth,depth,,1,0.05,0,1b95,1b95,True,0,correct,1,True
confusion_depth,depth,,1,0.05,3,1b45,1b05,False,740,oscillated,-1,False
confusion_depth,depth,,1,0.05,1,1995,1915,False,740,oscillated,-1,False
confusion_depth,depth,,1,0.05,0,1b95,1b95,True,0,correct,1,True
confusion_depth,depth,,1,0.05,1,1395,b95,False,740,oscillated,-1,False
confusion_depth,depth,,1,0.05,1,b95,1395,False,740,oscillated,-1,False
confusion_depth,depth,,1,0.05,1,3b95,1b95,True,4,correct,1,True
confusion_depth,depth,,1,0.05,1,1b97,1b95,True,4,correct,1,True
confusion_depth,depth,,1,0.05,0,1b95,1b95,True,0,correct,1,True
confusion_depth,depth,,1,0.05,0,1b95,1b95,True,0,correct,1,True
confusion_depth,depth,,1,0.05,0,1b95,1b95,True,0,correct,1,True
confusion_depth,depth,,1,0.05,3,bb97,bf97,True,4,spurious,-1,False
confusion_depth,depth,,1,0.05,1,1b91,1b95,True,6,correct,1,True
confusion_depth,depth,,1,0.05,2,1a85,58a4,True,18,spurious,-1,False
confusion_depth,depth,,1,0.05,0,1b95,1b95,True,0,correct,1,True
confusion_depth,depth,,1,0.05,1,1995,1915,False,740,oscillated,-1,False
confusion_depth,depth,,1,0.05,0,1b95,1b95,True,0,correct,1,True
confusion_depth,depth,,1,0.05,0,1b95,1b95,True,0,correct,1,True
confusion_depth,depth,,1,0.05,1,1b94,58a4,True,21,spurious,-1,False
confusion_depth,depth,,1,0.05,0,1b95,1b95,True,0,correct,1,True
confusion_depth,depth,,1,0.05,0,1b95,1b95,True,0,correct,1,True
confusion_depth,depth,,1,0.05,0,1b95,1b95,True,0,correct,1,True
confusion_depth,depth,,1,0.05,1,1b97,1b95,True,4,correct,1,True
confusion_depth,depth,,1,0.05,1,1a95,58a4,True,21,spurious,-1,False
confusion_depth,depth,,1,0.05,2,1bd1,1b95,True,6,correct,1,True
confusion_depth,depth,,1,0.05,0,1b95,1b95,True,0,correct,1,True
confusion_depth,depth,,1,0.05,2,8b95,1395,False,740,oscillated,-1,False
confusion_depth,depth,,1,0.05,1,1b97,1b95,True,4,correct,1,True
confusion_depth,depth,,1,0.05,1,1a95,58a4,True,21,spurious,-1,False
confusion_depth,depth,,1,0.05,1,1f95,1b95,True,4,correct,1,True
confusion_depth,depth,,1,0.05,4,1fc1,1b05,False,740,oscillated,-1,False
confusion_depth,depth,,1,0.05,2,a95,12b4,False,740,oscillated,-1,False
confusion_depth,depth,,1,0.05,0,1b95,1b95,True,0,correct,1,True
confusion_depth,depth,,1,0.05,0,1b95,1b95,True,0,correct,1,True
confusion_depth,depth,,1,0.05,0,1b95,1b95,True,0,correct,1,True
confusion_depth,depth,,1,0.05,0,1b95,1b95,True,0,correct,1,True
confusion_depth,depth,,1,0.05,1,1b85,1b05,False,740,oscillated,-1,False
confusion_depth,depth,,1,0.05,1,1bb5,58a4,True,21,spurious,-1,False
confusion_depth,depth,,1,0.05,0,1b95,1b95,True,0,correct,1,True
confusion_depth,depth,,1,0.05,0,1b95,1b95,True,0,correct,1,True
confusion_depth,depth,,1,0.05,4,ba94,f8a4,False,740,oscillated,-1,False
confusion_depth,depth,,1,0.05,0,1b95,1b95,True,0,correct,1,True
confusion_depth,depth,,1,0.05,1,1b97,1b95,True,4,correct,1,True
confusion_depth,depth,,1,0.05,0,1b95,1b95,True,0,correct,1,True
confusion_depth,depth,,1,0.05,1,1f95,1b95,True,4,correct,1,True
confusion_depth,depth,,1,0.05,1,1995,1915,False,740,oscillated,-1,False
confusion_depth,depth,,1,0.05,1,b95,1395,False,740,oscillated,-1,False
confusion_depth,depth,,1,0.05,2,1f94,58a4,True,21,spurious,-1,False
confusion_depth,depth,,1,0.05,0,1b95,1b95,True,0,correct,1,True
confusion_depth,depth,,1,0.05,0,1b95,1b95,True,0,correct,1,True
confusion_depth,depth,,1,0.05,1,1b94,58a4,True,21,spurious,-1,False
confusion_depth,depth,,1,0.05,1,3b95,1b95,True,4,correct,1,True
confusion_depth,depth,,1,0.05,1,3b95,1b95,True,4,correct,1,True
confusion_depth,depth,,1,0.05,1,5b95,1905,True,13,spurious,-1,False
confusion_depth,depth,,1,0.05,0,1b95,1b95,True,0,correct,1,True
confusion_depth,depth,,1,0.05,0,1b95,1b95,True,0,correct,1,True
confusion_depth,depth,,1,0.05,4,13f4,2b4,True,7,spurious,-1,False
confusion_depth,depth,,1,0.05,1,1b91,1b95,True,6,correct,1,True
confusion_depth,depth,,1,0.05,0,1b95,1b95,True,0,correct,1,True
confusion_depth,depth,,1,0.05,1,b95,1395,False,740,oscillated,-1,False
confusion_depth,depth,,1,0.05,0,1b95,1b95,True,0,correct,1,True
confusion_depth,depth,,1,0.05,0,1b95,1b95,True,0,correct,1,True
confusion_depth,depth,,1,0.05,0,1b95,1b95,True,0,correct,1,True
confusion_depth,depth,,1,0.05,1,1b94,58a4,True,21,spurious,-1,False
confusion_depth,depth,,1,0.05,1,1f95,1b95,True,4,correct,1,True
confusion_depth,depth,,1,0.05,0,1b95,1b95,True,0,correct,1,True
confusion_depth,depth,,1,0.05,0,1b95,1b95,True,0,correct,1,True
confusion_depth,depth,,1,0.05,1,b95,1395,False,740,oscillated,-1,False
confusion_depth,depth,,1,0.05,1,1b85,1b05,False,740,oscillated,-1,False
confusion_depth,depth,,2,0.05,0,a6b6,a6b6,True,0,correct,2,True
confusion_depth,depth,,2,0.05,0,a6b6,a6b6,True,0,correct,2,True
confusion_depth,depth,,2,0.05,3,afbe,a6b6,True,7,correct,2,True
confusion_depth,depth,,2,0.05,0,a6b6,a6b6,True,0,correct,2,True
confusion_depth,depth,,2,0.05,0,a6b6,a6b6,True,0,correct,2,True
confusion_depth,depth,,2,0.05,1,a7b6,a6b6,True,4,correct,2,True
confusion_depth,depth,,2,0.05,1,86b6,a6b6,True,4,correct,2,True
confusion_depth,depth,,2,0.05,0,a6b6,a6b6,True,0,correct,2,True
confusion_depth,depth,,2,0.05,1,b6b6,aeb6,False,740,oscillated,-1,False
confusion_depth,depth,,2,0.05,1,a2b6,a6b6,True,4,correct,2,True
confusion_depth,depth,,2,0.05,1,a6f6,a6b6,True,6,correct,2,True
confusion_depth,depth,,2,0.05,0,a6b6,a6b6,True,0,correct,2,True
confusion_depth,depth,,2,0.05,0,a6b6,a6b6,True,0,correct,2,True
confusion_depth,depth,,2,0.05,2,2eb6,b6b6,False,740,oscillated,-1,False
confusion_depth,depth,,2,0.05,0,a6b6,a6b6,True,0,correct,2,True
confusion_depth,depth,,2,0.05,1,a2b6,a6b6,True,4,correct,2,True
confusion_depth,depth,,2,0.05,1,a6a6,a6b6,True,5,correct,2,True
confusion_depth,depth,,2,0.05,0,a6b6,a6b6,True,0,correct,2,True
confusion_depth,depth,,2,0.05,1,a6b7,a6b6,True,4,correct,2,True
confusion_depth,depth,,2,0.05,0,a6b6,a6b6,True,0,correct,2,True
confusion_depth,depth,,2,0.05,0,a6b6,a6b6,True,0,correct,2,True
confusion_depth,depth,,2,0.05,2,86b4,86b4,False,740,oscillated,-1,False
confusion_depth,depth,,2,0.05,1,a6f6,a6b6,True,6,correct,2,True
confusion_depth,depth,,2,0.05,0,a6b6,a6b6,True,0,correct,2,True
confusion_depth,depth,,2,0.05,0,a6b6,a6b6,True,0,correct,2,True
confusion_depth,depth,,2,0.05,0,a6b6,a6b6,True,0,correct,2,True
confusion_depth,depth,,2,0.05,0,a6b6,a6b6,True,0,correct,2,True
confusion_depth,depth,,2,0.05,1,a4b6,a6b6,True,5,correct,2,True
confusion_depth,depth,,2,0.05,1,a6be,a6b6,True,6,correct,2,True
confusion_depth,depth,,2,0.05,1,a6b4,a6b6,True,4,correct,2,True
confusion_depth,depth,,2,0.05,1,26b6,a6b6,True,4,correct,2,True
confusion_depth,depth,,2,0.05,1,a6f6,a6b6,True,6,correct,2,True
confusion_depth,depth,,2,0.05,0,a6b6,a6b6,True,0,correct,2,True
confusion_depth,depth,,2,0.05,0,a6b6,a6b6,True,0,correct,2,True
confusion_depth,depth,,2,0.05,1,a7b6,a6b6,True,4,correct,2,True
confusion_depth,depth,,2,0.05,1,e6b6,a6b6,True,11,correct,2,True
confusion_depth,depth,,2,0.05,1,a6f6,a6b6,True,6,correct,2,True
confusion_depth,depth,,2,0.05,0,a6b6,a6b6,True,0,correct,2,True
confusion_depth,depth,,2,0.05,0,a6b6,a6b6,True,0,correct,2,True
confusion_depth,depth,,2,0.05,0,a6b6,a6b6,True,0,correct,2,True
confusion_depth,depth,,2,0.05,0,a6b6,a6b6,True,0,correct,2,True
confusion_depth,depth,,2,0.05,0,a6b6,a6b6,True,0,correct,2,True
confusion_depth,depth,,2,0.05,2,26a6,a6b6,True,5,correct,2,True
confusion_depth,depth,,2,0.05,0,a6b6,a6b6,True,0,correct,2,True
confusion_depth,depth,,2,0.05,0,a6b6,a6b6,True,0,correct,2,True
confusion_depth,depth,,2,0.05,1,b6b6,aeb6,False,740,oscillated,-1,False
confusion_depth,depth,,2,0.05,0,a6b6,a6b6,True,0,correct,2,True
confusion_depth,depth,,2,0.05,0,a6b6,a6b6,True,0,correct,2,True
confusion_depth,depth,,2,0.05,2,b6be,a6b6,True,7,correct,2,True
confusion_depth,depth,,2,0.05,1,b6b6,aeb6,False,740,oscillated,-1,False
confusion_depth,depth,,2,0.05,1,a4b6,a6b6,True,5,correct,2,True
confusion_depth,depth,,2,0.05,1,a7b6,a6b6,True,4,correct,2,True
confusion_depth,depth,,2,0.05,1,a6b2,a6b6,True,6,correct,2,True
confusion_depth,depth,,2,0.05,0,a6b6,a6b6,True,0,correct,2,True
confusion_depth,depth,,2,0.05,0,a6b6,a6b6,True,0,correct,2,True
confusion_depth,depth,,2,0.05,0,a6b6,a6b6,True,0,correct,2,True
confusion_depth,depth,,2,0.05,1,a2b6,a6b6,True,4,correct,2,True
confusion_depth,depth,,2,0.05,1,26b6,a6b6,True,4,correct,2,True
confusion_depth,depth,,2,0.05,0,a6b6,a6b6,True,0,correct,2,True
confusion_depth,depth,,2,0.05,0,a6b6,a6b6,True,0,correct,2,True
confusion_depth,depth,,2,0.05,0,a6b6,a6b6,True,0,correct,2,True
confusion_depth,depth,,2,0.05,1,e6b6,a6b6,True,11,correct,2,True
confusion_depth,depth,,2,0.05,3,b7a6,aeb6,False,740,oscillated,-1,False
confusion_depth,depth,,2,0.05,1,a6a6,a6b6,True,5,correct,2,True
confusion_depth,depth,,2,0.05,2,aeb2,a6b6,True,7,correct,2,True
confusion_depth,depth,,2,0.05,1,a6b4,a6b6,True,4,correct,2,True
confusion_depth,depth,,2,0.05,2,b7b6,aeb6,False,740,oscillated,-1,False
confusion_depth,depth,,2,0.05,0,a6b6,a6b6,True,0,correct,2,True
confusion_depth,depth,,2,0.05,0,a6b6,a6b6,True,0,correct,2,True
confusion_depth,depth,,2,0.05,0,a6b6,a6b6,True,0,correct,2,True
confusion_depth,depth,,2,0.05,2,86f6,a6b6,True,6,correct,2,True
confusion_depth,depth,,2,0.05,0,a6b6,a6b6,True,0,correct,2,True
confusion_depth,depth,,2,0.05,0,a6b6,a6b6,True,0,correct,2,True
confusion_depth,depth,,2,0.05,0,a6b6,a6b6,True,0,correct,2,True
confusion_depth,depth,,2,0.05,0,a6b6,a6b6,True,0,correct,2,True
confusion_depth,depth,,2,0.05,0,a6b6,a6b6,True,0,correct,2,True
confusion_depth,depth,,2,0.05,1,26b6,a6b6,True,4,correct,2,True
confusion_depth,depth,,2,0.05,1,a2b6,a6b6,True,4,correct,2,True
confusion_depth,depth,,2,0.05,3,aa36,b6b6,False,740,oscillated,-1,False
confusion_depth,depth,,2,0.05,2,6b6,6b6,False,740,oscillated,-1,False
confusion_depth,depth,,2,0.05,1,a7b6,a6b6,True,4,correct,2,True
confusion_depth,depth,,2,0.05,0,a6b6,a6b6,True,0,correct,2,True
confusion_depth,depth,,2,0.05,0,a6b6,a6b6,True,0,correct,2,True
confusion_depth,depth,,2,0.05,0,a6b6,a6b6,True,0,correct,2,True
confusion_depth,depth,,2,0.05,1,a6b4,a6b6,True,4,correct,2,True
confusion_depth,depth,,2,0.05,2,a736,a797,True,9,spurious,-1,False
confusion_depth,depth,,2,0.05,0,a6b6,a6b6,True,0,correct,2,True
confusion_depth,depth,,2,0.05,0,a6b6,a6b6,True,0,correct,2,True
confusion_depth,depth,,2,0.05,2,a7b7,a6b6,True,7,correct,2,True
confusion_depth,depth,,2,0.05,0,a6b6,a6b6,True,0,correct,2,True
confusion_depth,depth,,2,0.05,0,a6b6,a6b6,True,0,correct,2,True
confusion_depth,depth,,2,0.05,0,a6b6,a6b6,True,0,correct,2,True
confusion_depth,depth,,2,0.05,2,a7be,a6b6,True,6,correct,2,True
confusion_depth,depth,,2,0.05,0,a6b6,a6b6,True,0,correct,2,True
confusion_depth,depth,,2,0.05,1,b6b6,aeb6,False,740,oscillated,-1,False
confusion_depth,depth,,2,0.05,1,a696,a6b6,True,4,correct,2,True
confusion_depth,depth,,2,0.05,1,e6b6,a6b6,True,11,correct,2,True
confusion_depth,depth,,2,0.05,0,a6b6,a6b6,True,0,correct,2,True
confusion_depth,depth,,2,0.05,2,a6b3,a6b6,True,6,correct,2,True
confusion_depth,depth,,2,0.05,0,a6b6,a6b6,True,0,correct,2,True
confusion_depth,depth,,2,0.05,0,a6b6,a6b6,True,0,correct,2,True
confusion_depth,depth,,2,0.05,3,a4a7,a6b6,True,5,correct,2,True
confusion_depth,depth,,2,0.05,1,a6b4,a6b6,True,4,correct,2,True
confusion_depth,depth,,2,0.05,1,a6b4,a6b6,True,4,correct,2,True
confusion_depth,depth,,2,0.05,1,a2b6,a6b6,True,4,correct,2,True
confusion_depth,depth,,2,0.05,0,a6b6,a6b6,True,0,correct,2,True
confusion_depth,depth,,2,0.05,1,a636,a6b6,True,9,correct,2,True
confusion_depth,depth,,2,0.05,1,26b6,a6b6,True,4,correct,2,True
confusion_depth,depth,,2,0.05,0,a6b6,a6b6,True,0,correct,2,True
confusion_depth,depth,,2,0.05,2,2eb6,b6b6,False,740,oscillated,-1,False
confusion_depth,depth,,2,0.05,0,a6b6,a6b6,True,0,correct,2,True
confusion_depth,depth,,2,0.05,1,a7b6,a6b6,True,4,correct,2,True
confusion_depth,depth,,2,0.05,0,a6b6,a6b6,True,0,correct,2,True
confusion_depth,depth,,2,0.05,0,a6b6,a6b6,True,0,correct,2,True
confusion_depth,depth,,2,0.05,0,a6b6,a6b6,True,0,correct,2,True
confusion_depth,depth,,2,0.05,0,a6b6,a6b6,True,0,correct,2,True
confusion_depth,depth,,2,0.05,1,a6f6,a6b6,True,6,correct,2,True
confusion_depth,depth,,2,0.05,3,c6f6,e6fa,True,16,spurious,-1,False
confusion_depth,depth,,2,0.05,1,a4b6,a6b6,True,5,correct,2,True
confusion_depth,depth,,2,0.05,0,a6b6,a6b6,True,0,correct,2,True
confusion_depth,depth,,3,0.05,0,bd07,bd07,True,0,correct,3,True
confusion_depth,depth,,3,0.05,1,b907,bd07,True,4,correct,3,True
confusion_depth,depth,,3,0.05,1,bd0f,bd07,True,6,correct,3,True
confusion_depth,depth,,3,0.05,1,bd06,bd07,True,4,correct,3,True
confusion_depth,depth,,3,0.05,1,bd06,bd07,True,4,correct,3,True
confusion_depth,depth,,3,0.05,0,bd07,bd07,True,0,correct,3,True
confusion_depth,depth,,3,0.05,0,bd07,bd07,True,0,correct,3,True
confusion_depth,depth,,3,0.05,1,bd47,bd07,True,6,correct,3,True
confusion_depth,depth,,3,0.05,1,9d07,bd07,True,4,correct,3,True
confusion_depth,depth,,3,0.05,0,bd07,bd07,True,0,correct,3,True
confusion_depth,depth,,3,0.05,2,f507,bd07,True,11,correct,3,True
confusion_depth,depth,,3,0.05,0,bd07,bd07,True,0,correct,3,True
confusion_depth,depth,,3,0.05,0,bd07,bd07,True,0,correct,3,True
confusion_depth,depth,,3,0.05,0,bd07,bd07,True,0,correct,3,True
confusion_depth,depth,,3,0.05,1,3d07,bd07,True,4,correct,3,True
confusion_depth,depth,,3,0.05,1,bd47,bd07,True,6,correct,3,True
confusion_depth,depth,,3,0.05,1,ad07,bd07,True,7,correct,3,True
confusion_depth,depth,,3,0.05,0,bd07,bd07,True,0,correct,3,True
confusion_depth,depth,,3,0.05,1,bd05,bd07,True,4,correct,3,True
confusion_depth,depth,,3,0.05,3,ae07,b707,False,740,oscillated,-1,False
confusion_depth,depth,,3,0.05,2,bd0e,bd07,True,6,correct,3,True
confusion_depth,depth,,3,0.05,0,bd07,bd07,True,0,correct,3,True
confusion_depth,depth,,3,0.05,1,bd0f,bd07,True,6,correct,3,True
confusion_depth,depth,,3,0.05,0,bd07,bd07,True,0,correct,3,True
confusion_depth,depth,,3,0.05,1,bd06,bd07,True,4,correct,3,True
confusion_depth,depth,,3,0.05,2,bda7,fca6,True,12,wrong_pattern,0,False
confusion_depth,depth,,3,0.05,1,bd05,bd07,True,4,correct,3,True
confusion_depth,depth,,3,0.05,1,fd07,bd07,True,11,correct,3,True
confusion_depth,depth,,3,0.05,1,9d07,bd07,True,4,correct,3,True
confusion_depth,depth,,3,0.05,0,bd07,bd07,True,0,correct,3,True
confusion_depth,depth,,3,0.05,1,3d07,bd07,True,4,correct,3,True
confusion_depth,depth,,3,0.05,1,bd05,bd07,True,4,correct,3,True
confusion_depth,depth,,3,0.05,0,bd07,bd07,True,0,correct,3,True
confusion_depth,depth,,3,0.05,0,bd07,bd07,True,0,correct,3,True
confusion_depth,depth,,3,0.05,3,3c17,bd17,False,740,oscillated,-1,False
confusion_depth,depth,,3,0.05,0,bd07,bd07,True,0,correct,3,True
confusion_depth,depth,,3,0.05,1,bd06,bd07,True,4,correct,3,True
confusion_depth,depth,,3,0.05,0,bd07,bd07,True,0,correct,3,True
confusion_depth,depth,,3,0.05,1,bd0f,bd07,True,6,correct,3,True
confusion_depth,depth,,3,0.05,0,bd07,bd07,True,0,correct,3,True
confusion_depth,depth,,3,0.05,1,bd05,bd07,True,4,correct,3,True
confusion_depth,depth,,3,0.05,0,bd07,bd07,True,0,correct,3,True
confusion_depth,depth,,3,0.05,3,fb07,bd07,True,13,correct,3,True
confusion_depth,depth,,3,0.05,1,bd87,bd07,True,9,correct,3,True
confusion_depth,depth,,3,0.05,1,bd05,bd07,True,4,correct,3,True
confusion_depth,depth,,3,0.05,0,bd07,bd07,True,0,correct,3,True
confusion_depth,depth,,3,0.05,0,bd07,bd07,True,0,correct,3,True
confusion_depth,depth,,3,0.05,1,bd87,bd07,True,9,correct,3,True
confusion_depth,depth,,3,0.05,3,bf97,bf97,True,0,spurious,-1,False
confusion_depth,depth,,3,0.05,1,3d07,bd07,True,4,correct,3,True
confusion_depth,depth,,3,0.05,0,bd07,bd07,True,0,correct,3,True
confusion_depth,depth,,3,0.05,1,fd07,bd07,True,11,correct,3,True
confusion_depth,depth,,3,0.05,0,bd07,bd07,True,0,correct,3,True
confusion_depth,depth,,3,0.05,2,bd85,bd07,True,9,correct,3,True
confusion_depth,depth,,3,0.05,1,bd17,bd17,False,740,oscillated,-1,False
confusion_depth,depth,,3,0.05,1,bd17,bd17,False,740,oscillated,-1,False
confusion_depth,depth,,3,0.05,0,bd07,bd07,True,0,correct,3,True
confusion_depth,depth,,3,0.05,0,bd07,bd07,True,0,correct,3,True
confusion_depth,depth,,3,0.05,0,bd07,bd07,True,0,correct,3,True
confusion_depth,depth,,3,0.05,2,bc87,fca6,True,12,wrong_pattern,0,False
confusion_depth,depth,,3,0.05,1,bd87,bd07,True,9,correct,3,True
confusion_depth,depth,,3,0.05,0,bd07,bd07,True,0,correct,3,True
confusion_depth,depth,,3,0.05,1,bc07,bd07,True,4,correct,3,True
confusion_depth,depth,,3,0.05,0,bd07,bd07,True,0,correct,3,True
confusion_depth,depth,,3,0.05,1,bd03,bd07,True,6,correct,3,True
confusion_depth,depth,,3,0.05,2,ad87,bf97,True,7,spurious,-1,False
confusion_depth,depth,,3,0.05,1,3d07,bd07,True,4,correct,3,True
confusion_depth,depth,,3,0.05,2,bc0f,bd07,True,6,correct,3,True
confusion_depth,depth,,3,0.05,0,bd07,bd07,True,0,correct,3,True
confusion_depth,depth,,3,0.05,0,bd07,bd07,True,0,correct,3,True
confusion_depth,depth,,3,0.05,1,bd17,bd17,False,740,oscillated,-1,False
confusion_depth,depth,,3,0.05,0,bd07,bd07,True,0,correct,3,True
confusion_depth,depth,,3,0.05,1,bf07,bf07,False,740,oscillated,-1,False
confusion_depth,depth,,3,0.05,2,2d07,bd07,True,7,correct,3,True
confusion_depth,depth,,3,0.05,0,bd07,bd07,True,0,correct,3,True
confusion_depth,depth,,3,0.05,0,bd07,bd07,True,0,correct,3,True
confusion_depth,depth,,3,0.05,1,bd06,bd07,True,4,correct,3,True
confusion_depth,depth,,3,0.05,0,bd07,bd07,True,0,correct,3,True
confusion_depth,depth,,3,0.05,1,9d07,bd07,True,4,correct,3,True
confusion_depth,depth,,3,0.05,0,bd07,bd07,True,0,correct,3,True
confusion_depth,depth,,3,0.05,0,bd07,bd07,True,0,correct,3,True
confusion_depth,depth,,3,0.05,1,ad07,bd07,True,7,correct,3,True
confusion_depth,depth,,3,0.05,1,bd17,bd17,False,740,oscillated,-1,False
confusion_depth,depth,,3,0.05,0,bd07,bd07,True,0,correct,3,True
confusion_depth,depth,,3,0.05,0,bd07,bd07,True,0,correct,3,True
confusion_depth,depth,,3,0.05,1,bd87,bd07,True,9,correct,3,True
confusion_depth,depth,,3,0.05,0,bd07,bd07,True,0,correct,3,True
confusion_depth,depth,,3,0.05,0,bd07,bd07,True,0,correct,3,True
confusion_depth,depth,,3,0.05,0,bd07,bd07,True,0,correct,3,True
confusion_depth,depth,,3,0.05,1,bc07,bd07,True,4,correct,3,True
confusion_depth,depth,,3,0.05,1,b907,bd07,True,4,correct,3,True
confusion_depth,depth,,3,0.05,1,bd17,bd17,False,740,oscillated,-1,False
confusion_depth,depth,,3,0.05,0,bd07,bd07,True,0,correct,3,True
confusion_depth,depth,,3,0.05,2,ad27,bd07,True,7,correct,3,True
confusion_depth,depth,,3,0.05,0,bd07,bd07,True,0,correct,3,True
confusion_depth,depth,,3,0.05,3,9f06,bf07,False,740,oscillated,-1,False
confusion_depth,depth,,3,0.05,1,bd06,bd07,True,4,correct,3,True
confusion_depth,depth,,3,0.05,0,bd07,bd07,True,0,correct,3,True
confusion_depth,depth,,3,0.05,0,bd07,bd07,True,0,correct,3,True
confusion_depth,depth,,3,0.05,0,bd07,bd07,True,0,correct,3,True
confusion_depth,depth,,3,0.05,1,bd47,bd07,True,6,correct,3,True
confusion_depth,depth,,3,0.05,1,bc07,bd07,True,4,correct,3,True
confusion_depth,depth,,3,0.05,2,f907,bd07,True,11,correct,3,True
confusion_depth,depth,,3,0.05,2,bb07,bf07,False,740,oscillated,-1,False
confusion_depth,depth,,3,0.05,0,bd07,bd07,True,0,correct,3,True
confusion_depth,depth,,3,0.05,1,b507,bd07,True,7,correct,3,True
confusion_depth,depth,,3,0.05,0,bd07,bd07,True,0,correct,3,True
confusion_depth,depth,,3,0.05,0,bd07,bd07,True,0,correct,3,True
confusion_depth,depth,,3,0.05,1,bd27,bd07,True,4,correct,3,True
confusion_depth,depth,,3,0.05,0,bd07,bd07,True,0,correct,3,True
confusion_depth,depth,,3,0.05,2,bd0d,bd07,True,6,correct,3,True
confusion_depth,depth,,3,0.05,0,bd07,bd07,True,0,correct,3,True
confusion_depth,depth,,3,0.05,1,bd0f,bd07,True,6,correct,3,True
confusion_depth,depth,,3,0.05,0,bd07,bd07,True,0,correct,3,True
confusion_depth,depth,,3,0.05,1,3d07,bd07,True,4,correct,3,True
confusion_depth,depth,,3,0.05,1,3d07,bd07,True,4,correct,3,True
confusion_depth,depth,,3,0.05,1,bd05,bd07,True,4,correct,3,True
confusion_depth,depth,,3,0.05,0,bd07,bd07,True,0,correct,3,True
confusion_depth,depth,,3,0.05,1,bd05,bd07,True,4,correct,3,True
confusion_depth,depth,,3,0.05,0,bd07,bd07,True,0,correct,3,True
confusion_depth,depth,,0,0.1,5,f0f4,f8a4,False,740,oscillated,-1,False
confusion_depth,depth,,0,0.1,1,fca7,fca6,True,4,correct,0,True
confusion_depth,depth,,0,0.1,3,b8ae,fca6,True,11,correct,0,True
confusion_depth,depth,,0,0.1,3,dce2,fca6,True,11,correct,0,True
confusion_depth,depth,,0,0.1,3,e5a6,fca6,True,7,correct,0,True
confusion_depth,depth,,0,0.1,2,feae,fca6,True,6,correct,0,True
confusion_depth,depth,,0,0.1,2,b8a6,fca6,True,11,correct,0,True
confusion_depth,depth,,0,0.1,1,dca6,fca6,True,4,correct,0,True
confusion_depth,depth,,0,0.1,2,bca2,fca6,True,11,correct,0,True
confusion_depth,depth,,0,0.1,0,fca6,fca6,True,0,correct,0,True
confusion_depth,depth,,0,0.1,1,f8a6,fca6,True,4,correct,0,True
confusion_depth,depth,,0,0.1,1,fce6,fca6,True,6,correct,0,True
confusion_depth,depth,,0,0.1,1,fea6,fca6,True,5,correct,0,True
confusion_depth,depth,,0,0.1,2,fce7,fca6,True,6,correct,0,True
confusion_depth,depth,,0,0.1,0,fca6,fca6,True,0,correct,0,True
confusion_depth,depth,,0,0.1,0,fca6,fca6,True,0,correct,0,True
confusion_depth,depth,,0,0.1,2,bc86,fca6,True,11,correct,0,True
confusion_depth,depth,,0,0.1,3,fcad,fca6,True,6,correct,0,True
confusion_depth,depth,,0,0.1,1,fca2,fca6,True,6,correct,0,True
confusion_depth,depth,,0,0.1,2,bc26,fca6,True,11,correct,0,True
confusion_depth,depth,,0,0.1,0,fca6,fca6,True,0,correct,0,True
confusion_depth,depth,,0,0.1,0,fca6,fca6,True,0,correct,0,True
confusion_depth,depth,,0,0.1,0,fca6,fca6,True,0,correct,0,True
confusion_depth,depth,,0,0.1,3,b8a2,fca6,True,11,correct,0,True
confusion_depth,depth,,0,0.1,1,dca6,fca6,True,4,correct,0,True
confusion_depth,depth,,0,0.1,1,fce6,fca6,True,6,correct,0,True
confusion_depth,depth,,0,0.1,2,dc26,fca6,True,9,correct,0,True
confusion_depth,depth,,0,0.1,3,bce2,fca6,True,14,correct,0,True
confusion_depth,depth,,0,0.1,1,fda6,fca6,True,4,correct,0,True
confusion_depth,depth,,0,0.1,3,eda7,fca6,True,7,correct,0,True
confusion_depth,depth,,0,0.1,2,fdb6,fca6,True,5,correct,0,True
confusion_depth,depth,,0,0.1,3,f806,bd07,True,15,wrong_pattern,3,False
confusion_depth,depth,,0,0.1,0,fca6,fca6,True,0,correct,0,True
confusion_depth,depth,,0,0.1,1,bca6,fca6,True,11,correct,0,True
confusion_depth,depth,,0,0.1,4,bea0,fca6,True,15,correct,0,True
confusion_depth,depth,,0,0.1,2,78a6,78a6,False,740,oscillated,-1,False
confusion_depth,depth,,0,0.1,1,fca7,fca6,True,4,correct,0,True
confusion_depth,depth,,0,0.1,0,fca6,fca6,True,0,correct,0,True
confusion_depth,depth,,0,0.1,1,fce6,fca6,True,6,correct,0,True
confusion_depth,depth,,0,0.1,1,eca6,fca6,True,7,correct,0,True
confusion_depth,depth,,0,0.1,2,fd86,fca6,True,7,correct,0,True
confusion_depth,depth,,0,0.1,2,fca0,fca6,True,6,correct,0,True
confusion_depth,depth,,0,0.1,2,f9a6,fca6,True,4,correct,0,True
confusion_depth,depth,,0,0.1,4,f5be,fca6,True,16,correct,0,True
confusion_depth,depth,,0,0.1,0,fca6,fca6,True,0,correct,0,True
confusion_depth,depth,,0,0.1,4,7ce0,7ca4,False,740,oscillated,-1,False
confusion_depth,depth,,0,0.1,0,fca6,fca6,True,0,correct,0,True
confusion_depth,depth,,0,0.1,2,eda6,fca6,True,7,correct,0,True
confusion_depth,depth,,0,0.1,2,7c86,fca6,True,4,correct,0,True
confusion_depth,depth,,0,0.1,2,bca7,fca6,True,11,correct,0,True
confusion_depth,depth,,0,0.1,1,dca6,fca6,True,4,correct,0,True
confusion_depth,depth,,0,0.1,1,fca7,fca6,True,4,correct,0,True
confusion_depth,depth,,0,0.1,1,bca6,fca6,True,11,correct,0,True
confusion_depth,depth,,0,0.1,1,fca4,fca6,True,4,correct,0,True
confusion_depth,depth,,0,0.1,1,f8a6,fca6,True,4,correct,0,True
confusion_depth,depth,,0,0.1,1,7ca6,fca6,True,4,correct,0,True
confusion_depth,depth,,0,0.1,1,bca6,fca6,True,11,correct,0,True
confusion_depth,depth,,0,0.1,2,fc87,fca6,True,7,correct,0,True
confusion_depth,depth,,0,0.1,2,9ca6,fca6,True,11,correct,0,True
confusion_depth,depth,,0,0.1,1,7ca6,fca6,True,4,correct,0,True
confusion_depth,depth,,0,0.1,3,deae,fca6,True,6,correct,0,True
confusion_depth,depth,,0,0.1,0,fca6,fca6,True,0,correct,0,True
confusion_depth,depth,,0,0.1,2,f8a4,f8a4,False,740,oscillated,-1,False
confusion_depth,depth,,0,0.1,3,b426,fca6,True,11,correct,0,True
confusion_depth,depth,,0,0.1,1,f4a6,fca6,True,7,correct,0,True
confusion_depth,depth,,0,0.1,0,fca6,fca6,True,0,correct,0,True
confusion_depth,depth,,0,0.1,3,eee6,fca6,True,16,correct,0,True
confusion_depth,depth,,0,0.1,6,e3b6,a6b6,True,11,wrong_pattern,2,False
confusion_depth,depth,,0,0.1,2,fcac,fca6,True,6,correct,0,True
confusion_depth,depth,,0,0.1,2,ecae,fca6,True,7,correct,0,True
confusion_depth,depth,,0,0.1,1,bca6,fca6,True,11,correct,0,True
confusion_depth,depth,,0,0.1,0,fca6,fca6,True,0,correct,0,True
confusion_depth,depth,,0,0.1,3,b8a4,f8a4,False,740,oscillated,-1,False
confusion_depth,depth,,0,0.1,1,f4a6,fca6,True,7,correct,0,True
confusion_depth,depth,,0,0.1,0,fca6,fca6,True,0,correct,0,True
confusion_depth,depth,,0,0.1,4,7cc4,7ca4,False,740,oscillated,-1,False
confusion_depth,depth,,0,0.1,3,fd36,bd07,True,15,wrong_pattern,3,False
confusion_depth,depth,,0,0.1,3,fdbe,fca6,True,6,correct,0,True
confusion_depth,depth,,0,0.1,0,fca6,fca6,True,0,correct,0,True
confusion_depth,depth,,0,0.1,3,fcb3,fca6,True,6,correct,0,True
confusion_depth,depth,,0,0.1,3,cea6,fca6,True,11,correct,0,True
confusion_depth,depth,,0,0.1,1,f8a6,fca6,True,4,correct,0,True
confusion_depth,depth,,0,0.1,1,fca7,fca6,True,4,correct,0,True
confusion_depth,depth,,0,0.1,3,7ea7,fca6,True,5,correct,0,True
confusion_depth,depth,,0,0.1,4,d8af,d8a6,False,740,oscillated,-1,False
confusion_depth,depth,,0,0.1,2,fea4,fca6,True,5,correct,0,True
confusion_depth,depth,,0,0.1,2,dc86,fca6,True,4,correct,0,True
confusion_depth,depth,,0,0.1,1,eca6,fca6,True,7,correct,0,True
confusion_depth,depth,,0,0.1,3,f9e6,fca6,True,6,correct,0,True
confusion_depth,depth,,0,0.1,1,fcb6,fca6,True,5,correct,0,True
confusion_depth,depth,,0,0.1,1,fcae,fca6,True,6,correct,0,True
confusion_depth,depth,,0,0.1,5,ac97,b6b6,False,740,oscillated,-1,False
confusion_depth,depth,,0,0.1,3,6c26,fca6,True,9,correct,0,True
confusion_depth,depth,,0,0.1,2,bcb6,fca6,True,15,correct,0,True
confusion_depth,depth,,0,0.1,2,7cb6,fca6,True,5,correct,0,True
confusion_depth,depth,,0,0.1,5,f9b5,f8a4,False,740,oscillated,-1,False
confusion_depth,depth,,0,0.1,3,beb6,fca6,True,15,correct,0,True
confusion_depth,depth,,0,0.1,1,7ca6,fca6,True,4,correct,0,True
confusion_depth,depth,,0,0.1,3,f4ee,fca6,True,11,correct,0,True
confusion_depth,depth,,0,0.1,0,fca6,fca6,True,0,correct,0,True
confusion_depth,depth,,0,0.1,2,bca7,fca6,True,11,correct,0,True
confusion_depth,depth,,0,0.1,3,fec6,fca6,True,6,correct,0,True
confusion_depth,depth,,0,0.1,2,fc24,fca6,True,9,correct,0,True
confusion_depth,depth,,0,0.1,0,fca6,fca6,True,0,correct,0,True
confusion_depth,depth,,0,0.1,4,c426,e46a,True,6,spurious,-1,False
confusion_depth,depth,,0,0.1,2,7cae,fca6,True,6,correct,0,True
confusion_depth,depth,,0,0.1,2,74a6,fca6,True,7,correct,0,True
confusion_depth,depth,,0,0.1,2,fc36,fca6,True,9,correct,0,True
confusion_depth,depth,,0,0.1,2,3ca6,fca6,True,11,correct,0,True
confusion_depth,depth,,0,0.1,1,f4a6,fca6,True,7,correct,0,True
confusion_depth,depth,,0,0.1,2,fcb7,fca6,True,5,correct,0,True
confusion_depth,depth,,0,0.1,1,eca6,fca6,True,7,correct,0,True
confusion_depth,depth,,0,0.1,0,fca6,fca6,True,0,correct,0,True
confusion_depth,depth,,0,0.1,5,fdc3,bd07,True,21,wrong_pattern,3,False
confusion_depth,depth,,0,0.1,2,7cae,fca6,True,6,correct,0,True
confusion_depth,depth,,0,0.1,1,f4a6,fca6,True,7,correct,0,True
confusion_depth,depth,,0,0.1,1,fcb6,fca6,True,5,correct,0,True
confusion_depth,depth,,0,0.1,4,ee8e,fca6,True,16,correct,0,True
confusion_depth,depth,,0,0.1,3,f5ae,fca6,True,7,correct,0,True
confusion_depth,depth,,0,0.1,2,7cae,fca6,True,6,correct,0,True
confusion_depth,depth,,1,0.1,1,1395,b95,False,740,oscillated,-1,False
confusion_depth,depth,,1,0.1,3,9b35,1b95,True,9,correct,1,True
confusion_depth,depth,,1,0.1,2,3b94,58a4,True,21,spurious,-1,False
confusion_depth,depth,,1,0.1,1,1bb5,58a4,True,21,spurious,-1,False
confusion_depth,depth,,1,0.1,3,2b94,12b4,False,740,oscillated,-1,False
confusion_depth,depth,,1,0.1,0,1b95,1b95,True,0,correct,1,True
confusion_depth,depth,,1,0.1,5,7f9c,7ca4,False,740,oscillated,-1,False
confusion_depth,depth,,1,0.1,3,bb91,a395,False,740,oscillated,-1,False
confusion_depth,depth,,1,0.1,2,1ba5,58a4,True,18,spurious,-1,False
confusion_depth,depth,,1,0.1,2,139d,395,True,7,spurious,-1,False
confusion_depth,depth,,1,0.1,1,1395,b95,False,740,oscillated,-1,False
confusion_depth,depth,,1,0.1,1,1b91,1b95,True,6,correct,1,True
confusion_depth,depth,,1,0.1,4,5984,58a4,True,7,spurious,-1,False
confusion_depth,depth,,1,0.1,3,5b96,58a4,True,7,spurious,-1,False
confusion_depth,depth,,1,0.1,4,93c5,395,True,17,spurious,-1,False
confusion_depth,depth,,1,0.1,0,1b95,1b95,True,0,correct,1,True
confusion_depth,depth,,1,0.1,1,1b15,1b95,True,9,correct,1,True
confusion_depth,depth,,1,0.1,3,1b3d,395,True,9,spurious,-1,False
confusion_depth,depth,,1,0.1,0,1b95,1b95,True,0,correct,1,True
confusion_depth,depth,,1,0.1,0,1b95,1b95,True,0,correct,1,True
confusion_depth,depth,,1,0.1,1,5b95,1905,True,13,spurious,-1,False
confusion_depth,depth,,1,0.1,1,1a95,58a4,True,21,spurious,-1,False
confusion_depth,depth,,1,0.1,0,1b95,1b95,True,0,correct,1,True
confusion_depth,depth,,1,0.1,1,5b95,1905,True,13,spurious,-1,False
confusion_depth,depth,,1,0.1,0,1b95,1b95,True,0,correct,1,True
confusion_depth,depth,,1,0.1,0,1b95,1b95,True,0,correct,1,True
confusion_depth,depth,,1,0.1,1,1a95,58a4,True,21,spurious,-1,False
confusion_depth,depth,,1,0.1,3,9b05,1b05,False,740,oscillated,-1,False
confusion_depth,depth,,1,0.1,1,5b95,1905,True,13,spurious,-1,False
confusion_depth,depth,,1,0.1,0,1b95,1b95,True,0,correct,1,True
confusion_depth,depth,,1,0.1,1,1995,1915,False,740,oscillated,-1,False
confusion_depth,depth,,1,0.1,2,1bd7,1b95,True,6,correct,1,True
confusion_depth,depth,,1,0.1,1,1b9d,1b95,True,6,correct,1,True
confusion_depth,depth,,1,0.1,0,1b95,1b95,True,0,correct,1,True
confusion_depth,depth,,1,0.1,1,3b95,1b95,True,4,correct,1,True
confusion_depth,depth,,1,0.1,2,1a85,58a4,True,18,spurious,-1,False
confusion_depth,depth,,1,0.1,2,b94,12b4,False,740,oscillated,-1,False
confusion_depth,depth,,1,0.1,2,9b9d,1b95,True,6,correct,1,True
confusion_depth,depth,,1,0.1,0,1b95,1b95,True,0,correct,1,True
confusion_depth,depth,,1,0.1,1,1395,b95,False,740,oscillated,-1,False
confusion_depth,depth,,1,0.1,0,1b95,1b95,True,0,correct,1,True
confusion_depth,depth,,1,0.1,2,139d,395,True,7,spurious,-1,False
confusion_depth,depth,,1,0.1,1,1995,1915,False,740,oscillated,-1,False
confusion_depth,depth,,1,0.1,3,3b9c,2b4,True,7,spurious,-1,False
confusion_depth,depth,,1,0.1,2,1ba5,58a4,True,18,spurious,-1,False
confusion_depth,depth,,1,0.1,2,19b5,58a4,True,18,spurious,-1,False
confusion_depth,depth,,1,0.1,1,b95,1395,False,740,oscillated,-1,False
confusion_depth,depth,,1,0.1,0,1b95,1b95,True,0,correct,1,True
confusion_depth,depth,,1,0.1,1,5b95,1905,True,13,spurious,-1,False
confusion_depth,depth,,1,0.1,0,1b95,1b95,True,0,correct,1,True
confusion_depth,depth,,1,0.1,1,1b94,58a4,True,21,spurious,-1,False
confusion_depth,depth,,1,0.1,2,1b14,1b95,True,9,correct,1,True
confusion_depth,depth,,1,0.1,2,1bd4,2b4,True,7,spurious,-1,False
confusion_depth,depth,,1,0.1,0,1b95,1b95,True,0,correct,1,True
confusion_depth,depth,,1,0.1,0,1b95,1b95,True,0,correct,1,True
confusion_depth,depth,,1,0.1,1,1b94,58a4,True,21,spurious,-1,False
confusion_depth,depth,,1,0.1,0,1b95,1b95,True,0,correct,1,True
confusion_depth,depth,,1,0.1,0,1b95,1b95,True,0,correct,1,True
confusion_depth,depth,,1,0.1,1,9b95,1b95,True,4,correct,1,True
confusion_depth,depth,,1,0.1,2,1a85,58a4,True,18,spurious,-1,False
confusion_depth,depth,,1,0.1,1,1b85,1b05,False,740,oscillated,-1,False
confusion_depth,depth,,1,0.1,0,1b95,1b95,True,0,correct,1,True
confusion_depth,depth,,1,0.1,1,1b15,1b95,True,9,correct,1,True
confusion_depth,depth,,1,0.1,4,1a04,1b05,False,740,oscillated,-1,False
confusion_depth,depth,,1,0.1,2,9995,1915,False,740,oscillated,-1,False
confusion_depth,depth,,1,0.1,4,3b01,1b05,False,740,oscillated,-1,False
confusion_depth,depth,,1,0.1,1,b95,1395,False,740,oscillated,-1,False
confusion_depth,depth,,1,0.1,0,1b95,1b95,True,0,correct,1,True
confusion_depth,depth,,1,0.1,0,1b95,1b95,True,0,correct,1,True
confusion_depth,depth,,1,0.1,1,1b85,1b05,False,740,oscillated,-1,False
confusion_depth,depth,,1,0.1,0,1b95,1b95,True,0,correct,1,True
confusion_depth,depth,,1,0.1,1,3b95,1b95,True,4,correct,1,True
confusion_depth,depth,,1,0.1,1,9b95,1b95,True,4,correct,1,True
confusion_depth,depth,,1,0.1,3,391,395,True,6,spurious,-1,False
confusion_depth,depth,,1,0.1,2,199d,1915,False,740,oscillated,-1,False
confusion_depth,depth,,1,0.1,1,1bb5,58a4,True,21,spurious,-1,False
confusion_depth,depth,,1,0.1,2,1bb1,2b4,True,7,spurious,-1,False
confusion_depth,depth,,1,0.1,1,9b95,1b95,True,4,correct,1,True
confusion_depth,depth,,1,0.1,2,9bd5,1b95,True,6,correct,1,True
confusion_depth,depth,,1,0.1,1,3b95,1b95,True,4,correct,1,True
confusion_depth,depth,,1,0.1,0,1b95,1b95,True,0,correct,1,True
confusion_depth,depth,,1,0.1,2,db95,1905,True,13,spurious,-1,False
confusion_depth,depth,,1,0.1,4,bb1d,a395,False,740,oscillated,-1,False
confusion_depth,depth,,1,0.1,1,1b9d,1b95,True,6,correct,1,True
confusion_depth,depth,,1,0.1,2,1a9d,2b4,True,7,spurious,-1,False
confusion_depth,depth,,1,0.1,1,1b9d,1b95,True,6,correct,1,True
confusion_depth,depth,,1,0.1,2,1b84,58a4,True,18,spurious,-1,False
confusion_depth,depth,,1,0.1,0,1b95,1b95,True,0,correct,1,True
confusion_depth,depth,,1,0.1,1,1b97,1b95,True,4,correct,1,True
confusion_depth,depth,,1,0.1,1,1b97,1b95,True,4,correct,1,True
confusion_depth,depth,,1,0.1,0,1b95,1b95,True,0,correct,1,True
confusion_depth,depth,,1,0.1,0,1b95,1b95,True,0,correct,1,True
confusion_depth,depth,,1,0.1,3,1b13,395,True,14,spurious,-1,False
confusion_depth,depth,,1,0.1,2,9a95,58a4,True,21,spurious,-1,False
confusion_depth,depth,,1,0.1,1,1a95,58a4,True,21,spurious,-1,False
confusion_depth,depth,,1,0.1,0,1b95,1b95,True,0,correct,1,True
confusion_depth,depth,,1,0.1,1,1b91,1b95,True,6,correct,1,True
confusion_depth,depth,,1,0.1,0,1b95,1b95,True,0,correct,1,True
confusion_depth,depth,,1,0.1,2,1b9f,1b95,True,6,correct,1,True
confusion_depth,depth,,1,0.1,6,92b9,2b4,True,17,spurious,-1,False
confusion_depth,depth,,1,0.1,1,5b95,1905,True,13,spurious,-1,False
confusion_depth,depth,,1,0.1,4,eb95,b395,False,740,oscillated,-1,False
confusion_depth,depth,,1,0.1,4,5695,ab4,False,740,oscillated,-1,False
confusion_depth,depth,,1,0.1,0,1b95,1b95,True,0,correct,1,True
confusion_depth,depth,,1,0.1,0,1b95,1b95,True,0,correct,1,True
confusion_depth,depth,,1,0.1,3,9b17,9b97,False,740,oscillated,-1,False
confusion_depth,depth,,1,0.1,2,f95,1395,False,740,oscillated,-1,False
confusion_depth,depth,,1,0.1,0,1b95,1b95,True,0,correct,1,True
confusion_depth,depth,,1,0.1,1,1a95,58a4,True,21,spurious,-1,False
confusion_depth,depth,,1,0.1,1,5b95,1905,True,13,spurious,-1,False
confusion_depth,depth,,1,0.1,0,1b95,1b95,True,0,correct,1,True
confusion_depth,depth,,1,0.1,4,9b1c,395,True,9,spurious,-1,False
confusion_depth,depth,,1,0.1,1,1f95,1b95,True,4,correct,1,True
confusion_depth,depth,,1,0.1,2,1ab5,58a4,True,18,spurious,-1,False
confusion_depth,depth,,1,0.1,2,9b97,9b97,False,740,oscillated,-1,False
confusion_depth,depth,,1,0.1,0,1b95,1b95,True,0,correct,1,True
confusion_depth,depth,,1,0.1,3,3315,b95,False,740,oscillated,-1,False
confusion_depth,depth,,1,0.1,0,1b95,1b95,True,0,correct,1,True
confusion_depth,depth,,1,0.1,1,9b95,1b95,True,4,correct,1,True
confusion_depth,depth,,1,0.1,0,1b95,1b95,True,0,correct,1,True
confusion_depth,depth,,2,0.1,0,a6b6,a6b6,True,0,correct,2,True
confusion_depth,depth,,2,0.1,1,aeb6,b6b6,False,740,oscillated,-1,False
confusion_depth,depth,,2,0.1,0,a6b6,a6b6,True,0,correct,2,True
confusion_depth,depth,,2,0.1,1,a696,a6b6,True,4,correct,2,True
confusion_depth,depth,,2,0.1,0,a6b6,a6b6,True,0,correct,2,True
confusion_depth,depth,,2,0.1,1,a6a6,a6b6,True,5,correct,2,True
confusion_depth,depth,,2,0.1,1,a4b6,a6b6,True,5,correct,2,True
confusion_depth,depth,,2,0.1,2,acb6,b6b6,False,740,oscillated,-1,False
confusion_depth,depth,,2,0.1,2,84b6,a6b6,True,5,correct,2,True
confusion_depth,depth,,2,0.1,2,a4a6,a6b6,True,5,correct,2,True
confusion_depth,depth,,2,0.1,3,c696,a6b6,True,11,correct,2,True
confusion_depth,depth,,2,0.1,3,e2b2,e6fa,True,16,spurious,-1,False
confusion_depth,depth,,2,0.1,2,8636,a6b6,True,9,correct,2,True
confusion_depth,depth,,2,0.1,1,a2b6,a6b6,True,4,correct,2,True
confusion_depth,depth,,2,0.1,3,e4b2,e4fa,False,740,oscillated,-1,False
confusion_depth,depth,,2,0.1,2,afb6,b6b6,False,740,oscillated,-1,False
confusion_depth,depth,,2,0.1,0,a6b6,a6b6,True,0,correct,2,True
confusion_depth,depth,,2,0.1,2,a6a4,a6b6,True,5,correct,2,True
confusion_depth,depth,,2,0.1,0,a6b6,a6b6,True,0,correct,2,True
confusion_depth,depth,,2,0.1,3,b6f2,a6b6,True,17,correct,2,True
confusion_depth,depth,,2,0.1,3,a6fc,a6b6,True,16,correct,2,True
confusion_depth,depth,,2,0.1,3,b4b2,a6b6,True,17,correct,2,True
confusion_depth,depth,,2,0.1,1,aeb6,b6b6,False,740,oscillated,-1,False
confusion_depth,depth,,2,0.1,0,a6b6,a6b6,True,0,correct,2,True
confusion_depth,depth,,2,0.1,2,26b2,a6b6,True,6,correct,2,True
confusion_depth,depth,,2,0.1,3,b634,aeb6,False,740,oscillated,-1,False
confusion_depth,depth,,2,0.1,0,a6b6,a6b6,True,0,correct,2,True
confusion_depth,depth,,2,0.1,0,a6b6,a6b6,True,0,correct,2,True
confusion_depth,depth,,2,0.1,2,a4f6,a6b6,True,6,correct,2,True
confusion_depth,depth,,2,0.1,1,aeb6,b6b6,False,740,oscillated,-1,False
confusion_depth,depth,,2,0.1,1,86b6,a6b6,True,4,correct,2,True
confusion_depth,depth,,2,0.1,0,a6b6,a6b6,True,0,correct,2,True
confusion_depth,depth,,2,0.1,0,a6b6,a6b6,True,0,correct,2,True
confusion_depth,depth,,2,0.1,2,aea6,b6b6,False,740,oscillated,-1,False
confusion_depth,depth,,2,0.1,1,a6f6,a6b6,True,6,correct,2,True
confusion_depth,depth,,2,0.1,2,a2be,a6b6,True,6,correct,2,True
confusion_depth,depth,,2,0.1,1,aeb6,b6b6,False,740,oscillated,-1,False
confusion_depth,depth,,2,0.1,2,22b6,22b6,False,740,oscillated,-1,False
confusion_depth,depth,,2,0.1,3,b6fe,a6b6,True,17,correct,2,True
confusion_depth,depth,,2,0.1,3,84b4,86b4,False,740,oscillated,-1,False
confusion_depth,depth,,2,0.1,1,a6b2,a6b6,True,6,correct,2,True
confusion_depth,depth,,2,0.1,2,eeb6,b6b6,False,740,oscillated,-1,False
confusion_depth,depth,,2,0.1,3,a497,a6b6,True,7,correct,2,True
confusion_depth,depth,,2,0.1,3,84a6,a6b6,True,5,correct,2,True
confusion_depth,depth,,2,0.1,2,36b6,aeb6,False,740,oscillated,-1,False
confusion_depth,depth,,2,0.1,2,27b6,a6b6,True,4,correct,2,True
confusion_depth,depth,,2,0.1,0,a6b6,a6b6,True,0,correct,2,True
confusion_depth,depth,,2,0.1,3,a6e7,a6b6,True,6,correct,2,True
confusion_depth,depth,,2,0.1,0,a6b6,a6b6,True,0,correct,2,True
confusion_depth,depth,,2,0.1,1,26b6,a6b6,True,4,correct,2,True
confusion_depth,depth,,2,0.1,0,a6b6,a6b6,True,0,correct,2,True
confusion_depth,depth,,2,0.1,3,b6ae,a6b6,True,17,correct,2,True
confusion_depth,depth,,2,0.1,3,b692,a6b6,True,7,correct,2,True
confusion_depth,depth,,2,0.1,2,8636,a6b6,True,9,correct,2,True
confusion_depth,depth,,2,0.1,1,86b6,a6b6,True,4,correct,2,True
confusion_depth,depth,,2,0.1,1,a7b6,a6b6,True,4,correct,2,True
confusion_depth,depth,,2,0.1,0,a6b6,a6b6,True,0,correct,2,True
confusion_depth,depth,,2,0.1,1,a7b6,a6b6,True,4,correct,2,True
confusion_depth,depth,,2,0.1,2,aeb4,b6b6,False,740,oscillated,-1,False
confusion_depth,depth,,2,0.1,1,a636,a6b6,True,9,correct,2,True
confusion_depth,depth,,2,0.1,2,e6be,e6fa,True,16,spurious,-1,False
confusion_depth,depth,,2,0.1,0,a6b6,a6b6,True,0,correct,2,True
confusion_depth,depth,,2,0.1,1,a6be,a6b6,True,6,correct,2,True
confusion_depth,depth,,2,0.1,0,a6b6,a6b6,True,0,correct,2,True
confusion_depth,depth,,2,0.1,1,a6f6,a6b6,True,6,correct,2,True
confusion_depth,depth,,2,0.1,2,82b6,82b6,False,740,oscillated,-1,False
confusion_depth,depth,,2,0.1,4,6e36,fca6,True,15,wrong_pattern,0,False
confusion_depth,depth,,2,0.1,1,a2b6,a6b6,True,4,correct,2,True
confusion_depth,depth,,2,0.1,1,26b6,a6b6,True,4,correct,2,True
confusion_depth,depth,,2,0.1,0,a6b6,a6b6,True,0,correct,2,True
confusion_depth,depth,,2,0.1,2,b6b2,a6b6,True,7,correct,2,True
confusion_depth,depth,,2,0.1,2,b2b6,aeb6,False,740,oscillated,-1,False
confusion_depth,depth,,2,0.1,3,e2f6,e6fa,True,16,spurious,-1,False
confusion_depth,depth,,2,0.1,4,236,2b4,True,9,spurious,-1,False
confusion_depth,depth,,2,0.1,3,a5b2,a6b6,True,6,correct,2,True
confusion_depth,depth,,2,0.1,2,aef6,a6b6,True,7,correct,2,True
confusion_depth,depth,,2,0.1,1,a636,a6b6,True,9,correct,2,True
confusion_depth,depth,,2,0.1,2,f6b6,aeb6,False,740,oscillated,-1,False
confusion_depth,depth,,2,0.1,2,a0b6,a6b6,True,5,correct,2,True
confusion_depth,depth,,2,0.1,0,a6b6,a6b6,True,0,correct,2,True
confusion_depth,depth,,2,0.1,0,a6b6,a6b6,True,0,correct,2,True
confusion_depth,depth,,2,0.1,3,b7b4,aeb6,False,740,oscillated,-1,False
confusion_depth,depth,,2,0.1,3,e4be,e4fa,False,740,oscillated,-1,False
confusion_depth,depth,,2,0.1,1,a6b2,a6b6,True,6,correct,2,True
confusion_depth,depth,,2,0.1,1,b6b6,aeb6,False,740,oscillated,-1,False
confusion_depth,depth,,2,0.1,6,a21b,a75b,True,6,spurious,-1,False
confusion_depth,depth,,2,0.1,1,86b6,a6b6,True,4,correct,2,True
confusion_depth,depth,,2,0.1,0,a6b6,a6b6,True,0,correct,2,True
confusion_depth,depth,,2,0.1,1,a2b6,a6b6,True,4,correct,2,True
confusion_depth,depth,,2,0.1,0,a6b6,a6b6,True,0,correct,2,True
confusion_depth,depth,,2,0.1,2,26a6,a6b6,True,5,correct,2,True
confusion_depth,depth,,2,0.1,1,a6b7,a6b6,True,4,correct,2,True
confusion_depth,depth,,2,0.1,1,a6b2,a6b6,True,6,correct,2,True
confusion_depth,depth,,2,0.1,3,26ba,a6b6,True,16,correct,2,True
confusion_depth,depth,,2,0.1,3,e6b0,e6fa,True,16,spurious,-1,False
confusion_depth,depth,,2,0.1,2,a2a6,a6b6,True,5,correct,2,True
confusion_depth,depth,,2,0.1,0,a6b6,a6b6,True,0,correct,2,True
confusion_depth,depth,,2,0.1,2,a69e,a6b6,True,6,correct,2,True
confusion_depth,depth,,2,0.1,0,a6b6,a6b6,True,0,correct,2,True
confusion_depth,depth,,2,0.1,1,a6b7,a6b6,True,4,correct,2,True
confusion_depth,depth,,2,0.1,1,a6be,a6b6,True,6,correct,2,True
confusion_depth,depth,,2,0.1,0,a6b6,a6b6,True,0,correct,2,True
confusion_depth,depth,,2,0.1,3,b6d6,a6b6,True,7,correct,2,True
confusion_depth,depth,,2,0.1,0,a6b6,a6b6,True,0,correct,2,True
confusion_depth,depth,,2,0.1,3,a3b2,a6b6,True,6,correct,2,True
confusion_depth,depth,,2,0.1,1,a6a6,a6b6,True,5,correct,2,True
confusion_depth,depth,,2,0.1,0,a6b6,a6b6,True,0,correct,2,True
confusion_depth,depth,,2,0.1,1,86b6,a6b6,True,4,correct,2,True
confusion_depth,depth,,2,0.1,3,b6bc,a6b6,True,7,correct,2,True
confusion_depth,depth,,2,0.1,2,a2f6,a6b6,True,6,correct,2,True
confusion_depth,depth,,2,0.1,2,a4b7,a6b6,True,5,correct,2,True
confusion_depth,depth,,2,0.1,2,b6a6,aeb6,False,740,oscillated,-1,False
confusion_depth,depth,,2,0.1,1,aeb6,b6b6,False,740,oscillated,-1,False
confusion_depth,depth,,2,0.1,1,a7b6,a6b6,True,4,correct,2,True
confusion_depth,depth,,2,0.1,2,a736,a797,True,9,spurious,-1,False
confusion_depth,depth,,2,0.1,3,eef6,b6b6,False,740,oscillated,-1,False
confusion_depth,depth,,2,0.1,1,a6f6,a6b6,True,6,correct,2,True
confusion_depth,depth,,2,0.1,2,22b6,22b6,False,740,oscillated,-1,False
confusion_depth,depth,,2,0.1,3,a036,a6b6,True,9,correct,2,True
confusion_depth,depth,,2,0.1,3,a627,a797,True,9,spurious,-1,False
confusion_depth,depth,,3,0.1,1,bd05,bd07,True,4,correct,3,True
confusion_depth,depth,,3,0.1,3,9d8f,bd07,True,9,correct,3,True
confusion_depth,depth,,3,0.1,2,bc06,bd07,True,7,correct,3,True
confusion_depth,depth,,3,0.1,0,bd07,bd07,True,0,correct,3,True
confusion_depth,depth,,3,0.1,2,bc0f,bd07,True,6,correct,3,True
confusion_depth,depth,,3,0.1,2,bf17,bf97,True,9,spurious,-1,False
confusion_depth,depth,,3,0.1,5,2805,1905,True,7,spurious,-1,False
confusion_depth,depth,,3,0.1,3,b9a7,fca6,True,12,wrong_pattern,0,False
confusion_depth,depth,,3,0.1,2,bd25,bd07,True,4,correct,3,True
confusion_depth,depth,,3,0.1,0,bd07,bd07,True,0,correct,3,True
confusion_depth,depth,,3,0.1,1,b907,bd07,True,4,correct,3,True
confusion_depth,depth,,3,0.1,3,b5c7,a797,True,17,spurious,-1,False
confusion_depth,depth,,3,0.1,3,b98f,bd07,True,9,correct,3,True
confusion_depth,depth,,3,0.1,1,bd05,bd07,True,4,correct,3,True
confusion_depth,depth,,3,0.1,0,bd07,bd07,True,0,correct,3,True
confusion_depth,depth,,3,0.1,2,bd13,bd17,False,740,oscillated,-1,False
confusion_depth,depth,,3,0.1,1,fd07,bd07,True,11,correct,3,True
confusion_depth,depth,,3,0.1,1,bd87,bd07,True,9,correct,3,True
confusion_depth,depth,,3,0.1,1,bd27,bd07,True,4,correct,3,True
confusion_depth,depth,,3,0.1,3,a547,a75b,True,11,spurious,-1,False
confusion_depth,depth,,3,0.1,1,bd03,bd07,True,6,correct,3,True
confusion_depth,depth,,3,0.1,3,bf83,bf07,False,740,oscillated,-1,False
confusion_depth,depth,,3,0.1,0,bd07,bd07,True,0,correct,3,True
confusion_depth,depth,,3,0.1,2,9f07,bf07,False,740,oscillated,-1,False
confusion_depth,depth,,3,0.1,0,bd07,bd07,True,0,correct,3,True
confusion_depth,depth,,3,0.1,1,bd17,bd17,False,740,oscillated,-1,False
confusion_depth,depth,,3,0.1,2,bd23,bd07,True,6,correct,3,True
confusion_depth,depth,,3,0.1,0,bd07,bd07,True,0,correct,3,True
confusion_depth,depth,,3,0.1,3,8c07,bd07,True,7,correct,3,True
confusion_depth,depth,,3,0.1,0,bd07,bd07,True,0,correct,3,True
confusion_depth,depth,,3,0.1,1,bd87,bd07,True,9,correct,3,True
confusion_depth,depth,,3,0.1,1,bd0f,bd07,True,6,correct,3,True
confusion_depth,depth,,3,0.1,1,bc07,bd07,True,4,correct,3,True
confusion_depth,depth,,3,0.1,0,bd07,bd07,True,0,correct,3,True
confusion_depth,depth,,3,0.1,3,bc13,bd17,False,740,oscillated,-1,False
confusion_depth,depth,,3,0.1,4,b627,af97,False,740,oscillated,-1,False
confusion_depth,depth,,3,0.1,2,fd05,bd07,True,11,correct,3,True
confusion_depth,depth,,3,0.1,1,3d07,bd07,True,4,correct,3,True
confusion_depth,depth,,3,0.1,1,9d07,bd07,True,4,correct,3,True
confusion_depth,depth,,3,0.1,2,bd83,bd07,True,9,correct,3,True
confusion_depth,depth,,3,0.1,1,bf07,bf07,False,740,oscillated,-1,False
confusion_depth,depth,,3,0.1,1,bd0f,bd07,True,6,correct,3,True
confusion_depth,depth,,3,0.1,2,b917,bd17,False,740,oscillated,-1,False
confusion_depth,depth,,3,0.1,2,ad05,bd07,True,7,correct,3,True
confusion_depth,depth,,3,0.1,2,fd06,bd07,True,12,correct,3,True
confusion_depth,depth,,3,0.1,2,bdc7,bd07,True,9,correct,3,True
confusion_depth,depth,,3,0.1,3,3d0e,bd07,True,6,correct,3,True
confusion_depth,depth,,3,0.1,3,ed27,bd07,True,12,correct,3,True
confusion_depth,depth,,3,0.1,0,bd07,bd07,True,0,correct,3,True
confusion_depth,depth,,3,0.1,2,fd0f,fd4b,True,16,spurious,-1,False
confusion_depth,depth,,3,0.1,2,bc06,bd07,True,7,correct,3,True
confusion_depth,depth,,3,0.1,0,bd07,bd07,True,0,correct,3,True
confusion_depth,depth,,3,0.1,2,bd86,fca6,True,12,wrong_pattern,0,False
confusion_depth,depth,,3,0.1,0,bd07,bd07,True,0,correct,3,True
confusion_depth,depth,,3,0.1,2,bd2f,bd07,True,6,correct,3,True
confusion_depth,depth,,3,0.1,3,9b07,9b07,False,740,oscillated,-1,False
confusion_depth,depth,,3,0.1,1,bd03,bd07,True,6,correct,3,True
confusion_depth,depth,,3,0.1,2,ad47,f54b,False,740,oscillated,-1,False
confusion_depth,depth,,3,0.1,4,bd1a,bd07,True,15,correct,3,True
confusion_depth,depth,,3,0.1,1,b907,bd07,True,4,correct,3,True
confusion_depth,depth,,3,0.1,0,bd07,bd07,True,0,correct,3,True
confusion_depth,depth,,3,0.1,3,b703,a75b,True,21,spurious,-1,False
confusion_depth,depth,,3,0.1,4,1d83,1d07,False,740,oscillated,-1,False
confusion_depth,depth,,3,0.1,2,9f07,bf07,False,740,oscillated,-1,False
confusion_depth,depth,,3,0.1,4,a487,a6b6,True,12,wrong_pattern,2,False
confusion_depth,depth,,3,0.1,1,bd05,bd07,True,4,correct,3,True
confusion_depth,depth,,3,0.1,2,9d27,bd07,True,4,correct,3,True
confusion_depth,depth,,3,0.1,2,3d17,bd17,False,740,oscillated,-1,False
confusion_depth,depth,,3,0.1,2,bda7,fca6,True,12,wrong_pattern,0,False
confusion_depth,depth,,3,0.1,0,bd07,bd07,True,0,correct,3,True
confusion_depth,depth,,3,0.1,2,bd4f,bd07,True,16,correct,3,True
confusion_depth,depth,,3,0.1,3,ad02,f54b,False,740,oscillated,-1,False
confusion_depth,depth,,3,0.1,2,b906,bd07,True,4,correct,3,True
confusion_depth,depth,,3,0.1,0,bd07,bd07,True,0,correct,3,True
confusion_depth,depth,,3,0.1,2,bf17,bf97,True,9,spurious,-1,False
confusion_depth,depth,,3,0.1,1,bd47,bd07,True,6,correct,3,True
confusion_depth,depth,,3,0.1,3,2507,bf97,True,13,spurious,-1,False
confusion_depth,depth,,3,0.1,2,8d07,bd07,True,7,correct,3,True
confusion_depth,depth,,3,0.1,1,bd05,bd07,True,4,correct,3,True
confusion_depth,depth,,3,0.1,3,dd03,fd4b,True,16,spurious,-1,False
confusion_depth,depth,,3,0.1,0,bd07,bd07,True,0,correct,3,True
confusion_depth,depth,,3,0.1,0,bd07,bd07,True,0,correct,3,True
confusion_depth,depth,,3,0.1,0,bd07,bd07,True,0,correct,3,True
confusion_depth,depth,,3,0.1,1,b907,bd07,True,4,correct,3,True
confusion_depth,depth,,3,0.1,2,fd06,bd07,True,12,correct,3,True
confusion_depth,depth,,3,0.1,1,bd17,bd17,False,740,oscillated,-1,False
confusion_depth,depth,,3,0.1,2,b407,bd07,True,7,correct,3,True
confusion_depth,depth,,3,0.1,2,b517,ad17,False,740,oscillated,-1,False
confusion_depth,depth,,3,0.1,2,9d47,bd07,True,6,correct,3,True
confusion_depth,depth,,3,0.1,4,b857,bd17,False,740,oscillated,-1,False
confusion_depth,depth,,3,0.1,1,ad07,bd07,True,7,correct,3,True
confusion_depth,depth,,3,0.1,0,bd07,bd07,True,0,correct,3,True
confusion_depth,depth,,3,0.1,2,9d0f,bd07,True,6,correct,3,True
confusion_depth,depth,,3,0.1,3,bf83,bf07,False,740,oscillated,-1,False
confusion_depth,depth,,3,0.1,1,bd87,bd07,True,9,correct,3,True
confusion_depth,depth,,3,0.1,1,b507,bd07,True,7,correct,3,True
confusion_depth,depth,,3,0.1,1,bd05,bd07,True,4,correct,3,True
confusion_depth,depth,,3,0.1,0,bd07,bd07,True,0,correct,3,True
confusion_depth,depth,,3,0.1,1,bd06,bd07,True,4,correct,3,True
confusion_depth,depth,,3,0.1,0,bd07,bd07,True,0,correct,3,True
confusion_depth,depth,,3,0.1,5,bf5e,a75b,True,17,spurious,-1,False
confusion_depth,depth,,3,0.1,0,bd07,bd07,True,0,correct,3,True
confusion_depth,depth,,3,0.1,3,b926,bd07,True,7,correct,3,True
confusion_depth,depth,,3,0.1,2,bd0b,bd07,True,16,correct,3,True
confusion_depth,depth,,3,0.1,0,bd07,bd07,True,0,correct,3,True
confusion_depth,depth,,3,0.1,2,b707,af07,False,740,oscillated,-1,False
confusion_depth,depth,,3,0.1,2,9c07,bd07,True,4,correct,3,True
confusion_depth,depth,,3,0.1,2,ad05,bd07,True,7,correct,3,True
confusion_depth,depth,,3,0.1,1,bd06,bd07,True,4,correct,3,True
confusion_depth,depth,,3,0.1,4,3f01,3f05,False,740,oscillated,-1,False
confusion_depth,depth,,3,0.1,2,3d06,bd07,True,4,correct,3,True
confusion_depth,depth,,3,0.1,5,7983,3907,False,740,oscillated,-1,False
confusion_depth,depth,,3,0.1,3,bb87,bf07,False,740,oscillated,-1,False
confusion_depth,depth,,3,0.1,2,bd13,bd17,False,740,oscillated,-1,False
confusion_depth,depth,,3,0.1,1,bd03,bd07,True,6,correct,3,True
confusion_depth,depth,,3,0.1,2,bdc7,bd07,True,9,correct,3,True
confusion_depth,depth,,3,0.1,1,b907,bd07,True,4,correct,3,True
confusion_depth,depth,,3,0.1,3,3d8f,bd07,True,9,correct,3,True
confusion_depth,depth,,3,0.1,1,bd87,bd07,True,9,correct,3,True
confusion_depth,depth,,3,0.1,1,bc07,bd07,True,4,correct,3,True
confusion_depth,depth,,0,0.15000000000000002,2,d4a6,fca6,True,7,correct,0,True
confusion_depth,depth,,0,0.15000000000000002,2,bce6,fca6,True,11,correct,0,True
confusion_depth,depth,,0,0.15000000000000002,1,fc86,fca6,True,4,correct,0,True
confusion_depth,depth,,0,0.15000000000000002,1,fea6,fca6,True,5,correct,0,True
confusion_depth,depth,,0,0.15000000000000002,4,f9a5,f8a4,False,740,oscillated,-1,False
confusion_depth,depth,,0,0.15000000000000002,1,fc86,fca6,True,4,correct,0,True
confusion_depth,depth,,0,0.15000000000000002,1,fda6,fca6,True,4,correct,0,True
confusion_depth,depth,,0,0.15000000000000002,3,ecbe,fca6,True,16,correct,0,True
confusion_depth,depth,,0,0.15000000000000002,3,ece2,fca6,True,11,correct,0,True
confusion_depth,depth,,0,0.15000000000000002,5,ee83,fca6,True,18,correct,0,True
confusion_depth,depth,,0,0.15000000000000002,2,bcb6,fca6,True,15,correct,0,True
confusion_depth,depth,,0,0.15000000000000002,1,fda6,fca6,True,4,correct,0,True
confusion_depth,depth,,0,0.15000000000000002,4,d8e7,d8a6,False,740,oscillated,-1,False
confusion_depth,depth,,0,0.15000000000000002,2,bca2,fca6,True,11,correct,0,True
confusion_depth,depth,,0,0.15000000000000002,3,e426,e46a,True,6,spurious,-1,False
confusion_depth,depth,,0,0.15000000000000002,2,fc24,fca6,True,9,correct,0,True
confusion_depth,depth,,0,0.15000000000000002,3,f5a7,fca6,True,7,correct,0,True
confusion_depth,depth,,0,0.15000000000000002,3,ecf6,fca6,True,16,correct,0,True
confusion_depth,depth,,0,0.15000000000000002,4,64e6,fca6,True,17,correct,0,True
confusion_depth,depth,,0,0.15000000000000002,2,9ca6,fca6,True,11,correct,0,True
confusion_depth,depth,,0,0.15000000000000002,0,fca6,fca6,True,0,correct,0,True
confusion_depth,depth,,0,0.15000000000000002,3,9ca4,dca4,False,740,oscillated,-1,False
confusion_depth,depth,,0,0.15000000000000002,3,efa6,fca6,True,14,correct,0,True
confusion_depth,depth,,0,0.15000000000000002,1,7ca6,fca6,True,4,correct,0,True
confusion_depth,depth,,0,0.15000000000000002,4,fc35,bd07,True,15,wrong_pattern,3,False
confusion_depth,depth,,0,0.15000000000000002,1,7ca6,fca6,True,4,correct,0,True
confusion_depth,depth,,0,0.15000000000000002,3,fe06,bd07,True,15,wrong_pattern,3,False
confusion_depth,depth,,0,0.15000000000000002,1,fcb6,fca6,True,5,correct,0,True
confusion_depth,depth,,0,0.15000000000000002,2,fcb4,fca6,True,5,correct,0,True
confusion_depth,depth,,0,0.15000000000000002,1,f4a6,fca6,True,7,correct,0,True
confusion_depth,depth,,0,0.15000000000000002,2,9ca6,fca6,True,11,correct,0,True
confusion_depth,depth,,0,0.15000000000000002,3,b8a2,fca6,True,11,correct,0,True
confusion_depth,depth,,0,0.15000000000000002,0,fca6,fca6,True,0,correct,0,True
confusion_depth,depth,,0,0.15000000000000002,1,fce6,fca6,True,6,correct,0,True
confusion_depth,depth,,0,0.15000000000000002,3,f4c6,fca6,True,7,correct,0,True
confusion_depth,depth,,0,0.15000000000000002,4,9caf,fca6,True,12,correct,0,True
confusion_depth,depth,,0,0.15000000000000002,4,d4f6,fca6,True,16,correct,0,True
confusion_depth,depth,,0,0.15000000000000002,2,f9a6,fca6,True,4,correct,0,True
confusion_depth,depth,,0,0.15000000000000002,3,6cb6,fca6,True,11,correct,0,True
confusion_depth,depth,,0,0.15000000000000002,5,5ea3,5ca6,False,740,oscillated,-1,False
confusion_depth,depth,,0,0.15000000000000002,4,9d26,bd07,True,7,wrong_pattern,3,False
confusion_depth,depth,,0,0.15000000000000002,3,fee2,fca6,True,11,correct,0,True
confusion_depth,depth,,0,0.15000000000000002,3,f686,fca6,True,14,correct,0,True
confusion_depth,depth,,0,0.15000000000000002,0,fca6,fca6,True,0,correct,0,True
confusion_depth,depth,,0,0.15000000000000002,3,b4e6,a6b6,True,17,wrong_pattern,2,False
confusion_depth,depth,,0,0.15000000000000002,5,d4fe,fca6,True,21,correct,0,True
confusion_depth,depth,,0,0.15000000000000002,1,fc26,fca6,True,9,correct,0,True
confusion_depth,depth,,0,0.15000000000000002,1,eca6,fca6,True,7,correct,0,True
confusion_depth,depth,,0,0.15000000000000002,2,fcf6,fca6,True,6,correct,0,True
confusion_depth,depth,,0,0.15000000000000002,3,f6b6,aeb6,False,740,oscillated,-1,False
confusion_depth,depth,,0,0.15000000000000002,3,f8e7,fca6,True,6,correct,0,True
confusion_depth,depth,,0,0.15000000000000002,3,fe06,bd07,True,15,wrong_pattern,3,False
confusion_depth,depth,,0,0.15000000000000002,4,59a6,58a4,True,4,spurious,-1,False
confusion_depth,depth,,0,0.15000000000000002,1,fca2,fca6,True,6,correct,0,True
confusion_depth,depth,,0,0.15000000000000002,1,f4a6,fca6,True,7,correct,0,True
confusion_depth,depth,,0,0.15000000000000002,2,bc26,fca6,True,11,correct,0,True
confusion_depth,depth,,0,0.15000000000000002,4,eab6,b6b6,False,740,oscillated,-1,False
confusion_depth,depth,,0,0.15000000000000002,5,7c9c,7ca4,False,740,oscillated,-1,False
confusion_depth,depth,,0,0.15000000000000002,3,f9ae,fca6,True,6,correct,0,True
confusion_depth,depth,,0,0.15000000000000002,4,fe3e,fc6a,True,21,spurious,-1,False
confusion_depth,depth,,0,0.15000000000000002,3,f5e6,fca6,True,7,correct,0,True
confusion_depth,depth,,0,0.15000000000000002,4,bdb2,fca6,True,15,correct,0,True
confusion_depth,depth,,0,0.15000000000000002,1,eca6,fca6,True,7,correct,0,True
confusion_depth,depth,,0,0.15000000000000002,4,5d26,1d07,False,740,oscillated,-1,False
confusion_depth,depth,,0,0.15000000000000002,0,fca6,fca6,True,0,correct,0,True
confusion_depth,depth,,0,0.15000000000000002,3,b4a4,fca6,True,23,correct,0,True
confusion_depth,depth,,0,0.15000000000000002,3,fe66,fc6a,True,21,spurious,-1,False
confusion_depth,depth,,0,0.15000000000000002,5,bc9a,fca6,True,15,correct,0,True
confusion_depth,depth,,0,0.15000000000000002,0,fca6,fca6,True,0,correct,0,True
confusion_depth,depth,,0,0.15000000000000002,3,5ea6,5ca6,False,740,oscillated,-1,False
confusion_depth,depth,,0,0.15000000000000002,2,fde6,fca6,True,6,correct,0,True
confusion_depth,depth,,0,0.15000000000000002,4,b8e4,f8a4,False,740,oscillated,-1,False
confusion_depth,depth,,0,0.15000000000000002,3,75a6,fca6,True,7,correct,0,True
confusion_depth,depth,,0,0.15000000000000002,1,fc26,fca6,True,9,correct,0,True
confusion_depth,depth,,0,0.15000000000000002,0,fca6,fca6,True,0,correct,0,True
confusion_depth,depth,,0,0.15000000000000002,3,58a6,58a4,True,4,spurious,-1,False
confusion_depth,depth,,0,0.15000000000000002,5,5c8f,5ca6,False,740,oscillated,-1,False
confusion_depth,depth,,0,0.15000000000000002,4,f587,bd07,True,11,wrong_pattern,3,False
confusion_depth,depth,,0,0.15000000000000002,4,7ce5,7ca4,False,740,oscillated,-1,False
confusion_depth,depth,,0,0.15000000000000002,1,fce6,fca6,True,6,correct,0,True
confusion_depth,depth,,0,0.15000000000000002,2,fc24,fca6,True,9,correct,0,True
confusion_depth,depth,,0,0.15000000000000002,3,ec06,bd07,True,15,wrong_pattern,3,False
confusion_depth,depth,,0,0.15000000000000002,4,dcd6,fca6,True,6,correct,0,True
confusion_depth,depth,,0,0.15000000000000002,4,b686,aeb6,False,740,oscillated,-1,False
confusion_depth,depth,,0,0.15000000000000002,2,7ca7,fca6,True,4,correct,0,True
confusion_depth,depth,,0,0.15000000000000002,3,bc24,fca6,True,11,correct,0,True
confusion_depth,depth,,0,0.15000000000000002,1,fce6,fca6,True,6,correct,0,True
confusion_depth,depth,,0,0.15000000000000002,2,f4a7,fca6,True,7,correct,0,True
confusion_depth,depth,,0,0.15000000000000002,3,dfa6,fca6,True,5,correct,0,True
confusion_depth,depth,,0,0.15000000000000002,4,f6b4,aeb6,False,740,oscillated,-1,False
confusion_depth,depth,,0,0.15000000000000002,0,fca6,fca6,True,0,correct,0,True
confusion_depth,depth,,0,0.15000000000000002,4,7ec6,fca6,True,6,correct,0,True
confusion_depth,depth,,0,0.15000000000000002,1,fda6,fca6,True,4,correct,0,True
confusion_depth,depth,,0,0.15000000000000002,3,baa6,fca6,True,15,correct,0,True
confusion_depth,depth,,0,0.15000000000000002,3,78a7,78a6,False,740,oscillated,-1,False
confusion_depth,depth,,0,0.15000000000000002,3,c4a6,fca6,True,7,correct,0,True
confusion_depth,depth,,0,0.15000000000000002,0,fca6,fca6,True,0,correct,0,True
confusion_depth,depth,,0,0.15000000000000002,5,eae2,fca6,True,21,correct,0,True
confusion_depth,depth,,0,0.15000000000000002,5,be2c,fca6,True,15,correct,0,True
confusion_depth,depth,,0,0.15000000000000002,0,fca6,fca6,True,0,correct,0,True
confusion_depth,depth,,0,0.15000000000000002,3,f8a5,f8a4,False,740,oscillated,-1,False
confusion_depth,depth,,0,0.15000000000000002,1,fcb6,fca6,True,5,correct,0,True
confusion_depth,depth,,0,0.15000000000000002,4,f82c,f824,False,740,oscillated,-1,False
confusion_depth,depth,,0,0.15000000000000002,1,fca4,fca6,True,4,correct,0,True
confusion_depth,depth,,0,0.15000000000000002,4,ee22,fc6a,True,21,spurious,-1,False
confusion_depth,depth,,0,0.15000000000000002,2,fcb7,fca6,True,5,correct,0,True
confusion_depth,depth,,0,0.15000000000000002,1,fcb6,fca6,True,5,correct,0,True
confusion_depth,depth,,0,0.15000000000000002,1,fce6,fca6,True,6,correct,0,True
confusion_depth,depth,,0,0.15000000000000002,4,6de6,fca6,True,7,correct,0,True
confusion_depth,depth,,0,0.15000000000000002,5,f236,fca6,True,15,correct,0,True
confusion_depth,depth,,0,0.15000000000000002,6,e0ef,fc6a,True,9,spurious,-1,False
confusion_depth,depth,,0,0.15000000000000002,1,fcb6,fca6,True,5,correct,0,True
confusion_depth,depth,,0,0.15000000000000002,4,f0ac,f8a4,False,740,oscillated,-1,False
confusion_depth,depth,,0,0.15000000000000002,0,fca6,fca6,True,0,correct,0,True
confusion_depth,depth,,0,0.15000000000000002,1,bca6,fca6,True,11,correct,0,True
confusion_depth,depth,,0,0.15000000000000002,2,fe26,fca6,True,9,correct,0,True
confusion_depth,depth,,0,0.15000000000000002,1,fca2,fca6,True,6,correct,0,True
confusion_depth,depth,,0,0.15000000000000002,6,d4c5,dca4,False,740,oscillated,-1,False
confusion_depth,depth,,0,0.15000000000000002,3,f42e,fc6a,True,21,spurious,-1,False
confusion_depth,depth,,0,0.15000000000000002,3,eaa6,fca6,True,11,correct,0,True
confusion_depth,depth,,1,0.15000000000000002,3,8bb5,12b4,False,740,oscillated,-1,False
confusion_depth,depth,,1,0.15000000000000002,2,5a95,58a4,True,7,spurious,-1,False
confusion_depth,depth,,1,0.15000000000000002,4,1f34,1b95,True,9,correct,1,True
confusion_depth,depth,,1,0.15000000000000002,3,8b97,9397,False,740,oscillated,-1,False
confusion_depth,depth,,1,0.15000000000000002,0,1b95,1b95,True,0,correct,1,True
confusion_depth,depth,,1,0.15000000000000002,4,eb5,12b4,False,740,oscillated,-1,False
confusion_depth,depth,,1,0.15000000000000002,1,1f95,1b95,True,4,correct,1,True
confusion_depth,depth,,1,0.15000000000000002,3,1fb1,2b4,True,7,spurious,-1,False
confusion_depth,depth,,1,0.15000000000000002,2,1bdd,1b95,True,6,correct,1,True
confusion_depth,depth,,1,0.15000000000000002,3,1b3d,395,True,9,spurious,-1,False
confusion_depth,depth,,1,0.15000000000000002,2,1b1d,395,True,14,spurious,-1,False
confusion_depth,depth,,1,0.15000000000000002,4,1c97,5ca6,False,740,oscillated,-1,False
confusion_depth,depth,,1,0.15000000000000002,3,9ad5,2b4,True,7,spurious,-1,False
confusion_depth,depth,,1,0.15000000000000002,2,b9d,395,True,7,spurious,-1,False
confusion_depth,depth,,1,0.15000000000000002,3,5bc5,1905,True,11,spurious,-1,False
confusion_depth,depth,,1,0.15000000000000002,0,1b95,1b95,True,0,correct,1,True
confusion_depth,depth,,1,0.15000000000000002,5,5181,1905,True,11,spurious,-1,False
confusion_depth,depth,,1,0.15000000000000002,4,19c7,1905,True,9,spurious,-1,False
confusion_depth,depth,,1,0.15000000000000002,2,199d,1915,False,740,oscillated,-1,False
confusion_depth,depth,,1,0.15000000000000002,3,5bd4,58a4,True,7,spurious,-1,False
confusion_depth,depth,,1,0.15000000000000002,3,3ab5,58a4,True,18,spurious,-1,False
confusion_depth,depth,,1,0.15000000000000002,1,1b9d,1b95,True,6,correct,1,True
confusion_depth,depth,,1,0.15000000000000002,3,1285,ab4,False,740,oscillated,-1,False
confusion_depth,depth,,1,0.15000000000000002,4,5791,b95,False,740,oscillated,-1,False
confusion_depth,depth,,1,0.15000000000000002,4,9bc4,58a4,True,15,spurious,-1,False
confusion_depth,depth,,1,0.15000000000000002,3,9f15,9f95,False,740,oscillated,-1,False
confusion_depth,depth,,1,0.15000000000000002,1,1b85,1b05,False,740,oscillated,-1,False
confusion_depth,depth,,1,0.15000000000000002,1,1bb5,58a4,True,21,spurious,-1,False
confusion_depth,depth,,1,0.15000000000000002,6,a59,359,True,7,spurious,-1,False
confusion_depth,depth,,1,0.15000000000000002,2,1991,1915,False,740,oscillated,-1,False
confusion_depth,depth,,1,0.15000000000000002,2,1f97,1f97,False,740,oscillated,-1,False
confusion_depth,depth,,1,0.15000000000000002,0,1b95,1b95,True,0,correct,1,True
confusion_depth,depth,,1,0.15000000000000002,4,9b98,2b4,True,7,spurious,-1,False
confusion_depth,depth,,1,0.15000000000000002,2,1a91,2b4,True,7,spurious,-1,False
confusion_depth,depth,,1,0.15000000000000002,3,1905,1905,True,0,spurious,-1,False
confusion_depth,depth,,1,0.15000000000000002,0,1b95,1b95,True,0,correct,1,True
confusion_depth,depth,,1,0.15000000000000002,1,9b95,1b95,True,4,correct,1,True
confusion_depth,depth,,1,0.15000000000000002,4,19a1,58a4,True,14,spurious,-1,False
confusion_depth,depth,,1,0.15000000000000002,0,1b95,1b95,True,0,correct,1,True
confusion_depth,depth,,1,0.15000000000000002,3,1e9d,2b4,True,7,spurious,-1,False
confusion_depth,depth,,1,0.15000000000000002,2,1b35,1b95,True,9,correct,1,True
confusion_depth,depth,,1,0.15000000000000002,8,48cc,58a4,True,12,spurious,-1,False
confusion_depth,depth,,1,0.15000000000000002,3,1b1c,395,True,9,spurious,-1,False
confusion_depth,depth,,1,0.15000000000000002,0,1b95,1b95,True,0,correct,1,True
confusion_depth,depth,,1,0.15000000000000002,0,1b95,1b95,True,0,correct,1,True
confusion_depth,depth,,1,0.15000000000000002,2,1985,1905,True,9,spurious,-1,False
confusion_depth,depth,,1,0.15000000000000002,1,1b9d,1b95,True,6,correct,1,True
confusion_depth,depth,,1,0.15000000000000002,4,9ff5,86b4,False,740,oscillated,-1,False
confusion_depth,depth,,1,0.15000000000000002,3,5a85,58a4,True,7,spurious,-1,False
confusion_depth,depth,,1,0.15000000000000002,2,1b9f,1b95,True,6,correct,1,True
confusion_depth,depth,,1,0.15000000000000002,1,1b85,1b05,False,740,oscillated,-1,False
confusion_depth,depth,,1,0.15000000000000002,7,2e10,2759,False,740,oscillated,-1,False
confusion_depth,depth,,1,0.15000000000000002,2,1bb7,58a4,True,21,spurious,-1,False
confusion_depth,depth,,1,0.15000000000000002,2,9b85,1b05,False,740,oscillated,-1,False
confusion_depth,depth,,1,0.15000000000000002,3,5915,1905,True,13,spurious,-1,False
confusion_depth,depth,,1,0.15000000000000002,0,1b95,1b95,True,0,correct,1,True
confusion_depth,depth,,1,0.15000000000000002,1,5b95,1905,True,13,spurious,-1,False
confusion_depth,depth,,1,0.15000000000000002,3,1897,58a4,True,18,spurious,-1,False
confusion_depth,depth,,1,0.15000000000000002,3,7995,1905,True,13,spurious,-1,False
confusion_depth,depth,,1,0.15000000000000002,2,1b9c,2b4,True,7,spurious,-1,False
confusion_depth,depth,,1,0.15000000000000002,3,2995,1395,False,740,oscillated,-1,False
confusion_depth,depth,,1,0.15000000000000002,3,e95,12b4,False,740,oscillated,-1,False
confusion_depth,depth,,1,0.15000000000000002,2,1bd7,1b95,True,6,correct,1,True
confusion_depth,depth,,1,0.15000000000000002,3,1b25,1b05,False,740,oscillated,-1,False
confusion_depth,depth,,1,0.15000000000000002,3,915,1115,False,740,oscillated,-1,False
confusion_depth,depth,,1,0.15000000000000002,5,1145,4949,False,740,oscillated,-1,False
confusion_depth,depth,,1,0.15000000000000002,0,1b95,1b95,True,0,correct,1,True
confusion_depth,depth,,1,0.15000000000000002,1,1b85,1b05,False,740,oscillated,-1,False
confusion_depth,depth,,1,0.15000000000000002,0,1b95,1b95,True,0,correct,1,True
confusion_depth,depth,,1,0.15000000000000002,1,9b95,1b95,True,4,correct,1,True
confusion_depth,depth,,1,0.15000000000000002,4,8b96,92b6,False,740,oscillated,-1,False
confusion_depth,depth,,1,0.15000000000000002,5,991c,1915,False,740,oscillated,-1,False
confusion_depth,depth,,1,0.15000000000000002,7,8f33,a75b,True,12,spurious,-1,False
confusion_depth,depth,,1,0.15000000000000002,1,1b9d,1b95,True,6,correct,1,True
confusion_depth,depth,,1,0.15000000000000002,5,3199,395,True,21,spurious,-1,False
confusion_depth,depth,,1,0.15000000000000002,5,2387,2397,False,740,oscillated,-1,False
confusion_depth,depth,,1,0.15000000000000002,4,fb1,2b4,True,7,spurious,-1,False
confusion_depth,depth,,1,0.15000000000000002,2,3b85,1b05,False,740,oscillated,-1,False
confusion_depth,depth,,1,0.15000000000000002,4,181d,1915,False,740,oscillated,-1,False
confusion_depth,depth,,1,0.15000000000000002,1,1bd5,1b95,True,6,correct,1,True
confusion_depth,depth,,1,0.15000000000000002,1,1bd5,1b95,True,1,correct,1,True
confusion_depth,depth,,1,0.15000000000000002,3,6b95,1395,False,740,oscillated,-1,False
confusion_depth,depth,,1,0.15000000000000002,3,9fb5,dca4,False,740,oscillated,-1,False
confusion_depth,depth,,1,0.15000000000000002,3,8b94,12b4,False,740,oscillated,-1,False
confusion_depth,depth,,1,0.15000000000000002,5,8abd,2b4,True,7,spurious,-1,False
confusion_depth,depth,,1,0.15000000000000002,4,5bb0,58a4,True,6,spurious,-1,False
confusion_depth,depth,,1,0.15000000000000002,3,8a95,12b4,False,740,oscillated,-1,False
confusion_depth,depth,,1,0.15000000000000002,2,1bd4,2b4,True,7,spurious,-1,False
confusion_depth,depth,,1,0.15000000000000002,6,7a98,58a4,True,11,spurious,-1,False
confusion_depth,depth,,1,0.15000000000000002,2,3995,1915,False,740,oscillated,-1,False
confusion_depth,depth,,1,0.15000000000000002,2,bb95,bb95,False,740,oscillated,-1,False
confusion_depth,depth,,1,0.15000000000000002,2,8b95,1395,False,740,oscillated,-1,False
confusion_depth,depth,,1,0.15000000000000002,4,4ab5,12b4,False,740,oscillated,-1,False
confusion_depth,depth,,1,0.15000000000000002,3,795,395,True,4,spurious,-1,False
confusion_depth,depth,,1,0.15000000000000002,4,3b25,1b05,False,740,oscillated,-1,False
confusion_depth,depth,,1,0.15000000000000002,0,1b95,1b95,True,0,correct,1,True
confusion_depth,depth,,1,0.15000000000000002,1,1b91,1b95,True,6,correct,1,True
confusion_depth,depth,,1,0.15000000000000002,1,1bd5,1b95,True,6,correct,1,True
confusion_depth,depth,,1,0.15000000000000002,2,1985,1905,True,9,spurious,-1,False
confusion_depth,depth,,1,0.15000000000000002,3,3bd1,1b95,True,6,correct,1,True
confusion_depth,depth,,1,0.15000000000000002,2,1b93,1b95,True,6,correct,1,True
confusion_depth,depth,,1,0.15000000000000002,3,19bd,58a4,True,15,spurious,-1,False
confusion_depth,depth,,1,0.15000000000000002,2,1bd4,2b4,True,7,spurious,-1,False
confusion_depth,depth,,1,0.15000000000000002,3,fd5,395,True,7,spurious,-1,False
confusion_depth,depth,,1,0.15000000000000002,0,1b95,1b95,True,0,correct,1,True
confusion_depth,depth,,1,0.15000000000000002,6,9825,1905,True,7,spurious,-1,False
confusion_depth,depth,,1,0.15000000000000002,3,9b8d,1b05,False,740,oscillated,-1,False
confusion_depth,depth,,1,0.15000000000000002,2,1915,1915,False,740,oscillated,-1,False
confusion_depth,depth,,1,0.15000000000000002,2,1895,58a4,True,18,spurious,-1,False
confusion_depth,depth,,1,0.15000000000000002,3,9ba5,58a4,True,18,spurious,-1,False
confusion_depth,depth,,1,0.15000000000000002,1,1b91,1b95,True,6,correct,1,True
confusion_depth,depth,,1,0.15000000000000002,5,198e,58a4,True,14,spurious,-1,False
confusion_depth,depth,,1,0.15000000000000002,4,8f15,9795,False,740,oscillated,-1,False
confusion_depth,depth,,1,0.15000000000000002,3,3bc5,1b05,False,740,oscillated,-1,False
confusion_depth,depth,,1,0.15000000000000002,2,1f97,1f97,False,740,oscillated,-1,False
confusion_depth,depth,,1,0.15000000000000002,0,1b95,1b95,True,0,correct,1,True
confusion_depth,depth,,1,0.15000000000000002,4,b397,af97,False,740,oscillated,-1,False
confusion_depth,depth,,1,0.15000000000000002,4,d915,1905,True,13,spurious,-1,False
confusion_depth,depth,,1,0.15000000000000002,1,1b9d,1b95,True,6,correct,1,True
confusion_depth,depth,,1,0.15000000000000002,0,1b95,1b95,True,0,correct,1,True
confusion_depth,depth,,2,0.15000000000000002,2,a6ae,a6b6,True,6,correct,2,True
confusion_depth,depth,,2,0.15000000000000002,2,e6b2,e6fa,True,16,spurious,-1,False
confusion_depth,depth,,2,0.15000000000000002,1,a636,a6b6,True,9,correct,2,True
confusion_depth,depth,,2,0.15000000000000002,3,86a7,a6b6,True,5,correct,2,True
confusion_depth,depth,,2,0.15000000000000002,3,a336,a797,True,9,spurious,-1,False
confusion_depth,depth,,2,0.15000000000000002,0,a6b6,a6b6,True,0,correct,2,True
confusion_depth,depth,,2,0.15000000000000002,0,a6b6,a6b6,True,0,correct,2,True
confusion_depth,depth,,2,0.15000000000000002,2,a0b6,a6b6,True,5,correct,2,True
confusion_depth,depth,,2,0.15000000000000002,3,f6f6,aeb6,False,740,oscillated,-1,False
confusion_depth,depth,,2,0.15000000000000002,2,26b7,a6b6,True,4,correct,2,True
confusion_depth,depth,,2,0.15000000000000002,2,a686,a6b6,True,5,correct,2,True
confusion_depth,depth,,2,0.15000000000000002,3,a4b5,a6b6,True,5,correct,2,True
confusion_depth,depth,,2,0.15000000000000002,2,a4b7,a6b6,True,5,correct,2,True
confusion_depth,depth,,2,0.15000000000000002,4,ebb6,b6b6,False,740,oscillated,-1,False
confusion_depth,depth,,2,0.15000000000000002,3,2ea6,b6b6,False,740,oscillated,-1,False
confusion_depth,depth,,2,0.15000000000000002,2,87b6,a6b6,True,4,correct,2,True
confusion_depth,depth,,2,0.15000000000000002,3,8ea6,b6b6,False,740,oscillated,-1,False
confusion_depth,depth,,2,0.15000000000000002,5,2ed4,26b4,False,740,oscillated,-1,False
confusion_depth,depth,,2,0.15000000000000002,2,a6bc,a6b6,True,6,correct,2,True
confusion_depth,depth,,2,0.15000000000000002,3,22be,22b6,False,740,oscillated,-1,False
confusion_depth,depth,,2,0.15000000000000002,3,8736,a797,True,9,spurious,-1,False
confusion_depth,depth,,2,0.15000000000000002,1,a636,a6b6,True,9,correct,2,True
confusion_depth,depth,,2,0.15000000000000002,2,a7a6,a6b6,True,5,correct,2,True
confusion_depth,depth,,2,0.15000000000000002,1,a7b6,a6b6,True,4,correct,2,True
confusion_depth,depth,,2,0.15000000000000002,2,a694,a6b6,True,4,correct,2,True
confusion_depth,depth,,2,0.15000000000000002,4,ae95,b6b6,False,740,oscillated,-1,False
confusion_depth,depth,,2,0.15000000000000002,0,a6b6,a6b6,True,0,correct,2,True
confusion_depth,depth,,2,0.15000000000000002,1,a2b6,a6b6,True,4,correct,2,True
confusion_depth,depth,,2,0.15000000000000002,2,a637,a797,True,9,spurious,-1,False
confusion_depth,depth,,2,0.15000000000000002,3,a4f2,a6b6,True,16,correct,2,True
confusion_depth,depth,,2,0.15000000000000002,1,a2b6,a6b6,True,4,correct,2,True
confusion_depth,depth,,2,0.15000000000000002,2,e636,e6fa,True,9,spurious,-1,False
confusion_depth,depth,,2,0.15000000000000002,3,e6fe,e6fa,True,6,spurious,-1,False
confusion_depth,depth,,2,0.15000000000000002,3,2eb4,36b4,False,740,oscillated,-1,False
confusion_depth,depth,,2,0.15000000000000002,4,a4bb,a6b6,True,17,correct,2,True
confusion_depth,depth,,2,0.15000000000000002,1,aeb6,b6b6,False,740,oscillated,-1,False
confusion_depth,depth,,2,0.15000000000000002,3,b6bf,a6b6,True,7,correct,2,True
confusion_depth,depth,,2,0.15000000000000002,3,a234,a2b4,False,740,oscillated,-1,False
confusion_depth,depth,,2,0.15000000000000002,2,a6a4,a6b6,True,5,correct,2,True
confusion_depth,depth,,2,0.15000000000000002,1,a6a6,a6b6,True,5,correct,2,True
confusion_depth,depth,,2,0.15000000000000002,1,a6a6,a6b6,True,1,correct,2,True
confusion_depth,depth,,2,0.15000000000000002,2,86be,a6b6,True,6,correct,2,True
confusion_depth,depth,,2,0.15000000000000002,0,a6b6,a6b6,True,0,correct,2,True
confusion_depth,depth,,2,0.15000000000000002,1,a6a6,a6b6,True,5,correct,2,True
confusion_depth,depth,,2,0.15000000000000002,4,a43c,e6fa,True,11,spurious,-1,False
confusion_depth,depth,,2,0.15000000000000002,2,a6fe,a6b6,True,16,correct,2,True
confusion_depth,depth,,2,0.15000000000000002,3,8236,82b6,False,740,oscillated,-1,False
confusion_depth,depth,,2,0.15000000000000002,5,aa3c,a2b4,False,740,oscillated,-1,False
confusion_depth,depth,,2,0.15000000000000002,2,a236,a6b6,True,9,correct,2,True
confusion_depth,depth,,2,0.15000000000000002,3,e6f2,e6fa,True,6,spurious,-1,False
confusion_depth,depth,,2,0.15000000000000002,0,a6b6,a6b6,True,0,correct,2,True
confusion_depth,depth,,2,0.15000000000000002,0,a6b6,a6b6,True,0,correct,2,True
confusion_depth,depth,,2,0.15000000000000002,3,2cb6,b6b6,False,740,oscillated,-1,False
confusion_depth,depth,,2,0.15000000000000002,4,c6f7,e6fa,True,16,spurious,-1,False
confusion_depth,depth,,2,0.15000000000000002,3,e4a6,fca6,True,7,wrong_pattern,0,False
confusion_depth,depth,,2,0.15000000000000002,1,a4b6,a6b6,True,5,correct,2,True
confusion_depth,depth,,2,0.15000000000000002,1,a6a6,a6b6,True,5,correct,2,True
confusion_depth,depth,,2,0.15000000000000002,2,e4b6,fca6,True,11,wrong_pattern,0,False
confusion_depth,depth,,2,0.15000000000000002,0,a6b6,a6b6,True,0,correct,2,True
confusion_depth,depth,,2,0.15000000000000002,2,86f6,a6b6,True,6,correct,2,True
confusion_depth,depth,,2,0.15000000000000002,2,86b2,a6b6,True,6,correct,2,True
confusion_depth,depth,,2,0.15000000000000002,2,b6be,a6b6,True,7,correct,2,True
confusion_depth,depth,,2,0.15000000000000002,3,beb4,fca6,True,15,wrong_pattern,0,False
confusion_depth,depth,,2,0.15000000000000002,1,a6b2,a6b6,True,6,correct,2,True
confusion_depth,depth,,2,0.15000000000000002,1,a2b6,a6b6,True,4,correct,2,True
confusion_depth,depth,,2,0.15000000000000002,1,a6b7,a6b6,True,4,correct,2,True
confusion_depth,depth,,2,0.15000000000000002,1,a6b7,a6b6,True,4,correct,2,True
confusion_depth,depth,,2,0.15000000000000002,2,e6b7,a6b6,True,11,correct,2,True
confusion_depth,depth,,2,0.15000000000000002,3,a6b8,a6b6,True,16,correct,2,True
confusion_depth,depth,,2,0.15000000000000002,1,a636,a6b6,True,9,correct,2,True
confusion_depth,depth,,2,0.15000000000000002,1,a6be,a6b6,True,6,correct,2,True
confusion_depth,depth,,2,0.15000000000000002,4,62b7,22b6,False,740,oscillated,-1,False
confusion_depth,depth,,2,0.15000000000000002,2,a6fe,a6b6,True,16,correct,2,True
confusion_depth,depth,,2,0.15000000000000002,3,aefe,a6b6,True,17,correct,2,True
confusion_depth,depth,,2,0.15000000000000002,4,ace6,a6b6,True,17,correct,2,True
confusion_depth,depth,,2,0.15000000000000002,3,a776,a75b,True,16,spurious,-1,False
confusion_depth,depth,,2,0.15000000000000002,4,aef5,a6b6,True,7,correct,2,True
confusion_depth,depth,,2,0.15000000000000002,3,a036,a6b6,True,9,correct,2,True
confusion_depth,depth,,2,0.15000000000000002,2,a697,a6b6,True,7,correct,2,True
confusion_depth,depth,,2,0.15000000000000002,6,8595,8795,False,740,oscillated,-1,False
confusion_depth,depth,,2,0.15000000000000002,2,a63e,e6fa,True,21,spurious,-1,False
confusion_depth,depth,,2,0.15000000000000002,2,86b7,a6b6,True,4,correct,2,True
confusion_depth,depth,,2,0.15000000000000002,1,26b6,a6b6,True,4,correct,2,True
confusion_depth,depth,,2,0.15000000000000002,4,e6ff,e6fa,True,6,spurious,-1,False
confusion_depth,depth,,2,0.15000000000000002,2,a6bc,a6b6,True,6,correct,2,True
confusion_depth,depth,,2,0.15000000000000002,2,e696,a6b6,True,11,correct,2,True
confusion_depth,depth,,2,0.15000000000000002,2,6b6,6b6,False,740,oscillated,-1,False
confusion_depth,depth,,2,0.15000000000000002,3,a2b5,a2b4,False,740,oscillated,-1,False
confusion_depth,depth,,2,0.15000000000000002,4,a2b1,a2b4,False,740,oscillated,-1,False
confusion_depth,depth,,2,0.15000000000000002,4,abbe,a6b6,True,7,correct,2,True
confusion_depth,depth,,2,0.15000000000000002,3,aea7,b6b6,False,740,oscillated,-1,False
confusion_depth,depth,,2,0.15000000000000002,4,a6e3,a6b6,True,17,correct,2,True
confusion_depth,depth,,2,0.15000000000000002,2,a6b0,a6b6,True,6,correct,2,True
confusion_depth,depth,,2,0.15000000000000002,2,b696,aeb6,False,740,oscillated,-1,False
confusion_depth,depth,,2,0.15000000000000002,4,e232,e6fa,True,9,spurious,-1,False
confusion_depth,depth,,2,0.15000000000000002,2,26b2,a6b6,True,6,correct,2,True
confusion_depth,depth,,2,0.15000000000000002,1,aeb6,b6b6,False,740,oscillated,-1,False
confusion_depth,depth,,2,0.15000000000000002,2,aef6,a6b6,True,7,correct,2,True
confusion_depth,depth,,2,0.15000000000000002,3,26a2,a6b6,True,6,correct,2,True
confusion_depth,depth,,2,0.15000000000000002,4,9cb6,fca6,True,15,wrong_pattern,0,False
confusion_depth,depth,,2,0.15000000000000002,3,aaf6,a6b6,True,7,correct,2,True
confusion_depth,depth,,2,0.15000000000000002,2,a634,a6b6,True,9,correct,2,True
confusion_depth,depth,,2,0.15000000000000002,1,a6f6,a6b6,True,6,correct,2,True
confusion_depth,depth,,2,0.15000000000000002,4,ee32,fca6,True,16,wrong_pattern,0,False
confusion_depth,depth,,2,0.15000000000000002,2,a496,a6b6,True,5,correct,2,True
confusion_depth,depth,,2,0.15000000000000002,4,2677,a75b,True,16,spurious,-1,False
confusion_depth,depth,,2,0.15000000000000002,1,a6be,a6b6,True,6,correct,2,True
confusion_depth,depth,,2,0.15000000000000002,0,a6b6,a6b6,True,0,correct,2,True
confusion_depth,depth,,2,0.15000000000000002,0,a6b6,a6b6,True,0,correct,2,True
confusion_depth,depth,,2,0.15000000000000002,3,e4be,e4fa,False,740,oscillated,-1,False
confusion_depth,depth,,2,0.15000000000000002,6,d69c,8eb4,False,740,oscillated,-1,False
confusion_depth,depth,,2,0.15000000000000002,3,ae34,b6b6,False,740,oscillated,-1,False
confusion_depth,depth,,2,0.15000000000000002,1,a6a6,a6b6,True,5,correct,2,True
confusion_depth,depth,,2,0.15000000000000002,3,a2f7,a6b6,True,6,correct,2,True
confusion_depth,depth,,2,0.15000000000000002,1,26b6,a6b6,True,4,correct,2,True
confusion_depth,depth,,2,0.15000000000000002,2,a697,a6b6,True,7,correct,2,True
confusion_depth,depth,,2,0.15000000000000002,2,27b6,a6b6,True,4,correct,2,True
confusion_depth,depth,,2,0.15000000000000002,4,a4ac,a6b6,True,6,correct,2,True
confusion_depth,depth,,2,0.15000000000000002,1,a696,a6b6,True,4,correct,2,True
confusion_depth,depth,,2,0.15000000000000002,2,e6b4,a6b6,True,11,correct,2,True
confusion_depth,depth,,3,0.15000000000000002,2,bd2f,bd07,True,6,correct,3,True
confusion_depth,depth,,3,0.15000000000000002,3,ad97,b797,False,740,oscillated,-1,False
confusion_depth,depth,,3,0.15000000000000002,1,bd27,bd07,True,4,correct,3,True
confusion_depth,depth,,3,0.15000000000000002,1,bd27,bd07,True,4,correct,3,True
confusion_depth,depth,,3,0.15000000000000002,0,bd07,bd07,True,0,correct,3,True
confusion_depth,depth,,3,0.15000000000000002,3,ad46,f54b,False,740,oscillated,-1,False
confusion_depth,depth,,3,0.15000000000000002,1,b907,bd07,True,4,correct,3,True
confusion_depth,depth,,3,0.15000000000000002,3,b105,b905,False,740,oscillated,-1,False
confusion_depth,depth,,3,0.15000000000000002,3,b90e,bd07,True,6,correct,3,True
confusion_depth,depth,,3,0.15000000000000002,2,9d03,bd07,True,6,correct,3,True
confusion_depth,depth,,3,0.15000000000000002,1,bd27,bd07,True,4,correct,3,True
confusion_depth,depth,,3,0.15000000000000002,3,ac17,b517,False,740,oscillated,-1,False
confusion_depth,depth,,3,0.15000000000000002,3,9c17,bd17,False,740,oscillated,-1,False
confusion_depth,depth,,3,0.15000000000000002,2,bd83,bd07,True,9,correct,3,True
confusion_depth,depth,,3,0.15000000000000002,4,b10d,e949,False,740,oscillated,-1,False
confusion_depth,depth,,3,0.15000000000000002,1,bd27,bd07,True,4,correct,3,True
confusion_depth,depth,,3,0.15000000000000002,2,bc27,bd07,True,7,correct,3,True
confusion_depth,depth,,3,0.15000000000000002,3,bd53,bd17,False,740,oscillated,-1,False
confusion_depth,depth,,3,0.15000000000000002,2,9d87,bd07,True,9,correct,3,True
confusion_depth,depth,,3,0.15000000000000002,2,fd0f,fd4b,True,16,spurious,-1,False
confusion_depth,depth,,3,0.15000000000000002,3,bf23,bf07,False,740,oscillated,-1,False
confusion_depth,depth,,3,0.15000000000000002,2,3907,3907,False,740,oscillated,-1,False
confusion_depth,depth,,3,0.15000000000000002,2,ad87,bf97,True,7,spurious,-1,False
confusion_depth,depth,,3,0.15000000000000002,1,bd17,bd17,False,740,oscillated,-1,False
confusion_depth,depth,,3,0.15000000000000002,3,9d15,9d15,False,740,oscillated,-1,False
confusion_depth,depth,,3,0.15000000000000002,1,9d07,bd07,True,4,correct,3,True
confusion_depth,depth,,3,0.15000000000000002,3,b967,bd07,True,6,correct,3,True
confusion_depth,depth,,3,0.15000000000000002,2,bf87,bf07,False,740,oscillated,-1,False
confusion_depth,depth,,3,0.15000000000000002,0,bd07,bd07,True,0,correct,3,True
confusion_depth,depth,,3,0.15000000000000002,3,3527,bd07,True,7,correct,3,True
confusion_depth,depth,,3,0.15000000000000002,2,b90f,bd07,True,6,correct,3,True
confusion_depth,depth,,3,0.15000000000000002,2,9d06,bd07,True,4,correct,3,True
confusion_depth,depth,,3,0.15000000000000002,3,bdaf,fca6,True,14,wrong_pattern,0,False
confusion_depth,depth,,3,0.15000000000000002,3,bd0a,bd07,True,16,correct,3,True
confusion_depth,depth,,3,0.15000000000000002,1,bd0f,bd07,True,6,correct,3,True
confusion_depth,depth,,3,0.15000000000000002,5,7926,3907,False,740,oscillated,-1,False
confusion_depth,depth,,3,0.15000000000000002,2,bd0e,bd07,True,6,correct,3,True
confusion_depth,depth,,3,0.15000000000000002,2,b587,bf97,True,7,spurious,-1,False
confusion_depth,depth,,3,0.15000000000000002,2,bd16,bd17,False,740,oscillated,-1,False
confusion_depth,depth,,3,0.15000000000000002,1,bd0f,bd07,True,6,correct,3,True
confusion_depth,depth,,3,0.15000000000000002,1,bc07,bd07,True,4,correct,3,True
confusion_depth,depth,,3,0.15000000000000002,1,bc07,bd07,True,4,correct,3,True
confusion_depth,depth,,3,0.15000000000000002,4,fc16,bd07,True,15,correct,3,True
confusion_depth,depth,,3,0.15000000000000002,2,7d07,bd07,True,11,correct,3,True
confusion_depth,depth,,3,0.15000000000000002,1,bd17,bd17,False,740,oscillated,-1,False
confusion_depth,depth,,3,0.15000000000000002,5,4d47,5d4b,False,740,oscillated,-1,False
confusion_depth,depth,,3,0.15000000000000002,0,bd07,bd07,True,0,correct,3,True
confusion_depth,depth,,3,0.15000000000000002,0,bd07,bd07,True,0,correct,3,True
confusion_depth,depth,,3,0.15000000000000002,3,bc13,bd17,False,740,oscillated,-1,False
confusion_depth,depth,,3,0.15000000000000002,3,b50e,ed4b,False,740,oscillated,-1,False
confusion_depth,depth,,3,0.15000000000000002,4,9997,9917,False,740,oscillated,-1,False
confusion_depth,depth,,3,0.15000000000000002,2,bd43,bd07,True,16,correct,3,True
confusion_depth,depth,,3,0.15000000000000002,3,1d03,1d07,False,740,oscillated,-1,False
confusion_depth,depth,,3,0.15000000000000002,2,3c07,bd07,True,4,correct,3,True
confusion_depth,depth,,3,0.15000000000000002,2,fd17,bd07,True,13,correct,3,True
confusion_depth,depth,,3,0.15000000000000002,2,9d0f,bd07,True,6,correct,3,True
confusion_depth,depth,,3,0.15000000000000002,1,3d07,bd07,True,4,correct,3,True
confusion_depth,depth,,3,0.15000000000000002,1,b507,bd07,True,7,correct,3,True
confusion_depth,depth,,3,0.15000000000000002,3,b5c7,a797,True,17,spurious,-1,False
confusion_depth,depth,,3,0.15000000000000002,4,a90b,f54b,False,740,oscillated,-1,False
confusion_depth,depth,,3,0.15000000000000002,4,9427,bd07,True,7,correct,3,True
confusion_depth,depth,,3,0.15000000000000002,4,9f86,fca6,True,18,wrong_pattern,0,False
confusion_depth,depth,,3,0.15000000000000002,5,a56f,a75b,True,6,spurious,-1,False
confusion_depth,depth,,3,0.15000000000000002,2,bc87,fca6,True,12,wrong_pattern,0,False
confusion_depth,depth,,3,0.15000000000000002,3,bc8f,fca6,True,14,wrong_pattern,0,False
confusion_depth,depth,,3,0.15000000000000002,1,ad07,bd07,True,7,correct,3,True
confusion_depth,depth,,3,0.15000000000000002,3,fc05,bd07,True,12,correct,3,True
confusion_depth,depth,,3,0.15000000000000002,2,b947,bd07,True,6,correct,3,True
confusion_depth,depth,,3,0.15000000000000002,1,b507,bd07,True,7,correct,3,True
confusion_depth,depth,,3,0.15000000000000002,2,bb07,bf07,False,740,oscillated,-1,False
confusion_depth,depth,,3,0.15000000000000002,1,bf07,bf07,False,740,oscillated,-1,False
confusion_depth,depth,,3,0.15000000000000002,2,9f07,bf07,False,740,oscillated,-1,False
confusion_depth,depth,,3,0.15000000000000002,4,7f0f,fd4b,True,16,spurious,-1,False
confusion_depth,depth,,3,0.15000000000000002,2,bc17,bd17,False,740,oscillated,-1,False
confusion_depth,depth,,3,0.15000000000000002,4,3307,2b07,False,740,oscillated,-1,False
confusion_depth,depth,,3,0.15000000000000002,3,bd66,bd07,True,7,correct,3,True
confusion_depth,depth,,3,0.15000000000000002,3,bc13,bd17,False,740,oscillated,-1,False
confusion_depth,depth,,3,0.15000000000000002,3,9d15,9d15,False,740,oscillated,-1,False
confusion_depth,depth,,3,0.15000000000000002,4,a543,a75b,True,6,spurious,-1,False
confusion_depth,depth,,3,0.15000000000000002,3,b98f,bd07,True,9,correct,3,True
confusion_depth,depth,,3,0.15000000000000002,2,b50f,ed4b,False,740,oscillated,-1,False
confusion_depth,depth,,3,0.15000000000000002,3,af47,a75b,True,21,spurious,-1,False
confusion_depth,depth,,3,0.15000000000000002,1,bd03,bd07,True,6,correct,3,True
confusion_depth,depth,,3,0.15000000000000002,4,5c07,1d07,False,740,oscillated,-1,False
confusion_depth,depth,,3,0.15000000000000002,3,9d46,bd07,True,6,correct,3,True
confusion_depth,depth,,3,0.15000000000000002,3,8d87,bf97,True,7,spurious,-1,False
confusion_depth,depth,,3,0.15000000000000002,1,bd27,bd07,True,4,correct,3,True
confusion_depth,depth,,3,0.15000000000000002,1,b507,bd07,True,7,correct,3,True
confusion_depth,depth,,3,0.15000000000000002,1,bd03,bd07,True,6,correct,3,True
confusion_depth,depth,,3,0.15000000000000002,3,ff0f,fd4b,True,16,spurious,-1,False
confusion_depth,depth,,3,0.15000000000000002,2,bd02,bd07,True,6,correct,3,True
confusion_depth,depth,,3,0.15000000000000002,3,f906,bd07,True,12,correct,3,True
confusion_depth,depth,,3,0.15000000000000002,1,ad07,bd07,True,7,correct,3,True
confusion_depth,depth,,3,0.15000000000000002,5,fd6d,fd4b,True,6,spurious,-1,False
confusion_depth,depth,,3,0.15000000000000002,1,bd27,bd07,True,4,correct,3,True
confusion_depth,depth,,3,0.15000000000000002,5,3e83,fca6,True,15,wrong_pattern,0,False
confusion_depth,depth,,3,0.15000000000000002,1,bd03,bd07,True,6,correct,3,True
confusion_depth,depth,,3,0.15000000000000002,3,3d01,3d05,False,740,oscillated,-1,False
confusion_depth,depth,,3,0.15000000000000002,1,bd87,bd07,True,9,correct,3,True
confusion_depth,depth,,3,0.15000000000000002,2,3d0f,bd07,True,6,correct,3,True
confusion_depth,depth,,3,0.15000000000000002,3,9587,bf97,True,7,spurious,-1,False
confusion_depth,depth,,3,0.15000000000000002,2,bc03,bd07,True,6,correct,3,True
confusion_depth,depth,,3,0.15000000000000002,1,bd05,bd07,True,4,correct,3,True
confusion_depth,depth,,3,0.15000000000000002,2,b107,bd07,True,7,correct,3,True
confusion_depth,depth,,3,0.15000000000000002,4,9583,a797,True,17,spurious,-1,False
confusion_depth,depth,,3,0.15000000000000002,2,bb07,bf07,False,740,oscillated,-1,False
confusion_depth,depth,,3,0.15000000000000002,4,b72f,a75b,True,21,spurious,-1,False
confusion_depth,depth,,3,0.15000000000000002,0,bd07,bd07,True,0,correct,3,True
confusion_depth,depth,,3,0.15000000000000002,2,bd45,bd07,True,6,correct,3,True
confusion_depth,depth,,3,0.15000000000000002,1,ad07,bd07,True,7,correct,3,True
confusion_depth,depth,,3,0.15000000000000002,2,b107,bd07,True,7,correct,3,True
confusion_depth,depth,,3,0.15000000000000002,1,bc07,bd07,True,4,correct,3,True
confusion_depth,depth,,3,0.15000000000000002,1,bd47,bd07,True,6,correct,3,True
confusion_depth,depth,,3,0.15000000000000002,1,bd0f,bd07,True,6,correct,3,True
confusion_depth,depth,,3,0.15000000000000002,2,b90f,bd07,True,6,correct,3,True
confusion_depth,depth,,3,0.15000000000000002,3,b543,ed4b,False,740,oscillated,-1,False
confusion_depth,depth,,3,0.15000000000000002,3,fd26,bd07,True,15,correct,3,True
confusion_depth,depth,,3,0.15000000000000002,1,bd06,bd07,True,4,correct,3,True
confusion_depth,depth,,3,0.15000000000000002,2,bd01,bd07,True,6,correct,3,True
confusion_depth,depth,,3,0.15000000000000002,2,9d27,bd07,True,4,correct,3,True
confusion_depth,depth,,0,0.2,4,38ae,78a6,False,740,oscillated,-1,False
confusion_depth,depth,,0,0.2,3,fce0,fca6,True,11,correct,0,True
confusion_depth,depth,,0,0.2,5,74a1,7ca4,False,740,oscillated,-1,False
confusion_depth,depth,,0,0.2,1,dca6,fca6,True,4,correct,0,True
confusion_depth,depth,,0,0.2,1,fcb6,fca6,True,5,correct,0,True
confusion_depth,depth,,0,0.2,3,3ea6,fca6,True,15,correct,0,True
confusion_depth,depth,,0,0.2,1,fc86,fca6,True,4,correct,0,True
confusion_depth,depth,,0,0.2,5,74b3,fca6,True,16,correct,0,True
confusion_depth,depth,,0,0.2,4,b4e2,e6fa,True,16,spurious,-1,False
confusion_depth,depth,,0,0.2,6,1dc6,5ca6,False,740,oscillated,-1,False
confusion_depth,depth,,0,0.2,3,cca7,fca6,True,7,correct,0,True
confusion_depth,depth,,0,0.2,4,e42e,e46a,True,6,spurious,-1,False
confusion_depth,depth,,0,0.2,3,f866,fc6a,True,21,spurious,-1,False
confusion_depth,depth,,0,0.2,2,dda6,fca6,True,4,correct,0,True
confusion_depth,depth,,0,0.2,2,f5a6,fca6,True,7,correct,0,True
confusion_depth,depth,,0,0.2,3,7dae,fca6,True,6,correct,0,True
confusion_depth,depth,,0,0.2,1,f8a6,fca6,True,4,correct,0,True
confusion_depth,depth,,0,0.2,3,fc97,fca6,True,7,correct,0,True
confusion_depth,depth,,0,0.2,4,9cb2,fca6,True,15,correct,0,True
confusion_depth,depth,,0,0.2,3,fc07,bd07,True,12,wrong_pattern,3,False
confusion_depth,depth,,0,0.2,2,f8a7,fca6,True,4,correct,0,True
confusion_depth,depth,,0,0.2,5,dc9a,fca6,True,11,correct,0,True
confusion_depth,depth,,0,0.2,3,aca2,a6b6,True,17,wrong_pattern,2,False
confusion_depth,depth,,0,0.2,2,fda4,fca6,True,4,correct,0,True
confusion_depth,depth,,0,0.2,4,f587,bd07,True,11,wrong_pattern,3,False
confusion_depth,depth,,0,0.2,2,fde6,fca6,True,6,correct,0,True
confusion_depth,depth,,0,0.2,9,df99,dd49,False,740,oscillated,-1,False
confusion_depth,depth,,0,0.2,3,ecb4,fca6,True,11,correct,0,True
confusion_depth,depth,,0,0.2,5,7862,786a,False,740,oscillated,-1,False
confusion_depth,depth,,0,0.2,3,fdbe,fca6,True,6,correct,0,True
confusion_depth,depth,,0,0.2,5,bda1,fca6,True,14,correct,0,True
confusion_depth,depth,,0,0.2,4,54a4,58a4,True,7,spurious,-1,False
confusion_depth,depth,,0,0.2,3,ffb6,fca6,True,5,correct,0,True
confusion_depth,depth,,0,0.2,3,feaa,fca6,True,11,correct,0,True
confusion_depth,depth,,0,0.2,2,dda6,fca6,True,4,correct,0,True
confusion_depth,depth,,0,0.2,4,f627,bd07,True,15,wrong_pattern,3,False
confusion_depth,depth,,0,0.2,6,fd1c,fd4b,True,17,spurious,-1,False
confusion_depth,depth,,0,0.2,5,4c24,58a4,True,9,spurious,-1,False
confusion_depth,depth,,0,0.2,4,5886,58a4,True,4,spurious,-1,False
confusion_depth,depth,,0,0.2,5,fa97,fca6,True,7,correct,0,True
confusion_depth,depth,,0,0.2,6,ad2c,f54b,False,740,oscillated,-1,False
confusion_depth,depth,,0,0.2,2,faa6,fca6,True,5,correct,0,True
confusion_depth,depth,,0,0.2,4,74c6,fca6,True,7,correct,0,True
confusion_depth,depth,,0,0.2,3,fca8,fca6,True,11,correct,0,True
confusion_depth,depth,,0,0.2,5,ae06,b797,False,740,oscillated,-1,False
confusion_depth,depth,,0,0.2,3,b4ae,a6b6,True,17,wrong_pattern,2,False
confusion_depth,depth,,0,0.2,2,eca7,fca6,True,7,correct,0,True
confusion_depth,depth,,0,0.2,0,fca6,fca6,True,0,correct,0,True
confusion_depth,depth,,0,0.2,5,798e,78a6,False,740,oscillated,-1,False
confusion_depth,depth,,0,0.2,0,fca6,fca6,True,0,correct,0,True
confusion_depth,depth,,0,0.2,1,fea6,fca6,True,5,correct,0,True
confusion_depth,depth,,0,0.2,4,be66,fca6,True,15,correct,0,True
confusion_depth,depth,,0,0.2,5,8c66,fc6a,True,26,spurious,-1,False
confusion_depth,depth,,0,0.2,4,7c67,fd4b,True,12,spurious,-1,False
confusion_depth,depth,,0,0.2,3,dcf6,fca6,True,6,correct,0,True
confusion_depth,depth,,0,0.2,3,bcc6,fca6,True,12,correct,0,True
confusion_depth,depth,,0,0.2,2,fcb2,fca6,True,6,correct,0,True
confusion_depth,depth,,0,0.2,1,fc86,fca6,True,4,correct,0,True
confusion_depth,depth,,0,0.2,3,faa2,fca6,True,6,correct,0,True
confusion_depth,depth,,0,0.2,3,fee2,fca6,True,11,correct,0,True
confusion_depth,depth,,0,0.2,6,ea62,fc6a,True,17,spurious,-1,False
confusion_depth,depth,,0,0.2,3,fcec,fca6,True,11,correct,0,True
confusion_depth,depth,,0,0.2,5,cea0,dca4,False,740,oscillated,-1,False
confusion_depth,depth,,0,0.2,4,9886,d8a6,False,740,oscillated,-1,False
confusion_depth,depth,,0,0.2,3,b426,fca6,True,11,correct,0,True
confusion_depth,depth,,0,0.2,7,a016,a797,True,9,spurious,-1,False
confusion_depth,depth,,0,0.2,1,fcae,fca6,True,6,correct,0,True
confusion_depth,depth,,0,0.2,3,ffa7,fca6,True,7,correct,0,True
confusion_depth,depth,,0,0.2,4,bcc2,fca6,True,14,correct,0,True
confusion_depth,depth,,0,0.2,4,78a3,78a6,False,740,oscillated,-1,False
confusion_depth,depth,,0,0.2,3,feb4,fca6,True,5,correct,0,True
confusion_depth,depth,,0,0.2,5,f7a3,fca6,True,18,correct,0,True
confusion_depth,depth,,0,0.2,8,b135,a915,False,740,oscillated,-1,False
confusion_depth,depth,,0,0.2,1,fcb6,fca6,True,5,correct,0,True
confusion_depth,depth,,0,0.2,1,fda6,fca6,True,4,correct,0,True
confusion_depth,depth,,0,0.2,4,f7e6,fca6,True,16,correct,0,True
confusion_depth,depth,,0,0.2,2,6ca6,fca6,True,7,correct,0,True
confusion_depth,depth,,0,0.2,1,fca7,fca6,True,4,correct,0,True
confusion_depth,depth,,0,0.2,3,f8f6,fca6,True,6,correct,0,True
confusion_depth,depth,,0,0.2,5,fa3e,fc6a,True,21,spurious,-1,False
confusion_depth,depth,,0,0.2,3,fc94,fca6,True,5,correct,0,True
confusion_depth,depth,,0,0.2,2,fdb6,fca6,True,5,correct,0,True
confusion_depth,depth,,0,0.2,4,9cb7,fca6,True,15,correct,0,True
confusion_depth,depth,,0,0.2,2,fc36,fca6,True,9,correct,0,True
confusion_depth,depth,,0,0.2,2,dca7,fca6,True,4,correct,0,True
confusion_depth,depth,,0,0.2,3,cca4,dca4,False,740,oscillated,-1,False
confusion_depth,depth,,0,0.2,4,f1b6,fca6,True,14,correct,0,True
confusion_depth,depth,,0,0.2,1,fc26,fca6,True,9,correct,0,True
confusion_depth,depth,,0,0.2,3,f48e,fca6,True,7,correct,0,True
confusion_depth,depth,,0,0.2,3,5c86,5ca6,False,740,oscillated,-1,False
confusion_depth,depth,,0,0.2,3,e5a6,fca6,True,7,correct,0,True
confusion_depth,depth,,0,0.2,1,fc26,fca6,True,9,correct,0,True
confusion_depth,depth,,0,0.2,5,ea36,fca6,True,15,correct,0,True
confusion_depth,depth,,0,0.2,2,fde6,fca6,True,6,correct,0,True
confusion_depth,depth,,0,0.2,2,bc26,fca6,True,11,correct,0,True
confusion_depth,depth,,0,0.2,3,be86,fca6,True,15,correct,0,True
confusion_depth,depth,,0,0.2,2,dca2,fca6,True,6,correct,0,True
confusion_depth,depth,,0,0.2,2,f5a6,fca6,True,7,correct,0,True
confusion_depth,depth,,0,0.2,3,ede6,fca6,True,7,correct,0,True
confusion_depth,depth,,0,0.2,1,fca4,fca6,True,4,correct,0,True
confusion_depth,depth,,0,0.2,5,382e,78a6,False,740,oscillated,-1,False
confusion_depth,depth,,0,0.2,3,ec84,fca6,True,7,correct,0,True
confusion_depth,depth,,0,0.2,3,dc24,dca4,False,740,oscillated,-1,False
confusion_depth,depth,,0,0.2,5,4ce4,58a4,True,7,spurious,-1,False
confusion_depth,depth,,0,0.2,2,fc87,fca6,True,7,correct,0,True
confusion_depth,depth,,0,0.2,2,eca2,fca6,True,7,correct,0,True
confusion_depth,depth,,0,0.2,4,f4ef,fca6,True,12,correct,0,True
confusion_depth,depth,,0,0.2,5,75be,fca6,True,16,correct,0,True
confusion_depth,depth,,0,0.2,6,66f6,e6fa,True,16,spurious,-1,False
confusion_depth,depth,,0,0.2,2,7c86,fca6,True,4,correct,0,True
confusion_depth,depth,,0,0.2,2,dcb6,fca6,True,5,correct,0,True
confusion_depth,depth,,0,0.2,2,fc22,fc6a,True,21,spurious,-1,False
confusion_depth,depth,,0,0.2,4,fcde,fca6,True,11,correct,0,True
confusion_depth,depth,,0,0.2,3,f526,bd07,True,15,wrong_pattern,3,False
confusion_depth,depth,,0,0.2,4,f5ac,fca6,True,7,correct,0,True
confusion_depth,depth,,0,0.2,2,f4ae,fca6,True,7,correct,0,True
confusion_depth,depth,,0,0.2,0,fca6,fca6,True,0,correct,0,True
confusion_depth,depth,,0,0.2,1,7ca6,fca6,True,4,correct,0,True
confusion_depth,depth,,0,0.2,2,fc22,fc6a,True,21,spurious,-1,False
confusion_depth,depth,,0,0.2,2,eda6,fca6,True,7,correct,0,True
confusion_depth,depth,,1,0.2,5,57d7,f97,False,740,oscillated,-1,False
confusion_depth,depth,,1,0.2,2,1385,b95,False,740,oscillated,-1,False
confusion_depth,depth,,1,0.2,4,11c5,395,True,17,spurious,-1,False
confusion_depth,depth,,1,0.2,2,bb95,bb95,False,740,oscillated,-1,False
confusion_depth,depth,,1,0.2,2,19b5,58a4,True,18,spurious,-1,False
confusion_depth,depth,,1,0.2,3,1bbc,2b4,True,7,spurious,-1,False
confusion_depth,depth,,1,0.2,4,8e95,96b4,False,740,oscillated,-1,False
confusion_depth,depth,,1,0.2,4,1711,359,True,11,spurious,-1,False
confusion_depth,depth,,1,0.2,5,4b83,1905,True,13,spurious,-1,False
confusion_depth,depth,,1,0.2,4,355,359,True,11,spurious,-1,False
confusion_depth,depth,,1,0.2,4,13b9,2b4,True,12,spurious,-1,False
confusion_depth,depth,,1,0.2,5,18d6,58a4,True,15,spurious,-1,False
confusion_depth,depth,,1,0.2,5,149d,2b4,True,17,spurious,-1,False
confusion_depth,depth,,1,0.2,2,1b87,1b05,False,740,oscillated,-1,False
confusion_depth,depth,,1,0.2,3,1bf4,2b4,True,7,spurious,-1,False
confusion_depth,depth,,1,0.2,2,1a9d,2b4,True,7,spurious,-1,False
confusion_depth,depth,,1,0.2,2,5bb5,58a4,True,7,spurious,-1,False
confusion_depth,depth,,1,0.2,2,9bb5,58a4,True,21,spurious,-1,False
confusion_depth,depth,,1,0.2,3,ba5,12b4,False,740,oscillated,-1,False
confusion_depth,depth,,1,0.2,3,1bd6,2b4,True,7,spurious,-1,False
confusion_depth,depth,,1,0.2,4,9a93,82b6,False,740,oscillated,-1,False
confusion_depth,depth,,1,0.2,6,d9dc,58a4,True,12,spurious,-1,False
confusion_depth,depth,,1,0.2,5,8bd0,2b4,True,12,spurious,-1,False
confusion_depth,depth,,1,0.2,4,9a14,1b95,True,9,correct,1,True
confusion_depth,depth,,1,0.2,4,1980,58a4,True,14,spurious,-1,False
confusion_depth,depth,,1,0.2,3,19b7,58a4,True,18,spurious,-1,False
confusion_depth,depth,,1,0.2,8,d2a9,58a4,True,21,spurious,-1,False
confusion_depth,depth,,1,0.2,2,5995,1905,True,13,spurious,-1,False
confusion_depth,depth,,1,0.2,2,9b94,58a4,True,21,spurious,-1,False
confusion_depth,depth,,1,0.2,2,1fd5,1b95,True,6,correct,1,True
confusion_depth,depth,,1,0.2,3,b995,b915,False,740,oscillated,-1,False
confusion_depth,depth,,1,0.2,4,d3b5,ab4,False,740,oscillated,-1,False
confusion_depth,depth,,1,0.2,3,198d,1905,True,9,spurious,-1,False
confusion_depth,depth,,1,0.2,5,fe5,2b4,True,17,spurious,-1,False
confusion_depth,depth,,1,0.2,2,1bbd,2b4,True,7,spurious,-1,False
confusion_depth,depth,,1,0.2,4,af5,2b4,True,7,spurious,-1,False
confusion_depth,depth,,1,0.2,0,1b95,1b95,True,0,correct,1,True
confusion_depth,depth,,1,0.2,2,5a95,58a4,True,7,spurious,-1,False
confusion_depth,depth,,1,0.2,3,13b1,2b4,True,7,spurious,-1,False
confusion_depth,depth,,1,0.2,4,5715,1905,True,13,spurious,-1,False
confusion_depth,depth,,1,0.2,2,b9d,395,True,7,spurious,-1,False
confusion_depth,depth,,1,0.2,7,9b3a,8317,False,740,oscillated,-1,False
confusion_depth,depth,,1,0.2,3,139f,395,True,7,spurious,-1,False
confusion_depth,depth,,1,0.2,1,1bd5,1b95,True,6,correct,1,True
confusion_depth,depth,,1,0.2,3,5f97,1d07,False,740,oscillated,-1,False
confusion_depth,depth,,1,0.2,3,9895,58a4,True,18,spurious,-1,False
confusion_depth,depth,,1,0.2,4,109d,2b4,True,17,spurious,-1,False
confusion_depth,depth,,1,0.2,3,8bb5,12b4,False,740,oscillated,-1,False
confusion_depth,depth,,1,0.2,2,bd5,395,True,7,spurious,-1,False
confusion_depth,depth,,1,0.2,2,1bb4,58a4,True,18,spurious,-1,False
confusion_depth,depth,,1,0.2,3,bb1,2b4,True,7,spurious,-1,False
confusion_depth,depth,,1,0.2,4,38b5,58a4,True,15,spurious,-1,False
confusion_depth,depth,,1,0.2,0,1b95,1b95,True,0,correct,1,True
confusion_depth,depth,,1,0.2,2,b85,1395,False,740,oscillated,-1,False
confusion_depth,depth,,1,0.2,1,1995,1915,False,740,oscillated,-1,False
confusion_depth,depth,,1,0.2,4,d391,b95,False,740,oscillated,-1,False
confusion_depth,depth,,1,0.2,4,92b5,ab4,False,740,oscillated,-1,False
confusion_depth,depth,,1,0.2,4,9335,b95,False,740,oscillated,-1,False
confusion_depth,depth,,1,0.2,4,3a9f,22b6,False,740,oscillated,-1,False
confusion_depth,depth,,1,0.2,2,1e95,58a4,True,21,spurious,-1,False
confusion_depth,depth,,1,0.2,4,8bf5,2b4,True,7,spurious,-1,False
confusion_depth,depth,,1,0.2,4,3e15,3f95,False,740,oscillated,-1,False
confusion_depth,depth,,1,0.2,5,1889,58a4,True,14,spurious,-1,False
confusion_depth,depth,,1,0.2,2,1d95,1915,False,740,oscillated,-1,False
confusion_depth,depth,,1,0.2,3,9195,b95,False,740,oscillated,-1,False
confusion_depth,depth,,1,0.2,5,1fdb,797,False,740,oscillated,-1,False
confusion_depth,depth,,1,0.2,3,1993,1915,False,740,oscillated,-1,False
confusion_depth,depth,,1,0.2,3,1fd7,797,False,740,oscillated,-1,False
confusion_depth,depth,,1,0.2,2,5b85,1905,True,13,spurious,-1,False
confusion_depth,depth,,1,0.2,1,1b9d,1b95,True,6,correct,1,True
confusion_depth,depth,,1,0.2,4,33d1,395,True,21,spurious,-1,False
confusion_depth,depth,,1,0.2,1,1395,b95,False,740,oscillated,-1,False
confusion_depth,depth,,1,0.2,3,9f91,8795,False,740,oscillated,-1,False
confusion_depth,depth,,1,0.2,6,21b1,2b4,True,7,spurious,-1,False
confusion_depth,depth,,1,0.2,3,1294,ab4,False,740,oscillated,-1,False
confusion_depth,depth,,1,0.2,5,1fc6,5ca6,False,740,oscillated,-1,False
confusion_depth,depth,,1,0.2,2,1f15,1b95,True,9,correct,1,True
confusion_depth,depth,,1,0.2,5,5c97,5ca6,False,740,oscillated,-1,False
confusion_depth,depth,,1,0.2,3,1b1f,395,True,14,spurious,-1,False
confusion_depth,depth,,1,0.2,5,7a90,58a4,True,6,spurious,-1,False
confusion_depth,depth,,1,0.2,7,136f,359,True,16,spurious,-1,False
confusion_depth,depth,,1,0.2,3,9b35,1b95,True,9,correct,1,True
confusion_depth,depth,,1,0.2,4,33b4,ab4,False,740,oscillated,-1,False
confusion_depth,depth,,1,0.2,6,9af3,d8a6,False,740,oscillated,-1,False
confusion_depth,depth,,1,0.2,3,bd4,2b4,True,7,spurious,-1,False
confusion_depth,depth,,1,0.2,3,1291,2b4,True,7,spurious,-1,False
confusion_depth,depth,,1,0.2,2,1b55,395,True,14,spurious,-1,False
confusion_depth,depth,,1,0.2,5,3bf9,2b4,True,7,spurious,-1,False
confusion_depth,depth,,1,0.2,3,a9d,2b4,True,7,spurious,-1,False
confusion_depth,depth,,1,0.2,5,331c,359,True,12,spurious,-1,False
confusion_depth,depth,,1,0.2,5,5bd8,4068,True,9,spurious,-1,False
confusion_depth,depth,,1,0.2,2,1b99,1b95,True,6,correct,1,True
confusion_depth,depth,,1,0.2,4,1dd1,1915,False,740,oscillated,-1,False
confusion_depth,depth,,1,0.2,2,1bb1,2b4,True,7,spurious,-1,False
confusion_depth,depth,,1,0.2,4,39dd,1915,False,740,oscillated,-1,False
confusion_depth,depth,,1,0.2,4,98d5,58a4,True,15,spurious,-1,False
confusion_depth,depth,,1,0.2,1,1b9d,1b95,True,6,correct,1,True
confusion_depth,depth,,1,0.2,3,1794,ab4,False,740,oscillated,-1,False
confusion_depth,depth,,1,0.2,5,79d4,58a4,True,7,spurious,-1,False
confusion_depth,depth,,1,0.2,2,1bb4,58a4,True,18,spurious,-1,False
confusion_depth,depth,,1,0.2,3,3bb1,2b4,True,7,spurious,-1,False
confusion_depth,depth,,1,0.2,2,1385,b95,False,740,oscillated,-1,False
confusion_depth,depth,,1,0.2,3,b995,b915,False,740,oscillated,-1,False
confusion_depth,depth,,1,0.2,5,a1f,359,True,12,spurious,-1,False
confusion_depth,depth,,1,0.2,2,1ad5,2b4,True,7,spurious,-1,False
confusion_depth,depth,,1,0.2,5,bb5d,a359,False,740,oscillated,-1,False
confusion_depth,depth,,1,0.2,3,1f90,2b4,True,7,spurious,-1,False
confusion_depth,depth,,1,0.2,0,1b95,1b95,True,0,correct,1,True
confusion_depth,depth,,1,0.2,2,3f95,3f95,False,740,oscillated,-1,False
confusion_depth,depth,,1,0.2,4,16d5,2b4,True,7,spurious,-1,False
confusion_depth,depth,,1,0.2,2,1985,1905,True,9,spurious,-1,False
confusion_depth,depth,,1,0.2,4,1be4,58a4,True,15,spurious,-1,False
confusion_depth,depth,,1,0.2,4,3fd4,26b4,False,740,oscillated,-1,False
confusion_depth,depth,,1,0.2,1,1b9d,1b95,True,6,correct,1,True
confusion_depth,depth,,1,0.2,2,9995,1915,False,740,oscillated,-1,False
confusion_depth,depth,,1,0.2,3,8995,1395,False,740,oscillated,-1,False
confusion_depth,depth,,1,0.2,3,4a95,12b4,False,740,oscillated,-1,False
confusion_depth,depth,,1,0.2,1,3b95,1b95,True,4,correct,1,True
confusion_depth,depth,,1,0.2,1,9b95,1b95,True,4,correct,1,True
confusion_depth,depth,,1,0.2,4,1ff1,2b4,True,7,spurious,-1,False
confusion_depth,depth,,2,0.2,1,a2b6,a6b6,True,4,correct,2,True
confusion_depth,depth,,2,0.2,8,6f20,3d05,False,740,oscillated,-1,False
confusion_depth,depth,,2,0.2,4,ae9a,a6b6,True,17,correct,2,True
confusion_depth,depth,,2,0.2,2,a236,a6b6,True,9,correct,2,True
confusion_depth,depth,,2,0.2,3,aef7,a6b6,True,7,correct,2,True
confusion_depth,depth,,2,0.2,7,37d3,a797,True,21,spurious,-1,False
confusion_depth,depth,,2,0.2,1,a7b6,a6b6,True,4,correct,2,True
confusion_depth,depth,,2,0.2,4,90b6,8ab6,False,740,oscillated,-1,False
confusion_depth,depth,,2,0.2,0,a6b6,a6b6,True,0,correct,2,True
confusion_depth,depth,,2,0.2,2,a697,a6b6,True,7,correct,2,True
confusion_depth,depth,,2,0.2,7,83d3,83db,False,740,oscillated,-1,False
confusion_depth,depth,,2,0.2,2,a632,e6fa,True,21,spurious,-1,False
confusion_depth,depth,,2,0.2,3,a677,a75b,True,16,spurious,-1,False
confusion_depth,depth,,2,0.2,5,cfb7,b6b6,False,740,oscillated,-1,False
confusion_depth,depth,,2,0.2,5,2316,2397,False,740,oscillated,-1,False
confusion_depth,depth,,2,0.2,4,e7d6,e6fa,True,17,spurious,-1,False
confusion_depth,depth,,2,0.2,2,8696,a6b6,True,4,correct,2,True
confusion_depth,depth,,2,0.2,3,aeae,a6b6,True,17,correct,2,True
confusion_depth,depth,,2,0.2,3,34b6,aeb6,False,740,oscillated,-1,False
confusion_depth,depth,,2,0.2,3,aea2,a6b6,True,17,correct,2,True
confusion_depth,depth,,2,0.2,2,e6b4,a6b6,True,11,correct,2,True
confusion_depth,depth,,2,0.2,3,86f2,a6b6,True,16,correct,2,True
confusion_depth,depth,,2,0.2,3,b736,af97,False,740,oscillated,-1,False
confusion_depth,depth,,2,0.2,2,a796,a6b6,True,7,correct,2,True
confusion_depth,depth,,2,0.2,6,f6ea,eeea,False,740,oscillated,-1,False
confusion_depth,depth,,2,0.2,2,a6d6,a6b6,True,6,correct,2,True
confusion_depth,depth,,2,0.2,3,b692,a6b6,True,7,correct,2,True
confusion_depth,depth,,2,0.2,5,2bf,2b4,True,6,spurious,-1,False
confusion_depth,depth,,2,0.2,4,96a4,8eb4,False,740,oscillated,-1,False
confusion_depth,depth,,2,0.2,4,a3ae,a6b6,True,6,correct,2,True
confusion_depth,depth,,2,0.2,3,4b6,6b6,False,740,oscillated,-1,False
confusion_depth,depth,,2,0.2,2,8636,a6b6,True,9,correct,2,True
confusion_depth,depth,,2,0.2,3,a63f,a75b,True,16,spurious,-1,False
confusion_depth,depth,,2,0.2,3,26f2,a6b6,True,16,correct,2,True
confusion_depth,depth,,2,0.2,3,b6a4,aeb6,False,740,oscillated,-1,False
confusion_depth,depth,,2,0.2,6,94ff,e6fa,True,16,spurious,-1,False
confusion_depth,depth,,2,0.2,4,a6f1,a6b6,True,11,correct,2,True
confusion_depth,depth,,2,0.2,1,a2b6,a6b6,True,4,correct,2,True
confusion_depth,depth,,2,0.2,4,36b5,2eb4,False,740,oscillated,-1,False
confusion_depth,depth,,2,0.2,2,ae96,b6b6,False,740,oscillated,-1,False
confusion_depth,depth,,2,0.2,6,42a2,42e8,False,740,oscillated,-1,False
confusion_depth,depth,,2,0.2,6,a1d2,a6b6,True,13,correct,2,True
confusion_depth,depth,,2,0.2,5,eea3,fca6,True,16,wrong_pattern,0,False
confusion_depth,depth,,2,0.2,5,ffbe,fca6,True,6,wrong_pattern,0,False
confusion_depth,depth,,2,0.2,4,a3ae,a6b6,True,6,correct,2,True
confusion_depth,depth,,2,0.2,4,692,6b6,False,740,oscillated,-1,False
confusion_depth,depth,,2,0.2,3,a6de,a6b6,True,11,correct,2,True
confusion_depth,depth,,2,0.2,4,22f4,2b4,True,6,spurious,-1,False
confusion_depth,depth,,2,0.2,4,b63c,e6fa,True,16,spurious,-1,False
confusion_depth,depth,,2,0.2,1,a6f6,a6b6,True,6,correct,2,True
confusion_depth,depth,,2,0.2,3,e796,a6b6,True,11,correct,2,True
confusion_depth,depth,,2,0.2,5,21b4,2b4,True,5,spurious,-1,False
confusion_depth,depth,,2,0.2,2,aebe,a6b6,True,7,correct,2,True
confusion_depth,depth,,2,0.2,4,6a7,6b6,False,740,oscillated,-1,False
confusion_depth,depth,,2,0.2,1,a6b7,a6b6,True,4,correct,2,True
confusion_depth,depth,,2,0.2,1,a2b6,a6b6,True,4,correct,2,True
confusion_depth,depth,,2,0.2,4,b2b5,aab4,False,740,oscillated,-1,False
confusion_depth,depth,,2,0.2,4,eeba,b6b6,False,740,oscillated,-1,False
confusion_depth,depth,,2,0.2,2,a6b0,a6b6,True,6,correct,2,True
confusion_depth,depth,,2,0.2,3,8e96,b6b6,False,740,oscillated,-1,False
confusion_depth,depth,,2,0.2,1,aeb6,b6b6,False,740,oscillated,-1,False
confusion_depth,depth,,2,0.2,4,aec6,a6b6,True,17,correct,2,True
confusion_depth,depth,,2,0.2,5,32f4,2b4,True,7,spurious,-1,False
confusion_depth,depth,,2,0.2,1,aeb6,b6b6,False,740,oscillated,-1,False
confusion_depth,depth,,2,0.2,4,3634,2eb4,False,740,oscillated,-1,False
confusion_depth,depth,,2,0.2,2,b6b7,aeb6,False,740,oscillated,-1,False
confusion_depth,depth,,2,0.2,1,a4b6,a6b6,True,5,correct,2,True
confusion_depth,depth,,2,0.2,1,a636,a6b6,True,9,correct,2,True
confusion_depth,depth,,2,0.2,3,23b6,22b6,False,740,oscillated,-1,False
confusion_depth,depth,,2,0.2,3,acb2,a6b6,True,17,correct,2,True
confusion_depth,depth,,2,0.2,1,a696,a6b6,True,4,correct,2,True
confusion_depth,depth,,2,0.2,1,e6b6,a6b6,True,11,correct,2,True
confusion_depth,depth,,2,0.2,4,e7b5,a6b6,True,11,correct,2,True
confusion_depth,depth,,2,0.2,4,9694,8eb4,False,740,oscillated,-1,False
confusion_depth,depth,,2,0.2,4,b2bc,a2b4,False,740,oscillated,-1,False
confusion_depth,depth,,2,0.2,2,87b6,a6b6,True,4,correct,2,True
confusion_depth,depth,,2,0.2,4,9236,8ab6,False,740,oscillated,-1,False
confusion_depth,depth,,2,0.2,6,9ff4,dca4,False,740,oscillated,-1,False
confusion_depth,depth,,2,0.2,1,a6b7,a6b6,True,4,correct,2,True
confusion_depth,depth,,2,0.2,5,3ab7,78a6,False,740,oscillated,-1,False
confusion_depth,depth,,2,0.2,1,a7b6,a6b6,True,4,correct,2,True
confusion_depth,depth,,2,0.2,3,aef2,a6b6,True,17,correct,2,True
confusion_depth,depth,,2,0.2,3,a674,e6fa,True,21,spurious,-1,False
confusion_depth,depth,,2,0.2,7,80ea,c2fa,False,740,oscillated,-1,False
confusion_depth,depth,,2,0.2,7,b22d,a359,False,740,oscillated,-1,False
confusion_depth,depth,,2,0.2,4,a8b7,b6b6,False,740,oscillated,-1,False
confusion_depth,depth,,2,0.2,3,a6f0,a6b6,True,16,correct,2,True
confusion_depth,depth,,2,0.2,6,74f4,7ca4,False,740,oscillated,-1,False
confusion_depth,depth,,2,0.2,4,a3a7,a6b6,True,7,correct,2,True
confusion_depth,depth,,2,0.2,3,a6a5,a6b6,True,5,correct,2,True
confusion_depth,depth,,2,0.2,2,a736,a797,True,9,spurious,-1,False
confusion_depth,depth,,2,0.2,4,56b6,eb6,False,740,oscillated,-1,False
confusion_depth,depth,,2,0.2,3,a6d4,a6b6,True,6,correct,2,True
confusion_depth,depth,,2,0.2,4,a0d6,a6b6,True,6,correct,2,True
confusion_depth,depth,,2,0.2,1,a6f6,a6b6,True,6,correct,2,True
confusion_depth,depth,,2,0.2,3,b4f6,a6b6,True,17,correct,2,True
confusion_depth,depth,,2,0.2,2,a2b2,a6b6,True,6,correct,2,True
confusion_depth,depth,,2,0.2,2,eeb6,b6b6,False,740,oscillated,-1,False
confusion_depth,depth,,2,0.2,4,a6a1,a6b6,True,6,correct,2,True
confusion_depth,depth,,2,0.2,4,829e,82b6,False,740,oscillated,-1,False
confusion_depth,depth,,2,0.2,5,80ae,82b6,False,740,oscillated,-1,False
confusion_depth,depth,,2,0.2,2,a4b4,a6b6,True,5,correct,2,True
confusion_depth,depth,,2,0.2,2,e636,e6fa,True,9,spurious,-1,False
confusion_depth,depth,,2,0.2,6,7cb4,7ca4,False,740,oscillated,-1,False
confusion_depth,depth,,2,0.2,4,af97,b797,False,740,oscillated,-1,False
confusion_depth,depth,,2,0.2,3,86b5,86b4,False,740,oscillated,-1,False
confusion_depth,depth,,2,0.2,6,a0fb,e6fa,True,13,spurious,-1,False
confusion_depth,depth,,2,0.2,3,26a7,a6b6,True,5,correct,2,True
confusion_depth,depth,,2,0.2,3,a234,a2b4,False,740,oscillated,-1,False
confusion_depth,depth,,2,0.2,3,e2be,e6fa,True,16,spurious,-1,False
confusion_depth,depth,,2,0.2,2,a3b6,a6b6,True,4,correct,2,True
confusion_depth,depth,,2,0.2,3,2616,a797,True,9,spurious,-1,False
confusion_depth,depth,,2,0.2,3,be36,fca6,True,23,wrong_pattern,0,False
confusion_depth,depth,,2,0.2,2,a2a6,a6b6,True,5,correct,2,True
confusion_depth,depth,,2,0.2,1,e6b6,a6b6,True,11,correct,2,True
confusion_depth,depth,,2,0.2,4,2286,22b6,False,740,oscillated,-1,False
confusion_depth,depth,,2,0.2,2,a796,a6b6,True,7,correct,2,True
confusion_depth,depth,,2,0.2,1,aeb6,b6b6,False,740,oscillated,-1,False
confusion_depth,depth,,2,0.2,3,a797,a797,True,0,spurious,-1,False
confusion_depth,depth,,2,0.2,3,a2f2,a6b6,True,16,correct,2,True
confusion_depth,depth,,3,0.2,4,b98e,fca6,True,14,wrong_pattern,0,False
confusion_depth,depth,,3,0.2,2,3f07,bf07,False,740,oscillated,-1,False
confusion_depth,depth,,3,0.2,4,3007,3907,False,740,oscillated,-1,False
confusion_depth,depth,,3,0.2,3,8d05,9d05,False,740,oscillated,-1,False
confusion_depth,depth,,3,0.2,5,8f86,b6b6,False,740,oscillated,-1,False
confusion_depth,depth,,3,0.2,3,bd09,bd07,True,16,correct,3,True
confusion_depth,depth,,3,0.2,4,fd84,fca6,True,7,wrong_pattern,0,False
confusion_depth,depth,,3,0.2,4,fc0d,fd4b,True,11,spurious,-1,False
confusion_depth,depth,,3,0.2,4,b443,ed4b,False,740,oscillated,-1,False
confusion_depth,depth,,3,0.2,4,2d13,a75b,True,21,spurious,-1,False
confusion_depth,depth,,3,0.2,3,bd09,bd07,True,16,correct,3,True
confusion_depth,depth,,3,0.2,5,ff81,bd07,True,11,correct,3,True
confusion_depth,depth,,3,0.2,4,6d27,bd07,True,12,correct,3,True
confusion_depth,depth,,3,0.2,2,bd0e,bd07,True,6,correct,3,True
confusion_depth,depth,,3,0.2,2,3d03,bd07,True,6,correct,3,True
confusion_depth,depth,,3,0.2,7,b3ae,a6b6,True,17,wrong_pattern,2,False
confusion_depth,depth,,3,0.2,5,f953,fd4b,True,6,spurious,-1,False
confusion_depth,depth,,3,0.2,3,a547,a75b,True,11,spurious,-1,False
confusion_depth,depth,,3,0.2,4,f546,fd4b,True,17,spurious,-1,False
confusion_depth,depth,,3,0.2,1,bd27,bd07,True,4,correct,3,True
confusion_depth,depth,,3,0.2,5,b046,ed4b,False,740,oscillated,-1,False
confusion_depth,depth,,3,0.2,1,bf07,bf07,False,740,oscillated,-1,False
confusion_depth,depth,,3,0.2,2,bd45,bd07,True,6,correct,3,True
confusion_depth,depth,,3,0.2,3,9905,1905,True,4,spurious,-1,False
confusion_depth,depth,,3,0.2,4,b5af,a6b6,True,17,wrong_pattern,2,False
confusion_depth,depth,,3,0.2,3,ad0e,f54b,False,740,oscillated,-1,False
confusion_depth,depth,,3,0.2,4,1d8f,1d07,False,740,oscillated,-1,False
confusion_depth,depth,,3,0.2,3,ff05,bd07,True,13,correct,3,True
confusion_depth,depth,,3,0.2,2,3d0f,bd07,True,6,correct,3,True
confusion_depth,depth,,3,0.2,5,39d7,3917,False,740,oscillated,-1,False
confusion_depth,depth,,3,0.2,2,bf05,bf07,False,740,oscillated,-1,False
confusion_depth,depth,,3,0.2,5,3c55,3d15,False,740,oscillated,-1,False
confusion_depth,depth,,3,0.2,2,bd0d,bd07,True,6,correct,3,True
confusion_depth,depth,,3,0.2,5,d5c7,bd07,True,11,correct,3,True
confusion_depth,depth,,3,0.2,2,bd8f,bd07,True,9,correct,3,True
confusion_depth,depth,,3,0.2,1,bd87,bd07,True,9,correct,3,True
confusion_depth,depth,,3,0.2,6,bdec,fca6,True,14,wrong_pattern,0,False
confusion_depth,depth,,3,0.2,3,3c17,bd17,False,740,oscillated,-1,False
confusion_depth,depth,,3,0.2,2,9d03,bd07,True,6,correct,3,True
confusion_depth,depth,,3,0.2,5,8557,a75b,True,11,spurious,-1,False
confusion_depth,depth,,3,0.2,2,bd37,bd17,False,740,oscillated,-1,False
confusion_depth,depth,,3,0.2,4,350e,ed4b,False,740,oscillated,-1,False
confusion_depth,depth,,3,0.2,5,d50e,fd4b,True,17,spurious,-1,False
confusion_depth,depth,,3,0.2,3,bf25,bf07,False,740,oscillated,-1,False
confusion_depth,depth,,3,0.2,2,bc17,bd17,False,740,oscillated,-1,False
confusion_depth,depth,,3,0.2,4,3957,3917,False,740,oscillated,-1,False
confusion_depth,depth,,3,0.2,3,a506,bf97,True,13,spurious,-1,False
confusion_depth,depth,,3,0.2,2,bd02,bd07,True,6,correct,3,True
confusion_depth,depth,,3,0.2,4,fb06,bd07,True,13,correct,3,True
confusion_depth,depth,,3,0.2,5,b08f,a6b6,True,17,wrong_pattern,2,False
confusion_depth,depth,,3,0.2,6,b009,e949,False,740,oscillated,-1,False
confusion_depth,depth,,3,0.2,2,af07,b707,False,740,oscillated,-1,False
confusion_depth,depth,,3,0.2,3,3407,bd07,True,7,correct,3,True
confusion_depth,depth,,3,0.2,5,b554,a75b,True,21,spurious,-1,False
confusion_depth,depth,,3,0.2,1,bd47,bd07,True,6,correct,3,True
confusion_depth,depth,,3,0.2,3,a903,f54b,False,740,oscillated,-1,False
confusion_depth,depth,,3,0.2,2,bd25,bd07,True,4,correct,3,True
confusion_depth,depth,,3,0.2,2,bc17,bd17,False,740,oscillated,-1,False
confusion_depth,depth,,3,0.2,4,8f87,b797,False,740,oscillated,-1,False
confusion_depth,depth,,3,0.2,3,fd85,bd07,True,11,correct,3,True
confusion_depth,depth,,3,0.2,2,bd67,bd07,True,6,correct,3,True
confusion_depth,depth,,3,0.2,4,bd19,bd17,False,740,oscillated,-1,False
confusion_depth,depth,,3,0.2,1,bd06,bd07,True,4,correct,3,True
confusion_depth,depth,,3,0.2,6,354a,ed4b,False,740,oscillated,-1,False
confusion_depth,depth,,3,0.2,1,ad07,bd07,True,7,correct,3,True
confusion_depth,depth,,3,0.2,6,ab84,b2b4,False,740,oscillated,-1,False
confusion_depth,depth,,3,0.2,1,3d07,bd07,True,4,correct,3,True
confusion_depth,depth,,3,0.2,6,6c46,fd4b,True,12,spurious,-1,False
confusion_depth,depth,,3,0.2,5,b931,b915,False,740,oscillated,-1,False
confusion_depth,depth,,3,0.2,1,bd87,bd07,True,9,correct,3,True
confusion_depth,depth,,3,0.2,7,2086,78a6,False,740,oscillated,-1,False
confusion_depth,depth,,3,0.2,8,e20d,a359,False,740,oscillated,-1,False
confusion_depth,depth,,3,0.2,4,b701,a75b,True,21,spurious,-1,False
confusion_depth,depth,,3,0.2,4,8d46,f54b,False,740,oscillated,-1,False
confusion_depth,depth,,3,0.2,3,9d01,9d05,False,740,oscillated,-1,False
confusion_depth,depth,,3,0.2,5,8f16,b797,False,740,oscillated,-1,False
confusion_depth,depth,,3,0.2,6,2c1b,a75b,True,16,spurious,-1,False
confusion_depth,depth,,3,0.2,5,b433,a75b,True,17,spurious,-1,False
confusion_depth,depth,,3,0.2,4,3827,3907,False,740,oscillated,-1,False
confusion_depth,depth,,3,0.2,2,b906,bd07,True,4,correct,3,True
confusion_depth,depth,,3,0.2,2,bd46,bd07,True,6,correct,3,True
confusion_depth,depth,,3,0.2,5,d706,bd07,True,13,correct,3,True
confusion_depth,depth,,3,0.2,5,af55,a75b,True,11,spurious,-1,False
confusion_depth,depth,,3,0.2,4,7c47,fd4b,True,11,spurious,-1,False
confusion_depth,depth,,3,0.2,4,7987,3907,False,740,oscillated,-1,False
confusion_depth,depth,,3,0.2,4,9106,9907,False,740,oscillated,-1,False
confusion_depth,depth,,3,0.2,3,bd1e,bd17,False,740,oscillated,-1,False
confusion_depth,depth,,3,0.2,1,3d07,bd07,True,4,correct,3,True
confusion_depth,depth,,3,0.2,3,9503,ed4b,False,740,oscillated,-1,False
confusion_depth,depth,,3,0.2,1,bd05,bd07,True,4,correct,3,True
confusion_depth,depth,,3,0.2,5,1c23,1d07,False,740,oscillated,-1,False
confusion_depth,depth,,3,0.2,2,f507,bd07,True,11,correct,3,True
confusion_depth,depth,,3,0.2,3,9f06,bf07,False,740,oscillated,-1,False
confusion_depth,depth,,3,0.2,2,f907,bd07,True,11,correct,3,True
confusion_depth,depth,,3,0.2,2,bc0f,bd07,True,6,correct,3,True
confusion_depth,depth,,3,0.2,1,bd05,bd07,True,4,correct,3,True
confusion_depth,depth,,3,0.2,2,bd0b,bd07,True,16,correct,3,True
confusion_depth,depth,,3,0.2,5,9d64,9d05,False,740,oscillated,-1,False
confusion_depth,depth,,3,0.2,4,ad0a,f54b,False,740,oscillated,-1,False
confusion_depth,depth,,3,0.2,4,ab17,b797,False,740,oscillated,-1,False
confusion_depth,depth,,3,0.2,7,2eaf,a6b6,True,17,wrong_pattern,2,False
confusion_depth,depth,,3,0.2,5,392b,3907,False,740,oscillated,-1,False
confusion_depth,depth,,3,0.2,2,b903,bd07,True,6,correct,3,True
confusion_depth,depth,,3,0.2,2,fd06,bd07,True,12,correct,3,True
confusion_depth,depth,,3,0.2,2,bd46,bd07,True,6,correct,3,True
confusion_depth,depth,,3,0.2,5,ef86,fca6,True,17,wrong_pattern,0,False
confusion_depth,depth,,3,0.2,3,9c47,bd07,True,6,correct,3,True
confusion_depth,depth,,3,0.2,3,1507,1d07,False,740,oscillated,-1,False
confusion_depth,depth,,3,0.2,5,9b57,8397,False,740,oscillated,-1,False
confusion_depth,depth,,3,0.2,4,ef03,fd4b,True,21,spurious,-1,False
confusion_depth,depth,,3,0.2,4,b82f,bd07,True,7,correct,3,True
confusion_depth,depth,,3,0.2,1,b907,bd07,True,4,correct,3,True
confusion_depth,depth,,3,0.2,2,b505,bd07,True,7,correct,3,True
confusion_depth,depth,,3,0.2,1,3d07,bd07,True,4,correct,3,True
confusion_depth,depth,,3,0.2,3,7d06,bd07,True,12,correct,3,True
confusion_depth,depth,,3,0.2,3,b817,bd17,False,740,oscillated,-1,False
confusion_depth,depth,,3,0.2,2,fd17,bd07,True,13,correct,3,True
confusion_depth,depth,,3,0.2,7,f665,bd07,True,17,correct,3,True
confusion_depth,depth,,3,0.2,4,2d46,f54b,False,740,oscillated,-1,False
confusion_depth,depth,,3,0.2,4,9d56,bd17,False,740,oscillated,-1,False
confusion_depth,depth,,0,0.25,5,dc95,dca4,False,740,oscillated,-1,False
confusion_depth,depth,,0,0.25,5,e4b3,e6fa,True,15,spurious,-1,False
confusion_depth,depth,,0,0.25,3,5cb6,5ca6,False,740,oscillated,-1,False
confusion_depth,depth,,0,0.25,1,fcae,fca6,True,6,correct,0,True
confusion_depth,depth,,0,0.25,3,d8ae,d8a6,False,740,oscillated,-1,False
confusion_depth,depth,,0,0.25,3,dd86,fca6,True,7,correct,0,True
confusion_depth,depth,,0,0.25,4,bef6,a6b6,True,7,wrong_pattern,2,False
confusion_depth,depth,,0,0.25,3,fc67,fd4b,True,12,spurious,-1,False
confusion_depth,depth,,0,0.25,2,fda7,fca6,True,7,correct,0,True
confusion_depth,depth,,0,0.25,4,fe2c,fc6a,True,21,spurious,-1,False
confusion_depth,depth,,0,0.25,5,f025,b905,False,740,oscillated,-1,False
confusion_depth,depth,,0,0.25,4,6c24,7ca4,False,740,oscillated,-1,False
confusion_depth,depth,,0,0.25,3,dcb4,dca4,False,740,oscillated,-1,False
confusion_depth,depth,,0,0.25,5,7fa3,fca6,True,7,correct,0,True
confusion_depth,depth,,0,0.25,5,bc14,bd17,False,740,oscillated,-1,False
confusion_depth,depth,,0,0.25,3,f896,fca6,True,5,correct,0,True
confusion_depth,depth,,0,0.25,6,f1ea,ec6a,False,740,oscillated,-1,False
confusion_depth,depth,,0,0.25,5,e6f6,e6fa,True,16,spurious,-1,False
confusion_depth,depth,,0,0.25,1,fcb6,fca6,True,5,correct,0,True
confusion_depth,depth,,0,0.25,2,f486,fca6,True,7,correct,0,True
confusion_depth,depth,,0,0.25,2,cca6,fca6,True,7,correct,0,True
confusion_depth,depth,,0,0.25,7,1c9f,5ca6,False,740,oscillated,-1,False
confusion_depth,depth,,0,0.25,1,fea6,fca6,True,5,correct,0,True
confusion_depth,depth,,0,0.25,4,b0a7,fca6,True,23,correct,0,True
confusion_depth,depth,,0,0.25,5,14b6,eb6,False,740,oscillated,-1,False
confusion_depth,depth,,0,0.25,3,79a6,78a6,False,740,oscillated,-1,False
confusion_depth,depth,,0,0.25,4,7aa4,58a4,True,5,spurious,-1,False
confusion_depth,depth,,0,0.25,3,fc3e,fc6a,True,21,spurious,-1,False
confusion_depth,depth,,0,0.25,4,dc02,fd4b,True,12,spurious,-1,False
confusion_depth,depth,,0,0.25,5,f937,bd07,True,13,wrong_pattern,3,False
confusion_depth,depth,,0,0.25,2,f826,fca6,True,9,correct,0,True
confusion_depth,depth,,0,0.25,5,ac67,f54b,False,740,oscillated,-1,False
confusion_depth,depth,,0,0.25,3,fae6,fca6,True,6,correct,0,True
confusion_depth,depth,,0,0.25,4,feef,fca6,True,11,correct,0,True
confusion_depth,depth,,0,0.25,5,6926,3907,False,740,oscillated,-1,False
confusion_depth,depth,,0,0.25,3,aca4,fca6,True,23,correct,0,True
confusion_depth,depth,,0,0.25,1,f4a6,fca6,True,7,correct,0,True
confusion_depth,depth,,0,0.25,4,d5a4,dca4,False,740,oscillated,-1,False
confusion_depth,depth,,0,0.25,2,7c26,fca6,True,9,correct,0,True
confusion_depth,depth,,0,0.25,2,7ca4,7ca4,False,740,oscillated,-1,False
confusion_depth,depth,,0,0.25,3,68a6,78a6,False,740,oscillated,-1,False
confusion_depth,depth,,0,0.25,4,ccb2,fca6,True,16,correct,0,True
confusion_depth,depth,,0,0.25,7,28b0,2b4,True,17,spurious,-1,False
confusion_depth,depth,,0,0.25,4,79a4,58a4,True,4,spurious,-1,False
confusion_depth,depth,,0,0.25,5,eba4,f8a4,False,740,oscillated,-1,False
confusion_depth,depth,,0,0.25,4,bcec,fca6,True,14,correct,0,True
confusion_depth,depth,,0,0.25,4,f42f,fd4b,True,12,spurious,-1,False
confusion_depth,depth,,0,0.25,4,d0ae,d8a6,False,740,oscillated,-1,False
confusion_depth,depth,,0,0.25,4,d6ae,fca6,True,16,correct,0,True
confusion_depth,depth,,0,0.25,4,3cf6,fca6,True,15,correct,0,True
confusion_depth,depth,,0,0.25,3,d0a6,d8a6,False,740,oscillated,-1,False
confusion_depth,depth,,0,0.25,5,ec0c,fd4b,True,12,spurious,-1,False
confusion_depth,depth,,0,0.25,2,fcaa,fca6,True,11,correct,0,True
confusion_depth,depth,,0,0.25,6,e49f,e6fa,True,16,spurious,-1,False
confusion_depth,depth,,0,0.25,5,4486,5ca6,False,740,oscillated,-1,False
confusion_depth,depth,,0,0.25,5,f69e,aeb6,False,740,oscillated,-1,False
confusion_depth,depth,,0,0.25,0,fca6,fca6,True,0,correct,0,True
confusion_depth,depth,,0,0.25,5,cef6,b6b6,False,740,oscillated,-1,False
confusion_depth,depth,,0,0.25,2,fcb7,fca6,True,5,correct,0,True
confusion_depth,depth,,0,0.25,4,7db4,7ca4,False,740,oscillated,-1,False
confusion_depth,depth,,0,0.25,4,f08e,fca6,True,7,correct,0,True
confusion_depth,depth,,0,0.25,2,fc06,bd07,True,15,wrong_pattern,3,False
confusion_depth,depth,,0,0.25,3,f6a4,fca6,True,11,correct,0,True
confusion_depth,depth,,0,0.25,3,ecc6,fca6,True,7,correct,0,True
confusion_depth,depth,,0,0.25,8,2f9e,a6b6,True,7,wrong_pattern,2,False
confusion_depth,depth,,0,0.25,6,9cd7,fca6,True,15,correct,0,True
confusion_depth,depth,,0,0.25,5,ddab,fca6,True,16,correct,0,True
confusion_depth,depth,,0,0.25,5,8ce2,e6fa,True,16,spurious,-1,False
confusion_depth,depth,,0,0.25,4,dc2a,fc6a,True,6,spurious,-1,False
confusion_depth,depth,,0,0.25,5,a7a6,a6b6,True,5,wrong_pattern,2,False
confusion_depth,depth,,0,0.25,2,fcb7,fca6,True,5,correct,0,True
confusion_depth,depth,,0,0.25,8,4a23,1905,True,17,spurious,-1,False
confusion_depth,depth,,0,0.25,7,300e,694b,False,740,oscillated,-1,False
confusion_depth,depth,,0,0.25,5,f9f2,fca6,True,11,correct,0,True
confusion_depth,depth,,0,0.25,4,fdc2,fca6,True,16,correct,0,True
confusion_depth,depth,,0,0.25,5,3c2a,fca6,True,14,correct,0,True
confusion_depth,depth,,0,0.25,5,ff8f,bd07,True,11,wrong_pattern,3,False
confusion_depth,depth,,0,0.25,3,7eb6,fca6,True,5,correct,0,True
confusion_depth,depth,,0,0.25,4,7cf2,fca6,True,11,correct,0,True
confusion_depth,depth,,0,0.25,7,5847,5949,True,11,spurious,-1,False
confusion_depth,depth,,0,0.25,4,94e6,a6b6,True,17,wrong_pattern,2,False
confusion_depth,depth,,0,0.25,1,fcb6,fca6,True,5,correct,0,True
confusion_depth,depth,,0,0.25,3,f0a7,fca6,True,7,correct,0,True
confusion_depth,depth,,0,0.25,2,7c26,fca6,True,9,correct,0,True
confusion_depth,depth,,0,0.25,8,dd41,dd49,False,740,oscillated,-1,False
confusion_depth,depth,,0,0.25,3,fce0,fca6,True,11,correct,0,True
confusion_depth,depth,,0,0.25,4,3c27,bd07,True,7,wrong_pattern,3,False
confusion_depth,depth,,0,0.25,2,fca0,fca6,True,6,correct,0,True
confusion_depth,depth,,0,0.25,3,fa86,fca6,True,5,correct,0,True
confusion_depth,depth,,0,0.25,7,e327,fd4b,True,19,spurious,-1,False
confusion_depth,depth,,0,0.25,6,9ae7,d8a6,False,740,oscillated,-1,False
confusion_depth,depth,,0,0.25,3,dcaf,fca6,True,6,correct,0,True
confusion_depth,depth,,0,0.25,3,ec06,bd07,True,15,wrong_pattern,3,False
confusion_depth,depth,,0,0.25,3,ede6,fca6,True,7,correct,0,True
confusion_depth,depth,,0,0.25,5,88a7,d8a6,False,740,oscillated,-1,False
confusion_depth,depth,,0,0.25,3,fc16,bd07,True,15,wrong_pattern,3,False
confusion_depth,depth,,0,0.25,6,9804,1905,True,7,spurious,-1,False
confusion_depth,depth,,0,0.25,5,bdce,fca6,True,14,correct,0,True
confusion_depth,depth,,0,0.25,5,7834,58a4,True,9,spurious,-1,False
confusion_depth,depth,,0,0.25,6,bc0b,bd07,True,16,wrong_pattern,3,False
confusion_depth,depth,,0,0.25,2,dca4,dca4,False,740,oscillated,-1,False
confusion_depth,depth,,0,0.25,2,fca3,fca6,True,6,correct,0,True
confusion_depth,depth,,0,0.25,9,a1,2b4,True,6,spurious,-1,False
confusion_depth,depth,,0,0.25,3,d4a2,fca6,True,7,correct,0,True
confusion_depth,depth,,0,0.25,6,f180,f8a4,False,740,oscillated,-1,False
confusion_depth,depth,,0,0.25,6,5cca,5c6a,False,740,oscillated,-1,False
confusion_depth,depth,,0,0.25,5,b982,fca6,True,14,correct,0,True
confusion_depth,depth,,0,0.25,0,fca6,fca6,True,0,correct,0,True
confusion_depth,depth,,0,0.25,5,7d20,7d49,False,740,oscillated,-1,False
confusion_depth,depth,,0,0.25,6,c606,fd4b,True,19,spurious,-1,False
confusion_depth,depth,,0,0.25,7,5296,ab4,False,740,oscillated,-1,False
confusion_depth,depth,,0,0.25,2,f426,fca6,True,9,correct,0,True
confusion_depth,depth,,0,0.25,4,ee24,fca6,True,9,correct,0,True
confusion_depth,depth,,0,0.25,1,fca4,fca6,True,4,correct,0,True
confusion_depth,depth,,0,0.25,3,dc8e,fca6,True,6,correct,0,True
confusion_depth,depth,,0,0.25,3,5ca4,58a4,True,4,spurious,-1,False
confusion_depth,depth,,0,0.25,4,ec83,fca6,True,7,correct,0,True
confusion_depth,depth,,0,0.25,2,f4b6,fca6,True,11,correct,0,True
confusion_depth,depth,,0,0.25,1,fce6,fca6,True,6,correct,0,True
confusion_depth,depth,,0,0.25,3,f0a2,fca6,True,7,correct,0,True
confusion_depth,depth,,1,0.25,2,1f91,1b95,True,6,correct,1,True
confusion_depth,depth,,1,0.25,4,5a81,58a4,True,7,spurious,-1,False
confusion_depth,depth,,1,0.25,4,1a45,1b05,False,740,oscillated,-1,False
confusion_depth,depth,,1,0.25,2,1397,b95,False,740,oscillated,-1,False
confusion_depth,depth,,1,0.25,1,1b15,1b95,True,9,correct,1,True
confusion_depth,depth,,1,0.25,3,1393,395,True,7,spurious,-1,False
confusion_depth,depth,,1,0.25,2,1fb5,58a4,True,21,spurious,-1,False
confusion_depth,depth,,1,0.25,5,bbf4,f8a4,False,740,oscillated,-1,False
confusion_depth,depth,,1,0.25,3,3f85,3f05,False,740,oscillated,-1,False
confusion_depth,depth,,1,0.25,2,5b91,1905,True,13,spurious,-1,False
confusion_depth,depth,,1,0.25,5,2999,395,True,21,spurious,-1,False
confusion_depth,depth,,1,0.25,3,8b91,395,True,7,spurious,-1,False
confusion_depth,depth,,1,0.25,7,512d,5949,True,17,spurious,-1,False
confusion_depth,depth,,1,0.25,4,5191,1905,True,13,spurious,-1,False
confusion_depth,depth,,1,0.25,7,33ef,62fa,False,740,oscillated,-1,False
confusion_depth,depth,,1,0.25,5,4a96,12b4,False,740,oscillated,-1,False
confusion_depth,depth,,1,0.25,4,9eb5,dca4,False,740,oscillated,-1,False
confusion_depth,depth,,1,0.25,1,1a95,58a4,True,21,spurious,-1,False
confusion_depth,depth,,1,0.25,4,99d1,1915,False,740,oscillated,-1,False
confusion_depth,depth,,1,0.25,8,63e7,62fa,False,740,oscillated,-1,False
confusion_depth,depth,,1,0.25,2,3395,b95,False,740,oscillated,-1,False
confusion_depth,depth,,1,0.25,6,5312,1905,True,16,spurious,-1,False
confusion_depth,depth,,1,0.25,4,990,2b4,True,17,spurious,-1,False
confusion_depth,depth,,1,0.25,3,3994,58a4,True,18,spurious,-1,False
confusion_depth,depth,,1,0.25,6,9517,ad17,False,740,oscillated,-1,False
confusion_depth,depth,,1,0.25,5,8a96,92b6,False,740,oscillated,-1,False
confusion_depth,depth,,1,0.25,3,9b8d,1b05,False,740,oscillated,-1,False
confusion_depth,depth,,1,0.25,1,1a95,58a4,True,21,spurious,-1,False
confusion_depth,depth,,1,0.25,9,64c5,7ce8,False,740,oscillated,-1,False
confusion_depth,depth,,1,0.25,5,1927,1905,True,4,spurious,-1,False
confusion_depth,depth,,1,0.25,5,f16,1797,False,740,oscillated,-1,False
confusion_depth,depth,,1,0.25,6,7ac1,58a4,True,12,spurious,-1,False
confusion_depth,depth,,1,0.25,6,ac0,42f8,True,16,spurious,-1,False
confusion_depth,depth,,1,0.25,5,5b47,5949,True,16,spurious,-1,False
confusion_depth,depth,,1,0.25,4,3b31,395,True,9,spurious,-1,False
confusion_depth,depth,,1,0.25,3,1785,b95,False,740,oscillated,-1,False
confusion_depth,depth,,1,0.25,2,1394,ab4,False,740,oscillated,-1,False
confusion_depth,depth,,1,0.25,6,3de,2b4,True,12,spurious,-1,False
confusion_depth,depth,,1,0.25,4,33b1,2b4,True,7,spurious,-1,False
confusion_depth,depth,,1,0.25,2,1b55,395,True,14,spurious,-1,False
confusion_depth,depth,,1,0.25,3,189d,58a4,True,15,spurious,-1,False
confusion_depth,depth,,1,0.25,5,e87,16b6,False,740,oscillated,-1,False
confusion_depth,depth,,1,0.25,7,de54,dd49,False,740,oscillated,-1,False
confusion_depth,depth,,1,0.25,4,33d7,2397,False,740,oscillated,-1,False
confusion_depth,depth,,1,0.25,7,fbe1,f8a4,False,740,oscillated,-1,False
confusion_depth,depth,,1,0.25,6,a314,a395,False,740,oscillated,-1,False
confusion_depth,depth,,1,0.25,2,1b17,1b95,True,9,correct,1,True
confusion_depth,depth,,1,0.25,4,9f9c,86b4,False,740,oscillated,-1,False
confusion_depth,depth,,1,0.25,6,5a39,5949,True,7,spurious,-1,False
confusion_depth,depth,,1,0.25,3,17d5,395,True,7,spurious,-1,False
confusion_depth,depth,,1,0.25,4,db8d,1905,True,11,spurious,-1,False
confusion_depth,depth,,1,0.25,5,3fbf,a6b6,True,7,wrong_pattern,2,False
confusion_depth,depth,,1,0.25,4,5e94,58a4,True,5,spurious,-1,False
confusion_depth,depth,,1,0.25,2,1994,58a4,True,18,spurious,-1,False
confusion_depth,depth,,1,0.25,5,7891,58a4,True,7,spurious,-1,False
confusion_depth,depth,,1,0.25,4,2fb5,36b4,False,740,oscillated,-1,False
confusion_depth,depth,,1,0.25,6,5f8e,5ca6,False,740,oscillated,-1,False
confusion_depth,depth,,1,0.25,4,ab94,b2b4,False,740,oscillated,-1,False
confusion_depth,depth,,1,0.25,3,ad5,2b4,True,7,spurious,-1,False
confusion_depth,depth,,1,0.25,5,bbc7,bf07,False,740,oscillated,-1,False
confusion_depth,depth,,1,0.25,6,9aed,58a4,True,15,spurious,-1,False
confusion_depth,depth,,1,0.25,2,1b55,395,True,14,spurious,-1,False
confusion_depth,depth,,1,0.25,2,1391,395,True,7,spurious,-1,False
confusion_depth,depth,,1,0.25,3,9b8d,1b05,False,740,oscillated,-1,False
confusion_depth,depth,,1,0.25,6,4b5c,5949,True,17,spurious,-1,False
confusion_depth,depth,,1,0.25,2,9f95,9f95,False,740,oscillated,-1,False
confusion_depth,depth,,1,0.25,4,ca95,12b4,False,740,oscillated,-1,False
confusion_depth,depth,,1,0.25,4,1b21,1b05,False,740,oscillated,-1,False
confusion_depth,depth,,1,0.25,3,1291,2b4,True,7,spurious,-1,False
confusion_depth,depth,,1,0.25,8,3e43,bd07,True,15,wrong_pattern,3,False
confusion_depth,depth,,1,0.25,4,1aa7,58a4,True,15,spurious,-1,False
confusion_depth,depth,,1,0.25,3,5f97,1d07,False,740,oscillated,-1,False
confusion_depth,depth,,1,0.25,6,1a32,2b4,True,9,spurious,-1,False
confusion_depth,depth,,1,0.25,4,531d,1905,True,16,spurious,-1,False
confusion_depth,depth,,1,0.25,6,52df,ab4,False,740,oscillated,-1,False
confusion_depth,depth,,1,0.25,9,b6bb,a6b6,True,17,wrong_pattern,2,False
confusion_depth,depth,,1,0.25,6,a894,b2b4,False,740,oscillated,-1,False
confusion_depth,depth,,1,0.25,4,338d,395,True,17,spurious,-1,False
confusion_depth,depth,,1,0.25,5,8bb3,82b6,False,740,oscillated,-1,False
confusion_depth,depth,,1,0.25,5,1792,6b6,False,740,oscillated,-1,False
confusion_depth,depth,,1,0.25,7,d70d,dd49,False,740,oscillated,-1,False
confusion_depth,depth,,1,0.25,3,9b90,2b4,True,7,spurious,-1,False
confusion_depth,depth,,1,0.25,1,1b94,58a4,True,21,spurious,-1,False
confusion_depth,depth,,1,0.25,3,9915,1915,False,740,oscillated,-1,False
confusion_depth,depth,,1,0.25,4,33dd,395,True,21,spurious,-1,False
confusion_depth,depth,,1,0.25,6,5a12,5949,True,18,spurious,-1,False
confusion_depth,depth,,1,0.25,3,3895,58a4,True,18,spurious,-1,False
confusion_depth,depth,,1,0.25,3,1115,915,False,740,oscillated,-1,False
confusion_depth,depth,,1,0.25,5,293,2b4,True,7,spurious,-1,False
confusion_depth,depth,,1,0.25,4,9fb7,fca6,True,21,wrong_pattern,0,False
confusion_depth,depth,,1,0.25,5,615,395,True,9,spurious,-1,False
confusion_depth,depth,,1,0.25,5,bf90,a6b6,True,7,wrong_pattern,2,False
confusion_depth,depth,,1,0.25,2,1b84,58a4,True,18,spurious,-1,False
confusion_depth,depth,,1,0.25,3,1d9d,1915,False,740,oscillated,-1,False
confusion_depth,depth,,1,0.25,5,9d05,9d05,False,740,oscillated,-1,False
confusion_depth,depth,,1,0.25,3,539d,b95,False,740,oscillated,-1,False
confusion_depth,depth,,1,0.25,7,19aa,58a4,True,14,spurious,-1,False
confusion_depth,depth,,1,0.25,2,1195,b95,False,740,oscillated,-1,False
confusion_depth,depth,,1,0.25,5,135,395,True,9,spurious,-1,False
confusion_depth,depth,,1,0.25,7,9cc4,dca4,False,740,oscillated,-1,False
confusion_depth,depth,,1,0.25,7,f2a5,f8a4,False,740,oscillated,-1,False
confusion_depth,depth,,1,0.25,5,d8b5,58a4,True,5,spurious,-1,False
confusion_depth,depth,,1,0.25,3,9391,395,True,7,spurious,-1,False
confusion_depth,depth,,1,0.25,2,5bd5,1905,True,13,spurious,-1,False
confusion_depth,depth,,1,0.25,0,1b95,1b95,True,0,correct,1,True
confusion_depth,depth,,1,0.25,4,9390,2b4,True,7,spurious,-1,False
confusion_depth,depth,,1,0.25,5,db57,9907,False,740,oscillated,-1,False
confusion_depth,depth,,1,0.25,5,7f8d,3d05,False,740,oscillated,-1,False
confusion_depth,depth,,1,0.25,1,3b95,1b95,True,4,correct,1,True
confusion_depth,depth,,1,0.25,4,32b5,ab4,False,740,oscillated,-1,False
confusion_depth,depth,,1,0.25,6,b35d,a359,False,740,oscillated,-1,False
confusion_depth,depth,,1,0.25,1,9b95,1b95,True,4,correct,1,True
confusion_depth,depth,,1,0.25,8,8df0,c6f8,False,740,oscillated,-1,False
confusion_depth,depth,,1,0.25,8,3129,4949,False,740,oscillated,-1,False
confusion_depth,depth,,1,0.25,5,281,2b4,True,7,spurious,-1,False
confusion_depth,depth,,1,0.25,4,9911,1915,False,740,oscillated,-1,False
confusion_depth,depth,,1,0.25,2,3b91,1b95,True,6,correct,1,True
confusion_depth,depth,,1,0.25,6,9977,9917,False,740,oscillated,-1,False
confusion_depth,depth,,1,0.25,5,7115,1905,True,13,spurious,-1,False
confusion_depth,depth,,1,0.25,4,6b9d,1395,False,740,oscillated,-1,False
confusion_depth,depth,,2,0.25,3,e6a7,fca6,True,14,wrong_pattern,0,False
confusion_depth,depth,,2,0.25,6,be9d,a6b6,True,7,correct,2,True
confusion_depth,depth,,2,0.25,4,beb3,a6b6,True,7,correct,2,True
confusion_depth,depth,,2,0.25,8,1fd2,6b6,False,740,oscillated,-1,False
confusion_depth,depth,,2,0.25,4,a7f0,a6b6,True,11,correct,2,True
confusion_depth,depth,,2,0.25,7,ed8e,fca6,True,7,wrong_pattern,0,False
confusion_depth,depth,,2,0.25,3,b2b7,aeb6,False,740,oscillated,-1,False
confusion_depth,depth,,2,0.25,5,b638,e6fa,True,11,spurious,-1,False
confusion_depth,depth,,2,0.25,4,a6a1,a6b6,True,6,correct,2,True
confusion_depth,depth,,2,0.25,4,2b7,2b4,True,4,spurious,-1,False
confusion_depth,depth,,2,0.25,5,6ea7,fca6,True,14,wrong_pattern,0,False
confusion_depth,depth,,2,0.25,8,93e0,42f8,True,16,spurious,-1,False
confusion_depth,depth,,2,0.25,2,a6f7,a6b6,True,6,correct,2,True
confusion_depth,depth,,2,0.25,6,e317,a75b,True,14,spurious,-1,False
confusion_depth,depth,,2,0.25,8,f439,fd4b,True,17,spurious,-1,False
confusion_depth,depth,,2,0.25,3,a6d7,a6b6,True,7,correct,2,True
confusion_depth,depth,,2,0.25,3,a2fe,a6b6,True,16,correct,2,True
confusion_depth,depth,,2,0.25,5,82d2,82b6,False,740,oscillated,-1,False
confusion_depth,depth,,2,0.25,3,aeae,a6b6,True,17,correct,2,True
confusion_depth,depth,,2,0.25,4,aa9e,a6b6,True,7,correct,2,True
confusion_depth,depth,,2,0.25,3,b6bc,a6b6,True,7,correct,2,True
confusion_depth,depth,,2,0.25,4,ae17,b797,False,740,oscillated,-1,False
confusion_depth,depth,,2,0.25,3,a6f5,a6b6,True,6,correct,2,True
confusion_depth,depth,,2,0.25,3,a6ee,a6b6,True,16,correct,2,True
confusion_depth,depth,,2,0.25,6,7216,3907,False,740,oscillated,-1,False
confusion_depth,depth,,2,0.25,3,a6d2,a6b6,True,11,correct,2,True
confusion_depth,depth,,2,0.25,4,b5be,a6b6,True,17,correct,2,True
confusion_depth,depth,,2,0.25,4,a5ba,a6b6,True,17,correct,2,True
confusion_depth,depth,,2,0.25,3,a2d6,a6b6,True,6,correct,2,True
confusion_depth,depth,,2,0.25,3,a6b8,a6b6,True,16,correct,2,True
confusion_depth,depth,,2,0.25,2,26b7,a6b6,True,4,correct,2,True
confusion_depth,depth,,2,0.25,3,a234,a2b4,False,740,oscillated,-1,False
confusion_depth,depth,,2,0.25,1,a7b6,a6b6,True,4,correct,2,True
confusion_depth,depth,,2,0.25,6,649c,66f8,False,740,oscillated,-1,False
confusion_depth,depth,,2,0.25,3,869e,a6b6,True,6,correct,2,True
confusion_depth,depth,,2,0.25,5,3416,af97,False,740,oscillated,-1,False
confusion_depth,depth,,2,0.25,1,a4b6,a6b6,True,5,correct,2,True
confusion_depth,depth,,2,0.25,6,942e,fc6a,True,26,spurious,-1,False
confusion_depth,depth,,2,0.25,1,a7b6,a6b6,True,4,correct,2,True
confusion_depth,depth,,2,0.25,2,a6a2,a6b6,True,6,correct,2,True
confusion_depth,depth,,2,0.25,3,a677,a75b,True,16,spurious,-1,False
confusion_depth,depth,,2,0.25,4,ee76,fca6,True,16,wrong_pattern,0,False
confusion_depth,depth,,2,0.25,4,e630,e6fa,True,9,spurious,-1,False
confusion_depth,depth,,2,0.25,2,a7f6,a6b6,True,6,correct,2,True
confusion_depth,depth,,2,0.25,3,aeba,a6b6,True,17,correct,2,True
confusion_depth,depth,,2,0.25,2,aeb4,b6b6,False,740,oscillated,-1,False
confusion_depth,depth,,2,0.25,4,b624,fca6,True,21,wrong_pattern,0,False
confusion_depth,depth,,2,0.25,4,87bf,a6b6,True,7,correct,2,True
confusion_depth,depth,,2,0.25,4,a784,a6b6,True,7,correct,2,True
confusion_depth,depth,,2,0.25,4,c6f2,e6fa,True,6,spurious,-1,False
confusion_depth,depth,,2,0.25,3,8236,82b6,False,740,oscillated,-1,False
confusion_depth,depth,,2,0.25,3,a5b4,a6b6,True,5,correct,2,True
confusion_depth,depth,,2,0.25,2,a626,a6b6,True,9,correct,2,True
confusion_depth,depth,,2,0.25,5,c6a0,c6e8,False,740,oscillated,-1,False
confusion_depth,depth,,2,0.25,0,a6b6,a6b6,True,0,correct,2,True
confusion_depth,depth,,2,0.25,7,5eba,5ca6,False,740,oscillated,-1,False
confusion_depth,depth,,2,0.25,1,a6b7,a6b6,True,4,correct,2,True
confusion_depth,depth,,2,0.25,3,b6b5,aeb6,False,740,oscillated,-1,False
confusion_depth,depth,,2,0.25,6,16fc,2b4,True,17,spurious,-1,False
confusion_depth,depth,,2,0.25,1,a6b7,a6b6,True,4,correct,2,True
confusion_depth,depth,,2,0.25,6,36f8,66f8,False,740,oscillated,-1,False
confusion_depth,depth,,2,0.25,3,ae32,e6fa,True,16,spurious,-1,False
confusion_depth,depth,,2,0.25,3,b0b6,aeb6,False,740,oscillated,-1,False
confusion_depth,depth,,2,0.25,2,e636,e6fa,True,9,spurious,-1,False
confusion_depth,depth,,2,0.25,5,a524,bf97,True,9,spurious,-1,False
confusion_depth,depth,,2,0.25,4,b6f3,a6b6,True,17,correct,2,True
confusion_depth,depth,,2,0.25,3,66a6,fca6,True,11,wrong_pattern,0,False
confusion_depth,depth,,2,0.25,6,f92,6b6,False,740,oscillated,-1,False
confusion_depth,depth,,2,0.25,6,3615,2f95,False,740,oscillated,-1,False
confusion_depth,depth,,2,0.25,3,c6b4,86b4,False,740,oscillated,-1,False
confusion_depth,depth,,2,0.25,6,67c,42f8,True,16,spurious,-1,False
confusion_depth,depth,,2,0.25,6,daf6,d8a6,False,740,oscillated,-1,False
confusion_depth,depth,,2,0.25,9,8c61,d549,False,740,oscillated,-1,False
confusion_depth,depth,,2,0.25,2,a736,a797,True,9,spurious,-1,False
confusion_depth,depth,,2,0.25,4,a2ee,a6b6,True,16,correct,2,True
confusion_depth,depth,,2,0.25,3,a4b0,a6b6,True,6,correct,2,True
confusion_depth,depth,,2,0.25,3,8626,a6b6,True,9,correct,2,True
confusion_depth,depth,,2,0.25,5,47b4,2b4,True,11,spurious,-1,False
confusion_depth,depth,,2,0.25,4,acba,a6b6,True,21,correct,2,True
confusion_depth,depth,,2,0.25,0,a6b6,a6b6,True,0,correct,2,True
confusion_depth,depth,,2,0.25,3,ae97,b6b6,False,740,oscillated,-1,False
confusion_depth,depth,,2,0.25,5,e3bf,e6fa,True,17,spurious,-1,False
confusion_depth,depth,,2,0.25,7,eadc,b2b4,False,740,oscillated,-1,False
confusion_depth,depth,,2,0.25,4,82ba,82b6,False,740,oscillated,-1,False
confusion_depth,depth,,2,0.25,2,a6ba,a6b6,True,16,correct,2,True
confusion_depth,depth,,2,0.25,4,23b2,22b6,False,740,oscillated,-1,False
confusion_depth,depth,,2,0.25,6,92c6,8ab6,False,740,oscillated,-1,False
confusion_depth,depth,,2,0.25,4,a67f,a75b,True,7,spurious,-1,False
confusion_depth,depth,,2,0.25,5,a186,a6b6,True,12,correct,2,True
confusion_depth,depth,,2,0.25,2,a496,a6b6,True,5,correct,2,True
confusion_depth,depth,,2,0.25,7,27cc,26b4,False,740,oscillated,-1,False
confusion_depth,depth,,2,0.25,5,f0f6,fca6,True,16,wrong_pattern,0,False
confusion_depth,depth,,2,0.25,3,bebe,a6b6,True,7,correct,2,True
confusion_depth,depth,,2,0.25,3,7b6,6b6,False,740,oscillated,-1,False
confusion_depth,depth,,2,0.25,4,a6fd,a6b6,True,11,correct,2,True
confusion_depth,depth,,2,0.25,5,bee4,fca6,True,15,wrong_pattern,0,False
confusion_depth,depth,,2,0.25,4,369e,a6b6,True,7,correct,2,True
confusion_depth,depth,,2,0.25,5,20ae,22b6,False,740,oscillated,-1,False
confusion_depth,depth,,2,0.25,4,a487,a6b6,True,12,correct,2,True
confusion_depth,depth,,2,0.25,4,b656,a75b,True,16,spurious,-1,False
confusion_depth,depth,,2,0.25,1,e6b6,a6b6,True,11,correct,2,True
confusion_depth,depth,,2,0.25,2,a7f6,a6b6,True,6,correct,2,True
confusion_depth,depth,,2,0.25,4,9eb7,fca6,True,18,wrong_pattern,0,False
confusion_depth,depth,,2,0.25,4,a2e2,a6b6,True,16,correct,2,True
confusion_depth,depth,,2,0.25,4,e716,a75b,True,14,spurious,-1,False
confusion_depth,depth,,2,0.25,6,bcd4,fca6,True,15,wrong_pattern,0,False
confusion_depth,depth,,2,0.25,3,ee36,fca6,True,15,wrong_pattern,0,False
confusion_depth,depth,,2,0.25,3,aab2,a6b6,True,7,correct,2,True
confusion_depth,depth,,2,0.25,3,a7fe,a6b6,True,11,correct,2,True
confusion_depth,depth,,2,0.25,3,a6bb,a6b6,True,11,correct,2,True
confusion_depth,depth,,2,0.25,5,d2b2,8ab6,False,740,oscillated,-1,False
confusion_depth,depth,,2,0.25,2,a4b2,a6b6,True,6,correct,2,True
confusion_depth,depth,,2,0.25,4,efbe,b6b6,False,740,oscillated,-1,False
confusion_depth,depth,,2,0.25,5,82d7,82b6,False,740,oscillated,-1,False
confusion_depth,depth,,2,0.25,5,b6b9,a6b6,True,17,correct,2,True
confusion_depth,depth,,2,0.25,1,a2b6,a6b6,True,4,correct,2,True
confusion_depth,depth,,2,0.25,5,4694,2b4,True,11,spurious,-1,False
confusion_depth,depth,,2,0.25,2,a634,a6b6,True,9,correct,2,True
confusion_depth,depth,,2,0.25,3,c6b4,86b4,False,740,oscillated,-1,False
confusion_depth,depth,,2,0.25,5,cef4,96b4,False,740,oscillated,-1,False
confusion_depth,depth,,3,0.25,7,b4ff,e6fa,True,16,spurious,-1,False
confusion_depth,depth,,3,0.25,1,bf07,bf07,False,740,oscillated,-1,False
confusion_depth,depth,,3,0.25,3,cd07,bd07,True,11,correct,3,True
confusion_depth,depth,,3,0.25,3,b117,ad17,False,740,oscillated,-1,False
confusion_depth,depth,,3,0.25,3,7d17,bd07,True,13,correct,3,True
confusion_depth,depth,,3,0.25,8,f073,fd4b,True,17,spurious,-1,False
confusion_depth,depth,,3,0.25,4,fd95,bd07,True,13,correct,3,True
confusion_depth,depth,,3,0.25,1,fd07,bd07,True,11,correct,3,True
confusion_depth,depth,,3,0.25,4,2c05,3d05,False,740,oscillated,-1,False
confusion_depth,depth,,3,0.25,5,8b03,835b,False,740,oscillated,-1,False
confusion_depth,depth,,3,0.25,5,1f02,1f07,False,740,oscillated,-1,False
confusion_depth,depth,,3,0.25,4,2f27,b707,False,740,oscillated,-1,False
confusion_depth,depth,,3,0.25,5,e827,bd07,True,15,correct,3,True
confusion_depth,depth,,3,0.25,3,bf97,bf97,True,0,spurious,-1,False
confusion_depth,depth,,3,0.25,4,3f04,3f05,False,740,oscillated,-1,False
confusion_depth,depth,,3,0.25,6,9a86,d8a6,False,740,oscillated,-1,False
confusion_depth,depth,,3,0.25,6,8dcb,a75b,True,15,spurious,-1,False
confusion_depth,depth,,3,0.25,2,3d05,3d05,False,740,oscillated,-1,False
confusion_depth,depth,,3,0.25,4,e547,fd4b,True,7,spurious,-1,False
confusion_depth,depth,,3,0.25,5,a426,fca6,True,23,wrong_pattern,0,False
confusion_depth,depth,,3,0.25,3,9d37,bd17,False,740,oscillated,-1,False
confusion_depth,depth,,3,0.25,6,ac31,a75b,True,17,spurious,-1,False
confusion_depth,depth,,3,0.25,3,3c27,bd07,True,7,correct,3,True
confusion_depth,depth,,3,0.25,2,bd8f,bd07,True,9,correct,3,True
confusion_depth,depth,,3,0.25,5,f687,fca6,True,17,wrong_pattern,0,False
confusion_depth,depth,,3,0.25,4,ff1f,fd4b,True,18,spurious,-1,False
confusion_depth,depth,,3,0.25,4,d707,bd07,True,13,correct,3,True
confusion_depth,depth,,3,0.25,4,3817,3917,False,740,oscillated,-1,False
confusion_depth,depth,,3,0.25,4,2d85,3f95,False,740,oscillated,-1,False
confusion_depth,depth,,3,0.25,4,dd37,bd07,True,13,correct,3,True
confusion_depth,depth,,3,0.25,3,3547,ed4b,False,740,oscillated,-1,False
confusion_depth,depth,,3,0.25,2,ad0f,f54b,False,740,oscillated,-1,False
confusion_depth,depth,,3,0.25,4,3d4b,fd4b,True,11,spurious,-1,False
confusion_depth,depth,,3,0.25,6,f424,fca6,True,9,wrong_pattern,0,False
confusion_depth,depth,,3,0.25,4,ad41,f54b,False,740,oscillated,-1,False
confusion_depth,depth,,3,0.25,3,9d8f,bd07,True,9,correct,3,True
confusion_depth,depth,,3,0.25,5,a843,f54b,False,740,oscillated,-1,False
confusion_depth,depth,,3,0.25,1,9d07,bd07,True,4,correct,3,True
confusion_depth,depth,,3,0.25,3,ad67,f54b,False,740,oscillated,-1,False
confusion_depth,depth,,3,0.25,2,bd15,bd17,False,740,oscillated,-1,False
confusion_depth,depth,,3,0.25,3,a503,a75b,True,11,spurious,-1,False
confusion_depth,depth,,3,0.25,6,f41e,bd07,True,17,correct,3,True
confusion_depth,depth,,3,0.25,4,af43,a75b,True,16,spurious,-1,False
confusion_depth,depth,,3,0.25,4,3787,af97,False,740,oscillated,-1,False
confusion_depth,depth,,3,0.25,5,af2b,a75b,True,16,spurious,-1,False
confusion_depth,depth,,3,0.25,5,95a3,a6b6,True,17,wrong_pattern,2,False
confusion_depth,depth,,3,0.25,3,9506,bd07,True,7,correct,3,True
confusion_depth,depth,,3,0.25,5,ec01,fd4b,True,17,spurious,-1,False
confusion_depth,depth,,3,0.25,3,fd0b,fd4b,True,6,spurious,-1,False
confusion_depth,depth,,3,0.25,5,358b,a75b,True,16,spurious,-1,False
confusion_depth,depth,,3,0.25,5,fc2b,fd4b,True,7,spurious,-1,False
confusion_depth,depth,,3,0.25,2,bd43,bd07,True,16,correct,3,True
confusion_depth,depth,,3,0.25,3,f547,fd4b,True,17,spurious,-1,False
confusion_depth,depth,,3,0.25,1,fd07,bd07,True,11,correct,3,True
confusion_depth,depth,,3,0.25,2,b505,bd07,True,7,correct,3,True
confusion_depth,depth,,3,0.25,2,9d27,bd07,True,4,correct,3,True
confusion_depth,depth,,3,0.25,5,dd33,fd4b,True,17,spurious,-1,False
confusion_depth,depth,,3,0.25,4,b897,fca6,True,18,wrong_pattern,0,False
confusion_depth,depth,,3,0.25,6,f481,fca6,True,7,wrong_pattern,0,False
confusion_depth,depth,,3,0.25,6,5d9f,1d07,False,740,oscillated,-1,False
confusion_depth,depth,,3,0.25,3,3dc7,bd07,True,9,correct,3,True
confusion_depth,depth,,3,0.25,3,b537,ad17,False,740,oscillated,-1,False
confusion_depth,depth,,3,0.25,2,9d05,9d05,False,740,oscillated,-1,False
confusion_depth,depth,,3,0.25,6,8c33,a75b,True,17,spurious,-1,False
confusion_depth,depth,,3,0.25,2,b987,bd07,True,9,correct,3,True
confusion_depth,depth,,3,0.25,7,6912,3907,False,740,oscillated,-1,False
confusion_depth,depth,,3,0.25,5,b046,ed4b,False,740,oscillated,-1,False
confusion_depth,depth,,3,0.25,3,d907,9907,False,740,oscillated,-1,False
confusion_depth,depth,,3,0.25,3,bc85,fca6,True,12,wrong_pattern,0,False
confusion_depth,depth,,3,0.25,1,b507,bd07,True,7,correct,3,True
confusion_depth,depth,,3,0.25,6,de4f,fd4b,True,6,spurious,-1,False
confusion_depth,depth,,3,0.25,5,fc6f,fd4b,True,7,spurious,-1,False
confusion_depth,depth,,3,0.25,5,fe86,fca6,True,5,wrong_pattern,0,False
confusion_depth,depth,,3,0.25,4,390d,1905,True,6,spurious,-1,False
confusion_depth,depth,,3,0.25,4,fc0e,fd4b,True,12,spurious,-1,False
confusion_depth,depth,,3,0.25,5,d957,d94b,False,740,oscillated,-1,False
confusion_depth,depth,,3,0.25,1,bd27,bd07,True,4,correct,3,True
confusion_depth,depth,,3,0.25,2,fd06,bd07,True,12,correct,3,True
confusion_depth,depth,,3,0.25,5,b91a,bd07,True,15,correct,3,True
confusion_depth,depth,,3,0.25,0,bd07,bd07,True,0,correct,3,True
confusion_depth,depth,,3,0.25,4,9997,9917,False,740,oscillated,-1,False
confusion_depth,depth,,3,0.25,2,ed07,bd07,True,11,correct,3,True
confusion_depth,depth,,3,0.25,3,fd85,bd07,True,11,correct,3,True
confusion_depth,depth,,3,0.25,3,3f47,bf07,False,740,oscillated,-1,False
confusion_depth,depth,,3,0.25,3,f505,bd07,True,11,correct,3,True
confusion_depth,depth,,3,0.25,2,ad17,b517,False,740,oscillated,-1,False
confusion_depth,depth,,3,0.25,4,2d4f,f54b,False,740,oscillated,-1,False
confusion_depth,depth,,3,0.25,5,9f95,9f95,False,740,oscillated,-1,False
confusion_depth,depth,,3,0.25,3,bd2e,bd07,True,7,correct,3,True
confusion_depth,depth,,3,0.25,7,b334,ab95,False,740,oscillated,-1,False
confusion_depth,depth,,3,0.25,3,ad86,fca6,True,26,wrong_pattern,0,False
confusion_depth,depth,,3,0.25,4,ff04,bd07,True,13,correct,3,True
confusion_depth,depth,,3,0.25,6,3d74,3d05,False,740,oscillated,-1,False
confusion_depth,depth,,3,0.25,3,af87,b797,False,740,oscillated,-1,False
confusion_depth,depth,,3,0.25,4,1c0f,1d07,False,740,oscillated,-1,False
confusion_depth,depth,,3,0.25,3,2d27,bd07,True,7,correct,3,True
confusion_depth,depth,,3,0.25,5,a94e,f54b,False,740,oscillated,-1,False
confusion_depth,depth,,3,0.25,8,5ac7,58a4,True,7,spurious,-1,False
confusion_depth,depth,,3,0.25,4,3d6f,bd07,True,16,correct,3,True
confusion_depth,depth,,3,0.25,4,a727,a797,True,9,spurious,-1,False
confusion_depth,depth,,3,0.25,4,f502,fd4b,True,17,spurious,-1,False
confusion_depth,depth,,3,0.25,2,bdc7,bd07,True,9,correct,3,True
confusion_depth,depth,,3,0.25,5,ed2b,fd4b,True,7,spurious,-1,False
confusion_depth,depth,,3,0.25,4,ad63,f54b,False,740,oscillated,-1,False
confusion_depth,depth,,3,0.25,4,b60f,a75b,True,21,spurious,-1,False
confusion_depth,depth,,3,0.25,2,ad47,f54b,False,740,oscillated,-1,False
confusion_depth,depth,,3,0.25,2,bc03,bd07,True,6,correct,3,True
confusion_depth,depth,,3,0.25,4,7505,3d05,False,740,oscillated,-1,False
confusion_depth,depth,,3,0.25,5,d10f,d94b,False,740,oscillated,-1,False
confusion_depth,depth,,3,0.25,1,bd17,bd17,False,740,oscillated,-1,False
confusion_depth,depth,,3,0.25,4,dd0d,dd49,False,740,oscillated,-1,False
confusion_depth,depth,,3,0.25,5,9426,fca6,True,11,wrong_pattern,0,False
confusion_depth,depth,,3,0.25,3,2f07,b707,False,740,oscillated,-1,False
confusion_depth,depth,,3,0.25,5,8526,bf97,True,9,spurious,-1,False
confusion_depth,depth,,3,0.25,3,e907,bd07,True,11,correct,3,True
confusion_depth,depth,,3,0.25,5,310b,694b,False,740,oscillated,-1,False
confusion_depth,depth,,3,0.25,5,8f01,8759,False,740,oscillated,-1,False
confusion_depth,depth,,3,0.25,0,bd07,bd07,True,0,correct,3,True
confusion_depth,depth,,3,0.25,3,bd5f,bd17,False,740,oscillated,-1,False
confusion_depth,depth,,3,0.25,2,fd87,bd07,True,11,correct,3,True
confusion_depth,depth,,0,0.30000000000000004,7,90ef,c2fa,False,740,oscillated,-1,False
confusion_depth,depth,,0,0.30000000000000004,6,dd4e,fd4b,True,6,spurious,-1,False
confusion_depth,depth,,0,0.30000000000000004,3,d4b6,fca6,True,11,correct,0,True
confusion_depth,depth,,0,0.30000000000000004,4,f0aa,fca6,True,11,correct,0,True
confusion_depth,depth,,0,0.30000000000000004,4,fe23,fd4b,True,13,spurious,-1,False
confusion_depth,depth,,0,0.30000000000000004,2,fc27,bd07,True,15,wrong_pattern,3,False
confusion_depth,depth,,0,0.30000000000000004,4,5c84,58a4,True,4,spurious,-1,False
confusion_depth,depth,,0,0.30000000000000004,6,b592,a6b6,True,17,wrong_pattern,2,False
confusion_depth,depth,,0,0.30000000000000004,5,ae96,b6b6,False,740,oscillated,-1,False
confusion_depth,depth,,0,0.30000000000000004,4,ecc4,fca6,True,7,correct,0,True
confusion_depth,depth,,0,0.30000000000000004,6,f065,b905,False,740,oscillated,-1,False
confusion_depth,depth,,0,0.30000000000000004,5,deec,dca4,False,740,oscillated,-1,False
confusion_depth,depth,,0,0.30000000000000004,3,7c36,fca6,True,9,correct,0,True
confusion_depth,depth,,0,0.30000000000000004,4,7cb5,7ca4,False,740,oscillated,-1,False
confusion_depth,depth,,0,0.30000000000000004,4,bc80,fca6,True,12,correct,0,True
confusion_depth,depth,,0,0.30000000000000004,4,fd67,fd4b,True,11,spurious,-1,False
confusion_depth,depth,,0,0.30000000000000004,4,fea8,fca6,True,11,correct,0,True
confusion_depth,depth,,0,0.30000000000000004,5,f02c,f824,False,740,oscillated,-1,False
confusion_depth,depth,,0,0.30000000000000004,4,f5b7,fca6,True,17,correct,0,True
confusion_depth,depth,,0,0.30000000000000004,3,f6b6,aeb6,False,740,oscillated,-1,False
confusion_depth,depth,,0,0.30000000000000004,4,fcf5,fca6,True,6,correct,0,True
confusion_depth,depth,,0,0.30000000000000004,1,fca7,fca6,True,4,correct,0,True
confusion_depth,depth,,0,0.30000000000000004,4,d8c6,d8a6,False,740,oscillated,-1,False
confusion_depth,depth,,0,0.30000000000000004,2,3ca6,fca6,True,11,correct,0,True
confusion_depth,depth,,0,0.30000000000000004,5,e186,fca6,True,7,correct,0,True
confusion_depth,depth,,0,0.30000000000000004,5,1c66,5ca6,False,740,oscillated,-1,False
confusion_depth,depth,,0,0.30000000000000004,5,69b6,78a6,False,740,oscillated,-1,False
confusion_depth,depth,,0,0.30000000000000004,1,f8a6,fca6,True,4,correct,0,True
confusion_depth,depth,,0,0.30000000000000004,8,c633,a75b,True,14,spurious,-1,False
confusion_depth,depth,,0,0.30000000000000004,4,7daf,fca6,True,7,correct,0,True
confusion_depth,depth,,0,0.30000000000000004,7,9e42,bd07,True,16,wrong_pattern,3,False
confusion_depth,depth,,0,0.30000000000000004,4,bfe6,fca6,True,15,correct,0,True
confusion_depth,depth,,0,0.30000000000000004,6,f40d,fd4b,True,17,spurious,-1,False
confusion_depth,depth,,0,0.30000000000000004,4,9ca3,fca6,True,12,correct,0,True
confusion_depth,depth,,0,0.30000000000000004,4,f9be,fca6,True,6,correct,0,True
confusion_depth,depth,,0,0.30000000000000004,4,7eaf,fca6,True,6,correct,0,True
confusion_depth,depth,,0,0.30000000000000004,5,b423,ed4b,False,740,oscillated,-1,False
confusion_depth,depth,,0,0.30000000000000004,4,b882,fca6,True,12,correct,0,True
confusion_depth,depth,,0,0.30000000000000004,5,bc12,bd07,True,15,wrong_pattern,3,False
confusion_depth,depth,,0,0.30000000000000004,4,c4b6,fca6,True,11,correct,0,True
confusion_depth,depth,,0,0.30000000000000004,4,fece,fca6,True,11,correct,0,True
confusion_depth,depth,,0,0.30000000000000004,6,5aa3,58a4,True,6,spurious,-1,False
confusion_depth,depth,,0,0.30000000000000004,4,bba6,fca6,True,15,correct,0,True
confusion_depth,depth,,0,0.30000000000000004,4,7466,fc6a,True,21,spurious,-1,False
confusion_depth,depth,,0,0.30000000000000004,5,6926,3907,False,740,oscillated,-1,False
confusion_depth,depth,,0,0.30000000000000004,5,fd00,fd4b,True,11,spurious,-1,False
confusion_depth,depth,,0,0.30000000000000004,4,bfb6,fca6,True,18,correct,0,True
confusion_depth,depth,,0,0.30000000000000004,5,7582,fca6,True,7,correct,0,True
confusion_depth,depth,,0,0.30000000000000004,1,7ca6,fca6,True,4,correct,0,True
confusion_depth,depth,,0,0.30000000000000004,7,7b8c,58a4,True,7,spurious,-1,False
confusion_depth,depth,,0,0.30000000000000004,0,fca6,fca6,True,0,correct,0,True
confusion_depth,depth,,0,0.30000000000000004,6,baad,f8a4,False,740,oscillated,-1,False
confusion_depth,depth,,0,0.30000000000000004,4,b422,fc6a,True,26,spurious,-1,False
confusion_depth,depth,,0,0.30000000000000004,5,d636,fca6,True,15,correct,0,True
confusion_depth,depth,,0,0.30000000000000004,4,ece0,fca6,True,11,correct,0,True
confusion_depth,depth,,0,0.30000000000000004,5,6da3,fca6,True,7,correct,0,True
confusion_depth,depth,,0,0.30000000000000004,7,cf37,bd07,True,13,wrong_pattern,3,False
confusion_depth,depth,,0,0.30000000000000004,5,aebe,a6b6,True,7,wrong_pattern,2,False
confusion_depth,depth,,0,0.30000000000000004,4,e4b2,e4fa,False,740,oscillated,-1,False
confusion_depth,depth,,0,0.30000000000000004,8,7439,6d49,False,740,oscillated,-1,False
confusion_depth,depth,,0,0.30000000000000004,5,d522,fd4b,True,12,spurious,-1,False
confusion_depth,depth,,0,0.30000000000000004,2,fe86,fca6,True,5,correct,0,True
confusion_depth,depth,,0,0.30000000000000004,4,afa6,b6b6,False,740,oscillated,-1,False
confusion_depth,depth,,0,0.30000000000000004,7,ee08,fd4b,True,17,spurious,-1,False
confusion_depth,depth,,0,0.30000000000000004,5,f5b0,fca6,True,16,correct,0,True
confusion_depth,depth,,0,0.30000000000000004,4,5c27,1d07,False,740,oscillated,-1,False
confusion_depth,depth,,0,0.30000000000000004,5,ee80,fca6,True,16,correct,0,True
confusion_depth,depth,,0,0.30000000000000004,6,f47c,fc6a,True,17,spurious,-1,False
confusion_depth,depth,,0,0.30000000000000004,3,5ce6,5ca6,False,740,oscillated,-1,False
confusion_depth,depth,,0,0.30000000000000004,6,7976,794b,False,740,oscillated,-1,False
confusion_depth,depth,,0,0.30000000000000004,4,a8a4,f8a4,False,740,oscillated,-1,False
confusion_depth,depth,,0,0.30000000000000004,6,64e5,7ca4,False,740,oscillated,-1,False
confusion_depth,depth,,0,0.30000000000000004,3,bc66,fca6,True,11,correct,0,True
confusion_depth,depth,,0,0.30000000000000004,8,b320,a359,False,740,oscillated,-1,False
confusion_depth,depth,,0,0.30000000000000004,4,ec83,fca6,True,7,correct,0,True
confusion_depth,depth,,0,0.30000000000000004,8,f11c,b905,False,740,oscillated,-1,False
confusion_depth,depth,,0,0.30000000000000004,5,3e22,fca6,True,15,correct,0,True
confusion_depth,depth,,0,0.30000000000000004,3,f4a3,fca6,True,7,correct,0,True
confusion_depth,depth,,0,0.30000000000000004,3,5cb6,5ca6,False,740,oscillated,-1,False
confusion_depth,depth,,0,0.30000000000000004,8,d1d4,58a4,True,18,spurious,-1,False
confusion_depth,depth,,0,0.30000000000000004,5,7c9f,fca6,True,7,correct,0,True
confusion_depth,depth,,0,0.30000000000000004,3,de26,fca6,True,9,correct,0,True
confusion_depth,depth,,0,0.30000000000000004,5,a48e,a6b6,True,6,wrong_pattern,2,False
confusion_depth,depth,,0,0.30000000000000004,2,b4a6,fca6,True,23,correct,0,True
confusion_depth,depth,,0,0.30000000000000004,8,10c7,2b4,True,17,spurious,-1,False
confusion_depth,depth,,0,0.30000000000000004,4,f9be,fca6,True,6,correct,0,True
confusion_depth,depth,,0,0.30000000000000004,3,ace6,a6b6,True,17,wrong_pattern,2,False
confusion_depth,depth,,0,0.30000000000000004,6,64ce,fc6a,True,9,spurious,-1,False
confusion_depth,depth,,0,0.30000000000000004,2,fea2,fca6,True,6,correct,0,True
confusion_depth,depth,,0,0.30000000000000004,6,eaa8,f8a4,False,740,oscillated,-1,False
confusion_depth,depth,,0,0.30000000000000004,6,ffbb,fca6,True,14,correct,0,True
confusion_depth,depth,,0,0.30000000000000004,1,fca7,fca6,True,4,correct,0,True
confusion_depth,depth,,0,0.30000000000000004,8,e608,a75b,True,15,spurious,-1,False
confusion_depth,depth,,0,0.30000000000000004,1,fcb6,fca6,True,5,correct,0,True
confusion_depth,depth,,0,0.30000000000000004,2,f486,fca6,True,7,correct,0,True
confusion_depth,depth,,0,0.30000000000000004,5,ddb3,fca6,True,7,correct,0,True
confusion_depth,depth,,0,0.30000000000000004,5,fbc6,fca6,True,7,correct,0,True
confusion_depth,depth,,0,0.30000000000000004,6,9c74,dca4,False,740,oscillated,-1,False
confusion_depth,depth,,0,0.30000000000000004,4,dc07,bd07,True,12,wrong_pattern,3,False
confusion_depth,depth,,0,0.30000000000000004,9,62d4,42f8,True,16,spurious,-1,False
confusion_depth,depth,,0,0.30000000000000004,7,d0eb,c86a,False,740,oscillated,-1,False
confusion_depth,depth,,0,0.30000000000000004,2,eca7,fca6,True,7,correct,0,True
confusion_depth,depth,,0,0.30000000000000004,4,ffac,fca6,True,6,correct,0,True
confusion_depth,depth,,0,0.30000000000000004,3,eda2,fca6,True,7,correct,0,True
confusion_depth,depth,,0,0.30000000000000004,3,fd8e,fca6,True,7,correct,0,True
confusion_depth,depth,,0,0.30000000000000004,1,bca6,fca6,True,11,correct,0,True
confusion_depth,depth,,0,0.30000000000000004,7,547e,4c6a,False,740,oscillated,-1,False
confusion_depth,depth,,0,0.30000000000000004,8,eb74,b905,False,740,oscillated,-1,False
confusion_depth,depth,,0,0.30000000000000004,2,fcf6,fca6,True,6,correct,0,True
confusion_depth,depth,,0,0.30000000000000004,4,f6e7,fca6,True,16,correct,0,True
confusion_depth,depth,,0,0.30000000000000004,3,bc96,fca6,True,15,correct,0,True
confusion_depth,depth,,0,0.30000000000000004,6,e44e,fd4b,True,7,spurious,-1,False
confusion_depth,depth,,0,0.30000000000000004,4,4c26,5ca6,False,740,oscillated,-1,False
confusion_depth,depth,,0,0.30000000000000004,11,414a,359,True,18,spurious,-1,False
confusion_depth,depth,,0,0.30000000000000004,5,acb5,b6b6,False,740,oscillated,-1,False
confusion_depth,depth,,0,0.30000000000000004,5,a6a4,a6b6,True,5,wrong_pattern,2,False
confusion_depth,depth,,0,0.30000000000000004,6,2d22,f54b,False,740,oscillated,-1,False
confusion_depth,depth,,0,0.30000000000000004,2,fde6,fca6,True,6,correct,0,True
confusion_depth,depth,,0,0.30000000000000004,2,feb6,fca6,True,5,correct,0,True
confusion_depth,depth,,0,0.30000000000000004,1,fda6,fca6,True,4,correct,0,True
confusion_depth,depth,,1,0.30000000000000004,1,3b95,1b95,True,4,correct,1,True
confusion_depth,depth,,1,0.30000000000000004,4,5fbd,58a4,True,7,spurious,-1,False
confusion_depth,depth,,1,0.30000000000000004,3,f85,1395,False,740,oscillated,-1,False
confusion_depth,depth,,1,0.30000000000000004,3,1fa5,58a4,True,18,spurious,-1,False
confusion_depth,depth,,1,0.30000000000000004,7,2f71,2759,False,740,oscillated,-1,False
confusion_depth,depth,,1,0.30000000000000004,6,3dfd,7ca4,False,740,oscillated,-1,False
confusion_depth,depth,,1,0.30000000000000004,7,2f00,2759,False,740,oscillated,-1,False
confusion_depth,depth,,1,0.30000000000000004,3,3315,b95,False,740,oscillated,-1,False
confusion_depth,depth,,1,0.30000000000000004,6,fbd9,a359,False,740,oscillated,-1,False
confusion_depth,depth,,1,0.30000000000000004,5,19d8,2b4,True,19,spurious,-1,False
confusion_depth,depth,,1,0.30000000000000004,5,9f07,bf07,False,740,oscillated,-1,False
confusion_depth,depth,,1,0.30000000000000004,4,5e9d,58a4,True,7,spurious,-1,False
confusion_depth,depth,,1,0.30000000000000004,7,d7ad,dca4,False,740,oscillated,-1,False
confusion_depth,depth,,1,0.30000000000000004,3,93d5,395,True,7,spurious,-1,False
confusion_depth,depth,,1,0.30000000000000004,7,6d81,3d05,False,740,oscillated,-1,False
confusion_depth,depth,,1,0.30000000000000004,1,1395,b95,False,740,oscillated,-1,False
confusion_depth,depth,,1,0.30000000000000004,5,1f5c,359,True,17,spurious,-1,False
confusion_depth,depth,,1,0.30000000000000004,7,355d,2759,False,740,oscillated,-1,False
confusion_depth,depth,,1,0.30000000000000004,6,17bb,46fa,False,740,oscillated,-1,False
confusion_depth,depth,,1,0.30000000000000004,8,8d0c,d549,False,740,oscillated,-1,False
confusion_depth,depth,,1,0.30000000000000004,6,1dde,5ca6,False,740,oscillated,-1,False
confusion_depth,depth,,1,0.30000000000000004,6,7edd,7ca4,False,740,oscillated,-1,False
confusion_depth,depth,,1,0.30000000000000004,8,c94d,5949,True,7,spurious,-1,False
confusion_depth,depth,,1,0.30000000000000004,7,fb03,fd4b,True,16,spurious,-1,False
confusion_depth,depth,,1,0.30000000000000004,6,b901,b905,False,740,oscillated,-1,False
confusion_depth,depth,,1,0.30000000000000004,7,ab06,b707,False,740,oscillated,-1,False
confusion_depth,depth,,1,0.30000000000000004,4,8bf5,2b4,True,7,spurious,-1,False
confusion_depth,depth,,1,0.30000000000000004,3,3b11,395,True,14,spurious,-1,False
confusion_depth,depth,,1,0.30000000000000004,6,9c35,9d15,False,740,oscillated,-1,False
confusion_depth,depth,,1,0.30000000000000004,6,9ead,dca4,False,740,oscillated,-1,False
confusion_depth,depth,,1,0.30000000000000004,3,1aa5,58a4,True,15,spurious,-1,False
confusion_depth,depth,,1,0.30000000000000004,8,2139,359,True,6,spurious,-1,False
confusion_depth,depth,,1,0.30000000000000004,4,4315,359,True,14,spurious,-1,False
confusion_depth,depth,,1,0.30000000000000004,2,1f94,58a4,True,21,spurious,-1,False
confusion_depth,depth,,1,0.30000000000000004,8,5c47,5d4b,False,740,oscillated,-1,False
confusion_depth,depth,,1,0.30000000000000004,3,2bd5,395,True,7,spurious,-1,False
confusion_depth,depth,,1,0.30000000000000004,5,23bd,2b4,True,7,spurious,-1,False
confusion_depth,depth,,1,0.30000000000000004,6,1a2c,58a4,True,15,spurious,-1,False
confusion_depth,depth,,1,0.30000000000000004,4,1190,2b4,True,17,spurious,-1,False
confusion_depth,depth,,1,0.30000000000000004,5,fbf,6b6,False,740,oscillated,-1,False
confusion_depth,depth,,1,0.30000000000000004,5,7297,2ab6,False,740,oscillated,-1,False
confusion_depth,depth,,1,0.30000000000000004,3,1f14,1b95,True,9,correct,1,True
confusion_depth,depth,,1,0.30000000000000004,0,1b95,1b95,True,0,correct,1,True
confusion_depth,depth,,1,0.30000000000000004,7,5619,5949,True,17,spurious,-1,False
confusion_depth,depth,,1,0.30000000000000004,2,3b9d,1b95,True,6,correct,1,True
confusion_depth,depth,,1,0.30000000000000004,4,1ed4,2b4,True,7,spurious,-1,False
confusion_depth,depth,,1,0.30000000000000004,6,9306,8b07,False,740,oscillated,-1,False
confusion_depth,depth,,1,0.30000000000000004,5,8bbc,2b4,True,7,spurious,-1,False
confusion_depth,depth,,1,0.30000000000000004,9,f48d,fca6,True,7,wrong_pattern,0,False
confusion_depth,depth,,1,0.30000000000000004,4,3185,1b95,True,7,correct,1,True
confusion_depth,depth,,1,0.30000000000000004,7,cf57,bd07,True,16,wrong_pattern,3,False
confusion_depth,depth,,1,0.30000000000000004,3,7a95,58a4,True,7,spurious,-1,False
confusion_depth,depth,,1,0.30000000000000004,1,1b15,1b95,True,9,correct,1,True
confusion_depth,depth,,1,0.30000000000000004,6,ff35,bd07,True,13,wrong_pattern,3,False
confusion_depth,depth,,1,0.30000000000000004,5,5ad6,58a4,True,6,spurious,-1,False
confusion_depth,depth,,1,0.30000000000000004,4,791,395,True,6,spurious,-1,False
confusion_depth,depth,,1,0.30000000000000004,3,1b89,1b05,False,740,oscillated,-1,False
confusion_depth,depth,,1,0.30000000000000004,5,9310,359,True,12,spurious,-1,False
confusion_depth,depth,,1,0.30000000000000004,2,1a85,58a4,True,18,spurious,-1,False
confusion_depth,depth,,1,0.30000000000000004,4,3194,ab4,False,740,oscillated,-1,False
confusion_depth,depth,,1,0.30000000000000004,5,5a3d,5949,True,18,spurious,-1,False
confusion_depth,depth,,1,0.30000000000000004,4,2f15,3795,False,740,oscillated,-1,False
confusion_depth,depth,,1,0.30000000000000004,7,73f9,42f8,True,7,spurious,-1,False
confusion_depth,depth,,1,0.30000000000000004,3,199c,58a4,True,15,spurious,-1,False
confusion_depth,depth,,1,0.30000000000000004,6,4f04,1905,True,13,spurious,-1,False
confusion_depth,depth,,1,0.30000000000000004,2,1d95,1915,False,740,oscillated,-1,False
confusion_depth,depth,,1,0.30000000000000004,6,1ec3,5ca6,False,740,oscillated,-1,False
confusion_depth,depth,,1,0.30000000000000004,3,b395,ab95,False,740,oscillated,-1,False
confusion_depth,depth,,1,0.30000000000000004,2,b9d,395,True,7,spurious,-1,False
confusion_depth,depth,,1,0.30000000000000004,6,1f5b,75b,False,740,oscillated,-1,False
confusion_depth,depth,,1,0.30000000000000004,4,9396,8ab6,False,740,oscillated,-1,False
confusion_depth,depth,,1,0.30000000000000004,3,19b1,58a4,True,15,spurious,-1,False
confusion_depth,depth,,1,0.30000000000000004,4,7991,1905,True,11,spurious,-1,False
confusion_depth,depth,,1,0.30000000000000004,4,9b8c,58a4,True,15,spurious,-1,False
confusion_depth,depth,,1,0.30000000000000004,5,97,2b4,True,7,spurious,-1,False
confusion_depth,depth,,1,0.30000000000000004,6,5ed6,5ca6,False,740,oscillated,-1,False
confusion_depth,depth,,1,0.30000000000000004,3,1fd7,797,False,740,oscillated,-1,False
confusion_depth,depth,,1,0.30000000000000004,4,5f1d,5949,True,18,spurious,-1,False
confusion_depth,depth,,1,0.30000000000000004,4,3bd3,2397,False,740,oscillated,-1,False
confusion_depth,depth,,1,0.30000000000000004,6,59f0,58a4,True,11,spurious,-1,False
confusion_depth,depth,,1,0.30000000000000004,5,29b1,2b4,True,17,spurious,-1,False
confusion_depth,depth,,1,0.30000000000000004,7,185b,359,True,14,spurious,-1,False
confusion_depth,depth,,1,0.30000000000000004,4,9715,8f95,False,740,oscillated,-1,False
confusion_depth,depth,,1,0.30000000000000004,6,3f09,3f05,False,740,oscillated,-1,False
confusion_depth,depth,,1,0.30000000000000004,6,20b5,2b4,True,5,spurious,-1,False
confusion_depth,depth,,1,0.30000000000000004,6,5d1c,5949,True,17,spurious,-1,False
confusion_depth,depth,,1,0.30000000000000004,3,8b97,9397,False,740,oscillated,-1,False
confusion_depth,depth,,1,0.30000000000000004,4,1b3f,395,True,9,spurious,-1,False
confusion_depth,depth,,1,0.30000000000000004,5,9f1c,8795,False,740,oscillated,-1,False
confusion_depth,depth,,1,0.30000000000000004,4,5ad7,58a4,True,7,spurious,-1,False
confusion_depth,depth,,1,0.30000000000000004,4,8bd7,8397,False,740,oscillated,-1,False
confusion_depth,depth,,1,0.30000000000000004,8,9021,4949,False,740,oscillated,-1,False
confusion_depth,depth,,1,0.30000000000000004,6,4ed4,12b4,False,740,oscillated,-1,False
confusion_depth,depth,,1,0.30000000000000004,1,1995,1915,False,740,oscillated,-1,False
confusion_depth,depth,,1,0.30000000000000004,4,1890,58a4,True,15,spurious,-1,False
confusion_depth,depth,,1,0.30000000000000004,7,971e,a75b,True,12,spurious,-1,False
confusion_depth,depth,,1,0.30000000000000004,2,1a15,1b95,True,9,correct,1,True
confusion_depth,depth,,1,0.30000000000000004,2,995,1395,False,740,oscillated,-1,False
confusion_depth,depth,,1,0.30000000000000004,5,99c4,58a4,True,14,spurious,-1,False
confusion_depth,depth,,1,0.30000000000000004,9,6f2c,3d05,False,740,oscillated,-1,False
confusion_depth,depth,,1,0.30000000000000004,3,8395,395,True,4,spurious,-1,False
confusion_depth,depth,,1,0.30000000000000004,4,1b3f,395,True,9,spurious,-1,False
confusion_depth,depth,,1,0.30000000000000004,2,1b14,1b95,True,9,correct,1,True
confusion_depth,depth,,1,0.30000000000000004,4,5a84,58a4,True,5,spurious,-1,False
confusion_depth,depth,,1,0.30000000000000004,4,1ad6,2b4,True,7,spurious,-1,False
confusion_depth,depth,,1,0.30000000000000004,8,52a2,58a4,True,16,spurious,-1,False
confusion_depth,depth,,1,0.30000000000000004,4,f8d,395,True,17,spurious,-1,False
confusion_depth,depth,,1,0.30000000000000004,7,d35f,c94b,False,740,oscillated,-1,False
confusion_depth,depth,,1,0.30000000000000004,2,1915,1915,False,740,oscillated,-1,False
confusion_depth,depth,,1,0.30000000000000004,2,b91,395,True,7,spurious,-1,False
confusion_depth,depth,,1,0.30000000000000004,5,128c,2b4,True,17,spurious,-1,False
confusion_depth,depth,,1,0.30000000000000004,6,4ffd,12b4,False,740,oscillated,-1,False
confusion_depth,depth,,1,0.30000000000000004,4,11bd,2b4,True,17,spurious,-1,False
confusion_depth,depth,,1,0.30000000000000004,5,5ad3,58a4,True,14,spurious,-1,False
confusion_depth,depth,,1,0.30000000000000004,7,9a0b,9907,False,740,oscillated,-1,False
confusion_depth,depth,,1,0.30000000000000004,4,5ba4,58a4,True,5,spurious,-1,False
confusion_depth,depth,,1,0.30000000000000004,5,1a53,359,True,17,spurious,-1,False
confusion_depth,depth,,1,0.30000000000000004,4,33c5,395,True,17,spurious,-1,False
confusion_depth,depth,,1,0.30000000000000004,5,33b6,2ab6,False,740,oscillated,-1,False
confusion_depth,depth,,1,0.30000000000000004,6,3275,359,True,16,spurious,-1,False
confusion_depth,depth,,2,0.30000000000000004,4,26f0,26b4,False,740,oscillated,-1,False
confusion_depth,depth,,2,0.30000000000000004,5,369c,26b4,False,740,oscillated,-1,False
confusion_depth,depth,,2,0.30000000000000004,6,cf94,96b4,False,740,oscillated,-1,False
confusion_depth,depth,,2,0.30000000000000004,4,273e,a75b,True,16,spurious,-1,False
confusion_depth,depth,,2,0.30000000000000004,4,a2d4,a2b4,False,740,oscillated,-1,False
confusion_depth,depth,,2,0.30000000000000004,5,affa,e6fa,True,12,spurious,-1,False
confusion_depth,depth,,2,0.30000000000000004,2,86b4,86b4,False,740,oscillated,-1,False
confusion_depth,depth,,2,0.30000000000000004,5,83e6,82b6,False,740,oscillated,-1,False
confusion_depth,depth,,2,0.30000000000000004,7,245c,2759,False,740,oscillated,-1,False
confusion_depth,depth,,2,0.30000000000000004,5,b673,a75b,True,7,spurious,-1,False
confusion_depth,depth,,2,0.30000000000000004,6,4cb4,58a4,True,11,spurious,-1,False
confusion_depth,depth,,2,0.30000000000000004,4,b0b7,aeb6,False,740,oscillated,-1,False
confusion_depth,depth,,2,0.30000000000000004,8,4dd6,5ca6,False,740,oscillated,-1,False
confusion_depth,depth,,2,0.30000000000000004,5,c6b1,c6f8,False,740,oscillated,-1,False
confusion_depth,depth,,2,0.30000000000000004,6,3534,2f95,False,740,oscillated,-1,False
confusion_depth,depth,,2,0.30000000000000004,5,3734,2f95,False,740,oscillated,-1,False
confusion_depth,depth,,2,0.30000000000000004,4,b4f4,a6b6,True,17,correct,2,True
confusion_depth,depth,,2,0.30000000000000004,7,4e8e,5ca6,False,740,oscillated,-1,False
confusion_depth,depth,,2,0.30000000000000004,6,60fe,60fa,False,740,oscillated,-1,False
confusion_depth,depth,,2,0.30000000000000004,4,a673,a75b,True,7,spurious,-1,False
confusion_depth,depth,,2,0.30000000000000004,4,a782,a6b6,True,7,correct,2,True
confusion_depth,depth,,2,0.30000000000000004,4,a290,a2b4,False,740,oscillated,-1,False
confusion_depth,depth,,2,0.30000000000000004,5,a37e,a75b,True,7,spurious,-1,False
confusion_depth,depth,,2,0.30000000000000004,2,86a6,a6b6,True,5,correct,2,True
confusion_depth,depth,,2,0.30000000000000004,4,b737,af97,False,740,oscillated,-1,False
confusion_depth,depth,,2,0.30000000000000004,5,86da,e6fa,True,12,spurious,-1,False
confusion_depth,depth,,2,0.30000000000000004,6,baff,a6b6,True,7,correct,2,True
confusion_depth,depth,,2,0.30000000000000004,3,a426,fca6,True,23,wrong_pattern,0,False
confusion_depth,depth,,2,0.30000000000000004,6,6136,235b,False,740,oscillated,-1,False
confusion_depth,depth,,2,0.30000000000000004,6,9eee,fca6,True,15,wrong_pattern,0,False
confusion_depth,depth,,2,0.30000000000000004,6,6490,66f8,False,740,oscillated,-1,False
confusion_depth,depth,,2,0.30000000000000004,5,2495,26b4,False,740,oscillated,-1,False
confusion_depth,depth,,2,0.30000000000000004,6,b0f5,aab4,False,740,oscillated,-1,False
confusion_depth,depth,,2,0.30000000000000004,7,55b4,58a4,True,14,spurious,-1,False
confusion_depth,depth,,2,0.30000000000000004,4,8216,8397,False,740,oscillated,-1,False
confusion_depth,depth,,2,0.30000000000000004,6,877a,a75b,True,7,spurious,-1,False
confusion_depth,depth,,2,0.30000000000000004,5,c4ae,fca6,True,17,wrong_pattern,0,False
confusion_depth,depth,,2,0.30000000000000004,6,9222,d826,False,740,oscillated,-1,False
confusion_depth,depth,,2,0.30000000000000004,6,e275,a359,False,740,oscillated,-1,False
confusion_depth,depth,,2,0.30000000000000004,5,b4d4,a6b6,True,17,correct,2,True
confusion_depth,depth,,2,0.30000000000000004,4,86b1,86b4,False,740,oscillated,-1,False
confusion_depth,depth,,2,0.30000000000000004,8,620f,235b,False,740,oscillated,-1,False
confusion_depth,depth,,2,0.30000000000000004,4,8e34,96b4,False,740,oscillated,-1,False
confusion_depth,depth,,2,0.30000000000000004,5,e6a1,e6fa,True,15,spurious,-1,False
confusion_depth,depth,,2,0.30000000000000004,4,efb7,b6b6,False,740,oscillated,-1,False
confusion_depth,depth,,2,0.30000000000000004,6,e3d7,a75b,True,14,spurious,-1,False
confusion_depth,depth,,2,0.30000000000000004,9,f7cb,a75b,True,21,spurious,-1,False
confusion_depth,depth,,2,0.30000000000000004,4,2286,22b6,False,740,oscillated,-1,False
confusion_depth,depth,,2,0.30000000000000004,4,66b0,66f8,False,740,oscillated,-1,False
confusion_depth,depth,,2,0.30000000000000004,2,e7b6,a6b6,True,11,correct,2,True
confusion_depth,depth,,2,0.30000000000000004,7,83ea,c2fa,False,740,oscillated,-1,False
confusion_depth,depth,,2,0.30000000000000004,5,ced6,b6b6,False,740,oscillated,-1,False
confusion_depth,depth,,2,0.30000000000000004,4,87ae,a6b6,True,6,correct,2,True
confusion_depth,depth,,2,0.30000000000000004,5,a483,a6b6,True,7,correct,2,True
confusion_depth,depth,,2,0.30000000000000004,5,84f0,86b4,False,740,oscillated,-1,False
confusion_depth,depth,,2,0.30000000000000004,3,2fb6,b6b6,False,740,oscillated,-1,False
confusion_depth,depth,,2,0.30000000000000004,3,aeb0,a6b6,True,7,correct,2,True
confusion_depth,depth,,2,0.30000000000000004,5,8e72,e6fa,True,11,spurious,-1,False
confusion_depth,depth,,2,0.30000000000000004,2,aea6,b6b6,False,740,oscillated,-1,False
confusion_depth,depth,,2,0.30000000000000004,3,86f4,86b4,False,740,oscillated,-1,False
confusion_depth,depth,,2,0.30000000000000004,7,34ad,26b4,False,740,oscillated,-1,False
confusion_depth,depth,,2,0.30000000000000004,3,e4f6,e4fa,False,740,oscillated,-1,False
confusion_depth,depth,,2,0.30000000000000004,2,c6b6,a6b6,True,11,correct,2,True
confusion_depth,depth,,2,0.30000000000000004,10,3b39,359,True,17,spurious,-1,False
confusion_depth,depth,,2,0.30000000000000004,3,a617,a797,True,9,spurious,-1,False
confusion_depth,depth,,2,0.30000000000000004,6,9cd6,fca6,True,15,wrong_pattern,0,False
confusion_depth,depth,,2,0.30000000000000004,4,f2f6,aeb6,False,740,oscillated,-1,False
confusion_depth,depth,,2,0.30000000000000004,2,a0b6,a6b6,True,5,correct,2,True
confusion_depth,depth,,2,0.30000000000000004,4,96b3,a6b6,True,7,correct,2,True
confusion_depth,depth,,2,0.30000000000000004,8,bcc0,fca6,True,14,wrong_pattern,0,False
confusion_depth,depth,,2,0.30000000000000004,7,fe91,fca6,True,7,wrong_pattern,0,False
confusion_depth,depth,,2,0.30000000000000004,2,86b7,a6b6,True,4,correct,2,True
confusion_depth,depth,,2,0.30000000000000004,8,3c6e,fca6,True,14,wrong_pattern,0,False
confusion_depth,depth,,2,0.30000000000000004,4,a21e,a75b,True,16,spurious,-1,False
confusion_depth,depth,,2,0.30000000000000004,10,1a5f,359,True,17,spurious,-1,False
confusion_depth,depth,,2,0.30000000000000004,2,a2f6,a6b6,True,6,correct,2,True
confusion_depth,depth,,2,0.30000000000000004,6,70be,78a6,False,740,oscillated,-1,False
confusion_depth,depth,,2,0.30000000000000004,6,659e,e6fa,True,16,spurious,-1,False
confusion_depth,depth,,2,0.30000000000000004,7,613e,235b,False,740,oscillated,-1,False
confusion_depth,depth,,2,0.30000000000000004,7,cfee,fca6,True,21,wrong_pattern,0,False
confusion_depth,depth,,2,0.30000000000000004,3,a6a0,a6b6,True,6,correct,2,True
confusion_depth,depth,,2,0.30000000000000004,9,fbfd,f8a4,False,740,oscillated,-1,False
confusion_depth,depth,,2,0.30000000000000004,5,a0a5,f8a4,False,740,oscillated,-1,False
confusion_depth,depth,,2,0.30000000000000004,5,37bf,a6b6,True,7,correct,2,True
confusion_depth,depth,,2,0.30000000000000004,4,26e2,a6b6,True,16,correct,2,True
confusion_depth,depth,,2,0.30000000000000004,4,a4fa,e6fa,True,13,spurious,-1,False
confusion_depth,depth,,2,0.30000000000000004,4,4b4,2b4,True,5,spurious,-1,False
confusion_depth,depth,,2,0.30000000000000004,1,a636,a6b6,True,9,correct,2,True
confusion_depth,depth,,2,0.30000000000000004,2,a2b2,a6b6,True,6,correct,2,True
confusion_depth,depth,,2,0.30000000000000004,5,ec3e,fc6a,True,21,spurious,-1,False
confusion_depth,depth,,2,0.30000000000000004,5,9792,a6b6,True,7,correct,2,True
confusion_depth,depth,,2,0.30000000000000004,4,bcb4,fca6,True,15,wrong_pattern,0,False
confusion_depth,depth,,2,0.30000000000000004,5,acaf,a6b6,True,17,correct,2,True
confusion_depth,depth,,2,0.30000000000000004,1,a2b6,a6b6,True,4,correct,2,True
confusion_depth,depth,,2,0.30000000000000004,4,3b6,2b4,True,4,spurious,-1,False
confusion_depth,depth,,2,0.30000000000000004,6,9fba,a6b6,True,7,correct,2,True
confusion_depth,depth,,2,0.30000000000000004,13,5b01,5949,True,16,spurious,-1,False
confusion_depth,depth,,2,0.30000000000000004,4,2fb2,a6b6,True,7,correct,2,True
confusion_depth,depth,,2,0.30000000000000004,9,25c1,27d9,False,740,oscillated,-1,False
confusion_depth,depth,,2,0.30000000000000004,6,37a5,2eb4,False,740,oscillated,-1,False
confusion_depth,depth,,2,0.30000000000000004,6,8af5,2b4,True,7,spurious,-1,False
confusion_depth,depth,,2,0.30000000000000004,6,8798,86b4,False,740,oscillated,-1,False
confusion_depth,depth,,2,0.30000000000000004,5,a72a,a75b,True,7,spurious,-1,False
confusion_depth,depth,,2,0.30000000000000004,1,26b6,a6b6,True,4,correct,2,True
confusion_depth,depth,,2,0.30000000000000004,5,f6b1,aeb6,False,740,oscillated,-1,False
confusion_depth,depth,,2,0.30000000000000004,3,eeb2,b6b6,False,740,oscillated,-1,False
confusion_depth,depth,,2,0.30000000000000004,7,a89b,e6fa,True,17,spurious,-1,False
confusion_depth,depth,,2,0.30000000000000004,4,a7bb,a6b6,True,12,correct,2,True
confusion_depth,depth,,2,0.30000000000000004,5,297,2b4,True,7,spurious,-1,False
confusion_depth,depth,,2,0.30000000000000004,8,c1b8,40f8,False,740,oscillated,-1,False
confusion_depth,depth,,2,0.30000000000000004,6,6026,786a,False,740,oscillated,-1,False
confusion_depth,depth,,2,0.30000000000000004,1,86b6,a6b6,True,4,correct,2,True
confusion_depth,depth,,2,0.30000000000000004,6,b832,fca6,True,15,wrong_pattern,0,False
confusion_depth,depth,,2,0.30000000000000004,3,22b4,2b4,True,4,spurious,-1,False
confusion_depth,depth,,2,0.30000000000000004,4,86b1,86b4,False,740,oscillated,-1,False
confusion_depth,depth,,2,0.30000000000000004,6,3274,42f8,True,16,spurious,-1,False
confusion_depth,depth,,2,0.30000000000000004,6,f896,fca6,True,5,wrong_pattern,0,False
confusion_depth,depth,,2,0.30000000000000004,6,c733,a75b,True,14,spurious,-1,False
confusion_depth,depth,,2,0.30000000000000004,6,2f3c,2759,False,740,oscillated,-1,False
confusion_depth,depth,,2,0.30000000000000004,7,8557,a75b,True,11,spurious,-1,False
confusion_depth,depth,,3,0.30000000000000004,5,cc47,fd4b,True,17,spurious,-1,False
confusion_depth,depth,,3,0.30000000000000004,6,e966,fd4b,True,12,spurious,-1,False
confusion_depth,depth,,3,0.30000000000000004,5,f942,fd4b,True,6,spurious,-1,False
confusion_depth,depth,,3,0.30000000000000004,6,9531,8759,False,740,oscillated,-1,False
confusion_depth,depth,,3,0.30000000000000004,6,1f81,1b05,False,740,oscillated,-1,False
confusion_depth,depth,,3,0.30000000000000004,5,b3c7,a797,True,17,spurious,-1,False
confusion_depth,depth,,3,0.30000000000000004,1,bd17,bd17,False,740,oscillated,-1,False
confusion_depth,depth,,3,0.30000000000000004,5,e703,a75b,True,15,spurious,-1,False
confusion_depth,depth,,3,0.30000000000000004,6,2687,a6b6,True,7,wrong_pattern,2,False
confusion_depth,depth,,3,0.30000000000000004,3,1d05,1905,True,4,spurious,-1,False
confusion_depth,depth,,3,0.30000000000000004,5,342f,ed4b,False,740,oscillated,-1,False
confusion_depth,depth,,3,0.30000000000000004,5,a801,f149,False,740,oscillated,-1,False
confusion_depth,depth,,3,0.30000000000000004,5,f511,fd4b,True,21,spurious,-1,False
confusion_depth,depth,,3,0.30000000000000004,5,b155,a359,False,740,oscillated,-1,False
confusion_depth,depth,,3,0.30000000000000004,5,b975,b915,False,740,oscillated,-1,False
confusion_depth,depth,,3,0.30000000000000004,7,5145,5949,True,17,spurious,-1,False
confusion_depth,depth,,3,0.30000000000000004,4,ba47,bf07,False,740,oscillated,-1,False
confusion_depth,depth,,3,0.30000000000000004,4,b715,af97,False,740,oscillated,-1,False
confusion_depth,depth,,3,0.30000000000000004,4,db07,9907,False,740,oscillated,-1,False
confusion_depth,depth,,3,0.30000000000000004,7,1fbf,6b6,False,740,oscillated,-1,False
confusion_depth,depth,,3,0.30000000000000004,6,e104,a359,False,740,oscillated,-1,False
confusion_depth,depth,,3,0.30000000000000004,6,9f91,8795,False,740,oscillated,-1,False
confusion_depth,depth,,3,0.30000000000000004,4,7f87,bd07,True,13,correct,3,True
confusion_depth,depth,,3,0.30000000000000004,7,bdd8,a6b6,True,19,wrong_pattern,2,False
confusion_depth,depth,,3,0.30000000000000004,6,3a15,1b95,True,9,wrong_pattern,1,False
confusion_depth,depth,,3,0.30000000000000004,2,bc05,bd07,True,4,correct,3,True
confusion_depth,depth,,3,0.30000000000000004,4,df17,bd07,True,13,correct,3,True
confusion_depth,depth,,3,0.30000000000000004,8,11c4,2b4,True,17,spurious,-1,False
confusion_depth,depth,,3,0.30000000000000004,6,be8c,fca6,True,15,wrong_pattern,0,False
confusion_depth,depth,,3,0.30000000000000004,6,9a43,9907,False,740,oscillated,-1,False
confusion_depth,depth,,3,0.30000000000000004,6,3ca2,fca6,True,11,wrong_pattern,0,False
confusion_depth,depth,,3,0.30000000000000004,5,cd1f,fd4b,True,21,spurious,-1,False
confusion_depth,depth,,3,0.30000000000000004,5,140f,4d4b,False,740,oscillated,-1,False
confusion_depth,depth,,3,0.30000000000000004,2,ad0f,f54b,False,740,oscillated,-1,False
confusion_depth,depth,,3,0.30000000000000004,5,9d2a,bd07,True,17,correct,3,True
confusion_depth,depth,,3,0.30000000000000004,3,b516,ad17,False,740,oscillated,-1,False
confusion_depth,depth,,3,0.30000000000000004,4,9d8e,fca6,True,14,wrong_pattern,0,False
confusion_depth,depth,,3,0.30000000000000004,5,f816,bd07,True,15,correct,3,True
confusion_depth,depth,,3,0.30000000000000004,4,b953,bd17,False,740,oscillated,-1,False
confusion_depth,depth,,3,0.30000000000000004,5,8f0e,a75b,True,21,spurious,-1,False
confusion_depth,depth,,3,0.30000000000000004,5,9d40,9d05,False,740,oscillated,-1,False
confusion_depth,depth,,3,0.30000000000000004,4,bc0c,bd07,True,7,correct,3,True
confusion_depth,depth,,3,0.30000000000000004,4,2d97,b797,False,740,oscillated,-1,False
confusion_depth,depth,,3,0.30000000000000004,5,aec7,a6b6,True,17,wrong_pattern,2,False
confusion_depth,depth,,3,0.30000000000000004,4,bb25,bb05,False,740,oscillated,-1,False
confusion_depth,depth,,3,0.30000000000000004,3,bc15,bd17,False,740,oscillated,-1,False
confusion_depth,depth,,3,0.30000000000000004,4,bcaf,fca6,True,12,wrong_pattern,0,False
confusion_depth,depth,,3,0.30000000000000004,7,7896,78a6,False,740,oscillated,-1,False
confusion_depth,depth,,3,0.30000000000000004,5,bb8d,bb05,False,740,oscillated,-1,False
confusion_depth,depth,,3,0.30000000000000004,5,fbc7,bd07,True,11,correct,3,True
confusion_depth,depth,,3,0.30000000000000004,3,ff0f,fd4b,True,16,spurious,-1,False
confusion_depth,depth,,3,0.30000000000000004,3,bf16,bf97,True,9,spurious,-1,False
confusion_depth,depth,,3,0.30000000000000004,4,1927,1905,True,4,spurious,-1,False
confusion_depth,depth,,3,0.30000000000000004,7,6565,2759,False,740,oscillated,-1,False
confusion_depth,depth,,3,0.30000000000000004,3,3d97,bd17,False,740,oscillated,-1,False
confusion_depth,depth,,3,0.30000000000000004,5,1546,4d4b,False,740,oscillated,-1,False
confusion_depth,depth,,3,0.30000000000000004,4,3f0d,3f05,False,740,oscillated,-1,False
confusion_depth,depth,,3,0.30000000000000004,7,d38f,9b07,False,740,oscillated,-1,False
confusion_depth,depth,,3,0.30000000000000004,2,b506,bd07,True,7,correct,3,True
confusion_depth,depth,,3,0.30000000000000004,6,b429,ed4b,False,740,oscillated,-1,False
confusion_depth,depth,,3,0.30000000000000004,5,f94b,fd4b,True,4,spurious,-1,False
confusion_depth,depth,,3,0.30000000000000004,7,7b96,78a6,False,740,oscillated,-1,False
confusion_depth,depth,,3,0.30000000000000004,5,bdf5,fca6,True,15,wrong_pattern,0,False
confusion_depth,depth,,3,0.30000000000000004,5,f826,fca6,True,9,wrong_pattern,0,False
confusion_depth,depth,,3,0.30000000000000004,6,8e85,96b4,False,740,oscillated,-1,False
confusion_depth,depth,,3,0.30000000000000004,4,fc85,fca6,True,7,wrong_pattern,0,False
confusion_depth,depth,,3,0.30000000000000004,2,b927,bd07,True,4,correct,3,True
confusion_depth,depth,,3,0.30000000000000004,3,f505,bd07,True,11,correct,3,True
confusion_depth,depth,,3,0.30000000000000004,6,f1d7,bd07,True,13,correct,3,True
confusion_depth,depth,,3,0.30000000000000004,8,777,75b,False,740,oscillated,-1,False
confusion_depth,depth,,3,0.30000000000000004,3,dd06,bd07,True,12,correct,3,True
confusion_depth,depth,,3,0.30000000000000004,7,6f42,fd4b,True,17,spurious,-1,False
confusion_depth,depth,,3,0.30000000000000004,5,1b27,1b05,False,740,oscillated,-1,False
confusion_depth,depth,,3,0.30000000000000004,0,bd07,bd07,True,0,correct,3,True
confusion_depth,depth,,3,0.30000000000000004,3,bf46,bf07,False,740,oscillated,-1,False
confusion_depth,depth,,3,0.30000000000000004,4,3c45,3d05,False,740,oscillated,-1,False
confusion_depth,depth,,3,0.30000000000000004,7,220f,235b,False,740,oscillated,-1,False
confusion_depth,depth,,3,0.30000000000000004,3,bd4b,fd4b,True,11,spurious,-1,False
confusion_depth,depth,,3,0.30000000000000004,5,ee27,bd07,True,15,correct,3,True
confusion_depth,depth,,3,0.30000000000000004,6,9e8b,fca6,True,15,wrong_pattern,0,False
confusion_depth,depth,,3,0.30000000000000004,1,bd06,bd07,True,4,correct,3,True
confusion_depth,depth,,3,0.30000000000000004,9,4540,5949,True,7,spurious,-1,False
confusion_depth,depth,,3,0.30000000000000004,4,b197,af97,False,740,oscillated,-1,False
confusion_depth,depth,,3,0.30000000000000004,3,b567,ed4b,False,740,oscillated,-1,False
confusion_depth,depth,,3,0.30000000000000004,4,b317,af97,False,740,oscillated,-1,False
confusion_depth,depth,,3,0.30000000000000004,5,f91d,f949,False,740,oscillated,-1,False
confusion_depth,depth,,3,0.30000000000000004,7,a461,a75b,True,7,spurious,-1,False
confusion_depth,depth,,3,0.30000000000000004,3,2d0f,f54b,False,740,oscillated,-1,False
confusion_depth,depth,,3,0.30000000000000004,6,94c5,86b4,False,740,oscillated,-1,False
confusion_depth,depth,,3,0.30000000000000004,5,8c0e,f54b,False,740,oscillated,-1,False
confusion_depth,depth,,3,0.30000000000000004,3,9906,9907,False,740,oscillated,-1,False
confusion_depth,depth,,3,0.30000000000000004,5,3d19,3d15,False,740,oscillated,-1,False
confusion_depth,depth,,3,0.30000000000000004,3,fd83,bd07,True,16,correct,3,True
confusion_depth,depth,,3,0.30000000000000004,6,318d,395,True,17,spurious,-1,False
confusion_depth,depth,,3,0.30000000000000004,2,bd83,bd07,True,9,correct,3,True
confusion_depth,depth,,3,0.30000000000000004,3,b557,a75b,True,21,spurious,-1,False
confusion_depth,depth,,3,0.30000000000000004,5,ff4d,fd4b,True,6,spurious,-1,False
confusion_depth,depth,,3,0.30000000000000004,5,ba0e,bd07,True,15,correct,3,True
confusion_depth,depth,,3,0.30000000000000004,7,9e3b,a797,True,14,spurious,-1,False
confusion_depth,depth,,3,0.30000000000000004,6,bc99,fca6,True,15,wrong_pattern,0,False
confusion_depth,depth,,3,0.30000000000000004,2,ac07,bd07,True,7,correct,3,True
confusion_depth,depth,,3,0.30000000000000004,3,b98f,bd07,True,9,correct,3,True
confusion_depth,depth,,3,0.30000000000000004,6,6d1e,bd07,True,16,correct,3,True
confusion_depth,depth,,3,0.30000000000000004,7,f64b,ed4b,False,740,oscillated,-1,False
confusion_depth,depth,,3,0.30000000000000004,2,bd13,bd17,False,740,oscillated,-1,False
confusion_depth,depth,,3,0.30000000000000004,5,251f,a75b,True,11,spurious,-1,False
confusion_depth,depth,,3,0.30000000000000004,3,9d04,9d05,False,740,oscillated,-1,False
confusion_depth,depth,,3,0.30000000000000004,4,1505,1905,True,7,spurious,-1,False
confusion_depth,depth,,3,0.30000000000000004,4,3c0e,bd07,True,7,correct,3,True
confusion_depth,depth,,3,0.30000000000000004,4,bb26,bf07,False,740,oscillated,-1,False
confusion_depth,depth,,3,0.30000000000000004,7,d931,5949,True,17,spurious,-1,False
confusion_depth,depth,,3,0.30000000000000004,3,a517,a797,True,13,spurious,-1,False
confusion_depth,depth,,3,0.30000000000000004,7,39d4,58a4,True,15,spurious,-1,False
confusion_depth,depth,,3,0.30000000000000004,4,b91d,b915,False,740,oscillated,-1,False
confusion_depth,depth,,3,0.30000000000000004,2,9f07,bf07,False,740,oscillated,-1,False
confusion_depth,depth,,3,0.30000000000000004,5,1c57,1d17,False,740,oscillated,-1,False
confusion_depth,depth,,3,0.30000000000000004,5,ef97,b797,False,740,oscillated,-1,False
confusion_depth,depth,,3,0.30000000000000004,7,3caa,fca6,True,14,wrong_pattern,0,False
confusion_depth,depth,,3,0.30000000000000004,3,3947,3907,False,740,oscillated,-1,False
confusion_depth,depth,,3,0.30000000000000004,7,8482,a6b6,True,6,wrong_pattern,2,False
confusion_depth,depth,,0,0.35000000000000003,4,eeaa,fca6,True,21,correct,0,True
confusion_depth,depth,,0,0.35000000000000003,4,f5af,fca6,True,7,correct,0,True
confusion_depth,depth,,0,0.35000000000000003,8,b640,a75b,True,18,spurious,-1,False
confusion_depth,depth,,0,0.35000000000000003,7,8d20,d549,False,740,oscillated,-1,False
confusion_depth,depth,,0,0.35000000000000003,9,4d7f,554b,False,740,oscillated,-1,False
confusion_depth,depth,,0,0.35000000000000003,7,d24,1905,True,7,spurious,-1,False
confusion_depth,depth,,0,0.35000000000000003,7,b0cc,e2f8,False,740,oscillated,-1,False
confusion_depth,depth,,0,0.35000000000000003,6,b9ce,fca6,True,14,correct,0,True
confusion_depth,depth,,0,0.35000000000000003,4,d436,fca6,True,9,correct,0,True
confusion_depth,depth,,0,0.35000000000000003,5,6866,7826,False,740,oscillated,-1,False
confusion_depth,depth,,0,0.35000000000000003,4,f6a3,fca6,True,16,correct,0,True
confusion_depth,depth,,0,0.35000000000000003,6,ae62,e6fa,True,13,spurious,-1,False
confusion_depth,depth,,0,0.35000000000000003,5,f495,fca6,True,17,correct,0,True
confusion_depth,depth,,0,0.35000000000000003,5,75f6,fca6,True,16,correct,0,True
confusion_depth,depth,,0,0.35000000000000003,2,7ca4,7ca4,False,740,oscillated,-1,False
confusion_depth,depth,,0,0.35000000000000003,4,e466,e46a,True,6,spurious,-1,False
confusion_depth,depth,,0,0.35000000000000003,4,fda1,fca6,True,7,correct,0,True
confusion_depth,depth,,0,0.35000000000000003,5,ed3e,bd07,True,17,wrong_pattern,3,False
confusion_depth,depth,,0,0.35000000000000003,8,369a,a6b6,True,17,wrong_pattern,2,False
confusion_depth,depth,,0,0.35000000000000003,2,fc27,bd07,True,15,wrong_pattern,3,False
confusion_depth,depth,,0,0.35000000000000003,6,902e,d86a,False,740,oscillated,-1,False
confusion_depth,depth,,0,0.35000000000000003,3,f487,fca6,True,7,correct,0,True
confusion_depth,depth,,0,0.35000000000000003,9,b27f,a75b,True,7,spurious,-1,False
confusion_depth,depth,,0,0.35000000000000003,5,7ba4,58a4,True,5,spurious,-1,False
confusion_depth,depth,,0,0.35000000000000003,5,e582,fc6a,True,14,spurious,-1,False
confusion_depth,depth,,0,0.35000000000000003,5,feff,fca6,True,11,correct,0,True
confusion_depth,depth,,0,0.35000000000000003,3,ecf6,fca6,True,16,correct,0,True
confusion_depth,depth,,0,0.35000000000000003,6,eee8,f6ea,False,740,oscillated,-1,False
confusion_depth,depth,,0,0.35000000000000003,8,b7ca,e6fa,True,15,spurious,-1,False
confusion_depth,depth,,0,0.35000000000000003,6,8cef,e6fa,True,16,spurious,-1,False
confusion_depth,depth,,0,0.35000000000000003,9,2feb,e6fa,True,15,spurious,-1,False
confusion_depth,depth,,0,0.35000000000000003,3,f6e6,fca6,True,16,correct,0,True
confusion_depth,depth,,0,0.35000000000000003,5,efc6,fca6,True,18,correct,0,True
confusion_depth,depth,,0,0.35000000000000003,9,d17c,5949,True,17,spurious,-1,False
confusion_depth,depth,,0,0.35000000000000003,6,8e66,fca6,True,30,correct,0,True
confusion_depth,depth,,0,0.35000000000000003,3,dcc6,fca6,True,6,correct,0,True
confusion_depth,depth,,0,0.35000000000000003,6,ec91,fca6,True,18,correct,0,True
confusion_depth,depth,,0,0.35000000000000003,5,fa2c,f824,False,740,oscillated,-1,False
confusion_depth,depth,,0,0.35000000000000003,10,ab4f,a75b,True,16,spurious,-1,False
confusion_depth,depth,,0,0.35000000000000003,5,3cbc,7ca4,False,740,oscillated,-1,False
confusion_depth,depth,,0,0.35000000000000003,5,ddb0,dca4,False,740,oscillated,-1,False
confusion_depth,depth,,0,0.35000000000000003,7,c847,d94b,False,740,oscillated,-1,False
confusion_depth,depth,,0,0.35000000000000003,4,fdbc,fca6,True,6,correct,0,True
confusion_depth,depth,,0,0.35000000000000003,5,b837,bd17,False,740,oscillated,-1,False
confusion_depth,depth,,0,0.35000000000000003,6,582a,5868,True,6,spurious,-1,False
confusion_depth,depth,,0,0.35000000000000003,4,f596,fca6,True,17,correct,0,True
confusion_depth,depth,,0,0.35000000000000003,5,5db7,5ca6,False,740,oscillated,-1,False
confusion_depth,depth,,0,0.35000000000000003,7,8cf3,e6fa,True,16,spurious,-1,False
confusion_depth,depth,,0,0.35000000000000003,6,d09e,d8a6,False,740,oscillated,-1,False
confusion_depth,depth,,0,0.35000000000000003,2,dea6,fca6,True,5,correct,0,True
confusion_depth,depth,,0,0.35000000000000003,2,74a6,fca6,True,7,correct,0,True
confusion_depth,depth,,0,0.35000000000000003,4,f897,fca6,True,7,correct,0,True
confusion_depth,depth,,0,0.35000000000000003,9,c1f,75b,False,740,oscillated,-1,False
confusion_depth,depth,,0,0.35000000000000003,7,7ab1,58a4,True,6,spurious,-1,False
confusion_depth,depth,,0,0.35000000000000003,10,819a,82b6,False,740,oscillated,-1,False
confusion_depth,depth,,0,0.35000000000000003,6,1686,eb6,False,740,oscillated,-1,False
confusion_depth,depth,,0,0.35000000000000003,5,b506,bd07,True,7,wrong_pattern,3,False
confusion_depth,depth,,0,0.35000000000000003,5,d1ae,d8a6,False,740,oscillated,-1,False
confusion_depth,depth,,0,0.35000000000000003,9,25d4,26b4,False,740,oscillated,-1,False
confusion_depth,depth,,0,0.35000000000000003,8,24e8,66f8,False,740,oscillated,-1,False
confusion_depth,depth,,0,0.35000000000000003,1,fce6,fca6,True,6,correct,0,True
confusion_depth,depth,,0,0.35000000000000003,5,fe6c,fc6a,True,6,spurious,-1,False
confusion_depth,depth,,0,0.35000000000000003,5,b2a7,aeb6,False,740,oscillated,-1,False
confusion_depth,depth,,0,0.35000000000000003,9,7245,1905,True,16,spurious,-1,False
confusion_depth,depth,,0,0.35000000000000003,6,aab2,a6b6,True,7,wrong_pattern,2,False
confusion_depth,depth,,0,0.35000000000000003,5,70a3,78a6,False,740,oscillated,-1,False
confusion_depth,depth,,0,0.35000000000000003,6,3e32,a6b6,True,9,wrong_pattern,2,False
confusion_depth,depth,,0,0.35000000000000003,8,1e77,797,False,740,oscillated,-1,False
confusion_depth,depth,,0,0.35000000000000003,4,fd8a,fca6,True,16,correct,0,True
confusion_depth,depth,,0,0.35000000000000003,10,ca4b,d14b,False,740,oscillated,-1,False
confusion_depth,depth,,0,0.35000000000000003,6,6aa5,58a4,True,14,spurious,-1,False
confusion_depth,depth,,0,0.35000000000000003,4,b8aa,fca6,True,14,correct,0,True
confusion_depth,depth,,0,0.35000000000000003,5,a884,f8a4,False,740,oscillated,-1,False
confusion_depth,depth,,0,0.35000000000000003,8,4405,5949,True,7,spurious,-1,False
confusion_depth,depth,,0,0.35000000000000003,4,fe8f,fca6,True,7,correct,0,True
confusion_depth,depth,,0,0.35000000000000003,1,eca6,fca6,True,7,correct,0,True
confusion_depth,depth,,0,0.35000000000000003,5,be34,fca6,True,23,correct,0,True
confusion_depth,depth,,0,0.35000000000000003,5,7be6,78a6,False,740,oscillated,-1,False
confusion_depth,depth,,0,0.35000000000000003,6,9dfe,fca6,True,15,correct,0,True
confusion_depth,depth,,0,0.35000000000000003,5,fe03,fd4b,True,17,spurious,-1,False
confusion_depth,depth,,0,0.35000000000000003,4,7da5,7ca4,False,740,oscillated,-1,False
confusion_depth,depth,,0,0.35000000000000003,5,16a6,eb6,False,740,oscillated,-1,False
confusion_depth,depth,,0,0.35000000000000003,7,27b6,a6b6,True,4,wrong_pattern,2,False
confusion_depth,depth,,0,0.35000000000000003,5,fa62,fc6a,True,6,spurious,-1,False
confusion_depth,depth,,0,0.35000000000000003,5,efaa,fca6,True,21,correct,0,True
confusion_depth,depth,,0,0.35000000000000003,9,abca,e6fa,True,15,spurious,-1,False
confusion_depth,depth,,0,0.35000000000000003,3,f4e7,fca6,True,7,correct,0,True
confusion_depth,depth,,0,0.35000000000000003,4,d8c6,d8a6,False,740,oscillated,-1,False
confusion_depth,depth,,0,0.35000000000000003,6,8ef6,a6b6,True,7,wrong_pattern,2,False
confusion_depth,depth,,0,0.35000000000000003,3,fba6,fca6,True,5,correct,0,True
confusion_depth,depth,,0,0.35000000000000003,4,b427,bd07,True,7,wrong_pattern,3,False
confusion_depth,depth,,0,0.35000000000000003,7,54cc,58a4,True,12,spurious,-1,False
confusion_depth,depth,,0,0.35000000000000003,3,7cb2,fca6,True,6,correct,0,True
confusion_depth,depth,,0,0.35000000000000003,7,de29,dd49,False,740,oscillated,-1,False
confusion_depth,depth,,0,0.35000000000000003,4,a4a2,a6b6,True,6,wrong_pattern,2,False
confusion_depth,depth,,0,0.35000000000000003,4,cca5,dca4,False,740,oscillated,-1,False
confusion_depth,depth,,0,0.35000000000000003,2,7ca7,fca6,True,4,correct,0,True
confusion_depth,depth,,0,0.35000000000000003,4,de87,fca6,True,7,correct,0,True
confusion_depth,depth,,0,0.35000000000000003,5,7492,fca6,True,16,correct,0,True
confusion_depth,depth,,0,0.35000000000000003,4,7c37,bd07,True,15,wrong_pattern,3,False
confusion_depth,depth,,0,0.35000000000000003,5,9086,d8a6,False,740,oscillated,-1,False
confusion_depth,depth,,0,0.35000000000000003,7,5932,5949,True,13,spurious,-1,False
confusion_depth,depth,,0,0.35000000000000003,5,f895,f8a4,False,740,oscillated,-1,False
confusion_depth,depth,,0,0.35000000000000003,5,f98a,fca6,True,16,correct,0,True
confusion_depth,depth,,0,0.35000000000000003,8,d244,1905,True,17,spurious,-1,False
confusion_depth,depth,,0,0.35000000000000003,3,fcce,fca6,True,12,correct,0,True
confusion_depth,depth,,0,0.35000000000000003,5,b0a0,aab4,False,740,oscillated,-1,False
confusion_depth,depth,,0,0.35000000000000003,3,fc32,fc6a,True,21,spurious,-1,False
confusion_depth,depth,,0,0.35000000000000003,10,8057,835b,False,740,oscillated,-1,False
confusion_depth,depth,,0,0.35000000000000003,4,d5a4,dca4,False,740,oscillated,-1,False
confusion_depth,depth,,0,0.35000000000000003,7,ea6a,f46a,False,740,oscillated,-1,False
confusion_depth,depth,,0,0.35000000000000003,3,bc24,fca6,True,11,correct,0,True
confusion_depth,depth,,0,0.35000000000000003,8,fb9d,b905,False,740,oscillated,-1,False
confusion_depth,depth,,0,0.35000000000000003,7,5f34,1905,True,15,spurious,-1,False
confusion_depth,depth,,0,0.35000000000000003,7,d797,af97,False,740,oscillated,-1,False
confusion_depth,depth,,0,0.35000000000000003,9,9b3c,395,True,9,spurious,-1,False
confusion_depth,depth,,0,0.35000000000000003,7,7dfd,7ca4,False,740,oscillated,-1,False
confusion_depth,depth,,0,0.35000000000000003,6,e9b0,f8a4,False,740,oscillated,-1,False
confusion_depth,depth,,0,0.35000000000000003,5,dc9c,dca4,False,740,oscillated,-1,False
confusion_depth,depth,,0,0.35000000000000003,5,2ea7,b6b6,False,740,oscillated,-1,False
confusion_depth,depth,,1,0.35000000000000003,8,55f6,5ca6,False,740,oscillated,-1,False
confusion_depth,depth,,1,0.35000000000000003,7,48b6,58a4,True,11,spurious,-1,False
confusion_depth,depth,,1,0.35000000000000003,2,3b91,1b95,True,6,correct,1,True
confusion_depth,depth,,1,0.35000000000000003,4,5999,1905,True,11,spurious,-1,False
confusion_depth,depth,,1,0.35000000000000003,5,3e96,fca6,True,18,wrong_pattern,0,False
confusion_depth,depth,,1,0.35000000000000003,5,699d,1905,True,13,spurious,-1,False
confusion_depth,depth,,1,0.35000000000000003,8,85b6,a6b6,True,5,wrong_pattern,2,False
confusion_depth,depth,,1,0.35000000000000003,8,8d36,b797,False,740,oscillated,-1,False
confusion_depth,depth,,1,0.35000000000000003,5,9ebd,dca4,False,740,oscillated,-1,False
confusion_depth,depth,,1,0.35000000000000003,6,389e,78a6,False,740,oscillated,-1,False
confusion_depth,depth,,1,0.35000000000000003,7,8d2,42f8,True,16,spurious,-1,False
confusion_depth,depth,,1,0.35000000000000003,4,2a15,1395,False,740,oscillated,-1,False
confusion_depth,depth,,1,0.35000000000000003,6,9d16,bd17,False,740,oscillated,-1,False
confusion_depth,depth,,1,0.35000000000000003,8,2706,a797,True,9,spurious,-1,False
confusion_depth,depth,,1,0.35000000000000003,6,db50,5949,True,6,spurious,-1,False
confusion_depth,depth,,1,0.35000000000000003,7,d8b3,d8a6,False,740,oscillated,-1,False
confusion_depth,depth,,1,0.35000000000000003,6,7dd1,7d49,False,740,oscillated,-1,False
confusion_depth,depth,,1,0.35000000000000003,5,9b8b,9b07,False,740,oscillated,-1,False
confusion_depth,depth,,1,0.35000000000000003,4,18f5,58a4,True,15,spurious,-1,False
confusion_depth,depth,,1,0.35000000000000003,5,5e05,1905,True,13,spurious,-1,False
confusion_depth,depth,,1,0.35000000000000003,6,f999,f949,False,740,oscillated,-1,False
confusion_depth,depth,,1,0.35000000000000003,6,96f5,86b4,False,740,oscillated,-1,False
confusion_depth,depth,,1,0.35000000000000003,3,1294,ab4,False,740,oscillated,-1,False
confusion_depth,depth,,1,0.35000000000000003,6,18c6,58a4,True,12,spurious,-1,False
confusion_depth,depth,,1,0.35000000000000003,5,13cc,42f8,True,17,spurious,-1,False
confusion_depth,depth,,1,0.35000000000000003,4,1805,1905,True,4,spurious,-1,False
confusion_depth,depth,,1,0.35000000000000003,10,2038,42f8,True,11,spurious,-1,False
confusion_depth,depth,,1,0.35000000000000003,4,b397,af97,False,740,oscillated,-1,False
confusion_depth,depth,,1,0.35000000000000003,8,88a,42f8,True,16,spurious,-1,False
confusion_depth,depth,,1,0.35000000000000003,5,ff7,6b6,False,740,oscillated,-1,False
confusion_depth,depth,,1,0.35000000000000003,5,817,1115,False,740,oscillated,-1,False
confusion_depth,depth,,1,0.35000000000000003,5,d095,58a4,True,17,spurious,-1,False
confusion_depth,depth,,1,0.35000000000000003,8,8cd6,a6b6,True,17,wrong_pattern,2,False
confusion_depth,depth,,1,0.35000000000000003,6,d28d,58a4,True,18,spurious,-1,False
confusion_depth,depth,,1,0.35000000000000003,3,5e95,58a4,True,7,spurious,-1,False
confusion_depth,depth,,1,0.35000000000000003,4,4385,1905,True,19,spurious,-1,False
confusion_depth,depth,,1,0.35000000000000003,4,591d,5949,True,16,spurious,-1,False
confusion_depth,depth,,1,0.35000000000000003,7,4251,359,True,12,spurious,-1,False
confusion_depth,depth,,1,0.35000000000000003,5,1900,1905,True,6,spurious,-1,False
confusion_depth,depth,,1,0.35000000000000003,4,4a9d,12b4,False,740,oscillated,-1,False
confusion_depth,depth,,1,0.35000000000000003,6,fbfd,f8a4,False,740,oscillated,-1,False
confusion_depth,depth,,1,0.35000000000000003,4,bb14,bb95,False,740,oscillated,-1,False
confusion_depth,depth,,1,0.35000000000000003,8,5044,5949,True,12,spurious,-1,False
confusion_depth,depth,,1,0.35000000000000003,8,27c3,a797,True,21,spurious,-1,False
confusion_depth,depth,,1,0.35000000000000003,9,bf48,a75b,True,14,spurious,-1,False
confusion_depth,depth,,1,0.35000000000000003,4,9297,8ab6,False,740,oscillated,-1,False
confusion_depth,depth,,1,0.35000000000000003,4,1fad,58a4,True,15,spurious,-1,False
confusion_depth,depth,,1,0.35000000000000003,7,4a0f,1905,True,16,spurious,-1,False
confusion_depth,depth,,1,0.35000000000000003,7,ffc7,bd07,True,11,wrong_pattern,3,False
confusion_depth,depth,,1,0.35000000000000003,10,a11a,a75b,True,6,spurious,-1,False
confusion_depth,depth,,1,0.35000000000000003,5,1491,2b4,True,17,spurious,-1,False
confusion_depth,depth,,1,0.35000000000000003,4,f1d,359,True,11,spurious,-1,False
confusion_depth,depth,,1,0.35000000000000003,4,9bdc,2b4,True,7,spurious,-1,False
confusion_depth,depth,,1,0.35000000000000003,5,1953,1915,False,740,oscillated,-1,False
confusion_depth,depth,,1,0.35000000000000003,4,1735,b95,False,740,oscillated,-1,False
confusion_depth,depth,,1,0.35000000000000003,4,984,58a4,True,26,spurious,-1,False
confusion_depth,depth,,1,0.35000000000000003,3,985,1b95,True,7,correct,1,True
confusion_depth,depth,,1,0.35000000000000003,9,da66,d826,False,740,oscillated,-1,False
confusion_depth,depth,,1,0.35000000000000003,4,bbbd,a2b4,False,740,oscillated,-1,False
confusion_depth,depth,,1,0.35000000000000003,5,d11,359,True,21,spurious,-1,False
confusion_depth,depth,,1,0.35000000000000003,8,78de,78a6,False,740,oscillated,-1,False
confusion_depth,depth,,1,0.35000000000000003,7,7110,1905,True,16,spurious,-1,False
confusion_depth,depth,,1,0.35000000000000003,5,9d11,9d15,False,740,oscillated,-1,False
confusion_depth,depth,,1,0.35000000000000003,4,9387,8b97,False,740,oscillated,-1,False
confusion_depth,depth,,1,0.35000000000000003,6,b896,fca6,True,15,wrong_pattern,0,False
confusion_depth,depth,,1,0.35000000000000003,6,47a5,58a4,True,17,spurious,-1,False
confusion_depth,depth,,1,0.35000000000000003,3,1ed5,2b4,True,7,spurious,-1,False
confusion_depth,depth,,1,0.35000000000000003,2,9bd5,1b95,True,6,correct,1,True
confusion_depth,depth,,1,0.35000000000000003,7,b0c5,a2b4,False,740,oscillated,-1,False
confusion_depth,depth,,1,0.35000000000000003,5,7ad1,58a4,True,14,spurious,-1,False
confusion_depth,depth,,1,0.35000000000000003,7,5288,58a4,True,21,spurious,-1,False
confusion_depth,depth,,1,0.35000000000000003,6,5783,1f07,False,740,oscillated,-1,False
confusion_depth,depth,,1,0.35000000000000003,7,cfbf,b6b6,False,740,oscillated,-1,False
confusion_depth,depth,,1,0.35000000000000003,5,5fa4,58a4,True,5,spurious,-1,False
confusion_depth,depth,,1,0.35000000000000003,3,3385,b95,False,740,oscillated,-1,False
confusion_depth,depth,,1,0.35000000000000003,6,5c8d,58a4,True,7,spurious,-1,False
confusion_depth,depth,,1,0.35000000000000003,5,7d94,7ca4,False,740,oscillated,-1,False
confusion_depth,depth,,1,0.35000000000000003,5,7b16,3907,False,740,oscillated,-1,False
confusion_depth,depth,,1,0.35000000000000003,5,db8c,58a4,True,7,spurious,-1,False
confusion_depth,depth,,1,0.35000000000000003,6,49cd,1905,True,16,spurious,-1,False
confusion_depth,depth,,1,0.35000000000000003,6,1ec6,5ca6,False,740,oscillated,-1,False
confusion_depth,depth,,1,0.35000000000000003,9,2506,bf97,True,13,spurious,-1,False
confusion_depth,depth,,1,0.35000000000000003,8,5e02,5d4b,False,740,oscillated,-1,False
confusion_depth,depth,,1,0.35000000000000003,1,1b15,1b95,True,9,correct,1,True
confusion_depth,depth,,1,0.35000000000000003,7,2b3e,235b,False,740,oscillated,-1,False
confusion_depth,depth,,1,0.35000000000000003,5,8d85,9f95,False,740,oscillated,-1,False
confusion_depth,depth,,1,0.35000000000000003,5,16b7,eb6,False,740,oscillated,-1,False
confusion_depth,depth,,1,0.35000000000000003,4,3993,3917,False,740,oscillated,-1,False
confusion_depth,depth,,1,0.35000000000000003,8,293b,235b,False,740,oscillated,-1,False
confusion_depth,depth,,1,0.35000000000000003,8,8b3a,835b,False,740,oscillated,-1,False
confusion_depth,depth,,1,0.35000000000000003,4,3b4,2b4,True,4,spurious,-1,False
confusion_depth,depth,,1,0.35000000000000003,5,3bc6,78a6,False,740,oscillated,-1,False
confusion_depth,depth,,1,0.35000000000000003,5,3d81,3d05,False,740,oscillated,-1,False
confusion_depth,depth,,1,0.35000000000000003,4,bf9d,bf97,True,6,spurious,-1,False
confusion_depth,depth,,1,0.35000000000000003,6,2957,235b,False,740,oscillated,-1,False
confusion_depth,depth,,1,0.35000000000000003,4,9ab7,d8a6,False,740,oscillated,-1,False
confusion_depth,depth,,1,0.35000000000000003,2,1bd1,1b95,True,6,correct,1,True
confusion_depth,depth,,1,0.35000000000000003,4,1fd6,6b6,False,740,oscillated,-1,False
confusion_depth,depth,,1,0.35000000000000003,4,7795,2f95,False,740,oscillated,-1,False
confusion_depth,depth,,1,0.35000000000000003,7,98a6,d8a6,False,740,oscillated,-1,False
confusion_depth,depth,,1,0.35000000000000003,4,33b1,2b4,True,7,spurious,-1,False
confusion_depth,depth,,1,0.35000000000000003,6,3bcb,23db,False,740,oscillated,-1,False
confusion_depth,depth,,1,0.35000000000000003,4,195d,1915,False,740,oscillated,-1,False
confusion_depth,depth,,1,0.35000000000000003,7,f9b9,f8a4,False,740,oscillated,-1,False
confusion_depth,depth,,1,0.35000000000000003,7,d3cc,58a4,True,17,spurious,-1,False
confusion_depth,depth,,1,0.35000000000000003,5,b381,ab95,False,740,oscillated,-1,False
confusion_depth,depth,,1,0.35000000000000003,4,6995,1905,True,19,spurious,-1,False
confusion_depth,depth,,1,0.35000000000000003,3,9b9f,8397,False,740,oscillated,-1,False
confusion_depth,depth,,1,0.35000000000000003,5,1f4d,1b05,False,740,oscillated,-1,False
confusion_depth,depth,,1,0.35000000000000003,4,1d14,1915,False,740,oscillated,-1,False
confusion_depth,depth,,1,0.35000000000000003,8,ded8,c468,False,740,oscillated,-1,False
confusion_depth,depth,,1,0.35000000000000003,6,928f,8ab6,False,740,oscillated,-1,False
confusion_depth,depth,,1,0.35000000000000003,3,5bd4,58a4,True,7,spurious,-1,False
confusion_depth,depth,,1,0.35000000000000003,5,5615,1905,True,13,spurious,-1,False
confusion_depth,depth,,1,0.35000000000000003,7,bf0c,bf07,False,740,oscillated,-1,False
confusion_depth,depth,,1,0.35000000000000003,8,f5f5,fca6,True,18,wrong_pattern,0,False
confusion_depth,depth,,1,0.35000000000000003,4,9911,1915,False,740,oscillated,-1,False
confusion_depth,depth,,1,0.35000000000000003,5,12f1,2b4,True,17,spurious,-1,False
confusion_depth,depth,,1,0.35000000000000003,7,b982,fca6,True,14,wrong_pattern,0,False
confusion_depth,depth,,1,0.35000000000000003,7,b798,a6b6,True,12,wrong_pattern,2,False
confusion_depth,depth,,2,0.35000000000000003,4,8af6,82b6,False,740,oscillated,-1,False
confusion_depth,depth,,2,0.35000000000000003,6,e60f,a75b,True,15,spurious,-1,False
confusion_depth,depth,,2,0.35000000000000003,6,a753,a75b,True,6,spurious,-1,False
confusion_depth,depth,,2,0.35000000000000003,7,27cc,26b4,False,740,oscillated,-1,False
confusion_depth,depth,,2,0.35000000000000003,4,42b6,2b4,True,11,spurious,-1,False
confusion_depth,depth,,2,0.35000000000000003,4,b486,fca6,True,23,wrong_pattern,0,False
confusion_depth,depth,,2,0.35000000000000003,6,9ee4,dca4,False,740,oscillated,-1,False
confusion_depth,depth,,2,0.35000000000000003,4,aefc,a6b6,True,17,correct,2,True
confusion_depth,depth,,2,0.35000000000000003,7,fda7,fca6,True,7,wrong_pattern,0,False
confusion_depth,depth,,2,0.35000000000000003,2,b6a6,aeb6,False,740,oscillated,-1,False
confusion_depth,depth,,2,0.35000000000000003,2,82b6,82b6,False,740,oscillated,-1,False
confusion_depth,depth,,2,0.35000000000000003,4,27ba,a6b6,True,11,correct,2,True
confusion_depth,depth,,2,0.35000000000000003,7,947c,c4f8,False,740,oscillated,-1,False
confusion_depth,depth,,2,0.35000000000000003,4,b2b5,aab4,False,740,oscillated,-1,False
confusion_depth,depth,,2,0.35000000000000003,4,27a2,a6b6,True,6,correct,2,True
confusion_depth,depth,,2,0.35000000000000003,5,feba,fca6,True,11,wrong_pattern,0,False
confusion_depth,depth,,2,0.35000000000000003,5,acc6,a6b6,True,17,correct,2,True
confusion_depth,depth,,2,0.35000000000000003,4,b5be,a6b6,True,17,correct,2,True
confusion_depth,depth,,2,0.35000000000000003,6,e2a8,e2e8,False,740,oscillated,-1,False
confusion_depth,depth,,2,0.35000000000000003,3,36a6,aeb6,False,740,oscillated,-1,False
confusion_depth,depth,,2,0.35000000000000003,3,84b4,86b4,False,740,oscillated,-1,False
confusion_depth,depth,,2,0.35000000000000003,4,aff7,a6b6,True,7,correct,2,True
confusion_depth,depth,,2,0.35000000000000003,4,32b7,2ab6,False,740,oscillated,-1,False
confusion_depth,depth,,2,0.35000000000000003,10,52d8,42f8,True,7,spurious,-1,False
confusion_depth,depth,,2,0.35000000000000003,10,896f,d14b,False,740,oscillated,-1,False
confusion_depth,depth,,2,0.35000000000000003,5,a43b,a75b,True,7,spurious,-1,False
confusion_depth,depth,,2,0.35000000000000003,7,2d66,f54b,False,740,oscillated,-1,False
confusion_depth,depth,,2,0.35000000000000003,7,a885,f8a4,False,740,oscillated,-1,False
confusion_depth,depth,,2,0.35000000000000003,6,353e,a75b,True,17,spurious,-1,False
confusion_depth,depth,,2,0.35000000000000003,7,13a7,ab4,False,740,oscillated,-1,False
confusion_depth,depth,,2,0.35000000000000003,4,c7f6,e6fa,True,16,spurious,-1,False
confusion_depth,depth,,2,0.35000000000000003,5,80fe,82b6,False,740,oscillated,-1,False
confusion_depth,depth,,2,0.35000000000000003,7,8997,9397,False,740,oscillated,-1,False
confusion_depth,depth,,2,0.35000000000000003,5,23ba,22b6,False,740,oscillated,-1,False
confusion_depth,depth,,2,0.35000000000000003,5,8610,8759,False,740,oscillated,-1,False
confusion_depth,depth,,2,0.35000000000000003,7,b9ba,fca6,True,15,wrong_pattern,0,False
confusion_depth,depth,,2,0.35000000000000003,5,af33,a75b,True,12,spurious,-1,False
confusion_depth,depth,,2,0.35000000000000003,7,a64d,a75b,True,6,spurious,-1,False
confusion_depth,depth,,2,0.35000000000000003,7,ab98,e2f8,False,740,oscillated,-1,False
confusion_depth,depth,,2,0.35000000000000003,5,b53e,a75b,True,17,spurious,-1,False
confusion_depth,depth,,2,0.35000000000000003,9,166d,359,True,18,spurious,-1,False
confusion_depth,depth,,2,0.35000000000000003,8,f302,bd07,True,16,wrong_pattern,3,False
confusion_depth,depth,,2,0.35000000000000003,6,b024,f8a4,False,740,oscillated,-1,False
confusion_depth,depth,,2,0.35000000000000003,5,8766,a75b,True,12,spurious,-1,False
confusion_depth,depth,,2,0.35000000000000003,5,669f,e6fa,True,17,spurious,-1,False
confusion_depth,depth,,2,0.35000000000000003,3,a6e4,a6b6,True,6,correct,2,True
confusion_depth,depth,,2,0.35000000000000003,7,d1b4,58a4,True,14,spurious,-1,False
confusion_depth,depth,,2,0.35000000000000003,5,8c86,fca6,True,23,wrong_pattern,0,False
confusion_depth,depth,,2,0.35000000000000003,5,8bb7,92b6,False,740,oscillated,-1,False
confusion_depth,depth,,2,0.35000000000000003,4,aeee,a6b6,True,21,correct,2,True
confusion_depth,depth,,2,0.35000000000000003,7,c876,d826,False,740,oscillated,-1,False
confusion_depth,depth,,2,0.35000000000000003,3,a432,e6fa,True,11,spurious,-1,False
confusion_depth,depth,,2,0.35000000000000003,5,f614,bd07,True,15,wrong_pattern,3,False
confusion_depth,depth,,2,0.35000000000000003,6,f69b,aeb6,False,740,oscillated,-1,False
confusion_depth,depth,,2,0.35000000000000003,6,3aa4,58a4,True,15,spurious,-1,False
confusion_depth,depth,,2,0.35000000000000003,8,2599,27d9,False,740,oscillated,-1,False
confusion_depth,depth,,2,0.35000000000000003,8,c2a9,42e8,False,740,oscillated,-1,False
confusion_depth,depth,,2,0.35000000000000003,9,c1d3,835b,False,740,oscillated,-1,False
confusion_depth,depth,,2,0.35000000000000003,6,8702,a75b,True,11,spurious,-1,False
confusion_depth,depth,,2,0.35000000000000003,5,a246,a75b,True,12,spurious,-1,False
confusion_depth,depth,,2,0.35000000000000003,3,e2a6,fca6,True,11,wrong_pattern,0,False
confusion_depth,depth,,2,0.35000000000000003,7,ba38,a2b4,False,740,oscillated,-1,False
confusion_depth,depth,,2,0.35000000000000003,7,9512,a75b,True,21,spurious,-1,False
confusion_depth,depth,,2,0.35000000000000003,5,e4bb,e4fa,False,740,oscillated,-1,False
confusion_depth,depth,,2,0.35000000000000003,4,24fe,a6b6,True,16,correct,2,True
confusion_depth,depth,,2,0.35000000000000003,4,8627,a797,True,9,spurious,-1,False
confusion_depth,depth,,2,0.35000000000000003,6,af7a,a75b,True,7,spurious,-1,False
confusion_depth,depth,,2,0.35000000000000003,6,e618,a75b,True,14,spurious,-1,False
confusion_depth,depth,,2,0.35000000000000003,7,57b5,ab4,False,740,oscillated,-1,False
confusion_depth,depth,,2,0.35000000000000003,6,d5a6,fca6,True,7,wrong_pattern,0,False
confusion_depth,depth,,2,0.35000000000000003,4,ae3f,a75b,True,16,spurious,-1,False
confusion_depth,depth,,2,0.35000000000000003,5,a42a,e6fa,True,13,spurious,-1,False
confusion_depth,depth,,2,0.35000000000000003,6,4286,58a4,True,14,spurious,-1,False
confusion_depth,depth,,2,0.35000000000000003,7,8721,8759,False,740,oscillated,-1,False
confusion_depth,depth,,2,0.35000000000000003,9,c9de,d8a6,False,740,oscillated,-1,False
confusion_depth,depth,,2,0.35000000000000003,8,d33f,9907,False,740,oscillated,-1,False
confusion_depth,depth,,2,0.35000000000000003,4,ae12,a75b,True,16,spurious,-1,False
confusion_depth,depth,,2,0.35000000000000003,5,2620,26b4,False,740,oscillated,-1,False
confusion_depth,depth,,2,0.35000000000000003,4,ecb7,fca6,True,14,wrong_pattern,0,False
confusion_depth,depth,,2,0.35000000000000003,5,a3e7,a6b6,True,7,correct,2,True
confusion_depth,depth,,2,0.35000000000000003,7,67c2,e6fa,True,15,spurious,-1,False
confusion_depth,depth,,2,0.35000000000000003,3,26b5,26b4,False,740,oscillated,-1,False
confusion_depth,depth,,2,0.35000000000000003,11,dacd,58a4,True,12,spurious,-1,False
confusion_depth,depth,,2,0.35000000000000003,5,b774,a75b,True,16,spurious,-1,False
confusion_depth,depth,,2,0.35000000000000003,5,af87,b797,False,740,oscillated,-1,False
confusion_depth,depth,,2,0.35000000000000003,6,60a4,58a4,True,7,spurious,-1,False
confusion_depth,depth,,2,0.35000000000000003,4,96d6,a6b6,True,7,correct,2,True
confusion_depth,depth,,2,0.35000000000000003,4,23f6,22b6,False,740,oscillated,-1,False
confusion_depth,depth,,2,0.35000000000000003,4,e2a7,fca6,True,14,wrong_pattern,0,False
confusion_depth,depth,,2,0.35000000000000003,4,b6ee,a6b6,True,21,correct,2,True
confusion_depth,depth,,2,0.35000000000000003,4,e4ba,e4fa,False,740,oscillated,-1,False
confusion_depth,depth,,2,0.35000000000000003,5,e3b5,a2b4,False,740,oscillated,-1,False
confusion_depth,depth,,2,0.35000000000000003,5,a7e0,a6b6,True,17,correct,2,True
confusion_depth,depth,,2,0.35000000000000003,4,8e37,b797,False,740,oscillated,-1,False
confusion_depth,depth,,2,0.35000000000000003,3,a4a4,a6b6,True,5,correct,2,True
confusion_depth,depth,,2,0.35000000000000003,3,b4b2,a6b6,True,17,correct,2,True
confusion_depth,depth,,2,0.35000000000000003,5,26ea,e6fa,True,13,spurious,-1,False
confusion_depth,depth,,2,0.35000000000000003,4,e614,a75b,True,14,spurious,-1,False
confusion_depth,depth,,2,0.35000000000000003,5,87af,a6b6,True,7,correct,2,True
confusion_depth,depth,,2,0.35000000000000003,7,8f1f,a75b,True,11,spurious,-1,False
confusion_depth,depth,,2,0.35000000000000003,6,b785,af97,False,740,oscillated,-1,False
confusion_depth,depth,,2,0.35000000000000003,8,2dc7,a797,True,17,spurious,-1,False
confusion_depth,depth,,2,0.35000000000000003,2,a6b5,a6b6,True,4,correct,2,True
confusion_depth,depth,,2,0.35000000000000003,5,86c2,a6b6,True,17,correct,2,True
confusion_depth,depth,,2,0.35000000000000003,7,322a,62ea,False,740,oscillated,-1,False
confusion_depth,depth,,2,0.35000000000000003,8,b2cb,e6fa,True,15,spurious,-1,False
confusion_depth,depth,,2,0.35000000000000003,5,ad26,bd07,True,7,wrong_pattern,3,False
confusion_depth,depth,,2,0.35000000000000003,6,3ba6,78a6,False,740,oscillated,-1,False
confusion_depth,depth,,2,0.35000000000000003,10,45ed,5868,True,9,spurious,-1,False
confusion_depth,depth,,2,0.35000000000000003,3,abb6,b6b6,False,740,oscillated,-1,False
confusion_depth,depth,,2,0.35000000000000003,5,84aa,a6b6,True,18,correct,2,True
confusion_depth,depth,,2,0.35000000000000003,9,91da,c2fa,False,740,oscillated,-1,False
confusion_depth,depth,,2,0.35000000000000003,7,9c2e,fca6,True,11,wrong_pattern,0,False
confusion_depth,depth,,2,0.35000000000000003,9,2954,359,True,21,spurious,-1,False
confusion_depth,depth,,2,0.35000000000000003,7,7392,2ab6,False,740,oscillated,-1,False
confusion_depth,depth,,2,0.35000000000000003,10,dd46,fd4b,True,11,spurious,-1,False
confusion_depth,depth,,2,0.35000000000000003,5,24b8,26b4,False,740,oscillated,-1,False
confusion_depth,depth,,2,0.35000000000000003,4,a27e,e6fa,True,16,spurious,-1,False
confusion_depth,depth,,2,0.35000000000000003,6,a405,bf97,True,13,spurious,-1,False
confusion_depth,depth,,2,0.35000000000000003,10,65c1,2759,False,740,oscillated,-1,False
confusion_depth,depth,,3,0.35000000000000003,7,6935,1905,True,13,spurious,-1,False
confusion_depth,depth,,3,0.35000000000000003,7,d01f,9907,False,740,oscillated,-1,False
confusion_depth,depth,,3,0.35000000000000003,8,ce4e,fd4b,True,17,spurious,-1,False
confusion_depth,depth,,3,0.35000000000000003,2,bd37,bd17,False,740,oscillated,-1,False
confusion_depth,depth,,3,0.35000000000000003,5,fc33,fd4b,True,13,spurious,-1,False
confusion_depth,depth,,3,0.35000000000000003,6,9b1b,835b,False,740,oscillated,-1,False
confusion_depth,depth,,3,0.35000000000000003,3,2d03,f54b,False,740,oscillated,-1,False
confusion_depth,depth,,3,0.35000000000000003,5,b023,ed4b,False,740,oscillated,-1,False
confusion_depth,depth,,3,0.35000000000000003,7,a624,a6b6,True,9,wrong_pattern,2,False
confusion_depth,depth,,3,0.35000000000000003,5,f485,fca6,True,7,wrong_pattern,0,False
confusion_depth,depth,,3,0.35000000000000003,4,dd26,bd07,True,15,correct,3,True
confusion_depth,depth,,3,0.35000000000000003,6,8d34,9795,False,740,oscillated,-1,False
confusion_depth,depth,,3,0.35000000000000003,2,bb07,bf07,False,740,oscillated,-1,False
confusion_depth,depth,,3,0.35000000000000003,5,9b1f,8397,False,740,oscillated,-1,False
confusion_depth,depth,,3,0.35000000000000003,4,bf0a,bd07,True,15,correct,3,True
confusion_depth,depth,,3,0.35000000000000003,6,1823,1905,True,7,spurious,-1,False
confusion_depth,depth,,3,0.35000000000000003,4,bd5d,bd17,False,740,oscillated,-1,False
confusion_depth,depth,,3,0.35000000000000003,8,d73e,bd07,True,17,correct,3,True
confusion_depth,depth,,3,0.35000000000000003,7,f13d,b905,False,740,oscillated,-1,False
confusion_depth,depth,,3,0.35000000000000003,8,9051,359,True,16,spurious,-1,False
confusion_depth,depth,,3,0.35000000000000003,4,f583,bd07,True,11,correct,3,True
confusion_depth,depth,,3,0.35000000000000003,8,dd70,dd49,False,740,oscillated,-1,False
confusion_depth,depth,,3,0.35000000000000003,5,39b7,78a6,False,740,oscillated,-1,False
confusion_depth,depth,,3,0.35000000000000003,5,9df7,fca6,True,15,wrong_pattern,0,False
confusion_depth,depth,,3,0.35000000000000003,7,a43e,e6fa,True,11,spurious,-1,False
confusion_depth,depth,,3,0.35000000000000003,7,34ae,a6b6,True,17,wrong_pattern,2,False
confusion_depth,depth,,3,0.35000000000000003,5,1d1d,1915,False,740,oscillated,-1,False
confusion_depth,depth,,3,0.35000000000000003,5,7557,fd4b,True,21,spurious,-1,False
confusion_depth,depth,,3,0.35000000000000003,6,b194,aab4,False,740,oscillated,-1,False
confusion_depth,depth,,3,0.35000000000000003,6,bff3,a6b6,True,7,wrong_pattern,2,False
confusion_depth,depth,,3,0.35000000000000003,5,ac0c,f54b,False,740,oscillated,-1,False
confusion_depth,depth,,3,0.35000000000000003,9,37f1,66f8,False,740,oscillated,-1,False
confusion_depth,depth,,3,0.35000000000000003,6,dd54,9d05,False,740,oscillated,-1,False
confusion_depth,depth,,3,0.35000000000000003,4,b72f,a75b,True,21,spurious,-1,False
confusion_depth,depth,,3,0.35000000000000003,8,6f29,7549,False,740,oscillated,-1,False
confusion_depth,depth,,3,0.35000000000000003,6,ef44,bd07,True,16,correct,3,True
confusion_depth,depth,,3,0.35000000000000003,8,f02a,fc6a,True,7,spurious,-1,False
confusion_depth,depth,,3,0.35000000000000003,8,f20,359,True,17,spurious,-1,False
confusion_depth,depth,,3,0.35000000000000003,8,916c,4949,False,740,oscillated,-1,False
confusion_depth,depth,,3,0.35000000000000003,3,8907,9907,False,740,oscillated,-1,False
confusion_depth,depth,,3,0.35000000000000003,7,e1a6,fca6,True,7,wrong_pattern,0,False
confusion_depth,depth,,3,0.35000000000000003,9,7f98,7ca4,False,740,oscillated,-1,False
confusion_depth,depth,,3,0.35000000000000003,7,a719,a75b,True,6,spurious,-1,False
confusion_depth,depth,,3,0.35000000000000003,5,f94d,f949,False,740,oscillated,-1,False
confusion_depth,depth,,3,0.35000000000000003,6,f482,fca6,True,7,wrong_pattern,0,False
confusion_depth,depth,,3,0.35000000000000003,6,254e,a75b,True,6,spurious,-1,False
confusion_depth,depth,,3,0.35000000000000003,4,9926,9907,False,740,oscillated,-1,False
confusion_depth,depth,,3,0.35000000000000003,3,bf83,bf07,False,740,oscillated,-1,False
confusion_depth,depth,,3,0.35000000000000003,5,3900,1905,True,6,spurious,-1,False
confusion_depth,depth,,3,0.35000000000000003,12,63f2,62fa,False,740,oscillated,-1,False
confusion_depth,depth,,3,0.35000000000000003,6,fba5,f8a4,False,740,oscillated,-1,False
confusion_depth,depth,,3,0.35000000000000003,5,fc14,bd07,True,15,correct,3,True
confusion_depth,depth,,3,0.35000000000000003,8,f089,f8a4,False,740,oscillated,-1,False
confusion_depth,depth,,3,0.35000000000000003,7,9300,359,True,21,spurious,-1,False
confusion_depth,depth,,3,0.35000000000000003,5,1f04,1b05,False,740,oscillated,-1,False
confusion_depth,depth,,3,0.35000000000000003,5,dc26,fca6,True,9,wrong_pattern,0,False
confusion_depth,depth,,3,0.35000000000000003,8,3b5c,359,True,17,spurious,-1,False
confusion_depth,depth,,3,0.35000000000000003,4,ed85,bd07,True,11,correct,3,True
confusion_depth,depth,,3,0.35000000000000003,2,bf0f,bf07,False,740,oscillated,-1,False
confusion_depth,depth,,3,0.35000000000000003,2,b503,ed4b,False,740,oscillated,-1,False
confusion_depth,depth,,3,0.35000000000000003,5,9897,d8a6,False,740,oscillated,-1,False
confusion_depth,depth,,3,0.35000000000000003,7,6d6e,fd4b,True,7,spurious,-1,False
confusion_depth,depth,,3,0.35000000000000003,6,fc5b,fd4b,True,5,spurious,-1,False
confusion_depth,depth,,3,0.35000000000000003,6,afab,e6fa,True,17,spurious,-1,False
confusion_depth,depth,,3,0.35000000000000003,2,3d06,bd07,True,4,correct,3,True
confusion_depth,depth,,3,0.35000000000000003,7,3960,1905,True,17,spurious,-1,False
confusion_depth,depth,,3,0.35000000000000003,8,5822,5868,True,21,spurious,-1,False
confusion_depth,depth,,3,0.35000000000000003,9,cf71,dd49,False,740,oscillated,-1,False
confusion_depth,depth,,3,0.35000000000000003,8,963e,e6fa,True,16,spurious,-1,False
confusion_depth,depth,,3,0.35000000000000003,4,ad42,f54b,False,740,oscillated,-1,False
confusion_depth,depth,,3,0.35000000000000003,8,7bad,58a4,True,7,spurious,-1,False
confusion_depth,depth,,3,0.35000000000000003,5,9115,915,False,740,oscillated,-1,False
confusion_depth,depth,,3,0.35000000000000003,9,ca44,1905,True,17,spurious,-1,False
confusion_depth,depth,,3,0.35000000000000003,9,213,359,True,12,spurious,-1,False
confusion_depth,depth,,3,0.35000000000000003,6,b696,aeb6,False,740,oscillated,-1,False
confusion_depth,depth,,3,0.35000000000000003,4,bc6f,bd07,True,17,correct,3,True
confusion_depth,depth,,3,0.35000000000000003,9,897a,835b,False,740,oscillated,-1,False
confusion_depth,depth,,3,0.35000000000000003,6,301f,235b,False,740,oscillated,-1,False
confusion_depth,depth,,3,0.35000000000000003,7,9333,835b,False,740,oscillated,-1,False
confusion_depth,depth,,3,0.35000000000000003,5,354b,ed4b,False,740,oscillated,-1,False
confusion_depth,depth,,3,0.35000000000000003,4,b533,a75b,True,21,spurious,-1,False
confusion_depth,depth,,3,0.35000000000000003,5,3c56,bd07,True,15,correct,3,True
confusion_depth,depth,,3,0.35000000000000003,6,ffa1,fca6,True,7,wrong_pattern,0,False
confusion_depth,depth,,3,0.35000000000000003,6,f534,bd07,True,15,correct,3,True
confusion_depth,depth,,3,0.35000000000000003,4,b584,fca6,True,26,wrong_pattern,0,False
confusion_depth,depth,,3,0.35000000000000003,2,bf17,bf97,True,9,spurious,-1,False
confusion_depth,depth,,3,0.35000000000000003,8,eaf,16b6,False,740,oscillated,-1,False
confusion_depth,depth,,3,0.35000000000000003,7,f9d4,f8a4,False,740,oscillated,-1,False
confusion_depth,depth,,3,0.35000000000000003,4,bf14,bf97,True,9,spurious,-1,False
confusion_depth,depth,,3,0.35000000000000003,2,3d17,bd17,False,740,oscillated,-1,False
confusion_depth,depth,,3,0.35000000000000003,5,2d35,3515,False,740,oscillated,-1,False
confusion_depth,depth,,3,0.35000000000000003,5,bca4,fca6,True,11,wrong_pattern,0,False
confusion_depth,depth,,3,0.35000000000000003,4,ec47,fd4b,True,17,spurious,-1,False
confusion_depth,depth,,3,0.35000000000000003,8,132b,359,True,16,spurious,-1,False
confusion_depth,depth,,3,0.35000000000000003,5,8c0e,f54b,False,740,oscillated,-1,False
confusion_depth,depth,,3,0.35000000000000003,9,e6e5,e6fa,True,15,spurious,-1,False
confusion_depth,depth,,3,0.35000000000000003,4,2906,3907,False,740,oscillated,-1,False
confusion_depth,depth,,3,0.35000000000000003,4,7f03,fd4b,True,16,spurious,-1,False
confusion_depth,depth,,3,0.35000000000000003,6,a14d,a359,False,740,oscillated,-1,False
confusion_depth,depth,,3,0.35000000000000003,2,bb07,bf07,False,740,oscillated,-1,False
confusion_depth,depth,,3,0.35000000000000003,5,9687,aeb6,False,740,oscillated,-1,False
confusion_depth,depth,,3,0.35000000000000003,7,f8d,395,True,17,spurious,-1,False
confusion_depth,depth,,3,0.35000000000000003,6,b710,a75b,True,12,spurious,-1,False
confusion_depth,depth,,3,0.35000000000000003,2,bd0b,bd07,True,16,correct,3,True
confusion_depth,depth,,3,0.35000000000000003,6,1f1e,797,False,740,oscillated,-1,False
confusion_depth,depth,,3,0.35000000000000003,8,d202,9907,False,740,oscillated,-1,False
confusion_depth,depth,,3,0.35000000000000003,5,b42d,ed4b,False,740,oscillated,-1,False
confusion_depth,depth,,3,0.35000000000000003,5,858f,a797,True,6,spurious,-1,False
confusion_depth,depth,,3,0.35000000000000003,6,2d1c,2759,False,740,oscillated,-1,False
confusion_depth,depth,,3,0.35000000000000003,4,b9c5,b905,False,740,oscillated,-1,False
confusion_depth,depth,,3,0.35000000000000003,5,3306,2b07,False,740,oscillated,-1,False
confusion_depth,depth,,3,0.35000000000000003,6,3f2c,3d05,False,740,oscillated,-1,False
confusion_depth,depth,,3,0.35000000000000003,1,bd17,bd17,False,740,oscillated,-1,False
confusion_depth,depth,,3,0.35000000000000003,5,1d84,58a4,True,12,spurious,-1,False
confusion_depth,depth,,3,0.35000000000000003,4,b823,bd07,True,7,correct,3,True
confusion_depth,depth,,3,0.35000000000000003,5,2d82,a6b6,True,17,wrong_pattern,2,False
confusion_depth,depth,,3,0.35000000000000003,4,bcaf,fca6,True,12,wrong_pattern,0,False
confusion_depth,depth,,3,0.35000000000000003,3,3d37,bd17,False,740,oscillated,-1,False
confusion_depth,depth,,3,0.35000000000000003,5,1b87,1b05,False,740,oscillated,-1,False
confusion_depth,depth,,3,0.35000000000000003,4,add7,a797,True,17,spurious,-1,False
confusion_depth,depth,,0,0.4,4,eab6,b6b6,False,740,oscillated,-1,False
confusion_depth,depth,,0,0.4,4,c4a4,dca4,False,740,oscillated,-1,False
confusion_depth,depth,,0,0.4,5,fa23,fd4b,True,13,spurious,-1,False
confusion_depth,depth,,0,0.4,3,58a6,58a4,True,4,spurious,-1,False
confusion_depth,depth,,0,0.4,9,7773,fd4b,True,17,spurious,-1,False
confusion_depth,depth,,0,0.4,8,ac7b,a75b,True,17,spurious,-1,False
confusion_depth,depth,,0,0.4,9,9b81,1b05,False,740,oscillated,-1,False
confusion_depth,depth,,0,0.4,8,10ab,42f8,True,16,spurious,-1,False
confusion_depth,depth,,0,0.4,8,9176,835b,False,740,oscillated,-1,False
confusion_depth,depth,,0,0.4,7,1ec4,58a4,True,15,spurious,-1,False
confusion_depth,depth,,0,0.4,1,dca6,fca6,True,4,correct,0,True
confusion_depth,depth,,0,0.4,7,e09f,e6fa,True,16,spurious,-1,False
confusion_depth,depth,,0,0.4,8,90de,c2fa,False,740,oscillated,-1,False
confusion_depth,depth,,0,0.4,6,3a82,78a6,False,740,oscillated,-1,False
confusion_depth,depth,,0,0.4,7,4c30,5868,True,21,spurious,-1,False
confusion_depth,depth,,0,0.4,8,8847,d14b,False,740,oscillated,-1,False
confusion_depth,depth,,0,0.4,6,aa87,b6b6,False,740,oscillated,-1,False
confusion_depth,depth,,0,0.4,7,9cd0,dca4,False,740,oscillated,-1,False
confusion_depth,depth,,0,0.4,4,fe6e,fc6a,True,6,spurious,-1,False
confusion_depth,depth,,0,0.4,4,d4a3,fca6,True,7,correct,0,True
confusion_depth,depth,,0,0.4,8,5746,1d07,False,740,oscillated,-1,False
confusion_depth,depth,,0,0.4,4,9ea4,dca4,False,740,oscillated,-1,False
confusion_depth,depth,,0,0.4,4,be84,fca6,True,15,correct,0,True
confusion_depth,depth,,0,0.4,4,e4b4,fca6,True,11,correct,0,True
confusion_depth,depth,,0,0.4,9,d9db,d94b,False,740,oscillated,-1,False
confusion_depth,depth,,0,0.4,6,f7bc,aeb6,False,740,oscillated,-1,False
confusion_depth,depth,,0,0.4,5,b4ab,e6fa,True,16,spurious,-1,False
confusion_depth,depth,,0,0.4,10,4031,359,True,15,spurious,-1,False
confusion_depth,depth,,0,0.4,8,844e,a75b,True,7,spurious,-1,False
confusion_depth,depth,,0,0.4,7,e617,a75b,True,14,spurious,-1,False
confusion_depth,depth,,0,0.4,9,cb72,d94b,False,740,oscillated,-1,False
confusion_depth,depth,,0,0.4,9,9657,a75b,True,12,spurious,-1,False
confusion_depth,depth,,0,0.4,5,d0b4,58a4,True,11,spurious,-1,False
confusion_depth,depth,,0,0.4,4,d4e7,fca6,True,7,correct,0,True
confusion_depth,depth,,0,0.4,8,f9c9,f949,False,740,oscillated,-1,False
confusion_depth,depth,,0,0.4,6,bc91,fca6,True,15,correct,0,True
confusion_depth,depth,,0,0.4,4,99a6,d8a6,False,740,oscillated,-1,False
confusion_depth,depth,,0,0.4,9,22f2,22b6,False,740,oscillated,-1,False
confusion_depth,depth,,0,0.4,8,4a85,58a4,True,17,spurious,-1,False
confusion_depth,depth,,0,0.4,4,fd76,fd4b,True,13,spurious,-1,False
confusion_depth,depth,,0,0.4,6,94ec,c6f8,False,740,oscillated,-1,False
confusion_depth,depth,,0,0.4,7,7fe8,7c68,False,740,oscillated,-1,False
confusion_depth,depth,,0,0.4,7,e0e8,e068,False,740,oscillated,-1,False
confusion_depth,depth,,0,0.4,6,77be,aeb6,False,740,oscillated,-1,False
confusion_depth,depth,,0,0.4,4,1c26,5ca6,False,740,oscillated,-1,False
confusion_depth,depth,,0,0.4,6,688a,78a6,False,740,oscillated,-1,False
confusion_depth,depth,,0,0.4,7,4867,5949,True,12,spurious,-1,False
confusion_depth,depth,,0,0.4,11,27e,42f8,True,16,spurious,-1,False
confusion_depth,depth,,0,0.4,5,e862,fc6a,True,7,spurious,-1,False
confusion_depth,depth,,0,0.4,8,e44d,fd4b,True,7,spurious,-1,False
confusion_depth,depth,,0,0.4,6,d9ad,58a4,True,7,spurious,-1,False
confusion_depth,depth,,0,0.4,8,e6f1,e6fa,True,6,spurious,-1,False
confusion_depth,depth,,0,0.4,9,b75e,a75b,True,7,spurious,-1,False
confusion_depth,depth,,0,0.4,8,4be7,58a4,True,18,spurious,-1,False
confusion_depth,depth,,0,0.4,3,f626,fca6,True,9,correct,0,True
confusion_depth,depth,,0,0.4,7,b53f,a75b,True,21,spurious,-1,False
confusion_depth,depth,,0,0.4,3,fdaf,fca6,True,7,correct,0,True
confusion_depth,depth,,0,0.4,8,c3b4,2b4,True,11,spurious,-1,False
confusion_depth,depth,,0,0.4,3,fdee,fca6,True,12,correct,0,True
confusion_depth,depth,,0,0.4,4,7436,fca6,True,9,correct,0,True
confusion_depth,depth,,0,0.4,8,6d61,7d49,False,740,oscillated,-1,False
confusion_depth,depth,,0,0.4,6,9e3e,a6b6,True,9,wrong_pattern,2,False
confusion_depth,depth,,0,0.4,5,9c80,dca4,False,740,oscillated,-1,False
confusion_depth,depth,,0,0.4,8,cf21,9d05,False,740,oscillated,-1,False
confusion_depth,depth,,0,0.4,7,9c7c,dca4,False,740,oscillated,-1,False
confusion_depth,depth,,0,0.4,10,524f,5949,True,17,spurious,-1,False
confusion_depth,depth,,0,0.4,6,79ea,786a,False,740,oscillated,-1,False
confusion_depth,depth,,0,0.4,5,e9e4,f8a4,False,740,oscillated,-1,False
confusion_depth,depth,,0,0.4,5,d98e,d8a6,False,740,oscillated,-1,False
confusion_depth,depth,,0,0.4,8,d054,1905,True,17,spurious,-1,False
confusion_depth,depth,,0,0.4,7,44e0,5868,True,14,spurious,-1,False
confusion_depth,depth,,0,0.4,4,ee87,fca6,True,17,correct,0,True
confusion_depth,depth,,0,0.4,3,f42e,fc6a,True,21,spurious,-1,False
confusion_depth,depth,,0,0.4,7,6433,a75b,True,15,spurious,-1,False
confusion_depth,depth,,0,0.4,7,7d57,fd4b,True,16,spurious,-1,False
confusion_depth,depth,,0,0.4,6,cdd6,fca6,True,18,correct,0,True
confusion_depth,depth,,0,0.4,6,de8b,fca6,True,12,correct,0,True
confusion_depth,depth,,0,0.4,9,8603,a75b,True,11,spurious,-1,False
confusion_depth,depth,,0,0.4,8,f65a,a75b,True,26,spurious,-1,False
confusion_depth,depth,,0,0.4,6,8eb2,a6b6,True,7,wrong_pattern,2,False
confusion_depth,depth,,0,0.4,6,18ee,58a4,True,14,spurious,-1,False
confusion_depth,depth,,0,0.4,7,7bec,58a4,True,11,spurious,-1,False
confusion_depth,depth,,0,0.4,4,7e8e,fca6,True,6,correct,0,True
confusion_depth,depth,,0,0.4,6,24c6,a6b6,True,6,wrong_pattern,2,False
confusion_depth,depth,,0,0.4,6,a5e4,a6b6,True,6,wrong_pattern,2,False
confusion_depth,depth,,0,0.4,8,ba4c,b905,False,740,oscillated,-1,False
confusion_depth,depth,,0,0.4,9,430,42f8,True,11,spurious,-1,False
confusion_depth,depth,,0,0.4,8,3b2f,3b07,False,740,oscillated,-1,False
confusion_depth,depth,,0,0.4,7,d9e1,58a4,True,16,spurious,-1,False
confusion_depth,depth,,0,0.4,1,dca6,fca6,True,4,correct,0,True
confusion_depth,depth,,0,0.4,4,acb4,b6b6,False,740,oscillated,-1,False
confusion_depth,depth,,0,0.4,7,21ae,22b6,False,740,oscillated,-1,False
confusion_depth,depth,,0,0.4,8,30e1,42f8,True,16,spurious,-1,False
confusion_depth,depth,,0,0.4,6,f00f,fd4b,True,17,spurious,-1,False
confusion_depth,depth,,0,0.4,8,4946,5949,True,17,spurious,-1,False
confusion_depth,depth,,0,0.4,5,fc13,fd4b,True,17,spurious,-1,False
confusion_depth,depth,,0,0.4,5,9c8a,fca6,True,14,correct,0,True
confusion_depth,depth,,0,0.4,5,b8c2,fca6,True,14,correct,0,True
confusion_depth,depth,,0,0.4,8,ddd8,dc68,False,740,oscillated,-1,False
confusion_depth,depth,,0,0.4,9,4192,42f8,True,16,spurious,-1,False
confusion_depth,depth,,0,0.4,4,f9ac,f8a4,False,740,oscillated,-1,False
confusion_depth,depth,,0,0.4,9,4088,5868,True,9,spurious,-1,False
confusion_depth,depth,,0,0.4,8,1888,58a4,True,14,spurious,-1,False
confusion_depth,depth,,0,0.4,6,f73e,bd07,True,17,wrong_pattern,3,False
confusion_depth,depth,,0,0.4,10,d95b,d94b,False,740,oscillated,-1,False
confusion_depth,depth,,0,0.4,7,e44f,fd4b,True,7,spurious,-1,False
confusion_depth,depth,,0,0.4,6,7136,3907,False,740,oscillated,-1,False
confusion_depth,depth,,0,0.4,7,e29e,e6fa,True,16,spurious,-1,False
confusion_depth,depth,,0,0.4,5,74ab,fca6,True,12,correct,0,True
confusion_depth,depth,,0,0.4,5,fe0f,fd4b,True,17,spurious,-1,False
confusion_depth,depth,,0,0.4,5,ad96,b6b6,False,740,oscillated,-1,False
confusion_depth,depth,,0,0.4,10,ca39,5949,True,17,spurious,-1,False
confusion_depth,depth,,0,0.4,5,9c8c,dca4,False,740,oscillated,-1,False
confusion_depth,depth,,0,0.4,7,6c68,7468,False,740,oscillated,-1,False
confusion_depth,depth,,0,0.4,5,ac07,bd07,True,7,wrong_pattern,3,False
confusion_depth,depth,,0,0.4,6,39b4,58a4,True,15,spurious,-1,False
confusion_depth,depth,,0,0.4,7,c86a,d06a,False,740,oscillated,-1,False
confusion_depth,depth,,0,0.4,7,c62f,a75b,True,15,spurious,-1,False
confusion_depth,depth,,0,0.4,5,68a5,58a4,True,7,spurious,-1,False
confusion_depth,depth,,0,0.4,8,4b27,1905,True,13,spurious,-1,False
confusion_depth,depth,,1,0.4,7,595b,5949,True,5,spurious,-1,False
confusion_depth,depth,,1,0.4,5,5b74,5949,True,18,spurious,-1,False
confusion_depth,depth,,1,0.4,5,b9d4,f8a4,False,740,oscillated,-1,False
confusion_depth,depth,,1,0.4,4,919d,395,True,17,spurious,-1,False
confusion_depth,depth,,1,0.4,6,3db9,7ca4,False,740,oscillated,-1,False
confusion_depth,depth,,1,0.4,6,2aa7,32b6,False,740,oscillated,-1,False
confusion_depth,depth,,1,0.4,7,9f49,8759,False,740,oscillated,-1,False
confusion_depth,depth,,1,0.4,6,9cc5,dca4,False,740,oscillated,-1,False
confusion_depth,depth,,1,0.4,7,43c9,359,True,15,spurious,-1,False
confusion_depth,depth,,1,0.4,8,7016,3907,False,740,oscillated,-1,False
confusion_depth,depth,,1,0.4,5,7f35,3d05,False,740,oscillated,-1,False
confusion_depth,depth,,1,0.4,6,3db,359,True,9,spurious,-1,False
confusion_depth,depth,,1,0.4,8,727d,5949,True,17,spurious,-1,False
confusion_depth,depth,,1,0.4,7,58a9,58a4,True,12,spurious,-1,False
confusion_depth,depth,,1,0.4,7,aabf,a6b6,True,7,wrong_pattern,2,False
confusion_depth,depth,,1,0.4,10,fdf2,fca6,True,11,wrong_pattern,0,False
confusion_depth,depth,,1,0.4,7,b9a3,fca6,True,14,wrong_pattern,0,False
confusion_depth,depth,,1,0.4,3,1bf4,2b4,True,7,spurious,-1,False
confusion_depth,depth,,1,0.4,11,ea28,f068,False,740,oscillated,-1,False
confusion_depth,depth,,1,0.4,7,3417,ad17,False,740,oscillated,-1,False
confusion_depth,depth,,1,0.4,7,d59,359,True,11,spurious,-1,False
confusion_depth,depth,,1,0.4,8,a353,a75b,True,6,spurious,-1,False
confusion_depth,depth,,1,0.4,7,9686,aeb6,False,740,oscillated,-1,False
confusion_depth,depth,,1,0.4,8,96c3,e6fa,True,17,spurious,-1,False
confusion_depth,depth,,1,0.4,7,fb06,bd07,True,13,wrong_pattern,3,False
confusion_depth,depth,,1,0.4,4,7bb1,58a4,True,7,spurious,-1,False
confusion_depth,depth,,1,0.4,6,92f4,2b4,True,7,spurious,-1,False
confusion_depth,depth,,1,0.4,6,dfb0,dca4,False,740,oscillated,-1,False
confusion_depth,depth,,1,0.4,8,a956,a75b,True,21,spurious,-1,False
confusion_depth,depth,,1,0.4,9,db62,d94b,False,740,oscillated,-1,False
confusion_depth,depth,,1,0.4,4,329d,2b4,True,7,spurious,-1,False
confusion_depth,depth,,1,0.4,6,e9b5,f8a4,False,740,oscillated,-1,False
confusion_depth,depth,,1,0.4,8,5cb8,58a4,True,11,spurious,-1,False
confusion_depth,depth,,1,0.4,5,59d0,58a4,True,12,spurious,-1,False
confusion_depth,depth,,1,0.4,8,9aeb,d8a6,False,740,oscillated,-1,False
confusion_depth,depth,,1,0.4,8,20d3,22b6,False,740,oscillated,-1,False
confusion_depth,depth,,1,0.4,7,7cbd,7ca4,False,740,oscillated,-1,False
confusion_depth,depth,,1,0.4,3,1b1f,395,True,14,spurious,-1,False
confusion_depth,depth,,1,0.4,9,25c0,26b4,False,740,oscillated,-1,False
confusion_depth,depth,,1,0.4,8,5d61,5949,True,6,spurious,-1,False
confusion_depth,depth,,1,0.4,7,8bae,92b6,False,740,oscillated,-1,False
confusion_depth,depth,,1,0.4,4,1591,395,True,17,spurious,-1,False
confusion_depth,depth,,1,0.4,5,6a85,58a4,True,17,spurious,-1,False
confusion_depth,depth,,1,0.4,9,475e,75b,False,740,oscillated,-1,False
confusion_depth,depth,,1,0.4,6,4bac,58a4,True,16,spurious,-1,False
confusion_depth,depth,,1,0.4,7,829b,82b6,False,740,oscillated,-1,False
confusion_depth,depth,,1,0.4,5,5f04,1905,True,13,spurious,-1,False
confusion_depth,depth,,1,0.4,3,138d,395,True,17,spurious,-1,False
confusion_depth,depth,,1,0.4,5,5ab6,58a4,True,5,spurious,-1,False
confusion_depth,depth,,1,0.4,4,9ed5,86b4,False,740,oscillated,-1,False
confusion_depth,depth,,1,0.4,8,fe9e,fca6,True,6,wrong_pattern,0,False
confusion_depth,depth,,1,0.4,5,badd,a2b4,False,740,oscillated,-1,False
confusion_depth,depth,,1,0.4,6,43fd,42f8,True,7,spurious,-1,False
confusion_depth,depth,,1,0.4,6,3189,359,True,16,spurious,-1,False
confusion_depth,depth,,1,0.4,5,9fa1,dca4,False,740,oscillated,-1,False
confusion_depth,depth,,1,0.4,10,2046,235b,False,740,oscillated,-1,False
confusion_depth,depth,,1,0.4,5,9bff,82b6,False,740,oscillated,-1,False
confusion_depth,depth,,1,0.4,8,8634,86b4,False,740,oscillated,-1,False
confusion_depth,depth,,1,0.4,5,901,5149,False,740,oscillated,-1,False
confusion_depth,depth,,1,0.4,7,1f0a,1d07,False,740,oscillated,-1,False
confusion_depth,depth,,1,0.4,7,29c9,359,True,15,spurious,-1,False
confusion_depth,depth,,1,0.4,3,1b25,1b05,False,740,oscillated,-1,False
confusion_depth,depth,,1,0.4,10,d1eb,c86a,False,740,oscillated,-1,False
confusion_depth,depth,,1,0.4,6,2d99,27d9,False,740,oscillated,-1,False
confusion_depth,depth,,1,0.4,9,b5c3,a75b,True,16,spurious,-1,False
confusion_depth,depth,,1,0.4,7,9d44,9d05,False,740,oscillated,-1,False
confusion_depth,depth,,1,0.4,5,6b05,1905,True,13,spurious,-1,False
confusion_depth,depth,,1,0.4,9,f3a2,fca6,True,16,wrong_pattern,0,False
confusion_depth,depth,,1,0.4,11,c77e,a75b,True,14,spurious,-1,False
confusion_depth,depth,,1,0.4,7,8a6,58a4,True,23,spurious,-1,False
confusion_depth,depth,,1,0.4,6,df9b,bd07,True,11,wrong_pattern,3,False
confusion_depth,depth,,1,0.4,4,bd3,395,True,21,spurious,-1,False
confusion_depth,depth,,1,0.4,5,5dbd,58a4,True,7,spurious,-1,False
confusion_depth,depth,,1,0.4,7,dbce,d8a6,False,740,oscillated,-1,False
confusion_depth,depth,,1,0.4,8,f95c,f949,False,740,oscillated,-1,False
confusion_depth,depth,,1,0.4,8,4592,46fa,False,740,oscillated,-1,False
confusion_depth,depth,,1,0.4,7,cf86,fca6,True,17,wrong_pattern,0,False
confusion_depth,depth,,1,0.4,10,a129,a359,False,740,oscillated,-1,False
confusion_depth,depth,,1,0.4,10,6aee,78a6,False,740,oscillated,-1,False
confusion_depth,depth,,1,0.4,5,559d,1905,True,13,spurious,-1,False
confusion_depth,depth,,1,0.4,8,efb0,b6b6,False,740,oscillated,-1,False
confusion_depth,depth,,1,0.4,7,c28d,42f8,True,16,spurious,-1,False
confusion_depth,depth,,1,0.4,6,c297,82b6,False,740,oscillated,-1,False
confusion_depth,depth,,1,0.4,10,875a,a75b,True,4,spurious,-1,False
confusion_depth,depth,,1,0.4,11,ea6f,fd4b,True,17,spurious,-1,False
confusion_depth,depth,,1,0.4,8,773c,3d05,False,740,oscillated,-1,False
confusion_depth,depth,,1,0.4,5,2b92,22b6,False,740,oscillated,-1,False
confusion_depth,depth,,1,0.4,5,1aa9,58a4,True,15,spurious,-1,False
confusion_depth,depth,,1,0.4,6,b8d1,f8a4,False,740,oscillated,-1,False
confusion_depth,depth,,1,0.4,7,b3b2,a6b6,True,7,wrong_pattern,2,False
confusion_depth,depth,,1,0.4,6,b18d,ab95,False,740,oscillated,-1,False
confusion_depth,depth,,1,0.4,8,55ac,58a4,True,7,spurious,-1,False
confusion_depth,depth,,1,0.4,10,34fe,a6b6,True,21,wrong_pattern,2,False
confusion_depth,depth,,1,0.4,5,189b,58a4,True,15,spurious,-1,False
confusion_depth,depth,,1,0.4,8,550,359,True,6,spurious,-1,False
confusion_depth,depth,,1,0.4,8,c175,359,True,15,spurious,-1,False
confusion_depth,depth,,1,0.4,6,699,2b4,True,12,spurious,-1,False
confusion_depth,depth,,1,0.4,6,30d4,2b4,True,17,spurious,-1,False
confusion_depth,depth,,1,0.4,7,cd99,87d9,False,740,oscillated,-1,False
confusion_depth,depth,,1,0.4,8,95c3,a75b,True,16,spurious,-1,False
confusion_depth,depth,,1,0.4,5,3bdb,2397,False,740,oscillated,-1,False
confusion_depth,depth,,1,0.4,8,b32f,a75b,True,21,spurious,-1,False
confusion_depth,depth,,1,0.4,6,7d96,fca6,True,7,wrong_pattern,0,False
confusion_depth,depth,,1,0.4,8,e8bd,f8a4,False,740,oscillated,-1,False
confusion_depth,depth,,1,0.4,8,b1e4,a2b4,False,740,oscillated,-1,False
confusion_depth,depth,,1,0.4,6,83dc,2b4,True,12,spurious,-1,False
confusion_depth,depth,,1,0.4,7,2134,395,True,9,spurious,-1,False
confusion_depth,depth,,1,0.4,11,ef63,fd4b,True,17,spurious,-1,False
confusion_depth,depth,,1,0.4,5,8885,58a4,True,26,spurious,-1,False
confusion_depth,depth,,1,0.4,6,c291,42f8,True,17,spurious,-1,False
confusion_depth,depth,,1,0.4,6,7a89,58a4,True,12,spurious,-1,False
confusion_depth,depth,,1,0.4,5,2595,2795,False,740,oscillated,-1,False
confusion_depth,depth,,1,0.4,5,918d,395,True,17,spurious,-1,False
confusion_depth,depth,,1,0.4,6,5875,5949,True,13,spurious,-1,False
confusion_depth,depth,,1,0.4,4,a96,12b4,False,740,oscillated,-1,False
confusion_depth,depth,,1,0.4,6,16f4,2b4,True,7,spurious,-1,False
confusion_depth,depth,,1,0.4,4,b895,f8a4,False,740,oscillated,-1,False
confusion_depth,depth,,1,0.4,8,b14d,e949,False,740,oscillated,-1,False
confusion_depth,depth,,1,0.4,4,b51,359,True,7,spurious,-1,False
confusion_depth,depth,,1,0.4,6,6b16,3907,False,740,oscillated,-1,False
confusion_depth,depth,,2,0.4,8,43e2,42e8,False,740,oscillated,-1,False
confusion_depth,depth,,2,0.4,4,f4f6,fca6,True,16,wrong_pattern,0,False
confusion_depth,depth,,2,0.4,10,4cd1,58a4,True,17,spurious,-1,False
confusion_depth,depth,,2,0.4,3,b2b7,aeb6,False,740,oscillated,-1,False
confusion_depth,depth,,2,0.4,5,ee33,bd07,True,17,wrong_pattern,3,False
confusion_depth,depth,,2,0.4,3,b694,aeb6,False,740,oscillated,-1,False
confusion_depth,depth,,2,0.4,6,47f2,46fa,False,740,oscillated,-1,False
confusion_depth,depth,,2,0.4,8,28d0,42f8,True,16,spurious,-1,False
confusion_depth,depth,,2,0.4,6,b213,a75b,True,12,spurious,-1,False
confusion_depth,depth,,2,0.4,7,df32,fd4b,True,18,spurious,-1,False
confusion_depth,depth,,2,0.4,8,7996,78a6,False,740,oscillated,-1,False
confusion_depth,depth,,2,0.4,8,972d,8759,False,740,oscillated,-1,False
confusion_depth,depth,,2,0.4,8,3e4e,bd07,True,16,wrong_pattern,3,False
confusion_depth,depth,,2,0.4,6,4536,75b,False,740,oscillated,-1,False
confusion_depth,depth,,2,0.4,6,adaa,e6fa,True,16,spurious,-1,False
confusion_depth,depth,,2,0.4,9,39d7,3917,False,740,oscillated,-1,False
confusion_depth,depth,,2,0.4,10,4bda,42f8,True,7,spurious,-1,False
confusion_depth,depth,,2,0.4,6,9e87,fca6,True,18,wrong_pattern,0,False
confusion_depth,depth,,2,0.4,5,feb5,fca6,True,5,wrong_pattern,0,False
confusion_depth,depth,,2,0.4,6,f23a,fc6a,True,17,spurious,-1,False
confusion_depth,depth,,2,0.4,6,7d7,797,False,740,oscillated,-1,False
confusion_depth,depth,,2,0.4,5,a382,a6b6,True,7,correct,2,True
confusion_depth,depth,,2,0.4,5,a41a,a75b,True,7,spurious,-1,False
confusion_depth,depth,,2,0.4,2,b6b2,a6b6,True,7,correct,2,True
confusion_depth,depth,,2,0.4,4,b2fe,a6b6,True,17,correct,2,True
confusion_depth,depth,,2,0.4,8,33ea,62fa,False,740,oscillated,-1,False
confusion_depth,depth,,2,0.4,6,a827,bd07,True,7,wrong_pattern,3,False
confusion_depth,depth,,2,0.4,4,27bc,26b4,False,740,oscillated,-1,False
confusion_depth,depth,,2,0.4,2,a616,a797,True,9,spurious,-1,False
confusion_depth,depth,,2,0.4,3,b692,a6b6,True,7,correct,2,True
confusion_depth,depth,,2,0.4,9,b1cc,e2f8,False,740,oscillated,-1,False
confusion_depth,depth,,2,0.4,8,13a,359,True,7,spurious,-1,False
confusion_depth,depth,,2,0.4,7,f423,fd4b,True,12,spurious,-1,False
confusion_depth,depth,,2,0.4,6,3db2,fca6,True,15,wrong_pattern,0,False
confusion_depth,depth,,2,0.4,3,a674,e6fa,True,21,spurious,-1,False
confusion_depth,depth,,2,0.4,4,e73e,a75b,True,14,spurious,-1,False
confusion_depth,depth,,2,0.4,3,84b2,a6b6,True,6,correct,2,True
confusion_depth,depth,,2,0.4,8,928d,2b4,True,17,spurious,-1,False
confusion_depth,depth,,2,0.4,6,12a2,2b4,True,17,spurious,-1,False
confusion_depth,depth,,2,0.4,5,86dc,86b4,False,740,oscillated,-1,False
confusion_depth,depth,,2,0.4,8,77ef,fca6,True,17,wrong_pattern,0,False
confusion_depth,depth,,2,0.4,8,3994,58a4,True,18,spurious,-1,False
confusion_depth,depth,,2,0.4,4,27f7,a6b6,True,7,correct,2,True
confusion_depth,depth,,2,0.4,6,9c3e,fca6,True,15,wrong_pattern,0,False
confusion_depth,depth,,2,0.4,8,3cdf,fca6,True,15,wrong_pattern,0,False
confusion_depth,depth,,2,0.4,8,6e2d,3d05,False,740,oscillated,-1,False
confusion_depth,depth,,2,0.4,9,ff28,fd4b,True,7,spurious,-1,False
confusion_depth,depth,,2,0.4,4,4696,6b6,False,740,oscillated,-1,False
confusion_depth,depth,,2,0.4,6,c5b5,dca4,False,740,oscillated,-1,False
confusion_depth,depth,,2,0.4,11,155b,75b,False,740,oscillated,-1,False
confusion_depth,depth,,2,0.4,11,5f4e,5d4b,False,740,oscillated,-1,False
confusion_depth,depth,,2,0.4,5,269b,a6b6,True,12,correct,2,True
confusion_depth,depth,,2,0.4,4,f6b3,aeb6,False,740,oscillated,-1,False
confusion_depth,depth,,2,0.4,6,a658,a75b,True,7,spurious,-1,False
confusion_depth,depth,,2,0.4,7,22db,62fa,False,740,oscillated,-1,False
confusion_depth,depth,,2,0.4,5,af77,a75b,True,12,spurious,-1,False
confusion_depth,depth,,2,0.4,7,7076,7826,False,740,oscillated,-1,False
confusion_depth,depth,,2,0.4,6,ec7e,fc6a,True,17,spurious,-1,False
confusion_depth,depth,,2,0.4,5,3ee6,fca6,True,15,wrong_pattern,0,False
confusion_depth,depth,,2,0.4,8,253,359,True,6,spurious,-1,False
confusion_depth,depth,,2,0.4,4,ecb7,fca6,True,14,wrong_pattern,0,False
confusion_depth,depth,,2,0.4,5,2414,2795,False,740,oscillated,-1,False
confusion_depth,depth,,2,0.4,4,e336,a75b,True,14,spurious,-1,False
confusion_depth,depth,,2,0.4,5,2ff2,a6b6,True,17,correct,2,True
confusion_depth,depth,,2,0.4,4,96bc,86b4,False,740,oscillated,-1,False
confusion_depth,depth,,2,0.4,8,9a70,2b4,True,19,spurious,-1,False
confusion_depth,depth,,2,0.4,6,29a6,78a6,False,740,oscillated,-1,False
confusion_depth,depth,,2,0.4,8,377d,2759,False,740,oscillated,-1,False
confusion_depth,depth,,2,0.4,7,8e4e,a75b,True,18,spurious,-1,False
confusion_depth,depth,,2,0.4,6,bafc,f8a4,False,740,oscillated,-1,False
confusion_depth,depth,,2,0.4,3,e616,a75b,True,14,spurious,-1,False
confusion_depth,depth,,2,0.4,6,8f84,96b4,False,740,oscillated,-1,False
confusion_depth,depth,,2,0.4,7,f621,bd07,True,17,wrong_pattern,3,False
confusion_depth,depth,,2,0.4,7,64a1,7ca4,False,740,oscillated,-1,False
confusion_depth,depth,,2,0.4,6,6e8e,fca6,True,16,wrong_pattern,0,False
confusion_depth,depth,,2,0.4,6,a0fb,e6fa,True,13,spurious,-1,False
confusion_depth,depth,,2,0.4,7,266d,2759,False,740,oscillated,-1,False
confusion_depth,depth,,2,0.4,6,fe95,fca6,True,7,wrong_pattern,0,False
confusion_depth,depth,,2,0.4,6,2393,2397,False,740,oscillated,-1,False
confusion_depth,depth,,2,0.4,7,9a8e,d8a6,False,740,oscillated,-1,False
confusion_depth,depth,,2,0.4,8,e229,a359,False,740,oscillated,-1,False
confusion_depth,depth,,2,0.4,6,e431,a75b,True,15,spurious,-1,False
confusion_depth,depth,,2,0.4,5,c617,a75b,True,14,spurious,-1,False
confusion_depth,depth,,2,0.4,7,f7a1,fca6,True,18,wrong_pattern,0,False
confusion_depth,depth,,2,0.4,5,8334,395,True,9,spurious,-1,False
confusion_depth,depth,,2,0.4,5,6fc,2b4,True,16,spurious,-1,False
confusion_depth,depth,,2,0.4,9,9355,359,True,11,spurious,-1,False
confusion_depth,depth,,2,0.4,6,3592,a6b6,True,17,correct,2,True
confusion_depth,depth,,2,0.4,6,f7af,fca6,True,18,wrong_pattern,0,False
confusion_depth,depth,,2,0.4,7,211e,235b,False,740,oscillated,-1,False
confusion_depth,depth,,2,0.4,9,c578,8759,False,740,oscillated,-1,False
confusion_depth,depth,,2,0.4,7,92e5,2b4,True,17,spurious,-1,False
confusion_depth,depth,,2,0.4,6,c706,fd4b,True,19,spurious,-1,False
confusion_depth,depth,,2,0.4,5,be74,a6b6,True,9,correct,2,True
confusion_depth,depth,,2,0.4,4,16b2,6b6,False,740,oscillated,-1,False
confusion_depth,depth,,2,0.4,6,b280,aab4,False,740,oscillated,-1,False
confusion_depth,depth,,2,0.4,6,8a93,82b6,False,740,oscillated,-1,False
confusion_depth,depth,,2,0.4,7,2890,2b4,True,17,spurious,-1,False
confusion_depth,depth,,2,0.4,5,2196,22b6,False,740,oscillated,-1,False
confusion_depth,depth,,2,0.4,7,bcad,fca6,True,12,wrong_pattern,0,False
confusion_depth,depth,,2,0.4,4,a5e6,a6b6,True,6,correct,2,True
confusion_depth,depth,,2,0.4,4,27ba,a6b6,True,11,correct,2,True
confusion_depth,depth,,2,0.4,4,ae9f,a6b6,True,7,correct,2,True
confusion_depth,depth,,2,0.4,4,8536,a797,True,9,spurious,-1,False
confusion_depth,depth,,2,0.4,4,a27e,e6fa,True,16,spurious,-1,False
confusion_depth,depth,,2,0.4,8,211f,235b,False,740,oscillated,-1,False
confusion_depth,depth,,2,0.4,6,ae03,a75b,True,21,spurious,-1,False
confusion_depth,depth,,2,0.4,5,849c,86b4,False,740,oscillated,-1,False
confusion_depth,depth,,2,0.4,3,2236,22b6,False,740,oscillated,-1,False
confusion_depth,depth,,2,0.4,7,e130,a359,False,740,oscillated,-1,False
confusion_depth,depth,,2,0.4,8,6b35,1905,True,13,spurious,-1,False
confusion_depth,depth,,2,0.4,10,4b67,1905,True,16,spurious,-1,False
confusion_depth,depth,,2,0.4,8,6b9f,3397,False,740,oscillated,-1,False
confusion_depth,depth,,2,0.4,6,ab0,2b4,True,7,spurious,-1,False
confusion_depth,depth,,2,0.4,6,a007,bf97,True,13,spurious,-1,False
confusion_depth,depth,,2,0.4,8,44c7,5cea,False,740,oscillated,-1,False
confusion_depth,depth,,2,0.4,8,5272,5868,True,17,spurious,-1,False
confusion_depth,depth,,2,0.4,8,ea1d,b905,False,740,oscillated,-1,False
confusion_depth,depth,,2,0.4,7,e313,a75b,True,14,spurious,-1,False
confusion_depth,depth,,2,0.4,4,a274,a2b4,False,740,oscillated,-1,False
confusion_depth,depth,,3,0.4,4,9d36,bd17,False,740,oscillated,-1,False
confusion_depth,depth,,3,0.4,4,ed97,bd07,True,19,correct,3,True
confusion_depth,depth,,3,0.4,10,5bd1,1905,True,11,spurious,-1,False
confusion_depth,depth,,3,0.4,6,ee1f,bd07,True,16,correct,3,True
confusion_depth,depth,,3,0.4,6,3951,1915,False,740,oscillated,-1,False
confusion_depth,depth,,3,0.4,6,fa25,b905,False,740,oscillated,-1,False
confusion_depth,depth,,3,0.4,5,acc6,a6b6,True,17,wrong_pattern,2,False
confusion_depth,depth,,3,0.4,4,a504,bf97,True,13,spurious,-1,False
confusion_depth,depth,,3,0.4,5,ac4e,f54b,False,740,oscillated,-1,False
confusion_depth,depth,,3,0.4,8,8aa3,92b6,False,740,oscillated,-1,False
confusion_depth,depth,,3,0.4,4,ad2e,f54b,False,740,oscillated,-1,False
confusion_depth,depth,,3,0.4,5,d67,554b,False,740,oscillated,-1,False
confusion_depth,depth,,3,0.4,7,eb1b,fd4b,True,17,spurious,-1,False
confusion_depth,depth,,3,0.4,7,8301,359,True,11,spurious,-1,False
confusion_depth,depth,,3,0.4,7,180a,1905,True,17,spurious,-1,False
confusion_depth,depth,,3,0.4,6,cd63,fd4b,True,7,spurious,-1,False
confusion_depth,depth,,3,0.4,8,6e81,7ca4,False,740,oscillated,-1,False
confusion_depth,depth,,3,0.4,5,ad7f,a75b,True,16,spurious,-1,False
confusion_depth,depth,,3,0.4,5,7d8e,fca6,True,7,wrong_pattern,0,False
confusion_depth,depth,,3,0.4,8,eb3d,b905,False,740,oscillated,-1,False
confusion_depth,depth,,3,0.4,5,3d73,bd07,True,15,correct,3,True
confusion_depth,depth,,3,0.4,4,8d2f,f54b,False,740,oscillated,-1,False
confusion_depth,depth,,3,0.4,5,9c21,9d05,False,740,oscillated,-1,False
confusion_depth,depth,,3,0.4,6,bfa9,fca6,True,15,wrong_pattern,0,False
confusion_depth,depth,,3,0.4,8,aaae,a6b6,True,17,wrong_pattern,2,False
confusion_depth,depth,,3,0.4,9,93de,c2fa,False,740,oscillated,-1,False
confusion_depth,depth,,3,0.4,7,eb24,b905,False,740,oscillated,-1,False
confusion_depth,depth,,3,0.4,8,6cab,fca6,True,12,wrong_pattern,0,False
confusion_depth,depth,,3,0.4,6,914e,c94b,False,740,oscillated,-1,False
confusion_depth,depth,,3,0.4,10,8efe,a6b6,True,17,wrong_pattern,2,False
confusion_depth,depth,,3,0.4,6,bbcb,a797,True,22,spurious,-1,False
confusion_depth,depth,,3,0.4,7,a1bf,a6b6,True,7,wrong_pattern,2,False
confusion_depth,depth,,3,0.4,8,e494,fca6,True,14,wrong_pattern,0,False
confusion_depth,depth,,3,0.4,8,9eac,dca4,False,740,oscillated,-1,False
confusion_depth,depth,,3,0.4,5,407,1f97,False,740,oscillated,-1,False
confusion_depth,depth,,3,0.4,4,9787,af97,False,740,oscillated,-1,False
confusion_depth,depth,,3,0.4,8,120e,359,True,17,spurious,-1,False
confusion_depth,depth,,3,0.4,5,ffc6,fca6,True,7,wrong_pattern,0,False
confusion_depth,depth,,3,0.4,9,6494,7ca4,False,740,oscillated,-1,False
confusion_depth,depth,,3,0.4,8,a1d4,a2b4,False,740,oscillated,-1,False
confusion_depth,depth,,3,0.4,4,9b27,9b07,False,740,oscillated,-1,False
confusion_depth,depth,,3,0.4,5,dc46,fd4b,True,12,spurious,-1,False
confusion_depth,depth,,3,0.4,9,58b6,58a4,True,5,spurious,-1,False
confusion_depth,depth,,3,0.4,8,7c74,7c24,False,740,oscillated,-1,False
confusion_depth,depth,,3,0.4,4,9d00,9d05,False,740,oscillated,-1,False
confusion_depth,depth,,3,0.4,4,b956,bd17,False,740,oscillated,-1,False
confusion_depth,depth,,3,0.4,8,dfe4,dca4,False,740,oscillated,-1,False
confusion_depth,depth,,3,0.4,8,fd6,6b6,False,740,oscillated,-1,False
confusion_depth,depth,,3,0.4,5,b562,ed4b,False,740,oscillated,-1,False
confusion_depth,depth,,3,0.4,5,7e87,fca6,True,7,wrong_pattern,0,False
confusion_depth,depth,,3,0.4,7,2b9f,2397,False,740,oscillated,-1,False
confusion_depth,depth,,3,0.4,10,30b0,2b4,True,17,spurious,-1,False
confusion_depth,depth,,3,0.4,12,d4f8,ccf8,False,740,oscillated,-1,False
confusion_depth,depth,,3,0.4,8,6db4,7ca4,False,740,oscillated,-1,False
confusion_depth,depth,,3,0.4,7,9201,359,True,21,spurious,-1,False
confusion_depth,depth,,3,0.4,9,468f,46fa,False,740,oscillated,-1,False
confusion_depth,depth,,3,0.4,5,998d,1905,True,9,spurious,-1,False
confusion_depth,depth,,3,0.4,4,ed1f,fd4b,True,21,spurious,-1,False
confusion_depth,depth,,3,0.4,3,8d47,f54b,False,740,oscillated,-1,False
confusion_depth,depth,,3,0.4,4,bd5e,bd07,True,15,correct,3,True
confusion_depth,depth,,3,0.4,8,b758,a75b,True,7,spurious,-1,False
confusion_depth,depth,,3,0.4,5,9566,ed4b,False,740,oscillated,-1,False
confusion_depth,depth,,3,0.4,3,b583,a797,True,17,spurious,-1,False
confusion_depth,depth,,3,0.4,8,a860,f068,False,740,oscillated,-1,False
confusion_depth,depth,,3,0.4,8,448f,5cea,False,740,oscillated,-1,False
confusion_depth,depth,,3,0.4,6,b81a,bd07,True,16,correct,3,True
confusion_depth,depth,,3,0.4,8,a1b4,a2b4,False,740,oscillated,-1,False
confusion_depth,depth,,3,0.4,6,a529,a75b,True,6,spurious,-1,False
confusion_depth,depth,,3,0.4,9,e4d4,e6fa,True,15,spurious,-1,False
confusion_depth,depth,,3,0.4,7,afd2,a6b6,True,12,wrong_pattern,2,False
confusion_depth,depth,,3,0.4,7,ba62,fca6,True,15,wrong_pattern,0,False
confusion_depth,depth,,3,0.4,5,ed96,fca6,True,17,wrong_pattern,0,False
confusion_depth,depth,,3,0.4,2,2d07,bd07,True,7,correct,3,True
confusion_depth,depth,,3,0.4,4,3e27,bf07,False,740,oscillated,-1,False
confusion_depth,depth,,3,0.4,4,7d0b,fd4b,True,6,spurious,-1,False
confusion_depth,depth,,3,0.4,6,b194,aab4,False,740,oscillated,-1,False
confusion_depth,depth,,3,0.4,13,63f9,42f8,True,7,spurious,-1,False
confusion_depth,depth,,3,0.4,9,7e3c,7c24,False,740,oscillated,-1,False
confusion_depth,depth,,3,0.4,8,e684,fca6,True,14,wrong_pattern,0,False
confusion_depth,depth,,3,0.4,7,dba6,d8a6,False,740,oscillated,-1,False
confusion_depth,depth,,3,0.4,8,f85c,f949,False,740,oscillated,-1,False
confusion_depth,depth,,3,0.4,4,3103,694b,False,740,oscillated,-1,False
confusion_depth,depth,,3,0.4,4,b402,ed4b,False,740,oscillated,-1,False
confusion_depth,depth,,3,0.4,4,9dc3,bd07,True,9,correct,3,True
confusion_depth,depth,,3,0.4,9,f4dc,fca6,True,21,wrong_pattern,0,False
confusion_depth,depth,,3,0.4,4,3427,bd07,True,7,correct,3,True
confusion_depth,depth,,3,0.4,6,c902,d94b,False,740,oscillated,-1,False
confusion_depth,depth,,3,0.4,6,fb5f,fd4b,True,6,spurious,-1,False
confusion_depth,depth,,3,0.4,8,ccb6,fca6,True,11,wrong_pattern,0,False
confusion_depth,depth,,3,0.4,8,bb7c,a315,False,740,oscillated,-1,False
confusion_depth,depth,,3,0.4,6,1596,eb6,False,740,oscillated,-1,False
confusion_depth,depth,,3,0.4,4,9de7,fca6,True,14,wrong_pattern,0,False
confusion_depth,depth,,3,0.4,5,a42f,a75b,True,14,spurious,-1,False
confusion_depth,depth,,3,0.4,9,ec4,2b4,True,17,spurious,-1,False
confusion_depth,depth,,3,0.4,8,7be3,78a6,False,740,oscillated,-1,False
confusion_depth,depth,,3,0.4,9,ccb2,fca6,True,16,wrong_pattern,0,False
confusion_depth,depth,,3,0.4,6,cda5,dca4,False,740,oscillated,-1,False
confusion_depth,depth,,3,0.4,6,2577,a75b,True,11,spurious,-1,False
confusion_depth,depth,,3,0.4,3,f107,bd07,True,11,correct,3,True
confusion_depth,depth,,3,0.4,8,761d,3d05,False,740,oscillated,-1,False
confusion_depth,depth,,3,0.4,6,af10,a75b,True,12,spurious,-1,False
confusion_depth,depth,,3,0.4,7,17a3,eb6,False,740,oscillated,-1,False
confusion_depth,depth,,3,0.4,5,1d14,1915,False,740,oscillated,-1,False
confusion_depth,depth,,3,0.4,4,1c27,1d07,False,740,oscillated,-1,False
confusion_depth,depth,,3,0.4,7,ed74,bd07,True,17,correct,3,True
confusion_depth,depth,,3,0.4,7,2ac7,32b6,False,740,oscillated,-1,False
confusion_depth,depth,,3,0.4,4,bd1c,bd17,False,740,oscillated,-1,False
confusion_depth,depth,,3,0.4,6,1cc3,5ca6,False,740,oscillated,-1,False
confusion_depth,depth,,3,0.4,4,ba06,bf07,False,740,oscillated,-1,False
confusion_depth,depth,,3,0.4,6,9217,8b97,False,740,oscillated,-1,False
confusion_depth,depth,,3,0.4,7,3ba1,58a4,True,15,spurious,-1,False
confusion_depth,depth,,3,0.4,7,f66,75b,False,740,oscillated,-1,False
confusion_depth,depth,,3,0.4,7,99e1,58a4,True,14,spurious,-1,False
confusion_depth,depth,,3,0.4,9,a24a,a75b,True,7,spurious,-1,False
confusion_depth,depth,,3,0.4,4,3986,78a6,False,740,oscillated,-1,False
confusion_depth,depth,,3,0.4,8,31d4,2b4,True,17,spurious,-1,False
confusion_depth,depth,,3,0.4,9,2ae3,62fa,False,740,oscillated,-1,False
confusion_depth,depth,,3,0.4,8,8928,5149,False,740,oscillated,-1,False
confusion_depth,depth,,3,0.4,7,7b1d,5949,True,18,spurious,-1,False
confusion_depth,depth,,3,0.4,7,fe32,fc6a,True,21,spurious,-1,False
confusion_depth,depth,,0,0.45,4,b1a6,fca6,True,23,correct,0,True
confusion_depth,depth,,0,0.45,7,72ce,78a6,False,740,oscillated,-1,False
confusion_depth,depth,,0,0.45,8,93e7,8ab6,False,740,oscillated,-1,False
confusion_depth,depth,,0,0.45,7,aa97,b6b6,False,740,oscillated,-1,False
confusion_depth,depth,,0,0.45,8,b552,a75b,True,16,spurious,-1,False
confusion_depth,depth,,0,0.45,10,93e8,42f8,True,13,spurious,-1,False
confusion_depth,depth,,0,0.45,7,3d05,3d05,False,740,oscillated,-1,False
confusion_depth,depth,,0,0.45,12,578,359,True,7,spurious,-1,False
confusion_depth,depth,,0,0.45,9,b291,a2b4,False,740,oscillated,-1,False
confusion_depth,depth,,0,0.45,6,c5ac,dca4,False,740,oscillated,-1,False
confusion_depth,depth,,0,0.45,11,5a51,5949,True,6,spurious,-1,False
confusion_depth,depth,,0,0.45,7,e505,fd4b,True,7,spurious,-1,False
confusion_depth,depth,,0,0.45,9,d25e,d94b,False,740,oscillated,-1,False
confusion_depth,depth,,0,0.45,6,1c07,1d07,False,740,oscillated,-1,False
confusion_depth,depth,,0,0.45,3,7cbe,fca6,True,6,correct,0,True
confusion_depth,depth,,0,0.45,8,3489,66f8,False,740,oscillated,-1,False
confusion_depth,depth,,0,0.45,7,effc,b6b6,False,740,oscillated,-1,False
confusion_depth,depth,,0,0.45,9,1572,75b,False,740,oscillated,-1,False
confusion_depth,depth,,0,0.45,7,a62c,e6fa,True,11,spurious,-1,False
confusion_depth,depth,,0,0.45,9,2e7f,a75b,True,7,spurious,-1,False
confusion_depth,depth,,0,0.45,8,1a20,58a4,True,15,spurious,-1,False
confusion_depth,depth,,0,0.45,7,4f87,1d07,False,740,oscillated,-1,False
confusion_depth,depth,,0,0.45,9,a281,a2b4,False,740,oscillated,-1,False
confusion_depth,depth,,0,0.45,5,7cc5,7ca4,False,740,oscillated,-1,False
confusion_depth,depth,,0,0.45,5,f62a,fc6a,True,17,spurious,-1,False
confusion_depth,depth,,0,0.45,4,7cbf,fca6,True,6,correct,0,True
confusion_depth,depth,,0,0.45,11,e341,a359,False,740,oscillated,-1,False
confusion_depth,depth,,0,0.45,6,7092,78a6,False,740,oscillated,-1,False
confusion_depth,depth,,0,0.45,4,6caa,fca6,True,11,correct,0,True
confusion_depth,depth,,0,0.45,10,3e4,2b4,True,6,spurious,-1,False
confusion_depth,depth,,0,0.45,7,d99a,d8a6,False,740,oscillated,-1,False
confusion_depth,depth,,0,0.45,8,ad45,f54b,False,740,oscillated,-1,False
confusion_depth,depth,,0,0.45,5,b024,f8a4,False,740,oscillated,-1,False
confusion_depth,depth,,0,0.45,8,1ff2,5ca6,False,740,oscillated,-1,False
confusion_depth,depth,,0,0.45,10,af09,a75b,True,16,spurious,-1,False
confusion_depth,depth,,0,0.45,5,ffb3,fca6,True,7,correct,0,True
confusion_depth,depth,,0,0.45,7,5465,5949,True,12,spurious,-1,False
confusion_depth,depth,,0,0.45,6,fee9,fc6a,True,9,spurious,-1,False
confusion_depth,depth,,0,0.45,8,c44f,fd4b,True,7,spurious,-1,False
confusion_depth,depth,,0,0.45,9,6188,5868,True,9,spurious,-1,False
confusion_depth,depth,,0,0.45,8,9e70,86b4,False,740,oscillated,-1,False
confusion_depth,depth,,0,0.45,7,ed52,fd4b,True,17,spurious,-1,False
confusion_depth,depth,,0,0.45,7,a78e,a6b6,True,7,wrong_pattern,2,False
confusion_depth,depth,,0,0.45,5,70b2,78a6,False,740,oscillated,-1,False
confusion_depth,depth,,0,0.45,5,95e6,a6b6,True,17,wrong_pattern,2,False
confusion_depth,depth,,0,0.45,8,3780,2eb4,False,740,oscillated,-1,False
confusion_depth,depth,,0,0.45,7,64de,e4fa,False,740,oscillated,-1,False
confusion_depth,depth,,0,0.45,8,b670,e6fa,True,11,spurious,-1,False
confusion_depth,depth,,0,0.45,8,9e15,9f95,False,740,oscillated,-1,False
confusion_depth,depth,,0,0.45,6,6587,bd07,True,11,wrong_pattern,3,False
confusion_depth,depth,,0,0.45,8,9382,8ab6,False,740,oscillated,-1,False
confusion_depth,depth,,0,0.45,9,b2b9,a2b4,False,740,oscillated,-1,False
confusion_depth,depth,,0,0.45,6,e4bd,e6fa,True,15,spurious,-1,False
confusion_depth,depth,,0,0.45,5,ee8c,fca6,True,16,correct,0,True
confusion_depth,depth,,0,0.45,7,f728,fd4b,True,17,spurious,-1,False
confusion_depth,depth,,0,0.45,11,905d,359,True,16,spurious,-1,False
confusion_depth,depth,,0,0.45,6,b5ef,e6fa,True,17,spurious,-1,False
confusion_depth,depth,,0,0.45,9,42d,359,True,14,spurious,-1,False
confusion_depth,depth,,0,0.45,7,69c7,3907,False,740,oscillated,-1,False
confusion_depth,depth,,0,0.45,5,3cf4,7ca4,False,740,oscillated,-1,False
confusion_depth,depth,,0,0.45,9,9e53,a75b,True,17,spurious,-1,False
confusion_depth,depth,,0,0.45,3,e6a6,fca6,True,11,correct,0,True
confusion_depth,depth,,0,0.45,4,5c87,5ca6,False,740,oscillated,-1,False
confusion_depth,depth,,0,0.45,12,3f5,2b4,True,7,spurious,-1,False
confusion_depth,depth,,0,0.45,4,fa66,fc6a,True,21,spurious,-1,False
confusion_depth,depth,,0,0.45,5,f86f,fd4b,True,7,spurious,-1,False
confusion_depth,depth,,0,0.45,8,76cd,7ca4,False,740,oscillated,-1,False
confusion_depth,depth,,0,0.45,7,9490,8eb4,False,740,oscillated,-1,False
confusion_depth,depth,,0,0.45,8,68fd,58a4,True,21,spurious,-1,False
confusion_depth,depth,,0,0.45,8,e23,75b,False,740,oscillated,-1,False
confusion_depth,depth,,0,0.45,2,aca6,fca6,True,23,correct,0,True
confusion_depth,depth,,0,0.45,9,e715,a75b,True,14,spurious,-1,False
confusion_depth,depth,,0,0.45,7,f2cc,f8a4,False,740,oscillated,-1,False
confusion_depth,depth,,0,0.45,10,6b43,714b,False,740,oscillated,-1,False
confusion_depth,depth,,0,0.45,5,e9f6,fca6,True,16,correct,0,True
confusion_depth,depth,,0,0.45,8,3264,58a4,True,30,spurious,-1,False
confusion_depth,depth,,0,0.45,4,4c86,5ca6,False,740,oscillated,-1,False
confusion_depth,depth,,0,0.45,2,b8a6,fca6,True,11,correct,0,True
confusion_depth,depth,,0,0.45,7,7617,bd07,True,13,wrong_pattern,3,False
confusion_depth,depth,,0,0.45,5,64aa,fc6a,True,14,spurious,-1,False
confusion_depth,depth,,0,0.45,10,60dd,42f8,True,15,spurious,-1,False
confusion_depth,depth,,0,0.45,5,baa5,f8a4,False,740,oscillated,-1,False
confusion_depth,depth,,0,0.45,10,33c0,42f8,True,17,spurious,-1,False
confusion_depth,depth,,0,0.45,6,8fb6,b6b6,False,740,oscillated,-1,False
confusion_depth,depth,,0,0.45,9,6b3c,1905,True,17,spurious,-1,False
confusion_depth,depth,,0,0.45,9,87a8,c6f8,False,740,oscillated,-1,False
confusion_depth,depth,,0,0.45,8,7380,58a4,True,18,spurious,-1,False
confusion_depth,depth,,0,0.45,7,70b1,58a4,True,16,spurious,-1,False
confusion_depth,depth,,0,0.45,3,feb2,fca6,True,6,correct,0,True
confusion_depth,depth,,0,0.45,7,1c33,1d07,False,740,oscillated,-1,False
confusion_depth,depth,,0,0.45,7,762d,3d05,False,740,oscillated,-1,False
confusion_depth,depth,,0,0.45,10,394d,1905,True,16,spurious,-1,False
confusion_depth,depth,,0,0.45,9,5a7f,5949,True,7,spurious,-1,False
confusion_depth,depth,,0,0.45,9,7f5a,fd4b,True,5,spurious,-1,False
confusion_depth,depth,,0,0.45,4,aea7,b6b6,False,740,oscillated,-1,False
confusion_depth,depth,,0,0.45,5,5887,58a4,True,7,spurious,-1,False
confusion_depth,depth,,0,0.45,7,fd41,fd4b,True,6,spurious,-1,False
confusion_depth,depth,,0,0.45,7,f54c,fd4b,True,7,spurious,-1,False
confusion_depth,depth,,0,0.45,7,a4ed,a6b6,True,18,wrong_pattern,2,False
confusion_depth,depth,,0,0.45,8,2eed,66f8,False,740,oscillated,-1,False
confusion_depth,depth,,0,0.45,6,9494,8eb4,False,740,oscillated,-1,False
confusion_depth,depth,,0,0.45,8,8e90,86b4,False,740,oscillated,-1,False
confusion_depth,depth,,0,0.45,6,8c2f,f54b,False,740,oscillated,-1,False
confusion_depth,depth,,0,0.45,6,4e06,1d07,False,740,oscillated,-1,False
confusion_depth,depth,,0,0.45,5,58b7,58a4,True,5,spurious,-1,False
confusion_depth,depth,,0,0.45,10,28c,2b4,True,6,spurious,-1,False
confusion_depth,depth,,0,0.45,6,eae3,fca6,True,21,correct,0,True
confusion_depth,depth,,0,0.45,8,4a07,1905,True,13,spurious,-1,False
confusion_depth,depth,,0,0.45,6,daa1,58a4,True,6,spurious,-1,False
confusion_depth,depth,,0,0.45,10,207,395,True,9,spurious,-1,False
confusion_depth,depth,,0,0.45,7,8d83,a797,True,17,spurious,-1,False
confusion_depth,depth,,0,0.45,4,7aae,78a6,False,740,oscillated,-1,False
confusion_depth,depth,,0,0.45,8,ea6d,f149,False,740,oscillated,-1,False
confusion_depth,depth,,0,0.45,5,3ea3,fca6,True,15,correct,0,True
confusion_depth,depth,,0,0.45,6,a8bc,b2b4,False,740,oscillated,-1,False
confusion_depth,depth,,0,0.45,8,ea4f,fd4b,True,17,spurious,-1,False
confusion_depth,depth,,0,0.45,5,74ef,fca6,True,12,correct,0,True
confusion_depth,depth,,0,0.45,6,f1e0,f8a4,False,740,oscillated,-1,False
confusion_depth,depth,,0,0.45,7,f4c9,ec6a,False,740,oscillated,-1,False
confusion_depth,depth,,0,0.45,11,ca49,5149,False,740,oscillated,-1,False
confusion_depth,depth,,1,0.45,5,9a8f,d8a6,False,740,oscillated,-1,False
confusion_depth,depth,,1,0.45,5,98dd,58a4,True,15,spurious,-1,False
confusion_depth,depth,,1,0.45,4,3194,ab4,False,740,oscillated,-1,False
confusion_depth,depth,,1,0.45,4,5b75,5949,True,18,spurious,-1,False
confusion_depth,depth,,1,0.45,9,70f9,48f8,False,740,oscillated,-1,False
confusion_depth,depth,,1,0.45,5,9a80,58a4,True,15,spurious,-1,False
confusion_depth,depth,,1,0.45,6,638d,359,True,15,spurious,-1,False
confusion_depth,depth,,1,0.45,6,aa96,b6b6,False,740,oscillated,-1,False
confusion_depth,depth,,1,0.45,8,1424,58a4,True,11,spurious,-1,False
confusion_depth,depth,,1,0.45,9,740d,7d49,False,740,oscillated,-1,False
confusion_depth,depth,,1,0.45,7,bca5,fca6,True,11,wrong_pattern,0,False
confusion_depth,depth,,1,0.45,8,aaf0,a2b4,False,740,oscillated,-1,False
confusion_depth,depth,,1,0.45,7,3836,78a6,False,740,oscillated,-1,False
confusion_depth,depth,,1,0.45,5,91d7,8b97,False,740,oscillated,-1,False
confusion_depth,depth,,1,0.45,5,1bab,58a4,True,15,spurious,-1,False
confusion_depth,depth,,1,0.45,9,fcb9,fca6,True,11,wrong_pattern,0,False
confusion_depth,depth,,1,0.45,6,59c9,5949,True,9,spurious,-1,False
confusion_depth,depth,,1,0.45,9,27e0,66f8,False,740,oscillated,-1,False
confusion_depth,depth,,1,0.45,8,27ac,26b4,False,740,oscillated,-1,False
confusion_depth,depth,,1,0.45,10,8c38,c4f8,False,740,oscillated,-1,False
confusion_depth,depth,,1,0.45,8,71be,78a6,False,740,oscillated,-1,False
confusion_depth,depth,,1,0.45,9,374b,a75b,True,11,spurious,-1,False
confusion_depth,depth,,1,0.45,6,b76,359,True,16,spurious,-1,False
confusion_depth,depth,,1,0.45,10,e0f1,e0f8,False,740,oscillated,-1,False
confusion_depth,depth,,1,0.45,9,8a4e,835b,False,740,oscillated,-1,False
confusion_depth,depth,,1,0.45,9,5c70,5868,True,6,spurious,-1,False
confusion_depth,depth,,1,0.45,5,1581,395,True,17,spurious,-1,False
confusion_depth,depth,,1,0.45,7,b339,a359,False,740,oscillated,-1,False
confusion_depth,depth,,1,0.45,7,112f,4949,False,740,oscillated,-1,False
confusion_depth,depth,,1,0.45,4,5984,58a4,True,7,spurious,-1,False
confusion_depth,depth,,1,0.45,8,37ce,e6fa,True,17,spurious,-1,False
confusion_depth,depth,,1,0.45,5,2fb7,b6b6,False,740,oscillated,-1,False
confusion_depth,depth,,1,0.45,8,d227,9907,False,740,oscillated,-1,False
confusion_depth,depth,,1,0.45,12,a666,e6fa,True,11,spurious,-1,False
confusion_depth,depth,,1,0.45,9,a31a,a75b,True,6,spurious,-1,False
confusion_depth,depth,,1,0.45,7,34d1,66f8,False,740,oscillated,-1,False
confusion_depth,depth,,1,0.45,5,c397,8397,False,740,oscillated,-1,False
confusion_depth,depth,,1,0.45,7,cac4,58a4,True,16,spurious,-1,False
confusion_depth,depth,,1,0.45,6,7b41,5949,True,6,spurious,-1,False
confusion_depth,depth,,1,0.45,8,53,359,True,6,spurious,-1,False
confusion_depth,depth,,1,0.45,5,38f,395,True,6,spurious,-1,False
confusion_depth,depth,,1,0.45,7,fffd,fca6,True,14,wrong_pattern,0,False
confusion_depth,depth,,1,0.45,8,be8e,fca6,True,15,wrong_pattern,0,False
confusion_depth,depth,,1,0.45,9,7e73,fd4b,True,7,spurious,-1,False
confusion_depth,depth,,1,0.45,7,4a0f,1905,True,16,spurious,-1,False
confusion_depth,depth,,1,0.45,8,cacf,d8a6,False,740,oscillated,-1,False
confusion_depth,depth,,1,0.45,6,7a8c,58a4,True,6,spurious,-1,False
confusion_depth,depth,,1,0.45,11,86eb,e6fa,True,13,spurious,-1,False
confusion_depth,depth,,1,0.45,7,5230,58a4,True,16,spurious,-1,False
confusion_depth,depth,,1,0.45,7,f9c1,f949,False,740,oscillated,-1,False
confusion_depth,depth,,1,0.45,10,ade3,e6fa,True,17,spurious,-1,False
confusion_depth,depth,,1,0.45,12,fc0a,fd4b,True,7,spurious,-1,False
confusion_depth,depth,,1,0.45,5,8f11,8759,False,740,oscillated,-1,False
confusion_depth,depth,,1,0.45,9,8ee6,a6b6,True,17,wrong_pattern,2,False
confusion_depth,depth,,1,0.45,12,d47e,fc6a,True,17,spurious,-1,False
confusion_depth,depth,,1,0.45,6,32a4,ab4,False,740,oscillated,-1,False
confusion_depth,depth,,1,0.45,8,395a,235b,False,740,oscillated,-1,False
confusion_depth,depth,,1,0.45,6,94d5,8eb4,False,740,oscillated,-1,False
confusion_depth,depth,,1,0.45,6,bdb4,fca6,True,15,wrong_pattern,0,False
confusion_depth,depth,,1,0.45,6,95bd,8eb4,False,740,oscillated,-1,False
confusion_depth,depth,,1,0.45,5,509d,58a4,True,18,spurious,-1,False
confusion_depth,depth,,1,0.45,7,8f21,8759,False,740,oscillated,-1,False
confusion_depth,depth,,1,0.45,4,99f5,58a4,True,15,spurious,-1,False
confusion_depth,depth,,1,0.45,6,bbe7,fca6,True,15,wrong_pattern,0,False
confusion_depth,depth,,1,0.45,5,9aa1,58a4,True,15,spurious,-1,False
confusion_depth,depth,,1,0.45,10,e8f0,f8a4,False,740,oscillated,-1,False
confusion_depth,depth,,1,0.45,8,e3b,75b,False,740,oscillated,-1,False
confusion_depth,depth,,1,0.45,8,15a8,42f8,True,16,spurious,-1,False
confusion_depth,depth,,1,0.45,11,f538,fd4b,True,17,spurious,-1,False
confusion_depth,depth,,1,0.45,4,984,58a4,True,26,spurious,-1,False
confusion_depth,depth,,1,0.45,7,2bc8,42f8,True,15,spurious,-1,False
confusion_depth,depth,,1,0.45,9,7410,3d05,False,740,oscillated,-1,False
confusion_depth,depth,,1,0.45,11,944e,ed4b,False,740,oscillated,-1,False
confusion_depth,depth,,1,0.45,8,edf5,fca6,True,18,wrong_pattern,0,False
confusion_depth,depth,,1,0.45,9,640,359,True,7,spurious,-1,False
confusion_depth,depth,,1,0.45,6,3a3f,2397,False,740,oscillated,-1,False
confusion_depth,depth,,1,0.45,6,97b3,a6b6,True,7,wrong_pattern,2,False
confusion_depth,depth,,1,0.45,6,21b7,22b6,False,740,oscillated,-1,False
confusion_depth,depth,,1,0.45,10,e7d2,e6fa,True,7,spurious,-1,False
confusion_depth,depth,,1,0.45,7,1f9,42f8,True,15,spurious,-1,False
confusion_depth,depth,,1,0.45,8,2ed2,a6b6,True,17,wrong_pattern,2,False
confusion_depth,depth,,1,0.45,4,695,2b4,True,7,spurious,-1,False
confusion_depth,depth,,1,0.45,5,3901,1905,True,6,spurious,-1,False
confusion_depth,depth,,1,0.45,9,69e0,58a4,True,12,spurious,-1,False
confusion_depth,depth,,1,0.45,9,6016,235b,False,740,oscillated,-1,False
confusion_depth,depth,,1,0.45,6,f00,359,True,21,spurious,-1,False
confusion_depth,depth,,1,0.45,7,c992,d8a6,False,740,oscillated,-1,False
confusion_depth,depth,,1,0.45,4,9bc4,58a4,True,15,spurious,-1,False
confusion_depth,depth,,1,0.45,10,cfaa,fca6,True,21,wrong_pattern,0,False
confusion_depth,depth,,1,0.45,6,7ab9,58a4,True,11,spurious,-1,False
confusion_depth,depth,,1,0.45,7,cf0d,dd49,False,740,oscillated,-1,False
confusion_depth,depth,,1,0.45,6,31b9,42f8,True,17,spurious,-1,False
confusion_depth,depth,,1,0.45,11,6d4e,fd4b,True,7,spurious,-1,False
confusion_depth,depth,,1,0.45,8,3636,aeb6,False,740,oscillated,-1,False
confusion_depth,depth,,1,0.45,7,89c3,835b,False,740,oscillated,-1,False
confusion_depth,depth,,1,0.45,7,bf5c,a75b,True,17,spurious,-1,False
confusion_depth,depth,,1,0.45,11,7429,7d49,False,740,oscillated,-1,False
confusion_depth,depth,,1,0.45,8,c2f1,42f8,True,6,spurious,-1,False
confusion_depth,depth,,1,0.45,7,563d,1905,True,17,spurious,-1,False
confusion_depth,depth,,1,0.45,3,8f95,9795,False,740,oscillated,-1,False
confusion_depth,depth,,1,0.45,8,56be,eb6,False,740,oscillated,-1,False
confusion_depth,depth,,1,0.45,6,9a74,2b4,True,9,spurious,-1,False
confusion_depth,depth,,1,0.45,5,d9d1,1905,True,11,spurious,-1,False
confusion_depth,depth,,1,0.45,6,579e,eb6,False,740,oscillated,-1,False
confusion_depth,depth,,1,0.45,5,33cd,395,True,21,spurious,-1,False
confusion_depth,depth,,1,0.45,9,f7c9,a75b,True,21,spurious,-1,False
confusion_depth,depth,,1,0.45,8,fb4f,fd4b,True,6,spurious,-1,False
confusion_depth,depth,,1,0.45,8,b411,a75b,True,21,spurious,-1,False
confusion_depth,depth,,1,0.45,11,e9aa,fca6,True,12,wrong_pattern,0,False
confusion_depth,depth,,1,0.45,8,2f43,a75b,True,16,spurious,-1,False
confusion_depth,depth,,1,0.45,9,5d2e,5d4b,False,740,oscillated,-1,False
confusion_depth,depth,,1,0.45,8,5f6f,5d4b,False,740,oscillated,-1,False
confusion_depth,depth,,1,0.45,8,d727,bd07,True,13,wrong_pattern,3,False
confusion_depth,depth,,1,0.45,6,52a7,58a4,True,14,spurious,-1,False
confusion_depth,depth,,1,0.45,8,a312,a75b,True,12,spurious,-1,False
confusion_depth,depth,,1,0.45,5,7794,2eb4,False,740,oscillated,-1,False
confusion_depth,depth,,1,0.45,3,1f9f,797,False,740,oscillated,-1,False
confusion_depth,depth,,1,0.45,9,3cda,a6b6,True,19,wrong_pattern,2,False
confusion_depth,depth,,1,0.45,10,c723,a75b,True,15,spurious,-1,False
confusion_depth,depth,,1,0.45,10,94da,e6fa,True,13,spurious,-1,False
confusion_depth,depth,,2,0.45,6,9282,8ab6,False,740,oscillated,-1,False
confusion_depth,depth,,2,0.45,5,e0ba,e4fa,False,740,oscillated,-1,False
confusion_depth,depth,,2,0.45,7,76c4,7ca4,False,740,oscillated,-1,False
confusion_depth,depth,,2,0.45,10,fbdd,f949,False,740,oscillated,-1,False
confusion_depth,depth,,2,0.45,7,676e,a75b,True,15,spurious,-1,False
confusion_depth,depth,,2,0.45,8,f260,e868,False,740,oscillated,-1,False
confusion_depth,depth,,2,0.45,7,90fc,2b4,True,21,spurious,-1,False
confusion_depth,depth,,2,0.45,7,7ed7,fca6,True,7,wrong_pattern,0,False
confusion_depth,depth,,2,0.45,9,9c60,dca4,False,740,oscillated,-1,False
confusion_depth,depth,,2,0.45,7,4722,75b,False,740,oscillated,-1,False
confusion_depth,depth,,2,0.45,5,a566,a75b,True,14,spurious,-1,False
confusion_depth,depth,,2,0.45,10,502c,5868,True,21,spurious,-1,False
confusion_depth,depth,,2,0.45,8,2a39,359,True,7,spurious,-1,False
confusion_depth,depth,,2,0.45,8,2b15,1395,False,740,oscillated,-1,False
confusion_depth,depth,,2,0.45,8,de8c,dca4,False,740,oscillated,-1,False
confusion_depth,depth,,2,0.45,7,b3c7,a797,True,17,spurious,-1,False
confusion_depth,depth,,2,0.45,3,a7a7,a6b6,True,7,correct,2,True
confusion_depth,depth,,2,0.45,5,961e,a75b,True,16,spurious,-1,False
confusion_depth,depth,,2,0.45,7,9c3f,bd07,True,15,wrong_pattern,3,False
confusion_depth,depth,,2,0.45,7,22e8,42f8,True,13,spurious,-1,False
confusion_depth,depth,,2,0.45,5,d6ae,fca6,True,16,wrong_pattern,0,False
confusion_depth,depth,,2,0.45,5,a33a,a75b,True,7,spurious,-1,False
confusion_depth,depth,,2,0.45,9,9a5a,835b,False,740,oscillated,-1,False
confusion_depth,depth,,2,0.45,8,e055,a359,False,740,oscillated,-1,False
confusion_depth,depth,,2,0.45,10,3589,2759,False,740,oscillated,-1,False
confusion_depth,depth,,2,0.45,6,b4b9,e6fa,True,16,spurious,-1,False
confusion_depth,depth,,2,0.45,6,52be,ab4,False,740,oscillated,-1,False
confusion_depth,depth,,2,0.45,5,a09a,a6b6,True,17,correct,2,True
confusion_depth,depth,,2,0.45,11,7c0d,7d49,False,740,oscillated,-1,False
confusion_depth,depth,,2,0.45,9,9f11,8795,False,740,oscillated,-1,False
confusion_depth,depth,,2,0.45,6,a4dd,a6b6,True,13,correct,2,True
confusion_depth,depth,,2,0.45,7,ef2a,fd4b,True,17,spurious,-1,False
confusion_depth,depth,,2,0.45,11,3868,5868,True,11,spurious,-1,False
confusion_depth,depth,,2,0.45,5,eed7,b6b6,False,740,oscillated,-1,False
confusion_depth,depth,,2,0.45,6,37bd,26b4,False,740,oscillated,-1,False
confusion_depth,depth,,2,0.45,9,612c,5949,True,7,spurious,-1,False
confusion_depth,depth,,2,0.45,10,e34b,a75b,True,15,spurious,-1,False
confusion_depth,depth,,2,0.45,5,46bc,42f8,True,16,spurious,-1,False
confusion_depth,depth,,2,0.45,9,5a8e,58a4,True,6,spurious,-1,False
confusion_depth,depth,,2,0.45,10,ec9,42f8,True,15,spurious,-1,False
confusion_depth,depth,,2,0.45,6,c0a2,d8a6,False,740,oscillated,-1,False
confusion_depth,depth,,2,0.45,4,c616,a75b,True,14,spurious,-1,False
confusion_depth,depth,,2,0.45,6,56a4,58a4,True,11,spurious,-1,False
confusion_depth,depth,,2,0.45,4,9616,af97,False,740,oscillated,-1,False
confusion_depth,depth,,2,0.45,7,f0af,fca6,True,7,wrong_pattern,0,False
confusion_depth,depth,,2,0.45,10,744c,7d49,False,740,oscillated,-1,False
confusion_depth,depth,,2,0.45,7,8f10,8759,False,740,oscillated,-1,False
confusion_depth,depth,,2,0.45,11,fb29,f949,False,740,oscillated,-1,False
confusion_depth,depth,,2,0.45,7,e7ed,e6fa,True,15,spurious,-1,False
confusion_depth,depth,,2,0.45,6,d426,fca6,True,9,wrong_pattern,0,False
confusion_depth,depth,,2,0.45,8,c8c,2b4,True,17,spurious,-1,False
confusion_depth,depth,,2,0.45,6,c412,a75b,True,15,spurious,-1,False
confusion_depth,depth,,2,0.45,6,8a24,58a4,True,21,spurious,-1,False
confusion_depth,depth,,2,0.45,10,d669,cd49,False,740,oscillated,-1,False
confusion_depth,depth,,2,0.45,7,8a80,2b4,True,17,spurious,-1,False
confusion_depth,depth,,2,0.45,12,791d,5949,True,16,spurious,-1,False
confusion_depth,depth,,2,0.45,6,80e4,2b4,True,6,spurious,-1,False
confusion_depth,depth,,2,0.45,5,e0b5,f8a4,False,740,oscillated,-1,False
confusion_depth,depth,,2,0.45,6,62c6,62fa,False,740,oscillated,-1,False
confusion_depth,depth,,2,0.45,6,a66b,a75b,True,7,spurious,-1,False
confusion_depth,depth,,2,0.45,6,b084,f8a4,False,740,oscillated,-1,False
confusion_depth,depth,,2,0.45,3,e7b7,a6b6,True,11,correct,2,True
confusion_depth,depth,,2,0.45,4,bea2,fca6,True,15,wrong_pattern,0,False
confusion_depth,depth,,2,0.45,7,2da3,a6b6,True,17,correct,2,True
confusion_depth,depth,,2,0.45,8,7c27,bd07,True,15,wrong_pattern,3,False
confusion_depth,depth,,2,0.45,7,50b2,58a4,True,16,spurious,-1,False
confusion_depth,depth,,2,0.45,6,a926,bd07,True,7,wrong_pattern,3,False
confusion_depth,depth,,2,0.45,5,ffb2,fca6,True,6,wrong_pattern,0,False
confusion_depth,depth,,2,0.45,10,9863,9907,False,740,oscillated,-1,False
confusion_depth,depth,,2,0.45,6,8770,8759,False,740,oscillated,-1,False
confusion_depth,depth,,2,0.45,5,28f6,32b6,False,740,oscillated,-1,False
confusion_depth,depth,,2,0.45,10,4f55,1905,True,16,spurious,-1,False
confusion_depth,depth,,2,0.45,11,c879,5149,False,740,oscillated,-1,False
confusion_depth,depth,,2,0.45,7,3410,2759,False,740,oscillated,-1,False
confusion_depth,depth,,2,0.45,6,8223,835b,False,740,oscillated,-1,False
confusion_depth,depth,,2,0.45,7,80a8,2b4,True,18,spurious,-1,False
confusion_depth,depth,,2,0.45,6,a4db,e6fa,True,15,spurious,-1,False
confusion_depth,depth,,2,0.45,6,94d4,8eb4,False,740,oscillated,-1,False
confusion_depth,depth,,2,0.45,10,f188,f8a4,False,740,oscillated,-1,False
confusion_depth,depth,,2,0.45,10,4c7d,5949,True,17,spurious,-1,False
confusion_depth,depth,,2,0.45,8,3d3,395,True,21,spurious,-1,False
confusion_depth,depth,,2,0.45,6,6516,fd4b,True,19,spurious,-1,False
confusion_depth,depth,,2,0.45,7,1790,2b4,True,7,spurious,-1,False
confusion_depth,depth,,2,0.45,8,9dd7,bd17,False,740,oscillated,-1,False
confusion_depth,depth,,2,0.45,7,e52,75b,False,740,oscillated,-1,False
confusion_depth,depth,,2,0.45,6,6433,a75b,True,15,spurious,-1,False
confusion_depth,depth,,2,0.45,11,1f51,359,True,17,spurious,-1,False
confusion_depth,depth,,2,0.45,5,c29e,c2fa,False,740,oscillated,-1,False
confusion_depth,depth,,2,0.45,9,108a,42f8,True,16,spurious,-1,False
confusion_depth,depth,,2,0.45,8,7b34,1905,True,15,spurious,-1,False
confusion_depth,depth,,2,0.45,9,f1ce,fca6,True,16,wrong_pattern,0,False
confusion_depth,depth,,2,0.45,10,c8,42f8,True,13,spurious,-1,False
confusion_depth,depth,,2,0.45,9,71,359,True,7,spurious,-1,False
confusion_depth,depth,,2,0.45,8,7066,7826,False,740,oscillated,-1,False
confusion_depth,depth,,2,0.45,11,6749,2759,False,740,oscillated,-1,False
confusion_depth,depth,,2,0.45,12,7b0d,5949,True,16,spurious,-1,False
confusion_depth,depth,,2,0.45,9,958d,8f95,False,740,oscillated,-1,False
confusion_depth,depth,,2,0.45,10,d8dc,58a4,True,11,spurious,-1,False
confusion_depth,depth,,2,0.45,5,f237,bd07,True,15,wrong_pattern,3,False
confusion_depth,depth,,2,0.45,3,a492,a6b6,True,6,correct,2,True
confusion_depth,depth,,2,0.45,9,7a8f,78a6,False,740,oscillated,-1,False
confusion_depth,depth,,2,0.45,6,b1a7,fca6,True,26,wrong_pattern,0,False
confusion_depth,depth,,2,0.45,8,4215,359,True,14,spurious,-1,False
confusion_depth,depth,,2,0.45,7,1414,b95,False,740,oscillated,-1,False
confusion_depth,depth,,2,0.45,9,b907,bd07,True,4,wrong_pattern,3,False
confusion_depth,depth,,2,0.45,4,e69c,e6fa,True,16,spurious,-1,False
confusion_depth,depth,,2,0.45,6,87d5,8795,False,740,oscillated,-1,False
confusion_depth,depth,,2,0.45,7,4662,46ea,False,740,oscillated,-1,False
confusion_depth,depth,,2,0.45,8,28e5,2b4,True,17,spurious,-1,False
confusion_depth,depth,,2,0.45,8,7746,bd07,True,16,wrong_pattern,3,False
confusion_depth,depth,,2,0.45,6,f604,bd07,True,15,wrong_pattern,3,False
confusion_depth,depth,,2,0.45,6,e72a,a75b,True,15,spurious,-1,False
confusion_depth,depth,,2,0.45,9,4e1b,5d4b,False,740,oscillated,-1,False
confusion_depth,depth,,2,0.45,5,26e3,a6b6,True,17,correct,2,True
confusion_depth,depth,,2,0.45,7,e127,fd4b,True,7,spurious,-1,False
confusion_depth,depth,,2,0.45,7,97c2,e6fa,True,17,spurious,-1,False
confusion_depth,depth,,2,0.45,7,8e81,96b4,False,740,oscillated,-1,False
confusion_depth,depth,,2,0.45,5,f4a2,fca6,True,7,wrong_pattern,0,False
confusion_depth,depth,,2,0.45,8,fa70,f868,False,740,oscillated,-1,False
confusion_depth,depth,,2,0.45,6,ae6,2b4,True,17,spurious,-1,False
confusion_depth,depth,,3,0.45,5,ed12,bd07,True,16,correct,3,True
confusion_depth,depth,,3,0.45,9,14ed,42f8,True,16,spurious,-1,False
confusion_depth,depth,,3,0.45,9,5571,5949,True,17,spurious,-1,False
confusion_depth,depth,,3,0.45,8,b8d0,f8a4,False,740,oscillated,-1,False
confusion_depth,depth,,3,0.45,11,c09c,42f8,True,15,spurious,-1,False
confusion_depth,depth,,3,0.45,8,1588,42f8,True,17,spurious,-1,False
confusion_depth,depth,,3,0.45,7,35a0,26b4,False,740,oscillated,-1,False
confusion_depth,depth,,3,0.45,7,6f95,3795,False,740,oscillated,-1,False
confusion_depth,depth,,3,0.45,8,5bc6,58a4,True,7,spurious,-1,False
confusion_depth,depth,,3,0.45,5,9e86,fca6,True,15,wrong_pattern,0,False
confusion_depth,depth,,3,0.45,5,a90a,f54b,False,740,oscillated,-1,False
confusion_depth,depth,,3,0.45,5,7c57,fd4b,True,17,spurious,-1,False
confusion_depth,depth,,3,0.45,9,38ba,78a6,False,740,oscillated,-1,False
confusion_depth,depth,,3,0.45,8,a0d,359,True,21,spurious,-1,False
confusion_depth,depth,,3,0.45,7,4d33,1d07,False,740,oscillated,-1,False
confusion_depth,depth,,3,0.45,10,7672,fc6a,True,17,spurious,-1,False
confusion_depth,depth,,3,0.45,5,3f1e,a797,True,9,spurious,-1,False
confusion_depth,depth,,3,0.45,6,de16,bd07,True,15,correct,3,True
confusion_depth,depth,,3,0.45,9,cce2,fca6,True,11,wrong_pattern,0,False
confusion_depth,depth,,3,0.45,6,3e8d,7ca4,False,740,oscillated,-1,False
confusion_depth,depth,,3,0.45,3,b90d,b905,False,740,oscillated,-1,False
confusion_depth,depth,,3,0.45,6,5d63,5d4b,False,740,oscillated,-1,False
confusion_depth,depth,,3,0.45,7,3149,4949,False,740,oscillated,-1,False
confusion_depth,depth,,3,0.45,7,9e73,a797,True,14,spurious,-1,False
confusion_depth,depth,,3,0.45,6,bba1,f8a4,False,740,oscillated,-1,False
confusion_depth,depth,,3,0.45,8,57,359,True,11,spurious,-1,False
confusion_depth,depth,,3,0.45,8,6a1f,3907,False,740,oscillated,-1,False
confusion_depth,depth,,3,0.45,4,b536,af97,False,740,oscillated,-1,False
confusion_depth,depth,,3,0.45,6,3c5b,a75b,True,14,spurious,-1,False
confusion_depth,depth,,3,0.45,9,8351,359,True,6,spurious,-1,False
confusion_depth,depth,,3,0.45,8,e4e,75b,False,740,oscillated,-1,False
confusion_depth,depth,,3,0.45,7,5f77,1d07,False,740,oscillated,-1,False
confusion_depth,depth,,3,0.45,9,555c,5949,True,17,spurious,-1,False
confusion_depth,depth,,3,0.45,8,df59,8759,False,740,oscillated,-1,False
confusion_depth,depth,,3,0.45,10,6ae,6b6,False,740,oscillated,-1,False
confusion_depth,depth,,3,0.45,6,ba3f,a797,True,9,spurious,-1,False
confusion_depth,depth,,3,0.45,5,cf06,bd07,True,13,correct,3,True
confusion_depth,depth,,3,0.45,7,a939,a359,False,740,oscillated,-1,False
confusion_depth,depth,,3,0.45,7,b37,1395,False,740,oscillated,-1,False
confusion_depth,depth,,3,0.45,11,e2a0,e2e8,False,740,oscillated,-1,False
confusion_depth,depth,,3,0.45,6,8ca3,a6b6,True,17,wrong_pattern,2,False
confusion_depth,depth,,3,0.45,6,f992,fca6,True,7,wrong_pattern,0,False
confusion_depth,depth,,3,0.45,4,2d67,f54b,False,740,oscillated,-1,False
confusion_depth,depth,,3,0.45,6,7e0b,fd4b,True,6,spurious,-1,False
confusion_depth,depth,,3,0.45,7,8b66,835b,False,740,oscillated,-1,False
confusion_depth,depth,,3,0.45,10,7498,7ca4,False,740,oscillated,-1,False
confusion_depth,depth,,3,0.45,4,ad42,f54b,False,740,oscillated,-1,False
confusion_depth,depth,,3,0.45,5,1525,1905,True,7,spurious,-1,False
confusion_depth,depth,,3,0.45,9,664d,2759,False,740,oscillated,-1,False
confusion_depth,depth,,3,0.45,6,827,1905,True,7,spurious,-1,False
confusion_depth,depth,,3,0.45,12,6abc,12b4,False,740,oscillated,-1,False
confusion_depth,depth,,3,0.45,6,b5bb,e6fa,True,17,spurious,-1,False
confusion_depth,depth,,3,0.45,7,375b,a75b,True,7,spurious,-1,False
confusion_depth,depth,,3,0.45,7,2025,1b95,True,9,wrong_pattern,1,False
confusion_depth,depth,,3,0.45,5,6407,fd4b,True,7,spurious,-1,False
confusion_depth,depth,,3,0.45,7,ff6a,fd4b,True,7,spurious,-1,False
confusion_depth,depth,,3,0.45,5,9d3d,9d15,False,740,oscillated,-1,False
confusion_depth,depth,,3,0.45,3,bc13,bd17,False,740,oscillated,-1,False
confusion_depth,depth,,3,0.45,8,3e30,7ca4,False,740,oscillated,-1,False
confusion_depth,depth,,3,0.45,5,d37,1517,False,740,oscillated,-1,False
confusion_depth,depth,,3,0.45,5,95af,a6b6,True,17,wrong_pattern,2,False
confusion_depth,depth,,3,0.45,9,f07e,fc6a,True,17,spurious,-1,False
confusion_depth,depth,,3,0.45,11,4c7a,546a,False,740,oscillated,-1,False
confusion_depth,depth,,3,0.45,7,942,5149,False,740,oscillated,-1,False
confusion_depth,depth,,3,0.45,6,fd3a,fd4b,True,7,spurious,-1,False
confusion_depth,depth,,3,0.45,7,f655,bd07,True,16,correct,3,True
confusion_depth,depth,,3,0.45,7,79ad,58a4,True,7,spurious,-1,False
confusion_depth,depth,,3,0.45,7,a108,a359,False,740,oscillated,-1,False
confusion_depth,depth,,3,0.45,8,2cde,e6fa,True,16,spurious,-1,False
confusion_depth,depth,,3,0.45,9,44a6,5ca6,False,740,oscillated,-1,False
confusion_depth,depth,,3,0.45,8,67a6,fca6,True,14,wrong_pattern,0,False
confusion_depth,depth,,3,0.45,8,adfc,e6fa,True,16,spurious,-1,False
confusion_depth,depth,,3,0.45,6,1716,f97,False,740,oscillated,-1,False
confusion_depth,depth,,3,0.45,7,bbb2,a6b6,True,7,wrong_pattern,2,False
confusion_depth,depth,,3,0.45,11,67d0,66f8,False,740,oscillated,-1,False
confusion_depth,depth,,3,0.45,4,b93f,bd17,False,740,oscillated,-1,False
confusion_depth,depth,,3,0.45,7,710c,5949,True,17,spurious,-1,False
confusion_depth,depth,,3,0.45,9,eee4,fca6,True,16,wrong_pattern,0,False
confusion_depth,depth,,3,0.45,7,7fef,fca6,True,12,wrong_pattern,0,False
confusion_depth,depth,,3,0.45,6,a7c5,a797,True,6,spurious,-1,False
confusion_depth,depth,,3,0.45,9,ced6,b6b6,False,740,oscillated,-1,False
confusion_depth,depth,,3,0.45,7,f636,fca6,True,15,wrong_pattern,0,False
confusion_depth,depth,,3,0.45,7,b329,a359,False,740,oscillated,-1,False
confusion_depth,depth,,3,0.45,12,4bea,52e8,False,740,oscillated,-1,False
confusion_depth,depth,,3,0.45,10,64db,e4fa,False,740,oscillated,-1,False
confusion_depth,depth,,3,0.45,7,59d7,1905,True,11,spurious,-1,False
confusion_depth,depth,,3,0.45,6,bc88,fca6,True,14,wrong_pattern,0,False
confusion_depth,depth,,3,0.45,7,1a13,395,True,9,spurious,-1,False
confusion_depth,depth,,3,0.45,6,3e4d,3d05,False,740,oscillated,-1,False
confusion_depth,depth,,3,0.45,8,b3f5,a2b4,False,740,oscillated,-1,False
confusion_depth,depth,,3,0.45,9,8eb4,96b4,False,740,oscillated,-1,False
confusion_depth,depth,,3,0.45,6,308f,22b6,False,740,oscillated,-1,False
confusion_depth,depth,,3,0.45,6,99a4,58a4,True,11,spurious,-1,False
confusion_depth,depth,,3,0.45,9,321a,235b,False,740,oscillated,-1,False
confusion_depth,depth,,3,0.45,11,4631,359,True,14,spurious,-1,False
confusion_depth,depth,,3,0.45,11,52c2,58a4,True,21,spurious,-1,False
confusion_depth,depth,,3,0.45,8,331c,359,True,12,spurious,-1,False
confusion_depth,depth,,3,0.45,6,1982,58a4,True,14,spurious,-1,False
confusion_depth,depth,,3,0.45,7,9257,835b,False,740,oscillated,-1,False
confusion_depth,depth,,3,0.45,11,2ab9,2b4,True,17,spurious,-1,False
confusion_depth,depth,,3,0.45,11,61dc,42f8,True,15,spurious,-1,False
confusion_depth,depth,,3,0.45,7,aec2,e6fa,True,16,spurious,-1,False
confusion_depth,depth,,3,0.45,4,dda7,fca6,True,7,wrong_pattern,0,False
confusion_depth,depth,,3,0.45,9,de60,dc68,False,740,oscillated,-1,False
confusion_depth,depth,,3,0.45,9,149a,46fa,False,740,oscillated,-1,False
confusion_depth,depth,,3,0.45,9,5b8c,58a4,True,7,spurious,-1,False
confusion_depth,depth,,3,0.45,7,edac,fca6,True,7,wrong_pattern,0,False
confusion_depth,depth,,3,0.45,3,7d87,bd07,True,11,correct,3,True
confusion_depth,depth,,3,0.45,6,f34f,fd4b,True,17,spurious,-1,False
confusion_depth,depth,,3,0.45,7,115f,359,True,16,spurious,-1,False
confusion_depth,depth,,3,0.45,5,af11,a75b,True,11,spurious,-1,False
confusion_depth,depth,,3,0.45,10,14fe,6b6,False,740,oscillated,-1,False
confusion_depth,depth,,3,0.45,4,3f0b,bf07,False,740,oscillated,-1,False
confusion_depth,depth,,3,0.45,6,a141,a359,False,740,oscillated,-1,False
confusion_depth,depth,,3,0.45,6,3f61,3d05,False,740,oscillated,-1,False
confusion_depth,depth,,3,0.45,8,d119,5949,True,17,spurious,-1,False
confusion_depth,depth,,3,0.45,5,958e,a6b6,True,17,wrong_pattern,2,False
confusion_depth,depth,,3,0.45,6,2e86,b6b6,False,740,oscillated,-1,False
confusion_depth,depth,,3,0.45,7,99d4,58a4,True,15,spurious,-1,False
confusion_depth,depth,,3,0.45,6,ac9e,a6b6,True,17,wrong_pattern,2,False
confusion_depth,depth,,0,0.5,8,2deb,e6fa,True,15,spurious,-1,False
confusion_depth,depth,,0,0.5,9,4861,5949,True,7,spurious,-1,False
confusion_depth,depth,,0,0.5,8,e6c1,e6fa,True,15,spurious,-1,False
confusion_depth,depth,,0,0.5,9,3e5f,a75b,True,17,spurious,-1,False
confusion_depth,depth,,0,0.5,7,958c,86b4,False,740,oscillated,-1,False
confusion_depth,depth,,0,0.5,6,942f,ed4b,False,740,oscillated,-1,False
confusion_depth,depth,,0,0.5,9,7a09,5949,True,6,spurious,-1,False
confusion_depth,depth,,0,0.5,8,dbc0,58a4,True,12,spurious,-1,False
confusion_depth,depth,,0,0.5,8,52b0,ab4,False,740,oscillated,-1,False
confusion_depth,depth,,0,0.5,11,165c,359,True,7,spurious,-1,False
confusion_depth,depth,,0,0.5,9,e3ff,e6fa,True,7,spurious,-1,False
confusion_depth,depth,,0,0.5,8,88c3,c2fa,False,740,oscillated,-1,False
confusion_depth,depth,,0,0.5,5,78e5,58a4,True,6,spurious,-1,False
confusion_depth,depth,,0,0.5,7,54d2,5ca6,False,740,oscillated,-1,False
confusion_depth,depth,,0,0.5,6,d1e4,58a4,True,7,spurious,-1,False
confusion_depth,depth,,0,0.5,12,1c1,395,True,21,spurious,-1,False
confusion_depth,depth,,0,0.5,8,e46,75b,False,740,oscillated,-1,False
confusion_depth,depth,,0,0.5,8,d9dc,58a4,True,12,spurious,-1,False
confusion_depth,depth,,0,0.5,10,5168,4949,False,740,oscillated,-1,False
confusion_depth,depth,,0,0.5,7,7ee9,7c68,False,740,oscillated,-1,False
confusion_depth,depth,,0,0.5,5,fd95,bd07,True,13,wrong_pattern,3,False
confusion_depth,depth,,0,0.5,8,9183,8b97,False,740,oscillated,-1,False
confusion_depth,depth,,0,0.5,10,80c8,42f8,True,13,spurious,-1,False
confusion_depth,depth,,0,0.5,9,e449,a75b,True,18,spurious,-1,False
confusion_depth,depth,,0,0.5,3,e8a7,fca6,True,7,correct,0,True
confusion_depth,depth,,0,0.5,6,d86,5ca6,False,740,oscillated,-1,False
confusion_depth,depth,,0,0.5,6,9cd7,fca6,True,15,correct,0,True
confusion_depth,depth,,0,0.5,9,5edb,446a,False,740,oscillated,-1,False
confusion_depth,depth,,0,0.5,9,cb90,12b4,False,740,oscillated,-1,False
confusion_depth,depth,,0,0.5,7,c68f,e6fa,True,16,spurious,-1,False
confusion_depth,depth,,0,0.5,6,7805,1905,True,12,spurious,-1,False
confusion_depth,depth,,0,0.5,9,5a13,5949,True,18,spurious,-1,False
confusion_depth,depth,,0,0.5,8,be18,a797,True,14,spurious,-1,False
confusion_depth,depth,,0,0.5,2,78a6,78a6,False,740,oscillated,-1,False
confusion_depth,depth,,0,0.5,7,cafe,92b6,False,740,oscillated,-1,False
confusion_depth,depth,,0,0.5,8,b7e8,e6fa,True,13,spurious,-1,False
confusion_depth,depth,,0,0.5,9,d0dd,58a4,True,17,spurious,-1,False
confusion_depth,depth,,0,0.5,7,e66f,a75b,True,15,spurious,-1,False
confusion_depth,depth,,0,0.5,8,b70f,a75b,True,21,spurious,-1,False
confusion_depth,depth,,0,0.5,8,6207,235b,False,740,oscillated,-1,False
confusion_depth,depth,,0,0.5,7,f1e8,e868,False,740,oscillated,-1,False
confusion_depth,depth,,0,0.5,8,68dc,58a4,True,21,spurious,-1,False
confusion_depth,depth,,0,0.5,11,11f8,42f8,True,13,spurious,-1,False
confusion_depth,depth,,0,0.5,10,2b60,359,True,18,spurious,-1,False
confusion_depth,depth,,0,0.5,6,b2c6,a6b6,True,17,wrong_pattern,2,False
confusion_depth,depth,,0,0.5,7,fb05,b905,False,740,oscillated,-1,False
confusion_depth,depth,,0,0.5,8,8fbf,a6b6,True,7,wrong_pattern,2,False
confusion_depth,depth,,0,0.5,8,4525,5949,True,7,spurious,-1,False
confusion_depth,depth,,0,0.5,6,6d83,bd07,True,11,wrong_pattern,3,False
confusion_depth,depth,,0,0.5,9,9811,1915,False,740,oscillated,-1,False
confusion_depth,depth,,0,0.5,9,b858,a359,False,740,oscillated,-1,False
confusion_depth,depth,,0,0.5,8,6a30,58a4,True,16,spurious,-1,False
confusion_depth,depth,,0,0.5,9,da71,5949,True,7,spurious,-1,False
confusion_depth,depth,,0,0.5,6,75a1,7ca4,False,740,oscillated,-1,False
confusion_depth,depth,,0,0.5,7,a86,12b4,False,740,oscillated,-1,False
confusion_depth,depth,,0,0.5,7,c034,5868,True,22,spurious,-1,False
confusion_depth,depth,,0,0.5,5,bc30,fca6,True,15,correct,0,True
confusion_depth,depth,,0,0.5,10,8172,835b,False,740,oscillated,-1,False
confusion_depth,depth,,0,0.5,12,414d,5949,True,7,spurious,-1,False
confusion_depth,depth,,0,0.5,11,1715,b95,False,740,oscillated,-1,False
confusion_depth,depth,,0,0.5,7,9c13,bd17,False,740,oscillated,-1,False
confusion_depth,depth,,0,0.5,5,cdb7,fca6,True,17,correct,0,True
confusion_depth,depth,,0,0.5,9,3793,a797,True,7,spurious,-1,False
confusion_depth,depth,,0,0.5,6,fa74,f824,False,740,oscillated,-1,False
confusion_depth,depth,,0,0.5,8,dfcb,fd4b,True,9,spurious,-1,False
confusion_depth,depth,,0,0.5,11,4d1,2b4,True,13,spurious,-1,False
confusion_depth,depth,,0,0.5,11,49d8,5068,False,740,oscillated,-1,False
confusion_depth,depth,,0,0.5,7,41b6,58a4,True,14,spurious,-1,False
confusion_depth,depth,,0,0.5,7,6c4c,7d49,False,740,oscillated,-1,False
confusion_depth,depth,,0,0.5,7,fff8,e46a,True,13,spurious,-1,False
confusion_depth,depth,,0,0.5,6,efce,fca6,True,17,correct,0,True
confusion_depth,depth,,0,0.5,9,1180,2b4,True,17,spurious,-1,False
confusion_depth,depth,,0,0.5,8,852f,a75b,True,11,spurious,-1,False
confusion_depth,depth,,0,0.5,6,cebf,b6b6,False,740,oscillated,-1,False
confusion_depth,depth,,0,0.5,9,951f,a75b,True,21,spurious,-1,False
confusion_depth,depth,,0,0.5,6,ce37,bd07,True,15,wrong_pattern,3,False
confusion_depth,depth,,0,0.5,9,3b6a,235b,False,740,oscillated,-1,False
confusion_depth,depth,,0,0.5,8,834,58a4,True,21,spurious,-1,False
confusion_depth,depth,,0,0.5,9,37f0,26b4,False,740,oscillated,-1,False
confusion_depth,depth,,0,0.5,8,a838,e0f8,False,740,oscillated,-1,False
confusion_depth,depth,,0,0.5,10,5731,1905,True,16,spurious,-1,False
confusion_depth,depth,,0,0.5,7,1df7,5ca6,False,740,oscillated,-1,False
confusion_depth,depth,,0,0.5,8,8e9a,a6b6,True,17,wrong_pattern,2,False
confusion_depth,depth,,0,0.5,8,af2d,a75b,True,21,spurious,-1,False
confusion_depth,depth,,0,0.5,10,261c,2759,False,740,oscillated,-1,False
confusion_depth,depth,,0,0.5,10,83ea,c2fa,False,740,oscillated,-1,False
confusion_depth,depth,,0,0.5,5,af86,b6b6,False,740,oscillated,-1,False
confusion_depth,depth,,0,0.5,6,64b3,e6fa,True,15,spurious,-1,False
confusion_depth,depth,,0,0.5,12,835e,835b,False,740,oscillated,-1,False
confusion_depth,depth,,0,0.5,11,d378,359,True,26,spurious,-1,False
confusion_depth,depth,,0,0.5,7,9ab0,2b4,True,7,spurious,-1,False
confusion_depth,depth,,0,0.5,9,707b,694b,False,740,oscillated,-1,False
confusion_depth,depth,,0,0.5,9,4324,5949,True,19,spurious,-1,False
confusion_depth,depth,,0,0.5,10,8ac1,42f8,True,17,spurious,-1,False
confusion_depth,depth,,0,0.5,10,1fe9,2b4,True,19,spurious,-1,False
confusion_depth,depth,,0,0.5,5,58a5,58a4,True,4,spurious,-1,False
confusion_depth,depth,,0,0.5,5,5c80,58a4,True,6,spurious,-1,False
confusion_depth,depth,,0,0.5,8,ac5c,a75b,True,18,spurious,-1,False
confusion_depth,depth,,0,0.5,11,39d9,395,True,22,spurious,-1,False
confusion_depth,depth,,0,0.5,10,c048,359,True,21,spurious,-1,False
confusion_depth,depth,,0,0.5,10,4772,75b,False,740,oscillated,-1,False
confusion_depth,depth,,0,0.5,7,90b0,2b4,True,17,spurious,-1,False
confusion_depth,depth,,0,0.5,7,5c4f,5d4b,False,740,oscillated,-1,False
confusion_depth,depth,,0,0.5,8,97fe,a6b6,True,17,wrong_pattern,2,False
confusion_depth,depth,,0,0.5,8,9933,9917,False,740,oscillated,-1,False
confusion_depth,depth,,0,0.5,8,118e,2b4,True,17,spurious,-1,False
confusion_depth,depth,,0,0.5,12,137a,359,True,7,spurious,-1,False
confusion_depth,depth,,0,0.5,8,5164,5949,True,12,spurious,-1,False
confusion_depth,depth,,0,0.5,7,afc7,a797,True,17,spurious,-1,False
confusion_depth,depth,,0,0.5,11,511d,5949,True,21,spurious,-1,False
confusion_depth,depth,,0,0.5,9,483d,1905,True,17,spurious,-1,False
confusion_depth,depth,,0,0.5,9,67f0,66f8,False,740,oscillated,-1,False
confusion_depth,depth,,0,0.5,11,32c,359,True,12,spurious,-1,False
confusion_depth,depth,,0,0.5,7,a814,b395,False,740,oscillated,-1,False
confusion_depth,depth,,0,0.5,8,7ff8,6468,False,740,oscillated,-1,False
confusion_depth,depth,,0,0.5,7,c766,a75b,True,15,spurious,-1,False
confusion_depth,depth,,0,0.5,8,6f35,3d05,False,740,oscillated,-1,False
confusion_depth,depth,,0,0.5,12,761,359,True,6,spurious,-1,False
confusion_depth,depth,,0,0.5,5,7c05,3d05,False,740,oscillated,-1,False
confusion_depth,depth,,0,0.5,6,7800,5949,True,12,spurious,-1,False
confusion_depth,depth,,1,0.5,11,857e,a75b,True,7,spurious,-1,False
confusion_depth,depth,,1,0.5,10,25a8,66f8,False,740,oscillated,-1,False
confusion_depth,depth,,1,0.5,12,b86a,fc6a,True,11,spurious,-1,False
confusion_depth,depth,,1,0.5,8,6b38,5949,True,17,spurious,-1,False
confusion_depth,depth,,1,0.5,6,7b5f,794b,False,740,oscillated,-1,False
confusion_depth,depth,,1,0.5,10,40a8,5868,True,14,spurious,-1,False
confusion_depth,depth,,1,0.5,10,c003,835b,False,740,oscillated,-1,False
confusion_depth,depth,,1,0.5,8,bae3,fca6,True,15,wrong_pattern,0,False
confusion_depth,depth,,1,0.5,10,c71a,a75b,True,12,spurious,-1,False
confusion_depth,depth,,1,0.5,10,cdab,fca6,True,16,wrong_pattern,0,False
confusion_depth,depth,,1,0.5,4,3393,2397,False,740,oscillated,-1,False
confusion_depth,depth,,1,0.5,10,4c29,5949,True,7,spurious,-1,False
confusion_depth,depth,,1,0.5,8,bf40,bd07,True,15,wrong_pattern,3,False
confusion_depth,depth,,1,0.5,10,ef23,bd07,True,16,wrong_pattern,3,False
confusion_depth,depth,,1,0.5,10,b03e,fca6,True,30,wrong_pattern,0,False
confusion_depth,depth,,1,0.5,6,98a7,d8a6,False,740,oscillated,-1,False
confusion_depth,depth,,1,0.5,8,8ba,2b4,True,21,spurious,-1,False
confusion_depth,depth,,1,0.5,6,1c9b,5ca6,False,740,oscillated,-1,False
confusion_depth,depth,,1,0.5,9,c7c3,a75b,True,15,spurious,-1,False
confusion_depth,depth,,1,0.5,6,bc9d,fca6,True,15,wrong_pattern,0,False
confusion_depth,depth,,1,0.5,7,ae90,a6b6,True,7,wrong_pattern,2,False
confusion_depth,depth,,1,0.5,4,1325,b05,False,740,oscillated,-1,False
confusion_depth,depth,,1,0.5,8,bbca,a6b6,True,19,wrong_pattern,2,False
confusion_depth,depth,,1,0.5,8,3e1a,a797,True,14,spurious,-1,False
confusion_depth,depth,,1,0.5,10,6574,2759,False,740,oscillated,-1,False
confusion_depth,depth,,1,0.5,8,2a2f,235b,False,740,oscillated,-1,False
confusion_depth,depth,,1,0.5,7,7090,58a4,True,16,spurious,-1,False
confusion_depth,depth,,1,0.5,6,71c,359,True,12,spurious,-1,False
confusion_depth,depth,,1,0.5,8,f28f,fca6,True,18,wrong_pattern,0,False
confusion_depth,depth,,1,0.5,10,b43c,fca6,True,30,wrong_pattern,0,False
confusion_depth,depth,,1,0.5,10,eb22,bd07,True,17,wrong_pattern,3,False
confusion_depth,depth,,1,0.5,7,1407,1d07,False,740,oscillated,-1,False
confusion_depth,depth,,1,0.5,9,ebf2,b6b6,False,740,oscillated,-1,False
confusion_depth,depth,,1,0.5,9,b0de,e6fa,True,16,spurious,-1,False
confusion_depth,depth,,1,0.5,7,dc9c,dca4,False,740,oscillated,-1,False
confusion_depth,depth,,1,0.5,5,3392,22b6,False,740,oscillated,-1,False
confusion_depth,depth,,1,0.5,10,da6e,d86a,False,740,oscillated,-1,False
confusion_depth,depth,,1,0.5,10,ee74,fca6,True,16,wrong_pattern,0,False
confusion_depth,depth,,1,0.5,7,aadc,a2b4,False,740,oscillated,-1,False
confusion_depth,depth,,1,0.5,7,56b3,eb6,False,740,oscillated,-1,False
confusion_depth,depth,,1,0.5,7,2af3,22b6,False,740,oscillated,-1,False
confusion_depth,depth,,1,0.5,10,502b,5949,True,7,spurious,-1,False
confusion_depth,depth,,1,0.5,6,9b8,42f8,True,16,spurious,-1,False
confusion_depth,depth,,1,0.5,8,5624,58a4,True,9,spurious,-1,False
confusion_depth,depth,,1,0.5,8,4753,75b,False,740,oscillated,-1,False
confusion_depth,depth,,1,0.5,9,9cf8,dca4,False,740,oscillated,-1,False
confusion_depth,depth,,1,0.5,7,ab12,a75b,True,12,spurious,-1,False
confusion_depth,depth,,1,0.5,8,35e4,26b4,False,740,oscillated,-1,False
confusion_depth,depth,,1,0.5,11,c22b,835b,False,740,oscillated,-1,False
confusion_depth,depth,,1,0.5,10,c0f9,40f8,False,740,oscillated,-1,False
confusion_depth,depth,,1,0.5,5,1f50,359,True,17,spurious,-1,False
confusion_depth,depth,,1,0.5,8,984f,9907,False,740,oscillated,-1,False
confusion_depth,depth,,1,0.5,8,477d,359,True,12,spurious,-1,False
confusion_depth,depth,,1,0.5,3,1ad4,2b4,True,7,spurious,-1,False
confusion_depth,depth,,1,0.5,9,ca58,359,True,26,spurious,-1,False
confusion_depth,depth,,1,0.5,9,eff3,b6b6,False,740,oscillated,-1,False
confusion_depth,depth,,1,0.5,9,b63f,a75b,True,16,spurious,-1,False
confusion_depth,depth,,1,0.5,11,c032,c0fa,False,740,oscillated,-1,False
confusion_depth,depth,,1,0.5,10,2d28,7549,False,740,oscillated,-1,False
confusion_depth,depth,,1,0.5,7,308,359,True,6,spurious,-1,False
confusion_depth,depth,,1,0.5,12,e4c0,fc6a,True,9,spurious,-1,False
confusion_depth,depth,,1,0.5,5,da99,58a4,True,14,spurious,-1,False
confusion_depth,depth,,1,0.5,11,a676,e6fa,True,21,spurious,-1,False
confusion_depth,depth,,1,0.5,4,1375,359,True,12,spurious,-1,False
confusion_depth,depth,,1,0.5,14,c46e,e46a,True,6,spurious,-1,False
confusion_depth,depth,,1,0.5,8,b2e7,a6b6,True,17,wrong_pattern,2,False
confusion_depth,depth,,1,0.5,8,45f4,42f8,True,15,spurious,-1,False
confusion_depth,depth,,1,0.5,5,bb9e,a6b6,True,7,wrong_pattern,2,False
confusion_depth,depth,,1,0.5,8,aa5c,a359,False,740,oscillated,-1,False
confusion_depth,depth,,1,0.5,5,b935,b915,False,740,oscillated,-1,False
confusion_depth,depth,,1,0.5,12,7062,786a,False,740,oscillated,-1,False
confusion_depth,depth,,1,0.5,8,3047,694b,False,740,oscillated,-1,False
confusion_depth,depth,,1,0.5,5,dbcd,1905,True,11,spurious,-1,False
confusion_depth,depth,,1,0.5,10,c027,d94b,False,740,oscillated,-1,False
confusion_depth,depth,,1,0.5,8,8e9,42f8,True,13,spurious,-1,False
confusion_depth,depth,,1,0.5,7,bae4,f8a4,False,740,oscillated,-1,False
confusion_depth,depth,,1,0.5,7,59e9,5868,True,9,spurious,-1,False
confusion_depth,depth,,1,0.5,10,c279,359,True,12,spurious,-1,False
confusion_depth,depth,,1,0.5,7,3eff,a6b6,True,7,wrong_pattern,2,False
confusion_depth,depth,,1,0.5,7,5964,5949,True,12,spurious,-1,False
confusion_depth,depth,,1,0.5,4,3ab4,58a4,True,15,spurious,-1,False
confusion_depth,depth,,1,0.5,7,4d98,58a4,True,17,spurious,-1,False
confusion_depth,depth,,1,0.5,6,2f54,2759,False,740,oscillated,-1,False
confusion_depth,depth,,1,0.5,7,ebf1,b2b4,False,740,oscillated,-1,False
confusion_depth,depth,,1,0.5,11,b26e,e6fa,True,13,spurious,-1,False
confusion_depth,depth,,1,0.5,9,f21e,bd07,True,17,wrong_pattern,3,False
confusion_depth,depth,,1,0.5,9,577e,5d4b,False,740,oscillated,-1,False
confusion_depth,depth,,1,0.5,6,39d2,78a6,False,740,oscillated,-1,False
confusion_depth,depth,,1,0.5,6,c99c,58a4,True,18,spurious,-1,False
confusion_depth,depth,,1,0.5,12,6868,5068,False,740,oscillated,-1,False
confusion_depth,depth,,1,0.5,6,8b5c,359,True,7,spurious,-1,False
confusion_depth,depth,,1,0.5,8,dd9a,fca6,True,12,wrong_pattern,0,False
confusion_depth,depth,,1,0.5,6,2d99,27d9,False,740,oscillated,-1,False
confusion_depth,depth,,1,0.5,10,75fe,fca6,True,21,wrong_pattern,0,False
confusion_depth,depth,,1,0.5,7,ab50,a359,False,740,oscillated,-1,False
confusion_depth,depth,,1,0.5,8,c1e5,5868,True,14,spurious,-1,False
confusion_depth,depth,,1,0.5,7,92d8,42f8,True,12,spurious,-1,False
confusion_depth,depth,,1,0.5,7,9f6d,9d05,False,740,oscillated,-1,False
confusion_depth,depth,,1,0.5,9,574b,4d4b,False,740,oscillated,-1,False
confusion_depth,depth,,1,0.5,4,3191,395,True,17,spurious,-1,False
confusion_depth,depth,,1,0.5,4,1a51,359,True,17,spurious,-1,False
confusion_depth,depth,,1,0.5,6,2ba9,42f8,True,17,spurious,-1,False
confusion_depth,depth,,1,0.5,5,5211,1905,True,16,spurious,-1,False
confusion_depth,depth,,1,0.5,8,7ff2,fca6,True,11,wrong_pattern,0,False
confusion_depth,depth,,1,0.5,8,c3b2,c2fa,False,740,oscillated,-1,False
confusion_depth,depth,,1,0.5,6,babf,a6b6,True,7,wrong_pattern,2,False
confusion_depth,depth,,1,0.5,5,9d9f,bd17,False,740,oscillated,-1,False
confusion_depth,depth,,1,0.5,7,9e44,9d05,False,740,oscillated,-1,False
confusion_depth,depth,,1,0.5,8,4c4,2b4,True,6,spurious,-1,False
confusion_depth,depth,,1,0.5,7,8306,8397,False,740,oscillated,-1,False
confusion_depth,depth,,1,0.5,13,e6e2,e6ea,False,740,oscillated,-1,False
confusion_depth,depth,,1,0.5,10,c3a,44fa,False,740,oscillated,-1,False
confusion_depth,depth,,1,0.5,8,3c12,bd07,True,15,wrong_pattern,3,False
confusion_depth,depth,,1,0.5,13,c42b,fd4b,True,7,spurious,-1,False
confusion_depth,depth,,1,0.5,8,a30c,a359,False,740,oscillated,-1,False
confusion_depth,depth,,1,0.5,11,f6ce,fca6,True,21,wrong_pattern,0,False
confusion_depth,depth,,1,0.5,8,6aed,58a4,True,21,spurious,-1,False
confusion_depth,depth,,1,0.5,10,b15a,a75b,True,14,spurious,-1,False
confusion_depth,depth,,1,0.5,7,818,359,True,18,spurious,-1,False
confusion_depth,depth,,1,0.5,10,4cc2,5ca6,False,740,oscillated,-1,False
confusion_depth,depth,,2,0.5,8,345f,a75b,True,16,spurious,-1,False
confusion_depth,depth,,2,0.5,7,17f0,2b4,True,17,spurious,-1,False
confusion_depth,depth,,2,0.5,11,3b6b,235b,False,740,oscillated,-1,False
confusion_depth,depth,,2,0.5,9,46c1,42f8,True,15,spurious,-1,False
confusion_depth,depth,,2,0.5,10,140d,4949,False,740,oscillated,-1,False
confusion_depth,depth,,2,0.5,7,2c73,a75b,True,18,spurious,-1,False
confusion_depth,depth,,2,0.5,10,d1d,359,True,21,spurious,-1,False
confusion_depth,depth,,2,0.5,6,8556,a75b,True,11,spurious,-1,False
confusion_depth,depth,,2,0.5,10,5d33,1d07,False,740,oscillated,-1,False
confusion_depth,depth,,2,0.5,7,8872,c0fa,False,740,oscillated,-1,False
confusion_depth,depth,,2,0.5,8,3444,6d49,False,740,oscillated,-1,False
confusion_depth,depth,,2,0.5,7,4c76,5c26,False,740,oscillated,-1,False
confusion_depth,depth,,2,0.5,5,b0a2,a6b6,True,17,correct,2,True
confusion_depth,depth,,2,0.5,7,1376,359,True,16,spurious,-1,False
confusion_depth,depth,,2,0.5,5,b4c6,a6b6,True,17,correct,2,True
confusion_depth,depth,,2,0.5,8,b321,a359,False,740,oscillated,-1,False
confusion_depth,depth,,2,0.5,6,a260,e2f8,False,740,oscillated,-1,False
confusion_depth,depth,,2,0.5,5,261f,a75b,True,12,spurious,-1,False
confusion_depth,depth,,2,0.5,8,b91e,bd17,False,740,oscillated,-1,False
confusion_depth,depth,,2,0.5,9,2962,714b,False,740,oscillated,-1,False
confusion_depth,depth,,2,0.5,9,d2db,c2fa,False,740,oscillated,-1,False
confusion_depth,depth,,2,0.5,8,f357,bd07,True,16,wrong_pattern,3,False
confusion_depth,depth,,2,0.5,10,81d,359,True,21,spurious,-1,False
confusion_depth,depth,,2,0.5,9,478b,75b,False,740,oscillated,-1,False
confusion_depth,depth,,2,0.5,7,dbf6,d8a6,False,740,oscillated,-1,False
confusion_depth,depth,,2,0.5,8,9200,359,True,17,spurious,-1,False
confusion_depth,depth,,2,0.5,8,1335,b95,False,740,oscillated,-1,False
confusion_depth,depth,,2,0.5,7,b5df,a797,True,21,spurious,-1,False
confusion_depth,depth,,2,0.5,7,52b5,ab4,False,740,oscillated,-1,False
confusion_depth,depth,,2,0.5,11,5a21,5949,True,13,spurious,-1,False
confusion_depth,depth,,2,0.5,7,919e,8ab6,False,740,oscillated,-1,False
confusion_depth,depth,,2,0.5,9,5524,1905,True,15,spurious,-1,False
confusion_depth,depth,,2,0.5,10,c089,5868,True,9,spurious,-1,False
confusion_depth,depth,,2,0.5,8,45d4,42f8,True,16,spurious,-1,False
confusion_depth,depth,,2,0.5,6,b312,a75b,True,12,spurious,-1,False
confusion_depth,depth,,2,0.5,10,1f8d,1b05,False,740,oscillated,-1,False
confusion_depth,depth,,2,0.5,11,c928,5949,True,7,spurious,-1,False
confusion_depth,depth,,2,0.5,11,c41,5149,False,740,oscillated,-1,False
confusion_depth,depth,,2,0.5,10,9be1,58a4,True,15,spurious,-1,False
confusion_depth,depth,,2,0.5,10,da7d,5949,True,7,spurious,-1,False
confusion_depth,depth,,2,0.5,7,e3df,a75b,True,11,spurious,-1,False
confusion_depth,depth,,2,0.5,8,e982,fca6,True,7,wrong_pattern,0,False
confusion_depth,depth,,2,0.5,6,649f,e6fa,True,16,spurious,-1,False
confusion_depth,depth,,2,0.5,7,c22f,835b,False,740,oscillated,-1,False
confusion_depth,depth,,2,0.5,5,3bb6,78a6,False,740,oscillated,-1,False
confusion_depth,depth,,2,0.5,9,7755,3d05,False,740,oscillated,-1,False
confusion_depth,depth,,2,0.5,7,c3a0,42f8,True,15,spurious,-1,False
confusion_depth,depth,,2,0.5,5,23a2,22b6,False,740,oscillated,-1,False
confusion_depth,depth,,2,0.5,6,56a4,58a4,True,11,spurious,-1,False
confusion_depth,depth,,2,0.5,7,73d6,2ab6,False,740,oscillated,-1,False
confusion_depth,depth,,2,0.5,7,b788,e6fa,True,17,spurious,-1,False
confusion_depth,depth,,2,0.5,6,94f0,86b4,False,740,oscillated,-1,False
confusion_depth,depth,,2,0.5,10,2845,5149,False,740,oscillated,-1,False
confusion_depth,depth,,2,0.5,7,8f2f,a75b,True,21,spurious,-1,False
confusion_depth,depth,,2,0.5,11,5af9,4068,True,13,spurious,-1,False
confusion_depth,depth,,2,0.5,12,5d5c,5949,True,6,spurious,-1,False
confusion_depth,depth,,2,0.5,7,8052,835b,False,740,oscillated,-1,False
confusion_depth,depth,,2,0.5,9,1f2a,1d07,False,740,oscillated,-1,False
confusion_depth,depth,,2,0.5,10,53fb,42f8,True,7,spurious,-1,False
confusion_depth,depth,,2,0.5,4,aaae,a6b6,True,17,correct,2,True
confusion_depth,depth,,2,0.5,8,cd72,fd4b,True,17,spurious,-1,False
confusion_depth,depth,,2,0.5,8,eb2a,fd4b,True,17,spurious,-1,False
confusion_depth,depth,,2,0.5,10,eb4a,f54b,False,740,oscillated,-1,False
confusion_depth,depth,,2,0.5,8,d5b1,dca4,False,740,oscillated,-1,False
confusion_depth,depth,,2,0.5,10,f178,e949,False,740,oscillated,-1,False
confusion_depth,depth,,2,0.5,7,4c86,5ca6,False,740,oscillated,-1,False
confusion_depth,depth,,2,0.5,7,3eb9,7ca4,False,740,oscillated,-1,False
confusion_depth,depth,,2,0.5,7,37c2,e6fa,True,17,spurious,-1,False
confusion_depth,depth,,2,0.5,10,385c,1905,True,16,spurious,-1,False
confusion_depth,depth,,2,0.5,7,f28a,fca6,True,21,wrong_pattern,0,False
confusion_depth,depth,,2,0.5,8,9b27,9b07,False,740,oscillated,-1,False
confusion_depth,depth,,2,0.5,7,b499,e6fa,True,17,spurious,-1,False
confusion_depth,depth,,2,0.5,5,e6f8,e6fa,True,4,spurious,-1,False
confusion_depth,depth,,2,0.5,9,7e63,fd4b,True,7,spurious,-1,False
confusion_depth,depth,,2,0.5,8,9062,c86a,False,740,oscillated,-1,False
confusion_depth,depth,,2,0.5,5,fe9e,fca6,True,6,wrong_pattern,0,False
confusion_depth,depth,,2,0.5,7,1f94,58a4,True,21,spurious,-1,False
confusion_depth,depth,,2,0.5,11,5b7f,5949,True,6,spurious,-1,False
confusion_depth,depth,,2,0.5,6,af46,a75b,True,21,spurious,-1,False
confusion_depth,depth,,2,0.5,7,fd76,fd4b,True,13,spurious,-1,False
confusion_depth,depth,,2,0.5,9,615e,235b,False,740,oscillated,-1,False
confusion_depth,depth,,2,0.5,7,a4cb,e6fa,True,15,spurious,-1,False
confusion_depth,depth,,2,0.5,10,732b,694b,False,740,oscillated,-1,False
confusion_depth,depth,,2,0.5,8,cb72,d94b,False,740,oscillated,-1,False
confusion_depth,depth,,2,0.5,8,d452,fd4b,True,17,spurious,-1,False
confusion_depth,depth,,2,0.5,6,8eab,e6fa,True,16,spurious,-1,False
confusion_depth,depth,,2,0.5,6,2cf0,26b4,False,740,oscillated,-1,False
confusion_depth,depth,,2,0.5,7,a729,a75b,True,6,spurious,-1,False
confusion_depth,depth,,2,0.5,7,bfea,a6b6,True,19,correct,2,True
confusion_depth,depth,,2,0.5,6,a6c8,e6fa,True,13,spurious,-1,False
confusion_depth,depth,,2,0.5,10,5d27,1d07,False,740,oscillated,-1,False
confusion_depth,depth,,2,0.5,5,a5de,a6b6,True,13,correct,2,True
confusion_depth,depth,,2,0.5,14,494d,5949,True,7,spurious,-1,False
confusion_depth,depth,,2,0.5,7,46c4,42f8,True,15,spurious,-1,False
confusion_depth,depth,,2,0.5,11,c1cb,835b,False,740,oscillated,-1,False
confusion_depth,depth,,2,0.5,6,64fa,e4fa,False,740,oscillated,-1,False
confusion_depth,depth,,2,0.5,8,dac,2b4,True,17,spurious,-1,False
confusion_depth,depth,,2,0.5,7,b27d,a359,False,740,oscillated,-1,False
confusion_depth,depth,,2,0.5,6,c4ee,fc6a,True,14,spurious,-1,False
confusion_depth,depth,,2,0.5,9,897a,835b,False,740,oscillated,-1,False
confusion_depth,depth,,2,0.5,8,fc5e,fd4b,True,7,spurious,-1,False
confusion_depth,depth,,2,0.5,6,24d5,26b4,False,740,oscillated,-1,False
confusion_depth,depth,,2,0.5,12,5878,5868,True,5,spurious,-1,False
confusion_depth,depth,,2,0.5,7,7f76,fd4b,True,18,spurious,-1,False
confusion_depth,depth,,2,0.5,10,986c,58a4,True,14,spurious,-1,False
confusion_depth,depth,,2,0.5,10,2b51,359,True,7,spurious,-1,False
confusion_depth,depth,,2,0.5,6,228a,62fa,False,740,oscillated,-1,False
confusion_depth,depth,,2,0.5,7,7277,3907,False,740,oscillated,-1,False
confusion_depth,depth,,2,0.5,8,ac4,2b4,True,17,spurious,-1,False
confusion_depth,depth,,2,0.5,6,a7cc,a6b6,True,13,correct,2,True
confusion_depth,depth,,2,0.5,9,acf,42f8,True,17,spurious,-1,False
confusion_depth,depth,,2,0.5,7,6edf,b6b6,False,740,oscillated,-1,False
confusion_depth,depth,,2,0.5,9,6ddc,7ca4,False,740,oscillated,-1,False
confusion_depth,depth,,2,0.5,6,ec3a,fc6a,True,17,spurious,-1,False
confusion_depth,depth,,2,0.5,5,c476,e4fa,False,740,oscillated,-1,False
confusion_depth,depth,,2,0.5,10,b10d,e949,False,740,oscillated,-1,False
confusion_depth,depth,,2,0.5,10,6b,359,True,7,spurious,-1,False
confusion_depth,depth,,2,0.5,8,2b67,235b,False,740,oscillated,-1,False
confusion_depth,depth,,2,0.5,4,2614,2795,False,740,oscillated,-1,False
confusion_depth,depth,,2,0.5,9,79a7,78a6,False,740,oscillated,-1,False
confusion_depth,depth,,3,0.5,10,29f,2b4,True,7,spurious,-1,False
confusion_depth,depth,,3,0.5,7,e796,a6b6,True,11,wrong_pattern,2,False
confusion_depth,depth,,3,0.5,8,f7b1,aeb6,False,740,oscillated,-1,False
confusion_depth,depth,,3,0.5,5,2717,a797,True,9,spurious,-1,False
confusion_depth,depth,,3,0.5,9,55b2,5ca6,False,740,oscillated,-1,False
confusion_depth,depth,,3,0.5,4,af67,a75b,True,21,spurious,-1,False
confusion_depth,depth,,3,0.5,13,52d9,42f8,True,7,spurious,-1,False
confusion_depth,depth,,3,0.5,10,8ad4,2b4,True,7,spurious,-1,False
confusion_depth,depth,,3,0.5,7,3494,2eb4,False,740,oscillated,-1,False
confusion_depth,depth,,3,0.5,4,2f27,b707,False,740,oscillated,-1,False
confusion_depth,depth,,3,0.5,5,aa03,a75b,True,21,spurious,-1,False
confusion_depth,depth,,3,0.5,8,aaa1,b2b4,False,740,oscillated,-1,False
confusion_depth,depth,,3,0.5,7,d5cd,dd49,False,740,oscillated,-1,False
confusion_depth,depth,,3,0.5,9,aa39,a359,False,740,oscillated,-1,False
confusion_depth,depth,,3,0.5,8,ed79,f54b,False,740,oscillated,-1,False
confusion_depth,depth,,3,0.5,6,9975,1915,False,740,oscillated,-1,False
confusion_depth,depth,,3,0.5,6,9724,8f95,False,740,oscillated,-1,False
confusion_depth,depth,,3,0.5,9,a2d5,a2b4,False,740,oscillated,-1,False
confusion_depth,depth,,3,0.5,7,9819,1905,True,15,spurious,-1,False
confusion_depth,depth,,3,0.5,8,feac,fca6,True,6,wrong_pattern,0,False
confusion_depth,depth,,3,0.5,6,2846,714b,False,740,oscillated,-1,False
confusion_depth,depth,,3,0.5,10,49f5,58a4,True,18,spurious,-1,False
confusion_depth,depth,,3,0.5,7,f820,f824,False,740,oscillated,-1,False
confusion_depth,depth,,3,0.5,11,a2c8,e2f8,False,740,oscillated,-1,False
confusion_depth,depth,,3,0.5,10,61c,359,True,16,spurious,-1,False
confusion_depth,depth,,3,0.5,7,338b,23db,False,740,oscillated,-1,False
confusion_depth,depth,,3,0.5,8,a38a,a6b6,True,13,wrong_pattern,2,False
confusion_depth,depth,,3,0.5,10,58ee,58a4,True,11,spurious,-1,False
confusion_depth,depth,,3,0.5,9,6b91,1395,False,740,oscillated,-1,False
confusion_depth,depth,,3,0.5,6,f184,f8a4,False,740,oscillated,-1,False
confusion_depth,depth,,3,0.5,10,74da,ecfa,False,740,oscillated,-1,False
confusion_depth,depth,,3,0.5,10,cbc,2b4,True,17,spurious,-1,False
confusion_depth,depth,,3,0.5,8,8864,5868,True,26,spurious,-1,False
confusion_depth,depth,,3,0.5,11,56e1,58a4,True,21,spurious,-1,False
confusion_depth,depth,,3,0.5,9,5fdb,75b,False,740,oscillated,-1,False
confusion_depth,depth,,3,0.5,11,55e8,4868,False,740,oscillated,-1,False
confusion_depth,depth,,3,0.5,9,ce7f,fd4b,True,17,spurious,-1,False
confusion_depth,depth,,3,0.5,6,790c,5949,True,11,spurious,-1,False
confusion_depth,depth,,3,0.5,7,dd9c,dca4,False,740,oscillated,-1,False
confusion_depth,depth,,3,0.5,6,6d35,3d05,False,740,oscillated,-1,False
confusion_depth,depth,,3,0.5,9,5dba,5ca6,False,740,oscillated,-1,False
confusion_depth,depth,,3,0.5,11,c63c,c6f8,False,740,oscillated,-1,False
confusion_depth,depth,,3,0.5,6,a1a6,a6b6,True,5,wrong_pattern,2,False
confusion_depth,depth,,3,0.5,10,51eb,4868,False,740,oscillated,-1,False
confusion_depth,depth,,3,0.5,8,e01e,a75b,True,15,spurious,-1,False
confusion_depth,depth,,3,0.5,8,72d,359,True,11,spurious,-1,False
confusion_depth,depth,,3,0.5,8,6c3e,fc6a,True,21,spurious,-1,False
confusion_depth,depth,,3,0.5,7,6f36,bd07,True,15,correct,3,True
confusion_depth,depth,,3,0.5,10,e3dd,a359,False,740,oscillated,-1,False
confusion_depth,depth,,3,0.5,9,7a32,7826,False,740,oscillated,-1,False
confusion_depth,depth,,3,0.5,6,b665,a75b,True,17,spurious,-1,False
confusion_depth,depth,,3,0.5,9,e75,359,True,16,spurious,-1,False
confusion_depth,depth,,3,0.5,7,771b,fd4b,True,17,spurious,-1,False
confusion_depth,depth,,3,0.5,8,fcc8,fc6a,True,9,spurious,-1,False
confusion_depth,depth,,3,0.5,4,b725,af07,False,740,oscillated,-1,False
confusion_depth,depth,,3,0.5,10,e0eb,e46a,True,9,spurious,-1,False
confusion_depth,depth,,3,0.5,6,feb7,fca6,True,5,wrong_pattern,0,False
confusion_depth,depth,,3,0.5,10,ecfa,f4fa,False,740,oscillated,-1,False
confusion_depth,depth,,3,0.5,9,82c,5868,True,26,spurious,-1,False
confusion_depth,depth,,3,0.5,6,9a0b,9907,False,740,oscillated,-1,False
confusion_depth,depth,,3,0.5,9,c9e1,58a4,True,16,spurious,-1,False
confusion_depth,depth,,3,0.5,6,9da9,dca4,False,740,oscillated,-1,False
confusion_depth,depth,,3,0.5,14,40fc,40f8,False,740,oscillated,-1,False
confusion_depth,depth,,3,0.5,5,3ba7,78a6,False,740,oscillated,-1,False
confusion_depth,depth,,3,0.5,8,721,359,True,11,spurious,-1,False
confusion_depth,depth,,3,0.5,9,7edd,7ca4,False,740,oscillated,-1,False
confusion_depth,depth,,3,0.5,11,72bb,2ab6,False,740,oscillated,-1,False
confusion_depth,depth,,3,0.5,6,af89,a797,True,21,spurious,-1,False
confusion_depth,depth,,3,0.5,4,ad55,a75b,True,21,spurious,-1,False
confusion_depth,depth,,3,0.5,6,160f,75b,False,740,oscillated,-1,False
confusion_depth,depth,,3,0.5,4,9f04,9f05,False,740,oscillated,-1,False
confusion_depth,depth,,3,0.5,8,1c6c,58a4,True,14,spurious,-1,False
confusion_depth,depth,,3,0.5,7,6f0a,fd4b,True,17,spurious,-1,False
confusion_depth,depth,,3,0.5,7,b3cd,a3d9,False,740,oscillated,-1,False
confusion_depth,depth,,3,0.5,9,6644,2759,False,740,oscillated,-1,False
confusion_depth,depth,,3,0.5,10,c092,c2fa,False,740,oscillated,-1,False
confusion_depth,depth,,3,0.5,11,78e8,5868,True,9,spurious,-1,False
confusion_depth,depth,,3,0.5,4,bc35,bd17,False,740,oscillated,-1,False
confusion_depth,depth,,3,0.5,6,a5f7,a6b6,True,7,wrong_pattern,2,False
confusion_depth,depth,,3,0.5,7,5a47,5949,True,17,spurious,-1,False
confusion_depth,depth,,3,0.5,9,6b3d,1905,True,16,spurious,-1,False
confusion_depth,depth,,3,0.5,6,9742,a75b,True,16,spurious,-1,False
confusion_depth,depth,,3,0.5,8,182a,58a4,True,14,spurious,-1,False
confusion_depth,depth,,3,0.5,9,6851,5949,True,17,spurious,-1,False
confusion_depth,depth,,3,0.5,10,f3e9,e868,False,740,oscillated,-1,False
confusion_depth,depth,,3,0.5,8,6dbe,fca6,True,16,wrong_pattern,0,False
confusion_depth,depth,,3,0.5,11,f2fd,aab4,False,740,oscillated,-1,False
confusion_depth,depth,,3,0.5,9,5321,1905,True,16,spurious,-1,False
confusion_depth,depth,,3,0.5,2,3f07,bf07,False,740,oscillated,-1,False
confusion_depth,depth,,3,0.5,5,8487,a6b6,True,12,wrong_pattern,2,False
confusion_depth,depth,,3,0.5,9,4121,5949,True,7,spurious,-1,False
confusion_depth,depth,,3,0.5,9,a9d8,e2f8,False,740,oscillated,-1,False
confusion_depth,depth,,3,0.5,10,ea6a,f46a,False,740,oscillated,-1,False
confusion_depth,depth,,3,0.5,7,5885,58a4,True,7,spurious,-1,False
confusion_depth,depth,,3,0.5,6,e70d,a75b,True,15,spurious,-1,False
confusion_depth,depth,,3,0.5,9,550,359,True,6,spurious,-1,False
confusion_depth,depth,,3,0.5,4,9806,9907,False,740,oscillated,-1,False
confusion_depth,depth,,3,0.5,6,2c8b,e6fa,True,17,spurious,-1,False
confusion_depth,depth,,3,0.5,10,2eb0,26b4,False,740,oscillated,-1,False
confusion_depth,depth,,3,0.5,9,1b71,359,True,17,spurious,-1,False
confusion_depth,depth,,3,0.5,8,a5ba,a6b6,True,17,wrong_pattern,2,False
confusion_depth,depth,,3,0.5,10,4e3d,1905,True,17,spurious,-1,False
confusion_depth,depth,,3,0.5,11,60cc,5868,True,9,spurious,-1,False
confusion_depth,depth,,3,0.5,11,70d9,4868,False,740,oscillated,-1,False
confusion_depth,depth,,3,0.5,8,f0c4,f8a4,False,740,oscillated,-1,False
confusion_depth,depth,,3,0.5,8,4605,5949,True,19,spurious,-1,False
confusion_depth,depth,,3,0.5,7,a353,a75b,True,6,spurious,-1,False
confusion_depth,depth,,3,0.5,8,885e,835b,False,740,oscillated,-1,False
confusion_depth,depth,,3,0.5,8,17cd,395,True,21,spurious,-1,False
confusion_depth,depth,,3,0.5,5,1c02,1d07,False,740,oscillated,-1,False
confusion_depth,depth,,3,0.5,10,4bd5,1395,False,740,oscillated,-1,False
confusion_depth,depth,,3,0.5,5,a514,a797,True,9,spurious,-1,False
confusion_depth,depth,,3,0.5,6,ba8b,fca6,True,15,wrong_pattern,0,False
confusion_depth,depth,,3,0.5,8,74df,fca6,True,17,wrong_pattern,0,False
confusion_depth,depth,,3,0.5,8,940,5149,False,740,oscillated,-1,False
confusion_depth,depth,,3,0.5,9,c283,c2fa,False,740,oscillated,-1,False
confusion_depth,depth,,3,0.5,6,fda9,fca6,True,16,wrong_pattern,0,False
confusion_depth,depth,,3,0.5,7,a45b,a75b,True,5,spurious,-1,False
confusion_depth,depth,,3,0.5,6,ec6f,fd4b,True,7,spurious,-1,False
confusion_depth,depth,,3,0.5,9,2a08,359,True,18,spurious,-1,False
confusion_depth,depth,,0,0.55,8,358d,2f95,False,740,oscillated,-1,False
confusion_depth,depth,,0,0.55,9,1e7f,717,False,740,oscillated,-1,False
confusion_depth,depth,,0,0.55,8,72e1,58a4,True,21,spurious,-1,False
confusion_depth,depth,,0,0.55,7,24ad,26b4,False,740,oscillated,-1,False
confusion_depth,depth,,0,0.55,8,fb13,fd4b,True,18,spurious,-1,False
confusion_depth,depth,,0,0.55,11,22fd,2b4,True,11,spurious,-1,False
confusion_depth,depth,,0,0.55,10,2e1d,2759,False,740,oscillated,-1,False
confusion_depth,depth,,0,0.55,6,bd3c,bd07,True,15,wrong_pattern,3,False
confusion_depth,depth,,0,0.55,9,5d78,5949,True,7,spurious,-1,False
confusion_depth,depth,,0,0.55,10,4e4b,554b,False,740,oscillated,-1,False
confusion_depth,depth,,0,0.55,9,a654,a75b,True,16,spurious,-1,False
confusion_depth,depth,,0,0.55,12,49d9,359,True,21,spurious,-1,False
confusion_depth,depth,,0,0.55,7,bcdb,a6b6,True,19,wrong_pattern,2,False
confusion_depth,depth,,0,0.55,6,9d2f,bd07,True,6,wrong_pattern,3,False
confusion_depth,depth,,0,0.55,9,2116,2397,False,740,oscillated,-1,False
confusion_depth,depth,,0,0.55,8,ba5e,a797,True,14,spurious,-1,False
confusion_depth,depth,,0,0.55,5,ffe5,fca6,True,7,correct,0,True
confusion_depth,depth,,0,0.55,10,2631,2759,False,740,oscillated,-1,False
confusion_depth,depth,,0,0.55,9,7f53,fd4b,True,6,spurious,-1,False
confusion_depth,depth,,0,0.55,9,2891,2b4,True,17,spurious,-1,False
confusion_depth,depth,,0,0.55,10,8a7a,c2fa,False,740,oscillated,-1,False
confusion_depth,depth,,0,0.55,12,c37d,359,True,12,spurious,-1,False
confusion_depth,depth,,0,0.55,9,6b77,3907,False,740,oscillated,-1,False
confusion_depth,depth,,0,0.55,10,87cf,a797,True,21,spurious,-1,False
confusion_depth,depth,,0,0.55,7,2024,58a4,True,23,spurious,-1,False
confusion_depth,depth,,0,0.55,11,8f9,42f8,True,13,spurious,-1,False
confusion_depth,depth,,0,0.55,9,c290,42f8,True,16,spurious,-1,False
confusion_depth,depth,,0,0.55,7,a4c3,a6b6,True,18,wrong_pattern,2,False
confusion_depth,depth,,0,0.55,12,754,359,True,12,spurious,-1,False
confusion_depth,depth,,0,0.55,9,3c49,7d49,False,740,oscillated,-1,False
confusion_depth,depth,,0,0.55,8,a9ff,e6fa,True,17,spurious,-1,False
confusion_depth,depth,,0,0.55,10,83ba,82b6,False,740,oscillated,-1,False
confusion_depth,depth,,0,0.55,9,1f2d,1b05,False,740,oscillated,-1,False
confusion_depth,depth,,0,0.55,8,f955,f949,False,740,oscillated,-1,False
confusion_depth,depth,,0,0.55,9,a7c3,a797,True,21,spurious,-1,False
confusion_depth,depth,,0,0.55,11,167d,359,True,7,spurious,-1,False
confusion_depth,depth,,0,0.55,10,2230,42f8,True,21,spurious,-1,False
confusion_depth,depth,,0,0.55,8,5000,5949,True,12,spurious,-1,False
confusion_depth,depth,,0,0.55,10,410,359,True,12,spurious,-1,False
confusion_depth,depth,,0,0.55,9,1b2,2b4,True,6,spurious,-1,False
confusion_depth,depth,,0,0.55,8,2685,26b4,False,740,oscillated,-1,False
confusion_depth,depth,,0,0.55,11,2a7d,359,True,7,spurious,-1,False
confusion_depth,depth,,0,0.55,11,d559,cd49,False,740,oscillated,-1,False
confusion_depth,depth,,0,0.55,6,9446,ed4b,False,740,oscillated,-1,False
confusion_depth,depth,,0,0.55,9,7b2,6b6,False,740,oscillated,-1,False
confusion_depth,depth,,0,0.55,8,66bb,e6fa,True,6,spurious,-1,False
confusion_depth,depth,,0,0.55,8,606c,4068,True,6,spurious,-1,False
confusion_depth,depth,,0,0.55,7,5ad6,58a4,True,6,spurious,-1,False
confusion_depth,depth,,0,0.55,4,f43e,fc6a,True,21,spurious,-1,False
confusion_depth,depth,,0,0.55,5,f1ac,f8a4,False,740,oscillated,-1,False
confusion_depth,depth,,0,0.55,9,b1d5,ab95,False,740,oscillated,-1,False
confusion_depth,depth,,0,0.55,7,fd5a,fd4b,True,5,spurious,-1,False
confusion_depth,depth,,0,0.55,8,8e21,8759,False,740,oscillated,-1,False
confusion_depth,depth,,0,0.55,7,f529,fd4b,True,7,spurious,-1,False
confusion_depth,depth,,0,0.55,9,1396,ab4,False,740,oscillated,-1,False
confusion_depth,depth,,0,0.55,7,c02c,4068,True,6,spurious,-1,False
confusion_depth,depth,,0,0.55,10,8b9c,2b4,True,7,spurious,-1,False
confusion_depth,depth,,0,0.55,5,f02f,fd4b,True,12,spurious,-1,False
confusion_depth,depth,,0,0.55,11,37dd,27d9,False,740,oscillated,-1,False
confusion_depth,depth,,0,0.55,7,7489,7ca4,False,740,oscillated,-1,False
confusion_depth,depth,,0,0.55,8,312a,694b,False,740,oscillated,-1,False
confusion_depth,depth,,0,0.55,6,e22e,e6ea,False,740,oscillated,-1,False
confusion_depth,depth,,0,0.55,9,43b4,2b4,True,11,spurious,-1,False
confusion_depth,depth,,0,0.55,5,aea3,a6b6,True,17,wrong_pattern,2,False
confusion_depth,depth,,0,0.55,13,3f1,2b4,True,12,spurious,-1,False
confusion_depth,depth,,0,0.55,8,2c7c,64f8,False,740,oscillated,-1,False
confusion_depth,depth,,0,0.55,7,1ab2,2b4,True,7,spurious,-1,False
confusion_depth,depth,,0,0.55,8,3f9a,a6b6,True,7,wrong_pattern,2,False
confusion_depth,depth,,0,0.55,5,a882,a6b6,True,17,wrong_pattern,2,False
confusion_depth,depth,,0,0.55,9,5d4d,5949,True,6,spurious,-1,False
confusion_depth,depth,,0,0.55,9,c908,5949,True,7,spurious,-1,False
confusion_depth,depth,,0,0.55,8,ebf,6b6,False,740,oscillated,-1,False
confusion_depth,depth,,0,0.55,7,e8f8,f0f8,False,740,oscillated,-1,False
confusion_depth,depth,,0,0.55,8,3870,58a4,True,15,spurious,-1,False
confusion_depth,depth,,0,0.55,12,1651,359,True,7,spurious,-1,False
confusion_depth,depth,,0,0.55,9,8d57,a75b,True,21,spurious,-1,False
confusion_depth,depth,,0,0.55,7,67ac,66f8,False,740,oscillated,-1,False
confusion_depth,depth,,0,0.55,9,2a8b,62fa,False,740,oscillated,-1,False
confusion_depth,depth,,0,0.55,5,c5e6,fca6,True,17,correct,0,True
confusion_depth,depth,,0,0.55,6,ed0f,fd4b,True,17,spurious,-1,False
confusion_depth,depth,,0,0.55,8,f1df,a75b,True,30,spurious,-1,False
confusion_depth,depth,,0,0.55,10,63f0,42f8,True,6,spurious,-1,False
confusion_depth,depth,,0,0.55,10,7340,5949,True,17,spurious,-1,False
confusion_depth,depth,,0,0.55,14,35c,359,True,6,spurious,-1,False
confusion_depth,depth,,0,0.55,10,fc0,42f8,True,17,spurious,-1,False
confusion_depth,depth,,0,0.55,10,f378,a359,False,740,oscillated,-1,False
confusion_depth,depth,,0,0.55,12,225f,235b,False,740,oscillated,-1,False
confusion_depth,depth,,0,0.55,10,61d5,359,True,15,spurious,-1,False
confusion_depth,depth,,0,0.55,8,ced,42f8,True,16,spurious,-1,False
confusion_depth,depth,,0,0.55,9,4693,46fa,False,740,oscillated,-1,False
confusion_depth,depth,,0,0.55,7,71d6,78a6,False,740,oscillated,-1,False
confusion_depth,depth,,0,0.55,6,60e4,58a4,True,17,spurious,-1,False
confusion_depth,depth,,0,0.55,8,a990,b2b4,False,740,oscillated,-1,False
confusion_depth,depth,,0,0.55,8,598b,1905,True,21,spurious,-1,False
confusion_depth,depth,,0,0.55,8,bd5c,bd07,True,15,wrong_pattern,3,False
confusion_depth,depth,,0,0.55,10,1147,4949,False,740,oscillated,-1,False
confusion_depth,depth,,0,0.55,9,6242,235b,False,740,oscillated,-1,False
confusion_depth,depth,,0,0.55,10,8fb,42f8,True,13,spurious,-1,False
confusion_depth,depth,,0,0.55,9,4b2a,5949,True,17,spurious,-1,False
confusion_depth,depth,,0,0.55,13,6349,359,True,15,spurious,-1,False
confusion_depth,depth,,0,0.55,5,a82e,fc6a,True,26,spurious,-1,False
confusion_depth,depth,,0,0.55,4,fba2,fca6,True,6,correct,0,True
confusion_depth,depth,,0,0.55,8,168f,eb6,False,740,oscillated,-1,False
confusion_depth,depth,,0,0.55,8,7b42,794b,False,740,oscillated,-1,False
confusion_depth,depth,,0,0.55,9,1ee,2b4,True,18,spurious,-1,False
confusion_depth,depth,,0,0.55,10,961b,a75b,True,7,spurious,-1,False
confusion_depth,depth,,0,0.55,9,b27,1305,False,740,oscillated,-1,False
confusion_depth,depth,,0,0.55,11,11fd,42f8,True,17,spurious,-1,False
confusion_depth,depth,,0,0.55,10,1afb,2b4,True,7,spurious,-1,False
confusion_depth,depth,,0,0.55,6,3e46,bd07,True,15,wrong_pattern,3,False
confusion_depth,depth,,0,0.55,15,35d,359,True,6,spurious,-1,False
confusion_depth,depth,,0,0.55,8,df13,fd4b,True,18,spurious,-1,False
confusion_depth,depth,,0,0.55,7,710e,794b,False,740,oscillated,-1,False
confusion_depth,depth,,0,0.55,8,dd99,dd49,False,740,oscillated,-1,False
confusion_depth,depth,,0,0.55,10,c215,359,True,14,spurious,-1,False
confusion_depth,depth,,0,0.55,6,cc0a,fd4b,True,7,spurious,-1,False
confusion_depth,depth,,0,0.55,7,a58c,a6b6,True,7,wrong_pattern,2,False
confusion_depth,depth,,0,0.55,10,9157,835b,False,740,oscillated,-1,False
confusion_depth,depth,,0,0.55,6,f628,fc6a,True,17,spurious,-1,False
confusion_depth,depth,,0,0.55,9,15d7,f97,False,740,oscillated,-1,False
confusion_depth,depth,,1,0.55,5,1312,359,True,12,spurious,-1,False
confusion_depth,depth,,1,0.55,11,26ca,e6fa,True,13,spurious,-1,False
confusion_depth,depth,,1,0.55,8,5059,4949,False,740,oscillated,-1,False
confusion_depth,depth,,1,0.55,6,3a30,2b4,True,9,spurious,-1,False
confusion_depth,depth,,1,0.55,11,ceca,f6ea,False,740,oscillated,-1,False
confusion_depth,depth,,1,0.55,8,5475,1905,True,17,spurious,-1,False
confusion_depth,depth,,1,0.55,8,8759,8759,False,740,oscillated,-1,False
confusion_depth,depth,,1,0.55,9,8cf9,c6f8,False,740,oscillated,-1,False
confusion_depth,depth,,1,0.55,12,ae62,e6fa,True,13,spurious,-1,False
confusion_depth,depth,,1,0.55,9,6d03,fd4b,True,17,spurious,-1,False
confusion_depth,depth,,1,0.55,12,74ca,ec6a,False,740,oscillated,-1,False
confusion_depth,depth,,1,0.55,12,f660,fc6a,True,17,spurious,-1,False
confusion_depth,depth,,1,0.55,6,1730,359,True,16,spurious,-1,False
confusion_depth,depth,,1,0.55,9,bae8,f8a4,False,740,oscillated,-1,False
confusion_depth,depth,,1,0.55,9,de02,fd4b,True,13,spurious,-1,False
confusion_depth,depth,,1,0.55,9,aeac,a6b6,True,17,wrong_pattern,2,False
confusion_depth,depth,,1,0.55,12,64ae,fca6,True,17,wrong_pattern,0,False
confusion_depth,depth,,1,0.55,7,fb39,f949,False,740,oscillated,-1,False
confusion_depth,depth,,1,0.55,10,7cec,7ca4,False,740,oscillated,-1,False
confusion_depth,depth,,1,0.55,11,d5eb,ec6a,False,740,oscillated,-1,False
confusion_depth,depth,,1,0.55,8,c3c,58a4,True,30,spurious,-1,False
confusion_depth,depth,,1,0.55,7,12ec,2b4,True,21,spurious,-1,False
confusion_depth,depth,,1,0.55,9,7179,4949,False,740,oscillated,-1,False
confusion_depth,depth,,1,0.55,8,b484,fca6,True,23,wrong_pattern,0,False
confusion_depth,depth,,1,0.55,9,a71b,a75b,True,6,spurious,-1,False
confusion_depth,depth,,1,0.55,9,d22f,9907,False,740,oscillated,-1,False
confusion_depth,depth,,1,0.55,9,a218,a359,False,740,oscillated,-1,False
confusion_depth,depth,,1,0.55,11,4420,4068,True,6,spurious,-1,False
confusion_depth,depth,,1,0.55,8,9c18,9d05,False,740,oscillated,-1,False
confusion_depth,depth,,1,0.55,12,4422,5c6a,False,740,oscillated,-1,False
confusion_depth,depth,,1,0.55,9,a203,a75b,True,11,spurious,-1,False
confusion_depth,depth,,1,0.55,5,4a99,12b4,False,740,oscillated,-1,False
confusion_depth,depth,,1,0.55,9,e2b0,e2f8,False,740,oscillated,-1,False
confusion_depth,depth,,1,0.55,11,6d2b,fd4b,True,7,spurious,-1,False
confusion_depth,depth,,1,0.55,10,c16d,5949,True,7,spurious,-1,False
confusion_depth,depth,,1,0.55,9,4e29,5949,True,17,spurious,-1,False
confusion_depth,depth,,1,0.55,10,d602,bd07,True,17,wrong_pattern,3,False
confusion_depth,depth,,1,0.55,5,79b4,58a4,True,5,spurious,-1,False
confusion_depth,depth,,1,0.55,7,fa16,bd07,True,15,wrong_pattern,3,False
confusion_depth,depth,,1,0.55,12,b442,ed4b,False,740,oscillated,-1,False
confusion_depth,depth,,1,0.55,10,c202,835b,False,740,oscillated,-1,False
confusion_depth,depth,,1,0.55,7,63b3,62fa,False,740,oscillated,-1,False
confusion_depth,depth,,1,0.55,5,b59,359,True,7,spurious,-1,False
confusion_depth,depth,,1,0.55,6,4bcf,359,True,30,spurious,-1,False
confusion_depth,depth,,1,0.55,4,990,2b4,True,17,spurious,-1,False
confusion_depth,depth,,1,0.55,6,312,359,True,12,spurious,-1,False
confusion_depth,depth,,1,0.55,10,6ee6,fca6,True,16,wrong_pattern,0,False
confusion_depth,depth,,1,0.55,11,ec3f,bd07,True,17,wrong_pattern,3,False
confusion_depth,depth,,1,0.55,7,c1c5,5949,True,19,spurious,-1,False
confusion_depth,depth,,1,0.55,10,c00c,5949,True,7,spurious,-1,False
confusion_depth,depth,,1,0.55,8,6965,5949,True,17,spurious,-1,False
confusion_depth,depth,,1,0.55,9,fe0c,fd4b,True,13,spurious,-1,False
confusion_depth,depth,,1,0.55,12,e9ea,f46a,False,740,oscillated,-1,False
confusion_depth,depth,,1,0.55,7,7b58,5949,True,5,spurious,-1,False
confusion_depth,depth,,1,0.55,8,a707,a797,True,13,spurious,-1,False
confusion_depth,depth,,1,0.55,9,14da,46fa,False,740,oscillated,-1,False
confusion_depth,depth,,1,0.55,8,1e6,2b4,True,6,spurious,-1,False
confusion_depth,depth,,1,0.55,10,d632,fca6,True,16,wrong_pattern,0,False
confusion_depth,depth,,1,0.55,6,cb1c,1905,True,16,spurious,-1,False
confusion_depth,depth,,1,0.55,9,166f,75b,False,740,oscillated,-1,False
confusion_depth,depth,,1,0.55,7,5da9,58a4,True,16,spurious,-1,False
confusion_depth,depth,,1,0.55,9,7e32,fc6a,True,21,spurious,-1,False
confusion_depth,depth,,1,0.55,10,eeed,fca6,True,21,wrong_pattern,0,False
confusion_depth,depth,,1,0.55,9,eb32,bd07,True,17,wrong_pattern,3,False
confusion_depth,depth,,1,0.55,10,216f,235b,False,740,oscillated,-1,False
confusion_depth,depth,,1,0.55,8,a382,a6b6,True,7,wrong_pattern,2,False
confusion_depth,depth,,1,0.55,7,487,5ca6,False,740,oscillated,-1,False
confusion_depth,depth,,1,0.55,7,f817,bd07,True,13,wrong_pattern,3,False
confusion_depth,depth,,1,0.55,4,9f8d,9f05,False,740,oscillated,-1,False
confusion_depth,depth,,1,0.55,6,2f31,2759,False,740,oscillated,-1,False
confusion_depth,depth,,1,0.55,10,8228,42f8,True,11,spurious,-1,False
confusion_depth,depth,,1,0.55,10,2e60,66e8,False,740,oscillated,-1,False
confusion_depth,depth,,1,0.55,9,61f0,40f8,False,740,oscillated,-1,False
confusion_depth,depth,,1,0.55,12,647f,a75b,True,15,spurious,-1,False
confusion_depth,depth,,1,0.55,6,6e9d,36b4,False,740,oscillated,-1,False
confusion_depth,depth,,1,0.55,8,791a,794b,False,740,oscillated,-1,False
confusion_depth,depth,,1,0.55,7,90e5,2b4,True,17,spurious,-1,False
confusion_depth,depth,,1,0.55,9,f29a,aeb6,False,740,oscillated,-1,False
confusion_depth,depth,,1,0.55,12,a467,a75b,True,14,spurious,-1,False
confusion_depth,depth,,1,0.55,7,d8b3,d8a6,False,740,oscillated,-1,False
confusion_depth,depth,,1,0.55,8,8a20,58a4,True,30,spurious,-1,False
confusion_depth,depth,,1,0.55,7,61d4,42f8,True,16,spurious,-1,False
confusion_depth,depth,,1,0.55,9,c6f4,c6f8,False,740,oscillated,-1,False
confusion_depth,depth,,1,0.55,8,bafe,a6b6,True,7,wrong_pattern,2,False
confusion_depth,depth,,1,0.55,12,2d6a,f54b,False,740,oscillated,-1,False
confusion_depth,depth,,1,0.55,5,bf11,a797,True,14,spurious,-1,False
confusion_depth,depth,,1,0.55,15,f46a,ec6a,False,740,oscillated,-1,False
confusion_depth,depth,,1,0.55,6,c9d1,359,True,30,spurious,-1,False
confusion_depth,depth,,1,0.55,11,e59a,e6fa,True,15,spurious,-1,False
confusion_depth,depth,,1,0.55,10,f36f,fd4b,True,17,spurious,-1,False
confusion_depth,depth,,1,0.55,10,785a,794b,False,740,oscillated,-1,False
confusion_depth,depth,,1,0.55,5,b3f,359,True,12,spurious,-1,False
confusion_depth,depth,,1,0.55,8,c7c7,a75b,True,15,spurious,-1,False
confusion_depth,depth,,1,0.55,7,cb7d,5949,True,17,spurious,-1,False
confusion_depth,depth,,1,0.55,8,b824,f8a4,False,740,oscillated,-1,False
confusion_depth,depth,,1,0.55,10,4f6b,554b,False,740,oscillated,-1,False
confusion_depth,depth,,1,0.55,11,c5e0,dc68,False,740,oscillated,-1,False
confusion_depth,depth,,1,0.55,7,d704,9d05,False,740,oscillated,-1,False
confusion_depth,depth,,1,0.55,8,27a3,a6b6,True,7,wrong_pattern,2,False
confusion_depth,depth,,1,0.55,8,435e,359,True,12,spurious,-1,False
confusion_depth,depth,,1,0.55,6,8b12,835b,False,740,oscillated,-1,False
confusion_depth,depth,,1,0.55,9,ad59,a75b,True,11,spurious,-1,False
confusion_depth,depth,,1,0.55,10,8848,5149,False,740,oscillated,-1,False
confusion_depth,depth,,1,0.55,12,767a,e46a,True,7,spurious,-1,False
confusion_depth,depth,,1,0.55,7,4292,42f8,True,16,spurious,-1,False
confusion_depth,depth,,1,0.55,7,b79b,a797,True,21,spurious,-1,False
confusion_depth,depth,,1,0.55,6,9517,ad17,False,740,oscillated,-1,False
confusion_depth,depth,,1,0.55,12,d6ea,eeea,False,740,oscillated,-1,False
confusion_depth,depth,,1,0.55,10,6e32,fca6,True,16,wrong_pattern,0,False
confusion_depth,depth,,1,0.55,8,58ce,58a4,True,12,spurious,-1,False
confusion_depth,depth,,1,0.55,6,2bcf,23db,False,740,oscillated,-1,False
confusion_depth,depth,,1,0.55,11,a538,a75b,True,7,spurious,-1,False
confusion_depth,depth,,1,0.55,9,8c65,d549,False,740,oscillated,-1,False
confusion_depth,depth,,1,0.55,7,b745,a75b,True,21,spurious,-1,False
confusion_depth,depth,,1,0.55,10,f5af,fca6,True,7,wrong_pattern,0,False
confusion_depth,depth,,1,0.55,10,35ee,e6fa,True,16,spurious,-1,False
confusion_depth,depth,,1,0.55,10,d1ee,d8a6,False,740,oscillated,-1,False
confusion_depth,depth,,1,0.55,8,8c5d,8759,False,740,oscillated,-1,False
confusion_depth,depth,,1,0.55,8,6599,2759,False,740,oscillated,-1,False
confusion_depth,depth,,1,0.55,7,d696,aeb6,False,740,oscillated,-1,False
confusion_depth,depth,,2,0.55,10,ed01,fd4b,True,17,spurious,-1,False
confusion_depth,depth,,2,0.55,7,bdde,fca6,True,15,wrong_pattern,0,False
confusion_depth,depth,,2,0.55,8,ff70,fd4b,True,7,spurious,-1,False
confusion_depth,depth,,2,0.55,11,9d45,9d05,False,740,oscillated,-1,False
confusion_depth,depth,,2,0.55,10,c248,359,True,18,spurious,-1,False
confusion_depth,depth,,2,0.55,9,175c,359,True,7,spurious,-1,False
confusion_depth,depth,,2,0.55,10,7b52,794b,False,740,oscillated,-1,False
confusion_depth,depth,,2,0.55,12,141,359,True,6,spurious,-1,False
confusion_depth,depth,,2,0.55,8,b75b,a75b,True,7,spurious,-1,False
confusion_depth,depth,,2,0.55,8,b344,a359,False,740,oscillated,-1,False
confusion_depth,depth,,2,0.55,11,150d,4949,False,740,oscillated,-1,False
confusion_depth,depth,,2,0.55,10,1a99,2b4,True,7,spurious,-1,False
confusion_depth,depth,,2,0.55,7,3324,b95,False,740,oscillated,-1,False
confusion_depth,depth,,2,0.55,10,7328,5949,True,17,spurious,-1,False
confusion_depth,depth,,2,0.55,8,85cc,86b4,False,740,oscillated,-1,False
confusion_depth,depth,,2,0.55,12,614d,5949,True,7,spurious,-1,False
confusion_depth,depth,,2,0.55,9,350a,ed4b,False,740,oscillated,-1,False
confusion_depth,depth,,2,0.55,9,6b07,3907,False,740,oscillated,-1,False
confusion_depth,depth,,2,0.55,5,9e26,fca6,True,15,wrong_pattern,0,False
confusion_depth,depth,,2,0.55,9,ef0b,fd4b,True,17,spurious,-1,False
confusion_depth,depth,,2,0.55,11,1818,1905,True,16,spurious,-1,False
confusion_depth,depth,,2,0.55,9,25e9,66f8,False,740,oscillated,-1,False
confusion_depth,depth,,2,0.55,7,ca74,58a4,True,16,spurious,-1,False
confusion_depth,depth,,2,0.55,8,a910,a359,False,740,oscillated,-1,False
confusion_depth,depth,,2,0.55,7,603f,235b,False,740,oscillated,-1,False
confusion_depth,depth,,2,0.55,8,f1bb,fca6,True,17,wrong_pattern,0,False
confusion_depth,depth,,2,0.55,8,5266,5868,True,21,spurious,-1,False
confusion_depth,depth,,2,0.55,8,e42,75b,False,740,oscillated,-1,False
confusion_depth,depth,,2,0.55,10,5583,1d07,False,740,oscillated,-1,False
confusion_depth,depth,,2,0.55,4,be34,fca6,True,23,wrong_pattern,0,False
confusion_depth,depth,,2,0.55,11,9d4a,fd4b,True,11,spurious,-1,False
confusion_depth,depth,,2,0.55,6,e7ab,e6fa,True,15,spurious,-1,False
confusion_depth,depth,,2,0.55,10,396e,3907,False,740,oscillated,-1,False
confusion_depth,depth,,2,0.55,11,8968,5149,False,740,oscillated,-1,False
confusion_depth,depth,,2,0.55,7,4532,75b,False,740,oscillated,-1,False
confusion_depth,depth,,2,0.55,4,6296,22b6,False,740,oscillated,-1,False
confusion_depth,depth,,2,0.55,8,76eb,eeea,False,740,oscillated,-1,False
confusion_depth,depth,,2,0.55,11,1980,58a4,True,14,spurious,-1,False
confusion_depth,depth,,2,0.55,10,3907,3907,False,740,oscillated,-1,False
confusion_depth,depth,,2,0.55,7,9e7a,e6fa,True,11,spurious,-1,False
confusion_depth,depth,,2,0.55,7,41b4,58a4,True,14,spurious,-1,False
confusion_depth,depth,,2,0.55,10,fc08,fd4b,True,7,spurious,-1,False
confusion_depth,depth,,2,0.55,8,7c35,3d05,False,740,oscillated,-1,False
confusion_depth,depth,,2,0.55,12,591c,5949,True,17,spurious,-1,False
confusion_depth,depth,,2,0.55,13,4901,5949,True,17,spurious,-1,False
confusion_depth,depth,,2,0.55,10,7528,7d49,False,740,oscillated,-1,False
confusion_depth,depth,,2,0.55,9,dafb,c06a,False,740,oscillated,-1,False
confusion_depth,depth,,2,0.55,8,703a,686a,False,740,oscillated,-1,False
confusion_depth,depth,,2,0.55,7,468f,46fa,False,740,oscillated,-1,False
confusion_depth,depth,,2,0.55,7,93c6,8ab6,False,740,oscillated,-1,False
confusion_depth,depth,,2,0.55,11,390c,1905,True,6,spurious,-1,False
confusion_depth,depth,,2,0.55,11,70c8,4868,False,740,oscillated,-1,False
confusion_depth,depth,,2,0.55,11,5acc,58a4,True,11,spurious,-1,False
confusion_depth,depth,,2,0.55,6,64aa,fc6a,True,14,spurious,-1,False
confusion_depth,depth,,2,0.55,11,1ccd,58a4,True,14,spurious,-1,False
confusion_depth,depth,,2,0.55,7,c387,9907,False,740,oscillated,-1,False
confusion_depth,depth,,2,0.55,7,5ed6,5ca6,False,740,oscillated,-1,False
confusion_depth,depth,,2,0.55,11,1160,4949,False,740,oscillated,-1,False
confusion_depth,depth,,2,0.55,7,f28a,fca6,True,21,wrong_pattern,0,False
confusion_depth,depth,,2,0.55,9,746f,fd4b,True,7,spurious,-1,False
confusion_depth,depth,,2,0.55,5,92bf,82b6,False,740,oscillated,-1,False
confusion_depth,depth,,2,0.55,8,fa64,f824,False,740,oscillated,-1,False
confusion_depth,depth,,2,0.55,9,1679,359,True,7,spurious,-1,False
confusion_depth,depth,,2,0.55,8,dd94,dca4,False,740,oscillated,-1,False
confusion_depth,depth,,2,0.55,9,23cb,235b,False,740,oscillated,-1,False
confusion_depth,depth,,2,0.55,10,6d47,fd4b,True,17,spurious,-1,False
confusion_depth,depth,,2,0.55,11,9c3,359,True,16,spurious,-1,False
confusion_depth,depth,,2,0.55,11,6309,359,True,15,spurious,-1,False
confusion_depth,depth,,2,0.55,8,62c0,42e8,False,740,oscillated,-1,False
confusion_depth,depth,,2,0.55,10,43cc,42f8,True,15,spurious,-1,False
confusion_depth,depth,,2,0.55,9,3b7f,235b,False,740,oscillated,-1,False
confusion_depth,depth,,2,0.55,9,1d3c,1905,True,15,spurious,-1,False
confusion_depth,depth,,2,0.55,9,2441,2759,False,740,oscillated,-1,False
confusion_depth,depth,,2,0.55,9,3303,235b,False,740,oscillated,-1,False
confusion_depth,depth,,2,0.55,6,860f,a75b,True,11,spurious,-1,False
confusion_depth,depth,,2,0.55,9,f2c1,f8a4,False,740,oscillated,-1,False
confusion_depth,depth,,2,0.55,8,cad,2b4,True,17,spurious,-1,False
confusion_depth,depth,,2,0.55,10,11d5,395,True,17,spurious,-1,False
confusion_depth,depth,,2,0.55,6,4792,46fa,False,740,oscillated,-1,False
confusion_depth,depth,,2,0.55,9,fe4a,fd4b,True,7,spurious,-1,False
confusion_depth,depth,,2,0.55,8,6bfa,62fa,False,740,oscillated,-1,False
confusion_depth,depth,,2,0.55,6,afb9,a6b6,True,12,correct,2,True
confusion_depth,depth,,2,0.55,8,7e9b,fca6,True,14,wrong_pattern,0,False
confusion_depth,depth,,2,0.55,8,32d8,42f8,True,12,spurious,-1,False
confusion_depth,depth,,2,0.55,4,8396,82b6,False,740,oscillated,-1,False
confusion_depth,depth,,2,0.55,4,24b3,a6b6,True,6,correct,2,True
confusion_depth,depth,,2,0.55,6,ba27,bf07,False,740,oscillated,-1,False
confusion_depth,depth,,2,0.55,7,daba,d8a6,False,740,oscillated,-1,False
confusion_depth,depth,,2,0.55,6,c71e,a75b,True,14,spurious,-1,False
confusion_depth,depth,,2,0.55,10,cd81,9d05,False,740,oscillated,-1,False
confusion_depth,depth,,2,0.55,7,e661,a75b,True,15,spurious,-1,False
confusion_depth,depth,,2,0.55,9,81c0,2b4,True,18,spurious,-1,False
confusion_depth,depth,,2,0.55,12,1359,359,True,7,spurious,-1,False
confusion_depth,depth,,2,0.55,7,ba64,f8a4,False,740,oscillated,-1,False
confusion_depth,depth,,2,0.55,10,9878,42f8,True,19,spurious,-1,False
confusion_depth,depth,,2,0.55,10,6529,2759,False,740,oscillated,-1,False
confusion_depth,depth,,2,0.55,7,8ada,c2fa,False,740,oscillated,-1,False
confusion_depth,depth,,2,0.55,12,5dc0,58a4,True,16,spurious,-1,False
confusion_depth,depth,,2,0.55,11,6b0b,714b,False,740,oscillated,-1,False
confusion_depth,depth,,2,0.55,11,100b,4949,False,740,oscillated,-1,False
confusion_depth,depth,,2,0.55,11,193b,1905,True,15,spurious,-1,False
confusion_depth,depth,,2,0.55,6,a075,a359,False,740,oscillated,-1,False
confusion_depth,depth,,2,0.55,7,9366,835b,False,740,oscillated,-1,False
confusion_depth,depth,,2,0.55,8,9a1f,8397,False,740,oscillated,-1,False
confusion_depth,depth,,2,0.55,7,ee39,fd4b,True,17,spurious,-1,False
confusion_depth,depth,,2,0.55,10,145b,75b,False,740,oscillated,-1,False
confusion_depth,depth,,2,0.55,9,eb1b,fd4b,True,17,spurious,-1,False
confusion_depth,depth,,2,0.55,8,d48a,fca6,True,12,wrong_pattern,0,False
confusion_depth,depth,,2,0.55,12,5340,5949,True,17,spurious,-1,False
confusion_depth,depth,,2,0.55,9,21dd,395,True,21,spurious,-1,False
confusion_depth,depth,,2,0.55,8,6bb8,12b4,False,740,oscillated,-1,False
confusion_depth,depth,,2,0.55,9,6bfb,62fa,False,740,oscillated,-1,False
confusion_depth,depth,,2,0.55,6,8285,2b4,True,7,spurious,-1,False
confusion_depth,depth,,2,0.55,9,c924,1905,True,15,spurious,-1,False
confusion_depth,depth,,2,0.55,13,5d0b,5d4b,False,740,oscillated,-1,False
confusion_depth,depth,,2,0.55,7,39f,395,True,6,spurious,-1,False
confusion_depth,depth,,2,0.55,13,1a49,359,True,14,spurious,-1,False
confusion_depth,depth,,2,0.55,8,d0e7,d8a6,False,740,oscillated,-1,False
confusion_depth,depth,,2,0.55,6,bb2,2b4,True,7,spurious,-1,False
confusion_depth,depth,,2,0.55,7,a659,a75b,True,4,spurious,-1,False
confusion_depth,depth,,3,0.55,10,c68,5068,False,740,oscillated,-1,False
confusion_depth,depth,,3,0.55,9,9acc,58a4,True,15,spurious,-1,False
confusion_depth,depth,,3,0.55,8,d38d,1905,True,13,spurious,-1,False
confusion_depth,depth,,3,0.55,10,a4e8,e6fa,True,13,spurious,-1,False
confusion_depth,depth,,3,0.55,8,c667,a75b,True,15,spurious,-1,False
confusion_depth,depth,,3,0.55,9,c2c7,c2fa,False,740,oscillated,-1,False
confusion_depth,depth,,3,0.55,10,d17a,c94b,False,740,oscillated,-1,False
confusion_depth,depth,,3,0.55,7,1ec5,58a4,True,15,spurious,-1,False
confusion_depth,depth,,3,0.55,10,4063,5949,True,7,spurious,-1,False
confusion_depth,depth,,3,0.55,12,46dd,42f8,True,7,spurious,-1,False
confusion_depth,depth,,3,0.55,7,2b77,235b,False,740,oscillated,-1,False
confusion_depth,depth,,3,0.55,5,d513,fd4b,True,21,spurious,-1,False
confusion_depth,depth,,3,0.55,5,9f2b,bd07,True,15,correct,3,True
confusion_depth,depth,,3,0.55,11,d4e8,cc68,False,740,oscillated,-1,False
confusion_depth,depth,,3,0.55,10,461d,359,True,14,spurious,-1,False
confusion_depth,depth,,3,0.55,7,e683,e6fa,True,16,spurious,-1,False
confusion_depth,depth,,3,0.55,6,2687,a6b6,True,7,wrong_pattern,2,False
confusion_depth,depth,,3,0.55,7,8db2,a6b6,True,17,wrong_pattern,2,False
confusion_depth,depth,,3,0.55,8,321b,235b,False,740,oscillated,-1,False
confusion_depth,depth,,3,0.55,8,eb92,b6b6,False,740,oscillated,-1,False
confusion_depth,depth,,3,0.55,9,d1bd,58a4,True,18,spurious,-1,False
confusion_depth,depth,,3,0.55,11,c628,c6e8,False,740,oscillated,-1,False
confusion_depth,depth,,3,0.55,6,b237,af97,False,740,oscillated,-1,False
confusion_depth,depth,,3,0.55,9,e4c9,e46a,True,9,spurious,-1,False
confusion_depth,depth,,3,0.55,9,e47b,a75b,True,18,spurious,-1,False
confusion_depth,depth,,3,0.55,9,d85c,5949,True,7,spurious,-1,False
confusion_depth,depth,,3,0.55,11,eea,46fa,False,740,oscillated,-1,False
confusion_depth,depth,,3,0.55,7,fedf,fca6,True,14,wrong_pattern,0,False
confusion_depth,depth,,3,0.55,8,85a9,86b4,False,740,oscillated,-1,False
confusion_depth,depth,,3,0.55,13,caf9,42f8,True,7,spurious,-1,False
confusion_depth,depth,,3,0.55,9,a672,e6fa,True,16,spurious,-1,False
confusion_depth,depth,,3,0.55,4,fdd7,bd07,True,11,correct,3,True
confusion_depth,depth,,3,0.55,7,d247,9907,False,740,oscillated,-1,False
confusion_depth,depth,,3,0.55,10,da5c,5949,True,7,spurious,-1,False
confusion_depth,depth,,3,0.55,11,6e70,7468,False,740,oscillated,-1,False
confusion_depth,depth,,3,0.55,10,6448,2759,False,740,oscillated,-1,False
confusion_depth,depth,,3,0.55,11,4570,359,True,15,spurious,-1,False
confusion_depth,depth,,3,0.55,7,9c9c,dca4,False,740,oscillated,-1,False
confusion_depth,depth,,3,0.55,9,228b,22b6,False,740,oscillated,-1,False
confusion_depth,depth,,3,0.55,7,ac3c,fca6,True,30,wrong_pattern,0,False
confusion_depth,depth,,3,0.55,10,ca54,1905,True,17,spurious,-1,False
confusion_depth,depth,,3,0.55,14,52b8,ab4,False,740,oscillated,-1,False
confusion_depth,depth,,3,0.55,9,f65a,a75b,True,26,spurious,-1,False
confusion_depth,depth,,3,0.55,8,5784,58a4,True,17,spurious,-1,False
confusion_depth,depth,,3,0.55,8,511e,1905,True,16,spurious,-1,False
confusion_depth,depth,,3,0.55,6,7701,7d49,False,740,oscillated,-1,False
confusion_depth,depth,,3,0.55,10,128,359,True,7,spurious,-1,False
confusion_depth,depth,,3,0.55,7,c9c5,1905,True,11,spurious,-1,False
confusion_depth,depth,,3,0.55,9,9768,8759,False,740,oscillated,-1,False
confusion_depth,depth,,3,0.55,10,2350,359,True,6,spurious,-1,False
confusion_depth,depth,,3,0.55,9,ca77,9907,False,740,oscillated,-1,False
confusion_depth,depth,,3,0.55,9,619e,62fa,False,740,oscillated,-1,False
confusion_depth,depth,,3,0.55,9,e68a,e6ea,False,740,oscillated,-1,False
confusion_depth,depth,,3,0.55,8,de3b,fd4b,True,7,spurious,-1,False
confusion_depth,depth,,3,0.55,7,fb89,f949,False,740,oscillated,-1,False
confusion_depth,depth,,3,0.55,11,e0a8,f868,False,740,oscillated,-1,False
confusion_depth,depth,,3,0.55,10,85c,359,True,18,spurious,-1,False
confusion_depth,depth,,3,0.55,9,32cd,42f8,True,17,spurious,-1,False
confusion_depth,depth,,3,0.55,8,cb96,92b6,False,740,oscillated,-1,False
confusion_depth,depth,,3,0.55,7,8fce,e6fa,True,17,spurious,-1,False
confusion_depth,depth,,3,0.55,8,571b,4d4b,False,740,oscillated,-1,False
confusion_depth,depth,,3,0.55,9,fa9,42f8,True,17,spurious,-1,False
confusion_depth,depth,,3,0.55,7,804,1905,True,7,spurious,-1,False
confusion_depth,depth,,3,0.55,8,dc28,dc68,False,740,oscillated,-1,False
confusion_depth,depth,,3,0.55,7,db09,5949,True,6,spurious,-1,False
confusion_depth,depth,,3,0.55,8,9139,359,True,16,spurious,-1,False
confusion_depth,depth,,3,0.55,10,1bf2,2b4,True,7,spurious,-1,False
confusion_depth,depth,,3,0.55,5,fc09,fd4b,True,6,spurious,-1,False
confusion_depth,depth,,3,0.55,8,795a,794b,False,740,oscillated,-1,False
confusion_depth,depth,,3,0.55,6,9016,8b97,False,740,oscillated,-1,False
confusion_depth,depth,,3,0.55,11,84f9,c6f8,False,740,oscillated,-1,False
confusion_depth,depth,,3,0.55,7,842d,8759,False,740,oscillated,-1,False
confusion_depth,depth,,3,0.55,9,f0e1,f8a4,False,740,oscillated,-1,False
confusion_depth,depth,,3,0.55,8,19bd,58a4,True,15,spurious,-1,False
confusion_depth,depth,,3,0.55,11,43ab,42f8,True,15,spurious,-1,False
confusion_depth,depth,,3,0.55,9,fabe,fca6,True,6,wrong_pattern,0,False
confusion_depth,depth,,3,0.55,13,44d8,40f8,False,740,oscillated,-1,False
confusion_depth,depth,,3,0.55,11,5198,58a4,True,17,spurious,-1,False
confusion_depth,depth,,3,0.55,9,2bbd,2b4,True,7,spurious,-1,False
confusion_depth,depth,,3,0.55,10,17c8,42f8,True,15,spurious,-1,False
confusion_depth,depth,,3,0.55,9,d2c5,58a4,True,18,spurious,-1,False
confusion_depth,depth,,3,0.55,7,9066,d86a,False,740,oscillated,-1,False
confusion_depth,depth,,3,0.55,11,53a9,58a4,True,17,spurious,-1,False
confusion_depth,depth,,3,0.55,9,6201,359,True,15,spurious,-1,False
confusion_depth,depth,,3,0.55,6,1d4c,1905,True,16,spurious,-1,False
confusion_depth,depth,,3,0.55,10,d36c,5949,True,17,spurious,-1,False
confusion_depth,depth,,3,0.55,8,85d2,a6b6,True,13,wrong_pattern,2,False
confusion_depth,depth,,3,0.55,7,d9f7,d8a6,False,740,oscillated,-1,False
confusion_depth,depth,,3,0.55,8,30b,359,True,6,spurious,-1,False
confusion_depth,depth,,3,0.55,10,e4dc,e4fa,False,740,oscillated,-1,False
confusion_depth,depth,,3,0.55,10,54ee,5ca6,False,740,oscillated,-1,False
confusion_depth,depth,,3,0.55,10,6a6e,706a,False,740,oscillated,-1,False
confusion_depth,depth,,3,0.55,8,289d,2b4,True,17,spurious,-1,False
confusion_depth,depth,,3,0.55,7,2f9d,2795,False,740,oscillated,-1,False
confusion_depth,depth,,3,0.55,11,68e9,5068,False,740,oscillated,-1,False
confusion_depth,depth,,3,0.55,12,4879,5149,False,740,oscillated,-1,False
confusion_depth,depth,,3,0.55,8,77bf,aeb6,False,740,oscillated,-1,False
confusion_depth,depth,,3,0.55,12,4b68,5149,False,740,oscillated,-1,False
confusion_depth,depth,,3,0.55,6,d921,5949,True,11,spurious,-1,False
confusion_depth,depth,,3,0.55,7,31ab,62fa,False,740,oscillated,-1,False
confusion_depth,depth,,3,0.55,11,487d,5949,True,17,spurious,-1,False
confusion_depth,depth,,3,0.55,10,105a,359,True,17,spurious,-1,False
confusion_depth,depth,,3,0.55,11,81fa,c2fa,False,740,oscillated,-1,False
confusion_depth,depth,,3,0.55,9,eb72,fd4b,True,17,spurious,-1,False
confusion_depth,depth,,3,0.55,7,9140,4949,False,740,oscillated,-1,False
confusion_depth,depth,,3,0.55,9,4dca,546a,False,740,oscillated,-1,False
confusion_depth,depth,,3,0.55,9,96ca,e6fa,True,13,spurious,-1,False
confusion_depth,depth,,3,0.55,5,bb09,bb05,False,740,oscillated,-1,False
confusion_depth,depth,,3,0.55,8,d7c2,fca6,True,17,wrong_pattern,0,False
confusion_depth,depth,,3,0.55,9,894,12b4,False,740,oscillated,-1,False
confusion_depth,depth,,3,0.55,11,5eb0,58a4,True,6,spurious,-1,False
confusion_depth,depth,,3,0.55,4,bce7,fca6,True,12,wrong_pattern,0,False
confusion_depth,depth,,3,0.55,9,de9a,fca6,True,11,wrong_pattern,0,False
confusion_depth,depth,,3,0.55,9,a3cc,a2b4,False,740,oscillated,-1,False
confusion_depth,depth,,3,0.55,7,a990,b2b4,False,740,oscillated,-1,False
confusion_depth,depth,,3,0.55,11,41b4,58a4,True,14,spurious,-1,False
confusion_depth,depth,,3,0.55,9,1a2a,58a4,True,15,spurious,-1,False
confusion_depth,depth,,3,0.55,7,e616,a75b,True,14,spurious,-1,False
confusion_depth,depth,,3,0.55,9,aeb9,a6b6,True,17,wrong_pattern,2,False
confusion_depth,depth,,3,0.55,8,2faa,e6fa,True,16,spurious,-1,False
confusion_depth,depth,,0,0.6000000000000001,11,2f48,2759,False,740,oscillated,-1,False
confusion_depth,depth,,0,0.6000000000000001,9,777c,7d49,False,740,oscillated,-1,False
confusion_depth,depth,,0,0.6000000000000001,7,f9cd,f949,False,740,oscillated,-1,False
confusion_depth,depth,,0,0.6000000000000001,8,4094,58a4,True,14,spurious,-1,False
confusion_depth,depth,,0,0.6000000000000001,6,ad07,bd07,True,7,wrong_pattern,3,False
confusion_depth,depth,,0,0.6000000000000001,9,841f,a75b,True,11,spurious,-1,False
confusion_depth,depth,,0,0.6000000000000001,14,8319,359,True,6,spurious,-1,False
confusion_depth,depth,,0,0.6000000000000001,14,1d9,359,True,9,spurious,-1,False
confusion_depth,depth,,0,0.6000000000000001,13,1371,359,True,7,spurious,-1,False
confusion_depth,depth,,0,0.6000000000000001,12,4248,359,True,18,spurious,-1,False
confusion_depth,depth,,0,0.6000000000000001,11,4bcb,359,True,21,spurious,-1,False
confusion_depth,depth,,0,0.6000000000000001,11,8bc8,42f8,True,15,spurious,-1,False
confusion_depth,depth,,0,0.6000000000000001,7,3ccd,7ca4,False,740,oscillated,-1,False
confusion_depth,depth,,0,0.6000000000000001,11,86db,e6fa,True,15,spurious,-1,False
confusion_depth,depth,,0,0.6000000000000001,10,87eb,e6fa,True,15,spurious,-1,False
confusion_depth,depth,,0,0.6000000000000001,9,5b93,1905,True,13,spurious,-1,False
confusion_depth,depth,,0,0.6000000000000001,11,4789,359,True,15,spurious,-1,False
confusion_depth,depth,,0,0.6000000000000001,8,b7fc,a6b6,True,17,wrong_pattern,2,False
confusion_depth,depth,,0,0.6000000000000001,12,925d,359,True,7,spurious,-1,False
confusion_depth,depth,,0,0.6000000000000001,11,f40,359,True,16,spurious,-1,False
confusion_depth,depth,,0,0.6000000000000001,9,269a,a6b6,True,11,wrong_pattern,2,False
confusion_depth,depth,,0,0.6000000000000001,8,d3c4,58a4,True,18,spurious,-1,False
confusion_depth,depth,,0,0.6000000000000001,11,8768,8759,False,740,oscillated,-1,False
confusion_depth,depth,,0,0.6000000000000001,10,a768,a75b,True,7,spurious,-1,False
confusion_depth,depth,,0,0.6000000000000001,11,22c8,42f8,True,13,spurious,-1,False
confusion_depth,depth,,0,0.6000000000000001,7,c580,dce8,False,740,oscillated,-1,False
confusion_depth,depth,,0,0.6000000000000001,12,111b,359,True,16,spurious,-1,False
confusion_depth,depth,,0,0.6000000000000001,8,d601,9d05,False,740,oscillated,-1,False
confusion_depth,depth,,0,0.6000000000000001,11,b9a,2b4,True,12,spurious,-1,False
confusion_depth,depth,,0,0.6000000000000001,11,2229,359,True,7,spurious,-1,False
confusion_depth,depth,,0,0.6000000000000001,9,433,75b,False,740,oscillated,-1,False
confusion_depth,depth,,0,0.6000000000000001,9,2475,2759,False,740,oscillated,-1,False
confusion_depth,depth,,0,0.6000000000000001,12,331b,235b,False,740,oscillated,-1,False
confusion_depth,depth,,0,0.6000000000000001,8,7188,58a4,True,16,spurious,-1,False
confusion_depth,depth,,0,0.6000000000000001,7,7500,7d49,False,740,oscillated,-1,False
confusion_depth,depth,,0,0.6000000000000001,9,5fcb,5d4b,False,740,oscillated,-1,False
confusion_depth,depth,,0,0.6000000000000001,10,b24d,a359,False,740,oscillated,-1,False
confusion_depth,depth,,0,0.6000000000000001,9,11c2,42f8,True,17,spurious,-1,False
confusion_depth,depth,,0,0.6000000000000001,7,67a0,66f8,False,740,oscillated,-1,False
confusion_depth,depth,,0,0.6000000000000001,8,c429,dd49,False,740,oscillated,-1,False
confusion_depth,depth,,0,0.6000000000000001,7,66b5,26b4,False,740,oscillated,-1,False
confusion_depth,depth,,0,0.6000000000000001,8,1dcc,58a4,True,14,spurious,-1,False
confusion_depth,depth,,0,0.6000000000000001,7,8ef2,a6b6,True,17,wrong_pattern,2,False
confusion_depth,depth,,0,0.6000000000000001,12,295b,235b,False,740,oscillated,-1,False
confusion_depth,depth,,0,0.6000000000000001,10,23e0,2b4,True,17,spurious,-1,False
confusion_depth,depth,,0,0.6000000000000001,5,ae84,b6b6,False,740,oscillated,-1,False
confusion_depth,depth,,0,0.6000000000000001,12,2b71,359,True,7,spurious,-1,False
confusion_depth,depth,,0,0.6000000000000001,8,c4cd,dc68,False,740,oscillated,-1,False
confusion_depth,depth,,0,0.6000000000000001,10,2b81,395,True,17,spurious,-1,False
confusion_depth,depth,,0,0.6000000000000001,11,e31d,a359,False,740,oscillated,-1,False
confusion_depth,depth,,0,0.6000000000000001,8,e91f,fd4b,True,21,spurious,-1,False
confusion_depth,depth,,0,0.6000000000000001,11,1761,359,True,16,spurious,-1,False
confusion_depth,depth,,0,0.6000000000000001,12,16d,359,True,6,spurious,-1,False
confusion_depth,depth,,0,0.6000000000000001,12,30a,359,True,6,spurious,-1,False
confusion_depth,depth,,0,0.6000000000000001,11,42f1,42f8,True,6,spurious,-1,False
confusion_depth,depth,,0,0.6000000000000001,10,9099,42f8,True,17,spurious,-1,False
confusion_depth,depth,,0,0.6000000000000001,11,f15,1395,False,740,oscillated,-1,False
confusion_depth,depth,,0,0.6000000000000001,10,eb11,b905,False,740,oscillated,-1,False
confusion_depth,depth,,0,0.6000000000000001,11,93df,83db,False,740,oscillated,-1,False
confusion_depth,depth,,0,0.6000000000000001,10,5b08,5949,True,6,spurious,-1,False
confusion_depth,depth,,0,0.6000000000000001,8,c192,c2fa,False,740,oscillated,-1,False
confusion_depth,depth,,0,0.6000000000000001,7,7e08,7d49,False,740,oscillated,-1,False
confusion_depth,depth,,0,0.6000000000000001,10,a12,359,True,16,spurious,-1,False
confusion_depth,depth,,0,0.6000000000000001,10,1013,359,True,21,spurious,-1,False
confusion_depth,depth,,0,0.6000000000000001,5,afa7,b6b6,False,740,oscillated,-1,False
confusion_depth,depth,,0,0.6000000000000001,11,1fa,42f8,True,13,spurious,-1,False
confusion_depth,depth,,0,0.6000000000000001,10,e755,a75b,True,14,spurious,-1,False
confusion_depth,depth,,0,0.6000000000000001,9,7599,27d9,False,740,oscillated,-1,False
confusion_depth,depth,,0,0.6000000000000001,9,9bd7,8397,False,740,oscillated,-1,False
confusion_depth,depth,,0,0.6000000000000001,11,2110,359,True,11,spurious,-1,False
confusion_depth,depth,,0,0.6000000000000001,13,619,359,True,6,spurious,-1,False
confusion_depth,depth,,0,0.6000000000000001,8,60d7,62fa,False,740,oscillated,-1,False
confusion_depth,depth,,0,0.6000000000000001,8,f3c5,bb05,False,740,oscillated,-1,False
confusion_depth,depth,,0,0.6000000000000001,8,5746,1d07,False,740,oscillated,-1,False
confusion_depth,depth,,0,0.6000000000000001,10,c65a,a75b,True,12,spurious,-1,False
confusion_depth,depth,,0,0.6000000000000001,9,61cf,235b,False,740,oscillated,-1,False
confusion_depth,depth,,0,0.6000000000000001,7,e03f,a75b,True,15,spurious,-1,False
confusion_depth,depth,,0,0.6000000000000001,9,cafb,c2fa,False,740,oscillated,-1,False
confusion_depth,depth,,0,0.6000000000000001,6,ae83,a6b6,True,17,wrong_pattern,2,False
confusion_depth,depth,,0,0.6000000000000001,10,a6d8,e6fa,True,12,spurious,-1,False
confusion_depth,depth,,0,0.6000000000000001,11,a391,a395,False,740,oscillated,-1,False
confusion_depth,depth,,0,0.6000000000000001,10,8015,395,True,9,spurious,-1,False
confusion_depth,depth,,0,0.6000000000000001,9,e9f9,f068,False,740,oscillated,-1,False
confusion_depth,depth,,0,0.6000000000000001,9,39fb,78a6,False,740,oscillated,-1,False
confusion_depth,depth,,0,0.6000000000000001,10,abda,e6fa,True,15,spurious,-1,False
confusion_depth,depth,,0,0.6000000000000001,11,56d,359,True,6,spurious,-1,False
confusion_depth,depth,,0,0.6000000000000001,13,8119,359,True,6,spurious,-1,False
confusion_depth,depth,,0,0.6000000000000001,9,569d,ab4,False,740,oscillated,-1,False
confusion_depth,depth,,0,0.6000000000000001,7,6f6e,fd4b,True,17,spurious,-1,False
confusion_depth,depth,,0,0.6000000000000001,11,2953,235b,False,740,oscillated,-1,False
confusion_depth,depth,,0,0.6000000000000001,8,b0d0,e2f8,False,740,oscillated,-1,False
confusion_depth,depth,,0,0.6000000000000001,10,f12,75b,False,740,oscillated,-1,False
confusion_depth,depth,,0,0.6000000000000001,8,df1c,9d05,False,740,oscillated,-1,False
confusion_depth,depth,,0,0.6000000000000001,8,6f17,bd07,True,13,wrong_pattern,3,False
confusion_depth,depth,,0,0.6000000000000001,8,5cd8,5868,True,9,spurious,-1,False
confusion_depth,depth,,0,0.6000000000000001,8,4cc1,58a4,True,16,spurious,-1,False
confusion_depth,depth,,0,0.6000000000000001,9,cd18,d549,False,740,oscillated,-1,False
confusion_depth,depth,,0,0.6000000000000001,12,83da,c2fa,False,740,oscillated,-1,False
confusion_depth,depth,,0,0.6000000000000001,7,cdd7,bd07,True,13,wrong_pattern,3,False
confusion_depth,depth,,0,0.6000000000000001,7,74d3,fca6,True,17,correct,0,True
confusion_depth,depth,,0,0.6000000000000001,10,3609,2759,False,740,oscillated,-1,False
confusion_depth,depth,,0,0.6000000000000001,11,7a9,2b4,True,13,spurious,-1,False
confusion_depth,depth,,0,0.6000000000000001,10,9550,8759,False,740,oscillated,-1,False
confusion_depth,depth,,0,0.6000000000000001,12,c659,8759,False,740,oscillated,-1,False
confusion_depth,depth,,0,0.6000000000000001,8,8842,d14b,False,740,oscillated,-1,False
confusion_depth,depth,,0,0.6000000000000001,11,45db,75b,False,740,oscillated,-1,False
confusion_depth,depth,,0,0.6000000000000001,10,99f9,2b4,True,19,spurious,-1,False
confusion_depth,depth,,0,0.6000000000000001,7,86a5,86b4,False,740,oscillated,-1,False
confusion_depth,depth,,0,0.6000000000000001,7,6863,794b,False,740,oscillated,-1,False
confusion_depth,depth,,0,0.6000000000000001,12,a350,a359,False,740,oscillated,-1,False
confusion_depth,depth,,0,0.6000000000000001,8,8af2,82b6,False,740,oscillated,-1,False
confusion_depth,depth,,0,0.6000000000000001,7,c86a,d06a,False,740,oscillated,-1,False
confusion_depth,depth,,0,0.6000000000000001,11,126d,359,True,18,spurious,-1,False
confusion_depth,depth,,0,0.6000000000000001,7,b5d4,a6b6,True,17,wrong_pattern,2,False
confusion_depth,depth,,0,0.6000000000000001,10,520d,1905,True,16,spurious,-1,False
confusion_depth,depth,,0,0.6000000000000001,7,88b0,2b4,True,17,spurious,-1,False
confusion_depth,depth,,0,0.6000000000000001,10,22cc,2b4,True,17,spurious,-1,False
confusion_depth,depth,,0,0.6000000000000001,11,99d9,395,True,22,spurious,-1,False
confusion_depth,depth,,0,0.6000000000000001,8,d2c3,d8a6,False,740,oscillated,-1,False
confusion_depth,depth,,0,0.6000000000000001,8,a429,a75b,True,7,spurious,-1,False
confusion_depth,depth,,1,0.6000000000000001,7,d0c,5149,False,740,oscillated,-1,False
confusion_depth,depth,,1,0.6000000000000001,9,81e3,82b6,False,740,oscillated,-1,False
confusion_depth,depth,,1,0.6000000000000001,11,44c2,5c6a,False,740,oscillated,-1,False
confusion_depth,depth,,1,0.6000000000000001,8,1c08,1905,True,17,spurious,-1,False
confusion_depth,depth,,1,0.6000000000000001,13,f5ea,ec6a,False,740,oscillated,-1,False
confusion_depth,depth,,1,0.6000000000000001,10,a1cb,a75b,True,9,spurious,-1,False
confusion_depth,depth,,1,0.6000000000000001,9,f72d,bd07,True,16,wrong_pattern,3,False
confusion_depth,depth,,1,0.6000000000000001,11,fc4f,fd4b,True,6,spurious,-1,False
confusion_depth,depth,,1,0.6000000000000001,12,2c4a,f54b,False,740,oscillated,-1,False
confusion_depth,depth,,1,0.6000000000000001,12,e561,fd4b,True,7,spurious,-1,False
confusion_depth,depth,,1,0.6000000000000001,7,e3c5,a359,False,740,oscillated,-1,False
confusion_depth,depth,,1,0.6000000000000001,10,24d8,66f8,False,740,oscillated,-1,False
confusion_depth,depth,,1,0.6000000000000001,8,b127,bd07,True,7,wrong_pattern,3,False
confusion_depth,depth,,1,0.6000000000000001,8,5ce4,58a4,True,6,spurious,-1,False
confusion_depth,depth,,1,0.6000000000000001,8,48ed,58a4,True,12,spurious,-1,False
confusion_depth,depth,,1,0.6000000000000001,10,a94e,f54b,False,740,oscillated,-1,False
confusion_depth,depth,,1,0.6000000000000001,7,f29c,aab4,False,740,oscillated,-1,False
confusion_depth,depth,,1,0.6000000000000001,10,9cca,fca6,True,14,wrong_pattern,0,False
confusion_depth,depth,,1,0.6000000000000001,12,c4cb,e46a,True,9,spurious,-1,False
confusion_depth,depth,,1,0.6000000000000001,10,8ce3,e6fa,True,16,spurious,-1,False
confusion_depth,depth,,1,0.6000000000000001,10,c2cb,c2ea,False,740,oscillated,-1,False
confusion_depth,depth,,1,0.6000000000000001,9,4503,75b,False,740,oscillated,-1,False
confusion_depth,depth,,1,0.6000000000000001,9,9de8,dca4,False,740,oscillated,-1,False
confusion_depth,depth,,1,0.6000000000000001,12,8428,c6f8,False,740,oscillated,-1,False
confusion_depth,depth,,1,0.6000000000000001,8,1ccb,5ca6,False,740,oscillated,-1,False
confusion_depth,depth,,1,0.6000000000000001,10,2540,2759,False,740,oscillated,-1,False
confusion_depth,depth,,1,0.6000000000000001,10,44db,44fa,False,740,oscillated,-1,False
confusion_depth,depth,,1,0.6000000000000001,6,7f1,2b4,True,12,spurious,-1,False
confusion_depth,depth,,1,0.6000000000000001,9,2cf0,26b4,False,740,oscillated,-1,False
confusion_depth,depth,,1,0.6000000000000001,8,b95e,bd07,True,15,wrong_pattern,3,False
confusion_depth,depth,,1,0.6000000000000001,8,2f79,2759,False,740,oscillated,-1,False
confusion_depth,depth,,1,0.6000000000000001,8,633f,235b,False,740,oscillated,-1,False
confusion_depth,depth,,1,0.6000000000000001,10,542c,5868,True,21,spurious,-1,False
confusion_depth,depth,,1,0.6000000000000001,11,74fe,fca6,True,21,wrong_pattern,0,False
confusion_depth,depth,,1,0.6000000000000001,9,e9fc,f8a4,False,740,oscillated,-1,False
confusion_depth,depth,,1,0.6000000000000001,7,e185,b905,False,740,oscillated,-1,False
confusion_depth,depth,,1,0.6000000000000001,14,e448,a75b,True,21,spurious,-1,False
confusion_depth,depth,,1,0.6000000000000001,9,8c3f,a75b,True,17,spurious,-1,False
confusion_depth,depth,,1,0.6000000000000001,9,f970,f949,False,740,oscillated,-1,False
confusion_depth,depth,,1,0.6000000000000001,10,5663,4d4b,False,740,oscillated,-1,False
confusion_depth,depth,,1,0.6000000000000001,12,c066,d86a,False,740,oscillated,-1,False
confusion_depth,depth,,1,0.6000000000000001,13,e6eb,e6ea,False,740,oscillated,-1,False
confusion_depth,depth,,1,0.6000000000000001,9,26c3,a6b6,True,13,wrong_pattern,2,False
confusion_depth,depth,,1,0.6000000000000001,10,9262,c2ea,False,740,oscillated,-1,False
confusion_depth,depth,,1,0.6000000000000001,11,b4ba,a6b6,True,21,wrong_pattern,2,False
confusion_depth,depth,,1,0.6000000000000001,10,d652,fd4b,True,17,spurious,-1,False
confusion_depth,depth,,1,0.6000000000000001,10,a14c,a359,False,740,oscillated,-1,False
confusion_depth,depth,,1,0.6000000000000001,11,c278,42f8,True,9,spurious,-1,False
confusion_depth,depth,,1,0.6000000000000001,10,bc29,bd07,True,17,wrong_pattern,3,False
confusion_depth,depth,,1,0.6000000000000001,11,412a,5949,True,7,spurious,-1,False
confusion_depth,depth,,1,0.6000000000000001,11,726b,694b,False,740,oscillated,-1,False
confusion_depth,depth,,1,0.6000000000000001,8,1073,359,True,18,spurious,-1,False
confusion_depth,depth,,1,0.6000000000000001,9,ef30,bd07,True,17,wrong_pattern,3,False
confusion_depth,depth,,1,0.6000000000000001,13,f568,ed4b,False,740,oscillated,-1,False
confusion_depth,depth,,1,0.6000000000000001,10,2fea,e6fa,True,13,spurious,-1,False
confusion_depth,depth,,1,0.6000000000000001,10,ac1e,a75b,True,17,spurious,-1,False
confusion_depth,depth,,1,0.6000000000000001,13,e27a,e6fa,True,9,spurious,-1,False
confusion_depth,depth,,1,0.6000000000000001,11,654f,fd4b,True,7,spurious,-1,False
confusion_depth,depth,,1,0.6000000000000001,9,95e3,e6fa,True,17,spurious,-1,False
confusion_depth,depth,,1,0.6000000000000001,8,6084,58a4,True,7,spurious,-1,False
confusion_depth,depth,,1,0.6000000000000001,12,f0ee,fca6,True,11,wrong_pattern,0,False
confusion_depth,depth,,1,0.6000000000000001,9,cf52,fd4b,True,17,spurious,-1,False
confusion_depth,depth,,1,0.6000000000000001,8,b7e1,e6fa,True,17,spurious,-1,False
confusion_depth,depth,,1,0.6000000000000001,11,6728,2759,False,740,oscillated,-1,False
confusion_depth,depth,,1,0.6000000000000001,5,7dd,395,True,21,spurious,-1,False
confusion_depth,depth,,1,0.6000000000000001,10,ede7,fca6,True,7,wrong_pattern,0,False
confusion_depth,depth,,1,0.6000000000000001,10,2629,2759,False,740,oscillated,-1,False
confusion_depth,depth,,1,0.6000000000000001,11,2072,62fa,False,740,oscillated,-1,False
confusion_depth,depth,,1,0.6000000000000001,13,6466,e46a,True,6,spurious,-1,False
confusion_depth,depth,,1,0.6000000000000001,13,e67e,e6fa,True,9,spurious,-1,False
confusion_depth,depth,,1,0.6000000000000001,8,6ac9,5068,False,740,oscillated,-1,False
confusion_depth,depth,,1,0.6000000000000001,7,2c9c,36b4,False,740,oscillated,-1,False
confusion_depth,depth,,1,0.6000000000000001,8,611f,235b,False,740,oscillated,-1,False
confusion_depth,depth,,1,0.6000000000000001,8,6f74,3d05,False,740,oscillated,-1,False
confusion_depth,depth,,1,0.6000000000000001,7,3a79,359,True,7,spurious,-1,False
confusion_depth,depth,,1,0.6000000000000001,9,d5af,fca6,True,7,wrong_pattern,0,False
confusion_depth,depth,,1,0.6000000000000001,8,ffc3,bd07,True,11,wrong_pattern,3,False
confusion_depth,depth,,1,0.6000000000000001,10,46e0,42e8,False,740,oscillated,-1,False
confusion_depth,depth,,1,0.6000000000000001,11,2ce2,e6fa,True,16,spurious,-1,False
confusion_depth,depth,,1,0.6000000000000001,11,e108,a359,False,740,oscillated,-1,False
confusion_depth,depth,,1,0.6000000000000001,8,49c2,58a4,True,16,spurious,-1,False
confusion_depth,depth,,1,0.6000000000000001,10,aa4e,a75b,True,18,spurious,-1,False
confusion_depth,depth,,1,0.6000000000000001,9,be61,bd07,True,16,wrong_pattern,3,False
confusion_depth,depth,,1,0.6000000000000001,9,3142,694b,False,740,oscillated,-1,False
confusion_depth,depth,,1,0.6000000000000001,7,de80,dca4,False,740,oscillated,-1,False
confusion_depth,depth,,1,0.6000000000000001,10,a55c,a75b,True,6,spurious,-1,False
confusion_depth,depth,,1,0.6000000000000001,11,e3eb,e6ea,False,740,oscillated,-1,False
confusion_depth,depth,,1,0.6000000000000001,10,c006,d94b,False,740,oscillated,-1,False
confusion_depth,depth,,1,0.6000000000000001,13,e0aa,fc6a,True,14,spurious,-1,False
confusion_depth,depth,,1,0.6000000000000001,11,f4d2,fca6,True,21,wrong_pattern,0,False
confusion_depth,depth,,1,0.6000000000000001,8,d60d,9d05,False,740,oscillated,-1,False
confusion_depth,depth,,1,0.6000000000000001,10,7679,2759,False,740,oscillated,-1,False
confusion_depth,depth,,1,0.6000000000000001,10,9c28,dca4,False,740,oscillated,-1,False
confusion_depth,depth,,1,0.6000000000000001,10,c808,5949,True,7,spurious,-1,False
confusion_depth,depth,,1,0.6000000000000001,7,f8b1,f8a4,False,740,oscillated,-1,False
confusion_depth,depth,,1,0.6000000000000001,11,54e2,5ca6,False,740,oscillated,-1,False
confusion_depth,depth,,1,0.6000000000000001,12,e520,fd4b,True,7,spurious,-1,False
confusion_depth,depth,,1,0.6000000000000001,10,2e28,66e8,False,740,oscillated,-1,False
confusion_depth,depth,,1,0.6000000000000001,10,3c7b,a75b,True,17,spurious,-1,False
confusion_depth,depth,,1,0.6000000000000001,8,a605,a797,True,9,spurious,-1,False
confusion_depth,depth,,1,0.6000000000000001,8,4c9e,5ca6,False,740,oscillated,-1,False
confusion_depth,depth,,1,0.6000000000000001,9,9878,42f8,True,19,spurious,-1,False
confusion_depth,depth,,1,0.6000000000000001,9,e3a3,e6fa,True,16,spurious,-1,False
confusion_depth,depth,,1,0.6000000000000001,11,4022,4068,True,6,spurious,-1,False
confusion_depth,depth,,1,0.6000000000000001,12,466b,75b,False,740,oscillated,-1,False
confusion_depth,depth,,1,0.6000000000000001,8,4e53,5d4b,False,740,oscillated,-1,False
confusion_depth,depth,,1,0.6000000000000001,10,84a,5149,False,740,oscillated,-1,False
confusion_depth,depth,,1,0.6000000000000001,10,c8ae,d8a6,False,740,oscillated,-1,False
confusion_depth,depth,,1,0.6000000000000001,10,fc09,fd4b,True,6,spurious,-1,False
confusion_depth,depth,,1,0.6000000000000001,9,27ba,a6b6,True,11,wrong_pattern,2,False
confusion_depth,depth,,1,0.6000000000000001,11,a4af,a6b6,True,6,wrong_pattern,2,False
confusion_depth,depth,,1,0.6000000000000001,10,f451,fd4b,True,17,spurious,-1,False
confusion_depth,depth,,1,0.6000000000000001,11,6444,7d49,False,740,oscillated,-1,False
confusion_depth,depth,,1,0.6000000000000001,10,d0e3,d8a6,False,740,oscillated,-1,False
confusion_depth,depth,,1,0.6000000000000001,10,a58b,a797,True,21,spurious,-1,False
confusion_depth,depth,,1,0.6000000000000001,12,6c72,fc6a,True,17,spurious,-1,False
confusion_depth,depth,,1,0.6000000000000001,7,73db,235b,False,740,oscillated,-1,False
confusion_depth,depth,,1,0.6000000000000001,14,ec2a,fc6a,True,7,spurious,-1,False
confusion_depth,depth,,1,0.6000000000000001,9,6847,794b,False,740,oscillated,-1,False
confusion_depth,depth,,1,0.6000000000000001,11,727a,606a,False,740,oscillated,-1,False
confusion_depth,depth,,2,0.6000000000000001,11,7b5f,794b,False,740,oscillated,-1,False
confusion_depth,depth,,2,0.6000000000000001,10,f441,fd4b,True,7,spurious,-1,False
confusion_depth,depth,,2,0.6000000000000001,12,9c49,dd49,False,740,oscillated,-1,False
confusion_depth,depth,,2,0.6000000000000001,6,e8e,16b6,False,740,oscillated,-1,False
confusion_depth,depth,,2,0.6000000000000001,10,92f,5149,False,740,oscillated,-1,False
confusion_depth,depth,,2,0.6000000000000001,9,b904,b905,False,740,oscillated,-1,False
confusion_depth,depth,,2,0.6000000000000001,8,7699,2eb4,False,740,oscillated,-1,False
confusion_depth,depth,,2,0.6000000000000001,10,1219,359,True,7,spurious,-1,False
confusion_depth,depth,,2,0.6000000000000001,9,ed5a,f54b,False,740,oscillated,-1,False
confusion_depth,depth,,2,0.6000000000000001,10,3561,6d49,False,740,oscillated,-1,False
confusion_depth,depth,,2,0.6000000000000001,12,5803,5949,True,11,spurious,-1,False
confusion_depth,depth,,2,0.6000000000000001,8,3ae0,58a4,True,15,spurious,-1,False
confusion_depth,depth,,2,0.6000000000000001,7,241b,a75b,True,6,spurious,-1,False
confusion_depth,depth,,2,0.6000000000000001,10,5c23,5d4b,False,740,oscillated,-1,False
confusion_depth,depth,,2,0.6000000000000001,9,4364,359,True,15,spurious,-1,False
confusion_depth,depth,,2,0.6000000000000001,10,680a,794b,False,740,oscillated,-1,False
confusion_depth,depth,,2,0.6000000000000001,9,5c06,1d07,False,740,oscillated,-1,False
confusion_depth,depth,,2,0.6000000000000001,12,5828,5868,True,6,spurious,-1,False
confusion_depth,depth,,2,0.6000000000000001,10,fd28,fd4b,True,7,spurious,-1,False
confusion_depth,depth,,2,0.6000000000000001,10,7258,359,True,26,spurious,-1,False
confusion_depth,depth,,2,0.6000000000000001,7,9f30,8795,False,740,oscillated,-1,False
confusion_depth,depth,,2,0.6000000000000001,9,a8e9,e2f8,False,740,oscillated,-1,False
confusion_depth,depth,,2,0.6000000000000001,9,92cd,42f8,True,17,spurious,-1,False
confusion_depth,depth,,2,0.6000000000000001,14,5d59,5949,True,5,spurious,-1,False
confusion_depth,depth,,2,0.6000000000000001,10,1de0,58a4,True,14,spurious,-1,False
confusion_depth,depth,,2,0.6000000000000001,8,1530,359,True,17,spurious,-1,False
confusion_depth,depth,,2,0.6000000000000001,8,edc4,fca6,True,7,wrong_pattern,0,False
confusion_depth,depth,,2,0.6000000000000001,12,55c8,4868,False,740,oscillated,-1,False
confusion_depth,depth,,2,0.6000000000000001,10,43ed,42f8,True,15,spurious,-1,False
confusion_depth,depth,,2,0.6000000000000001,11,a41,359,True,16,spurious,-1,False
confusion_depth,depth,,2,0.6000000000000001,11,e919,f149,False,740,oscillated,-1,False
confusion_depth,depth,,2,0.6000000000000001,8,5ef0,58a4,True,11,spurious,-1,False
confusion_depth,depth,,2,0.6000000000000001,11,187d,1905,True,16,spurious,-1,False
confusion_depth,depth,,2,0.6000000000000001,9,7e0c,7d49,False,740,oscillated,-1,False
confusion_depth,depth,,2,0.6000000000000001,10,144,359,True,11,spurious,-1,False
confusion_depth,depth,,2,0.6000000000000001,7,de72,fc6a,True,6,spurious,-1,False
confusion_depth,depth,,2,0.6000000000000001,12,556b,4d4b,False,740,oscillated,-1,False
confusion_depth,depth,,2,0.6000000000000001,8,cdf5,dca4,False,740,oscillated,-1,False
confusion_depth,depth,,2,0.6000000000000001,8,3744,2759,False,740,oscillated,-1,False
confusion_depth,depth,,2,0.6000000000000001,11,cd61,dd49,False,740,oscillated,-1,False
confusion_depth,depth,,2,0.6000000000000001,9,e54c,fd4b,True,7,spurious,-1,False
confusion_depth,depth,,2,0.6000000000000001,8,5727,1d07,False,740,oscillated,-1,False
confusion_depth,depth,,2,0.6000000000000001,6,e710,a75b,True,14,spurious,-1,False
confusion_depth,depth,,2,0.6000000000000001,7,8b72,835b,False,740,oscillated,-1,False
confusion_depth,depth,,2,0.6000000000000001,11,d88b,d8a6,False,740,oscillated,-1,False
confusion_depth,depth,,2,0.6000000000000001,12,535d,5949,True,17,spurious,-1,False
confusion_depth,depth,,2,0.6000000000000001,8,8ceb,e6fa,True,13,spurious,-1,False
confusion_depth,depth,,2,0.6000000000000001,10,f91a,fd4b,True,6,spurious,-1,False
confusion_depth,depth,,2,0.6000000000000001,9,688c,58a4,True,7,spurious,-1,False
confusion_depth,depth,,2,0.6000000000000001,12,d1cd,1905,True,16,spurious,-1,False
confusion_depth,depth,,2,0.6000000000000001,9,ea4f,fd4b,True,17,spurious,-1,False
confusion_depth,depth,,2,0.6000000000000001,10,1ed,2b4,True,18,spurious,-1,False
confusion_depth,depth,,2,0.6000000000000001,11,1329,359,True,16,spurious,-1,False
confusion_depth,depth,,2,0.6000000000000001,7,8a20,58a4,True,30,spurious,-1,False
confusion_depth,depth,,2,0.6000000000000001,10,c1d1,359,True,15,spurious,-1,False
confusion_depth,depth,,2,0.6000000000000001,7,d576,bd07,True,17,wrong_pattern,3,False
confusion_depth,depth,,2,0.6000000000000001,6,b7b9,a6b6,True,12,correct,2,True
confusion_depth,depth,,2,0.6000000000000001,9,7830,5868,True,21,spurious,-1,False
confusion_depth,depth,,2,0.6000000000000001,8,6f8f,bd07,True,13,wrong_pattern,3,False
confusion_depth,depth,,2,0.6000000000000001,8,ea11,b905,False,740,oscillated,-1,False
confusion_depth,depth,,2,0.6000000000000001,10,10d8,42f8,True,13,spurious,-1,False
confusion_depth,depth,,2,0.6000000000000001,8,8a5a,835b,False,740,oscillated,-1,False
confusion_depth,depth,,2,0.6000000000000001,8,15ff,46fa,False,740,oscillated,-1,False
confusion_depth,depth,,2,0.6000000000000001,10,531f,1905,True,16,spurious,-1,False
confusion_depth,depth,,2,0.6000000000000001,11,5e4f,5d4b,False,740,oscillated,-1,False
confusion_depth,depth,,2,0.6000000000000001,12,1d08,1905,True,16,spurious,-1,False
confusion_depth,depth,,2,0.6000000000000001,8,cd30,9d05,False,740,oscillated,-1,False
confusion_depth,depth,,2,0.6000000000000001,11,5e0d,5949,True,17,spurious,-1,False
confusion_depth,depth,,2,0.6000000000000001,10,5184,58a4,True,7,spurious,-1,False
confusion_depth,depth,,2,0.6000000000000001,12,39cd,1905,True,9,spurious,-1,False
confusion_depth,depth,,2,0.6000000000000001,12,1d19,1915,False,740,oscillated,-1,False
confusion_depth,depth,,2,0.6000000000000001,11,5e6d,5949,True,7,spurious,-1,False
confusion_depth,depth,,2,0.6000000000000001,9,3ec8,7ca4,False,740,oscillated,-1,False
confusion_depth,depth,,2,0.6000000000000001,10,d5a9,dca4,False,740,oscillated,-1,False
confusion_depth,depth,,2,0.6000000000000001,13,1979,359,True,14,spurious,-1,False
confusion_depth,depth,,2,0.6000000000000001,8,703,75b,False,740,oscillated,-1,False
confusion_depth,depth,,2,0.6000000000000001,10,934a,835b,False,740,oscillated,-1,False
confusion_depth,depth,,2,0.6000000000000001,14,4909,5949,True,7,spurious,-1,False
confusion_depth,depth,,2,0.6000000000000001,7,b564,ed4b,False,740,oscillated,-1,False
confusion_depth,depth,,2,0.6000000000000001,11,7308,5949,True,17,spurious,-1,False
confusion_depth,depth,,2,0.6000000000000001,10,cd00,dd49,False,740,oscillated,-1,False
confusion_depth,depth,,2,0.6000000000000001,10,49de,58a4,True,17,spurious,-1,False
confusion_depth,depth,,2,0.6000000000000001,8,64ed,7c68,False,740,oscillated,-1,False
confusion_depth,depth,,2,0.6000000000000001,10,1b75,395,True,9,spurious,-1,False
confusion_depth,depth,,2,0.6000000000000001,11,d98f,9907,False,740,oscillated,-1,False
confusion_depth,depth,,2,0.6000000000000001,8,ce7d,dd49,False,740,oscillated,-1,False
confusion_depth,depth,,2,0.6000000000000001,9,137a,359,True,7,spurious,-1,False
confusion_depth,depth,,2,0.6000000000000001,12,989,359,True,16,spurious,-1,False
confusion_depth,depth,,2,0.6000000000000001,9,e155,a359,False,740,oscillated,-1,False
confusion_depth,depth,,2,0.6000000000000001,9,bf58,a75b,True,7,spurious,-1,False
confusion_depth,depth,,2,0.6000000000000001,11,df43,fd4b,True,6,spurious,-1,False
confusion_depth,depth,,2,0.6000000000000001,11,5922,5949,True,12,spurious,-1,False
confusion_depth,depth,,2,0.6000000000000001,10,d1e3,d8a6,False,740,oscillated,-1,False
confusion_depth,depth,,2,0.6000000000000001,13,1d48,5949,True,11,spurious,-1,False
confusion_depth,depth,,2,0.6000000000000001,12,9958,359,True,14,spurious,-1,False
confusion_depth,depth,,2,0.6000000000000001,11,53c5,1905,True,13,spurious,-1,False
confusion_depth,depth,,2,0.6000000000000001,10,72c1,58a4,True,17,spurious,-1,False
confusion_depth,depth,,2,0.6000000000000001,6,e176,a75b,True,15,spurious,-1,False
confusion_depth,depth,,2,0.6000000000000001,13,1169,4949,False,740,oscillated,-1,False
confusion_depth,depth,,2,0.6000000000000001,10,513a,5949,True,17,spurious,-1,False
confusion_depth,depth,,2,0.6000000000000001,5,aeec,a6b6,True,21,correct,2,True
confusion_depth,depth,,2,0.6000000000000001,11,dd21,dd49,False,740,oscillated,-1,False
confusion_depth,depth,,2,0.6000000000000001,7,c372,835b,False,740,oscillated,-1,False
confusion_depth,depth,,2,0.6000000000000001,11,d14e,d94b,False,740,oscillated,-1,False
confusion_depth,depth,,2,0.6000000000000001,7,e6d9,e6fa,True,7,spurious,-1,False
confusion_depth,depth,,2,0.6000000000000001,9,7471,6d49,False,740,oscillated,-1,False
confusion_depth,depth,,2,0.6000000000000001,12,7d0d,7d49,False,740,oscillated,-1,False
confusion_depth,depth,,2,0.6000000000000001,9,13ec,42f8,True,16,spurious,-1,False
confusion_depth,depth,,2,0.6000000000000001,6,b29b,a6b6,True,12,correct,2,True
confusion_depth,depth,,2,0.6000000000000001,9,c125,5949,True,7,spurious,-1,False
confusion_depth,depth,,2,0.6000000000000001,13,3909,1905,True,16,spurious,-1,False
confusion_depth,depth,,2,0.6000000000000001,12,544b,4d4b,False,740,oscillated,-1,False
confusion_depth,depth,,2,0.6000000000000001,9,79ae,78a6,False,740,oscillated,-1,False
confusion_depth,depth,,2,0.6000000000000001,11,583d,5949,True,13,spurious,-1,False
confusion_depth,depth,,2,0.6000000000000001,10,fa58,a359,False,740,oscillated,-1,False
confusion_depth,depth,,2,0.6000000000000001,12,5040,5949,True,7,spurious,-1,False
confusion_depth,depth,,2,0.6000000000000001,7,f9be,fca6,True,6,wrong_pattern,0,False
confusion_depth,depth,,2,0.6000000000000001,12,59e0,58a4,True,12,spurious,-1,False
confusion_depth,depth,,2,0.6000000000000001,7,2020,42f8,True,11,spurious,-1,False
confusion_depth,depth,,2,0.6000000000000001,11,3a41,1905,True,15,spurious,-1,False
confusion_depth,depth,,3,0.6000000000000001,9,a1c8,e2f8,False,740,oscillated,-1,False
confusion_depth,depth,,3,0.6000000000000001,14,2d8,42f8,True,12,spurious,-1,False
confusion_depth,depth,,3,0.6000000000000001,14,6f8,42f8,True,11,spurious,-1,False
confusion_depth,depth,,3,0.6000000000000001,11,3078,42f8,True,19,spurious,-1,False
confusion_depth,depth,,3,0.6000000000000001,8,e4c4,fca6,True,17,wrong_pattern,0,False
confusion_depth,depth,,3,0.6000000000000001,9,d610,9d05,False,740,oscillated,-1,False
confusion_depth,depth,,3,0.6000000000000001,11,4872,5868,True,17,spurious,-1,False
confusion_depth,depth,,3,0.6000000000000001,8,6e00,3d05,False,740,oscillated,-1,False
confusion_depth,depth,,3,0.6000000000000001,12,50f4,58a4,True,16,spurious,-1,False
confusion_depth,depth,,3,0.6000000000000001,8,a4e4,a6b6,True,6,wrong_pattern,2,False
confusion_depth,depth,,3,0.6000000000000001,10,536b,4949,False,740,oscillated,-1,False
confusion_depth,depth,,3,0.6000000000000001,10,4de,46fa,False,740,oscillated,-1,False
confusion_depth,depth,,3,0.6000000000000001,12,7f9,42f8,True,15,spurious,-1,False
confusion_depth,depth,,3,0.6000000000000001,8,ef74,bd07,True,17,correct,3,True
confusion_depth,depth,,3,0.6000000000000001,11,47be,46fa,False,740,oscillated,-1,False
confusion_depth,depth,,3,0.6000000000000001,13,4358,359,True,11,spurious,-1,False
confusion_depth,depth,,3,0.6000000000000001,12,bf0,2b4,True,17,spurious,-1,False
confusion_depth,depth,,3,0.6000000000000001,13,437c,359,True,14,spurious,-1,False
confusion_depth,depth,,3,0.6000000000000001,7,b8bb,fca6,True,15,wrong_pattern,0,False
confusion_depth,depth,,3,0.6000000000000001,7,aac6,a6b6,True,17,wrong_pattern,2,False
confusion_depth,depth,,3,0.6000000000000001,8,fede,fca6,True,11,wrong_pattern,0,False
confusion_depth,depth,,3,0.6000000000000001,10,4494,58a4,True,14,spurious,-1,False
confusion_depth,depth,,3,0.6000000000000001,7,2d72,a75b,True,18,spurious,-1,False
confusion_depth,depth,,3,0.6000000000000001,14,66f8,66f8,False,740,oscillated,-1,False
confusion_depth,depth,,3,0.6000000000000001,11,d0fb,c8fa,False,740,oscillated,-1,False
confusion_depth,depth,,3,0.6000000000000001,9,cb5e,d94b,False,740,oscillated,-1,False
confusion_depth,depth,,3,0.6000000000000001,9,56c6,5ca6,False,740,oscillated,-1,False
confusion_depth,depth,,3,0.6000000000000001,11,64fb,e4fa,False,740,oscillated,-1,False
confusion_depth,depth,,3,0.6000000000000001,12,537c,5949,True,17,spurious,-1,False
confusion_depth,depth,,3,0.6000000000000001,11,4029,5949,True,7,spurious,-1,False
confusion_depth,depth,,3,0.6000000000000001,10,f6e0,fca6,True,21,wrong_pattern,0,False
confusion_depth,depth,,3,0.6000000000000001,13,46fd,42f8,True,6,spurious,-1,False
confusion_depth,depth,,3,0.6000000000000001,10,23f5,2b4,True,7,spurious,-1,False
confusion_depth,depth,,3,0.6000000000000001,11,8cf8,c6f8,False,740,oscillated,-1,False
confusion_depth,depth,,3,0.6000000000000001,9,2c58,2759,False,740,oscillated,-1,False
confusion_depth,depth,,3,0.6000000000000001,9,a37b,a75b,True,4,spurious,-1,False
confusion_depth,depth,,3,0.6000000000000001,10,45ca,446a,False,740,oscillated,-1,False
confusion_depth,depth,,3,0.6000000000000001,10,96f2,a6b6,True,17,wrong_pattern,2,False
confusion_depth,depth,,3,0.6000000000000001,10,376,359,True,16,spurious,-1,False
confusion_depth,depth,,3,0.6000000000000001,13,4269,359,True,18,spurious,-1,False
confusion_depth,depth,,3,0.6000000000000001,10,78ec,58a4,True,11,spurious,-1,False
confusion_depth,depth,,3,0.6000000000000001,10,e6ee,e6ea,False,740,oscillated,-1,False
confusion_depth,depth,,3,0.6000000000000001,7,18f,395,True,6,spurious,-1,False
confusion_depth,depth,,3,0.6000000000000001,11,2c1,2b4,True,13,spurious,-1,False
confusion_depth,depth,,3,0.6000000000000001,11,6af6,32b6,False,740,oscillated,-1,False
confusion_depth,depth,,3,0.6000000000000001,9,75ba,fca6,True,21,wrong_pattern,0,False
confusion_depth,depth,,3,0.6000000000000001,12,76fc,2eb4,False,740,oscillated,-1,False
confusion_depth,depth,,3,0.6000000000000001,11,8478,c6f8,False,740,oscillated,-1,False
confusion_depth,depth,,3,0.6000000000000001,13,2fb,42f8,True,12,spurious,-1,False
confusion_depth,depth,,3,0.6000000000000001,11,5a88,58a4,True,11,spurious,-1,False
confusion_depth,depth,,3,0.6000000000000001,10,5380,58a4,True,18,spurious,-1,False
confusion_depth,depth,,3,0.6000000000000001,10,d36a,c94b,False,740,oscillated,-1,False
confusion_depth,depth,,3,0.6000000000000001,8,c643,a75b,True,15,spurious,-1,False
confusion_depth,depth,,3,0.6000000000000001,10,2aa0,2b4,True,17,spurious,-1,False
confusion_depth,depth,,3,0.6000000000000001,13,78,42f8,True,13,spurious,-1,False
confusion_depth,depth,,3,0.6000000000000001,10,4999,359,True,30,spurious,-1,False
confusion_depth,depth,,3,0.6000000000000001,13,4274,42f8,True,9,spurious,-1,False
confusion_depth,depth,,3,0.6000000000000001,8,4e0d,1905,True,16,spurious,-1,False
confusion_depth,depth,,3,0.6000000000000001,10,61dd,359,True,15,spurious,-1,False
confusion_depth,depth,,3,0.6000000000000001,12,4470,40f8,False,740,oscillated,-1,False
confusion_depth,depth,,3,0.6000000000000001,8,2e32,e6fa,True,16,spurious,-1,False
confusion_depth,depth,,3,0.6000000000000001,10,b6fc,a6b6,True,17,wrong_pattern,2,False
confusion_depth,depth,,3,0.6000000000000001,8,d56a,ed4b,False,740,oscillated,-1,False
confusion_depth,depth,,3,0.6000000000000001,6,a637,a797,True,9,spurious,-1,False
confusion_depth,depth,,3,0.6000000000000001,8,d764,9d05,False,740,oscillated,-1,False
confusion_depth,depth,,3,0.6000000000000001,10,c118,359,True,15,spurious,-1,False
confusion_depth,depth,,3,0.6000000000000001,5,ac33,a75b,True,17,spurious,-1,False
confusion_depth,depth,,3,0.6000000000000001,7,7f52,fd4b,True,6,spurious,-1,False
confusion_depth,depth,,3,0.6000000000000001,12,c7fc,c6f8,False,740,oscillated,-1,False
confusion_depth,depth,,3,0.6000000000000001,13,52d0,ab4,False,740,oscillated,-1,False
confusion_depth,depth,,3,0.6000000000000001,9,6021,5949,True,7,spurious,-1,False
confusion_depth,depth,,3,0.6000000000000001,6,ba42,bd07,True,16,correct,3,True
confusion_depth,depth,,3,0.6000000000000001,12,10e8,42f8,True,13,spurious,-1,False
confusion_depth,depth,,3,0.6000000000000001,7,7b1e,3907,False,740,oscillated,-1,False
confusion_depth,depth,,3,0.6000000000000001,11,d0f2,d8a6,False,740,oscillated,-1,False
confusion_depth,depth,,3,0.6000000000000001,7,920d,359,True,21,spurious,-1,False
confusion_depth,depth,,3,0.6000000000000001,9,2e74,26b4,False,740,oscillated,-1,False
confusion_depth,depth,,3,0.6000000000000001,9,d340,5949,True,17,spurious,-1,False
confusion_depth,depth,,3,0.6000000000000001,8,5c2,6b6,False,740,oscillated,-1,False
confusion_depth,depth,,3,0.6000000000000001,11,50aa,58a4,True,11,spurious,-1,False
confusion_depth,depth,,3,0.6000000000000001,12,c25c,359,True,14,spurious,-1,False
confusion_depth,depth,,3,0.6000000000000001,10,d2c4,58a4,True,16,spurious,-1,False
confusion_depth,depth,,3,0.6000000000000001,6,a60e,a75b,True,12,spurious,-1,False
confusion_depth,depth,,3,0.6000000000000001,10,c263,835b,False,740,oscillated,-1,False
confusion_depth,depth,,3,0.6000000000000001,11,e67c,e6fa,True,9,spurious,-1,False
confusion_depth,depth,,3,0.6000000000000001,7,c125,5949,True,7,spurious,-1,False
confusion_depth,depth,,3,0.6000000000000001,12,5aba,58a4,True,11,spurious,-1,False
confusion_depth,depth,,3,0.6000000000000001,12,4252,359,True,14,spurious,-1,False
confusion_depth,depth,,3,0.6000000000000001,10,9ee8,dca4,False,740,oscillated,-1,False
confusion_depth,depth,,3,0.6000000000000001,11,8358,359,True,4,spurious,-1,False
confusion_depth,depth,,3,0.6000000000000001,11,98f8,2b4,True,19,spurious,-1,False
confusion_depth,depth,,3,0.6000000000000001,12,526a,4868,False,740,oscillated,-1,False
confusion_depth,depth,,3,0.6000000000000001,7,6dad,7ca4,False,740,oscillated,-1,False
confusion_depth,depth,,3,0.6000000000000001,10,325a,235b,False,740,oscillated,-1,False
confusion_depth,depth,,3,0.6000000000000001,13,e2e8,e2e8,False,740,oscillated,-1,False
confusion_depth,depth,,3,0.6000000000000001,11,4ff2,16b6,False,740,oscillated,-1,False
confusion_depth,depth,,3,0.6000000000000001,6,7f42,fd4b,True,6,spurious,-1,False
confusion_depth,depth,,3,0.6000000000000001,9,d610,9d05,False,740,oscillated,-1,False
confusion_depth,depth,,3,0.6000000000000001,5,a725,a797,True,9,spurious,-1,False
confusion_depth,depth,,3,0.6000000000000001,9,cf69,d549,False,740,oscillated,-1,False
confusion_depth,depth,,3,0.6000000000000001,10,d0d2,d8a6,False,740,oscillated,-1,False
confusion_depth,depth,,3,0.6000000000000001,11,cad2,92b6,False,740,oscillated,-1,False
confusion_depth,depth,,3,0.6000000000000001,7,193e,1905,True,15,spurious,-1,False
confusion_depth,depth,,3,0.6000000000000001,12,67d8,66f8,False,740,oscillated,-1,False
confusion_depth,depth,,3,0.6000000000000001,12,5338,5949,True,17,spurious,-1,False
confusion_depth,depth,,3,0.6000000000000001,8,2a2b,235b,False,740,oscillated,-1,False
confusion_depth,depth,,3,0.6000000000000001,10,6bbe,32b6,False,740,oscillated,-1,False
confusion_depth,depth,,3,0.6000000000000001,11,ea58,a359,False,740,oscillated,-1,False
confusion_depth,depth,,3,0.6000000000000001,10,53df,395,True,26,spurious,-1,False
confusion_depth,depth,,3,0.6000000000000001,11,56b4,ab4,False,740,oscillated,-1,False
confusion_depth,depth,,3,0.6000000000000001,9,988,42f8,True,17,spurious,-1,False
confusion_depth,depth,,3,0.6000000000000001,11,d3b0,ab4,False,740,oscillated,-1,False
confusion_depth,depth,,3,0.6000000000000001,11,78e8,5868,True,9,spurious,-1,False
confusion_depth,depth,,3,0.6000000000000001,12,d2f2,8ab6,False,740,oscillated,-1,False
confusion_depth,depth,,3,0.6000000000000001,9,2308,359,True,6,spurious,-1,False
confusion_depth,depth,,3,0.6000000000000001,11,666a,e6ea,False,740,oscillated,-1,False
confusion_depth,depth,,3,0.6000000000000001,9,58ef,58a4,True,12,spurious,-1,False
confusion_depth,depth,,3,0.6000000000000001,9,4ca1,58a4,True,7,spurious,-1,False
confusion_depth,depth,,3,0.6000000000000001,10,6064,4068,True,6,spurious,-1,False
confusion_depth,depth,,3,0.6000000000000001,10,f299,aab4,False,740,oscillated,-1,False
confusion_even_odd,even_odd,,0,0.0,0,fca6,fca6,True,0,correct,0,True
confusion_even_odd,even_odd,,0,0.0,0,fca6,fca6,True,0,correct,0,True
confusion_even_odd,even_odd,,0,0.0,0,fca6,fca6,True,0,correct,0,True
confusion_even_odd,even_odd,,0,0.0,0,fca6,fca6,True,0,correct,0,True
confusion_even_odd,even_odd,,0,0.0,0,fca6,fca6,True,0,correct,0,True
confusion_even_odd,even_odd,,0,0.0,0,fca6,fca6,True,0,correct,0,True
confusion_even_odd,even_odd,,0,0.0,0,fca6,fca6,True,0,correct,0,True
confusion_even_odd,even_odd,,0,0.0,0,fca6,fca6,True,0,correct,0,True
confusion_even_odd,even_odd,,0,0.0,0,fca6,fca6,True,0,correct,0,True
confusion_even_odd,even_odd,,0,0.0,0,fca6,fca6,True,0,correct,0,True
confusion_even_odd,even_odd,,0,0.0,0,fca6,fca6,True,0,correct,0,True
confusion_even_odd,even_odd,,0,0.0,0,fca6,fca6,True,0,correct,0,True
confusion_even_odd,even_odd,,0,0.0,0,fca6,fca6,True,0,correct,0,True
confusion_even_odd,even_odd,,0,0.0,0,fca6,fca6,True,0,correct,0,True
confusion_even_odd,even_odd,,0,0.0,0,fca6,fca6,True,0,correct,0,True
confusion_even_odd,even_odd,,0,0.0,0,fca6,fca6,True,0,correct,0,True
confusion_even_odd,even_odd,,0,0.0,0,fca6,fca6,True,0,correct,0,True
confusion_even_odd,even_odd,,0,0.0,0,fca6,fca6,True,0,correct,0,True
confusion_even_odd,even_odd,,0,0.0,0,fca6,fca6,True,0,correct,0,True
confusion_even_odd,even_odd,,0,0.0,0,fca6,fca6,True,0,correct,0,True
confusion_even_odd,even_odd,,0,0.0,0,fca6,fca6,True,0,correct,0,True
confusion_even_odd,even_odd,,0,0.0,0,fca6,fca6,True,0,correct,0,True
confusion_even_odd,even_odd,,0,0.0,0,fca6,fca6,True,0,correct,0,True
confusion_even_odd,even_odd,,0,0.0,0,fca6,fca6,True,0,correct,0,True
confusion_even_odd,even_odd,,0,0.0,0,fca6,fca6,True,0,correct,0,True
confusion_even_odd,even_odd,,0,0.0,0,fca6,fca6,True,0,correct,0,True
confusion_even_odd,even_odd,,0,0.0,0,fca6,fca6,True,0,correct,0,True
confusion_even_odd,even_odd,,0,0.0,0,fca6,fca6,True,0,correct,0,True
confusion_even_odd,even_odd,,0,0.0,0,fca6,fca6,True,0,correct,0,True
confusion_even_odd,even_odd,,0,0.0,0,fca6,fca6,True,0,correct,0,True
confusion_even_odd,even_odd,,0,0.0,0,fca6,fca6,True,0,correct,0,True
confusion_even_odd,even_odd,,0,0.0,0,fca6,fca6,True,0,correct,0,True
confusion_even_odd,even_odd,,0,0.0,0,fca6,fca6,True,0,correct,0,True
confusion_even_odd,even_odd,,0,0.0,0,fca6,fca6,True,0,correct,0,True
confusion_even_odd,even_odd,,0,0.0,0,fca6,fca6,True,0,correct,0,True
confusion_even_odd,even_odd,,0,0.0,0,fca6,fca6,True,0,correct,0,True
confusion_even_odd,even_odd,,0,0.0,0,fca6,fca6,True,0,correct,0,True
confusion_even_odd,even_odd,,0,0.0,0,fca6,fca6,True,0,correct,0,True
confusion_even_odd,even_odd,,0,0.0,0,fca6,fca6,True,0,correct,0,True
confusion_even_odd,even_odd,,0,0.0,0,fca6,fca6,True,0,correct,0,True
confusion_even_odd,even_odd,,0,0.0,0,fca6,fca6,True,0,correct,0,True
confusion_even_odd,even_odd,,0,0.0,0,fca6,fca6,True,0,correct,0,True
confusion_even_odd,even_odd,,0,0.0,0,fca6,fca6,True,0,correct,0,True
confusion_even_odd,even_odd,,0,0.0,0,fca6,fca6,True,0,correct,0,True
confusion_even_odd,even_odd,,0,0.0,0,fca6,fca6,True,0,correct,0,True
confusion_even_odd,even_odd,,0,0.0,0,fca6,fca6,True,0,correct,0,True
confusion_even_odd,even_odd,,0,0.0,0,fca6,fca6,True,0,correct,0,True
confusion_even_odd,even_odd,,0,0.0,0,fca6,fca6,True,0,correct,0,True
confusion_even_odd,even_odd,,0,0.0,0,fca6,fca6,True,0,correct,0,True
confusion_even_odd,even_odd,,0,0.0,0,fca6,fca6,True,0,correct,0,True
confusion_even_odd,even_odd,,0,0.0,0,fca6,fca6,True,0,correct,0,True
confusion_even_odd,even_odd,,0,0.0,0,fca6,fca6,True,0,correct,0,True
confusion_even_odd,even_odd,,0,0.0,0,fca6,fca6,True,0,correct,0,True
confusion_even_odd,even_odd,,0,0.0,0,fca6,fca6,True,0,correct,0,True
confusion_even_odd,even_odd,,0,0.0,0,fca6,fca6,True,0,correct,0,True
confusion_even_odd,even_odd,,0,0.0,0,fca6,fca6,True,0,correct,0,True
confusion_even_odd,even_odd,,0,0.0,0,fca6,fca6,True,0,correct,0,True
confusion_even_odd,even_odd,,0,0.0,0,fca6,fca6,True,0,correct,0,True
confusion_even_odd,even_odd,,0,0.0,0,fca6,fca6,True,0,correct,0,True
confusion_even_odd,even_odd,,0,0.0,0,fca6,fca6,True,0,correct,0,True
confusion_even_odd,even_odd,,0,0.0,0,fca6,fca6,True,0,correct,0,True
confusion_even_odd,even_odd,,0,0.0,0,fca6,fca6,True,0,correct,0,True
confusion_even_odd,even_odd,,0,0.0,0,fca6,fca6,True,0,correct,0,True
confusion_even_odd,even_odd,,0,0.0,0,fca6,fca6,True,0,correct,0,True
confusion_even_odd,even_odd,,0,0.0,0,fca6,fca6,True,0,correct,0,True
confusion_even_odd,even_odd,,0,0.0,0,fca6,fca6,True,0,correct,0,True
confusion_even_odd,even_odd,,0,0.0,0,fca6,fca6,True,0,correct,0,True
confusion_even_odd,even_odd,,0,0.0,0,fca6,fca6,True,0,correct,0,True
confusion_even_odd,even_odd,,0,0.0,0,fca6,fca6,True,0,correct,0,True
confusion_even_odd,even_odd,,0,0.0,0,fca6,fca6,True,0,correct,0,True
confusion_even_odd,even_odd,,0,0.0,0,fca6,fca6,True,0,correct,0,True
confusion_even_odd,even_odd,,0,0.0,0,fca6,fca6,True,0,correct,0,True
confusion_even_odd,even_odd,,0,0.0,0,fca6,fca6,True,0,correct,0,True
confusion_even_odd,even_odd,,0,0.0,0,fca6,fca6,True,0,correct,0,True
confusion_even_odd,even_odd,,0,0.0,0,fca6,fca6,True,0,correct,0,True
confusion_even_odd,even_odd,,0,0.0,0,fca6,fca6,True,0,correct,0,True
confusion_even_odd,even_odd,,0,0.0,0,fca6,fca6,True,0,correct,0,True
confusion_even_odd,even_odd,,0,0.0,0,fca6,fca6,True,0,correct,0,True
confusion_even_odd,even_odd,,0,0.0,0,fca6,fca6,True,0,correct,0,True
confusion_even_odd,even_odd,,0,0.0,0,fca6,fca6,True,0,correct,0,True
confusion_even_odd,even_odd,,0,0.0,0,fca6,fca6,True,0,correct,0,True
confusion_even_odd,even_odd,,0,0.0,0,fca6,fca6,True,0,correct,0,True
confusion_even_odd,even_odd,,0,0.0,0,fca6,fca6,True,0,correct,0,True
confusion_even_odd,even_odd,,0,0.0,0,fca6,fca6,True,0,correct,0,True
confusion_even_odd,even_odd,,0,0.0,0,fca6,fca6,True,0,correct,0,True
confusion_even_odd,even_odd,,0,0.0,0,fca6,fca6,True,0,correct,0,True
confusion_even_odd,even_odd,,0,0.0,0,fca6,fca6,True,0,correct,0,True
confusion_even_odd,even_odd,,0,0.0,0,fca6,fca6,True,0,correct,0,True
confusion_even_odd,even_odd,,0,0.0,0,fca6,fca6,True,0,correct,0,True
confusion_even_odd,even_odd,,0,0.0,0,fca6,fca6,True,0,correct,0,True
confusion_even_odd,even_odd,,0,0.0,0,fca6,fca6,True,0,correct,0,True
confusion_even_odd,even_odd,,0,0.0,0,fca6,fca6,True,0,correct,0,True
confusion_even_odd,even_odd,,0,0.0,0,fca6,fca6,True,0,correct,0,True
confusion_even_odd,even_odd,,0,0.0,0,fca6,fca6,True,0,correct,0,True
confusion_even_odd,even_odd,,0,0.0,0,fca6,fca6,True,0,correct,0,True
confusion_even_odd,even_odd,,0,0.0,0,fca6,fca6,True,0,correct,0,True
confusion_even_odd,even_odd,,0,0.0,0,fca6,fca6,True,0,correct,0,True
confusion_even_odd,even_odd,,0,0.0,0,fca6,fca6,True,0,correct,0,True
confusion_even_odd,even_odd,,0,0.0,0,fca6,fca6,True,0,correct,0,True
confusion_even_odd,even_odd,,0,0.0,0,fca6,fca6,True,0,correct,0,True
confusion_even_odd,even_odd,,0,0.0,0,fca6,fca6,True,0,correct,0,True
confusion_even_odd,even_odd,,0,0.0,0,fca6,fca6,True,0,correct,0,True
confusion_even_odd,even_odd,,0,0.0,0,fca6,fca6,True,0,correct,0,True
confusion_even_odd,even_odd,,0,0.0,0,fca6,fca6,True,0,correct,0,True
confusion_even_odd,even_odd,,0,0.0,0,fca6,fca6,True,0,correct,0,True
confusion_even_odd,even_odd,,0,0.0,0,fca6,fca6,True,0,correct,0,True
confusion_even_odd,even_odd,,0,0.0,0,fca6,fca6,True,0,correct,0,True
confusion_even_odd,even_odd,,0,0.0,0,fca6,fca6,True,0,correct,0,True
confusion_even_odd,even_odd,,0,0.0,0,fca6,fca6,True,0,correct,0,True
confusion_even_odd,even_odd,,0,0.0,0,fca6,fca6,True,0,correct,0,True
confusion_even_odd,even_odd,,0,0.0,0,fca6,fca6,True,0,correct,0,True
confusion_even_odd,even_odd,,0,0.0,0,fca6,fca6,True,0,correct,0,True
confusion_even_odd,even_odd,,0,0.0,0,fca6,fca6,True,0,correct,0,True
confusion_even_odd,even_odd,,0,0.0,0,fca6,fca6,True,0,correct,0,True
confusion_even_odd,even_odd,,0,0.0,0,fca6,fca6,True,0,correct,0,True
confusion_even_odd,even_odd,,0,0.0,0,fca6,fca6,True,0,correct,0,True
confusion_even_odd,even_odd,,0,0.0,0,fca6,fca6,True,0,correct,0,True
confusion_even_odd,even_odd,,0,0.0,0,fca6,fca6,True,0,correct,0,True
confusion_even_odd,even_odd,,0,0.0,0,fca6,fca6,True,0,correct,0,True
confusion_even_odd,even_odd,,0,0.0,0,fca6,fca6,True,0,correct,0,True
confusion_even_odd,even_odd,,1,0.0,0,1b95,1b95,True,0,correct,1,True
confusion_even_odd,even_odd,,1,0.0,0,1b95,1b95,True,0,correct,1,True
confusion_even_odd,even_odd,,1,0.0,0,1b95,1b95,True,0,correct,1,True
confusion_even_odd,even_odd,,1,0.0,0,1b95,1b95,True,0,correct,1,True
confusion_even_odd,even_odd,,1,0.0,0,1b95,1b95,True,0,correct,1,True
confusion_even_odd,even_odd,,1,0.0,0,1b95,1b95,True,0,correct,1,True
confusion_even_odd,even_odd,,1,0.0,0,1b95,1b95,True,0,correct,1,True
confusion_even_odd,even_odd,,1,0.0,0,1b95,1b95,True,0,correct,1,True
confusion_even_odd,even_odd,,1,0.0,0,1b95,1b95,True,0,correct,1,True
confusion_even_odd,even_odd,,1,0.0,0,1b95,1b95,True,0,correct,1,True
confusion_even_odd,even_odd,,1,0.0,0,1b95,1b95,True,0,correct,1,True
confusion_even_odd,even_odd,,1,0.0,0,1b95,1b95,True,0,correct,1,True
confusion_even_odd,even_odd,,1,0.0,0,1b95,1b95,True,0,correct,1,True
confusion_even_odd,even_odd,,1,0.0,0,1b95,1b95,True,0,correct,1,True
confusion_even_odd,even_odd,,1,0.0,0,1b95,1b95,True,0,correct,1,True
confusion_even_odd,even_odd,,1,0.0,0,1b95,1b95,True,0,correct,1,True
confusion_even_odd,even_odd,,1,0.0,0,1b95,1b95,True,0,correct,1,True
confusion_even_odd,even_odd,,1,0.0,0,1b95,1b95,True,0,correct,1,True
confusion_even_odd,even_odd,,1,0.0,0,1b95,1b95,True,0,correct,1,True
confusion_even_odd,even_odd,,1,0.0,0,1b95,1b95,True,0,correct,1,True
confusion_even_odd,even_odd,,1,0.0,0,1b95,1b95,True,0,correct,1,True
confusion_even_odd,even_odd,,1,0.0,0,1b95,1b95,True,0,correct,1,True
confusion_even_odd,even_odd,,1,0.0,0,1b95,1b95,True,0,correct,1,True
confusion_even_odd,even_odd,,1,0.0,0,1b95,1b95,True,0,correct,1,True
confusion_even_odd,even_odd,,1,0.0,0,1b95,1b95,True,0,correct,1,True
confusion_even_odd,even_odd,,1,0.0,0,1b95,1b95,True,0,correct,1,True
confusion_even_odd,even_odd,,1,0.0,0,1b95,1b95,True,0,correct,1,True
confusion_even_odd,even_odd,,1,0.0,0,1b95,1b95,True,0,correct,1,True
confusion_even_odd,even_odd,,1,0.0,0,1b95,1b95,True,0,correct,1,True
confusion_even_odd,even_odd,,1,0.0,0,1b95,1b95,True,0,correct,1,True
confusion_even_odd,even_odd,,1,0.0,0,1b95,1b95,True,0,correct,1,True
confusion_even_odd,even_odd,,1,0.0,0,1b95,1b95,True,0,correct,1,True
confusion_even_odd,even_odd,,1,0.0,0,1b95,1b95,True,0,correct,1,True
confusion_even_odd,even_odd,,1,0.0,0,1b95,1b95,True,0,correct,1,True
confusion_even_odd,even_odd,,1,0.0,0,1b95,1b95,True,0,correct,1,True
confusion_even_odd,even_odd,,1,0.0,0,1b95,1b95,True,0,correct,1,True
confusion_even_odd,even_odd,,1,0.0,0,1b95,1b95,True,0,correct,1,True
confusion_even_odd,even_odd,,1,0.0,0,1b95,1b95,True,0,correct,1,True
confusion_even_odd,even_odd,,1,0.0,0,1b95,1b95,True,0,correct,1,True
confusion_even_odd,even_odd,,1,0.0,0,1b95,1b95,True,0,correct,1,True
confusion_even_odd,even_odd,,1,0.0,0,1b95,1b95,True,0,correct,1,True
confusion_even_odd,even_odd,,1,0.0,0,1b95,1b95,True,0,correct,1,True
confusion_even_odd,even_odd,,1,0.0,0,1b95,1b95,True,0,correct,1,True
confusion_even_odd,even_odd,,1,0.0,0,1b95,1b95,True,0,correct,1,True
confusion_even_odd,even_odd,,1,0.0,0,1b95,1b95,True,0,correct,1,True
confusion_even_odd,even_odd,,1,0.0,0,1b95,1b95,True,0,correct,1,True
confusion_even_odd,even_odd,,1,0.0,0,1b95,1b95,True,0,correct,1,True
confusion_even_odd,even_odd,,1,0.0,0,1b95,1b95,True,0,correct,1,True
confusion_even_odd,even_odd,,1,0.0,0,1b95,1b95,True,0,correct,1,True
confusion_even_odd,even_odd,,1,0.0,0,1b95,1b95,True,0,correct,1,True
confusion_even_odd,even_odd,,1,0.0,0,1b95,1b95,True,0,correct,1,True
confusion_even_odd,even_odd,,1,0.0,0,1b95,1b95,True,0,correct,1,True
confusion_even_odd,even_odd,,1,0.0,0,1b95,1b95,True,0,correct,1,True
confusion_even_odd,even_odd,,1,0.0,0,1b95,1b95,True,0,correct,1,True
confusion_even_odd,even_odd,,1,0.0,0,1b95,1b95,True,0,correct,1,True
confusion_even_odd,even_odd,,1,0.0,0,1b95,1b95,True,0,correct,1,True
confusion_even_odd,even_odd,,1,0.0,0,1b95,1b95,True,0,correct,1,True
confusion_even_odd,even_odd,,1,0.0,0,1b95,1b95,True,0,correct,1,True
confusion_even_odd,even_odd,,1,0.0,0,1b95,1b95,True,0,correct,1,True
confusion_even_odd,even_odd,,1,0.0,0,1b95,1b95,True,0,correct,1,True
confusion_even_odd,even_odd,,1,0.0,0,1b95,1b95,True,0,correct,1,True
confusion_even_odd,even_odd,,1,0.0,0,1b95,1b95,True,0,correct,1,True
confusion_even_odd,even_odd,,1,0.0,0,1b95,1b95,True,0,correct,1,True
confusion_even_odd,even_odd,,1,0.0,0,1b95,1b95,True,0,correct,1,True
confusion_even_odd,even_odd,,1,0.0,0,1b95,1b95,True,0,correct,1,True
confusion_even_odd,even_odd,,1,0.0,0,1b95,1b95,True,0,correct,1,True
confusion_even_odd,even_odd,,1,0.0,0,1b95,1b95,True,0,correct,1,True
confusion_even_odd,even_odd,,1,0.0,0,1b95,1b95,True,0,correct,1,True
confusion_even_odd,even_odd,,1,0.0,0,1b95,1b95,True,0,correct,1,True
confusion_even_odd,even_odd,,1,0.0,0,1b95,1b95,True,0,correct,1,True
confusion_even_odd,even_odd,,1,0.0,0,1b95,1b95,True,0,correct,1,True
confusion_even_odd,even_odd,,1,0.0,0,1b95,1b95,True,0,correct,1,True
confusion_even_odd,even_odd,,1,0.0,0,1b95,1b95,True,0,correct,1,True
confusion_even_odd,even_odd,,1,0.0,0,1b95,1b95,True,0,correct,1,True
confusion_even_odd,even_odd,,1,0.0,0,1b95,1b95,True,0,correct,1,True
confusion_even_odd,even_odd,,1,0.0,0,1b95,1b95,True,0,correct,1,True
confusion_even_odd,even_odd,,1,0.0,0,1b95,1b95,True,0,correct,1,True
confusion_even_odd,even_odd,,1,0.0,0,1b95,1b95,True,0,correct,1,True
confusion_even_odd,even_odd,,1,0.0,0,1b95,1b95,True,0,correct,1,True
confusion_even_odd,even_odd,,1,0.0,0,1b95,1b95,True,0,correct,1,True
confusion_even_odd,even_odd,,1,0.0,0,1b95,1b95,True,0,correct,1,True
confusion_even_odd,even_odd,,1,0.0,0,1b95,1b95,True,0,correct,1,True
confusion_even_odd,even_odd,,1,0.0,0,1b95,1b95,True,0,correct,1,True
confusion_even_odd,even_odd,,1,0.0,0,1b95,1b95,True,0,correct,1,True
confusion_even_odd,even_odd,,1,0.0,0,1b95,1b95,True,0,correct,1,True
confusion_even_odd,even_odd,,1,0.0,0,1b95,1b95,True,0,correct,1,True
confusion_even_odd,even_odd,,1,0.0,0,1b95,1b95,True,0,correct,1,True
confusion_even_odd,even_odd,,1,0.0,0,1b95,1b95,True,0,correct,1,True
confusion_even_odd,even_odd,,1,0.0,0,1b95,1b95,True,0,correct,1,True
confusion_even_odd,even_odd,,1,0.0,0,1b95,1b95,True,0,correct,1,True
confusion_even_odd,even_odd,,1,0.0,0,1b95,1b95,True,0,correct,1,True
confusion_even_odd,even_odd,,1,0.0,0,1b95,1b95,True,0,correct,1,True
confusion_even_odd,even_odd,,1,0.0,0,1b95,1b95,True,0,correct,1,True
confusion_even_odd,even_odd,,1,0.0,0,1b95,1b95,True,0,correct,1,True
confusion_even_odd,even_odd,,1,0.0,0,1b95,1b95,True,0,correct,1,True
confusion_even_odd,even_odd,,1,0.0,0,1b95,1b95,True,0,correct,1,True
confusion_even_odd,even_odd,,1,0.0,0,1b95,1b95,True,0,correct,1,True
confusion_even_odd,even_odd,,1,0.0,0,1b95,1b95,True,0,correct,1,True
confusion_even_odd,even_odd,,1,0.0,0,1b95,1b95,True,0,correct,1,True
confusion_even_odd,even_odd,,1,0.0,0,1b95,1b95,True,0,correct,1,True
confusion_even_odd,even_odd,,1,0.0,0,1b95,1b95,True,0,correct,1,True
confusion_even_odd,even_odd,,1,0.0,0,1b95,1b95,True,0,correct,1,True
confusion_even_odd,even_odd,,1,0.0,0,1b95,1b95,True,0,correct,1,True
confusion_even_odd,even_odd,,1,0.0,0,1b95,1b95,True,0,correct,1,True
confusion_even_odd,even_odd,,1,0.0,0,1b95,1b95,True,0,correct,1,True
confusion_even_odd,even_odd,,1,0.0,0,1b95,1b95,True,0,correct,1,True
confusion_even_odd,even_odd,,1,0.0,0,1b95,1b95,True,0,correct,1,True
confusion_even_odd,even_odd,,1,0.0,0,1b95,1b95,True,0,correct,1,True
confusion_even_odd,even_odd,,1,0.0,0,1b95,1b95,True,0,correct,1,True
confusion_even_odd,even_odd,,1,0.0,0,1b95,1b95,True,0,correct,1,True
confusion_even_odd,even_odd,,1,0.0,0,1b95,1b95,True,0,correct,1,True
confusion_even_odd,even_odd,,1,0.0,0,1b95,1b95,True,0,correct,1,True
confusion_even_odd,even_odd,,1,0.0,0,1b95,1b95,True,0,correct,1,True
confusion_even_odd,even_odd,,1,0.0,0,1b95,1b95,True,0,correct,1,True
confusion_even_odd,even_odd,,1,0.0,0,1b95,1b95,True,0,correct,1,True
confusion_even_odd,even_odd,,1,0.0,0,1b95,1b95,True,0,correct,1,True
confusion_even_odd,even_odd,,1,0.0,0,1b95,1b95,True,0,correct,1,True
confusion_even_odd,even_odd,,1,0.0,0,1b95,1b95,True,0,correct,1,True
confusion_even_odd,even_odd,,1,0.0,0,1b95,1b95,True,0,correct,1,True
confusion_even_odd,even_odd,,1,0.0,0,1b95,1b95,True,0,correct,1,True
confusion_even_odd,even_odd,,2,0.0,0,a6b6,a6b6,True,0,correct,2,True
confusion_even_odd,even_odd,,2,0.0,0,a6b6,a6b6,True,0,correct,2,True
confusion_even_odd,even_odd,,2,0.0,0,a6b6,a6b6,True,0,correct,2,True
confusion_even_odd,even_odd,,2,0.0,0,a6b6,a6b6,True,0,correct,2,True
confusion_even_odd,even_odd,,2,0.0,0,a6b6,a6b6,True,0,correct,2,True
confusion_even_odd,even_odd,,2,0.0,0,a6b6,a6b6,True,0,correct,2,True
confusion_even_odd,even_odd,,2,0.0,0,a6b6,a6b6,True,0,correct,2,True
confusion_even_odd,even_odd,,2,0.0,0,a6b6,a6b6,True,0,correct,2,True
confusion_even_odd,even_odd,,2,0.0,0,a6b6,a6b6,True,0,correct,2,True
confusion_even_odd,even_odd,,2,0.0,0,a6b6,a6b6,True,0,correct,2,True
confusion_even_odd,even_odd,,2,0.0,0,a6b6,a6b6,True,0,correct,2,True
confusion_even_odd,even_odd,,2,0.0,0,a6b6,a6b6,True,0,correct,2,True
confusion_even_odd,even_odd,,2,0.0,0,a6b6,a6b6,True,0,correct,2,True
confusion_even_odd,even_odd,,2,0.0,0,a6b6,a6b6,True,0,correct,2,True
confusion_even_odd,even_odd,,2,0.0,0,a6b6,a6b6,True,0,correct,2,True
confusion_even_odd,even_odd,,2,0.0,0,a6b6,a6b6,True,0,correct,2,True
confusion_even_odd,even_odd,,2,0.0,0,a6b6,a6b6,True,0,correct,2,True
confusion_even_odd,even_odd,,2,0.0,0,a6b6,a6b6,True,0,correct,2,True
confusion_even_odd,even_odd,,2,0.0,0,a6b6,a6b6,True,0,correct,2,True
confusion_even_odd,even_odd,,2,0.0,0,a6b6,a6b6,True,0,correct,2,True
confusion_even_odd,even_odd,,2,0.0,0,a6b6,a6b6,True,0,correct,2,True
confusion_even_odd,even_odd,,2,0.0,0,a6b6,a6b6,True,0,correct,2,True
confusion_even_odd,even_odd,,2,0.0,0,a6b6,a6b6,True,0,correct,2,True
confusion_even_odd,even_odd,,2,0.0,0,a6b6,a6b6,True,0,correct,2,True
confusion_even_odd,even_odd,,2,0.0,0,a6b6,a6b6,True,0,correct,2,True
confusion_even_odd,even_odd,,2,0.0,0,a6b6,a6b6,True,0,correct,2,True
confusion_even_odd,even_odd,,2,0.0,0,a6b6,a6b6,True,0,correct,2,True
confusion_even_odd,even_odd,,2,0.0,0,a6b6,a6b6,True,0,correct,2,True
confusion_even_odd,even_odd,,2,0.0,0,a6b6,a6b6,True,0,correct,2,True
confusion_even_odd,even_odd,,2,0.0,0,a6b6,a6b6,True,0,correct,2,True
confusion_even_odd,even_odd,,2,0.0,0,a6b6,a6b6,True,0,correct,2,True
confusion_even_odd,even_odd,,2,0.0,0,a6b6,a6b6,True,0,correct,2,True
confusion_even_odd,even_odd,,2,0.0,0,a6b6,a6b6,True,0,correct,2,True
confusion_even_odd,even_odd,,2,0.0,0,a6b6,a6b6,True,0,correct,2,True
confusion_even_odd,even_odd,,2,0.0,0,a6b6,a6b6,True,0,correct,2,True
confusion_even_odd,even_odd,,2,0.0,0,a6b6,a6b6,True,0,correct,2,True
confusion_even_odd,even_odd,,2,0.0,0,a6b6,a6b6,True,0,correct,2,True
confusion_even_odd,even_odd,,2,0.0,0,a6b6,a6b6,True,0,correct,2,True
confusion_even_odd,even_odd,,2,0.0,0,a6b6,a6b6,True,0,correct,2,True
confusion_even_odd,even_odd,,2,0.0,0,a6b6,a6b6,True,0,correct,2,True
confusion_even_odd,even_odd,,2,0.0,0,a6b6,a6b6,True,0,correct,2,True
confusion_even_odd,even_odd,,2,0.0,0,a6b6,a6b6,True,0,correct,2,True
confusion_even_odd,even_odd,,2,0.0,0,a6b6,a6b6,True,0,correct,2,True
confusion_even_odd,even_odd,,2,0.0,0,a6b6,a6b6,True,0,correct,2,True
confusion_even_odd,even_odd,,2,0.0,0,a6b6,a6b6,True,0,correct,2,True
confusion_even_odd,even_odd,,2,0.0,0,a6b6,a6b6,True,0,correct,2,True
confusion_even_odd,even_odd,,2,0.0,0,a6b6,a6b6,True,0,correct,2,True
confusion_even_odd,even_odd,,2,0.0,0,a6b6,a6b6,True,0,correct,2,True
confusion_even_odd,even_odd,,2,0.0,0,a6b6,a6b6,True,0,correct,2,True
confusion_even_odd,even_odd,,2,0.0,0,a6b6,a6b6,True,0,correct,2,True
confusion_even_odd,even_odd,,2,0.0,0,a6b6,a6b6,True,0,correct,2,True
confusion_even_odd,even_odd,,2,0.0,0,a6b6,a6b6,True,0,correct,2,True
confusion_even_odd,even_odd,,2,0.0,0,a6b6,a6b6,True,0,correct,2,True
confusion_even_odd,even_odd,,2,0.0,0,a6b6,a6b6,True,0,correct,2,True
confusion_even_odd,even_odd,,2,0.0,0,a6b6,a6b6,True,0,correct,2,True
confusion_even_odd,even_odd,,2,0.0,0,a6b6,a6b6,True,0,correct,2,True
confusion_even_odd,even_odd,,2,0.0,0,a6b6,a6b6,True,0,correct,2,True
confusion_even_odd,even_odd,,2,0.0,0,a6b6,a6b6,True,0,correct,2,True
confusion_even_odd,even_odd,,2,0.0,0,a6b6,a6b6,True,0,correct,2,True
confusion_even_odd,even_odd,,2,0.0,0,a6b6,a6b6,True,0,correct,2,True
confusion_even_odd,even_odd,,2,0.0,0,a6b6,a6b6,True,0,correct,2,True
confusion_even_odd,even_odd,,2,0.0,0,a6b6,a6b6,True,0,correct,2,True
confusion_even_odd,even_odd,,2,0.0,0,a6b6,a6b6,True,0,correct,2,True
confusion_even_odd,even_odd,,2,0.0,0,a6b6,a6b6,True,0,correct,2,True
confusion_even_odd,even_odd,,2,0.0,0,a6b6,a6b6,True,0,correct,2,True
confusion_even_odd,even_odd,,2,0.0,0,a6b6,a6b6,True,0,correct,2,True
confusion_even_odd,even_odd,,2,0.0,0,a6b6,a6b6,True,0,correct,2,True
confusion_even_odd,even_odd,,2,0.0,0,a6b6,a6b6,True,0,correct,2,True
confusion_even_odd,even_odd,,2,0.0,0,a6b6,a6b6,True,0,correct,2,True
confusion_even_odd,even_odd,,2,0.0,0,a6b6,a6b6,True,0,correct,2,True
confusion_even_odd,even_odd,,2,0.0,0,a6b6,a6b6,True,0,correct,2,True
confusion_even_odd,even_odd,,2,0.0,0,a6b6,a6b6,True,0,correct,2,True
confusion_even_odd,even_odd,,2,0.0,0,a6b6,a6b6,True,0,correct,2,True
confusion_even_odd,even_odd,,2,0.0,0,a6b6,a6b6,True,0,correct,2,True
confusion_even_odd,even_odd,,2,0.0,0,a6b6,a6b6,True,0,correct,2,True
confusion_even_odd,even_odd,,2,0.0,0,a6b6,a6b6,True,0,correct,2,True
confusion_even_odd,even_odd,,2,0.0,0,a6b6,a6b6,True,0,correct,2,True
confusion_even_odd,even_odd,,2,0.0,0,a6b6,a6b6,True,0,correct,2,True
confusion_even_odd,even_odd,,2,0.0,0,a6b6,a6b6,True,0,correct,2,True
confusion_even_odd,even_odd,,2,0.0,0,a6b6,a6b6,True,0,correct,2,True
confusion_even_odd,even_odd,,2,0.0,0,a6b6,a6b6,True,0,correct,2,True
confusion_even_odd,even_odd,,2,0.0,0,a6b6,a6b6,True,0,correct,2,True
confusion_even_odd,even_odd,,2,0.0,0,a6b6,a6b6,True,0,correct,2,True
confusion_even_odd,even_odd,,2,0.0,0,a6b6,a6b6,True,0,correct,2,True
confusion_even_odd,even_odd,,2,0.0,0,a6b6,a6b6,True,0,correct,2,True
confusion_even_odd,even_odd,,2,0.0,0,a6b6,a6b6,True,0,correct,2,True
confusion_even_odd,even_odd,,2,0.0,0,a6b6,a6b6,True,0,correct,2,True
confusion_even_odd,even_odd,,2,0.0,0,a6b6,a6b6,True,0,correct,2,True
confusion_even_odd,even_odd,,2,0.0,0,a6b6,a6b6,True,0,correct,2,True
confusion_even_odd,even_odd,,2,0.0,0,a6b6,a6b6,True,0,correct,2,True
confusion_even_odd,even_odd,,2,0.0,0,a6b6,a6b6,True,0,correct,2,True
confusion_even_odd,even_odd,,2,0.0,0,a6b6,a6b6,True,0,correct,2,True
confusion_even_odd,even_odd,,2,0.0,0,a6b6,a6b6,True,0,correct,2,True
confusion_even_odd,even_odd,,2,0.0,0,a6b6,a6b6,True,0,correct,2,True
confusion_even_odd,even_odd,,2,0.0,0,a6b6,a6b6,True,0,correct,2,True
confusion_even_odd,even_odd,,2,0.0,0,a6b6,a6b6,True,0,correct,2,True
confusion_even_odd,even_odd,,2,0.0,0,a6b6,a6b6,True,0,correct,2,True
confusion_even_odd,even_odd,,2,0.0,0,a6b6,a6b6,True,0,correct,2,True
confusion_even_odd,even_odd,,2,0.0,0,a6b6,a6b6,True,0,correct,2,True
confusion_even_odd,even_odd,,2,0.0,0,a6b6,a6b6,True,0,correct,2,True
confusion_even_odd,even_odd,,2,0.0,0,a6b6,a6b6,True,0,correct,2,True
confusion_even_odd,even_odd,,2,0.0,0,a6b6,a6b6,True,0,correct,2,True
confusion_even_odd,even_odd,,2,0.0,0,a6b6,a6b6,True,0,correct,2,True
confusion_even_odd,even_odd,,2,0.0,0,a6b6,a6b6,True,0,correct,2,True
confusion_even_odd,even_odd,,2,0.0,0,a6b6,a6b6,True,0,correct,2,True
confusion_even_odd,even_odd,,2,0.0,0,a6b6,a6b6,True,0,correct,2,True
confusion_even_odd,even_odd,,2,0.0,0,a6b6,a6b6,True,0,correct,2,True
confusion_even_odd,even_odd,,2,0.0,0,a6b6,a6b6,True,0,correct,2,True
confusion_even_odd,even_odd,,2,0.0,0,a6b6,a6b6,True,0,correct,2,True
confusion_even_odd,even_odd,,2,0.0,0,a6b6,a6b6,True,0,correct,2,True
confusion_even_odd,even_odd,,2,0.0,0,a6b6,a6b6,True,0,correct,2,True
confusion_even_odd,even_odd,,2,0.0,0,a6b6,a6b6,True,0,correct,2,True
confusion_even_odd,even_odd,,2,0.0,0,a6b6,a6b6,True,0,correct,2,True
confusion_even_odd,even_odd,,2,0.0,0,a6b6,a6b6,True,0,correct,2,True
confusion_even_odd,even_odd,,2,0.0,0,a6b6,a6b6,True,0,correct,2,True
confusion_even_odd,even_odd,,2,0.0,0,a6b6,a6b6,True,0,correct,2,True
confusion_even_odd,even_odd,,2,0.0,0,a6b6,a6b6,True,0,correct,2,True
confusion_even_odd,even_odd,,2,0.0,0,a6b6,a6b6,True,0,correct,2,True
confusion_even_odd,even_odd,,2,0.0,0,a6b6,a6b6,True,0,correct,2,True
confusion_even_odd,even_odd,,2,0.0,0,a6b6,a6b6,True,0,correct,2,True
confusion_even_odd,even_odd,,3,0.0,0,bd07,bd07,True,0,correct,3,True
confusion_even_odd,even_odd,,3,0.0,0,bd07,bd07,True,0,correct,3,True
confusion_even_odd,even_odd,,3,0.0,0,bd07,bd07,True,0,correct,3,True
confusion_even_odd,even_odd,,3,0.0,0,bd07,bd07,True,0,correct,3,True
confusion_even_odd,even_odd,,3,0.0,0,bd07,bd07,True,0,correct,3,True
confusion_even_odd,even_odd,,3,0.0,0,bd07,bd07,True,0,correct,3,True
confusion_even_odd,even_odd,,3,0.0,0,bd07,bd07,True,0,correct,3,True
confusion_even_odd,even_odd,,3,0.0,0,bd07,bd07,True,0,correct,3,True
confusion_even_odd,even_odd,,3,0.0,0,bd07,bd07,True,0,correct,3,True
confusion_even_odd,even_odd,,3,0.0,0,bd07,bd07,True,0,correct,3,True
confusion_even_odd,even_odd,,3,0.0,0,bd07,bd07,True,0,correct,3,True
confusion_even_odd,even_odd,,3,0.0,0,bd07,bd07,True,0,correct,3,True
confusion_even_odd,even_odd,,3,0.0,0,bd07,bd07,True,0,correct,3,True
confusion_even_odd,even_odd,,3,0.0,0,bd07,bd07,True,0,correct,3,True
confusion_even_odd,even_odd,,3,0.0,0,bd07,bd07,True,0,correct,3,True
confusion_even_odd,even_odd,,3,0.0,0,bd07,bd07,True,0,correct,3,True
confusion_even_odd,even_odd,,3,0.0,0,bd07,bd07,True,0,correct,3,True
confusion_even_odd,even_odd,,3,0.0,0,bd07,bd07,True,0,correct,3,True
confusion_even_odd,even_odd,,3,0.0,0,bd07,bd07,True,0,correct,3,True
confusion_even_odd,even_odd,,3,0.0,0,bd07,bd07,True,0,correct,3,True
confusion_even_odd,even_odd,,3,0.0,0,bd07,bd07,True,0,correct,3,True
confusion_even_odd,even_odd,,3,0.0,0,bd07,bd07,True,0,correct,3,True
confusion_even_odd,even_odd,,3,0.0,0,bd07,bd07,True,0,correct,3,True
confusion_even_odd,even_odd,,3,0.0,0,bd07,bd07,True,0,correct,3,True
confusion_even_odd,even_odd,,3,0.0,0,bd07,bd07,True,0,correct,3,True
confusion_even_odd,even_odd,,3,0.0,0,bd07,bd07,True,0,correct,3,True
confusion_even_odd,even_odd,,3,0.0,0,bd07,bd07,True,0,correct,3,True
confusion_even_odd,even_odd,,3,0.0,0,bd07,bd07,True,0,correct,3,True
confusion_even_odd,even_odd,,3,0.0,0,bd07,bd07,True,0,correct,3,True
confusion_even_odd,even_odd,,3,0.0,0,bd07,bd07,True,0,correct,3,True
confusion_even_odd,even_odd,,3,0.0,0,bd07,bd07,True,0,correct,3,True
confusion_even_odd,even_odd,,3,0.0,0,bd07,bd07,True,0,correct,3,True
confusion_even_odd,even_odd,,3,0.0,0,bd07,bd07,True,0,correct,3,True
confusion_even_odd,even_odd,,3,0.0,0,bd07,bd07,True,0,correct,3,True
confusion_even_odd,even_odd,,3,0.0,0,bd07,bd07,True,0,correct,3,True
confusion_even_odd,even_odd,,3,0.0,0,bd07,bd07,True,0,correct,3,True
confusion_even_odd,even_odd,,3,0.0,0,bd07,bd07,True,0,correct,3,True
confusion_even_odd,even_odd,,3,0.0,0,bd07,bd07,True,0,correct,3,True
confusion_even_odd,even_odd,,3,0.0,0,bd07,bd07,True,0,correct,3,True
confusion_even_odd,even_odd,,3,0.0,0,bd07,bd07,True,0,correct,3,True
confusion_even_odd,even_odd,,3,0.0,0,bd07,bd07,True,0,correct,3,True
confusion_even_odd,even_odd,,3,0.0,0,bd07,bd07,True,0,correct,3,True
confusion_even_odd,even_odd,,3,0.0,0,bd07,bd07,True,0,correct,3,True
confusion_even_odd,even_odd,,3,0.0,0,bd07,bd07,True,0,correct,3,True
confusion_even_odd,even_odd,,3,0.0,0,bd07,bd07,True,0,correct,3,True
confusion_even_odd,even_odd,,3,0.0,0,bd07,bd07,True,0,correct,3,True
confusion_even_odd,even_odd,,3,0.0,0,bd07,bd07,True,0,correct,3,True
confusion_even_odd,even_odd,,3,0.0,0,bd07,bd07,True,0,correct,3,True
confusion_even_odd,even_odd,,3,0.0,0,bd07,bd07,True,0,correct,3,True
confusion_even_odd,even_odd,,3,0.0,0,bd07,bd07,True,0,correct,3,True
confusion_even_odd,even_odd,,3,0.0,0,bd07,bd07,True,0,correct,3,True
confusion_even_odd,even_odd,,3,0.0,0,bd07,bd07,True,0,correct,3,True
confusion_even_odd,even_odd,,3,0.0,0,bd07,bd07,True,0,correct,3,True
confusion_even_odd,even_odd,,3,0.0,0,bd07,bd07,True,0,correct,3,True
confusion_even_odd,even_odd,,3,0.0,0,bd07,bd07,True,0,correct,3,True
confusion_even_odd,even_odd,,3,0.0,0,bd07,bd07,True,0,correct,3,True
confusion_even_odd,even_odd,,3,0.0,0,bd07,bd07,True,0,correct,3,True
confusion_even_odd,even_odd,,3,0.0,0,bd07,bd07,True,0,correct,3,True
confusion_even_odd,even_odd,,3,0.0,0,bd07,bd07,True,0,correct,3,True
confusion_even_odd,even_odd,,3,0.0,0,bd07,bd07,True,0,correct,3,True
confusion_even_odd,even_odd,,3,0.0,0,bd07,bd07,True,0,correct,3,True
confusion_even_odd,even_odd,,3,0.0,0,bd07,bd07,True,0,correct,3,True
confusion_even_odd,even_odd,,3,0.0,0,bd07,bd07,True,0,correct,3,True
confusion_even_odd,even_odd,,3,0.0,0,bd07,bd07,True,0,correct,3,True
confusion_even_odd,even_odd,,3,0.0,0,bd07,bd07,True,0,correct,3,True
confusion_even_odd,even_odd,,3,0.0,0,bd07,bd07,True,0,correct,3,True
confusion_even_odd,even_odd,,3,0.0,0,bd07,bd07,True,0,correct,3,True
confusion_even_odd,even_odd,,3,0.0,0,bd07,bd07,True,0,correct,3,True
confusion_even_odd,even_odd,,3,0.0,0,bd07,bd07,True,0,correct,3,True
confusion_even_odd,even_odd,,3,0.0,0,bd07,bd07,True,0,correct,3,True
confusion_even_odd,even_odd,,3,0.0,0,bd07,bd07,True,0,correct,3,True
confusion_even_odd,even_odd,,3,0.0,0,bd07,bd07,True,0,correct,3,True
confusion_even_odd,even_odd,,3,0.0,0,bd07,bd07,True,0,correct,3,True
confusion_even_odd,even_odd,,3,0.0,0,bd07,bd07,True,0,correct,3,True
confusion_even_odd,even_odd,,3,0.0,0,bd07,bd07,True,0,correct,3,True
confusion_even_odd,even_odd,,3,0.0,0,bd07,bd07,True,0,correct,3,True
confusion_even_odd,even_odd,,3,0.0,0,bd07,bd07,True,0,correct,3,True
confusion_even_odd,even_odd,,3,0.0,0,bd07,bd07,True,0,correct,3,True
confusion_even_odd,even_odd,,3,0.0,0,bd07,bd07,True,0,correct,3,True
confusion_even_odd,even_odd,,3,0.0,0,bd07,bd07,True,0,correct,3,True
confusion_even_odd,even_odd,,3,0.0,0,bd07,bd07,True,0,correct,3,True
confusion_even_odd,even_odd,,3,0.0,0,bd07,bd07,True,0,correct,3,True
confusion_even_odd,even_odd,,3,0.0,0,bd07,bd07,True,0,correct,3,True
confusion_even_odd,even_odd,,3,0.0,0,bd07,bd07,True,0,correct,3,True
confusion_even_odd,even_odd,,3,0.0,0,bd07,bd07,True,0,correct,3,True
confusion_even_odd,even_odd,,3,0.0,0,bd07,bd07,True,0,correct,3,True
confusion_even_odd,even_odd,,3,0.0,0,bd07,bd07,True,0,correct,3,True
confusion_even_odd,even_odd,,3,0.0,0,bd07,bd07,True,0,correct,3,True
confusion_even_odd,even_odd,,3,0.0,0,bd07,bd07,True,0,correct,3,True
confusion_even_odd,even_odd,,3,0.0,0,bd07,bd07,True,0,correct,3,True
confusion_even_odd,even_odd,,3,0.0,0,bd07,bd07,True,0,correct,3,True
confusion_even_odd,even_odd,,3,0.0,0,bd07,bd07,True,0,correct,3,True
confusion_even_odd,even_odd,,3,0.0,0,bd07,bd07,True,0,correct,3,True
confusion_even_odd,even_odd,,3,0.0,0,bd07,bd07,True,0,correct,3,True
confusion_even_odd,even_odd,,3,0.0,0,bd07,bd07,True,0,correct,3,True
confusion_even_odd,even_odd,,3,0.0,0,bd07,bd07,True,0,correct,3,True
confusion_even_odd,even_odd,,3,0.0,0,bd07,bd07,True,0,correct,3,True
confusion_even_odd,even_odd,,3,0.0,0,bd07,bd07,True,0,correct,3,True
confusion_even_odd,even_odd,,3,0.0,0,bd07,bd07,True,0,correct,3,True
confusion_even_odd,even_odd,,3,0.0,0,bd07,bd07,True,0,correct,3,True
confusion_even_odd,even_odd,,3,0.0,0,bd07,bd07,True,0,correct,3,True
confusion_even_odd,even_odd,,3,0.0,0,bd07,bd07,True,0,correct,3,True
confusion_even_odd,even_odd,,3,0.0,0,bd07,bd07,True,0,correct,3,True
confusion_even_odd,even_odd,,3,0.0,0,bd07,bd07,True,0,correct,3,True
confusion_even_odd,even_odd,,3,0.0,0,bd07,bd07,True,0,correct,3,True
confusion_even_odd,even_odd,,3,0.0,0,bd07,bd07,True,0,correct,3,True
confusion_even_odd,even_odd,,3,0.0,0,bd07,bd07,True,0,correct,3,True
confusion_even_odd,even_odd,,3,0.0,0,bd07,bd07,True,0,correct,3,True
confusion_even_odd,even_odd,,3,0.0,0,bd07,bd07,True,0,correct,3,True
confusion_even_odd,even_odd,,3,0.0,0,bd07,bd07,True,0,correct,3,True
confusion_even_odd,even_odd,,3,0.0,0,bd07,bd07,True,0,correct,3,True
confusion_even_odd,even_odd,,3,0.0,0,bd07,bd07,True,0,correct,3,True
confusion_even_odd,even_odd,,3,0.0,0,bd07,bd07,True,0,correct,3,True
confusion_even_odd,even_odd,,3,0.0,0,bd07,bd07,True,0,correct,3,True
confusion_even_odd,even_odd,,3,0.0,0,bd07,bd07,True,0,correct,3,True
confusion_even_odd,even_odd,,3,0.0,0,bd07,bd07,True,0,correct,3,True
confusion_even_odd,even_odd,,3,0.0,0,bd07,bd07,True,0,correct,3,True
confusion_even_odd,even_odd,,3,0.0,0,bd07,bd07,True,0,correct,3,True
confusion_even_odd,even_odd,,3,0.0,0,bd07,bd07,True,0,correct,3,True
confusion_even_odd,even_odd,,3,0.0,0,bd07,bd07,True,0,correct,3,True
confusion_even_odd,even_odd,,0,0.05,0,fca6,fca6,True,0,correct,0,True
confusion_even_odd,even_odd,,0,0.05,1,fca7,fca6,True,11,correct,0,True
confusion_even_odd,even_odd,,0,0.05,1,eca6,fca6,True,11,correct,0,True
confusion_even_odd,even_odd,,0,0.05,0,fca6,fca6,True,0,correct,0,True
confusion_even_odd,even_odd,,0,0.05,2,fc87,fca6,True,35,correct,0,True
confusion_even_odd,even_odd,,0,0.05,3,e9a6,fca6,True,11,correct,0,True
confusion_even_odd,even_odd,,0,0.05,0,fca6,fca6,True,0,correct,0,True
confusion_even_odd,even_odd,,0,0.05,1,fea6,fca6,True,25,correct,0,True
confusion_even_odd,even_odd,,0,0.05,0,fca6,fca6,True,0,correct,0,True
confusion_even_odd,even_odd,,0,0.05,2,fcb7,fca6,True,11,correct,0,True
confusion_even_odd,even_odd,,0,0.05,0,fca6,fca6,True,0,correct,0,True
confusion_even_odd,even_odd,,0,0.05,1,fca7,fca6,True,11,correct,0,True
confusion_even_odd,even_odd,,0,0.05,2,f4ae,fca6,True,25,correct,0,True
confusion_even_odd,even_odd,,0,0.05,0,fca6,fca6,True,0,correct,0,True
confusion_even_odd,even_odd,,0,0.05,2,faa6,fca6,True,25,correct,0,True
confusion_even_odd,even_odd,,0,0.05,0,fca6,fca6,True,0,correct,0,True
confusion_even_odd,even_odd,,0,0.05,1,fc86,fca6,True,25,correct,0,True
confusion_even_odd,even_odd,,0,0.05,1,fce6,fca6,True,11,correct,0,True
confusion_even_odd,even_odd,,0,0.05,2,ec26,fca6,True,25,correct,0,True
confusion_even_odd,even_odd,,0,0.05,1,fce6,fca6,True,11,correct,0,True
confusion_even_odd,even_odd,,0,0.05,0,fca6,fca6,True,0,correct,0,True
confusion_even_odd,even_odd,,0,0.05,0,fca6,fca6,True,0,correct,0,True
confusion_even_odd,even_odd,,0,0.05,2,7da6,fca6,True,25,correct,0,True
confusion_even_odd,even_odd,,0,0.05,1,fce6,fca6,True,11,correct,0,True
confusion_even_odd,even_odd,,0,0.05,1,fcae,fca6,True,25,correct,0,True
confusion_even_odd,even_odd,,0,0.05,0,fca6,fca6,True,0,correct,0,True
confusion_even_odd,even_odd,,0,0.05,1,fca7,fca6,True,11,correct,0,True
confusion_even_odd,even_odd,,0,0.05,1,fce6,fca6,True,11,correct,0,True
confusion_even_odd,even_odd,,0,0.05,2,bca2,fca6,True,11,correct,0,True
confusion_even_odd,even_odd,,0,0.05,2,dca7,fca6,True,25,correct,0,True
confusion_even_odd,even_odd,,0,0.05,1,fda6,fca6,True,11,correct,0,True
confusion_even_odd,even_odd,,0,0.05,1,bca6,fca6,True,11,correct,0,True
confusion_even_odd,even_odd,,0,0.05,0,fca6,fca6,True,0,correct,0,True
confusion_even_odd,even_odd,,0,0.05,1,fcb6,fca6,True,11,correct,0,True
confusion_even_odd,even_odd,,0,0.05,1,fca2,fca6,True,11,correct,0,True
confusion_even_odd,even_odd,,0,0.05,1,fea6,fca6,True,25,correct,0,True
confusion_even_odd,even_odd,,0,0.05,0,fca6,fca6,True,0,correct,0,True
confusion_even_odd,even_odd,,0,0.05,0,fca6,fca6,True,0,correct,0,True
confusion_even_odd,even_odd,,0,0.05,3,3da6,fca6,True,25,correct,0,True
confusion_even_odd,even_odd,,0,0.05,0,fca6,fca6,True,0,correct,0,True
confusion_even_odd,even_odd,,0,0.05,2,ece6,fca6,True,11,correct,0,True
confusion_even_odd,even_odd,,0,0.05,0,fca6,fca6,True,0,correct,0,True
confusion_even_odd,even_odd,,0,0.05,0,fca6,fca6,True,0,correct,0,True
confusion_even_odd,even_odd,,0,0.05,1,fc26,fca6,True,25,correct,0,True
confusion_even_odd,even_odd,,0,0.05,1,fc86,fca6,True,25,correct,0,True
confusion_even_odd,even_odd,,0,0.05,0,fca6,fca6,True,0,correct,0,True
confusion_even_odd,even_odd,,0,0.05,1,dca6,fca6,True,25,correct,0,True
confusion_even_odd,even_odd,,0,0.05,2,fce2,fca6,True,11,correct,0,True
confusion_even_odd,even_odd,,0,0.05,1,fca4,fca6,True,25,correct,0,True
confusion_even_odd,even_odd,,0,0.05,0,fca6,fca6,True,0,correct,0,True
confusion_even_odd,even_odd,,0,0.05,1,dca6,fca6,True,25,correct,0,True
confusion_even_odd,even_odd,,0,0.05,0,fca6,fca6,True,0,correct,0,True
confusion_even_odd,even_odd,,0,0.05,1,fea6,fca6,True,25,correct,0,True
confusion_even_odd,even_odd,,0,0.05,1,fca2,fca6,True,11,correct,0,True
confusion_even_odd,even_odd,,0,0.05,0,fca6,fca6,True,0,correct,0,True
confusion_even_odd,even_odd,,0,0.05,0,fca6,fca6,True,0,correct,0,True
confusion_even_odd,even_odd,,0,0.05,0,fca6,fca6,True,0,correct,0,True
confusion_even_odd,even_odd,,0,0.05,0,fca6,fca6,True,0,correct,0,True
confusion_even_odd,even_odd,,0,0.05,2,f886,fca6,True,25,correct,0,True
confusion_even_odd,even_odd,,0,0.05,1,fca7,fca6,True,11,correct,0,True
confusion_even_odd,even_odd,,0,0.05,2,bca7,fca6,True,11,correct,0,True
confusion_even_odd,even_odd,,0,0.05,1,7ca6,fca6,True,25,correct,0,True
confusion_even_odd,even_odd,,0,0.05,3,fcce,fca6,True,83,correct,0,True
confusion_even_odd,even_odd,,0,0.05,1,bca6,fca6,True,11,correct,0,True
confusion_even_odd,even_odd,,0,0.05,2,fcb2,fca6,True,11,correct,0,True
confusion_even_odd,even_odd,,0,0.05,1,fca7,fca6,True,11,correct,0,True
confusion_even_odd,even_odd,,0,0.05,1,fca4,fca6,True,25,correct,0,True
confusion_even_odd,even_odd,,0,0.05,1,fca7,fca6,True,11,correct,0,True
confusion_even_odd,even_odd,,0,0.05,0,fca6,fca6,True,0,correct,0,True
confusion_even_odd,even_odd,,0,0.05,1,fea6,fca6,True,25,correct,0,True
confusion_even_odd,even_odd,,0,0.05,1,f8a6,fca6,True,11,correct,0,True
confusion_even_odd,even_odd,,0,0.05,2,fc87,fca6,True,35,correct,0,True
confusion_even_odd,even_odd,,0,0.05,2,bc26,fca6,True,25,correct,0,True
confusion_even_odd,even_odd,,0,0.05,2,7cae,fca6,True,25,correct,0,True
confusion_even_odd,even_odd,,0,0.05,0,fca6,fca6,True,0,correct,0,True
confusion_even_odd,even_odd,,0,0.05,0,fca6,fca6,True,0,correct,0,True
confusion_even_odd,even_odd,,0,0.05,1,fc86,fca6,True,25,correct,0,True
confusion_even_odd,even_odd,,0,0.05,0,fca6,fca6,True,0,correct,0,True
confusion_even_odd,even_odd,,0,0.05,0,fca6,fca6,True,0,correct,0,True
confusion_even_odd,even_odd,,0,0.05,0,fca6,fca6,True,0,correct,0,True
confusion_even_odd,even_odd,,0,0.05,0,fca6,fca6,True,0,correct,0,True
confusion_even_odd,even_odd,,0,0.05,2,7ca4,58a4,True,45,spurious,-1,False
confusion_even_odd,even_odd,,0,0.05,0,fca6,fca6,True,0,correct,0,True
confusion_even_odd,even_odd,,0,0.05,0,fca6,fca6,True,0,correct,0,True
confusion_even_odd,even_odd,,0,0.05,1,fcae,fca6,True,25,correct,0,True
confusion_even_odd,even_odd,,0,0.05,0,fca6,fca6,True,0,correct,0,True
confusion_even_odd,even_odd,,0,0.05,0,fca6,fca6,True,0,correct,0,True
confusion_even_odd,even_odd,,0,0.05,1,f8a6,fca6,True,11,correct,0,True
confusion_even_odd,even_odd,,0,0.05,0,fca6,fca6,True,0,correct,0,True
confusion_even_odd,even_odd,,0,0.05,1,fea6,fca6,True,25,correct,0,True
confusion_even_odd,even_odd,,0,0.05,1,fc26,fca6,True,25,correct,0,True
confusion_even_odd,even_odd,,0,0.05,1,fca4,fca6,True,25,correct,0,True
confusion_even_odd,even_odd,,0,0.05,2,eea6,fca6,True,25,correct,0,True
confusion_even_odd,even_odd,,0,0.05,0,fca6,fca6,True,0,correct,0,True
confusion_even_odd,even_odd,,0,0.05,0,fca6,fca6,True,0,correct,0,True
confusion_even_odd,even_odd,,0,0.05,0,fca6,fca6,True,0,correct,0,True
confusion_even_odd,even_odd,,0,0.05,0,fca6,fca6,True,0,correct,0,True
confusion_even_odd,even_odd,,0,0.05,2,7ea6,fca6,True,25,correct,0,True
confusion_even_odd,even_odd,,0,0.05,2,dcae,fca6,True,25,correct,0,True
confusion_even_odd,even_odd,,0,0.05,1,fea6,fca6,True,25,correct,0,True
confusion_even_odd,even_odd,,0,0.05,1,eca6,fca6,True,11,correct,0,True
confusion_even_odd,even_odd,,0,0.05,0,fca6,fca6,True,0,correct,0,True
confusion_even_odd,even_odd,,0,0.05,1,fea6,fca6,True,25,correct,0,True
confusion_even_odd,even_odd,,0,0.05,0,fca6,fca6,True,0,correct,0,True
confusion_even_odd,even_odd,,0,0.05,0,fca6,fca6,True,0,correct,0,True
confusion_even_odd,even_odd,,0,0.05,1,dca6,fca6,True,25,correct,0,True
confusion_even_odd,even_odd,,0,0.05,1,fce6,fca6,True,11,correct,0,True
confusion_even_odd,even_odd,,0,0.05,0,fca6,fca6,True,0,correct,0,True
confusion_even_odd,even_odd,,0,0.05,1,fca7,fca6,True,11,correct,0,True
confusion_even_odd,even_odd,,0,0.05,0,fca6,fca6,True,0,correct,0,True
confusion_even_odd,even_odd,,0,0.05,1,fcae,fca6,True,25,correct,0,True
confusion_even_odd,even_odd,,0,0.05,0,fca6,fca6,True,0,correct,0,True
confusion_even_odd,even_odd,,0,0.05,2,bca4,fca6,True,25,correct,0,True
confusion_even_odd,even_odd,,0,0.05,0,fca6,fca6,True,0,correct,0,True
confusion_even_odd,even_odd,,0,0.05,0,fca6,fca6,True,0,correct,0,True
confusion_even_odd,even_odd,,0,0.05,1,bca6,fca6,True,11,correct,0,True
confusion_even_odd,even_odd,,0,0.05,0,fca6,fca6,True,0,correct,0,True
confusion_even_odd,even_odd,,0,0.05,0,fca6,fca6,True,0,correct,0,True
confusion_even_odd,even_odd,,0,0.05,1,fda6,fca6,True,11,correct,0,True
confusion_even_odd,even_odd,,0,0.05,0,fca6,fca6,True,0,correct,0,True
confusion_even_odd,even_odd,,1,0.05,1,1995,1905,True,45,spurious,-1,False
confusion_even_odd,even_odd,,1,0.05,0,1b95,1b95,True,0,correct,1,True
confusion_even_odd,even_odd,,1,0.05,1,1a95,58a4,True,69,spurious,-1,False
confusion_even_odd,even_odd,,1,0.05,1,1a95,58a4,True,69,spurious,-1,False
confusion_even_odd,even_odd,,1,0.05,0,1b95,1b95,True,0,correct,1,True
confusion_even_odd,even_odd,,1,0.05,2,1b9f,395,True,49,spurious,-1,False
confusion_even_odd,even_odd,,1,0.05,0,1b95,1b95,True,0,correct,1,True
confusion_even_odd,even_odd,,1,0.05,1,1b97,1b95,True,25,correct,1,True
confusion_even_odd,even_odd,,1,0.05,1,1b97,1b95,True,25,correct,1,True
confusion_even_odd,even_odd,,1,0.05,1,1f95,1b95,True,11,correct,1,True
confusion_even_odd,even_odd,,1,0.05,1,1bd5,1b95,True,21,correct,1,True
confusion_even_odd,even_odd,,1,0.05,0,1b95,1b95,True,0,correct,1,True
confusion_even_odd,even_odd,,1,0.05,0,1b95,1b95,True,0,correct,1,True
confusion_even_odd,even_odd,,1,0.05,1,1395,395,True,11,spurious,-1,False
confusion_even_odd,even_odd,,1,0.05,2,1bf5,2b4,True,35,spurious,-1,False
confusion_even_odd,even_odd,,1,0.05,0,1b95,1b95,True,0,correct,1,True
confusion_even_odd,even_odd,,1,0.05,0,1b95,1b95,True,0,correct,1,True
confusion_even_odd,even_odd,,1,0.05,0,1b95,1b95,True,0,correct,1,True
confusion_even_odd,even_odd,,1,0.05,0,1b95,1b95,True,0,correct,1,True
confusion_even_odd,even_odd,,1,0.05,0,1b95,1b95,True,0,correct,1,True
confusion_even_odd,even_odd,,1,0.05,1,b95,1b95,True,11,correct,1,True
confusion_even_odd,even_odd,,1,0.05,0,1b95,1b95,True,0,correct,1,True
confusion_even_odd,even_odd,,1,0.05,0,1b95,1b95,True,0,correct,1,True
confusion_even_odd,even_odd,,1,0.05,1,1b9d,395,True,49,spurious,-1,False
confusion_even_odd,even_odd,,1,0.05,0,1b95,1b95,True,0,correct,1,True
confusion_even_odd,even_odd,,1,0.05,0,1b95,1b95,True,0,correct,1,True
confusion_even_odd,even_odd,,1,0.05,0,1b95,1b95,True,0,correct,1,True
confusion_even_odd,even_odd,,1,0.05,1,b95,1b95,True,11,correct,1,True
confusion_even_odd,even_odd,,1,0.05,1,1b85,1b95,True,11,correct,1,True
confusion_even_odd,even_odd,,1,0.05,1,1bd5,1b95,True,21,correct,1,True
confusion_even_odd,even_odd,,1,0.05,0,1b95,1b95,True,0,correct,1,True
confusion_even_odd,even_odd,,1,0.05,0,1b95,1b95,True,0,correct,1,True
confusion_even_odd,even_odd,,1,0.05,2,199d,1905,True,35,spurious,-1,False
confusion_even_odd,even_odd,,1,0.05,0,1b95,1b95,True,0,correct,1,True
confusion_even_odd,even_odd,,1,0.05,1,1f95,1b95,True,11,correct,1,True
confusion_even_odd,even_odd,,1,0.05,1,1b94,58a4,True,69,spurious,-1,False
confusion_even_odd,even_odd,,1,0.05,0,1b95,1b95,True,0,correct,1,True
confusion_even_odd,even_odd,,1,0.05,0,1b95,1b95,True,0,correct,1,True
confusion_even_odd,even_odd,,1,0.05,2,5395,395,True,11,spurious,-1,False
confusion_even_odd,even_odd,,1,0.05,0,1b95,1b95,True,0,correct,1,True
confusion_even_odd,even_odd,,1,0.05,2,1b1d,359,True,45,spurious,-1,False
confusion_even_odd,even_odd,,1,0.05,0,1b95,1b95,True,0,correct,1,True
confusion_even_odd,even_odd,,1,0.05,0,1b95,1b95,True,0,correct,1,True
confusion_even_odd,even_odd,,1,0.05,0,1b95,1b95,True,0,correct,1,True
confusion_even_odd,even_odd,,1,0.05,0,1b95,1b95,True,0,correct,1,True
confusion_even_odd,even_odd,,1,0.05,0,1b95,1b95,True,0,correct,1,True
confusion_even_odd,even_odd,,1,0.05,1,1bb5,58a4,True,51,spurious,-1,False
confusion_even_odd,even_odd,,1,0.05,0,1b95,1b95,True,0,correct,1,True
confusion_even_odd,even_odd,,1,0.05,0,1b95,1b95,True,0,correct,1,True
confusion_even_odd,even_odd,,1,0.05,0,1b95,1b95,True,0,correct,1,True
confusion_even_odd,even_odd,,1,0.05,1,1b85,1b95,True,11,correct,1,True
confusion_even_odd,even_odd,,1,0.05,1,1995,1905,True,45,spurious,-1,False
confusion_even_odd,even_odd,,1,0.05,1,9b95,1b95,True,25,correct,1,True
confusion_even_odd,even_odd,,1,0.05,0,1b95,1b95,True,0,correct,1,True
confusion_even_odd,even_odd,,1,0.05,1,1a95,58a4,True,69,spurious,-1,False
confusion_even_odd,even_odd,,1,0.05,0,1b95,1b95,True,0,correct,1,True
confusion_even_odd,even_odd,,1,0.05,0,1b95,1b95,True,0,correct,1,True
confusion_even_odd,even_odd,,1,0.05,1,1bb5,58a4,True,51,spurious,-1,False
confusion_even_odd,even_odd,,1,0.05,1,9b95,1b95,True,25,correct,1,True
confusion_even_odd,even_odd,,1,0.05,1,1995,1905,True,45,spurious,-1,False
confusion_even_odd,even_odd,,1,0.05,0,1b95,1b95,True,0,correct,1,True
confusion_even_odd,even_odd,,1,0.05,1,b95,1b95,True,11,correct,1,True
confusion_even_odd,even_odd,,1,0.05,0,1b95,1b95,True,0,correct,1,True
confusion_even_odd,even_odd,,1,0.05,0,1b95,1b95,True,0,correct,1,True
confusion_even_odd,even_odd,,1,0.05,3,8b97,bf97,True,45,spurious,-1,False
confusion_even_odd,even_odd,,1,0.05,0,1b95,1b95,True,0,correct,1,True
confusion_even_odd,even_odd,,1,0.05,1,1b91,1b95,True,21,correct,1,True
confusion_even_odd,even_odd,,1,0.05,0,1b95,1b95,True,0,correct,1,True
confusion_even_odd,even_odd,,1,0.05,2,1a15,1b95,True,25,correct,1,True
confusion_even_odd,even_odd,,1,0.05,0,1b95,1b95,True,0,correct,1,True
confusion_even_odd,even_odd,,1,0.05,1,1bb5,58a4,True,51,spurious,-1,False
confusion_even_odd,even_odd,,1,0.05,0,1b95,1b95,True,0,correct,1,True
confusion_even_odd,even_odd,,1,0.05,1,1b91,1b95,True,21,correct,1,True
confusion_even_odd,even_odd,,1,0.05,2,1bb4,58a4,True,45,spurious,-1,False
confusion_even_odd,even_odd,,1,0.05,0,1b95,1b95,True,0,correct,1,True
confusion_even_odd,even_odd,,1,0.05,1,1a95,58a4,True,69,spurious,-1,False
confusion_even_odd,even_odd,,1,0.05,2,1bbd,2b4,True,35,spurious,-1,False
confusion_even_odd,even_odd,,1,0.05,1,b95,1b95,True,11,correct,1,True
confusion_even_odd,even_odd,,1,0.05,0,1b95,1b95,True,0,correct,1,True
confusion_even_odd,even_odd,,1,0.05,0,1b95,1b95,True,0,correct,1,True
confusion_even_odd,even_odd,,1,0.05,2,3a95,58a4,True,69,spurious,-1,False
confusion_even_odd,even_odd,,1,0.05,1,1b91,1b95,True,21,correct,1,True
confusion_even_odd,even_odd,,1,0.05,0,1b95,1b95,True,0,correct,1,True
confusion_even_odd,even_odd,,1,0.05,2,3bb5,58a4,True,51,spurious,-1,False
confusion_even_odd,even_odd,,1,0.05,1,1b85,1b95,True,11,correct,1,True
confusion_even_odd,even_odd,,1,0.05,0,1b95,1b95,True,0,correct,1,True
confusion_even_odd,even_odd,,1,0.05,1,1f95,1b95,True,11,correct,1,True
confusion_even_odd,even_odd,,1,0.05,0,1b95,1b95,True,0,correct,1,True
confusion_even_odd,even_odd,,1,0.05,1,1b94,58a4,True,69,spurious,-1,False
confusion_even_odd,even_odd,,1,0.05,0,1b95,1b95,True,0,correct,1,True
confusion_even_odd,even_odd,,1,0.05,0,1b95,1b95,True,0,correct,1,True
confusion_even_odd,even_odd,,1,0.05,2,b15,1b95,True,45,correct,1,True
confusion_even_odd,even_odd,,1,0.05,2,1b9f,395,True,49,spurious,-1,False
confusion_even_odd,even_odd,,1,0.05,1,1a95,58a4,True,69,spurious,-1,False
confusion_even_odd,even_odd,,1,0.05,1,1b91,1b95,True,21,correct,1,True
confusion_even_odd,even_odd,,1,0.05,0,1b95,1b95,True,0,correct,1,True
confusion_even_odd,even_odd,,1,0.05,1,1a95,58a4,True,69,spurious,-1,False
confusion_even_odd,even_odd,,1,0.05,2,1b35,1b95,True,25,correct,1,True
confusion_even_odd,even_odd,,1,0.05,1,1b91,1b95,True,21,correct,1,True
confusion_even_odd,even_odd,,1,0.05,0,1b95,1b95,True,0,correct,1,True
confusion_even_odd,even_odd,,1,0.05,0,1b95,1b95,True,0,correct,1,True
confusion_even_odd,even_odd,,1,0.05,1,1995,1905,True,45,spurious,-1,False
confusion_even_odd,even_odd,,1,0.05,1,1a95,58a4,True,69,spurious,-1,False
confusion_even_odd,even_odd,,1,0.05,1,9b95,1b95,True,25,correct,1,True
confusion_even_odd,even_odd,,1,0.05,0,1b95,1b95,True,0,correct,1,True
confusion_even_odd,even_odd,,1,0.05,0,1b95,1b95,True,0,correct,1,True
confusion_even_odd,even_odd,,1,0.05,1,1995,1905,True,45,spurious,-1,False
confusion_even_odd,even_odd,,1,0.05,1,1b9d,395,True,49,spurious,-1,False
confusion_even_odd,even_odd,,1,0.05,0,1b95,1b95,True,0,correct,1,True
confusion_even_odd,even_odd,,1,0.05,0,1b95,1b95,True,0,correct,1,True
confusion_even_odd,even_odd,,1,0.05,1,9b95,1b95,True,25,correct,1,True
confusion_even_odd,even_odd,,1,0.05,0,1b95,1b95,True,0,correct,1,True
confusion_even_odd,even_odd,,1,0.05,0,1b95,1b95,True,0,correct,1,True
confusion_even_odd,even_odd,,1,0.05,0,1b95,1b95,True,0,correct,1,True
confusion_even_odd,even_odd,,1,0.05,2,1bd1,1b95,True,21,correct,1,True
confusion_even_odd,even_odd,,1,0.05,2,1b8d,395,True,79,spurious,-1,False
confusion_even_odd,even_odd,,1,0.05,0,1b95,1b95,True,0,correct,1,True
confusion_even_odd,even_odd,,1,0.05,0,1b95,1b95,True,0,correct,1,True
confusion_even_odd,even_odd,,1,0.05,1,1f95,1b95,True,11,correct,1,True
confusion_even_odd,even_odd,,1,0.05,1,3b95,1b95,True,25,correct,1,True
confusion_even_odd,even_odd,,2,0.05,1,26b6,a6b6,True,25,correct,2,True
confusion_even_odd,even_odd,,2,0.05,0,a6b6,a6b6,True,0,correct,2,True
confusion_even_odd,even_odd,,2,0.05,0,a6b6,a6b6,True,0,correct,2,True
confusion_even_odd,even_odd,,2,0.05,1,a6f6,a6b6,True,11,correct,2,True
confusion_even_odd,even_odd,,2,0.05,2,b7b6,a6b6,True,11,correct,2,True
confusion_even_odd,even_odd,,2,0.05,1,a696,a6b6,True,25,correct,2,True
confusion_even_odd,even_odd,,2,0.05,0,a6b6,a6b6,True,0,correct,2,True
confusion_even_odd,even_odd,,2,0.05,1,a6b2,a6b6,True,11,correct,2,True
confusion_even_odd,even_odd,,2,0.05,2,a697,a6b6,True,35,correct,2,True
confusion_even_odd,even_odd,,2,0.05,2,aef6,a6b6,True,35,correct,2,True
confusion_even_odd,even_odd,,2,0.05,3,f6f6,a6b6,True,21,correct,2,True
confusion_even_odd,even_odd,,2,0.05,0,a6b6,a6b6,True,0,correct,2,True
confusion_even_odd,even_odd,,2,0.05,1,26b6,a6b6,True,25,correct,2,True
confusion_even_odd,even_odd,,2,0.05,0,a6b6,a6b6,True,0,correct,2,True
confusion_even_odd,even_odd,,2,0.05,1,86b6,a6b6,True,25,correct,2,True
confusion_even_odd,even_odd,,2,0.05,0,a6b6,a6b6,True,0,correct,2,True
confusion_even_odd,even_odd,,2,0.05,2,a6ae,e6fa,True,51,spurious,-1,False
confusion_even_odd,even_odd,,2,0.05,1,a696,a6b6,True,25,correct,2,True
confusion_even_odd,even_odd,,2,0.05,0,a6b6,a6b6,True,0,correct,2,True
confusion_even_odd,even_odd,,2,0.05,1,a636,a6b6,True,25,correct,2,True
confusion_even_odd,even_odd,,2,0.05,1,aeb6,fca6,True,55,wrong_pattern,0,False
confusion_even_odd,even_odd,,2,0.05,0,a6b6,a6b6,True,0,correct,2,True
confusion_even_odd,even_odd,,2,0.05,2,acb6,fca6,True,21,wrong_pattern,0,False
confusion_even_odd,even_odd,,2,0.05,0,a6b6,a6b6,True,0,correct,2,True
confusion_even_odd,even_odd,,2,0.05,1,a636,a6b6,True,25,correct,2,True
confusion_even_odd,even_odd,,2,0.05,1,a7b6,a6b6,True,11,correct,2,True
confusion_even_odd,even_odd,,2,0.05,0,a6b6,a6b6,True,0,correct,2,True
confusion_even_odd,even_odd,,2,0.05,2,aab6,fca6,True,55,wrong_pattern,0,False
confusion_even_odd,even_odd,,2,0.05,1,a6f6,a6b6,True,11,correct,2,True
confusion_even_odd,even_odd,,2,0.05,0,a6b6,a6b6,True,0,correct,2,True
confusion_even_odd,even_odd,,2,0.05,1,a696,a6b6,True,25,correct,2,True
confusion_even_odd,even_odd,,2,0.05,0,a6b6,a6b6,True,0,correct,2,True
confusion_even_odd,even_odd,,2,0.05,1,26b6,a6b6,True,25,correct,2,True
confusion_even_odd,even_odd,,2,0.05,1,a6f6,a6b6,True,11,correct,2,True
confusion_even_odd,even_odd,,2,0.05,0,a6b6,a6b6,True,0,correct,2,True
confusion_even_odd,even_odd,,2,0.05,3,e6b0,a6b6,True,35,correct,2,True
confusion_even_odd,even_odd,,2,0.05,0,a6b6,a6b6,True,0,correct,2,True
confusion_even_odd,even_odd,,2,0.05,0,a6b6,a6b6,True,0,correct,2,True
confusion_even_odd,even_odd,,2,0.05,1,a636,a6b6,True,25,correct,2,True
confusion_even_odd,even_odd,,2,0.05,0,a6b6,a6b6,True,0,correct,2,True
confusion_even_odd,even_odd,,2,0.05,1,aeb6,fca6,True,55,wrong_pattern,0,False
confusion_even_odd,even_odd,,2,0.05,0,a6b6,a6b6,True,0,correct,2,True
confusion_even_odd,even_odd,,2,0.05,2,a2a6,a6b6,True,21,correct,2,True
confusion_even_odd,even_odd,,2,0.05,0,a6b6,a6b6,True,0,correct,2,True
confusion_even_odd,even_odd,,2,0.05,0,a6b6,a6b6,True,0,correct,2,True
confusion_even_odd,even_odd,,2,0.05,0,a6b6,a6b6,True,0,correct,2,True
confusion_even_odd,even_odd,,2,0.05,1,e6b6,a6b6,True,11,correct,2,True
confusion_even_odd,even_odd,,2,0.05,0,a6b6,a6b6,True,0,correct,2,True
confusion_even_odd,even_odd,,2,0.05,1,86b6,a6b6,True,25,correct,2,True
confusion_even_odd,even_odd,,2,0.05,0,a6b6,a6b6,True,0,correct,2,True
confusion_even_odd,even_odd,,2,0.05,1,a6b4,a6b6,True,25,correct,2,True
confusion_even_odd,even_odd,,2,0.05,0,a6b6,a6b6,True,0,correct,2,True
confusion_even_odd,even_odd,,2,0.05,1,a6f6,a6b6,True,11,correct,2,True
confusion_even_odd,even_odd,,2,0.05,0,a6b6,a6b6,True,0,correct,2,True
confusion_even_odd,even_odd,,2,0.05,0,a6b6,a6b6,True,0,correct,2,True
confusion_even_odd,even_odd,,2,0.05,0,a6b6,a6b6,True,0,correct,2,True
confusion_even_odd,even_odd,,2,0.05,0,a6b6,a6b6,True,0,correct,2,True
confusion_even_odd,even_odd,,2,0.05,0,a6b6,a6b6,True,0,correct,2,True
confusion_even_odd,even_odd,,2,0.05,2,e6b2,a6b6,True,21,correct,2,True
confusion_even_odd,even_odd,,2,0.05,3,a606,a6b6,True,59,correct,2,True
confusion_even_odd,even_odd,,2,0.05,1,a636,a6b6,True,25,correct,2,True
confusion_even_odd,even_odd,,2,0.05,1,a6b2,a6b6,True,11,correct,2,True
confusion_even_odd,even_odd,,2,0.05,1,b6b6,a6b6,True,11,correct,2,True
confusion_even_odd,even_odd,,2,0.05,2,a2b2,a6b6,True,11,correct,2,True
confusion_even_odd,even_odd,,2,0.05,1,a6b4,a6b6,True,25,correct,2,True
confusion_even_odd,even_odd,,2,0.05,1,26b6,a6b6,True,25,correct,2,True
confusion_even_odd,even_odd,,2,0.05,0,a6b6,a6b6,True,0,correct,2,True
confusion_even_odd,even_odd,,2,0.05,1,aeb6,fca6,True,55,wrong_pattern,0,False
confusion_even_odd,even_odd,,2,0.05,2,a4be,e6fa,True,69,spurious,-1,False
confusion_even_odd,even_odd,,2,0.05,2,b7b6,a6b6,True,11,correct,2,True
confusion_even_odd,even_odd,,2,0.05,1,a7b6,a6b6,True,11,correct,2,True
confusion_even_odd,even_odd,,2,0.05,0,a6b6,a6b6,True,0,correct,2,True
confusion_even_odd,even_odd,,2,0.05,1,b6b6,a6b6,True,11,correct,2,True
confusion_even_odd,even_odd,,2,0.05,1,a6f6,a6b6,True,11,correct,2,True
confusion_even_odd,even_odd,,2,0.05,0,a6b6,a6b6,True,0,correct,2,True
confusion_even_odd,even_odd,,2,0.05,1,b6b6,a6b6,True,11,correct,2,True
confusion_even_odd,even_odd,,2,0.05,2,a236,a6b6,True,25,correct,2,True
confusion_even_odd,even_odd,,2,0.05,1,a6b4,a6b6,True,25,correct,2,True
confusion_even_odd,even_odd,,2,0.05,2,b6b7,a6b6,True,11,correct,2,True
confusion_even_odd,even_odd,,2,0.05,2,24b6,fca6,True,45,wrong_pattern,0,False
confusion_even_odd,even_odd,,2,0.05,2,aab6,fca6,True,55,wrong_pattern,0,False
confusion_even_odd,even_odd,,2,0.05,1,a6a6,a6b6,True,21,correct,2,True
confusion_even_odd,even_odd,,2,0.05,0,a6b6,a6b6,True,0,correct,2,True
confusion_even_odd,even_odd,,2,0.05,1,a696,a6b6,True,25,correct,2,True
confusion_even_odd,even_odd,,2,0.05,0,a6b6,a6b6,True,0,correct,2,True
confusion_even_odd,even_odd,,2,0.05,1,aeb6,fca6,True,55,wrong_pattern,0,False
confusion_even_odd,even_odd,,2,0.05,0,a6b6,a6b6,True,0,correct,2,True
confusion_even_odd,even_odd,,2,0.05,1,a636,a6b6,True,25,correct,2,True
confusion_even_odd,even_odd,,2,0.05,2,26be,a6b6,True,25,correct,2,True
confusion_even_odd,even_odd,,2,0.05,1,aeb6,fca6,True,55,wrong_pattern,0,False
confusion_even_odd,even_odd,,2,0.05,1,a6f6,a6b6,True,11,correct,2,True
confusion_even_odd,even_odd,,2,0.05,0,a6b6,a6b6,True,0,correct,2,True
confusion_even_odd,even_odd,,2,0.05,2,aef6,a6b6,True,35,correct,2,True
confusion_even_odd,even_odd,,2,0.05,0,a6b6,a6b6,True,0,correct,2,True
confusion_even_odd,even_odd,,2,0.05,2,e696,a6b6,True,25,correct,2,True
confusion_even_odd,even_odd,,2,0.05,0,a6b6,a6b6,True,0,correct,2,True
confusion_even_odd,even_odd,,2,0.05,0,a6b6,a6b6,True,0,correct,2,True
confusion_even_odd,even_odd,,2,0.05,1,a696,a6b6,True,25,correct,2,True
confusion_even_odd,even_odd,,2,0.05,1,b6b6,a6b6,True,11,correct,2,True
confusion_even_odd,even_odd,,2,0.05,0,a6b6,a6b6,True,0,correct,2,True
confusion_even_odd,even_odd,,2,0.05,1,86b6,a6b6,True,25,correct,2,True
confusion_even_odd,even_odd,,2,0.05,1,aeb6,fca6,True,55,wrong_pattern,0,False
confusion_even_odd,even_odd,,2,0.05,0,a6b6,a6b6,True,0,correct,2,True
confusion_even_odd,even_odd,,2,0.05,0,a6b6,a6b6,True,0,correct,2,True
confusion_even_odd,even_odd,,2,0.05,0,a6b6,a6b6,True,0,correct,2,True
confusion_even_odd,even_odd,,2,0.05,0,a6b6,a6b6,True,0,correct,2,True
confusion_even_odd,even_odd,,2,0.05,0,a6b6,a6b6,True,0,correct,2,True
confusion_even_odd,even_odd,,2,0.05,0,a6b6,a6b6,True,0,correct,2,True
confusion_even_odd,even_odd,,2,0.05,0,a6b6,a6b6,True,0,correct,2,True
confusion_even_odd,even_odd,,2,0.05,0,a6b6,a6b6,True,0,correct,2,True
confusion_even_odd,even_odd,,2,0.05,0,a6b6,a6b6,True,0,correct,2,True
confusion_even_odd,even_odd,,2,0.05,2,6b6,2b4,True,45,spurious,-1,False
confusion_even_odd,even_odd,,2,0.05,0,a6b6,a6b6,True,0,correct,2,True
confusion_even_odd,even_odd,,2,0.05,0,a6b6,a6b6,True,0,correct,2,True
confusion_even_odd,even_odd,,2,0.05,2,86b7,a6b6,True,25,correct,2,True
confusion_even_odd,even_odd,,2,0.05,0,a6b6,a6b6,True,0,correct,2,True
confusion_even_odd,even_odd,,2,0.05,2,a5b6,a6b6,True,35,correct,2,True
confusion_even_odd,even_odd,,2,0.05,1,a6a6,a6b6,True,21,correct,2,True
confusion_even_odd,even_odd,,2,0.05,0,a6b6,a6b6,True,0,correct,2,True
confusion_even_odd,even_odd,,2,0.05,1,a6a6,a6b6,True,21,correct,2,True
confusion_even_odd,even_odd,,3,0.05,1,bd47,bd07,True,11,correct,3,True
confusion_even_odd,even_odd,,3,0.05,0,bd07,bd07,True,0,correct,3,True
confusion_even_odd,even_odd,,3,0.05,0,bd07,bd07,True,0,correct,3,True
confusion_even_odd,even_odd,,3,0.05,1,bd03,bd07,True,11,correct,3,True
confusion_even_odd,even_odd,,3,0.05,1,b507,bd07,True,25,correct,3,True
confusion_even_odd,even_odd,,3,0.05,0,bd07,bd07,True,0,correct,3,True
confusion_even_odd,even_odd,,3,0.05,1,fd07,bd07,True,11,correct,3,True
confusion_even_odd,even_odd,,3,0.05,0,bd07,bd07,True,0,correct,3,True
confusion_even_odd,even_odd,,3,0.05,1,bf07,bf97,True,45,spurious,-1,False
confusion_even_odd,even_odd,,3,0.05,4,2506,bf97,True,55,spurious,-1,False
confusion_even_odd,even_odd,,3,0.05,0,bd07,bd07,True,0,correct,3,True
confusion_even_odd,even_odd,,3,0.05,1,bd17,bd07,True,11,correct,3,True
confusion_even_odd,even_odd,,3,0.05,2,a907,bd07,True,11,correct,3,True
confusion_even_odd,even_odd,,3,0.05,1,bd47,bd07,True,11,correct,3,True
confusion_even_odd,even_odd,,3,0.05,0,bd07,bd07,True,0,correct,3,True
confusion_even_odd,even_odd,,3,0.05,0,bd07,bd07,True,0,correct,3,True
confusion_even_odd,even_odd,,3,0.05,1,bd47,bd07,True,11,correct,3,True
confusion_even_odd,even_odd,,3,0.05,0,bd07,bd07,True,0,correct,3,True
confusion_even_odd,even_odd,,3,0.05,0,bd07,bd07,True,0,correct,3,True
confusion_even_odd,even_odd,,3,0.05,0,bd07,bd07,True,0,correct,3,True
confusion_even_odd,even_odd,,3,0.05,1,bd87,bd07,True,25,correct,3,True
confusion_even_odd,even_odd,,3,0.05,2,3d06,bd07,True,25,correct,3,True
confusion_even_odd,even_odd,,3,0.05,0,bd07,bd07,True,0,correct,3,True
confusion_even_odd,even_odd,,3,0.05,2,b527,bd07,True,25,correct,3,True
confusion_even_odd,even_odd,,3,0.05,0,bd07,bd07,True,0,correct,3,True
confusion_even_odd,even_odd,,3,0.05,1,ad07,bd07,True,11,correct,3,True
confusion_even_odd,even_odd,,3,0.05,0,bd07,bd07,True,0,correct,3,True
confusion_even_odd,even_odd,,3,0.05,1,ad07,bd07,True,11,correct,3,True
confusion_even_odd,even_odd,,3,0.05,1,b507,bd07,True,25,correct,3,True
confusion_even_odd,even_odd,,3,0.05,2,b905,bd07,True,45,correct,3,True
confusion_even_odd,even_odd,,3,0.05,2,bd16,bd07,True,11,correct,3,True
confusion_even_odd,even_odd,,3,0.05,1,bd06,bd07,True,11,correct,3,True
confusion_even_odd,even_odd,,3,0.05,4,bb02,bf97,True,45,spurious,-1,False
confusion_even_odd,even_odd,,3,0.05,0,bd07,bd07,True,0,correct,3,True
confusion_even_odd,even_odd,,3,0.05,0,bd07,bd07,True,0,correct,3,True
confusion_even_odd,even_odd,,3,0.05,1,ad07,bd07,True,11,correct,3,True
confusion_even_odd,even_odd,,3,0.05,0,bd07,bd07,True,0,correct,3,True
confusion_even_odd,even_odd,,3,0.05,1,bd47,bd07,True,11,correct,3,True
confusion_even_odd,even_odd,,3,0.05,1,b507,bd07,True,25,correct,3,True
confusion_even_odd,even_odd,,3,0.05,2,b587,a797,True,55,spurious,-1,False
confusion_even_odd,even_odd,,3,0.05,0,bd07,bd07,True,0,correct,3,True
confusion_even_odd,even_odd,,3,0.05,2,b905,bd07,True,45,correct,3,True
confusion_even_odd,even_odd,,3,0.05,0,bd07,bd07,True,0,correct,3,True
confusion_even_odd,even_odd,,3,0.05,2,b906,bd07,True,11,correct,3,True
confusion_even_odd,even_odd,,3,0.05,1,bd87,bd07,True,25,correct,3,True
confusion_even_odd,even_odd,,3,0.05,1,ad07,bd07,True,11,correct,3,True
confusion_even_odd,even_odd,,3,0.05,1,bd87,bd07,True,25,correct,3,True
confusion_even_odd,even_odd,,3,0.05,1,bd05,bd07,True,25,correct,3,True
confusion_even_odd,even_odd,,3,0.05,0,bd07,bd07,True,0,correct,3,True
confusion_even_odd,even_odd,,3,0.05,0,bd07,bd07,True,0,correct,3,True
confusion_even_odd,even_odd,,3,0.05,1,bd27,bd07,True,25,correct,3,True
confusion_even_odd,even_odd,,3,0.05,2,fd05,bd07,True,25,correct,3,True
confusion_even_odd,even_odd,,3,0.05,0,bd07,bd07,True,0,correct,3,True
confusion_even_odd,even_odd,,3,0.05,2,bd13,bd07,True,11,correct,3,True
confusion_even_odd,even_odd,,3,0.05,5,152f,359,True,45,spurious,-1,False
confusion_even_odd,even_odd,,3,0.05,2,ad06,bd07,True,11,correct,3,True
confusion_even_odd,even_odd,,3,0.05,2,3907,bd07,True,45,correct,3,True
confusion_even_odd,even_odd,,3,0.05,1,bd47,bd07,True,11,correct,3,True
confusion_even_odd,even_odd,,3,0.05,0,bd07,bd07,True,0,correct,3,True
confusion_even_odd,even_odd,,3,0.05,1,bd87,bd07,True,25,correct,3,True
confusion_even_odd,even_odd,,3,0.05,1,bd47,bd07,True,11,correct,3,True
confusion_even_odd,even_odd,,3,0.05,0,bd07,bd07,True,0,correct,3,True
confusion_even_odd,even_odd,,3,0.05,1,9d07,bd07,True,25,correct,3,True
confusion_even_odd,even_odd,,3,0.05,0,bd07,bd07,True,0,correct,3,True
confusion_even_odd,even_odd,,3,0.05,1,bd87,bd07,True,25,correct,3,True
confusion_even_odd,even_odd,,3,0.05,1,bd05,bd07,True,25,correct,3,True
confusion_even_odd,even_odd,,3,0.05,0,bd07,bd07,True,0,correct,3,True
confusion_even_odd,even_odd,,3,0.05,0,bd07,bd07,True,0,correct,3,True
confusion_even_odd,even_odd,,3,0.05,2,bf87,bf97,True,11,spurious,-1,False
confusion_even_odd,even_odd,,3,0.05,0,bd07,bd07,True,0,correct,3,True
confusion_even_odd,even_odd,,3,0.05,1,bd47,bd07,True,11,correct,3,True
confusion_even_odd,even_odd,,3,0.05,0,bd07,bd07,True,0,correct,3,True
confusion_even_odd,even_odd,,3,0.05,0,bd07,bd07,True,0,correct,3,True
confusion_even_odd,even_odd,,3,0.05,2,8d07,bd07,True,25,correct,3,True
confusion_even_odd,even_odd,,3,0.05,1,bc07,bd07,True,11,correct,3,True
confusion_even_odd,even_odd,,3,0.05,2,bf47,bf97,True,45,spurious,-1,False
confusion_even_odd,even_odd,,3,0.05,2,bf05,bf97,True,45,spurious,-1,False
confusion_even_odd,even_odd,,3,0.05,1,bd27,bd07,True,25,correct,3,True
confusion_even_odd,even_odd,,3,0.05,2,bd13,bd07,True,11,correct,3,True
confusion_even_odd,even_odd,,3,0.05,0,bd07,bd07,True,0,correct,3,True
confusion_even_odd,even_odd,,3,0.05,0,bd07,bd07,True,0,correct,3,True
confusion_even_odd,even_odd,,3,0.05,0,bd07,bd07,True,0,correct,3,True
confusion_even_odd,even_odd,,3,0.05,1,bf07,bf97,True,45,spurious,-1,False
confusion_even_odd,even_odd,,3,0.05,0,bd07,bd07,True,0,correct,3,True
confusion_even_odd,even_odd,,3,0.05,0,bd07,bd07,True,0,correct,3,True
confusion_even_odd,even_odd,,3,0.05,1,bd06,bd07,True,11,correct,3,True
confusion_even_odd,even_odd,,3,0.05,0,bd07,bd07,True,0,correct,3,True
confusion_even_odd,even_odd,,3,0.05,1,bd47,bd07,True,11,correct,3,True
confusion_even_odd,even_odd,,3,0.05,1,bd87,bd07,True,25,correct,3,True
confusion_even_odd,even_odd,,3,0.05,3,b513,a75b,True,35,spurious,-1,False
confusion_even_odd,even_odd,,3,0.05,1,bd05,bd07,True,25,correct,3,True
confusion_even_odd,even_odd,,3,0.05,0,bd07,bd07,True,0,correct,3,True
confusion_even_odd,even_odd,,3,0.05,2,bd16,bd07,True,11,correct,3,True
confusion_even_odd,even_odd,,3,0.05,1,bd06,bd07,True,11,correct,3,True
confusion_even_odd,even_odd,,3,0.05,0,bd07,bd07,True,0,correct,3,True
confusion_even_odd,even_odd,,3,0.05,1,bd87,bd07,True,25,correct,3,True
confusion_even_odd,even_odd,,3,0.05,1,9d07,bd07,True,25,correct,3,True
confusion_even_odd,even_odd,,3,0.05,0,bd07,bd07,True,0,correct,3,True
confusion_even_odd,even_odd,,3,0.05,0,bd07,bd07,True,0,correct,3,True
confusion_even_odd,even_odd,,3,0.05,1,fd07,bd07,True,11,correct,3,True
confusion_even_odd,even_odd,,3,0.05,1,bf07,bf97,True,45,spurious,-1,False
confusion_even_odd,even_odd,,3,0.05,1,fd07,bd07,True,11,correct,3,True
confusion_even_odd,even_odd,,3,0.05,1,3d07,bd07,True,25,correct,3,True
confusion_even_odd,even_odd,,3,0.05,0,bd07,bd07,True,0,correct,3,True
confusion_even_odd,even_odd,,3,0.05,1,bd47,bd07,True,11,correct,3,True
confusion_even_odd,even_odd,,3,0.05,2,3d06,bd07,True,25,correct,3,True
confusion_even_odd,even_odd,,3,0.05,0,bd07,bd07,True,0,correct,3,True
confusion_even_odd,even_odd,,3,0.05,2,b505,bd07,True,25,correct,3,True
confusion_even_odd,even_odd,,3,0.05,3,8907,bd07,True,45,correct,3,True
confusion_even_odd,even_odd,,3,0.05,1,bd27,bd07,True,25,correct,3,True
confusion_even_odd,even_odd,,3,0.05,1,3d07,bd07,True,25,correct,3,True
confusion_even_odd,even_odd,,3,0.05,0,bd07,bd07,True,0,correct,3,True
confusion_even_odd,even_odd,,3,0.05,2,bd46,bd07,True,21,correct,3,True
confusion_even_odd,even_odd,,3,0.05,1,bd47,bd07,True,11,correct,3,True
confusion_even_odd,even_odd,,3,0.05,0,bd07,bd07,True,0,correct,3,True
confusion_even_odd,even_odd,,3,0.05,2,be07,bf97,True,45,spurious,-1,False
confusion_even_odd,even_odd,,3,0.05,0,bd07,bd07,True,0,correct,3,True
confusion_even_odd,even_odd,,3,0.05,2,bd45,bd07,True,25,correct,3,True
confusion_even_odd,even_odd,,3,0.05,0,bd07,bd07,True,0,correct,3,True
confusion_even_odd,even_odd,,3,0.05,1,b507,bd07,True,25,correct,3,True
confusion_even_odd,even_odd,,0,0.1,3,fd87,bd07,True,25,wrong_pattern,3,False
confusion_even_odd,even_odd,,0,0.1,2,f0a6,fca6,True,25,correct,0,True
confusion_even_odd,even_odd,,0,0.1,0,fca6,fca6,True,0,correct,0,True
confusion_even_odd,even_odd,,0,0.1,3,ec82,fca6,True,25,correct,0,True
confusion_even_odd,even_odd,,0,0.1,2,f486,fca6,True,25,correct,0,True
confusion_even_odd,even_odd,,0,0.1,0,fca6,fca6,True,0,correct,0,True
confusion_even_odd,even_odd,,0,0.1,2,eea6,fca6,True,25,correct,0,True
confusion_even_odd,even_odd,,0,0.1,1,fca4,fca6,True,25,correct,0,True
confusion_even_odd,even_odd,,0,0.1,3,fc37,fca6,True,59,correct,0,True
confusion_even_odd,even_odd,,0,0.1,2,bea6,fca6,True,25,correct,0,True
confusion_even_odd,even_odd,,0,0.1,3,ac86,fca6,True,35,correct,0,True
confusion_even_odd,even_odd,,0,0.1,1,f8a6,fca6,True,11,correct,0,True
confusion_even_odd,even_odd,,0,0.1,1,fc26,fca6,True,25,correct,0,True
confusion_even_odd,even_odd,,0,0.1,3,b5a6,fca6,True,45,correct,0,True
confusion_even_odd,even_odd,,0,0.1,0,fca6,fca6,True,0,correct,0,True
confusion_even_odd,even_odd,,0,0.1,0,fca6,fca6,True,0,correct,0,True
confusion_even_odd,even_odd,,0,0.1,1,f8a6,fca6,True,11,correct,0,True
confusion_even_odd,even_odd,,0,0.1,0,fca6,fca6,True,0,correct,0,True
confusion_even_odd,even_odd,,0,0.1,0,fca6,fca6,True,0,correct,0,True
confusion_even_odd,even_odd,,0,0.1,0,fca6,fca6,True,0,correct,0,True
confusion_even_odd,even_odd,,0,0.1,3,fd87,bd07,True,25,wrong_pattern,3,False
confusion_even_odd,even_odd,,0,0.1,2,fc36,fca6,True,25,correct,0,True
confusion_even_odd,even_odd,,0,0.1,0,fca6,fca6,True,0,correct,0,True
confusion_even_odd,even_odd,,0,0.1,1,fca2,fca6,True,11,correct,0,True
confusion_even_odd,even_odd,,0,0.1,0,fca6,fca6,True,0,correct,0,True
confusion_even_odd,even_odd,,0,0.1,4,f0b2,fca6,True,35,correct,0,True
confusion_even_odd,even_odd,,0,0.1,1,eca6,fca6,True,11,correct,0,True
confusion_even_odd,even_odd,,0,0.1,3,7cb4,58a4,True,45,spurious,-1,False
confusion_even_odd,even_odd,,0,0.1,2,bca4,fca6,True,25,correct,0,True
confusion_even_odd,even_odd,,0,0.1,1,eca6,fca6,True,11,correct,0,True
confusion_even_odd,even_odd,,0,0.1,1,7ca6,fca6,True,25,correct,0,True
confusion_even_odd,even_odd,,0,0.1,1,fca2,fca6,True,11,correct,0,True
confusion_even_odd,even_odd,,0,0.1,0,fca6,fca6,True,0,correct,0,True
confusion_even_odd,even_odd,,0,0.1,2,fcaf,fca6,True,25,correct,0,True
confusion_even_odd,even_odd,,0,0.1,1,fcae,fca6,True,25,correct,0,True
confusion_even_odd,even_odd,,0,0.1,2,f826,fca6,True,25,correct,0,True
confusion_even_odd,even_odd,,0,0.1,2,fc8e,fca6,True,25,correct,0,True
confusion_even_odd,even_odd,,0,0.1,3,e4a2,fca6,True,35,correct,0,True
confusion_even_odd,even_odd,,0,0.1,1,fcb6,fca6,True,11,correct,0,True
confusion_even_odd,even_odd,,0,0.1,3,b0a6,fca6,True,45,correct,0,True
confusion_even_odd,even_odd,,0,0.1,0,fca6,fca6,True,0,correct,0,True
confusion_even_odd,even_odd,,0,0.1,0,fca6,fca6,True,0,correct,0,True
confusion_even_odd,even_odd,,0,0.1,1,bca6,fca6,True,11,correct,0,True
confusion_even_odd,even_odd,,0,0.1,0,fca6,fca6,True,0,correct,0,True
confusion_even_odd,even_odd,,0,0.1,1,fcae,fca6,True,25,correct,0,True
confusion_even_odd,even_odd,,0,0.1,0,fca6,fca6,True,0,correct,0,True
confusion_even_odd,even_odd,,0,0.1,1,fc26,fca6,True,25,correct,0,True
confusion_even_odd,even_odd,,0,0.1,0,fca6,fca6,True,0,correct,0,True
confusion_even_odd,even_odd,,0,0.1,1,7ca6,fca6,True,25,correct,0,True
confusion_even_odd,even_odd,,0,0.1,1,fda6,fca6,True,11,correct,0,True
confusion_even_odd,even_odd,,0,0.1,0,fca6,fca6,True,0,correct,0,True
confusion_even_odd,even_odd,,0,0.1,4,fd80,fca6,True,45,correct,0,True
confusion_even_odd,even_odd,,0,0.1,3,5ca7,58a4,True,45,spurious,-1,False
confusion_even_odd,even_odd,,0,0.1,0,fca6,fca6,True,0,correct,0,True
confusion_even_odd,even_odd,,0,0.1,2,bcb6,fca6,True,11,correct,0,True
confusion_even_odd,even_odd,,0,0.1,1,fca2,fca6,True,11,correct,0,True
confusion_even_odd,even_odd,,0,0.1,0,fca6,fca6,True,0,correct,0,True
confusion_even_odd,even_odd,,0,0.1,2,eda6,fca6,True,11,correct,0,True
confusion_even_odd,even_odd,,0,0.1,2,fea7,fca6,True,25,correct,0,True
confusion_even_odd,even_odd,,0,0.1,2,eea6,fca6,True,25,correct,0,True
confusion_even_odd,even_odd,,0,0.1,2,9ca6,fca6,True,25,correct,0,True
confusion_even_odd,even_odd,,0,0.1,1,fda6,fca6,True,11,correct,0,True
confusion_even_odd,even_odd,,0,0.1,1,fc86,fca6,True,25,correct,0,True
confusion_even_odd,even_odd,,0,0.1,4,fe67,fd22,False,1636,oscillated,-1,False
confusion_even_odd,even_odd,,0,0.1,2,7ca7,fca6,True,25,correct,0,True
confusion_even_odd,even_odd,,0,0.1,2,7cb6,fca6,True,25,correct,0,True
confusion_even_odd,even_odd,,0,0.1,3,edb6,fca6,True,21,correct,0,True
confusion_even_odd,even_odd,,0,0.1,1,fce6,fca6,True,11,correct,0,True
confusion_even_odd,even_odd,,0,0.1,3,dca5,58a4,True,45,spurious,-1,False
confusion_even_odd,even_odd,,0,0.1,3,7e26,fca6,True,25,correct,0,True
confusion_even_odd,even_odd,,0,0.1,2,bc86,fca6,True,25,correct,0,True
confusion_even_odd,even_odd,,0,0.1,2,feae,fca6,True,25,correct,0,True
confusion_even_odd,even_odd,,0,0.1,1,bca6,fca6,True,11,correct,0,True
confusion_even_odd,even_odd,,0,0.1,1,fc86,fca6,True,25,correct,0,True
confusion_even_odd,even_odd,,0,0.1,2,fcf6,fca6,True,11,correct,0,True
confusion_even_odd,even_odd,,0,0.1,1,fda6,fca6,True,11,correct,0,True
confusion_even_odd,even_odd,,0,0.1,2,eda6,fca6,True,11,correct,0,True
confusion_even_odd,even_odd,,0,0.1,2,f8a7,fca6,True,11,correct,0,True
confusion_even_odd,even_odd,,0,0.1,4,fd2f,fd4b,True,35,spurious,-1,False
confusion_even_odd,even_odd,,0,0.1,1,bca6,fca6,True,11,correct,0,True
confusion_even_odd,even_odd,,0,0.1,2,fcee,fca6,True,35,correct,0,True
confusion_even_odd,even_odd,,0,0.1,4,fdf2,fca6,True,11,correct,0,True
confusion_even_odd,even_odd,,0,0.1,2,7ca7,fca6,True,25,correct,0,True
confusion_even_odd,even_odd,,0,0.1,2,7ca4,58a4,True,45,spurious,-1,False
confusion_even_odd,even_odd,,0,0.1,2,f426,fca6,True,25,correct,0,True
confusion_even_odd,even_odd,,0,0.1,1,fea6,fca6,True,25,correct,0,True
confusion_even_odd,even_odd,,0,0.1,0,fca6,fca6,True,0,correct,0,True
confusion_even_odd,even_odd,,0,0.1,2,dcae,fca6,True,25,correct,0,True
confusion_even_odd,even_odd,,0,0.1,1,eca6,fca6,True,11,correct,0,True
confusion_even_odd,even_odd,,0,0.1,0,fca6,fca6,True,0,correct,0,True
confusion_even_odd,even_odd,,0,0.1,2,fcbe,fca6,True,25,correct,0,True
confusion_even_odd,even_odd,,0,0.1,2,7c86,fca6,True,25,correct,0,True
confusion_even_odd,even_odd,,0,0.1,3,e8ae,fca6,True,25,correct,0,True
confusion_even_odd,even_odd,,0,0.1,2,fea4,fca6,True,25,correct,0,True
confusion_even_odd,even_odd,,0,0.1,1,fcae,fca6,True,25,correct,0,True
confusion_even_odd,even_odd,,0,0.1,0,fca6,fca6,True,0,correct,0,True
confusion_even_odd,even_odd,,0,0.1,0,fca6,fca6,True,0,correct,0,True
confusion_even_odd,even_odd,,0,0.1,1,fda6,fca6,True,11,correct,0,True
confusion_even_odd,even_odd,,0,0.1,0,fca6,fca6,True,0,correct,0,True
confusion_even_odd,even_odd,,0,0.1,0,fca6,fca6,True,0,correct,0,True
confusion_even_odd,even_odd,,0,0.1,3,e426,fc6a,True,49,spurious,-1,False
confusion_even_odd,even_odd,,0,0.1,3,f4b7,fca6,True,49,correct,0,True
confusion_even_odd,even_odd,,0,0.1,1,fca7,fca6,True,11,correct,0,True
confusion_even_odd,even_odd,,0,0.1,1,fca4,fca6,True,25,correct,0,True
confusion_even_odd,even_odd,,0,0.1,1,fca4,fca6,True,25,correct,0,True
confusion_even_odd,even_odd,,0,0.1,0,fca6,fca6,True,0,correct,0,True
confusion_even_odd,even_odd,,0,0.1,2,aca6,fca6,True,21,correct,0,True
confusion_even_odd,even_odd,,0,0.1,1,eca6,fca6,True,11,correct,0,True
confusion_even_odd,even_odd,,0,0.1,2,fcb7,fca6,True,11,correct,0,True
confusion_even_odd,even_odd,,0,0.1,1,fca7,fca6,True,11,correct,0,True
confusion_even_odd,even_odd,,0,0.1,2,f6a6,a6b6,True,21,wrong_pattern,2,False
confusion_even_odd,even_odd,,0,0.1,2,fcee,fca6,True,35,correct,0,True
confusion_even_odd,even_odd,,0,0.1,3,fdaf,fca6,True,45,correct,0,True
confusion_even_odd,even_odd,,0,0.1,1,eca6,fca6,True,11,correct,0,True
confusion_even_odd,even_odd,,0,0.1,0,fca6,fca6,True,0,correct,0,True
confusion_even_odd,even_odd,,0,0.1,2,fc66,fca6,True,59,correct,0,True
confusion_even_odd,even_odd,,0,0.1,4,bc16,bd07,True,11,wrong_pattern,3,False
confusion_even_odd,even_odd,,0,0.1,1,fcae,fca6,True,25,correct,0,True
confusion_even_odd,even_odd,,0,0.1,0,fca6,fca6,True,0,correct,0,True
confusion_even_odd,even_odd,,0,0.1,3,d9a6,fca6,True,45,correct,0,True
confusion_even_odd,even_odd,,1,0.1,2,8b95,1b95,True,45,correct,1,True
confusion_even_odd,even_odd,,1,0.1,1,1a95,58a4,True,69,spurious,-1,False
confusion_even_odd,even_odd,,1,0.1,2,3a95,58a4,True,69,spurious,-1,False
confusion_even_odd,even_odd,,1,0.1,2,1bbd,2b4,True,35,spurious,-1,False
confusion_even_odd,even_odd,,1,0.1,0,1b95,1b95,True,0,correct,1,True
confusion_even_odd,even_odd,,1,0.1,1,1b97,1b95,True,25,correct,1,True
confusion_even_odd,even_odd,,1,0.1,3,1f87,1b95,True,45,correct,1,True
confusion_even_odd,even_odd,,1,0.1,3,3b9f,a797,True,59,spurious,-1,False
confusion_even_odd,even_odd,,1,0.1,1,1f95,1b95,True,11,correct,1,True
confusion_even_odd,even_odd,,1,0.1,2,1a97,58a4,True,69,spurious,-1,False
confusion_even_odd,even_odd,,1,0.1,2,1bf5,2b4,True,35,spurious,-1,False
confusion_even_odd,even_odd,,1,0.1,2,1b11,395,True,35,spurious,-1,False
confusion_even_odd,even_odd,,1,0.1,2,1bb1,2b4,True,35,spurious,-1,False
confusion_even_odd,even_odd,,1,0.1,2,bb95,bf97,True,45,spurious,-1,False
confusion_even_odd,even_odd,,1,0.1,0,1b95,1b95,True,0,correct,1,True
confusion_even_odd,even_odd,,1,0.1,0,1b95,1b95,True,0,correct,1,True
confusion_even_odd,even_odd,,1,0.1,2,1b55,395,True,35,spurious,-1,False
confusion_even_odd,even_odd,,1,0.1,1,3b95,1b95,True,25,correct,1,True
confusion_even_odd,even_odd,,1,0.1,1,1a95,58a4,True,69,spurious,-1,False
confusion_even_odd,even_odd,,1,0.1,0,1b95,1b95,True,0,correct,1,True
confusion_even_odd,even_odd,,1,0.1,2,1b8d,395,True,79,spurious,-1,False
confusion_even_odd,even_odd,,1,0.1,3,1885,58a4,True,45,spurious,-1,False
confusion_even_odd,even_odd,,1,0.1,3,9a85,58a4,True,59,spurious,-1,False
confusion_even_odd,even_odd,,1,0.1,2,9b15,1b95,True,25,correct,1,True
confusion_even_odd,even_odd,,1,0.1,3,8b97,bf97,True,45,spurious,-1,False
confusion_even_odd,even_odd,,1,0.1,2,1915,1905,True,11,spurious,-1,False
confusion_even_odd,even_odd,,1,0.1,2,1bbd,2b4,True,35,spurious,-1,False
confusion_even_odd,even_odd,,1,0.1,2,1a91,2b4,True,35,spurious,-1,False
confusion_even_odd,even_odd,,1,0.1,1,1b94,58a4,True,69,spurious,-1,False
confusion_even_odd,even_odd,,1,0.1,2,1bb1,2b4,True,35,spurious,-1,False
confusion_even_odd,even_odd,,1,0.1,2,1a15,1b95,True,25,correct,1,True
confusion_even_odd,even_odd,,1,0.1,4,bfb5,fca6,True,51,wrong_pattern,0,False
confusion_even_odd,even_odd,,1,0.1,1,1bd5,1b95,True,21,correct,1,True
confusion_even_odd,even_odd,,1,0.1,1,1f95,1b95,True,11,correct,1,True
confusion_even_odd,even_odd,,1,0.1,1,5b95,1b95,True,21,correct,1,True
confusion_even_odd,even_odd,,1,0.1,2,5bd5,1b95,True,21,correct,1,True
confusion_even_odd,even_odd,,1,0.1,1,1f95,1b95,True,11,correct,1,True
confusion_even_odd,even_odd,,1,0.1,1,5b95,1b95,True,21,correct,1,True
confusion_even_odd,even_odd,,1,0.1,1,1b9d,395,True,49,spurious,-1,False
confusion_even_odd,even_odd,,1,0.1,0,1b95,1b95,True,0,correct,1,True
confusion_even_odd,even_odd,,1,0.1,2,3395,395,True,45,spurious,-1,False
confusion_even_odd,even_odd,,1,0.1,2,1315,395,True,45,spurious,-1,False
confusion_even_odd,even_odd,,1,0.1,4,5297,2b4,True,45,spurious,-1,False
confusion_even_odd,even_odd,,1,0.1,0,1b95,1b95,True,0,correct,1,True
confusion_even_odd,even_odd,,1,0.1,1,1bb5,58a4,True,51,spurious,-1,False
confusion_even_odd,even_odd,,1,0.1,5,9931,1905,True,45,spurious,-1,False
confusion_even_odd,even_odd,,1,0.1,1,1b94,58a4,True,69,spurious,-1,False
confusion_even_odd,even_odd,,1,0.1,2,139d,395,True,49,spurious,-1,False
confusion_even_odd,even_odd,,1,0.1,1,1b91,1b95,True,21,correct,1,True
confusion_even_odd,even_odd,,1,0.1,4,529d,2b4,True,45,spurious,-1,False
confusion_even_odd,even_odd,,1,0.1,3,db9d,1905,True,35,spurious,-1,False
confusion_even_odd,even_odd,,1,0.1,2,1bc5,1b95,True,11,correct,1,True
confusion_even_odd,even_odd,,1,0.1,1,1bb5,58a4,True,51,spurious,-1,False
confusion_even_odd,even_odd,,1,0.1,1,1995,1905,True,45,spurious,-1,False
confusion_even_odd,even_odd,,1,0.1,2,b94,58a4,True,89,spurious,-1,False
confusion_even_odd,even_odd,,1,0.1,2,1b87,1b95,True,45,correct,1,True
confusion_even_odd,even_odd,,1,0.1,2,b91,1b95,True,21,correct,1,True
confusion_even_odd,even_odd,,1,0.1,1,1f95,1b95,True,11,correct,1,True
confusion_even_odd,even_odd,,1,0.1,2,1997,1905,True,45,spurious,-1,False
confusion_even_odd,even_odd,,1,0.1,2,1b35,1b95,True,25,correct,1,True
confusion_even_odd,even_odd,,1,0.1,1,1a95,58a4,True,69,spurious,-1,False
confusion_even_odd,even_odd,,1,0.1,2,395,395,True,0,spurious,-1,False
confusion_even_odd,even_odd,,1,0.1,2,19d5,1905,True,45,spurious,-1,False
confusion_even_odd,even_odd,,1,0.1,3,6b95,1b95,True,45,correct,1,True
confusion_even_odd,even_odd,,1,0.1,4,5b37,1905,True,69,spurious,-1,False
confusion_even_odd,even_odd,,1,0.1,1,1995,1905,True,45,spurious,-1,False
confusion_even_odd,even_odd,,1,0.1,0,1b95,1b95,True,0,correct,1,True
confusion_even_odd,even_odd,,1,0.1,0,1b95,1b95,True,0,correct,1,True
confusion_even_odd,even_odd,,1,0.1,2,1b84,58a4,True,59,spurious,-1,False
confusion_even_odd,even_odd,,1,0.1,3,138d,395,True,49,spurious,-1,False
confusion_even_odd,even_odd,,1,0.1,5,5a25,58a4,True,69,spurious,-1,False
confusion_even_odd,even_odd,,1,0.1,1,b95,1b95,True,11,correct,1,True
confusion_even_odd,even_odd,,1,0.1,1,1995,1905,True,45,spurious,-1,False
confusion_even_odd,even_odd,,1,0.1,0,1b95,1b95,True,0,correct,1,True
confusion_even_odd,even_odd,,1,0.1,1,1395,395,True,11,spurious,-1,False
confusion_even_odd,even_odd,,1,0.1,2,9a95,58a4,True,69,spurious,-1,False
confusion_even_odd,even_odd,,1,0.1,0,1b95,1b95,True,0,correct,1,True
confusion_even_odd,even_odd,,1,0.1,0,1b95,1b95,True,0,correct,1,True
confusion_even_odd,even_odd,,1,0.1,2,3b9d,395,True,49,spurious,-1,False
confusion_even_odd,even_odd,,1,0.1,0,1b95,1b95,True,0,correct,1,True
confusion_even_odd,even_odd,,1,0.1,2,5995,1905,True,35,spurious,-1,False
confusion_even_odd,even_odd,,1,0.1,3,9b17,bf97,True,45,spurious,-1,False
confusion_even_odd,even_odd,,1,0.1,1,1b97,1b95,True,25,correct,1,True
confusion_even_odd,even_odd,,1,0.1,2,3bb5,58a4,True,51,spurious,-1,False
confusion_even_odd,even_odd,,1,0.1,2,1795,395,True,11,spurious,-1,False
confusion_even_odd,even_odd,,1,0.1,2,9a95,58a4,True,69,spurious,-1,False
confusion_even_odd,even_odd,,1,0.1,1,1b97,1b95,True,25,correct,1,True
confusion_even_odd,even_odd,,1,0.1,1,1b97,1b95,True,25,correct,1,True
confusion_even_odd,even_odd,,1,0.1,3,5bd4,58a4,True,35,spurious,-1,False
confusion_even_odd,even_odd,,1,0.1,4,1a54,2b4,True,69,spurious,-1,False
confusion_even_odd,even_odd,,1,0.1,2,9b94,58a4,True,69,spurious,-1,False
confusion_even_odd,even_odd,,1,0.1,3,9ba5,58a4,True,45,spurious,-1,False
confusion_even_odd,even_odd,,1,0.1,0,1b95,1b95,True,0,correct,1,True
confusion_even_odd,even_odd,,1,0.1,3,9bd4,2b4,True,35,spurious,-1,False
confusion_even_odd,even_odd,,1,0.1,1,1b91,1b95,True,21,correct,1,True
confusion_even_odd,even_odd,,1,0.1,1,1b9d,395,True,49,spurious,-1,False
confusion_even_odd,even_odd,,1,0.1,1,3b95,1b95,True,25,correct,1,True
confusion_even_odd,even_odd,,1,0.1,2,1991,1905,True,45,spurious,-1,False
confusion_even_odd,even_odd,,1,0.1,1,1b91,1b95,True,21,correct,1,True
confusion_even_odd,even_odd,,1,0.1,1,1f95,1b95,True,11,correct,1,True
confusion_even_odd,even_odd,,1,0.1,3,9d5,1905,True,55,spurious,-1,False
confusion_even_odd,even_odd,,1,0.1,0,1b95,1b95,True,0,correct,1,True
confusion_even_odd,even_odd,,1,0.1,2,1b05,1b95,True,45,correct,1,True
confusion_even_odd,even_odd,,1,0.1,1,1f95,1b95,True,11,correct,1,True
confusion_even_odd,even_odd,,1,0.1,2,1f97,1b95,True,45,correct,1,True
confusion_even_odd,even_odd,,1,0.1,3,3b05,1b95,True,45,correct,1,True
confusion_even_odd,even_odd,,1,0.1,1,1a95,58a4,True,69,spurious,-1,False
confusion_even_odd,even_odd,,1,0.1,1,1bb5,58a4,True,51,spurious,-1,False
confusion_even_odd,even_odd,,1,0.1,1,1b15,1b95,True,25,correct,1,True
confusion_even_odd,even_odd,,1,0.1,2,1385,395,True,11,spurious,-1,False
confusion_even_odd,even_odd,,1,0.1,1,1995,1905,True,45,spurious,-1,False
confusion_even_odd,even_odd,,1,0.1,1,1a95,58a4,True,69,spurious,-1,False
confusion_even_odd,even_odd,,1,0.1,2,19b5,58a4,True,21,spurious,-1,False
confusion_even_odd,even_odd,,1,0.1,3,9985,1905,True,25,spurious,-1,False
confusion_even_odd,even_odd,,1,0.1,0,1b95,1b95,True,0,correct,1,True
confusion_even_odd,even_odd,,1,0.1,0,1b95,1b95,True,0,correct,1,True
confusion_even_odd,even_odd,,1,0.1,1,1a95,58a4,True,69,spurious,-1,False
confusion_even_odd,even_odd,,1,0.1,2,b85,1b95,True,11,correct,1,True
confusion_even_odd,even_odd,,1,0.1,0,1b95,1b95,True,0,correct,1,True
confusion_even_odd,even_odd,,1,0.1,2,1f91,1b95,True,21,correct,1,True
confusion_even_odd,even_odd,,2,0.1,3,a6ee,e6fa,True,21,spurious,-1,False
confusion_even_odd,even_odd,,2,0.1,0,a6b6,a6b6,True,0,correct,2,True
confusion_even_odd,even_odd,,2,0.1,0,a6b6,a6b6,True,0,correct,2,True
confusion_even_odd,even_odd,,2,0.1,2,a4a6,fca6,True,45,wrong_pattern,0,False
confusion_even_odd,even_odd,,2,0.1,1,e6b6,a6b6,True,11,correct,2,True
confusion_even_odd,even_odd,,2,0.1,1,a6f6,a6b6,True,11,correct,2,True
confusion_even_odd,even_odd,,2,0.1,2,a7be,a6b6,True,25,correct,2,True
confusion_even_odd,even_odd,,2,0.1,0,a6b6,a6b6,True,0,correct,2,True
confusion_even_odd,even_odd,,2,0.1,1,a6a6,a6b6,True,21,correct,2,True
confusion_even_odd,even_odd,,2,0.1,1,a636,a6b6,True,25,correct,2,True
confusion_even_odd,even_odd,,2,0.1,0,a6b6,a6b6,True,0,correct,2,True
confusion_even_odd,even_odd,,2,0.1,1,a6be,a6b6,True,25,correct,2,True
confusion_even_odd,even_odd,,2,0.1,2,f6b6,a6b6,True,11,correct,2,True
confusion_even_odd,even_odd,,2,0.1,2,e2b6,a6b6,True,11,correct,2,True
confusion_even_odd,even_odd,,2,0.1,2,8636,a6b6,True,25,correct,2,True
confusion_even_odd,even_odd,,2,0.1,3,e626,e6fa,True,41,spurious,-1,False
confusion_even_odd,even_odd,,2,0.1,2,e6b2,a6b6,True,21,correct,2,True
confusion_even_odd,even_odd,,2,0.1,2,26f6,a6b6,True,25,correct,2,True
confusion_even_odd,even_odd,,2,0.1,3,c6b4,2b4,True,45,spurious,-1,False
confusion_even_odd,even_odd,,2,0.1,1,a6b4,a6b6,True,25,correct,2,True
confusion_even_odd,even_odd,,2,0.1,0,a6b6,a6b6,True,0,correct,2,True
confusion_even_odd,even_odd,,2,0.1,0,a6b6,a6b6,True,0,correct,2,True
confusion_even_odd,even_odd,,2,0.1,1,a696,a6b6,True,25,correct,2,True
confusion_even_odd,even_odd,,2,0.1,4,87f2,a6b6,True,35,correct,2,True
confusion_even_odd,even_odd,,2,0.1,1,a6f6,a6b6,True,11,correct,2,True
confusion_even_odd,even_odd,,2,0.1,2,27b6,a6b6,True,25,correct,2,True
confusion_even_odd,even_odd,,2,0.1,1,a4b6,fca6,True,45,wrong_pattern,0,False
confusion_even_odd,even_odd,,2,0.1,2,a6b3,a6b6,True,11,correct,2,True
confusion_even_odd,even_odd,,2,0.1,2,a5b6,a6b6,True,35,correct,2,True
confusion_even_odd,even_odd,,2,0.1,1,a6b7,a6b6,True,11,correct,2,True
confusion_even_odd,even_odd,,2,0.1,1,a2b6,a6b6,True,11,correct,2,True
confusion_even_odd,even_odd,,2,0.1,2,24b6,fca6,True,45,wrong_pattern,0,False
confusion_even_odd,even_odd,,2,0.1,2,a6bc,a6b6,True,25,correct,2,True
confusion_even_odd,even_odd,,2,0.1,0,a6b6,a6b6,True,0,correct,2,True
confusion_even_odd,even_odd,,2,0.1,2,a7be,a6b6,True,25,correct,2,True
confusion_even_odd,even_odd,,2,0.1,3,a695,a6b6,True,35,correct,2,True
confusion_even_odd,even_odd,,2,0.1,2,36b6,a6b6,True,45,correct,2,True
confusion_even_odd,even_odd,,2,0.1,5,e0ae,fc2e,False,1636,oscillated,-1,False
confusion_even_odd,even_odd,,2,0.1,2,87b6,a6b6,True,25,correct,2,True
confusion_even_odd,even_odd,,2,0.1,1,a6b4,a6b6,True,25,correct,2,True
confusion_even_odd,even_odd,,2,0.1,2,a3b6,a6b6,True,11,correct,2,True
confusion_even_odd,even_odd,,2,0.1,1,a6b2,a6b6,True,11,correct,2,True
confusion_even_odd,even_odd,,2,0.1,3,ac36,fca6,True,45,wrong_pattern,0,False
confusion_even_odd,even_odd,,2,0.1,3,e4f6,fca6,True,51,wrong_pattern,0,False
confusion_even_odd,even_odd,,2,0.1,1,a6b4,a6b6,True,25,correct,2,True
confusion_even_odd,even_odd,,2,0.1,1,a4b6,fca6,True,45,wrong_pattern,0,False
confusion_even_odd,even_odd,,2,0.1,2,2636,a6b6,True,25,correct,2,True
confusion_even_odd,even_odd,,2,0.1,1,a6b2,a6b6,True,11,correct,2,True
confusion_even_odd,even_odd,,2,0.1,2,aeb4,fca6,True,55,wrong_pattern,0,False
confusion_even_odd,even_odd,,2,0.1,0,a6b6,a6b6,True,0,correct,2,True
confusion_even_odd,even_odd,,2,0.1,2,a7f6,a6b6,True,11,correct,2,True
confusion_even_odd,even_odd,,2,0.1,5,c6e7,a6b6,True,45,correct,2,True
confusion_even_odd,even_odd,,2,0.1,0,a6b6,a6b6,True,0,correct,2,True
confusion_even_odd,even_odd,,2,0.1,2,e6f6,a6b6,True,21,correct,2,True
confusion_even_odd,even_odd,,2,0.1,4,66ba,e6fa,True,25,spurious,-1,False
confusion_even_odd,even_odd,,2,0.1,1,a6a6,a6b6,True,21,correct,2,True
confusion_even_odd,even_odd,,2,0.1,1,a636,a6b6,True,25,correct,2,True
confusion_even_odd,even_odd,,2,0.1,0,a6b6,a6b6,True,0,correct,2,True
confusion_even_odd,even_odd,,2,0.1,1,a6a6,a6b6,True,21,correct,2,True
confusion_even_odd,even_odd,,2,0.1,2,a6ae,e6fa,True,51,spurious,-1,False
confusion_even_odd,even_odd,,2,0.1,2,a686,a6b6,True,25,correct,2,True
confusion_even_odd,even_odd,,2,0.1,1,a2b6,a6b6,True,11,correct,2,True
confusion_even_odd,even_odd,,2,0.1,1,a6b2,a6b6,True,11,correct,2,True
confusion_even_odd,even_odd,,2,0.1,2,aeb4,fca6,True,55,wrong_pattern,0,False
confusion_even_odd,even_odd,,2,0.1,2,a7be,a6b6,True,25,correct,2,True
confusion_even_odd,even_odd,,2,0.1,2,36b6,a6b6,True,45,correct,2,True
confusion_even_odd,even_odd,,2,0.1,0,a6b6,a6b6,True,0,correct,2,True
confusion_even_odd,even_odd,,2,0.1,1,a6f6,a6b6,True,11,correct,2,True
confusion_even_odd,even_odd,,2,0.1,1,a6b7,a6b6,True,11,correct,2,True
confusion_even_odd,even_odd,,2,0.1,2,82b6,a6b6,True,45,correct,2,True
confusion_even_odd,even_odd,,2,0.1,5,84d2,fca6,True,55,wrong_pattern,0,False
confusion_even_odd,even_odd,,2,0.1,2,a736,a6b6,True,59,correct,2,True
confusion_even_odd,even_odd,,2,0.1,1,e6b6,a6b6,True,11,correct,2,True
confusion_even_odd,even_odd,,2,0.1,0,a6b6,a6b6,True,0,correct,2,True
confusion_even_odd,even_odd,,2,0.1,1,a2b6,a6b6,True,11,correct,2,True
confusion_even_odd,even_odd,,2,0.1,3,acbe,fca6,True,45,wrong_pattern,0,False
confusion_even_odd,even_odd,,2,0.1,3,86b3,a6b6,True,25,correct,2,True
confusion_even_odd,even_odd,,2,0.1,2,86be,a6b6,True,25,correct,2,True
confusion_even_odd,even_odd,,2,0.1,3,b692,a6b6,True,25,correct,2,True
confusion_even_odd,even_odd,,2,0.1,1,a6b4,a6b6,True,25,correct,2,True
confusion_even_odd,even_odd,,2,0.1,3,acb4,fca6,True,45,wrong_pattern,0,False
confusion_even_odd,even_odd,,2,0.1,1,86b6,a6b6,True,25,correct,2,True
confusion_even_odd,even_odd,,2,0.1,3,269e,a6b6,True,25,correct,2,True
confusion_even_odd,even_odd,,2,0.1,0,a6b6,a6b6,True,0,correct,2,True
confusion_even_odd,even_odd,,2,0.1,3,6b2,2b4,True,45,spurious,-1,False
confusion_even_odd,even_odd,,2,0.1,1,a6b7,a6b6,True,11,correct,2,True
confusion_even_odd,even_odd,,2,0.1,1,e6b6,a6b6,True,11,correct,2,True
confusion_even_odd,even_odd,,2,0.1,1,86b6,a6b6,True,25,correct,2,True
confusion_even_odd,even_odd,,2,0.1,3,eeb7,fca6,True,55,wrong_pattern,0,False
confusion_even_odd,even_odd,,2,0.1,1,a2b6,a6b6,True,11,correct,2,True
confusion_even_odd,even_odd,,2,0.1,1,86b6,a6b6,True,25,correct,2,True
confusion_even_odd,even_odd,,2,0.1,1,e6b6,a6b6,True,11,correct,2,True
confusion_even_odd,even_odd,,2,0.1,6,2e1a,a75b,True,45,spurious,-1,False
confusion_even_odd,even_odd,,2,0.1,2,aeb2,a6b6,True,35,correct,2,True
confusion_even_odd,even_odd,,2,0.1,2,a632,e6fa,True,45,spurious,-1,False
confusion_even_odd,even_odd,,2,0.1,0,a6b6,a6b6,True,0,correct,2,True
confusion_even_odd,even_odd,,2,0.1,1,a7b6,a6b6,True,11,correct,2,True
confusion_even_odd,even_odd,,2,0.1,1,a4b6,fca6,True,45,wrong_pattern,0,False
confusion_even_odd,even_odd,,2,0.1,3,b2b4,a6b6,True,45,correct,2,True
confusion_even_odd,even_odd,,2,0.1,3,f2b6,a6b6,True,11,correct,2,True
confusion_even_odd,even_odd,,2,0.1,2,b7b6,a6b6,True,11,correct,2,True
confusion_even_odd,even_odd,,2,0.1,1,a6be,a6b6,True,25,correct,2,True
confusion_even_odd,even_odd,,2,0.1,2,8eb6,fca6,True,55,wrong_pattern,0,False
confusion_even_odd,even_odd,,2,0.1,3,2686,a6b6,True,25,correct,2,True
confusion_even_odd,even_odd,,2,0.1,4,e6ee,e6fa,True,11,spurious,-1,False
confusion_even_odd,even_odd,,2,0.1,1,aeb6,fca6,True,55,wrong_pattern,0,False
confusion_even_odd,even_odd,,2,0.1,1,a696,a6b6,True,25,correct,2,True
confusion_even_odd,even_odd,,2,0.1,2,e6f6,a6b6,True,21,correct,2,True
confusion_even_odd,even_odd,,2,0.1,3,a4a2,fca6,True,45,wrong_pattern,0,False
confusion_even_odd,even_odd,,2,0.1,1,a6f6,a6b6,True,11,correct,2,True
confusion_even_odd,even_odd,,2,0.1,1,a6b2,a6b6,True,11,correct,2,True
confusion_even_odd,even_odd,,2,0.1,2,26a6,a6b6,True,25,correct,2,True
confusion_even_odd,even_odd,,2,0.1,2,a6b5,a6b6,True,25,correct,2,True
confusion_even_odd,even_odd,,2,0.1,2,26b4,2b4,True,45,spurious,-1,False
confusion_even_odd,even_odd,,2,0.1,1,a6b7,a6b6,True,11,correct,2,True
confusion_even_odd,even_odd,,2,0.1,2,a2be,a6b6,True,25,correct,2,True
confusion_even_odd,even_odd,,2,0.1,3,66b7,a6b6,True,25,correct,2,True
confusion_even_odd,even_odd,,2,0.1,0,a6b6,a6b6,True,0,correct,2,True
confusion_even_odd,even_odd,,2,0.1,2,a616,a6b6,True,59,correct,2,True
confusion_even_odd,even_odd,,2,0.1,4,86f0,2b4,True,45,spurious,-1,False
confusion_even_odd,even_odd,,3,0.1,0,bd07,bd07,True,0,correct,3,True
confusion_even_odd,even_odd,,3,0.1,1,bd27,bd07,True,25,correct,3,True
confusion_even_odd,even_odd,,3,0.1,4,f427,fca6,True,59,wrong_pattern,0,False
confusion_even_odd,even_odd,,3,0.1,2,9d27,bd07,True,25,correct,3,True
confusion_even_odd,even_odd,,3,0.1,2,3d05,1905,True,45,spurious,-1,False
confusion_even_odd,even_odd,,3,0.1,2,b503,a75b,True,45,spurious,-1,False
confusion_even_odd,even_odd,,3,0.1,3,a927,bd07,True,25,correct,3,True
confusion_even_odd,even_odd,,3,0.1,0,bd07,bd07,True,0,correct,3,True
confusion_even_odd,even_odd,,3,0.1,1,bf07,bf97,True,45,spurious,-1,False
confusion_even_odd,even_odd,,3,0.1,0,bd07,bd07,True,0,correct,3,True
confusion_even_odd,even_odd,,3,0.1,0,bd07,bd07,True,0,correct,3,True
confusion_even_odd,even_odd,,3,0.1,1,bc07,bd07,True,11,correct,3,True
confusion_even_odd,even_odd,,3,0.1,1,9d07,bd07,True,25,correct,3,True
confusion_even_odd,even_odd,,3,0.1,2,ed07,bd07,True,11,correct,3,True
confusion_even_odd,even_odd,,3,0.1,1,bd87,bd07,True,25,correct,3,True
confusion_even_odd,even_odd,,3,0.1,1,bd05,bd07,True,25,correct,3,True
confusion_even_odd,even_odd,,3,0.1,3,bd22,bd07,True,59,correct,3,True
confusion_even_odd,even_odd,,3,0.1,1,bd03,bd07,True,11,correct,3,True
confusion_even_odd,even_odd,,3,0.1,1,bd05,bd07,True,25,correct,3,True
confusion_even_odd,even_odd,,3,0.1,0,bd07,bd07,True,0,correct,3,True
confusion_even_odd,even_odd,,3,0.1,0,bd07,bd07,True,0,correct,3,True
confusion_even_odd,even_odd,,3,0.1,1,bd87,bd07,True,25,correct,3,True
confusion_even_odd,even_odd,,3,0.1,2,bd67,bd07,True,25,correct,3,True
confusion_even_odd,even_odd,,3,0.1,1,b907,bd07,True,11,correct,3,True
confusion_even_odd,even_odd,,3,0.1,2,ad05,bd07,True,25,correct,3,True
confusion_even_odd,even_odd,,3,0.1,5,b55d,a75b,True,35,spurious,-1,False
confusion_even_odd,even_odd,,3,0.1,2,b587,a797,True,55,spurious,-1,False
confusion_even_odd,even_odd,,3,0.1,2,b517,bf97,True,49,spurious,-1,False
confusion_even_odd,even_odd,,3,0.1,1,bd06,bd07,True,11,correct,3,True
confusion_even_odd,even_odd,,3,0.1,3,3d97,bd07,True,45,correct,3,True
confusion_even_odd,even_odd,,3,0.1,2,fd0f,fd4b,True,21,spurious,-1,False
confusion_even_odd,even_odd,,3,0.1,2,fd87,bd07,True,25,correct,3,True
confusion_even_odd,even_odd,,3,0.1,1,bd47,bd07,True,11,correct,3,True
confusion_even_odd,even_odd,,3,0.1,2,7d07,bd07,True,25,correct,3,True
confusion_even_odd,even_odd,,3,0.1,1,bd17,bd07,True,11,correct,3,True
confusion_even_odd,even_odd,,3,0.1,5,354b,a75b,True,55,spurious,-1,False
confusion_even_odd,even_odd,,3,0.1,0,bd07,bd07,True,0,correct,3,True
confusion_even_odd,even_odd,,3,0.1,2,3d0f,bd07,True,25,correct,3,True
confusion_even_odd,even_odd,,3,0.1,2,3d27,bd07,True,25,correct,3,True
confusion_even_odd,even_odd,,3,0.1,1,bd87,bd07,True,25,correct,3,True
confusion_even_odd,even_odd,,3,0.1,3,3d85,1905,True,45,spurious,-1,False
confusion_even_odd,even_odd,,3,0.1,0,bd07,bd07,True,0,correct,3,True
confusion_even_odd,even_odd,,3,0.1,1,bd03,bd07,True,11,correct,3,True
confusion_even_odd,even_odd,,3,0.1,1,bd17,bd07,True,11,correct,3,True
confusion_even_odd,even_odd,,3,0.1,1,b907,bd07,True,11,correct,3,True
confusion_even_odd,even_odd,,3,0.1,1,fd07,bd07,True,11,correct,3,True
confusion_even_odd,even_odd,,3,0.1,0,bd07,bd07,True,0,correct,3,True
confusion_even_odd,even_odd,,3,0.1,2,ad17,bd07,True,11,correct,3,True
confusion_even_odd,even_odd,,3,0.1,2,b807,bd07,True,11,correct,3,True
confusion_even_odd,even_odd,,3,0.1,3,bc67,bd07,True,59,correct,3,True
confusion_even_odd,even_odd,,3,0.1,2,b947,bd07,True,11,correct,3,True
confusion_even_odd,even_odd,,3,0.1,0,bd07,bd07,True,0,correct,3,True
confusion_even_odd,even_odd,,3,0.1,3,bfc7,bf97,True,11,spurious,-1,False
confusion_even_odd,even_odd,,3,0.1,3,bda6,fca6,True,11,wrong_pattern,0,False
confusion_even_odd,even_odd,,3,0.1,0,bd07,bd07,True,0,correct,3,True
confusion_even_odd,even_odd,,3,0.1,1,b507,bd07,True,25,correct,3,True
confusion_even_odd,even_odd,,3,0.1,0,bd07,bd07,True,0,correct,3,True
confusion_even_odd,even_odd,,3,0.1,1,3d07,bd07,True,25,correct,3,True
confusion_even_odd,even_odd,,3,0.1,2,ac07,bd07,True,11,correct,3,True
confusion_even_odd,even_odd,,3,0.1,1,bd47,bd07,True,11,correct,3,True
confusion_even_odd,even_odd,,3,0.1,3,b90b,fd4b,True,21,spurious,-1,False
confusion_even_odd,even_odd,,3,0.1,1,bd0f,bd07,True,25,correct,3,True
confusion_even_odd,even_odd,,3,0.1,1,bc07,bd07,True,11,correct,3,True
confusion_even_odd,even_odd,,3,0.1,1,bd87,bd07,True,25,correct,3,True
confusion_even_odd,even_odd,,3,0.1,4,bf35,bf97,True,25,spurious,-1,False
confusion_even_odd,even_odd,,3,0.1,0,bd07,bd07,True,0,correct,3,True
confusion_even_odd,even_odd,,3,0.1,0,bd07,bd07,True,0,correct,3,True
confusion_even_odd,even_odd,,3,0.1,1,bd47,bd07,True,11,correct,3,True
confusion_even_odd,even_odd,,3,0.1,2,fd05,bd07,True,25,correct,3,True
confusion_even_odd,even_odd,,3,0.1,2,b927,bd07,True,25,correct,3,True
confusion_even_odd,even_odd,,3,0.1,3,9d97,bd07,True,45,correct,3,True
confusion_even_odd,even_odd,,3,0.1,2,be07,bf97,True,45,spurious,-1,False
confusion_even_odd,even_odd,,3,0.1,3,9f47,bf97,True,45,spurious,-1,False
confusion_even_odd,even_odd,,3,0.1,1,bd17,bd07,True,11,correct,3,True
confusion_even_odd,even_odd,,3,0.1,1,bd05,bd07,True,25,correct,3,True
confusion_even_odd,even_odd,,3,0.1,2,ad17,bd07,True,11,correct,3,True
confusion_even_odd,even_odd,,3,0.1,1,bf07,bf97,True,45,spurious,-1,False
confusion_even_odd,even_odd,,3,0.1,0,bd07,bd07,True,0,correct,3,True
confusion_even_odd,even_odd,,3,0.1,2,a507,bf97,True,55,spurious,-1,False
confusion_even_odd,even_odd,,3,0.1,0,bd07,bd07,True,0,correct,3,True
confusion_even_odd,even_odd,,3,0.1,1,3d07,bd07,True,25,correct,3,True
confusion_even_odd,even_odd,,3,0.1,1,9d07,bd07,True,25,correct,3,True
confusion_even_odd,even_odd,,3,0.1,2,3f07,bf97,True,45,spurious,-1,False
confusion_even_odd,even_odd,,3,0.1,0,bd07,bd07,True,0,correct,3,True
confusion_even_odd,even_odd,,3,0.1,2,bd67,bd07,True,25,correct,3,True
confusion_even_odd,even_odd,,3,0.1,2,bf05,bf97,True,45,spurious,-1,False
confusion_even_odd,even_odd,,3,0.1,0,bd07,bd07,True,0,correct,3,True
confusion_even_odd,even_odd,,3,0.1,3,3547,a75b,True,45,spurious,-1,False
confusion_even_odd,even_odd,,3,0.1,1,bd03,bd07,True,11,correct,3,True
confusion_even_odd,even_odd,,3,0.1,0,bd07,bd07,True,0,correct,3,True
confusion_even_odd,even_odd,,3,0.1,4,f705,a797,True,89,spurious,-1,False
confusion_even_odd,even_odd,,3,0.1,0,bd07,bd07,True,0,correct,3,True
confusion_even_odd,even_odd,,3,0.1,2,3507,bd07,True,25,correct,3,True
confusion_even_odd,even_odd,,3,0.1,2,3d03,bd07,True,25,correct,3,True
confusion_even_odd,even_odd,,3,0.1,2,bc05,bd07,True,25,correct,3,True
confusion_even_odd,even_odd,,3,0.1,2,9d0f,bd07,True,25,correct,3,True
confusion_even_odd,even_odd,,3,0.1,2,b505,bd07,True,25,correct,3,True
confusion_even_odd,even_odd,,3,0.1,1,bc07,bd07,True,11,correct,3,True
confusion_even_odd,even_odd,,3,0.1,5,bf6b,a75b,True,49,spurious,-1,False
confusion_even_odd,even_odd,,3,0.1,1,bd27,bd07,True,25,correct,3,True
confusion_even_odd,even_odd,,3,0.1,2,9f07,bf97,True,45,spurious,-1,False
confusion_even_odd,even_odd,,3,0.1,0,bd07,bd07,True,0,correct,3,True
confusion_even_odd,even_odd,,3,0.1,0,bd07,bd07,True,0,correct,3,True
confusion_even_odd,even_odd,,3,0.1,1,b507,bd07,True,25,correct,3,True
confusion_even_odd,even_odd,,3,0.1,2,3d27,bd07,True,25,correct,3,True
confusion_even_odd,even_odd,,3,0.1,1,bc07,bd07,True,11,correct,3,True
confusion_even_odd,even_odd,,3,0.1,4,f943,fd4b,True,25,spurious,-1,False
confusion_even_odd,even_odd,,3,0.1,2,b903,bd07,True,11,correct,3,True
confusion_even_odd,even_odd,,3,0.1,1,bd27,bd07,True,25,correct,3,True
confusion_even_odd,even_odd,,3,0.1,1,b507,bd07,True,25,correct,3,True
confusion_even_odd,even_odd,,3,0.1,2,bd0d,bd07,True,25,correct,3,True
confusion_even_odd,even_odd,,3,0.1,2,2d07,bd07,True,25,correct,3,True
confusion_even_odd,even_odd,,3,0.1,3,b54f,a75b,True,45,spurious,-1,False
confusion_even_odd,even_odd,,3,0.1,1,bd17,bd07,True,11,correct,3,True
confusion_even_odd,even_odd,,3,0.1,3,af27,bf97,True,45,spurious,-1,False
confusion_even_odd,even_odd,,3,0.1,0,bd07,bd07,True,0,correct,3,True
confusion_even_odd,even_odd,,3,0.1,2,9907,bd07,True,45,correct,3,True
confusion_even_odd,even_odd,,3,0.1,2,fd06,bd07,True,11,correct,3,True
confusion_even_odd,even_odd,,3,0.1,3,ad46,bd07,True,21,correct,3,True
confusion_even_odd,even_odd,,3,0.1,2,9d03,bd07,True,25,correct,3,True
confusion_even_odd,even_odd,,0,0.15000000000000002,2,fcb7,fca6,True,11,correct,0,True
confusion_even_odd,even_odd,,0,0.15000000000000002,1,fea6,fca6,True,25,correct,0,True
confusion_even_odd,even_odd,,0,0.15000000000000002,2,bcae,fca6,True,25,correct,0,True
confusion_even_odd,even_odd,,0,0.15000000000000002,0,fca6,fca6,True,0,correct,0,True
confusion_even_odd,even_odd,,0,0.15000000000000002,4,5eb6,58a4,True,45,spurious,-1,False
confusion_even_odd,even_odd,,0,0.15000000000000002,1,fcb6,fca6,True,11,correct,0,True
confusion_even_odd,even_odd,,0,0.15000000000000002,1,f4a6,fca6,True,25,correct,0,True
confusion_even_odd,even_odd,,0,0.15000000000000002,4,aca3,fca6,True,21,correct,0,True
confusion_even_odd,even_odd,,0,0.15000000000000002,3,f4e2,fca6,True,35,correct,0,True
confusion_even_odd,even_odd,,0,0.15000000000000002,5,aea5,fca6,True,55,correct,0,True
confusion_even_odd,even_odd,,0,0.15000000000000002,0,fca6,fca6,True,0,correct,0,True
confusion_even_odd,even_odd,,0,0.15000000000000002,2,9ca6,fca6,True,25,correct,0,True
confusion_even_odd,even_odd,,0,0.15000000000000002,2,dca4,58a4,True,45,spurious,-1,False
confusion_even_odd,even_odd,,0,0.15000000000000002,1,dca6,fca6,True,25,correct,0,True
confusion_even_odd,even_odd,,0,0.15000000000000002,5,dc30,58a4,True,59,spurious,-1,False
confusion_even_odd,even_odd,,0,0.15000000000000002,1,bca6,fca6,True,11,correct,0,True
confusion_even_odd,even_odd,,0,0.15000000000000002,1,fcb6,fca6,True,11,correct,0,True
confusion_even_odd,even_odd,,0,0.15000000000000002,4,fda8,fca6,True,45,correct,0,True
confusion_even_odd,even_odd,,0,0.15000000000000002,1,fc86,fca6,True,25,correct,0,True
confusion_even_odd,even_odd,,0,0.15000000000000002,2,fd26,fca6,True,59,correct,0,True
confusion_even_odd,even_odd,,0,0.15000000000000002,1,f8a6,fca6,True,11,correct,0,True
confusion_even_odd,even_odd,,0,0.15000000000000002,2,ec26,fca6,True,25,correct,0,True
confusion_even_odd,even_odd,,0,0.15000000000000002,4,f5f6,fca6,True,35,correct,0,True
confusion_even_odd,even_odd,,0,0.15000000000000002,4,dca1,58a4,True,45,spurious,-1,False
confusion_even_odd,even_odd,,0,0.15000000000000002,1,fc86,fca6,True,25,correct,0,True
confusion_even_odd,even_odd,,0,0.15000000000000002,3,d4b6,fca6,True,35,correct,0,True
confusion_even_odd,even_odd,,0,0.15000000000000002,1,fda6,fca6,True,11,correct,0,True
confusion_even_odd,even_odd,,0,0.15000000000000002,2,fcb4,fca6,True,25,correct,0,True
confusion_even_odd,even_odd,,0,0.15000000000000002,1,fea6,fca6,True,25,correct,0,True
confusion_even_odd,even_odd,,0,0.15000000000000002,2,feae,fca6,True,25,correct,0,True
confusion_even_odd,even_odd,,0,0.15000000000000002,5,4e86,58a4,True,59,spurious,-1,False
confusion_even_odd,even_odd,,0,0.15000000000000002,1,fcb6,fca6,True,11,correct,0,True
confusion_even_odd,even_odd,,0,0.15000000000000002,1,fce6,fca6,True,11,correct,0,True
confusion_even_odd,even_odd,,0,0.15000000000000002,2,7c26,fca6,True,25,correct,0,True
confusion_even_odd,even_odd,,0,0.15000000000000002,1,eca6,fca6,True,11,correct,0,True
confusion_even_odd,even_odd,,0,0.15000000000000002,3,78e6,fca6,True,45,correct,0,True
confusion_even_odd,even_odd,,0,0.15000000000000002,3,fdc6,fca6,True,45,correct,0,True
confusion_even_odd,even_odd,,0,0.15000000000000002,5,e6aa,e6fa,True,11,spurious,-1,False
confusion_even_odd,even_odd,,0,0.15000000000000002,3,feb4,fca6,True,25,correct,0,True
confusion_even_odd,even_odd,,0,0.15000000000000002,1,fea6,fca6,True,25,correct,0,True
confusion_even_odd,even_odd,,0,0.15000000000000002,3,acb6,fca6,True,21,correct,0,True
confusion_even_odd,even_odd,,0,0.15000000000000002,2,dc86,fca6,True,25,correct,0,True
confusion_even_odd,even_odd,,0,0.15000000000000002,3,fa86,fca6,True,25,correct,0,True
confusion_even_odd,even_odd,,0,0.15000000000000002,1,f4a6,fca6,True,25,correct,0,True
confusion_even_odd,even_odd,,0,0.15000000000000002,2,f8b6,fca6,True,11,correct,0,True
confusion_even_odd,even_odd,,0,0.15000000000000002,0,fca6,fca6,True,0,correct,0,True
confusion_even_odd,even_odd,,0,0.15000000000000002,4,deb7,fca6,True,31,correct,0,True
confusion_even_odd,even_odd,,0,0.15000000000000002,4,6ce2,fca6,True,35,correct,0,True
confusion_even_odd,even_odd,,0,0.15000000000000002,3,64a6,fca6,True,25,correct,0,True
confusion_even_odd,even_odd,,0,0.15000000000000002,0,fca6,fca6,True,0,correct,0,True
confusion_even_odd,even_odd,,0,0.15000000000000002,3,7cbe,fca6,True,25,correct,0,True
confusion_even_odd,even_odd,,0,0.15000000000000002,2,f486,fca6,True,25,correct,0,True
confusion_even_odd,even_odd,,0,0.15000000000000002,1,fca2,fca6,True,11,correct,0,True
confusion_even_odd,even_odd,,0,0.15000000000000002,1,dca6,fca6,True,25,correct,0,True
confusion_even_odd,even_odd,,0,0.15000000000000002,0,fca6,fca6,True,0,correct,0,True
confusion_even_odd,even_odd,,0,0.15000000000000002,2,ecae,fca6,True,25,correct,0,True
confusion_even_odd,even_odd,,0,0.15000000000000002,3,dcac,58a4,True,45,spurious,-1,False
confusion_even_odd,even_odd,,0,0.15000000000000002,1,fda6,fca6,True,11,correct,0,True
confusion_even_odd,even_odd,,0,0.15000000000000002,3,fe96,fca6,True,35,correct,0,True
confusion_even_odd,even_odd,,0,0.15000000000000002,3,bce2,fca6,True,11,correct,0,True
confusion_even_odd,even_odd,,0,0.15000000000000002,2,fd86,fca6,True,35,correct,0,True
confusion_even_odd,even_odd,,0,0.15000000000000002,3,e886,fca6,True,25,correct,0,True
confusion_even_odd,even_odd,,0,0.15000000000000002,3,fcba,fca6,True,35,correct,0,True
confusion_even_odd,even_odd,,0,0.15000000000000002,1,bca6,fca6,True,11,correct,0,True
confusion_even_odd,even_odd,,0,0.15000000000000002,4,f823,fd66,False,1636,oscillated,-1,False
confusion_even_odd,even_odd,,0,0.15000000000000002,3,fdb2,fca6,True,11,correct,0,True
confusion_even_odd,even_odd,,0,0.15000000000000002,3,dc96,fca6,True,25,correct,0,True
confusion_even_odd,even_odd,,0,0.15000000000000002,4,b4a0,fca6,True,45,correct,0,True
confusion_even_odd,even_odd,,0,0.15000000000000002,7,a477,a732,False,1636,oscillated,-1,False
confusion_even_odd,even_odd,,0,0.15000000000000002,2,fcaf,fca6,True,25,correct,0,True
confusion_even_odd,even_odd,,0,0.15000000000000002,3,6ca7,fca6,True,25,correct,0,True
confusion_even_odd,even_odd,,0,0.15000000000000002,2,f4a4,fca6,True,25,correct,0,True
confusion_even_odd,even_odd,,0,0.15000000000000002,1,fca4,fca6,True,25,correct,0,True
confusion_even_odd,even_odd,,0,0.15000000000000002,2,bda6,fca6,True,11,correct,0,True
confusion_even_odd,even_odd,,0,0.15000000000000002,4,bc46,bd07,True,21,wrong_pattern,3,False
confusion_even_odd,even_odd,,0,0.15000000000000002,5,dae2,fca6,True,45,correct,0,True
confusion_even_odd,even_odd,,0,0.15000000000000002,2,ffa6,fca6,True,25,correct,0,True
confusion_even_odd,even_odd,,0,0.15000000000000002,3,7ca0,58a4,True,45,spurious,-1,False
confusion_even_odd,even_odd,,0,0.15000000000000002,3,bc84,fca6,True,25,correct,0,True
confusion_even_odd,even_odd,,0,0.15000000000000002,2,7ea6,fca6,True,25,correct,0,True
confusion_even_odd,even_odd,,0,0.15000000000000002,3,7ea7,fca6,True,25,correct,0,True
confusion_even_odd,even_odd,,0,0.15000000000000002,4,fdb0,fca6,True,25,correct,0,True
confusion_even_odd,even_odd,,0,0.15000000000000002,2,eca4,fca6,True,25,correct,0,True
confusion_even_odd,even_odd,,0,0.15000000000000002,3,7ca0,58a4,True,45,spurious,-1,False
confusion_even_odd,even_odd,,0,0.15000000000000002,2,dea6,fca6,True,25,correct,0,True
confusion_even_odd,even_odd,,0,0.15000000000000002,1,fca2,fca6,True,11,correct,0,True
confusion_even_odd,even_odd,,0,0.15000000000000002,4,8cae,fca6,True,45,correct,0,True
confusion_even_odd,even_odd,,0,0.15000000000000002,3,f6e6,a6b6,True,21,wrong_pattern,2,False
confusion_even_odd,even_odd,,0,0.15000000000000002,2,9ca6,fca6,True,25,correct,0,True
confusion_even_odd,even_odd,,0,0.15000000000000002,2,eea6,fca6,True,25,correct,0,True
confusion_even_odd,even_odd,,0,0.15000000000000002,3,eeb6,fca6,True,55,correct,0,True
confusion_even_odd,even_odd,,0,0.15000000000000002,3,dcac,58a4,True,45,spurious,-1,False
confusion_even_odd,even_odd,,0,0.15000000000000002,2,fce2,fca6,True,11,correct,0,True
confusion_even_odd,even_odd,,0,0.15000000000000002,3,bee6,fca6,True,25,correct,0,True
confusion_even_odd,even_odd,,0,0.15000000000000002,4,6cee,fca6,True,35,correct,0,True
confusion_even_odd,even_odd,,0,0.15000000000000002,4,cfa6,fca6,True,31,correct,0,True
confusion_even_odd,even_odd,,0,0.15000000000000002,2,fc2e,fc6a,True,11,spurious,-1,False
confusion_even_odd,even_odd,,0,0.15000000000000002,4,fde0,fca6,True,45,correct,0,True
confusion_even_odd,even_odd,,0,0.15000000000000002,3,bcf6,fca6,True,11,correct,0,True
confusion_even_odd,even_odd,,0,0.15000000000000002,3,de26,fca6,True,25,correct,0,True
confusion_even_odd,even_odd,,0,0.15000000000000002,1,fda6,fca6,True,11,correct,0,True
confusion_even_odd,even_odd,,0,0.15000000000000002,5,d226,fca6,True,45,correct,0,True
confusion_even_odd,even_odd,,0,0.15000000000000002,5,65b6,fca6,True,49,correct,0,True
confusion_even_odd,even_odd,,0,0.15000000000000002,2,b4a6,fca6,True,45,correct,0,True
confusion_even_odd,even_odd,,0,0.15000000000000002,3,7ca0,58a4,True,45,spurious,-1,False
confusion_even_odd,even_odd,,0,0.15000000000000002,2,dcb6,fca6,True,25,correct,0,True
confusion_even_odd,even_odd,,0,0.15000000000000002,1,fca2,fca6,True,11,correct,0,True
confusion_even_odd,even_odd,,0,0.15000000000000002,3,fd24,fca6,True,59,correct,0,True
confusion_even_odd,even_odd,,0,0.15000000000000002,3,f8b2,fca6,True,11,correct,0,True
confusion_even_odd,even_odd,,0,0.15000000000000002,1,7ca6,fca6,True,25,correct,0,True
confusion_even_odd,even_odd,,0,0.15000000000000002,3,dcf6,fca6,True,25,correct,0,True
confusion_even_odd,even_odd,,0,0.15000000000000002,0,fca6,fca6,True,0,correct,0,True
confusion_even_odd,even_odd,,0,0.15000000000000002,2,dda6,fca6,True,25,correct,0,True
confusion_even_odd,even_odd,,0,0.15000000000000002,2,fd26,fca6,True,59,correct,0,True
confusion_even_odd,even_odd,,0,0.15000000000000002,1,fcb6,fca6,True,11,correct,0,True
confusion_even_odd,even_odd,,0,0.15000000000000002,4,d4b4,58a4,True,45,spurious,-1,False
confusion_even_odd,even_odd,,0,0.15000000000000002,1,fca4,fca6,True,25,correct,0,True
confusion_even_odd,even_odd,,0,0.15000000000000002,0,fca6,fca6,True,0,correct,0,True
confusion_even_odd,even_odd,,0,0.15000000000000002,2,fd26,fca6,True,59,correct,0,True
confusion_even_odd,even_odd,,0,0.15000000000000002,2,aca6,fca6,True,21,correct,0,True
confusion_even_odd,even_odd,,1,0.15000000000000002,3,3b84,58a4,True,59,spurious,-1,False
confusion_even_odd,even_odd,,1,0.15000000000000002,2,b15,1b95,True,45,correct,1,True
confusion_even_odd,even_odd,,1,0.15000000000000002,0,1b95,1b95,True,0,correct,1,True
confusion_even_odd,even_odd,,1,0.15000000000000002,1,9b95,1b95,True,25,correct,1,True
confusion_even_odd,even_odd,,1,0.15000000000000002,4,b3d5,a797,True,45,spurious,-1,False
confusion_even_odd,even_odd,,1,0.15000000000000002,5,82d5,2b4,True,35,spurious,-1,False
confusion_even_odd,even_odd,,1,0.15000000000000002,4,a81,58a4,True,123,spurious,-1,False
confusion_even_odd,even_odd,,1,0.15000000000000002,3,1b25,1b95,True,45,correct,1,True
confusion_even_odd,even_odd,,1,0.15000000000000002,1,1395,395,True,11,spurious,-1,False
confusion_even_odd,even_odd,,1,0.15000000000000002,1,5b95,1b95,True,21,correct,1,True
confusion_even_odd,even_odd,,1,0.15000000000000002,2,1b14,1b95,True,25,correct,1,True
confusion_even_odd,even_odd,,1,0.15000000000000002,2,1a85,58a4,True,59,spurious,-1,False
confusion_even_odd,even_odd,,1,0.15000000000000002,0,1b95,1b95,True,0,correct,1,True
confusion_even_odd,even_odd,,1,0.15000000000000002,5,5a1c,359,True,55,spurious,-1,False
confusion_even_odd,even_odd,,1,0.15000000000000002,3,3b84,58a4,True,59,spurious,-1,False
confusion_even_odd,even_odd,,1,0.15000000000000002,1,b95,1b95,True,11,correct,1,True
confusion_even_odd,even_odd,,1,0.15000000000000002,3,4b85,1b95,True,11,correct,1,True
confusion_even_odd,even_odd,,1,0.15000000000000002,3,9397,a797,True,45,spurious,-1,False
confusion_even_odd,even_odd,,1,0.15000000000000002,1,3b95,1b95,True,25,correct,1,True
confusion_even_odd,even_odd,,1,0.15000000000000002,3,1bd3,395,True,35,spurious,-1,False
confusion_even_odd,even_odd,,1,0.15000000000000002,3,1987,1905,True,25,spurious,-1,False
confusion_even_odd,even_odd,,1,0.15000000000000002,0,1b95,1b95,True,0,correct,1,True
confusion_even_odd,even_odd,,1,0.15000000000000002,5,3685,2b4,True,45,spurious,-1,False
confusion_even_odd,even_odd,,1,0.15000000000000002,2,1fd5,1b95,True,21,correct,1,True
confusion_even_odd,even_odd,,1,0.15000000000000002,4,2bb1,2b4,True,35,spurious,-1,False
confusion_even_odd,even_odd,,1,0.15000000000000002,2,1a94,58a4,True,59,spurious,-1,False
confusion_even_odd,even_odd,,1,0.15000000000000002,0,1b95,1b95,True,0,correct,1,True
confusion_even_odd,even_odd,,1,0.15000000000000002,1,3b95,1b95,True,25,correct,1,True
confusion_even_odd,even_odd,,1,0.15000000000000002,0,1b95,1b95,True,0,correct,1,True
confusion_even_odd,even_odd,,1,0.15000000000000002,4,7b35,1905,True,69,spurious,-1,False
confusion_even_odd,even_odd,,1,0.15000000000000002,1,1a95,58a4,True,69,spurious,-1,False
confusion_even_odd,even_odd,,1,0.15000000000000002,4,11d4,2b4,True,45,spurious,-1,False
confusion_even_odd,even_odd,,1,0.15000000000000002,1,1b15,1b95,True,25,correct,1,True
confusion_even_odd,even_odd,,1,0.15000000000000002,2,9a95,58a4,True,69,spurious,-1,False
confusion_even_odd,even_odd,,1,0.15000000000000002,1,1b9d,395,True,49,spurious,-1,False
confusion_even_odd,even_odd,,1,0.15000000000000002,4,19c1,1905,True,25,spurious,-1,False
confusion_even_odd,even_odd,,1,0.15000000000000002,3,1b45,1b95,True,45,correct,1,True
confusion_even_odd,even_odd,,1,0.15000000000000002,4,1714,395,True,45,spurious,-1,False
confusion_even_odd,even_odd,,1,0.15000000000000002,2,9b85,1b95,True,45,correct,1,True
confusion_even_odd,even_odd,,1,0.15000000000000002,2,3b85,1b95,True,45,correct,1,True
confusion_even_odd,even_odd,,1,0.15000000000000002,1,1a95,58a4,True,69,spurious,-1,False
confusion_even_odd,even_odd,,1,0.15000000000000002,2,1a9d,2b4,True,35,spurious,-1,False
confusion_even_odd,even_odd,,1,0.15000000000000002,3,b90,2b4,True,35,spurious,-1,False
confusion_even_odd,even_odd,,1,0.15000000000000002,2,3bd5,395,True,35,spurious,-1,False
confusion_even_odd,even_odd,,1,0.15000000000000002,3,9b81,1b95,True,45,correct,1,True
confusion_even_odd,even_odd,,1,0.15000000000000002,3,5b84,58a4,True,35,spurious,-1,False
confusion_even_odd,even_odd,,1,0.15000000000000002,6,6e97,fca6,True,89,wrong_pattern,0,False
confusion_even_odd,even_odd,,1,0.15000000000000002,3,5b87,1905,True,35,spurious,-1,False
confusion_even_odd,even_odd,,1,0.15000000000000002,3,cb95,1b95,True,45,correct,1,True
confusion_even_odd,even_odd,,1,0.15000000000000002,1,1b9d,395,True,49,spurious,-1,False
confusion_even_odd,even_odd,,1,0.15000000000000002,2,5a95,58a4,True,35,spurious,-1,False
confusion_even_odd,even_odd,,1,0.15000000000000002,4,384,2b4,True,35,spurious,-1,False
confusion_even_odd,even_odd,,1,0.15000000000000002,3,1b45,1b95,True,45,correct,1,True
confusion_even_odd,even_odd,,1,0.15000000000000002,2,1994,58a4,True,45,spurious,-1,False
confusion_even_odd,even_odd,,1,0.15000000000000002,4,cb97,bf97,True,45,spurious,-1,False
confusion_even_odd,even_odd,,1,0.15000000000000002,4,3387,a797,True,45,spurious,-1,False
confusion_even_odd,even_odd,,1,0.15000000000000002,4,1bde,2b4,True,45,spurious,-1,False
confusion_even_odd,even_odd,,1,0.15000000000000002,1,1bb5,58a4,True,51,spurious,-1,False
confusion_even_odd,even_odd,,1,0.15000000000000002,2,1fb5,58a4,True,51,spurious,-1,False
confusion_even_odd,even_odd,,1,0.15000000000000002,1,1bd5,1b95,True,21,correct,1,True
confusion_even_odd,even_odd,,1,0.15000000000000002,4,29d,2b4,True,35,spurious,-1,False
confusion_even_odd,even_odd,,1,0.15000000000000002,6,6bb3,fca6,True,75,wrong_pattern,0,False
confusion_even_odd,even_odd,,1,0.15000000000000002,2,1a97,58a4,True,69,spurious,-1,False
confusion_even_odd,even_odd,,1,0.15000000000000002,3,5b17,1905,True,35,spurious,-1,False
confusion_even_odd,even_odd,,1,0.15000000000000002,3,bbb5,fca6,True,59,wrong_pattern,0,False
confusion_even_odd,even_odd,,1,0.15000000000000002,3,13dd,359,True,59,spurious,-1,False
confusion_even_odd,even_odd,,1,0.15000000000000002,4,bd95,bd07,True,45,wrong_pattern,3,False
confusion_even_odd,even_odd,,1,0.15000000000000002,2,1a9d,2b4,True,35,spurious,-1,False
confusion_even_odd,even_odd,,1,0.15000000000000002,4,13a7,2b4,True,45,spurious,-1,False
confusion_even_odd,even_odd,,1,0.15000000000000002,2,199d,1905,True,35,spurious,-1,False
confusion_even_odd,even_odd,,1,0.15000000000000002,1,1b9d,395,True,49,spurious,-1,False
confusion_even_odd,even_odd,,1,0.15000000000000002,3,99d,1905,True,65,spurious,-1,False
confusion_even_odd,even_odd,,1,0.15000000000000002,2,9b85,1b95,True,45,correct,1,True
confusion_even_odd,even_odd,,1,0.15000000000000002,1,b95,1b95,True,11,correct,1,True
confusion_even_odd,even_odd,,1,0.15000000000000002,1,1b91,1b95,True,21,correct,1,True
confusion_even_odd,even_odd,,1,0.15000000000000002,2,bb95,bf97,True,45,spurious,-1,False
confusion_even_odd,even_odd,,1,0.15000000000000002,1,1b15,1b95,True,25,correct,1,True
confusion_even_odd,even_odd,,1,0.15000000000000002,4,2b17,bf97,True,45,spurious,-1,False
confusion_even_odd,even_odd,,1,0.15000000000000002,2,1f91,1b95,True,21,correct,1,True
confusion_even_odd,even_odd,,1,0.15000000000000002,5,1707,395,True,45,spurious,-1,False
confusion_even_odd,even_odd,,1,0.15000000000000002,2,bb5,58a4,True,55,spurious,-1,False
confusion_even_odd,even_odd,,1,0.15000000000000002,3,6b95,1b95,True,45,correct,1,True
confusion_even_odd,even_odd,,1,0.15000000000000002,0,1b95,1b95,True,0,correct,1,True
confusion_even_odd,even_odd,,1,0.15000000000000002,1,1b85,1b95,True,11,correct,1,True
confusion_even_odd,even_odd,,1,0.15000000000000002,2,5bd5,1b95,True,21,correct,1,True
confusion_even_odd,even_odd,,1,0.15000000000000002,3,1b1c,359,True,55,spurious,-1,False
confusion_even_odd,even_odd,,1,0.15000000000000002,2,1b8d,395,True,79,spurious,-1,False
confusion_even_odd,even_odd,,1,0.15000000000000002,2,9bd5,395,True,35,spurious,-1,False
confusion_even_odd,even_odd,,1,0.15000000000000002,3,5f15,1905,True,35,spurious,-1,False
confusion_even_odd,even_odd,,1,0.15000000000000002,3,1a87,58a4,True,59,spurious,-1,False
confusion_even_odd,even_odd,,1,0.15000000000000002,6,3b2c,58a4,True,83,spurious,-1,False
confusion_even_odd,even_odd,,1,0.15000000000000002,3,9f85,1b95,True,45,correct,1,True
confusion_even_odd,even_odd,,1,0.15000000000000002,2,1b17,1b95,True,25,correct,1,True
confusion_even_odd,even_odd,,1,0.15000000000000002,5,98f,1905,True,65,spurious,-1,False
confusion_even_odd,even_odd,,1,0.15000000000000002,1,b95,1b95,True,11,correct,1,True
confusion_even_odd,even_odd,,1,0.15000000000000002,3,1194,2b4,True,45,spurious,-1,False
confusion_even_odd,even_odd,,1,0.15000000000000002,0,1b95,1b95,True,0,correct,1,True
confusion_even_odd,even_odd,,1,0.15000000000000002,4,19dc,58a4,True,83,spurious,-1,False
confusion_even_odd,even_odd,,1,0.15000000000000002,1,1a95,58a4,True,69,spurious,-1,False
confusion_even_odd,even_odd,,1,0.15000000000000002,3,b14,1b95,True,45,correct,1,True
confusion_even_odd,even_odd,,1,0.15000000000000002,1,1b15,1b95,True,25,correct,1,True
confusion_even_odd,even_odd,,1,0.15000000000000002,5,cd5,58a4,True,65,spurious,-1,False
confusion_even_odd,even_odd,,1,0.15000000000000002,2,1ba5,58a4,True,45,spurious,-1,False
confusion_even_odd,even_odd,,1,0.15000000000000002,0,1b95,1b95,True,0,correct,1,True
confusion_even_odd,even_odd,,1,0.15000000000000002,1,1b85,1b95,True,11,correct,1,True
confusion_even_odd,even_odd,,1,0.15000000000000002,2,b94,58a4,True,89,spurious,-1,False
confusion_even_odd,even_odd,,1,0.15000000000000002,2,b85,1b95,True,11,correct,1,True
confusion_even_odd,even_odd,,1,0.15000000000000002,2,1bb1,2b4,True,35,spurious,-1,False
confusion_even_odd,even_odd,,1,0.15000000000000002,1,1395,395,True,11,spurious,-1,False
confusion_even_odd,even_odd,,1,0.15000000000000002,1,1995,1905,True,45,spurious,-1,False
confusion_even_odd,even_odd,,1,0.15000000000000002,0,1b95,1b95,True,0,correct,1,True
confusion_even_odd,even_odd,,1,0.15000000000000002,1,1a95,58a4,True,69,spurious,-1,False
confusion_even_odd,even_odd,,1,0.15000000000000002,3,1b31,395,True,35,spurious,-1,False
confusion_even_odd,even_odd,,1,0.15000000000000002,2,3f95,1b95,True,45,correct,1,True
confusion_even_odd,even_odd,,1,0.15000000000000002,3,9b17,bf97,True,45,spurious,-1,False
confusion_even_odd,even_odd,,1,0.15000000000000002,6,5f39,359,True,79,spurious,-1,False
confusion_even_odd,even_odd,,1,0.15000000000000002,2,3a95,58a4,True,69,spurious,-1,False
confusion_even_odd,even_odd,,1,0.15000000000000002,4,a93,2b4,True,35,spurious,-1,False
confusion_even_odd,even_odd,,1,0.15000000000000002,2,1195,395,True,49,spurious,-1,False
confusion_even_odd,even_odd,,1,0.15000000000000002,3,9997,bd07,True,45,wrong_pattern,3,False
confusion_even_odd,even_odd,,2,0.15000000000000002,2,a6b5,a6b6,True,25,correct,2,True
confusion_even_odd,even_odd,,2,0.15000000000000002,1,a7b6,a6b6,True,11,correct,2,True
confusion_even_odd,even_odd,,2,0.15000000000000002,4,e3b7,a6b6,True,11,correct,2,True
confusion_even_odd,even_odd,,2,0.15000000000000002,4,36ba,e6fa,True,35,spurious,-1,False
confusion_even_odd,even_odd,,2,0.15000000000000002,4,67be,e6fa,True,35,spurious,-1,False
confusion_even_odd,even_odd,,2,0.15000000000000002,6,e1a7,fca6,True,49,wrong_pattern,0,False
confusion_even_odd,even_odd,,2,0.15000000000000002,1,a6b7,a6b6,True,11,correct,2,True
confusion_even_odd,even_odd,,2,0.15000000000000002,1,a696,a6b6,True,25,correct,2,True
confusion_even_odd,even_odd,,2,0.15000000000000002,2,a637,a6b6,True,59,correct,2,True
confusion_even_odd,even_odd,,2,0.15000000000000002,2,26f6,a6b6,True,25,correct,2,True
confusion_even_odd,even_odd,,2,0.15000000000000002,3,6f6,2b4,True,45,spurious,-1,False
confusion_even_odd,even_odd,,2,0.15000000000000002,1,a4b6,fca6,True,45,wrong_pattern,0,False
confusion_even_odd,even_odd,,2,0.15000000000000002,2,26f6,a6b6,True,25,correct,2,True
confusion_even_odd,even_odd,,2,0.15000000000000002,5,87ee,e6fa,True,45,spurious,-1,False
confusion_even_odd,even_odd,,2,0.15000000000000002,2,b6b7,a6b6,True,11,correct,2,True
confusion_even_odd,even_odd,,2,0.15000000000000002,1,a636,a6b6,True,25,correct,2,True
confusion_even_odd,even_odd,,2,0.15000000000000002,1,aeb6,fca6,True,55,wrong_pattern,0,False
confusion_even_odd,even_odd,,2,0.15000000000000002,3,f6b7,a6b6,True,11,correct,2,True
confusion_even_odd,even_odd,,2,0.15000000000000002,1,a7b6,a6b6,True,11,correct,2,True
confusion_even_odd,even_odd,,2,0.15000000000000002,2,a2b2,a6b6,True,11,correct,2,True
confusion_even_odd,even_odd,,2,0.15000000000000002,1,26b6,a6b6,True,25,correct,2,True
confusion_even_odd,even_odd,,2,0.15000000000000002,2,82b6,a6b6,True,45,correct,2,True
confusion_even_odd,even_odd,,2,0.15000000000000002,4,87f7,a6b6,True,35,correct,2,True
confusion_even_odd,even_odd,,2,0.15000000000000002,3,a276,e6fa,True,45,spurious,-1,False
confusion_even_odd,even_odd,,2,0.15000000000000002,3,6eb6,fca6,True,55,wrong_pattern,0,False
confusion_even_odd,even_odd,,2,0.15000000000000002,2,a7b7,a6b6,True,11,correct,2,True
confusion_even_odd,even_odd,,2,0.15000000000000002,4,ea6,58a4,True,45,spurious,-1,False
confusion_even_odd,even_odd,,2,0.15000000000000002,1,a6a6,a6b6,True,21,correct,2,True
confusion_even_odd,even_odd,,2,0.15000000000000002,1,a6b2,a6b6,True,11,correct,2,True
confusion_even_odd,even_odd,,2,0.15000000000000002,2,a4be,e6fa,True,69,spurious,-1,False
confusion_even_odd,even_odd,,2,0.15000000000000002,0,a6b6,a6b6,True,0,correct,2,True
confusion_even_odd,even_odd,,2,0.15000000000000002,2,a6b3,a6b6,True,11,correct,2,True
confusion_even_odd,even_odd,,2,0.15000000000000002,4,80b2,fca6,True,45,wrong_pattern,0,False
confusion_even_odd,even_odd,,2,0.15000000000000002,2,a496,a6b6,True,25,correct,2,True
confusion_even_odd,even_odd,,2,0.15000000000000002,1,aeb6,fca6,True,55,wrong_pattern,0,False
confusion_even_odd,even_odd,,2,0.15000000000000002,3,a682,a6b6,True,25,correct,2,True
confusion_even_odd,even_odd,,2,0.15000000000000002,1,a6a6,a6b6,True,21,correct,2,True
confusion_even_odd,even_odd,,2,0.15000000000000002,4,1eb6,58a4,True,45,spurious,-1,False
confusion_even_odd,even_odd,,2,0.15000000000000002,1,e6b6,a6b6,True,11,correct,2,True
confusion_even_odd,even_odd,,2,0.15000000000000002,2,a7b4,a6b6,True,25,correct,2,True
confusion_even_odd,even_odd,,2,0.15000000000000002,3,a4b3,a6b6,True,35,correct,2,True
confusion_even_odd,even_odd,,2,0.15000000000000002,0,a6b6,a6b6,True,0,correct,2,True
confusion_even_odd,even_odd,,2,0.15000000000000002,4,e792,a6b6,True,35,correct,2,True
confusion_even_odd,even_odd,,2,0.15000000000000002,1,b6b6,a6b6,True,11,correct,2,True
confusion_even_odd,even_odd,,2,0.15000000000000002,2,a4a6,fca6,True,45,wrong_pattern,0,False
confusion_even_odd,even_odd,,2,0.15000000000000002,2,a63e,e6fa,True,35,spurious,-1,False
confusion_even_odd,even_odd,,2,0.15000000000000002,0,a6b6,a6b6,True,0,correct,2,True
confusion_even_odd,even_odd,,2,0.15000000000000002,1,a696,a6b6,True,25,correct,2,True
confusion_even_odd,even_odd,,2,0.15000000000000002,1,a6b4,a6b6,True,25,correct,2,True
confusion_even_odd,even_odd,,2,0.15000000000000002,4,27a2,a6b6,True,25,correct,2,True
confusion_even_odd,even_odd,,2,0.15000000000000002,3,a2a7,a6b6,True,11,correct,2,True
confusion_even_odd,even_odd,,2,0.15000000000000002,1,a636,a6b6,True,25,correct,2,True
confusion_even_odd,even_odd,,2,0.15000000000000002,2,a676,e6fa,True,45,spurious,-1,False
confusion_even_odd,even_odd,,2,0.15000000000000002,2,e6a6,a6b6,True,21,correct,2,True
confusion_even_odd,even_odd,,2,0.15000000000000002,4,a4ee,e6fa,True,35,spurious,-1,False
confusion_even_odd,even_odd,,2,0.15000000000000002,1,a6a6,a6b6,True,21,correct,2,True
confusion_even_odd,even_odd,,2,0.15000000000000002,1,a696,a6b6,True,25,correct,2,True
confusion_even_odd,even_odd,,2,0.15000000000000002,2,b6a6,a6b6,True,21,correct,2,True
confusion_even_odd,even_odd,,2,0.15000000000000002,2,a634,a6b6,True,25,correct,2,True
confusion_even_odd,even_odd,,2,0.15000000000000002,1,a2b6,a6b6,True,11,correct,2,True
confusion_even_odd,even_odd,,2,0.15000000000000002,1,a7b6,a6b6,True,11,correct,2,True
confusion_even_odd,even_odd,,2,0.15000000000000002,1,b6b6,a6b6,True,11,correct,2,True
confusion_even_odd,even_odd,,2,0.15000000000000002,3,ae9e,a6b6,True,25,correct,2,True
confusion_even_odd,even_odd,,2,0.15000000000000002,3,e7b4,a6b6,True,25,correct,2,True
confusion_even_odd,even_odd,,2,0.15000000000000002,8,ce53,bf97,True,89,spurious,-1,False
confusion_even_odd,even_odd,,2,0.15000000000000002,1,a6b4,a6b6,True,25,correct,2,True
confusion_even_odd,even_odd,,2,0.15000000000000002,2,b6b7,a6b6,True,11,correct,2,True
confusion_even_odd,even_odd,,2,0.15000000000000002,1,aeb6,fca6,True,55,wrong_pattern,0,False
confusion_even_odd,even_odd,,2,0.15000000000000002,5,ffbe,fca6,True,25,wrong_pattern,0,False
confusion_even_odd,even_odd,,2,0.15000000000000002,1,a6b4,a6b6,True,25,correct,2,True
confusion_even_odd,even_odd,,2,0.15000000000000002,3,af96,fca6,True,89,wrong_pattern,0,False
confusion_even_odd,even_odd,,2,0.15000000000000002,2,aef6,a6b6,True,35,correct,2,True
confusion_even_odd,even_odd,,2,0.15000000000000002,4,22fe,e6fa,True,45,spurious,-1,False
confusion_even_odd,even_odd,,2,0.15000000000000002,3,a5a6,fca6,True,45,wrong_pattern,0,False
confusion_even_odd,even_odd,,2,0.15000000000000002,2,a676,e6fa,True,45,spurious,-1,False
confusion_even_odd,even_odd,,2,0.15000000000000002,2,a796,a6b6,True,35,correct,2,True
confusion_even_odd,even_odd,,2,0.15000000000000002,1,aeb6,fca6,True,55,wrong_pattern,0,False
confusion_even_odd,even_odd,,2,0.15000000000000002,1,a6b2,a6b6,True,11,correct,2,True
confusion_even_odd,even_odd,,2,0.15000000000000002,2,a694,a6b6,True,25,correct,2,True
confusion_even_odd,even_odd,,2,0.15000000000000002,1,a6be,a6b6,True,25,correct,2,True
confusion_even_odd,even_odd,,2,0.15000000000000002,3,a5f6,a6b6,True,35,correct,2,True
confusion_even_odd,even_odd,,2,0.15000000000000002,6,ee52,bf97,True,89,spurious,-1,False
confusion_even_odd,even_odd,,2,0.15000000000000002,4,e7f4,a6b6,True,35,correct,2,True
confusion_even_odd,even_odd,,2,0.15000000000000002,0,a6b6,a6b6,True,0,correct,2,True
confusion_even_odd,even_odd,,2,0.15000000000000002,3,a6ac,e6fa,True,51,spurious,-1,False
confusion_even_odd,even_odd,,2,0.15000000000000002,3,8eb2,a6b6,True,35,correct,2,True
confusion_even_odd,even_odd,,2,0.15000000000000002,1,a2b6,a6b6,True,11,correct,2,True
confusion_even_odd,even_odd,,2,0.15000000000000002,0,a6b6,a6b6,True,0,correct,2,True
confusion_even_odd,even_odd,,2,0.15000000000000002,1,e6b6,a6b6,True,11,correct,2,True
confusion_even_odd,even_odd,,2,0.15000000000000002,3,80b6,fca6,True,45,wrong_pattern,0,False
confusion_even_odd,even_odd,,2,0.15000000000000002,2,b7b6,a6b6,True,11,correct,2,True
confusion_even_odd,even_odd,,2,0.15000000000000002,1,a6b2,a6b6,True,11,correct,2,True
confusion_even_odd,even_odd,,2,0.15000000000000002,3,636,2b4,True,45,spurious,-1,False
confusion_even_odd,even_odd,,2,0.15000000000000002,0,a6b6,a6b6,True,0,correct,2,True
confusion_even_odd,even_odd,,2,0.15000000000000002,2,86be,a6b6,True,25,correct,2,True
confusion_even_odd,even_odd,,2,0.15000000000000002,0,a6b6,a6b6,True,0,correct,2,True
confusion_even_odd,even_odd,,2,0.15000000000000002,2,a7b4,a6b6,True,25,correct,2,True
confusion_even_odd,even_odd,,2,0.15000000000000002,2,26f6,a6b6,True,25,correct,2,True
confusion_even_odd,even_odd,,2,0.15000000000000002,2,c6b6,a6b6,True,25,correct,2,True
confusion_even_odd,even_odd,,2,0.15000000000000002,5,a75e,a75b,True,11,spurious,-1,False
confusion_even_odd,even_odd,,2,0.15000000000000002,2,a496,a6b6,True,25,correct,2,True
confusion_even_odd,even_odd,,2,0.15000000000000002,6,b377,a75b,True,83,spurious,-1,False
confusion_even_odd,even_odd,,2,0.15000000000000002,5,6776,a75b,True,83,spurious,-1,False
confusion_even_odd,even_odd,,2,0.15000000000000002,4,a2f0,a6b6,True,45,correct,2,True
confusion_even_odd,even_odd,,2,0.15000000000000002,2,e6be,e6fa,True,21,spurious,-1,False
confusion_even_odd,even_odd,,2,0.15000000000000002,0,a6b6,a6b6,True,0,correct,2,True
confusion_even_odd,even_odd,,2,0.15000000000000002,1,a6a6,a6b6,True,21,correct,2,True
confusion_even_odd,even_odd,,2,0.15000000000000002,4,ee86,fca6,True,59,wrong_pattern,0,False
confusion_even_odd,even_odd,,2,0.15000000000000002,0,a6b6,a6b6,True,0,correct,2,True
confusion_even_odd,even_odd,,2,0.15000000000000002,3,84a6,fca6,True,45,wrong_pattern,0,False
confusion_even_odd,even_odd,,2,0.15000000000000002,5,841e,a75b,True,45,spurious,-1,False
confusion_even_odd,even_odd,,2,0.15000000000000002,0,a6b6,a6b6,True,0,correct,2,True
confusion_even_odd,even_odd,,2,0.15000000000000002,3,a434,a6b6,True,25,correct,2,True
confusion_even_odd,even_odd,,2,0.15000000000000002,2,ae96,fca6,True,89,wrong_pattern,0,False
confusion_even_odd,even_odd,,2,0.15000000000000002,3,a614,a6b6,True,59,correct,2,True
confusion_even_odd,even_odd,,2,0.15000000000000002,2,a5b6,a6b6,True,35,correct,2,True
confusion_even_odd,even_odd,,2,0.15000000000000002,6,a0fb,e6fa,True,35,spurious,-1,False
confusion_even_odd,even_odd,,2,0.15000000000000002,2,b6b4,a6b6,True,45,correct,2,True
confusion_even_odd,even_odd,,2,0.15000000000000002,3,67b6,a6b6,True,25,correct,2,True
confusion_even_odd,even_odd,,2,0.15000000000000002,1,a6b2,a6b6,True,11,correct,2,True
confusion_even_odd,even_odd,,3,0.15000000000000002,1,bd17,bd07,True,11,correct,3,True
confusion_even_odd,even_odd,,3,0.15000000000000002,0,bd07,bd07,True,0,correct,3,True
confusion_even_odd,even_odd,,3,0.15000000000000002,1,3d07,bd07,True,25,correct,3,True
confusion_even_odd,even_odd,,3,0.15000000000000002,5,dc43,fd4b,True,25,spurious,-1,False
confusion_even_odd,even_odd,,3,0.15000000000000002,0,bd07,bd07,True,0,correct,3,True
confusion_even_odd,even_odd,,3,0.15000000000000002,0,bd07,bd07,True,0,correct,3,True
confusion_even_odd,even_odd,,3,0.15000000000000002,5,bd5a,fd4b,True,21,spurious,-1,False
confusion_even_odd,even_odd,,3,0.15000000000000002,0,bd07,bd07,True,0,correct,3,True
confusion_even_odd,even_odd,,3,0.15000000000000002,1,bd47,bd07,True,11,correct,3,True
confusion_even_odd,even_odd,,3,0.15000000000000002,2,ad17,bd07,True,11,correct,3,True
confusion_even_odd,even_odd,,3,0.15000000000000002,6,894e,fd4b,True,45,spurious,-1,False
confusion_even_odd,even_odd,,3,0.15000000000000002,2,3907,bd07,True,45,correct,3,True
confusion_even_odd,even_odd,,3,0.15000000000000002,2,bf27,bf97,True,45,spurious,-1,False
confusion_even_odd,even_odd,,3,0.15000000000000002,5,a5a3,a6b6,True,83,wrong_pattern,2,False
confusion_even_odd,even_odd,,3,0.15000000000000002,0,bd07,bd07,True,0,correct,3,True
confusion_even_odd,even_odd,,3,0.15000000000000002,4,8d16,bd07,True,45,correct,3,True
confusion_even_odd,even_odd,,3,0.15000000000000002,3,b607,a797,True,45,spurious,-1,False
confusion_even_odd,even_odd,,3,0.15000000000000002,1,bc07,bd07,True,11,correct,3,True
confusion_even_odd,even_odd,,3,0.15000000000000002,1,fd07,bd07,True,11,correct,3,True
confusion_even_odd,even_odd,,3,0.15000000000000002,3,b523,a75b,True,45,spurious,-1,False
confusion_even_odd,even_odd,,3,0.15000000000000002,2,b517,bf97,True,49,spurious,-1,False
confusion_even_odd,even_odd,,3,0.15000000000000002,4,2d67,bd07,True,55,correct,3,True
confusion_even_odd,even_odd,,3,0.15000000000000002,4,8707,a797,True,35,spurious,-1,False
confusion_even_odd,even_odd,,3,0.15000000000000002,2,fd87,bd07,True,25,correct,3,True
confusion_even_odd,even_odd,,3,0.15000000000000002,2,ac07,bd07,True,11,correct,3,True
confusion_even_odd,even_odd,,3,0.15000000000000002,3,9d16,bd07,True,45,correct,3,True
confusion_even_odd,even_odd,,3,0.15000000000000002,2,3d47,bd07,True,25,correct,3,True
confusion_even_odd,even_odd,,3,0.15000000000000002,2,bc0f,fd4b,True,51,spurious,-1,False
confusion_even_odd,even_odd,,3,0.15000000000000002,6,bae7,fca6,True,25,wrong_pattern,0,False
confusion_even_odd,even_odd,,3,0.15000000000000002,2,bd0b,fd4b,True,21,spurious,-1,False
confusion_even_odd,even_odd,,3,0.15000000000000002,0,bd07,bd07,True,0,correct,3,True
confusion_even_odd,even_odd,,3,0.15000000000000002,3,1d27,1905,True,45,spurious,-1,False
confusion_even_odd,even_odd,,3,0.15000000000000002,4,ad56,bd07,True,21,correct,3,True
confusion_even_odd,even_odd,,3,0.15000000000000002,3,ad0e,fd4b,True,21,spurious,-1,False
confusion_even_odd,even_odd,,3,0.15000000000000002,4,bd6b,fd4b,True,25,spurious,-1,False
confusion_even_odd,even_odd,,3,0.15000000000000002,3,bc0e,fd4b,True,51,spurious,-1,False
confusion_even_odd,even_odd,,3,0.15000000000000002,2,3d06,bd07,True,25,correct,3,True
confusion_even_odd,even_odd,,3,0.15000000000000002,1,b507,bd07,True,25,correct,3,True
confusion_even_odd,even_odd,,3,0.15000000000000002,2,f907,bd07,True,11,correct,3,True
confusion_even_odd,even_odd,,3,0.15000000000000002,1,bd17,bd07,True,11,correct,3,True
confusion_even_odd,even_odd,,3,0.15000000000000002,1,bd0f,bd07,True,25,correct,3,True
confusion_even_odd,even_odd,,3,0.15000000000000002,4,8547,a75b,True,35,spurious,-1,False
confusion_even_odd,even_odd,,3,0.15000000000000002,4,dd0e,fd4b,True,35,spurious,-1,False
confusion_even_odd,even_odd,,3,0.15000000000000002,5,dd81,1905,True,45,spurious,-1,False
confusion_even_odd,even_odd,,3,0.15000000000000002,1,bd27,bd07,True,25,correct,3,True
confusion_even_odd,even_odd,,3,0.15000000000000002,4,b965,bd07,True,45,correct,3,True
confusion_even_odd,even_odd,,3,0.15000000000000002,2,ad87,bd07,True,55,correct,3,True
confusion_even_odd,even_odd,,3,0.15000000000000002,3,ad01,fd4b,True,93,spurious,-1,False
confusion_even_odd,even_odd,,3,0.15000000000000002,2,fd47,bd07,True,21,correct,3,True
confusion_even_odd,even_odd,,3,0.15000000000000002,2,3f07,bf97,True,45,spurious,-1,False
confusion_even_odd,even_odd,,3,0.15000000000000002,0,bd07,bd07,True,0,correct,3,True
confusion_even_odd,even_odd,,3,0.15000000000000002,2,b917,bd07,True,11,correct,3,True
confusion_even_odd,even_odd,,3,0.15000000000000002,0,bd07,bd07,True,0,correct,3,True
confusion_even_odd,even_odd,,3,0.15000000000000002,2,3d27,bd07,True,25,correct,3,True
confusion_even_odd,even_odd,,3,0.15000000000000002,3,b58f,a797,True,49,spurious,-1,False
confusion_even_odd,even_odd,,3,0.15000000000000002,2,bd67,bd07,True,25,correct,3,True
confusion_even_odd,even_odd,,3,0.15000000000000002,1,bd03,bd07,True,11,correct,3,True
confusion_even_odd,even_odd,,3,0.15000000000000002,0,bd07,bd07,True,0,correct,3,True
confusion_even_odd,even_odd,,3,0.15000000000000002,0,bd07,bd07,True,0,correct,3,True
confusion_even_odd,even_odd,,3,0.15000000000000002,6,be52,a6b6,True,69,wrong_pattern,2,False
confusion_even_odd,even_odd,,3,0.15000000000000002,5,a802,fd4b,True,49,spurious,-1,False
confusion_even_odd,even_odd,,3,0.15000000000000002,3,9d67,bd07,True,25,correct,3,True
confusion_even_odd,even_odd,,3,0.15000000000000002,3,b805,bd07,True,45,correct,3,True
confusion_even_odd,even_odd,,3,0.15000000000000002,2,9f07,bf97,True,45,spurious,-1,False
confusion_even_odd,even_odd,,3,0.15000000000000002,4,b5a3,fca6,True,55,wrong_pattern,0,False
confusion_even_odd,even_odd,,3,0.15000000000000002,1,bd47,bd07,True,11,correct,3,True
confusion_even_odd,even_odd,,3,0.15000000000000002,4,e90f,fd4b,True,21,spurious,-1,False
confusion_even_odd,even_odd,,3,0.15000000000000002,3,3dc7,bd07,True,25,correct,3,True
confusion_even_odd,even_odd,,3,0.15000000000000002,3,2d06,bd07,True,25,correct,3,True
confusion_even_odd,even_odd,,3,0.15000000000000002,0,bd07,bd07,True,0,correct,3,True
confusion_even_odd,even_odd,,3,0.15000000000000002,5,b5b5,a6b6,True,49,wrong_pattern,2,False
confusion_even_odd,even_odd,,3,0.15000000000000002,3,9d67,bd07,True,25,correct,3,True
confusion_even_odd,even_odd,,3,0.15000000000000002,0,bd07,bd07,True,0,correct,3,True
confusion_even_odd,even_odd,,3,0.15000000000000002,4,8503,a75b,True,35,spurious,-1,False
confusion_even_odd,even_odd,,3,0.15000000000000002,1,b907,bd07,True,11,correct,3,True
confusion_even_odd,even_odd,,3,0.15000000000000002,4,ed97,bd07,True,45,correct,3,True
confusion_even_odd,even_odd,,3,0.15000000000000002,3,3d01,1905,True,45,spurious,-1,False
confusion_even_odd,even_odd,,3,0.15000000000000002,2,fd06,bd07,True,11,correct,3,True
confusion_even_odd,even_odd,,3,0.15000000000000002,3,bda5,fca6,True,45,wrong_pattern,0,False
confusion_even_odd,even_odd,,3,0.15000000000000002,3,b106,bd07,True,25,correct,3,True
confusion_even_odd,even_odd,,3,0.15000000000000002,1,bd27,bd07,True,25,correct,3,True
confusion_even_odd,even_odd,,3,0.15000000000000002,2,ac07,bd07,True,11,correct,3,True
confusion_even_odd,even_odd,,3,0.15000000000000002,2,bd85,bd07,True,25,correct,3,True
confusion_even_odd,even_odd,,3,0.15000000000000002,4,bd31,bd07,True,45,correct,3,True
confusion_even_odd,even_odd,,3,0.15000000000000002,1,b907,bd07,True,11,correct,3,True
confusion_even_odd,even_odd,,3,0.15000000000000002,7,5509,5949,True,35,spurious,-1,False
confusion_even_odd,even_odd,,3,0.15000000000000002,5,a9d7,bd07,True,55,correct,3,True
confusion_even_odd,even_odd,,3,0.15000000000000002,2,3c07,bd07,True,25,correct,3,True
confusion_even_odd,even_odd,,3,0.15000000000000002,2,ad05,bd07,True,25,correct,3,True
confusion_even_odd,even_odd,,3,0.15000000000000002,2,3d06,bd07,True,25,correct,3,True
confusion_even_odd,even_odd,,3,0.15000000000000002,1,bd27,bd07,True,25,correct,3,True
confusion_even_odd,even_odd,,3,0.15000000000000002,2,bc17,bd07,True,11,correct,3,True
confusion_even_odd,even_odd,,3,0.15000000000000002,1,bc07,bd07,True,11,correct,3,True
confusion_even_odd,even_odd,,3,0.15000000000000002,2,fd27,bd07,True,35,correct,3,True
confusion_even_odd,even_odd,,3,0.15000000000000002,2,3d47,bd07,True,25,correct,3,True
confusion_even_odd,even_odd,,3,0.15000000000000002,2,7d07,bd07,True,25,correct,3,True
confusion_even_odd,even_odd,,3,0.15000000000000002,0,bd07,bd07,True,0,correct,3,True
confusion_even_odd,even_odd,,3,0.15000000000000002,4,b9c5,bd07,True,45,correct,3,True
confusion_even_odd,even_odd,,3,0.15000000000000002,0,bd07,bd07,True,0,correct,3,True
confusion_even_odd,even_odd,,3,0.15000000000000002,1,bd27,bd07,True,25,correct,3,True
confusion_even_odd,even_odd,,3,0.15000000000000002,4,fd4e,fd4b,True,11,spurious,-1,False
confusion_even_odd,even_odd,,3,0.15000000000000002,4,9c25,58a4,True,59,spurious,-1,False
confusion_even_odd,even_odd,,3,0.15000000000000002,3,9905,1905,True,25,spurious,-1,False
confusion_even_odd,even_odd,,3,0.15000000000000002,2,bd2f,fd4b,True,45,spurious,-1,False
confusion_even_odd,even_odd,,3,0.15000000000000002,1,b907,bd07,True,11,correct,3,True
confusion_even_odd,even_odd,,3,0.15000000000000002,3,9d16,bd07,True,45,correct,3,True
confusion_even_odd,even_odd,,3,0.15000000000000002,4,9c2f,fd4b,True,65,spurious,-1,False
confusion_even_odd,even_odd,,3,0.15000000000000002,2,bd57,bd07,True,11,correct,3,True
confusion_even_odd,even_odd,,3,0.15000000000000002,2,b517,bf97,True,49,spurious,-1,False
confusion_even_odd,even_odd,,3,0.15000000000000002,5,970d,359,True,45,spurious,-1,False
confusion_even_odd,even_odd,,3,0.15000000000000002,4,9c43,bd07,True,35,correct,3,True
confusion_even_odd,even_odd,,3,0.15000000000000002,2,b506,bd07,True,25,correct,3,True
confusion_even_odd,even_odd,,3,0.15000000000000002,3,bb06,bf97,True,45,spurious,-1,False
confusion_even_odd,even_odd,,3,0.15000000000000002,1,fd07,bd07,True,11,correct,3,True
confusion_even_odd,even_odd,,3,0.15000000000000002,5,fd6d,fd4b,True,25,spurious,-1,False
confusion_even_odd,even_odd,,3,0.15000000000000002,1,bc07,bd07,True,11,correct,3,True
confusion_even_odd,even_odd,,3,0.15000000000000002,5,8f01,359,True,59,spurious,-1,False
confusion_even_odd,even_odd,,3,0.15000000000000002,2,fd05,bd07,True,25,correct,3,True
confusion_even_odd,even_odd,,3,0.15000000000000002,2,3c07,bd07,True,25,correct,3,True
confusion_even_odd,even_odd,,3,0.15000000000000002,2,ad87,bd07,True,55,correct,3,True
confusion_even_odd,even_odd,,0,0.2,3,78ae,fca6,True,45,correct,0,True
confusion_even_odd,even_odd,,0,0.2,2,fda7,fca6,True,11,correct,0,True
confusion_even_odd,even_odd,,0,0.2,3,b4a4,fca6,True,45,correct,0,True
confusion_even_odd,even_odd,,0,0.2,3,dcb4,58a4,True,45,spurious,-1,False
confusion_even_odd,even_odd,,0,0.2,3,5ca7,58a4,True,45,spurious,-1,False
confusion_even_odd,even_odd,,0,0.2,4,6cac,58a4,True,45,spurious,-1,False
confusion_even_odd,even_odd,,0,0.2,3,f8b2,fca6,True,11,correct,0,True
confusion_even_odd,even_odd,,0,0.2,3,fc0e,fd4b,True,11,spurious,-1,False
confusion_even_odd,even_odd,,0,0.2,6,dac4,58a4,True,25,spurious,-1,False
confusion_even_odd,even_odd,,0,0.2,1,eca6,fca6,True,11,correct,0,True
confusion_even_odd,even_odd,,0,0.2,2,9ca6,fca6,True,25,correct,0,True
confusion_even_odd,even_odd,,0,0.2,5,ef96,fca6,True,89,correct,0,True
confusion_even_odd,even_odd,,0,0.2,4,feea,fc6a,True,49,spurious,-1,False
confusion_even_odd,even_odd,,0,0.2,2,7ea6,fca6,True,25,correct,0,True
confusion_even_odd,even_odd,,0,0.2,1,fcb6,fca6,True,11,correct,0,True
confusion_even_odd,even_odd,,0,0.2,3,f6ae,a6b6,True,79,wrong_pattern,2,False
confusion_even_odd,even_odd,,0,0.2,1,f8a6,fca6,True,11,correct,0,True
confusion_even_odd,even_odd,,0,0.2,2,fca5,fca6,True,25,correct,0,True
confusion_even_odd,even_odd,,0,0.2,5,99a7,fca6,True,45,correct,0,True
confusion_even_odd,even_odd,,0,0.2,6,48e4,58a4,True,11,spurious,-1,False
confusion_even_odd,even_odd,,0,0.2,4,b866,fca6,True,25,correct,0,True
confusion_even_odd,even_odd,,0,0.2,4,7aa4,58a4,True,25,spurious,-1,False
confusion_even_odd,even_odd,,0,0.2,3,dc22,fca6,True,59,correct,0,True
confusion_even_odd,even_odd,,0,0.2,6,fe10,fca6,True,103,correct,0,True
confusion_even_odd,even_odd,,0,0.2,4,fde5,fca6,True,45,correct,0,True
confusion_even_odd,even_odd,,0,0.2,4,dcea,fc6a,True,25,spurious,-1,False
confusion_even_odd,even_odd,,0,0.2,4,7cc7,fca6,True,45,correct,0,True
confusion_even_odd,even_odd,,0,0.2,6,8c04,1905,True,89,spurious,-1,False
confusion_even_odd,even_odd,,0,0.2,4,def6,fca6,True,25,correct,0,True
confusion_even_odd,even_odd,,0,0.2,2,ecae,fca6,True,25,correct,0,True
confusion_even_odd,even_odd,,0,0.2,6,d567,fd4b,True,69,spurious,-1,False
confusion_even_odd,even_odd,,0,0.2,4,e8a5,fca6,True,45,correct,0,True
confusion_even_odd,even_odd,,0,0.2,4,f606,a797,True,55,spurious,-1,False
confusion_even_odd,even_odd,,0,0.2,3,7c8e,fca6,True,25,correct,0,True
confusion_even_odd,even_odd,,0,0.2,3,7cb4,58a4,True,45,spurious,-1,False
confusion_even_odd,even_odd,,0,0.2,2,feb6,fca6,True,25,correct,0,True
confusion_even_odd,even_odd,,0,0.2,2,ece6,fca6,True,11,correct,0,True
confusion_even_odd,even_odd,,0,0.2,4,f0aa,fca6,True,35,correct,0,True
confusion_even_odd,even_odd,,0,0.2,3,fce3,fca6,True,11,correct,0,True
confusion_even_odd,even_odd,,0,0.2,2,eca2,fca6,True,11,correct,0,True
confusion_even_odd,even_odd,,0,0.2,2,7ea6,fca6,True,25,correct,0,True
confusion_even_odd,even_odd,,0,0.2,2,6ca6,fca6,True,25,correct,0,True
confusion_even_odd,even_odd,,0,0.2,2,fcaf,fca6,True,25,correct,0,True
confusion_even_odd,even_odd,,0,0.2,5,b4ce,e46a,True,89,spurious,-1,False
confusion_even_odd,even_odd,,0,0.2,5,ada3,fca6,True,21,correct,0,True
confusion_even_odd,even_odd,,0,0.2,6,5ed6,58a4,True,45,spurious,-1,False
confusion_even_odd,even_odd,,0,0.2,5,dcd7,fca6,True,35,correct,0,True
confusion_even_odd,even_odd,,0,0.2,4,7fa7,fca6,True,35,correct,0,True
confusion_even_odd,even_odd,,0,0.2,2,bda6,fca6,True,11,correct,0,True
confusion_even_odd,even_odd,,0,0.2,3,fc92,fca6,True,25,correct,0,True
confusion_even_odd,even_odd,,0,0.2,4,f5b4,fca6,True,49,correct,0,True
confusion_even_odd,even_odd,,0,0.2,7,f288,e6fa,True,89,spurious,-1,False
confusion_even_odd,even_odd,,0,0.2,2,7ea6,fca6,True,25,correct,0,True
confusion_even_odd,even_odd,,0,0.2,3,fcf4,fca6,True,25,correct,0,True
confusion_even_odd,even_odd,,0,0.2,1,f8a6,fca6,True,11,correct,0,True
confusion_even_odd,even_odd,,0,0.2,2,fd26,fca6,True,59,correct,0,True
confusion_even_odd,even_odd,,0,0.2,2,f8a4,fca6,True,45,correct,0,True
confusion_even_odd,even_odd,,0,0.2,6,8482,fca6,True,79,correct,0,True
confusion_even_odd,even_odd,,0,0.2,4,3cbe,fca6,True,35,correct,0,True
confusion_even_odd,even_odd,,0,0.2,4,b5e6,fca6,True,45,correct,0,True
confusion_even_odd,even_odd,,0,0.2,1,fcae,fca6,True,25,correct,0,True
confusion_even_odd,even_odd,,0,0.2,2,faa6,fca6,True,25,correct,0,True
confusion_even_odd,even_odd,,0,0.2,5,9c20,58a4,True,45,spurious,-1,False
confusion_even_odd,even_odd,,0,0.2,2,7ca4,58a4,True,45,spurious,-1,False
confusion_even_odd,even_odd,,0,0.2,1,eca6,fca6,True,11,correct,0,True
confusion_even_odd,even_odd,,0,0.2,5,57a6,58a4,True,69,spurious,-1,False
confusion_even_odd,even_odd,,0,0.2,3,fc8a,fca6,True,83,correct,0,True
confusion_even_odd,even_odd,,0,0.2,5,77a4,58a4,True,69,spurious,-1,False
confusion_even_odd,even_odd,,0,0.2,2,fee6,fca6,True,25,correct,0,True
confusion_even_odd,even_odd,,0,0.2,3,ecac,fca6,True,25,correct,0,True
confusion_even_odd,even_odd,,0,0.2,4,fc95,fca6,True,45,correct,0,True
confusion_even_odd,even_odd,,0,0.2,3,a4a6,fca6,True,45,correct,0,True
confusion_even_odd,even_odd,,0,0.2,2,fc66,fca6,True,59,correct,0,True
confusion_even_odd,even_odd,,0,0.2,3,fcea,fc6a,True,25,spurious,-1,False
confusion_even_odd,even_odd,,0,0.2,2,bea6,fca6,True,25,correct,0,True
confusion_even_odd,even_odd,,0,0.2,2,7cae,fca6,True,25,correct,0,True
confusion_even_odd,even_odd,,0,0.2,7,3deb,fca6,True,45,correct,0,True
confusion_even_odd,even_odd,,0,0.2,3,fcf2,fca6,True,11,correct,0,True
confusion_even_odd,even_odd,,0,0.2,2,f8b6,fca6,True,11,correct,0,True
confusion_even_odd,even_odd,,0,0.2,4,fe83,fca6,True,35,correct,0,True
confusion_even_odd,even_odd,,0,0.2,0,fca6,fca6,True,0,correct,0,True
confusion_even_odd,even_odd,,0,0.2,2,fca0,fca6,True,25,correct,0,True
confusion_even_odd,even_odd,,0,0.2,4,c4ae,fc2e,False,1636,oscillated,-1,False
confusion_even_odd,even_odd,,0,0.2,5,f82d,fd4b,True,45,spurious,-1,False
confusion_even_odd,even_odd,,0,0.2,7,8c12,bd07,True,45,wrong_pattern,3,False
confusion_even_odd,even_odd,,0,0.2,3,dca3,fca6,True,25,correct,0,True
confusion_even_odd,even_odd,,0,0.2,2,f4ae,fca6,True,25,correct,0,True
confusion_even_odd,even_odd,,0,0.2,4,de22,fca6,True,59,correct,0,True
confusion_even_odd,even_odd,,0,0.2,3,bca5,fca6,True,25,correct,0,True
confusion_even_odd,even_odd,,0,0.2,2,e8a6,fca6,True,11,correct,0,True
confusion_even_odd,even_odd,,0,0.2,2,f886,fca6,True,25,correct,0,True
confusion_even_odd,even_odd,,0,0.2,6,7e90,58a4,True,45,spurious,-1,False
confusion_even_odd,even_odd,,0,0.2,3,fd66,fc23,False,1636,oscillated,-1,False
confusion_even_odd,even_odd,,0,0.2,4,69a6,fca6,True,45,correct,0,True
confusion_even_odd,even_odd,,0,0.2,2,d4a6,fca6,True,25,correct,0,True
confusion_even_odd,even_odd,,0,0.2,4,ecfe,fca6,True,45,correct,0,True
confusion_even_odd,even_odd,,0,0.2,3,dfa6,fca6,True,25,correct,0,True
confusion_even_odd,even_odd,,0,0.2,4,cda4,58a4,True,45,spurious,-1,False
confusion_even_odd,even_odd,,0,0.2,6,e881,fca6,True,45,correct,0,True
confusion_even_odd,even_odd,,0,0.2,7,5266,42f8,True,65,spurious,-1,False
confusion_even_odd,even_odd,,0,0.2,1,7ca6,fca6,True,25,correct,0,True
confusion_even_odd,even_odd,,0,0.2,3,ecbe,fca6,True,45,correct,0,True
confusion_even_odd,even_odd,,0,0.2,2,fca0,fca6,True,25,correct,0,True
confusion_even_odd,even_odd,,0,0.2,6,54f2,58a4,True,45,spurious,-1,False
confusion_even_odd,even_odd,,0,0.2,2,dca7,fca6,True,25,correct,0,True
confusion_even_odd,even_odd,,0,0.2,7,d454,359,True,79,spurious,-1,False
confusion_even_odd,even_odd,,0,0.2,0,fca6,fca6,True,0,correct,0,True
confusion_even_odd,even_odd,,0,0.2,5,f6ea,e6fa,True,11,spurious,-1,False
confusion_even_odd,even_odd,,0,0.2,2,eca4,fca6,True,25,correct,0,True
confusion_even_odd,even_odd,,0,0.2,3,fc23,fd66,False,1636,oscillated,-1,False
confusion_even_odd,even_odd,,0,0.2,1,fcae,fca6,True,25,correct,0,True
confusion_even_odd,even_odd,,0,0.2,3,feee,fca6,True,35,correct,0,True
confusion_even_odd,even_odd,,0,0.2,2,d4a6,fca6,True,25,correct,0,True
confusion_even_odd,even_odd,,0,0.2,4,d8a3,fca6,True,45,correct,0,True
confusion_even_odd,even_odd,,0,0.2,2,fcee,fca6,True,35,correct,0,True
confusion_even_odd,even_odd,,0,0.2,2,f4a4,fca6,True,25,correct,0,True
confusion_even_odd,even_odd,,0,0.2,1,fc86,fca6,True,25,correct,0,True
confusion_even_odd,even_odd,,0,0.2,5,dd25,1905,True,45,spurious,-1,False
confusion_even_odd,even_odd,,0,0.2,4,64ae,fc2e,False,1636,oscillated,-1,False
confusion_even_odd,even_odd,,0,0.2,3,dc87,fca6,True,35,correct,0,True
confusion_even_odd,even_odd,,1,0.2,3,3a91,2b4,True,35,spurious,-1,False
confusion_even_odd,even_odd,,1,0.2,3,198d,1905,True,35,spurious,-1,False
confusion_even_odd,even_odd,,1,0.2,2,b9d,395,True,49,spurious,-1,False
confusion_even_odd,even_odd,,1,0.2,5,9184,2b4,True,89,spurious,-1,False
confusion_even_odd,even_odd,,1,0.2,3,99b5,58a4,True,35,spurious,-1,False
confusion_even_odd,even_odd,,1,0.2,5,bb2,2b4,True,35,spurious,-1,False
confusion_even_odd,even_odd,,1,0.2,3,1984,58a4,True,45,spurious,-1,False
confusion_even_odd,even_odd,,1,0.2,5,b981,bd07,True,45,wrong_pattern,3,False
confusion_even_odd,even_odd,,1,0.2,1,1395,395,True,11,spurious,-1,False
confusion_even_odd,even_odd,,1,0.2,5,bed5,a6b6,True,35,wrong_pattern,2,False
confusion_even_odd,even_odd,,1,0.2,1,1b91,1b95,True,21,correct,1,True
confusion_even_odd,even_odd,,1,0.2,3,ab5,58a4,True,55,spurious,-1,False
confusion_even_odd,even_odd,,1,0.2,3,3895,58a4,True,45,spurious,-1,False
confusion_even_odd,even_odd,,1,0.2,3,1981,1905,True,25,spurious,-1,False
confusion_even_odd,even_odd,,1,0.2,3,1894,58a4,True,35,spurious,-1,False
confusion_even_odd,even_odd,,1,0.2,0,1b95,1b95,True,0,correct,1,True
confusion_even_odd,even_odd,,1,0.2,1,1395,395,True,11,spurious,-1,False
confusion_even_odd,even_odd,,1,0.2,7,7a0,2b4,True,11,spurious,-1,False
confusion_even_odd,even_odd,,1,0.2,2,1bf5,2b4,True,35,spurious,-1,False
confusion_even_odd,even_odd,,1,0.2,2,1e95,58a4,True,69,spurious,-1,False
confusion_even_odd,even_odd,,1,0.2,3,4b97,1b95,True,45,correct,1,True
confusion_even_odd,even_odd,,1,0.2,5,5884,58a4,True,25,spurious,-1,False
confusion_even_odd,even_odd,,1,0.2,1,1395,395,True,11,spurious,-1,False
confusion_even_odd,even_odd,,1,0.2,5,11b6,2b4,True,49,spurious,-1,False
confusion_even_odd,even_odd,,1,0.2,0,1b95,1b95,True,0,correct,1,True
confusion_even_odd,even_odd,,1,0.2,3,9d5,1905,True,55,spurious,-1,False
confusion_even_odd,even_odd,,1,0.2,4,2ab5,58a4,True,55,spurious,-1,False
confusion_even_odd,even_odd,,1,0.2,5,3f4,2b4,True,11,spurious,-1,False
confusion_even_odd,even_odd,,1,0.2,4,3b5d,359,True,35,spurious,-1,False
confusion_even_odd,even_odd,,1,0.2,3,3991,1905,True,45,spurious,-1,False
confusion_even_odd,even_odd,,1,0.2,3,9bdd,395,True,49,spurious,-1,False
confusion_even_odd,even_odd,,1,0.2,4,3914,1905,True,45,spurious,-1,False
confusion_even_odd,even_odd,,1,0.2,4,5a93,58a4,True,35,spurious,-1,False
confusion_even_odd,even_odd,,1,0.2,3,1987,1905,True,25,spurious,-1,False
confusion_even_odd,even_odd,,1,0.2,3,3bb7,fca6,True,59,wrong_pattern,0,False
confusion_even_odd,even_odd,,1,0.2,2,1b8d,395,True,79,spurious,-1,False
confusion_even_odd,even_odd,,1,0.2,4,7385,1b95,True,35,correct,1,True
confusion_even_odd,even_odd,,1,0.2,2,9395,395,True,45,spurious,-1,False
confusion_even_odd,even_odd,,1,0.2,3,9bc5,1b95,True,45,correct,1,True
confusion_even_odd,even_odd,,1,0.2,4,4195,1b95,True,25,correct,1,True
confusion_even_odd,even_odd,,1,0.2,6,bab0,a6b6,True,69,wrong_pattern,2,False
confusion_even_odd,even_odd,,1,0.2,3,9315,395,True,45,spurious,-1,False
confusion_even_odd,even_odd,,1,0.2,3,13b1,2b4,True,11,spurious,-1,False
confusion_even_odd,even_odd,,1,0.2,0,1b95,1b95,True,0,correct,1,True
confusion_even_odd,even_odd,,1,0.2,2,1b17,1b95,True,25,correct,1,True
confusion_even_odd,even_odd,,1,0.2,3,9bc5,1b95,True,45,correct,1,True
confusion_even_odd,even_odd,,1,0.2,1,1995,1905,True,45,spurious,-1,False
confusion_even_odd,even_odd,,1,0.2,2,5995,1905,True,35,spurious,-1,False
confusion_even_odd,even_odd,,1,0.2,5,3b53,a7d3,False,1636,oscillated,-1,False
confusion_even_odd,even_odd,,1,0.2,6,1e8e,58a4,True,45,spurious,-1,False
confusion_even_odd,even_odd,,1,0.2,2,bb95,bf97,True,45,spurious,-1,False
confusion_even_odd,even_odd,,1,0.2,3,fb5,58a4,True,55,spurious,-1,False
confusion_even_odd,even_odd,,1,0.2,1,3b95,1b95,True,25,correct,1,True
confusion_even_odd,even_odd,,1,0.2,3,1e94,58a4,True,59,spurious,-1,False
confusion_even_odd,even_odd,,1,0.2,2,bd5,1b95,True,21,correct,1,True
confusion_even_odd,even_odd,,1,0.2,4,83b5,2b4,True,35,spurious,-1,False
confusion_even_odd,even_odd,,1,0.2,3,3f94,58a4,True,69,spurious,-1,False
confusion_even_odd,even_odd,,1,0.2,1,1f95,1b95,True,11,correct,1,True
confusion_even_odd,even_odd,,1,0.2,7,a1b1,a6b6,True,83,wrong_pattern,2,False
confusion_even_odd,even_odd,,1,0.2,4,9987,bd07,True,45,wrong_pattern,3,False
confusion_even_odd,even_odd,,1,0.2,5,43dd,359,True,25,spurious,-1,False
confusion_even_odd,even_odd,,1,0.2,3,3795,395,True,45,spurious,-1,False
confusion_even_odd,even_odd,,1,0.2,2,1b84,58a4,True,59,spurious,-1,False
confusion_even_odd,even_odd,,1,0.2,3,1981,1905,True,25,spurious,-1,False
confusion_even_odd,even_odd,,1,0.2,6,6381,359,True,59,spurious,-1,False
confusion_even_odd,even_odd,,1,0.2,1,1f95,1b95,True,11,correct,1,True
confusion_even_odd,even_odd,,1,0.2,4,19fd,58a4,True,45,spurious,-1,False
confusion_even_odd,even_odd,,1,0.2,2,1bf5,2b4,True,35,spurious,-1,False
confusion_even_odd,even_odd,,1,0.2,3,5bd7,1905,True,35,spurious,-1,False
confusion_even_odd,even_odd,,1,0.2,2,1ba5,58a4,True,45,spurious,-1,False
confusion_even_odd,even_odd,,1,0.2,4,8b9c,2b4,True,35,spurious,-1,False
confusion_even_odd,even_odd,,1,0.2,4,1ae5,58a4,True,25,spurious,-1,False
confusion_even_odd,even_odd,,1,0.2,4,1b12,395,True,35,spurious,-1,False
confusion_even_odd,even_odd,,1,0.2,4,3191,395,True,49,spurious,-1,False
confusion_even_odd,even_odd,,1,0.2,2,1bbd,2b4,True,35,spurious,-1,False
confusion_even_odd,even_odd,,1,0.2,5,3dd4,58a4,True,45,spurious,-1,False
confusion_even_odd,even_odd,,1,0.2,2,5a95,58a4,True,35,spurious,-1,False
confusion_even_odd,even_odd,,1,0.2,4,39f,395,True,49,spurious,-1,False
confusion_even_odd,even_odd,,1,0.2,5,d185,1b95,True,79,correct,1,True
confusion_even_odd,even_odd,,1,0.2,3,3b81,1b95,True,45,correct,1,True
confusion_even_odd,even_odd,,1,0.2,7,aae,58a4,True,45,spurious,-1,False
confusion_even_odd,even_odd,,1,0.2,3,5991,1905,True,25,spurious,-1,False
confusion_even_odd,even_odd,,1,0.2,3,ba5,58a4,True,55,spurious,-1,False
confusion_even_odd,even_odd,,1,0.2,1,1bd5,1b95,True,21,correct,1,True
confusion_even_odd,even_odd,,1,0.2,5,1fac,58a4,True,25,spurious,-1,False
confusion_even_odd,even_odd,,1,0.2,2,1bd4,2b4,True,35,spurious,-1,False
confusion_even_odd,even_odd,,1,0.2,7,d2fd,2b4,True,93,spurious,-1,False
confusion_even_odd,even_odd,,1,0.2,3,1a81,58a4,True,45,spurious,-1,False
confusion_even_odd,even_odd,,1,0.2,3,5315,395,True,45,spurious,-1,False
confusion_even_odd,even_odd,,1,0.2,1,1f95,1b95,True,11,correct,1,True
confusion_even_odd,even_odd,,1,0.2,1,1a95,58a4,True,69,spurious,-1,False
confusion_even_odd,even_odd,,1,0.2,3,53d5,395,True,11,spurious,-1,False
confusion_even_odd,even_odd,,1,0.2,5,bb86,fca6,True,59,wrong_pattern,0,False
confusion_even_odd,even_odd,,1,0.2,5,dbcd,1905,True,35,spurious,-1,False
confusion_even_odd,even_odd,,1,0.2,4,db87,bd07,True,69,wrong_pattern,3,False
confusion_even_odd,even_odd,,1,0.2,3,19d7,1905,True,45,spurious,-1,False
confusion_even_odd,even_odd,,1,0.2,2,1f15,1b95,True,25,correct,1,True
confusion_even_odd,even_odd,,1,0.2,1,1b94,58a4,True,69,spurious,-1,False
confusion_even_odd,even_odd,,1,0.2,4,8b9f,a797,True,59,spurious,-1,False
confusion_even_odd,even_odd,,1,0.2,5,58f5,58a4,True,11,spurious,-1,False
confusion_even_odd,even_odd,,1,0.2,6,cc95,58a4,True,45,spurious,-1,False
confusion_even_odd,even_odd,,1,0.2,6,9327,a797,True,45,spurious,-1,False
confusion_even_odd,even_odd,,1,0.2,2,db95,1905,True,35,spurious,-1,False
confusion_even_odd,even_odd,,1,0.2,3,5394,2b4,True,45,spurious,-1,False
confusion_even_odd,even_odd,,1,0.2,3,5b81,1b95,True,21,correct,1,True
confusion_even_odd,even_odd,,1,0.2,4,6bb5,58a4,True,55,spurious,-1,False
confusion_even_odd,even_odd,,1,0.2,3,1fa5,58a4,True,45,spurious,-1,False
confusion_even_odd,even_odd,,1,0.2,6,5fcf,1905,True,69,spurious,-1,False
confusion_even_odd,even_odd,,1,0.2,2,1b81,1b95,True,11,correct,1,True
confusion_even_odd,even_odd,,1,0.2,2,1991,1905,True,45,spurious,-1,False
confusion_even_odd,even_odd,,1,0.2,3,bb1,2b4,True,35,spurious,-1,False
confusion_even_odd,even_odd,,1,0.2,4,db05,1905,True,35,spurious,-1,False
confusion_even_odd,even_odd,,1,0.2,3,8f95,1b95,True,45,correct,1,True
confusion_even_odd,even_odd,,1,0.2,1,9b95,1b95,True,25,correct,1,True
confusion_even_odd,even_odd,,1,0.2,4,a87,58a4,True,89,spurious,-1,False
confusion_even_odd,even_odd,,1,0.2,4,4394,2b4,True,35,spurious,-1,False
confusion_even_odd,even_odd,,1,0.2,5,cb9c,2b4,True,35,spurious,-1,False
confusion_even_odd,even_odd,,1,0.2,3,1b07,1b95,True,45,correct,1,True
confusion_even_odd,even_odd,,1,0.2,6,9198,359,True,85,spurious,-1,False
confusion_even_odd,even_odd,,1,0.2,2,1385,395,True,11,spurious,-1,False
confusion_even_odd,even_odd,,2,0.2,4,6a4,2b4,True,21,spurious,-1,False
confusion_even_odd,even_odd,,2,0.2,5,c2f4,2b4,True,35,spurious,-1,False
confusion_even_odd,even_odd,,2,0.2,2,b6b2,a6b6,True,21,correct,2,True
confusion_even_odd,even_odd,,2,0.2,2,e2b6,a6b6,True,11,correct,2,True
confusion_even_odd,even_odd,,2,0.2,3,eebe,fca6,True,45,wrong_pattern,0,False
confusion_even_odd,even_odd,,2,0.2,6,cec6,fca6,True,41,wrong_pattern,0,False
confusion_even_odd,even_odd,,2,0.2,3,a4a4,fca6,True,45,wrong_pattern,0,False
confusion_even_odd,even_odd,,2,0.2,1,aeb6,fca6,True,55,wrong_pattern,0,False
confusion_even_odd,even_odd,,2,0.2,4,86a5,2b4,True,45,spurious,-1,False
confusion_even_odd,even_odd,,2,0.2,3,b6b3,a6b6,True,11,correct,2,True
confusion_even_odd,even_odd,,2,0.2,2,ae96,fca6,True,89,wrong_pattern,0,False
confusion_even_odd,even_odd,,2,0.2,2,ae36,fca6,True,89,wrong_pattern,0,False
confusion_even_odd,even_odd,,2,0.2,3,66f6,a6b6,True,35,correct,2,True
confusion_even_odd,even_odd,,2,0.2,3,2436,a6b6,True,25,correct,2,True
confusion_even_odd,even_odd,,2,0.2,2,a697,a6b6,True,35,correct,2,True
confusion_even_odd,even_odd,,2,0.2,2,e6b7,a6b6,True,11,correct,2,True
confusion_even_odd,even_odd,,2,0.2,1,a6a6,a6b6,True,21,correct,2,True
confusion_even_odd,even_odd,,2,0.2,4,a6c7,a6b6,True,45,correct,2,True
confusion_even_odd,even_odd,,2,0.2,2,82b6,a6b6,True,45,correct,2,True
confusion_even_odd,even_odd,,2,0.2,1,a696,a6b6,True,25,correct,2,True
confusion_even_odd,even_odd,,2,0.2,4,fcb6,fca6,True,11,wrong_pattern,0,False
confusion_even_odd,even_odd,,2,0.2,5,d6bf,a6b6,True,45,correct,2,True
confusion_even_odd,even_odd,,2,0.2,1,a7b6,a6b6,True,11,correct,2,True
confusion_even_odd,even_odd,,2,0.2,5,6633,a75b,True,83,spurious,-1,False
confusion_even_odd,even_odd,,2,0.2,5,2af7,a6b6,True,69,correct,2,True
confusion_even_odd,even_odd,,2,0.2,2,26b2,a6b6,True,25,correct,2,True
confusion_even_odd,even_odd,,2,0.2,3,a635,a6b6,True,59,correct,2,True
confusion_even_odd,even_odd,,2,0.2,3,8fb6,fca6,True,55,wrong_pattern,0,False
confusion_even_odd,even_odd,,2,0.2,2,b6b4,a6b6,True,45,correct,2,True
confusion_even_odd,even_odd,,2,0.2,4,a03e,e46a,True,21,spurious,-1,False
confusion_even_odd,even_odd,,2,0.2,6,a7e8,e6fa,True,35,spurious,-1,False
confusion_even_odd,even_odd,,2,0.2,2,b6b4,a6b6,True,45,correct,2,True
confusion_even_odd,even_odd,,2,0.2,1,aeb6,fca6,True,55,wrong_pattern,0,False
confusion_even_odd,even_odd,,2,0.2,4,3694,2b4,True,45,spurious,-1,False
confusion_even_odd,even_odd,,2,0.2,1,a636,a6b6,True,25,correct,2,True
confusion_even_odd,even_odd,,2,0.2,5,b657,a75b,True,45,spurious,-1,False
confusion_even_odd,even_odd,,2,0.2,3,a69c,a6b6,True,25,correct,2,True
confusion_even_odd,even_odd,,2,0.2,2,a6ba,e6fa,True,21,spurious,-1,False
confusion_even_odd,even_odd,,2,0.2,3,b0b6,fca6,True,45,wrong_pattern,0,False
confusion_even_odd,even_odd,,2,0.2,3,6b2,2b4,True,45,spurious,-1,False
confusion_even_odd,even_odd,,2,0.2,3,b2b2,a6b6,True,21,correct,2,True
confusion_even_odd,even_odd,,2,0.2,2,aab6,fca6,True,55,wrong_pattern,0,False
confusion_even_odd,even_odd,,2,0.2,5,be22,fca6,True,35,wrong_pattern,0,False
confusion_even_odd,even_odd,,2,0.2,5,b397,a797,True,11,spurious,-1,False
confusion_even_odd,even_odd,,2,0.2,5,ebc,2b4,True,35,spurious,-1,False
confusion_even_odd,even_odd,,2,0.2,3,ac36,fca6,True,45,wrong_pattern,0,False
confusion_even_odd,even_odd,,2,0.2,4,8737,a797,True,25,spurious,-1,False
confusion_even_odd,even_odd,,2,0.2,4,aabf,a6b6,True,35,correct,2,True
confusion_even_odd,even_odd,,2,0.2,3,6b7,2b4,True,45,spurious,-1,False
confusion_even_odd,even_odd,,2,0.2,1,a696,a6b6,True,25,correct,2,True
confusion_even_odd,even_odd,,2,0.2,4,2497,a6b6,True,35,correct,2,True
confusion_even_odd,even_odd,,2,0.2,6,272c,359,True,45,spurious,-1,False
confusion_even_odd,even_odd,,2,0.2,3,8692,a6b6,True,25,correct,2,True
confusion_even_odd,even_odd,,2,0.2,2,ae96,fca6,True,89,wrong_pattern,0,False
confusion_even_odd,even_odd,,2,0.2,2,a6a7,a6b6,True,11,correct,2,True
confusion_even_odd,even_odd,,2,0.2,1,a6b4,a6b6,True,25,correct,2,True
confusion_even_odd,even_odd,,2,0.2,4,aaa2,fca6,True,45,wrong_pattern,0,False
confusion_even_odd,even_odd,,2,0.2,2,a7be,a6b6,True,25,correct,2,True
confusion_even_odd,even_odd,,2,0.2,5,ef92,fca6,True,89,wrong_pattern,0,False
confusion_even_odd,even_odd,,2,0.2,2,e6b7,a6b6,True,11,correct,2,True
confusion_even_odd,even_odd,,2,0.2,7,8323,a75b,True,59,spurious,-1,False
confusion_even_odd,even_odd,,2,0.2,3,acb4,fca6,True,45,wrong_pattern,0,False
confusion_even_odd,even_odd,,2,0.2,3,b4b2,fca6,True,45,wrong_pattern,0,False
confusion_even_odd,even_odd,,2,0.2,0,a6b6,a6b6,True,0,correct,2,True
confusion_even_odd,even_odd,,2,0.2,0,a6b6,a6b6,True,0,correct,2,True
confusion_even_odd,even_odd,,2,0.2,3,84a6,fca6,True,45,wrong_pattern,0,False
confusion_even_odd,even_odd,,2,0.2,3,a737,a797,True,25,spurious,-1,False
confusion_even_odd,even_odd,,2,0.2,4,2e32,e6fa,True,45,spurious,-1,False
confusion_even_odd,even_odd,,2,0.2,1,26b6,a6b6,True,25,correct,2,True
confusion_even_odd,even_odd,,2,0.2,7,783,395,True,45,spurious,-1,False
confusion_even_odd,even_odd,,2,0.2,4,269f,a6b6,True,35,correct,2,True
confusion_even_odd,even_odd,,2,0.2,5,aa87,fca6,True,89,wrong_pattern,0,False
confusion_even_odd,even_odd,,2,0.2,7,83df,a75b,True,59,spurious,-1,False
confusion_even_odd,even_odd,,2,0.2,1,a4b6,fca6,True,45,wrong_pattern,0,False
confusion_even_odd,even_odd,,2,0.2,4,a326,a6b6,True,59,correct,2,True
confusion_even_odd,even_odd,,2,0.2,2,aeb2,a6b6,True,35,correct,2,True
confusion_even_odd,even_odd,,2,0.2,2,2636,a6b6,True,25,correct,2,True
confusion_even_odd,even_odd,,2,0.2,4,bcbe,fca6,True,35,wrong_pattern,0,False
confusion_even_odd,even_odd,,2,0.2,2,a6a2,a6b6,True,21,correct,2,True
confusion_even_odd,even_odd,,2,0.2,3,8692,a6b6,True,25,correct,2,True
confusion_even_odd,even_odd,,2,0.2,2,a7b2,a6b6,True,11,correct,2,True
confusion_even_odd,even_odd,,2,0.2,2,a496,a6b6,True,25,correct,2,True
confusion_even_odd,even_odd,,2,0.2,2,ae36,fca6,True,89,wrong_pattern,0,False
confusion_even_odd,even_odd,,2,0.2,4,27bc,2b4,True,45,spurious,-1,False
confusion_even_odd,even_odd,,2,0.2,4,ceb4,58a4,True,65,spurious,-1,False
confusion_even_odd,even_odd,,2,0.2,1,e6b6,a6b6,True,11,correct,2,True
confusion_even_odd,even_odd,,2,0.2,1,a7b6,a6b6,True,11,correct,2,True
confusion_even_odd,even_odd,,2,0.2,5,ffb2,fca6,True,25,wrong_pattern,0,False
confusion_even_odd,even_odd,,2,0.2,2,a7be,a6b6,True,25,correct,2,True
confusion_even_odd,even_odd,,2,0.2,6,f7a3,a6b6,True,11,correct,2,True
confusion_even_odd,even_odd,,2,0.2,1,86b6,a6b6,True,25,correct,2,True
confusion_even_odd,even_odd,,2,0.2,3,beb4,fca6,True,35,wrong_pattern,0,False
confusion_even_odd,even_odd,,2,0.2,5,7eb4,58a4,True,45,spurious,-1,False
confusion_even_odd,even_odd,,2,0.2,2,26f6,a6b6,True,25,correct,2,True
confusion_even_odd,even_odd,,2,0.2,2,e6f6,a6b6,True,21,correct,2,True
confusion_even_odd,even_odd,,2,0.2,5,85b5,2b4,True,59,spurious,-1,False
confusion_even_odd,even_odd,,2,0.2,4,c6b0,2b4,True,45,spurious,-1,False
confusion_even_odd,even_odd,,2,0.2,0,a6b6,a6b6,True,0,correct,2,True
confusion_even_odd,even_odd,,2,0.2,4,b2f2,a6b6,True,21,correct,2,True
confusion_even_odd,even_odd,,2,0.2,4,fab6,fca6,True,25,wrong_pattern,0,False
confusion_even_odd,even_odd,,2,0.2,3,80b6,fca6,True,45,wrong_pattern,0,False
confusion_even_odd,even_odd,,2,0.2,1,a6b7,a6b6,True,11,correct,2,True
confusion_even_odd,even_odd,,2,0.2,3,2ea6,fca6,True,45,wrong_pattern,0,False
confusion_even_odd,even_odd,,2,0.2,3,a666,e6fa,True,35,spurious,-1,False
confusion_even_odd,even_odd,,2,0.2,5,b2e7,a6b6,True,21,correct,2,True
confusion_even_odd,even_odd,,2,0.2,3,aebc,a6b6,True,35,correct,2,True
confusion_even_odd,even_odd,,2,0.2,1,a4b6,fca6,True,45,wrong_pattern,0,False
confusion_even_odd,even_odd,,2,0.2,1,aeb6,fca6,True,55,wrong_pattern,0,False
confusion_even_odd,even_odd,,2,0.2,4,e2fe,e6fa,True,11,spurious,-1,False
confusion_even_odd,even_odd,,2,0.2,4,a620,e6fa,True,35,spurious,-1,False
confusion_even_odd,even_odd,,2,0.2,1,a7b6,a6b6,True,11,correct,2,True
confusion_even_odd,even_odd,,2,0.2,4,eabe,fca6,True,45,wrong_pattern,0,False
confusion_even_odd,even_odd,,2,0.2,6,8fe7,fca6,True,55,wrong_pattern,0,False
confusion_even_odd,even_odd,,2,0.2,2,ae96,fca6,True,89,wrong_pattern,0,False
confusion_even_odd,even_odd,,2,0.2,2,a7b7,a6b6,True,11,correct,2,True
confusion_even_odd,even_odd,,2,0.2,4,e432,fc6a,True,79,spurious,-1,False
confusion_even_odd,even_odd,,2,0.2,4,eb4,58a4,True,55,spurious,-1,False
confusion_even_odd,even_odd,,2,0.2,0,a6b6,a6b6,True,0,correct,2,True
confusion_even_odd,even_odd,,2,0.2,2,a6f4,a6b6,True,25,correct,2,True
confusion_even_odd,even_odd,,2,0.2,4,a698,a6b6,True,35,correct,2,True
confusion_even_odd,even_odd,,3,0.2,2,bd25,bd07,True,25,correct,3,True
confusion_even_odd,even_odd,,3,0.2,7,39f5,58a4,True,45,spurious,-1,False
confusion_even_odd,even_odd,,3,0.2,3,9d8f,bd07,True,35,correct,3,True
confusion_even_odd,even_odd,,3,0.2,5,fb46,bd07,True,35,correct,3,True
confusion_even_odd,even_odd,,3,0.2,2,3d17,bd07,True,45,correct,3,True
confusion_even_odd,even_odd,,3,0.2,3,adc7,bd07,True,55,correct,3,True
confusion_even_odd,even_odd,,3,0.2,2,bd46,bd07,True,21,correct,3,True
confusion_even_odd,even_odd,,3,0.2,1,bd17,bd07,True,11,correct,3,True
confusion_even_odd,even_odd,,3,0.2,4,3b27,bf97,True,45,spurious,-1,False
confusion_even_odd,even_odd,,3,0.2,4,ed04,bd07,True,35,correct,3,True
confusion_even_odd,even_odd,,3,0.2,6,592f,5949,True,35,spurious,-1,False
confusion_even_odd,even_odd,,3,0.2,4,2d26,fca6,True,59,wrong_pattern,0,False
confusion_even_odd,even_odd,,3,0.2,4,9525,1905,True,45,spurious,-1,False
confusion_even_odd,even_odd,,3,0.2,4,fd5f,fd4b,True,21,spurious,-1,False
confusion_even_odd,even_odd,,3,0.2,2,b587,a797,True,55,spurious,-1,False
confusion_even_odd,even_odd,,3,0.2,3,af06,bf97,True,45,spurious,-1,False
confusion_even_odd,even_odd,,3,0.2,4,b581,a797,True,49,spurious,-1,False
confusion_even_odd,even_odd,,3,0.2,3,3d0e,fd4b,True,51,spurious,-1,False
confusion_even_odd,even_odd,,3,0.2,4,7905,1905,True,25,spurious,-1,False
confusion_even_odd,even_odd,,3,0.2,6,ae81,fca6,True,123,wrong_pattern,0,False
confusion_even_odd,even_odd,,3,0.2,3,fd13,bd07,True,21,correct,3,True
confusion_even_odd,even_odd,,3,0.2,1,bd05,bd07,True,25,correct,3,True
confusion_even_odd,even_odd,,3,0.2,4,9915,1905,True,45,spurious,-1,False
confusion_even_odd,even_odd,,3,0.2,3,b187,a797,True,55,spurious,-1,False
confusion_even_odd,even_odd,,3,0.2,6,f756,a75b,True,45,spurious,-1,False
confusion_even_odd,even_odd,,3,0.2,3,ed87,bd07,True,25,correct,3,True
confusion_even_odd,even_odd,,3,0.2,1,bf07,bf97,True,45,spurious,-1,False
confusion_even_odd,even_odd,,3,0.2,2,3d06,bd07,True,25,correct,3,True
confusion_even_odd,even_odd,,3,0.2,5,8902,fd4b,True,93,spurious,-1,False
confusion_even_odd,even_odd,,3,0.2,3,bd6f,fd4b,True,35,spurious,-1,False
confusion_even_odd,even_odd,,3,0.2,4,b60f,a75b,True,11,spurious,-1,False
confusion_even_odd,even_odd,,3,0.2,4,1d13,1905,True,45,spurious,-1,False
confusion_even_odd,even_odd,,3,0.2,3,ff47,bd07,True,35,correct,3,True
confusion_even_odd,even_odd,,3,0.2,5,2d00,5949,True,93,spurious,-1,False
confusion_even_odd,even_odd,,3,0.2,3,3d0d,1905,True,45,spurious,-1,False
confusion_even_odd,even_odd,,3,0.2,2,bf17,bf97,True,25,spurious,-1,False
confusion_even_odd,even_odd,,3,0.2,2,bf03,bf97,True,45,spurious,-1,False
confusion_even_odd,even_odd,,3,0.2,3,8d06,bd07,True,25,correct,3,True
confusion_even_odd,even_odd,,3,0.2,4,1c0f,1905,True,59,spurious,-1,False
confusion_even_odd,even_odd,,3,0.2,4,db07,bd07,True,69,correct,3,True
confusion_even_odd,even_odd,,3,0.2,5,bdac,fca6,True,35,wrong_pattern,0,False
confusion_even_odd,even_odd,,3,0.2,6,9e9f,a6b6,True,35,wrong_pattern,2,False
confusion_even_odd,even_odd,,3,0.2,2,af07,bf97,True,45,spurious,-1,False
confusion_even_odd,even_odd,,3,0.2,4,fd0a,fd4b,True,11,spurious,-1,False
confusion_even_odd,even_odd,,3,0.2,7,2ce3,fca6,True,45,wrong_pattern,0,False
confusion_even_odd,even_odd,,3,0.2,2,7d07,bd07,True,25,correct,3,True
confusion_even_odd,even_odd,,3,0.2,3,ff05,bd07,True,35,correct,3,True
confusion_even_odd,even_odd,,3,0.2,0,bd07,bd07,True,0,correct,3,True
confusion_even_odd,even_odd,,3,0.2,3,ed17,bd07,True,11,correct,3,True
confusion_even_odd,even_odd,,3,0.2,4,bf1b,a75b,True,35,spurious,-1,False
confusion_even_odd,even_odd,,3,0.2,0,bd07,bd07,True,0,correct,3,True
confusion_even_odd,even_odd,,3,0.2,2,bf87,bf97,True,11,spurious,-1,False
confusion_even_odd,even_odd,,3,0.2,2,9c07,bd07,True,25,correct,3,True
confusion_even_odd,even_odd,,3,0.2,3,f707,a797,True,89,spurious,-1,False
confusion_even_odd,even_odd,,3,0.2,3,af27,bf97,True,45,spurious,-1,False
confusion_even_odd,even_odd,,3,0.2,2,f507,bd07,True,25,correct,3,True
confusion_even_odd,even_odd,,3,0.2,5,31a7,fca6,True,89,wrong_pattern,0,False
confusion_even_odd,even_odd,,3,0.2,4,b802,bd07,True,21,correct,3,True
confusion_even_odd,even_odd,,3,0.2,2,bc05,bd07,True,25,correct,3,True
confusion_even_odd,even_odd,,3,0.2,1,b907,bd07,True,11,correct,3,True
confusion_even_odd,even_odd,,3,0.2,4,3d0c,1905,True,59,spurious,-1,False
confusion_even_odd,even_odd,,3,0.2,7,6603,a75b,True,35,spurious,-1,False
confusion_even_odd,even_odd,,3,0.2,5,bc8a,fca6,True,35,wrong_pattern,0,False
confusion_even_odd,even_odd,,3,0.2,5,bbc5,bf97,True,45,spurious,-1,False
confusion_even_odd,even_odd,,3,0.2,3,b187,a797,True,55,spurious,-1,False
confusion_even_odd,even_odd,,3,0.2,6,9c3b,fd4b,True,35,spurious,-1,False
confusion_even_odd,even_odd,,3,0.2,4,9f23,bf97,True,45,spurious,-1,False
confusion_even_odd,even_odd,,3,0.2,4,bc56,bd07,True,21,correct,3,True
confusion_even_odd,even_odd,,3,0.2,2,b50f,a75b,True,45,spurious,-1,False
confusion_even_odd,even_odd,,3,0.2,4,992f,fd4b,True,45,spurious,-1,False
confusion_even_odd,even_odd,,3,0.2,1,bd03,bd07,True,11,correct,3,True
confusion_even_odd,even_odd,,3,0.2,3,fc05,bd07,True,35,correct,3,True
confusion_even_odd,even_odd,,3,0.2,1,bd05,bd07,True,25,correct,3,True
confusion_even_odd,even_odd,,3,0.2,3,bc83,fca6,True,45,wrong_pattern,0,False
confusion_even_odd,even_odd,,3,0.2,2,be07,bf97,True,45,spurious,-1,False
confusion_even_odd,even_odd,,3,0.2,5,b5ab,e46a,True,89,spurious,-1,False
confusion_even_odd,even_odd,,3,0.2,1,bd06,bd07,True,11,correct,3,True
confusion_even_odd,even_odd,,3,0.2,3,9587,a797,True,55,spurious,-1,False
confusion_even_odd,even_odd,,3,0.2,2,9d03,bd07,True,25,correct,3,True
confusion_even_odd,even_odd,,3,0.2,5,1b0f,359,True,85,spurious,-1,False
confusion_even_odd,even_odd,,3,0.2,5,b53d,a75b,True,45,spurious,-1,False
confusion_even_odd,even_odd,,3,0.2,5,7f46,bd07,True,35,correct,3,True
confusion_even_odd,even_odd,,3,0.2,5,354d,359,True,45,spurious,-1,False
confusion_even_odd,even_odd,,3,0.2,3,bf16,bf97,True,25,spurious,-1,False
confusion_even_odd,even_odd,,3,0.2,3,b717,a797,True,45,spurious,-1,False
confusion_even_odd,even_odd,,3,0.2,3,3707,a797,True,45,spurious,-1,False
confusion_even_odd,even_odd,,3,0.2,4,3c0d,1905,True,59,spurious,-1,False
confusion_even_odd,even_odd,,3,0.2,3,bc16,bd07,True,11,correct,3,True
confusion_even_odd,even_odd,,3,0.2,4,a923,bd07,True,55,correct,3,True
confusion_even_odd,even_odd,,3,0.2,1,fd07,bd07,True,11,correct,3,True
confusion_even_odd,even_odd,,3,0.2,2,bd37,bd07,True,45,correct,3,True
confusion_even_odd,even_odd,,3,0.2,5,dd14,1905,True,45,spurious,-1,False
confusion_even_odd,even_odd,,3,0.2,3,3506,bd07,True,25,correct,3,True
confusion_even_odd,even_odd,,3,0.2,5,ae23,a6b6,True,69,wrong_pattern,2,False
confusion_even_odd,even_odd,,3,0.2,3,bf83,bf97,True,11,spurious,-1,False
confusion_even_odd,even_odd,,3,0.2,4,ed1f,fd4b,True,21,spurious,-1,False
confusion_even_odd,even_odd,,3,0.2,3,9d67,bd07,True,25,correct,3,True
confusion_even_odd,even_odd,,3,0.2,3,fc17,bd07,True,11,correct,3,True
confusion_even_odd,even_odd,,3,0.2,3,9c17,bd07,True,45,correct,3,True
confusion_even_odd,even_odd,,3,0.2,1,fd07,bd07,True,11,correct,3,True
confusion_even_odd,even_odd,,3,0.2,3,1907,1905,True,25,spurious,-1,False
confusion_even_odd,even_odd,,3,0.2,2,ad47,bd07,True,21,correct,3,True
confusion_even_odd,even_odd,,3,0.2,3,b105,bd07,True,45,correct,3,True
confusion_even_odd,even_odd,,3,0.2,5,d187,bf97,True,79,spurious,-1,False
confusion_even_odd,even_odd,,3,0.2,0,bd07,bd07,True,0,correct,3,True
confusion_even_odd,even_odd,,3,0.2,4,3d3f,bd07,True,35,correct,3,True
confusion_even_odd,even_odd,,3,0.2,4,f187,bf97,True,79,spurious,-1,False
confusion_even_odd,even_odd,,3,0.2,5,39af,fca6,True,45,wrong_pattern,0,False
confusion_even_odd,even_odd,,3,0.2,3,8507,bf97,True,55,spurious,-1,False
confusion_even_odd,even_odd,,3,0.2,5,ab0d,a75b,True,45,spurious,-1,False
confusion_even_odd,even_odd,,3,0.2,0,bd07,bd07,True,0,correct,3,True
confusion_even_odd,even_odd,,3,0.2,3,b706,a797,True,45,spurious,-1,False
confusion_even_odd,even_odd,,3,0.2,3,3d83,bd07,True,25,correct,3,True
confusion_even_odd,even_odd,,3,0.2,5,be4b,a75b,True,49,spurious,-1,False
confusion_even_odd,even_odd,,3,0.2,4,3106,bd07,True,45,correct,3,True
confusion_even_odd,even_odd,,3,0.2,1,ad07,bd07,True,11,correct,3,True
confusion_even_odd,even_odd,,3,0.2,5,e52f,fd4b,True,35,spurious,-1,False
confusion_even_odd,even_odd,,3,0.2,2,b987,bd07,True,25,correct,3,True
confusion_even_odd,even_odd,,3,0.2,3,b403,a75b,True,45,spurious,-1,False
confusion_even_odd,even_odd,,3,0.2,3,ad85,bd07,True,55,correct,3,True
confusion_even_odd,even_odd,,0,0.25,2,fea2,fca6,True,25,correct,0,True
confusion_even_odd,even_odd,,0,0.25,6,dd17,bd07,True,35,wrong_pattern,3,False
confusion_even_odd,even_odd,,0,0.25,5,ffb3,fca6,True,35,correct,0,True
confusion_even_odd,even_odd,,0,0.25,4,eae6,fca6,True,35,correct,0,True
confusion_even_odd,even_odd,,0,0.25,4,d026,fca6,True,45,correct,0,True
confusion_even_odd,even_odd,,0,0.25,4,cca0,58a4,True,45,spurious,-1,False
confusion_even_odd,even_odd,,0,0.25,8,6,1b95,True,55,wrong_pattern,1,False
confusion_even_odd,even_odd,,0,0.25,5,fd28,fd4b,True,35,spurious,-1,False
confusion_even_odd,even_odd,,0,0.25,3,f926,fca6,True,59,correct,0,True
confusion_even_odd,even_odd,,0,0.25,4,5dae,58a4,True,45,spurious,-1,False
confusion_even_odd,even_odd,,0,0.25,7,58fa,5868,True,35,spurious,-1,False
confusion_even_odd,even_odd,,0,0.25,5,fe90,fca6,True,25,correct,0,True
confusion_even_odd,even_odd,,0,0.25,7,60a1,58a4,True,35,spurious,-1,False
confusion_even_odd,even_odd,,0,0.25,5,be25,fca6,True,93,correct,0,True
confusion_even_odd,even_odd,,0,0.25,6,f093,fca6,True,83,correct,0,True
confusion_even_odd,even_odd,,0,0.25,5,7096,fca6,True,59,correct,0,True
confusion_even_odd,even_odd,,0,0.25,5,24a7,fca6,True,45,correct,0,True
confusion_even_odd,even_odd,,0,0.25,1,f4a6,fca6,True,25,correct,0,True
confusion_even_odd,even_odd,,0,0.25,4,efa7,fca6,True,45,correct,0,True
confusion_even_odd,even_odd,,0,0.25,3,f0a2,fca6,True,25,correct,0,True
confusion_even_odd,even_odd,,0,0.25,5,c882,fca6,True,45,correct,0,True
confusion_even_odd,even_odd,,0,0.25,5,ccad,58a4,True,45,spurious,-1,False
confusion_even_odd,even_odd,,0,0.25,4,7ea5,58a4,True,45,spurious,-1,False
confusion_even_odd,even_odd,,0,0.25,5,dfb2,fca6,True,25,correct,0,True
confusion_even_odd,even_odd,,0,0.25,6,7b27,bd07,True,69,wrong_pattern,3,False
confusion_even_odd,even_odd,,0,0.25,3,74a4,58a4,True,45,spurious,-1,False
confusion_even_odd,even_odd,,0,0.25,2,fc2e,fc6a,True,11,spurious,-1,False
confusion_even_odd,even_odd,,0,0.25,3,f82e,fc6a,True,11,spurious,-1,False
confusion_even_odd,even_odd,,0,0.25,3,fce0,fca6,True,35,correct,0,True
confusion_even_odd,even_odd,,0,0.25,6,9897,fca6,True,45,correct,0,True
confusion_even_odd,even_odd,,0,0.25,4,fe2c,fca6,True,59,correct,0,True
confusion_even_odd,even_odd,,0,0.25,5,5ea3,58a4,True,45,spurious,-1,False
confusion_even_odd,even_odd,,0,0.25,5,38aa,fca6,True,45,correct,0,True
confusion_even_odd,even_odd,,0,0.25,3,feaa,fca6,True,35,correct,0,True
confusion_even_odd,even_odd,,0,0.25,3,bce7,fca6,True,11,correct,0,True
confusion_even_odd,even_odd,,0,0.25,4,3cb2,fca6,True,35,correct,0,True
confusion_even_odd,even_odd,,0,0.25,1,fcb6,fca6,True,11,correct,0,True
confusion_even_odd,even_odd,,0,0.25,3,f8e2,fca6,True,11,correct,0,True
confusion_even_odd,even_odd,,0,0.25,4,ddbe,fca6,True,25,correct,0,True
confusion_even_odd,even_odd,,0,0.25,2,fde6,fca6,True,11,correct,0,True
confusion_even_odd,even_odd,,0,0.25,6,9096,a6b6,True,45,wrong_pattern,2,False
confusion_even_odd,even_odd,,0,0.25,3,dca0,58a4,True,45,spurious,-1,False
confusion_even_odd,even_odd,,0,0.25,4,3e26,fca6,True,35,correct,0,True
confusion_even_odd,even_odd,,0,0.25,2,f8a7,fca6,True,11,correct,0,True
confusion_even_odd,even_odd,,0,0.25,7,fb95,bd07,True,69,wrong_pattern,3,False
confusion_even_odd,even_odd,,0,0.25,5,b862,fca6,True,45,correct,0,True
confusion_even_odd,even_odd,,0,0.25,2,fce7,fca6,True,11,correct,0,True
confusion_even_odd,even_odd,,0,0.25,8,989b,fca6,True,83,correct,0,True
confusion_even_odd,even_odd,,0,0.25,4,7e87,fca6,True,35,correct,0,True
confusion_even_odd,even_odd,,0,0.25,3,fd06,bd07,True,11,wrong_pattern,3,False
confusion_even_odd,even_odd,,0,0.25,6,6d6e,fd4b,True,35,spurious,-1,False
confusion_even_odd,even_odd,,0,0.25,5,f6f4,a6b6,True,45,wrong_pattern,2,False
confusion_even_odd,even_odd,,0,0.25,5,7e64,58a4,True,59,spurious,-1,False
confusion_even_odd,even_odd,,0,0.25,3,5ca4,58a4,True,11,spurious,-1,False
confusion_even_odd,even_odd,,0,0.25,4,f524,fca6,True,59,correct,0,True
confusion_even_odd,even_odd,,0,0.25,2,eca7,fca6,True,11,correct,0,True
confusion_even_odd,even_odd,,0,0.25,4,fc0a,fd4b,True,11,spurious,-1,False
confusion_even_odd,even_odd,,0,0.25,5,fd65,fd4b,True,35,spurious,-1,False
confusion_even_odd,even_odd,,0,0.25,3,9cb6,fca6,True,35,correct,0,True
confusion_even_odd,even_odd,,0,0.25,3,ece7,fca6,True,11,correct,0,True
confusion_even_odd,even_odd,,0,0.25,7,babb,a6b6,True,35,wrong_pattern,2,False
confusion_even_odd,even_odd,,0,0.25,1,eca6,fca6,True,11,correct,0,True
confusion_even_odd,even_odd,,0,0.25,5,7c1e,fd4b,True,45,spurious,-1,False
confusion_even_odd,even_odd,,0,0.25,4,e8be,fca6,True,45,correct,0,True
confusion_even_odd,even_odd,,0,0.25,2,fce2,fca6,True,11,correct,0,True
confusion_even_odd,even_odd,,0,0.25,8,32a8,2b4,True,93,spurious,-1,False
confusion_even_odd,even_odd,,0,0.25,4,f636,a6b6,True,45,wrong_pattern,2,False
confusion_even_odd,even_odd,,0,0.25,6,4d22,5865,False,1636,oscillated,-1,False
confusion_even_odd,even_odd,,0,0.25,3,ffe6,fca6,True,25,correct,0,True
confusion_even_odd,even_odd,,0,0.25,3,f8be,fca6,True,25,correct,0,True
confusion_even_odd,even_odd,,0,0.25,2,fcaf,fca6,True,25,correct,0,True
confusion_even_odd,even_odd,,0,0.25,2,aca6,fca6,True,21,correct,0,True
confusion_even_odd,even_odd,,0,0.25,5,3f26,fca6,True,93,correct,0,True
confusion_even_odd,even_odd,,0,0.25,4,bde2,fca6,True,11,correct,0,True
confusion_even_odd,even_odd,,0,0.25,3,fda3,fca6,True,11,correct,0,True
confusion_even_odd,even_odd,,0,0.25,2,f426,fca6,True,25,correct,0,True
confusion_even_odd,even_odd,,0,0.25,3,d8b6,fca6,True,45,correct,0,True
confusion_even_odd,even_odd,,0,0.25,6,a0be,e6fa,True,69,spurious,-1,False
confusion_even_odd,even_odd,,0,0.25,5,f6ba,e6fa,True,21,spurious,-1,False
confusion_even_odd,even_odd,,0,0.25,5,baac,fca6,True,45,correct,0,True
confusion_even_odd,even_odd,,0,0.25,5,8ea2,fca6,True,45,correct,0,True
confusion_even_odd,even_odd,,0,0.25,3,74ae,fca6,True,25,correct,0,True
confusion_even_odd,even_odd,,0,0.25,4,7ea5,58a4,True,45,spurious,-1,False
confusion_even_odd,even_odd,,0,0.25,4,e824,fca6,True,45,correct,0,True
confusion_even_odd,even_odd,,0,0.25,4,b4af,e46a,True,89,spurious,-1,False
confusion_even_odd,even_odd,,0,0.25,6,2cea,fc6a,True,45,spurious,-1,False
confusion_even_odd,even_odd,,0,0.25,3,d4a7,fca6,True,25,correct,0,True
confusion_even_odd,even_odd,,0,0.25,5,5482,58a4,True,45,spurious,-1,False
confusion_even_odd,even_odd,,0,0.25,1,fcb6,fca6,True,11,correct,0,True
confusion_even_odd,even_odd,,0,0.25,1,fda6,fca6,True,11,correct,0,True
confusion_even_odd,even_odd,,0,0.25,3,1ca6,58a4,True,45,spurious,-1,False
confusion_even_odd,even_odd,,0,0.25,4,f2a7,a6b6,True,21,wrong_pattern,2,False
confusion_even_odd,even_odd,,0,0.25,6,cd85,1905,True,45,spurious,-1,False
confusion_even_odd,even_odd,,0,0.25,2,fce2,fca6,True,11,correct,0,True
confusion_even_odd,even_odd,,0,0.25,4,fe6e,fc6a,True,49,spurious,-1,False
confusion_even_odd,even_odd,,0,0.25,4,fcbd,fca6,True,25,correct,0,True
confusion_even_odd,even_odd,,0,0.25,5,bee0,fca6,True,25,correct,0,True
confusion_even_odd,even_odd,,0,0.25,1,f4a6,fca6,True,25,correct,0,True
confusion_even_odd,even_odd,,0,0.25,3,7ca0,58a4,True,45,spurious,-1,False
confusion_even_odd,even_odd,,0,0.25,6,a9a3,fca6,True,21,correct,0,True
confusion_even_odd,even_odd,,0,0.25,3,de86,fca6,True,25,correct,0,True
confusion_even_odd,even_odd,,0,0.25,2,fe86,fca6,True,25,correct,0,True
confusion_even_odd,even_odd,,0,0.25,6,9c9f,fca6,True,83,correct,0,True
confusion_even_odd,even_odd,,0,0.25,7,49a3,58a4,True,45,spurious,-1,False
confusion_even_odd,even_odd,,0,0.25,3,e426,fc6a,True,49,spurious,-1,False
confusion_even_odd,even_odd,,0,0.25,4,7d84,58a4,True,45,spurious,-1,False
confusion_even_odd,even_odd,,0,0.25,5,1c66,58a4,True,45,spurious,-1,False
confusion_even_odd,even_odd,,0,0.25,6,cc14,1905,True,89,spurious,-1,False
confusion_even_odd,even_odd,,0,0.25,2,f8a7,fca6,True,11,correct,0,True
confusion_even_odd,even_odd,,0,0.25,7,b000,fd4b,True,45,spurious,-1,False
confusion_even_odd,even_odd,,0,0.25,2,fcbe,fca6,True,25,correct,0,True
confusion_even_odd,even_odd,,0,0.25,3,7ca0,58a4,True,45,spurious,-1,False
confusion_even_odd,even_odd,,0,0.25,7,7fa9,58a4,True,45,spurious,-1,False
confusion_even_odd,even_odd,,0,0.25,6,24a3,fca6,True,45,correct,0,True
confusion_even_odd,even_odd,,0,0.25,10,b3fd,a6b6,True,79,wrong_pattern,2,False
confusion_even_odd,even_odd,,0,0.25,2,fca3,fca6,True,11,correct,0,True
confusion_even_odd,even_odd,,0,0.25,5,e9ee,fca6,True,45,correct,0,True
confusion_even_odd,even_odd,,0,0.25,7,5127,1905,True,35,spurious,-1,False
confusion_even_odd,even_odd,,0,0.25,2,feb6,fca6,True,25,correct,0,True
confusion_even_odd,even_odd,,0,0.25,7,f16c,fd4b,True,69,spurious,-1,False
confusion_even_odd,even_odd,,1,0.25,3,1add,2b4,True,45,spurious,-1,False
confusion_even_odd,even_odd,,1,0.25,5,df55,1905,True,69,spurious,-1,False
confusion_even_odd,even_odd,,1,0.25,4,3b45,1b95,True,45,correct,1,True
confusion_even_odd,even_odd,,1,0.25,3,9b05,1b95,True,45,correct,1,True
confusion_even_odd,even_odd,,1,0.25,4,3384,2b4,True,45,spurious,-1,False
confusion_even_odd,even_odd,,1,0.25,3,9bd7,a797,True,69,spurious,-1,False
confusion_even_odd,even_odd,,1,0.25,7,2a1b,a75b,True,45,spurious,-1,False
confusion_even_odd,even_odd,,1,0.25,4,1e90,2b4,True,35,spurious,-1,False
confusion_even_odd,even_odd,,1,0.25,5,d8d,1905,True,65,spurious,-1,False
confusion_even_odd,even_odd,,1,0.25,10,4640,359,True,45,spurious,-1,False
confusion_even_odd,even_odd,,1,0.25,3,5b93,1905,True,35,spurious,-1,False
confusion_even_odd,even_odd,,1,0.25,5,b47,359,True,59,spurious,-1,False
confusion_even_odd,even_odd,,1,0.25,3,bb1,2b4,True,35,spurious,-1,False
confusion_even_odd,even_odd,,1,0.25,6,18c,2b4,True,83,spurious,-1,False
confusion_even_odd,even_odd,,1,0.25,3,295,2b4,True,35,spurious,-1,False
confusion_even_odd,even_odd,,1,0.25,6,d81d,5949,True,55,spurious,-1,False
confusion_even_odd,even_odd,,1,0.25,7,258d,395,True,59,spurious,-1,False
confusion_even_odd,even_odd,,1,0.25,3,3b96,fca6,True,69,wrong_pattern,0,False
confusion_even_odd,even_odd,,1,0.25,4,da94,58a4,True,35,spurious,-1,False
confusion_even_odd,even_odd,,1,0.25,4,df91,1905,True,69,spurious,-1,False
confusion_even_odd,even_odd,,1,0.25,7,a1f5,a6b6,True,83,wrong_pattern,2,False
confusion_even_odd,even_odd,,1,0.25,5,13e4,2b4,True,21,spurious,-1,False
confusion_even_odd,even_odd,,1,0.25,4,335,395,True,25,spurious,-1,False
confusion_even_odd,even_odd,,1,0.25,5,29bd,58a4,True,55,spurious,-1,False
confusion_even_odd,even_odd,,1,0.25,6,373d,359,True,45,spurious,-1,False
confusion_even_odd,even_odd,,1,0.25,4,5a55,1905,True,35,spurious,-1,False
confusion_even_odd,even_odd,,1,0.25,6,9fc,58a4,True,45,spurious,-1,False
confusion_even_odd,even_odd,,1,0.25,3,bb15,bf97,True,45,spurious,-1,False
confusion_even_odd,even_odd,,1,0.25,3,8395,395,True,25,spurious,-1,False
confusion_even_odd,even_odd,,1,0.25,2,9bd5,395,True,35,spurious,-1,False
confusion_even_odd,even_odd,,1,0.25,3,3295,2b4,True,45,spurious,-1,False
confusion_even_odd,even_odd,,1,0.25,5,1804,1905,True,21,spurious,-1,False
confusion_even_odd,even_odd,,1,0.25,2,5bd5,1b95,True,21,correct,1,True
confusion_even_odd,even_odd,,1,0.25,2,1915,1905,True,11,spurious,-1,False
confusion_even_odd,even_odd,,1,0.25,2,1b87,1b95,True,45,correct,1,True
confusion_even_odd,even_odd,,1,0.25,4,1a5d,359,True,35,spurious,-1,False
confusion_even_odd,even_odd,,1,0.25,5,11f7,2b4,True,83,spurious,-1,False
confusion_even_odd,even_odd,,1,0.25,4,9897,fca6,True,45,wrong_pattern,0,False
confusion_even_odd,even_odd,,1,0.25,8,d206,a797,True,89,spurious,-1,False
confusion_even_odd,even_odd,,1,0.25,4,5bc4,58a4,True,35,spurious,-1,False
confusion_even_odd,even_odd,,1,0.25,5,3325,395,True,45,spurious,-1,False
confusion_even_odd,even_odd,,1,0.25,4,bf4,2b4,True,35,spurious,-1,False
confusion_even_odd,even_odd,,1,0.25,1,1b85,1b95,True,11,correct,1,True
confusion_even_odd,even_odd,,1,0.25,4,519d,395,True,49,spurious,-1,False
confusion_even_odd,even_odd,,1,0.25,2,1b8d,395,True,79,spurious,-1,False
confusion_even_odd,even_odd,,1,0.25,5,1d92,58a4,True,45,spurious,-1,False
confusion_even_odd,even_odd,,1,0.25,3,9b8d,395,True,79,spurious,-1,False
confusion_even_odd,even_odd,,1,0.25,1,3b95,1b95,True,25,correct,1,True
confusion_even_odd,even_odd,,1,0.25,4,1d9f,1905,True,45,spurious,-1,False
confusion_even_odd,even_odd,,1,0.25,4,7985,1905,True,25,spurious,-1,False
confusion_even_odd,even_odd,,1,0.25,4,13cd,359,True,59,spurious,-1,False
confusion_even_odd,even_odd,,1,0.25,4,59b4,58a4,True,11,spurious,-1,False
confusion_even_odd,even_odd,,1,0.25,4,ba85,fca6,True,59,wrong_pattern,0,False
confusion_even_odd,even_odd,,1,0.25,3,d95,1905,True,55,spurious,-1,False
confusion_even_odd,even_odd,,1,0.25,4,1881,58a4,True,45,spurious,-1,False
confusion_even_odd,even_odd,,1,0.25,3,138d,395,True,49,spurious,-1,False
confusion_even_odd,even_odd,,1,0.25,2,3f95,1b95,True,45,correct,1,True
confusion_even_odd,even_odd,,1,0.25,1,b95,1b95,True,11,correct,1,True
confusion_even_odd,even_odd,,1,0.25,3,99b5,58a4,True,35,spurious,-1,False
confusion_even_odd,even_odd,,1,0.25,5,1ade,2b4,True,35,spurious,-1,False
confusion_even_odd,even_odd,,1,0.25,3,7a95,58a4,True,35,spurious,-1,False
confusion_even_odd,even_odd,,1,0.25,2,4b95,1b95,True,11,correct,1,True
confusion_even_odd,even_odd,,1,0.25,9,9228,42f8,True,45,spurious,-1,False
confusion_even_odd,even_odd,,1,0.25,3,1fc5,1b95,True,11,correct,1,True
confusion_even_odd,even_odd,,1,0.25,3,8b91,395,True,35,spurious,-1,False
confusion_even_odd,even_odd,,1,0.25,3,5bd1,1b95,True,21,correct,1,True
confusion_even_odd,even_odd,,1,0.25,5,9df,1905,True,65,spurious,-1,False
confusion_even_odd,even_odd,,1,0.25,7,d9be,fca6,True,45,wrong_pattern,0,False
confusion_even_odd,even_odd,,1,0.25,4,93b4,2b4,True,45,spurious,-1,False
confusion_even_odd,even_odd,,1,0.25,4,3a55,395,True,35,spurious,-1,False
confusion_even_odd,even_odd,,1,0.25,2,9395,395,True,45,spurious,-1,False
confusion_even_odd,even_odd,,1,0.25,5,9a16,fca6,True,93,wrong_pattern,0,False
confusion_even_odd,even_odd,,1,0.25,2,1a85,58a4,True,59,spurious,-1,False
confusion_even_odd,even_odd,,1,0.25,1,1b97,1b95,True,25,correct,1,True
confusion_even_odd,even_odd,,1,0.25,2,b94,58a4,True,89,spurious,-1,False
confusion_even_odd,even_odd,,1,0.25,4,1a8f,58a4,True,59,spurious,-1,False
confusion_even_odd,even_odd,,1,0.25,4,1bde,2b4,True,45,spurious,-1,False
confusion_even_odd,even_odd,,1,0.25,2,1b11,395,True,35,spurious,-1,False
confusion_even_odd,even_odd,,1,0.25,3,2b9d,395,True,49,spurious,-1,False
confusion_even_odd,even_odd,,1,0.25,4,18a5,58a4,True,11,spurious,-1,False
confusion_even_odd,even_odd,,1,0.25,3,39d5,1905,True,45,spurious,-1,False
confusion_even_odd,even_odd,,1,0.25,4,3bbc,2b4,True,35,spurious,-1,False
confusion_even_odd,even_odd,,1,0.25,3,b1d,359,True,35,spurious,-1,False
confusion_even_odd,even_odd,,1,0.25,1,5b95,1b95,True,21,correct,1,True
confusion_even_odd,even_odd,,1,0.25,4,8397,a797,True,45,spurious,-1,False
confusion_even_odd,even_odd,,1,0.25,4,51b5,58a4,True,51,spurious,-1,False
confusion_even_odd,even_odd,,1,0.25,5,ffd5,bd07,True,35,wrong_pattern,3,False
confusion_even_odd,even_odd,,1,0.25,3,1b0d,359,True,85,spurious,-1,False
confusion_even_odd,even_odd,,1,0.25,3,1e9d,2b4,True,35,spurious,-1,False
confusion_even_odd,even_odd,,1,0.25,5,d3dd,359,True,59,spurious,-1,False
confusion_even_odd,even_odd,,1,0.25,4,12f5,2b4,True,11,spurious,-1,False
confusion_even_odd,even_odd,,1,0.25,2,5b97,1905,True,35,spurious,-1,False
confusion_even_odd,even_odd,,1,0.25,3,b8d,395,True,49,spurious,-1,False
confusion_even_odd,even_odd,,1,0.25,3,1b8c,58a4,True,59,spurious,-1,False
confusion_even_odd,even_odd,,1,0.25,5,1dfd,58a4,True,45,spurious,-1,False
confusion_even_odd,even_odd,,1,0.25,1,1b91,1b95,True,21,correct,1,True
confusion_even_odd,even_odd,,1,0.25,6,16a4,2b4,True,21,spurious,-1,False
confusion_even_odd,even_odd,,1,0.25,4,d9d,1905,True,65,spurious,-1,False
confusion_even_odd,even_odd,,1,0.25,3,17b5,2b4,True,11,spurious,-1,False
confusion_even_odd,even_odd,,1,0.25,2,1d95,1905,True,45,spurious,-1,False
confusion_even_odd,even_odd,,1,0.25,5,3db1,58a4,True,45,spurious,-1,False
confusion_even_odd,even_odd,,1,0.25,3,1794,2b4,True,45,spurious,-1,False
confusion_even_odd,even_odd,,1,0.25,3,11b5,2b4,True,49,spurious,-1,False
confusion_even_odd,even_odd,,1,0.25,6,b199,a75b,True,59,spurious,-1,False
confusion_even_odd,even_odd,,1,0.25,6,13ec,42f8,True,21,spurious,-1,False
confusion_even_odd,even_odd,,1,0.25,3,b9c,2b4,True,35,spurious,-1,False
confusion_even_odd,even_odd,,1,0.25,3,2a95,58a4,True,89,spurious,-1,False
confusion_even_odd,even_odd,,1,0.25,2,199d,1905,True,35,spurious,-1,False
confusion_even_odd,even_odd,,1,0.25,5,9b21,1b95,True,45,correct,1,True
confusion_even_odd,even_odd,,1,0.25,5,3a54,2b4,True,69,spurious,-1,False
confusion_even_odd,even_odd,,1,0.25,5,2715,395,True,45,spurious,-1,False
confusion_even_odd,even_odd,,1,0.25,3,b1d,359,True,35,spurious,-1,False
confusion_even_odd,even_odd,,1,0.25,1,1bd5,1b95,True,21,correct,1,True
confusion_even_odd,even_odd,,1,0.25,6,17d2,2b4,True,45,spurious,-1,False
confusion_even_odd,even_odd,,1,0.25,1,1b91,1b95,True,21,correct,1,True
confusion_even_odd,even_odd,,1,0.25,4,5bd9,359,True,35,spurious,-1,False
confusion_even_odd,even_odd,,1,0.25,5,1353,359,True,25,spurious,-1,False
confusion_even_odd,even_odd,,1,0.25,4,39b4,58a4,True,35,spurious,-1,False
confusion_even_odd,even_odd,,1,0.25,8,c593,a75b,True,59,spurious,-1,False
confusion_even_odd,even_odd,,1,0.25,5,1a0c,58a4,True,69,spurious,-1,False
confusion_even_odd,even_odd,,2,0.25,1,a7b6,a6b6,True,11,correct,2,True
confusion_even_odd,even_odd,,2,0.25,4,a032,e6fa,True,35,spurious,-1,False
confusion_even_odd,even_odd,,2,0.25,3,8632,e6fa,True,45,spurious,-1,False
confusion_even_odd,even_odd,,2,0.25,2,e6be,e6fa,True,21,spurious,-1,False
confusion_even_odd,even_odd,,2,0.25,3,b4b4,fca6,True,45,wrong_pattern,0,False
confusion_even_odd,even_odd,,2,0.25,4,2abe,a6b6,True,69,correct,2,True
confusion_even_odd,even_odd,,2,0.25,7,561e,359,True,89,spurious,-1,False
confusion_even_odd,even_odd,,2,0.25,6,aa75,a732,False,1636,oscillated,-1,False
confusion_even_odd,even_odd,,2,0.25,7,968d,2b4,True,45,spurious,-1,False
confusion_even_odd,even_odd,,2,0.25,3,acb4,fca6,True,45,wrong_pattern,0,False
confusion_even_odd,even_odd,,2,0.25,2,a296,a6b6,True,25,correct,2,True
confusion_even_odd,even_odd,,2,0.25,5,8c37,fca6,True,73,wrong_pattern,0,False
confusion_even_odd,even_odd,,2,0.25,2,a694,a6b6,True,25,correct,2,True
confusion_even_odd,even_odd,,2,0.25,2,8696,a6b6,True,25,correct,2,True
confusion_even_odd,even_odd,,2,0.25,1,a6b2,a6b6,True,11,correct,2,True
confusion_even_odd,even_odd,,2,0.25,4,2492,a6b6,True,25,correct,2,True
confusion_even_odd,even_odd,,2,0.25,3,25b6,a6b6,True,35,correct,2,True
confusion_even_odd,even_odd,,2,0.25,6,ac3b,fd4b,True,45,spurious,-1,False
confusion_even_odd,even_odd,,2,0.25,3,a7a2,a6b6,True,11,correct,2,True
confusion_even_odd,even_odd,,2,0.25,1,a6f6,a6b6,True,11,correct,2,True
confusion_even_odd,even_odd,,2,0.25,4,aaa7,fca6,True,55,wrong_pattern,0,False
confusion_even_odd,even_odd,,2,0.25,2,acb6,fca6,True,21,wrong_pattern,0,False
confusion_even_odd,even_odd,,2,0.25,5,c63a,e6fa,True,25,spurious,-1,False
confusion_even_odd,even_odd,,2,0.25,4,2db6,fca6,True,45,wrong_pattern,0,False
confusion_even_odd,even_odd,,2,0.25,4,af3e,a75b,True,65,spurious,-1,False
confusion_even_odd,even_odd,,2,0.25,3,96f6,a6b6,True,25,correct,2,True
confusion_even_odd,even_odd,,2,0.25,1,b6b6,a6b6,True,11,correct,2,True
confusion_even_odd,even_odd,,2,0.25,4,b276,e6fa,True,45,spurious,-1,False
confusion_even_odd,even_odd,,2,0.25,3,a776,a633,False,1636,oscillated,-1,False
confusion_even_odd,even_odd,,2,0.25,2,acb6,fca6,True,21,wrong_pattern,0,False
confusion_even_odd,even_odd,,2,0.25,4,a6c7,a6b6,True,45,correct,2,True
confusion_even_odd,even_odd,,2,0.25,5,9693,a6b6,True,35,correct,2,True
confusion_even_odd,even_odd,,2,0.25,4,aaf4,a6b6,True,69,correct,2,True
confusion_even_odd,even_odd,,2,0.25,3,86b5,2b4,True,45,spurious,-1,False
confusion_even_odd,even_odd,,2,0.25,5,a3bb,a6b6,True,79,correct,2,True
confusion_even_odd,even_odd,,2,0.25,3,8eb4,58a4,True,65,spurious,-1,False
confusion_even_odd,even_odd,,2,0.25,2,82b6,a6b6,True,45,correct,2,True
confusion_even_odd,even_odd,,2,0.25,5,2337,a797,True,45,spurious,-1,False
confusion_even_odd,even_odd,,2,0.25,3,aabe,a6b6,True,35,correct,2,True
confusion_even_odd,even_odd,,2,0.25,6,2e6e,e46a,True,49,spurious,-1,False
confusion_even_odd,even_odd,,2,0.25,1,a636,a6b6,True,25,correct,2,True
confusion_even_odd,even_odd,,2,0.25,4,a332,a677,False,1636,oscillated,-1,False
confusion_even_odd,even_odd,,2,0.25,3,86a2,a6b6,True,25,correct,2,True
confusion_even_odd,even_odd,,2,0.25,5,16a4,2b4,True,21,spurious,-1,False
confusion_even_odd,even_odd,,2,0.25,2,a7be,a6b6,True,25,correct,2,True
confusion_even_odd,even_odd,,2,0.25,5,b8b4,fca6,True,45,wrong_pattern,0,False
confusion_even_odd,even_odd,,2,0.25,4,beb3,a6b6,True,35,correct,2,True
confusion_even_odd,even_odd,,2,0.25,3,a0a6,fca6,True,45,wrong_pattern,0,False
confusion_even_odd,even_odd,,2,0.25,4,6f2,2b4,True,45,spurious,-1,False
confusion_even_odd,even_odd,,2,0.25,2,a6b0,a6b6,True,25,correct,2,True
confusion_even_odd,even_odd,,2,0.25,1,a7b6,a6b6,True,11,correct,2,True
confusion_even_odd,even_odd,,2,0.25,4,a034,a6b6,True,45,correct,2,True
confusion_even_odd,even_odd,,2,0.25,7,62ec,42f8,True,45,spurious,-1,False
confusion_even_odd,even_odd,,2,0.25,0,a6b6,a6b6,True,0,correct,2,True
confusion_even_odd,even_odd,,2,0.25,4,84ae,e6fa,True,69,spurious,-1,False
confusion_even_odd,even_odd,,2,0.25,8,138e,2b4,True,45,spurious,-1,False
confusion_even_odd,even_odd,,2,0.25,4,64be,e46a,True,45,spurious,-1,False
confusion_even_odd,even_odd,,2,0.25,6,8533,a75b,True,35,spurious,-1,False
confusion_even_odd,even_odd,,2,0.25,7,2f9b,a75b,True,59,spurious,-1,False
confusion_even_odd,even_odd,,2,0.25,1,86b6,a6b6,True,25,correct,2,True
confusion_even_odd,even_odd,,2,0.25,4,8e26,fca6,True,41,wrong_pattern,0,False
confusion_even_odd,even_odd,,2,0.25,4,20be,e6fa,True,69,spurious,-1,False
confusion_even_odd,even_odd,,2,0.25,3,e694,a6b6,True,25,correct,2,True
confusion_even_odd,even_odd,,2,0.25,5,e6fd,e6fa,True,25,spurious,-1,False
confusion_even_odd,even_odd,,2,0.25,5,27bd,2b4,True,45,spurious,-1,False
confusion_even_odd,even_odd,,2,0.25,7,bb2e,fca6,True,83,wrong_pattern,0,False
confusion_even_odd,even_odd,,2,0.25,1,26b6,a6b6,True,25,correct,2,True
confusion_even_odd,even_odd,,2,0.25,5,a0d7,a6b6,True,45,correct,2,True
confusion_even_odd,even_odd,,2,0.25,6,85ee,e6fa,True,35,spurious,-1,False
confusion_even_odd,even_odd,,2,0.25,5,af24,fca6,True,123,wrong_pattern,0,False
confusion_even_odd,even_odd,,2,0.25,6,c7a3,a6b6,True,35,correct,2,True
confusion_even_odd,even_odd,,2,0.25,5,67ae,e6fa,True,45,spurious,-1,False
confusion_even_odd,even_odd,,2,0.25,1,b6b6,a6b6,True,11,correct,2,True
confusion_even_odd,even_odd,,2,0.25,4,f236,a6b6,True,45,correct,2,True
confusion_even_odd,even_odd,,2,0.25,7,968d,2b4,True,45,spurious,-1,False
confusion_even_odd,even_odd,,2,0.25,3,bcb6,fca6,True,11,wrong_pattern,0,False
confusion_even_odd,even_odd,,2,0.25,2,a236,a6b6,True,25,correct,2,True
confusion_even_odd,even_odd,,2,0.25,5,baa4,fca6,True,45,wrong_pattern,0,False
confusion_even_odd,even_odd,,2,0.25,0,a6b6,a6b6,True,0,correct,2,True
confusion_even_odd,even_odd,,2,0.25,3,a7bf,a6b6,True,35,correct,2,True
confusion_even_odd,even_odd,,2,0.25,5,ef37,bf97,True,45,spurious,-1,False
confusion_even_odd,even_odd,,2,0.25,4,e7e6,a6b6,True,21,correct,2,True
confusion_even_odd,even_odd,,2,0.25,2,b6a6,a6b6,True,21,correct,2,True
confusion_even_odd,even_odd,,2,0.25,3,3696,a6b6,True,45,correct,2,True
confusion_even_odd,even_odd,,2,0.25,2,84b6,fca6,True,45,wrong_pattern,0,False
confusion_even_odd,even_odd,,2,0.25,6,dab4,58a4,True,25,spurious,-1,False
confusion_even_odd,even_odd,,2,0.25,6,89b7,fca6,True,69,wrong_pattern,0,False
confusion_even_odd,even_odd,,2,0.25,3,a286,a6b6,True,25,correct,2,True
confusion_even_odd,even_odd,,2,0.25,4,be76,fca6,True,45,wrong_pattern,0,False
confusion_even_odd,even_odd,,2,0.25,1,26b6,a6b6,True,25,correct,2,True
confusion_even_odd,even_odd,,2,0.25,3,afb2,a6b6,True,35,correct,2,True
confusion_even_odd,even_odd,,2,0.25,5,23b3,a6b6,True,45,correct,2,True
confusion_even_odd,even_odd,,2,0.25,3,a5be,a6b6,True,35,correct,2,True
confusion_even_odd,even_odd,,2,0.25,7,66c0,42f8,True,45,spurious,-1,False
confusion_even_odd,even_odd,,2,0.25,2,a632,e6fa,True,45,spurious,-1,False
confusion_even_odd,even_odd,,2,0.25,2,afb6,fca6,True,55,wrong_pattern,0,False
confusion_even_odd,even_odd,,2,0.25,5,e334,a75b,True,83,spurious,-1,False
confusion_even_odd,even_odd,,2,0.25,4,e687,a6b6,True,55,correct,2,True
confusion_even_odd,even_odd,,2,0.25,1,a6b7,a6b6,True,11,correct,2,True
confusion_even_odd,even_odd,,2,0.25,4,e6bd,e6fa,True,35,spurious,-1,False
confusion_even_odd,even_odd,,2,0.25,3,bea6,fca6,True,25,wrong_pattern,0,False
confusion_even_odd,even_odd,,2,0.25,4,b614,a6b6,True,79,correct,2,True
confusion_even_odd,even_odd,,2,0.25,3,b3b6,a6b6,True,11,correct,2,True
confusion_even_odd,even_odd,,2,0.25,1,aeb6,fca6,True,55,wrong_pattern,0,False
confusion_even_odd,even_odd,,2,0.25,7,e4d1,a75b,True,83,spurious,-1,False
confusion_even_odd,even_odd,,2,0.25,5,4eb4,58a4,True,55,spurious,-1,False
confusion_even_odd,even_odd,,2,0.25,2,a616,a6b6,True,59,correct,2,True
confusion_even_odd,even_odd,,2,0.25,4,e0b4,fca6,True,45,wrong_pattern,0,False
confusion_even_odd,even_odd,,2,0.25,4,b797,a797,True,11,spurious,-1,False
confusion_even_odd,even_odd,,2,0.25,5,e5a2,fca6,True,35,wrong_pattern,0,False
confusion_even_odd,even_odd,,2,0.25,4,b693,a6b6,True,35,correct,2,True
confusion_even_odd,even_odd,,2,0.25,4,eea4,fca6,True,25,wrong_pattern,0,False
confusion_even_odd,even_odd,,2,0.25,4,ee76,fca6,True,45,wrong_pattern,0,False
confusion_even_odd,even_odd,,2,0.25,4,e6a0,e6fa,True,59,spurious,-1,False
confusion_even_odd,even_odd,,2,0.25,2,a236,a6b6,True,25,correct,2,True
confusion_even_odd,even_odd,,2,0.25,2,a6fe,e6fa,True,21,spurious,-1,False
confusion_even_odd,even_odd,,2,0.25,2,a6ba,e6fa,True,21,spurious,-1,False
confusion_even_odd,even_odd,,2,0.25,3,85b6,a6b6,True,35,correct,2,True
confusion_even_odd,even_odd,,2,0.25,2,a736,a6b6,True,59,correct,2,True
confusion_even_odd,even_odd,,2,0.25,0,a6b6,a6b6,True,0,correct,2,True
confusion_even_odd,even_odd,,3,0.25,2,b903,bd07,True,11,correct,3,True
confusion_even_odd,even_odd,,3,0.25,2,b905,bd07,True,45,correct,3,True
confusion_even_odd,even_odd,,3,0.25,1,bd27,bd07,True,25,correct,3,True
confusion_even_odd,even_odd,,3,0.25,3,ad37,bd07,True,45,correct,3,True
confusion_even_odd,even_odd,,3,0.25,8,abf3,a6b6,True,49,wrong_pattern,2,False
confusion_even_odd,even_odd,,3,0.25,3,ad25,bd07,True,25,correct,3,True
confusion_even_odd,even_odd,,3,0.25,7,a8a1,fca6,True,45,wrong_pattern,0,False
confusion_even_odd,even_odd,,3,0.25,5,1e0f,359,True,85,spurious,-1,False
confusion_even_odd,even_odd,,3,0.25,6,5c26,58a4,True,45,spurious,-1,False
confusion_even_odd,even_odd,,3,0.25,5,3423,fd4b,True,45,spurious,-1,False
confusion_even_odd,even_odd,,3,0.25,6,b9e4,fca6,True,45,wrong_pattern,0,False
confusion_even_odd,even_odd,,3,0.25,3,ad2f,fd4b,True,45,spurious,-1,False
confusion_even_odd,even_odd,,3,0.25,2,3907,bd07,True,45,correct,3,True
confusion_even_odd,even_odd,,3,0.25,1,fd07,bd07,True,11,correct,3,True
confusion_even_odd,even_odd,,3,0.25,2,dd07,bd07,True,25,correct,3,True
confusion_even_odd,even_odd,,3,0.25,2,bf17,bf97,True,25,spurious,-1,False
confusion_even_odd,even_odd,,3,0.25,6,ecb7,fca6,True,21,wrong_pattern,0,False
confusion_even_odd,even_odd,,3,0.25,3,bfc7,bf97,True,11,spurious,-1,False
confusion_even_odd,even_odd,,3,0.25,2,b527,bd07,True,25,correct,3,True
confusion_even_odd,even_odd,,3,0.25,4,df03,bd07,True,35,correct,3,True
confusion_even_odd,even_odd,,3,0.25,2,f907,bd07,True,11,correct,3,True
confusion_even_odd,even_odd,,3,0.25,4,9d96,fca6,True,45,wrong_pattern,0,False
confusion_even_odd,even_odd,,3,0.25,4,9fc7,bf97,True,45,spurious,-1,False
confusion_even_odd,even_odd,,3,0.25,3,b94f,fd4b,True,21,spurious,-1,False
confusion_even_odd,even_odd,,3,0.25,3,f707,a797,True,89,spurious,-1,False
confusion_even_odd,even_odd,,3,0.25,8,7c71,5949,True,45,spurious,-1,False
confusion_even_odd,even_odd,,3,0.25,6,4d13,5949,True,93,spurious,-1,False
confusion_even_odd,even_odd,,3,0.25,5,9941,1905,True,35,spurious,-1,False
confusion_even_odd,even_odd,,3,0.25,2,bd57,bd07,True,11,correct,3,True
confusion_even_odd,even_odd,,3,0.25,4,250f,a75b,True,35,spurious,-1,False
confusion_even_odd,even_odd,,3,0.25,5,f963,fd4b,True,25,spurious,-1,False
confusion_even_odd,even_odd,,3,0.25,5,2d5f,fd4b,True,45,spurious,-1,False
confusion_even_odd,even_odd,,3,0.25,8,fe3a,fc6a,True,49,spurious,-1,False
confusion_even_odd,even_odd,,3,0.25,5,b177,a75b,True,35,spurious,-1,False
confusion_even_odd,even_odd,,3,0.25,3,bc1f,bd07,True,45,correct,3,True
confusion_even_odd,even_odd,,3,0.25,4,e527,fd4b,True,35,spurious,-1,False
confusion_even_odd,even_odd,,3,0.25,1,b507,bd07,True,25,correct,3,True
confusion_even_odd,even_odd,,3,0.25,5,7c23,fd66,False,1636,oscillated,-1,False
confusion_even_odd,even_odd,,3,0.25,3,3d13,bd07,True,45,correct,3,True
confusion_even_odd,even_odd,,3,0.25,5,e827,fca6,True,59,wrong_pattern,0,False
confusion_even_odd,even_odd,,3,0.25,4,b80b,fd4b,True,21,spurious,-1,False
confusion_even_odd,even_odd,,3,0.25,3,b926,fca6,True,59,wrong_pattern,0,False
confusion_even_odd,even_odd,,3,0.25,3,1d27,1905,True,45,spurious,-1,False
confusion_even_odd,even_odd,,3,0.25,6,8da1,58a4,True,45,spurious,-1,False
confusion_even_odd,even_odd,,3,0.25,3,3903,bd07,True,45,correct,3,True
confusion_even_odd,even_odd,,3,0.25,3,af06,bf97,True,45,spurious,-1,False
confusion_even_odd,even_odd,,3,0.25,7,b7f5,a6b6,True,35,wrong_pattern,2,False
confusion_even_odd,even_odd,,3,0.25,3,9d13,bd07,True,45,correct,3,True
confusion_even_odd,even_odd,,3,0.25,2,dd07,bd07,True,25,correct,3,True
confusion_even_odd,even_odd,,3,0.25,4,9e17,bf97,True,25,spurious,-1,False
confusion_even_odd,even_odd,,3,0.25,3,3d46,bd07,True,25,correct,3,True
confusion_even_odd,even_odd,,3,0.25,5,5f47,1905,True,69,spurious,-1,False
confusion_even_odd,even_odd,,3,0.25,4,f585,bf97,True,79,spurious,-1,False
confusion_even_odd,even_odd,,3,0.25,0,bd07,bd07,True,0,correct,3,True
confusion_even_odd,even_odd,,3,0.25,2,bd83,bd07,True,25,correct,3,True
confusion_even_odd,even_odd,,3,0.25,1,ad07,bd07,True,11,correct,3,True
confusion_even_odd,even_odd,,3,0.25,4,f98f,bd07,True,35,correct,3,True
confusion_even_odd,even_odd,,3,0.25,6,7e0b,fd4b,True,35,spurious,-1,False
confusion_even_odd,even_odd,,3,0.25,2,bd8f,bd07,True,35,correct,3,True
confusion_even_odd,even_odd,,3,0.25,4,ed02,bd07,True,21,correct,3,True
confusion_even_odd,even_odd,,3,0.25,3,9505,1905,True,45,spurious,-1,False
confusion_even_odd,even_odd,,3,0.25,3,9d15,1905,True,45,spurious,-1,False
confusion_even_odd,even_odd,,3,0.25,3,ad1f,fd4b,True,21,spurious,-1,False
confusion_even_odd,even_odd,,3,0.25,5,cd46,bd07,True,35,correct,3,True
confusion_even_odd,even_odd,,3,0.25,4,af15,bf97,True,45,spurious,-1,False
confusion_even_odd,even_odd,,3,0.25,3,7d87,bd07,True,25,correct,3,True
confusion_even_odd,even_odd,,3,0.25,8,19b4,58a4,True,11,spurious,-1,False
confusion_even_odd,even_odd,,3,0.25,3,a527,bf97,True,35,spurious,-1,False
confusion_even_odd,even_odd,,3,0.25,7,d71e,a75b,True,45,spurious,-1,False
confusion_even_odd,even_odd,,3,0.25,4,ff67,bd07,True,35,correct,3,True
confusion_even_odd,even_odd,,3,0.25,3,9dc7,bd07,True,25,correct,3,True
confusion_even_odd,even_odd,,3,0.25,7,cd32,bd07,True,69,correct,3,True
confusion_even_odd,even_odd,,3,0.25,5,1d12,1905,True,45,spurious,-1,False
confusion_even_odd,even_odd,,3,0.25,2,9507,bd07,True,25,correct,3,True
confusion_even_odd,even_odd,,3,0.25,3,bc85,fca6,True,45,wrong_pattern,0,False
confusion_even_odd,even_odd,,3,0.25,3,b307,a797,True,45,spurious,-1,False
confusion_even_odd,even_odd,,3,0.25,5,fb43,bd07,True,69,correct,3,True
confusion_even_odd,even_odd,,3,0.25,6,bcdd,fca6,True,83,wrong_pattern,0,False
confusion_even_odd,even_odd,,3,0.25,4,7f05,1905,True,69,spurious,-1,False
confusion_even_odd,even_odd,,3,0.25,2,bd43,bd07,True,21,correct,3,True
confusion_even_odd,even_odd,,3,0.25,2,bdc7,bd07,True,25,correct,3,True
confusion_even_odd,even_odd,,3,0.25,3,9527,bd07,True,25,correct,3,True
confusion_even_odd,even_odd,,3,0.25,2,bd43,bd07,True,21,correct,3,True
confusion_even_odd,even_odd,,3,0.25,2,9d05,1905,True,45,spurious,-1,False
confusion_even_odd,even_odd,,3,0.25,2,fd0f,fd4b,True,21,spurious,-1,False
confusion_even_odd,even_odd,,3,0.25,1,ad07,bd07,True,11,correct,3,True
confusion_even_odd,even_odd,,3,0.25,4,3daf,fca6,True,45,wrong_pattern,0,False
confusion_even_odd,even_odd,,3,0.25,5,c47,5949,True,93,spurious,-1,False
confusion_even_odd,even_odd,,3,0.25,2,9507,bd07,True,25,correct,3,True
confusion_even_odd,even_odd,,3,0.25,2,b505,bd07,True,25,correct,3,True
confusion_even_odd,even_odd,,3,0.25,3,fd25,bd07,True,35,correct,3,True
confusion_even_odd,even_odd,,3,0.25,4,bf12,a797,True,35,spurious,-1,False
confusion_even_odd,even_odd,,3,0.25,4,bc96,fca6,True,35,wrong_pattern,0,False
confusion_even_odd,even_odd,,3,0.25,6,ba12,a6b6,True,69,wrong_pattern,2,False
confusion_even_odd,even_odd,,3,0.25,2,b807,bd07,True,11,correct,3,True
confusion_even_odd,even_odd,,3,0.25,3,bf83,bf97,True,11,spurious,-1,False
confusion_even_odd,even_odd,,3,0.25,4,b113,a75b,True,35,spurious,-1,False
confusion_even_odd,even_odd,,3,0.25,1,bd27,bd07,True,25,correct,3,True
confusion_even_odd,even_odd,,3,0.25,5,c527,fd4b,True,35,spurious,-1,False
confusion_even_odd,even_odd,,3,0.25,7,9201,359,True,45,spurious,-1,False
confusion_even_odd,even_odd,,3,0.25,2,bd0b,fd4b,True,21,spurious,-1,False
confusion_even_odd,even_odd,,3,0.25,3,f50f,fd4b,True,49,spurious,-1,False
confusion_even_odd,even_odd,,3,0.25,6,89d7,bf97,True,117,spurious,-1,False
confusion_even_odd,even_odd,,3,0.25,5,7d14,1905,True,45,spurious,-1,False
confusion_even_odd,even_odd,,3,0.25,4,af23,a797,True,45,spurious,-1,False
confusion_even_odd,even_odd,,3,0.25,3,b54f,a75b,True,45,spurious,-1,False
confusion_even_odd,even_odd,,3,0.25,4,b963,bd07,True,45,correct,3,True
confusion_even_odd,even_odd,,3,0.25,3,bc25,fca6,True,59,wrong_pattern,0,False
confusion_even_odd,even_odd,,3,0.25,5,8546,a75b,True,35,spurious,-1,False
confusion_even_odd,even_odd,,3,0.25,7,2b35,1b95,True,45,wrong_pattern,1,False
confusion_even_odd,even_odd,,3,0.25,3,bf2f,a797,True,45,spurious,-1,False
confusion_even_odd,even_odd,,3,0.25,3,ad16,bd07,True,11,correct,3,True
confusion_even_odd,even_odd,,3,0.25,3,bc0b,fd4b,True,21,spurious,-1,False
confusion_even_odd,even_odd,,3,0.25,9,38bc,58a4,True,35,spurious,-1,False
confusion_even_odd,even_odd,,3,0.25,4,ada3,fca6,True,21,wrong_pattern,0,False
confusion_even_odd,even_odd,,3,0.25,4,dd23,fd4b,True,35,spurious,-1,False
confusion_even_odd,even_odd,,3,0.25,3,bc23,bd07,True,59,correct,3,True
confusion_even_odd,even_odd,,3,0.25,3,bd77,bd07,True,45,correct,3,True
confusion_even_odd,even_odd,,3,0.25,4,b786,a6b6,True,45,wrong_pattern,2,False
confusion_even_odd,even_odd,,3,0.25,5,19c7,1905,True,25,spurious,-1,False
confusion_even_odd,even_odd,,0,0.30000000000000004,3,f9a7,fca6,True,11,correct,0,True
confusion_even_odd,even_odd,,0,0.30000000000000004,2,fd86,fca6,True,35,correct,0,True
confusion_even_odd,even_odd,,0,0.30000000000000004,3,f926,fca6,True,59,correct,0,True
confusion_even_odd,even_odd,,0,0.30000000000000004,6,48aa,58a4,True,35,spurious,-1,False
confusion_even_odd,even_odd,,0,0.30000000000000004,5,dd97,bd07,True,35,wrong_pattern,3,False
confusion_even_odd,even_odd,,0,0.30000000000000004,4,1ca7,58a4,True,45,spurious,-1,False
confusion_even_odd,even_odd,,0,0.30000000000000004,3,fe87,fca6,True,35,correct,0,True
confusion_even_odd,even_odd,,0,0.30000000000000004,8,1fa1,58a4,True,45,spurious,-1,False
confusion_even_odd,even_odd,,0,0.30000000000000004,7,80a0,58a4,True,45,spurious,-1,False
confusion_even_odd,even_odd,,0,0.30000000000000004,1,fcb6,fca6,True,11,correct,0,True
confusion_even_odd,even_odd,,0,0.30000000000000004,7,a0bc,e6fa,True,69,spurious,-1,False
confusion_even_odd,even_odd,,0,0.30000000000000004,4,de22,fca6,True,59,correct,0,True
confusion_even_odd,even_odd,,0,0.30000000000000004,2,fce4,fca6,True,25,correct,0,True
confusion_even_odd,even_odd,,0,0.30000000000000004,5,f520,fc67,False,1636,oscillated,-1,False
confusion_even_odd,even_odd,,0,0.30000000000000004,10,555f,359,True,45,spurious,-1,False
confusion_even_odd,even_odd,,0,0.30000000000000004,4,bc94,fca6,True,35,correct,0,True
confusion_even_odd,even_odd,,0,0.30000000000000004,5,5ce3,58a4,True,45,spurious,-1,False
confusion_even_odd,even_odd,,0,0.30000000000000004,2,cca6,fca6,True,25,correct,0,True
confusion_even_odd,even_odd,,0,0.30000000000000004,7,9ccd,58a4,True,83,spurious,-1,False
confusion_even_odd,even_odd,,0,0.30000000000000004,7,ff52,bd07,True,69,wrong_pattern,3,False
confusion_even_odd,even_odd,,0,0.30000000000000004,4,f425,fca6,True,59,correct,0,True
confusion_even_odd,even_odd,,0,0.30000000000000004,8,ce4c,5949,True,83,spurious,-1,False
confusion_even_odd,even_odd,,0,0.30000000000000004,3,3ca2,fca6,True,25,correct,0,True
confusion_even_odd,even_odd,,0,0.30000000000000004,7,befb,fca6,True,55,correct,0,True
confusion_even_odd,even_odd,,0,0.30000000000000004,5,fc4f,fd4b,True,11,spurious,-1,False
confusion_even_odd,even_odd,,0,0.30000000000000004,7,daa,58a4,True,45,spurious,-1,False
confusion_even_odd,even_odd,,0,0.30000000000000004,4,ec32,fca6,True,59,correct,0,True
confusion_even_odd,even_odd,,0,0.30000000000000004,6,8c46,fd4b,True,49,spurious,-1,False
confusion_even_odd,even_odd,,0,0.30000000000000004,4,fced,fca6,True,45,correct,0,True
confusion_even_odd,even_odd,,0,0.30000000000000004,4,79e6,fca6,True,45,correct,0,True
confusion_even_odd,even_odd,,0,0.30000000000000004,8,976e,a75b,True,45,spurious,-1,False
confusion_even_odd,even_odd,,0,0.30000000000000004,4,7c92,fca6,True,25,correct,0,True
confusion_even_odd,even_odd,,0,0.30000000000000004,6,ed93,bd07,True,45,wrong_pattern,3,False
confusion_even_odd,even_odd,,0,0.30000000000000004,8,e1c3,bd07,True,65,wrong_pattern,3,False
confusion_even_odd,even_odd,,0,0.30000000000000004,5,bbae,fca6,True,25,correct,0,True
confusion_even_odd,even_odd,,0,0.30000000000000004,5,780e,fd4b,True,45,spurious,-1,False
confusion_even_odd,even_odd,,0,0.30000000000000004,4,d8e7,fca6,True,45,correct,0,True
confusion_even_odd,even_odd,,0,0.30000000000000004,8,3f56,a797,True,35,spurious,-1,False
confusion_even_odd,even_odd,,0,0.30000000000000004,1,fda6,fca6,True,11,correct,0,True
confusion_even_odd,even_odd,,0,0.30000000000000004,6,1c8c,58a4,True,35,spurious,-1,False
confusion_even_odd,even_odd,,0,0.30000000000000004,5,77ae,a6b6,True,79,wrong_pattern,2,False
confusion_even_odd,even_odd,,0,0.30000000000000004,3,beb6,fca6,True,35,correct,0,True
confusion_even_odd,even_odd,,0,0.30000000000000004,3,7c96,fca6,True,25,correct,0,True
confusion_even_odd,even_odd,,0,0.30000000000000004,5,e4ba,e46a,True,45,spurious,-1,False
confusion_even_odd,even_odd,,0,0.30000000000000004,6,ac6f,fd4b,True,45,spurious,-1,False
confusion_even_odd,even_odd,,0,0.30000000000000004,4,ecec,fca6,True,35,correct,0,True
confusion_even_odd,even_odd,,0,0.30000000000000004,3,bce2,fca6,True,11,correct,0,True
confusion_even_odd,even_odd,,0,0.30000000000000004,7,afd6,a6b6,True,35,wrong_pattern,2,False
confusion_even_odd,even_odd,,0,0.30000000000000004,5,78ab,fca6,True,45,correct,0,True
confusion_even_odd,even_odd,,0,0.30000000000000004,4,f82a,fc6a,True,11,spurious,-1,False
confusion_even_odd,even_odd,,0,0.30000000000000004,3,bc8e,fca6,True,35,correct,0,True
confusion_even_odd,even_odd,,0,0.30000000000000004,4,eda0,fca6,True,25,correct,0,True
confusion_even_odd,even_odd,,0,0.30000000000000004,7,ae4e,a75b,True,51,spurious,-1,False
confusion_even_odd,even_odd,,0,0.30000000000000004,3,ffa2,fca6,True,25,correct,0,True
confusion_even_odd,even_odd,,0,0.30000000000000004,5,90ae,a6b6,True,83,wrong_pattern,2,False
confusion_even_odd,even_odd,,0,0.30000000000000004,4,ee24,fca6,True,25,correct,0,True
confusion_even_odd,even_odd,,0,0.30000000000000004,3,fdb2,fca6,True,11,correct,0,True
confusion_even_odd,even_odd,,0,0.30000000000000004,4,eea0,fca6,True,35,correct,0,True
confusion_even_odd,even_odd,,0,0.30000000000000004,5,f8d4,fca6,True,45,correct,0,True
confusion_even_odd,even_odd,,0,0.30000000000000004,3,fe8e,fca6,True,25,correct,0,True
confusion_even_odd,even_odd,,0,0.30000000000000004,6,ed63,fd4b,True,25,spurious,-1,False
confusion_even_odd,even_odd,,0,0.30000000000000004,6,b266,e6fa,True,35,spurious,-1,False
confusion_even_odd,even_odd,,0,0.30000000000000004,4,6db6,fca6,True,35,correct,0,True
confusion_even_odd,even_odd,,0,0.30000000000000004,6,f9bb,fca6,True,45,correct,0,True
confusion_even_odd,even_odd,,0,0.30000000000000004,5,bdb3,fca6,True,11,correct,0,True
confusion_even_odd,even_odd,,0,0.30000000000000004,5,ac07,bd07,True,11,wrong_pattern,3,False
confusion_even_odd,even_odd,,0,0.30000000000000004,5,cd82,fca6,True,45,correct,0,True
confusion_even_odd,even_odd,,0,0.30000000000000004,1,f8a6,fca6,True,11,correct,0,True
confusion_even_odd,even_odd,,0,0.30000000000000004,3,9ca4,58a4,True,45,spurious,-1,False
confusion_even_odd,even_odd,,0,0.30000000000000004,3,fc2a,fc6a,True,11,spurious,-1,False
confusion_even_odd,even_odd,,0,0.30000000000000004,8,98dc,58a4,True,35,spurious,-1,False
confusion_even_odd,even_odd,,0,0.30000000000000004,3,bea4,fca6,True,25,correct,0,True
confusion_even_odd,even_odd,,0,0.30000000000000004,7,f56b,a75b,True,89,spurious,-1,False
confusion_even_odd,even_odd,,0,0.30000000000000004,5,ba27,fca6,True,93,correct,0,True
confusion_even_odd,even_odd,,0,0.30000000000000004,3,f686,fca6,True,69,correct,0,True
confusion_even_odd,even_odd,,0,0.30000000000000004,5,3c32,fca6,True,35,correct,0,True
confusion_even_odd,even_odd,,0,0.30000000000000004,5,8c82,fca6,True,35,correct,0,True
confusion_even_odd,even_odd,,0,0.30000000000000004,6,f58b,bd07,True,45,wrong_pattern,3,False
confusion_even_odd,even_odd,,0,0.30000000000000004,4,beb4,fca6,True,35,correct,0,True
confusion_even_odd,even_odd,,0,0.30000000000000004,3,e886,fca6,True,25,correct,0,True
confusion_even_odd,even_odd,,0,0.30000000000000004,9,8c1d,5949,True,45,spurious,-1,False
confusion_even_odd,even_odd,,0,0.30000000000000004,3,fc94,fca6,True,25,correct,0,True
confusion_even_odd,even_odd,,0,0.30000000000000004,7,f29f,a6b6,True,45,wrong_pattern,2,False
confusion_even_odd,even_odd,,0,0.30000000000000004,4,f8f7,fca6,True,11,correct,0,True
confusion_even_odd,even_odd,,0,0.30000000000000004,4,e4aa,fc6a,True,35,spurious,-1,False
confusion_even_odd,even_odd,,0,0.30000000000000004,5,fbc6,fca6,True,35,correct,0,True
confusion_even_odd,even_odd,,0,0.30000000000000004,8,c801,1905,True,35,spurious,-1,False
confusion_even_odd,even_odd,,0,0.30000000000000004,4,e1a6,fca6,True,25,correct,0,True
confusion_even_odd,even_odd,,0,0.30000000000000004,5,6ca8,58a4,True,45,spurious,-1,False
confusion_even_odd,even_odd,,0,0.30000000000000004,3,f526,fca6,True,59,correct,0,True
confusion_even_odd,even_odd,,0,0.30000000000000004,3,ec66,fca6,True,59,correct,0,True
confusion_even_odd,even_odd,,0,0.30000000000000004,6,d9f7,fca6,True,45,correct,0,True
confusion_even_odd,even_odd,,0,0.30000000000000004,5,7ec4,58a4,True,45,spurious,-1,False
confusion_even_odd,even_odd,,0,0.30000000000000004,3,d4e6,fca6,True,25,correct,0,True
confusion_even_odd,even_odd,,0,0.30000000000000004,5,74a1,58a4,True,45,spurious,-1,False
confusion_even_odd,even_odd,,0,0.30000000000000004,4,f8c7,fca6,True,45,correct,0,True
confusion_even_odd,even_odd,,0,0.30000000000000004,3,fcf4,fca6,True,25,correct,0,True
confusion_even_odd,even_odd,,0,0.30000000000000004,6,f4d3,fca6,True,59,correct,0,True
confusion_even_odd,even_odd,,0,0.30000000000000004,5,7cd2,fca6,True,35,correct,0,True
confusion_even_odd,even_odd,,0,0.30000000000000004,6,9c77,fca6,True,69,correct,0,True
confusion_even_odd,even_odd,,0,0.30000000000000004,4,ec8a,fca6,True,83,correct,0,True
confusion_even_odd,even_odd,,0,0.30000000000000004,6,2d8e,fca6,True,59,correct,0,True
confusion_even_odd,even_odd,,0,0.30000000000000004,7,fed1,fca6,True,35,correct,0,True
confusion_even_odd,even_odd,,0,0.30000000000000004,5,dde5,58a4,True,45,spurious,-1,False
confusion_even_odd,even_odd,,0,0.30000000000000004,3,34a6,fca6,True,45,correct,0,True
confusion_even_odd,even_odd,,0,0.30000000000000004,4,ede2,fca6,True,11,correct,0,True
confusion_even_odd,even_odd,,0,0.30000000000000004,6,d83c,5868,True,45,spurious,-1,False
confusion_even_odd,even_odd,,0,0.30000000000000004,6,7934,58a4,True,59,spurious,-1,False
confusion_even_odd,even_odd,,0,0.30000000000000004,7,a0ad,e6fa,True,69,spurious,-1,False
confusion_even_odd,even_odd,,0,0.30000000000000004,2,fc22,fca6,True,59,correct,0,True
confusion_even_odd,even_odd,,0,0.30000000000000004,7,6a92,fca6,True,89,correct,0,True
confusion_even_odd,even_odd,,0,0.30000000000000004,5,fdbd,fca6,True,35,correct,0,True
confusion_even_odd,even_odd,,0,0.30000000000000004,2,fd86,fca6,True,35,correct,0,True
confusion_even_odd,even_odd,,0,0.30000000000000004,4,e8e7,fca6,True,11,correct,0,True
confusion_even_odd,even_odd,,0,0.30000000000000004,6,bab5,fca6,True,45,correct,0,True
confusion_even_odd,even_odd,,0,0.30000000000000004,6,69af,fca6,True,45,correct,0,True
confusion_even_odd,even_odd,,0,0.30000000000000004,6,56af,2b4,True,79,spurious,-1,False
confusion_even_odd,even_odd,,0,0.30000000000000004,5,dd76,fc23,False,1636,oscillated,-1,False
confusion_even_odd,even_odd,,0,0.30000000000000004,2,eca4,fca6,True,25,correct,0,True
confusion_even_odd,even_odd,,0,0.30000000000000004,6,5dbf,58a4,True,45,spurious,-1,False
confusion_even_odd,even_odd,,1,0.30000000000000004,5,53c7,395,True,45,spurious,-1,False
confusion_even_odd,even_odd,,1,0.30000000000000004,5,9bb8,2b4,True,35,spurious,-1,False
confusion_even_odd,even_odd,,1,0.30000000000000004,3,b99,359,True,59,spurious,-1,False
confusion_even_odd,even_odd,,1,0.30000000000000004,6,b793,a797,True,11,spurious,-1,False
confusion_even_odd,even_odd,,1,0.30000000000000004,3,7995,1905,True,35,spurious,-1,False
confusion_even_odd,even_odd,,1,0.30000000000000004,6,f9d1,bd07,True,45,wrong_pattern,3,False
confusion_even_odd,even_odd,,1,0.30000000000000004,4,8195,395,True,49,spurious,-1,False
confusion_even_odd,even_odd,,1,0.30000000000000004,6,333,359,True,83,spurious,-1,False
confusion_even_odd,even_odd,,1,0.30000000000000004,2,19b5,58a4,True,21,spurious,-1,False
confusion_even_odd,even_odd,,1,0.30000000000000004,9,25f0,58a4,True,69,spurious,-1,False
confusion_even_odd,even_odd,,1,0.30000000000000004,4,1e1d,359,True,55,spurious,-1,False
confusion_even_odd,even_odd,,1,0.30000000000000004,3,994,58a4,True,55,spurious,-1,False
confusion_even_odd,even_odd,,1,0.30000000000000004,5,185d,5949,True,21,spurious,-1,False
confusion_even_odd,even_odd,,1,0.30000000000000004,5,bb3d,a75b,True,89,spurious,-1,False
confusion_even_odd,even_odd,,1,0.30000000000000004,5,83b7,a6b6,True,45,wrong_pattern,2,False
confusion_even_odd,even_odd,,1,0.30000000000000004,4,1ed4,2b4,True,35,spurious,-1,False
confusion_even_odd,even_odd,,1,0.30000000000000004,4,8315,395,True,25,spurious,-1,False
confusion_even_odd,even_odd,,1,0.30000000000000004,5,3dbd,58a4,True,45,spurious,-1,False
confusion_even_odd,even_odd,,1,0.30000000000000004,7,7f12,bd07,True,35,wrong_pattern,3,False
confusion_even_odd,even_odd,,1,0.30000000000000004,10,eef9,e6fa,True,25,spurious,-1,False
confusion_even_odd,even_odd,,1,0.30000000000000004,4,1135,1b95,True,25,correct,1,True
confusion_even_odd,even_odd,,1,0.30000000000000004,3,5bb1,58a4,True,35,spurious,-1,False
confusion_even_odd,even_odd,,1,0.30000000000000004,5,1ae1,58a4,True,35,spurious,-1,False
confusion_even_odd,even_odd,,1,0.30000000000000004,7,1e4c,5949,True,51,spurious,-1,False
confusion_even_odd,even_odd,,1,0.30000000000000004,0,1b95,1b95,True,0,correct,1,True
confusion_even_odd,even_odd,,1,0.30000000000000004,3,1dd5,1905,True,45,spurious,-1,False
confusion_even_odd,even_odd,,1,0.30000000000000004,6,db24,58a4,True,69,spurious,-1,False
confusion_even_odd,even_odd,,1,0.30000000000000004,4,2b11,359,True,35,spurious,-1,False
confusion_even_odd,even_odd,,1,0.30000000000000004,4,1f37,1b95,True,45,correct,1,True
confusion_even_odd,even_odd,,1,0.30000000000000004,4,bd6,2b4,True,35,spurious,-1,False
confusion_even_odd,even_odd,,1,0.30000000000000004,4,715,395,True,25,spurious,-1,False
confusion_even_odd,even_odd,,1,0.30000000000000004,5,9a04,58a4,True,69,spurious,-1,False
confusion_even_odd,even_odd,,1,0.30000000000000004,4,a84,58a4,True,89,spurious,-1,False
confusion_even_odd,even_odd,,1,0.30000000000000004,7,336d,359,True,45,spurious,-1,False
confusion_even_odd,even_odd,,1,0.30000000000000004,6,f335,a797,True,45,spurious,-1,False
confusion_even_odd,even_odd,,1,0.30000000000000004,2,1b05,1b95,True,45,correct,1,True
confusion_even_odd,even_odd,,1,0.30000000000000004,7,1caf,58a4,True,45,spurious,-1,False
confusion_even_odd,even_odd,,1,0.30000000000000004,8,76c7,a6b6,True,45,wrong_pattern,2,False
confusion_even_odd,even_odd,,1,0.30000000000000004,5,1a5f,359,True,35,spurious,-1,False
confusion_even_odd,even_odd,,1,0.30000000000000004,2,1795,395,True,11,spurious,-1,False
confusion_even_odd,even_odd,,1,0.30000000000000004,3,19dd,1905,True,35,spurious,-1,False
confusion_even_odd,even_odd,,1,0.30000000000000004,4,1a1f,359,True,55,spurious,-1,False
confusion_even_odd,even_odd,,1,0.30000000000000004,7,3e0f,a75b,True,85,spurious,-1,False
confusion_even_odd,even_odd,,1,0.30000000000000004,12,b54a,a75b,True,55,spurious,-1,False
confusion_even_odd,even_odd,,1,0.30000000000000004,7,de01,1905,True,69,spurious,-1,False
confusion_even_odd,even_odd,,1,0.30000000000000004,4,3314,395,True,45,spurious,-1,False
confusion_even_odd,even_odd,,1,0.30000000000000004,5,9a25,58a4,True,93,spurious,-1,False
confusion_even_odd,even_odd,,1,0.30000000000000004,7,dfa0,58a4,True,45,spurious,-1,False
confusion_even_odd,even_odd,,1,0.30000000000000004,7,56d3,2b4,True,45,spurious,-1,False
confusion_even_odd,even_odd,,1,0.30000000000000004,4,1ed4,2b4,True,35,spurious,-1,False
confusion_even_odd,even_odd,,1,0.30000000000000004,7,cb09,359,True,45,spurious,-1,False
confusion_even_odd,even_odd,,1,0.30000000000000004,7,8e0d,359,True,45,spurious,-1,False
confusion_even_odd,even_odd,,1,0.30000000000000004,9,8a6c,4068,True,49,spurious,-1,False
confusion_even_odd,even_odd,,1,0.30000000000000004,5,8987,bd07,True,89,wrong_pattern,3,False
confusion_even_odd,even_odd,,1,0.30000000000000004,7,3cc4,58a4,True,45,spurious,-1,False
confusion_even_odd,even_odd,,1,0.30000000000000004,3,1be5,58a4,True,45,spurious,-1,False
confusion_even_odd,even_odd,,1,0.30000000000000004,3,1fbd,2b4,True,35,spurious,-1,False
confusion_even_odd,even_odd,,1,0.30000000000000004,8,88af,fca6,True,45,wrong_pattern,0,False
confusion_even_odd,even_odd,,1,0.30000000000000004,3,3e95,58a4,True,69,spurious,-1,False
confusion_even_odd,even_odd,,1,0.30000000000000004,5,a295,a6b6,True,45,wrong_pattern,2,False
confusion_even_odd,even_odd,,1,0.30000000000000004,3,1b57,395,True,35,spurious,-1,False
confusion_even_odd,even_odd,,1,0.30000000000000004,2,1ab5,58a4,True,45,spurious,-1,False
confusion_even_odd,even_odd,,1,0.30000000000000004,6,2b0c,359,True,35,spurious,-1,False
confusion_even_odd,even_odd,,1,0.30000000000000004,4,1acd,58a4,True,59,spurious,-1,False
confusion_even_odd,even_odd,,1,0.30000000000000004,3,3f94,58a4,True,69,spurious,-1,False
confusion_even_odd,even_odd,,1,0.30000000000000004,5,5d96,58a4,True,45,spurious,-1,False
confusion_even_odd,even_odd,,1,0.30000000000000004,6,5245,359,True,45,spurious,-1,False
confusion_even_odd,even_odd,,1,0.30000000000000004,8,7df3,fca6,True,45,wrong_pattern,0,False
confusion_even_odd,even_odd,,1,0.30000000000000004,5,7191,1b95,True,49,correct,1,True
confusion_even_odd,even_odd,,1,0.30000000000000004,6,8f19,359,True,45,spurious,-1,False
confusion_even_odd,even_odd,,1,0.30000000000000004,0,1b95,1b95,True,0,correct,1,True
confusion_even_odd,even_odd,,1,0.30000000000000004,7,2988,5949,True,83,spurious,-1,False
confusion_even_odd,even_odd,,1,0.30000000000000004,8,6330,359,True,83,spurious,-1,False
confusion_even_odd,even_odd,,1,0.30000000000000004,6,ffc,2b4,True,69,spurious,-1,False
confusion_even_odd,even_odd,,1,0.30000000000000004,4,95,2b4,True,35,spurious,-1,False
confusion_even_odd,even_odd,,1,0.30000000000000004,6,8f83,bf97,True,45,spurious,-1,False
confusion_even_odd,even_odd,,1,0.30000000000000004,7,fdb7,fca6,True,21,wrong_pattern,0,False
confusion_even_odd,even_odd,,1,0.30000000000000004,6,9bab,fca6,True,45,wrong_pattern,0,False
confusion_even_odd,even_odd,,1,0.30000000000000004,5,59ad,58a4,True,45,spurious,-1,False
confusion_even_odd,even_odd,,1,0.30000000000000004,7,2f39,359,True,45,spurious,-1,False
confusion_even_odd,even_odd,,1,0.30000000000000004,10,3c4e,fd4b,True,35,spurious,-1,False
confusion_even_odd,even_odd,,1,0.30000000000000004,5,9b2d,395,True,45,spurious,-1,False
confusion_even_odd,even_odd,,1,0.30000000000000004,4,1135,1b95,True,25,correct,1,True
confusion_even_odd,even_odd,,1,0.30000000000000004,4,b991,bd07,True,45,wrong_pattern,3,False
confusion_even_odd,even_odd,,1,0.30000000000000004,4,1331,359,True,83,spurious,-1,False
confusion_even_odd,even_odd,,1,0.30000000000000004,5,9c9d,58a4,True,83,spurious,-1,False
confusion_even_odd,even_odd,,1,0.30000000000000004,4,1fc1,1b95,True,11,correct,1,True
confusion_even_odd,even_odd,,1,0.30000000000000004,6,197c,5949,True,35,spurious,-1,False
confusion_even_odd,even_odd,,1,0.30000000000000004,7,3f5e,a75b,True,35,spurious,-1,False
confusion_even_odd,even_odd,,1,0.30000000000000004,1,1a95,58a4,True,69,spurious,-1,False
confusion_even_odd,even_odd,,1,0.30000000000000004,8,9158,359,True,31,spurious,-1,False
confusion_even_odd,even_odd,,1,0.30000000000000004,3,3b90,2b4,True,35,spurious,-1,False
confusion_even_odd,even_odd,,1,0.30000000000000004,6,5ef1,58a4,True,35,spurious,-1,False
confusion_even_odd,even_odd,,1,0.30000000000000004,2,1391,395,True,11,spurious,-1,False
confusion_even_odd,even_odd,,1,0.30000000000000004,4,5bb0,58a4,True,25,spurious,-1,False
confusion_even_odd,even_odd,,1,0.30000000000000004,6,4a80,58a4,True,41,spurious,-1,False
confusion_even_odd,even_odd,,1,0.30000000000000004,3,7b97,bd07,True,69,wrong_pattern,3,False
confusion_even_odd,even_odd,,1,0.30000000000000004,6,181b,5949,True,45,spurious,-1,False
confusion_even_odd,even_odd,,1,0.30000000000000004,4,93dd,359,True,59,spurious,-1,False
confusion_even_odd,even_odd,,1,0.30000000000000004,6,1a20,58a4,True,35,spurious,-1,False
confusion_even_odd,even_odd,,1,0.30000000000000004,6,ea9d,a6b6,True,45,wrong_pattern,2,False
confusion_even_odd,even_odd,,1,0.30000000000000004,7,bc96,fca6,True,35,wrong_pattern,0,False
confusion_even_odd,even_odd,,1,0.30000000000000004,4,cb9d,395,True,25,spurious,-1,False
confusion_even_odd,even_odd,,1,0.30000000000000004,3,8b97,bf97,True,45,spurious,-1,False
confusion_even_odd,even_odd,,1,0.30000000000000004,5,48b5,58a4,True,21,spurious,-1,False
confusion_even_odd,even_odd,,1,0.30000000000000004,8,aead,fca6,True,45,wrong_pattern,0,False
confusion_even_odd,even_odd,,1,0.30000000000000004,4,59c5,1905,True,25,spurious,-1,False
confusion_even_odd,even_odd,,1,0.30000000000000004,5,299,3dc,False,1636,oscillated,-1,False
confusion_even_odd,even_odd,,1,0.30000000000000004,5,7f9c,58a4,True,45,spurious,-1,False
confusion_even_odd,even_odd,,1,0.30000000000000004,4,97b5,2b4,True,45,spurious,-1,False
confusion_even_odd,even_odd,,1,0.30000000000000004,3,1393,395,True,35,spurious,-1,False
confusion_even_odd,even_odd,,1,0.30000000000000004,2,1bf5,2b4,True,35,spurious,-1,False
confusion_even_odd,even_odd,,1,0.30000000000000004,6,5a0c,5949,True,83,spurious,-1,False
confusion_even_odd,even_odd,,1,0.30000000000000004,6,bfb,42f8,True,55,spurious,-1,False
confusion_even_odd,even_odd,,1,0.30000000000000004,2,4b95,1b95,True,11,correct,1,True
confusion_even_odd,even_odd,,1,0.30000000000000004,2,1b99,395,True,49,spurious,-1,False
confusion_even_odd,even_odd,,1,0.30000000000000004,7,8289,3dc,False,1636,oscillated,-1,False
confusion_even_odd,even_odd,,1,0.30000000000000004,3,9b90,2b4,True,35,spurious,-1,False
confusion_even_odd,even_odd,,1,0.30000000000000004,7,b1bf,a6b6,True,45,wrong_pattern,2,False
confusion_even_odd,even_odd,,1,0.30000000000000004,3,1b92,2b4,True,35,spurious,-1,False
confusion_even_odd,even_odd,,2,0.30000000000000004,5,87d4,2b4,True,45,spurious,-1,False
confusion_even_odd,even_odd,,2,0.30000000000000004,5,3cb2,fca6,True,35,wrong_pattern,0,False
confusion_even_odd,even_odd,,2,0.30000000000000004,5,76ba,a6b6,True,93,correct,2,True
confusion_even_odd,even_odd,,2,0.30000000000000004,5,a03f,a75b,True,45,spurious,-1,False
confusion_even_odd,even_odd,,2,0.30000000000000004,4,a086,fca6,True,49,wrong_pattern,0,False
confusion_even_odd,even_odd,,2,0.30000000000000004,3,b69e,a6b6,True,25,correct,2,True
confusion_even_odd,even_odd,,2,0.30000000000000004,4,263f,a75b,True,45,spurious,-1,False
confusion_even_odd,even_odd,,2,0.30000000000000004,3,f6f6,a6b6,True,21,correct,2,True
confusion_even_odd,even_odd,,2,0.30000000000000004,6,e207,a75b,True,35,spurious,-1,False
confusion_even_odd,even_odd,,2,0.30000000000000004,5,a48a,e6fa,True,35,spurious,-1,False
confusion_even_odd,even_odd,,2,0.30000000000000004,5,8717,a797,True,25,spurious,-1,False
confusion_even_odd,even_odd,,2,0.30000000000000004,5,bea0,fca6,True,25,wrong_pattern,0,False
confusion_even_odd,even_odd,,2,0.30000000000000004,3,e6f2,e6fa,True,25,spurious,-1,False
confusion_even_odd,even_odd,,2,0.30000000000000004,3,e6bc,e6fa,True,35,spurious,-1,False
confusion_even_odd,even_odd,,2,0.30000000000000004,3,46b6,2b4,True,45,spurious,-1,False
confusion_even_odd,even_odd,,2,0.30000000000000004,4,e6d2,a6b6,True,45,correct,2,True
confusion_even_odd,even_odd,,2,0.30000000000000004,4,acf7,fca6,True,21,wrong_pattern,0,False
confusion_even_odd,even_odd,,2,0.30000000000000004,4,969e,a6b6,True,25,correct,2,True
confusion_even_odd,even_odd,,2,0.30000000000000004,4,62f6,a6b6,True,45,correct,2,True
confusion_even_odd,even_odd,,2,0.30000000000000004,4,27e6,a6b6,True,25,correct,2,True
confusion_even_odd,even_odd,,2,0.30000000000000004,5,a33f,a75b,True,45,spurious,-1,False
confusion_even_odd,even_odd,,2,0.30000000000000004,2,a6a4,a6b6,True,25,correct,2,True
confusion_even_odd,even_odd,,2,0.30000000000000004,5,a4d3,a6b6,True,45,correct,2,True
confusion_even_odd,even_odd,,2,0.30000000000000004,4,4636,42f8,True,45,spurious,-1,False
confusion_even_odd,even_odd,,2,0.30000000000000004,4,4b4,58a4,True,45,spurious,-1,False
confusion_even_odd,even_odd,,2,0.30000000000000004,4,a615,a797,True,25,spurious,-1,False
confusion_even_odd,even_odd,,2,0.30000000000000004,7,e0c2,fc6a,True,35,spurious,-1,False
confusion_even_odd,even_odd,,2,0.30000000000000004,6,657,359,True,45,spurious,-1,False
confusion_even_odd,even_odd,,2,0.30000000000000004,5,d296,a6b6,True,45,correct,2,True
confusion_even_odd,even_odd,,2,0.30000000000000004,7,123a,42f8,True,25,spurious,-1,False
confusion_even_odd,even_odd,,2,0.30000000000000004,5,b214,a6b6,True,79,correct,2,True
confusion_even_odd,even_odd,,2,0.30000000000000004,6,248a,e6fa,True,35,spurious,-1,False
confusion_even_odd,even_odd,,2,0.30000000000000004,6,f412,a75b,True,79,spurious,-1,False
confusion_even_odd,even_odd,,2,0.30000000000000004,8,eb13,bf97,True,89,spurious,-1,False
confusion_even_odd,even_odd,,2,0.30000000000000004,3,8296,a6b6,True,45,correct,2,True
confusion_even_odd,even_odd,,2,0.30000000000000004,2,e6a6,a6b6,True,21,correct,2,True
confusion_even_odd,even_odd,,2,0.30000000000000004,5,27a3,a6b6,True,45,correct,2,True
confusion_even_odd,even_odd,,2,0.30000000000000004,3,a434,a6b6,True,25,correct,2,True
confusion_even_odd,even_odd,,2,0.30000000000000004,3,2e36,fca6,True,89,wrong_pattern,0,False
confusion_even_odd,even_odd,,2,0.30000000000000004,5,bc94,fca6,True,35,wrong_pattern,0,False
confusion_even_odd,even_odd,,2,0.30000000000000004,6,a9d6,fca6,True,65,wrong_pattern,0,False
confusion_even_odd,even_odd,,2,0.30000000000000004,6,a122,a75b,True,45,spurious,-1,False
confusion_even_odd,even_odd,,2,0.30000000000000004,3,a4f2,fca6,True,55,wrong_pattern,0,False
confusion_even_odd,even_odd,,2,0.30000000000000004,2,86b7,a6b6,True,25,correct,2,True
confusion_even_odd,even_odd,,2,0.30000000000000004,2,a7b4,a6b6,True,25,correct,2,True
confusion_even_odd,even_odd,,2,0.30000000000000004,6,3f94,58a4,True,69,spurious,-1,False
confusion_even_odd,even_odd,,2,0.30000000000000004,6,3638,42f8,True,45,spurious,-1,False
confusion_even_odd,even_odd,,2,0.30000000000000004,5,baf2,a6b6,True,35,correct,2,True
confusion_even_odd,even_odd,,2,0.30000000000000004,5,b68f,a6b6,True,45,correct,2,True
confusion_even_odd,even_odd,,2,0.30000000000000004,3,a69f,a6b6,True,35,correct,2,True
confusion_even_odd,even_odd,,2,0.30000000000000004,4,a79c,a6b6,True,35,correct,2,True
confusion_even_odd,even_odd,,2,0.30000000000000004,3,ae16,fca6,True,123,wrong_pattern,0,False
confusion_even_odd,even_odd,,2,0.30000000000000004,4,c692,a6b6,True,35,correct,2,True
confusion_even_odd,even_odd,,2,0.30000000000000004,8,7317,a797,True,45,spurious,-1,False
confusion_even_odd,even_odd,,2,0.30000000000000004,5,b2fc,e6fa,True,45,spurious,-1,False
confusion_even_odd,even_odd,,2,0.30000000000000004,5,6297,a6b6,True,45,correct,2,True
confusion_even_odd,even_odd,,2,0.30000000000000004,4,b635,a6b6,True,79,correct,2,True
confusion_even_odd,even_odd,,2,0.30000000000000004,8,b1e,359,True,45,spurious,-1,False
confusion_even_odd,even_odd,,2,0.30000000000000004,7,6cb1,58a4,True,45,spurious,-1,False
confusion_even_odd,even_odd,,2,0.30000000000000004,2,a6bf,a6b6,True,25,correct,2,True
confusion_even_odd,even_odd,,2,0.30000000000000004,5,27d4,2b4,True,45,spurious,-1,False
confusion_even_odd,even_odd,,2,0.30000000000000004,2,b4b6,fca6,True,45,wrong_pattern,0,False
confusion_even_odd,even_odd,,2,0.30000000000000004,4,c6b0,2b4,True,45,spurious,-1,False
confusion_even_odd,even_odd,,2,0.30000000000000004,8,a9ad,fca6,True,45,wrong_pattern,0,False
confusion_even_odd,even_odd,,2,0.30000000000000004,3,f696,a6b6,True,45,correct,2,True
confusion_even_odd,even_odd,,2,0.30000000000000004,5,8433,a776,False,1636,oscillated,-1,False
confusion_even_odd,even_odd,,2,0.30000000000000004,3,a2a7,a6b6,True,11,correct,2,True
confusion_even_odd,even_odd,,2,0.30000000000000004,5,aec4,fca6,True,45,wrong_pattern,0,False
confusion_even_odd,even_odd,,2,0.30000000000000004,2,a694,a6b6,True,25,correct,2,True
confusion_even_odd,even_odd,,2,0.30000000000000004,4,a613,a75b,True,45,spurious,-1,False
confusion_even_odd,even_odd,,2,0.30000000000000004,4,8297,a6b6,True,45,correct,2,True
confusion_even_odd,even_odd,,2,0.30000000000000004,6,f2,58a4,True,55,spurious,-1,False
confusion_even_odd,even_odd,,2,0.30000000000000004,5,8cb3,fca6,True,45,wrong_pattern,0,False
confusion_even_odd,even_odd,,2,0.30000000000000004,5,b756,a75b,True,45,spurious,-1,False
confusion_even_odd,even_odd,,2,0.30000000000000004,6,b5d2,fca6,True,59,wrong_pattern,0,False
confusion_even_odd,even_odd,,2,0.30000000000000004,7,4594,58a4,True,83,spurious,-1,False
confusion_even_odd,even_odd,,2,0.30000000000000004,2,a6e6,a6b6,True,21,correct,2,True
confusion_even_odd,even_odd,,2,0.30000000000000004,4,262e,e6fa,True,35,spurious,-1,False
confusion_even_odd,even_odd,,2,0.30000000000000004,7,b8e2,fca6,True,11,wrong_pattern,0,False
confusion_even_odd,even_odd,,2,0.30000000000000004,5,acf3,fca6,True,21,wrong_pattern,0,False
confusion_even_odd,even_odd,,2,0.30000000000000004,3,ecb6,fca6,True,11,wrong_pattern,0,False
confusion_even_odd,even_odd,,2,0.30000000000000004,5,62ae,e6fa,True,45,spurious,-1,False
confusion_even_odd,even_odd,,2,0.30000000000000004,5,a2fb,e6fa,True,11,spurious,-1,False
confusion_even_odd,even_odd,,2,0.30000000000000004,7,f3d2,a6b6,True,35,correct,2,True
confusion_even_odd,even_odd,,2,0.30000000000000004,5,9297,a6b6,True,45,correct,2,True
confusion_even_odd,even_odd,,2,0.30000000000000004,6,b5e2,fca6,True,45,wrong_pattern,0,False
confusion_even_odd,even_odd,,2,0.30000000000000004,7,e25a,a75b,True,11,spurious,-1,False
confusion_even_odd,even_odd,,2,0.30000000000000004,3,afa6,fca6,True,55,wrong_pattern,0,False
confusion_even_odd,even_odd,,2,0.30000000000000004,5,9687,a6b6,True,45,correct,2,True
confusion_even_odd,even_odd,,2,0.30000000000000004,6,f4e7,fca6,True,25,wrong_pattern,0,False
confusion_even_odd,even_odd,,2,0.30000000000000004,6,67a,42f8,True,45,spurious,-1,False
confusion_even_odd,even_odd,,2,0.30000000000000004,4,bef7,a6b6,True,35,correct,2,True
confusion_even_odd,even_odd,,2,0.30000000000000004,4,a7b8,e6fa,True,51,spurious,-1,False
confusion_even_odd,even_odd,,2,0.30000000000000004,4,a4f3,fca6,True,55,wrong_pattern,0,False
confusion_even_odd,even_odd,,2,0.30000000000000004,4,b497,a6b6,True,45,correct,2,True
confusion_even_odd,even_odd,,2,0.30000000000000004,0,a6b6,a6b6,True,0,correct,2,True
confusion_even_odd,even_odd,,2,0.30000000000000004,2,96b6,a6b6,True,45,correct,2,True
confusion_even_odd,even_odd,,2,0.30000000000000004,2,86b4,2b4,True,45,spurious,-1,False
confusion_even_odd,even_odd,,2,0.30000000000000004,4,a79f,a797,True,49,spurious,-1,False
confusion_even_odd,even_odd,,2,0.30000000000000004,3,27b4,2b4,True,45,spurious,-1,False
confusion_even_odd,even_odd,,2,0.30000000000000004,5,ae31,a776,False,1636,oscillated,-1,False
confusion_even_odd,even_odd,,2,0.30000000000000004,5,e29c,e6fa,True,45,spurious,-1,False
confusion_even_odd,even_odd,,2,0.30000000000000004,2,a6f7,a6b6,True,11,correct,2,True
confusion_even_odd,even_odd,,2,0.30000000000000004,6,e335,a75b,True,45,spurious,-1,False
confusion_even_odd,even_odd,,2,0.30000000000000004,6,35b5,58a4,True,65,spurious,-1,False
confusion_even_odd,even_odd,,2,0.30000000000000004,3,46b6,2b4,True,45,spurious,-1,False
confusion_even_odd,even_odd,,2,0.30000000000000004,4,e62e,e6fa,True,45,spurious,-1,False
confusion_even_odd,even_odd,,2,0.30000000000000004,3,beb2,a6b6,True,35,correct,2,True
confusion_even_odd,even_odd,,2,0.30000000000000004,4,efa6,fca6,True,31,wrong_pattern,0,False
confusion_even_odd,even_odd,,2,0.30000000000000004,5,e604,a75b,True,45,spurious,-1,False
confusion_even_odd,even_odd,,2,0.30000000000000004,5,aa33,a776,False,1636,oscillated,-1,False
confusion_even_odd,even_odd,,2,0.30000000000000004,2,a6b0,a6b6,True,25,correct,2,True
confusion_even_odd,even_odd,,2,0.30000000000000004,8,2355,359,True,35,spurious,-1,False
confusion_even_odd,even_odd,,2,0.30000000000000004,6,8022,e6fa,True,69,spurious,-1,False
confusion_even_odd,even_odd,,2,0.30000000000000004,6,fabf,fca6,True,25,wrong_pattern,0,False
confusion_even_odd,even_odd,,2,0.30000000000000004,8,d2e,5949,True,45,spurious,-1,False
confusion_even_odd,even_odd,,2,0.30000000000000004,7,1bbe,2b4,True,35,spurious,-1,False
confusion_even_odd,even_odd,,2,0.30000000000000004,5,bcbf,fca6,True,35,wrong_pattern,0,False
confusion_even_odd,even_odd,,2,0.30000000000000004,2,a7f6,a6b6,True,11,correct,2,True
confusion_even_odd,even_odd,,2,0.30000000000000004,5,4f2,58a4,True,79,spurious,-1,False
confusion_even_odd,even_odd,,3,0.30000000000000004,6,dc66,fca6,True,59,wrong_pattern,0,False
confusion_even_odd,even_odd,,3,0.30000000000000004,4,9d2b,fd4b,True,35,spurious,-1,False
confusion_even_odd,even_odd,,3,0.30000000000000004,6,b8bf,fca6,True,35,wrong_pattern,0,False
confusion_even_odd,even_odd,,3,0.30000000000000004,5,978f,a797,True,49,spurious,-1,False
confusion_even_odd,even_odd,,3,0.30000000000000004,5,2c43,fd4b,True,45,spurious,-1,False
confusion_even_odd,even_odd,,3,0.30000000000000004,5,9402,fd4b,True,35,spurious,-1,False
confusion_even_odd,even_odd,,3,0.30000000000000004,5,dd82,fca6,True,45,wrong_pattern,0,False
confusion_even_odd,even_odd,,3,0.30000000000000004,3,ff03,bd07,True,35,correct,3,True
confusion_even_odd,even_odd,,3,0.30000000000000004,8,d1e6,fca6,True,45,wrong_pattern,0,False
confusion_even_odd,even_odd,,3,0.30000000000000004,5,df85,1905,True,69,spurious,-1,False
confusion_even_odd,even_odd,,3,0.30000000000000004,4,3747,a75b,True,45,spurious,-1,False
confusion_even_odd,even_odd,,3,0.30000000000000004,5,9c9f,fca6,True,83,wrong_pattern,0,False
confusion_even_odd,even_odd,,3,0.30000000000000004,1,ad07,bd07,True,11,correct,3,True
confusion_even_odd,even_odd,,3,0.30000000000000004,5,1dd7,1905,True,45,spurious,-1,False
confusion_even_odd,even_odd,,3,0.30000000000000004,4,ac8f,fca6,True,59,wrong_pattern,0,False
confusion_even_odd,even_odd,,3,0.30000000000000004,5,ec83,fca6,True,45,wrong_pattern,0,False
confusion_even_odd,even_odd,,3,0.30000000000000004,5,3823,bd07,True,59,correct,3,True
confusion_even_odd,even_odd,,3,0.30000000000000004,5,5506,1905,True,45,spurious,-1,False
confusion_even_odd,even_odd,,3,0.30000000000000004,5,7913,bd07,True,45,correct,3,True
confusion_even_odd,even_odd,,3,0.30000000000000004,6,2d51,5949,True,79,spurious,-1,False
confusion_even_odd,even_odd,,3,0.30000000000000004,5,94a7,fca6,True,45,wrong_pattern,0,False
confusion_even_odd,even_odd,,3,0.30000000000000004,7,f6c3,a6b6,True,89,wrong_pattern,2,False
confusion_even_odd,even_odd,,3,0.30000000000000004,5,b085,a6b6,True,89,wrong_pattern,2,False
confusion_even_odd,even_odd,,3,0.30000000000000004,3,9d15,1905,True,45,spurious,-1,False
confusion_even_odd,even_odd,,3,0.30000000000000004,4,3513,a75b,True,35,spurious,-1,False
confusion_even_odd,even_odd,,3,0.30000000000000004,7,a7a4,a6b6,True,25,wrong_pattern,2,False
confusion_even_odd,even_odd,,3,0.30000000000000004,7,379b,a75b,True,59,spurious,-1,False
confusion_even_odd,even_odd,,3,0.30000000000000004,8,73d7,a797,True,45,spurious,-1,False
confusion_even_odd,even_odd,,3,0.30000000000000004,6,fdee,fca6,True,45,wrong_pattern,0,False
confusion_even_odd,even_odd,,3,0.30000000000000004,5,a687,a6b6,True,35,wrong_pattern,2,False
confusion_even_odd,even_odd,,3,0.30000000000000004,6,9940,1905,True,35,spurious,-1,False
confusion_even_odd,even_odd,,3,0.30000000000000004,5,6107,fd4b,True,69,spurious,-1,False
confusion_even_odd,even_odd,,3,0.30000000000000004,3,fc87,fca6,True,35,wrong_pattern,0,False
confusion_even_odd,even_odd,,3,0.30000000000000004,6,bcf3,fca6,True,11,wrong_pattern,0,False
confusion_even_odd,even_odd,,3,0.30000000000000004,7,1453,359,True,45,spurious,-1,False
confusion_even_odd,even_odd,,3,0.30000000000000004,6,edce,fc8b,False,1636,oscillated,-1,False
confusion_even_odd,even_odd,,3,0.30000000000000004,5,e9a7,fca6,True,21,wrong_pattern,0,False
confusion_even_odd,even_odd,,3,0.30000000000000004,8,cbd7,bf97,True,45,spurious,-1,False
confusion_even_odd,even_odd,,3,0.30000000000000004,4,7d16,bd07,True,35,correct,3,True
confusion_even_odd,even_odd,,3,0.30000000000000004,5,1dc5,1905,True,25,spurious,-1,False
confusion_even_odd,even_odd,,3,0.30000000000000004,4,7d04,1905,True,45,spurious,-1,False
confusion_even_odd,even_odd,,3,0.30000000000000004,8,ecb1,fca6,True,45,wrong_pattern,0,False
confusion_even_odd,even_odd,,3,0.30000000000000004,6,de13,bd07,True,35,correct,3,True
confusion_even_odd,even_odd,,3,0.30000000000000004,9,59c0,58a4,True,45,spurious,-1,False
confusion_even_odd,even_odd,,3,0.30000000000000004,6,3cb3,fca6,True,35,wrong_pattern,0,False
confusion_even_odd,even_odd,,3,0.30000000000000004,3,bb0f,a75b,True,85,spurious,-1,False
confusion_even_odd,even_odd,,3,0.30000000000000004,6,374d,359,True,45,spurious,-1,False
confusion_even_odd,even_odd,,3,0.30000000000000004,6,d82,58a4,True,65,spurious,-1,False
confusion_even_odd,even_odd,,3,0.30000000000000004,4,b327,a797,True,45,spurious,-1,False
confusion_even_odd,even_odd,,3,0.30000000000000004,5,1516,1b95,True,59,wrong_pattern,1,False
confusion_even_odd,even_odd,,3,0.30000000000000004,4,8587,a797,True,55,spurious,-1,False
confusion_even_odd,even_odd,,3,0.30000000000000004,3,f917,bd07,True,11,correct,3,True
confusion_even_odd,even_odd,,3,0.30000000000000004,2,b927,bd07,True,25,correct,3,True
confusion_even_odd,even_odd,,3,0.30000000000000004,5,3e0d,359,True,85,spurious,-1,False
confusion_even_odd,even_odd,,3,0.30000000000000004,4,bdae,fca6,True,35,wrong_pattern,0,False
confusion_even_odd,even_odd,,3,0.30000000000000004,4,190f,1905,True,25,spurious,-1,False
confusion_even_odd,even_odd,,3,0.30000000000000004,5,2da6,fca6,True,35,wrong_pattern,0,False
confusion_even_odd,even_odd,,3,0.30000000000000004,8,1204,2b4,True,79,spurious,-1,False
confusion_even_odd,even_odd,,3,0.30000000000000004,7,36a6,a6b6,True,45,wrong_pattern,2,False
confusion_even_odd,even_odd,,3,0.30000000000000004,5,b5ab,e46a,True,89,spurious,-1,False
confusion_even_odd,even_odd,,3,0.30000000000000004,3,b98f,bd07,True,35,correct,3,True
confusion_even_odd,even_odd,,3,0.30000000000000004,4,bf2b,bd07,True,93,correct,3,True
confusion_even_odd,even_odd,,3,0.30000000000000004,3,9107,bd07,True,45,correct,3,True
confusion_even_odd,even_odd,,3,0.30000000000000004,6,3940,1905,True,35,spurious,-1,False
confusion_even_odd,even_odd,,3,0.30000000000000004,6,8c84,58a4,True,45,spurious,-1,False
confusion_even_odd,even_odd,,3,0.30000000000000004,4,350d,359,True,45,spurious,-1,False
confusion_even_odd,even_odd,,3,0.30000000000000004,3,fd86,fca6,True,35,wrong_pattern,0,False
confusion_even_odd,even_odd,,3,0.30000000000000004,6,5f37,1905,True,69,spurious,-1,False
confusion_even_odd,even_odd,,3,0.30000000000000004,6,e935,bd07,True,45,correct,3,True
confusion_even_odd,even_odd,,3,0.30000000000000004,6,7f3f,a75b,True,55,spurious,-1,False
confusion_even_odd,even_odd,,3,0.30000000000000004,4,ef03,fd4b,True,117,spurious,-1,False
confusion_even_odd,even_odd,,3,0.30000000000000004,3,3905,1905,True,25,spurious,-1,False
confusion_even_odd,even_odd,,3,0.30000000000000004,6,94af,e46a,True,89,spurious,-1,False
confusion_even_odd,even_odd,,3,0.30000000000000004,5,3425,58a4,True,59,spurious,-1,False
confusion_even_odd,even_odd,,3,0.30000000000000004,7,c93,58a4,True,65,spurious,-1,False
confusion_even_odd,even_odd,,3,0.30000000000000004,7,7bc6,fca6,True,45,wrong_pattern,0,False
confusion_even_odd,even_odd,,3,0.30000000000000004,5,e52f,fd4b,True,35,spurious,-1,False
confusion_even_odd,even_odd,,3,0.30000000000000004,6,7e25,58a4,True,69,spurious,-1,False
confusion_even_odd,even_odd,,3,0.30000000000000004,6,aa45,a75b,True,59,spurious,-1,False
confusion_even_odd,even_odd,,3,0.30000000000000004,1,bc07,bd07,True,11,correct,3,True
confusion_even_odd,even_odd,,3,0.30000000000000004,3,bf13,a797,True,35,spurious,-1,False
confusion_even_odd,even_odd,,3,0.30000000000000004,6,6dc3,bd07,True,35,correct,3,True
confusion_even_odd,even_odd,,3,0.30000000000000004,5,b9d6,fca6,True,45,wrong_pattern,0,False
confusion_even_odd,even_odd,,3,0.30000000000000004,5,ab37,bf97,True,45,spurious,-1,False
confusion_even_odd,even_odd,,3,0.30000000000000004,4,f913,bd07,True,21,correct,3,True
confusion_even_odd,even_odd,,3,0.30000000000000004,3,3f27,bf97,True,45,spurious,-1,False
confusion_even_odd,even_odd,,3,0.30000000000000004,4,3787,a797,True,45,spurious,-1,False
confusion_even_odd,even_odd,,3,0.30000000000000004,5,3305,395,True,45,spurious,-1,False
confusion_even_odd,even_odd,,3,0.30000000000000004,3,ed17,bd07,True,11,correct,3,True
confusion_even_odd,even_odd,,3,0.30000000000000004,9,e970,fd4b,True,45,spurious,-1,False
confusion_even_odd,even_odd,,3,0.30000000000000004,6,2b86,fca6,True,89,wrong_pattern,0,False
confusion_even_odd,even_odd,,3,0.30000000000000004,8,e693,a6b6,True,35,wrong_pattern,2,False
confusion_even_odd,even_odd,,3,0.30000000000000004,7,2e21,2b4,True,69,spurious,-1,False
confusion_even_odd,even_odd,,3,0.30000000000000004,6,2047,a75b,True,45,spurious,-1,False
confusion_even_odd,even_odd,,3,0.30000000000000004,7,eb5f,a75b,True,45,spurious,-1,False
confusion_even_odd,even_odd,,3,0.30000000000000004,6,35e3,fca6,True,45,wrong_pattern,0,False
confusion_even_odd,even_odd,,3,0.30000000000000004,9,8631,374,False,1636,oscillated,-1,False
confusion_even_odd,even_odd,,3,0.30000000000000004,8,8134,2b4,True,59,spurious,-1,False
confusion_even_odd,even_odd,,3,0.30000000000000004,4,4d07,1905,True,45,spurious,-1,False
confusion_even_odd,even_odd,,3,0.30000000000000004,4,f847,bd07,True,51,correct,3,True
confusion_even_odd,even_odd,,3,0.30000000000000004,7,f1bf,a6b6,True,45,wrong_pattern,2,False
confusion_even_odd,even_odd,,3,0.30000000000000004,4,3787,a797,True,45,spurious,-1,False
confusion_even_odd,even_odd,,3,0.30000000000000004,6,e50c,fd4b,True,35,spurious,-1,False
confusion_even_odd,even_odd,,3,0.30000000000000004,8,eb61,fd4b,True,83,spurious,-1,False
confusion_even_odd,even_odd,,3,0.30000000000000004,6,7fcf,bd07,True,35,correct,3,True
confusion_even_odd,even_odd,,3,0.30000000000000004,9,414d,5949,True,35,spurious,-1,False
confusion_even_odd,even_odd,,3,0.30000000000000004,6,9015,1b95,True,25,wrong_pattern,1,False
confusion_even_odd,even_odd,,3,0.30000000000000004,6,8c8b,fd4b,True,83,spurious,-1,False
confusion_even_odd,even_odd,,3,0.30000000000000004,3,3d04,1905,True,45,spurious,-1,False
confusion_even_odd,even_odd,,3,0.30000000000000004,9,13d5,395,True,11,spurious,-1,False
confusion_even_odd,even_odd,,3,0.30000000000000004,8,689f,fca6,True,69,wrong_pattern,0,False
confusion_even_odd,even_odd,,3,0.30000000000000004,3,f947,bd07,True,21,correct,3,True
confusion_even_odd,even_odd,,3,0.30000000000000004,7,9bc1,1b95,True,45,wrong_pattern,1,False
confusion_even_odd,even_odd,,3,0.30000000000000004,3,9c87,fca6,True,45,wrong_pattern,0,False
confusion_even_odd,even_odd,,3,0.30000000000000004,4,95a7,fca6,True,89,wrong_pattern,0,False
confusion_even_odd,even_odd,,3,0.30000000000000004,6,a88d,fca6,True,59,wrong_pattern,0,False
confusion_even_odd,even_odd,,3,0.30000000000000004,4,b702,a75b,True,45,spurious,-1,False
confusion_even_odd,even_odd,,3,0.30000000000000004,6,901f,a75b,True,45,spurious,-1,False
confusion_even_odd,even_odd,,3,0.30000000000000004,4,1d25,1905,True,25,spurious,-1,False
confusion_even_odd,even_odd,,3,0.30000000000000004,6,a5c1,a75b,True,59,spurious,-1,False
confusion_even_odd,even_odd,,0,0.35000000000000003,5,5da5,58a4,True,11,spurious,-1,False
confusion_even_odd,even_odd,,0,0.35000000000000003,8,c605,359,True,45,spurious,-1,False
confusion_even_odd,even_odd,,0,0.35000000000000003,9,458d,359,True,45,spurious,-1,False
confusion_even_odd,even_odd,,0,0.35000000000000003,7,9847,bd07,True,45,wrong_pattern,3,False
confusion_even_odd,even_odd,,0,0.35000000000000003,2,fcaf,fca6,True,25,correct,0,True
confusion_even_odd,even_odd,,0,0.35000000000000003,8,208a,e6fa,True,69,spurious,-1,False
confusion_even_odd,even_odd,,0,0.35000000000000003,5,b1a2,fca6,True,45,correct,0,True
confusion_even_odd,even_odd,,0,0.35000000000000003,7,64ff,e46a,True,45,spurious,-1,False
confusion_even_odd,even_odd,,0,0.35000000000000003,5,d8e5,58a4,True,25,spurious,-1,False
confusion_even_odd,even_odd,,0,0.35000000000000003,6,b0b3,fca6,True,45,correct,0,True
confusion_even_odd,even_odd,,0,0.35000000000000003,6,f7c4,a6b6,True,45,wrong_pattern,2,False
confusion_even_odd,even_odd,,0,0.35000000000000003,3,f882,fca6,True,25,correct,0,True
confusion_even_odd,even_odd,,0,0.35000000000000003,10,450d,5949,True,35,spurious,-1,False
confusion_even_odd,even_odd,,0,0.35000000000000003,6,e224,e6fa,True,45,spurious,-1,False
confusion_even_odd,even_odd,,0,0.35000000000000003,5,fd30,fc67,False,1636,oscillated,-1,False
confusion_even_odd,even_odd,,0,0.35000000000000003,5,dcb8,58a4,True,45,spurious,-1,False
confusion_even_odd,even_odd,,0,0.35000000000000003,6,7e3a,fc6a,True,49,spurious,-1,False
confusion_even_odd,even_odd,,0,0.35000000000000003,5,f8d7,fca6,True,35,correct,0,True
confusion_even_odd,even_odd,,0,0.35000000000000003,7,e475,a75b,True,59,spurious,-1,False
confusion_even_odd,even_odd,,0,0.35000000000000003,6,fe7f,fd4b,True,45,spurious,-1,False
confusion_even_odd,even_odd,,0,0.35000000000000003,6,df8f,bd07,True,35,wrong_pattern,3,False
confusion_even_odd,even_odd,,0,0.35000000000000003,10,4453,359,True,45,spurious,-1,False
confusion_even_odd,even_odd,,0,0.35000000000000003,7,16a0,2b4,True,21,spurious,-1,False
confusion_even_odd,even_odd,,0,0.35000000000000003,7,5877,5920,False,1636,oscillated,-1,False
confusion_even_odd,even_odd,,0,0.35000000000000003,3,e4ae,fc2e,False,1636,oscillated,-1,False
confusion_even_odd,even_odd,,0,0.35000000000000003,7,57ee,2b4,True,113,spurious,-1,False
confusion_even_odd,even_odd,,0,0.35000000000000003,9,71d3,a797,True,59,spurious,-1,False
confusion_even_odd,even_odd,,0,0.35000000000000003,5,9c0e,fd4b,True,51,spurious,-1,False
confusion_even_odd,even_odd,,0,0.35000000000000003,5,7ced,58a4,True,45,spurious,-1,False
confusion_even_odd,even_odd,,0,0.35000000000000003,4,f9e2,fca6,True,11,correct,0,True
confusion_even_odd,even_odd,,0,0.35000000000000003,4,ffe2,fca6,True,35,correct,0,True
confusion_even_odd,even_odd,,0,0.35000000000000003,4,aaa6,fca6,True,45,correct,0,True
confusion_even_odd,even_odd,,0,0.35000000000000003,5,da87,fca6,True,59,correct,0,True
confusion_even_odd,even_odd,,0,0.35000000000000003,9,39d0,58a4,True,45,spurious,-1,False
confusion_even_odd,even_odd,,0,0.35000000000000003,4,9c06,bd07,True,55,wrong_pattern,3,False
confusion_even_odd,even_odd,,0,0.35000000000000003,7,702b,fd4b,True,69,spurious,-1,False
confusion_even_odd,even_odd,,0,0.35000000000000003,4,bde4,fca6,True,35,correct,0,True
confusion_even_odd,even_odd,,0,0.35000000000000003,4,bc2a,fc6a,True,21,spurious,-1,False
confusion_even_odd,even_odd,,0,0.35000000000000003,4,28a6,fca6,True,45,correct,0,True
confusion_even_odd,even_odd,,0,0.35000000000000003,9,83ac,2b4,True,25,spurious,-1,False
confusion_even_odd,even_odd,,0,0.35000000000000003,4,6c84,58a4,True,45,spurious,-1,False
confusion_even_odd,even_odd,,0,0.35000000000000003,6,5d64,5821,False,1636,oscillated,-1,False
confusion_even_odd,even_odd,,0,0.35000000000000003,3,7e86,fca6,True,25,correct,0,True
confusion_even_odd,even_odd,,0,0.35000000000000003,4,fd6e,fd4b,True,35,spurious,-1,False
confusion_even_odd,even_odd,,0,0.35000000000000003,7,2df2,fca6,True,45,correct,0,True
confusion_even_odd,even_odd,,0,0.35000000000000003,7,e928,fd4b,True,45,spurious,-1,False
confusion_even_odd,even_odd,,0,0.35000000000000003,2,f8a2,fca6,True,11,correct,0,True
confusion_even_odd,even_odd,,0,0.35000000000000003,6,b662,e6fa,True,35,spurious,-1,False
confusion_even_odd,even_odd,,0,0.35000000000000003,9,b611,a75b,True,45,spurious,-1,False
confusion_even_odd,even_odd,,0,0.35000000000000003,4,f432,fc6a,True,49,spurious,-1,False
confusion_even_odd,even_odd,,0,0.35000000000000003,7,ff3b,a75b,True,79,spurious,-1,False
confusion_even_odd,even_odd,,0,0.35000000000000003,6,6c00,5949,True,79,spurious,-1,False
confusion_even_odd,even_odd,,0,0.35000000000000003,5,eaaa,fca6,True,35,correct,0,True
confusion_even_odd,even_odd,,0,0.35000000000000003,1,fcae,fca6,True,25,correct,0,True
confusion_even_odd,even_odd,,0,0.35000000000000003,8,1e7e,4078,False,1636,oscillated,-1,False
confusion_even_odd,even_odd,,0,0.35000000000000003,6,ea8c,fca6,True,45,correct,0,True
confusion_even_odd,even_odd,,0,0.35000000000000003,7,b03f,a75b,True,45,spurious,-1,False
confusion_even_odd,even_odd,,0,0.35000000000000003,7,ea60,fc6a,True,79,spurious,-1,False
confusion_even_odd,even_odd,,0,0.35000000000000003,6,e7a0,a6b6,True,45,wrong_pattern,2,False
confusion_even_odd,even_odd,,0,0.35000000000000003,5,3cad,58a4,True,45,spurious,-1,False
confusion_even_odd,even_odd,,0,0.35000000000000003,6,edf3,fca6,True,11,correct,0,True
confusion_even_odd,even_odd,,0,0.35000000000000003,6,7417,bd07,True,35,wrong_pattern,3,False
confusion_even_odd,even_odd,,0,0.35000000000000003,9,1c71,1905,True,59,spurious,-1,False
confusion_even_odd,even_odd,,0,0.35000000000000003,8,653f,a75b,True,35,spurious,-1,False
confusion_even_odd,even_odd,,0,0.35000000000000003,7,549f,2b4,True,79,spurious,-1,False
confusion_even_odd,even_odd,,0,0.35000000000000003,5,7dc7,bd07,True,25,wrong_pattern,3,False
confusion_even_odd,even_odd,,0,0.35000000000000003,4,b8f6,fca6,True,11,correct,0,True
confusion_even_odd,even_odd,,0,0.35000000000000003,7,7fde,fca6,True,45,correct,0,True
confusion_even_odd,even_odd,,0,0.35000000000000003,6,75ec,58a4,True,45,spurious,-1,False
confusion_even_odd,even_odd,,0,0.35000000000000003,4,7422,fca6,True,59,correct,0,True
confusion_even_odd,even_odd,,0,0.35000000000000003,10,86da,e6fa,True,35,spurious,-1,False
confusion_even_odd,even_odd,,0,0.35000000000000003,4,fe62,fc6a,True,49,spurious,-1,False
confusion_even_odd,even_odd,,0,0.35000000000000003,6,7e30,58a4,True,59,spurious,-1,False
confusion_even_odd,even_odd,,0,0.35000000000000003,6,f03f,a75b,True,79,spurious,-1,False
confusion_even_odd,even_odd,,0,0.35000000000000003,7,6e77,fca6,True,85,correct,0,True
confusion_even_odd,even_odd,,0,0.35000000000000003,6,b2e7,a6b6,True,21,wrong_pattern,2,False
confusion_even_odd,even_odd,,0,0.35000000000000003,4,f024,fca6,True,45,correct,0,True
confusion_even_odd,even_odd,,0,0.35000000000000003,4,ecd6,fca6,True,45,correct,0,True
confusion_even_odd,even_odd,,0,0.35000000000000003,4,bf26,fca6,True,93,correct,0,True
confusion_even_odd,even_odd,,0,0.35000000000000003,6,54ea,4068,True,45,spurious,-1,False
confusion_even_odd,even_odd,,0,0.35000000000000003,9,b65a,a75b,True,21,spurious,-1,False
confusion_even_odd,even_odd,,0,0.35000000000000003,6,a6e4,a6b6,True,25,wrong_pattern,2,False
confusion_even_odd,even_odd,,0,0.35000000000000003,2,eea6,fca6,True,25,correct,0,True
confusion_even_odd,even_odd,,0,0.35000000000000003,4,dc32,fca6,True,59,correct,0,True
confusion_even_odd,even_odd,,0,0.35000000000000003,3,ed26,fca6,True,59,correct,0,True
confusion_even_odd,even_odd,,0,0.35000000000000003,7,db94,58a4,True,35,spurious,-1,False
confusion_even_odd,even_odd,,0,0.35000000000000003,4,be22,fca6,True,35,correct,0,True
confusion_even_odd,even_odd,,0,0.35000000000000003,4,fc8d,fca6,True,83,correct,0,True
confusion_even_odd,even_odd,,0,0.35000000000000003,3,dc27,fca6,True,59,correct,0,True
confusion_even_odd,even_odd,,0,0.35000000000000003,8,f699,a6b6,True,49,wrong_pattern,2,False
confusion_even_odd,even_odd,,0,0.35000000000000003,4,f584,fca6,True,59,correct,0,True
confusion_even_odd,even_odd,,0,0.35000000000000003,8,c8f1,58a4,True,45,spurious,-1,False
confusion_even_odd,even_odd,,0,0.35000000000000003,6,5ceb,5868,True,45,spurious,-1,False
confusion_even_odd,even_odd,,0,0.35000000000000003,6,d4f0,58a4,True,45,spurious,-1,False
confusion_even_odd,even_odd,,0,0.35000000000000003,7,8584,2b4,True,89,spurious,-1,False
confusion_even_odd,even_odd,,0,0.35000000000000003,4,f9a5,fca6,True,45,correct,0,True
confusion_even_odd,even_odd,,0,0.35000000000000003,8,172e,359,True,79,spurious,-1,False
confusion_even_odd,even_odd,,0,0.35000000000000003,7,8fe7,fca6,True,55,correct,0,True
confusion_even_odd,even_odd,,0,0.35000000000000003,6,fac5,fca6,True,45,correct,0,True
confusion_even_odd,even_odd,,0,0.35000000000000003,6,aa36,fca6,True,89,correct,0,True
confusion_even_odd,even_odd,,0,0.35000000000000003,4,7eb4,58a4,True,45,spurious,-1,False
confusion_even_odd,even_odd,,0,0.35000000000000003,7,4af,42f8,True,69,spurious,-1,False
confusion_even_odd,even_odd,,0,0.35000000000000003,5,e416,a75b,True,85,spurious,-1,False
confusion_even_odd,even_odd,,0,0.35000000000000003,8,b441,fd4b,True,35,spurious,-1,False
confusion_even_odd,even_odd,,0,0.35000000000000003,2,fcac,fca6,True,25,correct,0,True
confusion_even_odd,even_odd,,0,0.35000000000000003,4,f5e4,fca6,True,25,correct,0,True
confusion_even_odd,even_odd,,0,0.35000000000000003,3,bca5,fca6,True,25,correct,0,True
confusion_even_odd,even_odd,,0,0.35000000000000003,4,f8d6,fca6,True,25,correct,0,True
confusion_even_odd,even_odd,,0,0.35000000000000003,6,9e80,58a4,True,45,spurious,-1,False
confusion_even_odd,even_odd,,0,0.35000000000000003,6,19a7,58a4,True,45,spurious,-1,False
confusion_even_odd,even_odd,,0,0.35000000000000003,8,ebe1,fca6,True,45,correct,0,True
confusion_even_odd,even_odd,,0,0.35000000000000003,1,fcb6,fca6,True,11,correct,0,True
confusion_even_odd,even_odd,,0,0.35000000000000003,6,9876,fca6,True,45,correct,0,True
confusion_even_odd,even_odd,,0,0.35000000000000003,7,6722,a75b,True,83,spurious,-1,False
confusion_even_odd,even_odd,,0,0.35000000000000003,7,b1f7,a6b6,True,83,wrong_pattern,2,False
confusion_even_odd,even_odd,,0,0.35000000000000003,5,46a6,58a4,True,69,spurious,-1,False
confusion_even_odd,even_odd,,0,0.35000000000000003,7,9e1e,a75b,True,55,spurious,-1,False
confusion_even_odd,even_odd,,0,0.35000000000000003,5,4de6,58a4,True,45,spurious,-1,False
confusion_even_odd,even_odd,,0,0.35000000000000003,6,e4eb,e46a,True,25,spurious,-1,False
confusion_even_odd,even_odd,,0,0.35000000000000003,4,f5c6,fca6,True,59,correct,0,True
confusion_even_odd,even_odd,,1,0.35000000000000003,9,e131,a75b,True,45,spurious,-1,False
confusion_even_odd,even_odd,,1,0.35000000000000003,9,8efb,e6fa,True,35,spurious,-1,False
confusion_even_odd,even_odd,,1,0.35000000000000003,7,2ead,58a4,True,45,spurious,-1,False
confusion_even_odd,even_odd,,1,0.35000000000000003,7,9651,359,True,45,spurious,-1,False
confusion_even_odd,even_odd,,1,0.35000000000000003,5,b595,a797,True,49,spurious,-1,False
confusion_even_odd,even_odd,,1,0.35000000000000003,7,63b0,2b4,True,35,spurious,-1,False
confusion_even_odd,even_odd,,1,0.35000000000000003,6,b9d0,fca6,True,45,wrong_pattern,0,False
confusion_even_odd,even_odd,,1,0.35000000000000003,9,9520,5949,True,45,spurious,-1,False
confusion_even_odd,even_odd,,1,0.35000000000000003,5,5a37,58a4,True,69,spurious,-1,False
confusion_even_odd,even_odd,,1,0.35000000000000003,6,8916,bd07,True,45,wrong_pattern,3,False
confusion_even_odd,even_odd,,1,0.35000000000000003,8,7637,a6b6,True,79,wrong_pattern,2,False
confusion_even_odd,even_odd,,1,0.35000000000000003,8,f930,fc67,False,1636,oscillated,-1,False
confusion_even_odd,even_odd,,1,0.35000000000000003,5,3bdb,a797,True,59,spurious,-1,False
confusion_even_odd,even_odd,,1,0.35000000000000003,6,df57,bd07,True,35,wrong_pattern,3,False
confusion_even_odd,even_odd,,1,0.35000000000000003,7,adb7,fca6,True,21,wrong_pattern,0,False
confusion_even_odd,even_odd,,1,0.35000000000000003,6,3cc,299,False,1636,oscillated,-1,False
confusion_even_odd,even_odd,,1,0.35000000000000003,4,cb94,58a4,True,89,spurious,-1,False
confusion_even_odd,even_odd,,1,0.35000000000000003,6,d615,395,True,45,spurious,-1,False
confusion_even_odd,even_odd,,1,0.35000000000000003,6,b8bd,fca6,True,45,wrong_pattern,0,False
confusion_even_odd,even_odd,,1,0.35000000000000003,8,9342,a75b,True,45,spurious,-1,False
confusion_even_odd,even_odd,,1,0.35000000000000003,8,3176,a75b,True,65,spurious,-1,False
confusion_even_odd,even_odd,,1,0.35000000000000003,8,38f8,58a4,True,35,spurious,-1,False
confusion_even_odd,even_odd,,1,0.35000000000000003,8,7075,359,True,75,spurious,-1,False
confusion_even_odd,even_odd,,1,0.35000000000000003,6,d7dd,359,True,59,spurious,-1,False
confusion_even_odd,even_odd,,1,0.35000000000000003,9,5d6c,5949,True,35,spurious,-1,False
confusion_even_odd,even_odd,,1,0.35000000000000003,6,d89f,fca6,True,59,wrong_pattern,0,False
confusion_even_odd,even_odd,,1,0.35000000000000003,5,fad5,fca6,True,59,wrong_pattern,0,False
confusion_even_odd,even_odd,,1,0.35000000000000003,6,79fd,58a4,True,45,spurious,-1,False
confusion_even_odd,even_odd,,1,0.35000000000000003,3,2b85,1b95,True,45,correct,1,True
confusion_even_odd,even_odd,,1,0.35000000000000003,3,1e9d,2b4,True,35,spurious,-1,False
confusion_even_odd,even_odd,,1,0.35000000000000003,9,dc24,58a4,True,45,spurious,-1,False
confusion_even_odd,even_odd,,1,0.35000000000000003,5,2ba7,fca6,True,75,wrong_pattern,0,False
confusion_even_odd,even_odd,,1,0.35000000000000003,10,e2fc,e6fa,True,45,spurious,-1,False
confusion_even_odd,even_odd,,1,0.35000000000000003,9,550e,5949,True,59,spurious,-1,False
confusion_even_odd,even_odd,,1,0.35000000000000003,2,1b14,1b95,True,25,correct,1,True
confusion_even_odd,even_odd,,1,0.35000000000000003,4,13d9,359,True,25,spurious,-1,False
confusion_even_odd,even_odd,,1,0.35000000000000003,4,7a94,58a4,True,35,spurious,-1,False
confusion_even_odd,even_odd,,1,0.35000000000000003,6,4cb5,58a4,True,21,spurious,-1,False
confusion_even_odd,even_odd,,1,0.35000000000000003,6,df34,58a4,True,69,spurious,-1,False
confusion_even_odd,even_odd,,1,0.35000000000000003,3,1bdf,395,True,49,spurious,-1,False
confusion_even_odd,even_odd,,1,0.35000000000000003,6,5f44,1905,True,35,spurious,-1,False
confusion_even_odd,even_odd,,1,0.35000000000000003,5,3913,bd07,True,45,wrong_pattern,3,False
confusion_even_odd,even_odd,,1,0.35000000000000003,5,2990,58a4,True,65,spurious,-1,False
confusion_even_odd,even_odd,,1,0.35000000000000003,8,7c37,fca6,True,59,wrong_pattern,0,False
confusion_even_odd,even_odd,,1,0.35000000000000003,5,1b4c,5949,True,51,spurious,-1,False
confusion_even_odd,even_odd,,1,0.35000000000000003,6,30b7,fca6,True,65,wrong_pattern,0,False
confusion_even_odd,even_odd,,1,0.35000000000000003,6,12c6,2b4,True,45,spurious,-1,False
confusion_even_odd,even_odd,,1,0.35000000000000003,7,eb0d,a75b,True,45,spurious,-1,False
confusion_even_odd,even_odd,,1,0.35000000000000003,4,93b7,a6b6,True,45,wrong_pattern,2,False
confusion_even_odd,even_odd,,1,0.35000000000000003,7,aeb7,fca6,True,55,wrong_pattern,0,False
confusion_even_odd,even_odd,,1,0.35000000000000003,8,ffe1,fca6,True,45,wrong_pattern,0,False
confusion_even_odd,even_odd,,1,0.35000000000000003,5,17e5,2b4,True,11,spurious,-1,False
confusion_even_odd,even_odd,,1,0.35000000000000003,7,dcc,5949,True,83,spurious,-1,False
confusion_even_odd,even_odd,,1,0.35000000000000003,7,4356,359,True,35,spurious,-1,False
confusion_even_odd,even_odd,,1,0.35000000000000003,7,96ad,2b4,True,59,spurious,-1,False
confusion_even_odd,even_odd,,1,0.35000000000000003,8,c09,5949,True,11,spurious,-1,False
confusion_even_odd,even_odd,,1,0.35000000000000003,10,9c72,fca6,True,35,wrong_pattern,0,False
confusion_even_odd,even_odd,,1,0.35000000000000003,9,8cff,fca6,True,45,wrong_pattern,0,False
confusion_even_odd,even_odd,,1,0.35000000000000003,5,c195,1b95,True,25,correct,1,True
confusion_even_odd,even_odd,,1,0.35000000000000003,9,ca23,fca6,True,85,wrong_pattern,0,False
confusion_even_odd,even_odd,,1,0.35000000000000003,7,fb21,bd07,True,69,wrong_pattern,3,False
confusion_even_odd,even_odd,,1,0.35000000000000003,4,7bdd,1905,True,35,spurious,-1,False
confusion_even_odd,even_odd,,1,0.35000000000000003,4,989d,58a4,True,83,spurious,-1,False
confusion_even_odd,even_odd,,1,0.35000000000000003,6,7d96,fca6,True,45,wrong_pattern,0,False
confusion_even_odd,even_odd,,1,0.35000000000000003,3,1b31,395,True,35,spurious,-1,False
confusion_even_odd,even_odd,,1,0.35000000000000003,7,b8dc,fca6,True,45,wrong_pattern,0,False
confusion_even_odd,even_odd,,1,0.35000000000000003,6,3f39,359,True,45,spurious,-1,False
confusion_even_odd,even_odd,,1,0.35000000000000003,5,1699,3dc,False,1636,oscillated,-1,False
confusion_even_odd,even_odd,,1,0.35000000000000003,7,7a39,5949,True,45,spurious,-1,False
confusion_even_odd,even_odd,,1,0.35000000000000003,5,d96,58a4,True,75,spurious,-1,False
confusion_even_odd,even_odd,,1,0.35000000000000003,4,ba7,58a4,True,55,spurious,-1,False
confusion_even_odd,even_odd,,1,0.35000000000000003,5,934,58a4,True,73,spurious,-1,False
confusion_even_odd,even_odd,,1,0.35000000000000003,8,90f9,42f8,True,35,spurious,-1,False
confusion_even_odd,even_odd,,1,0.35000000000000003,5,4a05,1905,True,35,spurious,-1,False
confusion_even_odd,even_odd,,1,0.35000000000000003,6,bbed,fca6,True,45,wrong_pattern,0,False
confusion_even_odd,even_odd,,1,0.35000000000000003,2,3995,1905,True,45,spurious,-1,False
confusion_even_odd,even_odd,,1,0.35000000000000003,4,3bbc,2b4,True,35,spurious,-1,False
confusion_even_odd,even_odd,,1,0.35000000000000003,6,dfb0,58a4,True,45,spurious,-1,False
confusion_even_odd,even_odd,,1,0.35000000000000003,9,c3ec,42f8,True,45,spurious,-1,False
confusion_even_odd,even_odd,,1,0.35000000000000003,2,1b99,395,True,49,spurious,-1,False
confusion_even_odd,even_odd,,1,0.35000000000000003,7,369b,a7de,False,1636,oscillated,-1,False
confusion_even_odd,even_odd,,1,0.35000000000000003,9,a94c,fd4b,True,45,spurious,-1,False
confusion_even_odd,even_odd,,1,0.35000000000000003,5,d317,a797,True,45,spurious,-1,False
confusion_even_odd,even_odd,,1,0.35000000000000003,7,9256,a75b,True,45,spurious,-1,False
confusion_even_odd,even_odd,,1,0.35000000000000003,6,4e05,1905,True,35,spurious,-1,False
confusion_even_odd,even_odd,,1,0.35000000000000003,5,3284,2b4,True,45,spurious,-1,False
confusion_even_odd,even_odd,,1,0.35000000000000003,5,b115,bf97,True,59,spurious,-1,False
confusion_even_odd,even_odd,,1,0.35000000000000003,2,3b9d,395,True,49,spurious,-1,False
confusion_even_odd,even_odd,,1,0.35000000000000003,9,2dda,fd4b,True,89,spurious,-1,False
confusion_even_odd,even_odd,,1,0.35000000000000003,2,3b85,1b95,True,45,correct,1,True
confusion_even_odd,even_odd,,1,0.35000000000000003,4,3393,a797,True,45,spurious,-1,False
confusion_even_odd,even_odd,,1,0.35000000000000003,6,4685,2b4,True,55,spurious,-1,False
confusion_even_odd,even_odd,,1,0.35000000000000003,6,bd8d,bd07,True,35,wrong_pattern,3,False
confusion_even_odd,even_odd,,1,0.35000000000000003,4,999f,bd07,True,45,wrong_pattern,3,False
confusion_even_odd,even_odd,,1,0.35000000000000003,5,5ac1,58a4,True,45,spurious,-1,False
confusion_even_odd,even_odd,,1,0.35000000000000003,6,97b0,2b4,True,45,spurious,-1,False
confusion_even_odd,even_odd,,1,0.35000000000000003,7,78f1,58a4,True,35,spurious,-1,False
confusion_even_odd,even_odd,,1,0.35000000000000003,7,103f,359,True,45,spurious,-1,False
confusion_even_odd,even_odd,,1,0.35000000000000003,5,bf1d,a75b,True,45,spurious,-1,False
confusion_even_odd,even_odd,,1,0.35000000000000003,6,9f18,359,True,45,spurious,-1,False
confusion_even_odd,even_odd,,1,0.35000000000000003,8,97b,359,True,69,spurious,-1,False
confusion_even_odd,even_odd,,1,0.35000000000000003,8,3656,a75b,True,45,spurious,-1,False
confusion_even_odd,even_odd,,1,0.35000000000000003,6,8fc4,58a4,True,123,spurious,-1,False
confusion_even_odd,even_odd,,1,0.35000000000000003,6,9e92,a6b6,True,35,wrong_pattern,2,False
confusion_even_odd,even_odd,,1,0.35000000000000003,7,99ef,fca6,True,45,wrong_pattern,0,False
confusion_even_odd,even_odd,,1,0.35000000000000003,5,2996,fca6,True,75,wrong_pattern,0,False
confusion_even_odd,even_odd,,1,0.35000000000000003,7,785d,5949,True,25,spurious,-1,False
confusion_even_odd,even_odd,,1,0.35000000000000003,8,3451,359,True,45,spurious,-1,False
confusion_even_odd,even_odd,,1,0.35000000000000003,3,1185,395,True,55,spurious,-1,False
confusion_even_odd,even_odd,,1,0.35000000000000003,5,38b1,58a4,True,35,spurious,-1,False
confusion_even_odd,even_odd,,1,0.35000000000000003,6,52df,2b4,True,49,spurious,-1,False
confusion_even_odd,even_odd,,1,0.35000000000000003,3,3bb7,fca6,True,59,wrong_pattern,0,False
confusion_even_odd,even_odd,,1,0.35000000000000003,6,d934,58a4,True,59,spurious,-1,False
confusion_even_odd,even_odd,,1,0.35000000000000003,3,1bb9,2b4,True,45,spurious,-1,False
confusion_even_odd,even_odd,,1,0.35000000000000003,4,5b07,1905,True,35,spurious,-1,False
confusion_even_odd,even_odd,,1,0.35000000000000003,4,8895,58a4,True,55,spurious,-1,False
confusion_even_odd,even_odd,,1,0.35000000000000003,4,5f84,58a4,True,35,spurious,-1,False
confusion_even_odd,even_odd,,1,0.35000000000000003,4,1a25,58a4,True,93,spurious,-1,False
confusion_even_odd,even_odd,,1,0.35000000000000003,7,d39,5949,True,45,spurious,-1,False
confusion_even_odd,even_odd,,1,0.35000000000000003,5,f3d,359,True,45,spurious,-1,False
confusion_even_odd,even_odd,,2,0.35000000000000003,9,a1d,359,True,45,spurious,-1,False
confusion_even_odd,even_odd,,2,0.35000000000000003,8,fc2c,fc6a,True,45,spurious,-1,False
confusion_even_odd,even_odd,,2,0.35000000000000003,7,c514,359,True,59,spurious,-1,False
confusion_even_odd,even_odd,,2,0.35000000000000003,5,26c2,a6b6,True,55,correct,2,True
confusion_even_odd,even_odd,,2,0.35000000000000003,7,abd,2b4,True,35,spurious,-1,False
confusion_even_odd,even_odd,,2,0.35000000000000003,7,d032,fc6a,True,59,spurious,-1,False
confusion_even_odd,even_odd,,2,0.35000000000000003,6,22c2,a6b6,True,69,correct,2,True
confusion_even_odd,even_odd,,2,0.35000000000000003,9,57b9,2b4,True,49,spurious,-1,False
confusion_even_odd,even_odd,,2,0.35000000000000003,8,2de5,58a4,True,45,spurious,-1,False
confusion_even_odd,even_odd,,2,0.35000000000000003,6,dab7,fca6,True,45,wrong_pattern,0,False
confusion_even_odd,even_odd,,2,0.35000000000000003,8,75ff,fc6a,True,45,spurious,-1,False
confusion_even_odd,even_odd,,2,0.35000000000000003,3,afbe,a6b6,True,35,correct,2,True
confusion_even_odd,even_odd,,2,0.35000000000000003,2,86b4,2b4,True,45,spurious,-1,False
confusion_even_odd,even_odd,,2,0.35000000000000003,4,236,2b4,True,25,spurious,-1,False
confusion_even_odd,even_odd,,2,0.35000000000000003,6,7635,2b4,True,79,spurious,-1,False
confusion_even_odd,even_odd,,2,0.35000000000000003,6,88b3,fca6,True,45,wrong_pattern,0,False
confusion_even_odd,even_odd,,2,0.35000000000000003,3,6696,a6b6,True,25,correct,2,True
confusion_even_odd,even_odd,,2,0.35000000000000003,6,283e,fc6a,True,45,spurious,-1,False
confusion_even_odd,even_odd,,2,0.35000000000000003,4,b0a6,fca6,True,45,wrong_pattern,0,False
confusion_even_odd,even_odd,,2,0.35000000000000003,5,ee9f,a6b6,True,35,correct,2,True
confusion_even_odd,even_odd,,2,0.35000000000000003,9,3883,fca6,True,45,wrong_pattern,0,False
confusion_even_odd,even_odd,,2,0.35000000000000003,5,d626,fca6,True,25,wrong_pattern,0,False
confusion_even_odd,even_odd,,2,0.35000000000000003,6,e3fc,e6fa,True,45,spurious,-1,False
confusion_even_odd,even_odd,,2,0.35000000000000003,3,acb2,fca6,True,21,wrong_pattern,0,False
confusion_even_odd,even_odd,,2,0.35000000000000003,5,a710,a75b,True,45,spurious,-1,False
confusion_even_odd,even_odd,,2,0.35000000000000003,5,aa66,fca6,True,59,wrong_pattern,0,False
confusion_even_odd,even_odd,,2,0.35000000000000003,3,36be,e6fa,True,51,spurious,-1,False
confusion_even_odd,even_odd,,2,0.35000000000000003,2,26b7,a6b6,True,25,correct,2,True
confusion_even_odd,even_odd,,2,0.35000000000000003,6,2894,58a4,True,45,spurious,-1,False
confusion_even_odd,even_odd,,2,0.35000000000000003,6,b377,a75b,True,83,spurious,-1,False
confusion_even_odd,even_odd,,2,0.35000000000000003,2,ae96,fca6,True,89,wrong_pattern,0,False
confusion_even_odd,even_odd,,2,0.35000000000000003,3,b4f6,fca6,True,45,wrong_pattern,0,False
confusion_even_odd,even_odd,,2,0.35000000000000003,9,fd31,bd07,True,49,wrong_pattern,3,False
confusion_even_odd,even_odd,,2,0.35000000000000003,3,9696,a6b6,True,45,correct,2,True
confusion_even_odd,even_odd,,2,0.35000000000000003,3,84a6,fca6,True,45,wrong_pattern,0,False
confusion_even_odd,even_odd,,2,0.35000000000000003,5,87d7,a797,True,35,spurious,-1,False
confusion_even_odd,even_odd,,2,0.35000000000000003,3,6636,e6fa,True,35,spurious,-1,False
confusion_even_odd,even_odd,,2,0.35000000000000003,8,573f,359,True,45,spurious,-1,False
confusion_even_odd,even_odd,,2,0.35000000000000003,8,e927,bd07,True,35,wrong_pattern,3,False
confusion_even_odd,even_odd,,2,0.35000000000000003,5,34ba,a6b6,True,117,correct,2,True
confusion_even_odd,even_odd,,2,0.35000000000000003,6,9607,a797,True,45,spurious,-1,False
confusion_even_odd,even_odd,,2,0.35000000000000003,8,fba3,fca6,True,35,wrong_pattern,0,False
confusion_even_odd,even_odd,,2,0.35000000000000003,5,e092,e6fa,True,93,spurious,-1,False
confusion_even_odd,even_odd,,2,0.35000000000000003,8,383,395,True,35,spurious,-1,False
confusion_even_odd,even_odd,,2,0.35000000000000003,7,8be4,58a4,True,45,spurious,-1,False
confusion_even_odd,even_odd,,2,0.35000000000000003,5,fb4,58a4,True,55,spurious,-1,False
confusion_even_odd,even_odd,,2,0.35000000000000003,6,ac2a,fc6a,True,11,spurious,-1,False
confusion_even_odd,even_odd,,2,0.35000000000000003,3,f6be,a6b6,True,59,correct,2,True
confusion_even_odd,even_odd,,2,0.35000000000000003,7,c757,a75b,True,35,spurious,-1,False
confusion_even_odd,even_odd,,2,0.35000000000000003,6,4486,58a4,True,45,spurious,-1,False
confusion_even_odd,even_odd,,2,0.35000000000000003,7,21d2,a6b6,True,45,correct,2,True
confusion_even_odd,even_odd,,2,0.35000000000000003,6,b660,e6fa,True,35,spurious,-1,False
confusion_even_odd,even_odd,,2,0.35000000000000003,4,b336,a6b6,True,79,correct,2,True
confusion_even_odd,even_odd,,2,0.35000000000000003,5,afe4,fca6,True,45,wrong_pattern,0,False
confusion_even_odd,even_odd,,2,0.35000000000000003,3,86ae,e6fa,True,51,spurious,-1,False
confusion_even_odd,even_odd,,2,0.35000000000000003,6,b126,fca6,True,59,wrong_pattern,0,False
confusion_even_odd,even_odd,,2,0.35000000000000003,4,e690,a6b6,True,35,correct,2,True
confusion_even_odd,even_odd,,2,0.35000000000000003,8,2f1d,359,True,45,spurious,-1,False
confusion_even_odd,even_odd,,2,0.35000000000000003,8,2c78,4068,True,69,spurious,-1,False
confusion_even_odd,even_odd,,2,0.35000000000000003,3,e637,a75b,True,83,spurious,-1,False
confusion_even_odd,even_odd,,2,0.35000000000000003,7,83ad,2b4,True,45,spurious,-1,False
confusion_even_odd,even_odd,,2,0.35000000000000003,4,2286,a6b6,True,45,correct,2,True
confusion_even_odd,even_odd,,2,0.35000000000000003,7,4fd6,58a4,True,89,spurious,-1,False
confusion_even_odd,even_odd,,2,0.35000000000000003,7,62fd,42f8,True,25,spurious,-1,False
confusion_even_odd,even_odd,,2,0.35000000000000003,4,27ba,e6fa,True,51,spurious,-1,False
confusion_even_odd,even_odd,,2,0.35000000000000003,6,9607,a797,True,45,spurious,-1,False
confusion_even_odd,even_odd,,2,0.35000000000000003,7,ee5,58a4,True,45,spurious,-1,False
confusion_even_odd,even_odd,,2,0.35000000000000003,5,30b4,58a4,True,45,spurious,-1,False
confusion_even_odd,even_odd,,2,0.35000000000000003,5,bdbe,fca6,True,35,wrong_pattern,0,False
confusion_even_odd,even_odd,,2,0.35000000000000003,8,de57,bd07,True,35,wrong_pattern,3,False
confusion_even_odd,even_odd,,2,0.35000000000000003,3,e2f6,a6b6,True,21,correct,2,True
confusion_even_odd,even_odd,,2,0.35000000000000003,4,8e37,fca6,True,123,wrong_pattern,0,False
confusion_even_odd,even_odd,,2,0.35000000000000003,7,c0d2,fc6a,True,45,spurious,-1,False
confusion_even_odd,even_odd,,2,0.35000000000000003,6,6c3e,fc6a,True,45,spurious,-1,False
confusion_even_odd,even_odd,,2,0.35000000000000003,6,615,395,True,25,spurious,-1,False
confusion_even_odd,even_odd,,2,0.35000000000000003,7,bf10,a797,True,35,spurious,-1,False
confusion_even_odd,even_odd,,2,0.35000000000000003,5,6cb7,fca6,True,35,wrong_pattern,0,False
confusion_even_odd,even_odd,,2,0.35000000000000003,5,34a7,fca6,True,45,wrong_pattern,0,False
confusion_even_odd,even_odd,,2,0.35000000000000003,4,a42e,e46a,True,21,spurious,-1,False
confusion_even_odd,even_odd,,2,0.35000000000000003,3,e6fe,e6fa,True,11,spurious,-1,False
confusion_even_odd,even_odd,,2,0.35000000000000003,7,edf0,fca6,True,45,wrong_pattern,0,False
confusion_even_odd,even_odd,,2,0.35000000000000003,6,9bb2,a6b6,True,69,correct,2,True
confusion_even_odd,even_odd,,2,0.35000000000000003,6,c4e7,fca6,True,35,wrong_pattern,0,False
confusion_even_odd,even_odd,,2,0.35000000000000003,5,260e,a75b,True,45,spurious,-1,False
confusion_even_odd,even_odd,,2,0.35000000000000003,3,6a6,2b4,True,45,spurious,-1,False
confusion_even_odd,even_odd,,2,0.35000000000000003,8,f814,bd07,True,89,wrong_pattern,3,False
confusion_even_odd,even_odd,,2,0.35000000000000003,4,a63d,a75b,True,45,spurious,-1,False
confusion_even_odd,even_odd,,2,0.35000000000000003,8,1cb1,58a4,True,11,spurious,-1,False
confusion_even_odd,even_odd,,2,0.35000000000000003,7,e073,a75b,True,59,spurious,-1,False
confusion_even_odd,even_odd,,2,0.35000000000000003,6,7286,fca6,True,69,wrong_pattern,0,False
confusion_even_odd,even_odd,,2,0.35000000000000003,3,aa36,fca6,True,89,wrong_pattern,0,False
confusion_even_odd,even_odd,,2,0.35000000000000003,8,49b7,58a4,True,35,spurious,-1,False
confusion_even_odd,even_odd,,2,0.35000000000000003,6,52f6,2b4,True,45,spurious,-1,False
confusion_even_odd,even_odd,,2,0.35000000000000003,6,ebae,fca6,True,35,wrong_pattern,0,False
confusion_even_odd,even_odd,,2,0.35000000000000003,8,5233,2b4,True,83,spurious,-1,False
confusion_even_odd,even_odd,,2,0.35000000000000003,3,66a6,fca6,True,69,wrong_pattern,0,False
confusion_even_odd,even_odd,,2,0.35000000000000003,6,e665,a75b,True,83,spurious,-1,False
confusion_even_odd,even_odd,,2,0.35000000000000003,4,22b5,2b4,True,25,spurious,-1,False
confusion_even_odd,even_odd,,2,0.35000000000000003,4,ac32,fca6,True,79,wrong_pattern,0,False
confusion_even_odd,even_odd,,2,0.35000000000000003,7,21e4,58a4,True,45,spurious,-1,False
confusion_even_odd,even_odd,,2,0.35000000000000003,6,2704,395,True,45,spurious,-1,False
confusion_even_odd,even_odd,,2,0.35000000000000003,7,dbf6,fca6,True,45,wrong_pattern,0,False
confusion_even_odd,even_odd,,2,0.35000000000000003,5,a093,a6b6,True,45,correct,2,True
confusion_even_odd,even_odd,,2,0.35000000000000003,5,8a97,fca6,True,89,wrong_pattern,0,False
confusion_even_odd,even_odd,,2,0.35000000000000003,4,af34,fca6,True,123,wrong_pattern,0,False
confusion_even_odd,even_odd,,2,0.35000000000000003,11,e49,359,True,49,spurious,-1,False
confusion_even_odd,even_odd,,2,0.35000000000000003,5,47be,42f8,True,45,spurious,-1,False
confusion_even_odd,even_odd,,2,0.35000000000000003,7,3a5,2b4,True,11,spurious,-1,False
confusion_even_odd,even_odd,,2,0.35000000000000003,4,e2f2,e6fa,True,25,spurious,-1,False
confusion_even_odd,even_odd,,2,0.35000000000000003,4,8776,a633,False,1636,oscillated,-1,False
confusion_even_odd,even_odd,,2,0.35000000000000003,5,7f7,2b4,True,45,spurious,-1,False
confusion_even_odd,even_odd,,2,0.35000000000000003,5,f68e,a6b6,True,83,correct,2,True
confusion_even_odd,even_odd,,2,0.35000000000000003,5,e0b0,fca6,True,79,wrong_pattern,0,False
confusion_even_odd,even_odd,,2,0.35000000000000003,6,a13a,a75b,True,35,spurious,-1,False
confusion_even_odd,even_odd,,2,0.35000000000000003,1,a2b6,a6b6,True,11,correct,2,True
confusion_even_odd,even_odd,,2,0.35000000000000003,8,45d2,359,True,83,spurious,-1,False
confusion_even_odd,even_odd,,2,0.35000000000000003,3,e694,a6b6,True,25,correct,2,True
confusion_even_odd,even_odd,,2,0.35000000000000003,6,f5bf,a6b6,True,45,correct,2,True
confusion_even_odd,even_odd,,2,0.35000000000000003,5,ccbe,fca6,True,45,wrong_pattern,0,False
confusion_even_odd,even_odd,,2,0.35000000000000003,5,a4f1,fca6,True,55,wrong_pattern,0,False
confusion_even_odd,even_odd,,3,0.35000000000000003,10,4b91,1b95,True,11,wrong_pattern,1,False
confusion_even_odd,even_odd,,3,0.35000000000000003,5,9c53,bd07,True,45,correct,3,True
confusion_even_odd,even_odd,,3,0.35000000000000003,7,6404,5949,True,69,spurious,-1,False
confusion_even_odd,even_odd,,3,0.35000000000000003,7,79a2,fca6,True,45,wrong_pattern,0,False
confusion_even_odd,even_odd,,3,0.35000000000000003,7,fc72,fc6a,True,49,spurious,-1,False
confusion_even_odd,even_odd,,3,0.35000000000000003,5,3387,a797,True,45,spurious,-1,False
confusion_even_odd,even_odd,,3,0.35000000000000003,5,acc3,fca6,True,79,wrong_pattern,0,False
confusion_even_odd,even_odd,,3,0.35000000000000003,5,b81b,fd4b,True,21,spurious,-1,False
confusion_even_odd,even_odd,,3,0.35000000000000003,7,e057,a75b,True,35,spurious,-1,False
confusion_even_odd,even_odd,,3,0.35000000000000003,3,ad43,fd4b,True,59,spurious,-1,False
confusion_even_odd,even_odd,,3,0.35000000000000003,4,b317,a797,True,45,spurious,-1,False
confusion_even_odd,even_odd,,3,0.35000000000000003,6,8f42,a75b,True,35,spurious,-1,False
confusion_even_odd,even_odd,,3,0.35000000000000003,5,efc7,bf97,True,11,spurious,-1,False
confusion_even_odd,even_odd,,3,0.35000000000000003,5,2c45,5949,True,93,spurious,-1,False
confusion_even_odd,even_odd,,3,0.35000000000000003,3,3d46,bd07,True,25,correct,3,True
confusion_even_odd,even_odd,,3,0.35000000000000003,2,3907,bd07,True,45,correct,3,True
confusion_even_odd,even_odd,,3,0.35000000000000003,3,bd22,bd07,True,59,correct,3,True
confusion_even_odd,even_odd,,3,0.35000000000000003,5,75c7,bf97,True,79,spurious,-1,False
confusion_even_odd,even_odd,,3,0.35000000000000003,6,b82c,fca6,True,59,wrong_pattern,0,False
confusion_even_odd,even_odd,,3,0.35000000000000003,6,3645,359,True,45,spurious,-1,False
confusion_even_odd,even_odd,,3,0.35000000000000003,5,f44f,fd4b,True,35,spurious,-1,False
confusion_even_odd,even_odd,,3,0.35000000000000003,7,144b,359,True,65,spurious,-1,False
confusion_even_odd,even_odd,,3,0.35000000000000003,7,cdd5,1905,True,45,spurious,-1,False
confusion_even_odd,even_odd,,3,0.35000000000000003,6,ffad,fca6,True,35,wrong_pattern,0,False
confusion_even_odd,even_odd,,3,0.35000000000000003,4,ad42,fd4b,True,45,spurious,-1,False
confusion_even_odd,even_odd,,3,0.35000000000000003,9,5b29,5949,True,25,spurious,-1,False
confusion_even_odd,even_odd,,3,0.35000000000000003,9,6be6,fca6,True,45,wrong_pattern,0,False
confusion_even_odd,even_odd,,3,0.35000000000000003,3,bc2f,fd4b,True,65,spurious,-1,False
confusion_even_odd,even_odd,,3,0.35000000000000003,7,ed5c,fd4b,True,45,spurious,-1,False
confusion_even_odd,even_odd,,3,0.35000000000000003,3,bc25,fca6,True,59,wrong_pattern,0,False
confusion_even_odd,even_odd,,3,0.35000000000000003,8,84c2,fca6,True,55,wrong_pattern,0,False
confusion_even_odd,even_odd,,3,0.35000000000000003,5,9437,fca6,True,93,wrong_pattern,0,False
confusion_even_odd,even_odd,,3,0.35000000000000003,6,a99d,bd07,True,65,correct,3,True
confusion_even_odd,even_odd,,3,0.35000000000000003,7,a710,a75b,True,45,spurious,-1,False
confusion_even_odd,even_odd,,3,0.35000000000000003,11,1efc,2b4,True,35,spurious,-1,False
confusion_even_odd,even_odd,,3,0.35000000000000003,4,f513,a75b,True,45,spurious,-1,False
confusion_even_odd,even_odd,,3,0.35000000000000003,4,af13,a75b,True,35,spurious,-1,False
confusion_even_odd,even_odd,,3,0.35000000000000003,9,11b2,58a4,True,45,spurious,-1,False
confusion_even_odd,even_odd,,3,0.35000000000000003,8,b4b9,e46a,True,89,spurious,-1,False
confusion_even_odd,even_odd,,3,0.35000000000000003,3,ff05,bd07,True,35,correct,3,True
confusion_even_odd,even_odd,,3,0.35000000000000003,7,abcd,a797,True,59,spurious,-1,False
confusion_even_odd,even_odd,,3,0.35000000000000003,5,baa7,fca6,True,25,wrong_pattern,0,False
confusion_even_odd,even_odd,,3,0.35000000000000003,6,2fc3,a7d3,False,1636,oscillated,-1,False
confusion_even_odd,even_odd,,3,0.35000000000000003,5,f911,bd07,True,45,correct,3,True
confusion_even_odd,even_odd,,3,0.35000000000000003,4,3daf,fca6,True,45,wrong_pattern,0,False
confusion_even_odd,even_odd,,3,0.35000000000000003,6,371e,a75b,True,45,spurious,-1,False
confusion_even_odd,even_odd,,3,0.35000000000000003,8,c067,fd4b,True,45,spurious,-1,False
confusion_even_odd,even_odd,,3,0.35000000000000003,7,7781,395,True,45,spurious,-1,False
confusion_even_odd,even_odd,,3,0.35000000000000003,6,9cae,fca6,True,25,wrong_pattern,0,False
confusion_even_odd,even_odd,,3,0.35000000000000003,5,ab37,bf97,True,45,spurious,-1,False
confusion_even_odd,even_odd,,3,0.35000000000000003,6,b5e1,fca6,True,45,wrong_pattern,0,False
confusion_even_odd,even_odd,,3,0.35000000000000003,8,abff,a6b6,True,45,wrong_pattern,2,False
confusion_even_odd,even_odd,,3,0.35000000000000003,5,f886,fca6,True,25,wrong_pattern,0,False
confusion_even_odd,even_odd,,3,0.35000000000000003,4,3f0e,a75b,True,85,spurious,-1,False
confusion_even_odd,even_odd,,3,0.35000000000000003,7,5846,5949,True,79,spurious,-1,False
confusion_even_odd,even_odd,,3,0.35000000000000003,8,895c,5949,True,45,spurious,-1,False
confusion_even_odd,even_odd,,3,0.35000000000000003,9,e391,a797,True,45,spurious,-1,False
confusion_even_odd,even_odd,,3,0.35000000000000003,6,f30e,a75b,True,21,spurious,-1,False
confusion_even_odd,even_odd,,3,0.35000000000000003,6,1f2b,1905,True,93,spurious,-1,False
confusion_even_odd,even_odd,,3,0.35000000000000003,4,9d00,1905,True,45,spurious,-1,False
confusion_even_odd,even_odd,,3,0.35000000000000003,7,55c6,58a4,True,59,spurious,-1,False
confusion_even_odd,even_odd,,3,0.35000000000000003,2,dd07,bd07,True,25,correct,3,True
confusion_even_odd,even_odd,,3,0.35000000000000003,7,eda9,fca6,True,45,wrong_pattern,0,False
confusion_even_odd,even_odd,,3,0.35000000000000003,8,c109,5949,True,35,spurious,-1,False
confusion_even_odd,even_odd,,3,0.35000000000000003,5,3e45,1b95,True,45,wrong_pattern,1,False
confusion_even_odd,even_odd,,3,0.35000000000000003,5,b96b,fd4b,True,25,spurious,-1,False
confusion_even_odd,even_odd,,3,0.35000000000000003,8,9979,359,True,69,spurious,-1,False
confusion_even_odd,even_odd,,3,0.35000000000000003,2,bd57,bd07,True,11,correct,3,True
confusion_even_odd,even_odd,,3,0.35000000000000003,7,7ccb,fd4b,True,59,spurious,-1,False
confusion_even_odd,even_odd,,3,0.35000000000000003,6,2956,fd4b,True,113,spurious,-1,False
confusion_even_odd,even_odd,,3,0.35000000000000003,5,e901,bd07,True,45,correct,3,True
confusion_even_odd,even_odd,,3,0.35000000000000003,5,bc6e,fc6a,True,21,spurious,-1,False
confusion_even_odd,even_odd,,3,0.35000000000000003,8,921e,a75b,True,45,spurious,-1,False
confusion_even_odd,even_odd,,3,0.35000000000000003,4,dd83,bd07,True,25,correct,3,True
confusion_even_odd,even_odd,,3,0.35000000000000003,8,8a44,395,True,45,spurious,-1,False
confusion_even_odd,even_odd,,3,0.35000000000000003,8,5fb5,58a4,True,35,spurious,-1,False
confusion_even_odd,even_odd,,3,0.35000000000000003,6,975f,a75b,True,25,spurious,-1,False
confusion_even_odd,even_odd,,3,0.35000000000000003,5,ba0e,fca6,True,69,wrong_pattern,0,False
confusion_even_odd,even_odd,,3,0.35000000000000003,6,3301,359,True,45,spurious,-1,False
confusion_even_odd,even_odd,,3,0.35000000000000003,5,2f25,1b95,True,45,wrong_pattern,1,False
confusion_even_odd,even_odd,,3,0.35000000000000003,5,a797,a797,True,0,spurious,-1,False
confusion_even_odd,even_odd,,3,0.35000000000000003,5,a595,a797,True,49,spurious,-1,False
confusion_even_odd,even_odd,,3,0.35000000000000003,8,ec69,fd4b,True,45,spurious,-1,False
confusion_even_odd,even_odd,,3,0.35000000000000003,5,bc5e,fd4b,True,21,spurious,-1,False
confusion_even_odd,even_odd,,3,0.35000000000000003,4,a5a7,fca6,True,89,wrong_pattern,0,False
confusion_even_odd,even_odd,,3,0.35000000000000003,4,bb15,bf97,True,45,spurious,-1,False
confusion_even_odd,even_odd,,3,0.35000000000000003,3,3d57,bd07,True,45,correct,3,True
confusion_even_odd,even_odd,,3,0.35000000000000003,3,be17,bf97,True,25,spurious,-1,False
confusion_even_odd,even_odd,,3,0.35000000000000003,2,9c07,bd07,True,25,correct,3,True
confusion_even_odd,even_odd,,3,0.35000000000000003,6,5817,1905,True,35,spurious,-1,False
confusion_even_odd,even_odd,,3,0.35000000000000003,5,b589,a75b,True,45,spurious,-1,False
confusion_even_odd,even_odd,,3,0.35000000000000003,5,b097,a6b6,True,45,wrong_pattern,2,False
confusion_even_odd,even_odd,,3,0.35000000000000003,6,8c00,5949,True,79,spurious,-1,False
confusion_even_odd,even_odd,,3,0.35000000000000003,7,d124,58a4,True,59,spurious,-1,False
confusion_even_odd,even_odd,,3,0.35000000000000003,4,9d33,bd07,True,45,correct,3,True
confusion_even_odd,even_odd,,3,0.35000000000000003,4,ed0e,fd4b,True,21,spurious,-1,False
confusion_even_odd,even_odd,,3,0.35000000000000003,7,c48f,fd4b,True,65,spurious,-1,False
confusion_even_odd,even_odd,,3,0.35000000000000003,6,5b17,1905,True,35,spurious,-1,False
confusion_even_odd,even_odd,,3,0.35000000000000003,7,7357,a75b,True,45,spurious,-1,False
confusion_even_odd,even_odd,,3,0.35000000000000003,8,a4f3,fca6,True,55,wrong_pattern,0,False
confusion_even_odd,even_odd,,3,0.35000000000000003,4,b535,bf97,True,25,spurious,-1,False
confusion_even_odd,even_odd,,3,0.35000000000000003,7,b4ac,a6b6,True,83,wrong_pattern,2,False
confusion_even_odd,even_odd,,3,0.35000000000000003,3,9517,bf97,True,49,spurious,-1,False
confusion_even_odd,even_odd,,3,0.35000000000000003,5,ef4f,a75b,True,45,spurious,-1,False
confusion_even_odd,even_odd,,3,0.35000000000000003,3,b117,bf97,True,49,spurious,-1,False
confusion_even_odd,even_odd,,3,0.35000000000000003,7,5f1d,359,True,55,spurious,-1,False
confusion_even_odd,even_odd,,3,0.35000000000000003,2,3d47,bd07,True,25,correct,3,True
confusion_even_odd,even_odd,,3,0.35000000000000003,5,150e,359,True,45,spurious,-1,False
confusion_even_odd,even_odd,,3,0.35000000000000003,6,d511,359,True,45,spurious,-1,False
confusion_even_odd,even_odd,,3,0.35000000000000003,5,dda3,fca6,True,45,wrong_pattern,0,False
confusion_even_odd,even_odd,,3,0.35000000000000003,4,7d25,1905,True,45,spurious,-1,False
confusion_even_odd,even_odd,,3,0.35000000000000003,5,ef15,bf97,True,89,spurious,-1,False
confusion_even_odd,even_odd,,3,0.35000000000000003,4,fd12,bd07,True,21,correct,3,True
confusion_even_odd,even_odd,,3,0.35000000000000003,4,b5d7,a797,True,49,spurious,-1,False
confusion_even_odd,even_odd,,3,0.35000000000000003,8,441,359,True,25,spurious,-1,False
confusion_even_odd,even_odd,,3,0.35000000000000003,7,77c6,a6b6,True,45,wrong_pattern,2,False
confusion_even_odd,even_odd,,3,0.35000000000000003,5,9f8b,a797,True,79,spurious,-1,False
confusion_even_odd,even_odd,,3,0.35000000000000003,7,6f11,1b95,True,89,wrong_pattern,1,False
confusion_even_odd,even_odd,,3,0.35000000000000003,4,b005,bd07,True,45,correct,3,True
confusion_even_odd,even_odd,,3,0.35000000000000003,6,79a6,fca6,True,45,wrong_pattern,0,False
confusion_even_odd,even_odd,,0,0.4,1,fea6,fca6,True,25,correct,0,True
confusion_even_odd,even_odd,,0,0.4,5,f40c,fd4b,True,49,spurious,-1,False
confusion_even_odd,even_odd,,0,0.4,6,f577,a75b,True,45,spurious,-1,False
confusion_even_odd,even_odd,,0,0.4,4,f08e,fca6,True,25,correct,0,True
confusion_even_odd,even_odd,,0,0.4,7,adf5,fca6,True,55,correct,0,True
confusion_even_odd,even_odd,,0,0.4,5,f9ad,fca6,True,45,correct,0,True
confusion_even_odd,even_odd,,0,0.4,4,bc6e,fc6a,True,21,spurious,-1,False
confusion_even_odd,even_odd,,0,0.4,5,4cb4,58a4,True,11,spurious,-1,False
confusion_even_odd,even_odd,,0,0.4,7,83a6,a6b6,True,45,wrong_pattern,2,False
confusion_even_odd,even_odd,,0,0.4,9,fb39,a75b,True,79,spurious,-1,False
confusion_even_odd,even_odd,,0,0.4,7,c62f,a75b,True,45,spurious,-1,False
confusion_even_odd,even_odd,,0,0.4,7,c48d,5949,True,65,spurious,-1,False
confusion_even_odd,even_odd,,0,0.4,8,ded8,4068,True,65,spurious,-1,False
confusion_even_odd,even_odd,,0,0.4,4,faac,fca6,True,45,correct,0,True
confusion_even_odd,even_odd,,0,0.4,8,8266,e6fa,True,45,spurious,-1,False
confusion_even_odd,even_odd,,0,0.4,9,4c7b,5949,True,45,spurious,-1,False
confusion_even_odd,even_odd,,0,0.4,8,fbcb,fd4b,True,25,spurious,-1,False
confusion_even_odd,even_odd,,0,0.4,8,28f3,fca6,True,45,correct,0,True
confusion_even_odd,even_odd,,0,0.4,6,ee44,bf97,True,89,spurious,-1,False
confusion_even_odd,even_odd,,0,0.4,9,aa9b,a7de,False,1636,oscillated,-1,False
confusion_even_odd,even_odd,,0,0.4,4,dc94,58a4,True,45,spurious,-1,False
confusion_even_odd,even_odd,,0,0.4,12,715,395,True,25,spurious,-1,False
confusion_even_odd,even_odd,,0,0.4,5,d68e,a6b6,True,83,wrong_pattern,2,False
confusion_even_odd,even_odd,,0,0.4,7,981e,bd07,True,89,wrong_pattern,3,False
confusion_even_odd,even_odd,,0,0.4,7,9ecf,fca6,True,59,correct,0,True
confusion_even_odd,even_odd,,0,0.4,5,ee76,fca6,True,45,correct,0,True
confusion_even_odd,even_odd,,0,0.4,9,a45c,a75b,True,35,spurious,-1,False
confusion_even_odd,even_odd,,0,0.4,6,d8d4,58a4,True,25,spurious,-1,False
confusion_even_odd,even_odd,,0,0.4,6,ff63,fd4b,True,25,spurious,-1,False
confusion_even_odd,even_odd,,0,0.4,10,7a5d,359,True,45,spurious,-1,False
confusion_even_odd,even_odd,,0,0.4,9,685,2b4,True,35,spurious,-1,False
confusion_even_odd,even_odd,,0,0.4,6,60a5,58a4,True,25,spurious,-1,False
confusion_even_odd,even_odd,,0,0.4,5,be64,fca6,True,35,correct,0,True
confusion_even_odd,even_odd,,0,0.4,10,5669,359,True,55,spurious,-1,False
confusion_even_odd,even_odd,,0,0.4,7,9a37,fca6,True,93,correct,0,True
confusion_even_odd,even_odd,,0,0.4,7,5c6b,5949,True,45,spurious,-1,False
confusion_even_odd,even_odd,,0,0.4,8,889a,fca6,True,59,correct,0,True
confusion_even_odd,even_odd,,0,0.4,10,93c0,2b4,True,45,spurious,-1,False
confusion_even_odd,even_odd,,0,0.4,7,f66b,a75b,True,55,spurious,-1,False
confusion_even_odd,even_odd,,0,0.4,4,9c84,58a4,True,45,spurious,-1,False
confusion_even_odd,even_odd,,0,0.4,7,68ca,fc6a,True,45,spurious,-1,False
confusion_even_odd,even_odd,,0,0.4,7,f5c8,a75b,True,123,spurious,-1,False
confusion_even_odd,even_odd,,0,0.4,5,48e6,58a4,True,25,spurious,-1,False
confusion_even_odd,even_odd,,0,0.4,4,7887,fca6,True,45,correct,0,True
confusion_even_odd,even_odd,,0,0.4,8,24c5,2b4,True,45,spurious,-1,False
confusion_even_odd,even_odd,,0,0.4,5,7ba4,58a4,True,25,spurious,-1,False
confusion_even_odd,even_odd,,0,0.4,6,52ae,2b4,True,79,spurious,-1,False
confusion_even_odd,even_odd,,0,0.4,6,71af,fca6,True,45,correct,0,True
confusion_even_odd,even_odd,,0,0.4,6,ce32,fca6,True,45,correct,0,True
confusion_even_odd,even_odd,,0,0.4,4,7ce3,fca6,True,45,correct,0,True
confusion_even_odd,even_odd,,0,0.4,9,bfdd,a797,True,49,spurious,-1,False
confusion_even_odd,even_odd,,0,0.4,10,8f57,a75b,True,35,spurious,-1,False
confusion_even_odd,even_odd,,0,0.4,7,d2a8,2b4,True,113,spurious,-1,False
confusion_even_odd,even_odd,,0,0.4,5,ee2a,fc6a,True,49,spurious,-1,False
confusion_even_odd,even_odd,,0,0.4,10,d169,359,True,89,spurious,-1,False
confusion_even_odd,even_odd,,0,0.4,6,da2,58a4,True,45,spurious,-1,False
confusion_even_odd,even_odd,,0,0.4,9,d2cb,a75b,True,73,spurious,-1,False
confusion_even_odd,even_odd,,0,0.4,5,7286,fca6,True,69,correct,0,True
confusion_even_odd,even_odd,,0,0.4,6,65a0,58a4,True,45,spurious,-1,False
confusion_even_odd,even_odd,,0,0.4,6,3eb0,2b4,True,69,spurious,-1,False
confusion_even_odd,even_odd,,0,0.4,6,c8ef,fca6,True,45,correct,0,True
confusion_even_odd,even_odd,,0,0.4,7,6534,5949,True,45,spurious,-1,False
confusion_even_odd,even_odd,,0,0.4,7,e603,a75b,True,35,spurious,-1,False
confusion_even_odd,even_odd,,0,0.4,8,aa60,fc6a,True,79,spurious,-1,False
confusion_even_odd,even_odd,,0,0.4,6,fe01,bd07,True,35,wrong_pattern,3,False
confusion_even_odd,even_odd,,0,0.4,7,7845,1905,True,51,spurious,-1,False
confusion_even_odd,even_odd,,0,0.4,9,5b72,5949,True,83,spurious,-1,False
confusion_even_odd,even_odd,,0,0.4,6,d7e2,a6b6,True,45,wrong_pattern,2,False
confusion_even_odd,even_odd,,0,0.4,3,f926,fca6,True,59,correct,0,True
confusion_even_odd,even_odd,,0,0.4,5,b4f4,fca6,True,45,correct,0,True
confusion_even_odd,even_odd,,0,0.4,8,c1fe,e46a,True,45,spurious,-1,False
confusion_even_odd,even_odd,,0,0.4,8,a1a8,e6fa,True,69,spurious,-1,False
confusion_even_odd,even_odd,,0,0.4,4,f467,fd22,False,1636,oscillated,-1,False
confusion_even_odd,even_odd,,0,0.4,8,1d56,1905,True,45,spurious,-1,False
confusion_even_odd,even_odd,,0,0.4,5,ac3e,fc6a,True,11,spurious,-1,False
confusion_even_odd,even_odd,,0,0.4,5,fe9f,fca6,True,45,correct,0,True
confusion_even_odd,even_odd,,0,0.4,6,4aa7,58a4,True,31,spurious,-1,False
confusion_even_odd,even_odd,,0,0.4,6,d58a,fccf,False,1636,oscillated,-1,False
confusion_even_odd,even_odd,,0,0.4,6,dce9,5868,True,45,spurious,-1,False
confusion_even_odd,even_odd,,0,0.4,5,f833,fd66,False,1636,oscillated,-1,False
confusion_even_odd,even_odd,,0,0.4,8,8e44,395,True,45,spurious,-1,False
confusion_even_odd,even_odd,,0,0.4,7,c0b0,58a4,True,51,spurious,-1,False
confusion_even_odd,even_odd,,0,0.4,5,8cbe,fca6,True,45,correct,0,True
confusion_even_odd,even_odd,,0,0.4,9,c818,5949,True,45,spurious,-1,False
confusion_even_odd,even_odd,,0,0.4,6,9880,58a4,True,35,spurious,-1,False
confusion_even_odd,even_odd,,0,0.4,7,962f,a75b,True,79,spurious,-1,False
confusion_even_odd,even_odd,,0,0.4,6,48aa,58a4,True,35,spurious,-1,False
confusion_even_odd,even_odd,,0,0.4,10,9189,359,True,45,spurious,-1,False
confusion_even_odd,even_odd,,0,0.4,8,7a54,58a4,True,103,spurious,-1,False
confusion_even_odd,even_odd,,0,0.4,9,5e99,58a4,True,45,spurious,-1,False
confusion_even_odd,even_odd,,0,0.4,8,e19a,a75b,True,69,spurious,-1,False
confusion_even_odd,even_odd,,0,0.4,9,72f1,2b4,True,45,spurious,-1,False
confusion_even_odd,even_odd,,0,0.4,5,7dba,fca6,True,35,correct,0,True
confusion_even_odd,even_odd,,0,0.4,7,d45e,a75b,True,55,spurious,-1,False
confusion_even_odd,even_odd,,0,0.4,6,bd2b,fd4b,True,35,spurious,-1,False
confusion_even_odd,even_odd,,0,0.4,7,7132,a75b,True,75,spurious,-1,False
confusion_even_odd,even_odd,,0,0.4,4,ada4,fca6,True,35,correct,0,True
confusion_even_odd,even_odd,,0,0.4,5,f89c,fca6,True,45,correct,0,True
confusion_even_odd,even_odd,,0,0.4,8,a903,bd07,True,21,wrong_pattern,3,False
confusion_even_odd,even_odd,,0,0.4,5,8ea2,fca6,True,45,correct,0,True
confusion_even_odd,even_odd,,0,0.4,6,7ff2,fca6,True,35,correct,0,True
confusion_even_odd,even_odd,,0,0.4,8,24ed,42f8,True,69,spurious,-1,False
confusion_even_odd,even_odd,,0,0.4,7,f5dc,fd4b,True,69,spurious,-1,False
confusion_even_odd,even_odd,,0,0.4,9,c38,5868,True,11,spurious,-1,False
confusion_even_odd,even_odd,,0,0.4,8,862a,e6fa,True,25,spurious,-1,False
confusion_even_odd,even_odd,,0,0.4,7,8e20,58a4,True,59,spurious,-1,False
confusion_even_odd,even_odd,,0,0.4,10,e519,a75b,True,25,spurious,-1,False
confusion_even_odd,even_odd,,0,0.4,7,992a,fd4b,True,45,spurious,-1,False
confusion_even_odd,even_odd,,0,0.4,7,8885,58a4,True,65,spurious,-1,False
confusion_even_odd,even_odd,,0,0.4,6,3c6c,5868,True,45,spurious,-1,False
confusion_even_odd,even_odd,,0,0.4,4,6fa6,fca6,True,31,correct,0,True
confusion_even_odd,even_odd,,0,0.4,7,8894,58a4,True,45,spurious,-1,False
confusion_even_odd,even_odd,,0,0.4,4,bc2c,fca6,True,35,correct,0,True
confusion_even_odd,even_odd,,0,0.4,8,680d,5949,True,35,spurious,-1,False
confusion_even_odd,even_odd,,0,0.4,6,1cd6,58a4,True,45,spurious,-1,False
confusion_even_odd,even_odd,,0,0.4,7,9d3a,fd4b,True,35,spurious,-1,False
confusion_even_odd,even_odd,,0,0.4,7,ab82,fca6,True,123,correct,0,True
confusion_even_odd,even_odd,,0,0.4,5,fed4,fca6,True,25,correct,0,True
confusion_even_odd,even_odd,,0,0.4,6,f6c0,a6b6,True,45,wrong_pattern,2,False
confusion_even_odd,even_odd,,0,0.4,8,3bc7,bf97,True,45,spurious,-1,False
confusion_even_odd,even_odd,,1,0.4,5,7ba1,58a4,True,35,spurious,-1,False
confusion_even_odd,even_odd,,1,0.4,6,a9a,2b4,True,69,spurious,-1,False
confusion_even_odd,even_odd,,1,0.4,3,4b15,1b95,True,89,correct,1,True
confusion_even_odd,even_odd,,1,0.4,3,9b05,1b95,True,45,correct,1,True
confusion_even_odd,even_odd,,1,0.4,2,9995,1905,True,45,spurious,-1,False
confusion_even_odd,even_odd,,1,0.4,5,ddb5,58a4,True,45,spurious,-1,False
confusion_even_odd,even_odd,,1,0.4,5,bb37,bf97,True,25,spurious,-1,False
confusion_even_odd,even_odd,,1,0.4,5,bc9,359,True,25,spurious,-1,False
confusion_even_odd,even_odd,,1,0.4,4,9f9f,a797,True,49,spurious,-1,False
confusion_even_odd,even_odd,,1,0.4,11,e80e,fd4b,True,11,spurious,-1,False
confusion_even_odd,even_odd,,1,0.4,7,d889,59cc,False,1636,oscillated,-1,False
confusion_even_odd,even_odd,,1,0.4,6,1c9b,58a4,True,83,spurious,-1,False
confusion_even_odd,even_odd,,1,0.4,5,3334,2b4,True,79,spurious,-1,False
confusion_even_odd,even_odd,,1,0.4,7,b2d6,a6b6,True,25,wrong_pattern,2,False
confusion_even_odd,even_odd,,1,0.4,4,5ed5,58a4,True,35,spurious,-1,False
confusion_even_odd,even_odd,,1,0.4,6,11db,359,True,25,spurious,-1,False
confusion_even_odd,even_odd,,1,0.4,7,271f,a75b,True,35,spurious,-1,False
confusion_even_odd,even_odd,,1,0.4,5,35d,359,True,11,spurious,-1,False
confusion_even_odd,even_odd,,1,0.4,10,fd64,fc23,False,1636,oscillated,-1,False
confusion_even_odd,even_odd,,1,0.4,7,bf7d,a75b,True,35,spurious,-1,False
confusion_even_odd,even_odd,,1,0.4,5,8996,fca6,True,75,wrong_pattern,0,False
confusion_even_odd,even_odd,,1,0.4,5,bb01,bf97,True,45,spurious,-1,False
confusion_even_odd,even_odd,,1,0.4,7,d3ff,a6b6,True,79,wrong_pattern,2,False
confusion_even_odd,even_odd,,1,0.4,8,6775,359,True,45,spurious,-1,False
confusion_even_odd,even_odd,,1,0.4,8,3d2c,5949,True,65,spurious,-1,False
confusion_even_odd,even_odd,,1,0.4,4,4795,395,True,11,spurious,-1,False
confusion_even_odd,even_odd,,1,0.4,9,57ca,359,True,73,spurious,-1,False
confusion_even_odd,even_odd,,1,0.4,10,2c52,fd4b,True,45,spurious,-1,False
confusion_even_odd,even_odd,,1,0.4,8,3348,359,True,35,spurious,-1,False
confusion_even_odd,even_odd,,1,0.4,7,b321,a75b,True,59,spurious,-1,False
confusion_even_odd,even_odd,,1,0.4,10,44b8,4068,True,45,spurious,-1,False
confusion_even_odd,even_odd,,1,0.4,6,901d,359,True,35,spurious,-1,False
confusion_even_odd,even_odd,,1,0.4,5,2914,1905,True,45,spurious,-1,False
confusion_even_odd,even_odd,,1,0.4,7,f9c7,bd07,True,25,wrong_pattern,3,False
confusion_even_odd,even_odd,,1,0.4,5,9f19,359,True,45,spurious,-1,False
confusion_even_odd,even_odd,,1,0.4,3,9b84,58a4,True,59,spurious,-1,False
confusion_even_odd,even_odd,,1,0.4,6,dfc7,bd07,True,35,wrong_pattern,3,False
confusion_even_odd,even_odd,,1,0.4,7,4fd8,359,True,59,spurious,-1,False
confusion_even_odd,even_odd,,1,0.4,5,d99c,58a4,True,49,spurious,-1,False
confusion_even_odd,even_odd,,1,0.4,3,9b96,fca6,True,69,wrong_pattern,0,False
confusion_even_odd,even_odd,,1,0.4,8,2920,5949,True,49,spurious,-1,False
confusion_even_odd,even_odd,,1,0.4,8,40b3,2b4,True,51,spurious,-1,False
confusion_even_odd,even_odd,,1,0.4,9,e119,a75b,True,45,spurious,-1,False
confusion_even_odd,even_odd,,1,0.4,11,a5da,a75b,True,69,spurious,-1,False
confusion_even_odd,even_odd,,1,0.4,6,bfa1,fca6,True,45,wrong_pattern,0,False
confusion_even_odd,even_odd,,1,0.4,6,7ed4,58a4,True,45,spurious,-1,False
confusion_even_odd,even_odd,,1,0.4,9,3430,5868,True,59,spurious,-1,False
confusion_even_odd,even_odd,,1,0.4,3,13d1,395,True,11,spurious,-1,False
confusion_even_odd,even_odd,,1,0.4,7,49f3,58a4,True,55,spurious,-1,False
confusion_even_odd,even_odd,,1,0.4,4,3a55,395,True,35,spurious,-1,False
confusion_even_odd,even_odd,,1,0.4,5,3e55,395,True,69,spurious,-1,False
confusion_even_odd,even_odd,,1,0.4,7,9ec3,fca6,True,45,wrong_pattern,0,False
confusion_even_odd,even_odd,,1,0.4,6,3ae4,58a4,True,25,spurious,-1,False
confusion_even_odd,even_odd,,1,0.4,4,bfd,2b4,True,45,spurious,-1,False
confusion_even_odd,even_odd,,1,0.4,10,fd32,fc67,False,1636,oscillated,-1,False
confusion_even_odd,even_odd,,1,0.4,7,15f9,359,True,103,spurious,-1,False
confusion_even_odd,even_odd,,1,0.4,5,331,359,True,83,spurious,-1,False
confusion_even_odd,even_odd,,1,0.4,8,2af8,42f8,True,25,spurious,-1,False
confusion_even_odd,even_odd,,1,0.4,4,5f84,58a4,True,35,spurious,-1,False
confusion_even_odd,even_odd,,1,0.4,7,b1f4,fca6,True,45,wrong_pattern,0,False
confusion_even_odd,even_odd,,1,0.4,6,2e55,359,True,45,spurious,-1,False
confusion_even_odd,even_odd,,1,0.4,6,82bd,2b4,True,25,spurious,-1,False
confusion_even_odd,even_odd,,1,0.4,8,c1b9,359,True,69,spurious,-1,False
confusion_even_odd,even_odd,,1,0.4,5,5301,359,True,45,spurious,-1,False
confusion_even_odd,even_odd,,1,0.4,7,db26,fca6,True,69,wrong_pattern,0,False
confusion_even_odd,even_odd,,1,0.4,4,17b7,2b4,True,45,spurious,-1,False
confusion_even_odd,even_odd,,1,0.4,7,a29c,a6b6,True,45,wrong_pattern,2,False
confusion_even_odd,even_odd,,1,0.4,5,5e84,58a4,True,25,spurious,-1,False
confusion_even_odd,even_odd,,1,0.4,7,bed9,a6b6,True,45,wrong_pattern,2,False
confusion_even_odd,even_odd,,1,0.4,10,c84f,fd4b,True,45,spurious,-1,False
confusion_even_odd,even_odd,,1,0.4,7,2f8e,a6b6,True,45,wrong_pattern,2,False
confusion_even_odd,even_odd,,1,0.4,7,7f03,bd07,True,35,wrong_pattern,3,False
confusion_even_odd,even_odd,,1,0.4,12,42a,42f8,True,69,spurious,-1,False
confusion_even_odd,even_odd,,1,0.4,5,9015,1b95,True,25,correct,1,True
confusion_even_odd,even_odd,,1,0.4,9,cc57,bd07,True,45,wrong_pattern,3,False
confusion_even_odd,even_odd,,1,0.4,7,8f6,58a4,True,45,spurious,-1,False
confusion_even_odd,even_odd,,1,0.4,6,cdd,5949,True,83,spurious,-1,False
confusion_even_odd,even_odd,,1,0.4,2,1915,1905,True,11,spurious,-1,False
confusion_even_odd,even_odd,,1,0.4,8,7e7d,5949,True,45,spurious,-1,False
confusion_even_odd,even_odd,,1,0.4,2,1b35,1b95,True,25,correct,1,True
confusion_even_odd,even_odd,,1,0.4,7,9057,a75b,True,45,spurious,-1,False
confusion_even_odd,even_odd,,1,0.4,7,aab3,a6b6,True,35,wrong_pattern,2,False
confusion_even_odd,even_odd,,1,0.4,6,e9b5,fca6,True,45,wrong_pattern,0,False
confusion_even_odd,even_odd,,1,0.4,6,112d,359,True,45,spurious,-1,False
confusion_even_odd,even_odd,,1,0.4,4,13b9,2b4,True,79,spurious,-1,False
confusion_even_odd,even_odd,,1,0.4,8,3e73,a6b6,True,65,wrong_pattern,2,False
confusion_even_odd,even_odd,,1,0.4,11,544b,359,True,65,spurious,-1,False
confusion_even_odd,even_odd,,1,0.4,5,9a7,58a4,True,55,spurious,-1,False
confusion_even_odd,even_odd,,1,0.4,8,f8b3,fca6,True,11,wrong_pattern,0,False
confusion_even_odd,even_odd,,1,0.4,6,b33d,a75b,True,45,spurious,-1,False
confusion_even_odd,even_odd,,1,0.4,8,d7ff,a6b6,True,49,wrong_pattern,2,False
confusion_even_odd,even_odd,,1,0.4,5,1d98,58a4,True,83,spurious,-1,False
confusion_even_odd,even_odd,,1,0.4,9,a23c,e6fa,True,45,spurious,-1,False
confusion_even_odd,even_odd,,1,0.4,7,cf83,bf97,True,45,spurious,-1,False
confusion_even_odd,even_odd,,1,0.4,10,2640,359,True,45,spurious,-1,False
confusion_even_odd,even_odd,,1,0.4,9,a8b8,fca6,True,45,wrong_pattern,0,False
confusion_even_odd,even_odd,,1,0.4,9,b2ec,a6b6,True,93,wrong_pattern,2,False
confusion_even_odd,even_odd,,1,0.4,7,8731,359,True,83,spurious,-1,False
confusion_even_odd,even_odd,,1,0.4,8,2e3f,a75b,True,65,spurious,-1,False
confusion_even_odd,even_odd,,1,0.4,7,7145,5949,True,69,spurious,-1,False
confusion_even_odd,even_odd,,1,0.4,8,7e1e,a75b,True,55,spurious,-1,False
confusion_even_odd,even_odd,,1,0.4,11,74f2,fca6,True,35,wrong_pattern,0,False
confusion_even_odd,even_odd,,1,0.4,9,3763,a75b,True,45,spurious,-1,False
confusion_even_odd,even_odd,,1,0.4,12,636a,a75b,True,45,spurious,-1,False
confusion_even_odd,even_odd,,1,0.4,8,433b,359,True,35,spurious,-1,False
confusion_even_odd,even_odd,,1,0.4,6,27dd,359,True,59,spurious,-1,False
confusion_even_odd,even_odd,,1,0.4,8,927c,42f8,True,25,spurious,-1,False
confusion_even_odd,even_odd,,1,0.4,6,2ab0,2b4,True,35,spurious,-1,False
confusion_even_odd,even_odd,,1,0.4,5,bab4,fca6,True,45,wrong_pattern,0,False
confusion_even_odd,even_odd,,1,0.4,9,d0cc,58a4,True,83,spurious,-1,False
confusion_even_odd,even_odd,,1,0.4,5,93b0,2b4,True,25,spurious,-1,False
confusion_even_odd,even_odd,,1,0.4,7,a52,359,True,45,spurious,-1,False
confusion_even_odd,even_odd,,1,0.4,8,7af8,4068,True,55,spurious,-1,False
confusion_even_odd,even_odd,,1,0.4,9,857d,359,True,45,spurious,-1,False
confusion_even_odd,even_odd,,1,0.4,6,9737,a797,True,45,spurious,-1,False
confusion_even_odd,even_odd,,1,0.4,7,4087,58a4,True,59,spurious,-1,False
confusion_even_odd,even_odd,,1,0.4,7,850,5949,True,45,spurious,-1,False
confusion_even_odd,even_odd,,1,0.4,6,218d,395,True,49,spurious,-1,False
confusion_even_odd,even_odd,,1,0.4,6,78c,2b4,True,45,spurious,-1,False
confusion_even_odd,even_odd,,1,0.4,10,fcc9,fd4b,True,59,spurious,-1,False
confusion_even_odd,even_odd,,2,0.4,5,6f96,fca6,True,89,wrong_pattern,0,False
confusion_even_odd,even_odd,,2,0.4,4,a392,a6b6,True,35,correct,2,True
confusion_even_odd,even_odd,,2,0.4,8,7506,bd07,True,35,wrong_pattern,3,False
confusion_even_odd,even_odd,,2,0.4,8,91ee,e46a,True,89,spurious,-1,False
confusion_even_odd,even_odd,,2,0.4,7,a12f,a75b,True,35,spurious,-1,False
confusion_even_odd,even_odd,,2,0.4,6,21a7,fca6,True,89,wrong_pattern,0,False
confusion_even_odd,even_odd,,2,0.4,6,9cae,fca6,True,25,wrong_pattern,0,False
confusion_even_odd,even_odd,,2,0.4,3,a4b3,a6b6,True,35,correct,2,True
confusion_even_odd,even_odd,,2,0.4,7,3a2e,fca6,True,59,wrong_pattern,0,False
confusion_even_odd,even_odd,,2,0.4,5,49e,2b4,True,45,spurious,-1,False
confusion_even_odd,even_odd,,2,0.4,6,b59a,a75b,True,85,spurious,-1,False
confusion_even_odd,even_odd,,2,0.4,3,a2ae,e6fa,True,51,spurious,-1,False
confusion_even_odd,even_odd,,2,0.4,5,a215,a797,True,45,spurious,-1,False
confusion_even_odd,even_odd,,2,0.4,5,22de,a6b6,True,45,correct,2,True
confusion_even_odd,even_odd,,2,0.4,3,2436,a6b6,True,25,correct,2,True
confusion_even_odd,even_odd,,2,0.4,6,27f8,42f8,True,45,spurious,-1,False
confusion_even_odd,even_odd,,2,0.4,7,ae0b,a75b,True,35,spurious,-1,False
confusion_even_odd,even_odd,,2,0.4,4,67b2,a6b6,True,35,correct,2,True
confusion_even_odd,even_odd,,2,0.4,6,82c2,a6b6,True,69,correct,2,True
confusion_even_odd,even_odd,,2,0.4,4,ee86,fca6,True,59,wrong_pattern,0,False
confusion_even_odd,even_odd,,2,0.4,9,6c6c,5868,True,45,spurious,-1,False
confusion_even_odd,even_odd,,2,0.4,8,7e3d,359,True,103,spurious,-1,False
confusion_even_odd,even_odd,,2,0.4,10,6b,359,True,35,spurious,-1,False
confusion_even_odd,even_odd,,2,0.4,6,7687,a6b6,True,55,correct,2,True
confusion_even_odd,even_odd,,2,0.4,7,771e,a75b,True,45,spurious,-1,False
confusion_even_odd,even_odd,,2,0.4,9,8d42,fd4b,True,45,spurious,-1,False
confusion_even_odd,even_odd,,2,0.4,5,b376,a633,False,1636,oscillated,-1,False
confusion_even_odd,even_odd,,2,0.4,7,8d74,1905,True,79,spurious,-1,False
confusion_even_odd,even_odd,,2,0.4,5,f0a6,fca6,True,25,wrong_pattern,0,False
confusion_even_odd,even_odd,,2,0.4,7,aa39,a75b,True,59,spurious,-1,False
confusion_even_odd,even_odd,,2,0.4,5,a53a,a75b,True,35,spurious,-1,False
confusion_even_odd,even_odd,,2,0.4,7,87dd,359,True,59,spurious,-1,False
confusion_even_odd,even_odd,,2,0.4,10,5122,5865,False,1636,oscillated,-1,False
confusion_even_odd,even_odd,,2,0.4,7,19b6,58a4,True,35,spurious,-1,False
confusion_even_odd,even_odd,,2,0.4,4,2682,a6b6,True,25,correct,2,True
confusion_even_odd,even_odd,,2,0.4,9,79f7,fca6,True,45,wrong_pattern,0,False
confusion_even_odd,even_odd,,2,0.4,9,7fdf,bd07,True,35,wrong_pattern,3,False
confusion_even_odd,even_odd,,2,0.4,7,7abf,fca6,True,45,wrong_pattern,0,False
confusion_even_odd,even_odd,,2,0.4,4,a69b,a7de,False,1636,oscillated,-1,False
confusion_even_odd,even_odd,,2,0.4,5,b2,58a4,True,45,spurious,-1,False
confusion_even_odd,even_odd,,2,0.4,10,3045,359,True,45,spurious,-1,False
confusion_even_odd,even_odd,,2,0.4,9,2259,359,True,25,spurious,-1,False
confusion_even_odd,even_odd,,2,0.4,5,968e,a6b6,True,59,correct,2,True
confusion_even_odd,even_odd,,2,0.4,7,9262,e6fa,True,45,spurious,-1,False
confusion_even_odd,even_odd,,2,0.4,6,93b0,2b4,True,25,spurious,-1,False
confusion_even_odd,even_odd,,2,0.4,8,9f10,395,True,69,spurious,-1,False
confusion_even_odd,even_odd,,2,0.4,6,8377,a75b,True,83,spurious,-1,False
confusion_even_odd,even_odd,,2,0.4,6,ed32,bd07,True,69,wrong_pattern,3,False
confusion_even_odd,even_odd,,2,0.4,9,41d7,359,True,59,spurious,-1,False
confusion_even_odd,even_odd,,2,0.4,6,e5e4,fca6,True,35,wrong_pattern,0,False
confusion_even_odd,even_odd,,2,0.4,7,d67a,e6fa,True,55,spurious,-1,False
confusion_even_odd,even_odd,,2,0.4,7,ef85,bf97,True,45,spurious,-1,False
confusion_even_odd,even_odd,,2,0.4,6,2d94,58a4,True,75,spurious,-1,False
confusion_even_odd,even_odd,,2,0.4,4,aca7,fca6,True,21,wrong_pattern,0,False
confusion_even_odd,even_odd,,2,0.4,7,163b,359,True,45,spurious,-1,False
confusion_even_odd,even_odd,,2,0.4,6,a827,fca6,True,59,wrong_pattern,0,False
confusion_even_odd,even_odd,,2,0.4,9,f13b,a75b,True,45,spurious,-1,False
confusion_even_odd,even_odd,,2,0.4,6,3724,2b4,True,79,spurious,-1,False
confusion_even_odd,even_odd,,2,0.4,5,8cfe,fca6,True,45,wrong_pattern,0,False
confusion_even_odd,even_odd,,2,0.4,8,319a,a75b,True,85,spurious,-1,False
confusion_even_odd,even_odd,,2,0.4,8,4fe2,58a4,True,45,spurious,-1,False
confusion_even_odd,even_odd,,2,0.4,6,f433,a75b,True,75,spurious,-1,False
confusion_even_odd,even_odd,,2,0.4,4,e6a0,e6fa,True,59,spurious,-1,False
confusion_even_odd,even_odd,,2,0.4,6,678e,e6fa,True,59,spurious,-1,False
confusion_even_odd,even_odd,,2,0.4,7,491,2b4,True,45,spurious,-1,False
confusion_even_odd,even_odd,,2,0.4,3,afa6,fca6,True,55,wrong_pattern,0,False
confusion_even_odd,even_odd,,2,0.4,8,f278,e6fa,True,89,spurious,-1,False
confusion_even_odd,even_odd,,2,0.4,4,e2f2,e6fa,True,25,spurious,-1,False
confusion_even_odd,even_odd,,2,0.4,8,1333,359,True,83,spurious,-1,False
confusion_even_odd,even_odd,,2,0.4,8,2b70,359,True,83,spurious,-1,False
confusion_even_odd,even_odd,,2,0.4,3,23b6,a6b6,True,45,correct,2,True
confusion_even_odd,even_odd,,2,0.4,4,c4be,e46a,True,45,spurious,-1,False
confusion_even_odd,even_odd,,2,0.4,8,7738,359,True,65,spurious,-1,False
confusion_even_odd,even_odd,,2,0.4,5,163e,42f8,True,45,spurious,-1,False
confusion_even_odd,even_odd,,2,0.4,6,cbb7,fca6,True,75,wrong_pattern,0,False
confusion_even_odd,even_odd,,2,0.4,4,a4a3,fca6,True,45,wrong_pattern,0,False
confusion_even_odd,even_odd,,2,0.4,6,90b3,fca6,True,45,wrong_pattern,0,False
confusion_even_odd,even_odd,,2,0.4,9,5ee5,58a4,True,25,spurious,-1,False
confusion_even_odd,even_odd,,2,0.4,8,c002,fd4b,True,45,spurious,-1,False
confusion_even_odd,even_odd,,2,0.4,7,6c1e,fd4b,True,45,spurious,-1,False
confusion_even_odd,even_odd,,2,0.4,6,b9a6,fca6,True,11,wrong_pattern,0,False
confusion_even_odd,even_odd,,2,0.4,7,ced5,58a4,True,89,spurious,-1,False
confusion_even_odd,even_odd,,2,0.4,6,80c6,fca6,True,79,wrong_pattern,0,False
confusion_even_odd,even_odd,,2,0.4,11,9d58,359,True,69,spurious,-1,False
confusion_even_odd,even_odd,,2,0.4,10,bf48,a75b,True,49,spurious,-1,False
confusion_even_odd,even_odd,,2,0.4,9,fd8,359,True,59,spurious,-1,False
confusion_even_odd,even_odd,,2,0.4,7,ef8f,a797,True,59,spurious,-1,False
confusion_even_odd,even_odd,,2,0.4,5,fe92,fca6,True,25,wrong_pattern,0,False
confusion_even_odd,even_odd,,2,0.4,5,24f5,2b4,True,59,spurious,-1,False
confusion_even_odd,even_odd,,2,0.4,8,f174,a75b,True,75,spurious,-1,False
confusion_even_odd,even_odd,,2,0.4,4,b612,a75b,True,45,spurious,-1,False
confusion_even_odd,even_odd,,2,0.4,6,668f,e6fa,True,59,spurious,-1,False
confusion_even_odd,even_odd,,2,0.4,3,6696,a6b6,True,25,correct,2,True
confusion_even_odd,even_odd,,2,0.4,10,45db,359,True,45,spurious,-1,False
confusion_even_odd,even_odd,,2,0.4,9,8fd,58a4,True,45,spurious,-1,False
confusion_even_odd,even_odd,,2,0.4,5,ea26,fca6,True,25,wrong_pattern,0,False
confusion_even_odd,even_odd,,2,0.4,5,64d6,e6fa,True,93,spurious,-1,False
confusion_even_odd,even_odd,,2,0.4,6,a8ff,fca6,True,45,wrong_pattern,0,False
confusion_even_odd,even_odd,,2,0.4,7,42b1,2b4,True,21,spurious,-1,False
confusion_even_odd,even_odd,,2,0.4,6,24da,e6fa,True,69,spurious,-1,False
confusion_even_odd,even_odd,,2,0.4,5,be14,fca6,True,93,wrong_pattern,0,False
confusion_even_odd,even_odd,,2,0.4,5,ac06,bd07,True,21,wrong_pattern,3,False
confusion_even_odd,even_odd,,2,0.4,6,aac4,fca6,True,45,wrong_pattern,0,False
confusion_even_odd,even_odd,,2,0.4,7,40f7,2b4,True,51,spurious,-1,False
confusion_even_odd,even_odd,,2,0.4,7,b718,a75b,True,25,spurious,-1,False
confusion_even_odd,even_odd,,2,0.4,9,7f85,1905,True,69,spurious,-1,False
confusion_even_odd,even_odd,,2,0.4,6,adb1,fca6,True,55,wrong_pattern,0,False
confusion_even_odd,even_odd,,2,0.4,7,f3d2,a6b6,True,35,correct,2,True
confusion_even_odd,even_odd,,2,0.4,8,4077,359,True,59,spurious,-1,False
confusion_even_odd,even_odd,,2,0.4,11,16b,359,True,35,spurious,-1,False
confusion_even_odd,even_odd,,2,0.4,6,e7e,4068,True,79,spurious,-1,False
confusion_even_odd,even_odd,,2,0.4,10,91db,a75b,True,45,spurious,-1,False
confusion_even_odd,even_odd,,2,0.4,9,d643,a75b,True,45,spurious,-1,False
confusion_even_odd,even_odd,,2,0.4,6,2431,374,False,1636,oscillated,-1,False
confusion_even_odd,even_odd,,2,0.4,9,7591,1b95,True,59,wrong_pattern,1,False
confusion_even_odd,even_odd,,2,0.4,7,b37a,a75b,True,45,spurious,-1,False
confusion_even_odd,even_odd,,2,0.4,6,743e,fc2e,False,1636,oscillated,-1,False
confusion_even_odd,even_odd,,2,0.4,8,e30c,a75b,True,45,spurious,-1,False
confusion_even_odd,even_odd,,2,0.4,5,7f2,2b4,True,45,spurious,-1,False
confusion_even_odd,even_odd,,2,0.4,6,8c22,fca6,True,59,wrong_pattern,0,False
confusion_even_odd,even_odd,,3,0.4,9,1392,2b4,True,35,spurious,-1,False
confusion_even_odd,even_odd,,3,0.4,4,b823,bd07,True,59,correct,3,True
confusion_even_odd,even_odd,,3,0.4,4,fc43,fd4b,True,25,spurious,-1,False
confusion_even_odd,even_odd,,3,0.4,7,7a26,fca6,True,45,wrong_pattern,0,False
confusion_even_odd,even_odd,,3,0.4,10,55ba,58a4,True,59,spurious,-1,False
confusion_even_odd,even_odd,,3,0.4,3,b904,bd07,True,45,correct,3,True
confusion_even_odd,even_odd,,3,0.4,7,152a,359,True,89,spurious,-1,False
confusion_even_odd,even_odd,,3,0.4,8,8042,a75b,True,45,spurious,-1,False
confusion_even_odd,even_odd,,3,0.4,7,c996,fca6,True,45,wrong_pattern,0,False
confusion_even_odd,even_odd,,3,0.4,7,c955,5949,True,93,spurious,-1,False
confusion_even_odd,even_odd,,3,0.4,7,ed59,fd4b,True,45,spurious,-1,False
confusion_even_odd,even_odd,,3,0.4,6,3f54,395,True,69,spurious,-1,False
confusion_even_odd,even_odd,,3,0.4,6,2786,a6b6,True,35,wrong_pattern,2,False
confusion_even_odd,even_odd,,3,0.4,6,2f5f,a75b,True,25,spurious,-1,False
confusion_even_odd,even_odd,,3,0.4,9,6999,1905,True,35,spurious,-1,False
confusion_even_odd,even_odd,,3,0.4,5,360f,a75b,True,45,spurious,-1,False
confusion_even_odd,even_odd,,3,0.4,7,6dd3,fd4b,True,113,spurious,-1,False
confusion_even_odd,even_odd,,3,0.4,7,c50c,5949,True,69,spurious,-1,False
confusion_even_odd,even_odd,,3,0.4,7,1e96,58a4,True,59,spurious,-1,False
confusion_even_odd,even_odd,,3,0.4,5,3797,a797,True,45,spurious,-1,False
confusion_even_odd,even_odd,,3,0.4,5,bb56,a797,True,35,spurious,-1,False
confusion_even_odd,even_odd,,3,0.4,7,b331,a75b,True,83,spurious,-1,False
confusion_even_odd,even_odd,,3,0.4,7,a38e,a6b6,True,45,wrong_pattern,2,False
confusion_even_odd,even_odd,,3,0.4,6,bc99,fca6,True,83,wrong_pattern,0,False
confusion_even_odd,even_odd,,3,0.4,6,d737,a797,True,45,spurious,-1,False
confusion_even_odd,even_odd,,3,0.4,5,8f8f,a797,True,49,spurious,-1,False
confusion_even_odd,even_odd,,3,0.4,6,7f0a,fd4b,True,35,spurious,-1,False
confusion_even_odd,even_odd,,3,0.4,4,c07,1905,True,45,spurious,-1,False
confusion_even_odd,even_odd,,3,0.4,4,ff86,fca6,True,35,wrong_pattern,0,False
confusion_even_odd,even_odd,,3,0.4,6,dd3e,fd4b,True,45,spurious,-1,False
confusion_even_odd,even_odd,,3,0.4,3,bda5,fca6,True,45,wrong_pattern,0,False
confusion_even_odd,even_odd,,3,0.4,8,8a12,a75b,True,45,spurious,-1,False
confusion_even_odd,even_odd,,3,0.4,7,7853,fd4b,True,45,spurious,-1,False
confusion_even_odd,even_odd,,3,0.4,9,7eff,fca6,True,35,wrong_pattern,0,False
confusion_even_odd,even_odd,,3,0.4,3,b904,bd07,True,45,correct,3,True
confusion_even_odd,even_odd,,3,0.4,5,b30e,a75b,True,11,spurious,-1,False
confusion_even_odd,even_odd,,3,0.4,8,e693,a6b6,True,35,wrong_pattern,2,False
confusion_even_odd,even_odd,,3,0.4,2,fd0f,fd4b,True,21,spurious,-1,False
confusion_even_odd,even_odd,,3,0.4,7,af5c,a75b,True,25,spurious,-1,False
confusion_even_odd,even_odd,,3,0.4,9,59b1,58a4,True,11,spurious,-1,False
confusion_even_odd,even_odd,,3,0.4,3,7d05,1905,True,45,spurious,-1,False
confusion_even_odd,even_odd,,3,0.4,5,c03,5949,True,93,spurious,-1,False
confusion_even_odd,even_odd,,3,0.4,9,613b,a75b,True,45,spurious,-1,False
confusion_even_odd,even_odd,,3,0.4,6,acae,fca6,True,45,wrong_pattern,0,False
confusion_even_odd,even_odd,,3,0.4,7,39de,fca6,True,83,wrong_pattern,0,False
confusion_even_odd,even_odd,,3,0.4,7,8a0e,a75b,True,45,spurious,-1,False
confusion_even_odd,even_odd,,3,0.4,6,1b8f,395,True,79,spurious,-1,False
confusion_even_odd,even_odd,,3,0.4,5,b812,bd07,True,21,correct,3,True
confusion_even_odd,even_odd,,3,0.4,5,3f95,1b95,True,45,wrong_pattern,1,False
confusion_even_odd,even_odd,,3,0.4,3,bd2d,fd4b,True,45,spurious,-1,False
confusion_even_odd,even_odd,,3,0.4,9,e92,2b4,True,69,spurious,-1,False
confusion_even_odd,even_odd,,3,0.4,12,50d0,58a4,True,35,spurious,-1,False
confusion_even_odd,even_odd,,3,0.4,6,9cd5,58a4,True,45,spurious,-1,False
confusion_even_odd,even_odd,,3,0.4,6,9721,359,True,59,spurious,-1,False
confusion_even_odd,even_odd,,3,0.4,6,ec53,fd4b,True,59,spurious,-1,False
confusion_even_odd,even_odd,,3,0.4,7,c59f,a75b,True,35,spurious,-1,False
confusion_even_odd,even_odd,,3,0.4,4,b704,a797,True,45,spurious,-1,False
confusion_even_odd,even_odd,,3,0.4,9,825f,a75b,True,45,spurious,-1,False
confusion_even_odd,even_odd,,3,0.4,9,65db,a75b,True,35,spurious,-1,False
confusion_even_odd,even_odd,,3,0.4,8,e95,58a4,True,89,spurious,-1,False
confusion_even_odd,even_odd,,3,0.4,5,2b27,bf97,True,45,spurious,-1,False
confusion_even_odd,even_odd,,3,0.4,9,7a4a,fd4b,True,59,spurious,-1,False
confusion_even_odd,even_odd,,3,0.4,8,b87c,fca6,True,59,wrong_pattern,0,False
confusion_even_odd,even_odd,,3,0.4,8,6940,5949,True,25,spurious,-1,False
confusion_even_odd,even_odd,,3,0.4,10,e69c,e6fa,True,45,spurious,-1,False
confusion_even_odd,even_odd,,3,0.4,4,ad2e,fd4b,True,35,spurious,-1,False
confusion_even_odd,even_odd,,3,0.4,8,f83a,fc6a,True,11,spurious,-1,False
confusion_even_odd,even_odd,,3,0.4,6,b959,a75b,True,69,spurious,-1,False
confusion_even_odd,even_odd,,3,0.4,8,d85e,fd4b,True,45,spurious,-1,False
confusion_even_odd,even_odd,,3,0.4,7,111b,359,True,35,spurious,-1,False
confusion_even_odd,even_odd,,3,0.4,5,e58f,a75b,True,45,spurious,-1,False
confusion_even_odd,even_odd,,3,0.4,6,3dcc,58a4,True,83,spurious,-1,False
confusion_even_odd,even_odd,,3,0.4,9,cdfb,fd4b,True,79,spurious,-1,False
confusion_even_odd,even_odd,,3,0.4,6,b808,fd4b,True,45,spurious,-1,False
confusion_even_odd,even_odd,,3,0.4,9,d68,5949,True,45,spurious,-1,False
confusion_even_odd,even_odd,,3,0.4,5,3cc6,fca6,True,35,wrong_pattern,0,False
confusion_even_odd,even_odd,,3,0.4,6,bfbe,a6b6,True,35,wrong_pattern,2,False
confusion_even_odd,even_odd,,3,0.4,3,1d47,1905,True,45,spurious,-1,False
confusion_even_odd,even_odd,,3,0.4,8,835f,a75b,True,45,spurious,-1,False
confusion_even_odd,even_odd,,3,0.4,7,9ce1,58a4,True,45,spurious,-1,False
confusion_even_odd,even_odd,,3,0.4,7,1952,1905,True,45,spurious,-1,False
confusion_even_odd,even_odd,,3,0.4,8,7110,359,True,45,spurious,-1,False
confusion_even_odd,even_odd,,3,0.4,8,29e4,58a4,True,35,spurious,-1,False
confusion_even_odd,even_odd,,3,0.4,6,9ccd,58a4,True,83,spurious,-1,False
confusion_even_odd,even_odd,,3,0.4,8,3538,359,True,89,spurious,-1,False
confusion_even_odd,even_odd,,3,0.4,7,1b82,58a4,True,45,spurious,-1,False
confusion_even_odd,even_odd,,3,0.4,7,3bd6,a6b6,True,69,wrong_pattern,2,False
confusion_even_odd,even_odd,,3,0.4,10,80dd,398,False,1636,oscillated,-1,False
confusion_even_odd,even_odd,,3,0.4,6,9f08,5949,True,69,spurious,-1,False
confusion_even_odd,even_odd,,3,0.4,5,3183,a797,True,79,spurious,-1,False
confusion_even_odd,even_odd,,3,0.4,6,edb5,fca6,True,35,wrong_pattern,0,False
confusion_even_odd,even_odd,,3,0.4,7,7c49,5949,True,45,spurious,-1,False
confusion_even_odd,even_odd,,3,0.4,10,6f7c,359,True,83,spurious,-1,False
confusion_even_odd,even_odd,,3,0.4,4,998f,bd07,True,45,correct,3,True
confusion_even_odd,even_odd,,3,0.4,8,28ef,fca6,True,45,wrong_pattern,0,False
confusion_even_odd,even_odd,,3,0.4,12,8268,42f8,True,35,spurious,-1,False
confusion_even_odd,even_odd,,3,0.4,6,dc96,fca6,True,25,wrong_pattern,0,False
confusion_even_odd,even_odd,,3,0.4,3,3c05,1905,True,45,spurious,-1,False
confusion_even_odd,even_odd,,3,0.4,8,b868,fc6a,True,45,spurious,-1,False
confusion_even_odd,even_odd,,3,0.4,6,adca,fd4b,True,79,spurious,-1,False
confusion_even_odd,even_odd,,3,0.4,8,5db1,58a4,True,11,spurious,-1,False
confusion_even_odd,even_odd,,3,0.4,5,af6f,a75b,True,35,spurious,-1,False
confusion_even_odd,even_odd,,3,0.4,6,bac6,fca6,True,35,wrong_pattern,0,False
confusion_even_odd,even_odd,,3,0.4,2,bf05,bf97,True,45,spurious,-1,False
confusion_even_odd,even_odd,,3,0.4,9,38f2,fca6,True,45,wrong_pattern,0,False
confusion_even_odd,even_odd,,3,0.4,6,f931,bd07,True,59,correct,3,True
confusion_even_odd,even_odd,,3,0.4,8,815b,a75b,True,45,spurious,-1,False
confusion_even_odd,even_odd,,3,0.4,6,df66,fc23,False,1636,oscillated,-1,False
confusion_even_odd,even_odd,,3,0.4,6,e5af,fd4b,True,69,spurious,-1,False
confusion_even_odd,even_odd,,3,0.4,8,5357,359,True,45,spurious,-1,False
confusion_even_odd,even_odd,,3,0.4,9,e5e0,fca6,True,55,wrong_pattern,0,False
confusion_even_odd,even_odd,,3,0.4,7,f33,359,True,83,spurious,-1,False
confusion_even_odd,even_odd,,3,0.4,6,8933,bd07,True,89,correct,3,True
confusion_even_odd,even_odd,,3,0.4,6,6f57,bf97,True,89,spurious,-1,False
confusion_even_odd,even_odd,,3,0.4,9,4a25,58a4,True,69,spurious,-1,False
confusion_even_odd,even_odd,,3,0.4,7,b4c0,fca6,True,49,wrong_pattern,0,False
confusion_even_odd,even_odd,,3,0.4,7,df1c,359,True,69,spurious,-1,False
confusion_even_odd,even_odd,,3,0.4,6,7911,1905,True,35,spurious,-1,False
confusion_even_odd,even_odd,,3,0.4,7,e337,a75b,True,35,spurious,-1,False
confusion_even_odd,even_odd,,3,0.4,7,2b93,a797,True,69,spurious,-1,False
confusion_even_odd,even_odd,,0,0.45,6,ae94,fca6,True,89,correct,0,True
confusion_even_odd,even_odd,,0,0.45,6,c27,58a4,True,59,spurious,-1,False
confusion_even_odd,even_odd,,0,0.45,8,1d30,58a4,True,69,spurious,-1,False
confusion_even_odd,even_odd,,0,0.45,10,5710,359,True,45,spurious,-1,False
confusion_even_odd,even_odd,,0,0.45,6,55e7,58a4,True,45,spurious,-1,False
confusion_even_odd,even_odd,,0,0.45,7,f73c,a75b,True,79,spurious,-1,False
confusion_even_odd,even_odd,,0,0.45,6,cce1,58a4,True,45,spurious,-1,False
confusion_even_odd,even_odd,,0,0.45,8,9bfe,a6b6,True,69,wrong_pattern,2,False
confusion_even_odd,even_odd,,0,0.45,5,9ea5,58a4,True,45,spurious,-1,False
confusion_even_odd,even_odd,,0,0.45,8,a737,a797,True,25,spurious,-1,False
confusion_even_odd,even_odd,,0,0.45,7,6890,58a4,True,45,spurious,-1,False
confusion_even_odd,even_odd,,0,0.45,6,6fb7,fca6,True,55,correct,0,True
confusion_even_odd,even_odd,,0,0.45,6,df32,fca6,True,59,correct,0,True
confusion_even_odd,even_odd,,0,0.45,9,e26b,a75b,True,45,spurious,-1,False
confusion_even_odd,even_odd,,0,0.45,3,dda2,fca6,True,25,correct,0,True
confusion_even_odd,even_odd,,0,0.45,8,886a,fc6a,True,45,spurious,-1,False
confusion_even_odd,even_odd,,0,0.45,6,e493,a6b6,True,45,wrong_pattern,2,False
confusion_even_odd,even_odd,,0,0.45,7,cb22,fca6,True,85,correct,0,True
confusion_even_odd,even_odd,,0,0.45,7,ae3c,e6fa,True,35,spurious,-1,False
confusion_even_odd,even_odd,,0,0.45,4,2cb6,fca6,True,45,correct,0,True
confusion_even_odd,even_odd,,0,0.45,5,7480,58a4,True,45,spurious,-1,False
confusion_even_odd,even_odd,,0,0.45,9,2afc,2b4,True,69,spurious,-1,False
confusion_even_odd,even_odd,,0,0.45,10,1b5,2b4,True,35,spurious,-1,False
confusion_even_odd,even_odd,,0,0.45,7,3f62,bd07,True,49,wrong_pattern,3,False
confusion_even_odd,even_odd,,0,0.45,6,afa0,fca6,True,45,correct,0,True
confusion_even_odd,even_odd,,0,0.45,12,57d9,359,True,25,spurious,-1,False
confusion_even_odd,even_odd,,0,0.45,7,8cc5,58a4,True,65,spurious,-1,False
confusion_even_odd,even_odd,,0,0.45,6,6de3,fca6,True,45,correct,0,True
confusion_even_odd,even_odd,,0,0.45,8,e2c,5868,True,59,spurious,-1,False
confusion_even_odd,even_odd,,0,0.45,4,f996,fca6,True,45,correct,0,True
confusion_even_odd,even_odd,,0,0.45,9,eb89,a797,True,59,spurious,-1,False
confusion_even_odd,even_odd,,0,0.45,8,aab1,a6b6,True,69,wrong_pattern,2,False
confusion_even_odd,even_odd,,0,0.45,6,f2bc,a6b6,True,59,wrong_pattern,2,False
confusion_even_odd,even_odd,,0,0.45,4,f864,fca6,True,59,correct,0,True
confusion_even_odd,even_odd,,0,0.45,7,1ee5,58a4,True,25,spurious,-1,False
confusion_even_odd,even_odd,,0,0.45,9,523c,42f8,True,55,spurious,-1,False
confusion_even_odd,even_odd,,0,0.45,9,773d,359,True,45,spurious,-1,False
confusion_even_odd,even_odd,,0,0.45,6,fb46,bd07,True,35,wrong_pattern,3,False
confusion_even_odd,even_odd,,0,0.45,6,74c3,fca6,True,65,correct,0,True
confusion_even_odd,even_odd,,0,0.45,9,355e,a75b,True,35,spurious,-1,False
confusion_even_odd,even_odd,,0,0.45,8,5327,395,True,89,spurious,-1,False
confusion_even_odd,even_odd,,0,0.45,9,6c5d,5949,True,45,spurious,-1,False
confusion_even_odd,even_odd,,0,0.45,8,6621,359,True,83,spurious,-1,False
confusion_even_odd,even_odd,,0,0.45,7,59bf,58a4,True,35,spurious,-1,False
confusion_even_odd,even_odd,,0,0.45,9,c961,5949,True,25,spurious,-1,False
confusion_even_odd,even_odd,,0,0.45,9,10fc,2b4,True,117,spurious,-1,False
confusion_even_odd,even_odd,,0,0.45,5,f493,fca6,True,83,correct,0,True
confusion_even_odd,even_odd,,0,0.45,8,152a,359,True,89,spurious,-1,False
confusion_even_odd,even_odd,,0,0.45,6,98b5,58a4,True,35,spurious,-1,False
confusion_even_odd,even_odd,,0,0.45,8,1d12,1905,True,45,spurious,-1,False
confusion_even_odd,even_odd,,0,0.45,5,9c76,fca6,True,35,correct,0,True
confusion_even_odd,even_odd,,0,0.45,2,9ca6,fca6,True,25,correct,0,True
confusion_even_odd,even_odd,,0,0.45,6,d4ed,58a4,True,45,spurious,-1,False
confusion_even_odd,even_odd,,0,0.45,7,78da,fc6a,True,45,spurious,-1,False
confusion_even_odd,even_odd,,0,0.45,8,d552,a75b,True,45,spurious,-1,False
confusion_even_odd,even_odd,,0,0.45,9,29d4,58a4,True,65,spurious,-1,False
confusion_even_odd,even_odd,,0,0.45,4,70ae,fca6,True,45,correct,0,True
confusion_even_odd,even_odd,,0,0.45,10,1878,5868,True,21,spurious,-1,False
confusion_even_odd,even_odd,,0,0.45,9,3700,359,True,45,spurious,-1,False
confusion_even_odd,even_odd,,0,0.45,5,76ee,a6b6,True,113,wrong_pattern,2,False
confusion_even_odd,even_odd,,0,0.45,7,7afa,e46a,True,65,spurious,-1,False
confusion_even_odd,even_odd,,0,0.45,7,39c2,fca6,True,45,correct,0,True
confusion_even_odd,even_odd,,0,0.45,8,2e30,42f8,True,45,spurious,-1,False
confusion_even_odd,even_odd,,0,0.45,6,98ec,58a4,True,35,spurious,-1,False
confusion_even_odd,even_odd,,0,0.45,8,4502,5949,True,69,spurious,-1,False
confusion_even_odd,even_odd,,0,0.45,9,3bff,a6b6,True,45,wrong_pattern,2,False
confusion_even_odd,even_odd,,0,0.45,9,478f,359,True,45,spurious,-1,False
confusion_even_odd,even_odd,,0,0.45,6,ee14,bf97,True,55,spurious,-1,False
confusion_even_odd,even_odd,,0,0.45,9,e715,a75b,True,35,spurious,-1,False
confusion_even_odd,even_odd,,0,0.45,11,123d,359,True,45,spurious,-1,False
confusion_even_odd,even_odd,,0,0.45,5,fc5e,fd4b,True,11,spurious,-1,False
confusion_even_odd,even_odd,,0,0.45,11,19dd,1905,True,35,spurious,-1,False
confusion_even_odd,even_odd,,0,0.45,6,7817,bd07,True,45,wrong_pattern,3,False
confusion_even_odd,even_odd,,0,0.45,10,a21,2b4,True,69,spurious,-1,False
confusion_even_odd,even_odd,,0,0.45,6,3c8d,58a4,True,83,spurious,-1,False
confusion_even_odd,even_odd,,0,0.45,10,476f,359,True,45,spurious,-1,False
confusion_even_odd,even_odd,,0,0.45,5,b4c4,fca6,True,49,correct,0,True
confusion_even_odd,even_odd,,0,0.45,7,3787,a797,True,45,spurious,-1,False
confusion_even_odd,even_odd,,0,0.45,8,a794,a6b6,True,35,wrong_pattern,2,False
confusion_even_odd,even_odd,,0,0.45,7,be68,e46a,True,25,spurious,-1,False
confusion_even_odd,even_odd,,0,0.45,9,a910,fd4b,True,113,spurious,-1,False
confusion_even_odd,even_odd,,0,0.45,10,2b12,a75b,True,45,spurious,-1,False
confusion_even_odd,even_odd,,0,0.45,3,fc32,fca6,True,59,correct,0,True
confusion_even_odd,even_odd,,0,0.45,4,d1a6,fca6,True,45,correct,0,True
confusion_even_odd,even_odd,,0,0.45,12,22c9,359,True,59,spurious,-1,False
confusion_even_odd,even_odd,,0,0.45,7,9a4,58a4,True,21,spurious,-1,False
confusion_even_odd,even_odd,,0,0.45,6,7025,58a4,True,59,spurious,-1,False
confusion_even_odd,even_odd,,0,0.45,10,123,359,True,35,spurious,-1,False
confusion_even_odd,even_odd,,0,0.45,8,a7d6,a6b6,True,35,wrong_pattern,2,False
confusion_even_odd,even_odd,,0,0.45,8,c547,fd4b,True,35,spurious,-1,False
confusion_even_odd,even_odd,,0,0.45,5,d880,58a4,True,25,spurious,-1,False
confusion_even_odd,even_odd,,0,0.45,6,afa5,fca6,True,55,correct,0,True
confusion_even_odd,even_odd,,0,0.45,8,4460,5868,True,49,spurious,-1,False
confusion_even_odd,even_odd,,0,0.45,9,6f68,5949,True,45,spurious,-1,False
confusion_even_odd,even_odd,,0,0.45,6,c480,58a4,True,45,spurious,-1,False
confusion_even_odd,even_odd,,0,0.45,6,35b2,fca6,True,45,correct,0,True
confusion_even_odd,even_odd,,0,0.45,11,6f49,359,True,45,spurious,-1,False
confusion_even_odd,even_odd,,0,0.45,6,6524,5949,True,45,spurious,-1,False
confusion_even_odd,even_odd,,0,0.45,7,f652,a75b,True,45,spurious,-1,False
confusion_even_odd,even_odd,,0,0.45,6,8e6,58a4,True,45,spurious,-1,False
confusion_even_odd,even_odd,,0,0.45,8,69bd,58a4,True,45,spurious,-1,False
confusion_even_odd,even_odd,,0,0.45,7,4ead,58a4,True,35,spurious,-1,False
confusion_even_odd,even_odd,,0,0.45,8,4c9d,58a4,True,49,spurious,-1,False
confusion_even_odd,even_odd,,0,0.45,5,c827,fca6,True,59,correct,0,True
confusion_even_odd,even_odd,,0,0.45,8,c38e,e6fa,True,59,spurious,-1,False
confusion_even_odd,even_odd,,0,0.45,6,e080,fca6,True,45,correct,0,True
confusion_even_odd,even_odd,,0,0.45,9,47b3,2b4,True,45,spurious,-1,False
confusion_even_odd,even_odd,,0,0.45,5,4c82,58a4,True,45,spurious,-1,False
confusion_even_odd,even_odd,,0,0.45,10,a238,e6fa,True,45,spurious,-1,False
confusion_even_odd,even_odd,,0,0.45,8,98d5,58a4,True,45,spurious,-1,False
confusion_even_odd,even_odd,,0,0.45,7,f954,bd07,True,45,wrong_pattern,3,False
confusion_even_odd,even_odd,,0,0.45,7,f052,fd4b,True,45,spurious,-1,False
confusion_even_odd,even_odd,,0,0.45,6,baef,fca6,True,35,correct,0,True
confusion_even_odd,even_odd,,0,0.45,8,c0fa,e46a,True,45,spurious,-1,False
confusion_even_odd,even_odd,,0,0.45,8,b9d0,fca6,True,45,correct,0,True
confusion_even_odd,even_odd,,0,0.45,8,51bc,58a4,True,35,spurious,-1,False
confusion_even_odd,even_odd,,0,0.45,5,ffb5,fca6,True,35,correct,0,True
confusion_even_odd,even_odd,,0,0.45,7,86e7,a6b6,True,25,wrong_pattern,2,False
confusion_even_odd,even_odd,,0,0.45,8,7244,359,True,79,spurious,-1,False
confusion_even_odd,even_odd,,0,0.45,9,5103,5949,True,69,spurious,-1,False
confusion_even_odd,even_odd,,1,0.45,8,6687,a6b6,True,55,wrong_pattern,2,False
confusion_even_odd,even_odd,,1,0.45,9,f782,a6b6,True,45,wrong_pattern,2,False
confusion_even_odd,even_odd,,1,0.45,6,231,374,False,1636,oscillated,-1,False
confusion_even_odd,even_odd,,1,0.45,10,c2fe,e6fa,True,45,spurious,-1,False
confusion_even_odd,even_odd,,1,0.45,7,a1b4,a6b6,True,59,wrong_pattern,2,False
confusion_even_odd,even_odd,,1,0.45,5,5fb6,58a4,True,45,spurious,-1,False
confusion_even_odd,even_odd,,1,0.45,12,247b,a75b,True,35,spurious,-1,False
confusion_even_odd,even_odd,,1,0.45,8,7ea9,58a4,True,45,spurious,-1,False
confusion_even_odd,even_odd,,1,0.45,9,749e,fca6,True,35,wrong_pattern,0,False
confusion_even_odd,even_odd,,1,0.45,8,3a48,359,True,51,spurious,-1,False
confusion_even_odd,even_odd,,1,0.45,8,d4f5,58a4,True,45,spurious,-1,False
confusion_even_odd,even_odd,,1,0.45,7,db1a,a75b,True,45,spurious,-1,False
confusion_even_odd,even_odd,,1,0.45,10,68ec,58a4,True,35,spurious,-1,False
confusion_even_odd,even_odd,,1,0.45,6,5e75,58a4,True,59,spurious,-1,False
confusion_even_odd,even_odd,,1,0.45,9,4012,359,True,45,spurious,-1,False
confusion_even_odd,even_odd,,1,0.45,6,490d,5949,True,21,spurious,-1,False
confusion_even_odd,even_odd,,1,0.45,7,4a56,1b95,True,89,correct,1,True
confusion_even_odd,even_odd,,1,0.45,7,3d36,fca6,True,69,wrong_pattern,0,False
confusion_even_odd,even_odd,,1,0.45,10,2368,359,True,45,spurious,-1,False
confusion_even_odd,even_odd,,1,0.45,8,3d0e,fd4b,True,51,spurious,-1,False
confusion_even_odd,even_odd,,1,0.45,8,c906,bd07,True,45,wrong_pattern,3,False
confusion_even_odd,even_odd,,1,0.45,8,b3ec,e6fa,True,45,spurious,-1,False
confusion_even_odd,even_odd,,1,0.45,8,7cb9,58a4,True,45,spurious,-1,False
confusion_even_odd,even_odd,,1,0.45,6,3b20,58a4,True,69,spurious,-1,False
confusion_even_odd,even_odd,,1,0.45,9,c075,359,True,59,spurious,-1,False
confusion_even_odd,even_odd,,1,0.45,5,da87,fca6,True,59,wrong_pattern,0,False
confusion_even_odd,even_odd,,1,0.45,5,9d8d,1905,True,45,spurious,-1,False
confusion_even_odd,even_odd,,1,0.45,11,7569,359,True,89,spurious,-1,False
confusion_even_odd,even_odd,,1,0.45,7,70c,359,True,11,spurious,-1,False
confusion_even_odd,even_odd,,1,0.45,6,d392,a6b6,True,45,wrong_pattern,2,False
confusion_even_odd,even_odd,,1,0.45,8,aba8,fca6,True,45,wrong_pattern,0,False
confusion_even_odd,even_odd,,1,0.45,5,db86,fca6,True,59,wrong_pattern,0,False
confusion_even_odd,even_odd,,1,0.45,11,8443,a75b,True,25,spurious,-1,False
confusion_even_odd,even_odd,,1,0.45,6,a8b,58a4,True,75,spurious,-1,False
confusion_even_odd,even_odd,,1,0.45,6,3fcf,a797,True,79,spurious,-1,False
confusion_even_odd,even_odd,,1,0.45,8,16c8,42f8,True,35,spurious,-1,False
confusion_even_odd,even_odd,,1,0.45,7,5877,5920,False,1636,oscillated,-1,False
confusion_even_odd,even_odd,,1,0.45,12,457a,359,True,59,spurious,-1,False
confusion_even_odd,even_odd,,1,0.45,10,4482,58a4,True,45,spurious,-1,False
confusion_even_odd,even_odd,,1,0.45,8,ba76,fca6,True,45,wrong_pattern,0,False
confusion_even_odd,even_odd,,1,0.45,9,3ce0,58a4,True,45,spurious,-1,False
confusion_even_odd,even_odd,,1,0.45,6,1484,58a4,True,49,spurious,-1,False
confusion_even_odd,even_odd,,1,0.45,8,14cc,4068,True,89,spurious,-1,False
confusion_even_odd,even_odd,,1,0.45,7,9e82,fca6,True,35,wrong_pattern,0,False
confusion_even_odd,even_odd,,1,0.45,10,6e40,5949,True,45,spurious,-1,False
confusion_even_odd,even_odd,,1,0.45,7,b9af,fca6,True,45,wrong_pattern,0,False
confusion_even_odd,even_odd,,1,0.45,6,d255,359,True,45,spurious,-1,False
confusion_even_odd,even_odd,,1,0.45,5,d55,1905,True,21,spurious,-1,False
confusion_even_odd,even_odd,,1,0.45,11,e164,fd4b,True,45,spurious,-1,False
confusion_even_odd,even_odd,,1,0.45,8,2f49,359,True,45,spurious,-1,False
confusion_even_odd,even_odd,,1,0.45,8,fb52,bd07,True,69,wrong_pattern,3,False
confusion_even_odd,even_odd,,1,0.45,8,27be,a6b6,True,25,wrong_pattern,2,False
confusion_even_odd,even_odd,,1,0.45,7,9c1c,1905,True,89,spurious,-1,False
confusion_even_odd,even_odd,,1,0.45,9,b451,a75b,True,35,spurious,-1,False
confusion_even_odd,even_odd,,1,0.45,3,1ad7,2b4,True,35,spurious,-1,False
confusion_even_odd,even_odd,,1,0.45,6,bdbd,fca6,True,45,wrong_pattern,0,False
confusion_even_odd,even_odd,,1,0.45,6,8d96,fca6,True,55,wrong_pattern,0,False
confusion_even_odd,even_odd,,1,0.45,6,9e01,1b95,True,45,correct,1,True
confusion_even_odd,even_odd,,1,0.45,11,b066,fc6a,True,49,spurious,-1,False
confusion_even_odd,even_odd,,1,0.45,11,a474,e6fa,True,35,spurious,-1,False
confusion_even_odd,even_odd,,1,0.45,6,9c35,58a4,True,69,spurious,-1,False
confusion_even_odd,even_odd,,1,0.45,9,b2c2,a6b6,True,55,wrong_pattern,2,False
confusion_even_odd,even_odd,,1,0.45,7,5dc6,58a4,True,45,spurious,-1,False
confusion_even_odd,even_odd,,1,0.45,3,1fd1,1b95,True,21,correct,1,True
confusion_even_odd,even_odd,,1,0.45,3,3b14,1b95,True,25,correct,1,True
confusion_even_odd,even_odd,,1,0.45,9,aa3e,e6fa,True,35,spurious,-1,False
confusion_even_odd,even_odd,,1,0.45,6,5875,5920,False,1636,oscillated,-1,False
confusion_even_odd,even_odd,,1,0.45,7,fb74,fca6,True,59,wrong_pattern,0,False
confusion_even_odd,even_odd,,1,0.45,7,765,359,True,49,spurious,-1,False
confusion_even_odd,even_odd,,1,0.45,9,b5cf,a75b,True,45,spurious,-1,False
confusion_even_odd,even_odd,,1,0.45,9,6d39,5949,True,45,spurious,-1,False
confusion_even_odd,even_odd,,1,0.45,9,f70c,a75b,True,45,spurious,-1,False
confusion_even_odd,even_odd,,1,0.45,6,c55,1905,True,21,spurious,-1,False
confusion_even_odd,even_odd,,1,0.45,6,9f0,58a4,True,21,spurious,-1,False
confusion_even_odd,even_odd,,1,0.45,8,9d20,1905,True,59,spurious,-1,False
confusion_even_odd,even_odd,,1,0.45,8,328,359,True,35,spurious,-1,False
confusion_even_odd,even_odd,,1,0.45,3,3385,395,True,45,spurious,-1,False
confusion_even_odd,even_odd,,1,0.45,8,6db0,58a4,True,45,spurious,-1,False
confusion_even_odd,even_odd,,1,0.45,5,9b5f,a75b,True,45,spurious,-1,False
confusion_even_odd,even_odd,,1,0.45,8,38ec,58a4,True,35,spurious,-1,False
confusion_even_odd,even_odd,,1,0.45,9,46fc,42f8,True,11,spurious,-1,False
confusion_even_odd,even_odd,,1,0.45,8,4233,359,True,83,spurious,-1,False
confusion_even_odd,even_odd,,1,0.45,7,209f,a6b6,True,83,wrong_pattern,2,False
confusion_even_odd,even_odd,,1,0.45,3,3394,2b4,True,45,spurious,-1,False
confusion_even_odd,even_odd,,1,0.45,10,cd5e,fd4b,True,45,spurious,-1,False
confusion_even_odd,even_odd,,1,0.45,3,5b84,58a4,True,35,spurious,-1,False
confusion_even_odd,even_odd,,1,0.45,10,e92f,fd4b,True,35,spurious,-1,False
confusion_even_odd,even_odd,,1,0.45,5,181c,1905,True,49,spurious,-1,False
confusion_even_odd,even_odd,,1,0.45,11,8429,359,True,59,spurious,-1,False
confusion_even_odd,even_odd,,1,0.45,7,6a83,fca6,True,89,wrong_pattern,0,False
confusion_even_odd,even_odd,,1,0.45,8,963c,42f8,True,45,spurious,-1,False
confusion_even_odd,even_odd,,1,0.45,9,aff2,a6b6,True,49,wrong_pattern,2,False
confusion_even_odd,even_odd,,1,0.45,8,d637,a6b6,True,79,wrong_pattern,2,False
confusion_even_odd,even_odd,,1,0.45,8,2c45,5949,True,93,spurious,-1,False
confusion_even_odd,even_odd,,1,0.45,6,8097,a6b6,True,45,wrong_pattern,2,False
confusion_even_odd,even_odd,,1,0.45,9,bfe2,fca6,True,35,wrong_pattern,0,False
confusion_even_odd,even_odd,,1,0.45,8,2e50,359,True,45,spurious,-1,False
confusion_even_odd,even_odd,,1,0.45,3,3d5,395,True,11,spurious,-1,False
confusion_even_odd,even_odd,,1,0.45,9,524e,359,True,55,spurious,-1,False
confusion_even_odd,even_odd,,1,0.45,7,c9bc,58a4,True,45,spurious,-1,False
confusion_even_odd,even_odd,,1,0.45,5,4bfd,2b4,True,35,spurious,-1,False
confusion_even_odd,even_odd,,1,0.45,4,8b96,fca6,True,89,wrong_pattern,0,False
confusion_even_odd,even_odd,,1,0.45,9,6124,5949,True,45,spurious,-1,False
confusion_even_odd,even_odd,,1,0.45,8,2c75,1905,True,79,spurious,-1,False
confusion_even_odd,even_odd,,1,0.45,8,6d57,fd4b,True,93,spurious,-1,False
confusion_even_odd,even_odd,,1,0.45,8,2c45,5949,True,93,spurious,-1,False
confusion_even_odd,even_odd,,1,0.45,9,d2e6,a6b6,True,45,wrong_pattern,2,False
confusion_even_odd,even_odd,,1,0.45,5,1bab,58a4,True,45,spurious,-1,False
confusion_even_odd,even_odd,,1,0.45,9,dcc0,58a4,True,45,spurious,-1,False
confusion_even_odd,even_odd,,1,0.45,7,3589,359,True,45,spurious,-1,False
confusion_even_odd,even_odd,,1,0.45,10,7f68,5949,True,45,spurious,-1,False
confusion_even_odd,even_odd,,1,0.45,8,6356,a75b,True,45,spurious,-1,False
confusion_even_odd,even_odd,,1,0.45,8,af47,a75b,True,59,spurious,-1,False
confusion_even_odd,even_odd,,1,0.45,6,a8e,58a4,True,45,spurious,-1,False
confusion_even_odd,even_odd,,1,0.45,7,76bd,2b4,True,45,spurious,-1,False
confusion_even_odd,even_odd,,1,0.45,11,4fa,42f8,True,69,spurious,-1,False
confusion_even_odd,even_odd,,1,0.45,7,ad96,fca6,True,55,wrong_pattern,0,False
confusion_even_odd,even_odd,,1,0.45,6,3b0e,a75b,True,85,spurious,-1,False
confusion_even_odd,even_odd,,1,0.45,7,1e26,58a4,True,45,spurious,-1,False
confusion_even_odd,even_odd,,1,0.45,5,f3b5,a6b6,True,45,wrong_pattern,2,False
confusion_even_odd,even_odd,,2,0.45,8,9f9b,a797,True,49,spurious,-1,False
confusion_even_odd,even_odd,,2,0.45,11,4c08,5949,True,11,spurious,-1,False
confusion_even_odd,even_odd,,2,0.45,11,d842,fd4b,True,45,spurious,-1,False
confusion_even_odd,even_odd,,2,0.45,11,410c,5949,True,35,spurious,-1,False
confusion_even_odd,even_odd,,2,0.45,12,5259,359,True,21,spurious,-1,False
confusion_even_odd,even_odd,,2,0.45,9,6d57,fd4b,True,93,spurious,-1,False
confusion_even_odd,even_odd,,2,0.45,5,843f,a75b,True,45,spurious,-1,False
confusion_even_odd,even_odd,,2,0.45,6,5d6,2b4,True,45,spurious,-1,False
confusion_even_odd,even_odd,,2,0.45,6,9482,fca6,True,49,wrong_pattern,0,False
confusion_even_odd,even_odd,,2,0.45,8,e990,fca6,True,45,wrong_pattern,0,False
confusion_even_odd,even_odd,,2,0.45,5,e4a0,fca6,True,35,wrong_pattern,0,False
confusion_even_odd,even_odd,,2,0.45,5,a1f2,fca6,True,55,wrong_pattern,0,False
confusion_even_odd,even_odd,,2,0.45,8,9679,359,True,45,spurious,-1,False
confusion_even_odd,even_odd,,2,0.45,6,f727,a797,True,89,spurious,-1,False
confusion_even_odd,even_odd,,2,0.45,3,2e96,fca6,True,89,wrong_pattern,0,False
confusion_even_odd,even_odd,,2,0.45,5,b4d4,fca6,True,49,wrong_pattern,0,False
confusion_even_odd,even_odd,,2,0.45,9,e56d,fd4b,True,35,spurious,-1,False
confusion_even_odd,even_odd,,2,0.45,6,b0e4,fca6,True,45,wrong_pattern,0,False
confusion_even_odd,even_odd,,2,0.45,8,aa08,a75b,True,59,spurious,-1,False
confusion_even_odd,even_odd,,2,0.45,6,9e,2b4,True,25,spurious,-1,False
confusion_even_odd,even_odd,,2,0.45,9,a145,a75b,True,45,spurious,-1,False
confusion_even_odd,even_odd,,2,0.45,5,b7a0,a6b6,True,45,correct,2,True
confusion_even_odd,even_odd,,2,0.45,5,7796,a6b6,True,45,correct,2,True
confusion_even_odd,even_odd,,2,0.45,8,a73,359,True,83,spurious,-1,False
confusion_even_odd,even_odd,,2,0.45,6,853c,359,True,45,spurious,-1,False
confusion_even_odd,even_odd,,2,0.45,6,e5ff,a75b,True,69,spurious,-1,False
confusion_even_odd,even_odd,,2,0.45,6,af2c,a75b,True,59,spurious,-1,False
confusion_even_odd,even_odd,,2,0.45,9,6bad,2b4,True,79,spurious,-1,False
confusion_even_odd,even_odd,,2,0.45,7,762f,a75b,True,79,spurious,-1,False
confusion_even_odd,even_odd,,2,0.45,7,41f6,2b4,True,51,spurious,-1,False
confusion_even_odd,even_odd,,2,0.45,8,aa4f,a75b,True,35,spurious,-1,False
confusion_even_odd,even_odd,,2,0.45,8,444,359,True,35,spurious,-1,False
confusion_even_odd,even_odd,,2,0.45,10,21d9,359,True,25,spurious,-1,False
confusion_even_odd,even_odd,,2,0.45,10,8b0b,a75b,True,45,spurious,-1,False
confusion_even_odd,even_odd,,2,0.45,4,a7bb,a6b6,True,79,correct,2,True
confusion_even_odd,even_odd,,2,0.45,7,eb95,bf97,True,45,spurious,-1,False
confusion_even_odd,even_odd,,2,0.45,6,6756,a75b,True,35,spurious,-1,False
confusion_even_odd,even_odd,,2,0.45,7,9283,a6b6,True,45,correct,2,True
confusion_even_odd,even_odd,,2,0.45,9,a63,5949,True,49,spurious,-1,False
confusion_even_odd,even_odd,,2,0.45,7,603c,4068,True,45,spurious,-1,False
confusion_even_odd,even_odd,,2,0.45,7,f60a,a75b,True,21,spurious,-1,False
confusion_even_odd,even_odd,,2,0.45,7,bd56,bd07,True,11,wrong_pattern,3,False
confusion_even_odd,even_odd,,2,0.45,6,a117,a797,True,49,spurious,-1,False
confusion_even_odd,even_odd,,2,0.45,6,673f,a75b,True,35,spurious,-1,False
confusion_even_odd,even_odd,,2,0.45,7,b6c8,e6fa,True,35,spurious,-1,False
confusion_even_odd,even_odd,,2,0.45,8,42fd,42f8,True,21,spurious,-1,False
confusion_even_odd,even_odd,,2,0.45,11,5dfd,58a4,True,45,spurious,-1,False
confusion_even_odd,even_odd,,2,0.45,11,588f,58a4,True,83,spurious,-1,False
confusion_even_odd,even_odd,,2,0.45,7,e598,a75b,True,69,spurious,-1,False
confusion_even_odd,even_odd,,2,0.45,5,96e2,a6b6,True,45,correct,2,True
confusion_even_odd,even_odd,,2,0.45,10,3139,359,True,41,spurious,-1,False
confusion_even_odd,even_odd,,2,0.45,10,ddb,359,True,45,spurious,-1,False
confusion_even_odd,even_odd,,2,0.45,5,3e76,fca6,True,45,wrong_pattern,0,False
confusion_even_odd,even_odd,,2,0.45,6,f337,a797,True,45,spurious,-1,False
confusion_even_odd,even_odd,,2,0.45,7,d9b6,fca6,True,45,wrong_pattern,0,False
confusion_even_odd,even_odd,,2,0.45,9,5ca,359,True,69,spurious,-1,False
confusion_even_odd,even_odd,,2,0.45,6,e22,58a4,True,59,spurious,-1,False
confusion_even_odd,even_odd,,2,0.45,8,c7eb,e6fa,True,45,spurious,-1,False
confusion_even_odd,even_odd,,2,0.45,7,98f7,fca6,True,45,wrong_pattern,0,False
confusion_even_odd,even_odd,,2,0.45,8,628d,42f8,True,59,spurious,-1,False
confusion_even_odd,even_odd,,2,0.45,10,dc3,359,True,103,spurious,-1,False
confusion_even_odd,even_odd,,2,0.45,11,4b81,1b95,True,11,wrong_pattern,1,False
confusion_even_odd,even_odd,,2,0.45,8,800a,a75b,True,45,spurious,-1,False
confusion_even_odd,even_odd,,2,0.45,7,2dff,fca6,True,79,wrong_pattern,0,False
confusion_even_odd,even_odd,,2,0.45,8,d6e8,42f8,True,45,spurious,-1,False
confusion_even_odd,even_odd,,2,0.45,7,ea0e,a75b,True,45,spurious,-1,False
confusion_even_odd,even_odd,,2,0.45,7,a125,bf97,True,65,spurious,-1,False
confusion_even_odd,even_odd,,2,0.45,6,ed32,bd07,True,69,wrong_pattern,3,False
confusion_even_odd,even_odd,,2,0.45,4,aaf4,a6b6,True,69,correct,2,True
confusion_even_odd,even_odd,,2,0.45,7,4196,58a4,True,83,spurious,-1,False
confusion_even_odd,even_odd,,2,0.45,4,36b3,a6b6,True,25,correct,2,True
confusion_even_odd,even_odd,,2,0.45,5,aaac,fca6,True,45,wrong_pattern,0,False
confusion_even_odd,even_odd,,2,0.45,8,8758,359,True,45,spurious,-1,False
confusion_even_odd,even_odd,,2,0.45,9,3b7f,a75b,True,45,spurious,-1,False
confusion_even_odd,even_odd,,2,0.45,9,4e8d,2b4,True,35,spurious,-1,False
confusion_even_odd,even_odd,,2,0.45,4,34b2,fca6,True,45,wrong_pattern,0,False
confusion_even_odd,even_odd,,2,0.45,5,3633,a776,False,1636,oscillated,-1,False
confusion_even_odd,even_odd,,2,0.45,7,72c6,a6b6,True,45,correct,2,True
confusion_even_odd,even_odd,,2,0.45,7,6291,2b4,True,35,spurious,-1,False
confusion_even_odd,even_odd,,2,0.45,10,cb71,1905,True,89,spurious,-1,False
confusion_even_odd,even_odd,,2,0.45,8,8789,359,True,59,spurious,-1,False
confusion_even_odd,even_odd,,2,0.45,5,9e97,fca6,True,69,wrong_pattern,0,False
confusion_even_odd,even_odd,,2,0.45,10,6f5d,359,True,45,spurious,-1,False
confusion_even_odd,even_odd,,2,0.45,9,e1e8,e46a,True,45,spurious,-1,False
confusion_even_odd,even_odd,,2,0.45,8,6cb,359,True,59,spurious,-1,False
confusion_even_odd,even_odd,,2,0.45,6,c5b5,58a4,True,59,spurious,-1,False
confusion_even_odd,even_odd,,2,0.45,7,97e3,a6b6,True,45,correct,2,True
confusion_even_odd,even_odd,,2,0.45,8,ee0b,a75b,True,45,spurious,-1,False
confusion_even_odd,even_odd,,2,0.45,8,43b8,42f8,True,21,spurious,-1,False
confusion_even_odd,even_odd,,2,0.45,7,2174,231,False,1636,oscillated,-1,False
confusion_even_odd,even_odd,,2,0.45,5,6494,58a4,True,59,spurious,-1,False
confusion_even_odd,even_odd,,2,0.45,8,276b,a75b,True,25,spurious,-1,False
confusion_even_odd,even_odd,,2,0.45,8,73a5,2b4,True,55,spurious,-1,False
confusion_even_odd,even_odd,,2,0.45,9,14d8,42f8,True,69,spurious,-1,False
confusion_even_odd,even_odd,,2,0.45,5,81b7,a6b6,True,59,correct,2,True
confusion_even_odd,even_odd,,2,0.45,5,ac24,fca6,True,25,wrong_pattern,0,False
confusion_even_odd,even_odd,,2,0.45,6,3c34,58a4,True,45,spurious,-1,False
confusion_even_odd,even_odd,,2,0.45,6,e77,330,False,1636,oscillated,-1,False
confusion_even_odd,even_odd,,2,0.45,6,233c,359,True,45,spurious,-1,False
confusion_even_odd,even_odd,,2,0.45,8,3a2f,fca6,True,83,wrong_pattern,0,False
confusion_even_odd,even_odd,,2,0.45,6,2c3c,5868,True,45,spurious,-1,False
confusion_even_odd,even_odd,,2,0.45,6,e61d,a75b,True,35,spurious,-1,False
confusion_even_odd,even_odd,,2,0.45,8,f788,e6fa,True,79,spurious,-1,False
confusion_even_odd,even_odd,,2,0.45,8,f3d,359,True,45,spurious,-1,False
confusion_even_odd,even_odd,,2,0.45,9,1b33,395,True,35,spurious,-1,False
confusion_even_odd,even_odd,,2,0.45,8,1030,5868,True,59,spurious,-1,False
confusion_even_odd,even_odd,,2,0.45,5,a36,58a4,True,89,spurious,-1,False
confusion_even_odd,even_odd,,2,0.45,9,fd83,bd07,True,25,wrong_pattern,3,False
confusion_even_odd,even_odd,,2,0.45,10,79bb,fca6,True,45,wrong_pattern,0,False
confusion_even_odd,even_odd,,2,0.45,11,5dc7,1905,True,45,spurious,-1,False
confusion_even_odd,even_odd,,2,0.45,10,107d,359,True,89,spurious,-1,False
confusion_even_odd,even_odd,,2,0.45,3,a786,a6b6,True,35,correct,2,True
confusion_even_odd,even_odd,,2,0.45,8,9771,359,True,45,spurious,-1,False
confusion_even_odd,even_odd,,2,0.45,8,7c93,fca6,True,35,wrong_pattern,0,False
confusion_even_odd,even_odd,,2,0.45,5,ceb3,fca6,True,55,wrong_pattern,0,False
confusion_even_odd,even_odd,,2,0.45,7,14b8,2b4,True,117,spurious,-1,False
confusion_even_odd,even_odd,,2,0.45,6,ea24,fca6,True,45,wrong_pattern,0,False
confusion_even_odd,even_odd,,2,0.45,7,9c35,58a4,True,69,spurious,-1,False
confusion_even_odd,even_odd,,2,0.45,6,e7c7,a797,True,21,spurious,-1,False
confusion_even_odd,even_odd,,2,0.45,9,7421,5964,False,1636,oscillated,-1,False
confusion_even_odd,even_odd,,3,0.45,4,7c0f,fd4b,True,35,spurious,-1,False
confusion_even_odd,even_odd,,3,0.45,5,2887,fca6,True,65,wrong_pattern,0,False
confusion_even_odd,even_odd,,3,0.45,5,7d63,fd4b,True,25,spurious,-1,False
confusion_even_odd,even_odd,,3,0.45,6,1922,1905,True,59,spurious,-1,False
confusion_even_odd,even_odd,,3,0.45,7,ecc2,fca6,True,45,wrong_pattern,0,False
confusion_even_odd,even_odd,,3,0.45,9,ce7f,a75b,True,83,spurious,-1,False
confusion_even_odd,even_odd,,3,0.45,6,b66f,a75b,True,45,spurious,-1,False
confusion_even_odd,even_odd,,3,0.45,9,6b3d,359,True,49,spurious,-1,False
confusion_even_odd,even_odd,,3,0.45,7,5942,5949,True,25,spurious,-1,False
confusion_even_odd,even_odd,,3,0.45,6,b1df,a75b,True,59,spurious,-1,False
confusion_even_odd,even_odd,,3,0.45,2,bd16,bd07,True,11,correct,3,True
confusion_even_odd,even_odd,,3,0.45,10,d25e,a75b,True,45,spurious,-1,False
confusion_even_odd,even_odd,,3,0.45,8,245b,a75b,True,25,spurious,-1,False
confusion_even_odd,even_odd,,3,0.45,9,257a,a75b,True,35,spurious,-1,False
confusion_even_odd,even_odd,,3,0.45,5,7c83,fca6,True,45,wrong_pattern,0,False
confusion_even_odd,even_odd,,3,0.45,9,33c9,359,True,25,spurious,-1,False
confusion_even_odd,even_odd,,3,0.45,11,13f4,2b4,True,11,spurious,-1,False
confusion_even_odd,even_odd,,3,0.45,8,cf32,fca6,True,85,wrong_pattern,0,False
confusion_even_odd,even_odd,,3,0.45,6,ddae,fca6,True,25,wrong_pattern,0,False
confusion_even_odd,even_odd,,3,0.45,3,bb05,bf97,True,45,spurious,-1,False
confusion_even_odd,even_odd,,3,0.45,9,49ad,58a4,True,45,spurious,-1,False
confusion_even_odd,even_odd,,3,0.45,7,15a1,58a4,True,55,spurious,-1,False
confusion_even_odd,even_odd,,3,0.45,6,2cd7,fca6,True,65,wrong_pattern,0,False
confusion_even_odd,even_odd,,3,0.45,9,d351,359,True,45,spurious,-1,False
confusion_even_odd,even_odd,,3,0.45,7,5d94,58a4,True,45,spurious,-1,False
confusion_even_odd,even_odd,,3,0.45,9,9350,359,True,25,spurious,-1,False
confusion_even_odd,even_odd,,3,0.45,6,94b7,a6b6,True,49,wrong_pattern,2,False
confusion_even_odd,even_odd,,3,0.45,5,d1f,5949,True,45,spurious,-1,False
confusion_even_odd,even_odd,,3,0.45,4,bc82,fca6,True,35,wrong_pattern,0,False
confusion_even_odd,even_odd,,3,0.45,7,df9b,bd07,True,35,correct,3,True
confusion_even_odd,even_odd,,3,0.45,6,b5ee,e46a,True,89,spurious,-1,False
confusion_even_odd,even_odd,,3,0.45,5,99e7,fca6,True,45,wrong_pattern,0,False
confusion_even_odd,even_odd,,3,0.45,6,6d96,fca6,True,45,wrong_pattern,0,False
confusion_even_odd,even_odd,,3,0.45,9,de48,5949,True,59,spurious,-1,False
confusion_even_odd,even_odd,,3,0.45,2,b807,bd07,True,11,correct,3,True
confusion_even_odd,even_odd,,3,0.45,2,f507,bd07,True,25,correct,3,True
confusion_even_odd,even_odd,,3,0.45,7,def,58a4,True,79,spurious,-1,False
confusion_even_odd,even_odd,,3,0.45,8,831d,359,True,35,spurious,-1,False
confusion_even_odd,even_odd,,3,0.45,7,c047,fd4b,True,69,spurious,-1,False
confusion_even_odd,even_odd,,3,0.45,5,ab67,a797,True,45,spurious,-1,False
confusion_even_odd,even_odd,,3,0.45,7,6944,1905,True,35,spurious,-1,False
confusion_even_odd,even_odd,,3,0.45,9,699a,fd4b,True,83,spurious,-1,False
confusion_even_odd,even_odd,,3,0.45,9,93b1,2b4,True,35,spurious,-1,False
confusion_even_odd,even_odd,,3,0.45,6,bfb2,a6b6,True,35,wrong_pattern,2,False
confusion_even_odd,even_odd,,3,0.45,5,2f25,1b95,True,45,wrong_pattern,1,False
confusion_even_odd,even_odd,,3,0.45,6,284f,fd4b,True,45,spurious,-1,False
confusion_even_odd,even_odd,,3,0.45,8,2a2d,359,True,59,spurious,-1,False
confusion_even_odd,even_odd,,3,0.45,6,c827,fca6,True,59,wrong_pattern,0,False
confusion_even_odd,even_odd,,3,0.45,7,d99d,1905,True,35,spurious,-1,False
confusion_even_odd,even_odd,,3,0.45,7,4cc7,58a4,True,45,spurious,-1,False
confusion_even_odd,even_odd,,3,0.45,7,5d40,5949,True,25,spurious,-1,False
confusion_even_odd,even_odd,,3,0.45,12,426e,42f8,True,45,spurious,-1,False
confusion_even_odd,even_odd,,3,0.45,7,594b,5949,True,25,spurious,-1,False
confusion_even_odd,even_odd,,3,0.45,9,64a4,58a4,True,45,spurious,-1,False
confusion_even_odd,even_odd,,3,0.45,7,efc1,bf97,True,45,spurious,-1,False
confusion_even_odd,even_odd,,3,0.45,7,7b12,bd07,True,69,correct,3,True
confusion_even_odd,even_odd,,3,0.45,7,1ded,58a4,True,45,spurious,-1,False
confusion_even_odd,even_odd,,3,0.45,8,3eb2,a6b6,True,35,wrong_pattern,2,False
confusion_even_odd,even_odd,,3,0.45,8,c59e,e6fa,True,49,spurious,-1,False
confusion_even_odd,even_odd,,3,0.45,5,bb2d,a797,True,45,spurious,-1,False
confusion_even_odd,even_odd,,3,0.45,5,3db3,fca6,True,45,wrong_pattern,0,False
confusion_even_odd,even_odd,,3,0.45,7,110c,359,True,45,spurious,-1,False
confusion_even_odd,even_odd,,3,0.45,6,dd2a,fd4b,True,35,spurious,-1,False
confusion_even_odd,even_odd,,3,0.45,8,aab3,a6b6,True,35,wrong_pattern,2,False
confusion_even_odd,even_odd,,3,0.45,10,439,359,True,35,spurious,-1,False
confusion_even_odd,even_odd,,3,0.45,7,6a03,bf97,True,89,spurious,-1,False
confusion_even_odd,even_odd,,3,0.45,5,ee0f,a75b,True,45,spurious,-1,False
confusion_even_odd,even_odd,,3,0.45,7,f97d,fd4b,True,45,spurious,-1,False
confusion_even_odd,even_odd,,3,0.45,8,19a0,58a4,True,11,spurious,-1,False
confusion_even_odd,even_odd,,3,0.45,9,74e2,fca6,True,35,wrong_pattern,0,False
confusion_even_odd,even_odd,,3,0.45,4,3d96,fca6,True,45,wrong_pattern,0,False
confusion_even_odd,even_odd,,3,0.45,3,fd97,bd07,True,35,correct,3,True
confusion_even_odd,even_odd,,3,0.45,5,b809,fd4b,True,45,spurious,-1,False
confusion_even_odd,even_odd,,3,0.45,6,2087,a6b6,True,89,wrong_pattern,2,False
confusion_even_odd,even_odd,,3,0.45,7,d001,5949,True,69,spurious,-1,False
confusion_even_odd,even_odd,,3,0.45,9,5d68,5949,True,35,spurious,-1,False
confusion_even_odd,even_odd,,3,0.45,7,1cab,58a4,True,45,spurious,-1,False
confusion_even_odd,even_odd,,3,0.45,4,fb17,bd07,True,35,correct,3,True
confusion_even_odd,even_odd,,3,0.45,8,1ee3,58a4,True,45,spurious,-1,False
confusion_even_odd,even_odd,,3,0.45,8,b8b,395,True,49,spurious,-1,False
confusion_even_odd,even_odd,,3,0.45,9,2010,359,True,45,spurious,-1,False
confusion_even_odd,even_odd,,3,0.45,10,3a58,359,True,49,spurious,-1,False
confusion_even_odd,even_odd,,3,0.45,6,690b,fd4b,True,45,spurious,-1,False
confusion_even_odd,even_odd,,3,0.45,8,e0af,fc2e,False,1636,oscillated,-1,False
confusion_even_odd,even_odd,,3,0.45,9,6036,fc6a,True,65,spurious,-1,False
confusion_even_odd,even_odd,,3,0.45,6,fb2e,fd4b,True,45,spurious,-1,False
confusion_even_odd,even_odd,,3,0.45,9,6a8e,fca6,True,45,wrong_pattern,0,False
confusion_even_odd,even_odd,,3,0.45,7,b46c,e46a,True,45,spurious,-1,False
confusion_even_odd,even_odd,,3,0.45,7,9633,a776,False,1636,oscillated,-1,False
confusion_even_odd,even_odd,,3,0.45,8,2f50,359,True,45,spurious,-1,False
confusion_even_odd,even_odd,,3,0.45,6,dd6d,5949,True,45,spurious,-1,False
confusion_even_odd,even_odd,,3,0.45,9,e0ab,fc6a,True,35,spurious,-1,False
confusion_even_odd,even_odd,,3,0.45,5,d187,bf97,True,79,spurious,-1,False
confusion_even_odd,even_odd,,3,0.45,10,d1fd,5868,True,45,spurious,-1,False
confusion_even_odd,even_odd,,3,0.45,8,aa20,fca6,True,59,wrong_pattern,0,False
confusion_even_odd,even_odd,,3,0.45,8,ce95,58a4,True,89,spurious,-1,False
confusion_even_odd,even_odd,,3,0.45,6,fc4c,fd4b,True,35,spurious,-1,False
confusion_even_odd,even_odd,,3,0.45,6,a80a,fd4b,True,11,spurious,-1,False
confusion_even_odd,even_odd,,3,0.45,4,dd83,bd07,True,25,correct,3,True
confusion_even_odd,even_odd,,3,0.45,8,186d,5949,True,35,spurious,-1,False
confusion_even_odd,even_odd,,3,0.45,8,fdd8,fd4b,True,59,spurious,-1,False
confusion_even_odd,even_odd,,3,0.45,4,af57,a75b,True,35,spurious,-1,False
confusion_even_odd,even_odd,,3,0.45,8,4801,1905,True,21,spurious,-1,False
confusion_even_odd,even_odd,,3,0.45,6,f13f,a75b,True,45,spurious,-1,False
confusion_even_odd,even_odd,,3,0.45,7,95cc,359,True,85,spurious,-1,False
confusion_even_odd,even_odd,,3,0.45,6,b1ae,e46a,True,89,spurious,-1,False
confusion_even_odd,even_odd,,3,0.45,5,9746,a75b,True,45,spurious,-1,False
confusion_even_odd,even_odd,,3,0.45,5,1502,359,True,45,spurious,-1,False
confusion_even_odd,even_odd,,3,0.45,6,320f,a75b,True,45,spurious,-1,False
confusion_even_odd,even_odd,,3,0.45,10,20de,e6fa,True,69,spurious,-1,False
confusion_even_odd,even_odd,,3,0.45,10,2071,359,True,35,spurious,-1,False
confusion_even_odd,even_odd,,3,0.45,9,d282,a6b6,True,45,wrong_pattern,2,False
confusion_even_odd,even_odd,,3,0.45,6,bf6a,a75b,True,83,spurious,-1,False
confusion_even_odd,even_odd,,3,0.45,8,8fcc,58a4,True,75,spurious,-1,False
confusion_even_odd,even_odd,,3,0.45,6,da03,bd07,True,69,correct,3,True
confusion_even_odd,even_odd,,3,0.45,7,fcac,fca6,True,25,wrong_pattern,0,False
confusion_even_odd,even_odd,,3,0.45,6,ef8d,a797,True,59,spurious,-1,False
confusion_even_odd,even_odd,,3,0.45,7,2f4c,359,True,45,spurious,-1,False
confusion_even_odd,even_odd,,3,0.45,8,39da,fca6,True,83,wrong_pattern,0,False
confusion_even_odd,even_odd,,3,0.45,6,348b,a75b,True,85,spurious,-1,False
confusion_even_odd,even_odd,,0,0.5,5,dc28,5868,True,45,spurious,-1,False
confusion_even_odd,even_odd,,0,0.5,13,83dd,359,True,59,spurious,-1,False
confusion_even_odd,even_odd,,0,0.5,11,81b9,2b4,True,79,spurious,-1,False
confusion_even_odd,even_odd,,0,0.5,10,194f,5949,True,35,spurious,-1,False
confusion_even_odd,even_odd,,0,0.5,10,496b,5949,True,45,spurious,-1,False
confusion_even_odd,even_odd,,0,0.5,7,f06d,fd4b,True,69,spurious,-1,False
confusion_even_odd,even_odd,,0,0.5,4,5ea4,58a4,True,25,spurious,-1,False
confusion_even_odd,even_odd,,0,0.5,6,6c33,bd07,True,69,wrong_pattern,3,False
confusion_even_odd,even_odd,,0,0.5,9,806f,a75b,True,59,spurious,-1,False
confusion_even_odd,even_odd,,0,0.5,10,337e,a75b,True,45,spurious,-1,False
confusion_even_odd,even_odd,,0,0.5,5,5cea,5868,True,45,spurious,-1,False
confusion_even_odd,even_odd,,0,0.5,9,89f0,58a4,True,45,spurious,-1,False
confusion_even_odd,even_odd,,0,0.5,8,cb2f,a75b,True,59,spurious,-1,False
confusion_even_odd,even_odd,,0,0.5,9,603d,359,True,45,spurious,-1,False
confusion_even_odd,even_odd,,0,0.5,11,12b,359,True,25,spurious,-1,False
confusion_even_odd,even_odd,,0,0.5,9,1a47,1b95,True,45,wrong_pattern,1,False
confusion_even_odd,even_odd,,0,0.5,8,2525,1b95,True,65,wrong_pattern,1,False
confusion_even_odd,even_odd,,0,0.5,7,9e6c,58a4,True,59,spurious,-1,False
confusion_even_odd,even_odd,,0,0.5,9,6e53,bf97,True,89,spurious,-1,False
confusion_even_odd,even_odd,,0,0.5,8,303a,e46a,True,45,spurious,-1,False
confusion_even_odd,even_odd,,0,0.5,9,48fd,58a4,True,45,spurious,-1,False
confusion_even_odd,even_odd,,0,0.5,8,c207,a75b,True,45,spurious,-1,False
confusion_even_odd,even_odd,,0,0.5,7,7d4f,fd4b,True,25,spurious,-1,False
confusion_even_odd,even_odd,,0,0.5,8,601e,a75b,True,45,spurious,-1,False
confusion_even_odd,even_odd,,0,0.5,7,81a2,fca6,True,45,correct,0,True
confusion_even_odd,even_odd,,0,0.5,9,aa1a,a75b,True,45,spurious,-1,False
confusion_even_odd,even_odd,,0,0.5,6,6e3e,e46a,True,35,spurious,-1,False
confusion_even_odd,even_odd,,0,0.5,5,fe0c,fd4b,True,83,spurious,-1,False
confusion_even_odd,even_odd,,0,0.5,8,1f8f,395,True,79,spurious,-1,False
confusion_even_odd,even_odd,,0,0.5,11,8298,2b4,True,35,spurious,-1,False
confusion_even_odd,even_odd,,0,0.5,7,ed4a,fd4b,True,11,spurious,-1,False
confusion_even_odd,even_odd,,0,0.5,8,2106,bf97,True,65,spurious,-1,False
confusion_even_odd,even_odd,,0,0.5,9,b550,a75b,True,35,spurious,-1,False
confusion_even_odd,even_odd,,0,0.5,10,164a,359,True,45,spurious,-1,False
confusion_even_odd,even_odd,,0,0.5,6,e537,a75b,True,59,spurious,-1,False
confusion_even_odd,even_odd,,0,0.5,8,2463,a75b,True,45,spurious,-1,False
confusion_even_odd,even_odd,,0,0.5,10,af41,a75b,True,35,spurious,-1,False
confusion_even_odd,even_odd,,0,0.5,9,923a,e6fa,True,45,spurious,-1,False
confusion_even_odd,even_odd,,0,0.5,4,fdf7,fca6,True,11,correct,0,True
confusion_even_odd,even_odd,,0,0.5,9,e17,1b95,True,45,wrong_pattern,1,False
confusion_even_odd,even_odd,,0,0.5,7,2c77,bd07,True,79,wrong_pattern,3,False
confusion_even_odd,even_odd,,0,0.5,5,cdb7,fca6,True,35,correct,0,True
confusion_even_odd,even_odd,,0,0.5,11,317b,a75b,True,59,spurious,-1,False
confusion_even_odd,even_odd,,0,0.5,8,8d9f,bd07,True,65,wrong_pattern,3,False
confusion_even_odd,even_odd,,0,0.5,11,2f1d,359,True,45,spurious,-1,False
confusion_even_odd,even_odd,,0,0.5,11,639b,a75b,True,45,spurious,-1,False
confusion_even_odd,even_odd,,0,0.5,9,11ea,4068,True,89,spurious,-1,False
confusion_even_odd,even_odd,,0,0.5,9,6f4a,fd4b,True,49,spurious,-1,False
confusion_even_odd,even_odd,,0,0.5,8,b668,e6fa,True,45,spurious,-1,False
confusion_even_odd,even_odd,,0,0.5,3,ec2e,fc6a,True,11,spurious,-1,False
confusion_even_odd,even_odd,,0,0.5,10,2ec,42f8,True,21,spurious,-1,False
confusion_even_odd,even_odd,,0,0.5,8,4f83,1b95,True,45,wrong_pattern,1,False
confusion_even_odd,even_odd,,0,0.5,6,ec7a,fc6a,True,11,spurious,-1,False
confusion_even_odd,even_odd,,0,0.5,10,5953,1905,True,51,spurious,-1,False
confusion_even_odd,even_odd,,0,0.5,8,9aa9,58a4,True,35,spurious,-1,False
confusion_even_odd,even_odd,,0,0.5,7,a683,a6b6,True,45,wrong_pattern,2,False
confusion_even_odd,even_odd,,0,0.5,11,1b54,395,True,35,spurious,-1,False
confusion_even_odd,even_odd,,0,0.5,6,76e0,2b4,True,45,spurious,-1,False
confusion_even_odd,even_odd,,0,0.5,8,eb60,fd4b,True,83,spurious,-1,False
confusion_even_odd,even_odd,,0,0.5,7,6f23,bf97,True,89,spurious,-1,False
confusion_even_odd,even_odd,,0,0.5,11,47cb,359,True,45,spurious,-1,False
confusion_even_odd,even_odd,,0,0.5,7,64bd,42f8,True,45,spurious,-1,False
confusion_even_odd,even_odd,,0,0.5,8,9e61,1905,True,59,spurious,-1,False
confusion_even_odd,even_odd,,0,0.5,10,8a38,4068,True,79,spurious,-1,False
confusion_even_odd,even_odd,,0,0.5,9,b978,fd4b,True,89,spurious,-1,False
confusion_even_odd,even_odd,,0,0.5,5,9fa4,58a4,True,45,spurious,-1,False
confusion_even_odd,even_odd,,0,0.5,11,62d8,42f8,True,25,spurious,-1,False
confusion_even_odd,even_odd,,0,0.5,10,1e7b,359,True,59,spurious,-1,False
confusion_even_odd,even_odd,,0,0.5,9,4366,359,True,83,spurious,-1,False
confusion_even_odd,even_odd,,0,0.5,8,4814,1905,True,11,spurious,-1,False
confusion_even_odd,even_odd,,0,0.5,11,83cc,299,False,1636,oscillated,-1,False
confusion_even_odd,even_odd,,0,0.5,7,24b5,2b4,True,59,spurious,-1,False
confusion_even_odd,even_odd,,0,0.5,10,e308,a75b,True,45,spurious,-1,False
confusion_even_odd,even_odd,,0,0.5,8,2d8d,1905,True,65,spurious,-1,False
confusion_even_odd,even_odd,,0,0.5,7,b99c,fca6,True,83,correct,0,True
confusion_even_odd,even_odd,,0,0.5,6,eb22,fca6,True,85,correct,0,True
confusion_even_odd,even_odd,,0,0.5,7,38de,fca6,True,45,correct,0,True
confusion_even_odd,even_odd,,0,0.5,8,80a8,42f8,True,35,spurious,-1,False
confusion_even_odd,even_odd,,0,0.5,6,c402,fd4b,True,45,spurious,-1,False
confusion_even_odd,even_odd,,0,0.5,6,d0e5,58a4,True,25,spurious,-1,False
confusion_even_odd,even_odd,,0,0.5,8,abc4,fca6,True,123,correct,0,True
confusion_even_odd,even_odd,,0,0.5,9,a568,a75b,True,35,spurious,-1,False
confusion_even_odd,even_odd,,0,0.5,8,286,2b4,True,25,spurious,-1,False
confusion_even_odd,even_odd,,0,0.5,11,b44,359,True,59,spurious,-1,False
confusion_even_odd,even_odd,,0,0.5,10,ed59,fd4b,True,45,spurious,-1,False
confusion_even_odd,even_odd,,0,0.5,9,67fc,42f8,True,45,spurious,-1,False
confusion_even_odd,even_odd,,0,0.5,11,2a53,a75b,True,45,spurious,-1,False
confusion_even_odd,even_odd,,0,0.5,7,983a,fca6,True,59,correct,0,True
confusion_even_odd,even_odd,,0,0.5,8,e1b8,e46a,True,45,spurious,-1,False
confusion_even_odd,even_odd,,0,0.5,8,889a,fca6,True,59,correct,0,True
confusion_even_odd,even_odd,,0,0.5,8,8a1,58a4,True,21,spurious,-1,False
confusion_even_odd,even_odd,,0,0.5,6,af87,bf97,True,11,spurious,-1,False
confusion_even_odd,even_odd,,0,0.5,8,b81d,bd07,True,45,wrong_pattern,3,False
confusion_even_odd,even_odd,,0,0.5,7,4af6,58a4,True,45,spurious,-1,False
confusion_even_odd,even_odd,,0,0.5,6,f090,fca6,True,45,correct,0,True
confusion_even_odd,even_odd,,0,0.5,6,d284,58a4,True,69,spurious,-1,False
confusion_even_odd,even_odd,,0,0.5,6,d43f,a75b,True,79,spurious,-1,False
confusion_even_odd,even_odd,,0,0.5,10,4e99,2b4,True,45,spurious,-1,False
confusion_even_odd,even_odd,,0,0.5,6,cfc6,fca6,True,89,correct,0,True
confusion_even_odd,even_odd,,0,0.5,8,69f0,58a4,True,45,spurious,-1,False
confusion_even_odd,even_odd,,0,0.5,10,c3,58a4,True,103,spurious,-1,False
confusion_even_odd,even_odd,,0,0.5,7,41a7,58a4,True,49,spurious,-1,False
confusion_even_odd,even_odd,,0,0.5,7,e246,a75b,True,45,spurious,-1,False
confusion_even_odd,even_odd,,0,0.5,10,21bd,2b4,True,45,spurious,-1,False
confusion_even_odd,even_odd,,0,0.5,8,7013,a75b,True,45,spurious,-1,False
confusion_even_odd,even_odd,,0,0.5,7,eddf,bd07,True,35,wrong_pattern,3,False
confusion_even_odd,even_odd,,0,0.5,7,17a7,2b4,True,45,spurious,-1,False
confusion_even_odd,even_odd,,0,0.5,8,a7fe,e6fa,True,51,spurious,-1,False
confusion_even_odd,even_odd,,0,0.5,9,3a9d,2b4,True,35,spurious,-1,False
confusion_even_odd,even_odd,,0,0.5,8,8a0e,a75b,True,45,spurious,-1,False
confusion_even_odd,even_odd,,0,0.5,6,e8bb,fca6,True,45,correct,0,True
confusion_even_odd,even_odd,,0,0.5,8,1f64,58a4,True,69,spurious,-1,False
confusion_even_odd,even_odd,,0,0.5,10,ebd8,a75b,True,59,spurious,-1,False
confusion_even_odd,even_odd,,0,0.5,8,7a9b,fca6,True,45,correct,0,True
confusion_even_odd,even_odd,,0,0.5,5,fc43,fd4b,True,25,spurious,-1,False
confusion_even_odd,even_odd,,0,0.5,8,e1f0,fca6,True,85,correct,0,True
confusion_even_odd,even_odd,,0,0.5,8,44cf,5949,True,69,spurious,-1,False
confusion_even_odd,even_odd,,0,0.5,8,3e45,1b95,True,45,wrong_pattern,1,False
confusion_even_odd,even_odd,,0,0.5,12,4b1b,359,True,45,spurious,-1,False
confusion_even_odd,even_odd,,0,0.5,9,428c,42f8,True,45,spurious,-1,False
confusion_even_odd,even_odd,,1,0.5,8,b774,a633,False,1636,oscillated,-1,False
confusion_even_odd,even_odd,,1,0.5,6,4af7,58a4,True,55,spurious,-1,False
confusion_even_odd,even_odd,,1,0.5,7,3487,a6b6,True,89,wrong_pattern,2,False
confusion_even_odd,even_odd,,1,0.5,8,d98a,fccf,False,1636,oscillated,-1,False
confusion_even_odd,even_odd,,1,0.5,9,cc51,5949,True,59,spurious,-1,False
confusion_even_odd,even_odd,,1,0.5,6,a9d4,fca6,True,65,wrong_pattern,0,False
confusion_even_odd,even_odd,,1,0.5,10,6942,fd4b,True,45,spurious,-1,False
confusion_even_odd,even_odd,,1,0.5,9,bc56,bd07,True,21,wrong_pattern,3,False
confusion_even_odd,even_odd,,1,0.5,9,ba4e,fd4b,True,51,spurious,-1,False
confusion_even_odd,even_odd,,1,0.5,6,37a7,a6b6,True,45,wrong_pattern,2,False
confusion_even_odd,even_odd,,1,0.5,3,1bdc,2b4,True,45,spurious,-1,False
confusion_even_odd,even_odd,,1,0.5,8,d18b,bd07,True,45,wrong_pattern,3,False
confusion_even_odd,even_odd,,1,0.5,9,ce74,58a4,True,45,spurious,-1,False
confusion_even_odd,even_odd,,1,0.5,6,dbac,58a4,True,25,spurious,-1,False
confusion_even_odd,even_odd,,1,0.5,14,e068,e46a,True,45,spurious,-1,False
confusion_even_odd,even_odd,,1,0.5,8,94b6,fca6,True,45,wrong_pattern,0,False
confusion_even_odd,even_odd,,1,0.5,8,8b0a,a75b,True,45,spurious,-1,False
confusion_even_odd,even_odd,,1,0.5,6,bfb,42f8,True,55,spurious,-1,False
confusion_even_odd,even_odd,,1,0.5,10,fc3c,fc6a,True,45,spurious,-1,False
confusion_even_odd,even_odd,,1,0.5,6,f981,bd07,True,45,wrong_pattern,3,False
confusion_even_odd,even_odd,,1,0.5,6,310d,359,True,45,spurious,-1,False
confusion_even_odd,even_odd,,1,0.5,10,84e1,58a4,True,69,spurious,-1,False
confusion_even_odd,even_odd,,1,0.5,6,1cbc,58a4,True,35,spurious,-1,False
confusion_even_odd,even_odd,,1,0.5,9,9d6c,5949,True,45,spurious,-1,False
confusion_even_odd,even_odd,,1,0.5,7,1969,5949,True,25,spurious,-1,False
confusion_even_odd,even_odd,,1,0.5,9,3269,359,True,45,spurious,-1,False
confusion_even_odd,even_odd,,1,0.5,10,a84f,fd4b,True,11,spurious,-1,False
confusion_even_odd,even_odd,,1,0.5,8,453d,359,True,35,spurious,-1,False
confusion_even_odd,even_odd,,1,0.5,10,ca28,5868,True,49,spurious,-1,False
confusion_even_odd,even_odd,,1,0.5,5,dd4,58a4,True,65,spurious,-1,False
confusion_even_odd,even_odd,,1,0.5,10,a832,fca6,True,79,wrong_pattern,0,False
confusion_even_odd,even_odd,,1,0.5,7,5dde,5889,False,1636,oscillated,-1,False
confusion_even_odd,even_odd,,1,0.5,11,a430,e6fa,True,35,spurious,-1,False
confusion_even_odd,even_odd,,1,0.5,5,ba81,fca6,True,45,wrong_pattern,0,False
confusion_even_odd,even_odd,,1,0.5,9,8ce1,58a4,True,45,spurious,-1,False
confusion_even_odd,even_odd,,1,0.5,3,3a85,58a4,True,59,spurious,-1,False
confusion_even_odd,even_odd,,1,0.5,10,762,359,True,59,spurious,-1,False
confusion_even_odd,even_odd,,1,0.5,10,c68e,e6fa,True,45,spurious,-1,False
confusion_even_odd,even_odd,,1,0.5,9,ce6,58a4,True,45,spurious,-1,False
confusion_even_odd,even_odd,,1,0.5,10,64c4,58a4,True,45,spurious,-1,False
confusion_even_odd,even_odd,,1,0.5,7,3504,1905,True,45,spurious,-1,False
confusion_even_odd,even_odd,,1,0.5,10,ea3e,e46a,True,35,spurious,-1,False
confusion_even_odd,even_odd,,1,0.5,6,997d,5949,True,45,spurious,-1,False
confusion_even_odd,even_odd,,1,0.5,7,a211,a75b,True,45,spurious,-1,False
confusion_even_odd,even_odd,,1,0.5,9,32e2,a6b6,True,45,wrong_pattern,2,False
confusion_even_odd,even_odd,,1,0.5,12,cd6e,fd4b,True,35,spurious,-1,False
confusion_even_odd,even_odd,,1,0.5,8,761c,359,True,89,spurious,-1,False
confusion_even_odd,even_odd,,1,0.5,9,d08b,fdce,False,1636,oscillated,-1,False
confusion_even_odd,even_odd,,1,0.5,9,d4c1,58a4,True,65,spurious,-1,False
confusion_even_odd,even_odd,,1,0.5,12,604b,a75b,True,45,spurious,-1,False
confusion_even_odd,even_odd,,1,0.5,11,44f8,4068,True,45,spurious,-1,False
confusion_even_odd,even_odd,,1,0.5,5,fb1d,a75b,True,69,spurious,-1,False
confusion_even_odd,even_odd,,1,0.5,9,5520,5865,False,1636,oscillated,-1,False
confusion_even_odd,even_odd,,1,0.5,10,737a,a75b,True,65,spurious,-1,False
confusion_even_odd,even_odd,,1,0.5,6,319b,a75b,True,59,spurious,-1,False
confusion_even_odd,even_odd,,1,0.5,5,4f93,1b95,True,45,correct,1,True
confusion_even_odd,even_odd,,1,0.5,11,a47d,a75b,True,35,spurious,-1,False
confusion_even_odd,even_odd,,1,0.5,8,c365,359,True,35,spurious,-1,False
confusion_even_odd,even_odd,,1,0.5,7,5e88,58a4,True,35,spurious,-1,False
confusion_even_odd,even_odd,,1,0.5,10,65f6,a6b6,True,51,wrong_pattern,2,False
confusion_even_odd,even_odd,,1,0.5,10,94ab,e46a,True,89,spurious,-1,False
confusion_even_odd,even_odd,,1,0.5,9,f9ae,fca6,True,25,wrong_pattern,0,False
confusion_even_odd,even_odd,,1,0.5,8,9039,359,True,89,spurious,-1,False
confusion_even_odd,even_odd,,1,0.5,8,d938,5949,True,45,spurious,-1,False
confusion_even_odd,even_odd,,1,0.5,8,d0f7,fca6,True,45,wrong_pattern,0,False
confusion_even_odd,even_odd,,1,0.5,11,e018,a75b,True,45,spurious,-1,False
confusion_even_odd,even_odd,,1,0.5,8,364d,359,True,45,spurious,-1,False
confusion_even_odd,even_odd,,1,0.5,11,f2fa,e6fa,True,11,spurious,-1,False
confusion_even_odd,even_odd,,1,0.5,7,311b,a75b,True,45,spurious,-1,False
confusion_even_odd,even_odd,,1,0.5,6,921c,359,True,45,spurious,-1,False
confusion_even_odd,even_odd,,1,0.5,11,8c48,5949,True,45,spurious,-1,False
confusion_even_odd,even_odd,,1,0.5,8,c382,a6b6,True,45,wrong_pattern,2,False
confusion_even_odd,even_odd,,1,0.5,7,37ed,42f8,True,45,spurious,-1,False
confusion_even_odd,even_odd,,1,0.5,9,8232,e6fa,True,45,spurious,-1,False
confusion_even_odd,even_odd,,1,0.5,10,d456,a75b,True,79,spurious,-1,False
confusion_even_odd,even_odd,,1,0.5,10,e6b3,a6b6,True,21,wrong_pattern,2,False
confusion_even_odd,even_odd,,1,0.5,10,940e,a75b,True,55,spurious,-1,False
confusion_even_odd,even_odd,,1,0.5,8,ca5f,a75b,True,45,spurious,-1,False
confusion_even_odd,even_odd,,1,0.5,4,db11,1905,True,35,spurious,-1,False
confusion_even_odd,even_odd,,1,0.5,6,599,359,True,59,spurious,-1,False
confusion_even_odd,even_odd,,1,0.5,4,9ad7,a6b6,True,69,wrong_pattern,2,False
confusion_even_odd,even_odd,,1,0.5,9,2da2,fca6,True,35,wrong_pattern,0,False
confusion_even_odd,even_odd,,1,0.5,11,653e,a75b,True,45,spurious,-1,False
confusion_even_odd,even_odd,,1,0.5,10,494a,5949,True,45,spurious,-1,False
confusion_even_odd,even_odd,,1,0.5,8,182b,5949,True,35,spurious,-1,False
confusion_even_odd,even_odd,,1,0.5,9,dafa,e46a,True,65,spurious,-1,False
confusion_even_odd,even_odd,,1,0.5,9,a373,a75b,True,25,spurious,-1,False
confusion_even_odd,even_odd,,1,0.5,7,bebf,a6b6,True,35,wrong_pattern,2,False
confusion_even_odd,even_odd,,1,0.5,7,2b08,359,True,35,spurious,-1,False
confusion_even_odd,even_odd,,1,0.5,10,6f28,5949,True,45,spurious,-1,False
confusion_even_odd,even_odd,,1,0.5,7,27f1,2b4,True,45,spurious,-1,False
confusion_even_odd,even_odd,,1,0.5,8,4dcf,1905,True,45,spurious,-1,False
confusion_even_odd,even_odd,,1,0.5,9,e154,a75b,True,45,spurious,-1,False
confusion_even_odd,even_odd,,1,0.5,6,5aed,58a4,True,35,spurious,-1,False
confusion_even_odd,even_odd,,1,0.5,9,84fd,42f8,True,69,spurious,-1,False
confusion_even_odd,even_odd,,1,0.5,7,b9c9,bd07,True,45,wrong_pattern,3,False
confusion_even_odd,even_odd,,1,0.5,8,ba61,bd07,True,59,wrong_pattern,3,False
confusion_even_odd,even_odd,,1,0.5,8,eb65,bf97,True,89,spurious,-1,False
confusion_even_odd,even_odd,,1,0.5,10,ad0e,fd4b,True,21,spurious,-1,False
confusion_even_odd,even_odd,,1,0.5,8,6b64,58a4,True,85,spurious,-1,False
confusion_even_odd,even_odd,,1,0.5,9,412,359,True,45,spurious,-1,False
confusion_even_odd,even_odd,,1,0.5,6,eb11,bf97,True,89,spurious,-1,False
confusion_even_odd,even_odd,,1,0.5,8,b493,a6b6,True,45,wrong_pattern,2,False
confusion_even_odd,even_odd,,1,0.5,9,6f70,1905,True,69,spurious,-1,False
confusion_even_odd,even_odd,,1,0.5,9,78ef,fca6,True,45,wrong_pattern,0,False
confusion_even_odd,even_odd,,1,0.5,11,7408,5949,True,69,spurious,-1,False
confusion_even_odd,even_odd,,1,0.5,3,9bbd,2b4,True,35,spurious,-1,False
confusion_even_odd,even_odd,,1,0.5,8,532e,359,True,79,spurious,-1,False
confusion_even_odd,even_odd,,1,0.5,8,10ce,4068,True,89,spurious,-1,False
confusion_even_odd,even_odd,,1,0.5,7,7119,359,True,45,spurious,-1,False
confusion_even_odd,even_odd,,1,0.5,7,f281,a6b6,True,45,wrong_pattern,2,False
confusion_even_odd,even_odd,,1,0.5,7,8ab2,a6b6,True,69,wrong_pattern,2,False
confusion_even_odd,even_odd,,1,0.5,8,2b22,a6b6,True,69,wrong_pattern,2,False
confusion_even_odd,even_odd,,1,0.5,7,89ed,58a4,True,79,spurious,-1,False
confusion_even_odd,even_odd,,1,0.5,8,5942,5949,True,25,spurious,-1,False
confusion_even_odd,even_odd,,1,0.5,10,e7e1,e6fa,True,49,spurious,-1,False
confusion_even_odd,even_odd,,1,0.5,4,1eb4,58a4,True,35,spurious,-1,False
confusion_even_odd,even_odd,,1,0.5,5,1dc1,1905,True,25,spurious,-1,False
confusion_even_odd,even_odd,,1,0.5,7,af57,a75b,True,35,spurious,-1,False
confusion_even_odd,even_odd,,1,0.5,10,234a,a75b,True,45,spurious,-1,False
confusion_even_odd,even_odd,,2,0.5,5,4f4,58a4,True,45,spurious,-1,False
confusion_even_odd,even_odd,,2,0.5,10,565b,359,True,45,spurious,-1,False
confusion_even_odd,even_odd,,2,0.5,7,fb97,bf97,True,21,spurious,-1,False
confusion_even_odd,even_odd,,2,0.5,9,63d1,359,True,35,spurious,-1,False
confusion_even_odd,even_odd,,2,0.5,9,9028,4068,True,45,spurious,-1,False
confusion_even_odd,even_odd,,2,0.5,8,d2c7,a6b6,True,45,correct,2,True
confusion_even_odd,even_odd,,2,0.5,5,aaaa,fca6,True,45,wrong_pattern,0,False
confusion_even_odd,even_odd,,2,0.5,7,f57e,a75b,True,123,spurious,-1,False
confusion_even_odd,even_odd,,2,0.5,4,f6a2,a6b6,True,21,correct,2,True
confusion_even_odd,even_odd,,2,0.5,7,25dc,299,False,1636,oscillated,-1,False
confusion_even_odd,even_odd,,2,0.5,7,63f0,2b4,True,51,spurious,-1,False
confusion_even_odd,even_odd,,2,0.5,7,856e,a75b,True,35,spurious,-1,False
confusion_even_odd,even_odd,,2,0.5,8,3205,395,True,45,spurious,-1,False
confusion_even_odd,even_odd,,2,0.5,6,f86,58a4,True,89,spurious,-1,False
confusion_even_odd,even_odd,,2,0.5,7,6f3c,359,True,59,spurious,-1,False
confusion_even_odd,even_odd,,2,0.5,8,28c4,58a4,True,35,spurious,-1,False
confusion_even_odd,even_odd,,2,0.5,9,886f,fd4b,True,45,spurious,-1,False
confusion_even_odd,even_odd,,2,0.5,9,e80a,fd4b,True,11,spurious,-1,False
confusion_even_odd,even_odd,,2,0.5,8,bc71,bd07,True,59,wrong_pattern,3,False
confusion_even_odd,even_odd,,2,0.5,6,ae2d,a75b,True,59,spurious,-1,False
confusion_even_odd,even_odd,,2,0.5,7,2728,359,True,45,spurious,-1,False
confusion_even_odd,even_odd,,2,0.5,8,4312,359,True,35,spurious,-1,False
confusion_even_odd,even_odd,,2,0.5,10,4e43,5949,True,83,spurious,-1,False
confusion_even_odd,even_odd,,2,0.5,8,d6c3,a6b6,True,89,correct,2,True
confusion_even_odd,even_odd,,2,0.5,7,f642,a75b,True,55,spurious,-1,False
confusion_even_odd,even_odd,,2,0.5,6,8485,2b4,True,89,spurious,-1,False
confusion_even_odd,even_odd,,2,0.5,9,3d23,bd07,True,25,wrong_pattern,3,False
confusion_even_odd,even_odd,,2,0.5,12,d1cd,1905,True,45,spurious,-1,False
confusion_even_odd,even_odd,,2,0.5,5,ee33,fca6,True,85,wrong_pattern,0,False
confusion_even_odd,even_odd,,2,0.5,10,389,359,True,59,spurious,-1,False
confusion_even_odd,even_odd,,2,0.5,9,1583,395,True,79,spurious,-1,False
confusion_even_odd,even_odd,,2,0.5,7,ad8a,fd4b,True,83,spurious,-1,False
confusion_even_odd,even_odd,,2,0.5,11,4a5b,359,True,45,spurious,-1,False
confusion_even_odd,even_odd,,2,0.5,10,1a6f,5949,True,45,spurious,-1,False
confusion_even_odd,even_odd,,2,0.5,9,743,359,True,45,spurious,-1,False
confusion_even_odd,even_odd,,2,0.5,11,1568,359,True,89,spurious,-1,False
confusion_even_odd,even_odd,,2,0.5,9,a9e8,fc6a,True,45,spurious,-1,False
confusion_even_odd,even_odd,,2,0.5,9,214e,a75b,True,45,spurious,-1,False
confusion_even_odd,even_odd,,2,0.5,9,c1b9,359,True,69,spurious,-1,False
confusion_even_odd,even_odd,,2,0.5,7,14d4,58a4,True,49,spurious,-1,False
confusion_even_odd,even_odd,,2,0.5,10,906b,a75b,True,89,spurious,-1,False
confusion_even_odd,even_odd,,2,0.5,11,7dc0,58a4,True,45,spurious,-1,False
confusion_even_odd,even_odd,,2,0.5,8,cf20,58a4,True,85,spurious,-1,False
confusion_even_odd,even_odd,,2,0.5,2,22b6,a6b6,True,45,correct,2,True
confusion_even_odd,even_odd,,2,0.5,8,3200,359,True,79,spurious,-1,False
confusion_even_odd,even_odd,,2,0.5,8,345c,359,True,59,spurious,-1,False
confusion_even_odd,even_odd,,2,0.5,8,5724,2b4,True,89,spurious,-1,False
confusion_even_odd,even_odd,,2,0.5,9,65c5,1b85,False,1636,oscillated,-1,False
confusion_even_odd,even_odd,,2,0.5,8,b8f8,fca6,True,45,wrong_pattern,0,False
confusion_even_odd,even_odd,,2,0.5,10,5f7c,5949,True,45,spurious,-1,False
confusion_even_odd,even_odd,,2,0.5,6,34d2,fca6,True,49,wrong_pattern,0,False
confusion_even_odd,even_odd,,2,0.5,7,fcfc,fca6,True,35,wrong_pattern,0,False
confusion_even_odd,even_odd,,2,0.5,9,49f2,58a4,True,45,spurious,-1,False
confusion_even_odd,even_odd,,2,0.5,7,65c,359,True,11,spurious,-1,False
confusion_even_odd,even_odd,,2,0.5,8,39d,395,True,49,spurious,-1,False
confusion_even_odd,even_odd,,2,0.5,10,dd31,1905,True,59,spurious,-1,False
confusion_even_odd,even_odd,,2,0.5,5,b0bc,a6b6,True,83,correct,2,True
confusion_even_odd,even_odd,,2,0.5,7,b2eb,e6fa,True,11,spurious,-1,False
confusion_even_odd,even_odd,,2,0.5,8,1e4,58a4,True,45,spurious,-1,False
confusion_even_odd,even_odd,,2,0.5,7,6773,a75b,True,35,spurious,-1,False
confusion_even_odd,even_odd,,2,0.5,10,7408,5949,True,69,spurious,-1,False
confusion_even_odd,even_odd,,2,0.5,6,803f,a75b,True,45,spurious,-1,False
confusion_even_odd,even_odd,,2,0.5,5,e214,a75b,True,45,spurious,-1,False
confusion_even_odd,even_odd,,2,0.5,11,fd79,fd4b,True,25,spurious,-1,False
confusion_even_odd,even_odd,,2,0.5,10,418f,359,True,45,spurious,-1,False
confusion_even_odd,even_odd,,2,0.5,9,6d10,1905,True,45,spurious,-1,False
confusion_even_odd,even_odd,,2,0.5,4,a28e,a6b6,True,25,correct,2,True
confusion_even_odd,even_odd,,2,0.5,8,ed98,fd4b,True,83,spurious,-1,False
confusion_even_odd,even_odd,,2,0.5,7,383e,fca6,True,59,wrong_pattern,0,False
confusion_even_odd,even_odd,,2,0.5,6,f94,58a4,True,89,spurious,-1,False
confusion_even_odd,even_odd,,2,0.5,7,42f3,2b4,True,51,spurious,-1,False
confusion_even_odd,even_odd,,2,0.5,10,954f,a75b,True,45,spurious,-1,False
confusion_even_odd,even_odd,,2,0.5,9,dc64,58a4,True,59,spurious,-1,False
confusion_even_odd,even_odd,,2,0.5,7,6415,359,True,59,spurious,-1,False
confusion_even_odd,even_odd,,2,0.5,10,cc45,1905,True,45,spurious,-1,False
confusion_even_odd,even_odd,,2,0.5,7,a97e,fd4b,True,45,spurious,-1,False
confusion_even_odd,even_odd,,2,0.5,10,3001,359,True,45,spurious,-1,False
confusion_even_odd,even_odd,,2,0.5,6,f332,a6b6,True,83,correct,2,True
confusion_even_odd,even_odd,,2,0.5,6,6cfe,fca6,True,45,wrong_pattern,0,False
confusion_even_odd,even_odd,,2,0.5,9,99d7,bd07,True,45,wrong_pattern,3,False
confusion_even_odd,even_odd,,2,0.5,5,a21a,a75b,True,11,spurious,-1,False
confusion_even_odd,even_odd,,2,0.5,6,8bbc,2b4,True,35,spurious,-1,False
confusion_even_odd,even_odd,,2,0.5,10,f9f1,fca6,True,45,wrong_pattern,0,False
confusion_even_odd,even_odd,,2,0.5,7,76e0,2b4,True,45,spurious,-1,False
confusion_even_odd,even_odd,,2,0.5,5,c4ba,e46a,True,45,spurious,-1,False
confusion_even_odd,even_odd,,2,0.5,7,2c2c,5868,True,45,spurious,-1,False
confusion_even_odd,even_odd,,2,0.5,5,3ebf,a6b6,True,35,correct,2,True
confusion_even_odd,even_odd,,2,0.5,9,62e9,42f8,True,45,spurious,-1,False
confusion_even_odd,even_odd,,2,0.5,8,45fa,4068,True,45,spurious,-1,False
confusion_even_odd,even_odd,,2,0.5,9,f20d,a75b,True,45,spurious,-1,False
confusion_even_odd,even_odd,,2,0.5,10,713d,359,True,45,spurious,-1,False
confusion_even_odd,even_odd,,2,0.5,4,aeaf,fca6,True,45,wrong_pattern,0,False
confusion_even_odd,even_odd,,2,0.5,8,b2c8,e6fa,True,45,spurious,-1,False
confusion_even_odd,even_odd,,2,0.5,5,96fc,42f8,True,45,spurious,-1,False
confusion_even_odd,even_odd,,2,0.5,11,1144,359,True,45,spurious,-1,False
confusion_even_odd,even_odd,,2,0.5,9,8d63,fd4b,True,45,spurious,-1,False
confusion_even_odd,even_odd,,2,0.5,8,2d1,2b4,True,45,spurious,-1,False
confusion_even_odd,even_odd,,2,0.5,6,d4ba,fca6,True,59,wrong_pattern,0,False
confusion_even_odd,even_odd,,2,0.5,3,e7a6,a6b6,True,21,correct,2,True
confusion_even_odd,even_odd,,2,0.5,9,408,359,True,35,spurious,-1,False
confusion_even_odd,even_odd,,2,0.5,10,c019,359,True,25,spurious,-1,False
confusion_even_odd,even_odd,,2,0.5,5,3286,a6b6,True,45,correct,2,True
confusion_even_odd,even_odd,,2,0.5,6,83c6,a6b6,True,45,correct,2,True
confusion_even_odd,even_odd,,2,0.5,6,c3ba,e6fa,True,45,spurious,-1,False
confusion_even_odd,even_odd,,2,0.5,8,f38,359,True,59,spurious,-1,False
confusion_even_odd,even_odd,,2,0.5,9,10fb,42f8,True,35,spurious,-1,False
confusion_even_odd,even_odd,,2,0.5,8,dfaf,fca6,True,35,wrong_pattern,0,False
confusion_even_odd,even_odd,,2,0.5,5,c2f4,2b4,True,35,spurious,-1,False
confusion_even_odd,even_odd,,2,0.5,11,1904,1905,True,11,spurious,-1,False
confusion_even_odd,even_odd,,2,0.5,8,4498,4068,True,45,spurious,-1,False
confusion_even_odd,even_odd,,2,0.5,4,aebb,a6b6,True,69,correct,2,True
confusion_even_odd,even_odd,,2,0.5,4,eebc,fca6,True,45,wrong_pattern,0,False
confusion_even_odd,even_odd,,2,0.5,6,377e,a75b,True,45,spurious,-1,False
confusion_even_odd,even_odd,,2,0.5,6,68f,2b4,True,45,spurious,-1,False
confusion_even_odd,even_odd,,2,0.5,10,7fcc,5889,False,1636,oscillated,-1,False
confusion_even_odd,even_odd,,2,0.5,9,c028,5868,True,35,spurious,-1,False
confusion_even_odd,even_odd,,2,0.5,7,90ac,2b4,True,83,spurious,-1,False
confusion_even_odd,even_odd,,2,0.5,11,f158,a75b,True,65,spurious,-1,False
confusion_even_odd,even_odd,,2,0.5,6,cf3e,a75b,True,59,spurious,-1,False
confusion_even_odd,even_odd,,2,0.5,11,6dc8,5949,True,79,spurious,-1,False
confusion_even_odd,even_odd,,3,0.5,5,fd2a,fd4b,True,35,spurious,-1,False
confusion_even_odd,even_odd,,3,0.5,7,931e,a75b,True,45,spurious,-1,False
confusion_even_odd,even_odd,,3,0.5,8,89e4,58a4,True,35,spurious,-1,False
confusion_even_odd,even_odd,,3,0.5,7,a065,a75b,True,45,spurious,-1,False
confusion_even_odd,even_odd,,3,0.5,5,eb17,bf97,True,89,spurious,-1,False
confusion_even_odd,even_odd,,3,0.5,6,abc5,bf97,True,45,spurious,-1,False
confusion_even_odd,even_odd,,3,0.5,8,2590,2b4,True,45,spurious,-1,False
confusion_even_odd,even_odd,,3,0.5,9,3cb8,58a4,True,45,spurious,-1,False
confusion_even_odd,even_odd,,3,0.5,6,7cb7,fca6,True,25,wrong_pattern,0,False
confusion_even_odd,even_odd,,3,0.5,9,3cf,359,True,59,spurious,-1,False
confusion_even_odd,even_odd,,3,0.5,5,bb53,a7d3,False,1636,oscillated,-1,False
confusion_even_odd,even_odd,,3,0.5,10,432e,359,True,45,spurious,-1,False
confusion_even_odd,even_odd,,3,0.5,9,16d,359,True,25,spurious,-1,False
confusion_even_odd,even_odd,,3,0.5,7,e552,a75b,True,25,spurious,-1,False
confusion_even_odd,even_odd,,3,0.5,8,b4e0,fca6,True,45,wrong_pattern,0,False
confusion_even_odd,even_odd,,3,0.5,5,29a7,fca6,True,79,wrong_pattern,0,False
confusion_even_odd,even_odd,,3,0.5,7,3bae,fca6,True,45,wrong_pattern,0,False
confusion_even_odd,even_odd,,3,0.5,7,7e96,fca6,True,35,wrong_pattern,0,False
confusion_even_odd,even_odd,,3,0.5,6,2596,a6b6,True,35,wrong_pattern,2,False
confusion_even_odd,even_odd,,3,0.5,8,2b34,58a4,True,123,spurious,-1,False
confusion_even_odd,even_odd,,3,0.5,6,f82b,fd4b,True,35,spurious,-1,False
confusion_even_odd,even_odd,,3,0.5,8,aa10,a75b,True,45,spurious,-1,False
confusion_even_odd,even_odd,,3,0.5,7,6327,a75b,True,45,spurious,-1,False
confusion_even_odd,even_odd,,3,0.5,6,8dc1,359,True,103,spurious,-1,False
confusion_even_odd,even_odd,,3,0.5,6,df77,bd07,True,35,correct,3,True
confusion_even_odd,even_odd,,3,0.5,9,163e,42f8,True,45,spurious,-1,False
confusion_even_odd,even_odd,,3,0.5,5,f801,fd4b,True,59,spurious,-1,False
confusion_even_odd,even_odd,,3,0.5,7,2b09,359,True,35,spurious,-1,False
confusion_even_odd,even_odd,,3,0.5,8,74ef,fca6,True,45,wrong_pattern,0,False
confusion_even_odd,even_odd,,3,0.5,8,fecc,fca6,True,35,wrong_pattern,0,False
confusion_even_odd,even_odd,,3,0.5,5,3f5f,a75b,True,35,spurious,-1,False
confusion_even_odd,even_odd,,3,0.5,10,45e4,58a4,True,35,spurious,-1,False
confusion_even_odd,even_odd,,3,0.5,7,85c2,fca6,True,103,wrong_pattern,0,False
confusion_even_odd,even_odd,,3,0.5,13,4a38,5868,True,49,spurious,-1,False
confusion_even_odd,even_odd,,3,0.5,8,a1ca,a75b,True,69,spurious,-1,False
confusion_even_odd,even_odd,,3,0.5,11,526e,42f8,True,55,spurious,-1,False
confusion_even_odd,even_odd,,3,0.5,12,d2a8,2b4,True,113,spurious,-1,False
confusion_even_odd,even_odd,,3,0.5,7,183,395,True,49,spurious,-1,False
confusion_even_odd,even_odd,,3,0.5,10,e69c,e6fa,True,45,spurious,-1,False
confusion_even_odd,even_odd,,3,0.5,9,88aa,fca6,True,45,wrong_pattern,0,False
confusion_even_odd,even_odd,,3,0.5,10,43a3,2b4,True,35,spurious,-1,False
confusion_even_odd,even_odd,,3,0.5,8,93bf,a6b6,True,45,wrong_pattern,2,False
confusion_even_odd,even_odd,,3,0.5,8,724,2b4,True,59,spurious,-1,False
confusion_even_odd,even_odd,,3,0.5,7,1ce6,58a4,True,45,spurious,-1,False
confusion_even_odd,even_odd,,3,0.5,7,8c40,5949,True,45,spurious,-1,False
confusion_even_odd,even_odd,,3,0.5,5,fd62,fd4b,True,35,spurious,-1,False
confusion_even_odd,even_odd,,3,0.5,8,136f,359,True,45,spurious,-1,False
confusion_even_odd,even_odd,,3,0.5,10,68cc,58a4,True,83,spurious,-1,False
confusion_even_odd,even_odd,,3,0.5,10,d6b4,2b4,True,45,spurious,-1,False
confusion_even_odd,even_odd,,3,0.5,8,efcc,fca6,True,65,wrong_pattern,0,False
confusion_even_odd,even_odd,,3,0.5,9,b1f9,a75b,True,103,spurious,-1,False
confusion_even_odd,even_odd,,3,0.5,9,7008,5949,True,35,spurious,-1,False
confusion_even_odd,even_odd,,3,0.5,5,958d,395,True,79,spurious,-1,False
confusion_even_odd,even_odd,,3,0.5,7,2814,1905,True,45,spurious,-1,False
confusion_even_odd,even_odd,,3,0.5,9,ca95,58a4,True,89,spurious,-1,False
confusion_even_odd,even_odd,,3,0.5,8,ebce,fca6,True,65,wrong_pattern,0,False
confusion_even_odd,even_odd,,3,0.5,5,3522,fd4b,True,45,spurious,-1,False
confusion_even_odd,even_odd,,3,0.5,4,9901,1905,True,25,spurious,-1,False
confusion_even_odd,even_odd,,3,0.5,12,3b0,2b4,True,11,spurious,-1,False
confusion_even_odd,even_odd,,3,0.5,7,88c3,fca6,True,79,wrong_pattern,0,False
confusion_even_odd,even_odd,,3,0.5,12,51e8,4068,True,45,spurious,-1,False
confusion_even_odd,even_odd,,3,0.5,6,2b86,fca6,True,89,wrong_pattern,0,False
confusion_even_odd,even_odd,,3,0.5,9,67ab,e6fa,True,45,spurious,-1,False
confusion_even_odd,even_odd,,3,0.5,8,2024,58a4,True,35,spurious,-1,False
confusion_even_odd,even_odd,,3,0.5,11,dff8,4068,True,65,spurious,-1,False
confusion_even_odd,even_odd,,3,0.5,6,d603,a75b,True,45,spurious,-1,False
confusion_even_odd,even_odd,,3,0.5,7,1c73,1905,True,59,spurious,-1,False
confusion_even_odd,even_odd,,3,0.5,13,407c,4068,True,11,spurious,-1,False
confusion_even_odd,even_odd,,3,0.5,7,f0c,359,True,35,spurious,-1,False
confusion_even_odd,even_odd,,3,0.5,10,266a,e6fa,True,35,spurious,-1,False
confusion_even_odd,even_odd,,3,0.5,11,226a,e6fa,True,45,spurious,-1,False
confusion_even_odd,even_odd,,3,0.5,6,b889,fca6,True,83,wrong_pattern,0,False
confusion_even_odd,even_odd,,3,0.5,9,9479,359,True,59,spurious,-1,False
confusion_even_odd,even_odd,,3,0.5,5,3ca3,fca6,True,35,wrong_pattern,0,False
confusion_even_odd,even_odd,,3,0.5,13,40fe,4068,True,45,spurious,-1,False
confusion_even_odd,even_odd,,3,0.5,5,6d67,bd07,True,41,correct,3,True
confusion_even_odd,even_odd,,3,0.5,10,18bc,58a4,True,35,spurious,-1,False
confusion_even_odd,even_odd,,3,0.5,11,525e,359,True,45,spurious,-1,False
confusion_even_odd,even_odd,,3,0.5,7,b199,a75b,True,59,spurious,-1,False
confusion_even_odd,even_odd,,3,0.5,8,699e,fca6,True,69,wrong_pattern,0,False
confusion_even_odd,even_odd,,3,0.5,6,1e13,395,True,69,spurious,-1,False
confusion_even_odd,even_odd,,3,0.5,13,46f4,2b4,True,21,spurious,-1,False
confusion_even_odd,even_odd,,3,0.5,7,6cc6,fca6,True,25,wrong_pattern,0,False
confusion_even_odd,even_odd,,3,0.5,7,1dcc,58a4,True,83,spurious,-1,False
confusion_even_odd,even_odd,,3,0.5,6,3b81,1b95,True,45,wrong_pattern,1,False
confusion_even_odd,even_odd,,3,0.5,7,778d,395,True,79,spurious,-1,False
confusion_even_odd,even_odd,,3,0.5,6,5c0b,5949,True,45,spurious,-1,False
confusion_even_odd,even_odd,,3,0.5,6,8e13,a75b,True,45,spurious,-1,False
confusion_even_odd,even_odd,,3,0.5,9,5df4,58a4,True,11,spurious,-1,False
confusion_even_odd,even_odd,,3,0.5,8,b330,a677,False,1636,oscillated,-1,False
confusion_even_odd,even_odd,,3,0.5,5,8806,bd07,True,89,correct,3,True
confusion_even_odd,even_odd,,3,0.5,3,bd96,fca6,True,45,wrong_pattern,0,False
confusion_even_odd,even_odd,,3,0.5,10,8acc,58a4,True,45,spurious,-1,False
confusion_even_odd,even_odd,,3,0.5,9,6f28,5949,True,45,spurious,-1,False
confusion_even_odd,even_odd,,3,0.5,7,a93a,fd4b,True,45,spurious,-1,False
confusion_even_odd,even_odd,,3,0.5,5,bb0c,a75b,True,85,spurious,-1,False
confusion_even_odd,even_odd,,3,0.5,10,e5d8,a75b,True,93,spurious,-1,False
confusion_even_odd,even_odd,,3,0.5,5,7b17,bd07,True,69,correct,3,True
confusion_even_odd,even_odd,,3,0.5,8,dac,58a4,True,35,spurious,-1,False
confusion_even_odd,even_odd,,3,0.5,9,149a,4068,True,89,spurious,-1,False
confusion_even_odd,even_odd,,3,0.5,5,e557,a75b,True,25,spurious,-1,False
confusion_even_odd,even_odd,,3,0.5,6,2d91,1b95,True,117,wrong_pattern,1,False
confusion_even_odd,even_odd,,3,0.5,8,f1c9,a75b,True,89,spurious,-1,False
confusion_even_odd,even_odd,,3,0.5,6,b476,fc6a,True,59,spurious,-1,False
confusion_even_odd,even_odd,,3,0.5,8,5755,359,True,45,spurious,-1,False
confusion_even_odd,even_odd,,3,0.5,9,baba,a6b6,True,35,wrong_pattern,2,False
confusion_even_odd,even_odd,,3,0.5,10,c054,359,True,45,spurious,-1,False
confusion_even_odd,even_odd,,3,0.5,8,62f,359,True,45,spurious,-1,False
confusion_even_odd,even_odd,,3,0.5,5,f9d7,bd07,True,25,correct,3,True
confusion_even_odd,even_odd,,3,0.5,5,b96e,fd4b,True,35,spurious,-1,False
confusion_even_odd,even_odd,,3,0.5,10,a0a8,e6fa,True,69,spurious,-1,False
confusion_even_odd,even_odd,,3,0.5,9,4cc2,58a4,True,45,spurious,-1,False
confusion_even_odd,even_odd,,3,0.5,9,4463,5949,True,45,spurious,-1,False
confusion_even_odd,even_odd,,3,0.5,10,76f5,2b4,True,45,spurious,-1,False
confusion_even_odd,even_odd,,3,0.5,10,19c,2b4,True,83,spurious,-1,False
confusion_even_odd,even_odd,,3,0.5,6,29b7,fca6,True,69,wrong_pattern,0,False
confusion_even_odd,even_odd,,3,0.5,6,cd65,1905,True,65,spurious,-1,False
confusion_even_odd,even_odd,,3,0.5,6,8a03,a75b,True,59,spurious,-1,False
confusion_even_odd,even_odd,,3,0.5,9,cb62,fd4b,True,83,spurious,-1,False
confusion_even_odd,even_odd,,3,0.5,9,d57c,359,True,123,spurious,-1,False
confusion_even_odd,even_odd,,0,0.55,8,7bd4,58a4,True,35,spurious,-1,False
confusion_even_odd,even_odd,,0,0.55,7,5833,5964,False,1636,oscillated,-1,False
confusion_even_odd,even_odd,,0,0.55,9,a77e,a75b,True,45,spurious,-1,False
confusion_even_odd,even_odd,,0,0.55,10,2ffd,2b4,True,45,spurious,-1,False
confusion_even_odd,even_odd,,0,0.55,8,641a,a75b,True,45,spurious,-1,False
confusion_even_odd,even_odd,,0,0.55,10,1100,359,True,45,spurious,-1,False
confusion_even_odd,even_odd,,0,0.55,5,5c85,58a4,True,35,spurious,-1,False
confusion_even_odd,even_odd,,0,0.55,8,738a,e6fa,True,79,spurious,-1,False
confusion_even_odd,even_odd,,0,0.55,6,3c74,58a4,True,45,spurious,-1,False
confusion_even_odd,even_odd,,0,0.55,9,d01d,359,True,45,spurious,-1,False
confusion_even_odd,even_odd,,0,0.55,8,a06a,e46a,True,21,spurious,-1,False
confusion_even_odd,even_odd,,0,0.55,6,e52a,fd4b,True,35,spurious,-1,False
confusion_even_odd,even_odd,,0,0.55,10,a05f,a75b,True,25,spurious,-1,False
confusion_even_odd,even_odd,,0,0.55,7,99ad,58a4,True,45,spurious,-1,False
confusion_even_odd,even_odd,,0,0.55,11,d309,359,True,45,spurious,-1,False
confusion_even_odd,even_odd,,0,0.55,6,f0b8,fca6,True,59,correct,0,True
confusion_even_odd,even_odd,,0,0.55,12,6959,5949,True,45,spurious,-1,False
confusion_even_odd,even_odd,,0,0.55,9,858b,a75b,True,59,spurious,-1,False
confusion_even_odd,even_odd,,0,0.55,8,2fe0,58a4,True,45,spurious,-1,False
confusion_even_odd,even_odd,,0,0.55,10,291a,fd4b,True,45,spurious,-1,False
confusion_even_odd,even_odd,,0,0.55,11,1261,359,True,49,spurious,-1,False
confusion_even_odd,even_odd,,0,0.55,9,d041,5949,True,35,spurious,-1,False
confusion_even_odd,even_odd,,0,0.55,9,6ef9,42f8,True,45,spurious,-1,False
confusion_even_odd,even_odd,,0,0.55,8,523e,42f8,True,55,spurious,-1,False
confusion_even_odd,even_odd,,0,0.55,9,c84b,fd4b,True,45,spurious,-1,False
confusion_even_odd,even_odd,,0,0.55,9,85d2,a6b6,True,45,wrong_pattern,2,False
confusion_even_odd,even_odd,,0,0.55,8,5b85,1b95,True,21,wrong_pattern,1,False
confusion_even_odd,even_odd,,0,0.55,11,1bfb,2b4,True,69,spurious,-1,False
confusion_even_odd,even_odd,,0,0.55,10,a3c5,a797,True,45,spurious,-1,False
confusion_even_odd,even_odd,,0,0.55,8,6617,a75b,True,35,spurious,-1,False
confusion_even_odd,even_odd,,0,0.55,7,5386,2b4,True,55,spurious,-1,False
confusion_even_odd,even_odd,,0,0.55,9,e10d,fd4b,True,69,spurious,-1,False
confusion_even_odd,even_odd,,0,0.55,9,e449,a75b,True,45,spurious,-1,False
confusion_even_odd,even_odd,,0,0.55,10,2744,359,True,45,spurious,-1,False
confusion_even_odd,even_odd,,0,0.55,12,33d8,359,True,59,spurious,-1,False
confusion_even_odd,even_odd,,0,0.55,12,377,359,True,83,spurious,-1,False
confusion_even_odd,even_odd,,0,0.55,7,9e60,58a4,True,45,spurious,-1,False
confusion_even_odd,even_odd,,0,0.55,10,d3d5,395,True,45,spurious,-1,False
confusion_even_odd,even_odd,,0,0.55,12,111b,359,True,35,spurious,-1,False
confusion_even_odd,even_odd,,0,0.55,7,a662,e6fa,True,35,spurious,-1,False
confusion_even_odd,even_odd,,0,0.55,7,c8fa,fc6a,True,45,spurious,-1,False
confusion_even_odd,even_odd,,0,0.55,12,33f9,42f8,True,55,spurious,-1,False
confusion_even_odd,even_odd,,0,0.55,8,b508,a75b,True,55,spurious,-1,False
confusion_even_odd,even_odd,,0,0.55,4,6cb4,58a4,True,45,spurious,-1,False
confusion_even_odd,even_odd,,0,0.55,12,ac9,359,True,59,spurious,-1,False
confusion_even_odd,even_odd,,0,0.55,9,de19,359,True,45,spurious,-1,False
confusion_even_odd,even_odd,,0,0.55,7,9585,1b95,True,69,wrong_pattern,1,False
confusion_even_odd,even_odd,,0,0.55,7,f717,a797,True,45,spurious,-1,False
confusion_even_odd,even_odd,,0,0.55,8,2c1f,fd4b,True,45,spurious,-1,False
confusion_even_odd,even_odd,,0,0.55,7,e6c0,e6fa,True,35,spurious,-1,False
confusion_even_odd,even_odd,,0,0.55,9,ec3,58a4,True,79,spurious,-1,False
confusion_even_odd,even_odd,,0,0.55,7,3c45,1905,True,45,spurious,-1,False
confusion_even_odd,even_odd,,0,0.55,9,166,359,True,45,spurious,-1,False
confusion_even_odd,even_odd,,0,0.55,11,2458,359,True,45,spurious,-1,False
confusion_even_odd,even_odd,,0,0.55,11,2af9,42f8,True,35,spurious,-1,False
confusion_even_odd,even_odd,,0,0.55,10,496d,5949,True,25,spurious,-1,False
confusion_even_odd,even_odd,,0,0.55,9,965e,a75b,True,45,spurious,-1,False
confusion_even_odd,even_odd,,0,0.55,9,27f7,a6b6,True,35,wrong_pattern,2,False
confusion_even_odd,even_odd,,0,0.55,11,3b,359,True,35,spurious,-1,False
confusion_even_odd,even_odd,,0,0.55,12,830b,a75b,True,45,spurious,-1,False
confusion_even_odd,even_odd,,0,0.55,8,c53f,a75b,True,35,spurious,-1,False
confusion_even_odd,even_odd,,0,0.55,11,4321,359,True,35,spurious,-1,False
confusion_even_odd,even_odd,,0,0.55,11,2fc9,359,True,45,spurious,-1,False
confusion_even_odd,even_odd,,0,0.55,7,c092,e6fa,True,93,spurious,-1,False
confusion_even_odd,even_odd,,0,0.55,7,5c1f,5949,True,69,spurious,-1,False
confusion_even_odd,even_odd,,0,0.55,10,2b6c,359,True,83,spurious,-1,False
confusion_even_odd,even_odd,,0,0.55,12,2f5d,359,True,45,spurious,-1,False
confusion_even_odd,even_odd,,0,0.55,9,81bc,2b4,True,35,spurious,-1,False
confusion_even_odd,even_odd,,0,0.55,9,8e6b,a75b,True,83,spurious,-1,False
confusion_even_odd,even_odd,,0,0.55,7,b19e,a6b6,True,83,wrong_pattern,2,False
confusion_even_odd,even_odd,,0,0.55,8,b1ed,e46a,True,89,spurious,-1,False
confusion_even_odd,even_odd,,0,0.55,9,6ac8,4068,True,25,spurious,-1,False
confusion_even_odd,even_odd,,0,0.55,8,eb65,bf97,True,89,spurious,-1,False
confusion_even_odd,even_odd,,0,0.55,11,134e,359,True,45,spurious,-1,False
confusion_even_odd,even_odd,,0,0.55,12,1153,359,True,35,spurious,-1,False
confusion_even_odd,even_odd,,0,0.55,9,8a74,42f8,True,45,spurious,-1,False
confusion_even_odd,even_odd,,0,0.55,10,7951,1905,True,51,spurious,-1,False
confusion_even_odd,even_odd,,0,0.55,10,621c,359,True,45,spurious,-1,False
confusion_even_odd,even_odd,,0,0.55,7,6d81,1905,True,45,spurious,-1,False
confusion_even_odd,even_odd,,0,0.55,12,8b5f,a75b,True,45,spurious,-1,False
confusion_even_odd,even_odd,,0,0.55,10,2638,42f8,True,45,spurious,-1,False
confusion_even_odd,even_odd,,0,0.55,12,8139,359,True,25,spurious,-1,False
confusion_even_odd,even_odd,,0,0.55,11,e7d,359,True,59,spurious,-1,False
confusion_even_odd,even_odd,,0,0.55,10,27e8,42f8,True,45,spurious,-1,False
confusion_even_odd,even_odd,,0,0.55,6,7592,fca6,True,83,correct,0,True
confusion_even_odd,even_odd,,0,0.55,10,d1dd,359,True,59,spurious,-1,False
confusion_even_odd,even_odd,,0,0.55,13,4179,359,True,35,spurious,-1,False
confusion_even_odd,even_odd,,0,0.55,8,ef43,fd4b,True,83,spurious,-1,False
confusion_even_odd,even_odd,,0,0.55,10,7919,5949,True,25,spurious,-1,False
confusion_even_odd,even_odd,,0,0.55,8,2f80,58a4,True,123,spurious,-1,False
confusion_even_odd,even_odd,,0,0.55,11,84b,5949,True,45,spurious,-1,False
confusion_even_odd,even_odd,,0,0.55,8,7945,1905,True,35,spurious,-1,False
confusion_even_odd,even_odd,,0,0.55,10,63a9,42f8,True,45,spurious,-1,False
confusion_even_odd,even_odd,,0,0.55,9,11fe,4068,True,89,spurious,-1,False
confusion_even_odd,even_odd,,0,0.55,8,3f8d,395,True,79,spurious,-1,False
confusion_even_odd,even_odd,,0,0.55,13,1369,359,True,35,spurious,-1,False
confusion_even_odd,even_odd,,0,0.55,10,cad8,42f8,True,25,spurious,-1,False
confusion_even_odd,even_odd,,0,0.55,9,93c7,a797,True,45,spurious,-1,False
confusion_even_odd,even_odd,,0,0.55,9,633e,a75b,True,45,spurious,-1,False
confusion_even_odd,even_odd,,0,0.55,9,16bd,2b4,True,25,spurious,-1,False
confusion_even_odd,even_odd,,0,0.55,9,a501,a75b,True,35,spurious,-1,False
confusion_even_odd,even_odd,,0,0.55,11,8710,359,True,45,spurious,-1,False
confusion_even_odd,even_odd,,0,0.55,12,3bd,2b4,True,35,spurious,-1,False
confusion_even_odd,even_odd,,0,0.55,11,ab7d,a75b,True,45,spurious,-1,False
confusion_even_odd,even_odd,,0,0.55,9,9f4,58a4,True,21,spurious,-1,False
confusion_even_odd,even_odd,,0,0.55,12,1b18,359,True,35,spurious,-1,False
confusion_even_odd,even_odd,,0,0.55,9,7f39,359,True,79,spurious,-1,False
confusion_even_odd,even_odd,,0,0.55,9,500b,5949,True,35,spurious,-1,False
confusion_even_odd,even_odd,,0,0.55,7,aa4,58a4,True,45,spurious,-1,False
confusion_even_odd,even_odd,,0,0.55,8,9a05,1b95,True,45,wrong_pattern,1,False
confusion_even_odd,even_odd,,0,0.55,9,ab12,a75b,True,45,spurious,-1,False
confusion_even_odd,even_odd,,0,0.55,11,795,395,True,11,spurious,-1,False
confusion_even_odd,even_odd,,0,0.55,8,fb13,bd07,True,35,wrong_pattern,3,False
confusion_even_odd,even_odd,,0,0.55,9,e17,1b95,True,45,wrong_pattern,1,False
confusion_even_odd,even_odd,,0,0.55,7,7475,359,True,75,spurious,-1,False
confusion_even_odd,even_odd,,0,0.55,8,a5d2,a6b6,True,45,wrong_pattern,2,False
confusion_even_odd,even_odd,,0,0.55,8,9a1e,a75b,True,89,spurious,-1,False
confusion_even_odd,even_odd,,0,0.55,8,32b3,a6b6,True,45,wrong_pattern,2,False
confusion_even_odd,even_odd,,0,0.55,8,ee1b,a75b,True,45,spurious,-1,False
confusion_even_odd,even_odd,,0,0.55,11,1f5a,359,True,45,spurious,-1,False
confusion_even_odd,even_odd,,1,0.55,6,81d7,a797,True,59,spurious,-1,False
confusion_even_odd,even_odd,,1,0.55,8,6dc1,1905,True,45,spurious,-1,False
confusion_even_odd,even_odd,,1,0.55,12,f42c,fc2e,False,1636,oscillated,-1,False
confusion_even_odd,even_odd,,1,0.55,9,bdba,fca6,True,35,wrong_pattern,0,False
confusion_even_odd,even_odd,,1,0.55,10,e6a7,a6b6,True,21,wrong_pattern,2,False
confusion_even_odd,even_odd,,1,0.55,9,fec6,fca6,True,25,wrong_pattern,0,False
confusion_even_odd,even_odd,,1,0.55,11,476b,359,True,45,spurious,-1,False
confusion_even_odd,even_odd,,1,0.55,9,b12f,a75b,True,45,spurious,-1,False
confusion_even_odd,even_odd,,1,0.55,9,d23e,fca6,True,103,wrong_pattern,0,False
confusion_even_odd,even_odd,,1,0.55,10,61cb,a75b,True,59,spurious,-1,False
confusion_even_odd,even_odd,,1,0.55,10,782e,fc6a,True,45,spurious,-1,False
confusion_even_odd,even_odd,,1,0.55,13,ed4a,fd4b,True,11,spurious,-1,False
confusion_even_odd,even_odd,,1,0.55,8,90c6,fca6,True,59,wrong_pattern,0,False
confusion_even_odd,even_odd,,1,0.55,9,eed6,fca6,True,89,wrong_pattern,0,False
confusion_even_odd,even_odd,,1,0.55,10,e174,a75b,True,59,spurious,-1,False
confusion_even_odd,even_odd,,1,0.55,9,a6d9,a75b,True,59,spurious,-1,False
confusion_even_odd,even_odd,,1,0.55,6,471d,359,True,11,spurious,-1,False
confusion_even_odd,even_odd,,1,0.55,12,f06f,fd4b,True,35,spurious,-1,False
confusion_even_odd,even_odd,,1,0.55,9,d258,359,True,55,spurious,-1,False
confusion_even_odd,even_odd,,1,0.55,7,94bd,2b4,True,83,spurious,-1,False
confusion_even_odd,even_odd,,1,0.55,7,2a5c,359,True,45,spurious,-1,False
confusion_even_odd,even_odd,,1,0.55,9,ecf5,fca6,True,45,wrong_pattern,0,False
confusion_even_odd,even_odd,,1,0.55,7,95f1,58a4,True,45,spurious,-1,False
confusion_even_odd,even_odd,,1,0.55,9,803f,a75b,True,45,spurious,-1,False
confusion_even_odd,even_odd,,1,0.55,8,cc11,1905,True,45,spurious,-1,False
confusion_even_odd,even_odd,,1,0.55,4,bb35,bf97,True,45,spurious,-1,False
confusion_even_odd,even_odd,,1,0.55,9,fe56,fca6,True,103,wrong_pattern,0,False
confusion_even_odd,even_odd,,1,0.55,10,f852,fd4b,True,45,spurious,-1,False
confusion_even_odd,even_odd,,1,0.55,10,584a,5949,True,35,spurious,-1,False
confusion_even_odd,even_odd,,1,0.55,7,fa0d,a75b,True,69,spurious,-1,False
confusion_even_odd,even_odd,,1,0.55,11,ca4a,a75b,True,65,spurious,-1,False
confusion_even_odd,even_odd,,1,0.55,8,7ea0,58a4,True,45,spurious,-1,False
confusion_even_odd,even_odd,,1,0.55,8,7d59,5949,True,45,spurious,-1,False
confusion_even_odd,even_odd,,1,0.55,7,691f,fd4b,True,45,spurious,-1,False
confusion_even_odd,even_odd,,1,0.55,8,8edb,a75b,True,59,spurious,-1,False
confusion_even_odd,even_odd,,1,0.55,7,758d,1b85,False,1636,oscillated,-1,False
confusion_even_odd,even_odd,,1,0.55,6,5fc6,58a4,True,45,spurious,-1,False
confusion_even_odd,even_odd,,1,0.55,8,1a8,42f8,True,35,spurious,-1,False
confusion_even_odd,even_odd,,1,0.55,10,c556,a75b,True,35,spurious,-1,False
confusion_even_odd,even_odd,,1,0.55,11,c5c8,359,True,93,spurious,-1,False
confusion_even_odd,even_odd,,1,0.55,7,103c,4068,True,11,spurious,-1,False
confusion_even_odd,even_odd,,1,0.55,11,6079,359,True,59,spurious,-1,False
confusion_even_odd,even_odd,,1,0.55,12,e6ae,e6fa,True,11,spurious,-1,False
confusion_even_odd,even_odd,,1,0.55,9,7238,42f8,True,55,spurious,-1,False
confusion_even_odd,even_odd,,1,0.55,7,10d8,42f8,True,69,spurious,-1,False
confusion_even_odd,even_odd,,1,0.55,12,84eb,e6fa,True,35,spurious,-1,False
confusion_even_odd,even_odd,,1,0.55,11,66f2,e6fa,True,25,spurious,-1,False
confusion_even_odd,even_odd,,1,0.55,10,c1e0,58a4,True,55,spurious,-1,False
confusion_even_odd,even_odd,,1,0.55,6,12ed,42f8,True,21,spurious,-1,False
confusion_even_odd,even_odd,,1,0.55,10,2cc2,fca6,True,45,wrong_pattern,0,False
confusion_even_odd,even_odd,,1,0.55,11,ee5b,a75b,True,45,spurious,-1,False
confusion_even_odd,even_odd,,1,0.55,4,9f93,a797,True,35,spurious,-1,False
confusion_even_odd,even_odd,,1,0.55,4,1e11,395,True,35,spurious,-1,False
confusion_even_odd,even_odd,,1,0.55,6,8d3,58a4,True,79,spurious,-1,False
confusion_even_odd,even_odd,,1,0.55,7,2eb9,2b4,True,69,spurious,-1,False
confusion_even_odd,even_odd,,1,0.55,9,6fef,fca6,True,45,wrong_pattern,0,False
confusion_even_odd,even_odd,,1,0.55,9,b536,fca6,True,93,wrong_pattern,0,False
confusion_even_odd,even_odd,,1,0.55,7,7de,299,False,1636,oscillated,-1,False
confusion_even_odd,even_odd,,1,0.55,9,7ae2,fca6,True,45,wrong_pattern,0,False
confusion_even_odd,even_odd,,1,0.55,12,f16e,fd4b,True,35,spurious,-1,False
confusion_even_odd,even_odd,,1,0.55,7,8ea7,fca6,True,55,wrong_pattern,0,False
confusion_even_odd,even_odd,,1,0.55,6,dd87,bd07,True,25,wrong_pattern,3,False
confusion_even_odd,even_odd,,1,0.55,8,aa24,fca6,True,45,wrong_pattern,0,False
confusion_even_odd,even_odd,,1,0.55,12,ec70,fc6a,True,49,spurious,-1,False
confusion_even_odd,even_odd,,1,0.55,8,74c,359,True,11,spurious,-1,False
confusion_even_odd,even_odd,,1,0.55,9,3e7b,a75b,True,59,spurious,-1,False
confusion_even_odd,even_odd,,1,0.55,9,bce7,fca6,True,11,wrong_pattern,0,False
confusion_even_odd,even_odd,,1,0.55,8,3e2,2b4,True,55,spurious,-1,False
confusion_even_odd,even_odd,,1,0.55,6,79f7,fca6,True,45,wrong_pattern,0,False
confusion_even_odd,even_odd,,1,0.55,10,cf60,5949,True,83,spurious,-1,False
confusion_even_odd,even_odd,,1,0.55,6,fd94,fca6,True,45,wrong_pattern,0,False
confusion_even_odd,even_odd,,1,0.55,11,9c6b,fd4b,True,35,spurious,-1,False
confusion_even_odd,even_odd,,1,0.55,11,ca6e,fc6a,True,79,spurious,-1,False
confusion_even_odd,even_odd,,1,0.55,9,47e6,2b4,True,45,spurious,-1,False
confusion_even_odd,even_odd,,1,0.55,4,fb91,bd07,True,69,wrong_pattern,3,False
confusion_even_odd,even_odd,,1,0.55,6,ff93,bf97,True,21,spurious,-1,False
confusion_even_odd,even_odd,,1,0.55,9,167e,42f8,True,45,spurious,-1,False
confusion_even_odd,even_odd,,1,0.55,7,3250,359,True,45,spurious,-1,False
confusion_even_odd,even_odd,,1,0.55,6,5505,1905,True,25,spurious,-1,False
confusion_even_odd,even_odd,,1,0.55,10,e376,a75b,True,83,spurious,-1,False
confusion_even_odd,even_odd,,1,0.55,9,ea00,bf97,True,89,spurious,-1,False
confusion_even_odd,even_odd,,1,0.55,7,de89,59cc,False,1636,oscillated,-1,False
confusion_even_odd,even_odd,,1,0.55,9,7767,a75b,True,59,spurious,-1,False
confusion_even_odd,even_odd,,1,0.55,6,7ab9,58a4,True,35,spurious,-1,False
confusion_even_odd,even_odd,,1,0.55,11,e960,fd4b,True,45,spurious,-1,False
confusion_even_odd,even_odd,,1,0.55,8,dfcb,fd4b,True,25,spurious,-1,False
confusion_even_odd,even_odd,,1,0.55,10,a802,fd4b,True,49,spurious,-1,False
confusion_even_odd,even_odd,,1,0.55,12,6c78,5868,True,45,spurious,-1,False
confusion_even_odd,even_odd,,1,0.55,11,eb6b,fd4b,True,45,spurious,-1,False
confusion_even_odd,even_odd,,1,0.55,11,a42d,a75b,True,35,spurious,-1,False
confusion_even_odd,even_odd,,1,0.55,10,c770,359,True,83,spurious,-1,False
confusion_even_odd,even_odd,,1,0.55,9,f1b8,fca6,True,59,wrong_pattern,0,False
confusion_even_odd,even_odd,,1,0.55,7,175e,359,True,45,spurious,-1,False
confusion_even_odd,even_odd,,1,0.55,11,440b,5949,True,69,spurious,-1,False
confusion_even_odd,even_odd,,1,0.55,7,30d6,fca6,True,59,wrong_pattern,0,False
confusion_even_odd,even_odd,,1,0.55,9,542d,5949,True,69,spurious,-1,False
confusion_even_odd,even_odd,,1,0.55,6,2b88,58a4,True,75,spurious,-1,False
confusion_even_odd,even_odd,,1,0.55,10,76a8,2b4,True,113,spurious,-1,False
confusion_even_odd,even_odd,,1,0.55,7,a337,a797,True,25,spurious,-1,False
confusion_even_odd,even_odd,,1,0.55,9,fcf7,fca6,True,11,wrong_pattern,0,False
confusion_even_odd,even_odd,,1,0.55,9,e947,bd07,True,21,wrong_pattern,3,False
confusion_even_odd,even_odd,,1,0.55,7,b713,a75b,True,35,spurious,-1,False
confusion_even_odd,even_odd,,1,0.55,10,d6ba,a6b6,True,93,wrong_pattern,2,False
confusion_even_odd,even_odd,,1,0.55,13,f02a,e46a,True,21,spurious,-1,False
confusion_even_odd,even_odd,,1,0.55,8,2c8,42f8,True,35,spurious,-1,False
confusion_even_odd,even_odd,,1,0.55,8,c4d,5949,True,11,spurious,-1,False
confusion_even_odd,even_odd,,1,0.55,8,6b08,359,True,45,spurious,-1,False
confusion_even_odd,even_odd,,1,0.55,12,c5e2,fca6,True,55,wrong_pattern,0,False
confusion_even_odd,even_odd,,1,0.55,11,cca8,58a4,True,45,spurious,-1,False
confusion_even_odd,even_odd,,1,0.55,6,bb12,a797,True,35,spurious,-1,False
confusion_even_odd,even_odd,,1,0.55,11,404e,5949,True,35,spurious,-1,False
confusion_even_odd,even_odd,,1,0.55,10,715a,a75b,True,65,spurious,-1,False
confusion_even_odd,even_odd,,1,0.55,12,6467,fd4b,True,45,spurious,-1,False
confusion_even_odd,even_odd,,1,0.55,9,36c2,a6b6,True,55,wrong_pattern,2,False
confusion_even_odd,even_odd,,1,0.55,9,6df3,fca6,True,55,wrong_pattern,0,False
confusion_even_odd,even_odd,,1,0.55,10,a8c8,fc6a,True,45,spurious,-1,False
confusion_even_odd,even_odd,,1,0.55,4,1a92,2b4,True,35,spurious,-1,False
confusion_even_odd,even_odd,,1,0.55,11,366b,a75b,True,45,spurious,-1,False
confusion_even_odd,even_odd,,1,0.55,7,49e7,58a4,True,45,spurious,-1,False
confusion_even_odd,even_odd,,1,0.55,8,5a6,58a4,True,45,spurious,-1,False
confusion_even_odd,even_odd,,2,0.55,7,c404,5949,True,69,spurious,-1,False
confusion_even_odd,even_odd,,2,0.55,4,a61f,a75b,True,11,spurious,-1,False
confusion_even_odd,even_odd,,2,0.55,9,2019,359,True,25,spurious,-1,False
confusion_even_odd,even_odd,,2,0.55,5,b214,a6b6,True,79,correct,2,True
confusion_even_odd,even_odd,,2,0.55,8,c02c,5868,True,35,spurious,-1,False
confusion_even_odd,even_odd,,2,0.55,9,17d8,359,True,59,spurious,-1,False
confusion_even_odd,even_odd,,2,0.55,7,a82,58a4,True,45,spurious,-1,False
confusion_even_odd,even_odd,,2,0.55,8,3b17,bf97,True,45,spurious,-1,False
confusion_even_odd,even_odd,,2,0.55,9,4352,359,True,35,spurious,-1,False
confusion_even_odd,even_odd,,2,0.55,8,280e,fd4b,True,45,spurious,-1,False
confusion_even_odd,even_odd,,2,0.55,11,18cf,58a4,True,83,spurious,-1,False
confusion_even_odd,even_odd,,2,0.55,8,ca5e,a75b,True,79,spurious,-1,False
confusion_even_odd,even_odd,,2,0.55,3,8ea6,fca6,True,45,wrong_pattern,0,False
confusion_even_odd,even_odd,,2,0.55,11,d6d,5949,True,45,spurious,-1,False
confusion_even_odd,even_odd,,2,0.55,10,5d1e,5949,True,69,spurious,-1,False
confusion_even_odd,even_odd,,2,0.55,5,e92,2b4,True,69,spurious,-1,False
confusion_even_odd,even_odd,,2,0.55,5,26a8,42f8,True,45,spurious,-1,False
confusion_even_odd,even_odd,,2,0.55,8,fa6e,fc6a,True,49,spurious,-1,False
confusion_even_odd,even_odd,,2,0.55,8,e063,fd4b,True,35,spurious,-1,False
confusion_even_odd,even_odd,,2,0.55,9,8b8b,a797,True,59,spurious,-1,False
confusion_even_odd,even_odd,,2,0.55,9,3c99,58a4,True,83,spurious,-1,False
confusion_even_odd,even_odd,,2,0.55,8,cb1e,a75b,True,45,spurious,-1,False
confusion_even_odd,even_odd,,2,0.55,10,98e1,58a4,True,35,spurious,-1,False
confusion_even_odd,even_odd,,2,0.55,8,f02c,fc2e,False,1636,oscillated,-1,False
confusion_even_odd,even_odd,,2,0.55,10,475d,359,True,11,spurious,-1,False
confusion_even_odd,even_odd,,2,0.55,7,4cf4,58a4,True,11,spurious,-1,False
confusion_even_odd,even_odd,,2,0.55,9,870,5868,True,79,spurious,-1,False
confusion_even_odd,even_odd,,2,0.55,11,cf48,359,True,65,spurious,-1,False
confusion_even_odd,even_odd,,2,0.55,5,3612,a75b,True,45,spurious,-1,False
confusion_even_odd,even_odd,,2,0.55,5,34f4,58a4,True,45,spurious,-1,False
confusion_even_odd,even_odd,,2,0.55,9,2561,359,True,45,spurious,-1,False
confusion_even_odd,even_odd,,2,0.55,10,5c6e,5868,True,45,spurious,-1,False
confusion_even_odd,even_odd,,2,0.55,11,513b,359,True,45,spurious,-1,False
confusion_even_odd,even_odd,,2,0.55,11,d0cd,5988,False,1636,oscillated,-1,False
confusion_even_odd,even_odd,,2,0.55,8,234e,a75b,True,45,spurious,-1,False
confusion_even_odd,even_odd,,2,0.55,9,91d3,a75b,True,59,spurious,-1,False
confusion_even_odd,even_odd,,2,0.55,4,36ba,e6fa,True,35,spurious,-1,False
confusion_even_odd,even_odd,,2,0.55,11,4946,1905,True,35,spurious,-1,False
confusion_even_odd,even_odd,,2,0.55,9,85d9,359,True,45,spurious,-1,False
confusion_even_odd,even_odd,,2,0.55,10,430f,359,True,35,spurious,-1,False
confusion_even_odd,even_odd,,2,0.55,7,f273,a75b,True,59,spurious,-1,False
confusion_even_odd,even_odd,,2,0.55,8,645c,359,True,45,spurious,-1,False
confusion_even_odd,even_odd,,2,0.55,12,5847,1905,True,51,spurious,-1,False
confusion_even_odd,even_odd,,2,0.55,8,7f66,fc23,False,1636,oscillated,-1,False
confusion_even_odd,even_odd,,2,0.55,7,b5a1,fca6,True,55,wrong_pattern,0,False
confusion_even_odd,even_odd,,2,0.55,9,8551,359,True,45,spurious,-1,False
confusion_even_odd,even_odd,,2,0.55,11,c8cd,5988,False,1636,oscillated,-1,False
confusion_even_odd,even_odd,,2,0.55,12,58c3,58a4,True,45,spurious,-1,False
confusion_even_odd,even_odd,,2,0.55,10,8889,5949,True,83,spurious,-1,False
confusion_even_odd,even_odd,,2,0.55,8,6575,359,True,45,spurious,-1,False
confusion_even_odd,even_odd,,2,0.55,11,1c1,359,True,59,spurious,-1,False
confusion_even_odd,even_odd,,2,0.55,11,b159,a75b,True,45,spurious,-1,False
confusion_even_odd,even_odd,,2,0.55,7,e385,bf97,True,69,spurious,-1,False
confusion_even_odd,even_odd,,2,0.55,6,8225,2b4,True,59,spurious,-1,False
confusion_even_odd,even_odd,,2,0.55,7,e4ed,fc6a,True,35,spurious,-1,False
confusion_even_odd,even_odd,,2,0.55,7,b0ea,e46a,True,89,spurious,-1,False
confusion_even_odd,even_odd,,2,0.55,8,ace,58a4,True,45,spurious,-1,False
confusion_even_odd,even_odd,,2,0.55,8,7715,395,True,45,spurious,-1,False
confusion_even_odd,even_odd,,2,0.55,8,ec03,bd07,True,21,wrong_pattern,3,False
confusion_even_odd,even_odd,,2,0.55,11,1878,5868,True,21,spurious,-1,False
confusion_even_odd,even_odd,,2,0.55,11,5565,5949,True,69,spurious,-1,False
confusion_even_odd,even_odd,,2,0.55,11,7973,fd4b,True,45,spurious,-1,False
confusion_even_odd,even_odd,,2,0.55,7,b42b,a75b,True,89,spurious,-1,False
confusion_even_odd,even_odd,,2,0.55,9,7288,42f8,True,89,spurious,-1,False
confusion_even_odd,even_odd,,2,0.55,13,49e9,5949,True,79,spurious,-1,False
confusion_even_odd,even_odd,,2,0.55,11,d98a,fccf,False,1636,oscillated,-1,False
confusion_even_odd,even_odd,,2,0.55,6,9a32,fca6,True,45,wrong_pattern,0,False
confusion_even_odd,even_odd,,2,0.55,5,c687,a6b6,True,55,correct,2,True
confusion_even_odd,even_odd,,2,0.55,10,5db8,58a4,True,35,spurious,-1,False
confusion_even_odd,even_odd,,2,0.55,11,984f,fd4b,True,45,spurious,-1,False
confusion_even_odd,even_odd,,2,0.55,6,7096,fca6,True,59,wrong_pattern,0,False
confusion_even_odd,even_odd,,2,0.55,10,e129,fd4b,True,69,spurious,-1,False
confusion_even_odd,even_odd,,2,0.55,12,4348,359,True,11,spurious,-1,False
confusion_even_odd,even_odd,,2,0.55,7,ff33,bd07,True,35,wrong_pattern,3,False
confusion_even_odd,even_odd,,2,0.55,8,95c4,58a4,True,83,spurious,-1,False
confusion_even_odd,even_odd,,2,0.55,12,d858,5949,True,35,spurious,-1,False
confusion_even_odd,even_odd,,2,0.55,10,7c03,bd07,True,51,wrong_pattern,3,False
confusion_even_odd,even_odd,,2,0.55,5,87d4,2b4,True,45,spurious,-1,False
confusion_even_odd,even_odd,,2,0.55,9,cb9d,395,True,25,spurious,-1,False
confusion_even_odd,even_odd,,2,0.55,6,e5c6,fca6,True,79,wrong_pattern,0,False
confusion_even_odd,even_odd,,2,0.55,9,7ae3,fca6,True,45,wrong_pattern,0,False
confusion_even_odd,even_odd,,2,0.55,8,be58,a75b,True,49,spurious,-1,False
confusion_even_odd,even_odd,,2,0.55,13,c94d,5949,True,25,spurious,-1,False
confusion_even_odd,even_odd,,2,0.55,9,f1dc,fd4b,True,69,spurious,-1,False
confusion_even_odd,even_odd,,2,0.55,9,139d,395,True,49,spurious,-1,False
confusion_even_odd,even_odd,,2,0.55,11,15e9,4068,True,55,spurious,-1,False
confusion_even_odd,even_odd,,2,0.55,9,6ccf,fd8a,False,1636,oscillated,-1,False
confusion_even_odd,even_odd,,2,0.55,5,bea5,fca6,True,25,wrong_pattern,0,False
confusion_even_odd,even_odd,,2,0.55,7,eb72,bd07,True,69,wrong_pattern,3,False
confusion_even_odd,even_odd,,2,0.55,10,7c55,1905,True,45,spurious,-1,False
confusion_even_odd,even_odd,,2,0.55,11,b989,bd07,True,45,wrong_pattern,3,False
confusion_even_odd,even_odd,,2,0.55,11,3c41,1905,True,45,spurious,-1,False
confusion_even_odd,even_odd,,2,0.55,8,c2c5,2b4,True,35,spurious,-1,False
confusion_even_odd,even_odd,,2,0.55,11,99dd,1905,True,35,spurious,-1,False
confusion_even_odd,even_odd,,2,0.55,7,c377,a75b,True,45,spurious,-1,False
confusion_even_odd,even_odd,,2,0.55,7,4bb2,58a4,True,55,spurious,-1,False
confusion_even_odd,even_odd,,2,0.55,9,6318,359,True,35,spurious,-1,False
confusion_even_odd,even_odd,,2,0.55,11,710a,fd4b,True,69,spurious,-1,False
confusion_even_odd,even_odd,,2,0.55,9,3a5c,359,True,55,spurious,-1,False
confusion_even_odd,even_odd,,2,0.55,6,e3ff,e6fa,True,21,spurious,-1,False
confusion_even_odd,even_odd,,2,0.55,6,77b0,2b4,True,45,spurious,-1,False
confusion_even_odd,even_odd,,2,0.55,7,ade0,fca6,True,45,wrong_pattern,0,False
confusion_even_odd,even_odd,,2,0.55,11,570b,359,True,45,spurious,-1,False
confusion_even_odd,even_odd,,2,0.55,10,b96c,fd4b,True,45,spurious,-1,False
confusion_even_odd,even_odd,,2,0.55,8,8be5,58a4,True,55,spurious,-1,False
confusion_even_odd,even_odd,,2,0.55,8,1aac,58a4,True,25,spurious,-1,False
confusion_even_odd,even_odd,,2,0.55,8,6130,359,True,59,spurious,-1,False
confusion_even_odd,even_odd,,2,0.55,6,852e,a75b,True,35,spurious,-1,False
confusion_even_odd,even_odd,,2,0.55,11,7043,fd4b,True,45,spurious,-1,False
confusion_even_odd,even_odd,,2,0.55,9,ea19,a75b,True,45,spurious,-1,False
confusion_even_odd,even_odd,,2,0.55,12,7b58,359,True,45,spurious,-1,False
confusion_even_odd,even_odd,,2,0.55,7,d2,58a4,True,55,spurious,-1,False
confusion_even_odd,even_odd,,2,0.55,7,bbaa,fca6,True,35,wrong_pattern,0,False
confusion_even_odd,even_odd,,2,0.55,7,5486,58a4,True,45,spurious,-1,False
confusion_even_odd,even_odd,,2,0.55,6,bec7,fca6,True,45,wrong_pattern,0,False
confusion_even_odd,even_odd,,2,0.55,9,4315,359,True,35,spurious,-1,False
confusion_even_odd,even_odd,,2,0.55,4,32b4,2b4,True,45,spurious,-1,False
confusion_even_odd,even_odd,,2,0.55,9,7380,2b4,True,45,spurious,-1,False
confusion_even_odd,even_odd,,2,0.55,10,78c7,fca6,True,45,wrong_pattern,0,False
confusion_even_odd,even_odd,,2,0.55,7,edfc,fca6,True,45,wrong_pattern,0,False
confusion_even_odd,even_odd,,3,0.55,12,52be,2b4,True,59,spurious,-1,False
confusion_even_odd,even_odd,,3,0.55,9,2a8c,58a4,True,45,spurious,-1,False
confusion_even_odd,even_odd,,3,0.55,7,31f7,a6b6,True,83,wrong_pattern,2,False
confusion_even_odd,even_odd,,3,0.55,9,2ef3,a6b6,True,49,wrong_pattern,2,False
confusion_even_odd,even_odd,,3,0.55,7,bfbc,a6b6,True,35,wrong_pattern,2,False
confusion_even_odd,even_odd,,3,0.55,9,f374,a6b6,True,83,wrong_pattern,2,False
confusion_even_odd,even_odd,,3,0.55,9,f3de,a6b6,True,49,wrong_pattern,2,False
confusion_even_odd,even_odd,,3,0.55,11,f0fc,fca6,True,59,wrong_pattern,0,False
confusion_even_odd,even_odd,,3,0.55,12,1268,42f8,True,45,spurious,-1,False
confusion_even_odd,even_odd,,3,0.55,8,ede9,fd4b,True,79,spurious,-1,False
confusion_even_odd,even_odd,,3,0.55,9,d46c,5868,True,69,spurious,-1,False
confusion_even_odd,even_odd,,3,0.55,11,4f38,359,True,83,spurious,-1,False
confusion_even_odd,even_odd,,3,0.55,8,b240,a75b,True,45,spurious,-1,False
confusion_even_odd,even_odd,,3,0.55,7,7b4d,359,True,45,spurious,-1,False
confusion_even_odd,even_odd,,3,0.55,7,89ef,fca6,True,79,wrong_pattern,0,False
confusion_even_odd,even_odd,,3,0.55,11,c6b4,2b4,True,45,spurious,-1,False
confusion_even_odd,even_odd,,3,0.55,8,6853,fd4b,True,59,spurious,-1,False
confusion_even_odd,even_odd,,3,0.55,9,65d2,a75b,True,83,spurious,-1,False
confusion_even_odd,even_odd,,3,0.55,11,cad2,fca6,True,45,wrong_pattern,0,False
confusion_even_odd,even_odd,,3,0.55,7,934e,a75b,True,45,spurious,-1,False
confusion_even_odd,even_odd,,3,0.55,8,7366,a6b6,True,83,wrong_pattern,2,False
confusion_even_odd,even_odd,,3,0.55,10,6eaa,fca6,True,35,wrong_pattern,0,False
confusion_even_odd,even_odd,,3,0.55,9,b379,a75b,True,45,spurious,-1,False
confusion_even_odd,even_odd,,3,0.55,9,939,5949,True,45,spurious,-1,False
confusion_even_odd,even_odd,,3,0.55,11,67ea,e6fa,True,45,spurious,-1,False
confusion_even_odd,even_odd,,3,0.55,9,e061,fd4b,True,45,spurious,-1,False
confusion_even_odd,even_odd,,3,0.55,10,5568,359,True,89,spurious,-1,False
confusion_even_odd,even_odd,,3,0.55,4,b582,fca6,True,83,wrong_pattern,0,False
confusion_even_odd,even_odd,,3,0.55,13,c0fc,4068,True,45,spurious,-1,False
confusion_even_odd,even_odd,,3,0.55,8,18a2,58a4,True,25,spurious,-1,False
confusion_even_odd,even_odd,,3,0.55,7,a1a2,fca6,True,45,wrong_pattern,0,False
confusion_even_odd,even_odd,,3,0.55,11,c9,359,True,69,spurious,-1,False
confusion_even_odd,even_odd,,3,0.55,10,692,2b4,True,45,spurious,-1,False
confusion_even_odd,even_odd,,3,0.55,7,e71e,a75b,True,11,spurious,-1,False
confusion_even_odd,even_odd,,3,0.55,8,3a1a,a75b,True,79,spurious,-1,False
confusion_even_odd,even_odd,,3,0.55,10,9ef9,58a4,True,65,spurious,-1,False
confusion_even_odd,even_odd,,3,0.55,4,bf0a,fd4b,True,51,spurious,-1,False
confusion_even_odd,even_odd,,3,0.55,7,31ab,e46a,True,89,spurious,-1,False
confusion_even_odd,even_odd,,3,0.55,9,2ec0,58a4,True,45,spurious,-1,False
confusion_even_odd,even_odd,,3,0.55,12,42b5,2b4,True,11,spurious,-1,False
confusion_even_odd,even_odd,,3,0.55,9,ea19,a75b,True,45,spurious,-1,False
confusion_even_odd,even_odd,,3,0.55,12,72bc,2b4,True,59,spurious,-1,False
confusion_even_odd,even_odd,,3,0.55,8,f3ab,e6fa,True,21,spurious,-1,False
confusion_even_odd,even_odd,,3,0.55,9,a8a8,fca6,True,45,wrong_pattern,0,False
confusion_even_odd,even_odd,,3,0.55,10,5bf5,58a4,True,35,spurious,-1,False
confusion_even_odd,even_odd,,3,0.55,9,a36,58a4,True,89,spurious,-1,False
confusion_even_odd,even_odd,,3,0.55,7,a7c1,a797,True,45,spurious,-1,False
confusion_even_odd,even_odd,,3,0.55,13,82fa,e6fa,True,45,spurious,-1,False
confusion_even_odd,even_odd,,3,0.55,10,20eb,e6fa,True,69,spurious,-1,False
confusion_even_odd,even_odd,,3,0.55,8,b7da,a75b,True,59,spurious,-1,False
confusion_even_odd,even_odd,,3,0.55,8,6203,a75b,True,45,spurious,-1,False
confusion_even_odd,even_odd,,3,0.55,10,351,359,True,25,spurious,-1,False
confusion_even_odd,even_odd,,3,0.55,9,90d1,58a4,True,59,spurious,-1,False
confusion_even_odd,even_odd,,3,0.55,8,c54c,5949,True,69,spurious,-1,False
confusion_even_odd,even_odd,,3,0.55,8,54c3,58a4,True,65,spurious,-1,False
confusion_even_odd,even_odd,,3,0.55,11,11fc,4068,True,89,spurious,-1,False
confusion_even_odd,even_odd,,3,0.55,9,cbd5,1b95,True,45,wrong_pattern,1,False
confusion_even_odd,even_odd,,3,0.55,8,da0,58a4,True,21,spurious,-1,False
confusion_even_odd,even_odd,,3,0.55,12,2270,42f8,True,35,spurious,-1,False
confusion_even_odd,even_odd,,3,0.55,10,e650,a75b,True,45,spurious,-1,False
confusion_even_odd,even_odd,,3,0.55,10,30da,e6fa,True,69,spurious,-1,False
confusion_even_odd,even_odd,,3,0.55,8,7ca9,58a4,True,45,spurious,-1,False
confusion_even_odd,even_odd,,3,0.55,10,4829,5949,True,35,spurious,-1,False
confusion_even_odd,even_odd,,3,0.55,7,6faf,a6b6,True,79,wrong_pattern,2,False
confusion_even_odd,even_odd,,3,0.55,6,3c10,1905,True,45,spurious,-1,False
confusion_even_odd,even_odd,,3,0.55,10,77da,a75b,True,59,spurious,-1,False
confusion_even_odd,even_odd,,3,0.55,10,83f6,a6b6,True,45,wrong_pattern,2,False
confusion_even_odd,even_odd,,3,0.55,6,f86,58a4,True,89,spurious,-1,False
confusion_even_odd,even_odd,,3,0.55,9,e064,fc6a,True,59,spurious,-1,False
confusion_even_odd,even_odd,,3,0.55,10,c061,5949,True,35,spurious,-1,False
confusion_even_odd,even_odd,,3,0.55,10,d22a,e46a,True,117,spurious,-1,False
confusion_even_odd,even_odd,,3,0.55,9,85ea,e6fa,True,35,spurious,-1,False
confusion_even_odd,even_odd,,3,0.55,10,71ec,58a4,True,45,spurious,-1,False
confusion_even_odd,even_odd,,3,0.55,10,4edf,2b4,True,45,spurious,-1,False
confusion_even_odd,even_odd,,3,0.55,7,5f8b,1905,True,69,spurious,-1,False
confusion_even_odd,even_odd,,3,0.55,7,3c50,1905,True,45,spurious,-1,False
confusion_even_odd,even_odd,,3,0.55,11,4148,359,True,45,spurious,-1,False
confusion_even_odd,even_odd,,3,0.55,10,2b98,2dd,False,1636,oscillated,-1,False
confusion_even_odd,even_odd,,3,0.55,10,c244,359,True,45,spurious,-1,False
confusion_even_odd,even_odd,,3,0.55,9,4554,359,True,35,spurious,-1,False
confusion_even_odd,even_odd,,3,0.55,7,c5a5,58a4,True,59,spurious,-1,False
confusion_even_odd,even_odd,,3,0.55,12,82b9,42f8,True,51,spurious,-1,False
confusion_even_odd,even_odd,,3,0.55,11,8338,359,True,45,spurious,-1,False
confusion_even_odd,even_odd,,3,0.55,7,efb3,fca6,True,55,wrong_pattern,0,False
confusion_even_odd,even_odd,,3,0.55,9,8373,a75b,True,45,spurious,-1,False
confusion_even_odd,even_odd,,3,0.55,5,b4c5,fca6,True,83,wrong_pattern,0,False
confusion_even_odd,even_odd,,3,0.55,9,347c,4068,True,45,spurious,-1,False
confusion_even_odd,even_odd,,3,0.55,7,5544,5949,True,69,spurious,-1,False
confusion_even_odd,even_odd,,3,0.55,9,8818,5949,True,45,spurious,-1,False
confusion_even_odd,even_odd,,3,0.55,8,113e,359,True,45,spurious,-1,False
confusion_even_odd,even_odd,,3,0.55,9,b0b9,e46a,True,89,spurious,-1,False
confusion_even_odd,even_odd,,3,0.55,8,a0ae,e6fa,True,69,spurious,-1,False
confusion_even_odd,even_odd,,3,0.55,7,6c96,fca6,True,35,wrong_pattern,0,False
confusion_even_odd,even_odd,,3,0.55,7,281e,fd4b,True,79,spurious,-1,False
confusion_even_odd,even_odd,,3,0.55,7,ed6c,fd4b,True,35,spurious,-1,False
confusion_even_odd,even_odd,,3,0.55,5,fd91,bd07,True,25,correct,3,True
confusion_even_odd,even_odd,,3,0.55,9,1a4c,5949,True,51,spurious,-1,False
confusion_even_odd,even_odd,,3,0.55,9,41a3,58a4,True,55,spurious,-1,False
confusion_even_odd,even_odd,,3,0.55,10,7abb,fca6,True,45,wrong_pattern,0,False
confusion_even_odd,even_odd,,3,0.55,7,8b81,1b95,True,45,wrong_pattern,1,False
confusion_even_odd,even_odd,,3,0.55,12,62f6,a6b6,True,45,wrong_pattern,2,False
confusion_even_odd,even_odd,,3,0.55,7,adf1,fca6,True,55,wrong_pattern,0,False
confusion_even_odd,even_odd,,3,0.55,8,3b90,2b4,True,35,spurious,-1,False
confusion_even_odd,even_odd,,3,0.55,9,453d,359,True,35,spurious,-1,False
confusion_even_odd,even_odd,,3,0.55,11,e7f9,e6fa,True,55,spurious,-1,False
confusion_even_odd,even_odd,,3,0.55,9,2cfb,fc6a,True,89,spurious,-1,False
confusion_even_odd,even_odd,,3,0.55,8,518b,1905,True,45,spurious,-1,False
confusion_even_odd,even_odd,,3,0.55,8,3256,a75b,True,45,spurious,-1,False
confusion_even_odd,even_odd,,3,0.55,11,487b,5949,True,45,spurious,-1,False
confusion_even_odd,even_odd,,3,0.55,9,7e72,fc6a,True,49,spurious,-1,False
confusion_even_odd,even_odd,,3,0.55,7,bad5,a6b6,True,69,wrong_pattern,2,False
confusion_even_odd,even_odd,,3,0.55,8,715d,359,True,45,spurious,-1,False
confusion_even_odd,even_odd,,3,0.55,8,ea93,fca6,True,89,wrong_pattern,0,False
confusion_even_odd,even_odd,,3,0.55,8,b7fe,e6fa,True,21,spurious,-1,False
confusion_even_odd,even_odd,,3,0.55,11,12f5,2b4,True,11,spurious,-1,False
confusion_even_odd,even_odd,,3,0.55,8,f469,a75b,True,89,spurious,-1,False
confusion_even_odd,even_odd,,3,0.55,9,dfe9,5949,True,93,spurious,-1,False
confusion_even_odd,even_odd,,3,0.55,10,cdb8,58a4,True,45,spurious,-1,False
confusion_even_odd,even_odd,,3,0.55,11,7668,4068,True,117,spurious,-1,False
confusion_even_odd,even_odd,,3,0.55,7,b2a5,a6b6,True,45,wrong_pattern,2,False
confusion_even_odd,even_odd,,0,0.6000000000000001,12,5149,359,True,55,spurious,-1,False
confusion_even_odd,even_odd,,0,0.6000000000000001,8,4d8d,1905,True,35,spurious,-1,False
confusion_even_odd,even_odd,,0,0.6000000000000001,10,9599,359,True,59,spurious,-1,False
confusion_even_odd,even_odd,,0,0.6000000000000001,7,50e5,58a4,True,25,spurious,-1,False
confusion_even_odd,even_odd,,0,0.6000000000000001,7,bedf,a6b6,True,45,wrong_pattern,2,False
confusion_even_odd,even_odd,,0,0.6000000000000001,11,871f,a75b,True,35,spurious,-1,False
confusion_even_odd,even_odd,,0,0.6000000000000001,12,5219,359,True,21,spurious,-1,False
confusion_even_odd,even_odd,,0,0.6000000000000001,9,9afd,2b4,True,35,spurious,-1,False
confusion_even_odd,even_odd,,0,0.6000000000000001,12,f53,359,True,45,spurious,-1,False
confusion_even_odd,even_odd,,0,0.6000000000000001,8,5b62,5949,True,83,spurious,-1,False
confusion_even_odd,even_odd,,0,0.6000000000000001,7,e5ca,a75b,True,93,spurious,-1,False
confusion_even_odd,even_odd,,0,0.6000000000000001,9,5631,2b4,True,83,spurious,-1,False
confusion_even_odd,even_odd,,0,0.6000000000000001,14,4351,359,True,25,spurious,-1,False
confusion_even_odd,even_odd,,0,0.6000000000000001,11,279b,a75b,True,59,spurious,-1,False
confusion_even_odd,even_odd,,0,0.6000000000000001,10,41c,359,True,45,spurious,-1,False
confusion_even_odd,even_odd,,0,0.6000000000000001,12,2619,359,True,45,spurious,-1,False
confusion_even_odd,even_odd,,0,0.6000000000000001,7,9604,2b4,True,79,spurious,-1,False
confusion_even_odd,even_odd,,0,0.6000000000000001,11,e35a,a75b,True,11,spurious,-1,False
confusion_even_odd,even_odd,,0,0.6000000000000001,8,dacb,fd4b,True,59,spurious,-1,False
confusion_even_odd,even_odd,,0,0.6000000000000001,9,b82,58a4,True,123,spurious,-1,False
confusion_even_odd,even_odd,,0,0.6000000000000001,6,7ffe,fca6,True,35,correct,0,True
confusion_even_odd,even_odd,,0,0.6000000000000001,9,4988,58cd,False,1636,oscillated,-1,False
confusion_even_odd,even_odd,,0,0.6000000000000001,7,c34,58a4,True,45,spurious,-1,False
confusion_even_odd,even_odd,,0,0.6000000000000001,10,42eb,42f8,True,45,spurious,-1,False
confusion_even_odd,even_odd,,0,0.6000000000000001,10,8afd,2b4,True,69,spurious,-1,False
confusion_even_odd,even_odd,,0,0.6000000000000001,8,6c6,2b4,True,45,spurious,-1,False
confusion_even_odd,even_odd,,0,0.6000000000000001,12,4301,359,True,35,spurious,-1,False
confusion_even_odd,even_odd,,0,0.6000000000000001,8,2f3e,a75b,True,65,spurious,-1,False
confusion_even_odd,even_odd,,0,0.6000000000000001,8,7383,a797,True,45,spurious,-1,False
confusion_even_odd,even_odd,,0,0.6000000000000001,11,417f,359,True,35,spurious,-1,False
confusion_even_odd,even_odd,,0,0.6000000000000001,11,c27d,359,True,45,spurious,-1,False
confusion_even_odd,even_odd,,0,0.6000000000000001,11,221c,359,True,45,spurious,-1,False
confusion_even_odd,even_odd,,0,0.6000000000000001,12,815a,a75b,True,45,spurious,-1,False
confusion_even_odd,even_odd,,0,0.6000000000000001,11,83f0,2b4,True,35,spurious,-1,False
confusion_even_odd,even_odd,,0,0.6000000000000001,11,35d9,359,True,45,spurious,-1,False
confusion_even_odd,even_odd,,0,0.6000000000000001,13,87d9,359,True,45,spurious,-1,False
confusion_even_odd,even_odd,,0,0.6000000000000001,9,243b,a75b,True,35,spurious,-1,False
confusion_even_odd,even_odd,,0,0.6000000000000001,11,8bc1,3d1,False,1636,oscillated,-1,False
confusion_even_odd,even_odd,,0,0.6000000000000001,10,67e,42f8,True,45,spurious,-1,False
confusion_even_odd,even_odd,,0,0.6000000000000001,7,8c6a,fc6a,True,45,spurious,-1,False
confusion_even_odd,even_odd,,0,0.6000000000000001,10,453d,359,True,35,spurious,-1,False
confusion_even_odd,even_odd,,0,0.6000000000000001,11,13c3,395,True,45,spurious,-1,False
confusion_even_odd,even_odd,,0,0.6000000000000001,10,c14f,fd4b,True,69,spurious,-1,False
confusion_even_odd,even_odd,,0,0.6000000000000001,9,296a,fd4b,True,45,spurious,-1,False
confusion_even_odd,even_odd,,0,0.6000000000000001,14,1d9,359,True,25,spurious,-1,False
confusion_even_odd,even_odd,,0,0.6000000000000001,10,b05d,a75b,True,45,spurious,-1,False
confusion_even_odd,even_odd,,0,0.6000000000000001,9,f958,fd4b,True,45,spurious,-1,False
confusion_even_odd,even_odd,,0,0.6000000000000001,9,889b,fd4b,True,83,spurious,-1,False
confusion_even_odd,even_odd,,0,0.6000000000000001,12,275a,a75b,True,25,spurious,-1,False
confusion_even_odd,even_odd,,0,0.6000000000000001,11,54c,359,True,25,spurious,-1,False
confusion_even_odd,even_odd,,0,0.6000000000000001,9,a938,fd4b,True,45,spurious,-1,False
confusion_even_odd,even_odd,,0,0.6000000000000001,9,9089,359,True,85,spurious,-1,False
confusion_even_odd,even_odd,,0,0.6000000000000001,10,1b1e,359,True,55,spurious,-1,False
confusion_even_odd,even_odd,,0,0.6000000000000001,8,6a9f,a6b6,True,45,wrong_pattern,2,False
confusion_even_odd,even_odd,,0,0.6000000000000001,11,1511,359,True,35,spurious,-1,False
confusion_even_odd,even_odd,,0,0.6000000000000001,8,5688,42f8,True,89,spurious,-1,False
confusion_even_odd,even_odd,,0,0.6000000000000001,12,81f9,359,True,103,spurious,-1,False
confusion_even_odd,even_odd,,0,0.6000000000000001,3,bde6,fca6,True,11,correct,0,True
confusion_even_odd,even_odd,,0,0.6000000000000001,10,3509,359,True,45,spurious,-1,False
confusion_even_odd,even_odd,,0,0.6000000000000001,11,838b,a75b,True,59,spurious,-1,False
confusion_even_odd,even_odd,,0,0.6000000000000001,11,8939,5949,True,45,spurious,-1,False
confusion_even_odd,even_odd,,0,0.6000000000000001,9,e2f8,e6fa,True,45,spurious,-1,False
confusion_even_odd,even_odd,,0,0.6000000000000001,12,a11,359,True,45,spurious,-1,False
confusion_even_odd,even_odd,,0,0.6000000000000001,14,4759,359,True,11,spurious,-1,False
confusion_even_odd,even_odd,,0,0.6000000000000001,8,7f7c,5949,True,45,spurious,-1,False
confusion_even_odd,even_odd,,0,0.6000000000000001,8,97ba,e6fa,True,35,spurious,-1,False
confusion_even_odd,even_odd,,0,0.6000000000000001,12,9b19,359,True,35,spurious,-1,False
confusion_even_odd,even_odd,,0,0.6000000000000001,10,194f,5949,True,35,spurious,-1,False
confusion_even_odd,even_odd,,0,0.6000000000000001,12,36f,359,True,25,spurious,-1,False
confusion_even_odd,even_odd,,0,0.6000000000000001,8,3283,a6b6,True,45,wrong_pattern,2,False
confusion_even_odd,even_odd,,0,0.6000000000000001,6,ad92,fca6,True,65,correct,0,True
confusion_even_odd,even_odd,,0,0.6000000000000001,8,6603,a75b,True,35,spurious,-1,False
confusion_even_odd,even_odd,,0,0.6000000000000001,11,8168,359,True,35,spurious,-1,False
confusion_even_odd,even_odd,,0,0.6000000000000001,7,943f,a75b,True,45,spurious,-1,False
confusion_even_odd,even_odd,,0,0.6000000000000001,7,c0c7,fca6,True,79,correct,0,True
confusion_even_odd,even_odd,,0,0.6000000000000001,9,726d,359,True,65,spurious,-1,False
confusion_even_odd,even_odd,,0,0.6000000000000001,7,9d81,1905,True,45,spurious,-1,False
confusion_even_odd,even_odd,,0,0.6000000000000001,11,5345,359,True,45,spurious,-1,False
confusion_even_odd,even_odd,,0,0.6000000000000001,9,ca73,bd07,True,69,wrong_pattern,3,False
confusion_even_odd,even_odd,,0,0.6000000000000001,12,95a,359,True,69,spurious,-1,False
confusion_even_odd,even_odd,,0,0.6000000000000001,8,5292,2b4,True,45,spurious,-1,False
confusion_even_odd,even_odd,,0,0.6000000000000001,10,674c,359,True,45,spurious,-1,False
confusion_even_odd,even_odd,,0,0.6000000000000001,10,8730,275,False,1636,oscillated,-1,False
confusion_even_odd,even_odd,,0,0.6000000000000001,10,2a38,4068,True,79,spurious,-1,False
confusion_even_odd,even_odd,,0,0.6000000000000001,10,526d,359,True,65,spurious,-1,False
confusion_even_odd,even_odd,,0,0.6000000000000001,11,4335,359,True,35,spurious,-1,False
confusion_even_odd,even_odd,,0,0.6000000000000001,8,936,58a4,True,73,spurious,-1,False
confusion_even_odd,even_odd,,0,0.6000000000000001,11,8b31,359,True,83,spurious,-1,False
confusion_even_odd,even_odd,,0,0.6000000000000001,11,51c9,359,True,89,spurious,-1,False
confusion_even_odd,even_odd,,0,0.6000000000000001,7,d50a,fd4b,True,35,spurious,-1,False
confusion_even_odd,even_odd,,0,0.6000000000000001,10,2a4a,a75b,True,59,spurious,-1,False
confusion_even_odd,even_odd,,0,0.6000000000000001,9,5031,359,True,75,spurious,-1,False
confusion_even_odd,even_odd,,0,0.6000000000000001,9,9763,a75b,True,45,spurious,-1,False
confusion_even_odd,even_odd,,0,0.6000000000000001,10,493b,5949,True,45,spurious,-1,False
confusion_even_odd,even_odd,,0,0.6000000000000001,11,c2f9,42f8,True,25,spurious,-1,False
confusion_even_odd,even_odd,,0,0.6000000000000001,8,c2e5,2b4,True,45,spurious,-1,False
confusion_even_odd,even_odd,,0,0.6000000000000001,8,a028,e6fa,True,69,spurious,-1,False
confusion_even_odd,even_odd,,0,0.6000000000000001,11,85d8,359,True,69,spurious,-1,False
confusion_even_odd,even_odd,,0,0.6000000000000001,9,51ca,359,True,123,spurious,-1,False
confusion_even_odd,even_odd,,0,0.6000000000000001,10,ae51,a75b,True,25,spurious,-1,False
confusion_even_odd,even_odd,,0,0.6000000000000001,11,4af9,42f8,True,25,spurious,-1,False
confusion_even_odd,even_odd,,0,0.6000000000000001,11,79f,395,True,59,spurious,-1,False
confusion_even_odd,even_odd,,0,0.6000000000000001,11,e279,a75b,True,45,spurious,-1,False
confusion_even_odd,even_odd,,0,0.6000000000000001,10,12f0,2b4,True,21,spurious,-1,False
confusion_even_odd,even_odd,,0,0.6000000000000001,10,d15c,359,True,45,spurious,-1,False
confusion_even_odd,even_odd,,0,0.6000000000000001,8,408c,582c,False,1636,oscillated,-1,False
confusion_even_odd,even_odd,,0,0.6000000000000001,9,3f70,2b4,True,65,spurious,-1,False
confusion_even_odd,even_odd,,0,0.6000000000000001,8,332e,a75b,True,79,spurious,-1,False
confusion_even_odd,even_odd,,0,0.6000000000000001,10,3f11,395,True,69,spurious,-1,False
confusion_even_odd,even_odd,,0,0.6000000000000001,8,e0da,e46a,True,45,spurious,-1,False
confusion_even_odd,even_odd,,0,0.6000000000000001,10,cf41,5949,True,83,spurious,-1,False
confusion_even_odd,even_odd,,0,0.6000000000000001,11,c711,359,True,45,spurious,-1,False
confusion_even_odd,even_odd,,0,0.6000000000000001,10,6cf,398,False,1636,oscillated,-1,False
confusion_even_odd,even_odd,,0,0.6000000000000001,8,6eb9,58a4,True,45,spurious,-1,False
confusion_even_odd,even_odd,,0,0.6000000000000001,5,7cf5,58a4,True,45,spurious,-1,False
confusion_even_odd,even_odd,,0,0.6000000000000001,10,897f,fd4b,True,45,spurious,-1,False
confusion_even_odd,even_odd,,0,0.6000000000000001,9,89fa,fc6a,True,89,spurious,-1,False
confusion_even_odd,even_odd,,0,0.6000000000000001,10,82d7,a6b6,True,45,wrong_pattern,2,False
confusion_even_odd,even_odd,,0,0.6000000000000001,9,2776,a633,False,1636,oscillated,-1,False
confusion_even_odd,even_odd,,0,0.6000000000000001,10,ba8,58a4,True,45,spurious,-1,False
confusion_even_odd,even_odd,,1,0.6000000000000001,9,f61f,a75b,True,21,spurious,-1,False
confusion_even_odd,even_odd,,1,0.6000000000000001,6,1370,359,True,83,spurious,-1,False
confusion_even_odd,even_odd,,1,0.6000000000000001,9,c2ac,42f8,True,45,spurious,-1,False
confusion_even_odd,even_odd,,1,0.6000000000000001,11,c34a,a75b,True,45,spurious,-1,False
confusion_even_odd,even_odd,,1,0.6000000000000001,9,d1c2,fca6,True,65,wrong_pattern,0,False
confusion_even_odd,even_odd,,1,0.6000000000000001,10,d638,4068,True,117,spurious,-1,False
confusion_even_odd,even_odd,,1,0.6000000000000001,10,26da,e6fa,True,35,spurious,-1,False
confusion_even_odd,even_odd,,1,0.6000000000000001,10,c05c,359,True,45,spurious,-1,False
confusion_even_odd,even_odd,,1,0.6000000000000001,9,9ea,5868,True,45,spurious,-1,False
confusion_even_odd,even_odd,,1,0.6000000000000001,9,4363,359,True,35,spurious,-1,False
confusion_even_odd,even_odd,,1,0.6000000000000001,11,e864,fca6,True,59,wrong_pattern,0,False
confusion_even_odd,even_odd,,1,0.6000000000000001,11,8c0a,fd4b,True,45,spurious,-1,False
confusion_even_odd,even_odd,,1,0.6000000000000001,13,e67b,a75b,True,45,spurious,-1,False
confusion_even_odd,even_odd,,1,0.6000000000000001,9,8d26,fca6,True,59,wrong_pattern,0,False
confusion_even_odd,even_odd,,1,0.6000000000000001,9,7053,a75b,True,45,spurious,-1,False
confusion_even_odd,even_odd,,1,0.6000000000000001,12,a4f2,fca6,True,55,wrong_pattern,0,False
confusion_even_odd,even_odd,,1,0.6000000000000001,10,a4c1,fca6,True,103,wrong_pattern,0,False
confusion_even_odd,even_odd,,1,0.6000000000000001,7,7afc,58a4,True,35,spurious,-1,False
confusion_even_odd,even_odd,,1,0.6000000000000001,8,c81c,5949,True,45,spurious,-1,False
confusion_even_odd,even_odd,,1,0.6000000000000001,10,b456,a75b,True,45,spurious,-1,False
confusion_even_odd,even_odd,,1,0.6000000000000001,14,656a,a75b,True,69,spurious,-1,False
confusion_even_odd,even_odd,,1,0.6000000000000001,8,2eaf,fca6,True,45,wrong_pattern,0,False
confusion_even_odd,even_odd,,1,0.6000000000000001,9,7cd2,fca6,True,35,wrong_pattern,0,False
confusion_even_odd,even_odd,,1,0.6000000000000001,9,2ec8,42f8,True,45,spurious,-1,False
confusion_even_odd,even_odd,,1,0.6000000000000001,9,e1d6,a6b6,True,45,wrong_pattern,2,False
confusion_even_odd,even_odd,,1,0.6000000000000001,8,460d,359,True,11,spurious,-1,False
confusion_even_odd,even_odd,,1,0.6000000000000001,7,82d6,a6b6,True,45,wrong_pattern,2,False
confusion_even_odd,even_odd,,1,0.6000000000000001,9,2612,a75b,True,45,spurious,-1,False
confusion_even_odd,even_odd,,1,0.6000000000000001,9,f35b,a75b,True,21,spurious,-1,False
confusion_even_odd,even_odd,,1,0.6000000000000001,9,dc2d,5949,True,45,spurious,-1,False
confusion_even_odd,even_odd,,1,0.6000000000000001,8,49fb,5949,True,79,spurious,-1,False
confusion_even_odd,even_odd,,1,0.6000000000000001,9,d7ba,a6b6,True,93,wrong_pattern,2,False
confusion_even_odd,even_odd,,1,0.6000000000000001,12,e5c2,fd4b,True,93,spurious,-1,False
confusion_even_odd,even_odd,,1,0.6000000000000001,8,70d9,359,True,123,spurious,-1,False
confusion_even_odd,even_odd,,1,0.6000000000000001,10,78e2,fca6,True,45,wrong_pattern,0,False
confusion_even_odd,even_odd,,1,0.6000000000000001,8,ab38,a75b,True,59,spurious,-1,False
confusion_even_odd,even_odd,,1,0.6000000000000001,9,560e,359,True,89,spurious,-1,False
confusion_even_odd,even_odd,,1,0.6000000000000001,10,c2e0,42f8,True,45,spurious,-1,False
confusion_even_odd,even_odd,,1,0.6000000000000001,10,8142,a75b,True,45,spurious,-1,False
confusion_even_odd,even_odd,,1,0.6000000000000001,10,f5a3,fca6,True,45,wrong_pattern,0,False
confusion_even_odd,even_odd,,1,0.6000000000000001,12,a86b,fd4b,True,45,spurious,-1,False
confusion_even_odd,even_odd,,1,0.6000000000000001,8,56a6,58a4,True,69,spurious,-1,False
confusion_even_odd,even_odd,,1,0.6000000000000001,11,610a,fd4b,True,69,spurious,-1,False
confusion_even_odd,even_odd,,1,0.6000000000000001,7,5d56,1905,True,45,spurious,-1,False
confusion_even_odd,even_odd,,1,0.6000000000000001,6,3701,359,True,45,spurious,-1,False
confusion_even_odd,even_odd,,1,0.6000000000000001,10,432,42f8,True,69,spurious,-1,False
confusion_even_odd,even_odd,,1,0.6000000000000001,10,fe73,fd4b,True,83,spurious,-1,False
confusion_even_odd,even_odd,,1,0.6000000000000001,9,d2e6,a6b6,True,45,wrong_pattern,2,False
confusion_even_odd,even_odd,,1,0.6000000000000001,7,9121,359,True,45,spurious,-1,False
confusion_even_odd,even_odd,,1,0.6000000000000001,8,d6df,a6b6,True,49,wrong_pattern,2,False
confusion_even_odd,even_odd,,1,0.6000000000000001,10,7872,fc6a,True,59,spurious,-1,False
confusion_even_odd,even_odd,,1,0.6000000000000001,11,a4c3,fca6,True,103,wrong_pattern,0,False
confusion_even_odd,even_odd,,1,0.6000000000000001,11,c409,5949,True,69,spurious,-1,False
confusion_even_odd,even_odd,,1,0.6000000000000001,5,8d15,1905,True,45,spurious,-1,False
confusion_even_odd,even_odd,,1,0.6000000000000001,11,e582,fca6,True,79,wrong_pattern,0,False
confusion_even_odd,even_odd,,1,0.6000000000000001,12,f522,fc67,False,1636,oscillated,-1,False
confusion_even_odd,even_odd,,1,0.6000000000000001,9,7164,5821,False,1636,oscillated,-1,False
confusion_even_odd,even_odd,,1,0.6000000000000001,9,8120,359,True,45,spurious,-1,False
confusion_even_odd,even_odd,,1,0.6000000000000001,7,ab53,a75b,True,25,spurious,-1,False
confusion_even_odd,even_odd,,1,0.6000000000000001,9,c58f,a75b,True,45,spurious,-1,False
confusion_even_odd,even_odd,,1,0.6000000000000001,8,7332,a6b6,True,83,wrong_pattern,2,False
confusion_even_odd,even_odd,,1,0.6000000000000001,11,b168,a75b,True,89,spurious,-1,False
confusion_even_odd,even_odd,,1,0.6000000000000001,5,7eb5,58a4,True,45,spurious,-1,False
confusion_even_odd,even_odd,,1,0.6000000000000001,10,d64f,a75b,True,45,spurious,-1,False
confusion_even_odd,even_odd,,1,0.6000000000000001,13,d468,4068,True,45,spurious,-1,False
confusion_even_odd,even_odd,,1,0.6000000000000001,9,46cf,359,True,69,spurious,-1,False
confusion_even_odd,even_odd,,1,0.6000000000000001,10,c6e4,42f8,True,59,spurious,-1,False
confusion_even_odd,even_odd,,1,0.6000000000000001,8,87be,a6b6,True,25,wrong_pattern,2,False
confusion_even_odd,even_odd,,1,0.6000000000000001,12,e0ec,fc6a,True,69,spurious,-1,False
confusion_even_odd,even_odd,,1,0.6000000000000001,9,c20c,359,True,45,spurious,-1,False
confusion_even_odd,even_odd,,1,0.6000000000000001,9,83ca,a75b,True,59,spurious,-1,False
confusion_even_odd,even_odd,,1,0.6000000000000001,14,e4e8,e46a,True,25,spurious,-1,False
confusion_even_odd,even_odd,,1,0.6000000000000001,10,aefb,e6fa,True,35,spurious,-1,False
confusion_even_odd,even_odd,,1,0.6000000000000001,9,4c9a,58a4,True,59,spurious,-1,False
confusion_even_odd,even_odd,,1,0.6000000000000001,8,61d9,359,True,35,spurious,-1,False
confusion_even_odd,even_odd,,1,0.6000000000000001,12,ed7e,fd4b,True,45,spurious,-1,False
confusion_even_odd,even_odd,,1,0.6000000000000001,14,a4ea,e6fa,True,35,spurious,-1,False
confusion_even_odd,even_odd,,1,0.6000000000000001,11,c51a,a75b,True,25,spurious,-1,False
confusion_even_odd,even_odd,,1,0.6000000000000001,12,a07b,a75b,True,35,spurious,-1,False
confusion_even_odd,even_odd,,1,0.6000000000000001,11,956b,a75b,True,89,spurious,-1,False
confusion_even_odd,even_odd,,1,0.6000000000000001,7,18e6,58a4,True,25,spurious,-1,False
confusion_even_odd,even_odd,,1,0.6000000000000001,13,e6fa,e6fa,True,0,spurious,-1,False
confusion_even_odd,even_odd,,1,0.6000000000000001,10,fc59,fd4b,True,25,spurious,-1,False
confusion_even_odd,even_odd,,1,0.6000000000000001,7,6c15,1905,True,45,spurious,-1,False
confusion_even_odd,even_odd,,1,0.6000000000000001,8,7fb,42f8,True,89,spurious,-1,False
confusion_even_odd,even_odd,,1,0.6000000000000001,8,34fd,4068,True,89,spurious,-1,False
confusion_even_odd,even_odd,,1,0.6000000000000001,12,a5ca,a75b,True,69,spurious,-1,False
confusion_even_odd,even_odd,,1,0.6000000000000001,13,e5aa,fc6a,True,35,spurious,-1,False
confusion_even_odd,even_odd,,1,0.6000000000000001,11,b262,e6fa,True,35,spurious,-1,False
confusion_even_odd,even_odd,,1,0.6000000000000001,10,acf9,fc6a,True,89,spurious,-1,False
confusion_even_odd,even_odd,,1,0.6000000000000001,11,7572,fd4b,True,45,spurious,-1,False
confusion_even_odd,even_odd,,1,0.6000000000000001,9,4be,42f8,True,69,spurious,-1,False
confusion_even_odd,even_odd,,1,0.6000000000000001,11,357a,a75b,True,59,spurious,-1,False
confusion_even_odd,even_odd,,1,0.6000000000000001,8,b739,a75b,True,25,spurious,-1,False
confusion_even_odd,even_odd,,1,0.6000000000000001,9,75cf,bd07,True,45,wrong_pattern,3,False
confusion_even_odd,even_odd,,1,0.6000000000000001,11,f073,fd4b,True,45,spurious,-1,False
confusion_even_odd,even_odd,,1,0.6000000000000001,10,c179,359,True,35,spurious,-1,False
confusion_even_odd,even_odd,,1,0.6000000000000001,7,633d,359,True,35,spurious,-1,False
confusion_even_odd,even_odd,,1,0.6000000000000001,9,4a7b,5949,True,89,spurious,-1,False
confusion_even_odd,even_odd,,1,0.6000000000000001,8,3065,5949,True,45,spurious,-1,False
confusion_even_odd,even_odd,,1,0.6000000000000001,10,5c2e,5868,True,45,spurious,-1,False
confusion_even_odd,even_odd,,1,0.6000000000000001,11,6c1a,fd4b,True,45,spurious,-1,False
confusion_even_odd,even_odd,,1,0.6000000000000001,10,ee7d,a75b,True,83,spurious,-1,False
confusion_even_odd,even_odd,,1,0.6000000000000001,10,716c,5949,True,35,spurious,-1,False
confusion_even_odd,even_odd,,1,0.6000000000000001,12,b422,fc6a,True,49,spurious,-1,False
confusion_even_odd,even_odd,,1,0.6000000000000001,6,49df,1905,True,35,spurious,-1,False
confusion_even_odd,even_odd,,1,0.6000000000000001,8,770f,a75b,True,45,spurious,-1,False
confusion_even_odd,even_odd,,1,0.6000000000000001,13,c57a,a75b,True,59,spurious,-1,False
confusion_even_odd,even_odd,,1,0.6000000000000001,11,e5cc,fd4b,True,69,spurious,-1,False
confusion_even_odd,even_odd,,1,0.6000000000000001,11,263a,e6fa,True,25,spurious,-1,False
confusion_even_odd,even_odd,,1,0.6000000000000001,10,a82c,fc6a,True,45,spurious,-1,False
confusion_even_odd,even_odd,,1,0.6000000000000001,12,e54f,fd4b,True,35,spurious,-1,False
confusion_even_odd,even_odd,,1,0.6000000000000001,12,e640,a75b,True,45,spurious,-1,False
confusion_even_odd,even_odd,,1,0.6000000000000001,8,87cf,a75b,True,59,spurious,-1,False
confusion_even_odd,even_odd,,1,0.6000000000000001,11,c561,5949,True,45,spurious,-1,False
confusion_even_odd,even_odd,,1,0.6000000000000001,10,7278,42f8,True,55,spurious,-1,False
confusion_even_odd,even_odd,,1,0.6000000000000001,7,3271,359,True,83,spurious,-1,False
confusion_even_odd,even_odd,,1,0.6000000000000001,8,20d9,359,True,69,spurious,-1,False
confusion_even_odd,even_odd,,1,0.6000000000000001,9,f7a6,a6b6,True,21,wrong_pattern,2,False
confusion_even_odd,even_odd,,1,0.6000000000000001,9,6cf7,fca6,True,45,wrong_pattern,0,False
confusion_even_odd,even_odd,,2,0.6000000000000001,10,7115,1905,True,35,spurious,-1,False
confusion_even_odd,even_odd,,2,0.6000000000000001,13,4943,1905,True,51,spurious,-1,False
confusion_even_odd,even_odd,,2,0.6000000000000001,11,7ce9,5868,True,45,spurious,-1,False
confusion_even_odd,even_odd,,2,0.6000000000000001,10,9dcc,58a4,True,83,spurious,-1,False
confusion_even_odd,even_odd,,2,0.6000000000000001,10,c36d,359,True,35,spurious,-1,False
confusion_even_odd,even_odd,,2,0.6000000000000001,13,5944,1905,True,51,spurious,-1,False
confusion_even_odd,even_odd,,2,0.6000000000000001,7,77e4,2b4,True,45,spurious,-1,False
confusion_even_odd,even_odd,,2,0.6000000000000001,12,53d9,359,True,25,spurious,-1,False
confusion_even_odd,even_odd,,2,0.6000000000000001,10,5d35,1905,True,35,spurious,-1,False
confusion_even_odd,even_odd,,2,0.6000000000000001,9,3a2d,58a4,True,83,spurious,-1,False
confusion_even_odd,even_odd,,2,0.6000000000000001,10,c8ca,fc6a,True,45,spurious,-1,False
confusion_even_odd,even_odd,,2,0.6000000000000001,7,875f,a75b,True,25,spurious,-1,False
confusion_even_odd,even_odd,,2,0.6000000000000001,11,e809,fd4b,True,45,spurious,-1,False
confusion_even_odd,even_odd,,2,0.6000000000000001,10,d521,5949,True,69,spurious,-1,False
confusion_even_odd,even_odd,,2,0.6000000000000001,6,2e91,2b4,True,69,spurious,-1,False
confusion_even_odd,even_odd,,2,0.6000000000000001,9,b902,bd07,True,21,wrong_pattern,3,False
confusion_even_odd,even_odd,,2,0.6000000000000001,6,e707,a75b,True,35,spurious,-1,False
confusion_even_odd,even_odd,,2,0.6000000000000001,10,5619,359,True,21,spurious,-1,False
confusion_even_odd,even_odd,,2,0.6000000000000001,7,8d3f,fd4b,True,45,spurious,-1,False
confusion_even_odd,even_odd,,2,0.6000000000000001,9,33dd,359,True,59,spurious,-1,False
confusion_even_odd,even_odd,,2,0.6000000000000001,9,8871,5949,True,45,spurious,-1,False
confusion_even_odd,even_odd,,2,0.6000000000000001,10,eb89,a797,True,59,spurious,-1,False
confusion_even_odd,even_odd,,2,0.6000000000000001,9,c8c2,fca6,True,45,wrong_pattern,0,False
confusion_even_odd,even_odd,,2,0.6000000000000001,8,6b66,fca6,True,85,wrong_pattern,0,False
confusion_even_odd,even_odd,,2,0.6000000000000001,9,6c21,5964,False,1636,oscillated,-1,False
confusion_even_odd,even_odd,,2,0.6000000000000001,13,d859,5949,True,25,spurious,-1,False
confusion_even_odd,even_odd,,2,0.6000000000000001,9,fb2a,fd4b,True,45,spurious,-1,False
confusion_even_odd,even_odd,,2,0.6000000000000001,12,7d68,5949,True,45,spurious,-1,False
confusion_even_odd,even_odd,,2,0.6000000000000001,8,e87f,fd4b,True,45,spurious,-1,False
confusion_even_odd,even_odd,,2,0.6000000000000001,11,f965,fd4b,True,45,spurious,-1,False
confusion_even_odd,even_odd,,2,0.6000000000000001,7,dca4,58a4,True,45,spurious,-1,False
confusion_even_odd,even_odd,,2,0.6000000000000001,12,7918,5949,True,25,spurious,-1,False
confusion_even_odd,even_odd,,2,0.6000000000000001,9,3870,58a4,True,35,spurious,-1,False
confusion_even_odd,even_odd,,2,0.6000000000000001,10,cc5b,fd4b,True,45,spurious,-1,False
confusion_even_odd,even_odd,,2,0.6000000000000001,12,5a0b,5949,True,35,spurious,-1,False
confusion_even_odd,even_odd,,2,0.6000000000000001,10,425d,359,True,11,spurious,-1,False
confusion_even_odd,even_odd,,2,0.6000000000000001,9,3adb,a6b6,True,45,correct,2,True
confusion_even_odd,even_odd,,2,0.6000000000000001,7,8e6,58a4,True,45,spurious,-1,False
confusion_even_odd,even_odd,,2,0.6000000000000001,9,e0c8,e46a,True,45,spurious,-1,False
confusion_even_odd,even_odd,,2,0.6000000000000001,11,db5f,a75b,True,45,spurious,-1,False
confusion_even_odd,even_odd,,2,0.6000000000000001,10,980a,fd4b,True,45,spurious,-1,False
confusion_even_odd,even_odd,,2,0.6000000000000001,12,2941,5949,True,59,spurious,-1,False
confusion_even_odd,even_odd,,2,0.6000000000000001,13,534b,359,True,45,spurious,-1,False
confusion_even_odd,even_odd,,2,0.6000000000000001,12,dd58,5949,True,45,spurious,-1,False
confusion_even_odd,even_odd,,2,0.6000000000000001,5,c3b2,a6b6,True,45,correct,2,True
confusion_even_odd,even_odd,,2,0.6000000000000001,7,b421,fd4b,True,45,spurious,-1,False
confusion_even_odd,even_odd,,2,0.6000000000000001,11,391d,1905,True,45,spurious,-1,False
confusion_even_odd,even_odd,,2,0.6000000000000001,12,84b,5949,True,45,spurious,-1,False
confusion_even_odd,even_odd,,2,0.6000000000000001,11,304d,359,True,55,spurious,-1,False
confusion_even_odd,even_odd,,2,0.6000000000000001,10,d11a,a75b,True,45,spurious,-1,False
confusion_even_odd,even_odd,,2,0.6000000000000001,8,30c7,fca6,True,83,wrong_pattern,0,False
confusion_even_odd,even_odd,,2,0.6000000000000001,11,fe49,fd4b,True,35,spurious,-1,False
confusion_even_odd,even_odd,,2,0.6000000000000001,10,38c0,58a4,True,35,spurious,-1,False
confusion_even_odd,even_odd,,2,0.6000000000000001,12,485b,5949,True,45,spurious,-1,False
confusion_even_odd,even_odd,,2,0.6000000000000001,12,5b78,5949,True,89,spurious,-1,False
confusion_even_odd,even_odd,,2,0.6000000000000001,8,dc72,fc6a,True,49,spurious,-1,False
confusion_even_odd,even_odd,,2,0.6000000000000001,13,5b01,1905,True,35,spurious,-1,False
confusion_even_odd,even_odd,,2,0.6000000000000001,11,716a,a75b,True,89,spurious,-1,False
confusion_even_odd,even_odd,,2,0.6000000000000001,8,2dfb,fc6a,True,55,spurious,-1,False
confusion_even_odd,even_odd,,2,0.6000000000000001,9,6a81,58a4,True,89,spurious,-1,False
confusion_even_odd,even_odd,,2,0.6000000000000001,11,400d,5949,True,35,spurious,-1,False
confusion_even_odd,even_odd,,2,0.6000000000000001,8,2df1,58a4,True,89,spurious,-1,False
confusion_even_odd,even_odd,,2,0.6000000000000001,9,ce4f,a75b,True,45,spurious,-1,False
confusion_even_odd,even_odd,,2,0.6000000000000001,9,4453,359,True,45,spurious,-1,False
confusion_even_odd,even_odd,,2,0.6000000000000001,9,6c4e,fd4b,True,35,spurious,-1,False
confusion_even_odd,even_odd,,2,0.6000000000000001,9,b8dd,fca6,True,83,wrong_pattern,0,False
confusion_even_odd,even_odd,,2,0.6000000000000001,8,e138,a75b,True,45,spurious,-1,False
confusion_even_odd,even_odd,,2,0.6000000000000001,8,b838,fca6,True,59,wrong_pattern,0,False
confusion_even_odd,even_odd,,2,0.6000000000000001,9,9c55,1905,True,45,spurious,-1,False
confusion_even_odd,even_odd,,2,0.6000000000000001,8,3f9b,a797,True,49,spurious,-1,False
confusion_even_odd,even_odd,,2,0.6000000000000001,8,c18e,fd4b,True,65,spurious,-1,False
confusion_even_odd,even_odd,,2,0.6000000000000001,11,9868,5868,True,25,spurious,-1,False
confusion_even_odd,even_odd,,2,0.6000000000000001,7,2b22,a6b6,True,69,correct,2,True
confusion_even_odd,even_odd,,2,0.6000000000000001,12,7509,5949,True,69,spurious,-1,False
confusion_even_odd,even_odd,,2,0.6000000000000001,11,7b7d,359,True,79,spurious,-1,False
confusion_even_odd,even_odd,,2,0.6000000000000001,9,4cb9,58a4,True,45,spurious,-1,False
confusion_even_odd,even_odd,,2,0.6000000000000001,8,8823,fd4b,True,59,spurious,-1,False
confusion_even_odd,even_odd,,2,0.6000000000000001,11,38cb,fca6,True,83,wrong_pattern,0,False
confusion_even_odd,even_odd,,2,0.6000000000000001,15,4949,5949,True,11,spurious,-1,False
confusion_even_odd,even_odd,,2,0.6000000000000001,12,3989,1905,True,35,spurious,-1,False
confusion_even_odd,even_odd,,2,0.6000000000000001,11,d865,5920,False,1636,oscillated,-1,False
confusion_even_odd,even_odd,,2,0.6000000000000001,6,1294,2b4,True,45,spurious,-1,False
confusion_even_odd,even_odd,,2,0.6000000000000001,10,d02b,fd4b,True,69,spurious,-1,False
confusion_even_odd,even_odd,,2,0.6000000000000001,10,380f,bd07,True,59,wrong_pattern,3,False
confusion_even_odd,even_odd,,2,0.6000000000000001,10,51,359,True,25,spurious,-1,False
confusion_even_odd,even_odd,,2,0.6000000000000001,8,9ac4,58a4,True,35,spurious,-1,False
confusion_even_odd,even_odd,,2,0.6000000000000001,10,d5dd,359,True,59,spurious,-1,False
confusion_even_odd,even_odd,,2,0.6000000000000001,12,494e,5949,True,25,spurious,-1,False
confusion_even_odd,even_odd,,2,0.6000000000000001,9,68dc,58a4,True,49,spurious,-1,False
confusion_even_odd,even_odd,,2,0.6000000000000001,9,be3,58a4,True,55,spurious,-1,False
confusion_even_odd,even_odd,,2,0.6000000000000001,8,d395,395,True,45,spurious,-1,False
confusion_even_odd,even_odd,,2,0.6000000000000001,9,4523,5949,True,45,spurious,-1,False
confusion_even_odd,even_odd,,2,0.6000000000000001,11,1d5c,5949,True,21,spurious,-1,False
confusion_even_odd,even_odd,,2,0.6000000000000001,12,50e9,4068,True,45,spurious,-1,False
confusion_even_odd,even_odd,,2,0.6000000000000001,10,d9a3,fca6,True,45,wrong_pattern,0,False
confusion_even_odd,even_odd,,2,0.6000000000000001,10,2947,fd4b,True,93,spurious,-1,False
confusion_even_odd,even_odd,,2,0.6000000000000001,9,ca4e,fd4b,True,83,spurious,-1,False
confusion_even_odd,even_odd,,2,0.6000000000000001,10,55c2,58a4,True,65,spurious,-1,False
confusion_even_odd,even_odd,,2,0.6000000000000001,12,581d,5949,True,21,spurious,-1,False
confusion_even_odd,even_odd,,2,0.6000000000000001,10,fd81,bd07,True,25,wrong_pattern,3,False
confusion_even_odd,even_odd,,2,0.6000000000000001,8,566e,4068,True,117,spurious,-1,False
confusion_even_odd,even_odd,,2,0.6000000000000001,8,f5dc,fd4b,True,69,spurious,-1,False
confusion_even_odd,even_odd,,2,0.6000000000000001,11,717d,359,True,45,spurious,-1,False
confusion_even_odd,even_odd,,2,0.6000000000000001,6,6f32,fca6,True,85,wrong_pattern,0,False
confusion_even_odd,even_odd,,2,0.6000000000000001,9,cacc,58a4,True,35,spurious,-1,False
confusion_even_odd,even_odd,,2,0.6000000000000001,11,1de8,58a4,True,35,spurious,-1,False
confusion_even_odd,even_odd,,2,0.6000000000000001,11,3971,1905,True,45,spurious,-1,False
confusion_even_odd,even_odd,,2,0.6000000000000001,9,dd3a,fd4b,True,45,spurious,-1,False
confusion_even_odd,even_odd,,2,0.6000000000000001,10,51af,58a4,True,45,spurious,-1,False
confusion_even_odd,even_odd,,2,0.6000000000000001,11,2049,359,True,31,spurious,-1,False
confusion_even_odd,even_odd,,2,0.6000000000000001,10,ab41,a75b,True,59,spurious,-1,False
confusion_even_odd,even_odd,,2,0.6000000000000001,13,790d,5949,True,35,spurious,-1,False
confusion_even_odd,even_odd,,2,0.6000000000000001,9,465b,359,True,45,spurious,-1,False
confusion_even_odd,even_odd,,2,0.6000000000000001,11,51c4,58a4,True,59,spurious,-1,False
confusion_even_odd,even_odd,,2,0.6000000000000001,9,8d81,1b95,True,117,wrong_pattern,1,False
confusion_even_odd,even_odd,,2,0.6000000000000001,8,ab8b,a797,True,49,spurious,-1,False
confusion_even_odd,even_odd,,2,0.6000000000000001,12,1143,359,True,45,spurious,-1,False
confusion_even_odd,even_odd,,2,0.6000000000000001,11,49d5,1905,True,45,spurious,-1,False
confusion_even_odd,even_odd,,2,0.6000000000000001,10,40eb,4068,True,25,spurious,-1,False
confusion_even_odd,even_odd,,2,0.6000000000000001,11,511a,359,True,45,spurious,-1,False
confusion_even_odd,even_odd,,3,0.6000000000000001,10,21ba,e6fa,True,69,spurious,-1,False
confusion_even_odd,even_odd,,3,0.6000000000000001,12,e6f0,e6fa,True,25,spurious,-1,False
confusion_even_odd,even_odd,,3,0.6000000000000001,9,478e,42f8,True,59,spurious,-1,False
confusion_even_odd,even_odd,,3,0.6000000000000001,9,c451,359,True,45,spurious,-1,False
confusion_even_odd,even_odd,,3,0.6000000000000001,11,e0d9,a75b,True,93,spurious,-1,False
confusion_even_odd,even_odd,,3,0.6000000000000001,9,27f3,a6b6,True,45,wrong_pattern,2,False
confusion_even_odd,even_odd,,3,0.6000000000000001,10,4819,5949,True,21,spurious,-1,False
confusion_even_odd,even_odd,,3,0.6000000000000001,8,f75c,a75b,True,35,spurious,-1,False
confusion_even_odd,even_odd,,3,0.6000000000000001,8,e237,a75b,True,83,spurious,-1,False
confusion_even_odd,even_odd,,3,0.6000000000000001,11,18fa,58a4,True,35,spurious,-1,False
confusion_even_odd,even_odd,,3,0.6000000000000001,6,7701,359,True,45,spurious,-1,False
confusion_even_odd,even_odd,,3,0.6000000000000001,10,6a5d,359,True,45,spurious,-1,False
confusion_even_odd,even_odd,,3,0.6000000000000001,12,49f0,58a4,True,11,spurious,-1,False
confusion_even_odd,even_odd,,3,0.6000000000000001,5,a5d7,a797,True,49,spurious,-1,False
confusion_even_odd,even_odd,,3,0.6000000000000001,8,61cf,a75b,True,45,spurious,-1,False
confusion_even_odd,even_odd,,3,0.6000000000000001,10,3b78,359,True,59,spurious,-1,False
confusion_even_odd,even_odd,,3,0.6000000000000001,11,1ea,42f8,True,35,spurious,-1,False
confusion_even_odd,even_odd,,3,0.6000000000000001,10,8e7c,4068,True,79,spurious,-1,False
confusion_even_odd,even_odd,,3,0.6000000000000001,9,24c0,58a4,True,79,spurious,-1,False
confusion_even_odd,even_odd,,3,0.6000000000000001,8,242c,42f8,True,69,spurious,-1,False
confusion_even_odd,even_odd,,3,0.6000000000000001,9,c62b,a75b,True,45,spurious,-1,False
confusion_even_odd,even_odd,,3,0.6000000000000001,10,506e,5868,True,35,spurious,-1,False
confusion_even_odd,even_odd,,3,0.6000000000000001,10,ca3d,359,True,59,spurious,-1,False
confusion_even_odd,even_odd,,3,0.6000000000000001,10,6255,359,True,35,spurious,-1,False
confusion_even_odd,even_odd,,3,0.6000000000000001,9,dcfe,fca6,True,35,wrong_pattern,0,False
confusion_even_odd,even_odd,,3,0.6000000000000001,10,cdc,58a4,True,59,spurious,-1,False
confusion_even_odd,even_odd,,3,0.6000000000000001,9,5f18,359,True,45,spurious,-1,False
confusion_even_odd,even_odd,,3,0.6000000000000001,9,5621,2b4,True,83,spurious,-1,False
confusion_even_odd,even_odd,,3,0.6000000000000001,10,fbfc,fca6,True,45,wrong_pattern,0,False
confusion_even_odd,even_odd,,3,0.6000000000000001,7,7f91,1905,True,69,spurious,-1,False
confusion_even_odd,even_odd,,3,0.6000000000000001,9,66b7,a6b6,True,25,wrong_pattern,2,False
confusion_even_odd,even_odd,,3,0.6000000000000001,9,787d,5949,True,45,spurious,-1,False
confusion_even_odd,even_odd,,3,0.6000000000000001,7,6723,a75b,True,35,spurious,-1,False
confusion_even_odd,even_odd,,3,0.6000000000000001,7,99f5,58a4,True,45,spurious,-1,False
confusion_even_odd,even_odd,,3,0.6000000000000001,10,30c8,4068,True,45,spurious,-1,False
confusion_even_odd,even_odd,,3,0.6000000000000001,11,7269,359,True,55,spurious,-1,False
confusion_even_odd,even_odd,,3,0.6000000000000001,10,6eb1,58a4,True,65,spurious,-1,False
confusion_even_odd,even_odd,,3,0.6000000000000001,9,75b0,58a4,True,45,spurious,-1,False
confusion_even_odd,even_odd,,3,0.6000000000000001,12,5bb8,58a4,True,35,spurious,-1,False
confusion_even_odd,even_odd,,3,0.6000000000000001,13,afa,42f8,True,25,spurious,-1,False
confusion_even_odd,even_odd,,3,0.6000000000000001,12,63fd,42f8,True,35,spurious,-1,False
confusion_even_odd,even_odd,,3,0.6000000000000001,12,4630,42f8,True,35,spurious,-1,False
confusion_even_odd,even_odd,,3,0.6000000000000001,12,62be,e6fa,True,45,spurious,-1,False
confusion_even_odd,even_odd,,3,0.6000000000000001,10,8a5c,359,True,45,spurious,-1,False
confusion_even_odd,even_odd,,3,0.6000000000000001,10,6209,359,True,35,spurious,-1,False
confusion_even_odd,even_odd,,3,0.6000000000000001,10,2cf0,58a4,True,45,spurious,-1,False
confusion_even_odd,even_odd,,3,0.6000000000000001,7,f246,a75b,True,79,spurious,-1,False
confusion_even_odd,even_odd,,3,0.6000000000000001,7,840c,359,True,45,spurious,-1,False
confusion_even_odd,even_odd,,3,0.6000000000000001,8,e356,a75b,True,35,spurious,-1,False
confusion_even_odd,even_odd,,3,0.6000000000000001,12,4a7e,5868,True,49,spurious,-1,False
confusion_even_odd,even_odd,,3,0.6000000000000001,7,895b,a75b,True,69,spurious,-1,False
confusion_even_odd,even_odd,,3,0.6000000000000001,8,f159,a75b,True,45,spurious,-1,False
confusion_even_odd,even_odd,,3,0.6000000000000001,11,6ac,42f8,True,51,spurious,-1,False
confusion_even_odd,even_odd,,3,0.6000000000000001,12,433a,359,True,45,spurious,-1,False
confusion_even_odd,even_odd,,3,0.6000000000000001,9,9470,5868,True,59,spurious,-1,False
confusion_even_odd,even_odd,,3,0.6000000000000001,9,5e34,58a4,True,35,spurious,-1,False
confusion_even_odd,even_odd,,3,0.6000000000000001,12,4ea8,58a4,True,35,spurious,-1,False
confusion_even_odd,even_odd,,3,0.6000000000000001,10,92dd,398,False,1636,oscillated,-1,False
confusion_even_odd,even_odd,,3,0.6000000000000001,11,96f0,2b4,True,45,spurious,-1,False
confusion_even_odd,even_odd,,3,0.6000000000000001,11,1af4,2b4,True,35,spurious,-1,False
confusion_even_odd,even_odd,,3,0.6000000000000001,10,61f6,a6b6,True,69,wrong_pattern,2,False
confusion_even_odd,even_odd,,3,0.6000000000000001,9,65,359,True,45,spurious,-1,False
confusion_even_odd,even_odd,,3,0.6000000000000001,12,48ea,5868,True,45,spurious,-1,False
confusion_even_odd,even_odd,,3,0.6000000000000001,6,7d89,1905,True,45,spurious,-1,False
confusion_even_odd,even_odd,,3,0.6000000000000001,10,13dd,359,True,59,spurious,-1,False
confusion_even_odd,even_odd,,3,0.6000000000000001,12,1a78,4068,True,79,spurious,-1,False
confusion_even_odd,even_odd,,3,0.6000000000000001,10,f3fd,a6b6,True,79,wrong_pattern,2,False
confusion_even_odd,even_odd,,3,0.6000000000000001,7,be9c,a6b6,True,35,wrong_pattern,2,False
confusion_even_odd,even_odd,,3,0.6000000000000001,12,40e2,58a4,True,45,spurious,-1,False
confusion_even_odd,even_odd,,3,0.6000000000000001,7,8844,5949,True,49,spurious,-1,False
confusion_even_odd,even_odd,,3,0.6000000000000001,8,de73,fd4b,True,83,spurious,-1,False
confusion_even_odd,even_odd,,3,0.6000000000000001,11,fef8,e46a,True,55,spurious,-1,False
confusion_even_odd,even_odd,,3,0.6000000000000001,10,442c,4068,True,21,spurious,-1,False
confusion_even_odd,even_odd,,3,0.6000000000000001,9,c01b,a75b,True,45,spurious,-1,False
confusion_even_odd,even_odd,,3,0.6000000000000001,9,3aca,fca6,True,59,wrong_pattern,0,False
confusion_even_odd,even_odd,,3,0.6000000000000001,9,d661,359,True,93,spurious,-1,False
confusion_even_odd,even_odd,,3,0.6000000000000001,9,86cd,398,False,1636,oscillated,-1,False
confusion_even_odd,even_odd,,3,0.6000000000000001,10,4245,359,True,35,spurious,-1,False
confusion_even_odd,even_odd,,3,0.6000000000000001,6,140b,359,True,65,spurious,-1,False
confusion_even_odd,even_odd,,3,0.6000000000000001,9,8652,a75b,True,45,spurious,-1,False
confusion_even_odd,even_odd,,3,0.6000000000000001,8,3091,2b4,True,45,spurious,-1,False
confusion_even_odd,even_odd,,3,0.6000000000000001,11,c630,42f8,True,45,spurious,-1,False
confusion_even_odd,even_odd,,3,0.6000000000000001,8,e57e,a75b,True,45,spurious,-1,False
confusion_even_odd,even_odd,,3,0.6000000000000001,9,ea73,bd07,True,69,correct,3,True
confusion_even_odd,even_odd,,3,0.6000000000000001,11,66cc,42f8,True,45,spurious,-1,False
confusion_even_odd,even_odd,,3,0.6000000000000001,10,c68c,42f8,True,45,spurious,-1,False
confusion_even_odd,even_odd,,3,0.6000000000000001,8,2384,2b4,True,35,spurious,-1,False
confusion_even_odd,even_odd,,3,0.6000000000000001,7,99be,fca6,True,45,wrong_pattern,0,False
confusion_even_odd,even_odd,,3,0.6000000000000001,9,5621,2b4,True,83,spurious,-1,False
confusion_even_odd,even_odd,,3,0.6000000000000001,10,7234,2b4,True,45,spurious,-1,False
confusion_even_odd,even_odd,,3,0.6000000000000001,10,4e1c,359,True,45,spurious,-1,False
confusion_even_odd,even_odd,,3,0.6000000000000001,10,aa98,a6b6,True,69,wrong_pattern,2,False
confusion_even_odd,even_odd,,3,0.6000000000000001,8,849d,2b4,True,83,spurious,-1,False
confusion_even_odd,even_odd,,3,0.6000000000000001,12,1378,359,True,45,spurious,-1,False
confusion_even_odd,even_odd,,3,0.6000000000000001,7,eca4,fca6,True,25,wrong_pattern,0,False
confusion_even_odd,even_odd,,3,0.6000000000000001,11,72d4,2b4,True,45,spurious,-1,False
confusion_even_odd,even_odd,,3,0.6000000000000001,9,f2ae,a6b6,True,79,wrong_pattern,2,False
confusion_even_odd,even_odd,,3,0.6000000000000001,7,6402,fd4b,True,45,spurious,-1,False
confusion_even_odd,even_odd,,3,0.6000000000000001,10,10d2,58a4,True,49,spurious,-1,False
confusion_even_odd,even_odd,,3,0.6000000000000001,10,4a66,58a4,True,59,spurious,-1,False
confusion_even_odd,even_odd,,3,0.6000000000000001,11,6018,359,True,45,spurious,-1,False
confusion_even_odd,even_odd,,3,0.6000000000000001,9,516b,359,True,89,spurious,-1,False
confusion_even_odd,even_odd,,3,0.6000000000000001,11,609a,e46a,True,45,spurious,-1,False
confusion_even_odd,even_odd,,3,0.6000000000000001,8,f45c,a75b,True,55,spurious,-1,False
confusion_even_odd,even_odd,,3,0.6000000000000001,10,636d,359,True,35,spurious,-1,False
confusion_even_odd,even_odd,,3,0.6000000000000001,6,fc4c,fd4b,True,35,spurious,-1,False
confusion_even_odd,even_odd,,3,0.6000000000000001,9,2171,359,True,25,spurious,-1,False
confusion_even_odd,even_odd,,3,0.6000000000000001,10,96f2,a6b6,True,35,wrong_pattern,2,False
confusion_even_odd,even_odd,,3,0.6000000000000001,11,4b5a,359,True,45,spurious,-1,False
confusion_even_odd,even_odd,,3,0.6000000000000001,11,4064,5868,True,49,spurious,-1,False
confusion_even_odd,even_odd,,3,0.6000000000000001,10,5a51,1905,True,69,spurious,-1,False
confusion_even_odd,even_odd,,3,0.6000000000000001,11,47ac,42f8,True,21,spurious,-1,False
confusion_even_odd,even_odd,,3,0.6000000000000001,9,aa71,a75b,True,83,spurious,-1,False
confusion_even_odd,even_odd,,3,0.6000000000000001,11,c2c4,2b4,True,45,spurious,-1,False
confusion_even_odd,even_odd,,3,0.6000000000000001,11,45e0,58a4,True,55,spurious,-1,False
confusion_even_odd,even_odd,,3,0.6000000000000001,10,4e4a,359,True,65,spurious,-1,False
confusion_even_odd,even_odd,,3,0.6000000000000001,8,fbbb,fca6,True,35,wrong_pattern,0,False
confusion_even_odd,even_odd,,3,0.6000000000000001,8,59d,395,True,49,spurious,-1,False
confusion_even_odd,even_odd,,3,0.6000000000000001,14,c278,42f8,True,25,spurious,-1,False
confusion_even_odd,even_odd,,3,0.6000000000000001,9,c810,1905,True,45,spurious,-1,False
