experiment,mode,variant,pat_idx,eta,hamming_in,init_state,result_state,settled,settle_time,outcome,recalled_pat,correct,timeout,max_depth_mult
timeout,depth,_mult0p5,0,0.0,0,fca6,fca6,True,0,correct,0,True,420,0.5
timeout,depth,_mult0p5,0,0.0,0,fca6,fca6,True,0,correct,0,True,420,0.5
timeout,depth,_mult0p5,0,0.0,0,fca6,fca6,True,0,correct,0,True,420,0.5
timeout,depth,_mult0p5,0,0.0,0,fca6,fca6,True,0,correct,0,True,420,0.5
timeout,depth,_mult0p5,0,0.0,0,fca6,fca6,True,0,correct,0,True,420,0.5
timeout,depth,_mult0p5,0,0.0,0,fca6,fca6,True,0,correct,0,True,420,0.5
timeout,depth,_mult0p5,0,0.0,0,fca6,fca6,True,0,correct,0,True,420,0.5
timeout,depth,_mult0p5,0,0.0,0,fca6,fca6,True,0,correct,0,True,420,0.5
timeout,depth,_mult0p5,0,0.0,0,fca6,fca6,True,0,correct,0,True,420,0.5
timeout,depth,_mult0p5,0,0.0,0,fca6,fca6,True,0,correct,0,True,420,0.5
timeout,depth,_mult0p5,0,0.0,0,fca6,fca6,True,0,correct,0,True,420,0.5
timeout,depth,_mult0p5,0,0.0,0,fca6,fca6,True,0,correct,0,True,420,0.5
timeout,depth,_mult0p5,0,0.0,0,fca6,fca6,True,0,correct,0,True,420,0.5
timeout,depth,_mult0p5,0,0.0,0,fca6,fca6,True,0,correct,0,True,420,0.5
timeout,depth,_mult0p5,0,0.0,0,fca6,fca6,True,0,correct,0,True,420,0.5
timeout,depth,_mult0p5,0,0.0,0,fca6,fca6,True,0,correct,0,True,420,0.5
timeout,depth,_mult0p5,0,0.0,0,fca6,fca6,True,0,correct,0,True,420,0.5
timeout,depth,_mult0p5,0,0.0,0,fca6,fca6,True,0,correct,0,True,420,0.5
timeout,depth,_mult0p5,0,0.0,0,fca6,fca6,True,0,correct,0,True,420,0.5
timeout,depth,_mult0p5,0,0.0,0,fca6,fca6,True,0,correct,0,True,420,0.5
timeout,depth,_mult0p5,0,0.0,0,fca6,fca6,True,0,correct,0,True,420,0.5
timeout,depth,_mult0p5,0,0.0,0,fca6,fca6,True,0,correct,0,True,420,0.5
timeout,depth,_mult0p5,0,0.0,0,fca6,fca6,True,0,correct,0,True,420,0.5
timeout,depth,_mult0p5,0,0.0,0,fca6,fca6,True,0,correct,0,True,420,0.5
timeout,depth,_mult0p5,0,0.0,0,fca6,fca6,True,0,correct,0,True,420,0.5
timeout,depth,_mult0p5,0,0.0,0,fca6,fca6,True,0,correct,0,True,420,0.5
timeout,depth,_mult0p5,0,0.0,0,fca6,fca6,True,0,correct,0,True,420,0.5
timeout,depth,_mult0p5,0,0.0,0,fca6,fca6,True,0,correct,0,True,420,0.5
timeout,depth,_mult0p5,0,0.0,0,fca6,fca6,True,0,correct,0,True,420,0.5
timeout,depth,_mult0p5,0,0.0,0,fca6,fca6,True,0,correct,0,True,420,0.5
timeout,depth,_mult0p5,0,0.0,0,fca6,fca6,True,0,correct,0,True,420,0.5
timeout,depth,_mult0p5,0,0.0,0,fca6,fca6,True,0,correct,0,True,420,0.5
timeout,depth,_mult0p5,0,0.0,0,fca6,fca6,True,0,correct,0,True,420,0.5
timeout,depth,_mult0p5,0,0.0,0,fca6,fca6,True,0,correct,0,True,420,0.5
timeout,depth,_mult0p5,0,0.0,0,fca6,fca6,True,0,correct,0,True,420,0.5
timeout,depth,_mult0p5,0,0.0,0,fca6,fca6,True,0,correct,0,True,420,0.5
timeout,depth,_mult0p5,0,0.0,0,fca6,fca6,True,0,correct,0,True,420,0.5
timeout,depth,_mult0p5,0,0.0,0,fca6,fca6,True,0,correct,0,True,420,0.5
timeout,depth,_mult0p5,0,0.0,0,fca6,fca6,True,0,correct,0,True,420,0.5
timeout,depth,_mult0p5,0,0.0,0,fca6,fca6,True,0,correct,0,True,420,0.5
timeout,depth,_mult0p5,0,0.0,0,fca6,fca6,True,0,correct,0,True,420,0.5
timeout,depth,_mult0p5,0,0.0,0,fca6,fca6,True,0,correct,0,True,420,0.5
timeout,depth,_mult0p5,0,0.0,0,fca6,fca6,True,0,correct,0,True,420,0.5
timeout,depth,_mult0p5,0,0.0,0,fca6,fca6,True,0,correct,0,True,420,0.5
timeout,depth,_mult0p5,0,0.0,0,fca6,fca6,True,0,correct,0,True,420,0.5
timeout,depth,_mult0p5,0,0.0,0,fca6,fca6,True,0,correct,0,True,420,0.5
timeout,depth,_mult0p5,0,0.0,0,fca6,fca6,True,0,correct,0,True,420,0.5
timeout,depth,_mult0p5,0,0.0,0,fca6,fca6,True,0,correct,0,True,420,0.5
timeout,depth,_mult0p5,0,0.0,0,fca6,fca6,True,0,correct,0,True,420,0.5
timeout,depth,_mult0p5,0,0.0,0,fca6,fca6,True,0,correct,0,True,420,0.5
timeout,depth,_mult0p5,0,0.0,0,fca6,fca6,True,0,correct,0,True,420,0.5
timeout,depth,_mult0p5,0,0.0,0,fca6,fca6,True,0,correct,0,True,420,0.5
timeout,depth,_mult0p5,0,0.0,0,fca6,fca6,True,0,correct,0,True,420,0.5
timeout,depth,_mult0p5,0,0.0,0,fca6,fca6,True,0,correct,0,True,420,0.5
timeout,depth,_mult0p5,0,0.0,0,fca6,fca6,True,0,correct,0,True,420,0.5
timeout,depth,_mult0p5,0,0.0,0,fca6,fca6,True,0,correct,0,True,420,0.5
timeout,depth,_mult0p5,0,0.0,0,fca6,fca6,True,0,correct,0,True,420,0.5
timeout,depth,_mult0p5,0,0.0,0,fca6,fca6,True,0,correct,0,True,420,0.5
timeout,depth,_mult0p5,0,0.0,0,fca6,fca6,True,0,correct,0,True,420,0.5
timeout,depth,_mult0p5,0,0.0,0,fca6,fca6,True,0,correct,0,True,420,0.5
timeout,depth,_mult0p5,1,0.0,0,1b95,1b95,True,0,correct,1,True,420,0.5
timeout,depth,_mult0p5,1,0.0,0,1b95,1b95,True,0,correct,1,True,420,0.5
timeout,depth,_mult0p5,1,0.0,0,1b95,1b95,True,0,correct,1,True,420,0.5
timeout,depth,_mult0p5,1,0.0,0,1b95,1b95,True,0,correct,1,True,420,0.5
timeout,depth,_mult0p5,1,0.0,0,1b95,1b95,True,0,correct,1,True,420,0.5
timeout,depth,_mult0p5,1,0.0,0,1b95,1b95,True,0,correct,1,True,420,0.5
timeout,depth,_mult0p5,1,0.0,0,1b95,1b95,True,0,correct,1,True,420,0.5
timeout,depth,_mult0p5,1,0.0,0,1b95,1b95,True,0,correct,1,True,420,0.5
timeout,depth,_mult0p5,1,0.0,0,1b95,1b95,True,0,correct,1,True,420,0.5
timeout,depth,_mult0p5,1,0.0,0,1b95,1b95,True,0,correct,1,True,420,0.5
timeout,depth,_mult0p5,1,0.0,0,1b95,1b95,True,0,correct,1,True,420,0.5
timeout,depth,_mult0p5,1,0.0,0,1b95,1b95,True,0,correct,1,True,420,0.5
timeout,depth,_mult0p5,1,0.0,0,1b95,1b95,True,0,correct,1,True,420,0.5
timeout,depth,_mult0p5,1,0.0,0,1b95,1b95,True,0,correct,1,True,420,0.5
timeout,depth,_mult0p5,1,0.0,0,1b95,1b95,True,0,correct,1,True,420,0.5
timeout,depth,_mult0p5,1,0.0,0,1b95,1b95,True,0,correct,1,True,420,0.5
timeout,depth,_mult0p5,1,0.0,0,1b95,1b95,True,0,correct,1,True,420,0.5
timeout,depth,_mult0p5,1,0.0,0,1b95,1b95,True,0,correct,1,True,420,0.5
timeout,depth,_mult0p5,1,0.0,0,1b95,1b95,True,0,correct,1,True,420,0.5
timeout,depth,_mult0p5,1,0.0,0,1b95,1b95,True,0,correct,1,True,420,0.5
timeout,depth,_mult0p5,1,0.0,0,1b95,1b95,True,0,correct,1,True,420,0.5
timeout,depth,_mult0p5,1,0.0,0,1b95,1b95,True,0,correct,1,True,420,0.5
timeout,depth,_mult0p5,1,0.0,0,1b95,1b95,True,0,correct,1,True,420,0.5
timeout,depth,_mult0p5,1,0.0,0,1b95,1b95,True,0,correct,1,True,420,0.5
timeout,depth,_mult0p5,1,0.0,0,1b95,1b95,True,0,correct,1,True,420,0.5
timeout,depth,_mult0p5,1,0.0,0,1b95,1b95,True,0,correct,1,True,420,0.5
timeout,depth,_mult0p5,1,0.0,0,1b95,1b95,True,0,correct,1,True,420,0.5
timeout,depth,_mult0p5,1,0.0,0,1b95,1b95,True,0,correct,1,True,420,0.5
timeout,depth,_mult0p5,1,0.0,0,1b95,1b95,True,0,correct,1,True,420,0.5
timeout,depth,_mult0p5,1,0.0,0,1b95,1b95,True,0,correct,1,True,420,0.5
timeout,depth,_mult0p5,1,0.0,0,1b95,1b95,True,0,correct,1,True,420,0.5
timeout,depth,_mult0p5,1,0.0,0,1b95,1b95,True,0,correct,1,True,420,0.5
timeout,depth,_mult0p5,1,0.0,0,1b95,1b95,True,0,correct,1,True,420,0.5
timeout,depth,_mult0p5,1,0.0,0,1b95,1b95,True,0,correct,1,True,420,0.5
timeout,depth,_mult0p5,1,0.0,0,1b95,1b95,True,0,correct,1,True,420,0.5
timeout,depth,_mult0p5,1,0.0,0,1b95,1b95,True,0,correct,1,True,420,0.5
timeout,depth,_mult0p5,1,0.0,0,1b95,1b95,True,0,correct,1,True,420,0.5
timeout,depth,_mult0p5,1,0.0,0,1b95,1b95,True,0,correct,1,True,420,0.5
timeout,depth,_mult0p5,1,0.0,0,1b95,1b95,True,0,correct,1,True,420,0.5
timeout,depth,_mult0p5,1,0.0,0,1b95,1b95,True,0,correct,1,True,420,0.5
timeout,depth,_mult0p5,1,0.0,0,1b95,1b95,True,0,correct,1,True,420,0.5
timeout,depth,_mult0p5,1,0.0,0,1b95,1b95,True,0,correct,1,True,420,0.5
timeout,depth,_mult0p5,1,0.0,0,1b95,1b95,True,0,correct,1,True,420,0.5
timeout,depth,_mult0p5,1,0.0,0,1b95,1b95,True,0,correct,1,True,420,0.5
timeout,depth,_mult0p5,1,0.0,0,1b95,1b95,True,0,correct,1,True,420,0.5
timeout,depth,_mult0p5,1,0.0,0,1b95,1b95,True,0,correct,1,True,420,0.5
timeout,depth,_mult0p5,1,0.0,0,1b95,1b95,True,0,correct,1,True,420,0.5
timeout,depth,_mult0p5,1,0.0,0,1b95,1b95,True,0,correct,1,True,420,0.5
timeout,depth,_mult0p5,1,0.0,0,1b95,1b95,True,0,correct,1,True,420,0.5
timeout,depth,_mult0p5,1,0.0,0,1b95,1b95,True,0,correct,1,True,420,0.5
timeout,depth,_mult0p5,1,0.0,0,1b95,1b95,True,0,correct,1,True,420,0.5
timeout,depth,_mult0p5,1,0.0,0,1b95,1b95,True,0,correct,1,True,420,0.5
timeout,depth,_mult0p5,1,0.0,0,1b95,1b95,True,0,correct,1,True,420,0.5
timeout,depth,_mult0p5,1,0.0,0,1b95,1b95,True,0,correct,1,True,420,0.5
timeout,depth,_mult0p5,1,0.0,0,1b95,1b95,True,0,correct,1,True,420,0.5
timeout,depth,_mult0p5,1,0.0,0,1b95,1b95,True,0,correct,1,True,420,0.5
timeout,depth,_mult0p5,1,0.0,0,1b95,1b95,True,0,correct,1,True,420,0.5
timeout,depth,_mult0p5,1,0.0,0,1b95,1b95,True,0,correct,1,True,420,0.5
timeout,depth,_mult0p5,1,0.0,0,1b95,1b95,True,0,correct,1,True,420,0.5
timeout,depth,_mult0p5,1,0.0,0,1b95,1b95,True,0,correct,1,True,420,0.5
timeout,depth,_mult0p5,2,0.0,0,a6b6,a6b6,True,0,correct,2,True,420,0.5
timeout,depth,_mult0p5,2,0.0,0,a6b6,a6b6,True,0,correct,2,True,420,0.5
timeout,depth,_mult0p5,2,0.0,0,a6b6,a6b6,True,0,correct,2,True,420,0.5
timeout,depth,_mult0p5,2,0.0,0,a6b6,a6b6,True,0,correct,2,True,420,0.5
timeout,depth,_mult0p5,2,0.0,0,a6b6,a6b6,True,0,correct,2,True,420,0.5
timeout,depth,_mult0p5,2,0.0,0,a6b6,a6b6,True,0,correct,2,True,420,0.5
timeout,depth,_mult0p5,2,0.0,0,a6b6,a6b6,True,0,correct,2,True,420,0.5
timeout,depth,_mult0p5,2,0.0,0,a6b6,a6b6,True,0,correct,2,True,420,0.5
timeout,depth,_mult0p5,2,0.0,0,a6b6,a6b6,True,0,correct,2,True,420,0.5
timeout,depth,_mult0p5,2,0.0,0,a6b6,a6b6,True,0,correct,2,True,420,0.5
timeout,depth,_mult0p5,2,0.0,0,a6b6,a6b6,True,0,correct,2,True,420,0.5
timeout,depth,_mult0p5,2,0.0,0,a6b6,a6b6,True,0,correct,2,True,420,0.5
timeout,depth,_mult0p5,2,0.0,0,a6b6,a6b6,True,0,correct,2,True,420,0.5
timeout,depth,_mult0p5,2,0.0,0,a6b6,a6b6,True,0,correct,2,True,420,0.5
timeout,depth,_mult0p5,2,0.0,0,a6b6,a6b6,True,0,correct,2,True,420,0.5
timeout,depth,_mult0p5,2,0.0,0,a6b6,a6b6,True,0,correct,2,True,420,0.5
timeout,depth,_mult0p5,2,0.0,0,a6b6,a6b6,True,0,correct,2,True,420,0.5
timeout,depth,_mult0p5,2,0.0,0,a6b6,a6b6,True,0,correct,2,True,420,0.5
timeout,depth,_mult0p5,2,0.0,0,a6b6,a6b6,True,0,correct,2,True,420,0.5
timeout,depth,_mult0p5,2,0.0,0,a6b6,a6b6,True,0,correct,2,True,420,0.5
timeout,depth,_mult0p5,2,0.0,0,a6b6,a6b6,True,0,correct,2,True,420,0.5
timeout,depth,_mult0p5,2,0.0,0,a6b6,a6b6,True,0,correct,2,True,420,0.5
timeout,depth,_mult0p5,2,0.0,0,a6b6,a6b6,True,0,correct,2,True,420,0.5
timeout,depth,_mult0p5,2,0.0,0,a6b6,a6b6,True,0,correct,2,True,420,0.5
timeout,depth,_mult0p5,2,0.0,0,a6b6,a6b6,True,0,correct,2,True,420,0.5
timeout,depth,_mult0p5,2,0.0,0,a6b6,a6b6,True,0,correct,2,True,420,0.5
timeout,depth,_mult0p5,2,0.0,0,a6b6,a6b6,True,0,correct,2,True,420,0.5
timeout,depth,_mult0p5,2,0.0,0,a6b6,a6b6,True,0,correct,2,True,420,0.5
timeout,depth,_mult0p5,2,0.0,0,a6b6,a6b6,True,0,correct,2,True,420,0.5
timeout,depth,_mult0p5,2,0.0,0,a6b6,a6b6,True,0,correct,2,True,420,0.5
timeout,depth,_mult0p5,2,0.0,0,a6b6,a6b6,True,0,correct,2,True,420,0.5
timeout,depth,_mult0p5,2,0.0,0,a6b6,a6b6,True,0,correct,2,True,420,0.5
timeout,depth,_mult0p5,2,0.0,0,a6b6,a6b6,True,0,correct,2,True,420,0.5
timeout,depth,_mult0p5,2,0.0,0,a6b6,a6b6,True,0,correct,2,True,420,0.5
timeout,depth,_mult0p5,2,0.0,0,a6b6,a6b6,True,0,correct,2,True,420,0.5
timeout,depth,_mult0p5,2,0.0,0,a6b6,a6b6,True,0,correct,2,True,420,0.5
timeout,depth,_mult0p5,2,0.0,0,a6b6,a6b6,True,0,correct,2,True,420,0.5
timeout,depth,_mult0p5,2,0.0,0,a6b6,a6b6,True,0,correct,2,True,420,0.5
timeout,depth,_mult0p5,2,0.0,0,a6b6,a6b6,True,0,correct,2,True,420,0.5
timeout,depth,_mult0p5,2,0.0,0,a6b6,a6b6,True,0,correct,2,True,420,0.5
timeout,depth,_mult0p5,2,0.0,0,a6b6,a6b6,True,0,correct,2,True,420,0.5
timeout,depth,_mult0p5,2,0.0,0,a6b6,a6b6,True,0,correct,2,True,420,0.5
timeout,depth,_mult0p5,2,0.0,0,a6b6,a6b6,True,0,correct,2,True,420,0.5
timeout,depth,_mult0p5,2,0.0,0,a6b6,a6b6,True,0,correct,2,True,420,0.5
timeout,depth,_mult0p5,2,0.0,0,a6b6,a6b6,True,0,correct,2,True,420,0.5
timeout,depth,_mult0p5,2,0.0,0,a6b6,a6b6,True,0,correct,2,True,420,0.5
timeout,depth,_mult0p5,2,0.0,0,a6b6,a6b6,True,0,correct,2,True,420,0.5
timeout,depth,_mult0p5,2,0.0,0,a6b6,a6b6,True,0,correct,2,True,420,0.5
timeout,depth,_mult0p5,2,0.0,0,a6b6,a6b6,True,0,correct,2,True,420,0.5
timeout,depth,_mult0p5,2,0.0,0,a6b6,a6b6,True,0,correct,2,True,420,0.5
timeout,depth,_mult0p5,2,0.0,0,a6b6,a6b6,True,0,correct,2,True,420,0.5
timeout,depth,_mult0p5,2,0.0,0,a6b6,a6b6,True,0,correct,2,True,420,0.5
timeout,depth,_mult0p5,2,0.0,0,a6b6,a6b6,True,0,correct,2,True,420,0.5
timeout,depth,_mult0p5,2,0.0,0,a6b6,a6b6,True,0,correct,2,True,420,0.5
timeout,depth,_mult0p5,2,0.0,0,a6b6,a6b6,True,0,correct,2,True,420,0.5
timeout,depth,_mult0p5,2,0.0,0,a6b6,a6b6,True,0,correct,2,True,420,0.5
timeout,depth,_mult0p5,2,0.0,0,a6b6,a6b6,True,0,correct,2,True,420,0.5
timeout,depth,_mult0p5,2,0.0,0,a6b6,a6b6,True,0,correct,2,True,420,0.5
timeout,depth,_mult0p5,2,0.0,0,a6b6,a6b6,True,0,correct,2,True,420,0.5
timeout,depth,_mult0p5,2,0.0,0,a6b6,a6b6,True,0,correct,2,True,420,0.5
timeout,depth,_mult0p5,3,0.0,0,bd07,bd07,True,0,correct,3,True,420,0.5
timeout,depth,_mult0p5,3,0.0,0,bd07,bd07,True,0,correct,3,True,420,0.5
timeout,depth,_mult0p5,3,0.0,0,bd07,bd07,True,0,correct,3,True,420,0.5
timeout,depth,_mult0p5,3,0.0,0,bd07,bd07,True,0,correct,3,True,420,0.5
timeout,depth,_mult0p5,3,0.0,0,bd07,bd07,True,0,correct,3,True,420,0.5
timeout,depth,_mult0p5,3,0.0,0,bd07,bd07,True,0,correct,3,True,420,0.5
timeout,depth,_mult0p5,3,0.0,0,bd07,bd07,True,0,correct,3,True,420,0.5
timeout,depth,_mult0p5,3,0.0,0,bd07,bd07,True,0,correct,3,True,420,0.5
timeout,depth,_mult0p5,3,0.0,0,bd07,bd07,True,0,correct,3,True,420,0.5
timeout,depth,_mult0p5,3,0.0,0,bd07,bd07,True,0,correct,3,True,420,0.5
timeout,depth,_mult0p5,3,0.0,0,bd07,bd07,True,0,correct,3,True,420,0.5
timeout,depth,_mult0p5,3,0.0,0,bd07,bd07,True,0,correct,3,True,420,0.5
timeout,depth,_mult0p5,3,0.0,0,bd07,bd07,True,0,correct,3,True,420,0.5
timeout,depth,_mult0p5,3,0.0,0,bd07,bd07,True,0,correct,3,True,420,0.5
timeout,depth,_mult0p5,3,0.0,0,bd07,bd07,True,0,correct,3,True,420,0.5
timeout,depth,_mult0p5,3,0.0,0,bd07,bd07,True,0,correct,3,True,420,0.5
timeout,depth,_mult0p5,3,0.0,0,bd07,bd07,True,0,correct,3,True,420,0.5
timeout,depth,_mult0p5,3,0.0,0,bd07,bd07,True,0,correct,3,True,420,0.5
timeout,depth,_mult0p5,3,0.0,0,bd07,bd07,True,0,correct,3,True,420,0.5
timeout,depth,_mult0p5,3,0.0,0,bd07,bd07,True,0,correct,3,True,420,0.5
timeout,depth,_mult0p5,3,0.0,0,bd07,bd07,True,0,correct,3,True,420,0.5
timeout,depth,_mult0p5,3,0.0,0,bd07,bd07,True,0,correct,3,True,420,0.5
timeout,depth,_mult0p5,3,0.0,0,bd07,bd07,True,0,correct,3,True,420,0.5
timeout,depth,_mult0p5,3,0.0,0,bd07,bd07,True,0,correct,3,True,420,0.5
timeout,depth,_mult0p5,3,0.0,0,bd07,bd07,True,0,correct,3,True,420,0.5
timeout,depth,_mult0p5,3,0.0,0,bd07,bd07,True,0,correct,3,True,420,0.5
timeout,depth,_mult0p5,3,0.0,0,bd07,bd07,True,0,correct,3,True,420,0.5
timeout,depth,_mult0p5,3,0.0,0,bd07,bd07,True,0,correct,3,True,420,0.5
timeout,depth,_mult0p5,3,0.0,0,bd07,bd07,True,0,correct,3,True,420,0.5
timeout,depth,_mult0p5,3,0.0,0,bd07,bd07,True,0,correct,3,True,420,0.5
timeout,depth,_mult0p5,3,0.0,0,bd07,bd07,True,0,correct,3,True,420,0.5
timeout,depth,_mult0p5,3,0.0,0,bd07,bd07,True,0,correct,3,True,420,0.5
timeout,depth,_mult0p5,3,0.0,0,bd07,bd07,True,0,correct,3,True,420,0.5
timeout,depth,_mult0p5,3,0.0,0,bd07,bd07,True,0,correct,3,True,420,0.5
timeout,depth,_mult0p5,3,0.0,0,bd07,bd07,True,0,correct,3,True,420,0.5
timeout,depth,_mult0p5,3,0.0,0,bd07,bd07,True,0,correct,3,True,420,0.5
timeout,depth,_mult0p5,3,0.0,0,bd07,bd07,True,0,correct,3,True,420,0.5
timeout,depth,_mult0p5,3,0.0,0,bd07,bd07,True,0,correct,3,True,420,0.5
timeout,depth,_mult0p5,3,0.0,0,bd07,bd07,True,0,correct,3,True,420,0.5
timeout,depth,_mult0p5,3,0.0,0,bd07,bd07,True,0,correct,3,True,420,0.5
timeout,depth,_mult0p5,3,0.0,0,bd07,bd07,True,0,correct,3,True,420,0.5
timeout,depth,_mult0p5,3,0.0,0,bd07,bd07,True,0,correct,3,True,420,0.5
timeout,depth,_mult0p5,3,0.0,0,bd07,bd07,True,0,correct,3,True,420,0.5
timeout,depth,_mult0p5,3,0.0,0,bd07,bd07,True,0,correct,3,True,420,0.5
timeout,depth,_mult0p5,3,0.0,0,bd07,bd07,True,0,correct,3,True,420,0.5
timeout,depth,_mult0p5,3,0.0,0,bd07,bd07,True,0,correct,3,True,420,0.5
timeout,depth,_mult0p5,3,0.0,0,bd07,bd07,True,0,correct,3,True,420,0.5
timeout,depth,_mult0p5,3,0.0,0,bd07,bd07,True,0,correct,3,True,420,0.5
timeout,depth,_mult0p5,3,0.0,0,bd07,bd07,True,0,correct,3,True,420,0.5
timeout,depth,_mult0p5,3,0.0,0,bd07,bd07,True,0,correct,3,True,420,0.5
timeout,depth,_mult0p5,3,0.0,0,bd07,bd07,True,0,correct,3,True,420,0.5
timeout,depth,_mult0p5,3,0.0,0,bd07,bd07,True,0,correct,3,True,420,0.5
timeout,depth,_mult0p5,3,0.0,0,bd07,bd07,True,0,correct,3,True,420,0.5
timeout,depth,_mult0p5,3,0.0,0,bd07,bd07,True,0,correct,3,True,420,0.5
timeout,depth,_mult0p5,3,0.0,0,bd07,bd07,True,0,correct,3,True,420,0.5
timeout,depth,_mult0p5,3,0.0,0,bd07,bd07,True,0,correct,3,True,420,0.5
timeout,depth,_mult0p5,3,0.0,0,bd07,bd07,True,0,correct,3,True,420,0.5
timeout,depth,_mult0p5,3,0.0,0,bd07,bd07,True,0,correct,3,True,420,0.5
timeout,depth,_mult0p5,3,0.0,0,bd07,bd07,True,0,correct,3,True,420,0.5
timeout,depth,_mult0p5,3,0.0,0,bd07,bd07,True,0,correct,3,True,420,0.5
timeout,depth,_mult0p5,0,0.15,3,faae,fca6,True,6,correct,0,True,420,0.5
timeout,depth,_mult0p5,0,0.15,1,fea6,fca6,True,5,correct,0,True,420,0.5
timeout,depth,_mult0p5,0,0.15,1,fca2,fca6,True,6,correct,0,True,420,0.5
timeout,depth,_mult0p5,0,0.15,3,f884,5ca6,False,420,oscillated,-1,False,420,0.5
timeout,depth,_mult0p5,0,0.15,3,f0a2,fca6,True,7,correct,0,True,420,0.5
timeout,depth,_mult0p5,0,0.15,2,f886,fca6,True,4,correct,0,True,420,0.5
timeout,depth,_mult0p5,0,0.15,2,f8a2,fca6,True,6,correct,0,True,420,0.5
timeout,depth,_mult0p5,0,0.15,2,fcac,fca6,True,6,correct,0,True,420,0.5
timeout,depth,_mult0p5,0,0.15,1,dca6,fca6,True,4,correct,0,True,420,0.5
timeout,depth,_mult0p5,0,0.15,5,dc0a,fd4b,True,7,spurious,-1,False,420,0.5
timeout,depth,_mult0p5,0,0.15,2,fea4,fca6,True,5,correct,0,True,420,0.5
timeout,depth,_mult0p5,0,0.15,4,788e,dca4,False,420,oscillated,-1,False,420,0.5
timeout,depth,_mult0p5,0,0.15,2,f5a6,fca6,True,7,correct,0,True,420,0.5
timeout,depth,_mult0p5,0,0.15,2,fc84,fca6,True,4,correct,0,True,420,0.5
timeout,depth,_mult0p5,0,0.15,5,f0b0,5ca6,False,420,oscillated,-1,False,420,0.5
timeout,depth,_mult0p5,0,0.15,5,3df6,fca6,True,15,correct,0,True,420,0.5
timeout,depth,_mult0p5,0,0.15,4,7c0e,fd4b,True,12,spurious,-1,False,420,0.5
timeout,depth,_mult0p5,0,0.15,3,bcb7,fca6,True,15,correct,0,True,420,0.5
timeout,depth,_mult0p5,0,0.15,2,fea2,fca6,True,6,correct,0,True,420,0.5
timeout,depth,_mult0p5,0,0.15,4,cda2,fca6,True,7,correct,0,True,420,0.5
timeout,depth,_mult0p5,0,0.15,1,f8a6,fca6,True,4,correct,0,True,420,0.5
timeout,depth,_mult0p5,0,0.15,6,2cab,e6fa,True,16,spurious,-1,False,420,0.5
timeout,depth,_mult0p5,0,0.15,2,f426,fca6,True,9,correct,0,True,420,0.5
timeout,depth,_mult0p5,0,0.15,2,ece6,fca6,True,7,correct,0,True,420,0.5
timeout,depth,_mult0p5,0,0.15,3,f9a2,fca6,True,6,correct,0,True,420,0.5
timeout,depth,_mult0p5,0,0.15,4,6ce2,fca6,True,11,correct,0,True,420,0.5
timeout,depth,_mult0p5,0,0.15,3,eea2,fca6,True,16,correct,0,True,420,0.5
timeout,depth,_mult0p5,0,0.15,0,fca6,fca6,True,0,correct,0,True,420,0.5
timeout,depth,_mult0p5,0,0.15,4,f4e5,fca6,True,7,correct,0,True,420,0.5
timeout,depth,_mult0p5,0,0.15,2,feb6,fca6,True,5,correct,0,True,420,0.5
timeout,depth,_mult0p5,0,0.15,3,94a6,fca6,True,23,correct,0,True,420,0.5
timeout,depth,_mult0p5,0,0.15,0,fca6,fca6,True,0,correct,0,True,420,0.5
timeout,depth,_mult0p5,0,0.15,1,fca7,fca6,True,4,correct,0,True,420,0.5
timeout,depth,_mult0p5,0,0.15,1,dca6,fca6,True,4,correct,0,True,420,0.5
timeout,depth,_mult0p5,0,0.15,1,f8a6,fca6,True,4,correct,0,True,420,0.5
timeout,depth,_mult0p5,0,0.15,2,fc06,bd07,True,15,wrong_pattern,3,False,420,0.5
timeout,depth,_mult0p5,0,0.15,4,acac,a6b6,True,17,wrong_pattern,2,False,420,0.5
timeout,depth,_mult0p5,0,0.15,2,eda6,fca6,True,7,correct,0,True,420,0.5
timeout,depth,_mult0p5,0,0.15,3,f4b7,fca6,True,14,correct,0,True,420,0.5
timeout,depth,_mult0p5,0,0.15,1,fea6,fca6,True,5,correct,0,True,420,0.5
timeout,depth,_mult0p5,0,0.15,1,dca6,fca6,True,4,correct,0,True,420,0.5
timeout,depth,_mult0p5,0,0.15,5,64e7,fca6,True,17,correct,0,True,420,0.5
timeout,depth,_mult0p5,0,0.15,1,fcae,fca6,True,6,correct,0,True,420,0.5
timeout,depth,_mult0p5,0,0.15,5,e4a8,fc6a,True,14,spurious,-1,False,420,0.5
timeout,depth,_mult0p5,0,0.15,4,f807,bd07,True,12,wrong_pattern,3,False,420,0.5
timeout,depth,_mult0p5,0,0.15,1,fc26,fca6,True,9,correct,0,True,420,0.5
timeout,depth,_mult0p5,0,0.15,2,7c86,fca6,True,4,correct,0,True,420,0.5
timeout,depth,_mult0p5,0,0.15,2,fc06,bd07,True,15,wrong_pattern,3,False,420,0.5
timeout,depth,_mult0p5,0,0.15,2,fda4,fca6,True,4,correct,0,True,420,0.5
timeout,depth,_mult0p5,0,0.15,2,dcae,fca6,True,6,correct,0,True,420,0.5
timeout,depth,_mult0p5,0,0.15,5,e786,fca6,True,17,correct,0,True,420,0.5
timeout,depth,_mult0p5,0,0.15,3,7de6,fca6,True,6,correct,0,True,420,0.5
timeout,depth,_mult0p5,0,0.15,1,eca6,fca6,True,7,correct,0,True,420,0.5
timeout,depth,_mult0p5,0,0.15,2,cca6,fca6,True,7,correct,0,True,420,0.5
timeout,depth,_mult0p5,0,0.15,2,6ca6,fca6,True,7,correct,0,True,420,0.5
timeout,depth,_mult0p5,0,0.15,1,fc26,fca6,True,9,correct,0,True,420,0.5
timeout,depth,_mult0p5,0,0.15,5,dcca,fc6a,True,9,spurious,-1,False,420,0.5
timeout,depth,_mult0p5,0,0.15,2,dce6,fca6,True,6,correct,0,True,420,0.5
timeout,depth,_mult0p5,0,0.15,0,fca6,fca6,True,0,correct,0,True,420,0.5
timeout,depth,_mult0p5,0,0.15,1,f8a6,fca6,True,4,correct,0,True,420,0.5
timeout,depth,_mult0p5,1,0.15,2,db95,1905,True,13,spurious,-1,False,420,0.5
timeout,depth,_mult0p5,1,0.15,3,19f5,58a4,True,15,spurious,-1,False,420,0.5
timeout,depth,_mult0p5,1,0.15,1,1995,1915,False,420,oscillated,-1,False,420,0.5
timeout,depth,_mult0p5,1,0.15,3,4bb5,12b4,False,420,oscillated,-1,False,420,0.5
timeout,depth,_mult0p5,1,0.15,1,3b95,1b95,True,4,correct,1,True,420,0.5
timeout,depth,_mult0p5,1,0.15,3,5a97,58a4,True,7,spurious,-1,False,420,0.5
timeout,depth,_mult0p5,1,0.15,1,1995,1915,False,420,oscillated,-1,False,420,0.5
timeout,depth,_mult0p5,1,0.15,3,db94,58a4,True,7,spurious,-1,False,420,0.5
timeout,depth,_mult0p5,1,0.15,4,3b98,2b4,True,7,spurious,-1,False,420,0.5
timeout,depth,_mult0p5,1,0.15,0,1b95,1b95,True,0,correct,1,True,420,0.5
timeout,depth,_mult0p5,1,0.15,2,1bd4,2b4,True,7,spurious,-1,False,420,0.5
timeout,depth,_mult0p5,1,0.15,1,1b15,1b95,True,9,correct,1,True,420,0.5
timeout,depth,_mult0p5,1,0.15,3,1791,395,True,7,spurious,-1,False,420,0.5
timeout,depth,_mult0p5,1,0.15,3,1a8d,58a4,True,15,spurious,-1,False,420,0.5
timeout,depth,_mult0p5,1,0.15,3,1387,b95,False,420,oscillated,-1,False,420,0.5
timeout,depth,_mult0p5,1,0.15,3,1add,2b4,True,7,spurious,-1,False,420,0.5
timeout,depth,_mult0p5,1,0.15,4,138f,395,True,17,spurious,-1,False,420,0.5
timeout,depth,_mult0p5,1,0.15,5,1f5,2b4,True,7,spurious,-1,False,420,0.5
timeout,depth,_mult0p5,1,0.15,0,1b95,1b95,True,0,correct,1,True,420,0.5
timeout,depth,_mult0p5,1,0.15,4,1d99,1915,False,420,oscillated,-1,False,420,0.5
timeout,depth,_mult0p5,1,0.15,1,1b85,1b05,False,420,oscillated,-1,False,420,0.5
timeout,depth,_mult0p5,1,0.15,2,1b9c,2b4,True,7,spurious,-1,False,420,0.5
timeout,depth,_mult0p5,1,0.15,3,fb5,12b4,False,420,oscillated,-1,False,420,0.5
timeout,depth,_mult0p5,1,0.15,0,1b95,1b95,True,0,correct,1,True,420,0.5
timeout,depth,_mult0p5,1,0.15,0,1b95,1b95,True,0,correct,1,True,420,0.5
timeout,depth,_mult0p5,1,0.15,1,1395,b95,False,420,oscillated,-1,False,420,0.5
timeout,depth,_mult0p5,1,0.15,3,3b93,9f95,False,420,oscillated,-1,False,420,0.5
timeout,depth,_mult0p5,1,0.15,1,1bb5,58a4,True,21,spurious,-1,False,420,0.5
timeout,depth,_mult0p5,1,0.15,0,1b95,1b95,True,0,correct,1,True,420,0.5
timeout,depth,_mult0p5,1,0.15,4,7fb5,d8a6,False,420,oscillated,-1,False,420,0.5
timeout,depth,_mult0p5,1,0.15,3,1791,395,True,7,spurious,-1,False,420,0.5
timeout,depth,_mult0p5,1,0.15,1,5b95,1905,True,13,spurious,-1,False,420,0.5
timeout,depth,_mult0p5,1,0.15,5,ab05,1707,False,420,oscillated,-1,False,420,0.5
timeout,depth,_mult0p5,1,0.15,4,1615,b95,False,420,oscillated,-1,False,420,0.5
timeout,depth,_mult0p5,1,0.15,6,ebb4,16b6,False,420,oscillated,-1,False,420,0.5
timeout,depth,_mult0p5,1,0.15,2,1b55,395,True,14,spurious,-1,False,420,0.5
timeout,depth,_mult0p5,1,0.15,3,bf95,bf97,True,4,spurious,-1,False,420,0.5
timeout,depth,_mult0p5,1,0.15,3,1c95,58a4,True,18,spurious,-1,False,420,0.5
timeout,depth,_mult0p5,1,0.15,2,1fd5,1b95,True,6,correct,1,True,420,0.5
timeout,depth,_mult0p5,1,0.15,3,1bf1,2b4,True,7,spurious,-1,False,420,0.5
timeout,depth,_mult0p5,1,0.15,2,1a9d,2b4,True,7,spurious,-1,False,420,0.5
timeout,depth,_mult0p5,1,0.15,3,1a14,1b95,True,9,correct,1,True,420,0.5
timeout,depth,_mult0p5,1,0.15,2,1bb1,2b4,True,7,spurious,-1,False,420,0.5
timeout,depth,_mult0p5,1,0.15,2,1b17,1b95,True,9,correct,1,True,420,0.5
timeout,depth,_mult0p5,1,0.15,2,13b5,ab4,False,420,oscillated,-1,False,420,0.5
timeout,depth,_mult0p5,1,0.15,6,8ffd,62fa,False,420,oscillated,-1,False,420,0.5
timeout,depth,_mult0p5,1,0.15,4,4394,2b4,True,11,spurious,-1,False,420,0.5
timeout,depth,_mult0p5,1,0.15,5,3755,835b,False,420,oscillated,-1,False,420,0.5
timeout,depth,_mult0p5,1,0.15,3,9bc5,1b05,False,420,oscillated,-1,False,420,0.5
timeout,depth,_mult0p5,1,0.15,2,5b94,58a4,True,7,spurious,-1,False,420,0.5
timeout,depth,_mult0p5,1,0.15,1,1395,b95,False,420,oscillated,-1,False,420,0.5
timeout,depth,_mult0p5,1,0.15,1,1bd5,1b95,True,6,correct,1,True,420,0.5
timeout,depth,_mult0p5,1,0.15,1,5b95,1905,True,13,spurious,-1,False,420,0.5
timeout,depth,_mult0p5,1,0.15,5,38f5,58a4,True,15,spurious,-1,False,420,0.5
timeout,depth,_mult0p5,1,0.15,2,1915,1915,False,420,oscillated,-1,False,420,0.5
timeout,depth,_mult0p5,1,0.15,1,5b95,1905,True,13,spurious,-1,False,420,0.5
timeout,depth,_mult0p5,1,0.15,3,1b25,1b05,False,420,oscillated,-1,False,420,0.5
timeout,depth,_mult0p5,1,0.15,2,1397,b95,False,420,oscillated,-1,False,420,0.5
timeout,depth,_mult0p5,1,0.15,4,f995,1d07,False,420,oscillated,-1,False,420,0.5
timeout,depth,_mult0p5,1,0.15,2,9395,b95,False,420,oscillated,-1,False,420,0.5
timeout,depth,_mult0p5,2,0.15,3,a3b4,6b6,False,420,oscillated,-1,False,420,0.5
timeout,depth,_mult0p5,2,0.15,3,acb7,b6b6,False,420,oscillated,-1,False,420,0.5
timeout,depth,_mult0p5,2,0.15,3,6eb6,b6b6,False,420,oscillated,-1,False,420,0.5
timeout,depth,_mult0p5,2,0.15,1,a7b6,a6b6,True,4,correct,2,True,420,0.5
timeout,depth,_mult0p5,2,0.15,2,a796,a6b6,True,7,correct,2,True,420,0.5
timeout,depth,_mult0p5,2,0.15,0,a6b6,a6b6,True,0,correct,2,True,420,0.5
timeout,depth,_mult0p5,2,0.15,2,a4b4,a6b6,True,5,correct,2,True,420,0.5
timeout,depth,_mult0p5,2,0.15,0,a6b6,a6b6,True,0,correct,2,True,420,0.5
timeout,depth,_mult0p5,2,0.15,5,8477,a75b,True,12,spurious,-1,False,420,0.5
timeout,depth,_mult0p5,2,0.15,2,a2a6,a6b6,True,5,correct,2,True,420,0.5
timeout,depth,_mult0p5,2,0.15,1,aeb6,b6b6,False,420,oscillated,-1,False,420,0.5
timeout,depth,_mult0p5,2,0.15,1,b6b6,aeb6,False,420,oscillated,-1,False,420,0.5
timeout,depth,_mult0p5,2,0.15,0,a6b6,a6b6,True,0,correct,2,True,420,0.5
timeout,depth,_mult0p5,2,0.15,3,b697,aeb6,False,420,oscillated,-1,False,420,0.5
timeout,depth,_mult0p5,2,0.15,3,66a6,fca6,True,11,wrong_pattern,0,False,420,0.5
timeout,depth,_mult0p5,2,0.15,1,a6f6,a6b6,True,6,correct,2,True,420,0.5
timeout,depth,_mult0p5,2,0.15,4,a6fd,a6b6,True,11,correct,2,True,420,0.5
timeout,depth,_mult0p5,2,0.15,2,a7be,a6b6,True,6,correct,2,True,420,0.5
timeout,depth,_mult0p5,2,0.15,0,a6b6,a6b6,True,0,correct,2,True,420,0.5
timeout,depth,_mult0p5,2,0.15,1,a6be,a6b6,True,6,correct,2,True,420,0.5
timeout,depth,_mult0p5,2,0.15,2,aea6,b6b6,False,420,oscillated,-1,False,420,0.5
timeout,depth,_mult0p5,2,0.15,4,adb4,b6b6,False,420,oscillated,-1,False,420,0.5
timeout,depth,_mult0p5,2,0.15,2,b6b4,aeb6,False,420,oscillated,-1,False,420,0.5
timeout,depth,_mult0p5,2,0.15,3,8ea6,b6b6,False,420,oscillated,-1,False,420,0.5
timeout,depth,_mult0p5,2,0.15,2,b696,aeb6,False,420,oscillated,-1,False,420,0.5
timeout,depth,_mult0p5,2,0.15,2,26b7,a6b6,True,4,correct,2,True,420,0.5
timeout,depth,_mult0p5,2,0.15,0,a6b6,a6b6,True,0,correct,2,True,420,0.5
timeout,depth,_mult0p5,2,0.15,1,a4b6,a6b6,True,5,correct,2,True,420,0.5
timeout,depth,_mult0p5,2,0.15,4,8286,26b4,False,420,oscillated,-1,False,420,0.5
timeout,depth,_mult0p5,2,0.15,4,69e,a2b4,False,420,oscillated,-1,False,420,0.5
timeout,depth,_mult0p5,2,0.15,2,eeb6,b6b6,False,420,oscillated,-1,False,420,0.5
timeout,depth,_mult0p5,2,0.15,3,b436,fca6,True,21,wrong_pattern,0,False,420,0.5
timeout,depth,_mult0p5,2,0.15,2,a6a2,a6b6,True,6,correct,2,True,420,0.5
timeout,depth,_mult0p5,2,0.15,1,a6b4,a6b6,True,4,correct,2,True,420,0.5
timeout,depth,_mult0p5,2,0.15,1,a6b7,a6b6,True,4,correct,2,True,420,0.5
timeout,depth,_mult0p5,2,0.15,2,a6fe,a6b6,True,16,correct,2,True,420,0.5
timeout,depth,_mult0p5,2,0.15,1,a696,a6b6,True,4,correct,2,True,420,0.5
timeout,depth,_mult0p5,2,0.15,2,aab6,b6b6,False,420,oscillated,-1,False,420,0.5
timeout,depth,_mult0p5,2,0.15,2,a6ba,a6b6,True,16,correct,2,True,420,0.5
timeout,depth,_mult0p5,2,0.15,4,e36,b2b4,False,420,oscillated,-1,False,420,0.5
timeout,depth,_mult0p5,2,0.15,3,25b6,a6b6,True,5,correct,2,True,420,0.5
timeout,depth,_mult0p5,2,0.15,3,a7ae,a6b6,True,6,correct,2,True,420,0.5
timeout,depth,_mult0p5,2,0.15,4,2276,86b4,False,420,oscillated,-1,False,420,0.5
timeout,depth,_mult0p5,2,0.15,5,a70e,a75b,True,11,spurious,-1,False,420,0.5
timeout,depth,_mult0p5,2,0.15,5,25e6,a6b6,True,6,correct,2,True,420,0.5
timeout,depth,_mult0p5,2,0.15,0,a6b6,a6b6,True,0,correct,2,True,420,0.5
timeout,depth,_mult0p5,2,0.15,1,a6b7,a6b6,True,4,correct,2,True,420,0.5
timeout,depth,_mult0p5,2,0.15,4,afba,a6b6,True,17,correct,2,True,420,0.5
timeout,depth,_mult0p5,2,0.15,3,ae34,b6b6,False,420,oscillated,-1,False,420,0.5
timeout,depth,_mult0p5,2,0.15,2,26b7,a6b6,True,4,correct,2,True,420,0.5
timeout,depth,_mult0p5,2,0.15,4,efb7,b6b6,False,420,oscillated,-1,False,420,0.5
timeout,depth,_mult0p5,2,0.15,3,8692,a6b6,True,6,correct,2,True,420,0.5
timeout,depth,_mult0p5,2,0.15,1,a6b2,a6b6,True,6,correct,2,True,420,0.5
timeout,depth,_mult0p5,2,0.15,6,deb3,fca6,True,6,wrong_pattern,0,False,420,0.5
timeout,depth,_mult0p5,2,0.15,2,e6be,e6fa,True,16,spurious,-1,False,420,0.5
timeout,depth,_mult0p5,2,0.15,2,66b6,a6b6,True,11,correct,2,True,420,0.5
timeout,depth,_mult0p5,2,0.15,1,e6b6,a6b6,True,11,correct,2,True,420,0.5
timeout,depth,_mult0p5,2,0.15,2,e2b6,a6b6,True,11,correct,2,True,420,0.5
timeout,depth,_mult0p5,2,0.15,4,be26,fca6,True,15,wrong_pattern,0,False,420,0.5
timeout,depth,_mult0p5,2,0.15,3,32b6,8eb4,False,420,oscillated,-1,False,420,0.5
timeout,depth,_mult0p5,3,0.15,3,f503,fd4b,True,17,spurious,-1,False,420,0.5
timeout,depth,_mult0p5,3,0.15,2,9907,3d05,False,420,oscillated,-1,False,420,0.5
timeout,depth,_mult0p5,3,0.15,2,3d47,bd07,True,6,correct,3,True,420,0.5
timeout,depth,_mult0p5,3,0.15,2,bd26,bd07,True,7,correct,3,True,420,0.5
timeout,depth,_mult0p5,3,0.15,4,7f05,9907,False,420,oscillated,-1,False,420,0.5
timeout,depth,_mult0p5,3,0.15,2,bd45,bd07,True,6,correct,3,True,420,0.5
timeout,depth,_mult0p5,3,0.15,1,bd06,bd07,True,4,correct,3,True,420,0.5
timeout,depth,_mult0p5,3,0.15,2,bb07,bf07,False,420,oscillated,-1,False,420,0.5
timeout,depth,_mult0p5,3,0.15,2,7d07,bd07,True,11,correct,3,True,420,0.5
timeout,depth,_mult0p5,3,0.15,2,b903,bd07,True,6,correct,3,True,420,0.5
timeout,depth,_mult0p5,3,0.15,1,bd06,bd07,True,4,correct,3,True,420,0.5
timeout,depth,_mult0p5,3,0.15,4,bda4,fca6,True,11,wrong_pattern,0,False,420,0.5
timeout,depth,_mult0p5,3,0.15,2,fd47,fd4b,True,16,spurious,-1,False,420,0.5
timeout,depth,_mult0p5,3,0.15,4,9d11,3917,False,420,oscillated,-1,False,420,0.5
timeout,depth,_mult0p5,3,0.15,1,bd05,bd07,True,4,correct,3,True,420,0.5
timeout,depth,_mult0p5,3,0.15,1,bd27,bd07,True,4,correct,3,True,420,0.5
timeout,depth,_mult0p5,3,0.15,1,bd06,bd07,True,4,correct,3,True,420,0.5
timeout,depth,_mult0p5,3,0.15,3,bc45,bd07,True,6,correct,3,True,420,0.5
timeout,depth,_mult0p5,3,0.15,3,3987,9d05,False,420,oscillated,-1,False,420,0.5
timeout,depth,_mult0p5,3,0.15,5,db47,7d49,False,420,oscillated,-1,False,420,0.5
timeout,depth,_mult0p5,3,0.15,3,9903,3d05,False,420,oscillated,-1,False,420,0.5
timeout,depth,_mult0p5,3,0.15,3,b904,1d07,False,420,oscillated,-1,False,420,0.5
timeout,depth,_mult0p5,3,0.15,2,fd05,bd07,True,11,correct,3,True,420,0.5
timeout,depth,_mult0p5,3,0.15,3,2d0f,f54b,False,420,oscillated,-1,False,420,0.5
timeout,depth,_mult0p5,3,0.15,5,b383,a797,True,17,spurious,-1,False,420,0.5
timeout,depth,_mult0p5,3,0.15,2,ac07,bd07,True,7,correct,3,True,420,0.5
timeout,depth,_mult0p5,3,0.15,4,af1f,a75b,True,11,spurious,-1,False,420,0.5
timeout,depth,_mult0p5,3,0.15,3,b703,a75b,True,21,spurious,-1,False,420,0.5
timeout,depth,_mult0p5,3,0.15,3,dd06,bd07,True,12,correct,3,True,420,0.5
timeout,depth,_mult0p5,3,0.15,4,3e06,bf07,False,420,oscillated,-1,False,420,0.5
timeout,depth,_mult0p5,3,0.15,1,bd27,bd07,True,4,correct,3,True,420,0.5
timeout,depth,_mult0p5,3,0.15,3,b447,ed4b,False,420,oscillated,-1,False,420,0.5
timeout,depth,_mult0p5,3,0.15,2,b587,bf97,True,7,spurious,-1,False,420,0.5
timeout,depth,_mult0p5,3,0.15,3,bf45,bf07,False,420,oscillated,-1,False,420,0.5
timeout,depth,_mult0p5,3,0.15,3,a927,bd07,True,7,correct,3,True,420,0.5
timeout,depth,_mult0p5,3,0.15,2,bd0e,bd07,True,6,correct,3,True,420,0.5
timeout,depth,_mult0p5,3,0.15,1,fd07,bd07,True,11,correct,3,True,420,0.5
timeout,depth,_mult0p5,3,0.15,4,ac16,b797,False,420,oscillated,-1,False,420,0.5
timeout,depth,_mult0p5,3,0.15,4,3717,af97,False,420,oscillated,-1,False,420,0.5
timeout,depth,_mult0p5,3,0.15,1,bf07,bf07,False,420,oscillated,-1,False,420,0.5
timeout,depth,_mult0p5,3,0.15,4,fdd7,bd07,True,11,correct,3,True,420,0.5
timeout,depth,_mult0p5,3,0.15,1,bd17,bd17,False,420,oscillated,-1,False,420,0.5
timeout,depth,_mult0p5,3,0.15,7,85e3,a6b6,True,18,wrong_pattern,2,False,420,0.5
timeout,depth,_mult0p5,3,0.15,3,b985,1d07,False,420,oscillated,-1,False,420,0.5
timeout,depth,_mult0p5,3,0.15,3,b703,a75b,True,21,spurious,-1,False,420,0.5
timeout,depth,_mult0p5,3,0.15,3,bda5,fca6,True,12,wrong_pattern,0,False,420,0.5
timeout,depth,_mult0p5,3,0.15,0,bd07,bd07,True,0,correct,3,True,420,0.5
timeout,depth,_mult0p5,3,0.15,2,b927,bd07,True,4,correct,3,True,420,0.5
timeout,depth,_mult0p5,3,0.15,5,6c17,bd07,True,13,correct,3,True,420,0.5
timeout,depth,_mult0p5,3,0.15,3,1d0f,b905,False,420,oscillated,-1,False,420,0.5
timeout,depth,_mult0p5,3,0.15,4,1903,1905,True,6,spurious,-1,False,420,0.5
timeout,depth,_mult0p5,3,0.15,1,b907,bd07,True,4,correct,3,True,420,0.5
timeout,depth,_mult0p5,3,0.15,1,bd17,bd17,False,420,oscillated,-1,False,420,0.5
timeout,depth,_mult0p5,3,0.15,0,bd07,bd07,True,0,correct,3,True,420,0.5
timeout,depth,_mult0p5,3,0.15,6,918b,2759,False,420,oscillated,-1,False,420,0.5
timeout,depth,_mult0p5,3,0.15,0,bd07,bd07,True,0,correct,3,True,420,0.5
timeout,depth,_mult0p5,3,0.15,2,bd83,bd07,True,9,correct,3,True,420,0.5
timeout,depth,_mult0p5,3,0.15,0,bd07,bd07,True,0,correct,3,True,420,0.5
timeout,depth,_mult0p5,3,0.15,5,9483,a6b6,True,17,wrong_pattern,2,False,420,0.5
timeout,depth,_mult0p5,3,0.15,4,f513,fd4b,True,21,spurious,-1,False,420,0.5
timeout,depth,_mult0p5,0,0.3,2,7ce6,fca6,True,6,correct,0,True,420,0.5
timeout,depth,_mult0p5,0,0.3,9,5f4f,f949,False,420,oscillated,-1,False,420,0.5
timeout,depth,_mult0p5,0,0.3,6,7fd6,fca6,True,7,correct,0,True,420,0.5
timeout,depth,_mult0p5,0,0.3,6,f104,1d07,False,420,oscillated,-1,False,420,0.5
timeout,depth,_mult0p5,0,0.3,2,7ca7,fca6,True,4,correct,0,True,420,0.5
timeout,depth,_mult0p5,0,0.3,8,24f3,a6b6,True,17,wrong_pattern,2,False,420,0.5
timeout,depth,_mult0p5,0,0.3,3,fcf2,fca6,True,11,correct,0,True,420,0.5
timeout,depth,_mult0p5,0,0.3,2,fea2,fca6,True,6,correct,0,True,420,0.5
timeout,depth,_mult0p5,0,0.3,6,9c9f,fca6,True,15,correct,0,True,420,0.5
timeout,depth,_mult0p5,0,0.3,6,84ac,22b6,False,420,oscillated,-1,False,420,0.5
timeout,depth,_mult0p5,0,0.3,3,beae,fca6,True,15,correct,0,True,420,0.5
timeout,depth,_mult0p5,0,0.3,6,dc43,fd4b,True,6,spurious,-1,False,420,0.5
timeout,depth,_mult0p5,0,0.3,3,fcfe,fca6,True,11,correct,0,True,420,0.5
timeout,depth,_mult0p5,0,0.3,4,e5a4,fca6,True,7,correct,0,True,420,0.5
timeout,depth,_mult0p5,0,0.3,5,fa8f,fca6,True,7,correct,0,True,420,0.5
timeout,depth,_mult0p5,0,0.3,6,38c2,dca4,False,420,oscillated,-1,False,420,0.5
timeout,depth,_mult0p5,0,0.3,5,e6af,e6fa,True,15,spurious,-1,False,420,0.5
timeout,depth,_mult0p5,0,0.3,4,cc66,fc6a,True,21,spurious,-1,False,420,0.5
timeout,depth,_mult0p5,0,0.3,3,e4a2,fca6,True,17,correct,0,True,420,0.5
timeout,depth,_mult0p5,0,0.3,5,b8a8,5ca6,False,420,oscillated,-1,False,420,0.5
timeout,depth,_mult0p5,0,0.3,4,fc44,fd4b,True,12,spurious,-1,False,420,0.5
timeout,depth,_mult0p5,0,0.3,5,ccab,fca6,True,12,correct,0,True,420,0.5
timeout,depth,_mult0p5,0,0.3,3,2ca6,fca6,True,23,correct,0,True,420,0.5
timeout,depth,_mult0p5,0,0.3,0,fca6,fca6,True,0,correct,0,True,420,0.5
timeout,depth,_mult0p5,0,0.3,3,f48e,fca6,True,7,correct,0,True,420,0.5
timeout,depth,_mult0p5,0,0.3,5,f99e,fca6,True,7,correct,0,True,420,0.5
timeout,depth,_mult0p5,0,0.3,7,f2e1,5ca6,False,420,oscillated,-1,False,420,0.5
timeout,depth,_mult0p5,0,0.3,6,e40f,fd4b,True,7,spurious,-1,False,420,0.5
timeout,depth,_mult0p5,0,0.3,3,f4b4,fca6,True,11,correct,0,True,420,0.5
timeout,depth,_mult0p5,0,0.3,4,bdac,fca6,True,12,correct,0,True,420,0.5
timeout,depth,_mult0p5,0,0.3,4,bec6,fca6,True,15,correct,0,True,420,0.5
timeout,depth,_mult0p5,0,0.3,1,fea6,fca6,True,5,correct,0,True,420,0.5
timeout,depth,_mult0p5,0,0.3,6,5c8d,58a4,True,7,spurious,-1,False,420,0.5
timeout,depth,_mult0p5,0,0.3,4,b8aa,fca6,True,14,correct,0,True,420,0.5
timeout,depth,_mult0p5,0,0.3,9,5afb,4068,True,13,spurious,-1,False,420,0.5
timeout,depth,_mult0p5,0,0.3,3,e8e6,fca6,True,7,correct,0,True,420,0.5
timeout,depth,_mult0p5,0,0.3,6,3c42,bd07,True,17,wrong_pattern,3,False,420,0.5
timeout,depth,_mult0p5,0,0.3,4,feab,fca6,True,11,correct,0,True,420,0.5
timeout,depth,_mult0p5,0,0.3,2,6ca6,fca6,True,7,correct,0,True,420,0.5
timeout,depth,_mult0p5,0,0.3,7,72bf,8eb4,False,420,oscillated,-1,False,420,0.5
timeout,depth,_mult0p5,0,0.3,5,bfe7,fca6,True,15,correct,0,True,420,0.5
timeout,depth,_mult0p5,0,0.3,2,f486,fca6,True,7,correct,0,True,420,0.5
timeout,depth,_mult0p5,0,0.3,4,deb7,fca6,True,5,correct,0,True,420,0.5
timeout,depth,_mult0p5,0,0.3,2,eca4,fca6,True,7,correct,0,True,420,0.5
timeout,depth,_mult0p5,0,0.3,4,be27,bf07,False,420,oscillated,-1,False,420,0.5
timeout,depth,_mult0p5,0,0.3,5,d0a3,7ca4,False,420,oscillated,-1,False,420,0.5
timeout,depth,_mult0p5,0,0.3,7,1802,1905,True,7,spurious,-1,False,420,0.5
timeout,depth,_mult0p5,0,0.3,3,dc87,fca6,True,7,correct,0,True,420,0.5
timeout,depth,_mult0p5,0,0.3,7,3e1e,a797,True,9,spurious,-1,False,420,0.5
timeout,depth,_mult0p5,0,0.3,4,d926,3d05,False,420,oscillated,-1,False,420,0.5
timeout,depth,_mult0p5,0,0.3,4,f4e0,fca6,True,11,correct,0,True,420,0.5
timeout,depth,_mult0p5,0,0.3,5,6436,fc6a,True,22,spurious,-1,False,420,0.5
timeout,depth,_mult0p5,0,0.3,4,50a6,58a4,True,7,spurious,-1,False,420,0.5
timeout,depth,_mult0p5,0,0.3,5,38ac,58a4,True,11,spurious,-1,False,420,0.5
timeout,depth,_mult0p5,0,0.3,7,dc09,794b,False,420,oscillated,-1,False,420,0.5
timeout,depth,_mult0p5,0,0.3,7,7abd,58a4,True,6,spurious,-1,False,420,0.5
timeout,depth,_mult0p5,0,0.3,4,fd76,fd4b,True,13,spurious,-1,False,420,0.5
timeout,depth,_mult0p5,0,0.3,8,cc48,714b,False,420,oscillated,-1,False,420,0.5
timeout,depth,_mult0p5,0,0.3,7,cc6b,f54b,False,420,oscillated,-1,False,420,0.5
timeout,depth,_mult0p5,0,0.3,5,fff7,fca6,True,7,correct,0,True,420,0.5
timeout,depth,_mult0p5,1,0.3,5,93f1,2b4,True,12,spurious,-1,False,420,0.5
timeout,depth,_mult0p5,1,0.3,4,1b03,1b05,False,420,oscillated,-1,False,420,0.5
timeout,depth,_mult0p5,1,0.3,9,272c,835b,False,420,oscillated,-1,False,420,0.5
timeout,depth,_mult0p5,1,0.3,2,1a85,58a4,True,18,spurious,-1,False,420,0.5
timeout,depth,_mult0p5,1,0.3,6,9581,2b97,False,420,oscillated,-1,False,420,0.5
timeout,depth,_mult0p5,1,0.3,4,7915,1905,True,13,spurious,-1,False,420,0.5
timeout,depth,_mult0p5,1,0.3,5,1099,42f8,True,17,spurious,-1,False,420,0.5
timeout,depth,_mult0p5,1,0.3,5,3ddd,9917,False,420,oscillated,-1,False,420,0.5
timeout,depth,_mult0p5,1,0.3,6,b3a7,aeb6,False,420,oscillated,-1,False,420,0.5
timeout,depth,_mult0p5,1,0.3,5,a16,1395,False,420,oscillated,-1,False,420,0.5
timeout,depth,_mult0p5,1,0.3,4,1d9c,58a4,True,15,spurious,-1,False,420,0.5
timeout,depth,_mult0p5,1,0.3,5,4ab4,12b4,False,420,oscillated,-1,False,420,0.5
timeout,depth,_mult0p5,1,0.3,6,995c,1905,True,15,spurious,-1,False,420,0.5
timeout,depth,_mult0p5,1,0.3,7,fd05,bd07,True,11,wrong_pattern,3,False,420,0.5
timeout,depth,_mult0p5,1,0.3,6,10bf,2b4,True,17,spurious,-1,False,420,0.5
timeout,depth,_mult0p5,1,0.3,5,bbe5,5ca6,False,420,oscillated,-1,False,420,0.5
timeout,depth,_mult0p5,1,0.3,5,1903,1905,True,6,spurious,-1,False,420,0.5
timeout,depth,_mult0p5,1,0.3,2,1bb1,2b4,True,7,spurious,-1,False,420,0.5
timeout,depth,_mult0p5,1,0.3,3,5bbd,58a4,True,7,spurious,-1,False,420,0.5
timeout,depth,_mult0p5,1,0.3,4,17b1,2b4,True,7,spurious,-1,False,420,0.5
timeout,depth,_mult0p5,1,0.3,5,3be7,dca4,False,420,oscillated,-1,False,420,0.5
timeout,depth,_mult0p5,1,0.3,3,3985,1905,True,9,spurious,-1,False,420,0.5
timeout,depth,_mult0p5,1,0.3,2,3b97,9f95,False,420,oscillated,-1,False,420,0.5
timeout,depth,_mult0p5,1,0.3,3,5991,1905,True,11,spurious,-1,False,420,0.5
timeout,depth,_mult0p5,1,0.3,6,be9,42f8,True,15,spurious,-1,False,420,0.5
timeout,depth,_mult0p5,1,0.3,3,b9f,395,True,7,spurious,-1,False,420,0.5
timeout,depth,_mult0p5,1,0.3,9,ca20,5868,True,21,spurious,-1,False,420,0.5
timeout,depth,_mult0p5,1,0.3,3,9a91,2b4,True,7,spurious,-1,False,420,0.5
timeout,depth,_mult0p5,1,0.3,4,8295,2b4,True,7,spurious,-1,False,420,0.5
timeout,depth,_mult0p5,1,0.3,6,21f5,2b4,True,7,spurious,-1,False,420,0.5
timeout,depth,_mult0p5,1,0.3,7,5841,5949,True,6,spurious,-1,False,420,0.5
timeout,depth,_mult0p5,1,0.3,5,1a7d,395,True,14,spurious,-1,False,420,0.5
timeout,depth,_mult0p5,1,0.3,6,48c5,58a4,True,7,spurious,-1,False,420,0.5
timeout,depth,_mult0p5,1,0.3,5,1ad2,2b4,True,7,spurious,-1,False,420,0.5
timeout,depth,_mult0p5,1,0.3,6,7fc1,d94b,False,420,oscillated,-1,False,420,0.5
timeout,depth,_mult0p5,1,0.3,2,395,395,True,0,spurious,-1,False,420,0.5
timeout,depth,_mult0p5,1,0.3,5,d194,58a4,True,17,spurious,-1,False,420,0.5
timeout,depth,_mult0p5,1,0.3,5,d91d,5949,True,16,spurious,-1,False,420,0.5
timeout,depth,_mult0p5,1,0.3,6,badf,a6b6,True,7,wrong_pattern,2,False,420,0.5
timeout,depth,_mult0p5,1,0.3,4,1bd2,2b4,True,7,spurious,-1,False,420,0.5
timeout,depth,_mult0p5,1,0.3,5,3fa7,fca6,True,18,wrong_pattern,0,False,420,0.5
timeout,depth,_mult0p5,1,0.3,3,9d95,3917,False,420,oscillated,-1,False,420,0.5
timeout,depth,_mult0p5,1,0.3,3,9f15,3b97,False,420,oscillated,-1,False,420,0.5
timeout,depth,_mult0p5,1,0.3,6,9c17,bd17,False,420,oscillated,-1,False,420,0.5
timeout,depth,_mult0p5,1,0.3,2,4b95,1395,False,420,oscillated,-1,False,420,0.5
timeout,depth,_mult0p5,1,0.3,5,a991,1797,False,420,oscillated,-1,False,420,0.5
timeout,depth,_mult0p5,1,0.3,6,99cf,3d05,False,420,oscillated,-1,False,420,0.5
timeout,depth,_mult0p5,1,0.3,6,15b9,42f8,True,17,spurious,-1,False,420,0.5
timeout,depth,_mult0p5,1,0.3,6,3b3b,8759,False,420,oscillated,-1,False,420,0.5
timeout,depth,_mult0p5,1,0.3,7,8201,359,True,11,spurious,-1,False,420,0.5
timeout,depth,_mult0p5,1,0.3,7,7134,1905,True,15,spurious,-1,False,420,0.5
timeout,depth,_mult0p5,1,0.3,7,cf9b,a797,True,26,spurious,-1,False,420,0.5
timeout,depth,_mult0p5,1,0.3,6,699f,9d15,False,420,oscillated,-1,False,420,0.5
timeout,depth,_mult0p5,1,0.3,4,1ff7,bab4,False,420,oscillated,-1,False,420,0.5
timeout,depth,_mult0p5,1,0.3,4,3a8d,58a4,True,15,spurious,-1,False,420,0.5
timeout,depth,_mult0p5,1,0.3,5,89f5,2b4,True,17,spurious,-1,False,420,0.5
timeout,depth,_mult0p5,1,0.3,3,8b97,3795,False,420,oscillated,-1,False,420,0.5
timeout,depth,_mult0p5,1,0.3,1,1bd5,1b95,True,6,correct,1,True,420,0.5
timeout,depth,_mult0p5,1,0.3,5,2a35,1395,False,420,oscillated,-1,False,420,0.5
timeout,depth,_mult0p5,1,0.3,8,4af8,42f8,True,7,spurious,-1,False,420,0.5
timeout,depth,_mult0p5,2,0.3,8,283d,359,True,17,spurious,-1,False,420,0.5
timeout,depth,_mult0p5,2,0.3,7,a581,a797,True,6,spurious,-1,False,420,0.5
timeout,depth,_mult0p5,2,0.3,5,72be,8eb4,False,420,oscillated,-1,False,420,0.5
timeout,depth,_mult0p5,2,0.3,4,c2b2,66f8,False,420,oscillated,-1,False,420,0.5
timeout,depth,_mult0p5,2,0.3,5,2a34,12b4,False,420,oscillated,-1,False,420,0.5
timeout,depth,_mult0p5,2,0.3,4,f4b2,fca6,True,16,wrong_pattern,0,False,420,0.5
timeout,depth,_mult0p5,2,0.3,1,26b6,a6b6,True,4,correct,2,True,420,0.5
timeout,depth,_mult0p5,2,0.3,3,afa6,b6b6,False,420,oscillated,-1,False,420,0.5
timeout,depth,_mult0p5,2,0.3,3,a2a7,a6b6,True,5,correct,2,True,420,0.5
timeout,depth,_mult0p5,2,0.3,5,c6c6,e6fa,True,15,spurious,-1,False,420,0.5
timeout,depth,_mult0p5,2,0.3,5,8ffe,a6b6,True,17,correct,2,True,420,0.5
timeout,depth,_mult0p5,2,0.3,3,a635,a797,True,9,spurious,-1,False,420,0.5
timeout,depth,_mult0p5,2,0.3,5,e42e,e46a,True,6,spurious,-1,False,420,0.5
timeout,depth,_mult0p5,2,0.3,4,afb5,b6b6,False,420,oscillated,-1,False,420,0.5
timeout,depth,_mult0p5,2,0.3,6,aa7a,e6fa,True,11,spurious,-1,False,420,0.5
timeout,depth,_mult0p5,2,0.3,5,9494,2ab6,False,420,oscillated,-1,False,420,0.5
timeout,depth,_mult0p5,2,0.3,2,b6a6,aeb6,False,420,oscillated,-1,False,420,0.5
timeout,depth,_mult0p5,2,0.3,5,86e3,a6b6,True,17,correct,2,True,420,0.5
timeout,depth,_mult0p5,2,0.3,2,aea6,b6b6,False,420,oscillated,-1,False,420,0.5
timeout,depth,_mult0p5,2,0.3,5,63be,c6f8,False,420,oscillated,-1,False,420,0.5
timeout,depth,_mult0p5,2,0.3,3,2b6,2b4,True,4,spurious,-1,False,420,0.5
timeout,depth,_mult0p5,2,0.3,6,d4a7,fca6,True,7,wrong_pattern,0,False,420,0.5
timeout,depth,_mult0p5,2,0.3,5,96bb,a6b6,True,17,correct,2,True,420,0.5
timeout,depth,_mult0p5,2,0.3,6,45b4,58a4,True,14,spurious,-1,False,420,0.5
timeout,depth,_mult0p5,2,0.3,4,a7f3,a6b6,True,12,correct,2,True,420,0.5
timeout,depth,_mult0p5,2,0.3,4,a6ec,a6b6,True,16,correct,2,True,420,0.5
timeout,depth,_mult0p5,2,0.3,5,96f5,2ab6,False,420,oscillated,-1,False,420,0.5
timeout,depth,_mult0p5,2,0.3,5,a09f,a6b6,True,7,correct,2,True,420,0.5
timeout,depth,_mult0p5,2,0.3,4,66a2,e6ea,False,420,oscillated,-1,False,420,0.5
timeout,depth,_mult0p5,2,0.3,5,7a2,a2b4,False,420,oscillated,-1,False,420,0.5
timeout,depth,_mult0p5,2,0.3,5,f67e,fc6a,True,17,spurious,-1,False,420,0.5
timeout,depth,_mult0p5,2,0.3,5,a21c,75b,False,420,oscillated,-1,False,420,0.5
timeout,depth,_mult0p5,2,0.3,5,27ac,82b6,False,420,oscillated,-1,False,420,0.5
timeout,depth,_mult0p5,2,0.3,6,a42b,a75b,True,7,spurious,-1,False,420,0.5
timeout,depth,_mult0p5,2,0.3,5,9635,2b97,False,420,oscillated,-1,False,420,0.5
timeout,depth,_mult0p5,2,0.3,6,3df6,fca6,True,15,wrong_pattern,0,False,420,0.5
timeout,depth,_mult0p5,2,0.3,5,ae1f,a75b,True,12,spurious,-1,False,420,0.5
timeout,depth,_mult0p5,2,0.3,4,aa37,b797,False,420,oscillated,-1,False,420,0.5
timeout,depth,_mult0p5,2,0.3,7,f93,b395,False,420,oscillated,-1,False,420,0.5
timeout,depth,_mult0p5,2,0.3,4,b426,fca6,True,11,wrong_pattern,0,False,420,0.5
timeout,depth,_mult0p5,2,0.3,6,ae78,e6fa,True,11,spurious,-1,False,420,0.5
timeout,depth,_mult0p5,2,0.3,4,83b2,26b4,False,420,oscillated,-1,False,420,0.5
timeout,depth,_mult0p5,2,0.3,5,befa,a6b6,True,7,correct,2,True,420,0.5
timeout,depth,_mult0p5,2,0.3,9,bf19,a75b,True,17,spurious,-1,False,420,0.5
timeout,depth,_mult0p5,2,0.3,6,38b2,dca4,False,420,oscillated,-1,False,420,0.5
timeout,depth,_mult0p5,2,0.3,3,8eb7,b6b6,False,420,oscillated,-1,False,420,0.5
timeout,depth,_mult0p5,2,0.3,8,887,58a4,True,26,spurious,-1,False,420,0.5
timeout,depth,_mult0p5,2,0.3,6,fc94,fca6,True,5,wrong_pattern,0,False,420,0.5
timeout,depth,_mult0p5,2,0.3,4,97f6,a6b6,True,7,correct,2,True,420,0.5
timeout,depth,_mult0p5,2,0.3,7,8f25,3307,False,420,oscillated,-1,False,420,0.5
timeout,depth,_mult0p5,2,0.3,5,a6e8,e6fa,True,13,spurious,-1,False,420,0.5
timeout,depth,_mult0p5,2,0.3,5,21b4,2b4,True,5,spurious,-1,False,420,0.5
timeout,depth,_mult0p5,2,0.3,6,977e,a75b,True,7,spurious,-1,False,420,0.5
timeout,depth,_mult0p5,2,0.3,5,31b6,8eb4,False,420,oscillated,-1,False,420,0.5
timeout,depth,_mult0p5,2,0.3,6,1ebf,f8a4,False,420,oscillated,-1,False,420,0.5
timeout,depth,_mult0p5,2,0.3,8,cf7c,794b,False,420,oscillated,-1,False,420,0.5
timeout,depth,_mult0p5,2,0.3,6,622e,c6e8,False,420,oscillated,-1,False,420,0.5
timeout,depth,_mult0p5,2,0.3,4,2096,86b4,False,420,oscillated,-1,False,420,0.5
timeout,depth,_mult0p5,2,0.3,1,a6b2,a6b6,True,6,correct,2,True,420,0.5
timeout,depth,_mult0p5,2,0.3,5,abbc,16b6,False,420,oscillated,-1,False,420,0.5
timeout,depth,_mult0p5,3,0.3,4,a583,a797,True,6,spurious,-1,False,420,0.5
timeout,depth,_mult0p5,3,0.3,4,3427,bd07,True,7,correct,3,True,420,0.5
timeout,depth,_mult0p5,3,0.3,5,1b17,1b95,True,9,wrong_pattern,1,False,420,0.5
timeout,depth,_mult0p5,3,0.3,6,d737,bd07,True,13,correct,3,True,420,0.5
timeout,depth,_mult0p5,3,0.3,4,3597,af97,False,420,oscillated,-1,False,420,0.5
timeout,depth,_mult0p5,3,0.3,6,aa1f,a75b,True,12,spurious,-1,False,420,0.5
timeout,depth,_mult0p5,3,0.3,7,9560,694b,False,420,oscillated,-1,False,420,0.5
timeout,depth,_mult0p5,3,0.3,6,f156,bd07,True,16,correct,3,True,420,0.5
timeout,depth,_mult0p5,3,0.3,4,ef03,fd4b,True,21,spurious,-1,False,420,0.5
timeout,depth,_mult0p5,3,0.3,6,ed92,fca6,True,18,wrong_pattern,0,False,420,0.5
timeout,depth,_mult0p5,3,0.3,5,395f,9d15,False,420,oscillated,-1,False,420,0.5
timeout,depth,_mult0p5,3,0.3,4,b536,af97,False,420,oscillated,-1,False,420,0.5
timeout,depth,_mult0p5,3,0.3,7,67c7,a75b,True,15,spurious,-1,False,420,0.5
timeout,depth,_mult0p5,3,0.3,2,bd04,bd07,True,4,correct,3,True,420,0.5
timeout,depth,_mult0p5,3,0.3,5,dc0b,fd4b,True,6,spurious,-1,False,420,0.5
timeout,depth,_mult0p5,3,0.3,4,ed2f,fd4b,True,17,spurious,-1,False,420,0.5
timeout,depth,_mult0p5,3,0.3,5,db17,3d05,False,420,oscillated,-1,False,420,0.5
timeout,depth,_mult0p5,3,0.3,4,b797,af97,False,420,oscillated,-1,False,420,0.5
timeout,depth,_mult0p5,3,0.3,4,992f,3d05,False,420,oscillated,-1,False,420,0.5
timeout,depth,_mult0p5,3,0.3,8,1c5a,a359,False,420,oscillated,-1,False,420,0.5
timeout,depth,_mult0p5,3,0.3,6,aa0e,a75b,True,17,spurious,-1,False,420,0.5
timeout,depth,_mult0p5,3,0.3,7,270a,a75b,True,6,spurious,-1,False,420,0.5
timeout,depth,_mult0p5,3,0.3,7,ca06,3d05,False,420,oscillated,-1,False,420,0.5
timeout,depth,_mult0p5,3,0.3,4,dd8f,bd07,True,16,correct,3,True,420,0.5
timeout,depth,_mult0p5,3,0.3,1,bc07,bd07,True,4,correct,3,True,420,0.5
timeout,depth,_mult0p5,3,0.3,6,a8b7,b6b6,False,420,oscillated,-1,False,420,0.5
timeout,depth,_mult0p5,3,0.3,3,3d0b,bd07,True,16,correct,3,True,420,0.5
timeout,depth,_mult0p5,3,0.3,4,3f97,bf97,True,4,spurious,-1,False,420,0.5
timeout,depth,_mult0p5,3,0.3,6,2a27,9795,False,420,oscillated,-1,False,420,0.5
timeout,depth,_mult0p5,3,0.3,5,3426,fca6,True,11,wrong_pattern,0,False,420,0.5
timeout,depth,_mult0p5,3,0.3,6,b780,a6b6,True,17,wrong_pattern,2,False,420,0.5
timeout,depth,_mult0p5,3,0.3,3,af06,b707,False,420,oscillated,-1,False,420,0.5
timeout,depth,_mult0p5,3,0.3,5,7585,9907,False,420,oscillated,-1,False,420,0.5
timeout,depth,_mult0p5,3,0.3,5,ed0a,fd4b,True,7,spurious,-1,False,420,0.5
timeout,depth,_mult0p5,3,0.3,4,d47,f149,False,420,oscillated,-1,False,420,0.5
timeout,depth,_mult0p5,3,0.3,5,9e15,3b97,False,420,oscillated,-1,False,420,0.5
timeout,depth,_mult0p5,3,0.3,10,9b0,2b4,True,17,spurious,-1,False,420,0.5
timeout,depth,_mult0p5,3,0.3,4,9913,3d15,False,420,oscillated,-1,False,420,0.5
timeout,depth,_mult0p5,3,0.3,2,b517,ad17,False,420,oscillated,-1,False,420,0.5
timeout,depth,_mult0p5,3,0.3,5,f14f,fd4b,True,7,spurious,-1,False,420,0.5
timeout,depth,_mult0p5,3,0.3,4,1c06,b905,False,420,oscillated,-1,False,420,0.5
timeout,depth,_mult0p5,3,0.3,2,ad05,bd07,True,7,correct,3,True,420,0.5
timeout,depth,_mult0p5,3,0.3,5,ff6f,fd4b,True,6,spurious,-1,False,420,0.5
timeout,depth,_mult0p5,3,0.3,7,1a37,1b95,True,9,wrong_pattern,1,False,420,0.5
timeout,depth,_mult0p5,3,0.3,3,9c03,bd07,True,6,correct,3,True,420,0.5
timeout,depth,_mult0p5,3,0.3,6,7f24,9907,False,420,oscillated,-1,False,420,0.5
timeout,depth,_mult0p5,3,0.3,3,b597,af97,False,420,oscillated,-1,False,420,0.5
timeout,depth,_mult0p5,3,0.3,5,a687,a6b6,True,7,wrong_pattern,2,False,420,0.5
timeout,depth,_mult0p5,3,0.3,7,198c,58a4,True,14,spurious,-1,False,420,0.5
timeout,depth,_mult0p5,3,0.3,5,ac93,a6b6,True,17,wrong_pattern,2,False,420,0.5
timeout,depth,_mult0p5,3,0.3,6,f53b,fd4b,True,17,spurious,-1,False,420,0.5
timeout,depth,_mult0p5,3,0.3,3,7d17,bd07,True,13,correct,3,True,420,0.5
timeout,depth,_mult0p5,3,0.3,5,a737,a797,True,9,spurious,-1,False,420,0.5
timeout,depth,_mult0p5,3,0.3,4,df87,bd07,True,13,correct,3,True,420,0.5
timeout,depth,_mult0p5,3,0.3,8,5b93,1905,True,13,spurious,-1,False,420,0.5
timeout,depth,_mult0p5,3,0.3,4,be26,fca6,True,15,wrong_pattern,0,False,420,0.5
timeout,depth,_mult0p5,3,0.3,7,19ae,58a4,True,12,spurious,-1,False,420,0.5
timeout,depth,_mult0p5,3,0.3,4,9dc3,bd07,True,9,correct,3,True,420,0.5
timeout,depth,_mult0p5,3,0.3,7,878d,2397,False,420,oscillated,-1,False,420,0.5
timeout,depth,_mult0p5,3,0.3,3,b405,bd07,True,7,correct,3,True,420,0.5
timeout,even_odd,_mult0p5,0,0.0,0,fca6,fca6,True,0,correct,0,True,868,0.5
timeout,even_odd,_mult0p5,0,0.0,0,fca6,fca6,True,0,correct,0,True,868,0.5
timeout,even_odd,_mult0p5,0,0.0,0,fca6,fca6,True,0,correct,0,True,868,0.5
timeout,even_odd,_mult0p5,0,0.0,0,fca6,fca6,True,0,correct,0,True,868,0.5
timeout,even_odd,_mult0p5,0,0.0,0,fca6,fca6,True,0,correct,0,True,868,0.5
timeout,even_odd,_mult0p5,0,0.0,0,fca6,fca6,True,0,correct,0,True,868,0.5
timeout,even_odd,_mult0p5,0,0.0,0,fca6,fca6,True,0,correct,0,True,868,0.5
timeout,even_odd,_mult0p5,0,0.0,0,fca6,fca6,True,0,correct,0,True,868,0.5
timeout,even_odd,_mult0p5,0,0.0,0,fca6,fca6,True,0,correct,0,True,868,0.5
timeout,even_odd,_mult0p5,0,0.0,0,fca6,fca6,True,0,correct,0,True,868,0.5
timeout,even_odd,_mult0p5,0,0.0,0,fca6,fca6,True,0,correct,0,True,868,0.5
timeout,even_odd,_mult0p5,0,0.0,0,fca6,fca6,True,0,correct,0,True,868,0.5
timeout,even_odd,_mult0p5,0,0.0,0,fca6,fca6,True,0,correct,0,True,868,0.5
timeout,even_odd,_mult0p5,0,0.0,0,fca6,fca6,True,0,correct,0,True,868,0.5
timeout,even_odd,_mult0p5,0,0.0,0,fca6,fca6,True,0,correct,0,True,868,0.5
timeout,even_odd,_mult0p5,0,0.0,0,fca6,fca6,True,0,correct,0,True,868,0.5
timeout,even_odd,_mult0p5,0,0.0,0,fca6,fca6,True,0,correct,0,True,868,0.5
timeout,even_odd,_mult0p5,0,0.0,0,fca6,fca6,True,0,correct,0,True,868,0.5
timeout,even_odd,_mult0p5,0,0.0,0,fca6,fca6,True,0,correct,0,True,868,0.5
timeout,even_odd,_mult0p5,0,0.0,0,fca6,fca6,True,0,correct,0,True,868,0.5
timeout,even_odd,_mult0p5,0,0.0,0,fca6,fca6,True,0,correct,0,True,868,0.5
timeout,even_odd,_mult0p5,0,0.0,0,fca6,fca6,True,0,correct,0,True,868,0.5
timeout,even_odd,_mult0p5,0,0.0,0,fca6,fca6,True,0,correct,0,True,868,0.5
timeout,even_odd,_mult0p5,0,0.0,0,fca6,fca6,True,0,correct,0,True,868,0.5
timeout,even_odd,_mult0p5,0,0.0,0,fca6,fca6,True,0,correct,0,True,868,0.5
timeout,even_odd,_mult0p5,0,0.0,0,fca6,fca6,True,0,correct,0,True,868,0.5
timeout,even_odd,_mult0p5,0,0.0,0,fca6,fca6,True,0,correct,0,True,868,0.5
timeout,even_odd,_mult0p5,0,0.0,0,fca6,fca6,True,0,correct,0,True,868,0.5
timeout,even_odd,_mult0p5,0,0.0,0,fca6,fca6,True,0,correct,0,True,868,0.5
timeout,even_odd,_mult0p5,0,0.0,0,fca6,fca6,True,0,correct,0,True,868,0.5
timeout,even_odd,_mult0p5,0,0.0,0,fca6,fca6,True,0,correct,0,True,868,0.5
timeout,even_odd,_mult0p5,0,0.0,0,fca6,fca6,True,0,correct,0,True,868,0.5
timeout,even_odd,_mult0p5,0,0.0,0,fca6,fca6,True,0,correct,0,True,868,0.5
timeout,even_odd,_mult0p5,0,0.0,0,fca6,fca6,True,0,correct,0,True,868,0.5
timeout,even_odd,_mult0p5,0,0.0,0,fca6,fca6,True,0,correct,0,True,868,0.5
timeout,even_odd,_mult0p5,0,0.0,0,fca6,fca6,True,0,correct,0,True,868,0.5
timeout,even_odd,_mult0p5,0,0.0,0,fca6,fca6,True,0,correct,0,True,868,0.5
timeout,even_odd,_mult0p5,0,0.0,0,fca6,fca6,True,0,correct,0,True,868,0.5
timeout,even_odd,_mult0p5,0,0.0,0,fca6,fca6,True,0,correct,0,True,868,0.5
timeout,even_odd,_mult0p5,0,0.0,0,fca6,fca6,True,0,correct,0,True,868,0.5
timeout,even_odd,_mult0p5,0,0.0,0,fca6,fca6,True,0,correct,0,True,868,0.5
timeout,even_odd,_mult0p5,0,0.0,0,fca6,fca6,True,0,correct,0,True,868,0.5
timeout,even_odd,_mult0p5,0,0.0,0,fca6,fca6,True,0,correct,0,True,868,0.5
timeout,even_odd,_mult0p5,0,0.0,0,fca6,fca6,True,0,correct,0,True,868,0.5
timeout,even_odd,_mult0p5,0,0.0,0,fca6,fca6,True,0,correct,0,True,868,0.5
timeout,even_odd,_mult0p5,0,0.0,0,fca6,fca6,True,0,correct,0,True,868,0.5
timeout,even_odd,_mult0p5,0,0.0,0,fca6,fca6,True,0,correct,0,True,868,0.5
timeout,even_odd,_mult0p5,0,0.0,0,fca6,fca6,True,0,correct,0,True,868,0.5
timeout,even_odd,_mult0p5,0,0.0,0,fca6,fca6,True,0,correct,0,True,868,0.5
timeout,even_odd,_mult0p5,0,0.0,0,fca6,fca6,True,0,correct,0,True,868,0.5
timeout,even_odd,_mult0p5,0,0.0,0,fca6,fca6,True,0,correct,0,True,868,0.5
timeout,even_odd,_mult0p5,0,0.0,0,fca6,fca6,True,0,correct,0,True,868,0.5
timeout,even_odd,_mult0p5,0,0.0,0,fca6,fca6,True,0,correct,0,True,868,0.5
timeout,even_odd,_mult0p5,0,0.0,0,fca6,fca6,True,0,correct,0,True,868,0.5
timeout,even_odd,_mult0p5,0,0.0,0,fca6,fca6,True,0,correct,0,True,868,0.5
timeout,even_odd,_mult0p5,0,0.0,0,fca6,fca6,True,0,correct,0,True,868,0.5
timeout,even_odd,_mult0p5,0,0.0,0,fca6,fca6,True,0,correct,0,True,868,0.5
timeout,even_odd,_mult0p5,0,0.0,0,fca6,fca6,True,0,correct,0,True,868,0.5
timeout,even_odd,_mult0p5,0,0.0,0,fca6,fca6,True,0,correct,0,True,868,0.5
timeout,even_odd,_mult0p5,0,0.0,0,fca6,fca6,True,0,correct,0,True,868,0.5
timeout,even_odd,_mult0p5,1,0.0,0,1b95,1b95,True,0,correct,1,True,868,0.5
timeout,even_odd,_mult0p5,1,0.0,0,1b95,1b95,True,0,correct,1,True,868,0.5
timeout,even_odd,_mult0p5,1,0.0,0,1b95,1b95,True,0,correct,1,True,868,0.5
timeout,even_odd,_mult0p5,1,0.0,0,1b95,1b95,True,0,correct,1,True,868,0.5
timeout,even_odd,_mult0p5,1,0.0,0,1b95,1b95,True,0,correct,1,True,868,0.5
timeout,even_odd,_mult0p5,1,0.0,0,1b95,1b95,True,0,correct,1,True,868,0.5
timeout,even_odd,_mult0p5,1,0.0,0,1b95,1b95,True,0,correct,1,True,868,0.5
timeout,even_odd,_mult0p5,1,0.0,0,1b95,1b95,True,0,correct,1,True,868,0.5
timeout,even_odd,_mult0p5,1,0.0,0,1b95,1b95,True,0,correct,1,True,868,0.5
timeout,even_odd,_mult0p5,1,0.0,0,1b95,1b95,True,0,correct,1,True,868,0.5
timeout,even_odd,_mult0p5,1,0.0,0,1b95,1b95,True,0,correct,1,True,868,0.5
timeout,even_odd,_mult0p5,1,0.0,0,1b95,1b95,True,0,correct,1,True,868,0.5
timeout,even_odd,_mult0p5,1,0.0,0,1b95,1b95,True,0,correct,1,True,868,0.5
timeout,even_odd,_mult0p5,1,0.0,0,1b95,1b95,True,0,correct,1,True,868,0.5
timeout,even_odd,_mult0p5,1,0.0,0,1b95,1b95,True,0,correct,1,True,868,0.5
timeout,even_odd,_mult0p5,1,0.0,0,1b95,1b95,True,0,correct,1,True,868,0.5
timeout,even_odd,_mult0p5,1,0.0,0,1b95,1b95,True,0,correct,1,True,868,0.5
timeout,even_odd,_mult0p5,1,0.0,0,1b95,1b95,True,0,correct,1,True,868,0.5
timeout,even_odd,_mult0p5,1,0.0,0,1b95,1b95,True,0,correct,1,True,868,0.5
timeout,even_odd,_mult0p5,1,0.0,0,1b95,1b95,True,0,correct,1,True,868,0.5
timeout,even_odd,_mult0p5,1,0.0,0,1b95,1b95,True,0,correct,1,True,868,0.5
timeout,even_odd,_mult0p5,1,0.0,0,1b95,1b95,True,0,correct,1,True,868,0.5
timeout,even_odd,_mult0p5,1,0.0,0,1b95,1b95,True,0,correct,1,True,868,0.5
timeout,even_odd,_mult0p5,1,0.0,0,1b95,1b95,True,0,correct,1,True,868,0.5
timeout,even_odd,_mult0p5,1,0.0,0,1b95,1b95,True,0,correct,1,True,868,0.5
timeout,even_odd,_mult0p5,1,0.0,0,1b95,1b95,True,0,correct,1,True,868,0.5
timeout,even_odd,_mult0p5,1,0.0,0,1b95,1b95,True,0,correct,1,True,868,0.5
timeout,even_odd,_mult0p5,1,0.0,0,1b95,1b95,True,0,correct,1,True,868,0.5
timeout,even_odd,_mult0p5,1,0.0,0,1b95,1b95,True,0,correct,1,True,868,0.5
timeout,even_odd,_mult0p5,1,0.0,0,1b95,1b95,True,0,correct,1,True,868,0.5
timeout,even_odd,_mult0p5,1,0.0,0,1b95,1b95,True,0,correct,1,True,868,0.5
timeout,even_odd,_mult0p5,1,0.0,0,1b95,1b95,True,0,correct,1,True,868,0.5
timeout,even_odd,_mult0p5,1,0.0,0,1b95,1b95,True,0,correct,1,True,868,0.5
timeout,even_odd,_mult0p5,1,0.0,0,1b95,1b95,True,0,correct,1,True,868,0.5
timeout,even_odd,_mult0p5,1,0.0,0,1b95,1b95,True,0,correct,1,True,868,0.5
timeout,even_odd,_mult0p5,1,0.0,0,1b95,1b95,True,0,correct,1,True,868,0.5
timeout,even_odd,_mult0p5,1,0.0,0,1b95,1b95,True,0,correct,1,True,868,0.5
timeout,even_odd,_mult0p5,1,0.0,0,1b95,1b95,True,0,correct,1,True,868,0.5
timeout,even_odd,_mult0p5,1,0.0,0,1b95,1b95,True,0,correct,1,True,868,0.5
timeout,even_odd,_mult0p5,1,0.0,0,1b95,1b95,True,0,correct,1,True,868,0.5
timeout,even_odd,_mult0p5,1,0.0,0,1b95,1b95,True,0,correct,1,True,868,0.5
timeout,even_odd,_mult0p5,1,0.0,0,1b95,1b95,True,0,correct,1,True,868,0.5
timeout,even_odd,_mult0p5,1,0.0,0,1b95,1b95,True,0,correct,1,True,868,0.5
timeout,even_odd,_mult0p5,1,0.0,0,1b95,1b95,True,0,correct,1,True,868,0.5
timeout,even_odd,_mult0p5,1,0.0,0,1b95,1b95,True,0,correct,1,True,868,0.5
timeout,even_odd,_mult0p5,1,0.0,0,1b95,1b95,True,0,correct,1,True,868,0.5
timeout,even_odd,_mult0p5,1,0.0,0,1b95,1b95,True,0,correct,1,True,868,0.5
timeout,even_odd,_mult0p5,1,0.0,0,1b95,1b95,True,0,correct,1,True,868,0.5
timeout,even_odd,_mult0p5,1,0.0,0,1b95,1b95,True,0,correct,1,True,868,0.5
timeout,even_odd,_mult0p5,1,0.0,0,1b95,1b95,True,0,correct,1,True,868,0.5
timeout,even_odd,_mult0p5,1,0.0,0,1b95,1b95,True,0,correct,1,True,868,0.5
timeout,even_odd,_mult0p5,1,0.0,0,1b95,1b95,True,0,correct,1,True,868,0.5
timeout,even_odd,_mult0p5,1,0.0,0,1b95,1b95,True,0,correct,1,True,868,0.5
timeout,even_odd,_mult0p5,1,0.0,0,1b95,1b95,True,0,correct,1,True,868,0.5
timeout,even_odd,_mult0p5,1,0.0,0,1b95,1b95,True,0,correct,1,True,868,0.5
timeout,even_odd,_mult0p5,1,0.0,0,1b95,1b95,True,0,correct,1,True,868,0.5
timeout,even_odd,_mult0p5,1,0.0,0,1b95,1b95,True,0,correct,1,True,868,0.5
timeout,even_odd,_mult0p5,1,0.0,0,1b95,1b95,True,0,correct,1,True,868,0.5
timeout,even_odd,_mult0p5,1,0.0,0,1b95,1b95,True,0,correct,1,True,868,0.5
timeout,even_odd,_mult0p5,1,0.0,0,1b95,1b95,True,0,correct,1,True,868,0.5
timeout,even_odd,_mult0p5,2,0.0,0,a6b6,a6b6,True,0,correct,2,True,868,0.5
timeout,even_odd,_mult0p5,2,0.0,0,a6b6,a6b6,True,0,correct,2,True,868,0.5
timeout,even_odd,_mult0p5,2,0.0,0,a6b6,a6b6,True,0,correct,2,True,868,0.5
timeout,even_odd,_mult0p5,2,0.0,0,a6b6,a6b6,True,0,correct,2,True,868,0.5
timeout,even_odd,_mult0p5,2,0.0,0,a6b6,a6b6,True,0,correct,2,True,868,0.5
timeout,even_odd,_mult0p5,2,0.0,0,a6b6,a6b6,True,0,correct,2,True,868,0.5
timeout,even_odd,_mult0p5,2,0.0,0,a6b6,a6b6,True,0,correct,2,True,868,0.5
timeout,even_odd,_mult0p5,2,0.0,0,a6b6,a6b6,True,0,correct,2,True,868,0.5
timeout,even_odd,_mult0p5,2,0.0,0,a6b6,a6b6,True,0,correct,2,True,868,0.5
timeout,even_odd,_mult0p5,2,0.0,0,a6b6,a6b6,True,0,correct,2,True,868,0.5
timeout,even_odd,_mult0p5,2,0.0,0,a6b6,a6b6,True,0,correct,2,True,868,0.5
timeout,even_odd,_mult0p5,2,0.0,0,a6b6,a6b6,True,0,correct,2,True,868,0.5
timeout,even_odd,_mult0p5,2,0.0,0,a6b6,a6b6,True,0,correct,2,True,868,0.5
timeout,even_odd,_mult0p5,2,0.0,0,a6b6,a6b6,True,0,correct,2,True,868,0.5
timeout,even_odd,_mult0p5,2,0.0,0,a6b6,a6b6,True,0,correct,2,True,868,0.5
timeout,even_odd,_mult0p5,2,0.0,0,a6b6,a6b6,True,0,correct,2,True,868,0.5
timeout,even_odd,_mult0p5,2,0.0,0,a6b6,a6b6,True,0,correct,2,True,868,0.5
timeout,even_odd,_mult0p5,2,0.0,0,a6b6,a6b6,True,0,correct,2,True,868,0.5
timeout,even_odd,_mult0p5,2,0.0,0,a6b6,a6b6,True,0,correct,2,True,868,0.5
timeout,even_odd,_mult0p5,2,0.0,0,a6b6,a6b6,True,0,correct,2,True,868,0.5
timeout,even_odd,_mult0p5,2,0.0,0,a6b6,a6b6,True,0,correct,2,True,868,0.5
timeout,even_odd,_mult0p5,2,0.0,0,a6b6,a6b6,True,0,correct,2,True,868,0.5
timeout,even_odd,_mult0p5,2,0.0,0,a6b6,a6b6,True,0,correct,2,True,868,0.5
timeout,even_odd,_mult0p5,2,0.0,0,a6b6,a6b6,True,0,correct,2,True,868,0.5
timeout,even_odd,_mult0p5,2,0.0,0,a6b6,a6b6,True,0,correct,2,True,868,0.5
timeout,even_odd,_mult0p5,2,0.0,0,a6b6,a6b6,True,0,correct,2,True,868,0.5
timeout,even_odd,_mult0p5,2,0.0,0,a6b6,a6b6,True,0,correct,2,True,868,0.5
timeout,even_odd,_mult0p5,2,0.0,0,a6b6,a6b6,True,0,correct,2,True,868,0.5
timeout,even_odd,_mult0p5,2,0.0,0,a6b6,a6b6,True,0,correct,2,True,868,0.5
timeout,even_odd,_mult0p5,2,0.0,0,a6b6,a6b6,True,0,correct,2,True,868,0.5
timeout,even_odd,_mult0p5,2,0.0,0,a6b6,a6b6,True,0,correct,2,True,868,0.5
timeout,even_odd,_mult0p5,2,0.0,0,a6b6,a6b6,True,0,correct,2,True,868,0.5
timeout,even_odd,_mult0p5,2,0.0,0,a6b6,a6b6,True,0,correct,2,True,868,0.5
timeout,even_odd,_mult0p5,2,0.0,0,a6b6,a6b6,True,0,correct,2,True,868,0.5
timeout,even_odd,_mult0p5,2,0.0,0,a6b6,a6b6,True,0,correct,2,True,868,0.5
timeout,even_odd,_mult0p5,2,0.0,0,a6b6,a6b6,True,0,correct,2,True,868,0.5
timeout,even_odd,_mult0p5,2,0.0,0,a6b6,a6b6,True,0,correct,2,True,868,0.5
timeout,even_odd,_mult0p5,2,0.0,0,a6b6,a6b6,True,0,correct,2,True,868,0.5
timeout,even_odd,_mult0p5,2,0.0,0,a6b6,a6b6,True,0,correct,2,True,868,0.5
timeout,even_odd,_mult0p5,2,0.0,0,a6b6,a6b6,True,0,correct,2,True,868,0.5
timeout,even_odd,_mult0p5,2,0.0,0,a6b6,a6b6,True,0,correct,2,True,868,0.5
timeout,even_odd,_mult0p5,2,0.0,0,a6b6,a6b6,True,0,correct,2,True,868,0.5
timeout,even_odd,_mult0p5,2,0.0,0,a6b6,a6b6,True,0,correct,2,True,868,0.5
timeout,even_odd,_mult0p5,2,0.0,0,a6b6,a6b6,True,0,correct,2,True,868,0.5
timeout,even_odd,_mult0p5,2,0.0,0,a6b6,a6b6,True,0,correct,2,True,868,0.5
timeout,even_odd,_mult0p5,2,0.0,0,a6b6,a6b6,True,0,correct,2,True,868,0.5
timeout,even_odd,_mult0p5,2,0.0,0,a6b6,a6b6,True,0,correct,2,True,868,0.5
timeout,even_odd,_mult0p5,2,0.0,0,a6b6,a6b6,True,0,correct,2,True,868,0.5
timeout,even_odd,_mult0p5,2,0.0,0,a6b6,a6b6,True,0,correct,2,True,868,0.5
timeout,even_odd,_mult0p5,2,0.0,0,a6b6,a6b6,True,0,correct,2,True,868,0.5
timeout,even_odd,_mult0p5,2,0.0,0,a6b6,a6b6,True,0,correct,2,True,868,0.5
timeout,even_odd,_mult0p5,2,0.0,0,a6b6,a6b6,True,0,correct,2,True,868,0.5
timeout,even_odd,_mult0p5,2,0.0,0,a6b6,a6b6,True,0,correct,2,True,868,0.5
timeout,even_odd,_mult0p5,2,0.0,0,a6b6,a6b6,True,0,correct,2,True,868,0.5
timeout,even_odd,_mult0p5,2,0.0,0,a6b6,a6b6,True,0,correct,2,True,868,0.5
timeout,even_odd,_mult0p5,2,0.0,0,a6b6,a6b6,True,0,correct,2,True,868,0.5
timeout,even_odd,_mult0p5,2,0.0,0,a6b6,a6b6,True,0,correct,2,True,868,0.5
timeout,even_odd,_mult0p5,2,0.0,0,a6b6,a6b6,True,0,correct,2,True,868,0.5
timeout,even_odd,_mult0p5,2,0.0,0,a6b6,a6b6,True,0,correct,2,True,868,0.5
timeout,even_odd,_mult0p5,2,0.0,0,a6b6,a6b6,True,0,correct,2,True,868,0.5
timeout,even_odd,_mult0p5,3,0.0,0,bd07,bd07,True,0,correct,3,True,868,0.5
timeout,even_odd,_mult0p5,3,0.0,0,bd07,bd07,True,0,correct,3,True,868,0.5
timeout,even_odd,_mult0p5,3,0.0,0,bd07,bd07,True,0,correct,3,True,868,0.5
timeout,even_odd,_mult0p5,3,0.0,0,bd07,bd07,True,0,correct,3,True,868,0.5
timeout,even_odd,_mult0p5,3,0.0,0,bd07,bd07,True,0,correct,3,True,868,0.5
timeout,even_odd,_mult0p5,3,0.0,0,bd07,bd07,True,0,correct,3,True,868,0.5
timeout,even_odd,_mult0p5,3,0.0,0,bd07,bd07,True,0,correct,3,True,868,0.5
timeout,even_odd,_mult0p5,3,0.0,0,bd07,bd07,True,0,correct,3,True,868,0.5
timeout,even_odd,_mult0p5,3,0.0,0,bd07,bd07,True,0,correct,3,True,868,0.5
timeout,even_odd,_mult0p5,3,0.0,0,bd07,bd07,True,0,correct,3,True,868,0.5
timeout,even_odd,_mult0p5,3,0.0,0,bd07,bd07,True,0,correct,3,True,868,0.5
timeout,even_odd,_mult0p5,3,0.0,0,bd07,bd07,True,0,correct,3,True,868,0.5
timeout,even_odd,_mult0p5,3,0.0,0,bd07,bd07,True,0,correct,3,True,868,0.5
timeout,even_odd,_mult0p5,3,0.0,0,bd07,bd07,True,0,correct,3,True,868,0.5
timeout,even_odd,_mult0p5,3,0.0,0,bd07,bd07,True,0,correct,3,True,868,0.5
timeout,even_odd,_mult0p5,3,0.0,0,bd07,bd07,True,0,correct,3,True,868,0.5
timeout,even_odd,_mult0p5,3,0.0,0,bd07,bd07,True,0,correct,3,True,868,0.5
timeout,even_odd,_mult0p5,3,0.0,0,bd07,bd07,True,0,correct,3,True,868,0.5
timeout,even_odd,_mult0p5,3,0.0,0,bd07,bd07,True,0,correct,3,True,868,0.5
timeout,even_odd,_mult0p5,3,0.0,0,bd07,bd07,True,0,correct,3,True,868,0.5
timeout,even_odd,_mult0p5,3,0.0,0,bd07,bd07,True,0,correct,3,True,868,0.5
timeout,even_odd,_mult0p5,3,0.0,0,bd07,bd07,True,0,correct,3,True,868,0.5
timeout,even_odd,_mult0p5,3,0.0,0,bd07,bd07,True,0,correct,3,True,868,0.5
timeout,even_odd,_mult0p5,3,0.0,0,bd07,bd07,True,0,correct,3,True,868,0.5
timeout,even_odd,_mult0p5,3,0.0,0,bd07,bd07,True,0,correct,3,True,868,0.5
timeout,even_odd,_mult0p5,3,0.0,0,bd07,bd07,True,0,correct,3,True,868,0.5
timeout,even_odd,_mult0p5,3,0.0,0,bd07,bd07,True,0,correct,3,True,868,0.5
timeout,even_odd,_mult0p5,3,0.0,0,bd07,bd07,True,0,correct,3,True,868,0.5
timeout,even_odd,_mult0p5,3,0.0,0,bd07,bd07,True,0,correct,3,True,868,0.5
timeout,even_odd,_mult0p5,3,0.0,0,bd07,bd07,True,0,correct,3,True,868,0.5
timeout,even_odd,_mult0p5,3,0.0,0,bd07,bd07,True,0,correct,3,True,868,0.5
timeout,even_odd,_mult0p5,3,0.0,0,bd07,bd07,True,0,correct,3,True,868,0.5
timeout,even_odd,_mult0p5,3,0.0,0,bd07,bd07,True,0,correct,3,True,868,0.5
timeout,even_odd,_mult0p5,3,0.0,0,bd07,bd07,True,0,correct,3,True,868,0.5
timeout,even_odd,_mult0p5,3,0.0,0,bd07,bd07,True,0,correct,3,True,868,0.5
timeout,even_odd,_mult0p5,3,0.0,0,bd07,bd07,True,0,correct,3,True,868,0.5
timeout,even_odd,_mult0p5,3,0.0,0,bd07,bd07,True,0,correct,3,True,868,0.5
timeout,even_odd,_mult0p5,3,0.0,0,bd07,bd07,True,0,correct,3,True,868,0.5
timeout,even_odd,_mult0p5,3,0.0,0,bd07,bd07,True,0,correct,3,True,868,0.5
timeout,even_odd,_mult0p5,3,0.0,0,bd07,bd07,True,0,correct,3,True,868,0.5
timeout,even_odd,_mult0p5,3,0.0,0,bd07,bd07,True,0,correct,3,True,868,0.5
timeout,even_odd,_mult0p5,3,0.0,0,bd07,bd07,True,0,correct,3,True,868,0.5
timeout,even_odd,_mult0p5,3,0.0,0,bd07,bd07,True,0,correct,3,True,868,0.5
timeout,even_odd,_mult0p5,3,0.0,0,bd07,bd07,True,0,correct,3,True,868,0.5
timeout,even_odd,_mult0p5,3,0.0,0,bd07,bd07,True,0,correct,3,True,868,0.5
timeout,even_odd,_mult0p5,3,0.0,0,bd07,bd07,True,0,correct,3,True,868,0.5
timeout,even_odd,_mult0p5,3,0.0,0,bd07,bd07,True,0,correct,3,True,868,0.5
timeout,even_odd,_mult0p5,3,0.0,0,bd07,bd07,True,0,correct,3,True,868,0.5
timeout,even_odd,_mult0p5,3,0.0,0,bd07,bd07,True,0,correct,3,True,868,0.5
timeout,even_odd,_mult0p5,3,0.0,0,bd07,bd07,True,0,correct,3,True,868,0.5
timeout,even_odd,_mult0p5,3,0.0,0,bd07,bd07,True,0,correct,3,True,868,0.5
timeout,even_odd,_mult0p5,3,0.0,0,bd07,bd07,True,0,correct,3,True,868,0.5
timeout,even_odd,_mult0p5,3,0.0,0,bd07,bd07,True,0,correct,3,True,868,0.5
timeout,even_odd,_mult0p5,3,0.0,0,bd07,bd07,True,0,correct,3,True,868,0.5
timeout,even_odd,_mult0p5,3,0.0,0,bd07,bd07,True,0,correct,3,True,868,0.5
timeout,even_odd,_mult0p5,3,0.0,0,bd07,bd07,True,0,correct,3,True,868,0.5
timeout,even_odd,_mult0p5,3,0.0,0,bd07,bd07,True,0,correct,3,True,868,0.5
timeout,even_odd,_mult0p5,3,0.0,0,bd07,bd07,True,0,correct,3,True,868,0.5
timeout,even_odd,_mult0p5,3,0.0,0,bd07,bd07,True,0,correct,3,True,868,0.5
timeout,even_odd,_mult0p5,3,0.0,0,bd07,bd07,True,0,correct,3,True,868,0.5
timeout,even_odd,_mult0p5,0,0.15,3,faae,fca6,True,25,correct,0,True,868,0.5
timeout,even_odd,_mult0p5,0,0.15,1,fea6,fca6,True,25,correct,0,True,868,0.5
timeout,even_odd,_mult0p5,0,0.15,1,fca2,fca6,True,11,correct,0,True,868,0.5
timeout,even_odd,_mult0p5,0,0.15,3,f884,fca6,True,45,correct,0,True,868,0.5
timeout,even_odd,_mult0p5,0,0.15,3,f0a2,fca6,True,25,correct,0,True,868,0.5
timeout,even_odd,_mult0p5,0,0.15,2,f886,fca6,True,25,correct,0,True,868,0.5
timeout,even_odd,_mult0p5,0,0.15,2,f8a2,fca6,True,11,correct,0,True,868,0.5
timeout,even_odd,_mult0p5,0,0.15,2,fcac,fca6,True,25,correct,0,True,868,0.5
timeout,even_odd,_mult0p5,0,0.15,1,dca6,fca6,True,25,correct,0,True,868,0.5
timeout,even_odd,_mult0p5,0,0.15,5,dc0a,fd4b,True,35,spurious,-1,False,868,0.5
timeout,even_odd,_mult0p5,0,0.15,2,fea4,fca6,True,25,correct,0,True,868,0.5
timeout,even_odd,_mult0p5,0,0.15,4,788e,fca6,True,45,correct,0,True,868,0.5
timeout,even_odd,_mult0p5,0,0.15,2,f5a6,fca6,True,25,correct,0,True,868,0.5
timeout,even_odd,_mult0p5,0,0.15,2,fc84,fca6,True,25,correct,0,True,868,0.5
timeout,even_odd,_mult0p5,0,0.15,5,f0b0,fca6,True,45,correct,0,True,868,0.5
timeout,even_odd,_mult0p5,0,0.15,5,3df6,fca6,True,35,correct,0,True,868,0.5
timeout,even_odd,_mult0p5,0,0.15,4,7c0e,fd4b,True,45,spurious,-1,False,868,0.5
timeout,even_odd,_mult0p5,0,0.15,3,bcb7,fd4b,True,21,spurious,-1,False,868,0.5
timeout,even_odd,_mult0p5,0,0.15,2,fea2,fd4b,True,14,spurious,-1,False,868,0.5
timeout,even_odd,_mult0p5,0,0.15,4,cda2,fd4b,True,14,spurious,-1,False,868,0.5
timeout,even_odd,_mult0p5,0,0.15,1,f8a6,fd4b,True,14,spurious,-1,False,868,0.5
timeout,even_odd,_mult0p5,0,0.15,6,2cab,fd4b,True,14,spurious,-1,False,868,0.5
timeout,even_odd,_mult0p5,0,0.15,2,f426,fd4b,True,14,spurious,-1,False,868,0.5
timeout,even_odd,_mult0p5,0,0.15,2,ece6,fd4b,True,14,spurious,-1,False,868,0.5
timeout,even_odd,_mult0p5,0,0.15,3,f9a2,fd4b,True,14,spurious,-1,False,868,0.5
timeout,even_odd,_mult0p5,0,0.15,4,6ce2,fd4b,True,14,spurious,-1,False,868,0.5
timeout,even_odd,_mult0p5,0,0.15,3,eea2,fd4b,True,14,spurious,-1,False,868,0.5
timeout,even_odd,_mult0p5,0,0.15,0,fca6,fca6,True,0,correct,0,True,868,0.5
timeout,even_odd,_mult0p5,0,0.15,4,f4e5,fca6,True,25,correct,0,True,868,0.5
timeout,even_odd,_mult0p5,0,0.15,2,feb6,fca6,True,25,correct,0,True,868,0.5
timeout,even_odd,_mult0p5,0,0.15,3,94a6,fca6,True,45,correct,0,True,868,0.5
timeout,even_odd,_mult0p5,0,0.15,0,fca6,fca6,True,0,correct,0,True,868,0.5
timeout,even_odd,_mult0p5,0,0.15,1,fca7,fca6,True,11,correct,0,True,868,0.5
timeout,even_odd,_mult0p5,0,0.15,1,dca6,fca6,True,25,correct,0,True,868,0.5
timeout,even_odd,_mult0p5,0,0.15,1,f8a6,fca6,True,11,correct,0,True,868,0.5
timeout,even_odd,_mult0p5,0,0.15,2,fc06,bd07,True,21,wrong_pattern,3,False,868,0.5
timeout,even_odd,_mult0p5,0,0.15,4,acac,fca6,True,45,correct,0,True,868,0.5
timeout,even_odd,_mult0p5,0,0.15,2,eda6,fca6,True,11,correct,0,True,868,0.5
timeout,even_odd,_mult0p5,0,0.15,3,f4b7,fca6,True,49,correct,0,True,868,0.5
timeout,even_odd,_mult0p5,0,0.15,1,fea6,fca6,True,25,correct,0,True,868,0.5
timeout,even_odd,_mult0p5,0,0.15,1,dca6,fca6,True,25,correct,0,True,868,0.5
timeout,even_odd,_mult0p5,0,0.15,5,64e7,fca6,True,35,correct,0,True,868,0.5
timeout,even_odd,_mult0p5,0,0.15,1,fcae,fca6,True,25,correct,0,True,868,0.5
timeout,even_odd,_mult0p5,0,0.15,5,e4a8,fc6a,True,35,spurious,-1,False,868,0.5
timeout,even_odd,_mult0p5,0,0.15,4,f807,bd07,True,45,wrong_pattern,3,False,868,0.5
timeout,even_odd,_mult0p5,0,0.15,1,fc26,bd07,True,21,wrong_pattern,3,False,868,0.5
timeout,even_odd,_mult0p5,0,0.15,2,7c86,fca6,True,25,correct,0,True,868,0.5
timeout,even_odd,_mult0p5,0,0.15,2,fc06,bd07,True,21,wrong_pattern,3,False,868,0.5
timeout,even_odd,_mult0p5,0,0.15,2,fda4,fca6,True,25,correct,0,True,868,0.5
timeout,even_odd,_mult0p5,0,0.15,2,dcae,fca6,True,25,correct,0,True,868,0.5
timeout,even_odd,_mult0p5,0,0.15,5,e786,a6b6,True,55,wrong_pattern,2,False,868,0.5
timeout,even_odd,_mult0p5,0,0.15,3,7de6,a6b6,True,24,wrong_pattern,2,False,868,0.5
timeout,even_odd,_mult0p5,0,0.15,1,eca6,a6b6,True,21,wrong_pattern,2,False,868,0.5
timeout,even_odd,_mult0p5,0,0.15,2,cca6,a6b6,True,24,wrong_pattern,2,False,868,0.5
timeout,even_odd,_mult0p5,0,0.15,2,6ca6,a6b6,True,24,wrong_pattern,2,False,868,0.5
timeout,even_odd,_mult0p5,0,0.15,1,fc26,a6b6,True,24,wrong_pattern,2,False,868,0.5
timeout,even_odd,_mult0p5,0,0.15,5,dcca,a6b6,True,24,wrong_pattern,2,False,868,0.5
timeout,even_odd,_mult0p5,0,0.15,2,dce6,fca6,True,25,correct,0,True,868,0.5
timeout,even_odd,_mult0p5,0,0.15,0,fca6,fca6,True,0,correct,0,True,868,0.5
timeout,even_odd,_mult0p5,0,0.15,1,f8a6,fca6,True,11,correct,0,True,868,0.5
timeout,even_odd,_mult0p5,1,0.15,2,db95,1905,True,35,spurious,-1,False,868,0.5
timeout,even_odd,_mult0p5,1,0.15,3,19f5,1905,True,14,spurious,-1,False,868,0.5
timeout,even_odd,_mult0p5,1,0.15,1,1995,1905,True,14,spurious,-1,False,868,0.5
timeout,even_odd,_mult0p5,1,0.15,3,4bb5,1905,True,14,spurious,-1,False,868,0.5
timeout,even_odd,_mult0p5,1,0.15,1,3b95,1905,True,14,spurious,-1,False,868,0.5
timeout,even_odd,_mult0p5,1,0.15,3,5a97,1905,True,14,spurious,-1,False,868,0.5
timeout,even_odd,_mult0p5,1,0.15,1,1995,1905,True,14,spurious,-1,False,868,0.5
timeout,even_odd,_mult0p5,1,0.15,3,db94,1905,True,14,spurious,-1,False,868,0.5
timeout,even_odd,_mult0p5,1,0.15,4,3b98,1905,True,14,spurious,-1,False,868,0.5
timeout,even_odd,_mult0p5,1,0.15,0,1b95,1b95,True,0,correct,1,True,868,0.5
timeout,even_odd,_mult0p5,1,0.15,2,1bd4,2b4,True,35,spurious,-1,False,868,0.5
timeout,even_odd,_mult0p5,1,0.15,1,1b15,2b4,True,14,spurious,-1,False,868,0.5
timeout,even_odd,_mult0p5,1,0.15,3,1791,2b4,True,11,spurious,-1,False,868,0.5
timeout,even_odd,_mult0p5,1,0.15,3,1a8d,2b4,True,14,spurious,-1,False,868,0.5
timeout,even_odd,_mult0p5,1,0.15,3,1387,2b4,True,14,spurious,-1,False,868,0.5
timeout,even_odd,_mult0p5,1,0.15,3,1add,2b4,True,14,spurious,-1,False,868,0.5
timeout,even_odd,_mult0p5,1,0.15,4,138f,2b4,True,11,spurious,-1,False,868,0.5
timeout,even_odd,_mult0p5,1,0.15,5,1f5,2b4,True,11,spurious,-1,False,868,0.5
timeout,even_odd,_mult0p5,1,0.15,0,1b95,1b95,True,0,correct,1,True,868,0.5
timeout,even_odd,_mult0p5,1,0.15,4,1d99,1905,True,35,spurious,-1,False,868,0.5
timeout,even_odd,_mult0p5,1,0.15,1,1b85,1905,True,4,spurious,-1,False,868,0.5
timeout,even_odd,_mult0p5,1,0.15,2,1b9c,1905,True,11,spurious,-1,False,868,0.5
timeout,even_odd,_mult0p5,1,0.15,3,fb5,1905,True,14,spurious,-1,False,868,0.5
timeout,even_odd,_mult0p5,1,0.15,0,1b95,1b95,True,0,correct,1,True,868,0.5
timeout,even_odd,_mult0p5,1,0.15,0,1b95,1b95,True,0,correct,1,True,868,0.5
timeout,even_odd,_mult0p5,1,0.15,1,1395,395,True,11,spurious,-1,False,868,0.5
timeout,even_odd,_mult0p5,1,0.15,3,3b93,395,True,14,spurious,-1,False,868,0.5
timeout,even_odd,_mult0p5,1,0.15,1,1bb5,395,True,11,spurious,-1,False,868,0.5
timeout,even_odd,_mult0p5,1,0.15,0,1b95,1b95,True,0,correct,1,True,868,0.5
timeout,even_odd,_mult0p5,1,0.15,4,7fb5,58a4,True,45,spurious,-1,False,868,0.5
timeout,even_odd,_mult0p5,1,0.15,3,1791,395,True,11,spurious,-1,False,868,0.5
timeout,even_odd,_mult0p5,1,0.15,1,5b95,395,True,14,spurious,-1,False,868,0.5
timeout,even_odd,_mult0p5,1,0.15,5,ab05,395,True,14,spurious,-1,False,868,0.5
timeout,even_odd,_mult0p5,1,0.15,4,1615,2b4,True,48,spurious,-1,False,868,0.5
timeout,even_odd,_mult0p5,1,0.15,6,ebb4,2b4,True,14,spurious,-1,False,868,0.5
timeout,even_odd,_mult0p5,1,0.15,2,1b55,2b4,True,11,spurious,-1,False,868,0.5
timeout,even_odd,_mult0p5,1,0.15,3,bf95,2b4,True,14,spurious,-1,False,868,0.5
timeout,even_odd,_mult0p5,1,0.15,3,1c95,2b4,True,14,spurious,-1,False,868,0.5
timeout,even_odd,_mult0p5,1,0.15,2,1fd5,2b4,True,14,spurious,-1,False,868,0.5
timeout,even_odd,_mult0p5,1,0.15,3,1bf1,2b4,True,11,spurious,-1,False,868,0.5
timeout,even_odd,_mult0p5,1,0.15,2,1a9d,2b4,True,14,spurious,-1,False,868,0.5
timeout,even_odd,_mult0p5,1,0.15,3,1a14,2b4,True,11,spurious,-1,False,868,0.5
timeout,even_odd,_mult0p5,1,0.15,2,1bb1,2b4,True,11,spurious,-1,False,868,0.5
timeout,even_odd,_mult0p5,1,0.15,2,1b17,2b4,True,14,spurious,-1,False,868,0.5
timeout,even_odd,_mult0p5,1,0.15,2,13b5,2b4,True,11,spurious,-1,False,868,0.5
timeout,even_odd,_mult0p5,1,0.15,6,8ffd,2b4,True,14,spurious,-1,False,868,0.5
timeout,even_odd,_mult0p5,1,0.15,4,4394,2b4,True,11,spurious,-1,False,868,0.5
timeout,even_odd,_mult0p5,1,0.15,5,3755,359,True,45,spurious,-1,False,868,0.5
timeout,even_odd,_mult0p5,1,0.15,3,9bc5,1b95,True,45,correct,1,True,868,0.5
timeout,even_odd,_mult0p5,1,0.15,2,5b94,58a4,True,35,spurious,-1,False,868,0.5
timeout,even_odd,_mult0p5,1,0.15,1,1395,58a4,True,21,spurious,-1,False,868,0.5
timeout,even_odd,_mult0p5,1,0.15,1,1bd5,1b95,True,21,correct,1,True,868,0.5
timeout,even_odd,_mult0p5,1,0.15,1,5b95,1b95,True,21,correct,1,True,868,0.5
timeout,even_odd,_mult0p5,1,0.15,5,38f5,2b4,True,38,spurious,-1,False,868,0.5
timeout,even_odd,_mult0p5,1,0.15,2,1915,2b4,True,14,spurious,-1,False,868,0.5
timeout,even_odd,_mult0p5,1,0.15,1,5b95,2b4,True,14,spurious,-1,False,868,0.5
timeout,even_odd,_mult0p5,1,0.15,3,1b25,2b4,True,14,spurious,-1,False,868,0.5
timeout,even_odd,_mult0p5,1,0.15,2,1397,2b4,True,14,spurious,-1,False,868,0.5
timeout,even_odd,_mult0p5,1,0.15,4,f995,2b4,True,14,spurious,-1,False,868,0.5
timeout,even_odd,_mult0p5,1,0.15,2,9395,2b4,True,14,spurious,-1,False,868,0.5
timeout,even_odd,_mult0p5,2,0.15,3,a3b4,2b4,True,14,spurious,-1,False,868,0.5
timeout,even_odd,_mult0p5,2,0.15,3,acb7,2b4,True,14,spurious,-1,False,868,0.5
timeout,even_odd,_mult0p5,2,0.15,3,6eb6,2b4,True,14,spurious,-1,False,868,0.5
timeout,even_odd,_mult0p5,2,0.15,1,a7b6,2b4,True,14,spurious,-1,False,868,0.5
timeout,even_odd,_mult0p5,2,0.15,2,a796,2b4,True,14,spurious,-1,False,868,0.5
timeout,even_odd,_mult0p5,2,0.15,0,a6b6,a6b6,True,0,correct,2,True,868,0.5
timeout,even_odd,_mult0p5,2,0.15,2,a4b4,fca6,True,45,wrong_pattern,0,False,868,0.5
timeout,even_odd,_mult0p5,2,0.15,0,a6b6,a6b6,True,0,correct,2,True,868,0.5
timeout,even_odd,_mult0p5,2,0.15,5,8477,a677,False,868,oscillated,-1,False,868,0.5
timeout,even_odd,_mult0p5,2,0.15,2,a2a6,a6b6,True,25,correct,2,True,868,0.5
timeout,even_odd,_mult0p5,2,0.15,1,aeb6,fca6,True,55,wrong_pattern,0,False,868,0.5
timeout,even_odd,_mult0p5,2,0.15,1,b6b6,fca6,True,11,wrong_pattern,0,False,868,0.5
timeout,even_odd,_mult0p5,2,0.15,0,a6b6,a6b6,True,0,correct,2,True,868,0.5
timeout,even_odd,_mult0p5,2,0.15,3,b697,a6b6,True,45,correct,2,True,868,0.5
timeout,even_odd,_mult0p5,2,0.15,3,66a6,a6b6,True,21,correct,2,True,868,0.5
timeout,even_odd,_mult0p5,2,0.15,1,a6f6,a6b6,True,11,correct,2,True,868,0.5
timeout,even_odd,_mult0p5,2,0.15,4,a6fd,e6fa,True,51,spurious,-1,False,868,0.5
timeout,even_odd,_mult0p5,2,0.15,2,a7be,a6b6,True,25,correct,2,True,868,0.5
timeout,even_odd,_mult0p5,2,0.15,0,a6b6,a6b6,True,0,correct,2,True,868,0.5
timeout,even_odd,_mult0p5,2,0.15,1,a6be,a6b6,True,25,correct,2,True,868,0.5
timeout,even_odd,_mult0p5,2,0.15,2,aea6,fca6,True,45,wrong_pattern,0,False,868,0.5
timeout,even_odd,_mult0p5,2,0.15,4,adb4,fca6,True,45,wrong_pattern,0,False,868,0.5
timeout,even_odd,_mult0p5,2,0.15,2,b6b4,a6b6,True,45,correct,2,True,868,0.5
timeout,even_odd,_mult0p5,2,0.15,3,8ea6,a6b6,True,21,correct,2,True,868,0.5
timeout,even_odd,_mult0p5,2,0.15,2,b696,a6b6,True,45,correct,2,True,868,0.5
timeout,even_odd,_mult0p5,2,0.15,2,26b7,a6b6,True,11,correct,2,True,868,0.5
timeout,even_odd,_mult0p5,2,0.15,0,a6b6,a6b6,True,0,correct,2,True,868,0.5
timeout,even_odd,_mult0p5,2,0.15,1,a4b6,fca6,True,45,wrong_pattern,0,False,868,0.5
timeout,even_odd,_mult0p5,2,0.15,4,8286,a6b6,True,45,correct,2,True,868,0.5
timeout,even_odd,_mult0p5,2,0.15,4,69e,2b4,True,45,spurious,-1,False,868,0.5
timeout,even_odd,_mult0p5,2,0.15,2,eeb6,fca6,True,55,wrong_pattern,0,False,868,0.5
timeout,even_odd,_mult0p5,2,0.15,3,b436,fca6,True,11,wrong_pattern,0,False,868,0.5
timeout,even_odd,_mult0p5,2,0.15,2,a6a2,fca6,True,21,wrong_pattern,0,False,868,0.5
timeout,even_odd,_mult0p5,2,0.15,1,a6b4,a6b6,True,25,correct,2,True,868,0.5
timeout,even_odd,_mult0p5,2,0.15,1,a6b7,a6b6,True,11,correct,2,True,868,0.5
timeout,even_odd,_mult0p5,2,0.15,2,a6fe,e6fa,True,21,spurious,-1,False,868,0.5
timeout,even_odd,_mult0p5,2,0.15,1,a696,a6b6,True,25,correct,2,True,868,0.5
timeout,even_odd,_mult0p5,2,0.15,2,aab6,fca6,True,55,wrong_pattern,0,False,868,0.5
timeout,even_odd,_mult0p5,2,0.15,2,a6ba,fca6,True,21,wrong_pattern,0,False,868,0.5
timeout,even_odd,_mult0p5,2,0.15,4,e36,58a4,True,89,spurious,-1,False,868,0.5
timeout,even_odd,_mult0p5,2,0.15,3,25b6,58a4,True,21,spurious,-1,False,868,0.5
timeout,even_odd,_mult0p5,2,0.15,3,a7ae,58a4,True,24,spurious,-1,False,868,0.5
timeout,even_odd,_mult0p5,2,0.15,4,2276,e6fa,True,45,spurious,-1,False,868,0.5
timeout,even_odd,_mult0p5,2,0.15,5,a70e,a75b,True,11,spurious,-1,False,868,0.5
timeout,even_odd,_mult0p5,2,0.15,5,25e6,a75b,True,14,spurious,-1,False,868,0.5
timeout,even_odd,_mult0p5,2,0.15,0,a6b6,a6b6,True,0,correct,2,True,868,0.5
timeout,even_odd,_mult0p5,2,0.15,1,a6b7,a6b6,True,11,correct,2,True,868,0.5
timeout,even_odd,_mult0p5,2,0.15,4,afba,a6b6,True,69,correct,2,True,868,0.5
timeout,even_odd,_mult0p5,2,0.15,3,ae34,a6b6,True,4,correct,2,True,868,0.5
timeout,even_odd,_mult0p5,2,0.15,2,26b7,a6b6,True,11,correct,2,True,868,0.5
timeout,even_odd,_mult0p5,2,0.15,4,efb7,fca6,True,55,wrong_pattern,0,False,868,0.5
timeout,even_odd,_mult0p5,2,0.15,3,8692,fca6,True,21,wrong_pattern,0,False,868,0.5
timeout,even_odd,_mult0p5,2,0.15,1,a6b2,a6b6,True,11,correct,2,True,868,0.5
timeout,even_odd,_mult0p5,2,0.15,6,deb3,fca6,True,25,wrong_pattern,0,False,868,0.5
timeout,even_odd,_mult0p5,2,0.15,2,e6be,e6fa,True,21,spurious,-1,False,868,0.5
timeout,even_odd,_mult0p5,2,0.15,2,66b6,a6b6,True,25,correct,2,True,868,0.5
timeout,even_odd,_mult0p5,2,0.15,1,e6b6,a6b6,True,11,correct,2,True,868,0.5
timeout,even_odd,_mult0p5,2,0.15,2,e2b6,a6b6,True,11,correct,2,True,868,0.5
timeout,even_odd,_mult0p5,2,0.15,4,be26,fca6,True,35,wrong_pattern,0,False,868,0.5
timeout,even_odd,_mult0p5,2,0.15,3,32b6,a6b6,True,45,correct,2,True,868,0.5
timeout,even_odd,_mult0p5,3,0.15,3,f503,a6b6,True,14,wrong_pattern,2,False,868,0.5
timeout,even_odd,_mult0p5,3,0.15,2,9907,a6b6,True,14,wrong_pattern,2,False,868,0.5
timeout,even_odd,_mult0p5,3,0.15,2,3d47,a6b6,True,14,wrong_pattern,2,False,868,0.5
timeout,even_odd,_mult0p5,3,0.15,2,bd26,a6b6,True,14,wrong_pattern,2,False,868,0.5
timeout,even_odd,_mult0p5,3,0.15,4,7f05,a6b6,True,24,wrong_pattern,2,False,868,0.5
timeout,even_odd,_mult0p5,3,0.15,2,bd45,a6b6,True,11,wrong_pattern,2,False,868,0.5
timeout,even_odd,_mult0p5,3,0.15,1,bd06,a6b6,True,14,wrong_pattern,2,False,868,0.5
timeout,even_odd,_mult0p5,3,0.15,2,bb07,a6b6,True,14,wrong_pattern,2,False,868,0.5
timeout,even_odd,_mult0p5,3,0.15,2,7d07,a6b6,True,21,wrong_pattern,2,False,868,0.5
timeout,even_odd,_mult0p5,3,0.15,2,b903,a6b6,True,14,wrong_pattern,2,False,868,0.5
timeout,even_odd,_mult0p5,3,0.15,1,bd06,a6b6,True,14,wrong_pattern,2,False,868,0.5
timeout,even_odd,_mult0p5,3,0.15,4,bda4,a6b6,True,14,wrong_pattern,2,False,868,0.5
timeout,even_odd,_mult0p5,3,0.15,2,fd47,a6b6,True,14,wrong_pattern,2,False,868,0.5
timeout,even_odd,_mult0p5,3,0.15,4,9d11,a6b6,True,14,wrong_pattern,2,False,868,0.5
timeout,even_odd,_mult0p5,3,0.15,1,bd05,a6b6,True,14,wrong_pattern,2,False,868,0.5
timeout,even_odd,_mult0p5,3,0.15,1,bd27,a6b6,True,14,wrong_pattern,2,False,868,0.5
timeout,even_odd,_mult0p5,3,0.15,1,bd06,a6b6,True,14,wrong_pattern,2,False,868,0.5
timeout,even_odd,_mult0p5,3,0.15,3,bc45,a6b6,True,24,wrong_pattern,2,False,868,0.5
timeout,even_odd,_mult0p5,3,0.15,3,3987,a6b6,True,14,wrong_pattern,2,False,868,0.5
timeout,even_odd,_mult0p5,3,0.15,5,db47,a6b6,True,14,wrong_pattern,2,False,868,0.5
timeout,even_odd,_mult0p5,3,0.15,3,9903,a6b6,True,14,wrong_pattern,2,False,868,0.5
timeout,even_odd,_mult0p5,3,0.15,3,b904,a6b6,True,14,wrong_pattern,2,False,868,0.5
timeout,even_odd,_mult0p5,3,0.15,2,fd05,a6b6,True,24,wrong_pattern,2,False,868,0.5
timeout,even_odd,_mult0p5,3,0.15,3,2d0f,a6b6,True,14,wrong_pattern,2,False,868,0.5
timeout,even_odd,_mult0p5,3,0.15,5,b383,a6b6,True,14,wrong_pattern,2,False,868,0.5
timeout,even_odd,_mult0p5,3,0.15,2,ac07,a6b6,True,14,wrong_pattern,2,False,868,0.5
timeout,even_odd,_mult0p5,3,0.15,4,af1f,a75b,True,35,spurious,-1,False,868,0.5
timeout,even_odd,_mult0p5,3,0.15,3,b703,a75b,True,45,spurious,-1,False,868,0.5
timeout,even_odd,_mult0p5,3,0.15,3,dd06,a75b,True,21,spurious,-1,False,868,0.5
timeout,even_odd,_mult0p5,3,0.15,4,3e06,fca6,True,69,wrong_pattern,0,False,868,0.5
timeout,even_odd,_mult0p5,3,0.15,1,bd27,bd07,True,25,correct,3,True,868,0.5
timeout,even_odd,_mult0p5,3,0.15,3,b447,a75b,True,45,spurious,-1,False,868,0.5
timeout,even_odd,_mult0p5,3,0.15,2,b587,a75b,True,14,spurious,-1,False,868,0.5
timeout,even_odd,_mult0p5,3,0.15,3,bf45,a75b,True,14,spurious,-1,False,868,0.5
timeout,even_odd,_mult0p5,3,0.15,3,a927,a75b,True,11,spurious,-1,False,868,0.5
timeout,even_odd,_mult0p5,3,0.15,2,bd0e,a75b,True,14,spurious,-1,False,868,0.5
timeout,even_odd,_mult0p5,3,0.15,1,fd07,a75b,True,21,spurious,-1,False,868,0.5
timeout,even_odd,_mult0p5,3,0.15,4,ac16,bd07,True,11,correct,3,True,868,0.5
timeout,even_odd,_mult0p5,3,0.15,4,3717,bd07,True,14,correct,3,True,868,0.5
timeout,even_odd,_mult0p5,3,0.15,1,bf07,bd07,True,4,correct,3,True,868,0.5
timeout,even_odd,_mult0p5,3,0.15,4,fdd7,bd07,True,21,correct,3,True,868,0.5
timeout,even_odd,_mult0p5,3,0.15,1,bd17,bd07,True,11,correct,3,True,868,0.5
timeout,even_odd,_mult0p5,3,0.15,7,85e3,bd07,True,21,correct,3,True,868,0.5
timeout,even_odd,_mult0p5,3,0.15,3,b985,bd07,True,11,correct,3,True,868,0.5
timeout,even_odd,_mult0p5,3,0.15,3,b703,a75b,True,45,spurious,-1,False,868,0.5
timeout,even_odd,_mult0p5,3,0.15,3,bda5,a75b,True,14,spurious,-1,False,868,0.5
timeout,even_odd,_mult0p5,3,0.15,0,bd07,bd07,True,0,correct,3,True,868,0.5
timeout,even_odd,_mult0p5,3,0.15,2,b927,bd07,True,25,correct,3,True,868,0.5
timeout,even_odd,_mult0p5,3,0.15,5,6c17,bd07,True,35,correct,3,True,868,0.5
timeout,even_odd,_mult0p5,3,0.15,3,1d0f,1905,True,45,spurious,-1,False,868,0.5
timeout,even_odd,_mult0p5,3,0.15,4,1903,1905,True,25,spurious,-1,False,868,0.5
timeout,even_odd,_mult0p5,3,0.15,1,b907,bd07,True,11,correct,3,True,868,0.5
timeout,even_odd,_mult0p5,3,0.15,1,bd17,bd07,True,11,correct,3,True,868,0.5
timeout,even_odd,_mult0p5,3,0.15,0,bd07,bd07,True,0,correct,3,True,868,0.5
timeout,even_odd,_mult0p5,3,0.15,6,918b,a75b,True,45,spurious,-1,False,868,0.5
timeout,even_odd,_mult0p5,3,0.15,0,bd07,bd07,True,0,correct,3,True,868,0.5
timeout,even_odd,_mult0p5,3,0.15,2,bd83,bd07,True,25,correct,3,True,868,0.5
timeout,even_odd,_mult0p5,3,0.15,0,bd07,bd07,True,0,correct,3,True,868,0.5
timeout,even_odd,_mult0p5,3,0.15,5,9483,fca6,True,83,wrong_pattern,0,False,868,0.5
timeout,even_odd,_mult0p5,3,0.15,4,f513,a75b,True,45,spurious,-1,False,868,0.5
timeout,even_odd,_mult0p5,0,0.3,2,7ce6,a75b,True,24,spurious,-1,False,868,0.5
timeout,even_odd,_mult0p5,0,0.3,9,5f4f,a75b,True,21,spurious,-1,False,868,0.5
timeout,even_odd,_mult0p5,0,0.3,6,7fd6,fca6,True,35,correct,0,True,868,0.5
timeout,even_odd,_mult0p5,0,0.3,6,f104,fca6,True,11,correct,0,True,868,0.5
timeout,even_odd,_mult0p5,0,0.3,2,7ca7,fca6,True,25,correct,0,True,868,0.5
timeout,even_odd,_mult0p5,0,0.3,8,24f3,fca6,True,55,correct,0,True,868,0.5
timeout,even_odd,_mult0p5,0,0.3,3,fcf2,fca6,True,11,correct,0,True,868,0.5
timeout,even_odd,_mult0p5,0,0.3,2,fea2,fca6,True,11,correct,0,True,868,0.5
timeout,even_odd,_mult0p5,0,0.3,6,9c9f,fca6,True,83,correct,0,True,868,0.5
timeout,even_odd,_mult0p5,0,0.3,6,84ac,fca6,True,21,correct,0,True,868,0.5
timeout,even_odd,_mult0p5,0,0.3,3,beae,fca6,True,25,correct,0,True,868,0.5
timeout,even_odd,_mult0p5,0,0.3,6,dc43,fd4b,True,25,spurious,-1,False,868,0.5
timeout,even_odd,_mult0p5,0,0.3,3,fcfe,fca6,True,35,correct,0,True,868,0.5
timeout,even_odd,_mult0p5,0,0.3,4,e5a4,fca6,True,25,correct,0,True,868,0.5
timeout,even_odd,_mult0p5,0,0.3,5,fa8f,fca6,True,35,correct,0,True,868,0.5
timeout,even_odd,_mult0p5,0,0.3,6,38c2,fca6,True,45,correct,0,True,868,0.5
timeout,even_odd,_mult0p5,0,0.3,5,e6af,e6fa,True,21,spurious,-1,False,868,0.5
timeout,even_odd,_mult0p5,0,0.3,4,cc66,fca6,True,59,correct,0,True,868,0.5
timeout,even_odd,_mult0p5,0,0.3,3,e4a2,fca6,True,35,correct,0,True,868,0.5
timeout,even_odd,_mult0p5,0,0.3,5,b8a8,fca6,True,45,correct,0,True,868,0.5
timeout,even_odd,_mult0p5,0,0.3,4,fc44,fd4b,True,79,spurious,-1,False,868,0.5
timeout,even_odd,_mult0p5,0,0.3,5,ccab,fd4b,True,14,spurious,-1,False,868,0.5
timeout,even_odd,_mult0p5,0,0.3,3,2ca6,fd4b,True,14,spurious,-1,False,868,0.5
timeout,even_odd,_mult0p5,0,0.3,0,fca6,fca6,True,0,correct,0,True,868,0.5
timeout,even_odd,_mult0p5,0,0.3,3,f48e,fca6,True,25,correct,0,True,868,0.5
timeout,even_odd,_mult0p5,0,0.3,5,f99e,fca6,True,49,correct,0,True,868,0.5
timeout,even_odd,_mult0p5,0,0.3,7,f2e1,a6b6,True,45,wrong_pattern,2,False,868,0.5
timeout,even_odd,_mult0p5,0,0.3,6,e40f,a6b6,True,24,wrong_pattern,2,False,868,0.5
timeout,even_odd,_mult0p5,0,0.3,3,f4b4,a6b6,True,11,wrong_pattern,2,False,868,0.5
timeout,even_odd,_mult0p5,0,0.3,4,bdac,a6b6,True,14,wrong_pattern,2,False,868,0.5
timeout,even_odd,_mult0p5,0,0.3,4,bec6,a6b6,True,24,wrong_pattern,2,False,868,0.5
timeout,even_odd,_mult0p5,0,0.3,1,fea6,a6b6,True,24,wrong_pattern,2,False,868,0.5
timeout,even_odd,_mult0p5,0,0.3,6,5c8d,a6b6,True,24,wrong_pattern,2,False,868,0.5
timeout,even_odd,_mult0p5,0,0.3,4,b8aa,a6b6,True,24,wrong_pattern,2,False,868,0.5
timeout,even_odd,_mult0p5,0,0.3,9,5afb,a6b6,True,24,wrong_pattern,2,False,868,0.5
timeout,even_odd,_mult0p5,0,0.3,3,e8e6,a6b6,True,21,wrong_pattern,2,False,868,0.5
timeout,even_odd,_mult0p5,0,0.3,6,3c42,a6b6,True,24,wrong_pattern,2,False,868,0.5
timeout,even_odd,_mult0p5,0,0.3,4,feab,a6b6,True,24,wrong_pattern,2,False,868,0.5
timeout,even_odd,_mult0p5,0,0.3,2,6ca6,a6b6,True,21,wrong_pattern,2,False,868,0.5
timeout,even_odd,_mult0p5,0,0.3,7,72bf,a6b6,True,11,wrong_pattern,2,False,868,0.5
timeout,even_odd,_mult0p5,0,0.3,5,bfe7,a6b6,True,14,wrong_pattern,2,False,868,0.5
timeout,even_odd,_mult0p5,0,0.3,2,f486,a6b6,True,24,wrong_pattern,2,False,868,0.5
timeout,even_odd,_mult0p5,0,0.3,4,deb7,a6b6,True,14,wrong_pattern,2,False,868,0.5
timeout,even_odd,_mult0p5,0,0.3,2,eca4,a6b6,True,21,wrong_pattern,2,False,868,0.5
timeout,even_odd,_mult0p5,0,0.3,4,be27,a6b6,True,14,wrong_pattern,2,False,868,0.5
timeout,even_odd,_mult0p5,0,0.3,5,d0a3,a6b6,True,24,wrong_pattern,2,False,868,0.5
timeout,even_odd,_mult0p5,0,0.3,7,1802,a6b6,True,21,wrong_pattern,2,False,868,0.5
timeout,even_odd,_mult0p5,0,0.3,3,dc87,fca6,True,35,correct,0,True,868,0.5
timeout,even_odd,_mult0p5,0,0.3,7,3e1e,a75b,True,55,spurious,-1,False,868,0.5
timeout,even_odd,_mult0p5,0,0.3,4,d926,a75b,True,24,spurious,-1,False,868,0.5
timeout,even_odd,_mult0p5,0,0.3,4,f4e0,fca6,True,35,correct,0,True,868,0.5
timeout,even_odd,_mult0p5,0,0.3,5,6436,fc6a,True,41,spurious,-1,False,868,0.5
timeout,even_odd,_mult0p5,0,0.3,4,50a6,fc6a,True,14,spurious,-1,False,868,0.5
timeout,even_odd,_mult0p5,0,0.3,5,38ac,fc6a,True,21,spurious,-1,False,868,0.5
timeout,even_odd,_mult0p5,0,0.3,7,dc09,fd4b,True,31,spurious,-1,False,868,0.5
timeout,even_odd,_mult0p5,0,0.3,7,7abd,58a4,True,25,spurious,-1,False,868,0.5
timeout,even_odd,_mult0p5,0,0.3,4,fd76,fd66,False,868,oscillated,-1,False,868,0.5
timeout,even_odd,_mult0p5,0,0.3,8,cc48,fc6a,True,45,spurious,-1,False,868,0.5
timeout,even_odd,_mult0p5,0,0.3,7,cc6b,fd4b,True,45,spurious,-1,False,868,0.5
timeout,even_odd,_mult0p5,0,0.3,5,fff7,fd4b,True,24,spurious,-1,False,868,0.5
timeout,even_odd,_mult0p5,1,0.3,5,93f1,fd4b,True,24,spurious,-1,False,868,0.5
timeout,even_odd,_mult0p5,1,0.3,4,1b03,fd4b,True,24,spurious,-1,False,868,0.5
timeout,even_odd,_mult0p5,1,0.3,9,272c,fd4b,True,24,spurious,-1,False,868,0.5
timeout,even_odd,_mult0p5,1,0.3,2,1a85,bd07,True,31,wrong_pattern,3,False,868,0.5
timeout,even_odd,_mult0p5,1,0.3,6,9581,bd07,True,14,wrong_pattern,3,False,868,0.5
timeout,even_odd,_mult0p5,1,0.3,4,7915,bd07,True,14,wrong_pattern,3,False,868,0.5
timeout,even_odd,_mult0p5,1,0.3,5,1099,bd07,True,11,wrong_pattern,3,False,868,0.5
timeout,even_odd,_mult0p5,1,0.3,5,3ddd,bd07,True,14,wrong_pattern,3,False,868,0.5
timeout,even_odd,_mult0p5,1,0.3,6,b3a7,bd07,True,11,wrong_pattern,3,False,868,0.5
timeout,even_odd,_mult0p5,1,0.3,5,a16,58a4,True,123,spurious,-1,False,868,0.5
timeout,even_odd,_mult0p5,1,0.3,4,1d9c,58a4,True,11,spurious,-1,False,868,0.5
timeout,even_odd,_mult0p5,1,0.3,5,4ab4,58a4,True,14,spurious,-1,False,868,0.5
timeout,even_odd,_mult0p5,1,0.3,6,995c,58a4,True,14,spurious,-1,False,868,0.5
timeout,even_odd,_mult0p5,1,0.3,7,fd05,58a4,True,14,spurious,-1,False,868,0.5
timeout,even_odd,_mult0p5,1,0.3,6,10bf,58a4,True,11,spurious,-1,False,868,0.5
timeout,even_odd,_mult0p5,1,0.3,5,bbe5,58a4,True,14,spurious,-1,False,868,0.5
timeout,even_odd,_mult0p5,1,0.3,5,1903,58a4,True,11,spurious,-1,False,868,0.5
timeout,even_odd,_mult0p5,1,0.3,2,1bb1,58a4,True,14,spurious,-1,False,868,0.5
timeout,even_odd,_mult0p5,1,0.3,3,5bbd,58a4,True,24,spurious,-1,False,868,0.5
timeout,even_odd,_mult0p5,1,0.3,4,17b1,2b4,True,11,spurious,-1,False,868,0.5
timeout,even_odd,_mult0p5,1,0.3,5,3be7,2b4,True,14,spurious,-1,False,868,0.5
timeout,even_odd,_mult0p5,1,0.3,3,3985,2b4,True,14,spurious,-1,False,868,0.5
timeout,even_odd,_mult0p5,1,0.3,2,3b97,2b4,True,14,spurious,-1,False,868,0.5
timeout,even_odd,_mult0p5,1,0.3,3,5991,2b4,True,14,spurious,-1,False,868,0.5
timeout,even_odd,_mult0p5,1,0.3,6,be9,2b4,True,14,spurious,-1,False,868,0.5
timeout,even_odd,_mult0p5,1,0.3,3,b9f,2b4,True,14,spurious,-1,False,868,0.5
timeout,even_odd,_mult0p5,1,0.3,9,ca20,2b4,True,21,spurious,-1,False,868,0.5
timeout,even_odd,_mult0p5,1,0.3,3,9a91,2b4,True,14,spurious,-1,False,868,0.5
timeout,even_odd,_mult0p5,1,0.3,4,8295,2b4,True,35,spurious,-1,False,868,0.5
timeout,even_odd,_mult0p5,1,0.3,6,21f5,2b4,True,83,spurious,-1,False,868,0.5
timeout,even_odd,_mult0p5,1,0.3,7,5841,2b4,True,21,spurious,-1,False,868,0.5
timeout,even_odd,_mult0p5,1,0.3,5,1a7d,359,True,79,spurious,-1,False,868,0.5
timeout,even_odd,_mult0p5,1,0.3,6,48c5,359,True,14,spurious,-1,False,868,0.5
timeout,even_odd,_mult0p5,1,0.3,5,1ad2,359,True,21,spurious,-1,False,868,0.5
timeout,even_odd,_mult0p5,1,0.3,6,7fc1,1905,True,69,spurious,-1,False,868,0.5
timeout,even_odd,_mult0p5,1,0.3,2,395,395,True,0,spurious,-1,False,868,0.5
timeout,even_odd,_mult0p5,1,0.3,5,d194,58a4,True,83,spurious,-1,False,868,0.5
timeout,even_odd,_mult0p5,1,0.3,5,d91d,58a4,True,21,spurious,-1,False,868,0.5
timeout,even_odd,_mult0p5,1,0.3,6,badf,a6b6,True,45,wrong_pattern,2,False,868,0.5
timeout,even_odd,_mult0p5,1,0.3,4,1bd2,a6b6,True,21,wrong_pattern,2,False,868,0.5
timeout,even_odd,_mult0p5,1,0.3,5,3fa7,fca6,True,45,wrong_pattern,0,False,868,0.5
timeout,even_odd,_mult0p5,1,0.3,3,9d95,1905,True,45,spurious,-1,False,868,0.5
timeout,even_odd,_mult0p5,1,0.3,3,9f15,1905,True,14,spurious,-1,False,868,0.5
timeout,even_odd,_mult0p5,1,0.3,6,9c17,1905,True,14,spurious,-1,False,868,0.5
timeout,even_odd,_mult0p5,1,0.3,2,4b95,1905,True,11,spurious,-1,False,868,0.5
timeout,even_odd,_mult0p5,1,0.3,5,a991,1905,True,21,spurious,-1,False,868,0.5
timeout,even_odd,_mult0p5,1,0.3,6,99cf,bd07,True,45,wrong_pattern,3,False,868,0.5
timeout,even_odd,_mult0p5,1,0.3,6,15b9,4068,True,89,spurious,-1,False,868,0.5
timeout,even_odd,_mult0p5,1,0.3,6,3b3b,359,True,35,spurious,-1,False,868,0.5
timeout,even_odd,_mult0p5,1,0.3,7,8201,359,True,11,spurious,-1,False,868,0.5
timeout,even_odd,_mult0p5,1,0.3,7,7134,58a4,True,59,spurious,-1,False,868,0.5
timeout,even_odd,_mult0p5,1,0.3,7,cf9b,a797,True,49,spurious,-1,False,868,0.5
timeout,even_odd,_mult0p5,1,0.3,6,699f,bd07,True,45,wrong_pattern,3,False,868,0.5
timeout,even_odd,_mult0p5,1,0.3,4,1ff7,2b4,True,69,spurious,-1,False,868,0.5
timeout,even_odd,_mult0p5,1,0.3,4,3a8d,2b4,True,14,spurious,-1,False,868,0.5
timeout,even_odd,_mult0p5,1,0.3,5,89f5,2b4,True,11,spurious,-1,False,868,0.5
timeout,even_odd,_mult0p5,1,0.3,3,8b97,2b4,True,14,spurious,-1,False,868,0.5
timeout,even_odd,_mult0p5,1,0.3,1,1bd5,2b4,True,14,spurious,-1,False,868,0.5
timeout,even_odd,_mult0p5,1,0.3,5,2a35,2b4,True,14,spurious,-1,False,868,0.5
timeout,even_odd,_mult0p5,1,0.3,8,4af8,2b4,True,21,spurious,-1,False,868,0.5
timeout,even_odd,_mult0p5,2,0.3,8,283d,2b4,True,14,spurious,-1,False,868,0.5
timeout,even_odd,_mult0p5,2,0.3,7,a581,2b4,True,14,spurious,-1,False,868,0.5
timeout,even_odd,_mult0p5,2,0.3,5,72be,2b4,True,14,spurious,-1,False,868,0.5
timeout,even_odd,_mult0p5,2,0.3,4,c2b2,2b4,True,21,spurious,-1,False,868,0.5
timeout,even_odd,_mult0p5,2,0.3,5,2a34,58a4,True,89,spurious,-1,False,868,0.5
timeout,even_odd,_mult0p5,2,0.3,4,f4b2,58a4,True,11,spurious,-1,False,868,0.5
timeout,even_odd,_mult0p5,2,0.3,1,26b6,a6b6,True,25,correct,2,True,868,0.5
timeout,even_odd,_mult0p5,2,0.3,3,afa6,fca6,True,55,wrong_pattern,0,False,868,0.5
timeout,even_odd,_mult0p5,2,0.3,3,a2a7,fca6,True,21,wrong_pattern,0,False,868,0.5
timeout,even_odd,_mult0p5,2,0.3,5,c6c6,a6b6,True,45,correct,2,True,868,0.5
timeout,even_odd,_mult0p5,2,0.3,5,8ffe,a6b6,True,69,correct,2,True,868,0.5
timeout,even_odd,_mult0p5,2,0.3,3,a635,a6b6,True,14,correct,2,True,868,0.5
timeout,even_odd,_mult0p5,2,0.3,5,e42e,a6b6,True,21,correct,2,True,868,0.5
timeout,even_odd,_mult0p5,2,0.3,4,afb5,a6b6,True,14,correct,2,True,868,0.5
timeout,even_odd,_mult0p5,2,0.3,6,aa7a,a6b6,True,21,correct,2,True,868,0.5
timeout,even_odd,_mult0p5,2,0.3,5,9494,2b4,True,45,spurious,-1,False,868,0.5
timeout,even_odd,_mult0p5,2,0.3,2,b6a6,2b4,True,21,spurious,-1,False,868,0.5
timeout,even_odd,_mult0p5,2,0.3,5,86e3,a6b6,True,55,correct,2,True,868,0.5
timeout,even_odd,_mult0p5,2,0.3,2,aea6,fca6,True,45,wrong_pattern,0,False,868,0.5
timeout,even_odd,_mult0p5,2,0.3,5,63be,e6fa,True,45,spurious,-1,False,868,0.5
timeout,even_odd,_mult0p5,2,0.3,3,2b6,2b4,True,25,spurious,-1,False,868,0.5
timeout,even_odd,_mult0p5,2,0.3,6,d4a7,fca6,True,25,wrong_pattern,0,False,868,0.5
timeout,even_odd,_mult0p5,2,0.3,5,96bb,e6fa,True,35,spurious,-1,False,868,0.5
timeout,even_odd,_mult0p5,2,0.3,6,45b4,58a4,True,49,spurious,-1,False,868,0.5
timeout,even_odd,_mult0p5,2,0.3,4,a7f3,a6b6,True,11,correct,2,True,868,0.5
timeout,even_odd,_mult0p5,2,0.3,4,a6ec,a6b6,True,24,correct,2,True,868,0.5
timeout,even_odd,_mult0p5,2,0.3,5,96f5,a6b6,True,11,correct,2,True,868,0.5
timeout,even_odd,_mult0p5,2,0.3,5,a09f,a6b6,True,83,correct,2,True,868,0.5
timeout,even_odd,_mult0p5,2,0.3,4,66a2,e6fa,True,59,spurious,-1,False,868,0.5
timeout,even_odd,_mult0p5,2,0.3,5,7a2,e6fa,True,21,spurious,-1,False,868,0.5
timeout,even_odd,_mult0p5,2,0.3,5,f67e,e6fa,True,55,spurious,-1,False,868,0.5
timeout,even_odd,_mult0p5,2,0.3,5,a21c,a6b6,True,28,correct,2,True,868,0.5
timeout,even_odd,_mult0p5,2,0.3,5,27ac,a6b6,True,11,correct,2,True,868,0.5
timeout,even_odd,_mult0p5,2,0.3,6,a42b,a6b6,True,14,correct,2,True,868,0.5
timeout,even_odd,_mult0p5,2,0.3,5,9635,a6b6,True,11,correct,2,True,868,0.5
timeout,even_odd,_mult0p5,2,0.3,6,3df6,a6b6,True,14,correct,2,True,868,0.5
timeout,even_odd,_mult0p5,2,0.3,5,ae1f,a6b6,True,14,correct,2,True,868,0.5
timeout,even_odd,_mult0p5,2,0.3,4,aa37,a6b6,True,14,correct,2,True,868,0.5
timeout,even_odd,_mult0p5,2,0.3,7,f93,a6b6,True,11,correct,2,True,868,0.5
timeout,even_odd,_mult0p5,2,0.3,4,b426,a6b6,True,24,correct,2,True,868,0.5
timeout,even_odd,_mult0p5,2,0.3,6,ae78,a6b6,True,21,correct,2,True,868,0.5
timeout,even_odd,_mult0p5,2,0.3,4,83b2,a6b6,True,45,correct,2,True,868,0.5
timeout,even_odd,_mult0p5,2,0.3,5,befa,a6b6,True,35,correct,2,True,868,0.5
timeout,even_odd,_mult0p5,2,0.3,9,bf19,a6b6,True,14,correct,2,True,868,0.5
timeout,even_odd,_mult0p5,2,0.3,6,38b2,a6b6,True,24,correct,2,True,868,0.5
timeout,even_odd,_mult0p5,2,0.3,3,8eb7,a6b6,True,14,correct,2,True,868,0.5
timeout,even_odd,_mult0p5,2,0.3,8,887,a6b6,True,14,correct,2,True,868,0.5
timeout,even_odd,_mult0p5,2,0.3,6,fc94,a6b6,True,14,correct,2,True,868,0.5
timeout,even_odd,_mult0p5,2,0.3,4,97f6,a6b6,True,14,correct,2,True,868,0.5
timeout,even_odd,_mult0p5,2,0.3,7,8f25,a6b6,True,14,correct,2,True,868,0.5
timeout,even_odd,_mult0p5,2,0.3,5,a6e8,a6b6,True,21,correct,2,True,868,0.5
timeout,even_odd,_mult0p5,2,0.3,5,21b4,2b4,True,35,spurious,-1,False,868,0.5
timeout,even_odd,_mult0p5,2,0.3,6,977e,2b4,True,14,spurious,-1,False,868,0.5
timeout,even_odd,_mult0p5,2,0.3,5,31b6,2b4,True,14,spurious,-1,False,868,0.5
timeout,even_odd,_mult0p5,2,0.3,6,1ebf,2b4,True,14,spurious,-1,False,868,0.5
timeout,even_odd,_mult0p5,2,0.3,8,cf7c,2b4,True,24,spurious,-1,False,868,0.5
timeout,even_odd,_mult0p5,2,0.3,6,622e,2b4,True,21,spurious,-1,False,868,0.5
timeout,even_odd,_mult0p5,2,0.3,4,2096,2b4,True,4,spurious,-1,False,868,0.5
timeout,even_odd,_mult0p5,2,0.3,1,a6b2,2b4,True,11,spurious,-1,False,868,0.5
timeout,even_odd,_mult0p5,2,0.3,5,abbc,a6b6,True,45,correct,2,True,868,0.5
timeout,even_odd,_mult0p5,3,0.3,4,a583,a797,True,49,spurious,-1,False,868,0.5
timeout,even_odd,_mult0p5,3,0.3,4,3427,fca6,True,59,wrong_pattern,0,False,868,0.5
timeout,even_odd,_mult0p5,3,0.3,5,1b17,1b95,True,25,wrong_pattern,1,False,868,0.5
timeout,even_odd,_mult0p5,3,0.3,6,d737,a797,True,45,spurious,-1,False,868,0.5
timeout,even_odd,_mult0p5,3,0.3,4,3597,a797,True,11,spurious,-1,False,868,0.5
timeout,even_odd,_mult0p5,3,0.3,6,aa1f,a797,True,21,spurious,-1,False,868,0.5
timeout,even_odd,_mult0p5,3,0.3,7,9560,a6b6,True,48,wrong_pattern,2,False,868,0.5
timeout,even_odd,_mult0p5,3,0.3,6,f156,a6b6,True,14,wrong_pattern,2,False,868,0.5
timeout,even_odd,_mult0p5,3,0.3,4,ef03,a6b6,True,21,wrong_pattern,2,False,868,0.5
timeout,even_odd,_mult0p5,3,0.3,6,ed92,fca6,True,45,wrong_pattern,0,False,868,0.5
timeout,even_odd,_mult0p5,3,0.3,5,395f,fca6,True,14,wrong_pattern,0,False,868,0.5
timeout,even_odd,_mult0p5,3,0.3,4,b536,fca6,True,14,wrong_pattern,0,False,868,0.5
timeout,even_odd,_mult0p5,3,0.3,7,67c7,fca6,True,14,wrong_pattern,0,False,868,0.5
timeout,even_odd,_mult0p5,3,0.3,2,bd04,fca6,True,14,wrong_pattern,0,False,868,0.5
timeout,even_odd,_mult0p5,3,0.3,5,dc0b,fca6,True,14,wrong_pattern,0,False,868,0.5
timeout,even_odd,_mult0p5,3,0.3,4,ed2f,fca6,True,21,wrong_pattern,0,False,868,0.5
timeout,even_odd,_mult0p5,3,0.3,5,db17,bd07,True,69,correct,3,True,868,0.5
timeout,even_odd,_mult0p5,3,0.3,4,b797,bd07,True,14,correct,3,True,868,0.5
timeout,even_odd,_mult0p5,3,0.3,4,992f,bd07,True,14,correct,3,True,868,0.5
timeout,even_odd,_mult0p5,3,0.3,8,1c5a,bd07,True,24,correct,3,True,868,0.5
timeout,even_odd,_mult0p5,3,0.3,6,aa0e,bd07,True,24,correct,3,True,868,0.5
timeout,even_odd,_mult0p5,3,0.3,7,270a,bd07,True,24,correct,3,True,868,0.5
timeout,even_odd,_mult0p5,3,0.3,7,ca06,bd07,True,24,correct,3,True,868,0.5
timeout,even_odd,_mult0p5,3,0.3,4,dd8f,bd07,True,14,correct,3,True,868,0.5
timeout,even_odd,_mult0p5,3,0.3,1,bc07,bd07,True,14,correct,3,True,868,0.5
timeout,even_odd,_mult0p5,3,0.3,6,a8b7,bd07,True,11,correct,3,True,868,0.5
timeout,even_odd,_mult0p5,3,0.3,3,3d0b,bd07,True,14,correct,3,True,868,0.5
timeout,even_odd,_mult0p5,3,0.3,4,3f97,bd07,True,11,correct,3,True,868,0.5
timeout,even_odd,_mult0p5,3,0.3,6,2a27,bd07,True,14,correct,3,True,868,0.5
timeout,even_odd,_mult0p5,3,0.3,5,3426,bd07,True,21,correct,3,True,868,0.5
timeout,even_odd,_mult0p5,3,0.3,6,b780,a6b6,True,45,wrong_pattern,2,False,868,0.5
timeout,even_odd,_mult0p5,3,0.3,3,af06,a6b6,True,14,wrong_pattern,2,False,868,0.5
timeout,even_odd,_mult0p5,3,0.3,5,7585,a6b6,True,21,wrong_pattern,2,False,868,0.5
timeout,even_odd,_mult0p5,3,0.3,5,ed0a,a6b6,True,24,wrong_pattern,2,False,868,0.5
timeout,even_odd,_mult0p5,3,0.3,4,d47,a6b6,True,11,wrong_pattern,2,False,868,0.5
timeout,even_odd,_mult0p5,3,0.3,5,9e15,a6b6,True,14,wrong_pattern,2,False,868,0.5
timeout,even_odd,_mult0p5,3,0.3,10,9b0,a6b6,True,14,wrong_pattern,2,False,868,0.5
timeout,even_odd,_mult0p5,3,0.3,4,9913,a6b6,True,11,wrong_pattern,2,False,868,0.5
timeout,even_odd,_mult0p5,3,0.3,2,b517,a6b6,True,14,wrong_pattern,2,False,868,0.5
timeout,even_odd,_mult0p5,3,0.3,5,f14f,a6b6,True,14,wrong_pattern,2,False,868,0.5
timeout,even_odd,_mult0p5,3,0.3,4,1c06,a6b6,True,11,wrong_pattern,2,False,868,0.5
timeout,even_odd,_mult0p5,3,0.3,2,ad05,a6b6,True,14,wrong_pattern,2,False,868,0.5
timeout,even_odd,_mult0p5,3,0.3,5,ff6f,a6b6,True,14,wrong_pattern,2,False,868,0.5
timeout,even_odd,_mult0p5,3,0.3,7,1a37,a6b6,True,14,wrong_pattern,2,False,868,0.5
timeout,even_odd,_mult0p5,3,0.3,3,9c03,a6b6,True,24,wrong_pattern,2,False,868,0.5
timeout,even_odd,_mult0p5,3,0.3,6,7f24,a6b6,True,24,wrong_pattern,2,False,868,0.5
timeout,even_odd,_mult0p5,3,0.3,3,b597,a6b6,True,14,wrong_pattern,2,False,868,0.5
timeout,even_odd,_mult0p5,3,0.3,5,a687,a6b6,True,14,wrong_pattern,2,False,868,0.5
timeout,even_odd,_mult0p5,3,0.3,7,198c,58a4,True,83,spurious,-1,False,868,0.5
timeout,even_odd,_mult0p5,3,0.3,5,ac93,fca6,True,65,wrong_pattern,0,False,868,0.5
timeout,even_odd,_mult0p5,3,0.3,6,f53b,fca6,True,14,wrong_pattern,0,False,868,0.5
timeout,even_odd,_mult0p5,3,0.3,3,7d17,fca6,True,24,wrong_pattern,0,False,868,0.5
timeout,even_odd,_mult0p5,3,0.3,5,a737,a797,True,25,spurious,-1,False,868,0.5
timeout,even_odd,_mult0p5,3,0.3,4,df87,bd07,True,35,correct,3,True,868,0.5
timeout,even_odd,_mult0p5,3,0.3,8,5b93,bd07,True,21,correct,3,True,868,0.5
timeout,even_odd,_mult0p5,3,0.3,4,be26,fca6,True,35,wrong_pattern,0,False,868,0.5
timeout,even_odd,_mult0p5,3,0.3,7,19ae,58a4,True,35,spurious,-1,False,868,0.5
timeout,even_odd,_mult0p5,3,0.3,4,9dc3,bd07,True,25,correct,3,True,868,0.5
timeout,even_odd,_mult0p5,3,0.3,7,878d,395,True,59,spurious,-1,False,868,0.5
timeout,even_odd,_mult0p5,3,0.3,3,b405,bd07,True,25,correct,3,True,868,0.5
timeout,depth,_mult1p0,0,0.0,0,fca6,fca6,True,0,correct,0,True,740,1.0
timeout,depth,_mult1p0,0,0.0,0,fca6,fca6,True,0,correct,0,True,740,1.0
timeout,depth,_mult1p0,0,0.0,0,fca6,fca6,True,0,correct,0,True,740,1.0
timeout,depth,_mult1p0,0,0.0,0,fca6,fca6,True,0,correct,0,True,740,1.0
timeout,depth,_mult1p0,0,0.0,0,fca6,fca6,True,0,correct,0,True,740,1.0
timeout,depth,_mult1p0,0,0.0,0,fca6,fca6,True,0,correct,0,True,740,1.0
timeout,depth,_mult1p0,0,0.0,0,fca6,fca6,True,0,correct,0,True,740,1.0
timeout,depth,_mult1p0,0,0.0,0,fca6,fca6,True,0,correct,0,True,740,1.0
timeout,depth,_mult1p0,0,0.0,0,fca6,fca6,True,0,correct,0,True,740,1.0
timeout,depth,_mult1p0,0,0.0,0,fca6,fca6,True,0,correct,0,True,740,1.0
timeout,depth,_mult1p0,0,0.0,0,fca6,fca6,True,0,correct,0,True,740,1.0
timeout,depth,_mult1p0,0,0.0,0,fca6,fca6,True,0,correct,0,True,740,1.0
timeout,depth,_mult1p0,0,0.0,0,fca6,fca6,True,0,correct,0,True,740,1.0
timeout,depth,_mult1p0,0,0.0,0,fca6,fca6,True,0,correct,0,True,740,1.0
timeout,depth,_mult1p0,0,0.0,0,fca6,fca6,True,0,correct,0,True,740,1.0
timeout,depth,_mult1p0,0,0.0,0,fca6,fca6,True,0,correct,0,True,740,1.0
timeout,depth,_mult1p0,0,0.0,0,fca6,fca6,True,0,correct,0,True,740,1.0
timeout,depth,_mult1p0,0,0.0,0,fca6,fca6,True,0,correct,0,True,740,1.0
timeout,depth,_mult1p0,0,0.0,0,fca6,fca6,True,0,correct,0,True,740,1.0
timeout,depth,_mult1p0,0,0.0,0,fca6,fca6,True,0,correct,0,True,740,1.0
timeout,depth,_mult1p0,0,0.0,0,fca6,fca6,True,0,correct,0,True,740,1.0
timeout,depth,_mult1p0,0,0.0,0,fca6,fca6,True,0,correct,0,True,740,1.0
timeout,depth,_mult1p0,0,0.0,0,fca6,fca6,True,0,correct,0,True,740,1.0
timeout,depth,_mult1p0,0,0.0,0,fca6,fca6,True,0,correct,0,True,740,1.0
timeout,depth,_mult1p0,0,0.0,0,fca6,fca6,True,0,correct,0,True,740,1.0
timeout,depth,_mult1p0,0,0.0,0,fca6,fca6,True,0,correct,0,True,740,1.0
timeout,depth,_mult1p0,0,0.0,0,fca6,fca6,True,0,correct,0,True,740,1.0
timeout,depth,_mult1p0,0,0.0,0,fca6,fca6,True,0,correct,0,True,740,1.0
timeout,depth,_mult1p0,0,0.0,0,fca6,fca6,True,0,correct,0,True,740,1.0
timeout,depth,_mult1p0,0,0.0,0,fca6,fca6,True,0,correct,0,True,740,1.0
timeout,depth,_mult1p0,0,0.0,0,fca6,fca6,True,0,correct,0,True,740,1.0
timeout,depth,_mult1p0,0,0.0,0,fca6,fca6,True,0,correct,0,True,740,1.0
timeout,depth,_mult1p0,0,0.0,0,fca6,fca6,True,0,correct,0,True,740,1.0
timeout,depth,_mult1p0,0,0.0,0,fca6,fca6,True,0,correct,0,True,740,1.0
timeout,depth,_mult1p0,0,0.0,0,fca6,fca6,True,0,correct,0,True,740,1.0
timeout,depth,_mult1p0,0,0.0,0,fca6,fca6,True,0,correct,0,True,740,1.0
timeout,depth,_mult1p0,0,0.0,0,fca6,fca6,True,0,correct,0,True,740,1.0
timeout,depth,_mult1p0,0,0.0,0,fca6,fca6,True,0,correct,0,True,740,1.0
timeout,depth,_mult1p0,0,0.0,0,fca6,fca6,True,0,correct,0,True,740,1.0
timeout,depth,_mult1p0,0,0.0,0,fca6,fca6,True,0,correct,0,True,740,1.0
timeout,depth,_mult1p0,0,0.0,0,fca6,fca6,True,0,correct,0,True,740,1.0
timeout,depth,_mult1p0,0,0.0,0,fca6,fca6,True,0,correct,0,True,740,1.0
timeout,depth,_mult1p0,0,0.0,0,fca6,fca6,True,0,correct,0,True,740,1.0
timeout,depth,_mult1p0,0,0.0,0,fca6,fca6,True,0,correct,0,True,740,1.0
timeout,depth,_mult1p0,0,0.0,0,fca6,fca6,True,0,correct,0,True,740,1.0
timeout,depth,_mult1p0,0,0.0,0,fca6,fca6,True,0,correct,0,True,740,1.0
timeout,depth,_mult1p0,0,0.0,0,fca6,fca6,True,0,correct,0,True,740,1.0
timeout,depth,_mult1p0,0,0.0,0,fca6,fca6,True,0,correct,0,True,740,1.0
timeout,depth,_mult1p0,0,0.0,0,fca6,fca6,True,0,correct,0,True,740,1.0
timeout,depth,_mult1p0,0,0.0,0,fca6,fca6,True,0,correct,0,True,740,1.0
timeout,depth,_mult1p0,0,0.0,0,fca6,fca6,True,0,correct,0,True,740,1.0
timeout,depth,_mult1p0,0,0.0,0,fca6,fca6,True,0,correct,0,True,740,1.0
timeout,depth,_mult1p0,0,0.0,0,fca6,fca6,True,0,correct,0,True,740,1.0
timeout,depth,_mult1p0,0,0.0,0,fca6,fca6,True,0,correct,0,True,740,1.0
timeout,depth,_mult1p0,0,0.0,0,fca6,fca6,True,0,correct,0,True,740,1.0
timeout,depth,_mult1p0,0,0.0,0,fca6,fca6,True,0,correct,0,True,740,1.0
timeout,depth,_mult1p0,0,0.0,0,fca6,fca6,True,0,correct,0,True,740,1.0
timeout,depth,_mult1p0,0,0.0,0,fca6,fca6,True,0,correct,0,True,740,1.0
timeout,depth,_mult1p0,0,0.0,0,fca6,fca6,True,0,correct,0,True,740,1.0
timeout,depth,_mult1p0,0,0.0,0,fca6,fca6,True,0,correct,0,True,740,1.0
timeout,depth,_mult1p0,1,0.0,0,1b95,1b95,True,0,correct,1,True,740,1.0
timeout,depth,_mult1p0,1,0.0,0,1b95,1b95,True,0,correct,1,True,740,1.0
timeout,depth,_mult1p0,1,0.0,0,1b95,1b95,True,0,correct,1,True,740,1.0
timeout,depth,_mult1p0,1,0.0,0,1b95,1b95,True,0,correct,1,True,740,1.0
timeout,depth,_mult1p0,1,0.0,0,1b95,1b95,True,0,correct,1,True,740,1.0
timeout,depth,_mult1p0,1,0.0,0,1b95,1b95,True,0,correct,1,True,740,1.0
timeout,depth,_mult1p0,1,0.0,0,1b95,1b95,True,0,correct,1,True,740,1.0
timeout,depth,_mult1p0,1,0.0,0,1b95,1b95,True,0,correct,1,True,740,1.0
timeout,depth,_mult1p0,1,0.0,0,1b95,1b95,True,0,correct,1,True,740,1.0
timeout,depth,_mult1p0,1,0.0,0,1b95,1b95,True,0,correct,1,True,740,1.0
timeout,depth,_mult1p0,1,0.0,0,1b95,1b95,True,0,correct,1,True,740,1.0
timeout,depth,_mult1p0,1,0.0,0,1b95,1b95,True,0,correct,1,True,740,1.0
timeout,depth,_mult1p0,1,0.0,0,1b95,1b95,True,0,correct,1,True,740,1.0
timeout,depth,_mult1p0,1,0.0,0,1b95,1b95,True,0,correct,1,True,740,1.0
timeout,depth,_mult1p0,1,0.0,0,1b95,1b95,True,0,correct,1,True,740,1.0
timeout,depth,_mult1p0,1,0.0,0,1b95,1b95,True,0,correct,1,True,740,1.0
timeout,depth,_mult1p0,1,0.0,0,1b95,1b95,True,0,correct,1,True,740,1.0
timeout,depth,_mult1p0,1,0.0,0,1b95,1b95,True,0,correct,1,True,740,1.0
timeout,depth,_mult1p0,1,0.0,0,1b95,1b95,True,0,correct,1,True,740,1.0
timeout,depth,_mult1p0,1,0.0,0,1b95,1b95,True,0,correct,1,True,740,1.0
timeout,depth,_mult1p0,1,0.0,0,1b95,1b95,True,0,correct,1,True,740,1.0
timeout,depth,_mult1p0,1,0.0,0,1b95,1b95,True,0,correct,1,True,740,1.0
timeout,depth,_mult1p0,1,0.0,0,1b95,1b95,True,0,correct,1,True,740,1.0
timeout,depth,_mult1p0,1,0.0,0,1b95,1b95,True,0,correct,1,True,740,1.0
timeout,depth,_mult1p0,1,0.0,0,1b95,1b95,True,0,correct,1,True,740,1.0
timeout,depth,_mult1p0,1,0.0,0,1b95,1b95,True,0,correct,1,True,740,1.0
timeout,depth,_mult1p0,1,0.0,0,1b95,1b95,True,0,correct,1,True,740,1.0
timeout,depth,_mult1p0,1,0.0,0,1b95,1b95,True,0,correct,1,True,740,1.0
timeout,depth,_mult1p0,1,0.0,0,1b95,1b95,True,0,correct,1,True,740,1.0
timeout,depth,_mult1p0,1,0.0,0,1b95,1b95,True,0,correct,1,True,740,1.0
timeout,depth,_mult1p0,1,0.0,0,1b95,1b95,True,0,correct,1,True,740,1.0
timeout,depth,_mult1p0,1,0.0,0,1b95,1b95,True,0,correct,1,True,740,1.0
timeout,depth,_mult1p0,1,0.0,0,1b95,1b95,True,0,correct,1,True,740,1.0
timeout,depth,_mult1p0,1,0.0,0,1b95,1b95,True,0,correct,1,True,740,1.0
timeout,depth,_mult1p0,1,0.0,0,1b95,1b95,True,0,correct,1,True,740,1.0
timeout,depth,_mult1p0,1,0.0,0,1b95,1b95,True,0,correct,1,True,740,1.0
timeout,depth,_mult1p0,1,0.0,0,1b95,1b95,True,0,correct,1,True,740,1.0
timeout,depth,_mult1p0,1,0.0,0,1b95,1b95,True,0,correct,1,True,740,1.0
timeout,depth,_mult1p0,1,0.0,0,1b95,1b95,True,0,correct,1,True,740,1.0
timeout,depth,_mult1p0,1,0.0,0,1b95,1b95,True,0,correct,1,True,740,1.0
timeout,depth,_mult1p0,1,0.0,0,1b95,1b95,True,0,correct,1,True,740,1.0
timeout,depth,_mult1p0,1,0.0,0,1b95,1b95,True,0,correct,1,True,740,1.0
timeout,depth,_mult1p0,1,0.0,0,1b95,1b95,True,0,correct,1,True,740,1.0
timeout,depth,_mult1p0,1,0.0,0,1b95,1b95,True,0,correct,1,True,740,1.0
timeout,depth,_mult1p0,1,0.0,0,1b95,1b95,True,0,correct,1,True,740,1.0
timeout,depth,_mult1p0,1,0.0,0,1b95,1b95,True,0,correct,1,True,740,1.0
timeout,depth,_mult1p0,1,0.0,0,1b95,1b95,True,0,correct,1,True,740,1.0
timeout,depth,_mult1p0,1,0.0,0,1b95,1b95,True,0,correct,1,True,740,1.0
timeout,depth,_mult1p0,1,0.0,0,1b95,1b95,True,0,correct,1,True,740,1.0
timeout,depth,_mult1p0,1,0.0,0,1b95,1b95,True,0,correct,1,True,740,1.0
timeout,depth,_mult1p0,1,0.0,0,1b95,1b95,True,0,correct,1,True,740,1.0
timeout,depth,_mult1p0,1,0.0,0,1b95,1b95,True,0,correct,1,True,740,1.0
timeout,depth,_mult1p0,1,0.0,0,1b95,1b95,True,0,correct,1,True,740,1.0
timeout,depth,_mult1p0,1,0.0,0,1b95,1b95,True,0,correct,1,True,740,1.0
timeout,depth,_mult1p0,1,0.0,0,1b95,1b95,True,0,correct,1,True,740,1.0
timeout,depth,_mult1p0,1,0.0,0,1b95,1b95,True,0,correct,1,True,740,1.0
timeout,depth,_mult1p0,1,0.0,0,1b95,1b95,True,0,correct,1,True,740,1.0
timeout,depth,_mult1p0,1,0.0,0,1b95,1b95,True,0,correct,1,True,740,1.0
timeout,depth,_mult1p0,1,0.0,0,1b95,1b95,True,0,correct,1,True,740,1.0
timeout,depth,_mult1p0,1,0.0,0,1b95,1b95,True,0,correct,1,True,740,1.0
timeout,depth,_mult1p0,2,0.0,0,a6b6,a6b6,True,0,correct,2,True,740,1.0
timeout,depth,_mult1p0,2,0.0,0,a6b6,a6b6,True,0,correct,2,True,740,1.0
timeout,depth,_mult1p0,2,0.0,0,a6b6,a6b6,True,0,correct,2,True,740,1.0
timeout,depth,_mult1p0,2,0.0,0,a6b6,a6b6,True,0,correct,2,True,740,1.0
timeout,depth,_mult1p0,2,0.0,0,a6b6,a6b6,True,0,correct,2,True,740,1.0
timeout,depth,_mult1p0,2,0.0,0,a6b6,a6b6,True,0,correct,2,True,740,1.0
timeout,depth,_mult1p0,2,0.0,0,a6b6,a6b6,True,0,correct,2,True,740,1.0
timeout,depth,_mult1p0,2,0.0,0,a6b6,a6b6,True,0,correct,2,True,740,1.0
timeout,depth,_mult1p0,2,0.0,0,a6b6,a6b6,True,0,correct,2,True,740,1.0
timeout,depth,_mult1p0,2,0.0,0,a6b6,a6b6,True,0,correct,2,True,740,1.0
timeout,depth,_mult1p0,2,0.0,0,a6b6,a6b6,True,0,correct,2,True,740,1.0
timeout,depth,_mult1p0,2,0.0,0,a6b6,a6b6,True,0,correct,2,True,740,1.0
timeout,depth,_mult1p0,2,0.0,0,a6b6,a6b6,True,0,correct,2,True,740,1.0
timeout,depth,_mult1p0,2,0.0,0,a6b6,a6b6,True,0,correct,2,True,740,1.0
timeout,depth,_mult1p0,2,0.0,0,a6b6,a6b6,True,0,correct,2,True,740,1.0
timeout,depth,_mult1p0,2,0.0,0,a6b6,a6b6,True,0,correct,2,True,740,1.0
timeout,depth,_mult1p0,2,0.0,0,a6b6,a6b6,True,0,correct,2,True,740,1.0
timeout,depth,_mult1p0,2,0.0,0,a6b6,a6b6,True,0,correct,2,True,740,1.0
timeout,depth,_mult1p0,2,0.0,0,a6b6,a6b6,True,0,correct,2,True,740,1.0
timeout,depth,_mult1p0,2,0.0,0,a6b6,a6b6,True,0,correct,2,True,740,1.0
timeout,depth,_mult1p0,2,0.0,0,a6b6,a6b6,True,0,correct,2,True,740,1.0
timeout,depth,_mult1p0,2,0.0,0,a6b6,a6b6,True,0,correct,2,True,740,1.0
timeout,depth,_mult1p0,2,0.0,0,a6b6,a6b6,True,0,correct,2,True,740,1.0
timeout,depth,_mult1p0,2,0.0,0,a6b6,a6b6,True,0,correct,2,True,740,1.0
timeout,depth,_mult1p0,2,0.0,0,a6b6,a6b6,True,0,correct,2,True,740,1.0
timeout,depth,_mult1p0,2,0.0,0,a6b6,a6b6,True,0,correct,2,True,740,1.0
timeout,depth,_mult1p0,2,0.0,0,a6b6,a6b6,True,0,correct,2,True,740,1.0
timeout,depth,_mult1p0,2,0.0,0,a6b6,a6b6,True,0,correct,2,True,740,1.0
timeout,depth,_mult1p0,2,0.0,0,a6b6,a6b6,True,0,correct,2,True,740,1.0
timeout,depth,_mult1p0,2,0.0,0,a6b6,a6b6,True,0,correct,2,True,740,1.0
timeout,depth,_mult1p0,2,0.0,0,a6b6,a6b6,True,0,correct,2,True,740,1.0
timeout,depth,_mult1p0,2,0.0,0,a6b6,a6b6,True,0,correct,2,True,740,1.0
timeout,depth,_mult1p0,2,0.0,0,a6b6,a6b6,True,0,correct,2,True,740,1.0
timeout,depth,_mult1p0,2,0.0,0,a6b6,a6b6,True,0,correct,2,True,740,1.0
timeout,depth,_mult1p0,2,0.0,0,a6b6,a6b6,True,0,correct,2,True,740,1.0
timeout,depth,_mult1p0,2,0.0,0,a6b6,a6b6,True,0,correct,2,True,740,1.0
timeout,depth,_mult1p0,2,0.0,0,a6b6,a6b6,True,0,correct,2,True,740,1.0
timeout,depth,_mult1p0,2,0.0,0,a6b6,a6b6,True,0,correct,2,True,740,1.0
timeout,depth,_mult1p0,2,0.0,0,a6b6,a6b6,True,0,correct,2,True,740,1.0
timeout,depth,_mult1p0,2,0.0,0,a6b6,a6b6,True,0,correct,2,True,740,1.0
timeout,depth,_mult1p0,2,0.0,0,a6b6,a6b6,True,0,correct,2,True,740,1.0
timeout,depth,_mult1p0,2,0.0,0,a6b6,a6b6,True,0,correct,2,True,740,1.0
timeout,depth,_mult1p0,2,0.0,0,a6b6,a6b6,True,0,correct,2,True,740,1.0
timeout,depth,_mult1p0,2,0.0,0,a6b6,a6b6,True,0,correct,2,True,740,1.0
timeout,depth,_mult1p0,2,0.0,0,a6b6,a6b6,True,0,correct,2,True,740,1.0
timeout,depth,_mult1p0,2,0.0,0,a6b6,a6b6,True,0,correct,2,True,740,1.0
timeout,depth,_mult1p0,2,0.0,0,a6b6,a6b6,True,0,correct,2,True,740,1.0
timeout,depth,_mult1p0,2,0.0,0,a6b6,a6b6,True,0,correct,2,True,740,1.0
timeout,depth,_mult1p0,2,0.0,0,a6b6,a6b6,True,0,correct,2,True,740,1.0
timeout,depth,_mult1p0,2,0.0,0,a6b6,a6b6,True,0,correct,2,True,740,1.0
timeout,depth,_mult1p0,2,0.0,0,a6b6,a6b6,True,0,correct,2,True,740,1.0
timeout,depth,_mult1p0,2,0.0,0,a6b6,a6b6,True,0,correct,2,True,740,1.0
timeout,depth,_mult1p0,2,0.0,0,a6b6,a6b6,True,0,correct,2,True,740,1.0
timeout,depth,_mult1p0,2,0.0,0,a6b6,a6b6,True,0,correct,2,True,740,1.0
timeout,depth,_mult1p0,2,0.0,0,a6b6,a6b6,True,0,correct,2,True,740,1.0
timeout,depth,_mult1p0,2,0.0,0,a6b6,a6b6,True,0,correct,2,True,740,1.0
timeout,depth,_mult1p0,2,0.0,0,a6b6,a6b6,True,0,correct,2,True,740,1.0
timeout,depth,_mult1p0,2,0.0,0,a6b6,a6b6,True,0,correct,2,True,740,1.0
timeout,depth,_mult1p0,2,0.0,0,a6b6,a6b6,True,0,correct,2,True,740,1.0
timeout,depth,_mult1p0,2,0.0,0,a6b6,a6b6,True,0,correct,2,True,740,1.0
timeout,depth,_mult1p0,3,0.0,0,bd07,bd07,True,0,correct,3,True,740,1.0
timeout,depth,_mult1p0,3,0.0,0,bd07,bd07,True,0,correct,3,True,740,1.0
timeout,depth,_mult1p0,3,0.0,0,bd07,bd07,True,0,correct,3,True,740,1.0
timeout,depth,_mult1p0,3,0.0,0,bd07,bd07,True,0,correct,3,True,740,1.0
timeout,depth,_mult1p0,3,0.0,0,bd07,bd07,True,0,correct,3,True,740,1.0
timeout,depth,_mult1p0,3,0.0,0,bd07,bd07,True,0,correct,3,True,740,1.0
timeout,depth,_mult1p0,3,0.0,0,bd07,bd07,True,0,correct,3,True,740,1.0
timeout,depth,_mult1p0,3,0.0,0,bd07,bd07,True,0,correct,3,True,740,1.0
timeout,depth,_mult1p0,3,0.0,0,bd07,bd07,True,0,correct,3,True,740,1.0
timeout,depth,_mult1p0,3,0.0,0,bd07,bd07,True,0,correct,3,True,740,1.0
timeout,depth,_mult1p0,3,0.0,0,bd07,bd07,True,0,correct,3,True,740,1.0
timeout,depth,_mult1p0,3,0.0,0,bd07,bd07,True,0,correct,3,True,740,1.0
timeout,depth,_mult1p0,3,0.0,0,bd07,bd07,True,0,correct,3,True,740,1.0
timeout,depth,_mult1p0,3,0.0,0,bd07,bd07,True,0,correct,3,True,740,1.0
timeout,depth,_mult1p0,3,0.0,0,bd07,bd07,True,0,correct,3,True,740,1.0
timeout,depth,_mult1p0,3,0.0,0,bd07,bd07,True,0,correct,3,True,740,1.0
timeout,depth,_mult1p0,3,0.0,0,bd07,bd07,True,0,correct,3,True,740,1.0
timeout,depth,_mult1p0,3,0.0,0,bd07,bd07,True,0,correct,3,True,740,1.0
timeout,depth,_mult1p0,3,0.0,0,bd07,bd07,True,0,correct,3,True,740,1.0
timeout,depth,_mult1p0,3,0.0,0,bd07,bd07,True,0,correct,3,True,740,1.0
timeout,depth,_mult1p0,3,0.0,0,bd07,bd07,True,0,correct,3,True,740,1.0
timeout,depth,_mult1p0,3,0.0,0,bd07,bd07,True,0,correct,3,True,740,1.0
timeout,depth,_mult1p0,3,0.0,0,bd07,bd07,True,0,correct,3,True,740,1.0
timeout,depth,_mult1p0,3,0.0,0,bd07,bd07,True,0,correct,3,True,740,1.0
timeout,depth,_mult1p0,3,0.0,0,bd07,bd07,True,0,correct,3,True,740,1.0
timeout,depth,_mult1p0,3,0.0,0,bd07,bd07,True,0,correct,3,True,740,1.0
timeout,depth,_mult1p0,3,0.0,0,bd07,bd07,True,0,correct,3,True,740,1.0
timeout,depth,_mult1p0,3,0.0,0,bd07,bd07,True,0,correct,3,True,740,1.0
timeout,depth,_mult1p0,3,0.0,0,bd07,bd07,True,0,correct,3,True,740,1.0
timeout,depth,_mult1p0,3,0.0,0,bd07,bd07,True,0,correct,3,True,740,1.0
timeout,depth,_mult1p0,3,0.0,0,bd07,bd07,True,0,correct,3,True,740,1.0
timeout,depth,_mult1p0,3,0.0,0,bd07,bd07,True,0,correct,3,True,740,1.0
timeout,depth,_mult1p0,3,0.0,0,bd07,bd07,True,0,correct,3,True,740,1.0
timeout,depth,_mult1p0,3,0.0,0,bd07,bd07,True,0,correct,3,True,740,1.0
timeout,depth,_mult1p0,3,0.0,0,bd07,bd07,True,0,correct,3,True,740,1.0
timeout,depth,_mult1p0,3,0.0,0,bd07,bd07,True,0,correct,3,True,740,1.0
timeout,depth,_mult1p0,3,0.0,0,bd07,bd07,True,0,correct,3,True,740,1.0
timeout,depth,_mult1p0,3,0.0,0,bd07,bd07,True,0,correct,3,True,740,1.0
timeout,depth,_mult1p0,3,0.0,0,bd07,bd07,True,0,correct,3,True,740,1.0
timeout,depth,_mult1p0,3,0.0,0,bd07,bd07,True,0,correct,3,True,740,1.0
timeout,depth,_mult1p0,3,0.0,0,bd07,bd07,True,0,correct,3,True,740,1.0
timeout,depth,_mult1p0,3,0.0,0,bd07,bd07,True,0,correct,3,True,740,1.0
timeout,depth,_mult1p0,3,0.0,0,bd07,bd07,True,0,correct,3,True,740,1.0
timeout,depth,_mult1p0,3,0.0,0,bd07,bd07,True,0,correct,3,True,740,1.0
timeout,depth,_mult1p0,3,0.0,0,bd07,bd07,True,0,correct,3,True,740,1.0
timeout,depth,_mult1p0,3,0.0,0,bd07,bd07,True,0,correct,3,True,740,1.0
timeout,depth,_mult1p0,3,0.0,0,bd07,bd07,True,0,correct,3,True,740,1.0
timeout,depth,_mult1p0,3,0.0,0,bd07,bd07,True,0,correct,3,True,740,1.0
timeout,depth,_mult1p0,3,0.0,0,bd07,bd07,True,0,correct,3,True,740,1.0
timeout,depth,_mult1p0,3,0.0,0,bd07,bd07,True,0,correct,3,True,740,1.0
timeout,depth,_mult1p0,3,0.0,0,bd07,bd07,True,0,correct,3,True,740,1.0
timeout,depth,_mult1p0,3,0.0,0,bd07,bd07,True,0,correct,3,True,740,1.0
timeout,depth,_mult1p0,3,0.0,0,bd07,bd07,True,0,correct,3,True,740,1.0
timeout,depth,_mult1p0,3,0.0,0,bd07,bd07,True,0,correct,3,True,740,1.0
timeout,depth,_mult1p0,3,0.0,0,bd07,bd07,True,0,correct,3,True,740,1.0
timeout,depth,_mult1p0,3,0.0,0,bd07,bd07,True,0,correct,3,True,740,1.0
timeout,depth,_mult1p0,3,0.0,0,bd07,bd07,True,0,correct,3,True,740,1.0
timeout,depth,_mult1p0,3,0.0,0,bd07,bd07,True,0,correct,3,True,740,1.0
timeout,depth,_mult1p0,3,0.0,0,bd07,bd07,True,0,correct,3,True,740,1.0
timeout,depth,_mult1p0,3,0.0,0,bd07,bd07,True,0,correct,3,True,740,1.0
timeout,depth,_mult1p0,0,0.15,3,faae,fca6,True,6,correct,0,True,740,1.0
timeout,depth,_mult1p0,0,0.15,1,fea6,fca6,True,5,correct,0,True,740,1.0
timeout,depth,_mult1p0,0,0.15,1,fca2,fca6,True,6,correct,0,True,740,1.0
timeout,depth,_mult1p0,0,0.15,3,f884,f8a4,False,740,oscillated,-1,False,740,1.0
timeout,depth,_mult1p0,0,0.15,3,f0a2,fca6,True,7,correct,0,True,740,1.0
timeout,depth,_mult1p0,0,0.15,2,f886,fca6,True,4,correct,0,True,740,1.0
timeout,depth,_mult1p0,0,0.15,2,f8a2,fca6,True,6,correct,0,True,740,1.0
timeout,depth,_mult1p0,0,0.15,2,fcac,fca6,True,6,correct,0,True,740,1.0
timeout,depth,_mult1p0,0,0.15,1,dca6,fca6,True,4,correct,0,True,740,1.0
timeout,depth,_mult1p0,0,0.15,5,dc0a,fd4b,True,7,spurious,-1,False,740,1.0
timeout,depth,_mult1p0,0,0.15,2,fea4,fca6,True,5,correct,0,True,740,1.0
timeout,depth,_mult1p0,0,0.15,4,788e,78a6,False,740,oscillated,-1,False,740,1.0
timeout,depth,_mult1p0,0,0.15,2,f5a6,fca6,True,7,correct,0,True,740,1.0
timeout,depth,_mult1p0,0,0.15,2,fc84,fca6,True,4,correct,0,True,740,1.0
timeout,depth,_mult1p0,0,0.15,5,f0b0,f8a4,False,740,oscillated,-1,False,740,1.0
timeout,depth,_mult1p0,0,0.15,5,3df6,fca6,True,15,correct,0,True,740,1.0
timeout,depth,_mult1p0,0,0.15,4,7c0e,fd4b,True,12,spurious,-1,False,740,1.0
timeout,depth,_mult1p0,0,0.15,3,bcb7,fca6,True,15,correct,0,True,740,1.0
timeout,depth,_mult1p0,0,0.15,2,fea2,fca6,True,6,correct,0,True,740,1.0
timeout,depth,_mult1p0,0,0.15,4,cda2,fca6,True,7,correct,0,True,740,1.0
timeout,depth,_mult1p0,0,0.15,1,f8a6,fca6,True,4,correct,0,True,740,1.0
timeout,depth,_mult1p0,0,0.15,6,2cab,e6fa,True,16,spurious,-1,False,740,1.0
timeout,depth,_mult1p0,0,0.15,2,f426,fca6,True,9,correct,0,True,740,1.0
timeout,depth,_mult1p0,0,0.15,2,ece6,fca6,True,7,correct,0,True,740,1.0
timeout,depth,_mult1p0,0,0.15,3,f9a2,fca6,True,6,correct,0,True,740,1.0
timeout,depth,_mult1p0,0,0.15,4,6ce2,fca6,True,11,correct,0,True,740,1.0
timeout,depth,_mult1p0,0,0.15,3,eea2,fca6,True,16,correct,0,True,740,1.0
timeout,depth,_mult1p0,0,0.15,0,fca6,fca6,True,0,correct,0,True,740,1.0
timeout,depth,_mult1p0,0,0.15,4,f4e5,fca6,True,7,correct,0,True,740,1.0
timeout,depth,_mult1p0,0,0.15,2,feb6,fca6,True,5,correct,0,True,740,1.0
timeout,depth,_mult1p0,0,0.15,3,94a6,fca6,True,23,correct,0,True,740,1.0
timeout,depth,_mult1p0,0,0.15,0,fca6,fca6,True,0,correct,0,True,740,1.0
timeout,depth,_mult1p0,0,0.15,1,fca7,fca6,True,4,correct,0,True,740,1.0
timeout,depth,_mult1p0,0,0.15,1,dca6,fca6,True,4,correct,0,True,740,1.0
timeout,depth,_mult1p0,0,0.15,1,f8a6,fca6,True,4,correct,0,True,740,1.0
timeout,depth,_mult1p0,0,0.15,2,fc06,bd07,True,15,wrong_pattern,3,False,740,1.0
timeout,depth,_mult1p0,0,0.15,4,acac,a6b6,True,17,wrong_pattern,2,False,740,1.0
timeout,depth,_mult1p0,0,0.15,2,eda6,fca6,True,7,correct,0,True,740,1.0
timeout,depth,_mult1p0,0,0.15,3,f4b7,fca6,True,14,correct,0,True,740,1.0
timeout,depth,_mult1p0,0,0.15,1,fea6,fca6,True,5,correct,0,True,740,1.0
timeout,depth,_mult1p0,0,0.15,1,dca6,fca6,True,4,correct,0,True,740,1.0
timeout,depth,_mult1p0,0,0.15,5,64e7,fca6,True,17,correct,0,True,740,1.0
timeout,depth,_mult1p0,0,0.15,1,fcae,fca6,True,6,correct,0,True,740,1.0
timeout,depth,_mult1p0,0,0.15,5,e4a8,fc6a,True,14,spurious,-1,False,740,1.0
timeout,depth,_mult1p0,0,0.15,4,f807,bd07,True,12,wrong_pattern,3,False,740,1.0
timeout,depth,_mult1p0,0,0.15,1,fc26,fca6,True,9,correct,0,True,740,1.0
timeout,depth,_mult1p0,0,0.15,2,7c86,fca6,True,4,correct,0,True,740,1.0
timeout,depth,_mult1p0,0,0.15,2,fc06,bd07,True,15,wrong_pattern,3,False,740,1.0
timeout,depth,_mult1p0,0,0.15,2,fda4,fca6,True,4,correct,0,True,740,1.0
timeout,depth,_mult1p0,0,0.15,2,dcae,fca6,True,6,correct,0,True,740,1.0
timeout,depth,_mult1p0,0,0.15,5,e786,fca6,True,17,correct,0,True,740,1.0
timeout,depth,_mult1p0,0,0.15,3,7de6,fca6,True,6,correct,0,True,740,1.0
timeout,depth,_mult1p0,0,0.15,1,eca6,fca6,True,7,correct,0,True,740,1.0
timeout,depth,_mult1p0,0,0.15,2,cca6,fca6,True,7,correct,0,True,740,1.0
timeout,depth,_mult1p0,0,0.15,2,6ca6,fca6,True,7,correct,0,True,740,1.0
timeout,depth,_mult1p0,0,0.15,1,fc26,fca6,True,9,correct,0,True,740,1.0
timeout,depth,_mult1p0,0,0.15,5,dcca,fc6a,True,9,spurious,-1,False,740,1.0
timeout,depth,_mult1p0,0,0.15,2,dce6,fca6,True,6,correct,0,True,740,1.0
timeout,depth,_mult1p0,0,0.15,0,fca6,fca6,True,0,correct,0,True,740,1.0
timeout,depth,_mult1p0,0,0.15,1,f8a6,fca6,True,4,correct,0,True,740,1.0
timeout,depth,_mult1p0,1,0.15,2,db95,1905,True,13,spurious,-1,False,740,1.0
timeout,depth,_mult1p0,1,0.15,3,19f5,58a4,True,15,spurious,-1,False,740,1.0
timeout,depth,_mult1p0,1,0.15,1,1995,1915,False,740,oscillated,-1,False,740,1.0
timeout,depth,_mult1p0,1,0.15,3,4bb5,12b4,False,740,oscillated,-1,False,740,1.0
timeout,depth,_mult1p0,1,0.15,1,3b95,1b95,True,4,correct,1,True,740,1.0
timeout,depth,_mult1p0,1,0.15,3,5a97,58a4,True,7,spurious,-1,False,740,1.0
timeout,depth,_mult1p0,1,0.15,1,1995,1915,False,740,oscillated,-1,False,740,1.0
timeout,depth,_mult1p0,1,0.15,3,db94,58a4,True,7,spurious,-1,False,740,1.0
timeout,depth,_mult1p0,1,0.15,4,3b98,2b4,True,7,spurious,-1,False,740,1.0
timeout,depth,_mult1p0,1,0.15,0,1b95,1b95,True,0,correct,1,True,740,1.0
timeout,depth,_mult1p0,1,0.15,2,1bd4,2b4,True,7,spurious,-1,False,740,1.0
timeout,depth,_mult1p0,1,0.15,1,1b15,1b95,True,9,correct,1,True,740,1.0
timeout,depth,_mult1p0,1,0.15,3,1791,395,True,7,spurious,-1,False,740,1.0
timeout,depth,_mult1p0,1,0.15,3,1a8d,58a4,True,15,spurious,-1,False,740,1.0
timeout,depth,_mult1p0,1,0.15,3,1387,b95,False,740,oscillated,-1,False,740,1.0
timeout,depth,_mult1p0,1,0.15,3,1add,2b4,True,7,spurious,-1,False,740,1.0
timeout,depth,_mult1p0,1,0.15,4,138f,395,True,17,spurious,-1,False,740,1.0
timeout,depth,_mult1p0,1,0.15,5,1f5,2b4,True,7,spurious,-1,False,740,1.0
timeout,depth,_mult1p0,1,0.15,0,1b95,1b95,True,0,correct,1,True,740,1.0
timeout,depth,_mult1p0,1,0.15,4,1d99,1915,False,740,oscillated,-1,False,740,1.0
timeout,depth,_mult1p0,1,0.15,1,1b85,1b05,False,740,oscillated,-1,False,740,1.0
timeout,depth,_mult1p0,1,0.15,2,1b9c,2b4,True,7,spurious,-1,False,740,1.0
timeout,depth,_mult1p0,1,0.15,3,fb5,12b4,False,740,oscillated,-1,False,740,1.0
timeout,depth,_mult1p0,1,0.15,0,1b95,1b95,True,0,correct,1,True,740,1.0
timeout,depth,_mult1p0,1,0.15,0,1b95,1b95,True,0,correct,1,True,740,1.0
timeout,depth,_mult1p0,1,0.15,1,1395,b95,False,740,oscillated,-1,False,740,1.0
timeout,depth,_mult1p0,1,0.15,3,3b93,2397,False,740,oscillated,-1,False,740,1.0
timeout,depth,_mult1p0,1,0.15,1,1bb5,58a4,True,21,spurious,-1,False,740,1.0
timeout,depth,_mult1p0,1,0.15,0,1b95,1b95,True,0,correct,1,True,740,1.0
timeout,depth,_mult1p0,1,0.15,4,7fb5,7ca4,False,740,oscillated,-1,False,740,1.0
timeout,depth,_mult1p0,1,0.15,3,1791,395,True,7,spurious,-1,False,740,1.0
timeout,depth,_mult1p0,1,0.15,1,5b95,1905,True,13,spurious,-1,False,740,1.0
timeout,depth,_mult1p0,1,0.15,5,ab05,b305,False,740,oscillated,-1,False,740,1.0
timeout,depth,_mult1p0,1,0.15,4,1615,b95,False,740,oscillated,-1,False,740,1.0
timeout,depth,_mult1p0,1,0.15,6,ebb4,b2b4,False,740,oscillated,-1,False,740,1.0
timeout,depth,_mult1p0,1,0.15,2,1b55,395,True,14,spurious,-1,False,740,1.0
timeout,depth,_mult1p0,1,0.15,3,bf95,bf97,True,4,spurious,-1,False,740,1.0
timeout,depth,_mult1p0,1,0.15,3,1c95,58a4,True,18,spurious,-1,False,740,1.0
timeout,depth,_mult1p0,1,0.15,2,1fd5,1b95,True,6,correct,1,True,740,1.0
timeout,depth,_mult1p0,1,0.15,3,1bf1,2b4,True,7,spurious,-1,False,740,1.0
timeout,depth,_mult1p0,1,0.15,2,1a9d,2b4,True,7,spurious,-1,False,740,1.0
timeout,depth,_mult1p0,1,0.15,3,1a14,1b95,True,9,correct,1,True,740,1.0
timeout,depth,_mult1p0,1,0.15,2,1bb1,2b4,True,7,spurious,-1,False,740,1.0
timeout,depth,_mult1p0,1,0.15,2,1b17,1b95,True,9,correct,1,True,740,1.0
timeout,depth,_mult1p0,1,0.15,2,13b5,ab4,False,740,oscillated,-1,False,740,1.0
timeout,depth,_mult1p0,1,0.15,6,8ffd,c6f8,False,740,oscillated,-1,False,740,1.0
timeout,depth,_mult1p0,1,0.15,4,4394,2b4,True,11,spurious,-1,False,740,1.0
timeout,depth,_mult1p0,1,0.15,5,3755,2759,False,740,oscillated,-1,False,740,1.0
timeout,depth,_mult1p0,1,0.15,3,9bc5,1b05,False,740,oscillated,-1,False,740,1.0
timeout,depth,_mult1p0,1,0.15,2,5b94,58a4,True,7,spurious,-1,False,740,1.0
timeout,depth,_mult1p0,1,0.15,1,1395,b95,False,740,oscillated,-1,False,740,1.0
timeout,depth,_mult1p0,1,0.15,1,1bd5,1b95,True,6,correct,1,True,740,1.0
timeout,depth,_mult1p0,1,0.15,1,5b95,1905,True,13,spurious,-1,False,740,1.0
timeout,depth,_mult1p0,1,0.15,5,38f5,58a4,True,15,spurious,-1,False,740,1.0
timeout,depth,_mult1p0,1,0.15,2,1915,1915,False,740,oscillated,-1,False,740,1.0
timeout,depth,_mult1p0,1,0.15,1,5b95,1905,True,13,spurious,-1,False,740,1.0
timeout,depth,_mult1p0,1,0.15,3,1b25,1b05,False,740,oscillated,-1,False,740,1.0
timeout,depth,_mult1p0,1,0.15,2,1397,b95,False,740,oscillated,-1,False,740,1.0
timeout,depth,_mult1p0,1,0.15,4,f995,b905,False,740,oscillated,-1,False,740,1.0
timeout,depth,_mult1p0,1,0.15,2,9395,b95,False,740,oscillated,-1,False,740,1.0
timeout,depth,_mult1p0,2,0.15,3,a3b4,a2b4,False,740,oscillated,-1,False,740,1.0
timeout,depth,_mult1p0,2,0.15,3,acb7,b6b6,False,740,oscillated,-1,False,740,1.0
timeout,depth,_mult1p0,2,0.15,3,6eb6,b6b6,False,740,oscillated,-1,False,740,1.0
timeout,depth,_mult1p0,2,0.15,1,a7b6,a6b6,True,4,correct,2,True,740,1.0
timeout,depth,_mult1p0,2,0.15,2,a796,a6b6,True,7,correct,2,True,740,1.0
timeout,depth,_mult1p0,2,0.15,0,a6b6,a6b6,True,0,correct,2,True,740,1.0
timeout,depth,_mult1p0,2,0.15,2,a4b4,a6b6,True,5,correct,2,True,740,1.0
timeout,depth,_mult1p0,2,0.15,0,a6b6,a6b6,True,0,correct,2,True,740,1.0
timeout,depth,_mult1p0,2,0.15,5,8477,a75b,True,12,spurious,-1,False,740,1.0
timeout,depth,_mult1p0,2,0.15,2,a2a6,a6b6,True,5,correct,2,True,740,1.0
timeout,depth,_mult1p0,2,0.15,1,aeb6,b6b6,False,740,oscillated,-1,False,740,1.0
timeout,depth,_mult1p0,2,0.15,1,b6b6,aeb6,False,740,oscillated,-1,False,740,1.0
timeout,depth,_mult1p0,2,0.15,0,a6b6,a6b6,True,0,correct,2,True,740,1.0
timeout,depth,_mult1p0,2,0.15,3,b697,aeb6,False,740,oscillated,-1,False,740,1.0
timeout,depth,_mult1p0,2,0.15,3,66a6,fca6,True,11,wrong_pattern,0,False,740,1.0
timeout,depth,_mult1p0,2,0.15,1,a6f6,a6b6,True,6,correct,2,True,740,1.0
timeout,depth,_mult1p0,2,0.15,4,a6fd,a6b6,True,11,correct,2,True,740,1.0
timeout,depth,_mult1p0,2,0.15,2,a7be,a6b6,True,6,correct,2,True,740,1.0
timeout,depth,_mult1p0,2,0.15,0,a6b6,a6b6,True,0,correct,2,True,740,1.0
timeout,depth,_mult1p0,2,0.15,1,a6be,a6b6,True,6,correct,2,True,740,1.0
timeout,depth,_mult1p0,2,0.15,2,aea6,b6b6,False,740,oscillated,-1,False,740,1.0
timeout,depth,_mult1p0,2,0.15,4,adb4,b6b6,False,740,oscillated,-1,False,740,1.0
timeout,depth,_mult1p0,2,0.15,2,b6b4,aeb6,False,740,oscillated,-1,False,740,1.0
timeout,depth,_mult1p0,2,0.15,3,8ea6,b6b6,False,740,oscillated,-1,False,740,1.0
timeout,depth,_mult1p0,2,0.15,2,b696,aeb6,False,740,oscillated,-1,False,740,1.0
timeout,depth,_mult1p0,2,0.15,2,26b7,a6b6,True,4,correct,2,True,740,1.0
timeout,depth,_mult1p0,2,0.15,0,a6b6,a6b6,True,0,correct,2,True,740,1.0
timeout,depth,_mult1p0,2,0.15,1,a4b6,a6b6,True,5,correct,2,True,740,1.0
timeout,depth,_mult1p0,2,0.15,4,8286,82b6,False,740,oscillated,-1,False,740,1.0
timeout,depth,_mult1p0,2,0.15,4,69e,6b6,False,740,oscillated,-1,False,740,1.0
timeout,depth,_mult1p0,2,0.15,2,eeb6,b6b6,False,740,oscillated,-1,False,740,1.0
timeout,depth,_mult1p0,2,0.15,3,b436,fca6,True,21,wrong_pattern,0,False,740,1.0
timeout,depth,_mult1p0,2,0.15,2,a6a2,a6b6,True,6,correct,2,True,740,1.0
timeout,depth,_mult1p0,2,0.15,1,a6b4,a6b6,True,4,correct,2,True,740,1.0
timeout,depth,_mult1p0,2,0.15,1,a6b7,a6b6,True,4,correct,2,True,740,1.0
timeout,depth,_mult1p0,2,0.15,2,a6fe,a6b6,True,16,correct,2,True,740,1.0
timeout,depth,_mult1p0,2,0.15,1,a696,a6b6,True,4,correct,2,True,740,1.0
timeout,depth,_mult1p0,2,0.15,2,aab6,b6b6,False,740,oscillated,-1,False,740,1.0
timeout,depth,_mult1p0,2,0.15,2,a6ba,a6b6,True,16,correct,2,True,740,1.0
timeout,depth,_mult1p0,2,0.15,4,e36,16b6,False,740,oscillated,-1,False,740,1.0
timeout,depth,_mult1p0,2,0.15,3,25b6,a6b6,True,5,correct,2,True,740,1.0
timeout,depth,_mult1p0,2,0.15,3,a7ae,a6b6,True,6,correct,2,True,740,1.0
timeout,depth,_mult1p0,2,0.15,4,2276,22b6,False,740,oscillated,-1,False,740,1.0
timeout,depth,_mult1p0,2,0.15,5,a70e,a75b,True,11,spurious,-1,False,740,1.0
timeout,depth,_mult1p0,2,0.15,5,25e6,a6b6,True,6,correct,2,True,740,1.0
timeout,depth,_mult1p0,2,0.15,0,a6b6,a6b6,True,0,correct,2,True,740,1.0
timeout,depth,_mult1p0,2,0.15,1,a6b7,a6b6,True,4,correct,2,True,740,1.0
timeout,depth,_mult1p0,2,0.15,4,afba,a6b6,True,17,correct,2,True,740,1.0
timeout,depth,_mult1p0,2,0.15,3,ae34,b6b6,False,740,oscillated,-1,False,740,1.0
timeout,depth,_mult1p0,2,0.15,2,26b7,a6b6,True,4,correct,2,True,740,1.0
timeout,depth,_mult1p0,2,0.15,4,efb7,b6b6,False,740,oscillated,-1,False,740,1.0
timeout,depth,_mult1p0,2,0.15,3,8692,a6b6,True,6,correct,2,True,740,1.0
timeout,depth,_mult1p0,2,0.15,1,a6b2,a6b6,True,6,correct,2,True,740,1.0
timeout,depth,_mult1p0,2,0.15,6,deb3,fca6,True,6,wrong_pattern,0,False,740,1.0
timeout,depth,_mult1p0,2,0.15,2,e6be,e6fa,True,16,spurious,-1,False,740,1.0
timeout,depth,_mult1p0,2,0.15,2,66b6,a6b6,True,11,correct,2,True,740,1.0
timeout,depth,_mult1p0,2,0.15,1,e6b6,a6b6,True,11,correct,2,True,740,1.0
timeout,depth,_mult1p0,2,0.15,2,e2b6,a6b6,True,11,correct,2,True,740,1.0
timeout,depth,_mult1p0,2,0.15,4,be26,fca6,True,15,wrong_pattern,0,False,740,1.0
timeout,depth,_mult1p0,2,0.15,3,32b6,2ab6,False,740,oscillated,-1,False,740,1.0
timeout,depth,_mult1p0,3,0.15,3,f503,fd4b,True,17,spurious,-1,False,740,1.0
timeout,depth,_mult1p0,3,0.15,2,9907,9907,False,740,oscillated,-1,False,740,1.0
timeout,depth,_mult1p0,3,0.15,2,3d47,bd07,True,6,correct,3,True,740,1.0
timeout,depth,_mult1p0,3,0.15,2,bd26,bd07,True,7,correct,3,True,740,1.0
timeout,depth,_mult1p0,3,0.15,4,7f05,3d05,False,740,oscillated,-1,False,740,1.0
timeout,depth,_mult1p0,3,0.15,2,bd45,bd07,True,6,correct,3,True,740,1.0
timeout,depth,_mult1p0,3,0.15,1,bd06,bd07,True,4,correct,3,True,740,1.0
timeout,depth,_mult1p0,3,0.15,2,bb07,bf07,False,740,oscillated,-1,False,740,1.0
timeout,depth,_mult1p0,3,0.15,2,7d07,bd07,True,11,correct,3,True,740,1.0
timeout,depth,_mult1p0,3,0.15,2,b903,bd07,True,6,correct,3,True,740,1.0
timeout,depth,_mult1p0,3,0.15,1,bd06,bd07,True,4,correct,3,True,740,1.0
timeout,depth,_mult1p0,3,0.15,4,bda4,fca6,True,11,wrong_pattern,0,False,740,1.0
timeout,depth,_mult1p0,3,0.15,2,fd47,fd4b,True,16,spurious,-1,False,740,1.0
timeout,depth,_mult1p0,3,0.15,4,9d11,9d15,False,740,oscillated,-1,False,740,1.0
timeout,depth,_mult1p0,3,0.15,1,bd05,bd07,True,4,correct,3,True,740,1.0
timeout,depth,_mult1p0,3,0.15,1,bd27,bd07,True,4,correct,3,True,740,1.0
timeout,depth,_mult1p0,3,0.15,1,bd06,bd07,True,4,correct,3,True,740,1.0
timeout,depth,_mult1p0,3,0.15,3,bc45,bd07,True,6,correct,3,True,740,1.0
timeout,depth,_mult1p0,3,0.15,3,3987,3907,False,740,oscillated,-1,False,740,1.0
timeout,depth,_mult1p0,3,0.15,5,db47,d94b,False,740,oscillated,-1,False,740,1.0
timeout,depth,_mult1p0,3,0.15,3,9903,9907,False,740,oscillated,-1,False,740,1.0
timeout,depth,_mult1p0,3,0.15,3,b904,b905,False,740,oscillated,-1,False,740,1.0
timeout,depth,_mult1p0,3,0.15,2,fd05,bd07,True,11,correct,3,True,740,1.0
timeout,depth,_mult1p0,3,0.15,3,2d0f,f54b,False,740,oscillated,-1,False,740,1.0
timeout,depth,_mult1p0,3,0.15,5,b383,a797,True,17,spurious,-1,False,740,1.0
timeout,depth,_mult1p0,3,0.15,2,ac07,bd07,True,7,correct,3,True,740,1.0
timeout,depth,_mult1p0,3,0.15,4,af1f,a75b,True,11,spurious,-1,False,740,1.0
timeout,depth,_mult1p0,3,0.15,3,b703,a75b,True,21,spurious,-1,False,740,1.0
timeout,depth,_mult1p0,3,0.15,3,dd06,bd07,True,12,correct,3,True,740,1.0
timeout,depth,_mult1p0,3,0.15,4,3e06,bf07,False,740,oscillated,-1,False,740,1.0
timeout,depth,_mult1p0,3,0.15,1,bd27,bd07,True,4,correct,3,True,740,1.0
timeout,depth,_mult1p0,3,0.15,3,b447,ed4b,False,740,oscillated,-1,False,740,1.0
timeout,depth,_mult1p0,3,0.15,2,b587,bf97,True,7,spurious,-1,False,740,1.0
timeout,depth,_mult1p0,3,0.15,3,bf45,bf07,False,740,oscillated,-1,False,740,1.0
timeout,depth,_mult1p0,3,0.15,3,a927,bd07,True,7,correct,3,True,740,1.0
timeout,depth,_mult1p0,3,0.15,2,bd0e,bd07,True,6,correct,3,True,740,1.0
timeout,depth,_mult1p0,3,0.15,1,fd07,bd07,True,11,correct,3,True,740,1.0
timeout,depth,_mult1p0,3,0.15,4,ac16,b797,False,740,oscillated,-1,False,740,1.0
timeout,depth,_mult1p0,3,0.15,4,3717,af97,False,740,oscillated,-1,False,740,1.0
timeout,depth,_mult1p0,3,0.15,1,bf07,bf07,False,740,oscillated,-1,False,740,1.0
timeout,depth,_mult1p0,3,0.15,4,fdd7,bd07,True,11,correct,3,True,740,1.0
timeout,depth,_mult1p0,3,0.15,1,bd17,bd17,False,740,oscillated,-1,False,740,1.0
timeout,depth,_mult1p0,3,0.15,7,85e3,a6b6,True,18,wrong_pattern,2,False,740,1.0
timeout,depth,_mult1p0,3,0.15,3,b985,b905,False,740,oscillated,-1,False,740,1.0
timeout,depth,_mult1p0,3,0.15,3,b703,a75b,True,21,spurious,-1,False,740,1.0
timeout,depth,_mult1p0,3,0.15,3,bda5,fca6,True,12,wrong_pattern,0,False,740,1.0
timeout,depth,_mult1p0,3,0.15,0,bd07,bd07,True,0,correct,3,True,740,1.0
timeout,depth,_mult1p0,3,0.15,2,b927,bd07,True,4,correct,3,True,740,1.0
timeout,depth,_mult1p0,3,0.15,5,6c17,bd07,True,13,correct,3,True,740,1.0
timeout,depth,_mult1p0,3,0.15,3,1d0f,1d07,False,740,oscillated,-1,False,740,1.0
timeout,depth,_mult1p0,3,0.15,4,1903,1905,True,6,spurious,-1,False,740,1.0
timeout,depth,_mult1p0,3,0.15,1,b907,bd07,True,4,correct,3,True,740,1.0
timeout,depth,_mult1p0,3,0.15,1,bd17,bd17,False,740,oscillated,-1,False,740,1.0
timeout,depth,_mult1p0,3,0.15,0,bd07,bd07,True,0,correct,3,True,740,1.0
timeout,depth,_mult1p0,3,0.15,6,918b,835b,False,740,oscillated,-1,False,740,1.0
timeout,depth,_mult1p0,3,0.15,0,bd07,bd07,True,0,correct,3,True,740,1.0
timeout,depth,_mult1p0,3,0.15,2,bd83,bd07,True,9,correct,3,True,740,1.0
timeout,depth,_mult1p0,3,0.15,0,bd07,bd07,True,0,correct,3,True,740,1.0
timeout,depth,_mult1p0,3,0.15,5,9483,a6b6,True,17,wrong_pattern,2,False,740,1.0
timeout,depth,_mult1p0,3,0.15,4,f513,fd4b,True,21,spurious,-1,False,740,1.0
timeout,depth,_mult1p0,0,0.3,2,7ce6,fca6,True,6,correct,0,True,740,1.0
timeout,depth,_mult1p0,0,0.3,9,5f4f,5d4b,False,740,oscillated,-1,False,740,1.0
timeout,depth,_mult1p0,0,0.3,6,7fd6,fca6,True,7,correct,0,True,740,1.0
timeout,depth,_mult1p0,0,0.3,6,f104,b905,False,740,oscillated,-1,False,740,1.0
timeout,depth,_mult1p0,0,0.3,2,7ca7,fca6,True,4,correct,0,True,740,1.0
timeout,depth,_mult1p0,0,0.3,8,24f3,a6b6,True,17,wrong_pattern,2,False,740,1.0
timeout,depth,_mult1p0,0,0.3,3,fcf2,fca6,True,11,correct,0,True,740,1.0
timeout,depth,_mult1p0,0,0.3,2,fea2,fca6,True,6,correct,0,True,740,1.0
timeout,depth,_mult1p0,0,0.3,6,9c9f,fca6,True,15,correct,0,True,740,1.0
timeout,depth,_mult1p0,0,0.3,6,84ac,86b4,False,740,oscillated,-1,False,740,1.0
timeout,depth,_mult1p0,0,0.3,3,beae,fca6,True,15,correct,0,True,740,1.0
timeout,depth,_mult1p0,0,0.3,6,dc43,fd4b,True,6,spurious,-1,False,740,1.0
timeout,depth,_mult1p0,0,0.3,3,fcfe,fca6,True,11,correct,0,True,740,1.0
timeout,depth,_mult1p0,0,0.3,4,e5a4,fca6,True,7,correct,0,True,740,1.0
timeout,depth,_mult1p0,0,0.3,5,fa8f,fca6,True,7,correct,0,True,740,1.0
timeout,depth,_mult1p0,0,0.3,6,38c2,78a6,False,740,oscillated,-1,False,740,1.0
timeout,depth,_mult1p0,0,0.3,5,e6af,e6fa,True,15,spurious,-1,False,740,1.0
timeout,depth,_mult1p0,0,0.3,4,cc66,fc6a,True,21,spurious,-1,False,740,1.0
timeout,depth,_mult1p0,0,0.3,3,e4a2,fca6,True,17,correct,0,True,740,1.0
timeout,depth,_mult1p0,0,0.3,5,b8a8,f8a4,False,740,oscillated,-1,False,740,1.0
timeout,depth,_mult1p0,0,0.3,4,fc44,fd4b,True,12,spurious,-1,False,740,1.0
timeout,depth,_mult1p0,0,0.3,5,ccab,fca6,True,12,correct,0,True,740,1.0
timeout,depth,_mult1p0,0,0.3,3,2ca6,fca6,True,23,correct,0,True,740,1.0
timeout,depth,_mult1p0,0,0.3,0,fca6,fca6,True,0,correct,0,True,740,1.0
timeout,depth,_mult1p0,0,0.3,3,f48e,fca6,True,7,correct,0,True,740,1.0
timeout,depth,_mult1p0,0,0.3,5,f99e,fca6,True,7,correct,0,True,740,1.0
timeout,depth,_mult1p0,0,0.3,7,f2e1,f8a4,False,740,oscillated,-1,False,740,1.0
timeout,depth,_mult1p0,0,0.3,6,e40f,fd4b,True,7,spurious,-1,False,740,1.0
timeout,depth,_mult1p0,0,0.3,3,f4b4,fca6,True,11,correct,0,True,740,1.0
timeout,depth,_mult1p0,0,0.3,4,bdac,fca6,True,12,correct,0,True,740,1.0
timeout,depth,_mult1p0,0,0.3,4,bec6,fca6,True,15,correct,0,True,740,1.0
timeout,depth,_mult1p0,0,0.3,1,fea6,fca6,True,5,correct,0,True,740,1.0
timeout,depth,_mult1p0,0,0.3,6,5c8d,58a4,True,7,spurious,-1,False,740,1.0
timeout,depth,_mult1p0,0,0.3,4,b8aa,fca6,True,14,correct,0,True,740,1.0
timeout,depth,_mult1p0,0,0.3,9,5afb,4068,True,13,spurious,-1,False,740,1.0
timeout,depth,_mult1p0,0,0.3,3,e8e6,fca6,True,7,correct,0,True,740,1.0
timeout,depth,_mult1p0,0,0.3,6,3c42,bd07,True,17,wrong_pattern,3,False,740,1.0
timeout,depth,_mult1p0,0,0.3,4,feab,fca6,True,11,correct,0,True,740,1.0
timeout,depth,_mult1p0,0,0.3,2,6ca6,fca6,True,7,correct,0,True,740,1.0
timeout,depth,_mult1p0,0,0.3,7,72bf,2ab6,False,740,oscillated,-1,False,740,1.0
timeout,depth,_mult1p0,0,0.3,5,bfe7,fca6,True,15,correct,0,True,740,1.0
timeout,depth,_mult1p0,0,0.3,2,f486,fca6,True,7,correct,0,True,740,1.0
timeout,depth,_mult1p0,0,0.3,4,deb7,fca6,True,5,correct,0,True,740,1.0
timeout,depth,_mult1p0,0,0.3,2,eca4,fca6,True,7,correct,0,True,740,1.0
timeout,depth,_mult1p0,0,0.3,4,be27,bf07,False,740,oscillated,-1,False,740,1.0
timeout,depth,_mult1p0,0,0.3,5,d0a3,d8a6,False,740,oscillated,-1,False,740,1.0
timeout,depth,_mult1p0,0,0.3,7,1802,1905,True,7,spurious,-1,False,740,1.0
timeout,depth,_mult1p0,0,0.3,3,dc87,fca6,True,7,correct,0,True,740,1.0
timeout,depth,_mult1p0,0,0.3,7,3e1e,a797,True,9,spurious,-1,False,740,1.0
timeout,depth,_mult1p0,0,0.3,4,d926,9907,False,740,oscillated,-1,False,740,1.0
timeout,depth,_mult1p0,0,0.3,4,f4e0,fca6,True,11,correct,0,True,740,1.0
timeout,depth,_mult1p0,0,0.3,5,6436,fc6a,True,22,spurious,-1,False,740,1.0
timeout,depth,_mult1p0,0,0.3,4,50a6,58a4,True,7,spurious,-1,False,740,1.0
timeout,depth,_mult1p0,0,0.3,5,38ac,58a4,True,11,spurious,-1,False,740,1.0
timeout,depth,_mult1p0,0,0.3,7,dc09,dd49,False,740,oscillated,-1,False,740,1.0
timeout,depth,_mult1p0,0,0.3,7,7abd,58a4,True,6,spurious,-1,False,740,1.0
timeout,depth,_mult1p0,0,0.3,4,fd76,fd4b,True,13,spurious,-1,False,740,1.0
timeout,depth,_mult1p0,0,0.3,8,cc48,d549,False,740,oscillated,-1,False,740,1.0
timeout,depth,_mult1p0,0,0.3,7,cc6b,f54b,False,740,oscillated,-1,False,740,1.0
timeout,depth,_mult1p0,0,0.3,5,fff7,fca6,True,7,correct,0,True,740,1.0
timeout,depth,_mult1p0,1,0.3,5,93f1,2b4,True,12,spurious,-1,False,740,1.0
timeout,depth,_mult1p0,1,0.3,4,1b03,1b05,False,740,oscillated,-1,False,740,1.0
timeout,depth,_mult1p0,1,0.3,9,272c,2759,False,740,oscillated,-1,False,740,1.0
timeout,depth,_mult1p0,1,0.3,2,1a85,58a4,True,18,spurious,-1,False,740,1.0
timeout,depth,_mult1p0,1,0.3,6,9581,8f95,False,740,oscillated,-1,False,740,1.0
timeout,depth,_mult1p0,1,0.3,4,7915,1905,True,13,spurious,-1,False,740,1.0
timeout,depth,_mult1p0,1,0.3,5,1099,42f8,True,17,spurious,-1,False,740,1.0
timeout,depth,_mult1p0,1,0.3,5,3ddd,3d15,False,740,oscillated,-1,False,740,1.0
timeout,depth,_mult1p0,1,0.3,6,b3a7,aeb6,False,740,oscillated,-1,False,740,1.0
timeout,depth,_mult1p0,1,0.3,5,a16,1395,False,740,oscillated,-1,False,740,1.0
timeout,depth,_mult1p0,1,0.3,4,1d9c,58a4,True,15,spurious,-1,False,740,1.0
timeout,depth,_mult1p0,1,0.3,5,4ab4,12b4,False,740,oscillated,-1,False,740,1.0
timeout,depth,_mult1p0,1,0.3,6,995c,1905,True,15,spurious,-1,False,740,1.0
timeout,depth,_mult1p0,1,0.3,7,fd05,bd07,True,11,wrong_pattern,3,False,740,1.0
timeout,depth,_mult1p0,1,0.3,6,10bf,2b4,True,17,spurious,-1,False,740,1.0
timeout,depth,_mult1p0,1,0.3,5,bbe5,f8a4,False,740,oscillated,-1,False,740,1.0
timeout,depth,_mult1p0,1,0.3,5,1903,1905,True,6,spurious,-1,False,740,1.0
timeout,depth,_mult1p0,1,0.3,2,1bb1,2b4,True,7,spurious,-1,False,740,1.0
timeout,depth,_mult1p0,1,0.3,3,5bbd,58a4,True,7,spurious,-1,False,740,1.0
timeout,depth,_mult1p0,1,0.3,4,17b1,2b4,True,7,spurious,-1,False,740,1.0
timeout,depth,_mult1p0,1,0.3,5,3be7,78a6,False,740,oscillated,-1,False,740,1.0
timeout,depth,_mult1p0,1,0.3,3,3985,1905,True,9,spurious,-1,False,740,1.0
timeout,depth,_mult1p0,1,0.3,2,3b97,3b97,False,740,oscillated,-1,False,740,1.0
timeout,depth,_mult1p0,1,0.3,3,5991,1905,True,11,spurious,-1,False,740,1.0
timeout,depth,_mult1p0,1,0.3,6,be9,42f8,True,15,spurious,-1,False,740,1.0
timeout,depth,_mult1p0,1,0.3,3,b9f,395,True,7,spurious,-1,False,740,1.0
timeout,depth,_mult1p0,1,0.3,9,ca20,5868,True,21,spurious,-1,False,740,1.0
timeout,depth,_mult1p0,1,0.3,3,9a91,2b4,True,7,spurious,-1,False,740,1.0
timeout,depth,_mult1p0,1,0.3,4,8295,2b4,True,7,spurious,-1,False,740,1.0
timeout,depth,_mult1p0,1,0.3,6,21f5,2b4,True,7,spurious,-1,False,740,1.0
timeout,depth,_mult1p0,1,0.3,7,5841,5949,True,6,spurious,-1,False,740,1.0
timeout,depth,_mult1p0,1,0.3,5,1a7d,395,True,14,spurious,-1,False,740,1.0
timeout,depth,_mult1p0,1,0.3,6,48c5,58a4,True,7,spurious,-1,False,740,1.0
timeout,depth,_mult1p0,1,0.3,5,1ad2,2b4,True,7,spurious,-1,False,740,1.0
timeout,depth,_mult1p0,1,0.3,6,7fc1,7d49,False,740,oscillated,-1,False,740,1.0
timeout,depth,_mult1p0,1,0.3,2,395,395,True,0,spurious,-1,False,740,1.0
timeout,depth,_mult1p0,1,0.3,5,d194,58a4,True,17,spurious,-1,False,740,1.0
timeout,depth,_mult1p0,1,0.3,5,d91d,5949,True,16,spurious,-1,False,740,1.0
timeout,depth,_mult1p0,1,0.3,6,badf,a6b6,True,7,wrong_pattern,2,False,740,1.0
timeout,depth,_mult1p0,1,0.3,4,1bd2,2b4,True,7,spurious,-1,False,740,1.0
timeout,depth,_mult1p0,1,0.3,5,3fa7,fca6,True,18,wrong_pattern,0,False,740,1.0
timeout,depth,_mult1p0,1,0.3,3,9d95,9d15,False,740,oscillated,-1,False,740,1.0
timeout,depth,_mult1p0,1,0.3,3,9f15,9f95,False,740,oscillated,-1,False,740,1.0
timeout,depth,_mult1p0,1,0.3,6,9c17,bd17,False,740,oscillated,-1,False,740,1.0
timeout,depth,_mult1p0,1,0.3,2,4b95,1395,False,740,oscillated,-1,False,740,1.0
timeout,depth,_mult1p0,1,0.3,5,a991,b395,False,740,oscillated,-1,False,740,1.0
timeout,depth,_mult1p0,1,0.3,6,99cf,9907,False,740,oscillated,-1,False,740,1.0
timeout,depth,_mult1p0,1,0.3,6,15b9,42f8,True,17,spurious,-1,False,740,1.0
timeout,depth,_mult1p0,1,0.3,6,3b3b,235b,False,740,oscillated,-1,False,740,1.0
timeout,depth,_mult1p0,1,0.3,7,8201,359,True,11,spurious,-1,False,740,1.0
timeout,depth,_mult1p0,1,0.3,7,7134,1905,True,15,spurious,-1,False,740,1.0
timeout,depth,_mult1p0,1,0.3,7,cf9b,a797,True,26,spurious,-1,False,740,1.0
timeout,depth,_mult1p0,1,0.3,6,699f,3917,False,740,oscillated,-1,False,740,1.0
timeout,depth,_mult1p0,1,0.3,4,1ff7,6b6,False,740,oscillated,-1,False,740,1.0
timeout,depth,_mult1p0,1,0.3,4,3a8d,58a4,True,15,spurious,-1,False,740,1.0
timeout,depth,_mult1p0,1,0.3,5,89f5,2b4,True,17,spurious,-1,False,740,1.0
timeout,depth,_mult1p0,1,0.3,3,8b97,9397,False,740,oscillated,-1,False,740,1.0
timeout,depth,_mult1p0,1,0.3,1,1bd5,1b95,True,6,correct,1,True,740,1.0
timeout,depth,_mult1p0,1,0.3,5,2a35,1395,False,740,oscillated,-1,False,740,1.0
timeout,depth,_mult1p0,1,0.3,8,4af8,42f8,True,7,spurious,-1,False,740,1.0
timeout,depth,_mult1p0,2,0.3,8,283d,359,True,17,spurious,-1,False,740,1.0
timeout,depth,_mult1p0,2,0.3,7,a581,a797,True,6,spurious,-1,False,740,1.0
timeout,depth,_mult1p0,2,0.3,5,72be,2ab6,False,740,oscillated,-1,False,740,1.0
timeout,depth,_mult1p0,2,0.3,4,c2b2,c2fa,False,740,oscillated,-1,False,740,1.0
timeout,depth,_mult1p0,2,0.3,5,2a34,12b4,False,740,oscillated,-1,False,740,1.0
timeout,depth,_mult1p0,2,0.3,4,f4b2,fca6,True,16,wrong_pattern,0,False,740,1.0
timeout,depth,_mult1p0,2,0.3,1,26b6,a6b6,True,4,correct,2,True,740,1.0
timeout,depth,_mult1p0,2,0.3,3,afa6,b6b6,False,740,oscillated,-1,False,740,1.0
timeout,depth,_mult1p0,2,0.3,3,a2a7,a6b6,True,5,correct,2,True,740,1.0
timeout,depth,_mult1p0,2,0.3,5,c6c6,e6fa,True,15,spurious,-1,False,740,1.0
timeout,depth,_mult1p0,2,0.3,5,8ffe,a6b6,True,17,correct,2,True,740,1.0
timeout,depth,_mult1p0,2,0.3,3,a635,a797,True,9,spurious,-1,False,740,1.0
timeout,depth,_mult1p0,2,0.3,5,e42e,e46a,True,6,spurious,-1,False,740,1.0
timeout,depth,_mult1p0,2,0.3,4,afb5,b6b6,False,740,oscillated,-1,False,740,1.0
timeout,depth,_mult1p0,2,0.3,6,aa7a,e6fa,True,11,spurious,-1,False,740,1.0
timeout,depth,_mult1p0,2,0.3,5,9494,8eb4,False,740,oscillated,-1,False,740,1.0
timeout,depth,_mult1p0,2,0.3,2,b6a6,aeb6,False,740,oscillated,-1,False,740,1.0
timeout,depth,_mult1p0,2,0.3,5,86e3,a6b6,True,17,correct,2,True,740,1.0
timeout,depth,_mult1p0,2,0.3,2,aea6,b6b6,False,740,oscillated,-1,False,740,1.0
timeout,depth,_mult1p0,2,0.3,5,63be,62fa,False,740,oscillated,-1,False,740,1.0
timeout,depth,_mult1p0,2,0.3,3,2b6,2b4,True,4,spurious,-1,False,740,1.0
timeout,depth,_mult1p0,2,0.3,6,d4a7,fca6,True,7,wrong_pattern,0,False,740,1.0
timeout,depth,_mult1p0,2,0.3,5,96bb,a6b6,True,17,correct,2,True,740,1.0
timeout,depth,_mult1p0,2,0.3,6,45b4,58a4,True,14,spurious,-1,False,740,1.0
timeout,depth,_mult1p0,2,0.3,4,a7f3,a6b6,True,12,correct,2,True,740,1.0
timeout,depth,_mult1p0,2,0.3,4,a6ec,a6b6,True,16,correct,2,True,740,1.0
timeout,depth,_mult1p0,2,0.3,5,96f5,86b4,False,740,oscillated,-1,False,740,1.0
timeout,depth,_mult1p0,2,0.3,5,a09f,a6b6,True,7,correct,2,True,740,1.0
timeout,depth,_mult1p0,2,0.3,4,66a2,e6ea,False,740,oscillated,-1,False,740,1.0
timeout,depth,_mult1p0,2,0.3,5,7a2,6b6,False,740,oscillated,-1,False,740,1.0
timeout,depth,_mult1p0,2,0.3,5,f67e,fc6a,True,17,spurious,-1,False,740,1.0
timeout,depth,_mult1p0,2,0.3,5,a21c,a359,False,740,oscillated,-1,False,740,1.0
timeout,depth,_mult1p0,2,0.3,5,27ac,26b4,False,740,oscillated,-1,False,740,1.0
timeout,depth,_mult1p0,2,0.3,6,a42b,a75b,True,7,spurious,-1,False,740,1.0
timeout,depth,_mult1p0,2,0.3,5,9635,8f95,False,740,oscillated,-1,False,740,1.0
timeout,depth,_mult1p0,2,0.3,6,3df6,fca6,True,15,wrong_pattern,0,False,740,1.0
timeout,depth,_mult1p0,2,0.3,5,ae1f,a75b,True,12,spurious,-1,False,740,1.0
timeout,depth,_mult1p0,2,0.3,4,aa37,b797,False,740,oscillated,-1,False,740,1.0
timeout,depth,_mult1p0,2,0.3,7,f93,797,False,740,oscillated,-1,False,740,1.0
timeout,depth,_mult1p0,2,0.3,4,b426,fca6,True,11,wrong_pattern,0,False,740,1.0
timeout,depth,_mult1p0,2,0.3,6,ae78,e6fa,True,11,spurious,-1,False,740,1.0
timeout,depth,_mult1p0,2,0.3,4,83b2,82b6,False,740,oscillated,-1,False,740,1.0
timeout,depth,_mult1p0,2,0.3,5,befa,a6b6,True,7,correct,2,True,740,1.0
timeout,depth,_mult1p0,2,0.3,9,bf19,a75b,True,17,spurious,-1,False,740,1.0
timeout,depth,_mult1p0,2,0.3,6,38b2,78a6,False,740,oscillated,-1,False,740,1.0
timeout,depth,_mult1p0,2,0.3,3,8eb7,b6b6,False,740,oscillated,-1,False,740,1.0
timeout,depth,_mult1p0,2,0.3,8,887,58a4,True,26,spurious,-1,False,740,1.0
timeout,depth,_mult1p0,2,0.3,6,fc94,fca6,True,5,wrong_pattern,0,False,740,1.0
timeout,depth,_mult1p0,2,0.3,4,97f6,a6b6,True,7,correct,2,True,740,1.0
timeout,depth,_mult1p0,2,0.3,7,8f25,9705,False,740,oscillated,-1,False,740,1.0
timeout,depth,_mult1p0,2,0.3,5,a6e8,e6fa,True,13,spurious,-1,False,740,1.0
timeout,depth,_mult1p0,2,0.3,5,21b4,2b4,True,5,spurious,-1,False,740,1.0
timeout,depth,_mult1p0,2,0.3,6,977e,a75b,True,7,spurious,-1,False,740,1.0
timeout,depth,_mult1p0,2,0.3,5,31b6,2ab6,False,740,oscillated,-1,False,740,1.0
timeout,depth,_mult1p0,2,0.3,6,1ebf,5ca6,False,740,oscillated,-1,False,740,1.0
timeout,depth,_mult1p0,2,0.3,8,cf7c,dd49,False,740,oscillated,-1,False,740,1.0
timeout,depth,_mult1p0,2,0.3,6,622e,62ea,False,740,oscillated,-1,False,740,1.0
timeout,depth,_mult1p0,2,0.3,4,2096,22b6,False,740,oscillated,-1,False,740,1.0
timeout,depth,_mult1p0,2,0.3,1,a6b2,a6b6,True,6,correct,2,True,740,1.0
timeout,depth,_mult1p0,2,0.3,5,abbc,a2b4,False,740,oscillated,-1,False,740,1.0
timeout,depth,_mult1p0,3,0.3,4,a583,a797,True,6,spurious,-1,False,740,1.0
timeout,depth,_mult1p0,3,0.3,4,3427,bd07,True,7,correct,3,True,740,1.0
timeout,depth,_mult1p0,3,0.3,5,1b17,1b95,True,9,wrong_pattern,1,False,740,1.0
timeout,depth,_mult1p0,3,0.3,6,d737,bd07,True,13,correct,3,True,740,1.0
timeout,depth,_mult1p0,3,0.3,4,3597,af97,False,740,oscillated,-1,False,740,1.0
timeout,depth,_mult1p0,3,0.3,6,aa1f,a75b,True,12,spurious,-1,False,740,1.0
timeout,depth,_mult1p0,3,0.3,7,9560,cd49,False,740,oscillated,-1,False,740,1.0
timeout,depth,_mult1p0,3,0.3,6,f156,bd07,True,16,correct,3,True,740,1.0
timeout,depth,_mult1p0,3,0.3,4,ef03,fd4b,True,21,spurious,-1,False,740,1.0
timeout,depth,_mult1p0,3,0.3,6,ed92,fca6,True,18,wrong_pattern,0,False,740,1.0
timeout,depth,_mult1p0,3,0.3,5,395f,3917,False,740,oscillated,-1,False,740,1.0
timeout,depth,_mult1p0,3,0.3,4,b536,af97,False,740,oscillated,-1,False,740,1.0
timeout,depth,_mult1p0,3,0.3,7,67c7,a75b,True,15,spurious,-1,False,740,1.0
timeout,depth,_mult1p0,3,0.3,2,bd04,bd07,True,4,correct,3,True,740,1.0
timeout,depth,_mult1p0,3,0.3,5,dc0b,fd4b,True,6,spurious,-1,False,740,1.0
timeout,depth,_mult1p0,3,0.3,4,ed2f,fd4b,True,17,spurious,-1,False,740,1.0
timeout,depth,_mult1p0,3,0.3,5,db17,9907,False,740,oscillated,-1,False,740,1.0
timeout,depth,_mult1p0,3,0.3,4,b797,af97,False,740,oscillated,-1,False,740,1.0
timeout,depth,_mult1p0,3,0.3,4,992f,9907,False,740,oscillated,-1,False,740,1.0
timeout,depth,_mult1p0,3,0.3,8,1c5a,75b,False,740,oscillated,-1,False,740,1.0
timeout,depth,_mult1p0,3,0.3,6,aa0e,a75b,True,17,spurious,-1,False,740,1.0
timeout,depth,_mult1p0,3,0.3,7,270a,a75b,True,6,spurious,-1,False,740,1.0
timeout,depth,_mult1p0,3,0.3,7,ca06,9907,False,740,oscillated,-1,False,740,1.0
timeout,depth,_mult1p0,3,0.3,4,dd8f,bd07,True,16,correct,3,True,740,1.0
timeout,depth,_mult1p0,3,0.3,1,bc07,bd07,True,4,correct,3,True,740,1.0
timeout,depth,_mult1p0,3,0.3,6,a8b7,b6b6,False,740,oscillated,-1,False,740,1.0
timeout,depth,_mult1p0,3,0.3,3,3d0b,bd07,True,16,correct,3,True,740,1.0
timeout,depth,_mult1p0,3,0.3,4,3f97,bf97,True,4,spurious,-1,False,740,1.0
timeout,depth,_mult1p0,3,0.3,6,2a27,3397,False,740,oscillated,-1,False,740,1.0
timeout,depth,_mult1p0,3,0.3,5,3426,fca6,True,11,wrong_pattern,0,False,740,1.0
timeout,depth,_mult1p0,3,0.3,6,b780,a6b6,True,17,wrong_pattern,2,False,740,1.0
timeout,depth,_mult1p0,3,0.3,3,af06,b707,False,740,oscillated,-1,False,740,1.0
timeout,depth,_mult1p0,3,0.3,5,7585,3d05,False,740,oscillated,-1,False,740,1.0
timeout,depth,_mult1p0,3,0.3,5,ed0a,fd4b,True,7,spurious,-1,False,740,1.0
timeout,depth,_mult1p0,3,0.3,4,d47,554b,False,740,oscillated,-1,False,740,1.0
timeout,depth,_mult1p0,3,0.3,5,9e15,9f95,False,740,oscillated,-1,False,740,1.0
timeout,depth,_mult1p0,3,0.3,10,9b0,2b4,True,17,spurious,-1,False,740,1.0
timeout,depth,_mult1p0,3,0.3,4,9913,9917,False,740,oscillated,-1,False,740,1.0
timeout,depth,_mult1p0,3,0.3,2,b517,ad17,False,740,oscillated,-1,False,740,1.0
timeout,depth,_mult1p0,3,0.3,5,f14f,fd4b,True,7,spurious,-1,False,740,1.0
timeout,depth,_mult1p0,3,0.3,4,1c06,1d07,False,740,oscillated,-1,False,740,1.0
timeout,depth,_mult1p0,3,0.3,2,ad05,bd07,True,7,correct,3,True,740,1.0
timeout,depth,_mult1p0,3,0.3,5,ff6f,fd4b,True,6,spurious,-1,False,740,1.0
timeout,depth,_mult1p0,3,0.3,7,1a37,1b95,True,9,wrong_pattern,1,False,740,1.0
timeout,depth,_mult1p0,3,0.3,3,9c03,bd07,True,6,correct,3,True,740,1.0
timeout,depth,_mult1p0,3,0.3,6,7f24,3d05,False,740,oscillated,-1,False,740,1.0
timeout,depth,_mult1p0,3,0.3,3,b597,af97,False,740,oscillated,-1,False,740,1.0
timeout,depth,_mult1p0,3,0.3,5,a687,a6b6,True,7,wrong_pattern,2,False,740,1.0
timeout,depth,_mult1p0,3,0.3,7,198c,58a4,True,14,spurious,-1,False,740,1.0
timeout,depth,_mult1p0,3,0.3,5,ac93,a6b6,True,17,wrong_pattern,2,False,740,1.0
timeout,depth,_mult1p0,3,0.3,6,f53b,fd4b,True,17,spurious,-1,False,740,1.0
timeout,depth,_mult1p0,3,0.3,3,7d17,bd07,True,13,correct,3,True,740,1.0
timeout,depth,_mult1p0,3,0.3,5,a737,a797,True,9,spurious,-1,False,740,1.0
timeout,depth,_mult1p0,3,0.3,4,df87,bd07,True,13,correct,3,True,740,1.0
timeout,depth,_mult1p0,3,0.3,8,5b93,1905,True,13,spurious,-1,False,740,1.0
timeout,depth,_mult1p0,3,0.3,4,be26,fca6,True,15,wrong_pattern,0,False,740,1.0
timeout,depth,_mult1p0,3,0.3,7,19ae,58a4,True,12,spurious,-1,False,740,1.0
timeout,depth,_mult1p0,3,0.3,4,9dc3,bd07,True,9,correct,3,True,740,1.0
timeout,depth,_mult1p0,3,0.3,7,878d,8795,False,740,oscillated,-1,False,740,1.0
timeout,depth,_mult1p0,3,0.3,3,b405,bd07,True,7,correct,3,True,740,1.0
timeout,even_odd,_mult1p0,0,0.0,0,fca6,fca6,True,0,correct,0,True,1636,1.0
timeout,even_odd,_mult1p0,0,0.0,0,fca6,fca6,True,0,correct,0,True,1636,1.0
timeout,even_odd,_mult1p0,0,0.0,0,fca6,fca6,True,0,correct,0,True,1636,1.0
timeout,even_odd,_mult1p0,0,0.0,0,fca6,fca6,True,0,correct,0,True,1636,1.0
timeout,even_odd,_mult1p0,0,0.0,0,fca6,fca6,True,0,correct,0,True,1636,1.0
timeout,even_odd,_mult1p0,0,0.0,0,fca6,fca6,True,0,correct,0,True,1636,1.0
timeout,even_odd,_mult1p0,0,0.0,0,fca6,fca6,True,0,correct,0,True,1636,1.0
timeout,even_odd,_mult1p0,0,0.0,0,fca6,fca6,True,0,correct,0,True,1636,1.0
timeout,even_odd,_mult1p0,0,0.0,0,fca6,fca6,True,0,correct,0,True,1636,1.0
timeout,even_odd,_mult1p0,0,0.0,0,fca6,fca6,True,0,correct,0,True,1636,1.0
timeout,even_odd,_mult1p0,0,0.0,0,fca6,fca6,True,0,correct,0,True,1636,1.0
timeout,even_odd,_mult1p0,0,0.0,0,fca6,fca6,True,0,correct,0,True,1636,1.0
timeout,even_odd,_mult1p0,0,0.0,0,fca6,fca6,True,0,correct,0,True,1636,1.0
timeout,even_odd,_mult1p0,0,0.0,0,fca6,fca6,True,0,correct,0,True,1636,1.0
timeout,even_odd,_mult1p0,0,0.0,0,fca6,fca6,True,0,correct,0,True,1636,1.0
timeout,even_odd,_mult1p0,0,0.0,0,fca6,fca6,True,0,correct,0,True,1636,1.0
timeout,even_odd,_mult1p0,0,0.0,0,fca6,fca6,True,0,correct,0,True,1636,1.0
timeout,even_odd,_mult1p0,0,0.0,0,fca6,fca6,True,0,correct,0,True,1636,1.0
timeout,even_odd,_mult1p0,0,0.0,0,fca6,fca6,True,0,correct,0,True,1636,1.0
timeout,even_odd,_mult1p0,0,0.0,0,fca6,fca6,True,0,correct,0,True,1636,1.0
timeout,even_odd,_mult1p0,0,0.0,0,fca6,fca6,True,0,correct,0,True,1636,1.0
timeout,even_odd,_mult1p0,0,0.0,0,fca6,fca6,True,0,correct,0,True,1636,1.0
timeout,even_odd,_mult1p0,0,0.0,0,fca6,fca6,True,0,correct,0,True,1636,1.0
timeout,even_odd,_mult1p0,0,0.0,0,fca6,fca6,True,0,correct,0,True,1636,1.0
timeout,even_odd,_mult1p0,0,0.0,0,fca6,fca6,True,0,correct,0,True,1636,1.0
timeout,even_odd,_mult1p0,0,0.0,0,fca6,fca6,True,0,correct,0,True,1636,1.0
timeout,even_odd,_mult1p0,0,0.0,0,fca6,fca6,True,0,correct,0,True,1636,1.0
timeout,even_odd,_mult1p0,0,0.0,0,fca6,fca6,True,0,correct,0,True,1636,1.0
timeout,even_odd,_mult1p0,0,0.0,0,fca6,fca6,True,0,correct,0,True,1636,1.0
timeout,even_odd,_mult1p0,0,0.0,0,fca6,fca6,True,0,correct,0,True,1636,1.0
timeout,even_odd,_mult1p0,0,0.0,0,fca6,fca6,True,0,correct,0,True,1636,1.0
timeout,even_odd,_mult1p0,0,0.0,0,fca6,fca6,True,0,correct,0,True,1636,1.0
timeout,even_odd,_mult1p0,0,0.0,0,fca6,fca6,True,0,correct,0,True,1636,1.0
timeout,even_odd,_mult1p0,0,0.0,0,fca6,fca6,True,0,correct,0,True,1636,1.0
timeout,even_odd,_mult1p0,0,0.0,0,fca6,fca6,True,0,correct,0,True,1636,1.0
timeout,even_odd,_mult1p0,0,0.0,0,fca6,fca6,True,0,correct,0,True,1636,1.0
timeout,even_odd,_mult1p0,0,0.0,0,fca6,fca6,True,0,correct,0,True,1636,1.0
timeout,even_odd,_mult1p0,0,0.0,0,fca6,fca6,True,0,correct,0,True,1636,1.0
timeout,even_odd,_mult1p0,0,0.0,0,fca6,fca6,True,0,correct,0,True,1636,1.0
timeout,even_odd,_mult1p0,0,0.0,0,fca6,fca6,True,0,correct,0,True,1636,1.0
timeout,even_odd,_mult1p0,0,0.0,0,fca6,fca6,True,0,correct,0,True,1636,1.0
timeout,even_odd,_mult1p0,0,0.0,0,fca6,fca6,True,0,correct,0,True,1636,1.0
timeout,even_odd,_mult1p0,0,0.0,0,fca6,fca6,True,0,correct,0,True,1636,1.0
timeout,even_odd,_mult1p0,0,0.0,0,fca6,fca6,True,0,correct,0,True,1636,1.0
timeout,even_odd,_mult1p0,0,0.0,0,fca6,fca6,True,0,correct,0,True,1636,1.0
timeout,even_odd,_mult1p0,0,0.0,0,fca6,fca6,True,0,correct,0,True,1636,1.0
timeout,even_odd,_mult1p0,0,0.0,0,fca6,fca6,True,0,correct,0,True,1636,1.0
timeout,even_odd,_mult1p0,0,0.0,0,fca6,fca6,True,0,correct,0,True,1636,1.0
timeout,even_odd,_mult1p0,0,0.0,0,fca6,fca6,True,0,correct,0,True,1636,1.0
timeout,even_odd,_mult1p0,0,0.0,0,fca6,fca6,True,0,correct,0,True,1636,1.0
timeout,even_odd,_mult1p0,0,0.0,0,fca6,fca6,True,0,correct,0,True,1636,1.0
timeout,even_odd,_mult1p0,0,0.0,0,fca6,fca6,True,0,correct,0,True,1636,1.0
timeout,even_odd,_mult1p0,0,0.0,0,fca6,fca6,True,0,correct,0,True,1636,1.0
timeout,even_odd,_mult1p0,0,0.0,0,fca6,fca6,True,0,correct,0,True,1636,1.0
timeout,even_odd,_mult1p0,0,0.0,0,fca6,fca6,True,0,correct,0,True,1636,1.0
timeout,even_odd,_mult1p0,0,0.0,0,fca6,fca6,True,0,correct,0,True,1636,1.0
timeout,even_odd,_mult1p0,0,0.0,0,fca6,fca6,True,0,correct,0,True,1636,1.0
timeout,even_odd,_mult1p0,0,0.0,0,fca6,fca6,True,0,correct,0,True,1636,1.0
timeout,even_odd,_mult1p0,0,0.0,0,fca6,fca6,True,0,correct,0,True,1636,1.0
timeout,even_odd,_mult1p0,0,0.0,0,fca6,fca6,True,0,correct,0,True,1636,1.0
timeout,even_odd,_mult1p0,1,0.0,0,1b95,1b95,True,0,correct,1,True,1636,1.0
timeout,even_odd,_mult1p0,1,0.0,0,1b95,1b95,True,0,correct,1,True,1636,1.0
timeout,even_odd,_mult1p0,1,0.0,0,1b95,1b95,True,0,correct,1,True,1636,1.0
timeout,even_odd,_mult1p0,1,0.0,0,1b95,1b95,True,0,correct,1,True,1636,1.0
timeout,even_odd,_mult1p0,1,0.0,0,1b95,1b95,True,0,correct,1,True,1636,1.0
timeout,even_odd,_mult1p0,1,0.0,0,1b95,1b95,True,0,correct,1,True,1636,1.0
timeout,even_odd,_mult1p0,1,0.0,0,1b95,1b95,True,0,correct,1,True,1636,1.0
timeout,even_odd,_mult1p0,1,0.0,0,1b95,1b95,True,0,correct,1,True,1636,1.0
timeout,even_odd,_mult1p0,1,0.0,0,1b95,1b95,True,0,correct,1,True,1636,1.0
timeout,even_odd,_mult1p0,1,0.0,0,1b95,1b95,True,0,correct,1,True,1636,1.0
timeout,even_odd,_mult1p0,1,0.0,0,1b95,1b95,True,0,correct,1,True,1636,1.0
timeout,even_odd,_mult1p0,1,0.0,0,1b95,1b95,True,0,correct,1,True,1636,1.0
timeout,even_odd,_mult1p0,1,0.0,0,1b95,1b95,True,0,correct,1,True,1636,1.0
timeout,even_odd,_mult1p0,1,0.0,0,1b95,1b95,True,0,correct,1,True,1636,1.0
timeout,even_odd,_mult1p0,1,0.0,0,1b95,1b95,True,0,correct,1,True,1636,1.0
timeout,even_odd,_mult1p0,1,0.0,0,1b95,1b95,True,0,correct,1,True,1636,1.0
timeout,even_odd,_mult1p0,1,0.0,0,1b95,1b95,True,0,correct,1,True,1636,1.0
timeout,even_odd,_mult1p0,1,0.0,0,1b95,1b95,True,0,correct,1,True,1636,1.0
timeout,even_odd,_mult1p0,1,0.0,0,1b95,1b95,True,0,correct,1,True,1636,1.0
timeout,even_odd,_mult1p0,1,0.0,0,1b95,1b95,True,0,correct,1,True,1636,1.0
timeout,even_odd,_mult1p0,1,0.0,0,1b95,1b95,True,0,correct,1,True,1636,1.0
timeout,even_odd,_mult1p0,1,0.0,0,1b95,1b95,True,0,correct,1,True,1636,1.0
timeout,even_odd,_mult1p0,1,0.0,0,1b95,1b95,True,0,correct,1,True,1636,1.0
timeout,even_odd,_mult1p0,1,0.0,0,1b95,1b95,True,0,correct,1,True,1636,1.0
timeout,even_odd,_mult1p0,1,0.0,0,1b95,1b95,True,0,correct,1,True,1636,1.0
timeout,even_odd,_mult1p0,1,0.0,0,1b95,1b95,True,0,correct,1,True,1636,1.0
timeout,even_odd,_mult1p0,1,0.0,0,1b95,1b95,True,0,correct,1,True,1636,1.0
timeout,even_odd,_mult1p0,1,0.0,0,1b95,1b95,True,0,correct,1,True,1636,1.0
timeout,even_odd,_mult1p0,1,0.0,0,1b95,1b95,True,0,correct,1,True,1636,1.0
timeout,even_odd,_mult1p0,1,0.0,0,1b95,1b95,True,0,correct,1,True,1636,1.0
timeout,even_odd,_mult1p0,1,0.0,0,1b95,1b95,True,0,correct,1,True,1636,1.0
timeout,even_odd,_mult1p0,1,0.0,0,1b95,1b95,True,0,correct,1,True,1636,1.0
timeout,even_odd,_mult1p0,1,0.0,0,1b95,1b95,True,0,correct,1,True,1636,1.0
timeout,even_odd,_mult1p0,1,0.0,0,1b95,1b95,True,0,correct,1,True,1636,1.0
timeout,even_odd,_mult1p0,1,0.0,0,1b95,1b95,True,0,correct,1,True,1636,1.0
timeout,even_odd,_mult1p0,1,0.0,0,1b95,1b95,True,0,correct,1,True,1636,1.0
timeout,even_odd,_mult1p0,1,0.0,0,1b95,1b95,True,0,correct,1,True,1636,1.0
timeout,even_odd,_mult1p0,1,0.0,0,1b95,1b95,True,0,correct,1,True,1636,1.0
timeout,even_odd,_mult1p0,1,0.0,0,1b95,1b95,True,0,correct,1,True,1636,1.0
timeout,even_odd,_mult1p0,1,0.0,0,1b95,1b95,True,0,correct,1,True,1636,1.0
timeout,even_odd,_mult1p0,1,0.0,0,1b95,1b95,True,0,correct,1,True,1636,1.0
timeout,even_odd,_mult1p0,1,0.0,0,1b95,1b95,True,0,correct,1,True,1636,1.0
timeout,even_odd,_mult1p0,1,0.0,0,1b95,1b95,True,0,correct,1,True,1636,1.0
timeout,even_odd,_mult1p0,1,0.0,0,1b95,1b95,True,0,correct,1,True,1636,1.0
timeout,even_odd,_mult1p0,1,0.0,0,1b95,1b95,True,0,correct,1,True,1636,1.0
timeout,even_odd,_mult1p0,1,0.0,0,1b95,1b95,True,0,correct,1,True,1636,1.0
timeout,even_odd,_mult1p0,1,0.0,0,1b95,1b95,True,0,correct,1,True,1636,1.0
timeout,even_odd,_mult1p0,1,0.0,0,1b95,1b95,True,0,correct,1,True,1636,1.0
timeout,even_odd,_mult1p0,1,0.0,0,1b95,1b95,True,0,correct,1,True,1636,1.0
timeout,even_odd,_mult1p0,1,0.0,0,1b95,1b95,True,0,correct,1,True,1636,1.0
timeout,even_odd,_mult1p0,1,0.0,0,1b95,1b95,True,0,correct,1,True,1636,1.0
timeout,even_odd,_mult1p0,1,0.0,0,1b95,1b95,True,0,correct,1,True,1636,1.0
timeout,even_odd,_mult1p0,1,0.0,0,1b95,1b95,True,0,correct,1,True,1636,1.0
timeout,even_odd,_mult1p0,1,0.0,0,1b95,1b95,True,0,correct,1,True,1636,1.0
timeout,even_odd,_mult1p0,1,0.0,0,1b95,1b95,True,0,correct,1,True,1636,1.0
timeout,even_odd,_mult1p0,1,0.0,0,1b95,1b95,True,0,correct,1,True,1636,1.0
timeout,even_odd,_mult1p0,1,0.0,0,1b95,1b95,True,0,correct,1,True,1636,1.0
timeout,even_odd,_mult1p0,1,0.0,0,1b95,1b95,True,0,correct,1,True,1636,1.0
timeout,even_odd,_mult1p0,1,0.0,0,1b95,1b95,True,0,correct,1,True,1636,1.0
timeout,even_odd,_mult1p0,1,0.0,0,1b95,1b95,True,0,correct,1,True,1636,1.0
timeout,even_odd,_mult1p0,2,0.0,0,a6b6,a6b6,True,0,correct,2,True,1636,1.0
timeout,even_odd,_mult1p0,2,0.0,0,a6b6,a6b6,True,0,correct,2,True,1636,1.0
timeout,even_odd,_mult1p0,2,0.0,0,a6b6,a6b6,True,0,correct,2,True,1636,1.0
timeout,even_odd,_mult1p0,2,0.0,0,a6b6,a6b6,True,0,correct,2,True,1636,1.0
timeout,even_odd,_mult1p0,2,0.0,0,a6b6,a6b6,True,0,correct,2,True,1636,1.0
timeout,even_odd,_mult1p0,2,0.0,0,a6b6,a6b6,True,0,correct,2,True,1636,1.0
timeout,even_odd,_mult1p0,2,0.0,0,a6b6,a6b6,True,0,correct,2,True,1636,1.0
timeout,even_odd,_mult1p0,2,0.0,0,a6b6,a6b6,True,0,correct,2,True,1636,1.0
timeout,even_odd,_mult1p0,2,0.0,0,a6b6,a6b6,True,0,correct,2,True,1636,1.0
timeout,even_odd,_mult1p0,2,0.0,0,a6b6,a6b6,True,0,correct,2,True,1636,1.0
timeout,even_odd,_mult1p0,2,0.0,0,a6b6,a6b6,True,0,correct,2,True,1636,1.0
timeout,even_odd,_mult1p0,2,0.0,0,a6b6,a6b6,True,0,correct,2,True,1636,1.0
timeout,even_odd,_mult1p0,2,0.0,0,a6b6,a6b6,True,0,correct,2,True,1636,1.0
timeout,even_odd,_mult1p0,2,0.0,0,a6b6,a6b6,True,0,correct,2,True,1636,1.0
timeout,even_odd,_mult1p0,2,0.0,0,a6b6,a6b6,True,0,correct,2,True,1636,1.0
timeout,even_odd,_mult1p0,2,0.0,0,a6b6,a6b6,True,0,correct,2,True,1636,1.0
timeout,even_odd,_mult1p0,2,0.0,0,a6b6,a6b6,True,0,correct,2,True,1636,1.0
timeout,even_odd,_mult1p0,2,0.0,0,a6b6,a6b6,True,0,correct,2,True,1636,1.0
timeout,even_odd,_mult1p0,2,0.0,0,a6b6,a6b6,True,0,correct,2,True,1636,1.0
timeout,even_odd,_mult1p0,2,0.0,0,a6b6,a6b6,True,0,correct,2,True,1636,1.0
timeout,even_odd,_mult1p0,2,0.0,0,a6b6,a6b6,True,0,correct,2,True,1636,1.0
timeout,even_odd,_mult1p0,2,0.0,0,a6b6,a6b6,True,0,correct,2,True,1636,1.0
timeout,even_odd,_mult1p0,2,0.0,0,a6b6,a6b6,True,0,correct,2,True,1636,1.0
timeout,even_odd,_mult1p0,2,0.0,0,a6b6,a6b6,True,0,correct,2,True,1636,1.0
timeout,even_odd,_mult1p0,2,0.0,0,a6b6,a6b6,True,0,correct,2,True,1636,1.0
timeout,even_odd,_mult1p0,2,0.0,0,a6b6,a6b6,True,0,correct,2,True,1636,1.0
timeout,even_odd,_mult1p0,2,0.0,0,a6b6,a6b6,True,0,correct,2,True,1636,1.0
timeout,even_odd,_mult1p0,2,0.0,0,a6b6,a6b6,True,0,correct,2,True,1636,1.0
timeout,even_odd,_mult1p0,2,0.0,0,a6b6,a6b6,True,0,correct,2,True,1636,1.0
timeout,even_odd,_mult1p0,2,0.0,0,a6b6,a6b6,True,0,correct,2,True,1636,1.0
timeout,even_odd,_mult1p0,2,0.0,0,a6b6,a6b6,True,0,correct,2,True,1636,1.0
timeout,even_odd,_mult1p0,2,0.0,0,a6b6,a6b6,True,0,correct,2,True,1636,1.0
timeout,even_odd,_mult1p0,2,0.0,0,a6b6,a6b6,True,0,correct,2,True,1636,1.0
timeout,even_odd,_mult1p0,2,0.0,0,a6b6,a6b6,True,0,correct,2,True,1636,1.0
timeout,even_odd,_mult1p0,2,0.0,0,a6b6,a6b6,True,0,correct,2,True,1636,1.0
timeout,even_odd,_mult1p0,2,0.0,0,a6b6,a6b6,True,0,correct,2,True,1636,1.0
timeout,even_odd,_mult1p0,2,0.0,0,a6b6,a6b6,True,0,correct,2,True,1636,1.0
timeout,even_odd,_mult1p0,2,0.0,0,a6b6,a6b6,True,0,correct,2,True,1636,1.0
timeout,even_odd,_mult1p0,2,0.0,0,a6b6,a6b6,True,0,correct,2,True,1636,1.0
timeout,even_odd,_mult1p0,2,0.0,0,a6b6,a6b6,True,0,correct,2,True,1636,1.0
timeout,even_odd,_mult1p0,2,0.0,0,a6b6,a6b6,True,0,correct,2,True,1636,1.0
timeout,even_odd,_mult1p0,2,0.0,0,a6b6,a6b6,True,0,correct,2,True,1636,1.0
timeout,even_odd,_mult1p0,2,0.0,0,a6b6,a6b6,True,0,correct,2,True,1636,1.0
timeout,even_odd,_mult1p0,2,0.0,0,a6b6,a6b6,True,0,correct,2,True,1636,1.0
timeout,even_odd,_mult1p0,2,0.0,0,a6b6,a6b6,True,0,correct,2,True,1636,1.0
timeout,even_odd,_mult1p0,2,0.0,0,a6b6,a6b6,True,0,correct,2,True,1636,1.0
timeout,even_odd,_mult1p0,2,0.0,0,a6b6,a6b6,True,0,correct,2,True,1636,1.0
timeout,even_odd,_mult1p0,2,0.0,0,a6b6,a6b6,True,0,correct,2,True,1636,1.0
timeout,even_odd,_mult1p0,2,0.0,0,a6b6,a6b6,True,0,correct,2,True,1636,1.0
timeout,even_odd,_mult1p0,2,0.0,0,a6b6,a6b6,True,0,correct,2,True,1636,1.0
timeout,even_odd,_mult1p0,2,0.0,0,a6b6,a6b6,True,0,correct,2,True,1636,1.0
timeout,even_odd,_mult1p0,2,0.0,0,a6b6,a6b6,True,0,correct,2,True,1636,1.0
timeout,even_odd,_mult1p0,2,0.0,0,a6b6,a6b6,True,0,correct,2,True,1636,1.0
timeout,even_odd,_mult1p0,2,0.0,0,a6b6,a6b6,True,0,correct,2,True,1636,1.0
timeout,even_odd,_mult1p0,2,0.0,0,a6b6,a6b6,True,0,correct,2,True,1636,1.0
timeout,even_odd,_mult1p0,2,0.0,0,a6b6,a6b6,True,0,correct,2,True,1636,1.0
timeout,even_odd,_mult1p0,2,0.0,0,a6b6,a6b6,True,0,correct,2,True,1636,1.0
timeout,even_odd,_mult1p0,2,0.0,0,a6b6,a6b6,True,0,correct,2,True,1636,1.0
timeout,even_odd,_mult1p0,2,0.0,0,a6b6,a6b6,True,0,correct,2,True,1636,1.0
timeout,even_odd,_mult1p0,2,0.0,0,a6b6,a6b6,True,0,correct,2,True,1636,1.0
timeout,even_odd,_mult1p0,3,0.0,0,bd07,bd07,True,0,correct,3,True,1636,1.0
timeout,even_odd,_mult1p0,3,0.0,0,bd07,bd07,True,0,correct,3,True,1636,1.0
timeout,even_odd,_mult1p0,3,0.0,0,bd07,bd07,True,0,correct,3,True,1636,1.0
timeout,even_odd,_mult1p0,3,0.0,0,bd07,bd07,True,0,correct,3,True,1636,1.0
timeout,even_odd,_mult1p0,3,0.0,0,bd07,bd07,True,0,correct,3,True,1636,1.0
timeout,even_odd,_mult1p0,3,0.0,0,bd07,bd07,True,0,correct,3,True,1636,1.0
timeout,even_odd,_mult1p0,3,0.0,0,bd07,bd07,True,0,correct,3,True,1636,1.0
timeout,even_odd,_mult1p0,3,0.0,0,bd07,bd07,True,0,correct,3,True,1636,1.0
timeout,even_odd,_mult1p0,3,0.0,0,bd07,bd07,True,0,correct,3,True,1636,1.0
timeout,even_odd,_mult1p0,3,0.0,0,bd07,bd07,True,0,correct,3,True,1636,1.0
timeout,even_odd,_mult1p0,3,0.0,0,bd07,bd07,True,0,correct,3,True,1636,1.0
timeout,even_odd,_mult1p0,3,0.0,0,bd07,bd07,True,0,correct,3,True,1636,1.0
timeout,even_odd,_mult1p0,3,0.0,0,bd07,bd07,True,0,correct,3,True,1636,1.0
timeout,even_odd,_mult1p0,3,0.0,0,bd07,bd07,True,0,correct,3,True,1636,1.0
timeout,even_odd,_mult1p0,3,0.0,0,bd07,bd07,True,0,correct,3,True,1636,1.0
timeout,even_odd,_mult1p0,3,0.0,0,bd07,bd07,True,0,correct,3,True,1636,1.0
timeout,even_odd,_mult1p0,3,0.0,0,bd07,bd07,True,0,correct,3,True,1636,1.0
timeout,even_odd,_mult1p0,3,0.0,0,bd07,bd07,True,0,correct,3,True,1636,1.0
timeout,even_odd,_mult1p0,3,0.0,0,bd07,bd07,True,0,correct,3,True,1636,1.0
timeout,even_odd,_mult1p0,3,0.0,0,bd07,bd07,True,0,correct,3,True,1636,1.0
timeout,even_odd,_mult1p0,3,0.0,0,bd07,bd07,True,0,correct,3,True,1636,1.0
timeout,even_odd,_mult1p0,3,0.0,0,bd07,bd07,True,0,correct,3,True,1636,1.0
timeout,even_odd,_mult1p0,3,0.0,0,bd07,bd07,True,0,correct,3,True,1636,1.0
timeout,even_odd,_mult1p0,3,0.0,0,bd07,bd07,True,0,correct,3,True,1636,1.0
timeout,even_odd,_mult1p0,3,0.0,0,bd07,bd07,True,0,correct,3,True,1636,1.0
timeout,even_odd,_mult1p0,3,0.0,0,bd07,bd07,True,0,correct,3,True,1636,1.0
timeout,even_odd,_mult1p0,3,0.0,0,bd07,bd07,True,0,correct,3,True,1636,1.0
timeout,even_odd,_mult1p0,3,0.0,0,bd07,bd07,True,0,correct,3,True,1636,1.0
timeout,even_odd,_mult1p0,3,0.0,0,bd07,bd07,True,0,correct,3,True,1636,1.0
timeout,even_odd,_mult1p0,3,0.0,0,bd07,bd07,True,0,correct,3,True,1636,1.0
timeout,even_odd,_mult1p0,3,0.0,0,bd07,bd07,True,0,correct,3,True,1636,1.0
timeout,even_odd,_mult1p0,3,0.0,0,bd07,bd07,True,0,correct,3,True,1636,1.0
timeout,even_odd,_mult1p0,3,0.0,0,bd07,bd07,True,0,correct,3,True,1636,1.0
timeout,even_odd,_mult1p0,3,0.0,0,bd07,bd07,True,0,correct,3,True,1636,1.0
timeout,even_odd,_mult1p0,3,0.0,0,bd07,bd07,True,0,correct,3,True,1636,1.0
timeout,even_odd,_mult1p0,3,0.0,0,bd07,bd07,True,0,correct,3,True,1636,1.0
timeout,even_odd,_mult1p0,3,0.0,0,bd07,bd07,True,0,correct,3,True,1636,1.0
timeout,even_odd,_mult1p0,3,0.0,0,bd07,bd07,True,0,correct,3,True,1636,1.0
timeout,even_odd,_mult1p0,3,0.0,0,bd07,bd07,True,0,correct,3,True,1636,1.0
timeout,even_odd,_mult1p0,3,0.0,0,bd07,bd07,True,0,correct,3,True,1636,1.0
timeout,even_odd,_mult1p0,3,0.0,0,bd07,bd07,True,0,correct,3,True,1636,1.0
timeout,even_odd,_mult1p0,3,0.0,0,bd07,bd07,True,0,correct,3,True,1636,1.0
timeout,even_odd,_mult1p0,3,0.0,0,bd07,bd07,True,0,correct,3,True,1636,1.0
timeout,even_odd,_mult1p0,3,0.0,0,bd07,bd07,True,0,correct,3,True,1636,1.0
timeout,even_odd,_mult1p0,3,0.0,0,bd07,bd07,True,0,correct,3,True,1636,1.0
timeout,even_odd,_mult1p0,3,0.0,0,bd07,bd07,True,0,correct,3,True,1636,1.0
timeout,even_odd,_mult1p0,3,0.0,0,bd07,bd07,True,0,correct,3,True,1636,1.0
timeout,even_odd,_mult1p0,3,0.0,0,bd07,bd07,True,0,correct,3,True,1636,1.0
timeout,even_odd,_mult1p0,3,0.0,0,bd07,bd07,True,0,correct,3,True,1636,1.0
timeout,even_odd,_mult1p0,3,0.0,0,bd07,bd07,True,0,correct,3,True,1636,1.0
timeout,even_odd,_mult1p0,3,0.0,0,bd07,bd07,True,0,correct,3,True,1636,1.0
timeout,even_odd,_mult1p0,3,0.0,0,bd07,bd07,True,0,correct,3,True,1636,1.0
timeout,even_odd,_mult1p0,3,0.0,0,bd07,bd07,True,0,correct,3,True,1636,1.0
timeout,even_odd,_mult1p0,3,0.0,0,bd07,bd07,True,0,correct,3,True,1636,1.0
timeout,even_odd,_mult1p0,3,0.0,0,bd07,bd07,True,0,correct,3,True,1636,1.0
timeout,even_odd,_mult1p0,3,0.0,0,bd07,bd07,True,0,correct,3,True,1636,1.0
timeout,even_odd,_mult1p0,3,0.0,0,bd07,bd07,True,0,correct,3,True,1636,1.0
timeout,even_odd,_mult1p0,3,0.0,0,bd07,bd07,True,0,correct,3,True,1636,1.0
timeout,even_odd,_mult1p0,3,0.0,0,bd07,bd07,True,0,correct,3,True,1636,1.0
timeout,even_odd,_mult1p0,3,0.0,0,bd07,bd07,True,0,correct,3,True,1636,1.0
timeout,even_odd,_mult1p0,0,0.15,3,faae,fca6,True,25,correct,0,True,1636,1.0
timeout,even_odd,_mult1p0,0,0.15,1,fea6,fca6,True,25,correct,0,True,1636,1.0
timeout,even_odd,_mult1p0,0,0.15,1,fca2,fca6,True,11,correct,0,True,1636,1.0
timeout,even_odd,_mult1p0,0,0.15,3,f884,fca6,True,45,correct,0,True,1636,1.0
timeout,even_odd,_mult1p0,0,0.15,3,f0a2,fca6,True,25,correct,0,True,1636,1.0
timeout,even_odd,_mult1p0,0,0.15,2,f886,fca6,True,25,correct,0,True,1636,1.0
timeout,even_odd,_mult1p0,0,0.15,2,f8a2,fca6,True,11,correct,0,True,1636,1.0
timeout,even_odd,_mult1p0,0,0.15,2,fcac,fca6,True,25,correct,0,True,1636,1.0
timeout,even_odd,_mult1p0,0,0.15,1,dca6,fca6,True,25,correct,0,True,1636,1.0
timeout,even_odd,_mult1p0,0,0.15,5,dc0a,fd4b,True,35,spurious,-1,False,1636,1.0
timeout,even_odd,_mult1p0,0,0.15,2,fea4,fca6,True,25,correct,0,True,1636,1.0
timeout,even_odd,_mult1p0,0,0.15,4,788e,fca6,True,45,correct,0,True,1636,1.0
timeout,even_odd,_mult1p0,0,0.15,2,f5a6,fca6,True,25,correct,0,True,1636,1.0
timeout,even_odd,_mult1p0,0,0.15,2,fc84,fca6,True,25,correct,0,True,1636,1.0
timeout,even_odd,_mult1p0,0,0.15,5,f0b0,fca6,True,45,correct,0,True,1636,1.0
timeout,even_odd,_mult1p0,0,0.15,5,3df6,fca6,True,35,correct,0,True,1636,1.0
timeout,even_odd,_mult1p0,0,0.15,4,7c0e,fd4b,True,45,spurious,-1,False,1636,1.0
timeout,even_odd,_mult1p0,0,0.15,3,bcb7,fca6,True,11,correct,0,True,1636,1.0
timeout,even_odd,_mult1p0,0,0.15,2,fea2,fca6,True,25,correct,0,True,1636,1.0
timeout,even_odd,_mult1p0,0,0.15,4,cda2,fca6,True,25,correct,0,True,1636,1.0
timeout,even_odd,_mult1p0,0,0.15,1,f8a6,fca6,True,11,correct,0,True,1636,1.0
timeout,even_odd,_mult1p0,0,0.15,6,2cab,fca6,True,45,correct,0,True,1636,1.0
timeout,even_odd,_mult1p0,0,0.15,2,f426,fca6,True,25,correct,0,True,1636,1.0
timeout,even_odd,_mult1p0,0,0.15,2,ece6,fca6,True,11,correct,0,True,1636,1.0
timeout,even_odd,_mult1p0,0,0.15,3,f9a2,fca6,True,11,correct,0,True,1636,1.0
timeout,even_odd,_mult1p0,0,0.15,4,6ce2,fca6,True,35,correct,0,True,1636,1.0
timeout,even_odd,_mult1p0,0,0.15,3,eea2,fca6,True,35,correct,0,True,1636,1.0
timeout,even_odd,_mult1p0,0,0.15,0,fca6,fca6,True,0,correct,0,True,1636,1.0
timeout,even_odd,_mult1p0,0,0.15,4,f4e5,fca6,True,25,correct,0,True,1636,1.0
timeout,even_odd,_mult1p0,0,0.15,2,feb6,fca6,True,25,correct,0,True,1636,1.0
timeout,even_odd,_mult1p0,0,0.15,3,94a6,fca6,True,45,correct,0,True,1636,1.0
timeout,even_odd,_mult1p0,0,0.15,0,fca6,fca6,True,0,correct,0,True,1636,1.0
timeout,even_odd,_mult1p0,0,0.15,1,fca7,fca6,True,11,correct,0,True,1636,1.0
timeout,even_odd,_mult1p0,0,0.15,1,dca6,fca6,True,25,correct,0,True,1636,1.0
timeout,even_odd,_mult1p0,0,0.15,1,f8a6,fca6,True,11,correct,0,True,1636,1.0
timeout,even_odd,_mult1p0,0,0.15,2,fc06,bd07,True,21,wrong_pattern,3,False,1636,1.0
timeout,even_odd,_mult1p0,0,0.15,4,acac,fca6,True,45,correct,0,True,1636,1.0
timeout,even_odd,_mult1p0,0,0.15,2,eda6,fca6,True,11,correct,0,True,1636,1.0
timeout,even_odd,_mult1p0,0,0.15,3,f4b7,fca6,True,49,correct,0,True,1636,1.0
timeout,even_odd,_mult1p0,0,0.15,1,fea6,fca6,True,25,correct,0,True,1636,1.0
timeout,even_odd,_mult1p0,0,0.15,1,dca6,fca6,True,25,correct,0,True,1636,1.0
timeout,even_odd,_mult1p0,0,0.15,5,64e7,fca6,True,35,correct,0,True,1636,1.0
timeout,even_odd,_mult1p0,0,0.15,1,fcae,fca6,True,25,correct,0,True,1636,1.0
timeout,even_odd,_mult1p0,0,0.15,5,e4a8,fc6a,True,35,spurious,-1,False,1636,1.0
timeout,even_odd,_mult1p0,0,0.15,4,f807,bd07,True,11,wrong_pattern,3,False,1636,1.0
timeout,even_odd,_mult1p0,0,0.15,1,fc26,fca6,True,25,correct,0,True,1636,1.0
timeout,even_odd,_mult1p0,0,0.15,2,7c86,fca6,True,25,correct,0,True,1636,1.0
timeout,even_odd,_mult1p0,0,0.15,2,fc06,bd07,True,21,wrong_pattern,3,False,1636,1.0
timeout,even_odd,_mult1p0,0,0.15,2,fda4,fca6,True,25,correct,0,True,1636,1.0
timeout,even_odd,_mult1p0,0,0.15,2,dcae,fca6,True,25,correct,0,True,1636,1.0
timeout,even_odd,_mult1p0,0,0.15,5,e786,a6b6,True,55,wrong_pattern,2,False,1636,1.0
timeout,even_odd,_mult1p0,0,0.15,3,7de6,fca6,True,25,correct,0,True,1636,1.0
timeout,even_odd,_mult1p0,0,0.15,1,eca6,fca6,True,11,correct,0,True,1636,1.0
timeout,even_odd,_mult1p0,0,0.15,2,cca6,fca6,True,25,correct,0,True,1636,1.0
timeout,even_odd,_mult1p0,0,0.15,2,6ca6,fca6,True,25,correct,0,True,1636,1.0
timeout,even_odd,_mult1p0,0,0.15,1,fc26,fca6,True,25,correct,0,True,1636,1.0
timeout,even_odd,_mult1p0,0,0.15,5,dcca,fc6a,True,25,spurious,-1,False,1636,1.0
timeout,even_odd,_mult1p0,0,0.15,2,dce6,fca6,True,25,correct,0,True,1636,1.0
timeout,even_odd,_mult1p0,0,0.15,0,fca6,fca6,True,0,correct,0,True,1636,1.0
timeout,even_odd,_mult1p0,0,0.15,1,f8a6,fca6,True,11,correct,0,True,1636,1.0
timeout,even_odd,_mult1p0,1,0.15,2,db95,1905,True,35,spurious,-1,False,1636,1.0
timeout,even_odd,_mult1p0,1,0.15,3,19f5,58a4,True,11,spurious,-1,False,1636,1.0
timeout,even_odd,_mult1p0,1,0.15,1,1995,1905,True,45,spurious,-1,False,1636,1.0
timeout,even_odd,_mult1p0,1,0.15,3,4bb5,58a4,True,55,spurious,-1,False,1636,1.0
timeout,even_odd,_mult1p0,1,0.15,1,3b95,1b95,True,25,correct,1,True,1636,1.0
timeout,even_odd,_mult1p0,1,0.15,3,5a97,58a4,True,35,spurious,-1,False,1636,1.0
timeout,even_odd,_mult1p0,1,0.15,1,1995,1905,True,45,spurious,-1,False,1636,1.0
timeout,even_odd,_mult1p0,1,0.15,3,db94,58a4,True,35,spurious,-1,False,1636,1.0
timeout,even_odd,_mult1p0,1,0.15,4,3b98,2b4,True,45,spurious,-1,False,1636,1.0
timeout,even_odd,_mult1p0,1,0.15,0,1b95,1b95,True,0,correct,1,True,1636,1.0
timeout,even_odd,_mult1p0,1,0.15,2,1bd4,2b4,True,35,spurious,-1,False,1636,1.0
timeout,even_odd,_mult1p0,1,0.15,1,1b15,1b95,True,25,correct,1,True,1636,1.0
timeout,even_odd,_mult1p0,1,0.15,3,1791,395,True,11,spurious,-1,False,1636,1.0
timeout,even_odd,_mult1p0,1,0.15,3,1a8d,58a4,True,59,spurious,-1,False,1636,1.0
timeout,even_odd,_mult1p0,1,0.15,3,1387,395,True,45,spurious,-1,False,1636,1.0
timeout,even_odd,_mult1p0,1,0.15,3,1add,2b4,True,45,spurious,-1,False,1636,1.0
timeout,even_odd,_mult1p0,1,0.15,4,138f,395,True,49,spurious,-1,False,1636,1.0
timeout,even_odd,_mult1p0,1,0.15,5,1f5,2b4,True,83,spurious,-1,False,1636,1.0
timeout,even_odd,_mult1p0,1,0.15,0,1b95,1b95,True,0,correct,1,True,1636,1.0
timeout,even_odd,_mult1p0,1,0.15,4,1d99,1905,True,35,spurious,-1,False,1636,1.0
timeout,even_odd,_mult1p0,1,0.15,1,1b85,1b95,True,11,correct,1,True,1636,1.0
timeout,even_odd,_mult1p0,1,0.15,2,1b9c,2b4,True,35,spurious,-1,False,1636,1.0
timeout,even_odd,_mult1p0,1,0.15,3,fb5,58a4,True,55,spurious,-1,False,1636,1.0
timeout,even_odd,_mult1p0,1,0.15,0,1b95,1b95,True,0,correct,1,True,1636,1.0
timeout,even_odd,_mult1p0,1,0.15,0,1b95,1b95,True,0,correct,1,True,1636,1.0
timeout,even_odd,_mult1p0,1,0.15,1,1395,395,True,11,spurious,-1,False,1636,1.0
timeout,even_odd,_mult1p0,1,0.15,3,3b93,a797,True,69,spurious,-1,False,1636,1.0
timeout,even_odd,_mult1p0,1,0.15,1,1bb5,58a4,True,51,spurious,-1,False,1636,1.0
timeout,even_odd,_mult1p0,1,0.15,0,1b95,1b95,True,0,correct,1,True,1636,1.0
timeout,even_odd,_mult1p0,1,0.15,4,7fb5,58a4,True,45,spurious,-1,False,1636,1.0
timeout,even_odd,_mult1p0,1,0.15,3,1791,395,True,11,spurious,-1,False,1636,1.0
timeout,even_odd,_mult1p0,1,0.15,1,5b95,1b95,True,21,correct,1,True,1636,1.0
timeout,even_odd,_mult1p0,1,0.15,5,ab05,bf97,True,45,spurious,-1,False,1636,1.0
timeout,even_odd,_mult1p0,1,0.15,4,1615,395,True,45,spurious,-1,False,1636,1.0
timeout,even_odd,_mult1p0,1,0.15,6,ebb4,fca6,True,65,wrong_pattern,0,False,1636,1.0
timeout,even_odd,_mult1p0,1,0.15,2,1b55,395,True,35,spurious,-1,False,1636,1.0
timeout,even_odd,_mult1p0,1,0.15,3,bf95,bf97,True,25,spurious,-1,False,1636,1.0
timeout,even_odd,_mult1p0,1,0.15,3,1c95,58a4,True,45,spurious,-1,False,1636,1.0
timeout,even_odd,_mult1p0,1,0.15,2,1fd5,1b95,True,21,correct,1,True,1636,1.0
timeout,even_odd,_mult1p0,1,0.15,3,1bf1,2b4,True,69,spurious,-1,False,1636,1.0
timeout,even_odd,_mult1p0,1,0.15,2,1a9d,2b4,True,35,spurious,-1,False,1636,1.0
timeout,even_odd,_mult1p0,1,0.15,3,1a14,58a4,True,93,spurious,-1,False,1636,1.0
timeout,even_odd,_mult1p0,1,0.15,2,1bb1,2b4,True,35,spurious,-1,False,1636,1.0
timeout,even_odd,_mult1p0,1,0.15,2,1b17,1b95,True,25,correct,1,True,1636,1.0
timeout,even_odd,_mult1p0,1,0.15,2,13b5,2b4,True,11,spurious,-1,False,1636,1.0
timeout,even_odd,_mult1p0,1,0.15,6,8ffd,2b4,True,45,spurious,-1,False,1636,1.0
timeout,even_odd,_mult1p0,1,0.15,4,4394,2b4,True,35,spurious,-1,False,1636,1.0
timeout,even_odd,_mult1p0,1,0.15,5,3755,359,True,45,spurious,-1,False,1636,1.0
timeout,even_odd,_mult1p0,1,0.15,3,9bc5,1b95,True,45,correct,1,True,1636,1.0
timeout,even_odd,_mult1p0,1,0.15,2,5b94,58a4,True,35,spurious,-1,False,1636,1.0
timeout,even_odd,_mult1p0,1,0.15,1,1395,395,True,11,spurious,-1,False,1636,1.0
timeout,even_odd,_mult1p0,1,0.15,1,1bd5,1b95,True,21,correct,1,True,1636,1.0
timeout,even_odd,_mult1p0,1,0.15,1,5b95,1b95,True,21,correct,1,True,1636,1.0
timeout,even_odd,_mult1p0,1,0.15,5,38f5,58a4,True,35,spurious,-1,False,1636,1.0
timeout,even_odd,_mult1p0,1,0.15,2,1915,1905,True,11,spurious,-1,False,1636,1.0
timeout,even_odd,_mult1p0,1,0.15,1,5b95,1b95,True,21,correct,1,True,1636,1.0
timeout,even_odd,_mult1p0,1,0.15,3,1b25,1b95,True,45,correct,1,True,1636,1.0
timeout,even_odd,_mult1p0,1,0.15,2,1397,395,True,45,spurious,-1,False,1636,1.0
timeout,even_odd,_mult1p0,1,0.15,4,f995,bd07,True,45,wrong_pattern,3,False,1636,1.0
timeout,even_odd,_mult1p0,1,0.15,2,9395,395,True,45,spurious,-1,False,1636,1.0
timeout,even_odd,_mult1p0,2,0.15,3,a3b4,a6b6,True,45,correct,2,True,1636,1.0
timeout,even_odd,_mult1p0,2,0.15,3,acb7,fca6,True,21,wrong_pattern,0,False,1636,1.0
timeout,even_odd,_mult1p0,2,0.15,3,6eb6,fca6,True,55,wrong_pattern,0,False,1636,1.0
timeout,even_odd,_mult1p0,2,0.15,1,a7b6,a6b6,True,11,correct,2,True,1636,1.0
timeout,even_odd,_mult1p0,2,0.15,2,a796,a6b6,True,35,correct,2,True,1636,1.0
timeout,even_odd,_mult1p0,2,0.15,0,a6b6,a6b6,True,0,correct,2,True,1636,1.0
timeout,even_odd,_mult1p0,2,0.15,2,a4b4,fca6,True,45,wrong_pattern,0,False,1636,1.0
timeout,even_odd,_mult1p0,2,0.15,0,a6b6,a6b6,True,0,correct,2,True,1636,1.0
timeout,even_odd,_mult1p0,2,0.15,5,8477,a732,False,1636,oscillated,-1,False,1636,1.0
timeout,even_odd,_mult1p0,2,0.15,2,a2a6,a6b6,True,21,correct,2,True,1636,1.0
timeout,even_odd,_mult1p0,2,0.15,1,aeb6,fca6,True,55,wrong_pattern,0,False,1636,1.0
timeout,even_odd,_mult1p0,2,0.15,1,b6b6,a6b6,True,11,correct,2,True,1636,1.0
timeout,even_odd,_mult1p0,2,0.15,0,a6b6,a6b6,True,0,correct,2,True,1636,1.0
timeout,even_odd,_mult1p0,2,0.15,3,b697,a6b6,True,45,correct,2,True,1636,1.0
timeout,even_odd,_mult1p0,2,0.15,3,66a6,fca6,True,69,wrong_pattern,0,False,1636,1.0
timeout,even_odd,_mult1p0,2,0.15,1,a6f6,a6b6,True,11,correct,2,True,1636,1.0
timeout,even_odd,_mult1p0,2,0.15,4,a6fd,e6fa,True,51,spurious,-1,False,1636,1.0
timeout,even_odd,_mult1p0,2,0.15,2,a7be,a6b6,True,25,correct,2,True,1636,1.0
timeout,even_odd,_mult1p0,2,0.15,0,a6b6,a6b6,True,0,correct,2,True,1636,1.0
timeout,even_odd,_mult1p0,2,0.15,1,a6be,a6b6,True,25,correct,2,True,1636,1.0
timeout,even_odd,_mult1p0,2,0.15,2,aea6,fca6,True,45,wrong_pattern,0,False,1636,1.0
timeout,even_odd,_mult1p0,2,0.15,4,adb4,fca6,True,45,wrong_pattern,0,False,1636,1.0
timeout,even_odd,_mult1p0,2,0.15,2,b6b4,a6b6,True,45,correct,2,True,1636,1.0
timeout,even_odd,_mult1p0,2,0.15,3,8ea6,fca6,True,45,wrong_pattern,0,False,1636,1.0
timeout,even_odd,_mult1p0,2,0.15,2,b696,a6b6,True,45,correct,2,True,1636,1.0
timeout,even_odd,_mult1p0,2,0.15,2,26b7,a6b6,True,25,correct,2,True,1636,1.0
timeout,even_odd,_mult1p0,2,0.15,0,a6b6,a6b6,True,0,correct,2,True,1636,1.0
timeout,even_odd,_mult1p0,2,0.15,1,a4b6,fca6,True,45,wrong_pattern,0,False,1636,1.0
timeout,even_odd,_mult1p0,2,0.15,4,8286,a6b6,True,45,correct,2,True,1636,1.0
timeout,even_odd,_mult1p0,2,0.15,4,69e,2b4,True,45,spurious,-1,False,1636,1.0
timeout,even_odd,_mult1p0,2,0.15,2,eeb6,fca6,True,55,wrong_pattern,0,False,1636,1.0
timeout,even_odd,_mult1p0,2,0.15,3,b436,fca6,True,59,wrong_pattern,0,False,1636,1.0
timeout,even_odd,_mult1p0,2,0.15,2,a6a2,a6b6,True,21,correct,2,True,1636,1.0
timeout,even_odd,_mult1p0,2,0.15,1,a6b4,a6b6,True,25,correct,2,True,1636,1.0
timeout,even_odd,_mult1p0,2,0.15,1,a6b7,a6b6,True,11,correct,2,True,1636,1.0
timeout,even_odd,_mult1p0,2,0.15,2,a6fe,e6fa,True,21,spurious,-1,False,1636,1.0
timeout,even_odd,_mult1p0,2,0.15,1,a696,a6b6,True,25,correct,2,True,1636,1.0
timeout,even_odd,_mult1p0,2,0.15,2,aab6,fca6,True,55,wrong_pattern,0,False,1636,1.0
timeout,even_odd,_mult1p0,2,0.15,2,a6ba,e6fa,True,21,spurious,-1,False,1636,1.0
timeout,even_odd,_mult1p0,2,0.15,4,e36,58a4,True,89,spurious,-1,False,1636,1.0
timeout,even_odd,_mult1p0,2,0.15,3,25b6,a6b6,True,35,correct,2,True,1636,1.0
timeout,even_odd,_mult1p0,2,0.15,3,a7ae,a6b6,True,25,correct,2,True,1636,1.0
timeout,even_odd,_mult1p0,2,0.15,4,2276,e6fa,True,45,spurious,-1,False,1636,1.0
timeout,even_odd,_mult1p0,2,0.15,5,a70e,a75b,True,11,spurious,-1,False,1636,1.0
timeout,even_odd,_mult1p0,2,0.15,5,25e6,fca6,True,45,wrong_pattern,0,False,1636,1.0
timeout,even_odd,_mult1p0,2,0.15,0,a6b6,a6b6,True,0,correct,2,True,1636,1.0
timeout,even_odd,_mult1p0,2,0.15,1,a6b7,a6b6,True,11,correct,2,True,1636,1.0
timeout,even_odd,_mult1p0,2,0.15,4,afba,a6b6,True,69,correct,2,True,1636,1.0
timeout,even_odd,_mult1p0,2,0.15,3,ae34,fca6,True,89,wrong_pattern,0,False,1636,1.0
timeout,even_odd,_mult1p0,2,0.15,2,26b7,a6b6,True,25,correct,2,True,1636,1.0
timeout,even_odd,_mult1p0,2,0.15,4,efb7,fca6,True,55,wrong_pattern,0,False,1636,1.0
timeout,even_odd,_mult1p0,2,0.15,3,8692,a6b6,True,25,correct,2,True,1636,1.0
timeout,even_odd,_mult1p0,2,0.15,1,a6b2,a6b6,True,11,correct,2,True,1636,1.0
timeout,even_odd,_mult1p0,2,0.15,6,deb3,fca6,True,25,wrong_pattern,0,False,1636,1.0
timeout,even_odd,_mult1p0,2,0.15,2,e6be,e6fa,True,21,spurious,-1,False,1636,1.0
timeout,even_odd,_mult1p0,2,0.15,2,66b6,a6b6,True,25,correct,2,True,1636,1.0
timeout,even_odd,_mult1p0,2,0.15,1,e6b6,a6b6,True,11,correct,2,True,1636,1.0
timeout,even_odd,_mult1p0,2,0.15,2,e2b6,a6b6,True,11,correct,2,True,1636,1.0
timeout,even_odd,_mult1p0,2,0.15,4,be26,fca6,True,35,wrong_pattern,0,False,1636,1.0
timeout,even_odd,_mult1p0,2,0.15,3,32b6,a6b6,True,45,correct,2,True,1636,1.0
timeout,even_odd,_mult1p0,3,0.15,3,f503,fd4b,True,69,spurious,-1,False,1636,1.0
timeout,even_odd,_mult1p0,3,0.15,2,9907,bd07,True,45,correct,3,True,1636,1.0
timeout,even_odd,_mult1p0,3,0.15,2,3d47,bd07,True,25,correct,3,True,1636,1.0
timeout,even_odd,_mult1p0,3,0.15,2,bd26,fca6,True,59,wrong_pattern,0,False,1636,1.0
timeout,even_odd,_mult1p0,3,0.15,4,7f05,1905,True,69,spurious,-1,False,1636,1.0
timeout,even_odd,_mult1p0,3,0.15,2,bd45,bd07,True,25,correct,3,True,1636,1.0
timeout,even_odd,_mult1p0,3,0.15,1,bd06,bd07,True,11,correct,3,True,1636,1.0
timeout,even_odd,_mult1p0,3,0.15,2,bb07,bf97,True,45,spurious,-1,False,1636,1.0
timeout,even_odd,_mult1p0,3,0.15,2,7d07,bd07,True,25,correct,3,True,1636,1.0
timeout,even_odd,_mult1p0,3,0.15,2,b903,bd07,True,11,correct,3,True,1636,1.0
timeout,even_odd,_mult1p0,3,0.15,1,bd06,bd07,True,11,correct,3,True,1636,1.0
timeout,even_odd,_mult1p0,3,0.15,4,bda4,fca6,True,25,wrong_pattern,0,False,1636,1.0
timeout,even_odd,_mult1p0,3,0.15,2,fd47,bd07,True,21,correct,3,True,1636,1.0
timeout,even_odd,_mult1p0,3,0.15,4,9d11,1905,True,45,spurious,-1,False,1636,1.0
timeout,even_odd,_mult1p0,3,0.15,1,bd05,bd07,True,25,correct,3,True,1636,1.0
timeout,even_odd,_mult1p0,3,0.15,1,bd27,bd07,True,25,correct,3,True,1636,1.0
timeout,even_odd,_mult1p0,3,0.15,1,bd06,bd07,True,11,correct,3,True,1636,1.0
timeout,even_odd,_mult1p0,3,0.15,3,bc45,bd07,True,25,correct,3,True,1636,1.0
timeout,even_odd,_mult1p0,3,0.15,3,3987,bd07,True,45,correct,3,True,1636,1.0
timeout,even_odd,_mult1p0,3,0.15,5,db47,bd07,True,69,correct,3,True,1636,1.0
timeout,even_odd,_mult1p0,3,0.15,3,9903,bd07,True,45,correct,3,True,1636,1.0
timeout,even_odd,_mult1p0,3,0.15,3,b904,bd07,True,45,correct,3,True,1636,1.0
timeout,even_odd,_mult1p0,3,0.15,2,fd05,bd07,True,25,correct,3,True,1636,1.0
timeout,even_odd,_mult1p0,3,0.15,3,2d0f,fd4b,True,45,spurious,-1,False,1636,1.0
timeout,even_odd,_mult1p0,3,0.15,5,b383,a797,True,11,spurious,-1,False,1636,1.0
timeout,even_odd,_mult1p0,3,0.15,2,ac07,bd07,True,11,correct,3,True,1636,1.0
timeout,even_odd,_mult1p0,3,0.15,4,af1f,a75b,True,35,spurious,-1,False,1636,1.0
timeout,even_odd,_mult1p0,3,0.15,3,b703,a75b,True,45,spurious,-1,False,1636,1.0
timeout,even_odd,_mult1p0,3,0.15,3,dd06,bd07,True,35,correct,3,True,1636,1.0
timeout,even_odd,_mult1p0,3,0.15,4,3e06,fca6,True,69,wrong_pattern,0,False,1636,1.0
timeout,even_odd,_mult1p0,3,0.15,1,bd27,bd07,True,25,correct,3,True,1636,1.0
timeout,even_odd,_mult1p0,3,0.15,3,b447,a75b,True,45,spurious,-1,False,1636,1.0
timeout,even_odd,_mult1p0,3,0.15,2,b587,a797,True,55,spurious,-1,False,1636,1.0
timeout,even_odd,_mult1p0,3,0.15,3,bf45,bf97,True,45,spurious,-1,False,1636,1.0
timeout,even_odd,_mult1p0,3,0.15,3,a927,bd07,True,25,correct,3,True,1636,1.0
timeout,even_odd,_mult1p0,3,0.15,2,bd0e,fd4b,True,51,spurious,-1,False,1636,1.0
timeout,even_odd,_mult1p0,3,0.15,1,fd07,bd07,True,11,correct,3,True,1636,1.0
timeout,even_odd,_mult1p0,3,0.15,4,ac16,bd07,True,11,correct,3,True,1636,1.0
timeout,even_odd,_mult1p0,3,0.15,4,3717,a797,True,45,spurious,-1,False,1636,1.0
timeout,even_odd,_mult1p0,3,0.15,1,bf07,bf97,True,45,spurious,-1,False,1636,1.0
timeout,even_odd,_mult1p0,3,0.15,4,fdd7,bd07,True,25,correct,3,True,1636,1.0
timeout,even_odd,_mult1p0,3,0.15,1,bd17,bd07,True,11,correct,3,True,1636,1.0
timeout,even_odd,_mult1p0,3,0.15,7,85e3,fca6,True,55,wrong_pattern,0,False,1636,1.0
timeout,even_odd,_mult1p0,3,0.15,3,b985,bd07,True,45,correct,3,True,1636,1.0
timeout,even_odd,_mult1p0,3,0.15,3,b703,a75b,True,45,spurious,-1,False,1636,1.0
timeout,even_odd,_mult1p0,3,0.15,3,bda5,fca6,True,45,wrong_pattern,0,False,1636,1.0
timeout,even_odd,_mult1p0,3,0.15,0,bd07,bd07,True,0,correct,3,True,1636,1.0
timeout,even_odd,_mult1p0,3,0.15,2,b927,bd07,True,25,correct,3,True,1636,1.0
timeout,even_odd,_mult1p0,3,0.15,5,6c17,bd07,True,35,correct,3,True,1636,1.0
timeout,even_odd,_mult1p0,3,0.15,3,1d0f,1905,True,45,spurious,-1,False,1636,1.0
timeout,even_odd,_mult1p0,3,0.15,4,1903,1905,True,25,spurious,-1,False,1636,1.0
timeout,even_odd,_mult1p0,3,0.15,1,b907,bd07,True,11,correct,3,True,1636,1.0
timeout,even_odd,_mult1p0,3,0.15,1,bd17,bd07,True,11,correct,3,True,1636,1.0
timeout,even_odd,_mult1p0,3,0.15,0,bd07,bd07,True,0,correct,3,True,1636,1.0
timeout,even_odd,_mult1p0,3,0.15,6,918b,a75b,True,45,spurious,-1,False,1636,1.0
timeout,even_odd,_mult1p0,3,0.15,0,bd07,bd07,True,0,correct,3,True,1636,1.0
timeout,even_odd,_mult1p0,3,0.15,2,bd83,bd07,True,25,correct,3,True,1636,1.0
timeout,even_odd,_mult1p0,3,0.15,0,bd07,bd07,True,0,correct,3,True,1636,1.0
timeout,even_odd,_mult1p0,3,0.15,5,9483,fca6,True,83,wrong_pattern,0,False,1636,1.0
timeout,even_odd,_mult1p0,3,0.15,4,f513,a75b,True,45,spurious,-1,False,1636,1.0
timeout,even_odd,_mult1p0,0,0.3,2,7ce6,fca6,True,25,correct,0,True,1636,1.0
timeout,even_odd,_mult1p0,0,0.3,9,5f4f,359,True,45,spurious,-1,False,1636,1.0
timeout,even_odd,_mult1p0,0,0.3,6,7fd6,fca6,True,35,correct,0,True,1636,1.0
timeout,even_odd,_mult1p0,0,0.3,6,f104,bd07,True,45,wrong_pattern,3,False,1636,1.0
timeout,even_odd,_mult1p0,0,0.3,2,7ca7,fca6,True,25,correct,0,True,1636,1.0
timeout,even_odd,_mult1p0,0,0.3,8,24f3,fca6,True,55,correct,0,True,1636,1.0
timeout,even_odd,_mult1p0,0,0.3,3,fcf2,fca6,True,11,correct,0,True,1636,1.0
timeout,even_odd,_mult1p0,0,0.3,2,fea2,fca6,True,25,correct,0,True,1636,1.0
timeout,even_odd,_mult1p0,0,0.3,6,9c9f,fca6,True,83,correct,0,True,1636,1.0
timeout,even_odd,_mult1p0,0,0.3,6,84ac,42f8,True,69,spurious,-1,False,1636,1.0
timeout,even_odd,_mult1p0,0,0.3,3,beae,fca6,True,25,correct,0,True,1636,1.0
timeout,even_odd,_mult1p0,0,0.3,6,dc43,fd4b,True,25,spurious,-1,False,1636,1.0
timeout,even_odd,_mult1p0,0,0.3,3,fcfe,fca6,True,35,correct,0,True,1636,1.0
timeout,even_odd,_mult1p0,0,0.3,4,e5a4,fca6,True,25,correct,0,True,1636,1.0
timeout,even_odd,_mult1p0,0,0.3,5,fa8f,fca6,True,35,correct,0,True,1636,1.0
timeout,even_odd,_mult1p0,0,0.3,6,38c2,fca6,True,45,correct,0,True,1636,1.0
timeout,even_odd,_mult1p0,0,0.3,5,e6af,e6fa,True,21,spurious,-1,False,1636,1.0
timeout,even_odd,_mult1p0,0,0.3,4,cc66,fca6,True,59,correct,0,True,1636,1.0
timeout,even_odd,_mult1p0,0,0.3,3,e4a2,fca6,True,35,correct,0,True,1636,1.0
timeout,even_odd,_mult1p0,0,0.3,5,b8a8,fca6,True,45,correct,0,True,1636,1.0
timeout,even_odd,_mult1p0,0,0.3,4,fc44,fd4b,True,79,spurious,-1,False,1636,1.0
timeout,even_odd,_mult1p0,0,0.3,5,ccab,fca6,True,45,correct,0,True,1636,1.0
timeout,even_odd,_mult1p0,0,0.3,3,2ca6,fca6,True,35,correct,0,True,1636,1.0
timeout,even_odd,_mult1p0,0,0.3,0,fca6,fca6,True,0,correct,0,True,1636,1.0
timeout,even_odd,_mult1p0,0,0.3,3,f48e,fca6,True,25,correct,0,True,1636,1.0
timeout,even_odd,_mult1p0,0,0.3,5,f99e,fca6,True,49,correct,0,True,1636,1.0
timeout,even_odd,_mult1p0,0,0.3,7,f2e1,a6b6,True,45,wrong_pattern,2,False,1636,1.0
timeout,even_odd,_mult1p0,0,0.3,6,e40f,fd4b,True,35,spurious,-1,False,1636,1.0
timeout,even_odd,_mult1p0,0,0.3,3,f4b4,fca6,True,35,correct,0,True,1636,1.0
timeout,even_odd,_mult1p0,0,0.3,4,bdac,fca6,True,35,correct,0,True,1636,1.0
timeout,even_odd,_mult1p0,0,0.3,4,bec6,fca6,True,35,correct,0,True,1636,1.0
timeout,even_odd,_mult1p0,0,0.3,1,fea6,fca6,True,25,correct,0,True,1636,1.0
timeout,even_odd,_mult1p0,0,0.3,6,5c8d,58a4,True,83,spurious,-1,False,1636,1.0
timeout,even_odd,_mult1p0,0,0.3,4,b8aa,fca6,True,35,correct,0,True,1636,1.0
timeout,even_odd,_mult1p0,0,0.3,9,5afb,4068,True,55,spurious,-1,False,1636,1.0
timeout,even_odd,_mult1p0,0,0.3,3,e8e6,fca6,True,11,correct,0,True,1636,1.0
timeout,even_odd,_mult1p0,0,0.3,6,3c42,bd07,True,45,wrong_pattern,3,False,1636,1.0
timeout,even_odd,_mult1p0,0,0.3,4,feab,fca6,True,35,correct,0,True,1636,1.0
timeout,even_odd,_mult1p0,0,0.3,2,6ca6,fca6,True,25,correct,0,True,1636,1.0
timeout,even_odd,_mult1p0,0,0.3,7,72bf,a6b6,True,45,wrong_pattern,2,False,1636,1.0
timeout,even_odd,_mult1p0,0,0.3,5,bfe7,fca6,True,45,correct,0,True,1636,1.0
timeout,even_odd,_mult1p0,0,0.3,2,f486,fca6,True,25,correct,0,True,1636,1.0
timeout,even_odd,_mult1p0,0,0.3,4,deb7,fca6,True,31,correct,0,True,1636,1.0
timeout,even_odd,_mult1p0,0,0.3,2,eca4,fca6,True,25,correct,0,True,1636,1.0
timeout,even_odd,_mult1p0,0,0.3,4,be27,fca6,True,93,correct,0,True,1636,1.0
timeout,even_odd,_mult1p0,0,0.3,5,d0a3,fca6,True,45,correct,0,True,1636,1.0
timeout,even_odd,_mult1p0,0,0.3,7,1802,1905,True,35,spurious,-1,False,1636,1.0
timeout,even_odd,_mult1p0,0,0.3,3,dc87,fca6,True,35,correct,0,True,1636,1.0
timeout,even_odd,_mult1p0,0,0.3,7,3e1e,a75b,True,55,spurious,-1,False,1636,1.0
timeout,even_odd,_mult1p0,0,0.3,4,d926,fca6,True,59,correct,0,True,1636,1.0
timeout,even_odd,_mult1p0,0,0.3,4,f4e0,fca6,True,35,correct,0,True,1636,1.0
timeout,even_odd,_mult1p0,0,0.3,5,6436,fc6a,True,41,spurious,-1,False,1636,1.0
timeout,even_odd,_mult1p0,0,0.3,4,50a6,58a4,True,25,spurious,-1,False,1636,1.0
timeout,even_odd,_mult1p0,0,0.3,5,38ac,58a4,True,25,spurious,-1,False,1636,1.0
timeout,even_odd,_mult1p0,0,0.3,7,dc09,5949,True,45,spurious,-1,False,1636,1.0
timeout,even_odd,_mult1p0,0,0.3,7,7abd,58a4,True,25,spurious,-1,False,1636,1.0
timeout,even_odd,_mult1p0,0,0.3,4,fd76,fc23,False,1636,oscillated,-1,False,1636,1.0
timeout,even_odd,_mult1p0,0,0.3,8,cc48,5949,True,45,spurious,-1,False,1636,1.0
timeout,even_odd,_mult1p0,0,0.3,7,cc6b,fd4b,True,45,spurious,-1,False,1636,1.0
timeout,even_odd,_mult1p0,0,0.3,5,fff7,fca6,True,35,correct,0,True,1636,1.0
timeout,even_odd,_mult1p0,1,0.3,5,93f1,2b4,True,45,spurious,-1,False,1636,1.0
timeout,even_odd,_mult1p0,1,0.3,4,1b03,1b95,True,45,correct,1,True,1636,1.0
timeout,even_odd,_mult1p0,1,0.3,9,272c,359,True,45,spurious,-1,False,1636,1.0
timeout,even_odd,_mult1p0,1,0.3,2,1a85,58a4,True,59,spurious,-1,False,1636,1.0
timeout,even_odd,_mult1p0,1,0.3,6,9581,395,True,79,spurious,-1,False,1636,1.0
timeout,even_odd,_mult1p0,1,0.3,4,7915,1905,True,35,spurious,-1,False,1636,1.0
timeout,even_odd,_mult1p0,1,0.3,5,1099,359,True,85,spurious,-1,False,1636,1.0
timeout,even_odd,_mult1p0,1,0.3,5,3ddd,1905,True,45,spurious,-1,False,1636,1.0
timeout,even_odd,_mult1p0,1,0.3,6,b3a7,a6b6,True,11,wrong_pattern,2,False,1636,1.0
timeout,even_odd,_mult1p0,1,0.3,5,a16,58a4,True,123,spurious,-1,False,1636,1.0
timeout,even_odd,_mult1p0,1,0.3,4,1d9c,58a4,True,83,spurious,-1,False,1636,1.0
timeout,even_odd,_mult1p0,1,0.3,5,4ab4,58a4,True,55,spurious,-1,False,1636,1.0
timeout,even_odd,_mult1p0,1,0.3,6,995c,5949,True,45,spurious,-1,False,1636,1.0
timeout,even_odd,_mult1p0,1,0.3,7,fd05,bd07,True,25,wrong_pattern,3,False,1636,1.0
timeout,even_odd,_mult1p0,1,0.3,6,10bf,2b4,True,83,spurious,-1,False,1636,1.0
timeout,even_odd,_mult1p0,1,0.3,5,bbe5,fca6,True,45,wrong_pattern,0,False,1636,1.0
timeout,even_odd,_mult1p0,1,0.3,5,1903,1905,True,25,spurious,-1,False,1636,1.0
timeout,even_odd,_mult1p0,1,0.3,2,1bb1,2b4,True,35,spurious,-1,False,1636,1.0
timeout,even_odd,_mult1p0,1,0.3,3,5bbd,58a4,True,35,spurious,-1,False,1636,1.0
timeout,even_odd,_mult1p0,1,0.3,4,17b1,2b4,True,11,spurious,-1,False,1636,1.0
timeout,even_odd,_mult1p0,1,0.3,5,3be7,fca6,True,45,wrong_pattern,0,False,1636,1.0
timeout,even_odd,_mult1p0,1,0.3,3,3985,1905,True,25,spurious,-1,False,1636,1.0
timeout,even_odd,_mult1p0,1,0.3,2,3b97,bf97,True,45,spurious,-1,False,1636,1.0
timeout,even_odd,_mult1p0,1,0.3,3,5991,1905,True,25,spurious,-1,False,1636,1.0
timeout,even_odd,_mult1p0,1,0.3,6,be9,42f8,True,55,spurious,-1,False,1636,1.0
timeout,even_odd,_mult1p0,1,0.3,3,b9f,395,True,49,spurious,-1,False,1636,1.0
timeout,even_odd,_mult1p0,1,0.3,9,ca20,58a4,True,59,spurious,-1,False,1636,1.0
timeout,even_odd,_mult1p0,1,0.3,3,9a91,2b4,True,35,spurious,-1,False,1636,1.0
timeout,even_odd,_mult1p0,1,0.3,4,8295,2b4,True,35,spurious,-1,False,1636,1.0
timeout,even_odd,_mult1p0,1,0.3,6,21f5,2b4,True,83,spurious,-1,False,1636,1.0
timeout,even_odd,_mult1p0,1,0.3,7,5841,5949,True,25,spurious,-1,False,1636,1.0
timeout,even_odd,_mult1p0,1,0.3,5,1a7d,359,True,79,spurious,-1,False,1636,1.0
timeout,even_odd,_mult1p0,1,0.3,6,48c5,58a4,True,45,spurious,-1,False,1636,1.0
timeout,even_odd,_mult1p0,1,0.3,5,1ad2,2b4,True,35,spurious,-1,False,1636,1.0
timeout,even_odd,_mult1p0,1,0.3,6,7fc1,1905,True,69,spurious,-1,False,1636,1.0
timeout,even_odd,_mult1p0,1,0.3,2,395,395,True,0,spurious,-1,False,1636,1.0
timeout,even_odd,_mult1p0,1,0.3,5,d194,58a4,True,83,spurious,-1,False,1636,1.0
timeout,even_odd,_mult1p0,1,0.3,5,d91d,5949,True,35,spurious,-1,False,1636,1.0
timeout,even_odd,_mult1p0,1,0.3,6,badf,a6b6,True,45,wrong_pattern,2,False,1636,1.0
timeout,even_odd,_mult1p0,1,0.3,4,1bd2,2b4,True,69,spurious,-1,False,1636,1.0
timeout,even_odd,_mult1p0,1,0.3,5,3fa7,fca6,True,45,wrong_pattern,0,False,1636,1.0
timeout,even_odd,_mult1p0,1,0.3,3,9d95,1905,True,45,spurious,-1,False,1636,1.0
timeout,even_odd,_mult1p0,1,0.3,3,9f15,1b95,True,45,correct,1,True,1636,1.0
timeout,even_odd,_mult1p0,1,0.3,6,9c17,bd07,True,45,wrong_pattern,3,False,1636,1.0
timeout,even_odd,_mult1p0,1,0.3,2,4b95,1b95,True,11,correct,1,True,1636,1.0
timeout,even_odd,_mult1p0,1,0.3,5,a991,bf97,True,117,spurious,-1,False,1636,1.0
timeout,even_odd,_mult1p0,1,0.3,6,99cf,bd07,True,45,wrong_pattern,3,False,1636,1.0
timeout,even_odd,_mult1p0,1,0.3,6,15b9,4068,True,89,spurious,-1,False,1636,1.0
timeout,even_odd,_mult1p0,1,0.3,6,3b3b,a75b,True,45,spurious,-1,False,1636,1.0
timeout,even_odd,_mult1p0,1,0.3,7,8201,359,True,35,spurious,-1,False,1636,1.0
timeout,even_odd,_mult1p0,1,0.3,7,7134,58a4,True,59,spurious,-1,False,1636,1.0
timeout,even_odd,_mult1p0,1,0.3,7,cf9b,a797,True,49,spurious,-1,False,1636,1.0
timeout,even_odd,_mult1p0,1,0.3,6,699f,bd07,True,45,wrong_pattern,3,False,1636,1.0
timeout,even_odd,_mult1p0,1,0.3,4,1ff7,2b4,True,69,spurious,-1,False,1636,1.0
timeout,even_odd,_mult1p0,1,0.3,4,3a8d,58a4,True,59,spurious,-1,False,1636,1.0
timeout,even_odd,_mult1p0,1,0.3,5,89f5,58a4,True,55,spurious,-1,False,1636,1.0
timeout,even_odd,_mult1p0,1,0.3,3,8b97,bf97,True,45,spurious,-1,False,1636,1.0
timeout,even_odd,_mult1p0,1,0.3,1,1bd5,1b95,True,21,correct,1,True,1636,1.0
timeout,even_odd,_mult1p0,1,0.3,5,2a35,58a4,True,123,spurious,-1,False,1636,1.0
timeout,even_odd,_mult1p0,1,0.3,8,4af8,42f8,True,25,spurious,-1,False,1636,1.0
timeout,even_odd,_mult1p0,2,0.3,8,283d,5949,True,89,spurious,-1,False,1636,1.0
timeout,even_odd,_mult1p0,2,0.3,7,a581,a797,True,49,spurious,-1,False,1636,1.0
timeout,even_odd,_mult1p0,2,0.3,5,72be,a6b6,True,59,correct,2,True,1636,1.0
timeout,even_odd,_mult1p0,2,0.3,4,c2b2,a6b6,True,45,correct,2,True,1636,1.0
timeout,even_odd,_mult1p0,2,0.3,5,2a34,58a4,True,89,spurious,-1,False,1636,1.0
timeout,even_odd,_mult1p0,2,0.3,4,f4b2,fca6,True,35,wrong_pattern,0,False,1636,1.0
timeout,even_odd,_mult1p0,2,0.3,1,26b6,a6b6,True,25,correct,2,True,1636,1.0
timeout,even_odd,_mult1p0,2,0.3,3,afa6,fca6,True,55,wrong_pattern,0,False,1636,1.0
timeout,even_odd,_mult1p0,2,0.3,3,a2a7,a6b6,True,11,correct,2,True,1636,1.0
timeout,even_odd,_mult1p0,2,0.3,5,c6c6,a6b6,True,45,correct,2,True,1636,1.0
timeout,even_odd,_mult1p0,2,0.3,5,8ffe,a6b6,True,69,correct,2,True,1636,1.0
timeout,even_odd,_mult1p0,2,0.3,3,a635,a6b6,True,59,correct,2,True,1636,1.0
timeout,even_odd,_mult1p0,2,0.3,5,e42e,e46a,True,21,spurious,-1,False,1636,1.0
timeout,even_odd,_mult1p0,2,0.3,4,afb5,fca6,True,55,wrong_pattern,0,False,1636,1.0
timeout,even_odd,_mult1p0,2,0.3,6,aa7a,e46a,True,79,spurious,-1,False,1636,1.0
timeout,even_odd,_mult1p0,2,0.3,5,9494,2b4,True,45,spurious,-1,False,1636,1.0
timeout,even_odd,_mult1p0,2,0.3,2,b6a6,a6b6,True,21,correct,2,True,1636,1.0
timeout,even_odd,_mult1p0,2,0.3,5,86e3,a6b6,True,55,correct,2,True,1636,1.0
timeout,even_odd,_mult1p0,2,0.3,2,aea6,fca6,True,45,wrong_pattern,0,False,1636,1.0
timeout,even_odd,_mult1p0,2,0.3,5,63be,e6fa,True,45,spurious,-1,False,1636,1.0
timeout,even_odd,_mult1p0,2,0.3,3,2b6,2b4,True,25,spurious,-1,False,1636,1.0
timeout,even_odd,_mult1p0,2,0.3,6,d4a7,fca6,True,25,wrong_pattern,0,False,1636,1.0
timeout,even_odd,_mult1p0,2,0.3,5,96bb,e6fa,True,35,spurious,-1,False,1636,1.0
timeout,even_odd,_mult1p0,2,0.3,6,45b4,58a4,True,49,spurious,-1,False,1636,1.0
timeout,even_odd,_mult1p0,2,0.3,4,a7f3,a6b6,True,11,correct,2,True,1636,1.0
timeout,even_odd,_mult1p0,2,0.3,4,a6ec,e6fa,True,35,spurious,-1,False,1636,1.0
timeout,even_odd,_mult1p0,2,0.3,5,96f5,2b4,True,45,spurious,-1,False,1636,1.0
timeout,even_odd,_mult1p0,2,0.3,5,a09f,a6b6,True,83,correct,2,True,1636,1.0
timeout,even_odd,_mult1p0,2,0.3,4,66a2,e6fa,True,59,spurious,-1,False,1636,1.0
timeout,even_odd,_mult1p0,2,0.3,5,7a2,2b4,True,45,spurious,-1,False,1636,1.0
timeout,even_odd,_mult1p0,2,0.3,5,f67e,e6fa,True,55,spurious,-1,False,1636,1.0
timeout,even_odd,_mult1p0,2,0.3,5,a21c,a75b,True,45,spurious,-1,False,1636,1.0
timeout,even_odd,_mult1p0,2,0.3,5,27ac,2b4,True,45,spurious,-1,False,1636,1.0
timeout,even_odd,_mult1p0,2,0.3,6,a42b,a75b,True,35,spurious,-1,False,1636,1.0
timeout,even_odd,_mult1p0,2,0.3,5,9635,2b4,True,79,spurious,-1,False,1636,1.0
timeout,even_odd,_mult1p0,2,0.3,6,3df6,fca6,True,35,wrong_pattern,0,False,1636,1.0
timeout,even_odd,_mult1p0,2,0.3,5,ae1f,a75b,True,45,spurious,-1,False,1636,1.0
timeout,even_odd,_mult1p0,2,0.3,4,aa37,fca6,True,123,wrong_pattern,0,False,1636,1.0
timeout,even_odd,_mult1p0,2,0.3,7,f93,395,True,69,spurious,-1,False,1636,1.0
timeout,even_odd,_mult1p0,2,0.3,4,b426,fca6,True,25,wrong_pattern,0,False,1636,1.0
timeout,even_odd,_mult1p0,2,0.3,6,ae78,e46a,True,79,spurious,-1,False,1636,1.0
timeout,even_odd,_mult1p0,2,0.3,4,83b2,a6b6,True,45,correct,2,True,1636,1.0
timeout,even_odd,_mult1p0,2,0.3,5,befa,a6b6,True,35,correct,2,True,1636,1.0
timeout,even_odd,_mult1p0,2,0.3,9,bf19,a75b,True,35,spurious,-1,False,1636,1.0
timeout,even_odd,_mult1p0,2,0.3,6,38b2,fca6,True,45,wrong_pattern,0,False,1636,1.0
timeout,even_odd,_mult1p0,2,0.3,3,8eb7,fca6,True,55,wrong_pattern,0,False,1636,1.0
timeout,even_odd,_mult1p0,2,0.3,8,887,58a4,True,65,spurious,-1,False,1636,1.0
timeout,even_odd,_mult1p0,2,0.3,6,fc94,fca6,True,25,wrong_pattern,0,False,1636,1.0
timeout,even_odd,_mult1p0,2,0.3,4,97f6,a6b6,True,25,correct,2,True,1636,1.0
timeout,even_odd,_mult1p0,2,0.3,7,8f25,1b95,True,45,wrong_pattern,1,False,1636,1.0
timeout,even_odd,_mult1p0,2,0.3,5,a6e8,e6fa,True,35,spurious,-1,False,1636,1.0
timeout,even_odd,_mult1p0,2,0.3,5,21b4,2b4,True,35,spurious,-1,False,1636,1.0
timeout,even_odd,_mult1p0,2,0.3,6,977e,a75b,True,45,spurious,-1,False,1636,1.0
timeout,even_odd,_mult1p0,2,0.3,5,31b6,fca6,True,65,wrong_pattern,0,False,1636,1.0
timeout,even_odd,_mult1p0,2,0.3,6,1ebf,2b4,True,69,spurious,-1,False,1636,1.0
timeout,even_odd,_mult1p0,2,0.3,8,cf7c,359,True,83,spurious,-1,False,1636,1.0
timeout,even_odd,_mult1p0,2,0.3,6,622e,e6fa,True,45,spurious,-1,False,1636,1.0
timeout,even_odd,_mult1p0,2,0.3,4,2096,a6b6,True,45,correct,2,True,1636,1.0
timeout,even_odd,_mult1p0,2,0.3,1,a6b2,a6b6,True,11,correct,2,True,1636,1.0
timeout,even_odd,_mult1p0,2,0.3,5,abbc,a6b6,True,45,correct,2,True,1636,1.0
timeout,even_odd,_mult1p0,3,0.3,4,a583,a797,True,49,spurious,-1,False,1636,1.0
timeout,even_odd,_mult1p0,3,0.3,4,3427,fca6,True,59,wrong_pattern,0,False,1636,1.0
timeout,even_odd,_mult1p0,3,0.3,5,1b17,1b95,True,25,wrong_pattern,1,False,1636,1.0
timeout,even_odd,_mult1p0,3,0.3,6,d737,a797,True,45,spurious,-1,False,1636,1.0
timeout,even_odd,_mult1p0,3,0.3,4,3597,a797,True,49,spurious,-1,False,1636,1.0
timeout,even_odd,_mult1p0,3,0.3,6,aa1f,a75b,True,45,spurious,-1,False,1636,1.0
timeout,even_odd,_mult1p0,3,0.3,7,9560,5949,True,45,spurious,-1,False,1636,1.0
timeout,even_odd,_mult1p0,3,0.3,6,f156,a75b,True,45,spurious,-1,False,1636,1.0
timeout,even_odd,_mult1p0,3,0.3,4,ef03,fd4b,True,117,spurious,-1,False,1636,1.0
timeout,even_odd,_mult1p0,3,0.3,6,ed92,fca6,True,45,wrong_pattern,0,False,1636,1.0
timeout,even_odd,_mult1p0,3,0.3,5,395f,bd07,True,59,correct,3,True,1636,1.0
timeout,even_odd,_mult1p0,3,0.3,4,b536,fca6,True,93,wrong_pattern,0,False,1636,1.0
timeout,even_odd,_mult1p0,3,0.3,7,67c7,a75b,True,59,spurious,-1,False,1636,1.0
timeout,even_odd,_mult1p0,3,0.3,2,bd04,bd07,True,25,correct,3,True,1636,1.0
timeout,even_odd,_mult1p0,3,0.3,5,dc0b,fd4b,True,25,spurious,-1,False,1636,1.0
timeout,even_odd,_mult1p0,3,0.3,4,ed2f,fd4b,True,35,spurious,-1,False,1636,1.0
timeout,even_odd,_mult1p0,3,0.3,5,db17,bd07,True,69,correct,3,True,1636,1.0
timeout,even_odd,_mult1p0,3,0.3,4,b797,a797,True,11,spurious,-1,False,1636,1.0
timeout,even_odd,_mult1p0,3,0.3,4,992f,fd4b,True,45,spurious,-1,False,1636,1.0
timeout,even_odd,_mult1p0,3,0.3,8,1c5a,5949,True,89,spurious,-1,False,1636,1.0
timeout,even_odd,_mult1p0,3,0.3,6,aa0e,a75b,True,45,spurious,-1,False,1636,1.0
timeout,even_odd,_mult1p0,3,0.3,7,270a,a75b,True,25,spurious,-1,False,1636,1.0
timeout,even_odd,_mult1p0,3,0.3,7,ca06,fca6,True,103,wrong_pattern,0,False,1636,1.0
timeout,even_odd,_mult1p0,3,0.3,4,dd8f,bd07,True,35,correct,3,True,1636,1.0
timeout,even_odd,_mult1p0,3,0.3,1,bc07,bd07,True,11,correct,3,True,1636,1.0
timeout,even_odd,_mult1p0,3,0.3,6,a8b7,fca6,True,21,wrong_pattern,0,False,1636,1.0
timeout,even_odd,_mult1p0,3,0.3,3,3d0b,fd4b,True,35,spurious,-1,False,1636,1.0
timeout,even_odd,_mult1p0,3,0.3,4,3f97,bf97,True,25,spurious,-1,False,1636,1.0
timeout,even_odd,_mult1p0,3,0.3,6,2a27,fca6,True,123,wrong_pattern,0,False,1636,1.0
timeout,even_odd,_mult1p0,3,0.3,5,3426,fca6,True,25,wrong_pattern,0,False,1636,1.0
timeout,even_odd,_mult1p0,3,0.3,6,b780,a6b6,True,45,wrong_pattern,2,False,1636,1.0
timeout,even_odd,_mult1p0,3,0.3,3,af06,bf97,True,45,spurious,-1,False,1636,1.0
timeout,even_odd,_mult1p0,3,0.3,5,7585,1b95,True,79,wrong_pattern,1,False,1636,1.0
timeout,even_odd,_mult1p0,3,0.3,5,ed0a,fd4b,True,11,spurious,-1,False,1636,1.0
timeout,even_odd,_mult1p0,3,0.3,4,d47,5949,True,93,spurious,-1,False,1636,1.0
timeout,even_odd,_mult1p0,3,0.3,5,9e15,1b95,True,45,wrong_pattern,1,False,1636,1.0
timeout,even_odd,_mult1p0,3,0.3,10,9b0,58a4,True,21,spurious,-1,False,1636,1.0
timeout,even_odd,_mult1p0,3,0.3,4,9913,bd07,True,45,correct,3,True,1636,1.0
timeout,even_odd,_mult1p0,3,0.3,2,b517,bf97,True,49,spurious,-1,False,1636,1.0
timeout,even_odd,_mult1p0,3,0.3,5,f14f,fd4b,True,35,spurious,-1,False,1636,1.0
timeout,even_odd,_mult1p0,3,0.3,4,1c06,1905,True,89,spurious,-1,False,1636,1.0
timeout,even_odd,_mult1p0,3,0.3,2,ad05,bd07,True,25,correct,3,True,1636,1.0
timeout,even_odd,_mult1p0,3,0.3,5,ff6f,fd4b,True,25,spurious,-1,False,1636,1.0
timeout,even_odd,_mult1p0,3,0.3,7,1a37,58a4,True,93,spurious,-1,False,1636,1.0
timeout,even_odd,_mult1p0,3,0.3,3,9c03,bd07,True,25,correct,3,True,1636,1.0
timeout,even_odd,_mult1p0,3,0.3,6,7f24,58a4,True,69,spurious,-1,False,1636,1.0
timeout,even_odd,_mult1p0,3,0.3,3,b597,a797,True,49,spurious,-1,False,1636,1.0
timeout,even_odd,_mult1p0,3,0.3,5,a687,a6b6,True,35,wrong_pattern,2,False,1636,1.0
timeout,even_odd,_mult1p0,3,0.3,7,198c,58a4,True,83,spurious,-1,False,1636,1.0
timeout,even_odd,_mult1p0,3,0.3,5,ac93,fca6,True,65,wrong_pattern,0,False,1636,1.0
timeout,even_odd,_mult1p0,3,0.3,6,f53b,a75b,True,45,spurious,-1,False,1636,1.0
timeout,even_odd,_mult1p0,3,0.3,3,7d17,bd07,True,35,correct,3,True,1636,1.0
timeout,even_odd,_mult1p0,3,0.3,5,a737,a797,True,25,spurious,-1,False,1636,1.0
timeout,even_odd,_mult1p0,3,0.3,4,df87,bd07,True,35,correct,3,True,1636,1.0
timeout,even_odd,_mult1p0,3,0.3,8,5b93,1905,True,35,spurious,-1,False,1636,1.0
timeout,even_odd,_mult1p0,3,0.3,4,be26,fca6,True,35,wrong_pattern,0,False,1636,1.0
timeout,even_odd,_mult1p0,3,0.3,7,19ae,58a4,True,35,spurious,-1,False,1636,1.0
timeout,even_odd,_mult1p0,3,0.3,4,9dc3,bd07,True,25,correct,3,True,1636,1.0
timeout,even_odd,_mult1p0,3,0.3,7,878d,395,True,59,spurious,-1,False,1636,1.0
timeout,even_odd,_mult1p0,3,0.3,3,b405,bd07,True,25,correct,3,True,1636,1.0
timeout,depth,_mult2p0,0,0.0,0,fca6,fca6,True,0,correct,0,True,1380,2.0
timeout,depth,_mult2p0,0,0.0,0,fca6,fca6,True,0,correct,0,True,1380,2.0
timeout,depth,_mult2p0,0,0.0,0,fca6,fca6,True,0,correct,0,True,1380,2.0
timeout,depth,_mult2p0,0,0.0,0,fca6,fca6,True,0,correct,0,True,1380,2.0
timeout,depth,_mult2p0,0,0.0,0,fca6,fca6,True,0,correct,0,True,1380,2.0
timeout,depth,_mult2p0,0,0.0,0,fca6,fca6,True,0,correct,0,True,1380,2.0
timeout,depth,_mult2p0,0,0.0,0,fca6,fca6,True,0,correct,0,True,1380,2.0
timeout,depth,_mult2p0,0,0.0,0,fca6,fca6,True,0,correct,0,True,1380,2.0
timeout,depth,_mult2p0,0,0.0,0,fca6,fca6,True,0,correct,0,True,1380,2.0
timeout,depth,_mult2p0,0,0.0,0,fca6,fca6,True,0,correct,0,True,1380,2.0
timeout,depth,_mult2p0,0,0.0,0,fca6,fca6,True,0,correct,0,True,1380,2.0
timeout,depth,_mult2p0,0,0.0,0,fca6,fca6,True,0,correct,0,True,1380,2.0
timeout,depth,_mult2p0,0,0.0,0,fca6,fca6,True,0,correct,0,True,1380,2.0
timeout,depth,_mult2p0,0,0.0,0,fca6,fca6,True,0,correct,0,True,1380,2.0
timeout,depth,_mult2p0,0,0.0,0,fca6,fca6,True,0,correct,0,True,1380,2.0
timeout,depth,_mult2p0,0,0.0,0,fca6,fca6,True,0,correct,0,True,1380,2.0
timeout,depth,_mult2p0,0,0.0,0,fca6,fca6,True,0,correct,0,True,1380,2.0
timeout,depth,_mult2p0,0,0.0,0,fca6,fca6,True,0,correct,0,True,1380,2.0
timeout,depth,_mult2p0,0,0.0,0,fca6,fca6,True,0,correct,0,True,1380,2.0
timeout,depth,_mult2p0,0,0.0,0,fca6,fca6,True,0,correct,0,True,1380,2.0
timeout,depth,_mult2p0,0,0.0,0,fca6,fca6,True,0,correct,0,True,1380,2.0
timeout,depth,_mult2p0,0,0.0,0,fca6,fca6,True,0,correct,0,True,1380,2.0
timeout,depth,_mult2p0,0,0.0,0,fca6,fca6,True,0,correct,0,True,1380,2.0
timeout,depth,_mult2p0,0,0.0,0,fca6,fca6,True,0,correct,0,True,1380,2.0
timeout,depth,_mult2p0,0,0.0,0,fca6,fca6,True,0,correct,0,True,1380,2.0
timeout,depth,_mult2p0,0,0.0,0,fca6,fca6,True,0,correct,0,True,1380,2.0
timeout,depth,_mult2p0,0,0.0,0,fca6,fca6,True,0,correct,0,True,1380,2.0
timeout,depth,_mult2p0,0,0.0,0,fca6,fca6,True,0,correct,0,True,1380,2.0
timeout,depth,_mult2p0,0,0.0,0,fca6,fca6,True,0,correct,0,True,1380,2.0
timeout,depth,_mult2p0,0,0.0,0,fca6,fca6,True,0,correct,0,True,1380,2.0
timeout,depth,_mult2p0,0,0.0,0,fca6,fca6,True,0,correct,0,True,1380,2.0
timeout,depth,_mult2p0,0,0.0,0,fca6,fca6,True,0,correct,0,True,1380,2.0
timeout,depth,_mult2p0,0,0.0,0,fca6,fca6,True,0,correct,0,True,1380,2.0
timeout,depth,_mult2p0,0,0.0,0,fca6,fca6,True,0,correct,0,True,1380,2.0
timeout,depth,_mult2p0,0,0.0,0,fca6,fca6,True,0,correct,0,True,1380,2.0
timeout,depth,_mult2p0,0,0.0,0,fca6,fca6,True,0,correct,0,True,1380,2.0
timeout,depth,_mult2p0,0,0.0,0,fca6,fca6,True,0,correct,0,True,1380,2.0
timeout,depth,_mult2p0,0,0.0,0,fca6,fca6,True,0,correct,0,True,1380,2.0
timeout,depth,_mult2p0,0,0.0,0,fca6,fca6,True,0,correct,0,True,1380,2.0
timeout,depth,_mult2p0,0,0.0,0,fca6,fca6,True,0,correct,0,True,1380,2.0
timeout,depth,_mult2p0,0,0.0,0,fca6,fca6,True,0,correct,0,True,1380,2.0
timeout,depth,_mult2p0,0,0.0,0,fca6,fca6,True,0,correct,0,True,1380,2.0
timeout,depth,_mult2p0,0,0.0,0,fca6,fca6,True,0,correct,0,True,1380,2.0
timeout,depth,_mult2p0,0,0.0,0,fca6,fca6,True,0,correct,0,True,1380,2.0
timeout,depth,_mult2p0,0,0.0,0,fca6,fca6,True,0,correct,0,True,1380,2.0
timeout,depth,_mult2p0,0,0.0,0,fca6,fca6,True,0,correct,0,True,1380,2.0
timeout,depth,_mult2p0,0,0.0,0,fca6,fca6,True,0,correct,0,True,1380,2.0
timeout,depth,_mult2p0,0,0.0,0,fca6,fca6,True,0,correct,0,True,1380,2.0
timeout,depth,_mult2p0,0,0.0,0,fca6,fca6,True,0,correct,0,True,1380,2.0
timeout,depth,_mult2p0,0,0.0,0,fca6,fca6,True,0,correct,0,True,1380,2.0
timeout,depth,_mult2p0,0,0.0,0,fca6,fca6,True,0,correct,0,True,1380,2.0
timeout,depth,_mult2p0,0,0.0,0,fca6,fca6,True,0,correct,0,True,1380,2.0
timeout,depth,_mult2p0,0,0.0,0,fca6,fca6,True,0,correct,0,True,1380,2.0
timeout,depth,_mult2p0,0,0.0,0,fca6,fca6,True,0,correct,0,True,1380,2.0
timeout,depth,_mult2p0,0,0.0,0,fca6,fca6,True,0,correct,0,True,1380,2.0
timeout,depth,_mult2p0,0,0.0,0,fca6,fca6,True,0,correct,0,True,1380,2.0
timeout,depth,_mult2p0,0,0.0,0,fca6,fca6,True,0,correct,0,True,1380,2.0
timeout,depth,_mult2p0,0,0.0,0,fca6,fca6,True,0,correct,0,True,1380,2.0
timeout,depth,_mult2p0,0,0.0,0,fca6,fca6,True,0,correct,0,True,1380,2.0
timeout,depth,_mult2p0,0,0.0,0,fca6,fca6,True,0,correct,0,True,1380,2.0
timeout,depth,_mult2p0,1,0.0,0,1b95,1b95,True,0,correct,1,True,1380,2.0
timeout,depth,_mult2p0,1,0.0,0,1b95,1b95,True,0,correct,1,True,1380,2.0
timeout,depth,_mult2p0,1,0.0,0,1b95,1b95,True,0,correct,1,True,1380,2.0
timeout,depth,_mult2p0,1,0.0,0,1b95,1b95,True,0,correct,1,True,1380,2.0
timeout,depth,_mult2p0,1,0.0,0,1b95,1b95,True,0,correct,1,True,1380,2.0
timeout,depth,_mult2p0,1,0.0,0,1b95,1b95,True,0,correct,1,True,1380,2.0
timeout,depth,_mult2p0,1,0.0,0,1b95,1b95,True,0,correct,1,True,1380,2.0
timeout,depth,_mult2p0,1,0.0,0,1b95,1b95,True,0,correct,1,True,1380,2.0
timeout,depth,_mult2p0,1,0.0,0,1b95,1b95,True,0,correct,1,True,1380,2.0
timeout,depth,_mult2p0,1,0.0,0,1b95,1b95,True,0,correct,1,True,1380,2.0
timeout,depth,_mult2p0,1,0.0,0,1b95,1b95,True,0,correct,1,True,1380,2.0
timeout,depth,_mult2p0,1,0.0,0,1b95,1b95,True,0,correct,1,True,1380,2.0
timeout,depth,_mult2p0,1,0.0,0,1b95,1b95,True,0,correct,1,True,1380,2.0
timeout,depth,_mult2p0,1,0.0,0,1b95,1b95,True,0,correct,1,True,1380,2.0
timeout,depth,_mult2p0,1,0.0,0,1b95,1b95,True,0,correct,1,True,1380,2.0
timeout,depth,_mult2p0,1,0.0,0,1b95,1b95,True,0,correct,1,True,1380,2.0
timeout,depth,_mult2p0,1,0.0,0,1b95,1b95,True,0,correct,1,True,1380,2.0
timeout,depth,_mult2p0,1,0.0,0,1b95,1b95,True,0,correct,1,True,1380,2.0
timeout,depth,_mult2p0,1,0.0,0,1b95,1b95,True,0,correct,1,True,1380,2.0
timeout,depth,_mult2p0,1,0.0,0,1b95,1b95,True,0,correct,1,True,1380,2.0
timeout,depth,_mult2p0,1,0.0,0,1b95,1b95,True,0,correct,1,True,1380,2.0
timeout,depth,_mult2p0,1,0.0,0,1b95,1b95,True,0,correct,1,True,1380,2.0
timeout,depth,_mult2p0,1,0.0,0,1b95,1b95,True,0,correct,1,True,1380,2.0
timeout,depth,_mult2p0,1,0.0,0,1b95,1b95,True,0,correct,1,True,1380,2.0
timeout,depth,_mult2p0,1,0.0,0,1b95,1b95,True,0,correct,1,True,1380,2.0
timeout,depth,_mult2p0,1,0.0,0,1b95,1b95,True,0,correct,1,True,1380,2.0
timeout,depth,_mult2p0,1,0.0,0,1b95,1b95,True,0,correct,1,True,1380,2.0
timeout,depth,_mult2p0,1,0.0,0,1b95,1b95,True,0,correct,1,True,1380,2.0
timeout,depth,_mult2p0,1,0.0,0,1b95,1b95,True,0,correct,1,True,1380,2.0
timeout,depth,_mult2p0,1,0.0,0,1b95,1b95,True,0,correct,1,True,1380,2.0
timeout,depth,_mult2p0,1,0.0,0,1b95,1b95,True,0,correct,1,True,1380,2.0
timeout,depth,_mult2p0,1,0.0,0,1b95,1b95,True,0,correct,1,True,1380,2.0
timeout,depth,_mult2p0,1,0.0,0,1b95,1b95,True,0,correct,1,True,1380,2.0
timeout,depth,_mult2p0,1,0.0,0,1b95,1b95,True,0,correct,1,True,1380,2.0
timeout,depth,_mult2p0,1,0.0,0,1b95,1b95,True,0,correct,1,True,1380,2.0
timeout,depth,_mult2p0,1,0.0,0,1b95,1b95,True,0,correct,1,True,1380,2.0
timeout,depth,_mult2p0,1,0.0,0,1b95,1b95,True,0,correct,1,True,1380,2.0
timeout,depth,_mult2p0,1,0.0,0,1b95,1b95,True,0,correct,1,True,1380,2.0
timeout,depth,_mult2p0,1,0.0,0,1b95,1b95,True,0,correct,1,True,1380,2.0
timeout,depth,_mult2p0,1,0.0,0,1b95,1b95,True,0,correct,1,True,1380,2.0
timeout,depth,_mult2p0,1,0.0,0,1b95,1b95,True,0,correct,1,True,1380,2.0
timeout,depth,_mult2p0,1,0.0,0,1b95,1b95,True,0,correct,1,True,1380,2.0
timeout,depth,_mult2p0,1,0.0,0,1b95,1b95,True,0,correct,1,True,1380,2.0
timeout,depth,_mult2p0,1,0.0,0,1b95,1b95,True,0,correct,1,True,1380,2.0
timeout,depth,_mult2p0,1,0.0,0,1b95,1b95,True,0,correct,1,True,1380,2.0
timeout,depth,_mult2p0,1,0.0,0,1b95,1b95,True,0,correct,1,True,1380,2.0
timeout,depth,_mult2p0,1,0.0,0,1b95,1b95,True,0,correct,1,True,1380,2.0
timeout,depth,_mult2p0,1,0.0,0,1b95,1b95,True,0,correct,1,True,1380,2.0
timeout,depth,_mult2p0,1,0.0,0,1b95,1b95,True,0,correct,1,True,1380,2.0
timeout,depth,_mult2p0,1,0.0,0,1b95,1b95,True,0,correct,1,True,1380,2.0
timeout,depth,_mult2p0,1,0.0,0,1b95,1b95,True,0,correct,1,True,1380,2.0
timeout,depth,_mult2p0,1,0.0,0,1b95,1b95,True,0,correct,1,True,1380,2.0
timeout,depth,_mult2p0,1,0.0,0,1b95,1b95,True,0,correct,1,True,1380,2.0
timeout,depth,_mult2p0,1,0.0,0,1b95,1b95,True,0,correct,1,True,1380,2.0
timeout,depth,_mult2p0,1,0.0,0,1b95,1b95,True,0,correct,1,True,1380,2.0
timeout,depth,_mult2p0,1,0.0,0,1b95,1b95,True,0,correct,1,True,1380,2.0
timeout,depth,_mult2p0,1,0.0,0,1b95,1b95,True,0,correct,1,True,1380,2.0
timeout,depth,_mult2p0,1,0.0,0,1b95,1b95,True,0,correct,1,True,1380,2.0
timeout,depth,_mult2p0,1,0.0,0,1b95,1b95,True,0,correct,1,True,1380,2.0
timeout,depth,_mult2p0,1,0.0,0,1b95,1b95,True,0,correct,1,True,1380,2.0
timeout,depth,_mult2p0,2,0.0,0,a6b6,a6b6,True,0,correct,2,True,1380,2.0
timeout,depth,_mult2p0,2,0.0,0,a6b6,a6b6,True,0,correct,2,True,1380,2.0
timeout,depth,_mult2p0,2,0.0,0,a6b6,a6b6,True,0,correct,2,True,1380,2.0
timeout,depth,_mult2p0,2,0.0,0,a6b6,a6b6,True,0,correct,2,True,1380,2.0
timeout,depth,_mult2p0,2,0.0,0,a6b6,a6b6,True,0,correct,2,True,1380,2.0
timeout,depth,_mult2p0,2,0.0,0,a6b6,a6b6,True,0,correct,2,True,1380,2.0
timeout,depth,_mult2p0,2,0.0,0,a6b6,a6b6,True,0,correct,2,True,1380,2.0
timeout,depth,_mult2p0,2,0.0,0,a6b6,a6b6,True,0,correct,2,True,1380,2.0
timeout,depth,_mult2p0,2,0.0,0,a6b6,a6b6,True,0,correct,2,True,1380,2.0
timeout,depth,_mult2p0,2,0.0,0,a6b6,a6b6,True,0,correct,2,True,1380,2.0
timeout,depth,_mult2p0,2,0.0,0,a6b6,a6b6,True,0,correct,2,True,1380,2.0
timeout,depth,_mult2p0,2,0.0,0,a6b6,a6b6,True,0,correct,2,True,1380,2.0
timeout,depth,_mult2p0,2,0.0,0,a6b6,a6b6,True,0,correct,2,True,1380,2.0
timeout,depth,_mult2p0,2,0.0,0,a6b6,a6b6,True,0,correct,2,True,1380,2.0
timeout,depth,_mult2p0,2,0.0,0,a6b6,a6b6,True,0,correct,2,True,1380,2.0
timeout,depth,_mult2p0,2,0.0,0,a6b6,a6b6,True,0,correct,2,True,1380,2.0
timeout,depth,_mult2p0,2,0.0,0,a6b6,a6b6,True,0,correct,2,True,1380,2.0
timeout,depth,_mult2p0,2,0.0,0,a6b6,a6b6,True,0,correct,2,True,1380,2.0
timeout,depth,_mult2p0,2,0.0,0,a6b6,a6b6,True,0,correct,2,True,1380,2.0
timeout,depth,_mult2p0,2,0.0,0,a6b6,a6b6,True,0,correct,2,True,1380,2.0
timeout,depth,_mult2p0,2,0.0,0,a6b6,a6b6,True,0,correct,2,True,1380,2.0
timeout,depth,_mult2p0,2,0.0,0,a6b6,a6b6,True,0,correct,2,True,1380,2.0
timeout,depth,_mult2p0,2,0.0,0,a6b6,a6b6,True,0,correct,2,True,1380,2.0
timeout,depth,_mult2p0,2,0.0,0,a6b6,a6b6,True,0,correct,2,True,1380,2.0
timeout,depth,_mult2p0,2,0.0,0,a6b6,a6b6,True,0,correct,2,True,1380,2.0
timeout,depth,_mult2p0,2,0.0,0,a6b6,a6b6,True,0,correct,2,True,1380,2.0
timeout,depth,_mult2p0,2,0.0,0,a6b6,a6b6,True,0,correct,2,True,1380,2.0
timeout,depth,_mult2p0,2,0.0,0,a6b6,a6b6,True,0,correct,2,True,1380,2.0
timeout,depth,_mult2p0,2,0.0,0,a6b6,a6b6,True,0,correct,2,True,1380,2.0
timeout,depth,_mult2p0,2,0.0,0,a6b6,a6b6,True,0,correct,2,True,1380,2.0
timeout,depth,_mult2p0,2,0.0,0,a6b6,a6b6,True,0,correct,2,True,1380,2.0
timeout,depth,_mult2p0,2,0.0,0,a6b6,a6b6,True,0,correct,2,True,1380,2.0
timeout,depth,_mult2p0,2,0.0,0,a6b6,a6b6,True,0,correct,2,True,1380,2.0
timeout,depth,_mult2p0,2,0.0,0,a6b6,a6b6,True,0,correct,2,True,1380,2.0
timeout,depth,_mult2p0,2,0.0,0,a6b6,a6b6,True,0,correct,2,True,1380,2.0
timeout,depth,_mult2p0,2,0.0,0,a6b6,a6b6,True,0,correct,2,True,1380,2.0
timeout,depth,_mult2p0,2,0.0,0,a6b6,a6b6,True,0,correct,2,True,1380,2.0
timeout,depth,_mult2p0,2,0.0,0,a6b6,a6b6,True,0,correct,2,True,1380,2.0
timeout,depth,_mult2p0,2,0.0,0,a6b6,a6b6,True,0,correct,2,True,1380,2.0
timeout,depth,_mult2p0,2,0.0,0,a6b6,a6b6,True,0,correct,2,True,1380,2.0
timeout,depth,_mult2p0,2,0.0,0,a6b6,a6b6,True,0,correct,2,True,1380,2.0
timeout,depth,_mult2p0,2,0.0,0,a6b6,a6b6,True,0,correct,2,True,1380,2.0
timeout,depth,_mult2p0,2,0.0,0,a6b6,a6b6,True,0,correct,2,True,1380,2.0
timeout,depth,_mult2p0,2,0.0,0,a6b6,a6b6,True,0,correct,2,True,1380,2.0
timeout,depth,_mult2p0,2,0.0,0,a6b6,a6b6,True,0,correct,2,True,1380,2.0
timeout,depth,_mult2p0,2,0.0,0,a6b6,a6b6,True,0,correct,2,True,1380,2.0
timeout,depth,_mult2p0,2,0.0,0,a6b6,a6b6,True,0,correct,2,True,1380,2.0
timeout,depth,_mult2p0,2,0.0,0,a6b6,a6b6,True,0,correct,2,True,1380,2.0
timeout,depth,_mult2p0,2,0.0,0,a6b6,a6b6,True,0,correct,2,True,1380,2.0
timeout,depth,_mult2p0,2,0.0,0,a6b6,a6b6,True,0,correct,2,True,1380,2.0
timeout,depth,_mult2p0,2,0.0,0,a6b6,a6b6,True,0,correct,2,True,1380,2.0
timeout,depth,_mult2p0,2,0.0,0,a6b6,a6b6,True,0,correct,2,True,1380,2.0
timeout,depth,_mult2p0,2,0.0,0,a6b6,a6b6,True,0,correct,2,True,1380,2.0
timeout,depth,_mult2p0,2,0.0,0,a6b6,a6b6,True,0,correct,2,True,1380,2.0
timeout,depth,_mult2p0,2,0.0,0,a6b6,a6b6,True,0,correct,2,True,1380,2.0
timeout,depth,_mult2p0,2,0.0,0,a6b6,a6b6,True,0,correct,2,True,1380,2.0
timeout,depth,_mult2p0,2,0.0,0,a6b6,a6b6,True,0,correct,2,True,1380,2.0
timeout,depth,_mult2p0,2,0.0,0,a6b6,a6b6,True,0,correct,2,True,1380,2.0
timeout,depth,_mult2p0,2,0.0,0,a6b6,a6b6,True,0,correct,2,True,1380,2.0
timeout,depth,_mult2p0,2,0.0,0,a6b6,a6b6,True,0,correct,2,True,1380,2.0
timeout,depth,_mult2p0,3,0.0,0,bd07,bd07,True,0,correct,3,True,1380,2.0
timeout,depth,_mult2p0,3,0.0,0,bd07,bd07,True,0,correct,3,True,1380,2.0
timeout,depth,_mult2p0,3,0.0,0,bd07,bd07,True,0,correct,3,True,1380,2.0
timeout,depth,_mult2p0,3,0.0,0,bd07,bd07,True,0,correct,3,True,1380,2.0
timeout,depth,_mult2p0,3,0.0,0,bd07,bd07,True,0,correct,3,True,1380,2.0
timeout,depth,_mult2p0,3,0.0,0,bd07,bd07,True,0,correct,3,True,1380,2.0
timeout,depth,_mult2p0,3,0.0,0,bd07,bd07,True,0,correct,3,True,1380,2.0
timeout,depth,_mult2p0,3,0.0,0,bd07,bd07,True,0,correct,3,True,1380,2.0
timeout,depth,_mult2p0,3,0.0,0,bd07,bd07,True,0,correct,3,True,1380,2.0
timeout,depth,_mult2p0,3,0.0,0,bd07,bd07,True,0,correct,3,True,1380,2.0
timeout,depth,_mult2p0,3,0.0,0,bd07,bd07,True,0,correct,3,True,1380,2.0
timeout,depth,_mult2p0,3,0.0,0,bd07,bd07,True,0,correct,3,True,1380,2.0
timeout,depth,_mult2p0,3,0.0,0,bd07,bd07,True,0,correct,3,True,1380,2.0
timeout,depth,_mult2p0,3,0.0,0,bd07,bd07,True,0,correct,3,True,1380,2.0
timeout,depth,_mult2p0,3,0.0,0,bd07,bd07,True,0,correct,3,True,1380,2.0
timeout,depth,_mult2p0,3,0.0,0,bd07,bd07,True,0,correct,3,True,1380,2.0
timeout,depth,_mult2p0,3,0.0,0,bd07,bd07,True,0,correct,3,True,1380,2.0
timeout,depth,_mult2p0,3,0.0,0,bd07,bd07,True,0,correct,3,True,1380,2.0
timeout,depth,_mult2p0,3,0.0,0,bd07,bd07,True,0,correct,3,True,1380,2.0
timeout,depth,_mult2p0,3,0.0,0,bd07,bd07,True,0,correct,3,True,1380,2.0
timeout,depth,_mult2p0,3,0.0,0,bd07,bd07,True,0,correct,3,True,1380,2.0
timeout,depth,_mult2p0,3,0.0,0,bd07,bd07,True,0,correct,3,True,1380,2.0
timeout,depth,_mult2p0,3,0.0,0,bd07,bd07,True,0,correct,3,True,1380,2.0
timeout,depth,_mult2p0,3,0.0,0,bd07,bd07,True,0,correct,3,True,1380,2.0
timeout,depth,_mult2p0,3,0.0,0,bd07,bd07,True,0,correct,3,True,1380,2.0
timeout,depth,_mult2p0,3,0.0,0,bd07,bd07,True,0,correct,3,True,1380,2.0
timeout,depth,_mult2p0,3,0.0,0,bd07,bd07,True,0,correct,3,True,1380,2.0
timeout,depth,_mult2p0,3,0.0,0,bd07,bd07,True,0,correct,3,True,1380,2.0
timeout,depth,_mult2p0,3,0.0,0,bd07,bd07,True,0,correct,3,True,1380,2.0
timeout,depth,_mult2p0,3,0.0,0,bd07,bd07,True,0,correct,3,True,1380,2.0
timeout,depth,_mult2p0,3,0.0,0,bd07,bd07,True,0,correct,3,True,1380,2.0
timeout,depth,_mult2p0,3,0.0,0,bd07,bd07,True,0,correct,3,True,1380,2.0
timeout,depth,_mult2p0,3,0.0,0,bd07,bd07,True,0,correct,3,True,1380,2.0
timeout,depth,_mult2p0,3,0.0,0,bd07,bd07,True,0,correct,3,True,1380,2.0
timeout,depth,_mult2p0,3,0.0,0,bd07,bd07,True,0,correct,3,True,1380,2.0
timeout,depth,_mult2p0,3,0.0,0,bd07,bd07,True,0,correct,3,True,1380,2.0
timeout,depth,_mult2p0,3,0.0,0,bd07,bd07,True,0,correct,3,True,1380,2.0
timeout,depth,_mult2p0,3,0.0,0,bd07,bd07,True,0,correct,3,True,1380,2.0
timeout,depth,_mult2p0,3,0.0,0,bd07,bd07,True,0,correct,3,True,1380,2.0
timeout,depth,_mult2p0,3,0.0,0,bd07,bd07,True,0,correct,3,True,1380,2.0
timeout,depth,_mult2p0,3,0.0,0,bd07,bd07,True,0,correct,3,True,1380,2.0
timeout,depth,_mult2p0,3,0.0,0,bd07,bd07,True,0,correct,3,True,1380,2.0
timeout,depth,_mult2p0,3,0.0,0,bd07,bd07,True,0,correct,3,True,1380,2.0
timeout,depth,_mult2p0,3,0.0,0,bd07,bd07,True,0,correct,3,True,1380,2.0
timeout,depth,_mult2p0,3,0.0,0,bd07,bd07,True,0,correct,3,True,1380,2.0
timeout,depth,_mult2p0,3,0.0,0,bd07,bd07,True,0,correct,3,True,1380,2.0
timeout,depth,_mult2p0,3,0.0,0,bd07,bd07,True,0,correct,3,True,1380,2.0
timeout,depth,_mult2p0,3,0.0,0,bd07,bd07,True,0,correct,3,True,1380,2.0
timeout,depth,_mult2p0,3,0.0,0,bd07,bd07,True,0,correct,3,True,1380,2.0
timeout,depth,_mult2p0,3,0.0,0,bd07,bd07,True,0,correct,3,True,1380,2.0
timeout,depth,_mult2p0,3,0.0,0,bd07,bd07,True,0,correct,3,True,1380,2.0
timeout,depth,_mult2p0,3,0.0,0,bd07,bd07,True,0,correct,3,True,1380,2.0
timeout,depth,_mult2p0,3,0.0,0,bd07,bd07,True,0,correct,3,True,1380,2.0
timeout,depth,_mult2p0,3,0.0,0,bd07,bd07,True,0,correct,3,True,1380,2.0
timeout,depth,_mult2p0,3,0.0,0,bd07,bd07,True,0,correct,3,True,1380,2.0
timeout,depth,_mult2p0,3,0.0,0,bd07,bd07,True,0,correct,3,True,1380,2.0
timeout,depth,_mult2p0,3,0.0,0,bd07,bd07,True,0,correct,3,True,1380,2.0
timeout,depth,_mult2p0,3,0.0,0,bd07,bd07,True,0,correct,3,True,1380,2.0
timeout,depth,_mult2p0,3,0.0,0,bd07,bd07,True,0,correct,3,True,1380,2.0
timeout,depth,_mult2p0,3,0.0,0,bd07,bd07,True,0,correct,3,True,1380,2.0
timeout,depth,_mult2p0,0,0.15,3,faae,fca6,True,6,correct,0,True,1380,2.0
timeout,depth,_mult2p0,0,0.15,1,fea6,fca6,True,5,correct,0,True,1380,2.0
timeout,depth,_mult2p0,0,0.15,1,fca2,fca6,True,6,correct,0,True,1380,2.0
timeout,depth,_mult2p0,0,0.15,3,f884,5ca6,False,1380,oscillated,-1,False,1380,2.0
timeout,depth,_mult2p0,0,0.15,3,f0a2,fca6,True,7,correct,0,True,1380,2.0
timeout,depth,_mult2p0,0,0.15,2,f886,fca6,True,4,correct,0,True,1380,2.0
timeout,depth,_mult2p0,0,0.15,2,f8a2,fca6,True,6,correct,0,True,1380,2.0
timeout,depth,_mult2p0,0,0.15,2,fcac,fca6,True,6,correct,0,True,1380,2.0
timeout,depth,_mult2p0,0,0.15,1,dca6,fca6,True,4,correct,0,True,1380,2.0
timeout,depth,_mult2p0,0,0.15,5,dc0a,fd4b,True,7,spurious,-1,False,1380,2.0
timeout,depth,_mult2p0,0,0.15,2,fea4,fca6,True,5,correct,0,True,1380,2.0
timeout,depth,_mult2p0,0,0.15,4,788e,dca4,False,1380,oscillated,-1,False,1380,2.0
timeout,depth,_mult2p0,0,0.15,2,f5a6,fca6,True,7,correct,0,True,1380,2.0
timeout,depth,_mult2p0,0,0.15,2,fc84,fca6,True,4,correct,0,True,1380,2.0
timeout,depth,_mult2p0,0,0.15,5,f0b0,5ca6,False,1380,oscillated,-1,False,1380,2.0
timeout,depth,_mult2p0,0,0.15,5,3df6,fca6,True,15,correct,0,True,1380,2.0
timeout,depth,_mult2p0,0,0.15,4,7c0e,fd4b,True,12,spurious,-1,False,1380,2.0
timeout,depth,_mult2p0,0,0.15,3,bcb7,fca6,True,15,correct,0,True,1380,2.0
timeout,depth,_mult2p0,0,0.15,2,fea2,fca6,True,6,correct,0,True,1380,2.0
timeout,depth,_mult2p0,0,0.15,4,cda2,fca6,True,7,correct,0,True,1380,2.0
timeout,depth,_mult2p0,0,0.15,1,f8a6,fca6,True,4,correct,0,True,1380,2.0
timeout,depth,_mult2p0,0,0.15,6,2cab,e6fa,True,16,spurious,-1,False,1380,2.0
timeout,depth,_mult2p0,0,0.15,2,f426,fca6,True,9,correct,0,True,1380,2.0
timeout,depth,_mult2p0,0,0.15,2,ece6,fca6,True,7,correct,0,True,1380,2.0
timeout,depth,_mult2p0,0,0.15,3,f9a2,fca6,True,6,correct,0,True,1380,2.0
timeout,depth,_mult2p0,0,0.15,4,6ce2,fca6,True,11,correct,0,True,1380,2.0
timeout,depth,_mult2p0,0,0.15,3,eea2,fca6,True,16,correct,0,True,1380,2.0
timeout,depth,_mult2p0,0,0.15,0,fca6,fca6,True,0,correct,0,True,1380,2.0
timeout,depth,_mult2p0,0,0.15,4,f4e5,fca6,True,7,correct,0,True,1380,2.0
timeout,depth,_mult2p0,0,0.15,2,feb6,fca6,True,5,correct,0,True,1380,2.0
timeout,depth,_mult2p0,0,0.15,3,94a6,fca6,True,23,correct,0,True,1380,2.0
timeout,depth,_mult2p0,0,0.15,0,fca6,fca6,True,0,correct,0,True,1380,2.0
timeout,depth,_mult2p0,0,0.15,1,fca7,fca6,True,4,correct,0,True,1380,2.0
timeout,depth,_mult2p0,0,0.15,1,dca6,fca6,True,4,correct,0,True,1380,2.0
timeout,depth,_mult2p0,0,0.15,1,f8a6,fca6,True,4,correct,0,True,1380,2.0
timeout,depth,_mult2p0,0,0.15,2,fc06,bd07,True,15,wrong_pattern,3,False,1380,2.0
timeout,depth,_mult2p0,0,0.15,4,acac,a6b6,True,17,wrong_pattern,2,False,1380,2.0
timeout,depth,_mult2p0,0,0.15,2,eda6,fca6,True,7,correct,0,True,1380,2.0
timeout,depth,_mult2p0,0,0.15,3,f4b7,fca6,True,14,correct,0,True,1380,2.0
timeout,depth,_mult2p0,0,0.15,1,fea6,fca6,True,5,correct,0,True,1380,2.0
timeout,depth,_mult2p0,0,0.15,1,dca6,fca6,True,4,correct,0,True,1380,2.0
timeout,depth,_mult2p0,0,0.15,5,64e7,fca6,True,17,correct,0,True,1380,2.0
timeout,depth,_mult2p0,0,0.15,1,fcae,fca6,True,6,correct,0,True,1380,2.0
timeout,depth,_mult2p0,0,0.15,5,e4a8,fc6a,True,14,spurious,-1,False,1380,2.0
timeout,depth,_mult2p0,0,0.15,4,f807,bd07,True,12,wrong_pattern,3,False,1380,2.0
timeout,depth,_mult2p0,0,0.15,1,fc26,fca6,True,9,correct,0,True,1380,2.0
timeout,depth,_mult2p0,0,0.15,2,7c86,fca6,True,4,correct,0,True,1380,2.0
timeout,depth,_mult2p0,0,0.15,2,fc06,bd07,True,15,wrong_pattern,3,False,1380,2.0
timeout,depth,_mult2p0,0,0.15,2,fda4,fca6,True,4,correct,0,True,1380,2.0
timeout,depth,_mult2p0,0,0.15,2,dcae,fca6,True,6,correct,0,True,1380,2.0
timeout,depth,_mult2p0,0,0.15,5,e786,fca6,True,17,correct,0,True,1380,2.0
timeout,depth,_mult2p0,0,0.15,3,7de6,fca6,True,6,correct,0,True,1380,2.0
timeout,depth,_mult2p0,0,0.15,1,eca6,fca6,True,7,correct,0,True,1380,2.0
timeout,depth,_mult2p0,0,0.15,2,cca6,fca6,True,7,correct,0,True,1380,2.0
timeout,depth,_mult2p0,0,0.15,2,6ca6,fca6,True,7,correct,0,True,1380,2.0
timeout,depth,_mult2p0,0,0.15,1,fc26,fca6,True,9,correct,0,True,1380,2.0
timeout,depth,_mult2p0,0,0.15,5,dcca,fc6a,True,9,spurious,-1,False,1380,2.0
timeout,depth,_mult2p0,0,0.15,2,dce6,fca6,True,6,correct,0,True,1380,2.0
timeout,depth,_mult2p0,0,0.15,0,fca6,fca6,True,0,correct,0,True,1380,2.0
timeout,depth,_mult2p0,0,0.15,1,f8a6,fca6,True,4,correct,0,True,1380,2.0
timeout,depth,_mult2p0,1,0.15,2,db95,1905,True,13,spurious,-1,False,1380,2.0
timeout,depth,_mult2p0,1,0.15,3,19f5,58a4,True,15,spurious,-1,False,1380,2.0
timeout,depth,_mult2p0,1,0.15,1,1995,1915,False,1380,oscillated,-1,False,1380,2.0
timeout,depth,_mult2p0,1,0.15,3,4bb5,12b4,False,1380,oscillated,-1,False,1380,2.0
timeout,depth,_mult2p0,1,0.15,1,3b95,1b95,True,4,correct,1,True,1380,2.0
timeout,depth,_mult2p0,1,0.15,3,5a97,58a4,True,7,spurious,-1,False,1380,2.0
timeout,depth,_mult2p0,1,0.15,1,1995,1915,False,1380,oscillated,-1,False,1380,2.0
timeout,depth,_mult2p0,1,0.15,3,db94,58a4,True,7,spurious,-1,False,1380,2.0
timeout,depth,_mult2p0,1,0.15,4,3b98,2b4,True,7,spurious,-1,False,1380,2.0
timeout,depth,_mult2p0,1,0.15,0,1b95,1b95,True,0,correct,1,True,1380,2.0
timeout,depth,_mult2p0,1,0.15,2,1bd4,2b4,True,7,spurious,-1,False,1380,2.0
timeout,depth,_mult2p0,1,0.15,1,1b15,1b95,True,9,correct,1,True,1380,2.0
timeout,depth,_mult2p0,1,0.15,3,1791,395,True,7,spurious,-1,False,1380,2.0
timeout,depth,_mult2p0,1,0.15,3,1a8d,58a4,True,15,spurious,-1,False,1380,2.0
timeout,depth,_mult2p0,1,0.15,3,1387,b95,False,1380,oscillated,-1,False,1380,2.0
timeout,depth,_mult2p0,1,0.15,3,1add,2b4,True,7,spurious,-1,False,1380,2.0
timeout,depth,_mult2p0,1,0.15,4,138f,395,True,17,spurious,-1,False,1380,2.0
timeout,depth,_mult2p0,1,0.15,5,1f5,2b4,True,7,spurious,-1,False,1380,2.0
timeout,depth,_mult2p0,1,0.15,0,1b95,1b95,True,0,correct,1,True,1380,2.0
timeout,depth,_mult2p0,1,0.15,4,1d99,1915,False,1380,oscillated,-1,False,1380,2.0
timeout,depth,_mult2p0,1,0.15,1,1b85,1b05,False,1380,oscillated,-1,False,1380,2.0
timeout,depth,_mult2p0,1,0.15,2,1b9c,2b4,True,7,spurious,-1,False,1380,2.0
timeout,depth,_mult2p0,1,0.15,3,fb5,12b4,False,1380,oscillated,-1,False,1380,2.0
timeout,depth,_mult2p0,1,0.15,0,1b95,1b95,True,0,correct,1,True,1380,2.0
timeout,depth,_mult2p0,1,0.15,0,1b95,1b95,True,0,correct,1,True,1380,2.0
timeout,depth,_mult2p0,1,0.15,1,1395,b95,False,1380,oscillated,-1,False,1380,2.0
timeout,depth,_mult2p0,1,0.15,3,3b93,9f95,False,1380,oscillated,-1,False,1380,2.0
timeout,depth,_mult2p0,1,0.15,1,1bb5,58a4,True,21,spurious,-1,False,1380,2.0
timeout,depth,_mult2p0,1,0.15,0,1b95,1b95,True,0,correct,1,True,1380,2.0
timeout,depth,_mult2p0,1,0.15,4,7fb5,d8a6,False,1380,oscillated,-1,False,1380,2.0
timeout,depth,_mult2p0,1,0.15,3,1791,395,True,7,spurious,-1,False,1380,2.0
timeout,depth,_mult2p0,1,0.15,1,5b95,1905,True,13,spurious,-1,False,1380,2.0
timeout,depth,_mult2p0,1,0.15,5,ab05,1707,False,1380,oscillated,-1,False,1380,2.0
timeout,depth,_mult2p0,1,0.15,4,1615,b95,False,1380,oscillated,-1,False,1380,2.0
timeout,depth,_mult2p0,1,0.15,6,ebb4,16b6,False,1380,oscillated,-1,False,1380,2.0
timeout,depth,_mult2p0,1,0.15,2,1b55,395,True,14,spurious,-1,False,1380,2.0
timeout,depth,_mult2p0,1,0.15,3,bf95,bf97,True,4,spurious,-1,False,1380,2.0
timeout,depth,_mult2p0,1,0.15,3,1c95,58a4,True,18,spurious,-1,False,1380,2.0
timeout,depth,_mult2p0,1,0.15,2,1fd5,1b95,True,6,correct,1,True,1380,2.0
timeout,depth,_mult2p0,1,0.15,3,1bf1,2b4,True,7,spurious,-1,False,1380,2.0
timeout,depth,_mult2p0,1,0.15,2,1a9d,2b4,True,7,spurious,-1,False,1380,2.0
timeout,depth,_mult2p0,1,0.15,3,1a14,1b95,True,9,correct,1,True,1380,2.0
timeout,depth,_mult2p0,1,0.15,2,1bb1,2b4,True,7,spurious,-1,False,1380,2.0
timeout,depth,_mult2p0,1,0.15,2,1b17,1b95,True,9,correct,1,True,1380,2.0
timeout,depth,_mult2p0,1,0.15,2,13b5,ab4,False,1380,oscillated,-1,False,1380,2.0
timeout,depth,_mult2p0,1,0.15,6,8ffd,62fa,False,1380,oscillated,-1,False,1380,2.0
timeout,depth,_mult2p0,1,0.15,4,4394,2b4,True,11,spurious,-1,False,1380,2.0
timeout,depth,_mult2p0,1,0.15,5,3755,835b,False,1380,oscillated,-1,False,1380,2.0
timeout,depth,_mult2p0,1,0.15,3,9bc5,1b05,False,1380,oscillated,-1,False,1380,2.0
timeout,depth,_mult2p0,1,0.15,2,5b94,58a4,True,7,spurious,-1,False,1380,2.0
timeout,depth,_mult2p0,1,0.15,1,1395,b95,False,1380,oscillated,-1,False,1380,2.0
timeout,depth,_mult2p0,1,0.15,1,1bd5,1b95,True,6,correct,1,True,1380,2.0
timeout,depth,_mult2p0,1,0.15,1,5b95,1905,True,13,spurious,-1,False,1380,2.0
timeout,depth,_mult2p0,1,0.15,5,38f5,58a4,True,15,spurious,-1,False,1380,2.0
timeout,depth,_mult2p0,1,0.15,2,1915,1915,False,1380,oscillated,-1,False,1380,2.0
timeout,depth,_mult2p0,1,0.15,1,5b95,1905,True,13,spurious,-1,False,1380,2.0
timeout,depth,_mult2p0,1,0.15,3,1b25,1b05,False,1380,oscillated,-1,False,1380,2.0
timeout,depth,_mult2p0,1,0.15,2,1397,b95,False,1380,oscillated,-1,False,1380,2.0
timeout,depth,_mult2p0,1,0.15,4,f995,1d07,False,1380,oscillated,-1,False,1380,2.0
timeout,depth,_mult2p0,1,0.15,2,9395,b95,False,1380,oscillated,-1,False,1380,2.0
timeout,depth,_mult2p0,2,0.15,3,a3b4,6b6,False,1380,oscillated,-1,False,1380,2.0
timeout,depth,_mult2p0,2,0.15,3,acb7,b6b6,False,1380,oscillated,-1,False,1380,2.0
timeout,depth,_mult2p0,2,0.15,3,6eb6,b6b6,False,1380,oscillated,-1,False,1380,2.0
timeout,depth,_mult2p0,2,0.15,1,a7b6,a6b6,True,4,correct,2,True,1380,2.0
timeout,depth,_mult2p0,2,0.15,2,a796,a6b6,True,7,correct,2,True,1380,2.0
timeout,depth,_mult2p0,2,0.15,0,a6b6,a6b6,True,0,correct,2,True,1380,2.0
timeout,depth,_mult2p0,2,0.15,2,a4b4,a6b6,True,5,correct,2,True,1380,2.0
timeout,depth,_mult2p0,2,0.15,0,a6b6,a6b6,True,0,correct,2,True,1380,2.0
timeout,depth,_mult2p0,2,0.15,5,8477,a75b,True,12,spurious,-1,False,1380,2.0
timeout,depth,_mult2p0,2,0.15,2,a2a6,a6b6,True,5,correct,2,True,1380,2.0
timeout,depth,_mult2p0,2,0.15,1,aeb6,b6b6,False,1380,oscillated,-1,False,1380,2.0
timeout,depth,_mult2p0,2,0.15,1,b6b6,aeb6,False,1380,oscillated,-1,False,1380,2.0
timeout,depth,_mult2p0,2,0.15,0,a6b6,a6b6,True,0,correct,2,True,1380,2.0
timeout,depth,_mult2p0,2,0.15,3,b697,aeb6,False,1380,oscillated,-1,False,1380,2.0
timeout,depth,_mult2p0,2,0.15,3,66a6,fca6,True,11,wrong_pattern,0,False,1380,2.0
timeout,depth,_mult2p0,2,0.15,1,a6f6,a6b6,True,6,correct,2,True,1380,2.0
timeout,depth,_mult2p0,2,0.15,4,a6fd,a6b6,True,11,correct,2,True,1380,2.0
timeout,depth,_mult2p0,2,0.15,2,a7be,a6b6,True,6,correct,2,True,1380,2.0
timeout,depth,_mult2p0,2,0.15,0,a6b6,a6b6,True,0,correct,2,True,1380,2.0
timeout,depth,_mult2p0,2,0.15,1,a6be,a6b6,True,6,correct,2,True,1380,2.0
timeout,depth,_mult2p0,2,0.15,2,aea6,b6b6,False,1380,oscillated,-1,False,1380,2.0
timeout,depth,_mult2p0,2,0.15,4,adb4,b6b6,False,1380,oscillated,-1,False,1380,2.0
timeout,depth,_mult2p0,2,0.15,2,b6b4,aeb6,False,1380,oscillated,-1,False,1380,2.0
timeout,depth,_mult2p0,2,0.15,3,8ea6,b6b6,False,1380,oscillated,-1,False,1380,2.0
timeout,depth,_mult2p0,2,0.15,2,b696,aeb6,False,1380,oscillated,-1,False,1380,2.0
timeout,depth,_mult2p0,2,0.15,2,26b7,a6b6,True,4,correct,2,True,1380,2.0
timeout,depth,_mult2p0,2,0.15,0,a6b6,a6b6,True,0,correct,2,True,1380,2.0
timeout,depth,_mult2p0,2,0.15,1,a4b6,a6b6,True,5,correct,2,True,1380,2.0
timeout,depth,_mult2p0,2,0.15,4,8286,26b4,False,1380,oscillated,-1,False,1380,2.0
timeout,depth,_mult2p0,2,0.15,4,69e,a2b4,False,1380,oscillated,-1,False,1380,2.0
timeout,depth,_mult2p0,2,0.15,2,eeb6,b6b6,False,1380,oscillated,-1,False,1380,2.0
timeout,depth,_mult2p0,2,0.15,3,b436,fca6,True,21,wrong_pattern,0,False,1380,2.0
timeout,depth,_mult2p0,2,0.15,2,a6a2,a6b6,True,6,correct,2,True,1380,2.0
timeout,depth,_mult2p0,2,0.15,1,a6b4,a6b6,True,4,correct,2,True,1380,2.0
timeout,depth,_mult2p0,2,0.15,1,a6b7,a6b6,True,4,correct,2,True,1380,2.0
timeout,depth,_mult2p0,2,0.15,2,a6fe,a6b6,True,16,correct,2,True,1380,2.0
timeout,depth,_mult2p0,2,0.15,1,a696,a6b6,True,4,correct,2,True,1380,2.0
timeout,depth,_mult2p0,2,0.15,2,aab6,b6b6,False,1380,oscillated,-1,False,1380,2.0
timeout,depth,_mult2p0,2,0.15,2,a6ba,a6b6,True,16,correct,2,True,1380,2.0
timeout,depth,_mult2p0,2,0.15,4,e36,b2b4,False,1380,oscillated,-1,False,1380,2.0
timeout,depth,_mult2p0,2,0.15,3,25b6,a6b6,True,5,correct,2,True,1380,2.0
timeout,depth,_mult2p0,2,0.15,3,a7ae,a6b6,True,6,correct,2,True,1380,2.0
timeout,depth,_mult2p0,2,0.15,4,2276,86b4,False,1380,oscillated,-1,False,1380,2.0
timeout,depth,_mult2p0,2,0.15,5,a70e,a75b,True,11,spurious,-1,False,1380,2.0
timeout,depth,_mult2p0,2,0.15,5,25e6,a6b6,True,6,correct,2,True,1380,2.0
timeout,depth,_mult2p0,2,0.15,0,a6b6,a6b6,True,0,correct,2,True,1380,2.0
timeout,depth,_mult2p0,2,0.15,1,a6b7,a6b6,True,4,correct,2,True,1380,2.0
timeout,depth,_mult2p0,2,0.15,4,afba,a6b6,True,17,correct,2,True,1380,2.0
timeout,depth,_mult2p0,2,0.15,3,ae34,b6b6,False,1380,oscillated,-1,False,1380,2.0
timeout,depth,_mult2p0,2,0.15,2,26b7,a6b6,True,4,correct,2,True,1380,2.0
timeout,depth,_mult2p0,2,0.15,4,efb7,b6b6,False,1380,oscillated,-1,False,1380,2.0
timeout,depth,_mult2p0,2,0.15,3,8692,a6b6,True,6,correct,2,True,1380,2.0
timeout,depth,_mult2p0,2,0.15,1,a6b2,a6b6,True,6,correct,2,True,1380,2.0
timeout,depth,_mult2p0,2,0.15,6,deb3,fca6,True,6,wrong_pattern,0,False,1380,2.0
timeout,depth,_mult2p0,2,0.15,2,e6be,e6fa,True,16,spurious,-1,False,1380,2.0
timeout,depth,_mult2p0,2,0.15,2,66b6,a6b6,True,11,correct,2,True,1380,2.0
timeout,depth,_mult2p0,2,0.15,1,e6b6,a6b6,True,11,correct,2,True,1380,2.0
timeout,depth,_mult2p0,2,0.15,2,e2b6,a6b6,True,11,correct,2,True,1380,2.0
timeout,depth,_mult2p0,2,0.15,4,be26,fca6,True,15,wrong_pattern,0,False,1380,2.0
timeout,depth,_mult2p0,2,0.15,3,32b6,8eb4,False,1380,oscillated,-1,False,1380,2.0
timeout,depth,_mult2p0,3,0.15,3,f503,fd4b,True,17,spurious,-1,False,1380,2.0
timeout,depth,_mult2p0,3,0.15,2,9907,3d05,False,1380,oscillated,-1,False,1380,2.0
timeout,depth,_mult2p0,3,0.15,2,3d47,bd07,True,6,correct,3,True,1380,2.0
timeout,depth,_mult2p0,3,0.15,2,bd26,bd07,True,7,correct,3,True,1380,2.0
timeout,depth,_mult2p0,3,0.15,4,7f05,9907,False,1380,oscillated,-1,False,1380,2.0
timeout,depth,_mult2p0,3,0.15,2,bd45,bd07,True,6,correct,3,True,1380,2.0
timeout,depth,_mult2p0,3,0.15,1,bd06,bd07,True,4,correct,3,True,1380,2.0
timeout,depth,_mult2p0,3,0.15,2,bb07,bf07,False,1380,oscillated,-1,False,1380,2.0
timeout,depth,_mult2p0,3,0.15,2,7d07,bd07,True,11,correct,3,True,1380,2.0
timeout,depth,_mult2p0,3,0.15,2,b903,bd07,True,6,correct,3,True,1380,2.0
timeout,depth,_mult2p0,3,0.15,1,bd06,bd07,True,4,correct,3,True,1380,2.0
timeout,depth,_mult2p0,3,0.15,4,bda4,fca6,True,11,wrong_pattern,0,False,1380,2.0
timeout,depth,_mult2p0,3,0.15,2,fd47,fd4b,True,16,spurious,-1,False,1380,2.0
timeout,depth,_mult2p0,3,0.15,4,9d11,3917,False,1380,oscillated,-1,False,1380,2.0
timeout,depth,_mult2p0,3,0.15,1,bd05,bd07,True,4,correct,3,True,1380,2.0
timeout,depth,_mult2p0,3,0.15,1,bd27,bd07,True,4,correct,3,True,1380,2.0
timeout,depth,_mult2p0,3,0.15,1,bd06,bd07,True,4,correct,3,True,1380,2.0
timeout,depth,_mult2p0,3,0.15,3,bc45,bd07,True,6,correct,3,True,1380,2.0
timeout,depth,_mult2p0,3,0.15,3,3987,9d05,False,1380,oscillated,-1,False,1380,2.0
timeout,depth,_mult2p0,3,0.15,5,db47,7d49,False,1380,oscillated,-1,False,1380,2.0
timeout,depth,_mult2p0,3,0.15,3,9903,3d05,False,1380,oscillated,-1,False,1380,2.0
timeout,depth,_mult2p0,3,0.15,3,b904,1d07,False,1380,oscillated,-1,False,1380,2.0
timeout,depth,_mult2p0,3,0.15,2,fd05,bd07,True,11,correct,3,True,1380,2.0
timeout,depth,_mult2p0,3,0.15,3,2d0f,f54b,False,1380,oscillated,-1,False,1380,2.0
timeout,depth,_mult2p0,3,0.15,5,b383,a797,True,17,spurious,-1,False,1380,2.0
timeout,depth,_mult2p0,3,0.15,2,ac07,bd07,True,7,correct,3,True,1380,2.0
timeout,depth,_mult2p0,3,0.15,4,af1f,a75b,True,11,spurious,-1,False,1380,2.0
timeout,depth,_mult2p0,3,0.15,3,b703,a75b,True,21,spurious,-1,False,1380,2.0
timeout,depth,_mult2p0,3,0.15,3,dd06,bd07,True,12,correct,3,True,1380,2.0
timeout,depth,_mult2p0,3,0.15,4,3e06,bf07,False,1380,oscillated,-1,False,1380,2.0
timeout,depth,_mult2p0,3,0.15,1,bd27,bd07,True,4,correct,3,True,1380,2.0
timeout,depth,_mult2p0,3,0.15,3,b447,ed4b,False,1380,oscillated,-1,False,1380,2.0
timeout,depth,_mult2p0,3,0.15,2,b587,bf97,True,7,spurious,-1,False,1380,2.0
timeout,depth,_mult2p0,3,0.15,3,bf45,bf07,False,1380,oscillated,-1,False,1380,2.0
timeout,depth,_mult2p0,3,0.15,3,a927,bd07,True,7,correct,3,True,1380,2.0
timeout,depth,_mult2p0,3,0.15,2,bd0e,bd07,True,6,correct,3,True,1380,2.0
timeout,depth,_mult2p0,3,0.15,1,fd07,bd07,True,11,correct,3,True,1380,2.0
timeout,depth,_mult2p0,3,0.15,4,ac16,b797,False,1380,oscillated,-1,False,1380,2.0
timeout,depth,_mult2p0,3,0.15,4,3717,af97,False,1380,oscillated,-1,False,1380,2.0
timeout,depth,_mult2p0,3,0.15,1,bf07,bf07,False,1380,oscillated,-1,False,1380,2.0
timeout,depth,_mult2p0,3,0.15,4,fdd7,bd07,True,11,correct,3,True,1380,2.0
timeout,depth,_mult2p0,3,0.15,1,bd17,bd17,False,1380,oscillated,-1,False,1380,2.0
timeout,depth,_mult2p0,3,0.15,7,85e3,a6b6,True,18,wrong_pattern,2,False,1380,2.0
timeout,depth,_mult2p0,3,0.15,3,b985,1d07,False,1380,oscillated,-1,False,1380,2.0
timeout,depth,_mult2p0,3,0.15,3,b703,a75b,True,21,spurious,-1,False,1380,2.0
timeout,depth,_mult2p0,3,0.15,3,bda5,fca6,True,12,wrong_pattern,0,False,1380,2.0
timeout,depth,_mult2p0,3,0.15,0,bd07,bd07,True,0,correct,3,True,1380,2.0
timeout,depth,_mult2p0,3,0.15,2,b927,bd07,True,4,correct,3,True,1380,2.0
timeout,depth,_mult2p0,3,0.15,5,6c17,bd07,True,13,correct,3,True,1380,2.0
timeout,depth,_mult2p0,3,0.15,3,1d0f,b905,False,1380,oscillated,-1,False,1380,2.0
timeout,depth,_mult2p0,3,0.15,4,1903,1905,True,6,spurious,-1,False,1380,2.0
timeout,depth,_mult2p0,3,0.15,1,b907,bd07,True,4,correct,3,True,1380,2.0
timeout,depth,_mult2p0,3,0.15,1,bd17,bd17,False,1380,oscillated,-1,False,1380,2.0
timeout,depth,_mult2p0,3,0.15,0,bd07,bd07,True,0,correct,3,True,1380,2.0
timeout,depth,_mult2p0,3,0.15,6,918b,2759,False,1380,oscillated,-1,False,1380,2.0
timeout,depth,_mult2p0,3,0.15,0,bd07,bd07,True,0,correct,3,True,1380,2.0
timeout,depth,_mult2p0,3,0.15,2,bd83,bd07,True,9,correct,3,True,1380,2.0
timeout,depth,_mult2p0,3,0.15,0,bd07,bd07,True,0,correct,3,True,1380,2.0
timeout,depth,_mult2p0,3,0.15,5,9483,a6b6,True,17,wrong_pattern,2,False,1380,2.0
timeout,depth,_mult2p0,3,0.15,4,f513,fd4b,True,21,spurious,-1,False,1380,2.0
timeout,depth,_mult2p0,0,0.3,2,7ce6,fca6,True,6,correct,0,True,1380,2.0
timeout,depth,_mult2p0,0,0.3,9,5f4f,f949,False,1380,oscillated,-1,False,1380,2.0
timeout,depth,_mult2p0,0,0.3,6,7fd6,fca6,True,7,correct,0,True,1380,2.0
timeout,depth,_mult2p0,0,0.3,6,f104,1d07,False,1380,oscillated,-1,False,1380,2.0
timeout,depth,_mult2p0,0,0.3,2,7ca7,fca6,True,4,correct,0,True,1380,2.0
timeout,depth,_mult2p0,0,0.3,8,24f3,a6b6,True,17,wrong_pattern,2,False,1380,2.0
timeout,depth,_mult2p0,0,0.3,3,fcf2,fca6,True,11,correct,0,True,1380,2.0
timeout,depth,_mult2p0,0,0.3,2,fea2,fca6,True,6,correct,0,True,1380,2.0
timeout,depth,_mult2p0,0,0.3,6,9c9f,fca6,True,15,correct,0,True,1380,2.0
timeout,depth,_mult2p0,0,0.3,6,84ac,22b6,False,1380,oscillated,-1,False,1380,2.0
timeout,depth,_mult2p0,0,0.3,3,beae,fca6,True,15,correct,0,True,1380,2.0
timeout,depth,_mult2p0,0,0.3,6,dc43,fd4b,True,6,spurious,-1,False,1380,2.0
timeout,depth,_mult2p0,0,0.3,3,fcfe,fca6,True,11,correct,0,True,1380,2.0
timeout,depth,_mult2p0,0,0.3,4,e5a4,fca6,True,7,correct,0,True,1380,2.0
timeout,depth,_mult2p0,0,0.3,5,fa8f,fca6,True,7,correct,0,True,1380,2.0
timeout,depth,_mult2p0,0,0.3,6,38c2,dca4,False,1380,oscillated,-1,False,1380,2.0
timeout,depth,_mult2p0,0,0.3,5,e6af,e6fa,True,15,spurious,-1,False,1380,2.0
timeout,depth,_mult2p0,0,0.3,4,cc66,fc6a,True,21,spurious,-1,False,1380,2.0
timeout,depth,_mult2p0,0,0.3,3,e4a2,fca6,True,17,correct,0,True,1380,2.0
timeout,depth,_mult2p0,0,0.3,5,b8a8,5ca6,False,1380,oscillated,-1,False,1380,2.0
timeout,depth,_mult2p0,0,0.3,4,fc44,fd4b,True,12,spurious,-1,False,1380,2.0
timeout,depth,_mult2p0,0,0.3,5,ccab,fca6,True,12,correct,0,True,1380,2.0
timeout,depth,_mult2p0,0,0.3,3,2ca6,fca6,True,23,correct,0,True,1380,2.0
timeout,depth,_mult2p0,0,0.3,0,fca6,fca6,True,0,correct,0,True,1380,2.0
timeout,depth,_mult2p0,0,0.3,3,f48e,fca6,True,7,correct,0,True,1380,2.0
timeout,depth,_mult2p0,0,0.3,5,f99e,fca6,True,7,correct,0,True,1380,2.0
timeout,depth,_mult2p0,0,0.3,7,f2e1,5ca6,False,1380,oscillated,-1,False,1380,2.0
timeout,depth,_mult2p0,0,0.3,6,e40f,fd4b,True,7,spurious,-1,False,1380,2.0
timeout,depth,_mult2p0,0,0.3,3,f4b4,fca6,True,11,correct,0,True,1380,2.0
timeout,depth,_mult2p0,0,0.3,4,bdac,fca6,True,12,correct,0,True,1380,2.0
timeout,depth,_mult2p0,0,0.3,4,bec6,fca6,True,15,correct,0,True,1380,2.0
timeout,depth,_mult2p0,0,0.3,1,fea6,fca6,True,5,correct,0,True,1380,2.0
timeout,depth,_mult2p0,0,0.3,6,5c8d,58a4,True,7,spurious,-1,False,1380,2.0
timeout,depth,_mult2p0,0,0.3,4,b8aa,fca6,True,14,correct,0,True,1380,2.0
timeout,depth,_mult2p0,0,0.3,9,5afb,4068,True,13,spurious,-1,False,1380,2.0
timeout,depth,_mult2p0,0,0.3,3,e8e6,fca6,True,7,correct,0,True,1380,2.0
timeout,depth,_mult2p0,0,0.3,6,3c42,bd07,True,17,wrong_pattern,3,False,1380,2.0
timeout,depth,_mult2p0,0,0.3,4,feab,fca6,True,11,correct,0,True,1380,2.0
timeout,depth,_mult2p0,0,0.3,2,6ca6,fca6,True,7,correct,0,True,1380,2.0
timeout,depth,_mult2p0,0,0.3,7,72bf,8eb4,False,1380,oscillated,-1,False,1380,2.0
timeout,depth,_mult2p0,0,0.3,5,bfe7,fca6,True,15,correct,0,True,1380,2.0
timeout,depth,_mult2p0,0,0.3,2,f486,fca6,True,7,correct,0,True,1380,2.0
timeout,depth,_mult2p0,0,0.3,4,deb7,fca6,True,5,correct,0,True,1380,2.0
timeout,depth,_mult2p0,0,0.3,2,eca4,fca6,True,7,correct,0,True,1380,2.0
timeout,depth,_mult2p0,0,0.3,4,be27,bf07,False,1380,oscillated,-1,False,1380,2.0
timeout,depth,_mult2p0,0,0.3,5,d0a3,7ca4,False,1380,oscillated,-1,False,1380,2.0
timeout,depth,_mult2p0,0,0.3,7,1802,1905,True,7,spurious,-1,False,1380,2.0
timeout,depth,_mult2p0,0,0.3,3,dc87,fca6,True,7,correct,0,True,1380,2.0
timeout,depth,_mult2p0,0,0.3,7,3e1e,a797,True,9,spurious,-1,False,1380,2.0
timeout,depth,_mult2p0,0,0.3,4,d926,3d05,False,1380,oscillated,-1,False,1380,2.0
timeout,depth,_mult2p0,0,0.3,4,f4e0,fca6,True,11,correct,0,True,1380,2.0
timeout,depth,_mult2p0,0,0.3,5,6436,fc6a,True,22,spurious,-1,False,1380,2.0
timeout,depth,_mult2p0,0,0.3,4,50a6,58a4,True,7,spurious,-1,False,1380,2.0
timeout,depth,_mult2p0,0,0.3,5,38ac,58a4,True,11,spurious,-1,False,1380,2.0
timeout,depth,_mult2p0,0,0.3,7,dc09,794b,False,1380,oscillated,-1,False,1380,2.0
timeout,depth,_mult2p0,0,0.3,7,7abd,58a4,True,6,spurious,-1,False,1380,2.0
timeout,depth,_mult2p0,0,0.3,4,fd76,fd4b,True,13,spurious,-1,False,1380,2.0
timeout,depth,_mult2p0,0,0.3,8,cc48,714b,False,1380,oscillated,-1,False,1380,2.0
timeout,depth,_mult2p0,0,0.3,7,cc6b,f54b,False,1380,oscillated,-1,False,1380,2.0
timeout,depth,_mult2p0,0,0.3,5,fff7,fca6,True,7,correct,0,True,1380,2.0
timeout,depth,_mult2p0,1,0.3,5,93f1,2b4,True,12,spurious,-1,False,1380,2.0
timeout,depth,_mult2p0,1,0.3,4,1b03,1b05,False,1380,oscillated,-1,False,1380,2.0
timeout,depth,_mult2p0,1,0.3,9,272c,835b,False,1380,oscillated,-1,False,1380,2.0
timeout,depth,_mult2p0,1,0.3,2,1a85,58a4,True,18,spurious,-1,False,1380,2.0
timeout,depth,_mult2p0,1,0.3,6,9581,2b97,False,1380,oscillated,-1,False,1380,2.0
timeout,depth,_mult2p0,1,0.3,4,7915,1905,True,13,spurious,-1,False,1380,2.0
timeout,depth,_mult2p0,1,0.3,5,1099,42f8,True,17,spurious,-1,False,1380,2.0
timeout,depth,_mult2p0,1,0.3,5,3ddd,9917,False,1380,oscillated,-1,False,1380,2.0
timeout,depth,_mult2p0,1,0.3,6,b3a7,aeb6,False,1380,oscillated,-1,False,1380,2.0
timeout,depth,_mult2p0,1,0.3,5,a16,1395,False,1380,oscillated,-1,False,1380,2.0
timeout,depth,_mult2p0,1,0.3,4,1d9c,58a4,True,15,spurious,-1,False,1380,2.0
timeout,depth,_mult2p0,1,0.3,5,4ab4,12b4,False,1380,oscillated,-1,False,1380,2.0
timeout,depth,_mult2p0,1,0.3,6,995c,1905,True,15,spurious,-1,False,1380,2.0
timeout,depth,_mult2p0,1,0.3,7,fd05,bd07,True,11,wrong_pattern,3,False,1380,2.0
timeout,depth,_mult2p0,1,0.3,6,10bf,2b4,True,17,spurious,-1,False,1380,2.0
timeout,depth,_mult2p0,1,0.3,5,bbe5,5ca6,False,1380,oscillated,-1,False,1380,2.0
timeout,depth,_mult2p0,1,0.3,5,1903,1905,True,6,spurious,-1,False,1380,2.0
timeout,depth,_mult2p0,1,0.3,2,1bb1,2b4,True,7,spurious,-1,False,1380,2.0
timeout,depth,_mult2p0,1,0.3,3,5bbd,58a4,True,7,spurious,-1,False,1380,2.0
timeout,depth,_mult2p0,1,0.3,4,17b1,2b4,True,7,spurious,-1,False,1380,2.0
timeout,depth,_mult2p0,1,0.3,5,3be7,dca4,False,1380,oscillated,-1,False,1380,2.0
timeout,depth,_mult2p0,1,0.3,3,3985,1905,True,9,spurious,-1,False,1380,2.0
timeout,depth,_mult2p0,1,0.3,2,3b97,9f95,False,1380,oscillated,-1,False,1380,2.0
timeout,depth,_mult2p0,1,0.3,3,5991,1905,True,11,spurious,-1,False,1380,2.0
timeout,depth,_mult2p0,1,0.3,6,be9,42f8,True,15,spurious,-1,False,1380,2.0
timeout,depth,_mult2p0,1,0.3,3,b9f,395,True,7,spurious,-1,False,1380,2.0
timeout,depth,_mult2p0,1,0.3,9,ca20,5868,True,21,spurious,-1,False,1380,2.0
timeout,depth,_mult2p0,1,0.3,3,9a91,2b4,True,7,spurious,-1,False,1380,2.0
timeout,depth,_mult2p0,1,0.3,4,8295,2b4,True,7,spurious,-1,False,1380,2.0
timeout,depth,_mult2p0,1,0.3,6,21f5,2b4,True,7,spurious,-1,False,1380,2.0
timeout,depth,_mult2p0,1,0.3,7,5841,5949,True,6,spurious,-1,False,1380,2.0
timeout,depth,_mult2p0,1,0.3,5,1a7d,395,True,14,spurious,-1,False,1380,2.0
timeout,depth,_mult2p0,1,0.3,6,48c5,58a4,True,7,spurious,-1,False,1380,2.0
timeout,depth,_mult2p0,1,0.3,5,1ad2,2b4,True,7,spurious,-1,False,1380,2.0
timeout,depth,_mult2p0,1,0.3,6,7fc1,d94b,False,1380,oscillated,-1,False,1380,2.0
timeout,depth,_mult2p0,1,0.3,2,395,395,True,0,spurious,-1,False,1380,2.0
timeout,depth,_mult2p0,1,0.3,5,d194,58a4,True,17,spurious,-1,False,1380,2.0
timeout,depth,_mult2p0,1,0.3,5,d91d,5949,True,16,spurious,-1,False,1380,2.0
timeout,depth,_mult2p0,1,0.3,6,badf,a6b6,True,7,wrong_pattern,2,False,1380,2.0
timeout,depth,_mult2p0,1,0.3,4,1bd2,2b4,True,7,spurious,-1,False,1380,2.0
timeout,depth,_mult2p0,1,0.3,5,3fa7,fca6,True,18,wrong_pattern,0,False,1380,2.0
timeout,depth,_mult2p0,1,0.3,3,9d95,3917,False,1380,oscillated,-1,False,1380,2.0
timeout,depth,_mult2p0,1,0.3,3,9f15,3b97,False,1380,oscillated,-1,False,1380,2.0
timeout,depth,_mult2p0,1,0.3,6,9c17,bd17,False,1380,oscillated,-1,False,1380,2.0
timeout,depth,_mult2p0,1,0.3,2,4b95,1395,False,1380,oscillated,-1,False,1380,2.0
timeout,depth,_mult2p0,1,0.3,5,a991,1797,False,1380,oscillated,-1,False,1380,2.0
timeout,depth,_mult2p0,1,0.3,6,99cf,3d05,False,1380,oscillated,-1,False,1380,2.0
timeout,depth,_mult2p0,1,0.3,6,15b9,42f8,True,17,spurious,-1,False,1380,2.0
timeout,depth,_mult2p0,1,0.3,6,3b3b,8759,False,1380,oscillated,-1,False,1380,2.0
timeout,depth,_mult2p0,1,0.3,7,8201,359,True,11,spurious,-1,False,1380,2.0
timeout,depth,_mult2p0,1,0.3,7,7134,1905,True,15,spurious,-1,False,1380,2.0
timeout,depth,_mult2p0,1,0.3,7,cf9b,a797,True,26,spurious,-1,False,1380,2.0
timeout,depth,_mult2p0,1,0.3,6,699f,9d15,False,1380,oscillated,-1,False,1380,2.0
timeout,depth,_mult2p0,1,0.3,4,1ff7,bab4,False,1380,oscillated,-1,False,1380,2.0
timeout,depth,_mult2p0,1,0.3,4,3a8d,58a4,True,15,spurious,-1,False,1380,2.0
timeout,depth,_mult2p0,1,0.3,5,89f5,2b4,True,17,spurious,-1,False,1380,2.0
timeout,depth,_mult2p0,1,0.3,3,8b97,3795,False,1380,oscillated,-1,False,1380,2.0
timeout,depth,_mult2p0,1,0.3,1,1bd5,1b95,True,6,correct,1,True,1380,2.0
timeout,depth,_mult2p0,1,0.3,5,2a35,1395,False,1380,oscillated,-1,False,1380,2.0
timeout,depth,_mult2p0,1,0.3,8,4af8,42f8,True,7,spurious,-1,False,1380,2.0
timeout,depth,_mult2p0,2,0.3,8,283d,359,True,17,spurious,-1,False,1380,2.0
timeout,depth,_mult2p0,2,0.3,7,a581,a797,True,6,spurious,-1,False,1380,2.0
timeout,depth,_mult2p0,2,0.3,5,72be,8eb4,False,1380,oscillated,-1,False,1380,2.0
timeout,depth,_mult2p0,2,0.3,4,c2b2,66f8,False,1380,oscillated,-1,False,1380,2.0
timeout,depth,_mult2p0,2,0.3,5,2a34,12b4,False,1380,oscillated,-1,False,1380,2.0
timeout,depth,_mult2p0,2,0.3,4,f4b2,fca6,True,16,wrong_pattern,0,False,1380,2.0
timeout,depth,_mult2p0,2,0.3,1,26b6,a6b6,True,4,correct,2,True,1380,2.0
timeout,depth,_mult2p0,2,0.3,3,afa6,b6b6,False,1380,oscillated,-1,False,1380,2.0
timeout,depth,_mult2p0,2,0.3,3,a2a7,a6b6,True,5,correct,2,True,1380,2.0
timeout,depth,_mult2p0,2,0.3,5,c6c6,e6fa,True,15,spurious,-1,False,1380,2.0
timeout,depth,_mult2p0,2,0.3,5,8ffe,a6b6,True,17,correct,2,True,1380,2.0
timeout,depth,_mult2p0,2,0.3,3,a635,a797,True,9,spurious,-1,False,1380,2.0
timeout,depth,_mult2p0,2,0.3,5,e42e,e46a,True,6,spurious,-1,False,1380,2.0
timeout,depth,_mult2p0,2,0.3,4,afb5,b6b6,False,1380,oscillated,-1,False,1380,2.0
timeout,depth,_mult2p0,2,0.3,6,aa7a,e6fa,True,11,spurious,-1,False,1380,2.0
timeout,depth,_mult2p0,2,0.3,5,9494,2ab6,False,1380,oscillated,-1,False,1380,2.0
timeout,depth,_mult2p0,2,0.3,2,b6a6,aeb6,False,1380,oscillated,-1,False,1380,2.0
timeout,depth,_mult2p0,2,0.3,5,86e3,a6b6,True,17,correct,2,True,1380,2.0
timeout,depth,_mult2p0,2,0.3,2,aea6,b6b6,False,1380,oscillated,-1,False,1380,2.0
timeout,depth,_mult2p0,2,0.3,5,63be,c6f8,False,1380,oscillated,-1,False,1380,2.0
timeout,depth,_mult2p0,2,0.3,3,2b6,2b4,True,4,spurious,-1,False,1380,2.0
timeout,depth,_mult2p0,2,0.3,6,d4a7,fca6,True,7,wrong_pattern,0,False,1380,2.0
timeout,depth,_mult2p0,2,0.3,5,96bb,a6b6,True,17,correct,2,True,1380,2.0
timeout,depth,_mult2p0,2,0.3,6,45b4,58a4,True,14,spurious,-1,False,1380,2.0
timeout,depth,_mult2p0,2,0.3,4,a7f3,a6b6,True,12,correct,2,True,1380,2.0
timeout,depth,_mult2p0,2,0.3,4,a6ec,a6b6,True,16,correct,2,True,1380,2.0
timeout,depth,_mult2p0,2,0.3,5,96f5,2ab6,False,1380,oscillated,-1,False,1380,2.0
timeout,depth,_mult2p0,2,0.3,5,a09f,a6b6,True,7,correct,2,True,1380,2.0
timeout,depth,_mult2p0,2,0.3,4,66a2,e6ea,False,1380,oscillated,-1,False,1380,2.0
timeout,depth,_mult2p0,2,0.3,5,7a2,a2b4,False,1380,oscillated,-1,False,1380,2.0
timeout,depth,_mult2p0,2,0.3,5,f67e,fc6a,True,17,spurious,-1,False,1380,2.0
timeout,depth,_mult2p0,2,0.3,5,a21c,75b,False,1380,oscillated,-1,False,1380,2.0
timeout,depth,_mult2p0,2,0.3,5,27ac,82b6,False,1380,oscillated,-1,False,1380,2.0
timeout,depth,_mult2p0,2,0.3,6,a42b,a75b,True,7,spurious,-1,False,1380,2.0
timeout,depth,_mult2p0,2,0.3,5,9635,2b97,False,1380,oscillated,-1,False,1380,2.0
timeout,depth,_mult2p0,2,0.3,6,3df6,fca6,True,15,wrong_pattern,0,False,1380,2.0
timeout,depth,_mult2p0,2,0.3,5,ae1f,a75b,True,12,spurious,-1,False,1380,2.0
timeout,depth,_mult2p0,2,0.3,4,aa37,b797,False,1380,oscillated,-1,False,1380,2.0
timeout,depth,_mult2p0,2,0.3,7,f93,b395,False,1380,oscillated,-1,False,1380,2.0
timeout,depth,_mult2p0,2,0.3,4,b426,fca6,True,11,wrong_pattern,0,False,1380,2.0
timeout,depth,_mult2p0,2,0.3,6,ae78,e6fa,True,11,spurious,-1,False,1380,2.0
timeout,depth,_mult2p0,2,0.3,4,83b2,26b4,False,1380,oscillated,-1,False,1380,2.0
timeout,depth,_mult2p0,2,0.3,5,befa,a6b6,True,7,correct,2,True,1380,2.0
timeout,depth,_mult2p0,2,0.3,9,bf19,a75b,True,17,spurious,-1,False,1380,2.0
timeout,depth,_mult2p0,2,0.3,6,38b2,dca4,False,1380,oscillated,-1,False,1380,2.0
timeout,depth,_mult2p0,2,0.3,3,8eb7,b6b6,False,1380,oscillated,-1,False,1380,2.0
timeout,depth,_mult2p0,2,0.3,8,887,58a4,True,26,spurious,-1,False,1380,2.0
timeout,depth,_mult2p0,2,0.3,6,fc94,fca6,True,5,wrong_pattern,0,False,1380,2.0
timeout,depth,_mult2p0,2,0.3,4,97f6,a6b6,True,7,correct,2,True,1380,2.0
timeout,depth,_mult2p0,2,0.3,7,8f25,3307,False,1380,oscillated,-1,False,1380,2.0
timeout,depth,_mult2p0,2,0.3,5,a6e8,e6fa,True,13,spurious,-1,False,1380,2.0
timeout,depth,_mult2p0,2,0.3,5,21b4,2b4,True,5,spurious,-1,False,1380,2.0
timeout,depth,_mult2p0,2,0.3,6,977e,a75b,True,7,spurious,-1,False,1380,2.0
timeout,depth,_mult2p0,2,0.3,5,31b6,8eb4,False,1380,oscillated,-1,False,1380,2.0
timeout,depth,_mult2p0,2,0.3,6,1ebf,f8a4,False,1380,oscillated,-1,False,1380,2.0
timeout,depth,_mult2p0,2,0.3,8,cf7c,794b,False,1380,oscillated,-1,False,1380,2.0
timeout,depth,_mult2p0,2,0.3,6,622e,c6e8,False,1380,oscillated,-1,False,1380,2.0
timeout,depth,_mult2p0,2,0.3,4,2096,86b4,False,1380,oscillated,-1,False,1380,2.0
timeout,depth,_mult2p0,2,0.3,1,a6b2,a6b6,True,6,correct,2,True,1380,2.0
timeout,depth,_mult2p0,2,0.3,5,abbc,16b6,False,1380,oscillated,-1,False,1380,2.0
timeout,depth,_mult2p0,3,0.3,4,a583,a797,True,6,spurious,-1,False,1380,2.0
timeout,depth,_mult2p0,3,0.3,4,3427,bd07,True,7,correct,3,True,1380,2.0
timeout,depth,_mult2p0,3,0.3,5,1b17,1b95,True,9,wrong_pattern,1,False,1380,2.0
timeout,depth,_mult2p0,3,0.3,6,d737,bd07,True,13,correct,3,True,1380,2.0
timeout,depth,_mult2p0,3,0.3,4,3597,af97,False,1380,oscillated,-1,False,1380,2.0
timeout,depth,_mult2p0,3,0.3,6,aa1f,a75b,True,12,spurious,-1,False,1380,2.0
timeout,depth,_mult2p0,3,0.3,7,9560,694b,False,1380,oscillated,-1,False,1380,2.0
timeout,depth,_mult2p0,3,0.3,6,f156,bd07,True,16,correct,3,True,1380,2.0
timeout,depth,_mult2p0,3,0.3,4,ef03,fd4b,True,21,spurious,-1,False,1380,2.0
timeout,depth,_mult2p0,3,0.3,6,ed92,fca6,True,18,wrong_pattern,0,False,1380,2.0
timeout,depth,_mult2p0,3,0.3,5,395f,9d15,False,1380,oscillated,-1,False,1380,2.0
timeout,depth,_mult2p0,3,0.3,4,b536,af97,False,1380,oscillated,-1,False,1380,2.0
timeout,depth,_mult2p0,3,0.3,7,67c7,a75b,True,15,spurious,-1,False,1380,2.0
timeout,depth,_mult2p0,3,0.3,2,bd04,bd07,True,4,correct,3,True,1380,2.0
timeout,depth,_mult2p0,3,0.3,5,dc0b,fd4b,True,6,spurious,-1,False,1380,2.0
timeout,depth,_mult2p0,3,0.3,4,ed2f,fd4b,True,17,spurious,-1,False,1380,2.0
timeout,depth,_mult2p0,3,0.3,5,db17,3d05,False,1380,oscillated,-1,False,1380,2.0
timeout,depth,_mult2p0,3,0.3,4,b797,af97,False,1380,oscillated,-1,False,1380,2.0
timeout,depth,_mult2p0,3,0.3,4,992f,3d05,False,1380,oscillated,-1,False,1380,2.0
timeout,depth,_mult2p0,3,0.3,8,1c5a,a359,False,1380,oscillated,-1,False,1380,2.0
timeout,depth,_mult2p0,3,0.3,6,aa0e,a75b,True,17,spurious,-1,False,1380,2.0
timeout,depth,_mult2p0,3,0.3,7,270a,a75b,True,6,spurious,-1,False,1380,2.0
timeout,depth,_mult2p0,3,0.3,7,ca06,3d05,False,1380,oscillated,-1,False,1380,2.0
timeout,depth,_mult2p0,3,0.3,4,dd8f,bd07,True,16,correct,3,True,1380,2.0
timeout,depth,_mult2p0,3,0.3,1,bc07,bd07,True,4,correct,3,True,1380,2.0
timeout,depth,_mult2p0,3,0.3,6,a8b7,b6b6,False,1380,oscillated,-1,False,1380,2.0
timeout,depth,_mult2p0,3,0.3,3,3d0b,bd07,True,16,correct,3,True,1380,2.0
timeout,depth,_mult2p0,3,0.3,4,3f97,bf97,True,4,spurious,-1,False,1380,2.0
timeout,depth,_mult2p0,3,0.3,6,2a27,9795,False,1380,oscillated,-1,False,1380,2.0
timeout,depth,_mult2p0,3,0.3,5,3426,fca6,True,11,wrong_pattern,0,False,1380,2.0
timeout,depth,_mult2p0,3,0.3,6,b780,a6b6,True,17,wrong_pattern,2,False,1380,2.0
timeout,depth,_mult2p0,3,0.3,3,af06,b707,False,1380,oscillated,-1,False,1380,2.0
timeout,depth,_mult2p0,3,0.3,5,7585,9907,False,1380,oscillated,-1,False,1380,2.0
timeout,depth,_mult2p0,3,0.3,5,ed0a,fd4b,True,7,spurious,-1,False,1380,2.0
timeout,depth,_mult2p0,3,0.3,4,d47,f149,False,1380,oscillated,-1,False,1380,2.0
timeout,depth,_mult2p0,3,0.3,5,9e15,3b97,False,1380,oscillated,-1,False,1380,2.0
timeout,depth,_mult2p0,3,0.3,10,9b0,2b4,True,17,spurious,-1,False,1380,2.0
timeout,depth,_mult2p0,3,0.3,4,9913,3d15,False,1380,oscillated,-1,False,1380,2.0
timeout,depth,_mult2p0,3,0.3,2,b517,ad17,False,1380,oscillated,-1,False,1380,2.0
timeout,depth,_mult2p0,3,0.3,5,f14f,fd4b,True,7,spurious,-1,False,1380,2.0
timeout,depth,_mult2p0,3,0.3,4,1c06,b905,False,1380,oscillated,-1,False,1380,2.0
timeout,depth,_mult2p0,3,0.3,2,ad05,bd07,True,7,correct,3,True,1380,2.0
timeout,depth,_mult2p0,3,0.3,5,ff6f,fd4b,True,6,spurious,-1,False,1380,2.0
timeout,depth,_mult2p0,3,0.3,7,1a37,1b95,True,9,wrong_pattern,1,False,1380,2.0
timeout,depth,_mult2p0,3,0.3,3,9c03,bd07,True,6,correct,3,True,1380,2.0
timeout,depth,_mult2p0,3,0.3,6,7f24,9907,False,1380,oscillated,-1,False,1380,2.0
timeout,depth,_mult2p0,3,0.3,3,b597,af97,False,1380,oscillated,-1,False,1380,2.0
timeout,depth,_mult2p0,3,0.3,5,a687,a6b6,True,7,wrong_pattern,2,False,1380,2.0
timeout,depth,_mult2p0,3,0.3,7,198c,58a4,True,14,spurious,-1,False,1380,2.0
timeout,depth,_mult2p0,3,0.3,5,ac93,a6b6,True,17,wrong_pattern,2,False,1380,2.0
timeout,depth,_mult2p0,3,0.3,6,f53b,fd4b,True,17,spurious,-1,False,1380,2.0
timeout,depth,_mult2p0,3,0.3,3,7d17,bd07,True,13,correct,3,True,1380,2.0
timeout,depth,_mult2p0,3,0.3,5,a737,a797,True,9,spurious,-1,False,1380,2.0
timeout,depth,_mult2p0,3,0.3,4,df87,bd07,True,13,correct,3,True,1380,2.0
timeout,depth,_mult2p0,3,0.3,8,5b93,1905,True,13,spurious,-1,False,1380,2.0
timeout,depth,_mult2p0,3,0.3,4,be26,fca6,True,15,wrong_pattern,0,False,1380,2.0
timeout,depth,_mult2p0,3,0.3,7,19ae,58a4,True,12,spurious,-1,False,1380,2.0
timeout,depth,_mult2p0,3,0.3,4,9dc3,bd07,True,9,correct,3,True,1380,2.0
timeout,depth,_mult2p0,3,0.3,7,878d,2397,False,1380,oscillated,-1,False,1380,2.0
timeout,depth,_mult2p0,3,0.3,3,b405,bd07,True,7,correct,3,True,1380,2.0
timeout,even_odd,_mult2p0,0,0.0,0,fca6,fca6,True,0,correct,0,True,3172,2.0
timeout,even_odd,_mult2p0,0,0.0,0,fca6,fca6,True,0,correct,0,True,3172,2.0
timeout,even_odd,_mult2p0,0,0.0,0,fca6,fca6,True,0,correct,0,True,3172,2.0
timeout,even_odd,_mult2p0,0,0.0,0,fca6,fca6,True,0,correct,0,True,3172,2.0
timeout,even_odd,_mult2p0,0,0.0,0,fca6,fca6,True,0,correct,0,True,3172,2.0
timeout,even_odd,_mult2p0,0,0.0,0,fca6,fca6,True,0,correct,0,True,3172,2.0
timeout,even_odd,_mult2p0,0,0.0,0,fca6,fca6,True,0,correct,0,True,3172,2.0
timeout,even_odd,_mult2p0,0,0.0,0,fca6,fca6,True,0,correct,0,True,3172,2.0
timeout,even_odd,_mult2p0,0,0.0,0,fca6,fca6,True,0,correct,0,True,3172,2.0
timeout,even_odd,_mult2p0,0,0.0,0,fca6,fca6,True,0,correct,0,True,3172,2.0
timeout,even_odd,_mult2p0,0,0.0,0,fca6,fca6,True,0,correct,0,True,3172,2.0
timeout,even_odd,_mult2p0,0,0.0,0,fca6,fca6,True,0,correct,0,True,3172,2.0
timeout,even_odd,_mult2p0,0,0.0,0,fca6,fca6,True,0,correct,0,True,3172,2.0
timeout,even_odd,_mult2p0,0,0.0,0,fca6,fca6,True,0,correct,0,True,3172,2.0
timeout,even_odd,_mult2p0,0,0.0,0,fca6,fca6,True,0,correct,0,True,3172,2.0
timeout,even_odd,_mult2p0,0,0.0,0,fca6,fca6,True,0,correct,0,True,3172,2.0
timeout,even_odd,_mult2p0,0,0.0,0,fca6,fca6,True,0,correct,0,True,3172,2.0
timeout,even_odd,_mult2p0,0,0.0,0,fca6,fca6,True,0,correct,0,True,3172,2.0
timeout,even_odd,_mult2p0,0,0.0,0,fca6,fca6,True,0,correct,0,True,3172,2.0
timeout,even_odd,_mult2p0,0,0.0,0,fca6,fca6,True,0,correct,0,True,3172,2.0
timeout,even_odd,_mult2p0,0,0.0,0,fca6,fca6,True,0,correct,0,True,3172,2.0
timeout,even_odd,_mult2p0,0,0.0,0,fca6,fca6,True,0,correct,0,True,3172,2.0
timeout,even_odd,_mult2p0,0,0.0,0,fca6,fca6,True,0,correct,0,True,3172,2.0
timeout,even_odd,_mult2p0,0,0.0,0,fca6,fca6,True,0,correct,0,True,3172,2.0
timeout,even_odd,_mult2p0,0,0.0,0,fca6,fca6,True,0,correct,0,True,3172,2.0
timeout,even_odd,_mult2p0,0,0.0,0,fca6,fca6,True,0,correct,0,True,3172,2.0
timeout,even_odd,_mult2p0,0,0.0,0,fca6,fca6,True,0,correct,0,True,3172,2.0
timeout,even_odd,_mult2p0,0,0.0,0,fca6,fca6,True,0,correct,0,True,3172,2.0
timeout,even_odd,_mult2p0,0,0.0,0,fca6,fca6,True,0,correct,0,True,3172,2.0
timeout,even_odd,_mult2p0,0,0.0,0,fca6,fca6,True,0,correct,0,True,3172,2.0
timeout,even_odd,_mult2p0,0,0.0,0,fca6,fca6,True,0,correct,0,True,3172,2.0
timeout,even_odd,_mult2p0,0,0.0,0,fca6,fca6,True,0,correct,0,True,3172,2.0
timeout,even_odd,_mult2p0,0,0.0,0,fca6,fca6,True,0,correct,0,True,3172,2.0
timeout,even_odd,_mult2p0,0,0.0,0,fca6,fca6,True,0,correct,0,True,3172,2.0
timeout,even_odd,_mult2p0,0,0.0,0,fca6,fca6,True,0,correct,0,True,3172,2.0
timeout,even_odd,_mult2p0,0,0.0,0,fca6,fca6,True,0,correct,0,True,3172,2.0
timeout,even_odd,_mult2p0,0,0.0,0,fca6,fca6,True,0,correct,0,True,3172,2.0
timeout,even_odd,_mult2p0,0,0.0,0,fca6,fca6,True,0,correct,0,True,3172,2.0
timeout,even_odd,_mult2p0,0,0.0,0,fca6,fca6,True,0,correct,0,True,3172,2.0
timeout,even_odd,_mult2p0,0,0.0,0,fca6,fca6,True,0,correct,0,True,3172,2.0
timeout,even_odd,_mult2p0,0,0.0,0,fca6,fca6,True,0,correct,0,True,3172,2.0
timeout,even_odd,_mult2p0,0,0.0,0,fca6,fca6,True,0,correct,0,True,3172,2.0
timeout,even_odd,_mult2p0,0,0.0,0,fca6,fca6,True,0,correct,0,True,3172,2.0
timeout,even_odd,_mult2p0,0,0.0,0,fca6,fca6,True,0,correct,0,True,3172,2.0
timeout,even_odd,_mult2p0,0,0.0,0,fca6,fca6,True,0,correct,0,True,3172,2.0
timeout,even_odd,_mult2p0,0,0.0,0,fca6,fca6,True,0,correct,0,True,3172,2.0
timeout,even_odd,_mult2p0,0,0.0,0,fca6,fca6,True,0,correct,0,True,3172,2.0
timeout,even_odd,_mult2p0,0,0.0,0,fca6,fca6,True,0,correct,0,True,3172,2.0
timeout,even_odd,_mult2p0,0,0.0,0,fca6,fca6,True,0,correct,0,True,3172,2.0
timeout,even_odd,_mult2p0,0,0.0,0,fca6,fca6,True,0,correct,0,True,3172,2.0
timeout,even_odd,_mult2p0,0,0.0,0,fca6,fca6,True,0,correct,0,True,3172,2.0
timeout,even_odd,_mult2p0,0,0.0,0,fca6,fca6,True,0,correct,0,True,3172,2.0
timeout,even_odd,_mult2p0,0,0.0,0,fca6,fca6,True,0,correct,0,True,3172,2.0
timeout,even_odd,_mult2p0,0,0.0,0,fca6,fca6,True,0,correct,0,True,3172,2.0
timeout,even_odd,_mult2p0,0,0.0,0,fca6,fca6,True,0,correct,0,True,3172,2.0
timeout,even_odd,_mult2p0,0,0.0,0,fca6,fca6,True,0,correct,0,True,3172,2.0
timeout,even_odd,_mult2p0,0,0.0,0,fca6,fca6,True,0,correct,0,True,3172,2.0
timeout,even_odd,_mult2p0,0,0.0,0,fca6,fca6,True,0,correct,0,True,3172,2.0
timeout,even_odd,_mult2p0,0,0.0,0,fca6,fca6,True,0,correct,0,True,3172,2.0
timeout,even_odd,_mult2p0,0,0.0,0,fca6,fca6,True,0,correct,0,True,3172,2.0
timeout,even_odd,_mult2p0,1,0.0,0,1b95,1b95,True,0,correct,1,True,3172,2.0
timeout,even_odd,_mult2p0,1,0.0,0,1b95,1b95,True,0,correct,1,True,3172,2.0
timeout,even_odd,_mult2p0,1,0.0,0,1b95,1b95,True,0,correct,1,True,3172,2.0
timeout,even_odd,_mult2p0,1,0.0,0,1b95,1b95,True,0,correct,1,True,3172,2.0
timeout,even_odd,_mult2p0,1,0.0,0,1b95,1b95,True,0,correct,1,True,3172,2.0
timeout,even_odd,_mult2p0,1,0.0,0,1b95,1b95,True,0,correct,1,True,3172,2.0
timeout,even_odd,_mult2p0,1,0.0,0,1b95,1b95,True,0,correct,1,True,3172,2.0
timeout,even_odd,_mult2p0,1,0.0,0,1b95,1b95,True,0,correct,1,True,3172,2.0
timeout,even_odd,_mult2p0,1,0.0,0,1b95,1b95,True,0,correct,1,True,3172,2.0
timeout,even_odd,_mult2p0,1,0.0,0,1b95,1b95,True,0,correct,1,True,3172,2.0
timeout,even_odd,_mult2p0,1,0.0,0,1b95,1b95,True,0,correct,1,True,3172,2.0
timeout,even_odd,_mult2p0,1,0.0,0,1b95,1b95,True,0,correct,1,True,3172,2.0
timeout,even_odd,_mult2p0,1,0.0,0,1b95,1b95,True,0,correct,1,True,3172,2.0
timeout,even_odd,_mult2p0,1,0.0,0,1b95,1b95,True,0,correct,1,True,3172,2.0
timeout,even_odd,_mult2p0,1,0.0,0,1b95,1b95,True,0,correct,1,True,3172,2.0
timeout,even_odd,_mult2p0,1,0.0,0,1b95,1b95,True,0,correct,1,True,3172,2.0
timeout,even_odd,_mult2p0,1,0.0,0,1b95,1b95,True,0,correct,1,True,3172,2.0
timeout,even_odd,_mult2p0,1,0.0,0,1b95,1b95,True,0,correct,1,True,3172,2.0
timeout,even_odd,_mult2p0,1,0.0,0,1b95,1b95,True,0,correct,1,True,3172,2.0
timeout,even_odd,_mult2p0,1,0.0,0,1b95,1b95,True,0,correct,1,True,3172,2.0
timeout,even_odd,_mult2p0,1,0.0,0,1b95,1b95,True,0,correct,1,True,3172,2.0
timeout,even_odd,_mult2p0,1,0.0,0,1b95,1b95,True,0,correct,1,True,3172,2.0
timeout,even_odd,_mult2p0,1,0.0,0,1b95,1b95,True,0,correct,1,True,3172,2.0
timeout,even_odd,_mult2p0,1,0.0,0,1b95,1b95,True,0,correct,1,True,3172,2.0
timeout,even_odd,_mult2p0,1,0.0,0,1b95,1b95,True,0,correct,1,True,3172,2.0
timeout,even_odd,_mult2p0,1,0.0,0,1b95,1b95,True,0,correct,1,True,3172,2.0
timeout,even_odd,_mult2p0,1,0.0,0,1b95,1b95,True,0,correct,1,True,3172,2.0
timeout,even_odd,_mult2p0,1,0.0,0,1b95,1b95,True,0,correct,1,True,3172,2.0
timeout,even_odd,_mult2p0,1,0.0,0,1b95,1b95,True,0,correct,1,True,3172,2.0
timeout,even_odd,_mult2p0,1,0.0,0,1b95,1b95,True,0,correct,1,True,3172,2.0
timeout,even_odd,_mult2p0,1,0.0,0,1b95,1b95,True,0,correct,1,True,3172,2.0
timeout,even_odd,_mult2p0,1,0.0,0,1b95,1b95,True,0,correct,1,True,3172,2.0
timeout,even_odd,_mult2p0,1,0.0,0,1b95,1b95,True,0,correct,1,True,3172,2.0
timeout,even_odd,_mult2p0,1,0.0,0,1b95,1b95,True,0,correct,1,True,3172,2.0
timeout,even_odd,_mult2p0,1,0.0,0,1b95,1b95,True,0,correct,1,True,3172,2.0
timeout,even_odd,_mult2p0,1,0.0,0,1b95,1b95,True,0,correct,1,True,3172,2.0
timeout,even_odd,_mult2p0,1,0.0,0,1b95,1b95,True,0,correct,1,True,3172,2.0
timeout,even_odd,_mult2p0,1,0.0,0,1b95,1b95,True,0,correct,1,True,3172,2.0
timeout,even_odd,_mult2p0,1,0.0,0,1b95,1b95,True,0,correct,1,True,3172,2.0
timeout,even_odd,_mult2p0,1,0.0,0,1b95,1b95,True,0,correct,1,True,3172,2.0
timeout,even_odd,_mult2p0,1,0.0,0,1b95,1b95,True,0,correct,1,True,3172,2.0
timeout,even_odd,_mult2p0,1,0.0,0,1b95,1b95,True,0,correct,1,True,3172,2.0
timeout,even_odd,_mult2p0,1,0.0,0,1b95,1b95,True,0,correct,1,True,3172,2.0
timeout,even_odd,_mult2p0,1,0.0,0,1b95,1b95,True,0,correct,1,True,3172,2.0
timeout,even_odd,_mult2p0,1,0.0,0,1b95,1b95,True,0,correct,1,True,3172,2.0
timeout,even_odd,_mult2p0,1,0.0,0,1b95,1b95,True,0,correct,1,True,3172,2.0
timeout,even_odd,_mult2p0,1,0.0,0,1b95,1b95,True,0,correct,1,True,3172,2.0
timeout,even_odd,_mult2p0,1,0.0,0,1b95,1b95,True,0,correct,1,True,3172,2.0
timeout,even_odd,_mult2p0,1,0.0,0,1b95,1b95,True,0,correct,1,True,3172,2.0
timeout,even_odd,_mult2p0,1,0.0,0,1b95,1b95,True,0,correct,1,True,3172,2.0
timeout,even_odd,_mult2p0,1,0.0,0,1b95,1b95,True,0,correct,1,True,3172,2.0
timeout,even_odd,_mult2p0,1,0.0,0,1b95,1b95,True,0,correct,1,True,3172,2.0
timeout,even_odd,_mult2p0,1,0.0,0,1b95,1b95,True,0,correct,1,True,3172,2.0
timeout,even_odd,_mult2p0,1,0.0,0,1b95,1b95,True,0,correct,1,True,3172,2.0
timeout,even_odd,_mult2p0,1,0.0,0,1b95,1b95,True,0,correct,1,True,3172,2.0
timeout,even_odd,_mult2p0,1,0.0,0,1b95,1b95,True,0,correct,1,True,3172,2.0
timeout,even_odd,_mult2p0,1,0.0,0,1b95,1b95,True,0,correct,1,True,3172,2.0
timeout,even_odd,_mult2p0,1,0.0,0,1b95,1b95,True,0,correct,1,True,3172,2.0
timeout,even_odd,_mult2p0,1,0.0,0,1b95,1b95,True,0,correct,1,True,3172,2.0
timeout,even_odd,_mult2p0,1,0.0,0,1b95,1b95,True,0,correct,1,True,3172,2.0
timeout,even_odd,_mult2p0,2,0.0,0,a6b6,a6b6,True,0,correct,2,True,3172,2.0
timeout,even_odd,_mult2p0,2,0.0,0,a6b6,a6b6,True,0,correct,2,True,3172,2.0
timeout,even_odd,_mult2p0,2,0.0,0,a6b6,a6b6,True,0,correct,2,True,3172,2.0
timeout,even_odd,_mult2p0,2,0.0,0,a6b6,a6b6,True,0,correct,2,True,3172,2.0
timeout,even_odd,_mult2p0,2,0.0,0,a6b6,a6b6,True,0,correct,2,True,3172,2.0
timeout,even_odd,_mult2p0,2,0.0,0,a6b6,a6b6,True,0,correct,2,True,3172,2.0
timeout,even_odd,_mult2p0,2,0.0,0,a6b6,a6b6,True,0,correct,2,True,3172,2.0
timeout,even_odd,_mult2p0,2,0.0,0,a6b6,a6b6,True,0,correct,2,True,3172,2.0
timeout,even_odd,_mult2p0,2,0.0,0,a6b6,a6b6,True,0,correct,2,True,3172,2.0
timeout,even_odd,_mult2p0,2,0.0,0,a6b6,a6b6,True,0,correct,2,True,3172,2.0
timeout,even_odd,_mult2p0,2,0.0,0,a6b6,a6b6,True,0,correct,2,True,3172,2.0
timeout,even_odd,_mult2p0,2,0.0,0,a6b6,a6b6,True,0,correct,2,True,3172,2.0
timeout,even_odd,_mult2p0,2,0.0,0,a6b6,a6b6,True,0,correct,2,True,3172,2.0
timeout,even_odd,_mult2p0,2,0.0,0,a6b6,a6b6,True,0,correct,2,True,3172,2.0
timeout,even_odd,_mult2p0,2,0.0,0,a6b6,a6b6,True,0,correct,2,True,3172,2.0
timeout,even_odd,_mult2p0,2,0.0,0,a6b6,a6b6,True,0,correct,2,True,3172,2.0
timeout,even_odd,_mult2p0,2,0.0,0,a6b6,a6b6,True,0,correct,2,True,3172,2.0
timeout,even_odd,_mult2p0,2,0.0,0,a6b6,a6b6,True,0,correct,2,True,3172,2.0
timeout,even_odd,_mult2p0,2,0.0,0,a6b6,a6b6,True,0,correct,2,True,3172,2.0
timeout,even_odd,_mult2p0,2,0.0,0,a6b6,a6b6,True,0,correct,2,True,3172,2.0
timeout,even_odd,_mult2p0,2,0.0,0,a6b6,a6b6,True,0,correct,2,True,3172,2.0
timeout,even_odd,_mult2p0,2,0.0,0,a6b6,a6b6,True,0,correct,2,True,3172,2.0
timeout,even_odd,_mult2p0,2,0.0,0,a6b6,a6b6,True,0,correct,2,True,3172,2.0
timeout,even_odd,_mult2p0,2,0.0,0,a6b6,a6b6,True,0,correct,2,True,3172,2.0
timeout,even_odd,_mult2p0,2,0.0,0,a6b6,a6b6,True,0,correct,2,True,3172,2.0
timeout,even_odd,_mult2p0,2,0.0,0,a6b6,a6b6,True,0,correct,2,True,3172,2.0
timeout,even_odd,_mult2p0,2,0.0,0,a6b6,a6b6,True,0,correct,2,True,3172,2.0
timeout,even_odd,_mult2p0,2,0.0,0,a6b6,a6b6,True,0,correct,2,True,3172,2.0
timeout,even_odd,_mult2p0,2,0.0,0,a6b6,a6b6,True,0,correct,2,True,3172,2.0
timeout,even_odd,_mult2p0,2,0.0,0,a6b6,a6b6,True,0,correct,2,True,3172,2.0
timeout,even_odd,_mult2p0,2,0.0,0,a6b6,a6b6,True,0,correct,2,True,3172,2.0
timeout,even_odd,_mult2p0,2,0.0,0,a6b6,a6b6,True,0,correct,2,True,3172,2.0
timeout,even_odd,_mult2p0,2,0.0,0,a6b6,a6b6,True,0,correct,2,True,3172,2.0
timeout,even_odd,_mult2p0,2,0.0,0,a6b6,a6b6,True,0,correct,2,True,3172,2.0
timeout,even_odd,_mult2p0,2,0.0,0,a6b6,a6b6,True,0,correct,2,True,3172,2.0
timeout,even_odd,_mult2p0,2,0.0,0,a6b6,a6b6,True,0,correct,2,True,3172,2.0
timeout,even_odd,_mult2p0,2,0.0,0,a6b6,a6b6,True,0,correct,2,True,3172,2.0
timeout,even_odd,_mult2p0,2,0.0,0,a6b6,a6b6,True,0,correct,2,True,3172,2.0
timeout,even_odd,_mult2p0,2,0.0,0,a6b6,a6b6,True,0,correct,2,True,3172,2.0
timeout,even_odd,_mult2p0,2,0.0,0,a6b6,a6b6,True,0,correct,2,True,3172,2.0
timeout,even_odd,_mult2p0,2,0.0,0,a6b6,a6b6,True,0,correct,2,True,3172,2.0
timeout,even_odd,_mult2p0,2,0.0,0,a6b6,a6b6,True,0,correct,2,True,3172,2.0
timeout,even_odd,_mult2p0,2,0.0,0,a6b6,a6b6,True,0,correct,2,True,3172,2.0
timeout,even_odd,_mult2p0,2,0.0,0,a6b6,a6b6,True,0,correct,2,True,3172,2.0
timeout,even_odd,_mult2p0,2,0.0,0,a6b6,a6b6,True,0,correct,2,True,3172,2.0
timeout,even_odd,_mult2p0,2,0.0,0,a6b6,a6b6,True,0,correct,2,True,3172,2.0
timeout,even_odd,_mult2p0,2,0.0,0,a6b6,a6b6,True,0,correct,2,True,3172,2.0
timeout,even_odd,_mult2p0,2,0.0,0,a6b6,a6b6,True,0,correct,2,True,3172,2.0
timeout,even_odd,_mult2p0,2,0.0,0,a6b6,a6b6,True,0,correct,2,True,3172,2.0
timeout,even_odd,_mult2p0,2,0.0,0,a6b6,a6b6,True,0,correct,2,True,3172,2.0
timeout,even_odd,_mult2p0,2,0.0,0,a6b6,a6b6,True,0,correct,2,True,3172,2.0
timeout,even_odd,_mult2p0,2,0.0,0,a6b6,a6b6,True,0,correct,2,True,3172,2.0
timeout,even_odd,_mult2p0,2,0.0,0,a6b6,a6b6,True,0,correct,2,True,3172,2.0
timeout,even_odd,_mult2p0,2,0.0,0,a6b6,a6b6,True,0,correct,2,True,3172,2.0
timeout,even_odd,_mult2p0,2,0.0,0,a6b6,a6b6,True,0,correct,2,True,3172,2.0
timeout,even_odd,_mult2p0,2,0.0,0,a6b6,a6b6,True,0,correct,2,True,3172,2.0
timeout,even_odd,_mult2p0,2,0.0,0,a6b6,a6b6,True,0,correct,2,True,3172,2.0
timeout,even_odd,_mult2p0,2,0.0,0,a6b6,a6b6,True,0,correct,2,True,3172,2.0
timeout,even_odd,_mult2p0,2,0.0,0,a6b6,a6b6,True,0,correct,2,True,3172,2.0
timeout,even_odd,_mult2p0,2,0.0,0,a6b6,a6b6,True,0,correct,2,True,3172,2.0
timeout,even_odd,_mult2p0,3,0.0,0,bd07,bd07,True,0,correct,3,True,3172,2.0
timeout,even_odd,_mult2p0,3,0.0,0,bd07,bd07,True,0,correct,3,True,3172,2.0
timeout,even_odd,_mult2p0,3,0.0,0,bd07,bd07,True,0,correct,3,True,3172,2.0
timeout,even_odd,_mult2p0,3,0.0,0,bd07,bd07,True,0,correct,3,True,3172,2.0
timeout,even_odd,_mult2p0,3,0.0,0,bd07,bd07,True,0,correct,3,True,3172,2.0
timeout,even_odd,_mult2p0,3,0.0,0,bd07,bd07,True,0,correct,3,True,3172,2.0
timeout,even_odd,_mult2p0,3,0.0,0,bd07,bd07,True,0,correct,3,True,3172,2.0
timeout,even_odd,_mult2p0,3,0.0,0,bd07,bd07,True,0,correct,3,True,3172,2.0
timeout,even_odd,_mult2p0,3,0.0,0,bd07,bd07,True,0,correct,3,True,3172,2.0
timeout,even_odd,_mult2p0,3,0.0,0,bd07,bd07,True,0,correct,3,True,3172,2.0
timeout,even_odd,_mult2p0,3,0.0,0,bd07,bd07,True,0,correct,3,True,3172,2.0
timeout,even_odd,_mult2p0,3,0.0,0,bd07,bd07,True,0,correct,3,True,3172,2.0
timeout,even_odd,_mult2p0,3,0.0,0,bd07,bd07,True,0,correct,3,True,3172,2.0
timeout,even_odd,_mult2p0,3,0.0,0,bd07,bd07,True,0,correct,3,True,3172,2.0
timeout,even_odd,_mult2p0,3,0.0,0,bd07,bd07,True,0,correct,3,True,3172,2.0
timeout,even_odd,_mult2p0,3,0.0,0,bd07,bd07,True,0,correct,3,True,3172,2.0
timeout,even_odd,_mult2p0,3,0.0,0,bd07,bd07,True,0,correct,3,True,3172,2.0
timeout,even_odd,_mult2p0,3,0.0,0,bd07,bd07,True,0,correct,3,True,3172,2.0
timeout,even_odd,_mult2p0,3,0.0,0,bd07,bd07,True,0,correct,3,True,3172,2.0
timeout,even_odd,_mult2p0,3,0.0,0,bd07,bd07,True,0,correct,3,True,3172,2.0
timeout,even_odd,_mult2p0,3,0.0,0,bd07,bd07,True,0,correct,3,True,3172,2.0
timeout,even_odd,_mult2p0,3,0.0,0,bd07,bd07,True,0,correct,3,True,3172,2.0
timeout,even_odd,_mult2p0,3,0.0,0,bd07,bd07,True,0,correct,3,True,3172,2.0
timeout,even_odd,_mult2p0,3,0.0,0,bd07,bd07,True,0,correct,3,True,3172,2.0
timeout,even_odd,_mult2p0,3,0.0,0,bd07,bd07,True,0,correct,3,True,3172,2.0
timeout,even_odd,_mult2p0,3,0.0,0,bd07,bd07,True,0,correct,3,True,3172,2.0
timeout,even_odd,_mult2p0,3,0.0,0,bd07,bd07,True,0,correct,3,True,3172,2.0
timeout,even_odd,_mult2p0,3,0.0,0,bd07,bd07,True,0,correct,3,True,3172,2.0
timeout,even_odd,_mult2p0,3,0.0,0,bd07,bd07,True,0,correct,3,True,3172,2.0
timeout,even_odd,_mult2p0,3,0.0,0,bd07,bd07,True,0,correct,3,True,3172,2.0
timeout,even_odd,_mult2p0,3,0.0,0,bd07,bd07,True,0,correct,3,True,3172,2.0
timeout,even_odd,_mult2p0,3,0.0,0,bd07,bd07,True,0,correct,3,True,3172,2.0
timeout,even_odd,_mult2p0,3,0.0,0,bd07,bd07,True,0,correct,3,True,3172,2.0
timeout,even_odd,_mult2p0,3,0.0,0,bd07,bd07,True,0,correct,3,True,3172,2.0
timeout,even_odd,_mult2p0,3,0.0,0,bd07,bd07,True,0,correct,3,True,3172,2.0
timeout,even_odd,_mult2p0,3,0.0,0,bd07,bd07,True,0,correct,3,True,3172,2.0
timeout,even_odd,_mult2p0,3,0.0,0,bd07,bd07,True,0,correct,3,True,3172,2.0
timeout,even_odd,_mult2p0,3,0.0,0,bd07,bd07,True,0,correct,3,True,3172,2.0
timeout,even_odd,_mult2p0,3,0.0,0,bd07,bd07,True,0,correct,3,True,3172,2.0
timeout,even_odd,_mult2p0,3,0.0,0,bd07,bd07,True,0,correct,3,True,3172,2.0
timeout,even_odd,_mult2p0,3,0.0,0,bd07,bd07,True,0,correct,3,True,3172,2.0
timeout,even_odd,_mult2p0,3,0.0,0,bd07,bd07,True,0,correct,3,True,3172,2.0
timeout,even_odd,_mult2p0,3,0.0,0,bd07,bd07,True,0,correct,3,True,3172,2.0
timeout,even_odd,_mult2p0,3,0.0,0,bd07,bd07,True,0,correct,3,True,3172,2.0
timeout,even_odd,_mult2p0,3,0.0,0,bd07,bd07,True,0,correct,3,True,3172,2.0
timeout,even_odd,_mult2p0,3,0.0,0,bd07,bd07,True,0,correct,3,True,3172,2.0
timeout,even_odd,_mult2p0,3,0.0,0,bd07,bd07,True,0,correct,3,True,3172,2.0
timeout,even_odd,_mult2p0,3,0.0,0,bd07,bd07,True,0,correct,3,True,3172,2.0
timeout,even_odd,_mult2p0,3,0.0,0,bd07,bd07,True,0,correct,3,True,3172,2.0
timeout,even_odd,_mult2p0,3,0.0,0,bd07,bd07,True,0,correct,3,True,3172,2.0
timeout,even_odd,_mult2p0,3,0.0,0,bd07,bd07,True,0,correct,3,True,3172,2.0
timeout,even_odd,_mult2p0,3,0.0,0,bd07,bd07,True,0,correct,3,True,3172,2.0
timeout,even_odd,_mult2p0,3,0.0,0,bd07,bd07,True,0,correct,3,True,3172,2.0
timeout,even_odd,_mult2p0,3,0.0,0,bd07,bd07,True,0,correct,3,True,3172,2.0
timeout,even_odd,_mult2p0,3,0.0,0,bd07,bd07,True,0,correct,3,True,3172,2.0
timeout,even_odd,_mult2p0,3,0.0,0,bd07,bd07,True,0,correct,3,True,3172,2.0
timeout,even_odd,_mult2p0,3,0.0,0,bd07,bd07,True,0,correct,3,True,3172,2.0
timeout,even_odd,_mult2p0,3,0.0,0,bd07,bd07,True,0,correct,3,True,3172,2.0
timeout,even_odd,_mult2p0,3,0.0,0,bd07,bd07,True,0,correct,3,True,3172,2.0
timeout,even_odd,_mult2p0,3,0.0,0,bd07,bd07,True,0,correct,3,True,3172,2.0
timeout,even_odd,_mult2p0,0,0.15,3,faae,fca6,True,25,correct,0,True,3172,2.0
timeout,even_odd,_mult2p0,0,0.15,1,fea6,fca6,True,25,correct,0,True,3172,2.0
timeout,even_odd,_mult2p0,0,0.15,1,fca2,fca6,True,11,correct,0,True,3172,2.0
timeout,even_odd,_mult2p0,0,0.15,3,f884,fca6,True,45,correct,0,True,3172,2.0
timeout,even_odd,_mult2p0,0,0.15,3,f0a2,fca6,True,25,correct,0,True,3172,2.0
timeout,even_odd,_mult2p0,0,0.15,2,f886,fca6,True,25,correct,0,True,3172,2.0
timeout,even_odd,_mult2p0,0,0.15,2,f8a2,fca6,True,11,correct,0,True,3172,2.0
timeout,even_odd,_mult2p0,0,0.15,2,fcac,fca6,True,25,correct,0,True,3172,2.0
timeout,even_odd,_mult2p0,0,0.15,1,dca6,fca6,True,25,correct,0,True,3172,2.0
timeout,even_odd,_mult2p0,0,0.15,5,dc0a,fd4b,True,35,spurious,-1,False,3172,2.0
timeout,even_odd,_mult2p0,0,0.15,2,fea4,fca6,True,25,correct,0,True,3172,2.0
timeout,even_odd,_mult2p0,0,0.15,4,788e,fca6,True,45,correct,0,True,3172,2.0
timeout,even_odd,_mult2p0,0,0.15,2,f5a6,fca6,True,25,correct,0,True,3172,2.0
timeout,even_odd,_mult2p0,0,0.15,2,fc84,fca6,True,25,correct,0,True,3172,2.0
timeout,even_odd,_mult2p0,0,0.15,5,f0b0,fca6,True,45,correct,0,True,3172,2.0
timeout,even_odd,_mult2p0,0,0.15,5,3df6,fca6,True,35,correct,0,True,3172,2.0
timeout,even_odd,_mult2p0,0,0.15,4,7c0e,fd4b,True,45,spurious,-1,False,3172,2.0
timeout,even_odd,_mult2p0,0,0.15,3,bcb7,fca6,True,11,correct,0,True,3172,2.0
timeout,even_odd,_mult2p0,0,0.15,2,fea2,fca6,True,25,correct,0,True,3172,2.0
timeout,even_odd,_mult2p0,0,0.15,4,cda2,fca6,True,25,correct,0,True,3172,2.0
timeout,even_odd,_mult2p0,0,0.15,1,f8a6,fca6,True,11,correct,0,True,3172,2.0
timeout,even_odd,_mult2p0,0,0.15,6,2cab,fca6,True,45,correct,0,True,3172,2.0
timeout,even_odd,_mult2p0,0,0.15,2,f426,fca6,True,25,correct,0,True,3172,2.0
timeout,even_odd,_mult2p0,0,0.15,2,ece6,fca6,True,11,correct,0,True,3172,2.0
timeout,even_odd,_mult2p0,0,0.15,3,f9a2,fca6,True,11,correct,0,True,3172,2.0
timeout,even_odd,_mult2p0,0,0.15,4,6ce2,fca6,True,35,correct,0,True,3172,2.0
timeout,even_odd,_mult2p0,0,0.15,3,eea2,fca6,True,35,correct,0,True,3172,2.0
timeout,even_odd,_mult2p0,0,0.15,0,fca6,fca6,True,0,correct,0,True,3172,2.0
timeout,even_odd,_mult2p0,0,0.15,4,f4e5,fca6,True,25,correct,0,True,3172,2.0
timeout,even_odd,_mult2p0,0,0.15,2,feb6,fca6,True,25,correct,0,True,3172,2.0
timeout,even_odd,_mult2p0,0,0.15,3,94a6,fca6,True,45,correct,0,True,3172,2.0
timeout,even_odd,_mult2p0,0,0.15,0,fca6,fca6,True,0,correct,0,True,3172,2.0
timeout,even_odd,_mult2p0,0,0.15,1,fca7,fca6,True,11,correct,0,True,3172,2.0
timeout,even_odd,_mult2p0,0,0.15,1,dca6,fca6,True,25,correct,0,True,3172,2.0
timeout,even_odd,_mult2p0,0,0.15,1,f8a6,fca6,True,11,correct,0,True,3172,2.0
timeout,even_odd,_mult2p0,0,0.15,2,fc06,bd07,True,21,wrong_pattern,3,False,3172,2.0
timeout,even_odd,_mult2p0,0,0.15,4,acac,fca6,True,45,correct,0,True,3172,2.0
timeout,even_odd,_mult2p0,0,0.15,2,eda6,fca6,True,11,correct,0,True,3172,2.0
timeout,even_odd,_mult2p0,0,0.15,3,f4b7,fca6,True,49,correct,0,True,3172,2.0
timeout,even_odd,_mult2p0,0,0.15,1,fea6,fca6,True,25,correct,0,True,3172,2.0
timeout,even_odd,_mult2p0,0,0.15,1,dca6,fca6,True,25,correct,0,True,3172,2.0
timeout,even_odd,_mult2p0,0,0.15,5,64e7,fca6,True,35,correct,0,True,3172,2.0
timeout,even_odd,_mult2p0,0,0.15,1,fcae,fca6,True,25,correct,0,True,3172,2.0
timeout,even_odd,_mult2p0,0,0.15,5,e4a8,fc6a,True,35,spurious,-1,False,3172,2.0
timeout,even_odd,_mult2p0,0,0.15,4,f807,bd07,True,11,wrong_pattern,3,False,3172,2.0
timeout,even_odd,_mult2p0,0,0.15,1,fc26,fca6,True,25,correct,0,True,3172,2.0
timeout,even_odd,_mult2p0,0,0.15,2,7c86,fca6,True,25,correct,0,True,3172,2.0
timeout,even_odd,_mult2p0,0,0.15,2,fc06,bd07,True,21,wrong_pattern,3,False,3172,2.0
timeout,even_odd,_mult2p0,0,0.15,2,fda4,fca6,True,25,correct,0,True,3172,2.0
timeout,even_odd,_mult2p0,0,0.15,2,dcae,fca6,True,25,correct,0,True,3172,2.0
timeout,even_odd,_mult2p0,0,0.15,5,e786,a6b6,True,55,wrong_pattern,2,False,3172,2.0
timeout,even_odd,_mult2p0,0,0.15,3,7de6,fca6,True,25,correct,0,True,3172,2.0
timeout,even_odd,_mult2p0,0,0.15,1,eca6,fca6,True,11,correct,0,True,3172,2.0
timeout,even_odd,_mult2p0,0,0.15,2,cca6,fca6,True,25,correct,0,True,3172,2.0
timeout,even_odd,_mult2p0,0,0.15,2,6ca6,fca6,True,25,correct,0,True,3172,2.0
timeout,even_odd,_mult2p0,0,0.15,1,fc26,fca6,True,25,correct,0,True,3172,2.0
timeout,even_odd,_mult2p0,0,0.15,5,dcca,fc6a,True,25,spurious,-1,False,3172,2.0
timeout,even_odd,_mult2p0,0,0.15,2,dce6,fca6,True,25,correct,0,True,3172,2.0
timeout,even_odd,_mult2p0,0,0.15,0,fca6,fca6,True,0,correct,0,True,3172,2.0
timeout,even_odd,_mult2p0,0,0.15,1,f8a6,fca6,True,11,correct,0,True,3172,2.0
timeout,even_odd,_mult2p0,1,0.15,2,db95,1905,True,35,spurious,-1,False,3172,2.0
timeout,even_odd,_mult2p0,1,0.15,3,19f5,58a4,True,11,spurious,-1,False,3172,2.0
timeout,even_odd,_mult2p0,1,0.15,1,1995,1905,True,45,spurious,-1,False,3172,2.0
timeout,even_odd,_mult2p0,1,0.15,3,4bb5,58a4,True,55,spurious,-1,False,3172,2.0
timeout,even_odd,_mult2p0,1,0.15,1,3b95,1b95,True,25,correct,1,True,3172,2.0
timeout,even_odd,_mult2p0,1,0.15,3,5a97,58a4,True,35,spurious,-1,False,3172,2.0
timeout,even_odd,_mult2p0,1,0.15,1,1995,1905,True,45,spurious,-1,False,3172,2.0
timeout,even_odd,_mult2p0,1,0.15,3,db94,58a4,True,35,spurious,-1,False,3172,2.0
timeout,even_odd,_mult2p0,1,0.15,4,3b98,2b4,True,45,spurious,-1,False,3172,2.0
timeout,even_odd,_mult2p0,1,0.15,0,1b95,1b95,True,0,correct,1,True,3172,2.0
timeout,even_odd,_mult2p0,1,0.15,2,1bd4,2b4,True,35,spurious,-1,False,3172,2.0
timeout,even_odd,_mult2p0,1,0.15,1,1b15,1b95,True,25,correct,1,True,3172,2.0
timeout,even_odd,_mult2p0,1,0.15,3,1791,395,True,11,spurious,-1,False,3172,2.0
timeout,even_odd,_mult2p0,1,0.15,3,1a8d,58a4,True,59,spurious,-1,False,3172,2.0
timeout,even_odd,_mult2p0,1,0.15,3,1387,395,True,45,spurious,-1,False,3172,2.0
timeout,even_odd,_mult2p0,1,0.15,3,1add,2b4,True,45,spurious,-1,False,3172,2.0
timeout,even_odd,_mult2p0,1,0.15,4,138f,395,True,49,spurious,-1,False,3172,2.0
timeout,even_odd,_mult2p0,1,0.15,5,1f5,2b4,True,83,spurious,-1,False,3172,2.0
timeout,even_odd,_mult2p0,1,0.15,0,1b95,1b95,True,0,correct,1,True,3172,2.0
timeout,even_odd,_mult2p0,1,0.15,4,1d99,1905,True,35,spurious,-1,False,3172,2.0
timeout,even_odd,_mult2p0,1,0.15,1,1b85,1b95,True,11,correct,1,True,3172,2.0
timeout,even_odd,_mult2p0,1,0.15,2,1b9c,2b4,True,35,spurious,-1,False,3172,2.0
timeout,even_odd,_mult2p0,1,0.15,3,fb5,58a4,True,55,spurious,-1,False,3172,2.0
timeout,even_odd,_mult2p0,1,0.15,0,1b95,1b95,True,0,correct,1,True,3172,2.0
timeout,even_odd,_mult2p0,1,0.15,0,1b95,1b95,True,0,correct,1,True,3172,2.0
timeout,even_odd,_mult2p0,1,0.15,1,1395,395,True,11,spurious,-1,False,3172,2.0
timeout,even_odd,_mult2p0,1,0.15,3,3b93,a797,True,69,spurious,-1,False,3172,2.0
timeout,even_odd,_mult2p0,1,0.15,1,1bb5,58a4,True,51,spurious,-1,False,3172,2.0
timeout,even_odd,_mult2p0,1,0.15,0,1b95,1b95,True,0,correct,1,True,3172,2.0
timeout,even_odd,_mult2p0,1,0.15,4,7fb5,58a4,True,45,spurious,-1,False,3172,2.0
timeout,even_odd,_mult2p0,1,0.15,3,1791,395,True,11,spurious,-1,False,3172,2.0
timeout,even_odd,_mult2p0,1,0.15,1,5b95,1b95,True,21,correct,1,True,3172,2.0
timeout,even_odd,_mult2p0,1,0.15,5,ab05,bf97,True,45,spurious,-1,False,3172,2.0
timeout,even_odd,_mult2p0,1,0.15,4,1615,395,True,45,spurious,-1,False,3172,2.0
timeout,even_odd,_mult2p0,1,0.15,6,ebb4,fca6,True,65,wrong_pattern,0,False,3172,2.0
timeout,even_odd,_mult2p0,1,0.15,2,1b55,395,True,35,spurious,-1,False,3172,2.0
timeout,even_odd,_mult2p0,1,0.15,3,bf95,bf97,True,25,spurious,-1,False,3172,2.0
timeout,even_odd,_mult2p0,1,0.15,3,1c95,58a4,True,45,spurious,-1,False,3172,2.0
timeout,even_odd,_mult2p0,1,0.15,2,1fd5,1b95,True,21,correct,1,True,3172,2.0
timeout,even_odd,_mult2p0,1,0.15,3,1bf1,2b4,True,69,spurious,-1,False,3172,2.0
timeout,even_odd,_mult2p0,1,0.15,2,1a9d,2b4,True,35,spurious,-1,False,3172,2.0
timeout,even_odd,_mult2p0,1,0.15,3,1a14,58a4,True,93,spurious,-1,False,3172,2.0
timeout,even_odd,_mult2p0,1,0.15,2,1bb1,2b4,True,35,spurious,-1,False,3172,2.0
timeout,even_odd,_mult2p0,1,0.15,2,1b17,1b95,True,25,correct,1,True,3172,2.0
timeout,even_odd,_mult2p0,1,0.15,2,13b5,2b4,True,11,spurious,-1,False,3172,2.0
timeout,even_odd,_mult2p0,1,0.15,6,8ffd,2b4,True,45,spurious,-1,False,3172,2.0
timeout,even_odd,_mult2p0,1,0.15,4,4394,2b4,True,35,spurious,-1,False,3172,2.0
timeout,even_odd,_mult2p0,1,0.15,5,3755,359,True,45,spurious,-1,False,3172,2.0
timeout,even_odd,_mult2p0,1,0.15,3,9bc5,1b95,True,45,correct,1,True,3172,2.0
timeout,even_odd,_mult2p0,1,0.15,2,5b94,58a4,True,35,spurious,-1,False,3172,2.0
timeout,even_odd,_mult2p0,1,0.15,1,1395,395,True,11,spurious,-1,False,3172,2.0
timeout,even_odd,_mult2p0,1,0.15,1,1bd5,1b95,True,21,correct,1,True,3172,2.0
timeout,even_odd,_mult2p0,1,0.15,1,5b95,1b95,True,21,correct,1,True,3172,2.0
timeout,even_odd,_mult2p0,1,0.15,5,38f5,58a4,True,35,spurious,-1,False,3172,2.0
timeout,even_odd,_mult2p0,1,0.15,2,1915,1905,True,11,spurious,-1,False,3172,2.0
timeout,even_odd,_mult2p0,1,0.15,1,5b95,1b95,True,21,correct,1,True,3172,2.0
timeout,even_odd,_mult2p0,1,0.15,3,1b25,1b95,True,45,correct,1,True,3172,2.0
timeout,even_odd,_mult2p0,1,0.15,2,1397,395,True,45,spurious,-1,False,3172,2.0
timeout,even_odd,_mult2p0,1,0.15,4,f995,bd07,True,45,wrong_pattern,3,False,3172,2.0
timeout,even_odd,_mult2p0,1,0.15,2,9395,395,True,45,spurious,-1,False,3172,2.0
timeout,even_odd,_mult2p0,2,0.15,3,a3b4,a6b6,True,45,correct,2,True,3172,2.0
timeout,even_odd,_mult2p0,2,0.15,3,acb7,fca6,True,21,wrong_pattern,0,False,3172,2.0
timeout,even_odd,_mult2p0,2,0.15,3,6eb6,fca6,True,55,wrong_pattern,0,False,3172,2.0
timeout,even_odd,_mult2p0,2,0.15,1,a7b6,a6b6,True,11,correct,2,True,3172,2.0
timeout,even_odd,_mult2p0,2,0.15,2,a796,a6b6,True,35,correct,2,True,3172,2.0
timeout,even_odd,_mult2p0,2,0.15,0,a6b6,a6b6,True,0,correct,2,True,3172,2.0
timeout,even_odd,_mult2p0,2,0.15,2,a4b4,fca6,True,45,wrong_pattern,0,False,3172,2.0
timeout,even_odd,_mult2p0,2,0.15,0,a6b6,a6b6,True,0,correct,2,True,3172,2.0
timeout,even_odd,_mult2p0,2,0.15,5,8477,a732,False,3172,oscillated,-1,False,3172,2.0
timeout,even_odd,_mult2p0,2,0.15,2,a2a6,a6b6,True,21,correct,2,True,3172,2.0
timeout,even_odd,_mult2p0,2,0.15,1,aeb6,fca6,True,55,wrong_pattern,0,False,3172,2.0
timeout,even_odd,_mult2p0,2,0.15,1,b6b6,a6b6,True,11,correct,2,True,3172,2.0
timeout,even_odd,_mult2p0,2,0.15,0,a6b6,a6b6,True,0,correct,2,True,3172,2.0
timeout,even_odd,_mult2p0,2,0.15,3,b697,a6b6,True,45,correct,2,True,3172,2.0
timeout,even_odd,_mult2p0,2,0.15,3,66a6,fca6,True,69,wrong_pattern,0,False,3172,2.0
timeout,even_odd,_mult2p0,2,0.15,1,a6f6,a6b6,True,11,correct,2,True,3172,2.0
timeout,even_odd,_mult2p0,2,0.15,4,a6fd,e6fa,True,51,spurious,-1,False,3172,2.0
timeout,even_odd,_mult2p0,2,0.15,2,a7be,a6b6,True,25,correct,2,True,3172,2.0
timeout,even_odd,_mult2p0,2,0.15,0,a6b6,a6b6,True,0,correct,2,True,3172,2.0
timeout,even_odd,_mult2p0,2,0.15,1,a6be,a6b6,True,25,correct,2,True,3172,2.0
timeout,even_odd,_mult2p0,2,0.15,2,aea6,fca6,True,45,wrong_pattern,0,False,3172,2.0
timeout,even_odd,_mult2p0,2,0.15,4,adb4,fca6,True,45,wrong_pattern,0,False,3172,2.0
timeout,even_odd,_mult2p0,2,0.15,2,b6b4,a6b6,True,45,correct,2,True,3172,2.0
timeout,even_odd,_mult2p0,2,0.15,3,8ea6,fca6,True,45,wrong_pattern,0,False,3172,2.0
timeout,even_odd,_mult2p0,2,0.15,2,b696,a6b6,True,45,correct,2,True,3172,2.0
timeout,even_odd,_mult2p0,2,0.15,2,26b7,a6b6,True,25,correct,2,True,3172,2.0
timeout,even_odd,_mult2p0,2,0.15,0,a6b6,a6b6,True,0,correct,2,True,3172,2.0
timeout,even_odd,_mult2p0,2,0.15,1,a4b6,fca6,True,45,wrong_pattern,0,False,3172,2.0
timeout,even_odd,_mult2p0,2,0.15,4,8286,a6b6,True,45,correct,2,True,3172,2.0
timeout,even_odd,_mult2p0,2,0.15,4,69e,2b4,True,45,spurious,-1,False,3172,2.0
timeout,even_odd,_mult2p0,2,0.15,2,eeb6,fca6,True,55,wrong_pattern,0,False,3172,2.0
timeout,even_odd,_mult2p0,2,0.15,3,b436,fca6,True,59,wrong_pattern,0,False,3172,2.0
timeout,even_odd,_mult2p0,2,0.15,2,a6a2,a6b6,True,21,correct,2,True,3172,2.0
timeout,even_odd,_mult2p0,2,0.15,1,a6b4,a6b6,True,25,correct,2,True,3172,2.0
timeout,even_odd,_mult2p0,2,0.15,1,a6b7,a6b6,True,11,correct,2,True,3172,2.0
timeout,even_odd,_mult2p0,2,0.15,2,a6fe,e6fa,True,21,spurious,-1,False,3172,2.0
timeout,even_odd,_mult2p0,2,0.15,1,a696,a6b6,True,25,correct,2,True,3172,2.0
timeout,even_odd,_mult2p0,2,0.15,2,aab6,fca6,True,55,wrong_pattern,0,False,3172,2.0
timeout,even_odd,_mult2p0,2,0.15,2,a6ba,e6fa,True,21,spurious,-1,False,3172,2.0
timeout,even_odd,_mult2p0,2,0.15,4,e36,58a4,True,89,spurious,-1,False,3172,2.0
timeout,even_odd,_mult2p0,2,0.15,3,25b6,a6b6,True,35,correct,2,True,3172,2.0
timeout,even_odd,_mult2p0,2,0.15,3,a7ae,a6b6,True,25,correct,2,True,3172,2.0
timeout,even_odd,_mult2p0,2,0.15,4,2276,e6fa,True,45,spurious,-1,False,3172,2.0
timeout,even_odd,_mult2p0,2,0.15,5,a70e,a75b,True,11,spurious,-1,False,3172,2.0
timeout,even_odd,_mult2p0,2,0.15,5,25e6,fca6,True,45,wrong_pattern,0,False,3172,2.0
timeout,even_odd,_mult2p0,2,0.15,0,a6b6,a6b6,True,0,correct,2,True,3172,2.0
timeout,even_odd,_mult2p0,2,0.15,1,a6b7,a6b6,True,11,correct,2,True,3172,2.0
timeout,even_odd,_mult2p0,2,0.15,4,afba,a6b6,True,69,correct,2,True,3172,2.0
timeout,even_odd,_mult2p0,2,0.15,3,ae34,fca6,True,89,wrong_pattern,0,False,3172,2.0
timeout,even_odd,_mult2p0,2,0.15,2,26b7,a6b6,True,25,correct,2,True,3172,2.0
timeout,even_odd,_mult2p0,2,0.15,4,efb7,fca6,True,55,wrong_pattern,0,False,3172,2.0
timeout,even_odd,_mult2p0,2,0.15,3,8692,a6b6,True,25,correct,2,True,3172,2.0
timeout,even_odd,_mult2p0,2,0.15,1,a6b2,a6b6,True,11,correct,2,True,3172,2.0
timeout,even_odd,_mult2p0,2,0.15,6,deb3,fca6,True,25,wrong_pattern,0,False,3172,2.0
timeout,even_odd,_mult2p0,2,0.15,2,e6be,e6fa,True,21,spurious,-1,False,3172,2.0
timeout,even_odd,_mult2p0,2,0.15,2,66b6,a6b6,True,25,correct,2,True,3172,2.0
timeout,even_odd,_mult2p0,2,0.15,1,e6b6,a6b6,True,11,correct,2,True,3172,2.0
timeout,even_odd,_mult2p0,2,0.15,2,e2b6,a6b6,True,11,correct,2,True,3172,2.0
timeout,even_odd,_mult2p0,2,0.15,4,be26,fca6,True,35,wrong_pattern,0,False,3172,2.0
timeout,even_odd,_mult2p0,2,0.15,3,32b6,a6b6,True,45,correct,2,True,3172,2.0
timeout,even_odd,_mult2p0,3,0.15,3,f503,fd4b,True,69,spurious,-1,False,3172,2.0
timeout,even_odd,_mult2p0,3,0.15,2,9907,bd07,True,45,correct,3,True,3172,2.0
timeout,even_odd,_mult2p0,3,0.15,2,3d47,bd07,True,25,correct,3,True,3172,2.0
timeout,even_odd,_mult2p0,3,0.15,2,bd26,fca6,True,59,wrong_pattern,0,False,3172,2.0
timeout,even_odd,_mult2p0,3,0.15,4,7f05,1905,True,69,spurious,-1,False,3172,2.0
timeout,even_odd,_mult2p0,3,0.15,2,bd45,bd07,True,25,correct,3,True,3172,2.0
timeout,even_odd,_mult2p0,3,0.15,1,bd06,bd07,True,11,correct,3,True,3172,2.0
timeout,even_odd,_mult2p0,3,0.15,2,bb07,bf97,True,45,spurious,-1,False,3172,2.0
timeout,even_odd,_mult2p0,3,0.15,2,7d07,bd07,True,25,correct,3,True,3172,2.0
timeout,even_odd,_mult2p0,3,0.15,2,b903,bd07,True,11,correct,3,True,3172,2.0
timeout,even_odd,_mult2p0,3,0.15,1,bd06,bd07,True,11,correct,3,True,3172,2.0
timeout,even_odd,_mult2p0,3,0.15,4,bda4,fca6,True,25,wrong_pattern,0,False,3172,2.0
timeout,even_odd,_mult2p0,3,0.15,2,fd47,bd07,True,21,correct,3,True,3172,2.0
timeout,even_odd,_mult2p0,3,0.15,4,9d11,1905,True,45,spurious,-1,False,3172,2.0
timeout,even_odd,_mult2p0,3,0.15,1,bd05,bd07,True,25,correct,3,True,3172,2.0
timeout,even_odd,_mult2p0,3,0.15,1,bd27,bd07,True,25,correct,3,True,3172,2.0
timeout,even_odd,_mult2p0,3,0.15,1,bd06,bd07,True,11,correct,3,True,3172,2.0
timeout,even_odd,_mult2p0,3,0.15,3,bc45,bd07,True,25,correct,3,True,3172,2.0
timeout,even_odd,_mult2p0,3,0.15,3,3987,bd07,True,45,correct,3,True,3172,2.0
timeout,even_odd,_mult2p0,3,0.15,5,db47,bd07,True,69,correct,3,True,3172,2.0
timeout,even_odd,_mult2p0,3,0.15,3,9903,bd07,True,45,correct,3,True,3172,2.0
timeout,even_odd,_mult2p0,3,0.15,3,b904,bd07,True,45,correct,3,True,3172,2.0
timeout,even_odd,_mult2p0,3,0.15,2,fd05,bd07,True,25,correct,3,True,3172,2.0
timeout,even_odd,_mult2p0,3,0.15,3,2d0f,fd4b,True,45,spurious,-1,False,3172,2.0
timeout,even_odd,_mult2p0,3,0.15,5,b383,a797,True,11,spurious,-1,False,3172,2.0
timeout,even_odd,_mult2p0,3,0.15,2,ac07,bd07,True,11,correct,3,True,3172,2.0
timeout,even_odd,_mult2p0,3,0.15,4,af1f,a75b,True,35,spurious,-1,False,3172,2.0
timeout,even_odd,_mult2p0,3,0.15,3,b703,a75b,True,45,spurious,-1,False,3172,2.0
timeout,even_odd,_mult2p0,3,0.15,3,dd06,bd07,True,35,correct,3,True,3172,2.0
timeout,even_odd,_mult2p0,3,0.15,4,3e06,fca6,True,69,wrong_pattern,0,False,3172,2.0
timeout,even_odd,_mult2p0,3,0.15,1,bd27,bd07,True,25,correct,3,True,3172,2.0
timeout,even_odd,_mult2p0,3,0.15,3,b447,a75b,True,45,spurious,-1,False,3172,2.0
timeout,even_odd,_mult2p0,3,0.15,2,b587,a797,True,55,spurious,-1,False,3172,2.0
timeout,even_odd,_mult2p0,3,0.15,3,bf45,bf97,True,45,spurious,-1,False,3172,2.0
timeout,even_odd,_mult2p0,3,0.15,3,a927,bd07,True,25,correct,3,True,3172,2.0
timeout,even_odd,_mult2p0,3,0.15,2,bd0e,fd4b,True,51,spurious,-1,False,3172,2.0
timeout,even_odd,_mult2p0,3,0.15,1,fd07,bd07,True,11,correct,3,True,3172,2.0
timeout,even_odd,_mult2p0,3,0.15,4,ac16,bd07,True,11,correct,3,True,3172,2.0
timeout,even_odd,_mult2p0,3,0.15,4,3717,a797,True,45,spurious,-1,False,3172,2.0
timeout,even_odd,_mult2p0,3,0.15,1,bf07,bf97,True,45,spurious,-1,False,3172,2.0
timeout,even_odd,_mult2p0,3,0.15,4,fdd7,bd07,True,25,correct,3,True,3172,2.0
timeout,even_odd,_mult2p0,3,0.15,1,bd17,bd07,True,11,correct,3,True,3172,2.0
timeout,even_odd,_mult2p0,3,0.15,7,85e3,fca6,True,55,wrong_pattern,0,False,3172,2.0
timeout,even_odd,_mult2p0,3,0.15,3,b985,bd07,True,45,correct,3,True,3172,2.0
timeout,even_odd,_mult2p0,3,0.15,3,b703,a75b,True,45,spurious,-1,False,3172,2.0
timeout,even_odd,_mult2p0,3,0.15,3,bda5,fca6,True,45,wrong_pattern,0,False,3172,2.0
timeout,even_odd,_mult2p0,3,0.15,0,bd07,bd07,True,0,correct,3,True,3172,2.0
timeout,even_odd,_mult2p0,3,0.15,2,b927,bd07,True,25,correct,3,True,3172,2.0
timeout,even_odd,_mult2p0,3,0.15,5,6c17,bd07,True,35,correct,3,True,3172,2.0
timeout,even_odd,_mult2p0,3,0.15,3,1d0f,1905,True,45,spurious,-1,False,3172,2.0
timeout,even_odd,_mult2p0,3,0.15,4,1903,1905,True,25,spurious,-1,False,3172,2.0
timeout,even_odd,_mult2p0,3,0.15,1,b907,bd07,True,11,correct,3,True,3172,2.0
timeout,even_odd,_mult2p0,3,0.15,1,bd17,bd07,True,11,correct,3,True,3172,2.0
timeout,even_odd,_mult2p0,3,0.15,0,bd07,bd07,True,0,correct,3,True,3172,2.0
timeout,even_odd,_mult2p0,3,0.15,6,918b,a75b,True,45,spurious,-1,False,3172,2.0
timeout,even_odd,_mult2p0,3,0.15,0,bd07,bd07,True,0,correct,3,True,3172,2.0
timeout,even_odd,_mult2p0,3,0.15,2,bd83,bd07,True,25,correct,3,True,3172,2.0
timeout,even_odd,_mult2p0,3,0.15,0,bd07,bd07,True,0,correct,3,True,3172,2.0
timeout,even_odd,_mult2p0,3,0.15,5,9483,fca6,True,83,wrong_pattern,0,False,3172,2.0
timeout,even_odd,_mult2p0,3,0.15,4,f513,a75b,True,45,spurious,-1,False,3172,2.0
timeout,even_odd,_mult2p0,0,0.3,2,7ce6,fca6,True,25,correct,0,True,3172,2.0
timeout,even_odd,_mult2p0,0,0.3,9,5f4f,359,True,45,spurious,-1,False,3172,2.0
timeout,even_odd,_mult2p0,0,0.3,6,7fd6,fca6,True,35,correct,0,True,3172,2.0
timeout,even_odd,_mult2p0,0,0.3,6,f104,bd07,True,45,wrong_pattern,3,False,3172,2.0
timeout,even_odd,_mult2p0,0,0.3,2,7ca7,fca6,True,25,correct,0,True,3172,2.0
timeout,even_odd,_mult2p0,0,0.3,8,24f3,fca6,True,55,correct,0,True,3172,2.0
timeout,even_odd,_mult2p0,0,0.3,3,fcf2,fca6,True,11,correct,0,True,3172,2.0
timeout,even_odd,_mult2p0,0,0.3,2,fea2,fca6,True,25,correct,0,True,3172,2.0
timeout,even_odd,_mult2p0,0,0.3,6,9c9f,fca6,True,83,correct,0,True,3172,2.0
timeout,even_odd,_mult2p0,0,0.3,6,84ac,42f8,True,69,spurious,-1,False,3172,2.0
timeout,even_odd,_mult2p0,0,0.3,3,beae,fca6,True,25,correct,0,True,3172,2.0
timeout,even_odd,_mult2p0,0,0.3,6,dc43,fd4b,True,25,spurious,-1,False,3172,2.0
timeout,even_odd,_mult2p0,0,0.3,3,fcfe,fca6,True,35,correct,0,True,3172,2.0
timeout,even_odd,_mult2p0,0,0.3,4,e5a4,fca6,True,25,correct,0,True,3172,2.0
timeout,even_odd,_mult2p0,0,0.3,5,fa8f,fca6,True,35,correct,0,True,3172,2.0
timeout,even_odd,_mult2p0,0,0.3,6,38c2,fca6,True,45,correct,0,True,3172,2.0
timeout,even_odd,_mult2p0,0,0.3,5,e6af,e6fa,True,21,spurious,-1,False,3172,2.0
timeout,even_odd,_mult2p0,0,0.3,4,cc66,fca6,True,59,correct,0,True,3172,2.0
timeout,even_odd,_mult2p0,0,0.3,3,e4a2,fca6,True,35,correct,0,True,3172,2.0
timeout,even_odd,_mult2p0,0,0.3,5,b8a8,fca6,True,45,correct,0,True,3172,2.0
timeout,even_odd,_mult2p0,0,0.3,4,fc44,fd4b,True,79,spurious,-1,False,3172,2.0
timeout,even_odd,_mult2p0,0,0.3,5,ccab,fca6,True,45,correct,0,True,3172,2.0
timeout,even_odd,_mult2p0,0,0.3,3,2ca6,fca6,True,35,correct,0,True,3172,2.0
timeout,even_odd,_mult2p0,0,0.3,0,fca6,fca6,True,0,correct,0,True,3172,2.0
timeout,even_odd,_mult2p0,0,0.3,3,f48e,fca6,True,25,correct,0,True,3172,2.0
timeout,even_odd,_mult2p0,0,0.3,5,f99e,fca6,True,49,correct,0,True,3172,2.0
timeout,even_odd,_mult2p0,0,0.3,7,f2e1,a6b6,True,45,wrong_pattern,2,False,3172,2.0
timeout,even_odd,_mult2p0,0,0.3,6,e40f,fd4b,True,35,spurious,-1,False,3172,2.0
timeout,even_odd,_mult2p0,0,0.3,3,f4b4,fca6,True,35,correct,0,True,3172,2.0
timeout,even_odd,_mult2p0,0,0.3,4,bdac,fca6,True,35,correct,0,True,3172,2.0
timeout,even_odd,_mult2p0,0,0.3,4,bec6,fca6,True,35,correct,0,True,3172,2.0
timeout,even_odd,_mult2p0,0,0.3,1,fea6,fca6,True,25,correct,0,True,3172,2.0
timeout,even_odd,_mult2p0,0,0.3,6,5c8d,58a4,True,83,spurious,-1,False,3172,2.0
timeout,even_odd,_mult2p0,0,0.3,4,b8aa,fca6,True,35,correct,0,True,3172,2.0
timeout,even_odd,_mult2p0,0,0.3,9,5afb,4068,True,55,spurious,-1,False,3172,2.0
timeout,even_odd,_mult2p0,0,0.3,3,e8e6,fca6,True,11,correct,0,True,3172,2.0
timeout,even_odd,_mult2p0,0,0.3,6,3c42,bd07,True,45,wrong_pattern,3,False,3172,2.0
timeout,even_odd,_mult2p0,0,0.3,4,feab,fca6,True,35,correct,0,True,3172,2.0
timeout,even_odd,_mult2p0,0,0.3,2,6ca6,fca6,True,25,correct,0,True,3172,2.0
timeout,even_odd,_mult2p0,0,0.3,7,72bf,a6b6,True,45,wrong_pattern,2,False,3172,2.0
timeout,even_odd,_mult2p0,0,0.3,5,bfe7,fca6,True,45,correct,0,True,3172,2.0
timeout,even_odd,_mult2p0,0,0.3,2,f486,fca6,True,25,correct,0,True,3172,2.0
timeout,even_odd,_mult2p0,0,0.3,4,deb7,fca6,True,31,correct,0,True,3172,2.0
timeout,even_odd,_mult2p0,0,0.3,2,eca4,fca6,True,25,correct,0,True,3172,2.0
timeout,even_odd,_mult2p0,0,0.3,4,be27,fca6,True,93,correct,0,True,3172,2.0
timeout,even_odd,_mult2p0,0,0.3,5,d0a3,fca6,True,45,correct,0,True,3172,2.0
timeout,even_odd,_mult2p0,0,0.3,7,1802,1905,True,35,spurious,-1,False,3172,2.0
timeout,even_odd,_mult2p0,0,0.3,3,dc87,fca6,True,35,correct,0,True,3172,2.0
timeout,even_odd,_mult2p0,0,0.3,7,3e1e,a75b,True,55,spurious,-1,False,3172,2.0
timeout,even_odd,_mult2p0,0,0.3,4,d926,fca6,True,59,correct,0,True,3172,2.0
timeout,even_odd,_mult2p0,0,0.3,4,f4e0,fca6,True,35,correct,0,True,3172,2.0
timeout,even_odd,_mult2p0,0,0.3,5,6436,fc6a,True,41,spurious,-1,False,3172,2.0
timeout,even_odd,_mult2p0,0,0.3,4,50a6,58a4,True,25,spurious,-1,False,3172,2.0
timeout,even_odd,_mult2p0,0,0.3,5,38ac,58a4,True,25,spurious,-1,False,3172,2.0
timeout,even_odd,_mult2p0,0,0.3,7,dc09,5949,True,45,spurious,-1,False,3172,2.0
timeout,even_odd,_mult2p0,0,0.3,7,7abd,58a4,True,25,spurious,-1,False,3172,2.0
timeout,even_odd,_mult2p0,0,0.3,4,fd76,fc23,False,3172,oscillated,-1,False,3172,2.0
timeout,even_odd,_mult2p0,0,0.3,8,cc48,5949,True,45,spurious,-1,False,3172,2.0
timeout,even_odd,_mult2p0,0,0.3,7,cc6b,fd4b,True,45,spurious,-1,False,3172,2.0
timeout,even_odd,_mult2p0,0,0.3,5,fff7,fca6,True,35,correct,0,True,3172,2.0
timeout,even_odd,_mult2p0,1,0.3,5,93f1,2b4,True,45,spurious,-1,False,3172,2.0
timeout,even_odd,_mult2p0,1,0.3,4,1b03,1b95,True,45,correct,1,True,3172,2.0
timeout,even_odd,_mult2p0,1,0.3,9,272c,359,True,45,spurious,-1,False,3172,2.0
timeout,even_odd,_mult2p0,1,0.3,2,1a85,58a4,True,59,spurious,-1,False,3172,2.0
timeout,even_odd,_mult2p0,1,0.3,6,9581,395,True,79,spurious,-1,False,3172,2.0
timeout,even_odd,_mult2p0,1,0.3,4,7915,1905,True,35,spurious,-1,False,3172,2.0
timeout,even_odd,_mult2p0,1,0.3,5,1099,359,True,85,spurious,-1,False,3172,2.0
timeout,even_odd,_mult2p0,1,0.3,5,3ddd,1905,True,45,spurious,-1,False,3172,2.0
timeout,even_odd,_mult2p0,1,0.3,6,b3a7,a6b6,True,11,wrong_pattern,2,False,3172,2.0
timeout,even_odd,_mult2p0,1,0.3,5,a16,58a4,True,123,spurious,-1,False,3172,2.0
timeout,even_odd,_mult2p0,1,0.3,4,1d9c,58a4,True,83,spurious,-1,False,3172,2.0
timeout,even_odd,_mult2p0,1,0.3,5,4ab4,58a4,True,55,spurious,-1,False,3172,2.0
timeout,even_odd,_mult2p0,1,0.3,6,995c,5949,True,45,spurious,-1,False,3172,2.0
timeout,even_odd,_mult2p0,1,0.3,7,fd05,bd07,True,25,wrong_pattern,3,False,3172,2.0
timeout,even_odd,_mult2p0,1,0.3,6,10bf,2b4,True,83,spurious,-1,False,3172,2.0
timeout,even_odd,_mult2p0,1,0.3,5,bbe5,fca6,True,45,wrong_pattern,0,False,3172,2.0
timeout,even_odd,_mult2p0,1,0.3,5,1903,1905,True,25,spurious,-1,False,3172,2.0
timeout,even_odd,_mult2p0,1,0.3,2,1bb1,2b4,True,35,spurious,-1,False,3172,2.0
timeout,even_odd,_mult2p0,1,0.3,3,5bbd,58a4,True,35,spurious,-1,False,3172,2.0
timeout,even_odd,_mult2p0,1,0.3,4,17b1,2b4,True,11,spurious,-1,False,3172,2.0
timeout,even_odd,_mult2p0,1,0.3,5,3be7,fca6,True,45,wrong_pattern,0,False,3172,2.0
timeout,even_odd,_mult2p0,1,0.3,3,3985,1905,True,25,spurious,-1,False,3172,2.0
timeout,even_odd,_mult2p0,1,0.3,2,3b97,bf97,True,45,spurious,-1,False,3172,2.0
timeout,even_odd,_mult2p0,1,0.3,3,5991,1905,True,25,spurious,-1,False,3172,2.0
timeout,even_odd,_mult2p0,1,0.3,6,be9,42f8,True,55,spurious,-1,False,3172,2.0
timeout,even_odd,_mult2p0,1,0.3,3,b9f,395,True,49,spurious,-1,False,3172,2.0
timeout,even_odd,_mult2p0,1,0.3,9,ca20,58a4,True,59,spurious,-1,False,3172,2.0
timeout,even_odd,_mult2p0,1,0.3,3,9a91,2b4,True,35,spurious,-1,False,3172,2.0
timeout,even_odd,_mult2p0,1,0.3,4,8295,2b4,True,35,spurious,-1,False,3172,2.0
timeout,even_odd,_mult2p0,1,0.3,6,21f5,2b4,True,83,spurious,-1,False,3172,2.0
timeout,even_odd,_mult2p0,1,0.3,7,5841,5949,True,25,spurious,-1,False,3172,2.0
timeout,even_odd,_mult2p0,1,0.3,5,1a7d,359,True,79,spurious,-1,False,3172,2.0
timeout,even_odd,_mult2p0,1,0.3,6,48c5,58a4,True,45,spurious,-1,False,3172,2.0
timeout,even_odd,_mult2p0,1,0.3,5,1ad2,2b4,True,35,spurious,-1,False,3172,2.0
timeout,even_odd,_mult2p0,1,0.3,6,7fc1,1905,True,69,spurious,-1,False,3172,2.0
timeout,even_odd,_mult2p0,1,0.3,2,395,395,True,0,spurious,-1,False,3172,2.0
timeout,even_odd,_mult2p0,1,0.3,5,d194,58a4,True,83,spurious,-1,False,3172,2.0
timeout,even_odd,_mult2p0,1,0.3,5,d91d,5949,True,35,spurious,-1,False,3172,2.0
timeout,even_odd,_mult2p0,1,0.3,6,badf,a6b6,True,45,wrong_pattern,2,False,3172,2.0
timeout,even_odd,_mult2p0,1,0.3,4,1bd2,2b4,True,69,spurious,-1,False,3172,2.0
timeout,even_odd,_mult2p0,1,0.3,5,3fa7,fca6,True,45,wrong_pattern,0,False,3172,2.0
timeout,even_odd,_mult2p0,1,0.3,3,9d95,1905,True,45,spurious,-1,False,3172,2.0
timeout,even_odd,_mult2p0,1,0.3,3,9f15,1b95,True,45,correct,1,True,3172,2.0
timeout,even_odd,_mult2p0,1,0.3,6,9c17,bd07,True,45,wrong_pattern,3,False,3172,2.0
timeout,even_odd,_mult2p0,1,0.3,2,4b95,1b95,True,11,correct,1,True,3172,2.0
timeout,even_odd,_mult2p0,1,0.3,5,a991,bf97,True,117,spurious,-1,False,3172,2.0
timeout,even_odd,_mult2p0,1,0.3,6,99cf,bd07,True,45,wrong_pattern,3,False,3172,2.0
timeout,even_odd,_mult2p0,1,0.3,6,15b9,4068,True,89,spurious,-1,False,3172,2.0
timeout,even_odd,_mult2p0,1,0.3,6,3b3b,a75b,True,45,spurious,-1,False,3172,2.0
timeout,even_odd,_mult2p0,1,0.3,7,8201,359,True,35,spurious,-1,False,3172,2.0
timeout,even_odd,_mult2p0,1,0.3,7,7134,58a4,True,59,spurious,-1,False,3172,2.0
timeout,even_odd,_mult2p0,1,0.3,7,cf9b,a797,True,49,spurious,-1,False,3172,2.0
timeout,even_odd,_mult2p0,1,0.3,6,699f,bd07,True,45,wrong_pattern,3,False,3172,2.0
timeout,even_odd,_mult2p0,1,0.3,4,1ff7,2b4,True,69,spurious,-1,False,3172,2.0
timeout,even_odd,_mult2p0,1,0.3,4,3a8d,58a4,True,59,spurious,-1,False,3172,2.0
timeout,even_odd,_mult2p0,1,0.3,5,89f5,58a4,True,55,spurious,-1,False,3172,2.0
timeout,even_odd,_mult2p0,1,0.3,3,8b97,bf97,True,45,spurious,-1,False,3172,2.0
timeout,even_odd,_mult2p0,1,0.3,1,1bd5,1b95,True,21,correct,1,True,3172,2.0
timeout,even_odd,_mult2p0,1,0.3,5,2a35,58a4,True,123,spurious,-1,False,3172,2.0
timeout,even_odd,_mult2p0,1,0.3,8,4af8,42f8,True,25,spurious,-1,False,3172,2.0
timeout,even_odd,_mult2p0,2,0.3,8,283d,5949,True,89,spurious,-1,False,3172,2.0
timeout,even_odd,_mult2p0,2,0.3,7,a581,a797,True,49,spurious,-1,False,3172,2.0
timeout,even_odd,_mult2p0,2,0.3,5,72be,a6b6,True,59,correct,2,True,3172,2.0
timeout,even_odd,_mult2p0,2,0.3,4,c2b2,a6b6,True,45,correct,2,True,3172,2.0
timeout,even_odd,_mult2p0,2,0.3,5,2a34,58a4,True,89,spurious,-1,False,3172,2.0
timeout,even_odd,_mult2p0,2,0.3,4,f4b2,fca6,True,35,wrong_pattern,0,False,3172,2.0
timeout,even_odd,_mult2p0,2,0.3,1,26b6,a6b6,True,25,correct,2,True,3172,2.0
timeout,even_odd,_mult2p0,2,0.3,3,afa6,fca6,True,55,wrong_pattern,0,False,3172,2.0
timeout,even_odd,_mult2p0,2,0.3,3,a2a7,a6b6,True,11,correct,2,True,3172,2.0
timeout,even_odd,_mult2p0,2,0.3,5,c6c6,a6b6,True,45,correct,2,True,3172,2.0
timeout,even_odd,_mult2p0,2,0.3,5,8ffe,a6b6,True,69,correct,2,True,3172,2.0
timeout,even_odd,_mult2p0,2,0.3,3,a635,a6b6,True,59,correct,2,True,3172,2.0
timeout,even_odd,_mult2p0,2,0.3,5,e42e,e46a,True,21,spurious,-1,False,3172,2.0
timeout,even_odd,_mult2p0,2,0.3,4,afb5,fca6,True,55,wrong_pattern,0,False,3172,2.0
timeout,even_odd,_mult2p0,2,0.3,6,aa7a,e46a,True,79,spurious,-1,False,3172,2.0
timeout,even_odd,_mult2p0,2,0.3,5,9494,2b4,True,45,spurious,-1,False,3172,2.0
timeout,even_odd,_mult2p0,2,0.3,2,b6a6,a6b6,True,21,correct,2,True,3172,2.0
timeout,even_odd,_mult2p0,2,0.3,5,86e3,a6b6,True,55,correct,2,True,3172,2.0
timeout,even_odd,_mult2p0,2,0.3,2,aea6,fca6,True,45,wrong_pattern,0,False,3172,2.0
timeout,even_odd,_mult2p0,2,0.3,5,63be,e6fa,True,45,spurious,-1,False,3172,2.0
timeout,even_odd,_mult2p0,2,0.3,3,2b6,2b4,True,25,spurious,-1,False,3172,2.0
timeout,even_odd,_mult2p0,2,0.3,6,d4a7,fca6,True,25,wrong_pattern,0,False,3172,2.0
timeout,even_odd,_mult2p0,2,0.3,5,96bb,e6fa,True,35,spurious,-1,False,3172,2.0
timeout,even_odd,_mult2p0,2,0.3,6,45b4,58a4,True,49,spurious,-1,False,3172,2.0
timeout,even_odd,_mult2p0,2,0.3,4,a7f3,a6b6,True,11,correct,2,True,3172,2.0
timeout,even_odd,_mult2p0,2,0.3,4,a6ec,e6fa,True,35,spurious,-1,False,3172,2.0
timeout,even_odd,_mult2p0,2,0.3,5,96f5,2b4,True,45,spurious,-1,False,3172,2.0
timeout,even_odd,_mult2p0,2,0.3,5,a09f,a6b6,True,83,correct,2,True,3172,2.0
timeout,even_odd,_mult2p0,2,0.3,4,66a2,e6fa,True,59,spurious,-1,False,3172,2.0
timeout,even_odd,_mult2p0,2,0.3,5,7a2,2b4,True,45,spurious,-1,False,3172,2.0
timeout,even_odd,_mult2p0,2,0.3,5,f67e,e6fa,True,55,spurious,-1,False,3172,2.0
timeout,even_odd,_mult2p0,2,0.3,5,a21c,a75b,True,45,spurious,-1,False,3172,2.0
timeout,even_odd,_mult2p0,2,0.3,5,27ac,2b4,True,45,spurious,-1,False,3172,2.0
timeout,even_odd,_mult2p0,2,0.3,6,a42b,a75b,True,35,spurious,-1,False,3172,2.0
timeout,even_odd,_mult2p0,2,0.3,5,9635,2b4,True,79,spurious,-1,False,3172,2.0
timeout,even_odd,_mult2p0,2,0.3,6,3df6,fca6,True,35,wrong_pattern,0,False,3172,2.0
timeout,even_odd,_mult2p0,2,0.3,5,ae1f,a75b,True,45,spurious,-1,False,3172,2.0
timeout,even_odd,_mult2p0,2,0.3,4,aa37,fca6,True,123,wrong_pattern,0,False,3172,2.0
timeout,even_odd,_mult2p0,2,0.3,7,f93,395,True,69,spurious,-1,False,3172,2.0
timeout,even_odd,_mult2p0,2,0.3,4,b426,fca6,True,25,wrong_pattern,0,False,3172,2.0
timeout,even_odd,_mult2p0,2,0.3,6,ae78,e46a,True,79,spurious,-1,False,3172,2.0
timeout,even_odd,_mult2p0,2,0.3,4,83b2,a6b6,True,45,correct,2,True,3172,2.0
timeout,even_odd,_mult2p0,2,0.3,5,befa,a6b6,True,35,correct,2,True,3172,2.0
timeout,even_odd,_mult2p0,2,0.3,9,bf19,a75b,True,35,spurious,-1,False,3172,2.0
timeout,even_odd,_mult2p0,2,0.3,6,38b2,fca6,True,45,wrong_pattern,0,False,3172,2.0
timeout,even_odd,_mult2p0,2,0.3,3,8eb7,fca6,True,55,wrong_pattern,0,False,3172,2.0
timeout,even_odd,_mult2p0,2,0.3,8,887,58a4,True,65,spurious,-1,False,3172,2.0
timeout,even_odd,_mult2p0,2,0.3,6,fc94,fca6,True,25,wrong_pattern,0,False,3172,2.0
timeout,even_odd,_mult2p0,2,0.3,4,97f6,a6b6,True,25,correct,2,True,3172,2.0
timeout,even_odd,_mult2p0,2,0.3,7,8f25,1b95,True,45,wrong_pattern,1,False,3172,2.0
timeout,even_odd,_mult2p0,2,0.3,5,a6e8,e6fa,True,35,spurious,-1,False,3172,2.0
timeout,even_odd,_mult2p0,2,0.3,5,21b4,2b4,True,35,spurious,-1,False,3172,2.0
timeout,even_odd,_mult2p0,2,0.3,6,977e,a75b,True,45,spurious,-1,False,3172,2.0
timeout,even_odd,_mult2p0,2,0.3,5,31b6,fca6,True,65,wrong_pattern,0,False,3172,2.0
timeout,even_odd,_mult2p0,2,0.3,6,1ebf,2b4,True,69,spurious,-1,False,3172,2.0
timeout,even_odd,_mult2p0,2,0.3,8,cf7c,359,True,83,spurious,-1,False,3172,2.0
timeout,even_odd,_mult2p0,2,0.3,6,622e,e6fa,True,45,spurious,-1,False,3172,2.0
timeout,even_odd,_mult2p0,2,0.3,4,2096,a6b6,True,45,correct,2,True,3172,2.0
timeout,even_odd,_mult2p0,2,0.3,1,a6b2,a6b6,True,11,correct,2,True,3172,2.0
timeout,even_odd,_mult2p0,2,0.3,5,abbc,a6b6,True,45,correct,2,True,3172,2.0
timeout,even_odd,_mult2p0,3,0.3,4,a583,a797,True,49,spurious,-1,False,3172,2.0
timeout,even_odd,_mult2p0,3,0.3,4,3427,fca6,True,59,wrong_pattern,0,False,3172,2.0
timeout,even_odd,_mult2p0,3,0.3,5,1b17,1b95,True,25,wrong_pattern,1,False,3172,2.0
timeout,even_odd,_mult2p0,3,0.3,6,d737,a797,True,45,spurious,-1,False,3172,2.0
timeout,even_odd,_mult2p0,3,0.3,4,3597,a797,True,49,spurious,-1,False,3172,2.0
timeout,even_odd,_mult2p0,3,0.3,6,aa1f,a75b,True,45,spurious,-1,False,3172,2.0
timeout,even_odd,_mult2p0,3,0.3,7,9560,5949,True,45,spurious,-1,False,3172,2.0
timeout,even_odd,_mult2p0,3,0.3,6,f156,a75b,True,45,spurious,-1,False,3172,2.0
timeout,even_odd,_mult2p0,3,0.3,4,ef03,fd4b,True,117,spurious,-1,False,3172,2.0
timeout,even_odd,_mult2p0,3,0.3,6,ed92,fca6,True,45,wrong_pattern,0,False,3172,2.0
timeout,even_odd,_mult2p0,3,0.3,5,395f,bd07,True,59,correct,3,True,3172,2.0
timeout,even_odd,_mult2p0,3,0.3,4,b536,fca6,True,93,wrong_pattern,0,False,3172,2.0
timeout,even_odd,_mult2p0,3,0.3,7,67c7,a75b,True,59,spurious,-1,False,3172,2.0
timeout,even_odd,_mult2p0,3,0.3,2,bd04,bd07,True,25,correct,3,True,3172,2.0
timeout,even_odd,_mult2p0,3,0.3,5,dc0b,fd4b,True,25,spurious,-1,False,3172,2.0
timeout,even_odd,_mult2p0,3,0.3,4,ed2f,fd4b,True,35,spurious,-1,False,3172,2.0
timeout,even_odd,_mult2p0,3,0.3,5,db17,bd07,True,69,correct,3,True,3172,2.0
timeout,even_odd,_mult2p0,3,0.3,4,b797,a797,True,11,spurious,-1,False,3172,2.0
timeout,even_odd,_mult2p0,3,0.3,4,992f,fd4b,True,45,spurious,-1,False,3172,2.0
timeout,even_odd,_mult2p0,3,0.3,8,1c5a,5949,True,89,spurious,-1,False,3172,2.0
timeout,even_odd,_mult2p0,3,0.3,6,aa0e,a75b,True,45,spurious,-1,False,3172,2.0
timeout,even_odd,_mult2p0,3,0.3,7,270a,a75b,True,25,spurious,-1,False,3172,2.0
timeout,even_odd,_mult2p0,3,0.3,7,ca06,fca6,True,103,wrong_pattern,0,False,3172,2.0
timeout,even_odd,_mult2p0,3,0.3,4,dd8f,bd07,True,35,correct,3,True,3172,2.0
timeout,even_odd,_mult2p0,3,0.3,1,bc07,bd07,True,11,correct,3,True,3172,2.0
timeout,even_odd,_mult2p0,3,0.3,6,a8b7,fca6,True,21,wrong_pattern,0,False,3172,2.0
timeout,even_odd,_mult2p0,3,0.3,3,3d0b,fd4b,True,35,spurious,-1,False,3172,2.0
timeout,even_odd,_mult2p0,3,0.3,4,3f97,bf97,True,25,spurious,-1,False,3172,2.0
timeout,even_odd,_mult2p0,3,0.3,6,2a27,fca6,True,123,wrong_pattern,0,False,3172,2.0
timeout,even_odd,_mult2p0,3,0.3,5,3426,fca6,True,25,wrong_pattern,0,False,3172,2.0
timeout,even_odd,_mult2p0,3,0.3,6,b780,a6b6,True,45,wrong_pattern,2,False,3172,2.0
timeout,even_odd,_mult2p0,3,0.3,3,af06,bf97,True,45,spurious,-1,False,3172,2.0
timeout,even_odd,_mult2p0,3,0.3,5,7585,1b95,True,79,wrong_pattern,1,False,3172,2.0
timeout,even_odd,_mult2p0,3,0.3,5,ed0a,fd4b,True,11,spurious,-1,False,3172,2.0
timeout,even_odd,_mult2p0,3,0.3,4,d47,5949,True,93,spurious,-1,False,3172,2.0
timeout,even_odd,_mult2p0,3,0.3,5,9e15,1b95,True,45,wrong_pattern,1,False,3172,2.0
timeout,even_odd,_mult2p0,3,0.3,10,9b0,58a4,True,21,spurious,-1,False,3172,2.0
timeout,even_odd,_mult2p0,3,0.3,4,9913,bd07,True,45,correct,3,True,3172,2.0
timeout,even_odd,_mult2p0,3,0.3,2,b517,bf97,True,49,spurious,-1,False,3172,2.0
timeout,even_odd,_mult2p0,3,0.3,5,f14f,fd4b,True,35,spurious,-1,False,3172,2.0
timeout,even_odd,_mult2p0,3,0.3,4,1c06,1905,True,89,spurious,-1,False,3172,2.0
timeout,even_odd,_mult2p0,3,0.3,2,ad05,bd07,True,25,correct,3,True,3172,2.0
timeout,even_odd,_mult2p0,3,0.3,5,ff6f,fd4b,True,25,spurious,-1,False,3172,2.0
timeout,even_odd,_mult2p0,3,0.3,7,1a37,58a4,True,93,spurious,-1,False,3172,2.0
timeout,even_odd,_mult2p0,3,0.3,3,9c03,bd07,True,25,correct,3,True,3172,2.0
timeout,even_odd,_mult2p0,3,0.3,6,7f24,58a4,True,69,spurious,-1,False,3172,2.0
timeout,even_odd,_mult2p0,3,0.3,3,b597,a797,True,49,spurious,-1,False,3172,2.0
timeout,even_odd,_mult2p0,3,0.3,5,a687,a6b6,True,35,wrong_pattern,2,False,3172,2.0
timeout,even_odd,_mult2p0,3,0.3,7,198c,58a4,True,83,spurious,-1,False,3172,2.0
timeout,even_odd,_mult2p0,3,0.3,5,ac93,fca6,True,65,wrong_pattern,0,False,3172,2.0
timeout,even_odd,_mult2p0,3,0.3,6,f53b,a75b,True,45,spurious,-1,False,3172,2.0
timeout,even_odd,_mult2p0,3,0.3,3,7d17,bd07,True,35,correct,3,True,3172,2.0
timeout,even_odd,_mult2p0,3,0.3,5,a737,a797,True,25,spurious,-1,False,3172,2.0
timeout,even_odd,_mult2p0,3,0.3,4,df87,bd07,True,35,correct,3,True,3172,2.0
timeout,even_odd,_mult2p0,3,0.3,8,5b93,1905,True,35,spurious,-1,False,3172,2.0
timeout,even_odd,_mult2p0,3,0.3,4,be26,fca6,True,35,wrong_pattern,0,False,3172,2.0
timeout,even_odd,_mult2p0,3,0.3,7,19ae,58a4,True,35,spurious,-1,False,3172,2.0
timeout,even_odd,_mult2p0,3,0.3,4,9dc3,bd07,True,25,correct,3,True,3172,2.0
timeout,even_odd,_mult2p0,3,0.3,7,878d,395,True,59,spurious,-1,False,3172,2.0
timeout,even_odd,_mult2p0,3,0.3,3,b405,bd07,True,25,correct,3,True,3172,2.0
timeout,depth,_mult4p0,0,0.0,0,fca6,fca6,True,0,correct,0,True,2660,4.0
timeout,depth,_mult4p0,0,0.0,0,fca6,fca6,True,0,correct,0,True,2660,4.0
timeout,depth,_mult4p0,0,0.0,0,fca6,fca6,True,0,correct,0,True,2660,4.0
timeout,depth,_mult4p0,0,0.0,0,fca6,fca6,True,0,correct,0,True,2660,4.0
timeout,depth,_mult4p0,0,0.0,0,fca6,fca6,True,0,correct,0,True,2660,4.0
timeout,depth,_mult4p0,0,0.0,0,fca6,fca6,True,0,correct,0,True,2660,4.0
timeout,depth,_mult4p0,0,0.0,0,fca6,fca6,True,0,correct,0,True,2660,4.0
timeout,depth,_mult4p0,0,0.0,0,fca6,fca6,True,0,correct,0,True,2660,4.0
timeout,depth,_mult4p0,0,0.0,0,fca6,fca6,True,0,correct,0,True,2660,4.0
timeout,depth,_mult4p0,0,0.0,0,fca6,fca6,True,0,correct,0,True,2660,4.0
timeout,depth,_mult4p0,0,0.0,0,fca6,fca6,True,0,correct,0,True,2660,4.0
timeout,depth,_mult4p0,0,0.0,0,fca6,fca6,True,0,correct,0,True,2660,4.0
timeout,depth,_mult4p0,0,0.0,0,fca6,fca6,True,0,correct,0,True,2660,4.0
timeout,depth,_mult4p0,0,0.0,0,fca6,fca6,True,0,correct,0,True,2660,4.0
timeout,depth,_mult4p0,0,0.0,0,fca6,fca6,True,0,correct,0,True,2660,4.0
timeout,depth,_mult4p0,0,0.0,0,fca6,fca6,True,0,correct,0,True,2660,4.0
timeout,depth,_mult4p0,0,0.0,0,fca6,fca6,True,0,correct,0,True,2660,4.0
timeout,depth,_mult4p0,0,0.0,0,fca6,fca6,True,0,correct,0,True,2660,4.0
timeout,depth,_mult4p0,0,0.0,0,fca6,fca6,True,0,correct,0,True,2660,4.0
timeout,depth,_mult4p0,0,0.0,0,fca6,fca6,True,0,correct,0,True,2660,4.0
timeout,depth,_mult4p0,0,0.0,0,fca6,fca6,True,0,correct,0,True,2660,4.0
timeout,depth,_mult4p0,0,0.0,0,fca6,fca6,True,0,correct,0,True,2660,4.0
timeout,depth,_mult4p0,0,0.0,0,fca6,fca6,True,0,correct,0,True,2660,4.0
timeout,depth,_mult4p0,0,0.0,0,fca6,fca6,True,0,correct,0,True,2660,4.0
timeout,depth,_mult4p0,0,0.0,0,fca6,fca6,True,0,correct,0,True,2660,4.0
timeout,depth,_mult4p0,0,0.0,0,fca6,fca6,True,0,correct,0,True,2660,4.0
timeout,depth,_mult4p0,0,0.0,0,fca6,fca6,True,0,correct,0,True,2660,4.0
timeout,depth,_mult4p0,0,0.0,0,fca6,fca6,True,0,correct,0,True,2660,4.0
timeout,depth,_mult4p0,0,0.0,0,fca6,fca6,True,0,correct,0,True,2660,4.0
timeout,depth,_mult4p0,0,0.0,0,fca6,fca6,True,0,correct,0,True,2660,4.0
timeout,depth,_mult4p0,0,0.0,0,fca6,fca6,True,0,correct,0,True,2660,4.0
timeout,depth,_mult4p0,0,0.0,0,fca6,fca6,True,0,correct,0,True,2660,4.0
timeout,depth,_mult4p0,0,0.0,0,fca6,fca6,True,0,correct,0,True,2660,4.0
timeout,depth,_mult4p0,0,0.0,0,fca6,fca6,True,0,correct,0,True,2660,4.0
timeout,depth,_mult4p0,0,0.0,0,fca6,fca6,True,0,correct,0,True,2660,4.0
timeout,depth,_mult4p0,0,0.0,0,fca6,fca6,True,0,correct,0,True,2660,4.0
timeout,depth,_mult4p0,0,0.0,0,fca6,fca6,True,0,correct,0,True,2660,4.0
timeout,depth,_mult4p0,0,0.0,0,fca6,fca6,True,0,correct,0,True,2660,4.0
timeout,depth,_mult4p0,0,0.0,0,fca6,fca6,True,0,correct,0,True,2660,4.0
timeout,depth,_mult4p0,0,0.0,0,fca6,fca6,True,0,correct,0,True,2660,4.0
timeout,depth,_mult4p0,0,0.0,0,fca6,fca6,True,0,correct,0,True,2660,4.0
timeout,depth,_mult4p0,0,0.0,0,fca6,fca6,True,0,correct,0,True,2660,4.0
timeout,depth,_mult4p0,0,0.0,0,fca6,fca6,True,0,correct,0,True,2660,4.0
timeout,depth,_mult4p0,0,0.0,0,fca6,fca6,True,0,correct,0,True,2660,4.0
timeout,depth,_mult4p0,0,0.0,0,fca6,fca6,True,0,correct,0,True,2660,4.0
timeout,depth,_mult4p0,0,0.0,0,fca6,fca6,True,0,correct,0,True,2660,4.0
timeout,depth,_mult4p0,0,0.0,0,fca6,fca6,True,0,correct,0,True,2660,4.0
timeout,depth,_mult4p0,0,0.0,0,fca6,fca6,True,0,correct,0,True,2660,4.0
timeout,depth,_mult4p0,0,0.0,0,fca6,fca6,True,0,correct,0,True,2660,4.0
timeout,depth,_mult4p0,0,0.0,0,fca6,fca6,True,0,correct,0,True,2660,4.0
timeout,depth,_mult4p0,0,0.0,0,fca6,fca6,True,0,correct,0,True,2660,4.0
timeout,depth,_mult4p0,0,0.0,0,fca6,fca6,True,0,correct,0,True,2660,4.0
timeout,depth,_mult4p0,0,0.0,0,fca6,fca6,True,0,correct,0,True,2660,4.0
timeout,depth,_mult4p0,0,0.0,0,fca6,fca6,True,0,correct,0,True,2660,4.0
timeout,depth,_mult4p0,0,0.0,0,fca6,fca6,True,0,correct,0,True,2660,4.0
timeout,depth,_mult4p0,0,0.0,0,fca6,fca6,True,0,correct,0,True,2660,4.0
timeout,depth,_mult4p0,0,0.0,0,fca6,fca6,True,0,correct,0,True,2660,4.0
timeout,depth,_mult4p0,0,0.0,0,fca6,fca6,True,0,correct,0,True,2660,4.0
timeout,depth,_mult4p0,0,0.0,0,fca6,fca6,True,0,correct,0,True,2660,4.0
timeout,depth,_mult4p0,0,0.0,0,fca6,fca6,True,0,correct,0,True,2660,4.0
timeout,depth,_mult4p0,1,0.0,0,1b95,1b95,True,0,correct,1,True,2660,4.0
timeout,depth,_mult4p0,1,0.0,0,1b95,1b95,True,0,correct,1,True,2660,4.0
timeout,depth,_mult4p0,1,0.0,0,1b95,1b95,True,0,correct,1,True,2660,4.0
timeout,depth,_mult4p0,1,0.0,0,1b95,1b95,True,0,correct,1,True,2660,4.0
timeout,depth,_mult4p0,1,0.0,0,1b95,1b95,True,0,correct,1,True,2660,4.0
timeout,depth,_mult4p0,1,0.0,0,1b95,1b95,True,0,correct,1,True,2660,4.0
timeout,depth,_mult4p0,1,0.0,0,1b95,1b95,True,0,correct,1,True,2660,4.0
timeout,depth,_mult4p0,1,0.0,0,1b95,1b95,True,0,correct,1,True,2660,4.0
timeout,depth,_mult4p0,1,0.0,0,1b95,1b95,True,0,correct,1,True,2660,4.0
timeout,depth,_mult4p0,1,0.0,0,1b95,1b95,True,0,correct,1,True,2660,4.0
timeout,depth,_mult4p0,1,0.0,0,1b95,1b95,True,0,correct,1,True,2660,4.0
timeout,depth,_mult4p0,1,0.0,0,1b95,1b95,True,0,correct,1,True,2660,4.0
timeout,depth,_mult4p0,1,0.0,0,1b95,1b95,True,0,correct,1,True,2660,4.0
timeout,depth,_mult4p0,1,0.0,0,1b95,1b95,True,0,correct,1,True,2660,4.0
timeout,depth,_mult4p0,1,0.0,0,1b95,1b95,True,0,correct,1,True,2660,4.0
timeout,depth,_mult4p0,1,0.0,0,1b95,1b95,True,0,correct,1,True,2660,4.0
timeout,depth,_mult4p0,1,0.0,0,1b95,1b95,True,0,correct,1,True,2660,4.0
timeout,depth,_mult4p0,1,0.0,0,1b95,1b95,True,0,correct,1,True,2660,4.0
timeout,depth,_mult4p0,1,0.0,0,1b95,1b95,True,0,correct,1,True,2660,4.0
timeout,depth,_mult4p0,1,0.0,0,1b95,1b95,True,0,correct,1,True,2660,4.0
timeout,depth,_mult4p0,1,0.0,0,1b95,1b95,True,0,correct,1,True,2660,4.0
timeout,depth,_mult4p0,1,0.0,0,1b95,1b95,True,0,correct,1,True,2660,4.0
timeout,depth,_mult4p0,1,0.0,0,1b95,1b95,True,0,correct,1,True,2660,4.0
timeout,depth,_mult4p0,1,0.0,0,1b95,1b95,True,0,correct,1,True,2660,4.0
timeout,depth,_mult4p0,1,0.0,0,1b95,1b95,True,0,correct,1,True,2660,4.0
timeout,depth,_mult4p0,1,0.0,0,1b95,1b95,True,0,correct,1,True,2660,4.0
timeout,depth,_mult4p0,1,0.0,0,1b95,1b95,True,0,correct,1,True,2660,4.0
timeout,depth,_mult4p0,1,0.0,0,1b95,1b95,True,0,correct,1,True,2660,4.0
timeout,depth,_mult4p0,1,0.0,0,1b95,1b95,True,0,correct,1,True,2660,4.0
timeout,depth,_mult4p0,1,0.0,0,1b95,1b95,True,0,correct,1,True,2660,4.0
timeout,depth,_mult4p0,1,0.0,0,1b95,1b95,True,0,correct,1,True,2660,4.0
timeout,depth,_mult4p0,1,0.0,0,1b95,1b95,True,0,correct,1,True,2660,4.0
timeout,depth,_mult4p0,1,0.0,0,1b95,1b95,True,0,correct,1,True,2660,4.0
timeout,depth,_mult4p0,1,0.0,0,1b95,1b95,True,0,correct,1,True,2660,4.0
timeout,depth,_mult4p0,1,0.0,0,1b95,1b95,True,0,correct,1,True,2660,4.0
timeout,depth,_mult4p0,1,0.0,0,1b95,1b95,True,0,correct,1,True,2660,4.0
timeout,depth,_mult4p0,1,0.0,0,1b95,1b95,True,0,correct,1,True,2660,4.0
timeout,depth,_mult4p0,1,0.0,0,1b95,1b95,True,0,correct,1,True,2660,4.0
timeout,depth,_mult4p0,1,0.0,0,1b95,1b95,True,0,correct,1,True,2660,4.0
timeout,depth,_mult4p0,1,0.0,0,1b95,1b95,True,0,correct,1,True,2660,4.0
timeout,depth,_mult4p0,1,0.0,0,1b95,1b95,True,0,correct,1,True,2660,4.0
timeout,depth,_mult4p0,1,0.0,0,1b95,1b95,True,0,correct,1,True,2660,4.0
timeout,depth,_mult4p0,1,0.0,0,1b95,1b95,True,0,correct,1,True,2660,4.0
timeout,depth,_mult4p0,1,0.0,0,1b95,1b95,True,0,correct,1,True,2660,4.0
timeout,depth,_mult4p0,1,0.0,0,1b95,1b95,True,0,correct,1,True,2660,4.0
timeout,depth,_mult4p0,1,0.0,0,1b95,1b95,True,0,correct,1,True,2660,4.0
timeout,depth,_mult4p0,1,0.0,0,1b95,1b95,True,0,correct,1,True,2660,4.0
timeout,depth,_mult4p0,1,0.0,0,1b95,1b95,True,0,correct,1,True,2660,4.0
timeout,depth,_mult4p0,1,0.0,0,1b95,1b95,True,0,correct,1,True,2660,4.0
timeout,depth,_mult4p0,1,0.0,0,1b95,1b95,True,0,correct,1,True,2660,4.0
timeout,depth,_mult4p0,1,0.0,0,1b95,1b95,True,0,correct,1,True,2660,4.0
timeout,depth,_mult4p0,1,0.0,0,1b95,1b95,True,0,correct,1,True,2660,4.0
timeout,depth,_mult4p0,1,0.0,0,1b95,1b95,True,0,correct,1,True,2660,4.0
timeout,depth,_mult4p0,1,0.0,0,1b95,1b95,True,0,correct,1,True,2660,4.0
timeout,depth,_mult4p0,1,0.0,0,1b95,1b95,True,0,correct,1,True,2660,4.0
timeout,depth,_mult4p0,1,0.0,0,1b95,1b95,True,0,correct,1,True,2660,4.0
timeout,depth,_mult4p0,1,0.0,0,1b95,1b95,True,0,correct,1,True,2660,4.0
timeout,depth,_mult4p0,1,0.0,0,1b95,1b95,True,0,correct,1,True,2660,4.0
timeout,depth,_mult4p0,1,0.0,0,1b95,1b95,True,0,correct,1,True,2660,4.0
timeout,depth,_mult4p0,1,0.0,0,1b95,1b95,True,0,correct,1,True,2660,4.0
timeout,depth,_mult4p0,2,0.0,0,a6b6,a6b6,True,0,correct,2,True,2660,4.0
timeout,depth,_mult4p0,2,0.0,0,a6b6,a6b6,True,0,correct,2,True,2660,4.0
timeout,depth,_mult4p0,2,0.0,0,a6b6,a6b6,True,0,correct,2,True,2660,4.0
timeout,depth,_mult4p0,2,0.0,0,a6b6,a6b6,True,0,correct,2,True,2660,4.0
timeout,depth,_mult4p0,2,0.0,0,a6b6,a6b6,True,0,correct,2,True,2660,4.0
timeout,depth,_mult4p0,2,0.0,0,a6b6,a6b6,True,0,correct,2,True,2660,4.0
timeout,depth,_mult4p0,2,0.0,0,a6b6,a6b6,True,0,correct,2,True,2660,4.0
timeout,depth,_mult4p0,2,0.0,0,a6b6,a6b6,True,0,correct,2,True,2660,4.0
timeout,depth,_mult4p0,2,0.0,0,a6b6,a6b6,True,0,correct,2,True,2660,4.0
timeout,depth,_mult4p0,2,0.0,0,a6b6,a6b6,True,0,correct,2,True,2660,4.0
timeout,depth,_mult4p0,2,0.0,0,a6b6,a6b6,True,0,correct,2,True,2660,4.0
timeout,depth,_mult4p0,2,0.0,0,a6b6,a6b6,True,0,correct,2,True,2660,4.0
timeout,depth,_mult4p0,2,0.0,0,a6b6,a6b6,True,0,correct,2,True,2660,4.0
timeout,depth,_mult4p0,2,0.0,0,a6b6,a6b6,True,0,correct,2,True,2660,4.0
timeout,depth,_mult4p0,2,0.0,0,a6b6,a6b6,True,0,correct,2,True,2660,4.0
timeout,depth,_mult4p0,2,0.0,0,a6b6,a6b6,True,0,correct,2,True,2660,4.0
timeout,depth,_mult4p0,2,0.0,0,a6b6,a6b6,True,0,correct,2,True,2660,4.0
timeout,depth,_mult4p0,2,0.0,0,a6b6,a6b6,True,0,correct,2,True,2660,4.0
timeout,depth,_mult4p0,2,0.0,0,a6b6,a6b6,True,0,correct,2,True,2660,4.0
timeout,depth,_mult4p0,2,0.0,0,a6b6,a6b6,True,0,correct,2,True,2660,4.0
timeout,depth,_mult4p0,2,0.0,0,a6b6,a6b6,True,0,correct,2,True,2660,4.0
timeout,depth,_mult4p0,2,0.0,0,a6b6,a6b6,True,0,correct,2,True,2660,4.0
timeout,depth,_mult4p0,2,0.0,0,a6b6,a6b6,True,0,correct,2,True,2660,4.0
timeout,depth,_mult4p0,2,0.0,0,a6b6,a6b6,True,0,correct,2,True,2660,4.0
timeout,depth,_mult4p0,2,0.0,0,a6b6,a6b6,True,0,correct,2,True,2660,4.0
timeout,depth,_mult4p0,2,0.0,0,a6b6,a6b6,True,0,correct,2,True,2660,4.0
timeout,depth,_mult4p0,2,0.0,0,a6b6,a6b6,True,0,correct,2,True,2660,4.0
timeout,depth,_mult4p0,2,0.0,0,a6b6,a6b6,True,0,correct,2,True,2660,4.0
timeout,depth,_mult4p0,2,0.0,0,a6b6,a6b6,True,0,correct,2,True,2660,4.0
timeout,depth,_mult4p0,2,0.0,0,a6b6,a6b6,True,0,correct,2,True,2660,4.0
timeout,depth,_mult4p0,2,0.0,0,a6b6,a6b6,True,0,correct,2,True,2660,4.0
timeout,depth,_mult4p0,2,0.0,0,a6b6,a6b6,True,0,correct,2,True,2660,4.0
timeout,depth,_mult4p0,2,0.0,0,a6b6,a6b6,True,0,correct,2,True,2660,4.0
timeout,depth,_mult4p0,2,0.0,0,a6b6,a6b6,True,0,correct,2,True,2660,4.0
timeout,depth,_mult4p0,2,0.0,0,a6b6,a6b6,True,0,correct,2,True,2660,4.0
timeout,depth,_mult4p0,2,0.0,0,a6b6,a6b6,True,0,correct,2,True,2660,4.0
timeout,depth,_mult4p0,2,0.0,0,a6b6,a6b6,True,0,correct,2,True,2660,4.0
timeout,depth,_mult4p0,2,0.0,0,a6b6,a6b6,True,0,correct,2,True,2660,4.0
timeout,depth,_mult4p0,2,0.0,0,a6b6,a6b6,True,0,correct,2,True,2660,4.0
timeout,depth,_mult4p0,2,0.0,0,a6b6,a6b6,True,0,correct,2,True,2660,4.0
timeout,depth,_mult4p0,2,0.0,0,a6b6,a6b6,True,0,correct,2,True,2660,4.0
timeout,depth,_mult4p0,2,0.0,0,a6b6,a6b6,True,0,correct,2,True,2660,4.0
timeout,depth,_mult4p0,2,0.0,0,a6b6,a6b6,True,0,correct,2,True,2660,4.0
timeout,depth,_mult4p0,2,0.0,0,a6b6,a6b6,True,0,correct,2,True,2660,4.0
timeout,depth,_mult4p0,2,0.0,0,a6b6,a6b6,True,0,correct,2,True,2660,4.0
timeout,depth,_mult4p0,2,0.0,0,a6b6,a6b6,True,0,correct,2,True,2660,4.0
timeout,depth,_mult4p0,2,0.0,0,a6b6,a6b6,True,0,correct,2,True,2660,4.0
timeout,depth,_mult4p0,2,0.0,0,a6b6,a6b6,True,0,correct,2,True,2660,4.0
timeout,depth,_mult4p0,2,0.0,0,a6b6,a6b6,True,0,correct,2,True,2660,4.0
timeout,depth,_mult4p0,2,0.0,0,a6b6,a6b6,True,0,correct,2,True,2660,4.0
timeout,depth,_mult4p0,2,0.0,0,a6b6,a6b6,True,0,correct,2,True,2660,4.0
timeout,depth,_mult4p0,2,0.0,0,a6b6,a6b6,True,0,correct,2,True,2660,4.0
timeout,depth,_mult4p0,2,0.0,0,a6b6,a6b6,True,0,correct,2,True,2660,4.0
timeout,depth,_mult4p0,2,0.0,0,a6b6,a6b6,True,0,correct,2,True,2660,4.0
timeout,depth,_mult4p0,2,0.0,0,a6b6,a6b6,True,0,correct,2,True,2660,4.0
timeout,depth,_mult4p0,2,0.0,0,a6b6,a6b6,True,0,correct,2,True,2660,4.0
timeout,depth,_mult4p0,2,0.0,0,a6b6,a6b6,True,0,correct,2,True,2660,4.0
timeout,depth,_mult4p0,2,0.0,0,a6b6,a6b6,True,0,correct,2,True,2660,4.0
timeout,depth,_mult4p0,2,0.0,0,a6b6,a6b6,True,0,correct,2,True,2660,4.0
timeout,depth,_mult4p0,2,0.0,0,a6b6,a6b6,True,0,correct,2,True,2660,4.0
timeout,depth,_mult4p0,3,0.0,0,bd07,bd07,True,0,correct,3,True,2660,4.0
timeout,depth,_mult4p0,3,0.0,0,bd07,bd07,True,0,correct,3,True,2660,4.0
timeout,depth,_mult4p0,3,0.0,0,bd07,bd07,True,0,correct,3,True,2660,4.0
timeout,depth,_mult4p0,3,0.0,0,bd07,bd07,True,0,correct,3,True,2660,4.0
timeout,depth,_mult4p0,3,0.0,0,bd07,bd07,True,0,correct,3,True,2660,4.0
timeout,depth,_mult4p0,3,0.0,0,bd07,bd07,True,0,correct,3,True,2660,4.0
timeout,depth,_mult4p0,3,0.0,0,bd07,bd07,True,0,correct,3,True,2660,4.0
timeout,depth,_mult4p0,3,0.0,0,bd07,bd07,True,0,correct,3,True,2660,4.0
timeout,depth,_mult4p0,3,0.0,0,bd07,bd07,True,0,correct,3,True,2660,4.0
timeout,depth,_mult4p0,3,0.0,0,bd07,bd07,True,0,correct,3,True,2660,4.0
timeout,depth,_mult4p0,3,0.0,0,bd07,bd07,True,0,correct,3,True,2660,4.0
timeout,depth,_mult4p0,3,0.0,0,bd07,bd07,True,0,correct,3,True,2660,4.0
timeout,depth,_mult4p0,3,0.0,0,bd07,bd07,True,0,correct,3,True,2660,4.0
timeout,depth,_mult4p0,3,0.0,0,bd07,bd07,True,0,correct,3,True,2660,4.0
timeout,depth,_mult4p0,3,0.0,0,bd07,bd07,True,0,correct,3,True,2660,4.0
timeout,depth,_mult4p0,3,0.0,0,bd07,bd07,True,0,correct,3,True,2660,4.0
timeout,depth,_mult4p0,3,0.0,0,bd07,bd07,True,0,correct,3,True,2660,4.0
timeout,depth,_mult4p0,3,0.0,0,bd07,bd07,True,0,correct,3,True,2660,4.0
timeout,depth,_mult4p0,3,0.0,0,bd07,bd07,True,0,correct,3,True,2660,4.0
timeout,depth,_mult4p0,3,0.0,0,bd07,bd07,True,0,correct,3,True,2660,4.0
timeout,depth,_mult4p0,3,0.0,0,bd07,bd07,True,0,correct,3,True,2660,4.0
timeout,depth,_mult4p0,3,0.0,0,bd07,bd07,True,0,correct,3,True,2660,4.0
timeout,depth,_mult4p0,3,0.0,0,bd07,bd07,True,0,correct,3,True,2660,4.0
timeout,depth,_mult4p0,3,0.0,0,bd07,bd07,True,0,correct,3,True,2660,4.0
timeout,depth,_mult4p0,3,0.0,0,bd07,bd07,True,0,correct,3,True,2660,4.0
timeout,depth,_mult4p0,3,0.0,0,bd07,bd07,True,0,correct,3,True,2660,4.0
timeout,depth,_mult4p0,3,0.0,0,bd07,bd07,True,0,correct,3,True,2660,4.0
timeout,depth,_mult4p0,3,0.0,0,bd07,bd07,True,0,correct,3,True,2660,4.0
timeout,depth,_mult4p0,3,0.0,0,bd07,bd07,True,0,correct,3,True,2660,4.0
timeout,depth,_mult4p0,3,0.0,0,bd07,bd07,True,0,correct,3,True,2660,4.0
timeout,depth,_mult4p0,3,0.0,0,bd07,bd07,True,0,correct,3,True,2660,4.0
timeout,depth,_mult4p0,3,0.0,0,bd07,bd07,True,0,correct,3,True,2660,4.0
timeout,depth,_mult4p0,3,0.0,0,bd07,bd07,True,0,correct,3,True,2660,4.0
timeout,depth,_mult4p0,3,0.0,0,bd07,bd07,True,0,correct,3,True,2660,4.0
timeout,depth,_mult4p0,3,0.0,0,bd07,bd07,True,0,correct,3,True,2660,4.0
timeout,depth,_mult4p0,3,0.0,0,bd07,bd07,True,0,correct,3,True,2660,4.0
timeout,depth,_mult4p0,3,0.0,0,bd07,bd07,True,0,correct,3,True,2660,4.0
timeout,depth,_mult4p0,3,0.0,0,bd07,bd07,True,0,correct,3,True,2660,4.0
timeout,depth,_mult4p0,3,0.0,0,bd07,bd07,True,0,correct,3,True,2660,4.0
timeout,depth,_mult4p0,3,0.0,0,bd07,bd07,True,0,correct,3,True,2660,4.0
timeout,depth,_mult4p0,3,0.0,0,bd07,bd07,True,0,correct,3,True,2660,4.0
timeout,depth,_mult4p0,3,0.0,0,bd07,bd07,True,0,correct,3,True,2660,4.0
timeout,depth,_mult4p0,3,0.0,0,bd07,bd07,True,0,correct,3,True,2660,4.0
timeout,depth,_mult4p0,3,0.0,0,bd07,bd07,True,0,correct,3,True,2660,4.0
timeout,depth,_mult4p0,3,0.0,0,bd07,bd07,True,0,correct,3,True,2660,4.0
timeout,depth,_mult4p0,3,0.0,0,bd07,bd07,True,0,correct,3,True,2660,4.0
timeout,depth,_mult4p0,3,0.0,0,bd07,bd07,True,0,correct,3,True,2660,4.0
timeout,depth,_mult4p0,3,0.0,0,bd07,bd07,True,0,correct,3,True,2660,4.0
timeout,depth,_mult4p0,3,0.0,0,bd07,bd07,True,0,correct,3,True,2660,4.0
timeout,depth,_mult4p0,3,0.0,0,bd07,bd07,True,0,correct,3,True,2660,4.0
timeout,depth,_mult4p0,3,0.0,0,bd07,bd07,True,0,correct,3,True,2660,4.0
timeout,depth,_mult4p0,3,0.0,0,bd07,bd07,True,0,correct,3,True,2660,4.0
timeout,depth,_mult4p0,3,0.0,0,bd07,bd07,True,0,correct,3,True,2660,4.0
timeout,depth,_mult4p0,3,0.0,0,bd07,bd07,True,0,correct,3,True,2660,4.0
timeout,depth,_mult4p0,3,0.0,0,bd07,bd07,True,0,correct,3,True,2660,4.0
timeout,depth,_mult4p0,3,0.0,0,bd07,bd07,True,0,correct,3,True,2660,4.0
timeout,depth,_mult4p0,3,0.0,0,bd07,bd07,True,0,correct,3,True,2660,4.0
timeout,depth,_mult4p0,3,0.0,0,bd07,bd07,True,0,correct,3,True,2660,4.0
timeout,depth,_mult4p0,3,0.0,0,bd07,bd07,True,0,correct,3,True,2660,4.0
timeout,depth,_mult4p0,3,0.0,0,bd07,bd07,True,0,correct,3,True,2660,4.0
timeout,depth,_mult4p0,0,0.15,3,faae,fca6,True,6,correct,0,True,2660,4.0
timeout,depth,_mult4p0,0,0.15,1,fea6,fca6,True,5,correct,0,True,2660,4.0
timeout,depth,_mult4p0,0,0.15,1,fca2,fca6,True,6,correct,0,True,2660,4.0
timeout,depth,_mult4p0,0,0.15,3,f884,f8a4,False,2660,oscillated,-1,False,2660,4.0
timeout,depth,_mult4p0,0,0.15,3,f0a2,fca6,True,7,correct,0,True,2660,4.0
timeout,depth,_mult4p0,0,0.15,2,f886,fca6,True,4,correct,0,True,2660,4.0
timeout,depth,_mult4p0,0,0.15,2,f8a2,fca6,True,6,correct,0,True,2660,4.0
timeout,depth,_mult4p0,0,0.15,2,fcac,fca6,True,6,correct,0,True,2660,4.0
timeout,depth,_mult4p0,0,0.15,1,dca6,fca6,True,4,correct,0,True,2660,4.0
timeout,depth,_mult4p0,0,0.15,5,dc0a,fd4b,True,7,spurious,-1,False,2660,4.0
timeout,depth,_mult4p0,0,0.15,2,fea4,fca6,True,5,correct,0,True,2660,4.0
timeout,depth,_mult4p0,0,0.15,4,788e,78a6,False,2660,oscillated,-1,False,2660,4.0
timeout,depth,_mult4p0,0,0.15,2,f5a6,fca6,True,7,correct,0,True,2660,4.0
timeout,depth,_mult4p0,0,0.15,2,fc84,fca6,True,4,correct,0,True,2660,4.0
timeout,depth,_mult4p0,0,0.15,5,f0b0,f8a4,False,2660,oscillated,-1,False,2660,4.0
timeout,depth,_mult4p0,0,0.15,5,3df6,fca6,True,15,correct,0,True,2660,4.0
timeout,depth,_mult4p0,0,0.15,4,7c0e,fd4b,True,12,spurious,-1,False,2660,4.0
timeout,depth,_mult4p0,0,0.15,3,bcb7,fca6,True,15,correct,0,True,2660,4.0
timeout,depth,_mult4p0,0,0.15,2,fea2,fca6,True,6,correct,0,True,2660,4.0
timeout,depth,_mult4p0,0,0.15,4,cda2,fca6,True,7,correct,0,True,2660,4.0
timeout,depth,_mult4p0,0,0.15,1,f8a6,fca6,True,4,correct,0,True,2660,4.0
timeout,depth,_mult4p0,0,0.15,6,2cab,e6fa,True,16,spurious,-1,False,2660,4.0
timeout,depth,_mult4p0,0,0.15,2,f426,fca6,True,9,correct,0,True,2660,4.0
timeout,depth,_mult4p0,0,0.15,2,ece6,fca6,True,7,correct,0,True,2660,4.0
timeout,depth,_mult4p0,0,0.15,3,f9a2,fca6,True,6,correct,0,True,2660,4.0
timeout,depth,_mult4p0,0,0.15,4,6ce2,fca6,True,11,correct,0,True,2660,4.0
timeout,depth,_mult4p0,0,0.15,3,eea2,fca6,True,16,correct,0,True,2660,4.0
timeout,depth,_mult4p0,0,0.15,0,fca6,fca6,True,0,correct,0,True,2660,4.0
timeout,depth,_mult4p0,0,0.15,4,f4e5,fca6,True,7,correct,0,True,2660,4.0
timeout,depth,_mult4p0,0,0.15,2,feb6,fca6,True,5,correct,0,True,2660,4.0
timeout,depth,_mult4p0,0,0.15,3,94a6,fca6,True,23,correct,0,True,2660,4.0
timeout,depth,_mult4p0,0,0.15,0,fca6,fca6,True,0,correct,0,True,2660,4.0
timeout,depth,_mult4p0,0,0.15,1,fca7,fca6,True,4,correct,0,True,2660,4.0
timeout,depth,_mult4p0,0,0.15,1,dca6,fca6,True,4,correct,0,True,2660,4.0
timeout,depth,_mult4p0,0,0.15,1,f8a6,fca6,True,4,correct,0,True,2660,4.0
timeout,depth,_mult4p0,0,0.15,2,fc06,bd07,True,15,wrong_pattern,3,False,2660,4.0
timeout,depth,_mult4p0,0,0.15,4,acac,a6b6,True,17,wrong_pattern,2,False,2660,4.0
timeout,depth,_mult4p0,0,0.15,2,eda6,fca6,True,7,correct,0,True,2660,4.0
timeout,depth,_mult4p0,0,0.15,3,f4b7,fca6,True,14,correct,0,True,2660,4.0
timeout,depth,_mult4p0,0,0.15,1,fea6,fca6,True,5,correct,0,True,2660,4.0
timeout,depth,_mult4p0,0,0.15,1,dca6,fca6,True,4,correct,0,True,2660,4.0
timeout,depth,_mult4p0,0,0.15,5,64e7,fca6,True,17,correct,0,True,2660,4.0
timeout,depth,_mult4p0,0,0.15,1,fcae,fca6,True,6,correct,0,True,2660,4.0
timeout,depth,_mult4p0,0,0.15,5,e4a8,fc6a,True,14,spurious,-1,False,2660,4.0
timeout,depth,_mult4p0,0,0.15,4,f807,bd07,True,12,wrong_pattern,3,False,2660,4.0
timeout,depth,_mult4p0,0,0.15,1,fc26,fca6,True,9,correct,0,True,2660,4.0
timeout,depth,_mult4p0,0,0.15,2,7c86,fca6,True,4,correct,0,True,2660,4.0
timeout,depth,_mult4p0,0,0.15,2,fc06,bd07,True,15,wrong_pattern,3,False,2660,4.0
timeout,depth,_mult4p0,0,0.15,2,fda4,fca6,True,4,correct,0,True,2660,4.0
timeout,depth,_mult4p0,0,0.15,2,dcae,fca6,True,6,correct,0,True,2660,4.0
timeout,depth,_mult4p0,0,0.15,5,e786,fca6,True,17,correct,0,True,2660,4.0
timeout,depth,_mult4p0,0,0.15,3,7de6,fca6,True,6,correct,0,True,2660,4.0
timeout,depth,_mult4p0,0,0.15,1,eca6,fca6,True,7,correct,0,True,2660,4.0
timeout,depth,_mult4p0,0,0.15,2,cca6,fca6,True,7,correct,0,True,2660,4.0
timeout,depth,_mult4p0,0,0.15,2,6ca6,fca6,True,7,correct,0,True,2660,4.0
timeout,depth,_mult4p0,0,0.15,1,fc26,fca6,True,9,correct,0,True,2660,4.0
timeout,depth,_mult4p0,0,0.15,5,dcca,fc6a,True,9,spurious,-1,False,2660,4.0
timeout,depth,_mult4p0,0,0.15,2,dce6,fca6,True,6,correct,0,True,2660,4.0
timeout,depth,_mult4p0,0,0.15,0,fca6,fca6,True,0,correct,0,True,2660,4.0
timeout,depth,_mult4p0,0,0.15,1,f8a6,fca6,True,4,correct,0,True,2660,4.0
timeout,depth,_mult4p0,1,0.15,2,db95,1905,True,13,spurious,-1,False,2660,4.0
timeout,depth,_mult4p0,1,0.15,3,19f5,58a4,True,15,spurious,-1,False,2660,4.0
timeout,depth,_mult4p0,1,0.15,1,1995,1915,False,2660,oscillated,-1,False,2660,4.0
timeout,depth,_mult4p0,1,0.15,3,4bb5,12b4,False,2660,oscillated,-1,False,2660,4.0
timeout,depth,_mult4p0,1,0.15,1,3b95,1b95,True,4,correct,1,True,2660,4.0
timeout,depth,_mult4p0,1,0.15,3,5a97,58a4,True,7,spurious,-1,False,2660,4.0
timeout,depth,_mult4p0,1,0.15,1,1995,1915,False,2660,oscillated,-1,False,2660,4.0
timeout,depth,_mult4p0,1,0.15,3,db94,58a4,True,7,spurious,-1,False,2660,4.0
timeout,depth,_mult4p0,1,0.15,4,3b98,2b4,True,7,spurious,-1,False,2660,4.0
timeout,depth,_mult4p0,1,0.15,0,1b95,1b95,True,0,correct,1,True,2660,4.0
timeout,depth,_mult4p0,1,0.15,2,1bd4,2b4,True,7,spurious,-1,False,2660,4.0
timeout,depth,_mult4p0,1,0.15,1,1b15,1b95,True,9,correct,1,True,2660,4.0
timeout,depth,_mult4p0,1,0.15,3,1791,395,True,7,spurious,-1,False,2660,4.0
timeout,depth,_mult4p0,1,0.15,3,1a8d,58a4,True,15,spurious,-1,False,2660,4.0
timeout,depth,_mult4p0,1,0.15,3,1387,b95,False,2660,oscillated,-1,False,2660,4.0
timeout,depth,_mult4p0,1,0.15,3,1add,2b4,True,7,spurious,-1,False,2660,4.0
timeout,depth,_mult4p0,1,0.15,4,138f,395,True,17,spurious,-1,False,2660,4.0
timeout,depth,_mult4p0,1,0.15,5,1f5,2b4,True,7,spurious,-1,False,2660,4.0
timeout,depth,_mult4p0,1,0.15,0,1b95,1b95,True,0,correct,1,True,2660,4.0
timeout,depth,_mult4p0,1,0.15,4,1d99,1915,False,2660,oscillated,-1,False,2660,4.0
timeout,depth,_mult4p0,1,0.15,1,1b85,1b05,False,2660,oscillated,-1,False,2660,4.0
timeout,depth,_mult4p0,1,0.15,2,1b9c,2b4,True,7,spurious,-1,False,2660,4.0
timeout,depth,_mult4p0,1,0.15,3,fb5,12b4,False,2660,oscillated,-1,False,2660,4.0
timeout,depth,_mult4p0,1,0.15,0,1b95,1b95,True,0,correct,1,True,2660,4.0
timeout,depth,_mult4p0,1,0.15,0,1b95,1b95,True,0,correct,1,True,2660,4.0
timeout,depth,_mult4p0,1,0.15,1,1395,b95,False,2660,oscillated,-1,False,2660,4.0
timeout,depth,_mult4p0,1,0.15,3,3b93,2397,False,2660,oscillated,-1,False,2660,4.0
timeout,depth,_mult4p0,1,0.15,1,1bb5,58a4,True,21,spurious,-1,False,2660,4.0
timeout,depth,_mult4p0,1,0.15,0,1b95,1b95,True,0,correct,1,True,2660,4.0
timeout,depth,_mult4p0,1,0.15,4,7fb5,7ca4,False,2660,oscillated,-1,False,2660,4.0
timeout,depth,_mult4p0,1,0.15,3,1791,395,True,7,spurious,-1,False,2660,4.0
timeout,depth,_mult4p0,1,0.15,1,5b95,1905,True,13,spurious,-1,False,2660,4.0
timeout,depth,_mult4p0,1,0.15,5,ab05,b305,False,2660,oscillated,-1,False,2660,4.0
timeout,depth,_mult4p0,1,0.15,4,1615,b95,False,2660,oscillated,-1,False,2660,4.0
timeout,depth,_mult4p0,1,0.15,6,ebb4,b2b4,False,2660,oscillated,-1,False,2660,4.0
timeout,depth,_mult4p0,1,0.15,2,1b55,395,True,14,spurious,-1,False,2660,4.0
timeout,depth,_mult4p0,1,0.15,3,bf95,bf97,True,4,spurious,-1,False,2660,4.0
timeout,depth,_mult4p0,1,0.15,3,1c95,58a4,True,18,spurious,-1,False,2660,4.0
timeout,depth,_mult4p0,1,0.15,2,1fd5,1b95,True,6,correct,1,True,2660,4.0
timeout,depth,_mult4p0,1,0.15,3,1bf1,2b4,True,7,spurious,-1,False,2660,4.0
timeout,depth,_mult4p0,1,0.15,2,1a9d,2b4,True,7,spurious,-1,False,2660,4.0
timeout,depth,_mult4p0,1,0.15,3,1a14,1b95,True,9,correct,1,True,2660,4.0
timeout,depth,_mult4p0,1,0.15,2,1bb1,2b4,True,7,spurious,-1,False,2660,4.0
timeout,depth,_mult4p0,1,0.15,2,1b17,1b95,True,9,correct,1,True,2660,4.0
timeout,depth,_mult4p0,1,0.15,2,13b5,ab4,False,2660,oscillated,-1,False,2660,4.0
timeout,depth,_mult4p0,1,0.15,6,8ffd,c6f8,False,2660,oscillated,-1,False,2660,4.0
timeout,depth,_mult4p0,1,0.15,4,4394,2b4,True,11,spurious,-1,False,2660,4.0
timeout,depth,_mult4p0,1,0.15,5,3755,2759,False,2660,oscillated,-1,False,2660,4.0
timeout,depth,_mult4p0,1,0.15,3,9bc5,1b05,False,2660,oscillated,-1,False,2660,4.0
timeout,depth,_mult4p0,1,0.15,2,5b94,58a4,True,7,spurious,-1,False,2660,4.0
timeout,depth,_mult4p0,1,0.15,1,1395,b95,False,2660,oscillated,-1,False,2660,4.0
timeout,depth,_mult4p0,1,0.15,1,1bd5,1b95,True,6,correct,1,True,2660,4.0
timeout,depth,_mult4p0,1,0.15,1,5b95,1905,True,13,spurious,-1,False,2660,4.0
timeout,depth,_mult4p0,1,0.15,5,38f5,58a4,True,15,spurious,-1,False,2660,4.0
timeout,depth,_mult4p0,1,0.15,2,1915,1915,False,2660,oscillated,-1,False,2660,4.0
timeout,depth,_mult4p0,1,0.15,1,5b95,1905,True,13,spurious,-1,False,2660,4.0
timeout,depth,_mult4p0,1,0.15,3,1b25,1b05,False,2660,oscillated,-1,False,2660,4.0
timeout,depth,_mult4p0,1,0.15,2,1397,b95,False,2660,oscillated,-1,False,2660,4.0
timeout,depth,_mult4p0,1,0.15,4,f995,b905,False,2660,oscillated,-1,False,2660,4.0
timeout,depth,_mult4p0,1,0.15,2,9395,b95,False,2660,oscillated,-1,False,2660,4.0
timeout,depth,_mult4p0,2,0.15,3,a3b4,a2b4,False,2660,oscillated,-1,False,2660,4.0
timeout,depth,_mult4p0,2,0.15,3,acb7,b6b6,False,2660,oscillated,-1,False,2660,4.0
timeout,depth,_mult4p0,2,0.15,3,6eb6,b6b6,False,2660,oscillated,-1,False,2660,4.0
timeout,depth,_mult4p0,2,0.15,1,a7b6,a6b6,True,4,correct,2,True,2660,4.0
timeout,depth,_mult4p0,2,0.15,2,a796,a6b6,True,7,correct,2,True,2660,4.0
timeout,depth,_mult4p0,2,0.15,0,a6b6,a6b6,True,0,correct,2,True,2660,4.0
timeout,depth,_mult4p0,2,0.15,2,a4b4,a6b6,True,5,correct,2,True,2660,4.0
timeout,depth,_mult4p0,2,0.15,0,a6b6,a6b6,True,0,correct,2,True,2660,4.0
timeout,depth,_mult4p0,2,0.15,5,8477,a75b,True,12,spurious,-1,False,2660,4.0
timeout,depth,_mult4p0,2,0.15,2,a2a6,a6b6,True,5,correct,2,True,2660,4.0
timeout,depth,_mult4p0,2,0.15,1,aeb6,b6b6,False,2660,oscillated,-1,False,2660,4.0
timeout,depth,_mult4p0,2,0.15,1,b6b6,aeb6,False,2660,oscillated,-1,False,2660,4.0
timeout,depth,_mult4p0,2,0.15,0,a6b6,a6b6,True,0,correct,2,True,2660,4.0
timeout,depth,_mult4p0,2,0.15,3,b697,aeb6,False,2660,oscillated,-1,False,2660,4.0
timeout,depth,_mult4p0,2,0.15,3,66a6,fca6,True,11,wrong_pattern,0,False,2660,4.0
timeout,depth,_mult4p0,2,0.15,1,a6f6,a6b6,True,6,correct,2,True,2660,4.0
timeout,depth,_mult4p0,2,0.15,4,a6fd,a6b6,True,11,correct,2,True,2660,4.0
timeout,depth,_mult4p0,2,0.15,2,a7be,a6b6,True,6,correct,2,True,2660,4.0
timeout,depth,_mult4p0,2,0.15,0,a6b6,a6b6,True,0,correct,2,True,2660,4.0
timeout,depth,_mult4p0,2,0.15,1,a6be,a6b6,True,6,correct,2,True,2660,4.0
timeout,depth,_mult4p0,2,0.15,2,aea6,b6b6,False,2660,oscillated,-1,False,2660,4.0
timeout,depth,_mult4p0,2,0.15,4,adb4,b6b6,False,2660,oscillated,-1,False,2660,4.0
timeout,depth,_mult4p0,2,0.15,2,b6b4,aeb6,False,2660,oscillated,-1,False,2660,4.0
timeout,depth,_mult4p0,2,0.15,3,8ea6,b6b6,False,2660,oscillated,-1,False,2660,4.0
timeout,depth,_mult4p0,2,0.15,2,b696,aeb6,False,2660,oscillated,-1,False,2660,4.0
timeout,depth,_mult4p0,2,0.15,2,26b7,a6b6,True,4,correct,2,True,2660,4.0
timeout,depth,_mult4p0,2,0.15,0,a6b6,a6b6,True,0,correct,2,True,2660,4.0
timeout,depth,_mult4p0,2,0.15,1,a4b6,a6b6,True,5,correct,2,True,2660,4.0
timeout,depth,_mult4p0,2,0.15,4,8286,82b6,False,2660,oscillated,-1,False,2660,4.0
timeout,depth,_mult4p0,2,0.15,4,69e,6b6,False,2660,oscillated,-1,False,2660,4.0
timeout,depth,_mult4p0,2,0.15,2,eeb6,b6b6,False,2660,oscillated,-1,False,2660,4.0
timeout,depth,_mult4p0,2,0.15,3,b436,fca6,True,21,wrong_pattern,0,False,2660,4.0
timeout,depth,_mult4p0,2,0.15,2,a6a2,a6b6,True,6,correct,2,True,2660,4.0
timeout,depth,_mult4p0,2,0.15,1,a6b4,a6b6,True,4,correct,2,True,2660,4.0
timeout,depth,_mult4p0,2,0.15,1,a6b7,a6b6,True,4,correct,2,True,2660,4.0
timeout,depth,_mult4p0,2,0.15,2,a6fe,a6b6,True,16,correct,2,True,2660,4.0
timeout,depth,_mult4p0,2,0.15,1,a696,a6b6,True,4,correct,2,True,2660,4.0
timeout,depth,_mult4p0,2,0.15,2,aab6,b6b6,False,2660,oscillated,-1,False,2660,4.0
timeout,depth,_mult4p0,2,0.15,2,a6ba,a6b6,True,16,correct,2,True,2660,4.0
timeout,depth,_mult4p0,2,0.15,4,e36,16b6,False,2660,oscillated,-1,False,2660,4.0
timeout,depth,_mult4p0,2,0.15,3,25b6,a6b6,True,5,correct,2,True,2660,4.0
timeout,depth,_mult4p0,2,0.15,3,a7ae,a6b6,True,6,correct,2,True,2660,4.0
timeout,depth,_mult4p0,2,0.15,4,2276,22b6,False,2660,oscillated,-1,False,2660,4.0
timeout,depth,_mult4p0,2,0.15,5,a70e,a75b,True,11,spurious,-1,False,2660,4.0
timeout,depth,_mult4p0,2,0.15,5,25e6,a6b6,True,6,correct,2,True,2660,4.0
timeout,depth,_mult4p0,2,0.15,0,a6b6,a6b6,True,0,correct,2,True,2660,4.0
timeout,depth,_mult4p0,2,0.15,1,a6b7,a6b6,True,4,correct,2,True,2660,4.0
timeout,depth,_mult4p0,2,0.15,4,afba,a6b6,True,17,correct,2,True,2660,4.0
timeout,depth,_mult4p0,2,0.15,3,ae34,b6b6,False,2660,oscillated,-1,False,2660,4.0
timeout,depth,_mult4p0,2,0.15,2,26b7,a6b6,True,4,correct,2,True,2660,4.0
timeout,depth,_mult4p0,2,0.15,4,efb7,b6b6,False,2660,oscillated,-1,False,2660,4.0
timeout,depth,_mult4p0,2,0.15,3,8692,a6b6,True,6,correct,2,True,2660,4.0
timeout,depth,_mult4p0,2,0.15,1,a6b2,a6b6,True,6,correct,2,True,2660,4.0
timeout,depth,_mult4p0,2,0.15,6,deb3,fca6,True,6,wrong_pattern,0,False,2660,4.0
timeout,depth,_mult4p0,2,0.15,2,e6be,e6fa,True,16,spurious,-1,False,2660,4.0
timeout,depth,_mult4p0,2,0.15,2,66b6,a6b6,True,11,correct,2,True,2660,4.0
timeout,depth,_mult4p0,2,0.15,1,e6b6,a6b6,True,11,correct,2,True,2660,4.0
timeout,depth,_mult4p0,2,0.15,2,e2b6,a6b6,True,11,correct,2,True,2660,4.0
timeout,depth,_mult4p0,2,0.15,4,be26,fca6,True,15,wrong_pattern,0,False,2660,4.0
timeout,depth,_mult4p0,2,0.15,3,32b6,2ab6,False,2660,oscillated,-1,False,2660,4.0
timeout,depth,_mult4p0,3,0.15,3,f503,fd4b,True,17,spurious,-1,False,2660,4.0
timeout,depth,_mult4p0,3,0.15,2,9907,9907,False,2660,oscillated,-1,False,2660,4.0
timeout,depth,_mult4p0,3,0.15,2,3d47,bd07,True,6,correct,3,True,2660,4.0
timeout,depth,_mult4p0,3,0.15,2,bd26,bd07,True,7,correct,3,True,2660,4.0
timeout,depth,_mult4p0,3,0.15,4,7f05,3d05,False,2660,oscillated,-1,False,2660,4.0
timeout,depth,_mult4p0,3,0.15,2,bd45,bd07,True,6,correct,3,True,2660,4.0
timeout,depth,_mult4p0,3,0.15,1,bd06,bd07,True,4,correct,3,True,2660,4.0
timeout,depth,_mult4p0,3,0.15,2,bb07,bf07,False,2660,oscillated,-1,False,2660,4.0
timeout,depth,_mult4p0,3,0.15,2,7d07,bd07,True,11,correct,3,True,2660,4.0
timeout,depth,_mult4p0,3,0.15,2,b903,bd07,True,6,correct,3,True,2660,4.0
timeout,depth,_mult4p0,3,0.15,1,bd06,bd07,True,4,correct,3,True,2660,4.0
timeout,depth,_mult4p0,3,0.15,4,bda4,fca6,True,11,wrong_pattern,0,False,2660,4.0
timeout,depth,_mult4p0,3,0.15,2,fd47,fd4b,True,16,spurious,-1,False,2660,4.0
timeout,depth,_mult4p0,3,0.15,4,9d11,9d15,False,2660,oscillated,-1,False,2660,4.0
timeout,depth,_mult4p0,3,0.15,1,bd05,bd07,True,4,correct,3,True,2660,4.0
timeout,depth,_mult4p0,3,0.15,1,bd27,bd07,True,4,correct,3,True,2660,4.0
timeout,depth,_mult4p0,3,0.15,1,bd06,bd07,True,4,correct,3,True,2660,4.0
timeout,depth,_mult4p0,3,0.15,3,bc45,bd07,True,6,correct,3,True,2660,4.0
timeout,depth,_mult4p0,3,0.15,3,3987,3907,False,2660,oscillated,-1,False,2660,4.0
timeout,depth,_mult4p0,3,0.15,5,db47,d94b,False,2660,oscillated,-1,False,2660,4.0
timeout,depth,_mult4p0,3,0.15,3,9903,9907,False,2660,oscillated,-1,False,2660,4.0
timeout,depth,_mult4p0,3,0.15,3,b904,b905,False,2660,oscillated,-1,False,2660,4.0
timeout,depth,_mult4p0,3,0.15,2,fd05,bd07,True,11,correct,3,True,2660,4.0
timeout,depth,_mult4p0,3,0.15,3,2d0f,f54b,False,2660,oscillated,-1,False,2660,4.0
timeout,depth,_mult4p0,3,0.15,5,b383,a797,True,17,spurious,-1,False,2660,4.0
timeout,depth,_mult4p0,3,0.15,2,ac07,bd07,True,7,correct,3,True,2660,4.0
timeout,depth,_mult4p0,3,0.15,4,af1f,a75b,True,11,spurious,-1,False,2660,4.0
timeout,depth,_mult4p0,3,0.15,3,b703,a75b,True,21,spurious,-1,False,2660,4.0
timeout,depth,_mult4p0,3,0.15,3,dd06,bd07,True,12,correct,3,True,2660,4.0
timeout,depth,_mult4p0,3,0.15,4,3e06,bf07,False,2660,oscillated,-1,False,2660,4.0
timeout,depth,_mult4p0,3,0.15,1,bd27,bd07,True,4,correct,3,True,2660,4.0
timeout,depth,_mult4p0,3,0.15,3,b447,ed4b,False,2660,oscillated,-1,False,2660,4.0
timeout,depth,_mult4p0,3,0.15,2,b587,bf97,True,7,spurious,-1,False,2660,4.0
timeout,depth,_mult4p0,3,0.15,3,bf45,bf07,False,2660,oscillated,-1,False,2660,4.0
timeout,depth,_mult4p0,3,0.15,3,a927,bd07,True,7,correct,3,True,2660,4.0
timeout,depth,_mult4p0,3,0.15,2,bd0e,bd07,True,6,correct,3,True,2660,4.0
timeout,depth,_mult4p0,3,0.15,1,fd07,bd07,True,11,correct,3,True,2660,4.0
timeout,depth,_mult4p0,3,0.15,4,ac16,b797,False,2660,oscillated,-1,False,2660,4.0
timeout,depth,_mult4p0,3,0.15,4,3717,af97,False,2660,oscillated,-1,False,2660,4.0
timeout,depth,_mult4p0,3,0.15,1,bf07,bf07,False,2660,oscillated,-1,False,2660,4.0
timeout,depth,_mult4p0,3,0.15,4,fdd7,bd07,True,11,correct,3,True,2660,4.0
timeout,depth,_mult4p0,3,0.15,1,bd17,bd17,False,2660,oscillated,-1,False,2660,4.0
timeout,depth,_mult4p0,3,0.15,7,85e3,a6b6,True,18,wrong_pattern,2,False,2660,4.0
timeout,depth,_mult4p0,3,0.15,3,b985,b905,False,2660,oscillated,-1,False,2660,4.0
timeout,depth,_mult4p0,3,0.15,3,b703,a75b,True,21,spurious,-1,False,2660,4.0
timeout,depth,_mult4p0,3,0.15,3,bda5,fca6,True,12,wrong_pattern,0,False,2660,4.0
timeout,depth,_mult4p0,3,0.15,0,bd07,bd07,True,0,correct,3,True,2660,4.0
timeout,depth,_mult4p0,3,0.15,2,b927,bd07,True,4,correct,3,True,2660,4.0
timeout,depth,_mult4p0,3,0.15,5,6c17,bd07,True,13,correct,3,True,2660,4.0
timeout,depth,_mult4p0,3,0.15,3,1d0f,1d07,False,2660,oscillated,-1,False,2660,4.0
timeout,depth,_mult4p0,3,0.15,4,1903,1905,True,6,spurious,-1,False,2660,4.0
timeout,depth,_mult4p0,3,0.15,1,b907,bd07,True,4,correct,3,True,2660,4.0
timeout,depth,_mult4p0,3,0.15,1,bd17,bd17,False,2660,oscillated,-1,False,2660,4.0
timeout,depth,_mult4p0,3,0.15,0,bd07,bd07,True,0,correct,3,True,2660,4.0
timeout,depth,_mult4p0,3,0.15,6,918b,835b,False,2660,oscillated,-1,False,2660,4.0
timeout,depth,_mult4p0,3,0.15,0,bd07,bd07,True,0,correct,3,True,2660,4.0
timeout,depth,_mult4p0,3,0.15,2,bd83,bd07,True,9,correct,3,True,2660,4.0
timeout,depth,_mult4p0,3,0.15,0,bd07,bd07,True,0,correct,3,True,2660,4.0
timeout,depth,_mult4p0,3,0.15,5,9483,a6b6,True,17,wrong_pattern,2,False,2660,4.0
timeout,depth,_mult4p0,3,0.15,4,f513,fd4b,True,21,spurious,-1,False,2660,4.0
timeout,depth,_mult4p0,0,0.3,2,7ce6,fca6,True,6,correct,0,True,2660,4.0
timeout,depth,_mult4p0,0,0.3,9,5f4f,5d4b,False,2660,oscillated,-1,False,2660,4.0
timeout,depth,_mult4p0,0,0.3,6,7fd6,fca6,True,7,correct,0,True,2660,4.0
timeout,depth,_mult4p0,0,0.3,6,f104,b905,False,2660,oscillated,-1,False,2660,4.0
timeout,depth,_mult4p0,0,0.3,2,7ca7,fca6,True,4,correct,0,True,2660,4.0
timeout,depth,_mult4p0,0,0.3,8,24f3,a6b6,True,17,wrong_pattern,2,False,2660,4.0
timeout,depth,_mult4p0,0,0.3,3,fcf2,fca6,True,11,correct,0,True,2660,4.0
timeout,depth,_mult4p0,0,0.3,2,fea2,fca6,True,6,correct,0,True,2660,4.0
timeout,depth,_mult4p0,0,0.3,6,9c9f,fca6,True,15,correct,0,True,2660,4.0
timeout,depth,_mult4p0,0,0.3,6,84ac,86b4,False,2660,oscillated,-1,False,2660,4.0
timeout,depth,_mult4p0,0,0.3,3,beae,fca6,True,15,correct,0,True,2660,4.0
timeout,depth,_mult4p0,0,0.3,6,dc43,fd4b,True,6,spurious,-1,False,2660,4.0
timeout,depth,_mult4p0,0,0.3,3,fcfe,fca6,True,11,correct,0,True,2660,4.0
timeout,depth,_mult4p0,0,0.3,4,e5a4,fca6,True,7,correct,0,True,2660,4.0
timeout,depth,_mult4p0,0,0.3,5,fa8f,fca6,True,7,correct,0,True,2660,4.0
timeout,depth,_mult4p0,0,0.3,6,38c2,78a6,False,2660,oscillated,-1,False,2660,4.0
timeout,depth,_mult4p0,0,0.3,5,e6af,e6fa,True,15,spurious,-1,False,2660,4.0
timeout,depth,_mult4p0,0,0.3,4,cc66,fc6a,True,21,spurious,-1,False,2660,4.0
timeout,depth,_mult4p0,0,0.3,3,e4a2,fca6,True,17,correct,0,True,2660,4.0
timeout,depth,_mult4p0,0,0.3,5,b8a8,f8a4,False,2660,oscillated,-1,False,2660,4.0
timeout,depth,_mult4p0,0,0.3,4,fc44,fd4b,True,12,spurious,-1,False,2660,4.0
timeout,depth,_mult4p0,0,0.3,5,ccab,fca6,True,12,correct,0,True,2660,4.0
timeout,depth,_mult4p0,0,0.3,3,2ca6,fca6,True,23,correct,0,True,2660,4.0
timeout,depth,_mult4p0,0,0.3,0,fca6,fca6,True,0,correct,0,True,2660,4.0
timeout,depth,_mult4p0,0,0.3,3,f48e,fca6,True,7,correct,0,True,2660,4.0
timeout,depth,_mult4p0,0,0.3,5,f99e,fca6,True,7,correct,0,True,2660,4.0
timeout,depth,_mult4p0,0,0.3,7,f2e1,f8a4,False,2660,oscillated,-1,False,2660,4.0
timeout,depth,_mult4p0,0,0.3,6,e40f,fd4b,True,7,spurious,-1,False,2660,4.0
timeout,depth,_mult4p0,0,0.3,3,f4b4,fca6,True,11,correct,0,True,2660,4.0
timeout,depth,_mult4p0,0,0.3,4,bdac,fca6,True,12,correct,0,True,2660,4.0
timeout,depth,_mult4p0,0,0.3,4,bec6,fca6,True,15,correct,0,True,2660,4.0
timeout,depth,_mult4p0,0,0.3,1,fea6,fca6,True,5,correct,0,True,2660,4.0
timeout,depth,_mult4p0,0,0.3,6,5c8d,58a4,True,7,spurious,-1,False,2660,4.0
timeout,depth,_mult4p0,0,0.3,4,b8aa,fca6,True,14,correct,0,True,2660,4.0
timeout,depth,_mult4p0,0,0.3,9,5afb,4068,True,13,spurious,-1,False,2660,4.0
timeout,depth,_mult4p0,0,0.3,3,e8e6,fca6,True,7,correct,0,True,2660,4.0
timeout,depth,_mult4p0,0,0.3,6,3c42,bd07,True,17,wrong_pattern,3,False,2660,4.0
timeout,depth,_mult4p0,0,0.3,4,feab,fca6,True,11,correct,0,True,2660,4.0
timeout,depth,_mult4p0,0,0.3,2,6ca6,fca6,True,7,correct,0,True,2660,4.0
timeout,depth,_mult4p0,0,0.3,7,72bf,2ab6,False,2660,oscillated,-1,False,2660,4.0
timeout,depth,_mult4p0,0,0.3,5,bfe7,fca6,True,15,correct,0,True,2660,4.0
timeout,depth,_mult4p0,0,0.3,2,f486,fca6,True,7,correct,0,True,2660,4.0
timeout,depth,_mult4p0,0,0.3,4,deb7,fca6,True,5,correct,0,True,2660,4.0
timeout,depth,_mult4p0,0,0.3,2,eca4,fca6,True,7,correct,0,True,2660,4.0
timeout,depth,_mult4p0,0,0.3,4,be27,bf07,False,2660,oscillated,-1,False,2660,4.0
timeout,depth,_mult4p0,0,0.3,5,d0a3,d8a6,False,2660,oscillated,-1,False,2660,4.0
timeout,depth,_mult4p0,0,0.3,7,1802,1905,True,7,spurious,-1,False,2660,4.0
timeout,depth,_mult4p0,0,0.3,3,dc87,fca6,True,7,correct,0,True,2660,4.0
timeout,depth,_mult4p0,0,0.3,7,3e1e,a797,True,9,spurious,-1,False,2660,4.0
timeout,depth,_mult4p0,0,0.3,4,d926,9907,False,2660,oscillated,-1,False,2660,4.0
timeout,depth,_mult4p0,0,0.3,4,f4e0,fca6,True,11,correct,0,True,2660,4.0
timeout,depth,_mult4p0,0,0.3,5,6436,fc6a,True,22,spurious,-1,False,2660,4.0
timeout,depth,_mult4p0,0,0.3,4,50a6,58a4,True,7,spurious,-1,False,2660,4.0
timeout,depth,_mult4p0,0,0.3,5,38ac,58a4,True,11,spurious,-1,False,2660,4.0
timeout,depth,_mult4p0,0,0.3,7,dc09,dd49,False,2660,oscillated,-1,False,2660,4.0
timeout,depth,_mult4p0,0,0.3,7,7abd,58a4,True,6,spurious,-1,False,2660,4.0
timeout,depth,_mult4p0,0,0.3,4,fd76,fd4b,True,13,spurious,-1,False,2660,4.0
timeout,depth,_mult4p0,0,0.3,8,cc48,d549,False,2660,oscillated,-1,False,2660,4.0
timeout,depth,_mult4p0,0,0.3,7,cc6b,f54b,False,2660,oscillated,-1,False,2660,4.0
timeout,depth,_mult4p0,0,0.3,5,fff7,fca6,True,7,correct,0,True,2660,4.0
timeout,depth,_mult4p0,1,0.3,5,93f1,2b4,True,12,spurious,-1,False,2660,4.0
timeout,depth,_mult4p0,1,0.3,4,1b03,1b05,False,2660,oscillated,-1,False,2660,4.0
timeout,depth,_mult4p0,1,0.3,9,272c,2759,False,2660,oscillated,-1,False,2660,4.0
timeout,depth,_mult4p0,1,0.3,2,1a85,58a4,True,18,spurious,-1,False,2660,4.0
timeout,depth,_mult4p0,1,0.3,6,9581,8f95,False,2660,oscillated,-1,False,2660,4.0
timeout,depth,_mult4p0,1,0.3,4,7915,1905,True,13,spurious,-1,False,2660,4.0
timeout,depth,_mult4p0,1,0.3,5,1099,42f8,True,17,spurious,-1,False,2660,4.0
timeout,depth,_mult4p0,1,0.3,5,3ddd,3d15,False,2660,oscillated,-1,False,2660,4.0
timeout,depth,_mult4p0,1,0.3,6,b3a7,aeb6,False,2660,oscillated,-1,False,2660,4.0
timeout,depth,_mult4p0,1,0.3,5,a16,1395,False,2660,oscillated,-1,False,2660,4.0
timeout,depth,_mult4p0,1,0.3,4,1d9c,58a4,True,15,spurious,-1,False,2660,4.0
timeout,depth,_mult4p0,1,0.3,5,4ab4,12b4,False,2660,oscillated,-1,False,2660,4.0
timeout,depth,_mult4p0,1,0.3,6,995c,1905,True,15,spurious,-1,False,2660,4.0
timeout,depth,_mult4p0,1,0.3,7,fd05,bd07,True,11,wrong_pattern,3,False,2660,4.0
timeout,depth,_mult4p0,1,0.3,6,10bf,2b4,True,17,spurious,-1,False,2660,4.0
timeout,depth,_mult4p0,1,0.3,5,bbe5,f8a4,False,2660,oscillated,-1,False,2660,4.0
timeout,depth,_mult4p0,1,0.3,5,1903,1905,True,6,spurious,-1,False,2660,4.0
timeout,depth,_mult4p0,1,0.3,2,1bb1,2b4,True,7,spurious,-1,False,2660,4.0
timeout,depth,_mult4p0,1,0.3,3,5bbd,58a4,True,7,spurious,-1,False,2660,4.0
timeout,depth,_mult4p0,1,0.3,4,17b1,2b4,True,7,spurious,-1,False,2660,4.0
timeout,depth,_mult4p0,1,0.3,5,3be7,78a6,False,2660,oscillated,-1,False,2660,4.0
timeout,depth,_mult4p0,1,0.3,3,3985,1905,True,9,spurious,-1,False,2660,4.0
timeout,depth,_mult4p0,1,0.3,2,3b97,3b97,False,2660,oscillated,-1,False,2660,4.0
timeout,depth,_mult4p0,1,0.3,3,5991,1905,True,11,spurious,-1,False,2660,4.0
timeout,depth,_mult4p0,1,0.3,6,be9,42f8,True,15,spurious,-1,False,2660,4.0
timeout,depth,_mult4p0,1,0.3,3,b9f,395,True,7,spurious,-1,False,2660,4.0
timeout,depth,_mult4p0,1,0.3,9,ca20,5868,True,21,spurious,-1,False,2660,4.0
timeout,depth,_mult4p0,1,0.3,3,9a91,2b4,True,7,spurious,-1,False,2660,4.0
timeout,depth,_mult4p0,1,0.3,4,8295,2b4,True,7,spurious,-1,False,2660,4.0
timeout,depth,_mult4p0,1,0.3,6,21f5,2b4,True,7,spurious,-1,False,2660,4.0
timeout,depth,_mult4p0,1,0.3,7,5841,5949,True,6,spurious,-1,False,2660,4.0
timeout,depth,_mult4p0,1,0.3,5,1a7d,395,True,14,spurious,-1,False,2660,4.0
timeout,depth,_mult4p0,1,0.3,6,48c5,58a4,True,7,spurious,-1,False,2660,4.0
timeout,depth,_mult4p0,1,0.3,5,1ad2,2b4,True,7,spurious,-1,False,2660,4.0
timeout,depth,_mult4p0,1,0.3,6,7fc1,7d49,False,2660,oscillated,-1,False,2660,4.0
timeout,depth,_mult4p0,1,0.3,2,395,395,True,0,spurious,-1,False,2660,4.0
timeout,depth,_mult4p0,1,0.3,5,d194,58a4,True,17,spurious,-1,False,2660,4.0
timeout,depth,_mult4p0,1,0.3,5,d91d,5949,True,16,spurious,-1,False,2660,4.0
timeout,depth,_mult4p0,1,0.3,6,badf,a6b6,True,7,wrong_pattern,2,False,2660,4.0
timeout,depth,_mult4p0,1,0.3,4,1bd2,2b4,True,7,spurious,-1,False,2660,4.0
timeout,depth,_mult4p0,1,0.3,5,3fa7,fca6,True,18,wrong_pattern,0,False,2660,4.0
timeout,depth,_mult4p0,1,0.3,3,9d95,9d15,False,2660,oscillated,-1,False,2660,4.0
timeout,depth,_mult4p0,1,0.3,3,9f15,9f95,False,2660,oscillated,-1,False,2660,4.0
timeout,depth,_mult4p0,1,0.3,6,9c17,bd17,False,2660,oscillated,-1,False,2660,4.0
timeout,depth,_mult4p0,1,0.3,2,4b95,1395,False,2660,oscillated,-1,False,2660,4.0
timeout,depth,_mult4p0,1,0.3,5,a991,b395,False,2660,oscillated,-1,False,2660,4.0
timeout,depth,_mult4p0,1,0.3,6,99cf,9907,False,2660,oscillated,-1,False,2660,4.0
timeout,depth,_mult4p0,1,0.3,6,15b9,42f8,True,17,spurious,-1,False,2660,4.0
timeout,depth,_mult4p0,1,0.3,6,3b3b,235b,False,2660,oscillated,-1,False,2660,4.0
timeout,depth,_mult4p0,1,0.3,7,8201,359,True,11,spurious,-1,False,2660,4.0
timeout,depth,_mult4p0,1,0.3,7,7134,1905,True,15,spurious,-1,False,2660,4.0
timeout,depth,_mult4p0,1,0.3,7,cf9b,a797,True,26,spurious,-1,False,2660,4.0
timeout,depth,_mult4p0,1,0.3,6,699f,3917,False,2660,oscillated,-1,False,2660,4.0
timeout,depth,_mult4p0,1,0.3,4,1ff7,6b6,False,2660,oscillated,-1,False,2660,4.0
timeout,depth,_mult4p0,1,0.3,4,3a8d,58a4,True,15,spurious,-1,False,2660,4.0
timeout,depth,_mult4p0,1,0.3,5,89f5,2b4,True,17,spurious,-1,False,2660,4.0
timeout,depth,_mult4p0,1,0.3,3,8b97,9397,False,2660,oscillated,-1,False,2660,4.0
timeout,depth,_mult4p0,1,0.3,1,1bd5,1b95,True,6,correct,1,True,2660,4.0
timeout,depth,_mult4p0,1,0.3,5,2a35,1395,False,2660,oscillated,-1,False,2660,4.0
timeout,depth,_mult4p0,1,0.3,8,4af8,42f8,True,7,spurious,-1,False,2660,4.0
timeout,depth,_mult4p0,2,0.3,8,283d,359,True,17,spurious,-1,False,2660,4.0
timeout,depth,_mult4p0,2,0.3,7,a581,a797,True,6,spurious,-1,False,2660,4.0
timeout,depth,_mult4p0,2,0.3,5,72be,2ab6,False,2660,oscillated,-1,False,2660,4.0
timeout,depth,_mult4p0,2,0.3,4,c2b2,c2fa,False,2660,oscillated,-1,False,2660,4.0
timeout,depth,_mult4p0,2,0.3,5,2a34,12b4,False,2660,oscillated,-1,False,2660,4.0
timeout,depth,_mult4p0,2,0.3,4,f4b2,fca6,True,16,wrong_pattern,0,False,2660,4.0
timeout,depth,_mult4p0,2,0.3,1,26b6,a6b6,True,4,correct,2,True,2660,4.0
timeout,depth,_mult4p0,2,0.3,3,afa6,b6b6,False,2660,oscillated,-1,False,2660,4.0
timeout,depth,_mult4p0,2,0.3,3,a2a7,a6b6,True,5,correct,2,True,2660,4.0
timeout,depth,_mult4p0,2,0.3,5,c6c6,e6fa,True,15,spurious,-1,False,2660,4.0
timeout,depth,_mult4p0,2,0.3,5,8ffe,a6b6,True,17,correct,2,True,2660,4.0
timeout,depth,_mult4p0,2,0.3,3,a635,a797,True,9,spurious,-1,False,2660,4.0
timeout,depth,_mult4p0,2,0.3,5,e42e,e46a,True,6,spurious,-1,False,2660,4.0
timeout,depth,_mult4p0,2,0.3,4,afb5,b6b6,False,2660,oscillated,-1,False,2660,4.0
timeout,depth,_mult4p0,2,0.3,6,aa7a,e6fa,True,11,spurious,-1,False,2660,4.0
timeout,depth,_mult4p0,2,0.3,5,9494,8eb4,False,2660,oscillated,-1,False,2660,4.0
timeout,depth,_mult4p0,2,0.3,2,b6a6,aeb6,False,2660,oscillated,-1,False,2660,4.0
timeout,depth,_mult4p0,2,0.3,5,86e3,a6b6,True,17,correct,2,True,2660,4.0
timeout,depth,_mult4p0,2,0.3,2,aea6,b6b6,False,2660,oscillated,-1,False,2660,4.0
timeout,depth,_mult4p0,2,0.3,5,63be,62fa,False,2660,oscillated,-1,False,2660,4.0
timeout,depth,_mult4p0,2,0.3,3,2b6,2b4,True,4,spurious,-1,False,2660,4.0
timeout,depth,_mult4p0,2,0.3,6,d4a7,fca6,True,7,wrong_pattern,0,False,2660,4.0
timeout,depth,_mult4p0,2,0.3,5,96bb,a6b6,True,17,correct,2,True,2660,4.0
timeout,depth,_mult4p0,2,0.3,6,45b4,58a4,True,14,spurious,-1,False,2660,4.0
timeout,depth,_mult4p0,2,0.3,4,a7f3,a6b6,True,12,correct,2,True,2660,4.0
timeout,depth,_mult4p0,2,0.3,4,a6ec,a6b6,True,16,correct,2,True,2660,4.0
timeout,depth,_mult4p0,2,0.3,5,96f5,86b4,False,2660,oscillated,-1,False,2660,4.0
timeout,depth,_mult4p0,2,0.3,5,a09f,a6b6,True,7,correct,2,True,2660,4.0
timeout,depth,_mult4p0,2,0.3,4,66a2,e6ea,False,2660,oscillated,-1,False,2660,4.0
timeout,depth,_mult4p0,2,0.3,5,7a2,6b6,False,2660,oscillated,-1,False,2660,4.0
timeout,depth,_mult4p0,2,0.3,5,f67e,fc6a,True,17,spurious,-1,False,2660,4.0
timeout,depth,_mult4p0,2,0.3,5,a21c,a359,False,2660,oscillated,-1,False,2660,4.0
timeout,depth,_mult4p0,2,0.3,5,27ac,26b4,False,2660,oscillated,-1,False,2660,4.0
timeout,depth,_mult4p0,2,0.3,6,a42b,a75b,True,7,spurious,-1,False,2660,4.0
timeout,depth,_mult4p0,2,0.3,5,9635,8f95,False,2660,oscillated,-1,False,2660,4.0
timeout,depth,_mult4p0,2,0.3,6,3df6,fca6,True,15,wrong_pattern,0,False,2660,4.0
timeout,depth,_mult4p0,2,0.3,5,ae1f,a75b,True,12,spurious,-1,False,2660,4.0
timeout,depth,_mult4p0,2,0.3,4,aa37,b797,False,2660,oscillated,-1,False,2660,4.0
timeout,depth,_mult4p0,2,0.3,7,f93,797,False,2660,oscillated,-1,False,2660,4.0
timeout,depth,_mult4p0,2,0.3,4,b426,fca6,True,11,wrong_pattern,0,False,2660,4.0
timeout,depth,_mult4p0,2,0.3,6,ae78,e6fa,True,11,spurious,-1,False,2660,4.0
timeout,depth,_mult4p0,2,0.3,4,83b2,82b6,False,2660,oscillated,-1,False,2660,4.0
timeout,depth,_mult4p0,2,0.3,5,befa,a6b6,True,7,correct,2,True,2660,4.0
timeout,depth,_mult4p0,2,0.3,9,bf19,a75b,True,17,spurious,-1,False,2660,4.0
timeout,depth,_mult4p0,2,0.3,6,38b2,78a6,False,2660,oscillated,-1,False,2660,4.0
timeout,depth,_mult4p0,2,0.3,3,8eb7,b6b6,False,2660,oscillated,-1,False,2660,4.0
timeout,depth,_mult4p0,2,0.3,8,887,58a4,True,26,spurious,-1,False,2660,4.0
timeout,depth,_mult4p0,2,0.3,6,fc94,fca6,True,5,wrong_pattern,0,False,2660,4.0
timeout,depth,_mult4p0,2,0.3,4,97f6,a6b6,True,7,correct,2,True,2660,4.0
timeout,depth,_mult4p0,2,0.3,7,8f25,9705,False,2660,oscillated,-1,False,2660,4.0
timeout,depth,_mult4p0,2,0.3,5,a6e8,e6fa,True,13,spurious,-1,False,2660,4.0
timeout,depth,_mult4p0,2,0.3,5,21b4,2b4,True,5,spurious,-1,False,2660,4.0
timeout,depth,_mult4p0,2,0.3,6,977e,a75b,True,7,spurious,-1,False,2660,4.0
timeout,depth,_mult4p0,2,0.3,5,31b6,2ab6,False,2660,oscillated,-1,False,2660,4.0
timeout,depth,_mult4p0,2,0.3,6,1ebf,5ca6,False,2660,oscillated,-1,False,2660,4.0
timeout,depth,_mult4p0,2,0.3,8,cf7c,dd49,False,2660,oscillated,-1,False,2660,4.0
timeout,depth,_mult4p0,2,0.3,6,622e,62ea,False,2660,oscillated,-1,False,2660,4.0
timeout,depth,_mult4p0,2,0.3,4,2096,22b6,False,2660,oscillated,-1,False,2660,4.0
timeout,depth,_mult4p0,2,0.3,1,a6b2,a6b6,True,6,correct,2,True,2660,4.0
timeout,depth,_mult4p0,2,0.3,5,abbc,a2b4,False,2660,oscillated,-1,False,2660,4.0
timeout,depth,_mult4p0,3,0.3,4,a583,a797,True,6,spurious,-1,False,2660,4.0
timeout,depth,_mult4p0,3,0.3,4,3427,bd07,True,7,correct,3,True,2660,4.0
timeout,depth,_mult4p0,3,0.3,5,1b17,1b95,True,9,wrong_pattern,1,False,2660,4.0
timeout,depth,_mult4p0,3,0.3,6,d737,bd07,True,13,correct,3,True,2660,4.0
timeout,depth,_mult4p0,3,0.3,4,3597,af97,False,2660,oscillated,-1,False,2660,4.0
timeout,depth,_mult4p0,3,0.3,6,aa1f,a75b,True,12,spurious,-1,False,2660,4.0
timeout,depth,_mult4p0,3,0.3,7,9560,cd49,False,2660,oscillated,-1,False,2660,4.0
timeout,depth,_mult4p0,3,0.3,6,f156,bd07,True,16,correct,3,True,2660,4.0
timeout,depth,_mult4p0,3,0.3,4,ef03,fd4b,True,21,spurious,-1,False,2660,4.0
timeout,depth,_mult4p0,3,0.3,6,ed92,fca6,True,18,wrong_pattern,0,False,2660,4.0
timeout,depth,_mult4p0,3,0.3,5,395f,3917,False,2660,oscillated,-1,False,2660,4.0
timeout,depth,_mult4p0,3,0.3,4,b536,af97,False,2660,oscillated,-1,False,2660,4.0
timeout,depth,_mult4p0,3,0.3,7,67c7,a75b,True,15,spurious,-1,False,2660,4.0
timeout,depth,_mult4p0,3,0.3,2,bd04,bd07,True,4,correct,3,True,2660,4.0
timeout,depth,_mult4p0,3,0.3,5,dc0b,fd4b,True,6,spurious,-1,False,2660,4.0
timeout,depth,_mult4p0,3,0.3,4,ed2f,fd4b,True,17,spurious,-1,False,2660,4.0
timeout,depth,_mult4p0,3,0.3,5,db17,9907,False,2660,oscillated,-1,False,2660,4.0
timeout,depth,_mult4p0,3,0.3,4,b797,af97,False,2660,oscillated,-1,False,2660,4.0
timeout,depth,_mult4p0,3,0.3,4,992f,9907,False,2660,oscillated,-1,False,2660,4.0
timeout,depth,_mult4p0,3,0.3,8,1c5a,75b,False,2660,oscillated,-1,False,2660,4.0
timeout,depth,_mult4p0,3,0.3,6,aa0e,a75b,True,17,spurious,-1,False,2660,4.0
timeout,depth,_mult4p0,3,0.3,7,270a,a75b,True,6,spurious,-1,False,2660,4.0
timeout,depth,_mult4p0,3,0.3,7,ca06,9907,False,2660,oscillated,-1,False,2660,4.0
timeout,depth,_mult4p0,3,0.3,4,dd8f,bd07,True,16,correct,3,True,2660,4.0
timeout,depth,_mult4p0,3,0.3,1,bc07,bd07,True,4,correct,3,True,2660,4.0
timeout,depth,_mult4p0,3,0.3,6,a8b7,b6b6,False,2660,oscillated,-1,False,2660,4.0
timeout,depth,_mult4p0,3,0.3,3,3d0b,bd07,True,16,correct,3,True,2660,4.0
timeout,depth,_mult4p0,3,0.3,4,3f97,bf97,True,4,spurious,-1,False,2660,4.0
timeout,depth,_mult4p0,3,0.3,6,2a27,3397,False,2660,oscillated,-1,False,2660,4.0
timeout,depth,_mult4p0,3,0.3,5,3426,fca6,True,11,wrong_pattern,0,False,2660,4.0
timeout,depth,_mult4p0,3,0.3,6,b780,a6b6,True,17,wrong_pattern,2,False,2660,4.0
timeout,depth,_mult4p0,3,0.3,3,af06,b707,False,2660,oscillated,-1,False,2660,4.0
timeout,depth,_mult4p0,3,0.3,5,7585,3d05,False,2660,oscillated,-1,False,2660,4.0
timeout,depth,_mult4p0,3,0.3,5,ed0a,fd4b,True,7,spurious,-1,False,2660,4.0
timeout,depth,_mult4p0,3,0.3,4,d47,554b,False,2660,oscillated,-1,False,2660,4.0
timeout,depth,_mult4p0,3,0.3,5,9e15,9f95,False,2660,oscillated,-1,False,2660,4.0
timeout,depth,_mult4p0,3,0.3,10,9b0,2b4,True,17,spurious,-1,False,2660,4.0
timeout,depth,_mult4p0,3,0.3,4,9913,9917,False,2660,oscillated,-1,False,2660,4.0
timeout,depth,_mult4p0,3,0.3,2,b517,ad17,False,2660,oscillated,-1,False,2660,4.0
timeout,depth,_mult4p0,3,0.3,5,f14f,fd4b,True,7,spurious,-1,False,2660,4.0
timeout,depth,_mult4p0,3,0.3,4,1c06,1d07,False,2660,oscillated,-1,False,2660,4.0
timeout,depth,_mult4p0,3,0.3,2,ad05,bd07,True,7,correct,3,True,2660,4.0
timeout,depth,_mult4p0,3,0.3,5,ff6f,fd4b,True,6,spurious,-1,False,2660,4.0
timeout,depth,_mult4p0,3,0.3,7,1a37,1b95,True,9,wrong_pattern,1,False,2660,4.0
timeout,depth,_mult4p0,3,0.3,3,9c03,bd07,True,6,correct,3,True,2660,4.0
timeout,depth,_mult4p0,3,0.3,6,7f24,3d05,False,2660,oscillated,-1,False,2660,4.0
timeout,depth,_mult4p0,3,0.3,3,b597,af97,False,2660,oscillated,-1,False,2660,4.0
timeout,depth,_mult4p0,3,0.3,5,a687,a6b6,True,7,wrong_pattern,2,False,2660,4.0
timeout,depth,_mult4p0,3,0.3,7,198c,58a4,True,14,spurious,-1,False,2660,4.0
timeout,depth,_mult4p0,3,0.3,5,ac93,a6b6,True,17,wrong_pattern,2,False,2660,4.0
timeout,depth,_mult4p0,3,0.3,6,f53b,fd4b,True,17,spurious,-1,False,2660,4.0
timeout,depth,_mult4p0,3,0.3,3,7d17,bd07,True,13,correct,3,True,2660,4.0
timeout,depth,_mult4p0,3,0.3,5,a737,a797,True,9,spurious,-1,False,2660,4.0
timeout,depth,_mult4p0,3,0.3,4,df87,bd07,True,13,correct,3,True,2660,4.0
timeout,depth,_mult4p0,3,0.3,8,5b93,1905,True,13,spurious,-1,False,2660,4.0
timeout,depth,_mult4p0,3,0.3,4,be26,fca6,True,15,wrong_pattern,0,False,2660,4.0
timeout,depth,_mult4p0,3,0.3,7,19ae,58a4,True,12,spurious,-1,False,2660,4.0
timeout,depth,_mult4p0,3,0.3,4,9dc3,bd07,True,9,correct,3,True,2660,4.0
timeout,depth,_mult4p0,3,0.3,7,878d,8795,False,2660,oscillated,-1,False,2660,4.0
timeout,depth,_mult4p0,3,0.3,3,b405,bd07,True,7,correct,3,True,2660,4.0
timeout,even_odd,_mult4p0,0,0.0,0,fca6,fca6,True,0,correct,0,True,6244,4.0
timeout,even_odd,_mult4p0,0,0.0,0,fca6,fca6,True,0,correct,0,True,6244,4.0
timeout,even_odd,_mult4p0,0,0.0,0,fca6,fca6,True,0,correct,0,True,6244,4.0
timeout,even_odd,_mult4p0,0,0.0,0,fca6,fca6,True,0,correct,0,True,6244,4.0
timeout,even_odd,_mult4p0,0,0.0,0,fca6,fca6,True,0,correct,0,True,6244,4.0
timeout,even_odd,_mult4p0,0,0.0,0,fca6,fca6,True,0,correct,0,True,6244,4.0
timeout,even_odd,_mult4p0,0,0.0,0,fca6,fca6,True,0,correct,0,True,6244,4.0
timeout,even_odd,_mult4p0,0,0.0,0,fca6,fca6,True,0,correct,0,True,6244,4.0
timeout,even_odd,_mult4p0,0,0.0,0,fca6,fca6,True,0,correct,0,True,6244,4.0
timeout,even_odd,_mult4p0,0,0.0,0,fca6,fca6,True,0,correct,0,True,6244,4.0
timeout,even_odd,_mult4p0,0,0.0,0,fca6,fca6,True,0,correct,0,True,6244,4.0
timeout,even_odd,_mult4p0,0,0.0,0,fca6,fca6,True,0,correct,0,True,6244,4.0
timeout,even_odd,_mult4p0,0,0.0,0,fca6,fca6,True,0,correct,0,True,6244,4.0
timeout,even_odd,_mult4p0,0,0.0,0,fca6,fca6,True,0,correct,0,True,6244,4.0
timeout,even_odd,_mult4p0,0,0.0,0,fca6,fca6,True,0,correct,0,True,6244,4.0
timeout,even_odd,_mult4p0,0,0.0,0,fca6,fca6,True,0,correct,0,True,6244,4.0
timeout,even_odd,_mult4p0,0,0.0,0,fca6,fca6,True,0,correct,0,True,6244,4.0
timeout,even_odd,_mult4p0,0,0.0,0,fca6,fca6,True,0,correct,0,True,6244,4.0
timeout,even_odd,_mult4p0,0,0.0,0,fca6,fca6,True,0,correct,0,True,6244,4.0
timeout,even_odd,_mult4p0,0,0.0,0,fca6,fca6,True,0,correct,0,True,6244,4.0
timeout,even_odd,_mult4p0,0,0.0,0,fca6,fca6,True,0,correct,0,True,6244,4.0
timeout,even_odd,_mult4p0,0,0.0,0,fca6,fca6,True,0,correct,0,True,6244,4.0
timeout,even_odd,_mult4p0,0,0.0,0,fca6,fca6,True,0,correct,0,True,6244,4.0
timeout,even_odd,_mult4p0,0,0.0,0,fca6,fca6,True,0,correct,0,True,6244,4.0
timeout,even_odd,_mult4p0,0,0.0,0,fca6,fca6,True,0,correct,0,True,6244,4.0
timeout,even_odd,_mult4p0,0,0.0,0,fca6,fca6,True,0,correct,0,True,6244,4.0
timeout,even_odd,_mult4p0,0,0.0,0,fca6,fca6,True,0,correct,0,True,6244,4.0
timeout,even_odd,_mult4p0,0,0.0,0,fca6,fca6,True,0,correct,0,True,6244,4.0
timeout,even_odd,_mult4p0,0,0.0,0,fca6,fca6,True,0,correct,0,True,6244,4.0
timeout,even_odd,_mult4p0,0,0.0,0,fca6,fca6,True,0,correct,0,True,6244,4.0
timeout,even_odd,_mult4p0,0,0.0,0,fca6,fca6,True,0,correct,0,True,6244,4.0
timeout,even_odd,_mult4p0,0,0.0,0,fca6,fca6,True,0,correct,0,True,6244,4.0
timeout,even_odd,_mult4p0,0,0.0,0,fca6,fca6,True,0,correct,0,True,6244,4.0
timeout,even_odd,_mult4p0,0,0.0,0,fca6,fca6,True,0,correct,0,True,6244,4.0
timeout,even_odd,_mult4p0,0,0.0,0,fca6,fca6,True,0,correct,0,True,6244,4.0
timeout,even_odd,_mult4p0,0,0.0,0,fca6,fca6,True,0,correct,0,True,6244,4.0
timeout,even_odd,_mult4p0,0,0.0,0,fca6,fca6,True,0,correct,0,True,6244,4.0
timeout,even_odd,_mult4p0,0,0.0,0,fca6,fca6,True,0,correct,0,True,6244,4.0
timeout,even_odd,_mult4p0,0,0.0,0,fca6,fca6,True,0,correct,0,True,6244,4.0
timeout,even_odd,_mult4p0,0,0.0,0,fca6,fca6,True,0,correct,0,True,6244,4.0
timeout,even_odd,_mult4p0,0,0.0,0,fca6,fca6,True,0,correct,0,True,6244,4.0
timeout,even_odd,_mult4p0,0,0.0,0,fca6,fca6,True,0,correct,0,True,6244,4.0
timeout,even_odd,_mult4p0,0,0.0,0,fca6,fca6,True,0,correct,0,True,6244,4.0
timeout,even_odd,_mult4p0,0,0.0,0,fca6,fca6,True,0,correct,0,True,6244,4.0
timeout,even_odd,_mult4p0,0,0.0,0,fca6,fca6,True,0,correct,0,True,6244,4.0
timeout,even_odd,_mult4p0,0,0.0,0,fca6,fca6,True,0,correct,0,True,6244,4.0
timeout,even_odd,_mult4p0,0,0.0,0,fca6,fca6,True,0,correct,0,True,6244,4.0
timeout,even_odd,_mult4p0,0,0.0,0,fca6,fca6,True,0,correct,0,True,6244,4.0
timeout,even_odd,_mult4p0,0,0.0,0,fca6,fca6,True,0,correct,0,True,6244,4.0
timeout,even_odd,_mult4p0,0,0.0,0,fca6,fca6,True,0,correct,0,True,6244,4.0
timeout,even_odd,_mult4p0,0,0.0,0,fca6,fca6,True,0,correct,0,True,6244,4.0
timeout,even_odd,_mult4p0,0,0.0,0,fca6,fca6,True,0,correct,0,True,6244,4.0
timeout,even_odd,_mult4p0,0,0.0,0,fca6,fca6,True,0,correct,0,True,6244,4.0
timeout,even_odd,_mult4p0,0,0.0,0,fca6,fca6,True,0,correct,0,True,6244,4.0
timeout,even_odd,_mult4p0,0,0.0,0,fca6,fca6,True,0,correct,0,True,6244,4.0
timeout,even_odd,_mult4p0,0,0.0,0,fca6,fca6,True,0,correct,0,True,6244,4.0
timeout,even_odd,_mult4p0,0,0.0,0,fca6,fca6,True,0,correct,0,True,6244,4.0
timeout,even_odd,_mult4p0,0,0.0,0,fca6,fca6,True,0,correct,0,True,6244,4.0
timeout,even_odd,_mult4p0,0,0.0,0,fca6,fca6,True,0,correct,0,True,6244,4.0
timeout,even_odd,_mult4p0,0,0.0,0,fca6,fca6,True,0,correct,0,True,6244,4.0
timeout,even_odd,_mult4p0,1,0.0,0,1b95,1b95,True,0,correct,1,True,6244,4.0
timeout,even_odd,_mult4p0,1,0.0,0,1b95,1b95,True,0,correct,1,True,6244,4.0
timeout,even_odd,_mult4p0,1,0.0,0,1b95,1b95,True,0,correct,1,True,6244,4.0
timeout,even_odd,_mult4p0,1,0.0,0,1b95,1b95,True,0,correct,1,True,6244,4.0
timeout,even_odd,_mult4p0,1,0.0,0,1b95,1b95,True,0,correct,1,True,6244,4.0
timeout,even_odd,_mult4p0,1,0.0,0,1b95,1b95,True,0,correct,1,True,6244,4.0
timeout,even_odd,_mult4p0,1,0.0,0,1b95,1b95,True,0,correct,1,True,6244,4.0
timeout,even_odd,_mult4p0,1,0.0,0,1b95,1b95,True,0,correct,1,True,6244,4.0
timeout,even_odd,_mult4p0,1,0.0,0,1b95,1b95,True,0,correct,1,True,6244,4.0
timeout,even_odd,_mult4p0,1,0.0,0,1b95,1b95,True,0,correct,1,True,6244,4.0
timeout,even_odd,_mult4p0,1,0.0,0,1b95,1b95,True,0,correct,1,True,6244,4.0
timeout,even_odd,_mult4p0,1,0.0,0,1b95,1b95,True,0,correct,1,True,6244,4.0
timeout,even_odd,_mult4p0,1,0.0,0,1b95,1b95,True,0,correct,1,True,6244,4.0
timeout,even_odd,_mult4p0,1,0.0,0,1b95,1b95,True,0,correct,1,True,6244,4.0
timeout,even_odd,_mult4p0,1,0.0,0,1b95,1b95,True,0,correct,1,True,6244,4.0
timeout,even_odd,_mult4p0,1,0.0,0,1b95,1b95,True,0,correct,1,True,6244,4.0
timeout,even_odd,_mult4p0,1,0.0,0,1b95,1b95,True,0,correct,1,True,6244,4.0
timeout,even_odd,_mult4p0,1,0.0,0,1b95,1b95,True,0,correct,1,True,6244,4.0
timeout,even_odd,_mult4p0,1,0.0,0,1b95,1b95,True,0,correct,1,True,6244,4.0
timeout,even_odd,_mult4p0,1,0.0,0,1b95,1b95,True,0,correct,1,True,6244,4.0
timeout,even_odd,_mult4p0,1,0.0,0,1b95,1b95,True,0,correct,1,True,6244,4.0
timeout,even_odd,_mult4p0,1,0.0,0,1b95,1b95,True,0,correct,1,True,6244,4.0
timeout,even_odd,_mult4p0,1,0.0,0,1b95,1b95,True,0,correct,1,True,6244,4.0
timeout,even_odd,_mult4p0,1,0.0,0,1b95,1b95,True,0,correct,1,True,6244,4.0
timeout,even_odd,_mult4p0,1,0.0,0,1b95,1b95,True,0,correct,1,True,6244,4.0
timeout,even_odd,_mult4p0,1,0.0,0,1b95,1b95,True,0,correct,1,True,6244,4.0
timeout,even_odd,_mult4p0,1,0.0,0,1b95,1b95,True,0,correct,1,True,6244,4.0
timeout,even_odd,_mult4p0,1,0.0,0,1b95,1b95,True,0,correct,1,True,6244,4.0
timeout,even_odd,_mult4p0,1,0.0,0,1b95,1b95,True,0,correct,1,True,6244,4.0
timeout,even_odd,_mult4p0,1,0.0,0,1b95,1b95,True,0,correct,1,True,6244,4.0
timeout,even_odd,_mult4p0,1,0.0,0,1b95,1b95,True,0,correct,1,True,6244,4.0
timeout,even_odd,_mult4p0,1,0.0,0,1b95,1b95,True,0,correct,1,True,6244,4.0
timeout,even_odd,_mult4p0,1,0.0,0,1b95,1b95,True,0,correct,1,True,6244,4.0
timeout,even_odd,_mult4p0,1,0.0,0,1b95,1b95,True,0,correct,1,True,6244,4.0
timeout,even_odd,_mult4p0,1,0.0,0,1b95,1b95,True,0,correct,1,True,6244,4.0
timeout,even_odd,_mult4p0,1,0.0,0,1b95,1b95,True,0,correct,1,True,6244,4.0
timeout,even_odd,_mult4p0,1,0.0,0,1b95,1b95,True,0,correct,1,True,6244,4.0
timeout,even_odd,_mult4p0,1,0.0,0,1b95,1b95,True,0,correct,1,True,6244,4.0
timeout,even_odd,_mult4p0,1,0.0,0,1b95,1b95,True,0,correct,1,True,6244,4.0
timeout,even_odd,_mult4p0,1,0.0,0,1b95,1b95,True,0,correct,1,True,6244,4.0
timeout,even_odd,_mult4p0,1,0.0,0,1b95,1b95,True,0,correct,1,True,6244,4.0
timeout,even_odd,_mult4p0,1,0.0,0,1b95,1b95,True,0,correct,1,True,6244,4.0
timeout,even_odd,_mult4p0,1,0.0,0,1b95,1b95,True,0,correct,1,True,6244,4.0
timeout,even_odd,_mult4p0,1,0.0,0,1b95,1b95,True,0,correct,1,True,6244,4.0
timeout,even_odd,_mult4p0,1,0.0,0,1b95,1b95,True,0,correct,1,True,6244,4.0
timeout,even_odd,_mult4p0,1,0.0,0,1b95,1b95,True,0,correct,1,True,6244,4.0
timeout,even_odd,_mult4p0,1,0.0,0,1b95,1b95,True,0,correct,1,True,6244,4.0
timeout,even_odd,_mult4p0,1,0.0,0,1b95,1b95,True,0,correct,1,True,6244,4.0
timeout,even_odd,_mult4p0,1,0.0,0,1b95,1b95,True,0,correct,1,True,6244,4.0
timeout,even_odd,_mult4p0,1,0.0,0,1b95,1b95,True,0,correct,1,True,6244,4.0
timeout,even_odd,_mult4p0,1,0.0,0,1b95,1b95,True,0,correct,1,True,6244,4.0
timeout,even_odd,_mult4p0,1,0.0,0,1b95,1b95,True,0,correct,1,True,6244,4.0
timeout,even_odd,_mult4p0,1,0.0,0,1b95,1b95,True,0,correct,1,True,6244,4.0
timeout,even_odd,_mult4p0,1,0.0,0,1b95,1b95,True,0,correct,1,True,6244,4.0
timeout,even_odd,_mult4p0,1,0.0,0,1b95,1b95,True,0,correct,1,True,6244,4.0
timeout,even_odd,_mult4p0,1,0.0,0,1b95,1b95,True,0,correct,1,True,6244,4.0
timeout,even_odd,_mult4p0,1,0.0,0,1b95,1b95,True,0,correct,1,True,6244,4.0
timeout,even_odd,_mult4p0,1,0.0,0,1b95,1b95,True,0,correct,1,True,6244,4.0
timeout,even_odd,_mult4p0,1,0.0,0,1b95,1b95,True,0,correct,1,True,6244,4.0
timeout,even_odd,_mult4p0,1,0.0,0,1b95,1b95,True,0,correct,1,True,6244,4.0
timeout,even_odd,_mult4p0,2,0.0,0,a6b6,a6b6,True,0,correct,2,True,6244,4.0
timeout,even_odd,_mult4p0,2,0.0,0,a6b6,a6b6,True,0,correct,2,True,6244,4.0
timeout,even_odd,_mult4p0,2,0.0,0,a6b6,a6b6,True,0,correct,2,True,6244,4.0
timeout,even_odd,_mult4p0,2,0.0,0,a6b6,a6b6,True,0,correct,2,True,6244,4.0
timeout,even_odd,_mult4p0,2,0.0,0,a6b6,a6b6,True,0,correct,2,True,6244,4.0
timeout,even_odd,_mult4p0,2,0.0,0,a6b6,a6b6,True,0,correct,2,True,6244,4.0
timeout,even_odd,_mult4p0,2,0.0,0,a6b6,a6b6,True,0,correct,2,True,6244,4.0
timeout,even_odd,_mult4p0,2,0.0,0,a6b6,a6b6,True,0,correct,2,True,6244,4.0
timeout,even_odd,_mult4p0,2,0.0,0,a6b6,a6b6,True,0,correct,2,True,6244,4.0
timeout,even_odd,_mult4p0,2,0.0,0,a6b6,a6b6,True,0,correct,2,True,6244,4.0
timeout,even_odd,_mult4p0,2,0.0,0,a6b6,a6b6,True,0,correct,2,True,6244,4.0
timeout,even_odd,_mult4p0,2,0.0,0,a6b6,a6b6,True,0,correct,2,True,6244,4.0
timeout,even_odd,_mult4p0,2,0.0,0,a6b6,a6b6,True,0,correct,2,True,6244,4.0
timeout,even_odd,_mult4p0,2,0.0,0,a6b6,a6b6,True,0,correct,2,True,6244,4.0
timeout,even_odd,_mult4p0,2,0.0,0,a6b6,a6b6,True,0,correct,2,True,6244,4.0
timeout,even_odd,_mult4p0,2,0.0,0,a6b6,a6b6,True,0,correct,2,True,6244,4.0
timeout,even_odd,_mult4p0,2,0.0,0,a6b6,a6b6,True,0,correct,2,True,6244,4.0
timeout,even_odd,_mult4p0,2,0.0,0,a6b6,a6b6,True,0,correct,2,True,6244,4.0
timeout,even_odd,_mult4p0,2,0.0,0,a6b6,a6b6,True,0,correct,2,True,6244,4.0
timeout,even_odd,_mult4p0,2,0.0,0,a6b6,a6b6,True,0,correct,2,True,6244,4.0
timeout,even_odd,_mult4p0,2,0.0,0,a6b6,a6b6,True,0,correct,2,True,6244,4.0
timeout,even_odd,_mult4p0,2,0.0,0,a6b6,a6b6,True,0,correct,2,True,6244,4.0
timeout,even_odd,_mult4p0,2,0.0,0,a6b6,a6b6,True,0,correct,2,True,6244,4.0
timeout,even_odd,_mult4p0,2,0.0,0,a6b6,a6b6,True,0,correct,2,True,6244,4.0
timeout,even_odd,_mult4p0,2,0.0,0,a6b6,a6b6,True,0,correct,2,True,6244,4.0
timeout,even_odd,_mult4p0,2,0.0,0,a6b6,a6b6,True,0,correct,2,True,6244,4.0
timeout,even_odd,_mult4p0,2,0.0,0,a6b6,a6b6,True,0,correct,2,True,6244,4.0
timeout,even_odd,_mult4p0,2,0.0,0,a6b6,a6b6,True,0,correct,2,True,6244,4.0
timeout,even_odd,_mult4p0,2,0.0,0,a6b6,a6b6,True,0,correct,2,True,6244,4.0
timeout,even_odd,_mult4p0,2,0.0,0,a6b6,a6b6,True,0,correct,2,True,6244,4.0
timeout,even_odd,_mult4p0,2,0.0,0,a6b6,a6b6,True,0,correct,2,True,6244,4.0
timeout,even_odd,_mult4p0,2,0.0,0,a6b6,a6b6,True,0,correct,2,True,6244,4.0
timeout,even_odd,_mult4p0,2,0.0,0,a6b6,a6b6,True,0,correct,2,True,6244,4.0
timeout,even_odd,_mult4p0,2,0.0,0,a6b6,a6b6,True,0,correct,2,True,6244,4.0
timeout,even_odd,_mult4p0,2,0.0,0,a6b6,a6b6,True,0,correct,2,True,6244,4.0
timeout,even_odd,_mult4p0,2,0.0,0,a6b6,a6b6,True,0,correct,2,True,6244,4.0
timeout,even_odd,_mult4p0,2,0.0,0,a6b6,a6b6,True,0,correct,2,True,6244,4.0
timeout,even_odd,_mult4p0,2,0.0,0,a6b6,a6b6,True,0,correct,2,True,6244,4.0
timeout,even_odd,_mult4p0,2,0.0,0,a6b6,a6b6,True,0,correct,2,True,6244,4.0
timeout,even_odd,_mult4p0,2,0.0,0,a6b6,a6b6,True,0,correct,2,True,6244,4.0
timeout,even_odd,_mult4p0,2,0.0,0,a6b6,a6b6,True,0,correct,2,True,6244,4.0
timeout,even_odd,_mult4p0,2,0.0,0,a6b6,a6b6,True,0,correct,2,True,6244,4.0
timeout,even_odd,_mult4p0,2,0.0,0,a6b6,a6b6,True,0,correct,2,True,6244,4.0
timeout,even_odd,_mult4p0,2,0.0,0,a6b6,a6b6,True,0,correct,2,True,6244,4.0
timeout,even_odd,_mult4p0,2,0.0,0,a6b6,a6b6,True,0,correct,2,True,6244,4.0
timeout,even_odd,_mult4p0,2,0.0,0,a6b6,a6b6,True,0,correct,2,True,6244,4.0
timeout,even_odd,_mult4p0,2,0.0,0,a6b6,a6b6,True,0,correct,2,True,6244,4.0
timeout,even_odd,_mult4p0,2,0.0,0,a6b6,a6b6,True,0,correct,2,True,6244,4.0
timeout,even_odd,_mult4p0,2,0.0,0,a6b6,a6b6,True,0,correct,2,True,6244,4.0
timeout,even_odd,_mult4p0,2,0.0,0,a6b6,a6b6,True,0,correct,2,True,6244,4.0
timeout,even_odd,_mult4p0,2,0.0,0,a6b6,a6b6,True,0,correct,2,True,6244,4.0
timeout,even_odd,_mult4p0,2,0.0,0,a6b6,a6b6,True,0,correct,2,True,6244,4.0
timeout,even_odd,_mult4p0,2,0.0,0,a6b6,a6b6,True,0,correct,2,True,6244,4.0
timeout,even_odd,_mult4p0,2,0.0,0,a6b6,a6b6,True,0,correct,2,True,6244,4.0
timeout,even_odd,_mult4p0,2,0.0,0,a6b6,a6b6,True,0,correct,2,True,6244,4.0
timeout,even_odd,_mult4p0,2,0.0,0,a6b6,a6b6,True,0,correct,2,True,6244,4.0
timeout,even_odd,_mult4p0,2,0.0,0,a6b6,a6b6,True,0,correct,2,True,6244,4.0
timeout,even_odd,_mult4p0,2,0.0,0,a6b6,a6b6,True,0,correct,2,True,6244,4.0
timeout,even_odd,_mult4p0,2,0.0,0,a6b6,a6b6,True,0,correct,2,True,6244,4.0
timeout,even_odd,_mult4p0,2,0.0,0,a6b6,a6b6,True,0,correct,2,True,6244,4.0
timeout,even_odd,_mult4p0,3,0.0,0,bd07,bd07,True,0,correct,3,True,6244,4.0
timeout,even_odd,_mult4p0,3,0.0,0,bd07,bd07,True,0,correct,3,True,6244,4.0
timeout,even_odd,_mult4p0,3,0.0,0,bd07,bd07,True,0,correct,3,True,6244,4.0
timeout,even_odd,_mult4p0,3,0.0,0,bd07,bd07,True,0,correct,3,True,6244,4.0
timeout,even_odd,_mult4p0,3,0.0,0,bd07,bd07,True,0,correct,3,True,6244,4.0
timeout,even_odd,_mult4p0,3,0.0,0,bd07,bd07,True,0,correct,3,True,6244,4.0
timeout,even_odd,_mult4p0,3,0.0,0,bd07,bd07,True,0,correct,3,True,6244,4.0
timeout,even_odd,_mult4p0,3,0.0,0,bd07,bd07,True,0,correct,3,True,6244,4.0
timeout,even_odd,_mult4p0,3,0.0,0,bd07,bd07,True,0,correct,3,True,6244,4.0
timeout,even_odd,_mult4p0,3,0.0,0,bd07,bd07,True,0,correct,3,True,6244,4.0
timeout,even_odd,_mult4p0,3,0.0,0,bd07,bd07,True,0,correct,3,True,6244,4.0
timeout,even_odd,_mult4p0,3,0.0,0,bd07,bd07,True,0,correct,3,True,6244,4.0
timeout,even_odd,_mult4p0,3,0.0,0,bd07,bd07,True,0,correct,3,True,6244,4.0
timeout,even_odd,_mult4p0,3,0.0,0,bd07,bd07,True,0,correct,3,True,6244,4.0
timeout,even_odd,_mult4p0,3,0.0,0,bd07,bd07,True,0,correct,3,True,6244,4.0
timeout,even_odd,_mult4p0,3,0.0,0,bd07,bd07,True,0,correct,3,True,6244,4.0
timeout,even_odd,_mult4p0,3,0.0,0,bd07,bd07,True,0,correct,3,True,6244,4.0
timeout,even_odd,_mult4p0,3,0.0,0,bd07,bd07,True,0,correct,3,True,6244,4.0
timeout,even_odd,_mult4p0,3,0.0,0,bd07,bd07,True,0,correct,3,True,6244,4.0
timeout,even_odd,_mult4p0,3,0.0,0,bd07,bd07,True,0,correct,3,True,6244,4.0
timeout,even_odd,_mult4p0,3,0.0,0,bd07,bd07,True,0,correct,3,True,6244,4.0
timeout,even_odd,_mult4p0,3,0.0,0,bd07,bd07,True,0,correct,3,True,6244,4.0
timeout,even_odd,_mult4p0,3,0.0,0,bd07,bd07,True,0,correct,3,True,6244,4.0
timeout,even_odd,_mult4p0,3,0.0,0,bd07,bd07,True,0,correct,3,True,6244,4.0
timeout,even_odd,_mult4p0,3,0.0,0,bd07,bd07,True,0,correct,3,True,6244,4.0
timeout,even_odd,_mult4p0,3,0.0,0,bd07,bd07,True,0,correct,3,True,6244,4.0
timeout,even_odd,_mult4p0,3,0.0,0,bd07,bd07,True,0,correct,3,True,6244,4.0
timeout,even_odd,_mult4p0,3,0.0,0,bd07,bd07,True,0,correct,3,True,6244,4.0
timeout,even_odd,_mult4p0,3,0.0,0,bd07,bd07,True,0,correct,3,True,6244,4.0
timeout,even_odd,_mult4p0,3,0.0,0,bd07,bd07,True,0,correct,3,True,6244,4.0
timeout,even_odd,_mult4p0,3,0.0,0,bd07,bd07,True,0,correct,3,True,6244,4.0
timeout,even_odd,_mult4p0,3,0.0,0,bd07,bd07,True,0,correct,3,True,6244,4.0
timeout,even_odd,_mult4p0,3,0.0,0,bd07,bd07,True,0,correct,3,True,6244,4.0
timeout,even_odd,_mult4p0,3,0.0,0,bd07,bd07,True,0,correct,3,True,6244,4.0
timeout,even_odd,_mult4p0,3,0.0,0,bd07,bd07,True,0,correct,3,True,6244,4.0
timeout,even_odd,_mult4p0,3,0.0,0,bd07,bd07,True,0,correct,3,True,6244,4.0
timeout,even_odd,_mult4p0,3,0.0,0,bd07,bd07,True,0,correct,3,True,6244,4.0
timeout,even_odd,_mult4p0,3,0.0,0,bd07,bd07,True,0,correct,3,True,6244,4.0
timeout,even_odd,_mult4p0,3,0.0,0,bd07,bd07,True,0,correct,3,True,6244,4.0
timeout,even_odd,_mult4p0,3,0.0,0,bd07,bd07,True,0,correct,3,True,6244,4.0
timeout,even_odd,_mult4p0,3,0.0,0,bd07,bd07,True,0,correct,3,True,6244,4.0
timeout,even_odd,_mult4p0,3,0.0,0,bd07,bd07,True,0,correct,3,True,6244,4.0
timeout,even_odd,_mult4p0,3,0.0,0,bd07,bd07,True,0,correct,3,True,6244,4.0
timeout,even_odd,_mult4p0,3,0.0,0,bd07,bd07,True,0,correct,3,True,6244,4.0
timeout,even_odd,_mult4p0,3,0.0,0,bd07,bd07,True,0,correct,3,True,6244,4.0
timeout,even_odd,_mult4p0,3,0.0,0,bd07,bd07,True,0,correct,3,True,6244,4.0
timeout,even_odd,_mult4p0,3,0.0,0,bd07,bd07,True,0,correct,3,True,6244,4.0
timeout,even_odd,_mult4p0,3,0.0,0,bd07,bd07,True,0,correct,3,True,6244,4.0
timeout,even_odd,_mult4p0,3,0.0,0,bd07,bd07,True,0,correct,3,True,6244,4.0
timeout,even_odd,_mult4p0,3,0.0,0,bd07,bd07,True,0,correct,3,True,6244,4.0
timeout,even_odd,_mult4p0,3,0.0,0,bd07,bd07,True,0,correct,3,True,6244,4.0
timeout,even_odd,_mult4p0,3,0.0,0,bd07,bd07,True,0,correct,3,True,6244,4.0
timeout,even_odd,_mult4p0,3,0.0,0,bd07,bd07,True,0,correct,3,True,6244,4.0
timeout,even_odd,_mult4p0,3,0.0,0,bd07,bd07,True,0,correct,3,True,6244,4.0
timeout,even_odd,_mult4p0,3,0.0,0,bd07,bd07,True,0,correct,3,True,6244,4.0
timeout,even_odd,_mult4p0,3,0.0,0,bd07,bd07,True,0,correct,3,True,6244,4.0
timeout,even_odd,_mult4p0,3,0.0,0,bd07,bd07,True,0,correct,3,True,6244,4.0
timeout,even_odd,_mult4p0,3,0.0,0,bd07,bd07,True,0,correct,3,True,6244,4.0
timeout,even_odd,_mult4p0,3,0.0,0,bd07,bd07,True,0,correct,3,True,6244,4.0
timeout,even_odd,_mult4p0,3,0.0,0,bd07,bd07,True,0,correct,3,True,6244,4.0
timeout,even_odd,_mult4p0,0,0.15,3,faae,fca6,True,25,correct,0,True,6244,4.0
timeout,even_odd,_mult4p0,0,0.15,1,fea6,fca6,True,25,correct,0,True,6244,4.0
timeout,even_odd,_mult4p0,0,0.15,1,fca2,fca6,True,11,correct,0,True,6244,4.0
timeout,even_odd,_mult4p0,0,0.15,3,f884,fca6,True,45,correct,0,True,6244,4.0
timeout,even_odd,_mult4p0,0,0.15,3,f0a2,fca6,True,25,correct,0,True,6244,4.0
timeout,even_odd,_mult4p0,0,0.15,2,f886,fca6,True,25,correct,0,True,6244,4.0
timeout,even_odd,_mult4p0,0,0.15,2,f8a2,fca6,True,11,correct,0,True,6244,4.0
timeout,even_odd,_mult4p0,0,0.15,2,fcac,fca6,True,25,correct,0,True,6244,4.0
timeout,even_odd,_mult4p0,0,0.15,1,dca6,fca6,True,25,correct,0,True,6244,4.0
timeout,even_odd,_mult4p0,0,0.15,5,dc0a,fd4b,True,35,spurious,-1,False,6244,4.0
timeout,even_odd,_mult4p0,0,0.15,2,fea4,fca6,True,25,correct,0,True,6244,4.0
timeout,even_odd,_mult4p0,0,0.15,4,788e,fca6,True,45,correct,0,True,6244,4.0
timeout,even_odd,_mult4p0,0,0.15,2,f5a6,fca6,True,25,correct,0,True,6244,4.0
timeout,even_odd,_mult4p0,0,0.15,2,fc84,fca6,True,25,correct,0,True,6244,4.0
timeout,even_odd,_mult4p0,0,0.15,5,f0b0,fca6,True,45,correct,0,True,6244,4.0
timeout,even_odd,_mult4p0,0,0.15,5,3df6,fca6,True,35,correct,0,True,6244,4.0
timeout,even_odd,_mult4p0,0,0.15,4,7c0e,fd4b,True,45,spurious,-1,False,6244,4.0
timeout,even_odd,_mult4p0,0,0.15,3,bcb7,fca6,True,11,correct,0,True,6244,4.0
timeout,even_odd,_mult4p0,0,0.15,2,fea2,fca6,True,25,correct,0,True,6244,4.0
timeout,even_odd,_mult4p0,0,0.15,4,cda2,fca6,True,25,correct,0,True,6244,4.0
timeout,even_odd,_mult4p0,0,0.15,1,f8a6,fca6,True,11,correct,0,True,6244,4.0
timeout,even_odd,_mult4p0,0,0.15,6,2cab,fca6,True,45,correct,0,True,6244,4.0
timeout,even_odd,_mult4p0,0,0.15,2,f426,fca6,True,25,correct,0,True,6244,4.0
timeout,even_odd,_mult4p0,0,0.15,2,ece6,fca6,True,11,correct,0,True,6244,4.0
timeout,even_odd,_mult4p0,0,0.15,3,f9a2,fca6,True,11,correct,0,True,6244,4.0
timeout,even_odd,_mult4p0,0,0.15,4,6ce2,fca6,True,35,correct,0,True,6244,4.0
timeout,even_odd,_mult4p0,0,0.15,3,eea2,fca6,True,35,correct,0,True,6244,4.0
timeout,even_odd,_mult4p0,0,0.15,0,fca6,fca6,True,0,correct,0,True,6244,4.0
timeout,even_odd,_mult4p0,0,0.15,4,f4e5,fca6,True,25,correct,0,True,6244,4.0
timeout,even_odd,_mult4p0,0,0.15,2,feb6,fca6,True,25,correct,0,True,6244,4.0
timeout,even_odd,_mult4p0,0,0.15,3,94a6,fca6,True,45,correct,0,True,6244,4.0
timeout,even_odd,_mult4p0,0,0.15,0,fca6,fca6,True,0,correct,0,True,6244,4.0
timeout,even_odd,_mult4p0,0,0.15,1,fca7,fca6,True,11,correct,0,True,6244,4.0
timeout,even_odd,_mult4p0,0,0.15,1,dca6,fca6,True,25,correct,0,True,6244,4.0
timeout,even_odd,_mult4p0,0,0.15,1,f8a6,fca6,True,11,correct,0,True,6244,4.0
timeout,even_odd,_mult4p0,0,0.15,2,fc06,bd07,True,21,wrong_pattern,3,False,6244,4.0
timeout,even_odd,_mult4p0,0,0.15,4,acac,fca6,True,45,correct,0,True,6244,4.0
timeout,even_odd,_mult4p0,0,0.15,2,eda6,fca6,True,11,correct,0,True,6244,4.0
timeout,even_odd,_mult4p0,0,0.15,3,f4b7,fca6,True,49,correct,0,True,6244,4.0
timeout,even_odd,_mult4p0,0,0.15,1,fea6,fca6,True,25,correct,0,True,6244,4.0
timeout,even_odd,_mult4p0,0,0.15,1,dca6,fca6,True,25,correct,0,True,6244,4.0
timeout,even_odd,_mult4p0,0,0.15,5,64e7,fca6,True,35,correct,0,True,6244,4.0
timeout,even_odd,_mult4p0,0,0.15,1,fcae,fca6,True,25,correct,0,True,6244,4.0
timeout,even_odd,_mult4p0,0,0.15,5,e4a8,fc6a,True,35,spurious,-1,False,6244,4.0
timeout,even_odd,_mult4p0,0,0.15,4,f807,bd07,True,11,wrong_pattern,3,False,6244,4.0
timeout,even_odd,_mult4p0,0,0.15,1,fc26,fca6,True,25,correct,0,True,6244,4.0
timeout,even_odd,_mult4p0,0,0.15,2,7c86,fca6,True,25,correct,0,True,6244,4.0
timeout,even_odd,_mult4p0,0,0.15,2,fc06,bd07,True,21,wrong_pattern,3,False,6244,4.0
timeout,even_odd,_mult4p0,0,0.15,2,fda4,fca6,True,25,correct,0,True,6244,4.0
timeout,even_odd,_mult4p0,0,0.15,2,dcae,fca6,True,25,correct,0,True,6244,4.0
timeout,even_odd,_mult4p0,0,0.15,5,e786,a6b6,True,55,wrong_pattern,2,False,6244,4.0
timeout,even_odd,_mult4p0,0,0.15,3,7de6,fca6,True,25,correct,0,True,6244,4.0
timeout,even_odd,_mult4p0,0,0.15,1,eca6,fca6,True,11,correct,0,True,6244,4.0
timeout,even_odd,_mult4p0,0,0.15,2,cca6,fca6,True,25,correct,0,True,6244,4.0
timeout,even_odd,_mult4p0,0,0.15,2,6ca6,fca6,True,25,correct,0,True,6244,4.0
timeout,even_odd,_mult4p0,0,0.15,1,fc26,fca6,True,25,correct,0,True,6244,4.0
timeout,even_odd,_mult4p0,0,0.15,5,dcca,fc6a,True,25,spurious,-1,False,6244,4.0
timeout,even_odd,_mult4p0,0,0.15,2,dce6,fca6,True,25,correct,0,True,6244,4.0
timeout,even_odd,_mult4p0,0,0.15,0,fca6,fca6,True,0,correct,0,True,6244,4.0
timeout,even_odd,_mult4p0,0,0.15,1,f8a6,fca6,True,11,correct,0,True,6244,4.0
timeout,even_odd,_mult4p0,1,0.15,2,db95,1905,True,35,spurious,-1,False,6244,4.0
timeout,even_odd,_mult4p0,1,0.15,3,19f5,58a4,True,11,spurious,-1,False,6244,4.0
timeout,even_odd,_mult4p0,1,0.15,1,1995,1905,True,45,spurious,-1,False,6244,4.0
timeout,even_odd,_mult4p0,1,0.15,3,4bb5,58a4,True,55,spurious,-1,False,6244,4.0
timeout,even_odd,_mult4p0,1,0.15,1,3b95,1b95,True,25,correct,1,True,6244,4.0
timeout,even_odd,_mult4p0,1,0.15,3,5a97,58a4,True,35,spurious,-1,False,6244,4.0
timeout,even_odd,_mult4p0,1,0.15,1,1995,1905,True,45,spurious,-1,False,6244,4.0
timeout,even_odd,_mult4p0,1,0.15,3,db94,58a4,True,35,spurious,-1,False,6244,4.0
timeout,even_odd,_mult4p0,1,0.15,4,3b98,2b4,True,45,spurious,-1,False,6244,4.0
timeout,even_odd,_mult4p0,1,0.15,0,1b95,1b95,True,0,correct,1,True,6244,4.0
timeout,even_odd,_mult4p0,1,0.15,2,1bd4,2b4,True,35,spurious,-1,False,6244,4.0
timeout,even_odd,_mult4p0,1,0.15,1,1b15,1b95,True,25,correct,1,True,6244,4.0
timeout,even_odd,_mult4p0,1,0.15,3,1791,395,True,11,spurious,-1,False,6244,4.0
timeout,even_odd,_mult4p0,1,0.15,3,1a8d,58a4,True,59,spurious,-1,False,6244,4.0
timeout,even_odd,_mult4p0,1,0.15,3,1387,395,True,45,spurious,-1,False,6244,4.0
timeout,even_odd,_mult4p0,1,0.15,3,1add,2b4,True,45,spurious,-1,False,6244,4.0
timeout,even_odd,_mult4p0,1,0.15,4,138f,395,True,49,spurious,-1,False,6244,4.0
timeout,even_odd,_mult4p0,1,0.15,5,1f5,2b4,True,83,spurious,-1,False,6244,4.0
timeout,even_odd,_mult4p0,1,0.15,0,1b95,1b95,True,0,correct,1,True,6244,4.0
timeout,even_odd,_mult4p0,1,0.15,4,1d99,1905,True,35,spurious,-1,False,6244,4.0
timeout,even_odd,_mult4p0,1,0.15,1,1b85,1b95,True,11,correct,1,True,6244,4.0
timeout,even_odd,_mult4p0,1,0.15,2,1b9c,2b4,True,35,spurious,-1,False,6244,4.0
timeout,even_odd,_mult4p0,1,0.15,3,fb5,58a4,True,55,spurious,-1,False,6244,4.0
timeout,even_odd,_mult4p0,1,0.15,0,1b95,1b95,True,0,correct,1,True,6244,4.0
timeout,even_odd,_mult4p0,1,0.15,0,1b95,1b95,True,0,correct,1,True,6244,4.0
timeout,even_odd,_mult4p0,1,0.15,1,1395,395,True,11,spurious,-1,False,6244,4.0
timeout,even_odd,_mult4p0,1,0.15,3,3b93,a797,True,69,spurious,-1,False,6244,4.0
timeout,even_odd,_mult4p0,1,0.15,1,1bb5,58a4,True,51,spurious,-1,False,6244,4.0
timeout,even_odd,_mult4p0,1,0.15,0,1b95,1b95,True,0,correct,1,True,6244,4.0
timeout,even_odd,_mult4p0,1,0.15,4,7fb5,58a4,True,45,spurious,-1,False,6244,4.0
timeout,even_odd,_mult4p0,1,0.15,3,1791,395,True,11,spurious,-1,False,6244,4.0
timeout,even_odd,_mult4p0,1,0.15,1,5b95,1b95,True,21,correct,1,True,6244,4.0
timeout,even_odd,_mult4p0,1,0.15,5,ab05,bf97,True,45,spurious,-1,False,6244,4.0
timeout,even_odd,_mult4p0,1,0.15,4,1615,395,True,45,spurious,-1,False,6244,4.0
timeout,even_odd,_mult4p0,1,0.15,6,ebb4,fca6,True,65,wrong_pattern,0,False,6244,4.0
timeout,even_odd,_mult4p0,1,0.15,2,1b55,395,True,35,spurious,-1,False,6244,4.0
timeout,even_odd,_mult4p0,1,0.15,3,bf95,bf97,True,25,spurious,-1,False,6244,4.0
timeout,even_odd,_mult4p0,1,0.15,3,1c95,58a4,True,45,spurious,-1,False,6244,4.0
timeout,even_odd,_mult4p0,1,0.15,2,1fd5,1b95,True,21,correct,1,True,6244,4.0
timeout,even_odd,_mult4p0,1,0.15,3,1bf1,2b4,True,69,spurious,-1,False,6244,4.0
timeout,even_odd,_mult4p0,1,0.15,2,1a9d,2b4,True,35,spurious,-1,False,6244,4.0
timeout,even_odd,_mult4p0,1,0.15,3,1a14,58a4,True,93,spurious,-1,False,6244,4.0
timeout,even_odd,_mult4p0,1,0.15,2,1bb1,2b4,True,35,spurious,-1,False,6244,4.0
timeout,even_odd,_mult4p0,1,0.15,2,1b17,1b95,True,25,correct,1,True,6244,4.0
timeout,even_odd,_mult4p0,1,0.15,2,13b5,2b4,True,11,spurious,-1,False,6244,4.0
timeout,even_odd,_mult4p0,1,0.15,6,8ffd,2b4,True,45,spurious,-1,False,6244,4.0
timeout,even_odd,_mult4p0,1,0.15,4,4394,2b4,True,35,spurious,-1,False,6244,4.0
timeout,even_odd,_mult4p0,1,0.15,5,3755,359,True,45,spurious,-1,False,6244,4.0
timeout,even_odd,_mult4p0,1,0.15,3,9bc5,1b95,True,45,correct,1,True,6244,4.0
timeout,even_odd,_mult4p0,1,0.15,2,5b94,58a4,True,35,spurious,-1,False,6244,4.0
timeout,even_odd,_mult4p0,1,0.15,1,1395,395,True,11,spurious,-1,False,6244,4.0
timeout,even_odd,_mult4p0,1,0.15,1,1bd5,1b95,True,21,correct,1,True,6244,4.0
timeout,even_odd,_mult4p0,1,0.15,1,5b95,1b95,True,21,correct,1,True,6244,4.0
timeout,even_odd,_mult4p0,1,0.15,5,38f5,58a4,True,35,spurious,-1,False,6244,4.0
timeout,even_odd,_mult4p0,1,0.15,2,1915,1905,True,11,spurious,-1,False,6244,4.0
timeout,even_odd,_mult4p0,1,0.15,1,5b95,1b95,True,21,correct,1,True,6244,4.0
timeout,even_odd,_mult4p0,1,0.15,3,1b25,1b95,True,45,correct,1,True,6244,4.0
timeout,even_odd,_mult4p0,1,0.15,2,1397,395,True,45,spurious,-1,False,6244,4.0
timeout,even_odd,_mult4p0,1,0.15,4,f995,bd07,True,45,wrong_pattern,3,False,6244,4.0
timeout,even_odd,_mult4p0,1,0.15,2,9395,395,True,45,spurious,-1,False,6244,4.0
timeout,even_odd,_mult4p0,2,0.15,3,a3b4,a6b6,True,45,correct,2,True,6244,4.0
timeout,even_odd,_mult4p0,2,0.15,3,acb7,fca6,True,21,wrong_pattern,0,False,6244,4.0
timeout,even_odd,_mult4p0,2,0.15,3,6eb6,fca6,True,55,wrong_pattern,0,False,6244,4.0
timeout,even_odd,_mult4p0,2,0.15,1,a7b6,a6b6,True,11,correct,2,True,6244,4.0
timeout,even_odd,_mult4p0,2,0.15,2,a796,a6b6,True,35,correct,2,True,6244,4.0
timeout,even_odd,_mult4p0,2,0.15,0,a6b6,a6b6,True,0,correct,2,True,6244,4.0
timeout,even_odd,_mult4p0,2,0.15,2,a4b4,fca6,True,45,wrong_pattern,0,False,6244,4.0
timeout,even_odd,_mult4p0,2,0.15,0,a6b6,a6b6,True,0,correct,2,True,6244,4.0
timeout,even_odd,_mult4p0,2,0.15,5,8477,a677,False,6244,oscillated,-1,False,6244,4.0
timeout,even_odd,_mult4p0,2,0.15,2,a2a6,a6b6,True,21,correct,2,True,6244,4.0
timeout,even_odd,_mult4p0,2,0.15,1,aeb6,fca6,True,55,wrong_pattern,0,False,6244,4.0
timeout,even_odd,_mult4p0,2,0.15,1,b6b6,a6b6,True,11,correct,2,True,6244,4.0
timeout,even_odd,_mult4p0,2,0.15,0,a6b6,a6b6,True,0,correct,2,True,6244,4.0
timeout,even_odd,_mult4p0,2,0.15,3,b697,a6b6,True,45,correct,2,True,6244,4.0
timeout,even_odd,_mult4p0,2,0.15,3,66a6,fca6,True,69,wrong_pattern,0,False,6244,4.0
timeout,even_odd,_mult4p0,2,0.15,1,a6f6,a6b6,True,11,correct,2,True,6244,4.0
timeout,even_odd,_mult4p0,2,0.15,4,a6fd,e6fa,True,51,spurious,-1,False,6244,4.0
timeout,even_odd,_mult4p0,2,0.15,2,a7be,a6b6,True,25,correct,2,True,6244,4.0
timeout,even_odd,_mult4p0,2,0.15,0,a6b6,a6b6,True,0,correct,2,True,6244,4.0
timeout,even_odd,_mult4p0,2,0.15,1,a6be,a6b6,True,25,correct,2,True,6244,4.0
timeout,even_odd,_mult4p0,2,0.15,2,aea6,fca6,True,45,wrong_pattern,0,False,6244,4.0
timeout,even_odd,_mult4p0,2,0.15,4,adb4,fca6,True,45,wrong_pattern,0,False,6244,4.0
timeout,even_odd,_mult4p0,2,0.15,2,b6b4,a6b6,True,45,correct,2,True,6244,4.0
timeout,even_odd,_mult4p0,2,0.15,3,8ea6,fca6,True,45,wrong_pattern,0,False,6244,4.0
timeout,even_odd,_mult4p0,2,0.15,2,b696,a6b6,True,45,correct,2,True,6244,4.0
timeout,even_odd,_mult4p0,2,0.15,2,26b7,a6b6,True,25,correct,2,True,6244,4.0
timeout,even_odd,_mult4p0,2,0.15,0,a6b6,a6b6,True,0,correct,2,True,6244,4.0
timeout,even_odd,_mult4p0,2,0.15,1,a4b6,fca6,True,45,wrong_pattern,0,False,6244,4.0
timeout,even_odd,_mult4p0,2,0.15,4,8286,a6b6,True,45,correct,2,True,6244,4.0
timeout,even_odd,_mult4p0,2,0.15,4,69e,2b4,True,45,spurious,-1,False,6244,4.0
timeout,even_odd,_mult4p0,2,0.15,2,eeb6,fca6,True,55,wrong_pattern,0,False,6244,4.0
timeout,even_odd,_mult4p0,2,0.15,3,b436,fca6,True,59,wrong_pattern,0,False,6244,4.0
timeout,even_odd,_mult4p0,2,0.15,2,a6a2,a6b6,True,21,correct,2,True,6244,4.0
timeout,even_odd,_mult4p0,2,0.15,1,a6b4,a6b6,True,25,correct,2,True,6244,4.0
timeout,even_odd,_mult4p0,2,0.15,1,a6b7,a6b6,True,11,correct,2,True,6244,4.0
timeout,even_odd,_mult4p0,2,0.15,2,a6fe,e6fa,True,21,spurious,-1,False,6244,4.0
timeout,even_odd,_mult4p0,2,0.15,1,a696,a6b6,True,25,correct,2,True,6244,4.0
timeout,even_odd,_mult4p0,2,0.15,2,aab6,fca6,True,55,wrong_pattern,0,False,6244,4.0
timeout,even_odd,_mult4p0,2,0.15,2,a6ba,e6fa,True,21,spurious,-1,False,6244,4.0
timeout,even_odd,_mult4p0,2,0.15,4,e36,58a4,True,89,spurious,-1,False,6244,4.0
timeout,even_odd,_mult4p0,2,0.15,3,25b6,a6b6,True,35,correct,2,True,6244,4.0
timeout,even_odd,_mult4p0,2,0.15,3,a7ae,a6b6,True,25,correct,2,True,6244,4.0
timeout,even_odd,_mult4p0,2,0.15,4,2276,e6fa,True,45,spurious,-1,False,6244,4.0
timeout,even_odd,_mult4p0,2,0.15,5,a70e,a75b,True,11,spurious,-1,False,6244,4.0
timeout,even_odd,_mult4p0,2,0.15,5,25e6,fca6,True,45,wrong_pattern,0,False,6244,4.0
timeout,even_odd,_mult4p0,2,0.15,0,a6b6,a6b6,True,0,correct,2,True,6244,4.0
timeout,even_odd,_mult4p0,2,0.15,1,a6b7,a6b6,True,11,correct,2,True,6244,4.0
timeout,even_odd,_mult4p0,2,0.15,4,afba,a6b6,True,69,correct,2,True,6244,4.0
timeout,even_odd,_mult4p0,2,0.15,3,ae34,fca6,True,89,wrong_pattern,0,False,6244,4.0
timeout,even_odd,_mult4p0,2,0.15,2,26b7,a6b6,True,25,correct,2,True,6244,4.0
timeout,even_odd,_mult4p0,2,0.15,4,efb7,fca6,True,55,wrong_pattern,0,False,6244,4.0
timeout,even_odd,_mult4p0,2,0.15,3,8692,a6b6,True,25,correct,2,True,6244,4.0
timeout,even_odd,_mult4p0,2,0.15,1,a6b2,a6b6,True,11,correct,2,True,6244,4.0
timeout,even_odd,_mult4p0,2,0.15,6,deb3,fca6,True,25,wrong_pattern,0,False,6244,4.0
timeout,even_odd,_mult4p0,2,0.15,2,e6be,e6fa,True,21,spurious,-1,False,6244,4.0
timeout,even_odd,_mult4p0,2,0.15,2,66b6,a6b6,True,25,correct,2,True,6244,4.0
timeout,even_odd,_mult4p0,2,0.15,1,e6b6,a6b6,True,11,correct,2,True,6244,4.0
timeout,even_odd,_mult4p0,2,0.15,2,e2b6,a6b6,True,11,correct,2,True,6244,4.0
timeout,even_odd,_mult4p0,2,0.15,4,be26,fca6,True,35,wrong_pattern,0,False,6244,4.0
timeout,even_odd,_mult4p0,2,0.15,3,32b6,a6b6,True,45,correct,2,True,6244,4.0
timeout,even_odd,_mult4p0,3,0.15,3,f503,fd4b,True,69,spurious,-1,False,6244,4.0
timeout,even_odd,_mult4p0,3,0.15,2,9907,bd07,True,45,correct,3,True,6244,4.0
timeout,even_odd,_mult4p0,3,0.15,2,3d47,bd07,True,25,correct,3,True,6244,4.0
timeout,even_odd,_mult4p0,3,0.15,2,bd26,fca6,True,59,wrong_pattern,0,False,6244,4.0
timeout,even_odd,_mult4p0,3,0.15,4,7f05,1905,True,69,spurious,-1,False,6244,4.0
timeout,even_odd,_mult4p0,3,0.15,2,bd45,bd07,True,25,correct,3,True,6244,4.0
timeout,even_odd,_mult4p0,3,0.15,1,bd06,bd07,True,11,correct,3,True,6244,4.0
timeout,even_odd,_mult4p0,3,0.15,2,bb07,bf97,True,45,spurious,-1,False,6244,4.0
timeout,even_odd,_mult4p0,3,0.15,2,7d07,bd07,True,25,correct,3,True,6244,4.0
timeout,even_odd,_mult4p0,3,0.15,2,b903,bd07,True,11,correct,3,True,6244,4.0
timeout,even_odd,_mult4p0,3,0.15,1,bd06,bd07,True,11,correct,3,True,6244,4.0
timeout,even_odd,_mult4p0,3,0.15,4,bda4,fca6,True,25,wrong_pattern,0,False,6244,4.0
timeout,even_odd,_mult4p0,3,0.15,2,fd47,bd07,True,21,correct,3,True,6244,4.0
timeout,even_odd,_mult4p0,3,0.15,4,9d11,1905,True,45,spurious,-1,False,6244,4.0
timeout,even_odd,_mult4p0,3,0.15,1,bd05,bd07,True,25,correct,3,True,6244,4.0
timeout,even_odd,_mult4p0,3,0.15,1,bd27,bd07,True,25,correct,3,True,6244,4.0
timeout,even_odd,_mult4p0,3,0.15,1,bd06,bd07,True,11,correct,3,True,6244,4.0
timeout,even_odd,_mult4p0,3,0.15,3,bc45,bd07,True,25,correct,3,True,6244,4.0
timeout,even_odd,_mult4p0,3,0.15,3,3987,bd07,True,45,correct,3,True,6244,4.0
timeout,even_odd,_mult4p0,3,0.15,5,db47,bd07,True,69,correct,3,True,6244,4.0
timeout,even_odd,_mult4p0,3,0.15,3,9903,bd07,True,45,correct,3,True,6244,4.0
timeout,even_odd,_mult4p0,3,0.15,3,b904,bd07,True,45,correct,3,True,6244,4.0
timeout,even_odd,_mult4p0,3,0.15,2,fd05,bd07,True,25,correct,3,True,6244,4.0
timeout,even_odd,_mult4p0,3,0.15,3,2d0f,fd4b,True,45,spurious,-1,False,6244,4.0
timeout,even_odd,_mult4p0,3,0.15,5,b383,a797,True,11,spurious,-1,False,6244,4.0
timeout,even_odd,_mult4p0,3,0.15,2,ac07,bd07,True,11,correct,3,True,6244,4.0
timeout,even_odd,_mult4p0,3,0.15,4,af1f,a75b,True,35,spurious,-1,False,6244,4.0
timeout,even_odd,_mult4p0,3,0.15,3,b703,a75b,True,45,spurious,-1,False,6244,4.0
timeout,even_odd,_mult4p0,3,0.15,3,dd06,bd07,True,35,correct,3,True,6244,4.0
timeout,even_odd,_mult4p0,3,0.15,4,3e06,fca6,True,69,wrong_pattern,0,False,6244,4.0
timeout,even_odd,_mult4p0,3,0.15,1,bd27,bd07,True,25,correct,3,True,6244,4.0
timeout,even_odd,_mult4p0,3,0.15,3,b447,a75b,True,45,spurious,-1,False,6244,4.0
timeout,even_odd,_mult4p0,3,0.15,2,b587,a797,True,55,spurious,-1,False,6244,4.0
timeout,even_odd,_mult4p0,3,0.15,3,bf45,bf97,True,45,spurious,-1,False,6244,4.0
timeout,even_odd,_mult4p0,3,0.15,3,a927,bd07,True,25,correct,3,True,6244,4.0
timeout,even_odd,_mult4p0,3,0.15,2,bd0e,fd4b,True,51,spurious,-1,False,6244,4.0
timeout,even_odd,_mult4p0,3,0.15,1,fd07,bd07,True,11,correct,3,True,6244,4.0
timeout,even_odd,_mult4p0,3,0.15,4,ac16,bd07,True,11,correct,3,True,6244,4.0
timeout,even_odd,_mult4p0,3,0.15,4,3717,a797,True,45,spurious,-1,False,6244,4.0
timeout,even_odd,_mult4p0,3,0.15,1,bf07,bf97,True,45,spurious,-1,False,6244,4.0
timeout,even_odd,_mult4p0,3,0.15,4,fdd7,bd07,True,25,correct,3,True,6244,4.0
timeout,even_odd,_mult4p0,3,0.15,1,bd17,bd07,True,11,correct,3,True,6244,4.0
timeout,even_odd,_mult4p0,3,0.15,7,85e3,fca6,True,55,wrong_pattern,0,False,6244,4.0
timeout,even_odd,_mult4p0,3,0.15,3,b985,bd07,True,45,correct,3,True,6244,4.0
timeout,even_odd,_mult4p0,3,0.15,3,b703,a75b,True,45,spurious,-1,False,6244,4.0
timeout,even_odd,_mult4p0,3,0.15,3,bda5,fca6,True,45,wrong_pattern,0,False,6244,4.0
timeout,even_odd,_mult4p0,3,0.15,0,bd07,bd07,True,0,correct,3,True,6244,4.0
timeout,even_odd,_mult4p0,3,0.15,2,b927,bd07,True,25,correct,3,True,6244,4.0
timeout,even_odd,_mult4p0,3,0.15,5,6c17,bd07,True,35,correct,3,True,6244,4.0
timeout,even_odd,_mult4p0,3,0.15,3,1d0f,1905,True,45,spurious,-1,False,6244,4.0
timeout,even_odd,_mult4p0,3,0.15,4,1903,1905,True,25,spurious,-1,False,6244,4.0
timeout,even_odd,_mult4p0,3,0.15,1,b907,bd07,True,11,correct,3,True,6244,4.0
timeout,even_odd,_mult4p0,3,0.15,1,bd17,bd07,True,11,correct,3,True,6244,4.0
timeout,even_odd,_mult4p0,3,0.15,0,bd07,bd07,True,0,correct,3,True,6244,4.0
timeout,even_odd,_mult4p0,3,0.15,6,918b,a75b,True,45,spurious,-1,False,6244,4.0
timeout,even_odd,_mult4p0,3,0.15,0,bd07,bd07,True,0,correct,3,True,6244,4.0
timeout,even_odd,_mult4p0,3,0.15,2,bd83,bd07,True,25,correct,3,True,6244,4.0
timeout,even_odd,_mult4p0,3,0.15,0,bd07,bd07,True,0,correct,3,True,6244,4.0
timeout,even_odd,_mult4p0,3,0.15,5,9483,fca6,True,83,wrong_pattern,0,False,6244,4.0
timeout,even_odd,_mult4p0,3,0.15,4,f513,a75b,True,45,spurious,-1,False,6244,4.0
timeout,even_odd,_mult4p0,0,0.3,2,7ce6,fca6,True,25,correct,0,True,6244,4.0
timeout,even_odd,_mult4p0,0,0.3,9,5f4f,359,True,45,spurious,-1,False,6244,4.0
timeout,even_odd,_mult4p0,0,0.3,6,7fd6,fca6,True,35,correct,0,True,6244,4.0
timeout,even_odd,_mult4p0,0,0.3,6,f104,bd07,True,45,wrong_pattern,3,False,6244,4.0
timeout,even_odd,_mult4p0,0,0.3,2,7ca7,fca6,True,25,correct,0,True,6244,4.0
timeout,even_odd,_mult4p0,0,0.3,8,24f3,fca6,True,55,correct,0,True,6244,4.0
timeout,even_odd,_mult4p0,0,0.3,3,fcf2,fca6,True,11,correct,0,True,6244,4.0
timeout,even_odd,_mult4p0,0,0.3,2,fea2,fca6,True,25,correct,0,True,6244,4.0
timeout,even_odd,_mult4p0,0,0.3,6,9c9f,fca6,True,83,correct,0,True,6244,4.0
timeout,even_odd,_mult4p0,0,0.3,6,84ac,42f8,True,69,spurious,-1,False,6244,4.0
timeout,even_odd,_mult4p0,0,0.3,3,beae,fca6,True,25,correct,0,True,6244,4.0
timeout,even_odd,_mult4p0,0,0.3,6,dc43,fd4b,True,25,spurious,-1,False,6244,4.0
timeout,even_odd,_mult4p0,0,0.3,3,fcfe,fca6,True,35,correct,0,True,6244,4.0
timeout,even_odd,_mult4p0,0,0.3,4,e5a4,fca6,True,25,correct,0,True,6244,4.0
timeout,even_odd,_mult4p0,0,0.3,5,fa8f,fca6,True,35,correct,0,True,6244,4.0
timeout,even_odd,_mult4p0,0,0.3,6,38c2,fca6,True,45,correct,0,True,6244,4.0
timeout,even_odd,_mult4p0,0,0.3,5,e6af,e6fa,True,21,spurious,-1,False,6244,4.0
timeout,even_odd,_mult4p0,0,0.3,4,cc66,fca6,True,59,correct,0,True,6244,4.0
timeout,even_odd,_mult4p0,0,0.3,3,e4a2,fca6,True,35,correct,0,True,6244,4.0
timeout,even_odd,_mult4p0,0,0.3,5,b8a8,fca6,True,45,correct,0,True,6244,4.0
timeout,even_odd,_mult4p0,0,0.3,4,fc44,fd4b,True,79,spurious,-1,False,6244,4.0
timeout,even_odd,_mult4p0,0,0.3,5,ccab,fca6,True,45,correct,0,True,6244,4.0
timeout,even_odd,_mult4p0,0,0.3,3,2ca6,fca6,True,35,correct,0,True,6244,4.0
timeout,even_odd,_mult4p0,0,0.3,0,fca6,fca6,True,0,correct,0,True,6244,4.0
timeout,even_odd,_mult4p0,0,0.3,3,f48e,fca6,True,25,correct,0,True,6244,4.0
timeout,even_odd,_mult4p0,0,0.3,5,f99e,fca6,True,49,correct,0,True,6244,4.0
timeout,even_odd,_mult4p0,0,0.3,7,f2e1,a6b6,True,45,wrong_pattern,2,False,6244,4.0
timeout,even_odd,_mult4p0,0,0.3,6,e40f,fd4b,True,35,spurious,-1,False,6244,4.0
timeout,even_odd,_mult4p0,0,0.3,3,f4b4,fca6,True,35,correct,0,True,6244,4.0
timeout,even_odd,_mult4p0,0,0.3,4,bdac,fca6,True,35,correct,0,True,6244,4.0
timeout,even_odd,_mult4p0,0,0.3,4,bec6,fca6,True,35,correct,0,True,6244,4.0
timeout,even_odd,_mult4p0,0,0.3,1,fea6,fca6,True,25,correct,0,True,6244,4.0
timeout,even_odd,_mult4p0,0,0.3,6,5c8d,58a4,True,83,spurious,-1,False,6244,4.0
timeout,even_odd,_mult4p0,0,0.3,4,b8aa,fca6,True,35,correct,0,True,6244,4.0
timeout,even_odd,_mult4p0,0,0.3,9,5afb,4068,True,55,spurious,-1,False,6244,4.0
timeout,even_odd,_mult4p0,0,0.3,3,e8e6,fca6,True,11,correct,0,True,6244,4.0
timeout,even_odd,_mult4p0,0,0.3,6,3c42,bd07,True,45,wrong_pattern,3,False,6244,4.0
timeout,even_odd,_mult4p0,0,0.3,4,feab,fca6,True,35,correct,0,True,6244,4.0
timeout,even_odd,_mult4p0,0,0.3,2,6ca6,fca6,True,25,correct,0,True,6244,4.0
timeout,even_odd,_mult4p0,0,0.3,7,72bf,a6b6,True,45,wrong_pattern,2,False,6244,4.0
timeout,even_odd,_mult4p0,0,0.3,5,bfe7,fca6,True,45,correct,0,True,6244,4.0
timeout,even_odd,_mult4p0,0,0.3,2,f486,fca6,True,25,correct,0,True,6244,4.0
timeout,even_odd,_mult4p0,0,0.3,4,deb7,fca6,True,31,correct,0,True,6244,4.0
timeout,even_odd,_mult4p0,0,0.3,2,eca4,fca6,True,25,correct,0,True,6244,4.0
timeout,even_odd,_mult4p0,0,0.3,4,be27,fca6,True,93,correct,0,True,6244,4.0
timeout,even_odd,_mult4p0,0,0.3,5,d0a3,fca6,True,45,correct,0,True,6244,4.0
timeout,even_odd,_mult4p0,0,0.3,7,1802,1905,True,35,spurious,-1,False,6244,4.0
timeout,even_odd,_mult4p0,0,0.3,3,dc87,fca6,True,35,correct,0,True,6244,4.0
timeout,even_odd,_mult4p0,0,0.3,7,3e1e,a75b,True,55,spurious,-1,False,6244,4.0
timeout,even_odd,_mult4p0,0,0.3,4,d926,fca6,True,59,correct,0,True,6244,4.0
timeout,even_odd,_mult4p0,0,0.3,4,f4e0,fca6,True,35,correct,0,True,6244,4.0
timeout,even_odd,_mult4p0,0,0.3,5,6436,fc6a,True,41,spurious,-1,False,6244,4.0
timeout,even_odd,_mult4p0,0,0.3,4,50a6,58a4,True,25,spurious,-1,False,6244,4.0
timeout,even_odd,_mult4p0,0,0.3,5,38ac,58a4,True,25,spurious,-1,False,6244,4.0
timeout,even_odd,_mult4p0,0,0.3,7,dc09,5949,True,45,spurious,-1,False,6244,4.0
timeout,even_odd,_mult4p0,0,0.3,7,7abd,58a4,True,25,spurious,-1,False,6244,4.0
timeout,even_odd,_mult4p0,0,0.3,4,fd76,fd66,False,6244,oscillated,-1,False,6244,4.0
timeout,even_odd,_mult4p0,0,0.3,8,cc48,5949,True,45,spurious,-1,False,6244,4.0
timeout,even_odd,_mult4p0,0,0.3,7,cc6b,fd4b,True,45,spurious,-1,False,6244,4.0
timeout,even_odd,_mult4p0,0,0.3,5,fff7,fca6,True,35,correct,0,True,6244,4.0
timeout,even_odd,_mult4p0,1,0.3,5,93f1,2b4,True,45,spurious,-1,False,6244,4.0
timeout,even_odd,_mult4p0,1,0.3,4,1b03,1b95,True,45,correct,1,True,6244,4.0
timeout,even_odd,_mult4p0,1,0.3,9,272c,359,True,45,spurious,-1,False,6244,4.0
timeout,even_odd,_mult4p0,1,0.3,2,1a85,58a4,True,59,spurious,-1,False,6244,4.0
timeout,even_odd,_mult4p0,1,0.3,6,9581,395,True,79,spurious,-1,False,6244,4.0
timeout,even_odd,_mult4p0,1,0.3,4,7915,1905,True,35,spurious,-1,False,6244,4.0
timeout,even_odd,_mult4p0,1,0.3,5,1099,359,True,85,spurious,-1,False,6244,4.0
timeout,even_odd,_mult4p0,1,0.3,5,3ddd,1905,True,45,spurious,-1,False,6244,4.0
timeout,even_odd,_mult4p0,1,0.3,6,b3a7,a6b6,True,11,wrong_pattern,2,False,6244,4.0
timeout,even_odd,_mult4p0,1,0.3,5,a16,58a4,True,123,spurious,-1,False,6244,4.0
timeout,even_odd,_mult4p0,1,0.3,4,1d9c,58a4,True,83,spurious,-1,False,6244,4.0
timeout,even_odd,_mult4p0,1,0.3,5,4ab4,58a4,True,55,spurious,-1,False,6244,4.0
timeout,even_odd,_mult4p0,1,0.3,6,995c,5949,True,45,spurious,-1,False,6244,4.0
timeout,even_odd,_mult4p0,1,0.3,7,fd05,bd07,True,25,wrong_pattern,3,False,6244,4.0
timeout,even_odd,_mult4p0,1,0.3,6,10bf,2b4,True,83,spurious,-1,False,6244,4.0
timeout,even_odd,_mult4p0,1,0.3,5,bbe5,fca6,True,45,wrong_pattern,0,False,6244,4.0
timeout,even_odd,_mult4p0,1,0.3,5,1903,1905,True,25,spurious,-1,False,6244,4.0
timeout,even_odd,_mult4p0,1,0.3,2,1bb1,2b4,True,35,spurious,-1,False,6244,4.0
timeout,even_odd,_mult4p0,1,0.3,3,5bbd,58a4,True,35,spurious,-1,False,6244,4.0
timeout,even_odd,_mult4p0,1,0.3,4,17b1,2b4,True,11,spurious,-1,False,6244,4.0
timeout,even_odd,_mult4p0,1,0.3,5,3be7,fca6,True,45,wrong_pattern,0,False,6244,4.0
timeout,even_odd,_mult4p0,1,0.3,3,3985,1905,True,25,spurious,-1,False,6244,4.0
timeout,even_odd,_mult4p0,1,0.3,2,3b97,bf97,True,45,spurious,-1,False,6244,4.0
timeout,even_odd,_mult4p0,1,0.3,3,5991,1905,True,25,spurious,-1,False,6244,4.0
timeout,even_odd,_mult4p0,1,0.3,6,be9,42f8,True,55,spurious,-1,False,6244,4.0
timeout,even_odd,_mult4p0,1,0.3,3,b9f,395,True,49,spurious,-1,False,6244,4.0
timeout,even_odd,_mult4p0,1,0.3,9,ca20,58a4,True,59,spurious,-1,False,6244,4.0
timeout,even_odd,_mult4p0,1,0.3,3,9a91,2b4,True,35,spurious,-1,False,6244,4.0
timeout,even_odd,_mult4p0,1,0.3,4,8295,2b4,True,35,spurious,-1,False,6244,4.0
timeout,even_odd,_mult4p0,1,0.3,6,21f5,2b4,True,83,spurious,-1,False,6244,4.0
timeout,even_odd,_mult4p0,1,0.3,7,5841,5949,True,25,spurious,-1,False,6244,4.0
timeout,even_odd,_mult4p0,1,0.3,5,1a7d,359,True,79,spurious,-1,False,6244,4.0
timeout,even_odd,_mult4p0,1,0.3,6,48c5,58a4,True,45,spurious,-1,False,6244,4.0
timeout,even_odd,_mult4p0,1,0.3,5,1ad2,2b4,True,35,spurious,-1,False,6244,4.0
timeout,even_odd,_mult4p0,1,0.3,6,7fc1,1905,True,69,spurious,-1,False,6244,4.0
timeout,even_odd,_mult4p0,1,0.3,2,395,395,True,0,spurious,-1,False,6244,4.0
timeout,even_odd,_mult4p0,1,0.3,5,d194,58a4,True,83,spurious,-1,False,6244,4.0
timeout,even_odd,_mult4p0,1,0.3,5,d91d,5949,True,35,spurious,-1,False,6244,4.0
timeout,even_odd,_mult4p0,1,0.3,6,badf,a6b6,True,45,wrong_pattern,2,False,6244,4.0
timeout,even_odd,_mult4p0,1,0.3,4,1bd2,2b4,True,69,spurious,-1,False,6244,4.0
timeout,even_odd,_mult4p0,1,0.3,5,3fa7,fca6,True,45,wrong_pattern,0,False,6244,4.0
timeout,even_odd,_mult4p0,1,0.3,3,9d95,1905,True,45,spurious,-1,False,6244,4.0
timeout,even_odd,_mult4p0,1,0.3,3,9f15,1b95,True,45,correct,1,True,6244,4.0
timeout,even_odd,_mult4p0,1,0.3,6,9c17,bd07,True,45,wrong_pattern,3,False,6244,4.0
timeout,even_odd,_mult4p0,1,0.3,2,4b95,1b95,True,11,correct,1,True,6244,4.0
timeout,even_odd,_mult4p0,1,0.3,5,a991,bf97,True,117,spurious,-1,False,6244,4.0
timeout,even_odd,_mult4p0,1,0.3,6,99cf,bd07,True,45,wrong_pattern,3,False,6244,4.0
timeout,even_odd,_mult4p0,1,0.3,6,15b9,4068,True,89,spurious,-1,False,6244,4.0
timeout,even_odd,_mult4p0,1,0.3,6,3b3b,a75b,True,45,spurious,-1,False,6244,4.0
timeout,even_odd,_mult4p0,1,0.3,7,8201,359,True,35,spurious,-1,False,6244,4.0
timeout,even_odd,_mult4p0,1,0.3,7,7134,58a4,True,59,spurious,-1,False,6244,4.0
timeout,even_odd,_mult4p0,1,0.3,7,cf9b,a797,True,49,spurious,-1,False,6244,4.0
timeout,even_odd,_mult4p0,1,0.3,6,699f,bd07,True,45,wrong_pattern,3,False,6244,4.0
timeout,even_odd,_mult4p0,1,0.3,4,1ff7,2b4,True,69,spurious,-1,False,6244,4.0
timeout,even_odd,_mult4p0,1,0.3,4,3a8d,58a4,True,59,spurious,-1,False,6244,4.0
timeout,even_odd,_mult4p0,1,0.3,5,89f5,58a4,True,55,spurious,-1,False,6244,4.0
timeout,even_odd,_mult4p0,1,0.3,3,8b97,bf97,True,45,spurious,-1,False,6244,4.0
timeout,even_odd,_mult4p0,1,0.3,1,1bd5,1b95,True,21,correct,1,True,6244,4.0
timeout,even_odd,_mult4p0,1,0.3,5,2a35,58a4,True,123,spurious,-1,False,6244,4.0
timeout,even_odd,_mult4p0,1,0.3,8,4af8,42f8,True,25,spurious,-1,False,6244,4.0
timeout,even_odd,_mult4p0,2,0.3,8,283d,5949,True,89,spurious,-1,False,6244,4.0
timeout,even_odd,_mult4p0,2,0.3,7,a581,a797,True,49,spurious,-1,False,6244,4.0
timeout,even_odd,_mult4p0,2,0.3,5,72be,a6b6,True,59,correct,2,True,6244,4.0
timeout,even_odd,_mult4p0,2,0.3,4,c2b2,a6b6,True,45,correct,2,True,6244,4.0
timeout,even_odd,_mult4p0,2,0.3,5,2a34,58a4,True,89,spurious,-1,False,6244,4.0
timeout,even_odd,_mult4p0,2,0.3,4,f4b2,fca6,True,35,wrong_pattern,0,False,6244,4.0
timeout,even_odd,_mult4p0,2,0.3,1,26b6,a6b6,True,25,correct,2,True,6244,4.0
timeout,even_odd,_mult4p0,2,0.3,3,afa6,fca6,True,55,wrong_pattern,0,False,6244,4.0
timeout,even_odd,_mult4p0,2,0.3,3,a2a7,a6b6,True,11,correct,2,True,6244,4.0
timeout,even_odd,_mult4p0,2,0.3,5,c6c6,a6b6,True,45,correct,2,True,6244,4.0
timeout,even_odd,_mult4p0,2,0.3,5,8ffe,a6b6,True,69,correct,2,True,6244,4.0
timeout,even_odd,_mult4p0,2,0.3,3,a635,a6b6,True,59,correct,2,True,6244,4.0
timeout,even_odd,_mult4p0,2,0.3,5,e42e,e46a,True,21,spurious,-1,False,6244,4.0
timeout,even_odd,_mult4p0,2,0.3,4,afb5,fca6,True,55,wrong_pattern,0,False,6244,4.0
timeout,even_odd,_mult4p0,2,0.3,6,aa7a,e46a,True,79,spurious,-1,False,6244,4.0
timeout,even_odd,_mult4p0,2,0.3,5,9494,2b4,True,45,spurious,-1,False,6244,4.0
timeout,even_odd,_mult4p0,2,0.3,2,b6a6,a6b6,True,21,correct,2,True,6244,4.0
timeout,even_odd,_mult4p0,2,0.3,5,86e3,a6b6,True,55,correct,2,True,6244,4.0
timeout,even_odd,_mult4p0,2,0.3,2,aea6,fca6,True,45,wrong_pattern,0,False,6244,4.0
timeout,even_odd,_mult4p0,2,0.3,5,63be,e6fa,True,45,spurious,-1,False,6244,4.0
timeout,even_odd,_mult4p0,2,0.3,3,2b6,2b4,True,25,spurious,-1,False,6244,4.0
timeout,even_odd,_mult4p0,2,0.3,6,d4a7,fca6,True,25,wrong_pattern,0,False,6244,4.0
timeout,even_odd,_mult4p0,2,0.3,5,96bb,e6fa,True,35,spurious,-1,False,6244,4.0
timeout,even_odd,_mult4p0,2,0.3,6,45b4,58a4,True,49,spurious,-1,False,6244,4.0
timeout,even_odd,_mult4p0,2,0.3,4,a7f3,a6b6,True,11,correct,2,True,6244,4.0
timeout,even_odd,_mult4p0,2,0.3,4,a6ec,e6fa,True,35,spurious,-1,False,6244,4.0
timeout,even_odd,_mult4p0,2,0.3,5,96f5,2b4,True,45,spurious,-1,False,6244,4.0
timeout,even_odd,_mult4p0,2,0.3,5,a09f,a6b6,True,83,correct,2,True,6244,4.0
timeout,even_odd,_mult4p0,2,0.3,4,66a2,e6fa,True,59,spurious,-1,False,6244,4.0
timeout,even_odd,_mult4p0,2,0.3,5,7a2,2b4,True,45,spurious,-1,False,6244,4.0
timeout,even_odd,_mult4p0,2,0.3,5,f67e,e6fa,True,55,spurious,-1,False,6244,4.0
timeout,even_odd,_mult4p0,2,0.3,5,a21c,a75b,True,45,spurious,-1,False,6244,4.0
timeout,even_odd,_mult4p0,2,0.3,5,27ac,2b4,True,45,spurious,-1,False,6244,4.0
timeout,even_odd,_mult4p0,2,0.3,6,a42b,a75b,True,35,spurious,-1,False,6244,4.0
timeout,even_odd,_mult4p0,2,0.3,5,9635,2b4,True,79,spurious,-1,False,6244,4.0
timeout,even_odd,_mult4p0,2,0.3,6,3df6,fca6,True,35,wrong_pattern,0,False,6244,4.0
timeout,even_odd,_mult4p0,2,0.3,5,ae1f,a75b,True,45,spurious,-1,False,6244,4.0
timeout,even_odd,_mult4p0,2,0.3,4,aa37,fca6,True,123,wrong_pattern,0,False,6244,4.0
timeout,even_odd,_mult4p0,2,0.3,7,f93,395,True,69,spurious,-1,False,6244,4.0
timeout,even_odd,_mult4p0,2,0.3,4,b426,fca6,True,25,wrong_pattern,0,False,6244,4.0
timeout,even_odd,_mult4p0,2,0.3,6,ae78,e46a,True,79,spurious,-1,False,6244,4.0
timeout,even_odd,_mult4p0,2,0.3,4,83b2,a6b6,True,45,correct,2,True,6244,4.0
timeout,even_odd,_mult4p0,2,0.3,5,befa,a6b6,True,35,correct,2,True,6244,4.0
timeout,even_odd,_mult4p0,2,0.3,9,bf19,a75b,True,35,spurious,-1,False,6244,4.0
timeout,even_odd,_mult4p0,2,0.3,6,38b2,fca6,True,45,wrong_pattern,0,False,6244,4.0
timeout,even_odd,_mult4p0,2,0.3,3,8eb7,fca6,True,55,wrong_pattern,0,False,6244,4.0
timeout,even_odd,_mult4p0,2,0.3,8,887,58a4,True,65,spurious,-1,False,6244,4.0
timeout,even_odd,_mult4p0,2,0.3,6,fc94,fca6,True,25,wrong_pattern,0,False,6244,4.0
timeout,even_odd,_mult4p0,2,0.3,4,97f6,a6b6,True,25,correct,2,True,6244,4.0
timeout,even_odd,_mult4p0,2,0.3,7,8f25,1b95,True,45,wrong_pattern,1,False,6244,4.0
timeout,even_odd,_mult4p0,2,0.3,5,a6e8,e6fa,True,35,spurious,-1,False,6244,4.0
timeout,even_odd,_mult4p0,2,0.3,5,21b4,2b4,True,35,spurious,-1,False,6244,4.0
timeout,even_odd,_mult4p0,2,0.3,6,977e,a75b,True,45,spurious,-1,False,6244,4.0
timeout,even_odd,_mult4p0,2,0.3,5,31b6,fca6,True,65,wrong_pattern,0,False,6244,4.0
timeout,even_odd,_mult4p0,2,0.3,6,1ebf,2b4,True,69,spurious,-1,False,6244,4.0
timeout,even_odd,_mult4p0,2,0.3,8,cf7c,359,True,83,spurious,-1,False,6244,4.0
timeout,even_odd,_mult4p0,2,0.3,6,622e,e6fa,True,45,spurious,-1,False,6244,4.0
timeout,even_odd,_mult4p0,2,0.3,4,2096,a6b6,True,45,correct,2,True,6244,4.0
timeout,even_odd,_mult4p0,2,0.3,1,a6b2,a6b6,True,11,correct,2,True,6244,4.0
timeout,even_odd,_mult4p0,2,0.3,5,abbc,a6b6,True,45,correct,2,True,6244,4.0
timeout,even_odd,_mult4p0,3,0.3,4,a583,a797,True,49,spurious,-1,False,6244,4.0
timeout,even_odd,_mult4p0,3,0.3,4,3427,fca6,True,59,wrong_pattern,0,False,6244,4.0
timeout,even_odd,_mult4p0,3,0.3,5,1b17,1b95,True,25,wrong_pattern,1,False,6244,4.0
timeout,even_odd,_mult4p0,3,0.3,6,d737,a797,True,45,spurious,-1,False,6244,4.0
timeout,even_odd,_mult4p0,3,0.3,4,3597,a797,True,49,spurious,-1,False,6244,4.0
timeout,even_odd,_mult4p0,3,0.3,6,aa1f,a75b,True,45,spurious,-1,False,6244,4.0
timeout,even_odd,_mult4p0,3,0.3,7,9560,5949,True,45,spurious,-1,False,6244,4.0
timeout,even_odd,_mult4p0,3,0.3,6,f156,a75b,True,45,spurious,-1,False,6244,4.0
timeout,even_odd,_mult4p0,3,0.3,4,ef03,fd4b,True,117,spurious,-1,False,6244,4.0
timeout,even_odd,_mult4p0,3,0.3,6,ed92,fca6,True,45,wrong_pattern,0,False,6244,4.0
timeout,even_odd,_mult4p0,3,0.3,5,395f,bd07,True,59,correct,3,True,6244,4.0
timeout,even_odd,_mult4p0,3,0.3,4,b536,fca6,True,93,wrong_pattern,0,False,6244,4.0
timeout,even_odd,_mult4p0,3,0.3,7,67c7,a75b,True,59,spurious,-1,False,6244,4.0
timeout,even_odd,_mult4p0,3,0.3,2,bd04,bd07,True,25,correct,3,True,6244,4.0
timeout,even_odd,_mult4p0,3,0.3,5,dc0b,fd4b,True,25,spurious,-1,False,6244,4.0
timeout,even_odd,_mult4p0,3,0.3,4,ed2f,fd4b,True,35,spurious,-1,False,6244,4.0
timeout,even_odd,_mult4p0,3,0.3,5,db17,bd07,True,69,correct,3,True,6244,4.0
timeout,even_odd,_mult4p0,3,0.3,4,b797,a797,True,11,spurious,-1,False,6244,4.0
timeout,even_odd,_mult4p0,3,0.3,4,992f,fd4b,True,45,spurious,-1,False,6244,4.0
timeout,even_odd,_mult4p0,3,0.3,8,1c5a,5949,True,89,spurious,-1,False,6244,4.0
timeout,even_odd,_mult4p0,3,0.3,6,aa0e,a75b,True,45,spurious,-1,False,6244,4.0
timeout,even_odd,_mult4p0,3,0.3,7,270a,a75b,True,25,spurious,-1,False,6244,4.0
timeout,even_odd,_mult4p0,3,0.3,7,ca06,fca6,True,103,wrong_pattern,0,False,6244,4.0
timeout,even_odd,_mult4p0,3,0.3,4,dd8f,bd07,True,35,correct,3,True,6244,4.0
timeout,even_odd,_mult4p0,3,0.3,1,bc07,bd07,True,11,correct,3,True,6244,4.0
timeout,even_odd,_mult4p0,3,0.3,6,a8b7,fca6,True,21,wrong_pattern,0,False,6244,4.0
timeout,even_odd,_mult4p0,3,0.3,3,3d0b,fd4b,True,35,spurious,-1,False,6244,4.0
timeout,even_odd,_mult4p0,3,0.3,4,3f97,bf97,True,25,spurious,-1,False,6244,4.0
timeout,even_odd,_mult4p0,3,0.3,6,2a27,fca6,True,123,wrong_pattern,0,False,6244,4.0
timeout,even_odd,_mult4p0,3,0.3,5,3426,fca6,True,25,wrong_pattern,0,False,6244,4.0
timeout,even_odd,_mult4p0,3,0.3,6,b780,a6b6,True,45,wrong_pattern,2,False,6244,4.0
timeout,even_odd,_mult4p0,3,0.3,3,af06,bf97,True,45,spurious,-1,False,6244,4.0
timeout,even_odd,_mult4p0,3,0.3,5,7585,1b95,True,79,wrong_pattern,1,False,6244,4.0
timeout,even_odd,_mult4p0,3,0.3,5,ed0a,fd4b,True,11,spurious,-1,False,6244,4.0
timeout,even_odd,_mult4p0,3,0.3,4,d47,5949,True,93,spurious,-1,False,6244,4.0
timeout,even_odd,_mult4p0,3,0.3,5,9e15,1b95,True,45,wrong_pattern,1,False,6244,4.0
timeout,even_odd,_mult4p0,3,0.3,10,9b0,58a4,True,21,spurious,-1,False,6244,4.0
timeout,even_odd,_mult4p0,3,0.3,4,9913,bd07,True,45,correct,3,True,6244,4.0
timeout,even_odd,_mult4p0,3,0.3,2,b517,bf97,True,49,spurious,-1,False,6244,4.0
timeout,even_odd,_mult4p0,3,0.3,5,f14f,fd4b,True,35,spurious,-1,False,6244,4.0
timeout,even_odd,_mult4p0,3,0.3,4,1c06,1905,True,89,spurious,-1,False,6244,4.0
timeout,even_odd,_mult4p0,3,0.3,2,ad05,bd07,True,25,correct,3,True,6244,4.0
timeout,even_odd,_mult4p0,3,0.3,5,ff6f,fd4b,True,25,spurious,-1,False,6244,4.0
timeout,even_odd,_mult4p0,3,0.3,7,1a37,58a4,True,93,spurious,-1,False,6244,4.0
timeout,even_odd,_mult4p0,3,0.3,3,9c03,bd07,True,25,correct,3,True,6244,4.0
timeout,even_odd,_mult4p0,3,0.3,6,7f24,58a4,True,69,spurious,-1,False,6244,4.0
timeout,even_odd,_mult4p0,3,0.3,3,b597,a797,True,49,spurious,-1,False,6244,4.0
timeout,even_odd,_mult4p0,3,0.3,5,a687,a6b6,True,35,wrong_pattern,2,False,6244,4.0
timeout,even_odd,_mult4p0,3,0.3,7,198c,58a4,True,83,spurious,-1,False,6244,4.0
timeout,even_odd,_mult4p0,3,0.3,5,ac93,fca6,True,65,wrong_pattern,0,False,6244,4.0
timeout,even_odd,_mult4p0,3,0.3,6,f53b,a75b,True,45,spurious,-1,False,6244,4.0
timeout,even_odd,_mult4p0,3,0.3,3,7d17,bd07,True,35,correct,3,True,6244,4.0
timeout,even_odd,_mult4p0,3,0.3,5,a737,a797,True,25,spurious,-1,False,6244,4.0
timeout,even_odd,_mult4p0,3,0.3,4,df87,bd07,True,35,correct,3,True,6244,4.0
timeout,even_odd,_mult4p0,3,0.3,8,5b93,1905,True,35,spurious,-1,False,6244,4.0
timeout,even_odd,_mult4p0,3,0.3,4,be26,fca6,True,35,wrong_pattern,0,False,6244,4.0
timeout,even_odd,_mult4p0,3,0.3,7,19ae,58a4,True,35,spurious,-1,False,6244,4.0
timeout,even_odd,_mult4p0,3,0.3,4,9dc3,bd07,True,25,correct,3,True,6244,4.0
timeout,even_odd,_mult4p0,3,0.3,7,878d,395,True,59,spurious,-1,False,6244,4.0
timeout,even_odd,_mult4p0,3,0.3,3,b405,bd07,True,25,correct,3,True,6244,4.0
timeout,depth,_mult8p0,0,0.0,0,fca6,fca6,True,0,correct,0,True,5220,8.0
timeout,depth,_mult8p0,0,0.0,0,fca6,fca6,True,0,correct,0,True,5220,8.0
timeout,depth,_mult8p0,0,0.0,0,fca6,fca6,True,0,correct,0,True,5220,8.0
timeout,depth,_mult8p0,0,0.0,0,fca6,fca6,True,0,correct,0,True,5220,8.0
timeout,depth,_mult8p0,0,0.0,0,fca6,fca6,True,0,correct,0,True,5220,8.0
timeout,depth,_mult8p0,0,0.0,0,fca6,fca6,True,0,correct,0,True,5220,8.0
timeout,depth,_mult8p0,0,0.0,0,fca6,fca6,True,0,correct,0,True,5220,8.0
timeout,depth,_mult8p0,0,0.0,0,fca6,fca6,True,0,correct,0,True,5220,8.0
timeout,depth,_mult8p0,0,0.0,0,fca6,fca6,True,0,correct,0,True,5220,8.0
timeout,depth,_mult8p0,0,0.0,0,fca6,fca6,True,0,correct,0,True,5220,8.0
timeout,depth,_mult8p0,0,0.0,0,fca6,fca6,True,0,correct,0,True,5220,8.0
timeout,depth,_mult8p0,0,0.0,0,fca6,fca6,True,0,correct,0,True,5220,8.0
timeout,depth,_mult8p0,0,0.0,0,fca6,fca6,True,0,correct,0,True,5220,8.0
timeout,depth,_mult8p0,0,0.0,0,fca6,fca6,True,0,correct,0,True,5220,8.0
timeout,depth,_mult8p0,0,0.0,0,fca6,fca6,True,0,correct,0,True,5220,8.0
timeout,depth,_mult8p0,0,0.0,0,fca6,fca6,True,0,correct,0,True,5220,8.0
timeout,depth,_mult8p0,0,0.0,0,fca6,fca6,True,0,correct,0,True,5220,8.0
timeout,depth,_mult8p0,0,0.0,0,fca6,fca6,True,0,correct,0,True,5220,8.0
timeout,depth,_mult8p0,0,0.0,0,fca6,fca6,True,0,correct,0,True,5220,8.0
timeout,depth,_mult8p0,0,0.0,0,fca6,fca6,True,0,correct,0,True,5220,8.0
timeout,depth,_mult8p0,0,0.0,0,fca6,fca6,True,0,correct,0,True,5220,8.0
timeout,depth,_mult8p0,0,0.0,0,fca6,fca6,True,0,correct,0,True,5220,8.0
timeout,depth,_mult8p0,0,0.0,0,fca6,fca6,True,0,correct,0,True,5220,8.0
timeout,depth,_mult8p0,0,0.0,0,fca6,fca6,True,0,correct,0,True,5220,8.0
timeout,depth,_mult8p0,0,0.0,0,fca6,fca6,True,0,correct,0,True,5220,8.0
timeout,depth,_mult8p0,0,0.0,0,fca6,fca6,True,0,correct,0,True,5220,8.0
timeout,depth,_mult8p0,0,0.0,0,fca6,fca6,True,0,correct,0,True,5220,8.0
timeout,depth,_mult8p0,0,0.0,0,fca6,fca6,True,0,correct,0,True,5220,8.0
timeout,depth,_mult8p0,0,0.0,0,fca6,fca6,True,0,correct,0,True,5220,8.0
timeout,depth,_mult8p0,0,0.0,0,fca6,fca6,True,0,correct,0,True,5220,8.0
timeout,depth,_mult8p0,0,0.0,0,fca6,fca6,True,0,correct,0,True,5220,8.0
timeout,depth,_mult8p0,0,0.0,0,fca6,fca6,True,0,correct,0,True,5220,8.0
timeout,depth,_mult8p0,0,0.0,0,fca6,fca6,True,0,correct,0,True,5220,8.0
timeout,depth,_mult8p0,0,0.0,0,fca6,fca6,True,0,correct,0,True,5220,8.0
timeout,depth,_mult8p0,0,0.0,0,fca6,fca6,True,0,correct,0,True,5220,8.0
timeout,depth,_mult8p0,0,0.0,0,fca6,fca6,True,0,correct,0,True,5220,8.0
timeout,depth,_mult8p0,0,0.0,0,fca6,fca6,True,0,correct,0,True,5220,8.0
timeout,depth,_mult8p0,0,0.0,0,fca6,fca6,True,0,correct,0,True,5220,8.0
timeout,depth,_mult8p0,0,0.0,0,fca6,fca6,True,0,correct,0,True,5220,8.0
timeout,depth,_mult8p0,0,0.0,0,fca6,fca6,True,0,correct,0,True,5220,8.0
timeout,depth,_mult8p0,0,0.0,0,fca6,fca6,True,0,correct,0,True,5220,8.0
timeout,depth,_mult8p0,0,0.0,0,fca6,fca6,True,0,correct,0,True,5220,8.0
timeout,depth,_mult8p0,0,0.0,0,fca6,fca6,True,0,correct,0,True,5220,8.0
timeout,depth,_mult8p0,0,0.0,0,fca6,fca6,True,0,correct,0,True,5220,8.0
timeout,depth,_mult8p0,0,0.0,0,fca6,fca6,True,0,correct,0,True,5220,8.0
timeout,depth,_mult8p0,0,0.0,0,fca6,fca6,True,0,correct,0,True,5220,8.0
timeout,depth,_mult8p0,0,0.0,0,fca6,fca6,True,0,correct,0,True,5220,8.0
timeout,depth,_mult8p0,0,0.0,0,fca6,fca6,True,0,correct,0,True,5220,8.0
timeout,depth,_mult8p0,0,0.0,0,fca6,fca6,True,0,correct,0,True,5220,8.0
timeout,depth,_mult8p0,0,0.0,0,fca6,fca6,True,0,correct,0,True,5220,8.0
timeout,depth,_mult8p0,0,0.0,0,fca6,fca6,True,0,correct,0,True,5220,8.0
timeout,depth,_mult8p0,0,0.0,0,fca6,fca6,True,0,correct,0,True,5220,8.0
timeout,depth,_mult8p0,0,0.0,0,fca6,fca6,True,0,correct,0,True,5220,8.0
timeout,depth,_mult8p0,0,0.0,0,fca6,fca6,True,0,correct,0,True,5220,8.0
timeout,depth,_mult8p0,0,0.0,0,fca6,fca6,True,0,correct,0,True,5220,8.0
timeout,depth,_mult8p0,0,0.0,0,fca6,fca6,True,0,correct,0,True,5220,8.0
timeout,depth,_mult8p0,0,0.0,0,fca6,fca6,True,0,correct,0,True,5220,8.0
timeout,depth,_mult8p0,0,0.0,0,fca6,fca6,True,0,correct,0,True,5220,8.0
timeout,depth,_mult8p0,0,0.0,0,fca6,fca6,True,0,correct,0,True,5220,8.0
timeout,depth,_mult8p0,0,0.0,0,fca6,fca6,True,0,correct,0,True,5220,8.0
timeout,depth,_mult8p0,1,0.0,0,1b95,1b95,True,0,correct,1,True,5220,8.0
timeout,depth,_mult8p0,1,0.0,0,1b95,1b95,True,0,correct,1,True,5220,8.0
timeout,depth,_mult8p0,1,0.0,0,1b95,1b95,True,0,correct,1,True,5220,8.0
timeout,depth,_mult8p0,1,0.0,0,1b95,1b95,True,0,correct,1,True,5220,8.0
timeout,depth,_mult8p0,1,0.0,0,1b95,1b95,True,0,correct,1,True,5220,8.0
timeout,depth,_mult8p0,1,0.0,0,1b95,1b95,True,0,correct,1,True,5220,8.0
timeout,depth,_mult8p0,1,0.0,0,1b95,1b95,True,0,correct,1,True,5220,8.0
timeout,depth,_mult8p0,1,0.0,0,1b95,1b95,True,0,correct,1,True,5220,8.0
timeout,depth,_mult8p0,1,0.0,0,1b95,1b95,True,0,correct,1,True,5220,8.0
timeout,depth,_mult8p0,1,0.0,0,1b95,1b95,True,0,correct,1,True,5220,8.0
timeout,depth,_mult8p0,1,0.0,0,1b95,1b95,True,0,correct,1,True,5220,8.0
timeout,depth,_mult8p0,1,0.0,0,1b95,1b95,True,0,correct,1,True,5220,8.0
timeout,depth,_mult8p0,1,0.0,0,1b95,1b95,True,0,correct,1,True,5220,8.0
timeout,depth,_mult8p0,1,0.0,0,1b95,1b95,True,0,correct,1,True,5220,8.0
timeout,depth,_mult8p0,1,0.0,0,1b95,1b95,True,0,correct,1,True,5220,8.0
timeout,depth,_mult8p0,1,0.0,0,1b95,1b95,True,0,correct,1,True,5220,8.0
timeout,depth,_mult8p0,1,0.0,0,1b95,1b95,True,0,correct,1,True,5220,8.0
timeout,depth,_mult8p0,1,0.0,0,1b95,1b95,True,0,correct,1,True,5220,8.0
timeout,depth,_mult8p0,1,0.0,0,1b95,1b95,True,0,correct,1,True,5220,8.0
timeout,depth,_mult8p0,1,0.0,0,1b95,1b95,True,0,correct,1,True,5220,8.0
timeout,depth,_mult8p0,1,0.0,0,1b95,1b95,True,0,correct,1,True,5220,8.0
timeout,depth,_mult8p0,1,0.0,0,1b95,1b95,True,0,correct,1,True,5220,8.0
timeout,depth,_mult8p0,1,0.0,0,1b95,1b95,True,0,correct,1,True,5220,8.0
timeout,depth,_mult8p0,1,0.0,0,1b95,1b95,True,0,correct,1,True,5220,8.0
timeout,depth,_mult8p0,1,0.0,0,1b95,1b95,True,0,correct,1,True,5220,8.0
timeout,depth,_mult8p0,1,0.0,0,1b95,1b95,True,0,correct,1,True,5220,8.0
timeout,depth,_mult8p0,1,0.0,0,1b95,1b95,True,0,correct,1,True,5220,8.0
timeout,depth,_mult8p0,1,0.0,0,1b95,1b95,True,0,correct,1,True,5220,8.0
timeout,depth,_mult8p0,1,0.0,0,1b95,1b95,True,0,correct,1,True,5220,8.0
timeout,depth,_mult8p0,1,0.0,0,1b95,1b95,True,0,correct,1,True,5220,8.0
timeout,depth,_mult8p0,1,0.0,0,1b95,1b95,True,0,correct,1,True,5220,8.0
timeout,depth,_mult8p0,1,0.0,0,1b95,1b95,True,0,correct,1,True,5220,8.0
timeout,depth,_mult8p0,1,0.0,0,1b95,1b95,True,0,correct,1,True,5220,8.0
timeout,depth,_mult8p0,1,0.0,0,1b95,1b95,True,0,correct,1,True,5220,8.0
timeout,depth,_mult8p0,1,0.0,0,1b95,1b95,True,0,correct,1,True,5220,8.0
timeout,depth,_mult8p0,1,0.0,0,1b95,1b95,True,0,correct,1,True,5220,8.0
timeout,depth,_mult8p0,1,0.0,0,1b95,1b95,True,0,correct,1,True,5220,8.0
timeout,depth,_mult8p0,1,0.0,0,1b95,1b95,True,0,correct,1,True,5220,8.0
timeout,depth,_mult8p0,1,0.0,0,1b95,1b95,True,0,correct,1,True,5220,8.0
timeout,depth,_mult8p0,1,0.0,0,1b95,1b95,True,0,correct,1,True,5220,8.0
timeout,depth,_mult8p0,1,0.0,0,1b95,1b95,True,0,correct,1,True,5220,8.0
timeout,depth,_mult8p0,1,0.0,0,1b95,1b95,True,0,correct,1,True,5220,8.0
timeout,depth,_mult8p0,1,0.0,0,1b95,1b95,True,0,correct,1,True,5220,8.0
timeout,depth,_mult8p0,1,0.0,0,1b95,1b95,True,0,correct,1,True,5220,8.0
timeout,depth,_mult8p0,1,0.0,0,1b95,1b95,True,0,correct,1,True,5220,8.0
timeout,depth,_mult8p0,1,0.0,0,1b95,1b95,True,0,correct,1,True,5220,8.0
timeout,depth,_mult8p0,1,0.0,0,1b95,1b95,True,0,correct,1,True,5220,8.0
timeout,depth,_mult8p0,1,0.0,0,1b95,1b95,True,0,correct,1,True,5220,8.0
timeout,depth,_mult8p0,1,0.0,0,1b95,1b95,True,0,correct,1,True,5220,8.0
timeout,depth,_mult8p0,1,0.0,0,1b95,1b95,True,0,correct,1,True,5220,8.0
timeout,depth,_mult8p0,1,0.0,0,1b95,1b95,True,0,correct,1,True,5220,8.0
timeout,depth,_mult8p0,1,0.0,0,1b95,1b95,True,0,correct,1,True,5220,8.0
timeout,depth,_mult8p0,1,0.0,0,1b95,1b95,True,0,correct,1,True,5220,8.0
timeout,depth,_mult8p0,1,0.0,0,1b95,1b95,True,0,correct,1,True,5220,8.0
timeout,depth,_mult8p0,1,0.0,0,1b95,1b95,True,0,correct,1,True,5220,8.0
timeout,depth,_mult8p0,1,0.0,0,1b95,1b95,True,0,correct,1,True,5220,8.0
timeout,depth,_mult8p0,1,0.0,0,1b95,1b95,True,0,correct,1,True,5220,8.0
timeout,depth,_mult8p0,1,0.0,0,1b95,1b95,True,0,correct,1,True,5220,8.0
timeout,depth,_mult8p0,1,0.0,0,1b95,1b95,True,0,correct,1,True,5220,8.0
timeout,depth,_mult8p0,1,0.0,0,1b95,1b95,True,0,correct,1,True,5220,8.0
timeout,depth,_mult8p0,2,0.0,0,a6b6,a6b6,True,0,correct,2,True,5220,8.0
timeout,depth,_mult8p0,2,0.0,0,a6b6,a6b6,True,0,correct,2,True,5220,8.0
timeout,depth,_mult8p0,2,0.0,0,a6b6,a6b6,True,0,correct,2,True,5220,8.0
timeout,depth,_mult8p0,2,0.0,0,a6b6,a6b6,True,0,correct,2,True,5220,8.0
timeout,depth,_mult8p0,2,0.0,0,a6b6,a6b6,True,0,correct,2,True,5220,8.0
timeout,depth,_mult8p0,2,0.0,0,a6b6,a6b6,True,0,correct,2,True,5220,8.0
timeout,depth,_mult8p0,2,0.0,0,a6b6,a6b6,True,0,correct,2,True,5220,8.0
timeout,depth,_mult8p0,2,0.0,0,a6b6,a6b6,True,0,correct,2,True,5220,8.0
timeout,depth,_mult8p0,2,0.0,0,a6b6,a6b6,True,0,correct,2,True,5220,8.0
timeout,depth,_mult8p0,2,0.0,0,a6b6,a6b6,True,0,correct,2,True,5220,8.0
timeout,depth,_mult8p0,2,0.0,0,a6b6,a6b6,True,0,correct,2,True,5220,8.0
timeout,depth,_mult8p0,2,0.0,0,a6b6,a6b6,True,0,correct,2,True,5220,8.0
timeout,depth,_mult8p0,2,0.0,0,a6b6,a6b6,True,0,correct,2,True,5220,8.0
timeout,depth,_mult8p0,2,0.0,0,a6b6,a6b6,True,0,correct,2,True,5220,8.0
timeout,depth,_mult8p0,2,0.0,0,a6b6,a6b6,True,0,correct,2,True,5220,8.0
timeout,depth,_mult8p0,2,0.0,0,a6b6,a6b6,True,0,correct,2,True,5220,8.0
timeout,depth,_mult8p0,2,0.0,0,a6b6,a6b6,True,0,correct,2,True,5220,8.0
timeout,depth,_mult8p0,2,0.0,0,a6b6,a6b6,True,0,correct,2,True,5220,8.0
timeout,depth,_mult8p0,2,0.0,0,a6b6,a6b6,True,0,correct,2,True,5220,8.0
timeout,depth,_mult8p0,2,0.0,0,a6b6,a6b6,True,0,correct,2,True,5220,8.0
timeout,depth,_mult8p0,2,0.0,0,a6b6,a6b6,True,0,correct,2,True,5220,8.0
timeout,depth,_mult8p0,2,0.0,0,a6b6,a6b6,True,0,correct,2,True,5220,8.0
timeout,depth,_mult8p0,2,0.0,0,a6b6,a6b6,True,0,correct,2,True,5220,8.0
timeout,depth,_mult8p0,2,0.0,0,a6b6,a6b6,True,0,correct,2,True,5220,8.0
timeout,depth,_mult8p0,2,0.0,0,a6b6,a6b6,True,0,correct,2,True,5220,8.0
timeout,depth,_mult8p0,2,0.0,0,a6b6,a6b6,True,0,correct,2,True,5220,8.0
timeout,depth,_mult8p0,2,0.0,0,a6b6,a6b6,True,0,correct,2,True,5220,8.0
timeout,depth,_mult8p0,2,0.0,0,a6b6,a6b6,True,0,correct,2,True,5220,8.0
timeout,depth,_mult8p0,2,0.0,0,a6b6,a6b6,True,0,correct,2,True,5220,8.0
timeout,depth,_mult8p0,2,0.0,0,a6b6,a6b6,True,0,correct,2,True,5220,8.0
timeout,depth,_mult8p0,2,0.0,0,a6b6,a6b6,True,0,correct,2,True,5220,8.0
timeout,depth,_mult8p0,2,0.0,0,a6b6,a6b6,True,0,correct,2,True,5220,8.0
timeout,depth,_mult8p0,2,0.0,0,a6b6,a6b6,True,0,correct,2,True,5220,8.0
timeout,depth,_mult8p0,2,0.0,0,a6b6,a6b6,True,0,correct,2,True,5220,8.0
timeout,depth,_mult8p0,2,0.0,0,a6b6,a6b6,True,0,correct,2,True,5220,8.0
timeout,depth,_mult8p0,2,0.0,0,a6b6,a6b6,True,0,correct,2,True,5220,8.0
timeout,depth,_mult8p0,2,0.0,0,a6b6,a6b6,True,0,correct,2,True,5220,8.0
timeout,depth,_mult8p0,2,0.0,0,a6b6,a6b6,True,0,correct,2,True,5220,8.0
timeout,depth,_mult8p0,2,0.0,0,a6b6,a6b6,True,0,correct,2,True,5220,8.0
timeout,depth,_mult8p0,2,0.0,0,a6b6,a6b6,True,0,correct,2,True,5220,8.0
timeout,depth,_mult8p0,2,0.0,0,a6b6,a6b6,True,0,correct,2,True,5220,8.0
timeout,depth,_mult8p0,2,0.0,0,a6b6,a6b6,True,0,correct,2,True,5220,8.0
timeout,depth,_mult8p0,2,0.0,0,a6b6,a6b6,True,0,correct,2,True,5220,8.0
timeout,depth,_mult8p0,2,0.0,0,a6b6,a6b6,True,0,correct,2,True,5220,8.0
timeout,depth,_mult8p0,2,0.0,0,a6b6,a6b6,True,0,correct,2,True,5220,8.0
timeout,depth,_mult8p0,2,0.0,0,a6b6,a6b6,True,0,correct,2,True,5220,8.0
timeout,depth,_mult8p0,2,0.0,0,a6b6,a6b6,True,0,correct,2,True,5220,8.0
timeout,depth,_mult8p0,2,0.0,0,a6b6,a6b6,True,0,correct,2,True,5220,8.0
timeout,depth,_mult8p0,2,0.0,0,a6b6,a6b6,True,0,correct,2,True,5220,8.0
timeout,depth,_mult8p0,2,0.0,0,a6b6,a6b6,True,0,correct,2,True,5220,8.0
timeout,depth,_mult8p0,2,0.0,0,a6b6,a6b6,True,0,correct,2,True,5220,8.0
timeout,depth,_mult8p0,2,0.0,0,a6b6,a6b6,True,0,correct,2,True,5220,8.0
timeout,depth,_mult8p0,2,0.0,0,a6b6,a6b6,True,0,correct,2,True,5220,8.0
timeout,depth,_mult8p0,2,0.0,0,a6b6,a6b6,True,0,correct,2,True,5220,8.0
timeout,depth,_mult8p0,2,0.0,0,a6b6,a6b6,True,0,correct,2,True,5220,8.0
timeout,depth,_mult8p0,2,0.0,0,a6b6,a6b6,True,0,correct,2,True,5220,8.0
timeout,depth,_mult8p0,2,0.0,0,a6b6,a6b6,True,0,correct,2,True,5220,8.0
timeout,depth,_mult8p0,2,0.0,0,a6b6,a6b6,True,0,correct,2,True,5220,8.0
timeout,depth,_mult8p0,2,0.0,0,a6b6,a6b6,True,0,correct,2,True,5220,8.0
timeout,depth,_mult8p0,2,0.0,0,a6b6,a6b6,True,0,correct,2,True,5220,8.0
timeout,depth,_mult8p0,3,0.0,0,bd07,bd07,True,0,correct,3,True,5220,8.0
timeout,depth,_mult8p0,3,0.0,0,bd07,bd07,True,0,correct,3,True,5220,8.0
timeout,depth,_mult8p0,3,0.0,0,bd07,bd07,True,0,correct,3,True,5220,8.0
timeout,depth,_mult8p0,3,0.0,0,bd07,bd07,True,0,correct,3,True,5220,8.0
timeout,depth,_mult8p0,3,0.0,0,bd07,bd07,True,0,correct,3,True,5220,8.0
timeout,depth,_mult8p0,3,0.0,0,bd07,bd07,True,0,correct,3,True,5220,8.0
timeout,depth,_mult8p0,3,0.0,0,bd07,bd07,True,0,correct,3,True,5220,8.0
timeout,depth,_mult8p0,3,0.0,0,bd07,bd07,True,0,correct,3,True,5220,8.0
timeout,depth,_mult8p0,3,0.0,0,bd07,bd07,True,0,correct,3,True,5220,8.0
timeout,depth,_mult8p0,3,0.0,0,bd07,bd07,True,0,correct,3,True,5220,8.0
timeout,depth,_mult8p0,3,0.0,0,bd07,bd07,True,0,correct,3,True,5220,8.0
timeout,depth,_mult8p0,3,0.0,0,bd07,bd07,True,0,correct,3,True,5220,8.0
timeout,depth,_mult8p0,3,0.0,0,bd07,bd07,True,0,correct,3,True,5220,8.0
timeout,depth,_mult8p0,3,0.0,0,bd07,bd07,True,0,correct,3,True,5220,8.0
timeout,depth,_mult8p0,3,0.0,0,bd07,bd07,True,0,correct,3,True,5220,8.0
timeout,depth,_mult8p0,3,0.0,0,bd07,bd07,True,0,correct,3,True,5220,8.0
timeout,depth,_mult8p0,3,0.0,0,bd07,bd07,True,0,correct,3,True,5220,8.0
timeout,depth,_mult8p0,3,0.0,0,bd07,bd07,True,0,correct,3,True,5220,8.0
timeout,depth,_mult8p0,3,0.0,0,bd07,bd07,True,0,correct,3,True,5220,8.0
timeout,depth,_mult8p0,3,0.0,0,bd07,bd07,True,0,correct,3,True,5220,8.0
timeout,depth,_mult8p0,3,0.0,0,bd07,bd07,True,0,correct,3,True,5220,8.0
timeout,depth,_mult8p0,3,0.0,0,bd07,bd07,True,0,correct,3,True,5220,8.0
timeout,depth,_mult8p0,3,0.0,0,bd07,bd07,True,0,correct,3,True,5220,8.0
timeout,depth,_mult8p0,3,0.0,0,bd07,bd07,True,0,correct,3,True,5220,8.0
timeout,depth,_mult8p0,3,0.0,0,bd07,bd07,True,0,correct,3,True,5220,8.0
timeout,depth,_mult8p0,3,0.0,0,bd07,bd07,True,0,correct,3,True,5220,8.0
timeout,depth,_mult8p0,3,0.0,0,bd07,bd07,True,0,correct,3,True,5220,8.0
timeout,depth,_mult8p0,3,0.0,0,bd07,bd07,True,0,correct,3,True,5220,8.0
timeout,depth,_mult8p0,3,0.0,0,bd07,bd07,True,0,correct,3,True,5220,8.0
timeout,depth,_mult8p0,3,0.0,0,bd07,bd07,True,0,correct,3,True,5220,8.0
timeout,depth,_mult8p0,3,0.0,0,bd07,bd07,True,0,correct,3,True,5220,8.0
timeout,depth,_mult8p0,3,0.0,0,bd07,bd07,True,0,correct,3,True,5220,8.0
timeout,depth,_mult8p0,3,0.0,0,bd07,bd07,True,0,correct,3,True,5220,8.0
timeout,depth,_mult8p0,3,0.0,0,bd07,bd07,True,0,correct,3,True,5220,8.0
timeout,depth,_mult8p0,3,0.0,0,bd07,bd07,True,0,correct,3,True,5220,8.0
timeout,depth,_mult8p0,3,0.0,0,bd07,bd07,True,0,correct,3,True,5220,8.0
timeout,depth,_mult8p0,3,0.0,0,bd07,bd07,True,0,correct,3,True,5220,8.0
timeout,depth,_mult8p0,3,0.0,0,bd07,bd07,True,0,correct,3,True,5220,8.0
timeout,depth,_mult8p0,3,0.0,0,bd07,bd07,True,0,correct,3,True,5220,8.0
timeout,depth,_mult8p0,3,0.0,0,bd07,bd07,True,0,correct,3,True,5220,8.0
timeout,depth,_mult8p0,3,0.0,0,bd07,bd07,True,0,correct,3,True,5220,8.0
timeout,depth,_mult8p0,3,0.0,0,bd07,bd07,True,0,correct,3,True,5220,8.0
timeout,depth,_mult8p0,3,0.0,0,bd07,bd07,True,0,correct,3,True,5220,8.0
timeout,depth,_mult8p0,3,0.0,0,bd07,bd07,True,0,correct,3,True,5220,8.0
timeout,depth,_mult8p0,3,0.0,0,bd07,bd07,True,0,correct,3,True,5220,8.0
timeout,depth,_mult8p0,3,0.0,0,bd07,bd07,True,0,correct,3,True,5220,8.0
timeout,depth,_mult8p0,3,0.0,0,bd07,bd07,True,0,correct,3,True,5220,8.0
timeout,depth,_mult8p0,3,0.0,0,bd07,bd07,True,0,correct,3,True,5220,8.0
timeout,depth,_mult8p0,3,0.0,0,bd07,bd07,True,0,correct,3,True,5220,8.0
timeout,depth,_mult8p0,3,0.0,0,bd07,bd07,True,0,correct,3,True,5220,8.0
timeout,depth,_mult8p0,3,0.0,0,bd07,bd07,True,0,correct,3,True,5220,8.0
timeout,depth,_mult8p0,3,0.0,0,bd07,bd07,True,0,correct,3,True,5220,8.0
timeout,depth,_mult8p0,3,0.0,0,bd07,bd07,True,0,correct,3,True,5220,8.0
timeout,depth,_mult8p0,3,0.0,0,bd07,bd07,True,0,correct,3,True,5220,8.0
timeout,depth,_mult8p0,3,0.0,0,bd07,bd07,True,0,correct,3,True,5220,8.0
timeout,depth,_mult8p0,3,0.0,0,bd07,bd07,True,0,correct,3,True,5220,8.0
timeout,depth,_mult8p0,3,0.0,0,bd07,bd07,True,0,correct,3,True,5220,8.0
timeout,depth,_mult8p0,3,0.0,0,bd07,bd07,True,0,correct,3,True,5220,8.0
timeout,depth,_mult8p0,3,0.0,0,bd07,bd07,True,0,correct,3,True,5220,8.0
timeout,depth,_mult8p0,3,0.0,0,bd07,bd07,True,0,correct,3,True,5220,8.0
timeout,depth,_mult8p0,0,0.15,3,faae,fca6,True,6,correct,0,True,5220,8.0
timeout,depth,_mult8p0,0,0.15,1,fea6,fca6,True,5,correct,0,True,5220,8.0
timeout,depth,_mult8p0,0,0.15,1,fca2,fca6,True,6,correct,0,True,5220,8.0
timeout,depth,_mult8p0,0,0.15,3,f884,5ca6,False,5220,oscillated,-1,False,5220,8.0
timeout,depth,_mult8p0,0,0.15,3,f0a2,fca6,True,7,correct,0,True,5220,8.0
timeout,depth,_mult8p0,0,0.15,2,f886,fca6,True,4,correct,0,True,5220,8.0
timeout,depth,_mult8p0,0,0.15,2,f8a2,fca6,True,6,correct,0,True,5220,8.0
timeout,depth,_mult8p0,0,0.15,2,fcac,fca6,True,6,correct,0,True,5220,8.0
timeout,depth,_mult8p0,0,0.15,1,dca6,fca6,True,4,correct,0,True,5220,8.0
timeout,depth,_mult8p0,0,0.15,5,dc0a,fd4b,True,7,spurious,-1,False,5220,8.0
timeout,depth,_mult8p0,0,0.15,2,fea4,fca6,True,5,correct,0,True,5220,8.0
timeout,depth,_mult8p0,0,0.15,4,788e,dca4,False,5220,oscillated,-1,False,5220,8.0
timeout,depth,_mult8p0,0,0.15,2,f5a6,fca6,True,7,correct,0,True,5220,8.0
timeout,depth,_mult8p0,0,0.15,2,fc84,fca6,True,4,correct,0,True,5220,8.0
timeout,depth,_mult8p0,0,0.15,5,f0b0,5ca6,False,5220,oscillated,-1,False,5220,8.0
timeout,depth,_mult8p0,0,0.15,5,3df6,fca6,True,15,correct,0,True,5220,8.0
timeout,depth,_mult8p0,0,0.15,4,7c0e,fd4b,True,12,spurious,-1,False,5220,8.0
timeout,depth,_mult8p0,0,0.15,3,bcb7,fca6,True,15,correct,0,True,5220,8.0
timeout,depth,_mult8p0,0,0.15,2,fea2,fca6,True,6,correct,0,True,5220,8.0
timeout,depth,_mult8p0,0,0.15,4,cda2,fca6,True,7,correct,0,True,5220,8.0
timeout,depth,_mult8p0,0,0.15,1,f8a6,fca6,True,4,correct,0,True,5220,8.0
timeout,depth,_mult8p0,0,0.15,6,2cab,e6fa,True,16,spurious,-1,False,5220,8.0
timeout,depth,_mult8p0,0,0.15,2,f426,fca6,True,9,correct,0,True,5220,8.0
timeout,depth,_mult8p0,0,0.15,2,ece6,fca6,True,7,correct,0,True,5220,8.0
timeout,depth,_mult8p0,0,0.15,3,f9a2,fca6,True,6,correct,0,True,5220,8.0
timeout,depth,_mult8p0,0,0.15,4,6ce2,fca6,True,11,correct,0,True,5220,8.0
timeout,depth,_mult8p0,0,0.15,3,eea2,fca6,True,16,correct,0,True,5220,8.0
timeout,depth,_mult8p0,0,0.15,0,fca6,fca6,True,0,correct,0,True,5220,8.0
timeout,depth,_mult8p0,0,0.15,4,f4e5,fca6,True,7,correct,0,True,5220,8.0
timeout,depth,_mult8p0,0,0.15,2,feb6,fca6,True,5,correct,0,True,5220,8.0
timeout,depth,_mult8p0,0,0.15,3,94a6,fca6,True,23,correct,0,True,5220,8.0
timeout,depth,_mult8p0,0,0.15,0,fca6,fca6,True,0,correct,0,True,5220,8.0
timeout,depth,_mult8p0,0,0.15,1,fca7,fca6,True,4,correct,0,True,5220,8.0
timeout,depth,_mult8p0,0,0.15,1,dca6,fca6,True,4,correct,0,True,5220,8.0
timeout,depth,_mult8p0,0,0.15,1,f8a6,fca6,True,4,correct,0,True,5220,8.0
timeout,depth,_mult8p0,0,0.15,2,fc06,bd07,True,15,wrong_pattern,3,False,5220,8.0
timeout,depth,_mult8p0,0,0.15,4,acac,a6b6,True,17,wrong_pattern,2,False,5220,8.0
timeout,depth,_mult8p0,0,0.15,2,eda6,fca6,True,7,correct,0,True,5220,8.0
timeout,depth,_mult8p0,0,0.15,3,f4b7,fca6,True,14,correct,0,True,5220,8.0
timeout,depth,_mult8p0,0,0.15,1,fea6,fca6,True,5,correct,0,True,5220,8.0
timeout,depth,_mult8p0,0,0.15,1,dca6,fca6,True,4,correct,0,True,5220,8.0
timeout,depth,_mult8p0,0,0.15,5,64e7,fca6,True,17,correct,0,True,5220,8.0
timeout,depth,_mult8p0,0,0.15,1,fcae,fca6,True,6,correct,0,True,5220,8.0
timeout,depth,_mult8p0,0,0.15,5,e4a8,fc6a,True,14,spurious,-1,False,5220,8.0
timeout,depth,_mult8p0,0,0.15,4,f807,bd07,True,12,wrong_pattern,3,False,5220,8.0
timeout,depth,_mult8p0,0,0.15,1,fc26,fca6,True,9,correct,0,True,5220,8.0
timeout,depth,_mult8p0,0,0.15,2,7c86,fca6,True,4,correct,0,True,5220,8.0
timeout,depth,_mult8p0,0,0.15,2,fc06,bd07,True,15,wrong_pattern,3,False,5220,8.0
timeout,depth,_mult8p0,0,0.15,2,fda4,fca6,True,4,correct,0,True,5220,8.0
timeout,depth,_mult8p0,0,0.15,2,dcae,fca6,True,6,correct,0,True,5220,8.0
timeout,depth,_mult8p0,0,0.15,5,e786,fca6,True,17,correct,0,True,5220,8.0
timeout,depth,_mult8p0,0,0.15,3,7de6,fca6,True,6,correct,0,True,5220,8.0
timeout,depth,_mult8p0,0,0.15,1,eca6,fca6,True,7,correct,0,True,5220,8.0
timeout,depth,_mult8p0,0,0.15,2,cca6,fca6,True,7,correct,0,True,5220,8.0
timeout,depth,_mult8p0,0,0.15,2,6ca6,fca6,True,7,correct,0,True,5220,8.0
timeout,depth,_mult8p0,0,0.15,1,fc26,fca6,True,9,correct,0,True,5220,8.0
timeout,depth,_mult8p0,0,0.15,5,dcca,fc6a,True,9,spurious,-1,False,5220,8.0
timeout,depth,_mult8p0,0,0.15,2,dce6,fca6,True,6,correct,0,True,5220,8.0
timeout,depth,_mult8p0,0,0.15,0,fca6,fca6,True,0,correct,0,True,5220,8.0
timeout,depth,_mult8p0,0,0.15,1,f8a6,fca6,True,4,correct,0,True,5220,8.0
timeout,depth,_mult8p0,1,0.15,2,db95,1905,True,13,spurious,-1,False,5220,8.0
timeout,depth,_mult8p0,1,0.15,3,19f5,58a4,True,15,spurious,-1,False,5220,8.0
timeout,depth,_mult8p0,1,0.15,1,1995,1915,False,5220,oscillated,-1,False,5220,8.0
timeout,depth,_mult8p0,1,0.15,3,4bb5,12b4,False,5220,oscillated,-1,False,5220,8.0
timeout,depth,_mult8p0,1,0.15,1,3b95,1b95,True,4,correct,1,True,5220,8.0
timeout,depth,_mult8p0,1,0.15,3,5a97,58a4,True,7,spurious,-1,False,5220,8.0
timeout,depth,_mult8p0,1,0.15,1,1995,1915,False,5220,oscillated,-1,False,5220,8.0
timeout,depth,_mult8p0,1,0.15,3,db94,58a4,True,7,spurious,-1,False,5220,8.0
timeout,depth,_mult8p0,1,0.15,4,3b98,2b4,True,7,spurious,-1,False,5220,8.0
timeout,depth,_mult8p0,1,0.15,0,1b95,1b95,True,0,correct,1,True,5220,8.0
timeout,depth,_mult8p0,1,0.15,2,1bd4,2b4,True,7,spurious,-1,False,5220,8.0
timeout,depth,_mult8p0,1,0.15,1,1b15,1b95,True,9,correct,1,True,5220,8.0
timeout,depth,_mult8p0,1,0.15,3,1791,395,True,7,spurious,-1,False,5220,8.0
timeout,depth,_mult8p0,1,0.15,3,1a8d,58a4,True,15,spurious,-1,False,5220,8.0
timeout,depth,_mult8p0,1,0.15,3,1387,b95,False,5220,oscillated,-1,False,5220,8.0
timeout,depth,_mult8p0,1,0.15,3,1add,2b4,True,7,spurious,-1,False,5220,8.0
timeout,depth,_mult8p0,1,0.15,4,138f,395,True,17,spurious,-1,False,5220,8.0
timeout,depth,_mult8p0,1,0.15,5,1f5,2b4,True,7,spurious,-1,False,5220,8.0
timeout,depth,_mult8p0,1,0.15,0,1b95,1b95,True,0,correct,1,True,5220,8.0
timeout,depth,_mult8p0,1,0.15,4,1d99,1915,False,5220,oscillated,-1,False,5220,8.0
timeout,depth,_mult8p0,1,0.15,1,1b85,1b05,False,5220,oscillated,-1,False,5220,8.0
timeout,depth,_mult8p0,1,0.15,2,1b9c,2b4,True,7,spurious,-1,False,5220,8.0
timeout,depth,_mult8p0,1,0.15,3,fb5,12b4,False,5220,oscillated,-1,False,5220,8.0
timeout,depth,_mult8p0,1,0.15,0,1b95,1b95,True,0,correct,1,True,5220,8.0
timeout,depth,_mult8p0,1,0.15,0,1b95,1b95,True,0,correct,1,True,5220,8.0
timeout,depth,_mult8p0,1,0.15,1,1395,b95,False,5220,oscillated,-1,False,5220,8.0
timeout,depth,_mult8p0,1,0.15,3,3b93,9f95,False,5220,oscillated,-1,False,5220,8.0
timeout,depth,_mult8p0,1,0.15,1,1bb5,58a4,True,21,spurious,-1,False,5220,8.0
timeout,depth,_mult8p0,1,0.15,0,1b95,1b95,True,0,correct,1,True,5220,8.0
timeout,depth,_mult8p0,1,0.15,4,7fb5,d8a6,False,5220,oscillated,-1,False,5220,8.0
timeout,depth,_mult8p0,1,0.15,3,1791,395,True,7,spurious,-1,False,5220,8.0
timeout,depth,_mult8p0,1,0.15,1,5b95,1905,True,13,spurious,-1,False,5220,8.0
timeout,depth,_mult8p0,1,0.15,5,ab05,1707,False,5220,oscillated,-1,False,5220,8.0
timeout,depth,_mult8p0,1,0.15,4,1615,b95,False,5220,oscillated,-1,False,5220,8.0
timeout,depth,_mult8p0,1,0.15,6,ebb4,16b6,False,5220,oscillated,-1,False,5220,8.0
timeout,depth,_mult8p0,1,0.15,2,1b55,395,True,14,spurious,-1,False,5220,8.0
timeout,depth,_mult8p0,1,0.15,3,bf95,bf97,True,4,spurious,-1,False,5220,8.0
timeout,depth,_mult8p0,1,0.15,3,1c95,58a4,True,18,spurious,-1,False,5220,8.0
timeout,depth,_mult8p0,1,0.15,2,1fd5,1b95,True,6,correct,1,True,5220,8.0
timeout,depth,_mult8p0,1,0.15,3,1bf1,2b4,True,7,spurious,-1,False,5220,8.0
timeout,depth,_mult8p0,1,0.15,2,1a9d,2b4,True,7,spurious,-1,False,5220,8.0
timeout,depth,_mult8p0,1,0.15,3,1a14,1b95,True,9,correct,1,True,5220,8.0
timeout,depth,_mult8p0,1,0.15,2,1bb1,2b4,True,7,spurious,-1,False,5220,8.0
timeout,depth,_mult8p0,1,0.15,2,1b17,1b95,True,9,correct,1,True,5220,8.0
timeout,depth,_mult8p0,1,0.15,2,13b5,ab4,False,5220,oscillated,-1,False,5220,8.0
timeout,depth,_mult8p0,1,0.15,6,8ffd,62fa,False,5220,oscillated,-1,False,5220,8.0
timeout,depth,_mult8p0,1,0.15,4,4394,2b4,True,11,spurious,-1,False,5220,8.0
timeout,depth,_mult8p0,1,0.15,5,3755,835b,False,5220,oscillated,-1,False,5220,8.0
timeout,depth,_mult8p0,1,0.15,3,9bc5,1b05,False,5220,oscillated,-1,False,5220,8.0
timeout,depth,_mult8p0,1,0.15,2,5b94,58a4,True,7,spurious,-1,False,5220,8.0
timeout,depth,_mult8p0,1,0.15,1,1395,b95,False,5220,oscillated,-1,False,5220,8.0
timeout,depth,_mult8p0,1,0.15,1,1bd5,1b95,True,6,correct,1,True,5220,8.0
timeout,depth,_mult8p0,1,0.15,1,5b95,1905,True,13,spurious,-1,False,5220,8.0
timeout,depth,_mult8p0,1,0.15,5,38f5,58a4,True,15,spurious,-1,False,5220,8.0
timeout,depth,_mult8p0,1,0.15,2,1915,1915,False,5220,oscillated,-1,False,5220,8.0
timeout,depth,_mult8p0,1,0.15,1,5b95,1905,True,13,spurious,-1,False,5220,8.0
timeout,depth,_mult8p0,1,0.15,3,1b25,1b05,False,5220,oscillated,-1,False,5220,8.0
timeout,depth,_mult8p0,1,0.15,2,1397,b95,False,5220,oscillated,-1,False,5220,8.0
timeout,depth,_mult8p0,1,0.15,4,f995,1d07,False,5220,oscillated,-1,False,5220,8.0
timeout,depth,_mult8p0,1,0.15,2,9395,b95,False,5220,oscillated,-1,False,5220,8.0
timeout,depth,_mult8p0,2,0.15,3,a3b4,6b6,False,5220,oscillated,-1,False,5220,8.0
timeout,depth,_mult8p0,2,0.15,3,acb7,b6b6,False,5220,oscillated,-1,False,5220,8.0
timeout,depth,_mult8p0,2,0.15,3,6eb6,b6b6,False,5220,oscillated,-1,False,5220,8.0
timeout,depth,_mult8p0,2,0.15,1,a7b6,a6b6,True,4,correct,2,True,5220,8.0
timeout,depth,_mult8p0,2,0.15,2,a796,a6b6,True,7,correct,2,True,5220,8.0
timeout,depth,_mult8p0,2,0.15,0,a6b6,a6b6,True,0,correct,2,True,5220,8.0
timeout,depth,_mult8p0,2,0.15,2,a4b4,a6b6,True,5,correct,2,True,5220,8.0
timeout,depth,_mult8p0,2,0.15,0,a6b6,a6b6,True,0,correct,2,True,5220,8.0
timeout,depth,_mult8p0,2,0.15,5,8477,a75b,True,12,spurious,-1,False,5220,8.0
timeout,depth,_mult8p0,2,0.15,2,a2a6,a6b6,True,5,correct,2,True,5220,8.0
timeout,depth,_mult8p0,2,0.15,1,aeb6,b6b6,False,5220,oscillated,-1,False,5220,8.0
timeout,depth,_mult8p0,2,0.15,1,b6b6,aeb6,False,5220,oscillated,-1,False,5220,8.0
timeout,depth,_mult8p0,2,0.15,0,a6b6,a6b6,True,0,correct,2,True,5220,8.0
timeout,depth,_mult8p0,2,0.15,3,b697,aeb6,False,5220,oscillated,-1,False,5220,8.0
timeout,depth,_mult8p0,2,0.15,3,66a6,fca6,True,11,wrong_pattern,0,False,5220,8.0
timeout,depth,_mult8p0,2,0.15,1,a6f6,a6b6,True,6,correct,2,True,5220,8.0
timeout,depth,_mult8p0,2,0.15,4,a6fd,a6b6,True,11,correct,2,True,5220,8.0
timeout,depth,_mult8p0,2,0.15,2,a7be,a6b6,True,6,correct,2,True,5220,8.0
timeout,depth,_mult8p0,2,0.15,0,a6b6,a6b6,True,0,correct,2,True,5220,8.0
timeout,depth,_mult8p0,2,0.15,1,a6be,a6b6,True,6,correct,2,True,5220,8.0
timeout,depth,_mult8p0,2,0.15,2,aea6,b6b6,False,5220,oscillated,-1,False,5220,8.0
timeout,depth,_mult8p0,2,0.15,4,adb4,b6b6,False,5220,oscillated,-1,False,5220,8.0
timeout,depth,_mult8p0,2,0.15,2,b6b4,aeb6,False,5220,oscillated,-1,False,5220,8.0
timeout,depth,_mult8p0,2,0.15,3,8ea6,b6b6,False,5220,oscillated,-1,False,5220,8.0
timeout,depth,_mult8p0,2,0.15,2,b696,aeb6,False,5220,oscillated,-1,False,5220,8.0
timeout,depth,_mult8p0,2,0.15,2,26b7,a6b6,True,4,correct,2,True,5220,8.0
timeout,depth,_mult8p0,2,0.15,0,a6b6,a6b6,True,0,correct,2,True,5220,8.0
timeout,depth,_mult8p0,2,0.15,1,a4b6,a6b6,True,5,correct,2,True,5220,8.0
timeout,depth,_mult8p0,2,0.15,4,8286,26b4,False,5220,oscillated,-1,False,5220,8.0
timeout,depth,_mult8p0,2,0.15,4,69e,a2b4,False,5220,oscillated,-1,False,5220,8.0
timeout,depth,_mult8p0,2,0.15,2,eeb6,b6b6,False,5220,oscillated,-1,False,5220,8.0
timeout,depth,_mult8p0,2,0.15,3,b436,fca6,True,21,wrong_pattern,0,False,5220,8.0
timeout,depth,_mult8p0,2,0.15,2,a6a2,a6b6,True,6,correct,2,True,5220,8.0
timeout,depth,_mult8p0,2,0.15,1,a6b4,a6b6,True,4,correct,2,True,5220,8.0
timeout,depth,_mult8p0,2,0.15,1,a6b7,a6b6,True,4,correct,2,True,5220,8.0
timeout,depth,_mult8p0,2,0.15,2,a6fe,a6b6,True,16,correct,2,True,5220,8.0
timeout,depth,_mult8p0,2,0.15,1,a696,a6b6,True,4,correct,2,True,5220,8.0
timeout,depth,_mult8p0,2,0.15,2,aab6,b6b6,False,5220,oscillated,-1,False,5220,8.0
timeout,depth,_mult8p0,2,0.15,2,a6ba,a6b6,True,16,correct,2,True,5220,8.0
timeout,depth,_mult8p0,2,0.15,4,e36,b2b4,False,5220,oscillated,-1,False,5220,8.0
timeout,depth,_mult8p0,2,0.15,3,25b6,a6b6,True,5,correct,2,True,5220,8.0
timeout,depth,_mult8p0,2,0.15,3,a7ae,a6b6,True,6,correct,2,True,5220,8.0
timeout,depth,_mult8p0,2,0.15,4,2276,86b4,False,5220,oscillated,-1,False,5220,8.0
timeout,depth,_mult8p0,2,0.15,5,a70e,a75b,True,11,spurious,-1,False,5220,8.0
timeout,depth,_mult8p0,2,0.15,5,25e6,a6b6,True,6,correct,2,True,5220,8.0
timeout,depth,_mult8p0,2,0.15,0,a6b6,a6b6,True,0,correct,2,True,5220,8.0
timeout,depth,_mult8p0,2,0.15,1,a6b7,a6b6,True,4,correct,2,True,5220,8.0
timeout,depth,_mult8p0,2,0.15,4,afba,a6b6,True,17,correct,2,True,5220,8.0
timeout,depth,_mult8p0,2,0.15,3,ae34,b6b6,False,5220,oscillated,-1,False,5220,8.0
timeout,depth,_mult8p0,2,0.15,2,26b7,a6b6,True,4,correct,2,True,5220,8.0
timeout,depth,_mult8p0,2,0.15,4,efb7,b6b6,False,5220,oscillated,-1,False,5220,8.0
timeout,depth,_mult8p0,2,0.15,3,8692,a6b6,True,6,correct,2,True,5220,8.0
timeout,depth,_mult8p0,2,0.15,1,a6b2,a6b6,True,6,correct,2,True,5220,8.0
timeout,depth,_mult8p0,2,0.15,6,deb3,fca6,True,6,wrong_pattern,0,False,5220,8.0
timeout,depth,_mult8p0,2,0.15,2,e6be,e6fa,True,16,spurious,-1,False,5220,8.0
timeout,depth,_mult8p0,2,0.15,2,66b6,a6b6,True,11,correct,2,True,5220,8.0
timeout,depth,_mult8p0,2,0.15,1,e6b6,a6b6,True,11,correct,2,True,5220,8.0
timeout,depth,_mult8p0,2,0.15,2,e2b6,a6b6,True,11,correct,2,True,5220,8.0
timeout,depth,_mult8p0,2,0.15,4,be26,fca6,True,15,wrong_pattern,0,False,5220,8.0
timeout,depth,_mult8p0,2,0.15,3,32b6,8eb4,False,5220,oscillated,-1,False,5220,8.0
timeout,depth,_mult8p0,3,0.15,3,f503,fd4b,True,17,spurious,-1,False,5220,8.0
timeout,depth,_mult8p0,3,0.15,2,9907,3d05,False,5220,oscillated,-1,False,5220,8.0
timeout,depth,_mult8p0,3,0.15,2,3d47,bd07,True,6,correct,3,True,5220,8.0
timeout,depth,_mult8p0,3,0.15,2,bd26,bd07,True,7,correct,3,True,5220,8.0
timeout,depth,_mult8p0,3,0.15,4,7f05,9907,False,5220,oscillated,-1,False,5220,8.0
timeout,depth,_mult8p0,3,0.15,2,bd45,bd07,True,6,correct,3,True,5220,8.0
timeout,depth,_mult8p0,3,0.15,1,bd06,bd07,True,4,correct,3,True,5220,8.0
timeout,depth,_mult8p0,3,0.15,2,bb07,bf07,False,5220,oscillated,-1,False,5220,8.0
timeout,depth,_mult8p0,3,0.15,2,7d07,bd07,True,11,correct,3,True,5220,8.0
timeout,depth,_mult8p0,3,0.15,2,b903,bd07,True,6,correct,3,True,5220,8.0
timeout,depth,_mult8p0,3,0.15,1,bd06,bd07,True,4,correct,3,True,5220,8.0
timeout,depth,_mult8p0,3,0.15,4,bda4,fca6,True,11,wrong_pattern,0,False,5220,8.0
timeout,depth,_mult8p0,3,0.15,2,fd47,fd4b,True,16,spurious,-1,False,5220,8.0
timeout,depth,_mult8p0,3,0.15,4,9d11,3917,False,5220,oscillated,-1,False,5220,8.0
timeout,depth,_mult8p0,3,0.15,1,bd05,bd07,True,4,correct,3,True,5220,8.0
timeout,depth,_mult8p0,3,0.15,1,bd27,bd07,True,4,correct,3,True,5220,8.0
timeout,depth,_mult8p0,3,0.15,1,bd06,bd07,True,4,correct,3,True,5220,8.0
timeout,depth,_mult8p0,3,0.15,3,bc45,bd07,True,6,correct,3,True,5220,8.0
timeout,depth,_mult8p0,3,0.15,3,3987,9d05,False,5220,oscillated,-1,False,5220,8.0
timeout,depth,_mult8p0,3,0.15,5,db47,7d49,False,5220,oscillated,-1,False,5220,8.0
timeout,depth,_mult8p0,3,0.15,3,9903,3d05,False,5220,oscillated,-1,False,5220,8.0
timeout,depth,_mult8p0,3,0.15,3,b904,1d07,False,5220,oscillated,-1,False,5220,8.0
timeout,depth,_mult8p0,3,0.15,2,fd05,bd07,True,11,correct,3,True,5220,8.0
timeout,depth,_mult8p0,3,0.15,3,2d0f,f54b,False,5220,oscillated,-1,False,5220,8.0
timeout,depth,_mult8p0,3,0.15,5,b383,a797,True,17,spurious,-1,False,5220,8.0
timeout,depth,_mult8p0,3,0.15,2,ac07,bd07,True,7,correct,3,True,5220,8.0
timeout,depth,_mult8p0,3,0.15,4,af1f,a75b,True,11,spurious,-1,False,5220,8.0
timeout,depth,_mult8p0,3,0.15,3,b703,a75b,True,21,spurious,-1,False,5220,8.0
timeout,depth,_mult8p0,3,0.15,3,dd06,bd07,True,12,correct,3,True,5220,8.0
timeout,depth,_mult8p0,3,0.15,4,3e06,bf07,False,5220,oscillated,-1,False,5220,8.0
timeout,depth,_mult8p0,3,0.15,1,bd27,bd07,True,4,correct,3,True,5220,8.0
timeout,depth,_mult8p0,3,0.15,3,b447,ed4b,False,5220,oscillated,-1,False,5220,8.0
timeout,depth,_mult8p0,3,0.15,2,b587,bf97,True,7,spurious,-1,False,5220,8.0
timeout,depth,_mult8p0,3,0.15,3,bf45,bf07,False,5220,oscillated,-1,False,5220,8.0
timeout,depth,_mult8p0,3,0.15,3,a927,bd07,True,7,correct,3,True,5220,8.0
timeout,depth,_mult8p0,3,0.15,2,bd0e,bd07,True,6,correct,3,True,5220,8.0
timeout,depth,_mult8p0,3,0.15,1,fd07,bd07,True,11,correct,3,True,5220,8.0
timeout,depth,_mult8p0,3,0.15,4,ac16,b797,False,5220,oscillated,-1,False,5220,8.0
timeout,depth,_mult8p0,3,0.15,4,3717,af97,False,5220,oscillated,-1,False,5220,8.0
timeout,depth,_mult8p0,3,0.15,1,bf07,bf07,False,5220,oscillated,-1,False,5220,8.0
timeout,depth,_mult8p0,3,0.15,4,fdd7,bd07,True,11,correct,3,True,5220,8.0
timeout,depth,_mult8p0,3,0.15,1,bd17,bd17,False,5220,oscillated,-1,False,5220,8.0
timeout,depth,_mult8p0,3,0.15,7,85e3,a6b6,True,18,wrong_pattern,2,False,5220,8.0
timeout,depth,_mult8p0,3,0.15,3,b985,1d07,False,5220,oscillated,-1,False,5220,8.0
timeout,depth,_mult8p0,3,0.15,3,b703,a75b,True,21,spurious,-1,False,5220,8.0
timeout,depth,_mult8p0,3,0.15,3,bda5,fca6,True,12,wrong_pattern,0,False,5220,8.0
timeout,depth,_mult8p0,3,0.15,0,bd07,bd07,True,0,correct,3,True,5220,8.0
timeout,depth,_mult8p0,3,0.15,2,b927,bd07,True,4,correct,3,True,5220,8.0
timeout,depth,_mult8p0,3,0.15,5,6c17,bd07,True,13,correct,3,True,5220,8.0
timeout,depth,_mult8p0,3,0.15,3,1d0f,b905,False,5220,oscillated,-1,False,5220,8.0
timeout,depth,_mult8p0,3,0.15,4,1903,1905,True,6,spurious,-1,False,5220,8.0
timeout,depth,_mult8p0,3,0.15,1,b907,bd07,True,4,correct,3,True,5220,8.0
timeout,depth,_mult8p0,3,0.15,1,bd17,bd17,False,5220,oscillated,-1,False,5220,8.0
timeout,depth,_mult8p0,3,0.15,0,bd07,bd07,True,0,correct,3,True,5220,8.0
timeout,depth,_mult8p0,3,0.15,6,918b,2759,False,5220,oscillated,-1,False,5220,8.0
timeout,depth,_mult8p0,3,0.15,0,bd07,bd07,True,0,correct,3,True,5220,8.0
timeout,depth,_mult8p0,3,0.15,2,bd83,bd07,True,9,correct,3,True,5220,8.0
timeout,depth,_mult8p0,3,0.15,0,bd07,bd07,True,0,correct,3,True,5220,8.0
timeout,depth,_mult8p0,3,0.15,5,9483,a6b6,True,17,wrong_pattern,2,False,5220,8.0
timeout,depth,_mult8p0,3,0.15,4,f513,fd4b,True,21,spurious,-1,False,5220,8.0
timeout,depth,_mult8p0,0,0.3,2,7ce6,fca6,True,6,correct,0,True,5220,8.0
timeout,depth,_mult8p0,0,0.3,9,5f4f,f949,False,5220,oscillated,-1,False,5220,8.0
timeout,depth,_mult8p0,0,0.3,6,7fd6,fca6,True,7,correct,0,True,5220,8.0
timeout,depth,_mult8p0,0,0.3,6,f104,1d07,False,5220,oscillated,-1,False,5220,8.0
timeout,depth,_mult8p0,0,0.3,2,7ca7,fca6,True,4,correct,0,True,5220,8.0
timeout,depth,_mult8p0,0,0.3,8,24f3,a6b6,True,17,wrong_pattern,2,False,5220,8.0
timeout,depth,_mult8p0,0,0.3,3,fcf2,fca6,True,11,correct,0,True,5220,8.0
timeout,depth,_mult8p0,0,0.3,2,fea2,fca6,True,6,correct,0,True,5220,8.0
timeout,depth,_mult8p0,0,0.3,6,9c9f,fca6,True,15,correct,0,True,5220,8.0
timeout,depth,_mult8p0,0,0.3,6,84ac,22b6,False,5220,oscillated,-1,False,5220,8.0
timeout,depth,_mult8p0,0,0.3,3,beae,fca6,True,15,correct,0,True,5220,8.0
timeout,depth,_mult8p0,0,0.3,6,dc43,fd4b,True,6,spurious,-1,False,5220,8.0
timeout,depth,_mult8p0,0,0.3,3,fcfe,fca6,True,11,correct,0,True,5220,8.0
timeout,depth,_mult8p0,0,0.3,4,e5a4,fca6,True,7,correct,0,True,5220,8.0
timeout,depth,_mult8p0,0,0.3,5,fa8f,fca6,True,7,correct,0,True,5220,8.0
timeout,depth,_mult8p0,0,0.3,6,38c2,dca4,False,5220,oscillated,-1,False,5220,8.0
timeout,depth,_mult8p0,0,0.3,5,e6af,e6fa,True,15,spurious,-1,False,5220,8.0
timeout,depth,_mult8p0,0,0.3,4,cc66,fc6a,True,21,spurious,-1,False,5220,8.0
timeout,depth,_mult8p0,0,0.3,3,e4a2,fca6,True,17,correct,0,True,5220,8.0
timeout,depth,_mult8p0,0,0.3,5,b8a8,5ca6,False,5220,oscillated,-1,False,5220,8.0
timeout,depth,_mult8p0,0,0.3,4,fc44,fd4b,True,12,spurious,-1,False,5220,8.0
timeout,depth,_mult8p0,0,0.3,5,ccab,fca6,True,12,correct,0,True,5220,8.0
timeout,depth,_mult8p0,0,0.3,3,2ca6,fca6,True,23,correct,0,True,5220,8.0
timeout,depth,_mult8p0,0,0.3,0,fca6,fca6,True,0,correct,0,True,5220,8.0
timeout,depth,_mult8p0,0,0.3,3,f48e,fca6,True,7,correct,0,True,5220,8.0
timeout,depth,_mult8p0,0,0.3,5,f99e,fca6,True,7,correct,0,True,5220,8.0
timeout,depth,_mult8p0,0,0.3,7,f2e1,5ca6,False,5220,oscillated,-1,False,5220,8.0
timeout,depth,_mult8p0,0,0.3,6,e40f,fd4b,True,7,spurious,-1,False,5220,8.0
timeout,depth,_mult8p0,0,0.3,3,f4b4,fca6,True,11,correct,0,True,5220,8.0
timeout,depth,_mult8p0,0,0.3,4,bdac,fca6,True,12,correct,0,True,5220,8.0
timeout,depth,_mult8p0,0,0.3,4,bec6,fca6,True,15,correct,0,True,5220,8.0
timeout,depth,_mult8p0,0,0.3,1,fea6,fca6,True,5,correct,0,True,5220,8.0
timeout,depth,_mult8p0,0,0.3,6,5c8d,58a4,True,7,spurious,-1,False,5220,8.0
timeout,depth,_mult8p0,0,0.3,4,b8aa,fca6,True,14,correct,0,True,5220,8.0
timeout,depth,_mult8p0,0,0.3,9,5afb,4068,True,13,spurious,-1,False,5220,8.0
timeout,depth,_mult8p0,0,0.3,3,e8e6,fca6,True,7,correct,0,True,5220,8.0
timeout,depth,_mult8p0,0,0.3,6,3c42,bd07,True,17,wrong_pattern,3,False,5220,8.0
timeout,depth,_mult8p0,0,0.3,4,feab,fca6,True,11,correct,0,True,5220,8.0
timeout,depth,_mult8p0,0,0.3,2,6ca6,fca6,True,7,correct,0,True,5220,8.0
timeout,depth,_mult8p0,0,0.3,7,72bf,8eb4,False,5220,oscillated,-1,False,5220,8.0
timeout,depth,_mult8p0,0,0.3,5,bfe7,fca6,True,15,correct,0,True,5220,8.0
timeout,depth,_mult8p0,0,0.3,2,f486,fca6,True,7,correct,0,True,5220,8.0
timeout,depth,_mult8p0,0,0.3,4,deb7,fca6,True,5,correct,0,True,5220,8.0
timeout,depth,_mult8p0,0,0.3,2,eca4,fca6,True,7,correct,0,True,5220,8.0
timeout,depth,_mult8p0,0,0.3,4,be27,bf07,False,5220,oscillated,-1,False,5220,8.0
timeout,depth,_mult8p0,0,0.3,5,d0a3,7ca4,False,5220,oscillated,-1,False,5220,8.0
timeout,depth,_mult8p0,0,0.3,7,1802,1905,True,7,spurious,-1,False,5220,8.0
timeout,depth,_mult8p0,0,0.3,3,dc87,fca6,True,7,correct,0,True,5220,8.0
timeout,depth,_mult8p0,0,0.3,7,3e1e,a797,True,9,spurious,-1,False,5220,8.0
timeout,depth,_mult8p0,0,0.3,4,d926,3d05,False,5220,oscillated,-1,False,5220,8.0
timeout,depth,_mult8p0,0,0.3,4,f4e0,fca6,True,11,correct,0,True,5220,8.0
timeout,depth,_mult8p0,0,0.3,5,6436,fc6a,True,22,spurious,-1,False,5220,8.0
timeout,depth,_mult8p0,0,0.3,4,50a6,58a4,True,7,spurious,-1,False,5220,8.0
timeout,depth,_mult8p0,0,0.3,5,38ac,58a4,True,11,spurious,-1,False,5220,8.0
timeout,depth,_mult8p0,0,0.3,7,dc09,794b,False,5220,oscillated,-1,False,5220,8.0
timeout,depth,_mult8p0,0,0.3,7,7abd,58a4,True,6,spurious,-1,False,5220,8.0
timeout,depth,_mult8p0,0,0.3,4,fd76,fd4b,True,13,spurious,-1,False,5220,8.0
timeout,depth,_mult8p0,0,0.3,8,cc48,714b,False,5220,oscillated,-1,False,5220,8.0
timeout,depth,_mult8p0,0,0.3,7,cc6b,f54b,False,5220,oscillated,-1,False,5220,8.0
timeout,depth,_mult8p0,0,0.3,5,fff7,fca6,True,7,correct,0,True,5220,8.0
timeout,depth,_mult8p0,1,0.3,5,93f1,2b4,True,12,spurious,-1,False,5220,8.0
timeout,depth,_mult8p0,1,0.3,4,1b03,1b05,False,5220,oscillated,-1,False,5220,8.0
timeout,depth,_mult8p0,1,0.3,9,272c,835b,False,5220,oscillated,-1,False,5220,8.0
timeout,depth,_mult8p0,1,0.3,2,1a85,58a4,True,18,spurious,-1,False,5220,8.0
timeout,depth,_mult8p0,1,0.3,6,9581,2b97,False,5220,oscillated,-1,False,5220,8.0
timeout,depth,_mult8p0,1,0.3,4,7915,1905,True,13,spurious,-1,False,5220,8.0
timeout,depth,_mult8p0,1,0.3,5,1099,42f8,True,17,spurious,-1,False,5220,8.0
timeout,depth,_mult8p0,1,0.3,5,3ddd,9917,False,5220,oscillated,-1,False,5220,8.0
timeout,depth,_mult8p0,1,0.3,6,b3a7,aeb6,False,5220,oscillated,-1,False,5220,8.0
timeout,depth,_mult8p0,1,0.3,5,a16,1395,False,5220,oscillated,-1,False,5220,8.0
timeout,depth,_mult8p0,1,0.3,4,1d9c,58a4,True,15,spurious,-1,False,5220,8.0
timeout,depth,_mult8p0,1,0.3,5,4ab4,12b4,False,5220,oscillated,-1,False,5220,8.0
timeout,depth,_mult8p0,1,0.3,6,995c,1905,True,15,spurious,-1,False,5220,8.0
timeout,depth,_mult8p0,1,0.3,7,fd05,bd07,True,11,wrong_pattern,3,False,5220,8.0
timeout,depth,_mult8p0,1,0.3,6,10bf,2b4,True,17,spurious,-1,False,5220,8.0
timeout,depth,_mult8p0,1,0.3,5,bbe5,5ca6,False,5220,oscillated,-1,False,5220,8.0
timeout,depth,_mult8p0,1,0.3,5,1903,1905,True,6,spurious,-1,False,5220,8.0
timeout,depth,_mult8p0,1,0.3,2,1bb1,2b4,True,7,spurious,-1,False,5220,8.0
timeout,depth,_mult8p0,1,0.3,3,5bbd,58a4,True,7,spurious,-1,False,5220,8.0
timeout,depth,_mult8p0,1,0.3,4,17b1,2b4,True,7,spurious,-1,False,5220,8.0
timeout,depth,_mult8p0,1,0.3,5,3be7,dca4,False,5220,oscillated,-1,False,5220,8.0
timeout,depth,_mult8p0,1,0.3,3,3985,1905,True,9,spurious,-1,False,5220,8.0
timeout,depth,_mult8p0,1,0.3,2,3b97,9f95,False,5220,oscillated,-1,False,5220,8.0
timeout,depth,_mult8p0,1,0.3,3,5991,1905,True,11,spurious,-1,False,5220,8.0
timeout,depth,_mult8p0,1,0.3,6,be9,42f8,True,15,spurious,-1,False,5220,8.0
timeout,depth,_mult8p0,1,0.3,3,b9f,395,True,7,spurious,-1,False,5220,8.0
timeout,depth,_mult8p0,1,0.3,9,ca20,5868,True,21,spurious,-1,False,5220,8.0
timeout,depth,_mult8p0,1,0.3,3,9a91,2b4,True,7,spurious,-1,False,5220,8.0
timeout,depth,_mult8p0,1,0.3,4,8295,2b4,True,7,spurious,-1,False,5220,8.0
timeout,depth,_mult8p0,1,0.3,6,21f5,2b4,True,7,spurious,-1,False,5220,8.0
timeout,depth,_mult8p0,1,0.3,7,5841,5949,True,6,spurious,-1,False,5220,8.0
timeout,depth,_mult8p0,1,0.3,5,1a7d,395,True,14,spurious,-1,False,5220,8.0
timeout,depth,_mult8p0,1,0.3,6,48c5,58a4,True,7,spurious,-1,False,5220,8.0
timeout,depth,_mult8p0,1,0.3,5,1ad2,2b4,True,7,spurious,-1,False,5220,8.0
timeout,depth,_mult8p0,1,0.3,6,7fc1,d94b,False,5220,oscillated,-1,False,5220,8.0
timeout,depth,_mult8p0,1,0.3,2,395,395,True,0,spurious,-1,False,5220,8.0
timeout,depth,_mult8p0,1,0.3,5,d194,58a4,True,17,spurious,-1,False,5220,8.0
timeout,depth,_mult8p0,1,0.3,5,d91d,5949,True,16,spurious,-1,False,5220,8.0
timeout,depth,_mult8p0,1,0.3,6,badf,a6b6,True,7,wrong_pattern,2,False,5220,8.0
timeout,depth,_mult8p0,1,0.3,4,1bd2,2b4,True,7,spurious,-1,False,5220,8.0
timeout,depth,_mult8p0,1,0.3,5,3fa7,fca6,True,18,wrong_pattern,0,False,5220,8.0
timeout,depth,_mult8p0,1,0.3,3,9d95,3917,False,5220,oscillated,-1,False,5220,8.0
timeout,depth,_mult8p0,1,0.3,3,9f15,3b97,False,5220,oscillated,-1,False,5220,8.0
timeout,depth,_mult8p0,1,0.3,6,9c17,bd17,False,5220,oscillated,-1,False,5220,8.0
timeout,depth,_mult8p0,1,0.3,2,4b95,1395,False,5220,oscillated,-1,False,5220,8.0
timeout,depth,_mult8p0,1,0.3,5,a991,1797,False,5220,oscillated,-1,False,5220,8.0
timeout,depth,_mult8p0,1,0.3,6,99cf,3d05,False,5220,oscillated,-1,False,5220,8.0
timeout,depth,_mult8p0,1,0.3,6,15b9,42f8,True,17,spurious,-1,False,5220,8.0
timeout,depth,_mult8p0,1,0.3,6,3b3b,8759,False,5220,oscillated,-1,False,5220,8.0
timeout,depth,_mult8p0,1,0.3,7,8201,359,True,11,spurious,-1,False,5220,8.0
timeout,depth,_mult8p0,1,0.3,7,7134,1905,True,15,spurious,-1,False,5220,8.0
timeout,depth,_mult8p0,1,0.3,7,cf9b,a797,True,26,spurious,-1,False,5220,8.0
timeout,depth,_mult8p0,1,0.3,6,699f,9d15,False,5220,oscillated,-1,False,5220,8.0
timeout,depth,_mult8p0,1,0.3,4,1ff7,bab4,False,5220,oscillated,-1,False,5220,8.0
timeout,depth,_mult8p0,1,0.3,4,3a8d,58a4,True,15,spurious,-1,False,5220,8.0
timeout,depth,_mult8p0,1,0.3,5,89f5,2b4,True,17,spurious,-1,False,5220,8.0
timeout,depth,_mult8p0,1,0.3,3,8b97,3795,False,5220,oscillated,-1,False,5220,8.0
timeout,depth,_mult8p0,1,0.3,1,1bd5,1b95,True,6,correct,1,True,5220,8.0
timeout,depth,_mult8p0,1,0.3,5,2a35,1395,False,5220,oscillated,-1,False,5220,8.0
timeout,depth,_mult8p0,1,0.3,8,4af8,42f8,True,7,spurious,-1,False,5220,8.0
timeout,depth,_mult8p0,2,0.3,8,283d,359,True,17,spurious,-1,False,5220,8.0
timeout,depth,_mult8p0,2,0.3,7,a581,a797,True,6,spurious,-1,False,5220,8.0
timeout,depth,_mult8p0,2,0.3,5,72be,8eb4,False,5220,oscillated,-1,False,5220,8.0
timeout,depth,_mult8p0,2,0.3,4,c2b2,66f8,False,5220,oscillated,-1,False,5220,8.0
timeout,depth,_mult8p0,2,0.3,5,2a34,12b4,False,5220,oscillated,-1,False,5220,8.0
timeout,depth,_mult8p0,2,0.3,4,f4b2,fca6,True,16,wrong_pattern,0,False,5220,8.0
timeout,depth,_mult8p0,2,0.3,1,26b6,a6b6,True,4,correct,2,True,5220,8.0
timeout,depth,_mult8p0,2,0.3,3,afa6,b6b6,False,5220,oscillated,-1,False,5220,8.0
timeout,depth,_mult8p0,2,0.3,3,a2a7,a6b6,True,5,correct,2,True,5220,8.0
timeout,depth,_mult8p0,2,0.3,5,c6c6,e6fa,True,15,spurious,-1,False,5220,8.0
timeout,depth,_mult8p0,2,0.3,5,8ffe,a6b6,True,17,correct,2,True,5220,8.0
timeout,depth,_mult8p0,2,0.3,3,a635,a797,True,9,spurious,-1,False,5220,8.0
timeout,depth,_mult8p0,2,0.3,5,e42e,e46a,True,6,spurious,-1,False,5220,8.0
timeout,depth,_mult8p0,2,0.3,4,afb5,b6b6,False,5220,oscillated,-1,False,5220,8.0
timeout,depth,_mult8p0,2,0.3,6,aa7a,e6fa,True,11,spurious,-1,False,5220,8.0
timeout,depth,_mult8p0,2,0.3,5,9494,2ab6,False,5220,oscillated,-1,False,5220,8.0
timeout,depth,_mult8p0,2,0.3,2,b6a6,aeb6,False,5220,oscillated,-1,False,5220,8.0
timeout,depth,_mult8p0,2,0.3,5,86e3,a6b6,True,17,correct,2,True,5220,8.0
timeout,depth,_mult8p0,2,0.3,2,aea6,b6b6,False,5220,oscillated,-1,False,5220,8.0
timeout,depth,_mult8p0,2,0.3,5,63be,c6f8,False,5220,oscillated,-1,False,5220,8.0
timeout,depth,_mult8p0,2,0.3,3,2b6,2b4,True,4,spurious,-1,False,5220,8.0
timeout,depth,_mult8p0,2,0.3,6,d4a7,fca6,True,7,wrong_pattern,0,False,5220,8.0
timeout,depth,_mult8p0,2,0.3,5,96bb,a6b6,True,17,correct,2,True,5220,8.0
timeout,depth,_mult8p0,2,0.3,6,45b4,58a4,True,14,spurious,-1,False,5220,8.0
timeout,depth,_mult8p0,2,0.3,4,a7f3,a6b6,True,12,correct,2,True,5220,8.0
timeout,depth,_mult8p0,2,0.3,4,a6ec,a6b6,True,16,correct,2,True,5220,8.0
timeout,depth,_mult8p0,2,0.3,5,96f5,2ab6,False,5220,oscillated,-1,False,5220,8.0
timeout,depth,_mult8p0,2,0.3,5,a09f,a6b6,True,7,correct,2,True,5220,8.0
timeout,depth,_mult8p0,2,0.3,4,66a2,e6ea,False,5220,oscillated,-1,False,5220,8.0
timeout,depth,_mult8p0,2,0.3,5,7a2,a2b4,False,5220,oscillated,-1,False,5220,8.0
timeout,depth,_mult8p0,2,0.3,5,f67e,fc6a,True,17,spurious,-1,False,5220,8.0
timeout,depth,_mult8p0,2,0.3,5,a21c,75b,False,5220,oscillated,-1,False,5220,8.0
timeout,depth,_mult8p0,2,0.3,5,27ac,82b6,False,5220,oscillated,-1,False,5220,8.0
timeout,depth,_mult8p0,2,0.3,6,a42b,a75b,True,7,spurious,-1,False,5220,8.0
timeout,depth,_mult8p0,2,0.3,5,9635,2b97,False,5220,oscillated,-1,False,5220,8.0
timeout,depth,_mult8p0,2,0.3,6,3df6,fca6,True,15,wrong_pattern,0,False,5220,8.0
timeout,depth,_mult8p0,2,0.3,5,ae1f,a75b,True,12,spurious,-1,False,5220,8.0
timeout,depth,_mult8p0,2,0.3,4,aa37,b797,False,5220,oscillated,-1,False,5220,8.0
timeout,depth,_mult8p0,2,0.3,7,f93,b395,False,5220,oscillated,-1,False,5220,8.0
timeout,depth,_mult8p0,2,0.3,4,b426,fca6,True,11,wrong_pattern,0,False,5220,8.0
timeout,depth,_mult8p0,2,0.3,6,ae78,e6fa,True,11,spurious,-1,False,5220,8.0
timeout,depth,_mult8p0,2,0.3,4,83b2,26b4,False,5220,oscillated,-1,False,5220,8.0
timeout,depth,_mult8p0,2,0.3,5,befa,a6b6,True,7,correct,2,True,5220,8.0
timeout,depth,_mult8p0,2,0.3,9,bf19,a75b,True,17,spurious,-1,False,5220,8.0
timeout,depth,_mult8p0,2,0.3,6,38b2,dca4,False,5220,oscillated,-1,False,5220,8.0
timeout,depth,_mult8p0,2,0.3,3,8eb7,b6b6,False,5220,oscillated,-1,False,5220,8.0
timeout,depth,_mult8p0,2,0.3,8,887,58a4,True,26,spurious,-1,False,5220,8.0
timeout,depth,_mult8p0,2,0.3,6,fc94,fca6,True,5,wrong_pattern,0,False,5220,8.0
timeout,depth,_mult8p0,2,0.3,4,97f6,a6b6,True,7,correct,2,True,5220,8.0
timeout,depth,_mult8p0,2,0.3,7,8f25,3307,False,5220,oscillated,-1,False,5220,8.0
timeout,depth,_mult8p0,2,0.3,5,a6e8,e6fa,True,13,spurious,-1,False,5220,8.0
timeout,depth,_mult8p0,2,0.3,5,21b4,2b4,True,5,spurious,-1,False,5220,8.0
timeout,depth,_mult8p0,2,0.3,6,977e,a75b,True,7,spurious,-1,False,5220,8.0
timeout,depth,_mult8p0,2,0.3,5,31b6,8eb4,False,5220,oscillated,-1,False,5220,8.0
timeout,depth,_mult8p0,2,0.3,6,1ebf,f8a4,False,5220,oscillated,-1,False,5220,8.0
timeout,depth,_mult8p0,2,0.3,8,cf7c,794b,False,5220,oscillated,-1,False,5220,8.0
timeout,depth,_mult8p0,2,0.3,6,622e,c6e8,False,5220,oscillated,-1,False,5220,8.0
timeout,depth,_mult8p0,2,0.3,4,2096,86b4,False,5220,oscillated,-1,False,5220,8.0
timeout,depth,_mult8p0,2,0.3,1,a6b2,a6b6,True,6,correct,2,True,5220,8.0
timeout,depth,_mult8p0,2,0.3,5,abbc,16b6,False,5220,oscillated,-1,False,5220,8.0
timeout,depth,_mult8p0,3,0.3,4,a583,a797,True,6,spurious,-1,False,5220,8.0
timeout,depth,_mult8p0,3,0.3,4,3427,bd07,True,7,correct,3,True,5220,8.0
timeout,depth,_mult8p0,3,0.3,5,1b17,1b95,True,9,wrong_pattern,1,False,5220,8.0
timeout,depth,_mult8p0,3,0.3,6,d737,bd07,True,13,correct,3,True,5220,8.0
timeout,depth,_mult8p0,3,0.3,4,3597,af97,False,5220,oscillated,-1,False,5220,8.0
timeout,depth,_mult8p0,3,0.3,6,aa1f,a75b,True,12,spurious,-1,False,5220,8.0
timeout,depth,_mult8p0,3,0.3,7,9560,694b,False,5220,oscillated,-1,False,5220,8.0
timeout,depth,_mult8p0,3,0.3,6,f156,bd07,True,16,correct,3,True,5220,8.0
timeout,depth,_mult8p0,3,0.3,4,ef03,fd4b,True,21,spurious,-1,False,5220,8.0
timeout,depth,_mult8p0,3,0.3,6,ed92,fca6,True,18,wrong_pattern,0,False,5220,8.0
timeout,depth,_mult8p0,3,0.3,5,395f,9d15,False,5220,oscillated,-1,False,5220,8.0
timeout,depth,_mult8p0,3,0.3,4,b536,af97,False,5220,oscillated,-1,False,5220,8.0
timeout,depth,_mult8p0,3,0.3,7,67c7,a75b,True,15,spurious,-1,False,5220,8.0
timeout,depth,_mult8p0,3,0.3,2,bd04,bd07,True,4,correct,3,True,5220,8.0
timeout,depth,_mult8p0,3,0.3,5,dc0b,fd4b,True,6,spurious,-1,False,5220,8.0
timeout,depth,_mult8p0,3,0.3,4,ed2f,fd4b,True,17,spurious,-1,False,5220,8.0
timeout,depth,_mult8p0,3,0.3,5,db17,3d05,False,5220,oscillated,-1,False,5220,8.0
timeout,depth,_mult8p0,3,0.3,4,b797,af97,False,5220,oscillated,-1,False,5220,8.0
timeout,depth,_mult8p0,3,0.3,4,992f,3d05,False,5220,oscillated,-1,False,5220,8.0
timeout,depth,_mult8p0,3,0.3,8,1c5a,a359,False,5220,oscillated,-1,False,5220,8.0
timeout,depth,_mult8p0,3,0.3,6,aa0e,a75b,True,17,spurious,-1,False,5220,8.0
timeout,depth,_mult8p0,3,0.3,7,270a,a75b,True,6,spurious,-1,False,5220,8.0
timeout,depth,_mult8p0,3,0.3,7,ca06,3d05,False,5220,oscillated,-1,False,5220,8.0
timeout,depth,_mult8p0,3,0.3,4,dd8f,bd07,True,16,correct,3,True,5220,8.0
timeout,depth,_mult8p0,3,0.3,1,bc07,bd07,True,4,correct,3,True,5220,8.0
timeout,depth,_mult8p0,3,0.3,6,a8b7,b6b6,False,5220,oscillated,-1,False,5220,8.0
timeout,depth,_mult8p0,3,0.3,3,3d0b,bd07,True,16,correct,3,True,5220,8.0
timeout,depth,_mult8p0,3,0.3,4,3f97,bf97,True,4,spurious,-1,False,5220,8.0
timeout,depth,_mult8p0,3,0.3,6,2a27,9795,False,5220,oscillated,-1,False,5220,8.0
timeout,depth,_mult8p0,3,0.3,5,3426,fca6,True,11,wrong_pattern,0,False,5220,8.0
timeout,depth,_mult8p0,3,0.3,6,b780,a6b6,True,17,wrong_pattern,2,False,5220,8.0
timeout,depth,_mult8p0,3,0.3,3,af06,b707,False,5220,oscillated,-1,False,5220,8.0
timeout,depth,_mult8p0,3,0.3,5,7585,9907,False,5220,oscillated,-1,False,5220,8.0
timeout,depth,_mult8p0,3,0.3,5,ed0a,fd4b,True,7,spurious,-1,False,5220,8.0
timeout,depth,_mult8p0,3,0.3,4,d47,f149,False,5220,oscillated,-1,False,5220,8.0
timeout,depth,_mult8p0,3,0.3,5,9e15,3b97,False,5220,oscillated,-1,False,5220,8.0
timeout,depth,_mult8p0,3,0.3,10,9b0,2b4,True,17,spurious,-1,False,5220,8.0
timeout,depth,_mult8p0,3,0.3,4,9913,3d15,False,5220,oscillated,-1,False,5220,8.0
timeout,depth,_mult8p0,3,0.3,2,b517,ad17,False,5220,oscillated,-1,False,5220,8.0
timeout,depth,_mult8p0,3,0.3,5,f14f,fd4b,True,7,spurious,-1,False,5220,8.0
timeout,depth,_mult8p0,3,0.3,4,1c06,b905,False,5220,oscillated,-1,False,5220,8.0
timeout,depth,_mult8p0,3,0.3,2,ad05,bd07,True,7,correct,3,True,5220,8.0
timeout,depth,_mult8p0,3,0.3,5,ff6f,fd4b,True,6,spurious,-1,False,5220,8.0
timeout,depth,_mult8p0,3,0.3,7,1a37,1b95,True,9,wrong_pattern,1,False,5220,8.0
timeout,depth,_mult8p0,3,0.3,3,9c03,bd07,True,6,correct,3,True,5220,8.0
timeout,depth,_mult8p0,3,0.3,6,7f24,9907,False,5220,oscillated,-1,False,5220,8.0
timeout,depth,_mult8p0,3,0.3,3,b597,af97,False,5220,oscillated,-1,False,5220,8.0
timeout,depth,_mult8p0,3,0.3,5,a687,a6b6,True,7,wrong_pattern,2,False,5220,8.0
timeout,depth,_mult8p0,3,0.3,7,198c,58a4,True,14,spurious,-1,False,5220,8.0
timeout,depth,_mult8p0,3,0.3,5,ac93,a6b6,True,17,wrong_pattern,2,False,5220,8.0
timeout,depth,_mult8p0,3,0.3,6,f53b,fd4b,True,17,spurious,-1,False,5220,8.0
timeout,depth,_mult8p0,3,0.3,3,7d17,bd07,True,13,correct,3,True,5220,8.0
timeout,depth,_mult8p0,3,0.3,5,a737,a797,True,9,spurious,-1,False,5220,8.0
timeout,depth,_mult8p0,3,0.3,4,df87,bd07,True,13,correct,3,True,5220,8.0
timeout,depth,_mult8p0,3,0.3,8,5b93,1905,True,13,spurious,-1,False,5220,8.0
timeout,depth,_mult8p0,3,0.3,4,be26,fca6,True,15,wrong_pattern,0,False,5220,8.0
timeout,depth,_mult8p0,3,0.3,7,19ae,58a4,True,12,spurious,-1,False,5220,8.0
timeout,depth,_mult8p0,3,0.3,4,9dc3,bd07,True,9,correct,3,True,5220,8.0
timeout,depth,_mult8p0,3,0.3,7,878d,2397,False,5220,oscillated,-1,False,5220,8.0
timeout,depth,_mult8p0,3,0.3,3,b405,bd07,True,7,correct,3,True,5220,8.0
timeout,even_odd,_mult8p0,0,0.0,0,fca6,fca6,True,0,correct,0,True,12388,8.0
timeout,even_odd,_mult8p0,0,0.0,0,fca6,fca6,True,0,correct,0,True,12388,8.0
timeout,even_odd,_mult8p0,0,0.0,0,fca6,fca6,True,0,correct,0,True,12388,8.0
timeout,even_odd,_mult8p0,0,0.0,0,fca6,fca6,True,0,correct,0,True,12388,8.0
timeout,even_odd,_mult8p0,0,0.0,0,fca6,fca6,True,0,correct,0,True,12388,8.0
timeout,even_odd,_mult8p0,0,0.0,0,fca6,fca6,True,0,correct,0,True,12388,8.0
timeout,even_odd,_mult8p0,0,0.0,0,fca6,fca6,True,0,correct,0,True,12388,8.0
timeout,even_odd,_mult8p0,0,0.0,0,fca6,fca6,True,0,correct,0,True,12388,8.0
timeout,even_odd,_mult8p0,0,0.0,0,fca6,fca6,True,0,correct,0,True,12388,8.0
timeout,even_odd,_mult8p0,0,0.0,0,fca6,fca6,True,0,correct,0,True,12388,8.0
timeout,even_odd,_mult8p0,0,0.0,0,fca6,fca6,True,0,correct,0,True,12388,8.0
timeout,even_odd,_mult8p0,0,0.0,0,fca6,fca6,True,0,correct,0,True,12388,8.0
timeout,even_odd,_mult8p0,0,0.0,0,fca6,fca6,True,0,correct,0,True,12388,8.0
timeout,even_odd,_mult8p0,0,0.0,0,fca6,fca6,True,0,correct,0,True,12388,8.0
timeout,even_odd,_mult8p0,0,0.0,0,fca6,fca6,True,0,correct,0,True,12388,8.0
timeout,even_odd,_mult8p0,0,0.0,0,fca6,fca6,True,0,correct,0,True,12388,8.0
timeout,even_odd,_mult8p0,0,0.0,0,fca6,fca6,True,0,correct,0,True,12388,8.0
timeout,even_odd,_mult8p0,0,0.0,0,fca6,fca6,True,0,correct,0,True,12388,8.0
timeout,even_odd,_mult8p0,0,0.0,0,fca6,fca6,True,0,correct,0,True,12388,8.0
timeout,even_odd,_mult8p0,0,0.0,0,fca6,fca6,True,0,correct,0,True,12388,8.0
timeout,even_odd,_mult8p0,0,0.0,0,fca6,fca6,True,0,correct,0,True,12388,8.0
timeout,even_odd,_mult8p0,0,0.0,0,fca6,fca6,True,0,correct,0,True,12388,8.0
timeout,even_odd,_mult8p0,0,0.0,0,fca6,fca6,True,0,correct,0,True,12388,8.0
timeout,even_odd,_mult8p0,0,0.0,0,fca6,fca6,True,0,correct,0,True,12388,8.0
timeout,even_odd,_mult8p0,0,0.0,0,fca6,fca6,True,0,correct,0,True,12388,8.0
timeout,even_odd,_mult8p0,0,0.0,0,fca6,fca6,True,0,correct,0,True,12388,8.0
timeout,even_odd,_mult8p0,0,0.0,0,fca6,fca6,True,0,correct,0,True,12388,8.0
timeout,even_odd,_mult8p0,0,0.0,0,fca6,fca6,True,0,correct,0,True,12388,8.0
timeout,even_odd,_mult8p0,0,0.0,0,fca6,fca6,True,0,correct,0,True,12388,8.0
timeout,even_odd,_mult8p0,0,0.0,0,fca6,fca6,True,0,correct,0,True,12388,8.0
timeout,even_odd,_mult8p0,0,0.0,0,fca6,fca6,True,0,correct,0,True,12388,8.0
timeout,even_odd,_mult8p0,0,0.0,0,fca6,fca6,True,0,correct,0,True,12388,8.0
timeout,even_odd,_mult8p0,0,0.0,0,fca6,fca6,True,0,correct,0,True,12388,8.0
timeout,even_odd,_mult8p0,0,0.0,0,fca6,fca6,True,0,correct,0,True,12388,8.0
timeout,even_odd,_mult8p0,0,0.0,0,fca6,fca6,True,0,correct,0,True,12388,8.0
timeout,even_odd,_mult8p0,0,0.0,0,fca6,fca6,True,0,correct,0,True,12388,8.0
timeout,even_odd,_mult8p0,0,0.0,0,fca6,fca6,True,0,correct,0,True,12388,8.0
timeout,even_odd,_mult8p0,0,0.0,0,fca6,fca6,True,0,correct,0,True,12388,8.0
timeout,even_odd,_mult8p0,0,0.0,0,fca6,fca6,True,0,correct,0,True,12388,8.0
timeout,even_odd,_mult8p0,0,0.0,0,fca6,fca6,True,0,correct,0,True,12388,8.0
timeout,even_odd,_mult8p0,0,0.0,0,fca6,fca6,True,0,correct,0,True,12388,8.0
timeout,even_odd,_mult8p0,0,0.0,0,fca6,fca6,True,0,correct,0,True,12388,8.0
timeout,even_odd,_mult8p0,0,0.0,0,fca6,fca6,True,0,correct,0,True,12388,8.0
timeout,even_odd,_mult8p0,0,0.0,0,fca6,fca6,True,0,correct,0,True,12388,8.0
timeout,even_odd,_mult8p0,0,0.0,0,fca6,fca6,True,0,correct,0,True,12388,8.0
timeout,even_odd,_mult8p0,0,0.0,0,fca6,fca6,True,0,correct,0,True,12388,8.0
timeout,even_odd,_mult8p0,0,0.0,0,fca6,fca6,True,0,correct,0,True,12388,8.0
timeout,even_odd,_mult8p0,0,0.0,0,fca6,fca6,True,0,correct,0,True,12388,8.0
timeout,even_odd,_mult8p0,0,0.0,0,fca6,fca6,True,0,correct,0,True,12388,8.0
timeout,even_odd,_mult8p0,0,0.0,0,fca6,fca6,True,0,correct,0,True,12388,8.0
timeout,even_odd,_mult8p0,0,0.0,0,fca6,fca6,True,0,correct,0,True,12388,8.0
timeout,even_odd,_mult8p0,0,0.0,0,fca6,fca6,True,0,correct,0,True,12388,8.0
timeout,even_odd,_mult8p0,0,0.0,0,fca6,fca6,True,0,correct,0,True,12388,8.0
timeout,even_odd,_mult8p0,0,0.0,0,fca6,fca6,True,0,correct,0,True,12388,8.0
timeout,even_odd,_mult8p0,0,0.0,0,fca6,fca6,True,0,correct,0,True,12388,8.0
timeout,even_odd,_mult8p0,0,0.0,0,fca6,fca6,True,0,correct,0,True,12388,8.0
timeout,even_odd,_mult8p0,0,0.0,0,fca6,fca6,True,0,correct,0,True,12388,8.0
timeout,even_odd,_mult8p0,0,0.0,0,fca6,fca6,True,0,correct,0,True,12388,8.0
timeout,even_odd,_mult8p0,0,0.0,0,fca6,fca6,True,0,correct,0,True,12388,8.0
timeout,even_odd,_mult8p0,0,0.0,0,fca6,fca6,True,0,correct,0,True,12388,8.0
timeout,even_odd,_mult8p0,1,0.0,0,1b95,1b95,True,0,correct,1,True,12388,8.0
timeout,even_odd,_mult8p0,1,0.0,0,1b95,1b95,True,0,correct,1,True,12388,8.0
timeout,even_odd,_mult8p0,1,0.0,0,1b95,1b95,True,0,correct,1,True,12388,8.0
timeout,even_odd,_mult8p0,1,0.0,0,1b95,1b95,True,0,correct,1,True,12388,8.0
timeout,even_odd,_mult8p0,1,0.0,0,1b95,1b95,True,0,correct,1,True,12388,8.0
timeout,even_odd,_mult8p0,1,0.0,0,1b95,1b95,True,0,correct,1,True,12388,8.0
timeout,even_odd,_mult8p0,1,0.0,0,1b95,1b95,True,0,correct,1,True,12388,8.0
timeout,even_odd,_mult8p0,1,0.0,0,1b95,1b95,True,0,correct,1,True,12388,8.0
timeout,even_odd,_mult8p0,1,0.0,0,1b95,1b95,True,0,correct,1,True,12388,8.0
timeout,even_odd,_mult8p0,1,0.0,0,1b95,1b95,True,0,correct,1,True,12388,8.0
timeout,even_odd,_mult8p0,1,0.0,0,1b95,1b95,True,0,correct,1,True,12388,8.0
timeout,even_odd,_mult8p0,1,0.0,0,1b95,1b95,True,0,correct,1,True,12388,8.0
timeout,even_odd,_mult8p0,1,0.0,0,1b95,1b95,True,0,correct,1,True,12388,8.0
timeout,even_odd,_mult8p0,1,0.0,0,1b95,1b95,True,0,correct,1,True,12388,8.0
timeout,even_odd,_mult8p0,1,0.0,0,1b95,1b95,True,0,correct,1,True,12388,8.0
timeout,even_odd,_mult8p0,1,0.0,0,1b95,1b95,True,0,correct,1,True,12388,8.0
timeout,even_odd,_mult8p0,1,0.0,0,1b95,1b95,True,0,correct,1,True,12388,8.0
timeout,even_odd,_mult8p0,1,0.0,0,1b95,1b95,True,0,correct,1,True,12388,8.0
timeout,even_odd,_mult8p0,1,0.0,0,1b95,1b95,True,0,correct,1,True,12388,8.0
timeout,even_odd,_mult8p0,1,0.0,0,1b95,1b95,True,0,correct,1,True,12388,8.0
timeout,even_odd,_mult8p0,1,0.0,0,1b95,1b95,True,0,correct,1,True,12388,8.0
timeout,even_odd,_mult8p0,1,0.0,0,1b95,1b95,True,0,correct,1,True,12388,8.0
timeout,even_odd,_mult8p0,1,0.0,0,1b95,1b95,True,0,correct,1,True,12388,8.0
timeout,even_odd,_mult8p0,1,0.0,0,1b95,1b95,True,0,correct,1,True,12388,8.0
timeout,even_odd,_mult8p0,1,0.0,0,1b95,1b95,True,0,correct,1,True,12388,8.0
timeout,even_odd,_mult8p0,1,0.0,0,1b95,1b95,True,0,correct,1,True,12388,8.0
timeout,even_odd,_mult8p0,1,0.0,0,1b95,1b95,True,0,correct,1,True,12388,8.0
timeout,even_odd,_mult8p0,1,0.0,0,1b95,1b95,True,0,correct,1,True,12388,8.0
timeout,even_odd,_mult8p0,1,0.0,0,1b95,1b95,True,0,correct,1,True,12388,8.0
timeout,even_odd,_mult8p0,1,0.0,0,1b95,1b95,True,0,correct,1,True,12388,8.0
timeout,even_odd,_mult8p0,1,0.0,0,1b95,1b95,True,0,correct,1,True,12388,8.0
timeout,even_odd,_mult8p0,1,0.0,0,1b95,1b95,True,0,correct,1,True,12388,8.0
timeout,even_odd,_mult8p0,1,0.0,0,1b95,1b95,True,0,correct,1,True,12388,8.0
timeout,even_odd,_mult8p0,1,0.0,0,1b95,1b95,True,0,correct,1,True,12388,8.0
timeout,even_odd,_mult8p0,1,0.0,0,1b95,1b95,True,0,correct,1,True,12388,8.0
timeout,even_odd,_mult8p0,1,0.0,0,1b95,1b95,True,0,correct,1,True,12388,8.0
timeout,even_odd,_mult8p0,1,0.0,0,1b95,1b95,True,0,correct,1,True,12388,8.0
timeout,even_odd,_mult8p0,1,0.0,0,1b95,1b95,True,0,correct,1,True,12388,8.0
timeout,even_odd,_mult8p0,1,0.0,0,1b95,1b95,True,0,correct,1,True,12388,8.0
timeout,even_odd,_mult8p0,1,0.0,0,1b95,1b95,True,0,correct,1,True,12388,8.0
timeout,even_odd,_mult8p0,1,0.0,0,1b95,1b95,True,0,correct,1,True,12388,8.0
timeout,even_odd,_mult8p0,1,0.0,0,1b95,1b95,True,0,correct,1,True,12388,8.0
timeout,even_odd,_mult8p0,1,0.0,0,1b95,1b95,True,0,correct,1,True,12388,8.0
timeout,even_odd,_mult8p0,1,0.0,0,1b95,1b95,True,0,correct,1,True,12388,8.0
timeout,even_odd,_mult8p0,1,0.0,0,1b95,1b95,True,0,correct,1,True,12388,8.0
timeout,even_odd,_mult8p0,1,0.0,0,1b95,1b95,True,0,correct,1,True,12388,8.0
timeout,even_odd,_mult8p0,1,0.0,0,1b95,1b95,True,0,correct,1,True,12388,8.0
timeout,even_odd,_mult8p0,1,0.0,0,1b95,1b95,True,0,correct,1,True,12388,8.0
timeout,even_odd,_mult8p0,1,0.0,0,1b95,1b95,True,0,correct,1,True,12388,8.0
timeout,even_odd,_mult8p0,1,0.0,0,1b95,1b95,True,0,correct,1,True,12388,8.0
timeout,even_odd,_mult8p0,1,0.0,0,1b95,1b95,True,0,correct,1,True,12388,8.0
timeout,even_odd,_mult8p0,1,0.0,0,1b95,1b95,True,0,correct,1,True,12388,8.0
timeout,even_odd,_mult8p0,1,0.0,0,1b95,1b95,True,0,correct,1,True,12388,8.0
timeout,even_odd,_mult8p0,1,0.0,0,1b95,1b95,True,0,correct,1,True,12388,8.0
timeout,even_odd,_mult8p0,1,0.0,0,1b95,1b95,True,0,correct,1,True,12388,8.0
timeout,even_odd,_mult8p0,1,0.0,0,1b95,1b95,True,0,correct,1,True,12388,8.0
timeout,even_odd,_mult8p0,1,0.0,0,1b95,1b95,True,0,correct,1,True,12388,8.0
timeout,even_odd,_mult8p0,1,0.0,0,1b95,1b95,True,0,correct,1,True,12388,8.0
timeout,even_odd,_mult8p0,1,0.0,0,1b95,1b95,True,0,correct,1,True,12388,8.0
timeout,even_odd,_mult8p0,1,0.0,0,1b95,1b95,True,0,correct,1,True,12388,8.0
timeout,even_odd,_mult8p0,2,0.0,0,a6b6,a6b6,True,0,correct,2,True,12388,8.0
timeout,even_odd,_mult8p0,2,0.0,0,a6b6,a6b6,True,0,correct,2,True,12388,8.0
timeout,even_odd,_mult8p0,2,0.0,0,a6b6,a6b6,True,0,correct,2,True,12388,8.0
timeout,even_odd,_mult8p0,2,0.0,0,a6b6,a6b6,True,0,correct,2,True,12388,8.0
timeout,even_odd,_mult8p0,2,0.0,0,a6b6,a6b6,True,0,correct,2,True,12388,8.0
timeout,even_odd,_mult8p0,2,0.0,0,a6b6,a6b6,True,0,correct,2,True,12388,8.0
timeout,even_odd,_mult8p0,2,0.0,0,a6b6,a6b6,True,0,correct,2,True,12388,8.0
timeout,even_odd,_mult8p0,2,0.0,0,a6b6,a6b6,True,0,correct,2,True,12388,8.0
timeout,even_odd,_mult8p0,2,0.0,0,a6b6,a6b6,True,0,correct,2,True,12388,8.0
timeout,even_odd,_mult8p0,2,0.0,0,a6b6,a6b6,True,0,correct,2,True,12388,8.0
timeout,even_odd,_mult8p0,2,0.0,0,a6b6,a6b6,True,0,correct,2,True,12388,8.0
timeout,even_odd,_mult8p0,2,0.0,0,a6b6,a6b6,True,0,correct,2,True,12388,8.0
timeout,even_odd,_mult8p0,2,0.0,0,a6b6,a6b6,True,0,correct,2,True,12388,8.0
timeout,even_odd,_mult8p0,2,0.0,0,a6b6,a6b6,True,0,correct,2,True,12388,8.0
timeout,even_odd,_mult8p0,2,0.0,0,a6b6,a6b6,True,0,correct,2,True,12388,8.0
timeout,even_odd,_mult8p0,2,0.0,0,a6b6,a6b6,True,0,correct,2,True,12388,8.0
timeout,even_odd,_mult8p0,2,0.0,0,a6b6,a6b6,True,0,correct,2,True,12388,8.0
timeout,even_odd,_mult8p0,2,0.0,0,a6b6,a6b6,True,0,correct,2,True,12388,8.0
timeout,even_odd,_mult8p0,2,0.0,0,a6b6,a6b6,True,0,correct,2,True,12388,8.0
timeout,even_odd,_mult8p0,2,0.0,0,a6b6,a6b6,True,0,correct,2,True,12388,8.0
timeout,even_odd,_mult8p0,2,0.0,0,a6b6,a6b6,True,0,correct,2,True,12388,8.0
timeout,even_odd,_mult8p0,2,0.0,0,a6b6,a6b6,True,0,correct,2,True,12388,8.0
timeout,even_odd,_mult8p0,2,0.0,0,a6b6,a6b6,True,0,correct,2,True,12388,8.0
timeout,even_odd,_mult8p0,2,0.0,0,a6b6,a6b6,True,0,correct,2,True,12388,8.0
timeout,even_odd,_mult8p0,2,0.0,0,a6b6,a6b6,True,0,correct,2,True,12388,8.0
timeout,even_odd,_mult8p0,2,0.0,0,a6b6,a6b6,True,0,correct,2,True,12388,8.0
timeout,even_odd,_mult8p0,2,0.0,0,a6b6,a6b6,True,0,correct,2,True,12388,8.0
timeout,even_odd,_mult8p0,2,0.0,0,a6b6,a6b6,True,0,correct,2,True,12388,8.0
timeout,even_odd,_mult8p0,2,0.0,0,a6b6,a6b6,True,0,correct,2,True,12388,8.0
timeout,even_odd,_mult8p0,2,0.0,0,a6b6,a6b6,True,0,correct,2,True,12388,8.0
timeout,even_odd,_mult8p0,2,0.0,0,a6b6,a6b6,True,0,correct,2,True,12388,8.0
timeout,even_odd,_mult8p0,2,0.0,0,a6b6,a6b6,True,0,correct,2,True,12388,8.0
timeout,even_odd,_mult8p0,2,0.0,0,a6b6,a6b6,True,0,correct,2,True,12388,8.0
timeout,even_odd,_mult8p0,2,0.0,0,a6b6,a6b6,True,0,correct,2,True,12388,8.0
timeout,even_odd,_mult8p0,2,0.0,0,a6b6,a6b6,True,0,correct,2,True,12388,8.0
timeout,even_odd,_mult8p0,2,0.0,0,a6b6,a6b6,True,0,correct,2,True,12388,8.0
timeout,even_odd,_mult8p0,2,0.0,0,a6b6,a6b6,True,0,correct,2,True,12388,8.0
timeout,even_odd,_mult8p0,2,0.0,0,a6b6,a6b6,True,0,correct,2,True,12388,8.0
timeout,even_odd,_mult8p0,2,0.0,0,a6b6,a6b6,True,0,correct,2,True,12388,8.0
timeout,even_odd,_mult8p0,2,0.0,0,a6b6,a6b6,True,0,correct,2,True,12388,8.0
timeout,even_odd,_mult8p0,2,0.0,0,a6b6,a6b6,True,0,correct,2,True,12388,8.0
timeout,even_odd,_mult8p0,2,0.0,0,a6b6,a6b6,True,0,correct,2,True,12388,8.0
timeout,even_odd,_mult8p0,2,0.0,0,a6b6,a6b6,True,0,correct,2,True,12388,8.0
timeout,even_odd,_mult8p0,2,0.0,0,a6b6,a6b6,True,0,correct,2,True,12388,8.0
timeout,even_odd,_mult8p0,2,0.0,0,a6b6,a6b6,True,0,correct,2,True,12388,8.0
timeout,even_odd,_mult8p0,2,0.0,0,a6b6,a6b6,True,0,correct,2,True,12388,8.0
timeout,even_odd,_mult8p0,2,0.0,0,a6b6,a6b6,True,0,correct,2,True,12388,8.0
timeout,even_odd,_mult8p0,2,0.0,0,a6b6,a6b6,True,0,correct,2,True,12388,8.0
timeout,even_odd,_mult8p0,2,0.0,0,a6b6,a6b6,True,0,correct,2,True,12388,8.0
timeout,even_odd,_mult8p0,2,0.0,0,a6b6,a6b6,True,0,correct,2,True,12388,8.0
timeout,even_odd,_mult8p0,2,0.0,0,a6b6,a6b6,True,0,correct,2,True,12388,8.0
timeout,even_odd,_mult8p0,2,0.0,0,a6b6,a6b6,True,0,correct,2,True,12388,8.0
timeout,even_odd,_mult8p0,2,0.0,0,a6b6,a6b6,True,0,correct,2,True,12388,8.0
timeout,even_odd,_mult8p0,2,0.0,0,a6b6,a6b6,True,0,correct,2,True,12388,8.0
timeout,even_odd,_mult8p0,2,0.0,0,a6b6,a6b6,True,0,correct,2,True,12388,8.0
timeout,even_odd,_mult8p0,2,0.0,0,a6b6,a6b6,True,0,correct,2,True,12388,8.0
timeout,even_odd,_mult8p0,2,0.0,0,a6b6,a6b6,True,0,correct,2,True,12388,8.0
timeout,even_odd,_mult8p0,2,0.0,0,a6b6,a6b6,True,0,correct,2,True,12388,8.0
timeout,even_odd,_mult8p0,2,0.0,0,a6b6,a6b6,True,0,correct,2,True,12388,8.0
timeout,even_odd,_mult8p0,2,0.0,0,a6b6,a6b6,True,0,correct,2,True,12388,8.0
timeout,even_odd,_mult8p0,3,0.0,0,bd07,bd07,True,0,correct,3,True,12388,8.0
timeout,even_odd,_mult8p0,3,0.0,0,bd07,bd07,True,0,correct,3,True,12388,8.0
timeout,even_odd,_mult8p0,3,0.0,0,bd07,bd07,True,0,correct,3,True,12388,8.0
timeout,even_odd,_mult8p0,3,0.0,0,bd07,bd07,True,0,correct,3,True,12388,8.0
timeout,even_odd,_mult8p0,3,0.0,0,bd07,bd07,True,0,correct,3,True,12388,8.0
timeout,even_odd,_mult8p0,3,0.0,0,bd07,bd07,True,0,correct,3,True,12388,8.0
timeout,even_odd,_mult8p0,3,0.0,0,bd07,bd07,True,0,correct,3,True,12388,8.0
timeout,even_odd,_mult8p0,3,0.0,0,bd07,bd07,True,0,correct,3,True,12388,8.0
timeout,even_odd,_mult8p0,3,0.0,0,bd07,bd07,True,0,correct,3,True,12388,8.0
timeout,even_odd,_mult8p0,3,0.0,0,bd07,bd07,True,0,correct,3,True,12388,8.0
timeout,even_odd,_mult8p0,3,0.0,0,bd07,bd07,True,0,correct,3,True,12388,8.0
timeout,even_odd,_mult8p0,3,0.0,0,bd07,bd07,True,0,correct,3,True,12388,8.0
timeout,even_odd,_mult8p0,3,0.0,0,bd07,bd07,True,0,correct,3,True,12388,8.0
timeout,even_odd,_mult8p0,3,0.0,0,bd07,bd07,True,0,correct,3,True,12388,8.0
timeout,even_odd,_mult8p0,3,0.0,0,bd07,bd07,True,0,correct,3,True,12388,8.0
timeout,even_odd,_mult8p0,3,0.0,0,bd07,bd07,True,0,correct,3,True,12388,8.0
timeout,even_odd,_mult8p0,3,0.0,0,bd07,bd07,True,0,correct,3,True,12388,8.0
timeout,even_odd,_mult8p0,3,0.0,0,bd07,bd07,True,0,correct,3,True,12388,8.0
timeout,even_odd,_mult8p0,3,0.0,0,bd07,bd07,True,0,correct,3,True,12388,8.0
timeout,even_odd,_mult8p0,3,0.0,0,bd07,bd07,True,0,correct,3,True,12388,8.0
timeout,even_odd,_mult8p0,3,0.0,0,bd07,bd07,True,0,correct,3,True,12388,8.0
timeout,even_odd,_mult8p0,3,0.0,0,bd07,bd07,True,0,correct,3,True,12388,8.0
timeout,even_odd,_mult8p0,3,0.0,0,bd07,bd07,True,0,correct,3,True,12388,8.0
timeout,even_odd,_mult8p0,3,0.0,0,bd07,bd07,True,0,correct,3,True,12388,8.0
timeout,even_odd,_mult8p0,3,0.0,0,bd07,bd07,True,0,correct,3,True,12388,8.0
timeout,even_odd,_mult8p0,3,0.0,0,bd07,bd07,True,0,correct,3,True,12388,8.0
timeout,even_odd,_mult8p0,3,0.0,0,bd07,bd07,True,0,correct,3,True,12388,8.0
timeout,even_odd,_mult8p0,3,0.0,0,bd07,bd07,True,0,correct,3,True,12388,8.0
timeout,even_odd,_mult8p0,3,0.0,0,bd07,bd07,True,0,correct,3,True,12388,8.0
timeout,even_odd,_mult8p0,3,0.0,0,bd07,bd07,True,0,correct,3,True,12388,8.0
timeout,even_odd,_mult8p0,3,0.0,0,bd07,bd07,True,0,correct,3,True,12388,8.0
timeout,even_odd,_mult8p0,3,0.0,0,bd07,bd07,True,0,correct,3,True,12388,8.0
timeout,even_odd,_mult8p0,3,0.0,0,bd07,bd07,True,0,correct,3,True,12388,8.0
timeout,even_odd,_mult8p0,3,0.0,0,bd07,bd07,True,0,correct,3,True,12388,8.0
timeout,even_odd,_mult8p0,3,0.0,0,bd07,bd07,True,0,correct,3,True,12388,8.0
timeout,even_odd,_mult8p0,3,0.0,0,bd07,bd07,True,0,correct,3,True,12388,8.0
timeout,even_odd,_mult8p0,3,0.0,0,bd07,bd07,True,0,correct,3,True,12388,8.0
timeout,even_odd,_mult8p0,3,0.0,0,bd07,bd07,True,0,correct,3,True,12388,8.0
timeout,even_odd,_mult8p0,3,0.0,0,bd07,bd07,True,0,correct,3,True,12388,8.0
timeout,even_odd,_mult8p0,3,0.0,0,bd07,bd07,True,0,correct,3,True,12388,8.0
timeout,even_odd,_mult8p0,3,0.0,0,bd07,bd07,True,0,correct,3,True,12388,8.0
timeout,even_odd,_mult8p0,3,0.0,0,bd07,bd07,True,0,correct,3,True,12388,8.0
timeout,even_odd,_mult8p0,3,0.0,0,bd07,bd07,True,0,correct,3,True,12388,8.0
timeout,even_odd,_mult8p0,3,0.0,0,bd07,bd07,True,0,correct,3,True,12388,8.0
timeout,even_odd,_mult8p0,3,0.0,0,bd07,bd07,True,0,correct,3,True,12388,8.0
timeout,even_odd,_mult8p0,3,0.0,0,bd07,bd07,True,0,correct,3,True,12388,8.0
timeout,even_odd,_mult8p0,3,0.0,0,bd07,bd07,True,0,correct,3,True,12388,8.0
timeout,even_odd,_mult8p0,3,0.0,0,bd07,bd07,True,0,correct,3,True,12388,8.0
timeout,even_odd,_mult8p0,3,0.0,0,bd07,bd07,True,0,correct,3,True,12388,8.0
timeout,even_odd,_mult8p0,3,0.0,0,bd07,bd07,True,0,correct,3,True,12388,8.0
timeout,even_odd,_mult8p0,3,0.0,0,bd07,bd07,True,0,correct,3,True,12388,8.0
timeout,even_odd,_mult8p0,3,0.0,0,bd07,bd07,True,0,correct,3,True,12388,8.0
timeout,even_odd,_mult8p0,3,0.0,0,bd07,bd07,True,0,correct,3,True,12388,8.0
timeout,even_odd,_mult8p0,3,0.0,0,bd07,bd07,True,0,correct,3,True,12388,8.0
timeout,even_odd,_mult8p0,3,0.0,0,bd07,bd07,True,0,correct,3,True,12388,8.0
timeout,even_odd,_mult8p0,3,0.0,0,bd07,bd07,True,0,correct,3,True,12388,8.0
timeout,even_odd,_mult8p0,3,0.0,0,bd07,bd07,True,0,correct,3,True,12388,8.0
timeout,even_odd,_mult8p0,3,0.0,0,bd07,bd07,True,0,correct,3,True,12388,8.0
timeout,even_odd,_mult8p0,3,0.0,0,bd07,bd07,True,0,correct,3,True,12388,8.0
timeout,even_odd,_mult8p0,3,0.0,0,bd07,bd07,True,0,correct,3,True,12388,8.0
timeout,even_odd,_mult8p0,0,0.15,3,faae,fca6,True,25,correct,0,True,12388,8.0
timeout,even_odd,_mult8p0,0,0.15,1,fea6,fca6,True,25,correct,0,True,12388,8.0
timeout,even_odd,_mult8p0,0,0.15,1,fca2,fca6,True,11,correct,0,True,12388,8.0
timeout,even_odd,_mult8p0,0,0.15,3,f884,fca6,True,45,correct,0,True,12388,8.0
timeout,even_odd,_mult8p0,0,0.15,3,f0a2,fca6,True,25,correct,0,True,12388,8.0
timeout,even_odd,_mult8p0,0,0.15,2,f886,fca6,True,25,correct,0,True,12388,8.0
timeout,even_odd,_mult8p0,0,0.15,2,f8a2,fca6,True,11,correct,0,True,12388,8.0
timeout,even_odd,_mult8p0,0,0.15,2,fcac,fca6,True,25,correct,0,True,12388,8.0
timeout,even_odd,_mult8p0,0,0.15,1,dca6,fca6,True,25,correct,0,True,12388,8.0
timeout,even_odd,_mult8p0,0,0.15,5,dc0a,fd4b,True,35,spurious,-1,False,12388,8.0
timeout,even_odd,_mult8p0,0,0.15,2,fea4,fca6,True,25,correct,0,True,12388,8.0
timeout,even_odd,_mult8p0,0,0.15,4,788e,fca6,True,45,correct,0,True,12388,8.0
timeout,even_odd,_mult8p0,0,0.15,2,f5a6,fca6,True,25,correct,0,True,12388,8.0
timeout,even_odd,_mult8p0,0,0.15,2,fc84,fca6,True,25,correct,0,True,12388,8.0
timeout,even_odd,_mult8p0,0,0.15,5,f0b0,fca6,True,45,correct,0,True,12388,8.0
timeout,even_odd,_mult8p0,0,0.15,5,3df6,fca6,True,35,correct,0,True,12388,8.0
timeout,even_odd,_mult8p0,0,0.15,4,7c0e,fd4b,True,45,spurious,-1,False,12388,8.0
timeout,even_odd,_mult8p0,0,0.15,3,bcb7,fca6,True,11,correct,0,True,12388,8.0
timeout,even_odd,_mult8p0,0,0.15,2,fea2,fca6,True,25,correct,0,True,12388,8.0
timeout,even_odd,_mult8p0,0,0.15,4,cda2,fca6,True,25,correct,0,True,12388,8.0
timeout,even_odd,_mult8p0,0,0.15,1,f8a6,fca6,True,11,correct,0,True,12388,8.0
timeout,even_odd,_mult8p0,0,0.15,6,2cab,fca6,True,45,correct,0,True,12388,8.0
timeout,even_odd,_mult8p0,0,0.15,2,f426,fca6,True,25,correct,0,True,12388,8.0
timeout,even_odd,_mult8p0,0,0.15,2,ece6,fca6,True,11,correct,0,True,12388,8.0
timeout,even_odd,_mult8p0,0,0.15,3,f9a2,fca6,True,11,correct,0,True,12388,8.0
timeout,even_odd,_mult8p0,0,0.15,4,6ce2,fca6,True,35,correct,0,True,12388,8.0
timeout,even_odd,_mult8p0,0,0.15,3,eea2,fca6,True,35,correct,0,True,12388,8.0
timeout,even_odd,_mult8p0,0,0.15,0,fca6,fca6,True,0,correct,0,True,12388,8.0
timeout,even_odd,_mult8p0,0,0.15,4,f4e5,fca6,True,25,correct,0,True,12388,8.0
timeout,even_odd,_mult8p0,0,0.15,2,feb6,fca6,True,25,correct,0,True,12388,8.0
timeout,even_odd,_mult8p0,0,0.15,3,94a6,fca6,True,45,correct,0,True,12388,8.0
timeout,even_odd,_mult8p0,0,0.15,0,fca6,fca6,True,0,correct,0,True,12388,8.0
timeout,even_odd,_mult8p0,0,0.15,1,fca7,fca6,True,11,correct,0,True,12388,8.0
timeout,even_odd,_mult8p0,0,0.15,1,dca6,fca6,True,25,correct,0,True,12388,8.0
timeout,even_odd,_mult8p0,0,0.15,1,f8a6,fca6,True,11,correct,0,True,12388,8.0
timeout,even_odd,_mult8p0,0,0.15,2,fc06,bd07,True,21,wrong_pattern,3,False,12388,8.0
timeout,even_odd,_mult8p0,0,0.15,4,acac,fca6,True,45,correct,0,True,12388,8.0
timeout,even_odd,_mult8p0,0,0.15,2,eda6,fca6,True,11,correct,0,True,12388,8.0
timeout,even_odd,_mult8p0,0,0.15,3,f4b7,fca6,True,49,correct,0,True,12388,8.0
timeout,even_odd,_mult8p0,0,0.15,1,fea6,fca6,True,25,correct,0,True,12388,8.0
timeout,even_odd,_mult8p0,0,0.15,1,dca6,fca6,True,25,correct,0,True,12388,8.0
timeout,even_odd,_mult8p0,0,0.15,5,64e7,fca6,True,35,correct,0,True,12388,8.0
timeout,even_odd,_mult8p0,0,0.15,1,fcae,fca6,True,25,correct,0,True,12388,8.0
timeout,even_odd,_mult8p0,0,0.15,5,e4a8,fc6a,True,35,spurious,-1,False,12388,8.0
timeout,even_odd,_mult8p0,0,0.15,4,f807,bd07,True,11,wrong_pattern,3,False,12388,8.0
timeout,even_odd,_mult8p0,0,0.15,1,fc26,fca6,True,25,correct,0,True,12388,8.0
timeout,even_odd,_mult8p0,0,0.15,2,7c86,fca6,True,25,correct,0,True,12388,8.0
timeout,even_odd,_mult8p0,0,0.15,2,fc06,bd07,True,21,wrong_pattern,3,False,12388,8.0
timeout,even_odd,_mult8p0,0,0.15,2,fda4,fca6,True,25,correct,0,True,12388,8.0
timeout,even_odd,_mult8p0,0,0.15,2,dcae,fca6,True,25,correct,0,True,12388,8.0
timeout,even_odd,_mult8p0,0,0.15,5,e786,a6b6,True,55,wrong_pattern,2,False,12388,8.0
timeout,even_odd,_mult8p0,0,0.15,3,7de6,fca6,True,25,correct,0,True,12388,8.0
timeout,even_odd,_mult8p0,0,0.15,1,eca6,fca6,True,11,correct,0,True,12388,8.0
timeout,even_odd,_mult8p0,0,0.15,2,cca6,fca6,True,25,correct,0,True,12388,8.0
timeout,even_odd,_mult8p0,0,0.15,2,6ca6,fca6,True,25,correct,0,True,12388,8.0
timeout,even_odd,_mult8p0,0,0.15,1,fc26,fca6,True,25,correct,0,True,12388,8.0
timeout,even_odd,_mult8p0,0,0.15,5,dcca,fc6a,True,25,spurious,-1,False,12388,8.0
timeout,even_odd,_mult8p0,0,0.15,2,dce6,fca6,True,25,correct,0,True,12388,8.0
timeout,even_odd,_mult8p0,0,0.15,0,fca6,fca6,True,0,correct,0,True,12388,8.0
timeout,even_odd,_mult8p0,0,0.15,1,f8a6,fca6,True,11,correct,0,True,12388,8.0
timeout,even_odd,_mult8p0,1,0.15,2,db95,1905,True,35,spurious,-1,False,12388,8.0
timeout,even_odd,_mult8p0,1,0.15,3,19f5,58a4,True,11,spurious,-1,False,12388,8.0
timeout,even_odd,_mult8p0,1,0.15,1,1995,1905,True,45,spurious,-1,False,12388,8.0
timeout,even_odd,_mult8p0,1,0.15,3,4bb5,58a4,True,55,spurious,-1,False,12388,8.0
timeout,even_odd,_mult8p0,1,0.15,1,3b95,1b95,True,25,correct,1,True,12388,8.0
timeout,even_odd,_mult8p0,1,0.15,3,5a97,58a4,True,35,spurious,-1,False,12388,8.0
timeout,even_odd,_mult8p0,1,0.15,1,1995,1905,True,45,spurious,-1,False,12388,8.0
timeout,even_odd,_mult8p0,1,0.15,3,db94,58a4,True,35,spurious,-1,False,12388,8.0
timeout,even_odd,_mult8p0,1,0.15,4,3b98,2b4,True,45,spurious,-1,False,12388,8.0
timeout,even_odd,_mult8p0,1,0.15,0,1b95,1b95,True,0,correct,1,True,12388,8.0
timeout,even_odd,_mult8p0,1,0.15,2,1bd4,2b4,True,35,spurious,-1,False,12388,8.0
timeout,even_odd,_mult8p0,1,0.15,1,1b15,1b95,True,25,correct,1,True,12388,8.0
timeout,even_odd,_mult8p0,1,0.15,3,1791,395,True,11,spurious,-1,False,12388,8.0
timeout,even_odd,_mult8p0,1,0.15,3,1a8d,58a4,True,59,spurious,-1,False,12388,8.0
timeout,even_odd,_mult8p0,1,0.15,3,1387,395,True,45,spurious,-1,False,12388,8.0
timeout,even_odd,_mult8p0,1,0.15,3,1add,2b4,True,45,spurious,-1,False,12388,8.0
timeout,even_odd,_mult8p0,1,0.15,4,138f,395,True,49,spurious,-1,False,12388,8.0
timeout,even_odd,_mult8p0,1,0.15,5,1f5,2b4,True,83,spurious,-1,False,12388,8.0
timeout,even_odd,_mult8p0,1,0.15,0,1b95,1b95,True,0,correct,1,True,12388,8.0
timeout,even_odd,_mult8p0,1,0.15,4,1d99,1905,True,35,spurious,-1,False,12388,8.0
timeout,even_odd,_mult8p0,1,0.15,1,1b85,1b95,True,11,correct,1,True,12388,8.0
timeout,even_odd,_mult8p0,1,0.15,2,1b9c,2b4,True,35,spurious,-1,False,12388,8.0
timeout,even_odd,_mult8p0,1,0.15,3,fb5,58a4,True,55,spurious,-1,False,12388,8.0
timeout,even_odd,_mult8p0,1,0.15,0,1b95,1b95,True,0,correct,1,True,12388,8.0
timeout,even_odd,_mult8p0,1,0.15,0,1b95,1b95,True,0,correct,1,True,12388,8.0
timeout,even_odd,_mult8p0,1,0.15,1,1395,395,True,11,spurious,-1,False,12388,8.0
timeout,even_odd,_mult8p0,1,0.15,3,3b93,a797,True,69,spurious,-1,False,12388,8.0
timeout,even_odd,_mult8p0,1,0.15,1,1bb5,58a4,True,51,spurious,-1,False,12388,8.0
timeout,even_odd,_mult8p0,1,0.15,0,1b95,1b95,True,0,correct,1,True,12388,8.0
timeout,even_odd,_mult8p0,1,0.15,4,7fb5,58a4,True,45,spurious,-1,False,12388,8.0
timeout,even_odd,_mult8p0,1,0.15,3,1791,395,True,11,spurious,-1,False,12388,8.0
timeout,even_odd,_mult8p0,1,0.15,1,5b95,1b95,True,21,correct,1,True,12388,8.0
timeout,even_odd,_mult8p0,1,0.15,5,ab05,bf97,True,45,spurious,-1,False,12388,8.0
timeout,even_odd,_mult8p0,1,0.15,4,1615,395,True,45,spurious,-1,False,12388,8.0
timeout,even_odd,_mult8p0,1,0.15,6,ebb4,fca6,True,65,wrong_pattern,0,False,12388,8.0
timeout,even_odd,_mult8p0,1,0.15,2,1b55,395,True,35,spurious,-1,False,12388,8.0
timeout,even_odd,_mult8p0,1,0.15,3,bf95,bf97,True,25,spurious,-1,False,12388,8.0
timeout,even_odd,_mult8p0,1,0.15,3,1c95,58a4,True,45,spurious,-1,False,12388,8.0
timeout,even_odd,_mult8p0,1,0.15,2,1fd5,1b95,True,21,correct,1,True,12388,8.0
timeout,even_odd,_mult8p0,1,0.15,3,1bf1,2b4,True,69,spurious,-1,False,12388,8.0
timeout,even_odd,_mult8p0,1,0.15,2,1a9d,2b4,True,35,spurious,-1,False,12388,8.0
timeout,even_odd,_mult8p0,1,0.15,3,1a14,58a4,True,93,spurious,-1,False,12388,8.0
timeout,even_odd,_mult8p0,1,0.15,2,1bb1,2b4,True,35,spurious,-1,False,12388,8.0
timeout,even_odd,_mult8p0,1,0.15,2,1b17,1b95,True,25,correct,1,True,12388,8.0
timeout,even_odd,_mult8p0,1,0.15,2,13b5,2b4,True,11,spurious,-1,False,12388,8.0
timeout,even_odd,_mult8p0,1,0.15,6,8ffd,2b4,True,45,spurious,-1,False,12388,8.0
timeout,even_odd,_mult8p0,1,0.15,4,4394,2b4,True,35,spurious,-1,False,12388,8.0
timeout,even_odd,_mult8p0,1,0.15,5,3755,359,True,45,spurious,-1,False,12388,8.0
timeout,even_odd,_mult8p0,1,0.15,3,9bc5,1b95,True,45,correct,1,True,12388,8.0
timeout,even_odd,_mult8p0,1,0.15,2,5b94,58a4,True,35,spurious,-1,False,12388,8.0
timeout,even_odd,_mult8p0,1,0.15,1,1395,395,True,11,spurious,-1,False,12388,8.0
timeout,even_odd,_mult8p0,1,0.15,1,1bd5,1b95,True,21,correct,1,True,12388,8.0
timeout,even_odd,_mult8p0,1,0.15,1,5b95,1b95,True,21,correct,1,True,12388,8.0
timeout,even_odd,_mult8p0,1,0.15,5,38f5,58a4,True,35,spurious,-1,False,12388,8.0
timeout,even_odd,_mult8p0,1,0.15,2,1915,1905,True,11,spurious,-1,False,12388,8.0
timeout,even_odd,_mult8p0,1,0.15,1,5b95,1b95,True,21,correct,1,True,12388,8.0
timeout,even_odd,_mult8p0,1,0.15,3,1b25,1b95,True,45,correct,1,True,12388,8.0
timeout,even_odd,_mult8p0,1,0.15,2,1397,395,True,45,spurious,-1,False,12388,8.0
timeout,even_odd,_mult8p0,1,0.15,4,f995,bd07,True,45,wrong_pattern,3,False,12388,8.0
timeout,even_odd,_mult8p0,1,0.15,2,9395,395,True,45,spurious,-1,False,12388,8.0
timeout,even_odd,_mult8p0,2,0.15,3,a3b4,a6b6,True,45,correct,2,True,12388,8.0
timeout,even_odd,_mult8p0,2,0.15,3,acb7,fca6,True,21,wrong_pattern,0,False,12388,8.0
timeout,even_odd,_mult8p0,2,0.15,3,6eb6,fca6,True,55,wrong_pattern,0,False,12388,8.0
timeout,even_odd,_mult8p0,2,0.15,1,a7b6,a6b6,True,11,correct,2,True,12388,8.0
timeout,even_odd,_mult8p0,2,0.15,2,a796,a6b6,True,35,correct,2,True,12388,8.0
timeout,even_odd,_mult8p0,2,0.15,0,a6b6,a6b6,True,0,correct,2,True,12388,8.0
timeout,even_odd,_mult8p0,2,0.15,2,a4b4,fca6,True,45,wrong_pattern,0,False,12388,8.0
timeout,even_odd,_mult8p0,2,0.15,0,a6b6,a6b6,True,0,correct,2,True,12388,8.0
timeout,even_odd,_mult8p0,2,0.15,5,8477,a677,False,12388,oscillated,-1,False,12388,8.0
timeout,even_odd,_mult8p0,2,0.15,2,a2a6,a6b6,True,21,correct,2,True,12388,8.0
timeout,even_odd,_mult8p0,2,0.15,1,aeb6,fca6,True,55,wrong_pattern,0,False,12388,8.0
timeout,even_odd,_mult8p0,2,0.15,1,b6b6,a6b6,True,11,correct,2,True,12388,8.0
timeout,even_odd,_mult8p0,2,0.15,0,a6b6,a6b6,True,0,correct,2,True,12388,8.0
timeout,even_odd,_mult8p0,2,0.15,3,b697,a6b6,True,45,correct,2,True,12388,8.0
timeout,even_odd,_mult8p0,2,0.15,3,66a6,fca6,True,69,wrong_pattern,0,False,12388,8.0
timeout,even_odd,_mult8p0,2,0.15,1,a6f6,a6b6,True,11,correct,2,True,12388,8.0
timeout,even_odd,_mult8p0,2,0.15,4,a6fd,e6fa,True,51,spurious,-1,False,12388,8.0
timeout,even_odd,_mult8p0,2,0.15,2,a7be,a6b6,True,25,correct,2,True,12388,8.0
timeout,even_odd,_mult8p0,2,0.15,0,a6b6,a6b6,True,0,correct,2,True,12388,8.0
timeout,even_odd,_mult8p0,2,0.15,1,a6be,a6b6,True,25,correct,2,True,12388,8.0
timeout,even_odd,_mult8p0,2,0.15,2,aea6,fca6,True,45,wrong_pattern,0,False,12388,8.0
timeout,even_odd,_mult8p0,2,0.15,4,adb4,fca6,True,45,wrong_pattern,0,False,12388,8.0
timeout,even_odd,_mult8p0,2,0.15,2,b6b4,a6b6,True,45,correct,2,True,12388,8.0
timeout,even_odd,_mult8p0,2,0.15,3,8ea6,fca6,True,45,wrong_pattern,0,False,12388,8.0
timeout,even_odd,_mult8p0,2,0.15,2,b696,a6b6,True,45,correct,2,True,12388,8.0
timeout,even_odd,_mult8p0,2,0.15,2,26b7,a6b6,True,25,correct,2,True,12388,8.0
timeout,even_odd,_mult8p0,2,0.15,0,a6b6,a6b6,True,0,correct,2,True,12388,8.0
timeout,even_odd,_mult8p0,2,0.15,1,a4b6,fca6,True,45,wrong_pattern,0,False,12388,8.0
timeout,even_odd,_mult8p0,2,0.15,4,8286,a6b6,True,45,correct,2,True,12388,8.0
timeout,even_odd,_mult8p0,2,0.15,4,69e,2b4,True,45,spurious,-1,False,12388,8.0
timeout,even_odd,_mult8p0,2,0.15,2,eeb6,fca6,True,55,wrong_pattern,0,False,12388,8.0
timeout,even_odd,_mult8p0,2,0.15,3,b436,fca6,True,59,wrong_pattern,0,False,12388,8.0
timeout,even_odd,_mult8p0,2,0.15,2,a6a2,a6b6,True,21,correct,2,True,12388,8.0
timeout,even_odd,_mult8p0,2,0.15,1,a6b4,a6b6,True,25,correct,2,True,12388,8.0
timeout,even_odd,_mult8p0,2,0.15,1,a6b7,a6b6,True,11,correct,2,True,12388,8.0
timeout,even_odd,_mult8p0,2,0.15,2,a6fe,e6fa,True,21,spurious,-1,False,12388,8.0
timeout,even_odd,_mult8p0,2,0.15,1,a696,a6b6,True,25,correct,2,True,12388,8.0
timeout,even_odd,_mult8p0,2,0.15,2,aab6,fca6,True,55,wrong_pattern,0,False,12388,8.0
timeout,even_odd,_mult8p0,2,0.15,2,a6ba,e6fa,True,21,spurious,-1,False,12388,8.0
timeout,even_odd,_mult8p0,2,0.15,4,e36,58a4,True,89,spurious,-1,False,12388,8.0
timeout,even_odd,_mult8p0,2,0.15,3,25b6,a6b6,True,35,correct,2,True,12388,8.0
timeout,even_odd,_mult8p0,2,0.15,3,a7ae,a6b6,True,25,correct,2,True,12388,8.0
timeout,even_odd,_mult8p0,2,0.15,4,2276,e6fa,True,45,spurious,-1,False,12388,8.0
timeout,even_odd,_mult8p0,2,0.15,5,a70e,a75b,True,11,spurious,-1,False,12388,8.0
timeout,even_odd,_mult8p0,2,0.15,5,25e6,fca6,True,45,wrong_pattern,0,False,12388,8.0
timeout,even_odd,_mult8p0,2,0.15,0,a6b6,a6b6,True,0,correct,2,True,12388,8.0
timeout,even_odd,_mult8p0,2,0.15,1,a6b7,a6b6,True,11,correct,2,True,12388,8.0
timeout,even_odd,_mult8p0,2,0.15,4,afba,a6b6,True,69,correct,2,True,12388,8.0
timeout,even_odd,_mult8p0,2,0.15,3,ae34,fca6,True,89,wrong_pattern,0,False,12388,8.0
timeout,even_odd,_mult8p0,2,0.15,2,26b7,a6b6,True,25,correct,2,True,12388,8.0
timeout,even_odd,_mult8p0,2,0.15,4,efb7,fca6,True,55,wrong_pattern,0,False,12388,8.0
timeout,even_odd,_mult8p0,2,0.15,3,8692,a6b6,True,25,correct,2,True,12388,8.0
timeout,even_odd,_mult8p0,2,0.15,1,a6b2,a6b6,True,11,correct,2,True,12388,8.0
timeout,even_odd,_mult8p0,2,0.15,6,deb3,fca6,True,25,wrong_pattern,0,False,12388,8.0
timeout,even_odd,_mult8p0,2,0.15,2,e6be,e6fa,True,21,spurious,-1,False,12388,8.0
timeout,even_odd,_mult8p0,2,0.15,2,66b6,a6b6,True,25,correct,2,True,12388,8.0
timeout,even_odd,_mult8p0,2,0.15,1,e6b6,a6b6,True,11,correct,2,True,12388,8.0
timeout,even_odd,_mult8p0,2,0.15,2,e2b6,a6b6,True,11,correct,2,True,12388,8.0
timeout,even_odd,_mult8p0,2,0.15,4,be26,fca6,True,35,wrong_pattern,0,False,12388,8.0
timeout,even_odd,_mult8p0,2,0.15,3,32b6,a6b6,True,45,correct,2,True,12388,8.0
timeout,even_odd,_mult8p0,3,0.15,3,f503,fd4b,True,69,spurious,-1,False,12388,8.0
timeout,even_odd,_mult8p0,3,0.15,2,9907,bd07,True,45,correct,3,True,12388,8.0
timeout,even_odd,_mult8p0,3,0.15,2,3d47,bd07,True,25,correct,3,True,12388,8.0
timeout,even_odd,_mult8p0,3,0.15,2,bd26,fca6,True,59,wrong_pattern,0,False,12388,8.0
timeout,even_odd,_mult8p0,3,0.15,4,7f05,1905,True,69,spurious,-1,False,12388,8.0
timeout,even_odd,_mult8p0,3,0.15,2,bd45,bd07,True,25,correct,3,True,12388,8.0
timeout,even_odd,_mult8p0,3,0.15,1,bd06,bd07,True,11,correct,3,True,12388,8.0
timeout,even_odd,_mult8p0,3,0.15,2,bb07,bf97,True,45,spurious,-1,False,12388,8.0
timeout,even_odd,_mult8p0,3,0.15,2,7d07,bd07,True,25,correct,3,True,12388,8.0
timeout,even_odd,_mult8p0,3,0.15,2,b903,bd07,True,11,correct,3,True,12388,8.0
timeout,even_odd,_mult8p0,3,0.15,1,bd06,bd07,True,11,correct,3,True,12388,8.0
timeout,even_odd,_mult8p0,3,0.15,4,bda4,fca6,True,25,wrong_pattern,0,False,12388,8.0
timeout,even_odd,_mult8p0,3,0.15,2,fd47,bd07,True,21,correct,3,True,12388,8.0
timeout,even_odd,_mult8p0,3,0.15,4,9d11,1905,True,45,spurious,-1,False,12388,8.0
timeout,even_odd,_mult8p0,3,0.15,1,bd05,bd07,True,25,correct,3,True,12388,8.0
timeout,even_odd,_mult8p0,3,0.15,1,bd27,bd07,True,25,correct,3,True,12388,8.0
timeout,even_odd,_mult8p0,3,0.15,1,bd06,bd07,True,11,correct,3,True,12388,8.0
timeout,even_odd,_mult8p0,3,0.15,3,bc45,bd07,True,25,correct,3,True,12388,8.0
timeout,even_odd,_mult8p0,3,0.15,3,3987,bd07,True,45,correct,3,True,12388,8.0
timeout,even_odd,_mult8p0,3,0.15,5,db47,bd07,True,69,correct,3,True,12388,8.0
timeout,even_odd,_mult8p0,3,0.15,3,9903,bd07,True,45,correct,3,True,12388,8.0
timeout,even_odd,_mult8p0,3,0.15,3,b904,bd07,True,45,correct,3,True,12388,8.0
timeout,even_odd,_mult8p0,3,0.15,2,fd05,bd07,True,25,correct,3,True,12388,8.0
timeout,even_odd,_mult8p0,3,0.15,3,2d0f,fd4b,True,45,spurious,-1,False,12388,8.0
timeout,even_odd,_mult8p0,3,0.15,5,b383,a797,True,11,spurious,-1,False,12388,8.0
timeout,even_odd,_mult8p0,3,0.15,2,ac07,bd07,True,11,correct,3,True,12388,8.0
timeout,even_odd,_mult8p0,3,0.15,4,af1f,a75b,True,35,spurious,-1,False,12388,8.0
timeout,even_odd,_mult8p0,3,0.15,3,b703,a75b,True,45,spurious,-1,False,12388,8.0
timeout,even_odd,_mult8p0,3,0.15,3,dd06,bd07,True,35,correct,3,True,12388,8.0
timeout,even_odd,_mult8p0,3,0.15,4,3e06,fca6,True,69,wrong_pattern,0,False,12388,8.0
timeout,even_odd,_mult8p0,3,0.15,1,bd27,bd07,True,25,correct,3,True,12388,8.0
timeout,even_odd,_mult8p0,3,0.15,3,b447,a75b,True,45,spurious,-1,False,12388,8.0
timeout,even_odd,_mult8p0,3,0.15,2,b587,a797,True,55,spurious,-1,False,12388,8.0
timeout,even_odd,_mult8p0,3,0.15,3,bf45,bf97,True,45,spurious,-1,False,12388,8.0
timeout,even_odd,_mult8p0,3,0.15,3,a927,bd07,True,25,correct,3,True,12388,8.0
timeout,even_odd,_mult8p0,3,0.15,2,bd0e,fd4b,True,51,spurious,-1,False,12388,8.0
timeout,even_odd,_mult8p0,3,0.15,1,fd07,bd07,True,11,correct,3,True,12388,8.0
timeout,even_odd,_mult8p0,3,0.15,4,ac16,bd07,True,11,correct,3,True,12388,8.0
timeout,even_odd,_mult8p0,3,0.15,4,3717,a797,True,45,spurious,-1,False,12388,8.0
timeout,even_odd,_mult8p0,3,0.15,1,bf07,bf97,True,45,spurious,-1,False,12388,8.0
timeout,even_odd,_mult8p0,3,0.15,4,fdd7,bd07,True,25,correct,3,True,12388,8.0
timeout,even_odd,_mult8p0,3,0.15,1,bd17,bd07,True,11,correct,3,True,12388,8.0
timeout,even_odd,_mult8p0,3,0.15,7,85e3,fca6,True,55,wrong_pattern,0,False,12388,8.0
timeout,even_odd,_mult8p0,3,0.15,3,b985,bd07,True,45,correct,3,True,12388,8.0
timeout,even_odd,_mult8p0,3,0.15,3,b703,a75b,True,45,spurious,-1,False,12388,8.0
timeout,even_odd,_mult8p0,3,0.15,3,bda5,fca6,True,45,wrong_pattern,0,False,12388,8.0
timeout,even_odd,_mult8p0,3,0.15,0,bd07,bd07,True,0,correct,3,True,12388,8.0
timeout,even_odd,_mult8p0,3,0.15,2,b927,bd07,True,25,correct,3,True,12388,8.0
timeout,even_odd,_mult8p0,3,0.15,5,6c17,bd07,True,35,correct,3,True,12388,8.0
timeout,even_odd,_mult8p0,3,0.15,3,1d0f,1905,True,45,spurious,-1,False,12388,8.0
timeout,even_odd,_mult8p0,3,0.15,4,1903,1905,True,25,spurious,-1,False,12388,8.0
timeout,even_odd,_mult8p0,3,0.15,1,b907,bd07,True,11,correct,3,True,12388,8.0
timeout,even_odd,_mult8p0,3,0.15,1,bd17,bd07,True,11,correct,3,True,12388,8.0
timeout,even_odd,_mult8p0,3,0.15,0,bd07,bd07,True,0,correct,3,True,12388,8.0
timeout,even_odd,_mult8p0,3,0.15,6,918b,a75b,True,45,spurious,-1,False,12388,8.0
timeout,even_odd,_mult8p0,3,0.15,0,bd07,bd07,True,0,correct,3,True,12388,8.0
timeout,even_odd,_mult8p0,3,0.15,2,bd83,bd07,True,25,correct,3,True,12388,8.0
timeout,even_odd,_mult8p0,3,0.15,0,bd07,bd07,True,0,correct,3,True,12388,8.0
timeout,even_odd,_mult8p0,3,0.15,5,9483,fca6,True,83,wrong_pattern,0,False,12388,8.0
timeout,even_odd,_mult8p0,3,0.15,4,f513,a75b,True,45,spurious,-1,False,12388,8.0
timeout,even_odd,_mult8p0,0,0.3,2,7ce6,fca6,True,25,correct,0,True,12388,8.0
timeout,even_odd,_mult8p0,0,0.3,9,5f4f,359,True,45,spurious,-1,False,12388,8.0
timeout,even_odd,_mult8p0,0,0.3,6,7fd6,fca6,True,35,correct,0,True,12388,8.0
timeout,even_odd,_mult8p0,0,0.3,6,f104,bd07,True,45,wrong_pattern,3,False,12388,8.0
timeout,even_odd,_mult8p0,0,0.3,2,7ca7,fca6,True,25,correct,0,True,12388,8.0
timeout,even_odd,_mult8p0,0,0.3,8,24f3,fca6,True,55,correct,0,True,12388,8.0
timeout,even_odd,_mult8p0,0,0.3,3,fcf2,fca6,True,11,correct,0,True,12388,8.0
timeout,even_odd,_mult8p0,0,0.3,2,fea2,fca6,True,25,correct,0,True,12388,8.0
timeout,even_odd,_mult8p0,0,0.3,6,9c9f,fca6,True,83,correct,0,True,12388,8.0
timeout,even_odd,_mult8p0,0,0.3,6,84ac,42f8,True,69,spurious,-1,False,12388,8.0
timeout,even_odd,_mult8p0,0,0.3,3,beae,fca6,True,25,correct,0,True,12388,8.0
timeout,even_odd,_mult8p0,0,0.3,6,dc43,fd4b,True,25,spurious,-1,False,12388,8.0
timeout,even_odd,_mult8p0,0,0.3,3,fcfe,fca6,True,35,correct,0,True,12388,8.0
timeout,even_odd,_mult8p0,0,0.3,4,e5a4,fca6,True,25,correct,0,True,12388,8.0
timeout,even_odd,_mult8p0,0,0.3,5,fa8f,fca6,True,35,correct,0,True,12388,8.0
timeout,even_odd,_mult8p0,0,0.3,6,38c2,fca6,True,45,correct,0,True,12388,8.0
timeout,even_odd,_mult8p0,0,0.3,5,e6af,e6fa,True,21,spurious,-1,False,12388,8.0
timeout,even_odd,_mult8p0,0,0.3,4,cc66,fca6,True,59,correct,0,True,12388,8.0
timeout,even_odd,_mult8p0,0,0.3,3,e4a2,fca6,True,35,correct,0,True,12388,8.0
timeout,even_odd,_mult8p0,0,0.3,5,b8a8,fca6,True,45,correct,0,True,12388,8.0
timeout,even_odd,_mult8p0,0,0.3,4,fc44,fd4b,True,79,spurious,-1,False,12388,8.0
timeout,even_odd,_mult8p0,0,0.3,5,ccab,fca6,True,45,correct,0,True,12388,8.0
timeout,even_odd,_mult8p0,0,0.3,3,2ca6,fca6,True,35,correct,0,True,12388,8.0
timeout,even_odd,_mult8p0,0,0.3,0,fca6,fca6,True,0,correct,0,True,12388,8.0
timeout,even_odd,_mult8p0,0,0.3,3,f48e,fca6,True,25,correct,0,True,12388,8.0
timeout,even_odd,_mult8p0,0,0.3,5,f99e,fca6,True,49,correct,0,True,12388,8.0
timeout,even_odd,_mult8p0,0,0.3,7,f2e1,a6b6,True,45,wrong_pattern,2,False,12388,8.0
timeout,even_odd,_mult8p0,0,0.3,6,e40f,fd4b,True,35,spurious,-1,False,12388,8.0
timeout,even_odd,_mult8p0,0,0.3,3,f4b4,fca6,True,35,correct,0,True,12388,8.0
timeout,even_odd,_mult8p0,0,0.3,4,bdac,fca6,True,35,correct,0,True,12388,8.0
timeout,even_odd,_mult8p0,0,0.3,4,bec6,fca6,True,35,correct,0,True,12388,8.0
timeout,even_odd,_mult8p0,0,0.3,1,fea6,fca6,True,25,correct,0,True,12388,8.0
timeout,even_odd,_mult8p0,0,0.3,6,5c8d,58a4,True,83,spurious,-1,False,12388,8.0
timeout,even_odd,_mult8p0,0,0.3,4,b8aa,fca6,True,35,correct,0,True,12388,8.0
timeout,even_odd,_mult8p0,0,0.3,9,5afb,4068,True,55,spurious,-1,False,12388,8.0
timeout,even_odd,_mult8p0,0,0.3,3,e8e6,fca6,True,11,correct,0,True,12388,8.0
timeout,even_odd,_mult8p0,0,0.3,6,3c42,bd07,True,45,wrong_pattern,3,False,12388,8.0
timeout,even_odd,_mult8p0,0,0.3,4,feab,fca6,True,35,correct,0,True,12388,8.0
timeout,even_odd,_mult8p0,0,0.3,2,6ca6,fca6,True,25,correct,0,True,12388,8.0
timeout,even_odd,_mult8p0,0,0.3,7,72bf,a6b6,True,45,wrong_pattern,2,False,12388,8.0
timeout,even_odd,_mult8p0,0,0.3,5,bfe7,fca6,True,45,correct,0,True,12388,8.0
timeout,even_odd,_mult8p0,0,0.3,2,f486,fca6,True,25,correct,0,True,12388,8.0
timeout,even_odd,_mult8p0,0,0.3,4,deb7,fca6,True,31,correct,0,True,12388,8.0
timeout,even_odd,_mult8p0,0,0.3,2,eca4,fca6,True,25,correct,0,True,12388,8.0
timeout,even_odd,_mult8p0,0,0.3,4,be27,fca6,True,93,correct,0,True,12388,8.0
timeout,even_odd,_mult8p0,0,0.3,5,d0a3,fca6,True,45,correct,0,True,12388,8.0
timeout,even_odd,_mult8p0,0,0.3,7,1802,1905,True,35,spurious,-1,False,12388,8.0
timeout,even_odd,_mult8p0,0,0.3,3,dc87,fca6,True,35,correct,0,True,12388,8.0
timeout,even_odd,_mult8p0,0,0.3,7,3e1e,a75b,True,55,spurious,-1,False,12388,8.0
timeout,even_odd,_mult8p0,0,0.3,4,d926,fca6,True,59,correct,0,True,12388,8.0
timeout,even_odd,_mult8p0,0,0.3,4,f4e0,fca6,True,35,correct,0,True,12388,8.0
timeout,even_odd,_mult8p0,0,0.3,5,6436,fc6a,True,41,spurious,-1,False,12388,8.0
timeout,even_odd,_mult8p0,0,0.3,4,50a6,58a4,True,25,spurious,-1,False,12388,8.0
timeout,even_odd,_mult8p0,0,0.3,5,38ac,58a4,True,25,spurious,-1,False,12388,8.0
timeout,even_odd,_mult8p0,0,0.3,7,dc09,5949,True,45,spurious,-1,False,12388,8.0
timeout,even_odd,_mult8p0,0,0.3,7,7abd,58a4,True,25,spurious,-1,False,12388,8.0
timeout,even_odd,_mult8p0,0,0.3,4,fd76,fd66,False,12388,oscillated,-1,False,12388,8.0
timeout,even_odd,_mult8p0,0,0.3,8,cc48,5949,True,45,spurious,-1,False,12388,8.0
timeout,even_odd,_mult8p0,0,0.3,7,cc6b,fd4b,True,45,spurious,-1,False,12388,8.0
timeout,even_odd,_mult8p0,0,0.3,5,fff7,fca6,True,35,correct,0,True,12388,8.0
timeout,even_odd,_mult8p0,1,0.3,5,93f1,2b4,True,45,spurious,-1,False,12388,8.0
timeout,even_odd,_mult8p0,1,0.3,4,1b03,1b95,True,45,correct,1,True,12388,8.0
timeout,even_odd,_mult8p0,1,0.3,9,272c,359,True,45,spurious,-1,False,12388,8.0
timeout,even_odd,_mult8p0,1,0.3,2,1a85,58a4,True,59,spurious,-1,False,12388,8.0
timeout,even_odd,_mult8p0,1,0.3,6,9581,395,True,79,spurious,-1,False,12388,8.0
timeout,even_odd,_mult8p0,1,0.3,4,7915,1905,True,35,spurious,-1,False,12388,8.0
timeout,even_odd,_mult8p0,1,0.3,5,1099,359,True,85,spurious,-1,False,12388,8.0
timeout,even_odd,_mult8p0,1,0.3,5,3ddd,1905,True,45,spurious,-1,False,12388,8.0
timeout,even_odd,_mult8p0,1,0.3,6,b3a7,a6b6,True,11,wrong_pattern,2,False,12388,8.0
timeout,even_odd,_mult8p0,1,0.3,5,a16,58a4,True,123,spurious,-1,False,12388,8.0
timeout,even_odd,_mult8p0,1,0.3,4,1d9c,58a4,True,83,spurious,-1,False,12388,8.0
timeout,even_odd,_mult8p0,1,0.3,5,4ab4,58a4,True,55,spurious,-1,False,12388,8.0
timeout,even_odd,_mult8p0,1,0.3,6,995c,5949,True,45,spurious,-1,False,12388,8.0
timeout,even_odd,_mult8p0,1,0.3,7,fd05,bd07,True,25,wrong_pattern,3,False,12388,8.0
timeout,even_odd,_mult8p0,1,0.3,6,10bf,2b4,True,83,spurious,-1,False,12388,8.0
timeout,even_odd,_mult8p0,1,0.3,5,bbe5,fca6,True,45,wrong_pattern,0,False,12388,8.0
timeout,even_odd,_mult8p0,1,0.3,5,1903,1905,True,25,spurious,-1,False,12388,8.0
timeout,even_odd,_mult8p0,1,0.3,2,1bb1,2b4,True,35,spurious,-1,False,12388,8.0
timeout,even_odd,_mult8p0,1,0.3,3,5bbd,58a4,True,35,spurious,-1,False,12388,8.0
timeout,even_odd,_mult8p0,1,0.3,4,17b1,2b4,True,11,spurious,-1,False,12388,8.0
timeout,even_odd,_mult8p0,1,0.3,5,3be7,fca6,True,45,wrong_pattern,0,False,12388,8.0
timeout,even_odd,_mult8p0,1,0.3,3,3985,1905,True,25,spurious,-1,False,12388,8.0
timeout,even_odd,_mult8p0,1,0.3,2,3b97,bf97,True,45,spurious,-1,False,12388,8.0
timeout,even_odd,_mult8p0,1,0.3,3,5991,1905,True,25,spurious,-1,False,12388,8.0
timeout,even_odd,_mult8p0,1,0.3,6,be9,42f8,True,55,spurious,-1,False,12388,8.0
timeout,even_odd,_mult8p0,1,0.3,3,b9f,395,True,49,spurious,-1,False,12388,8.0
timeout,even_odd,_mult8p0,1,0.3,9,ca20,58a4,True,59,spurious,-1,False,12388,8.0
timeout,even_odd,_mult8p0,1,0.3,3,9a91,2b4,True,35,spurious,-1,False,12388,8.0
timeout,even_odd,_mult8p0,1,0.3,4,8295,2b4,True,35,spurious,-1,False,12388,8.0
timeout,even_odd,_mult8p0,1,0.3,6,21f5,2b4,True,83,spurious,-1,False,12388,8.0
timeout,even_odd,_mult8p0,1,0.3,7,5841,5949,True,25,spurious,-1,False,12388,8.0
timeout,even_odd,_mult8p0,1,0.3,5,1a7d,359,True,79,spurious,-1,False,12388,8.0
timeout,even_odd,_mult8p0,1,0.3,6,48c5,58a4,True,45,spurious,-1,False,12388,8.0
timeout,even_odd,_mult8p0,1,0.3,5,1ad2,2b4,True,35,spurious,-1,False,12388,8.0
timeout,even_odd,_mult8p0,1,0.3,6,7fc1,1905,True,69,spurious,-1,False,12388,8.0
timeout,even_odd,_mult8p0,1,0.3,2,395,395,True,0,spurious,-1,False,12388,8.0
timeout,even_odd,_mult8p0,1,0.3,5,d194,58a4,True,83,spurious,-1,False,12388,8.0
timeout,even_odd,_mult8p0,1,0.3,5,d91d,5949,True,35,spurious,-1,False,12388,8.0
timeout,even_odd,_mult8p0,1,0.3,6,badf,a6b6,True,45,wrong_pattern,2,False,12388,8.0
timeout,even_odd,_mult8p0,1,0.3,4,1bd2,2b4,True,69,spurious,-1,False,12388,8.0
timeout,even_odd,_mult8p0,1,0.3,5,3fa7,fca6,True,45,wrong_pattern,0,False,12388,8.0
timeout,even_odd,_mult8p0,1,0.3,3,9d95,1905,True,45,spurious,-1,False,12388,8.0
timeout,even_odd,_mult8p0,1,0.3,3,9f15,1b95,True,45,correct,1,True,12388,8.0
timeout,even_odd,_mult8p0,1,0.3,6,9c17,bd07,True,45,wrong_pattern,3,False,12388,8.0
timeout,even_odd,_mult8p0,1,0.3,2,4b95,1b95,True,11,correct,1,True,12388,8.0
timeout,even_odd,_mult8p0,1,0.3,5,a991,bf97,True,117,spurious,-1,False,12388,8.0
timeout,even_odd,_mult8p0,1,0.3,6,99cf,bd07,True,45,wrong_pattern,3,False,12388,8.0
timeout,even_odd,_mult8p0,1,0.3,6,15b9,4068,True,89,spurious,-1,False,12388,8.0
timeout,even_odd,_mult8p0,1,0.3,6,3b3b,a75b,True,45,spurious,-1,False,12388,8.0
timeout,even_odd,_mult8p0,1,0.3,7,8201,359,True,35,spurious,-1,False,12388,8.0
timeout,even_odd,_mult8p0,1,0.3,7,7134,58a4,True,59,spurious,-1,False,12388,8.0
timeout,even_odd,_mult8p0,1,0.3,7,cf9b,a797,True,49,spurious,-1,False,12388,8.0
timeout,even_odd,_mult8p0,1,0.3,6,699f,bd07,True,45,wrong_pattern,3,False,12388,8.0
timeout,even_odd,_mult8p0,1,0.3,4,1ff7,2b4,True,69,spurious,-1,False,12388,8.0
timeout,even_odd,_mult8p0,1,0.3,4,3a8d,58a4,True,59,spurious,-1,False,12388,8.0
timeout,even_odd,_mult8p0,1,0.3,5,89f5,58a4,True,55,spurious,-1,False,12388,8.0
timeout,even_odd,_mult8p0,1,0.3,3,8b97,bf97,True,45,spurious,-1,False,12388,8.0
timeout,even_odd,_mult8p0,1,0.3,1,1bd5,1b95,True,21,correct,1,True,12388,8.0
timeout,even_odd,_mult8p0,1,0.3,5,2a35,58a4,True,123,spurious,-1,False,12388,8.0
timeout,even_odd,_mult8p0,1,0.3,8,4af8,42f8,True,25,spurious,-1,False,12388,8.0
timeout,even_odd,_mult8p0,2,0.3,8,283d,5949,True,89,spurious,-1,False,12388,8.0
timeout,even_odd,_mult8p0,2,0.3,7,a581,a797,True,49,spurious,-1,False,12388,8.0
timeout,even_odd,_mult8p0,2,0.3,5,72be,a6b6,True,59,correct,2,True,12388,8.0
timeout,even_odd,_mult8p0,2,0.3,4,c2b2,a6b6,True,45,correct,2,True,12388,8.0
timeout,even_odd,_mult8p0,2,0.3,5,2a34,58a4,True,89,spurious,-1,False,12388,8.0
timeout,even_odd,_mult8p0,2,0.3,4,f4b2,fca6,True,35,wrong_pattern,0,False,12388,8.0
timeout,even_odd,_mult8p0,2,0.3,1,26b6,a6b6,True,25,correct,2,True,12388,8.0
timeout,even_odd,_mult8p0,2,0.3,3,afa6,fca6,True,55,wrong_pattern,0,False,12388,8.0
timeout,even_odd,_mult8p0,2,0.3,3,a2a7,a6b6,True,11,correct,2,True,12388,8.0
timeout,even_odd,_mult8p0,2,0.3,5,c6c6,a6b6,True,45,correct,2,True,12388,8.0
timeout,even_odd,_mult8p0,2,0.3,5,8ffe,a6b6,True,69,correct,2,True,12388,8.0
timeout,even_odd,_mult8p0,2,0.3,3,a635,a6b6,True,59,correct,2,True,12388,8.0
timeout,even_odd,_mult8p0,2,0.3,5,e42e,e46a,True,21,spurious,-1,False,12388,8.0
timeout,even_odd,_mult8p0,2,0.3,4,afb5,fca6,True,55,wrong_pattern,0,False,12388,8.0
timeout,even_odd,_mult8p0,2,0.3,6,aa7a,e46a,True,79,spurious,-1,False,12388,8.0
timeout,even_odd,_mult8p0,2,0.3,5,9494,2b4,True,45,spurious,-1,False,12388,8.0
timeout,even_odd,_mult8p0,2,0.3,2,b6a6,a6b6,True,21,correct,2,True,12388,8.0
timeout,even_odd,_mult8p0,2,0.3,5,86e3,a6b6,True,55,correct,2,True,12388,8.0
timeout,even_odd,_mult8p0,2,0.3,2,aea6,fca6,True,45,wrong_pattern,0,False,12388,8.0
timeout,even_odd,_mult8p0,2,0.3,5,63be,e6fa,True,45,spurious,-1,False,12388,8.0
timeout,even_odd,_mult8p0,2,0.3,3,2b6,2b4,True,25,spurious,-1,False,12388,8.0
timeout,even_odd,_mult8p0,2,0.3,6,d4a7,fca6,True,25,wrong_pattern,0,False,12388,8.0
timeout,even_odd,_mult8p0,2,0.3,5,96bb,e6fa,True,35,spurious,-1,False,12388,8.0
timeout,even_odd,_mult8p0,2,0.3,6,45b4,58a4,True,49,spurious,-1,False,12388,8.0
timeout,even_odd,_mult8p0,2,0.3,4,a7f3,a6b6,True,11,correct,2,True,12388,8.0
timeout,even_odd,_mult8p0,2,0.3,4,a6ec,e6fa,True,35,spurious,-1,False,12388,8.0
timeout,even_odd,_mult8p0,2,0.3,5,96f5,2b4,True,45,spurious,-1,False,12388,8.0
timeout,even_odd,_mult8p0,2,0.3,5,a09f,a6b6,True,83,correct,2,True,12388,8.0
timeout,even_odd,_mult8p0,2,0.3,4,66a2,e6fa,True,59,spurious,-1,False,12388,8.0
timeout,even_odd,_mult8p0,2,0.3,5,7a2,2b4,True,45,spurious,-1,False,12388,8.0
timeout,even_odd,_mult8p0,2,0.3,5,f67e,e6fa,True,55,spurious,-1,False,12388,8.0
timeout,even_odd,_mult8p0,2,0.3,5,a21c,a75b,True,45,spurious,-1,False,12388,8.0
timeout,even_odd,_mult8p0,2,0.3,5,27ac,2b4,True,45,spurious,-1,False,12388,8.0
timeout,even_odd,_mult8p0,2,0.3,6,a42b,a75b,True,35,spurious,-1,False,12388,8.0
timeout,even_odd,_mult8p0,2,0.3,5,9635,2b4,True,79,spurious,-1,False,12388,8.0
timeout,even_odd,_mult8p0,2,0.3,6,3df6,fca6,True,35,wrong_pattern,0,False,12388,8.0
timeout,even_odd,_mult8p0,2,0.3,5,ae1f,a75b,True,45,spurious,-1,False,12388,8.0
timeout,even_odd,_mult8p0,2,0.3,4,aa37,fca6,True,123,wrong_pattern,0,False,12388,8.0
timeout,even_odd,_mult8p0,2,0.3,7,f93,395,True,69,spurious,-1,False,12388,8.0
timeout,even_odd,_mult8p0,2,0.3,4,b426,fca6,True,25,wrong_pattern,0,False,12388,8.0
timeout,even_odd,_mult8p0,2,0.3,6,ae78,e46a,True,79,spurious,-1,False,12388,8.0
timeout,even_odd,_mult8p0,2,0.3,4,83b2,a6b6,True,45,correct,2,True,12388,8.0
timeout,even_odd,_mult8p0,2,0.3,5,befa,a6b6,True,35,correct,2,True,12388,8.0
timeout,even_odd,_mult8p0,2,0.3,9,bf19,a75b,True,35,spurious,-1,False,12388,8.0
timeout,even_odd,_mult8p0,2,0.3,6,38b2,fca6,True,45,wrong_pattern,0,False,12388,8.0
timeout,even_odd,_mult8p0,2,0.3,3,8eb7,fca6,True,55,wrong_pattern,0,False,12388,8.0
timeout,even_odd,_mult8p0,2,0.3,8,887,58a4,True,65,spurious,-1,False,12388,8.0
timeout,even_odd,_mult8p0,2,0.3,6,fc94,fca6,True,25,wrong_pattern,0,False,12388,8.0
timeout,even_odd,_mult8p0,2,0.3,4,97f6,a6b6,True,25,correct,2,True,12388,8.0
timeout,even_odd,_mult8p0,2,0.3,7,8f25,1b95,True,45,wrong_pattern,1,False,12388,8.0
timeout,even_odd,_mult8p0,2,0.3,5,a6e8,e6fa,True,35,spurious,-1,False,12388,8.0
timeout,even_odd,_mult8p0,2,0.3,5,21b4,2b4,True,35,spurious,-1,False,12388,8.0
timeout,even_odd,_mult8p0,2,0.3,6,977e,a75b,True,45,spurious,-1,False,12388,8.0
timeout,even_odd,_mult8p0,2,0.3,5,31b6,fca6,True,65,wrong_pattern,0,False,12388,8.0
timeout,even_odd,_mult8p0,2,0.3,6,1ebf,2b4,True,69,spurious,-1,False,12388,8.0
timeout,even_odd,_mult8p0,2,0.3,8,cf7c,359,True,83,spurious,-1,False,12388,8.0
timeout,even_odd,_mult8p0,2,0.3,6,622e,e6fa,True,45,spurious,-1,False,12388,8.0
timeout,even_odd,_mult8p0,2,0.3,4,2096,a6b6,True,45,correct,2,True,12388,8.0
timeout,even_odd,_mult8p0,2,0.3,1,a6b2,a6b6,True,11,correct,2,True,12388,8.0
timeout,even_odd,_mult8p0,2,0.3,5,abbc,a6b6,True,45,correct,2,True,12388,8.0
timeout,even_odd,_mult8p0,3,0.3,4,a583,a797,True,49,spurious,-1,False,12388,8.0
timeout,even_odd,_mult8p0,3,0.3,4,3427,fca6,True,59,wrong_pattern,0,False,12388,8.0
timeout,even_odd,_mult8p0,3,0.3,5,1b17,1b95,True,25,wrong_pattern,1,False,12388,8.0
timeout,even_odd,_mult8p0,3,0.3,6,d737,a797,True,45,spurious,-1,False,12388,8.0
timeout,even_odd,_mult8p0,3,0.3,4,3597,a797,True,49,spurious,-1,False,12388,8.0
timeout,even_odd,_mult8p0,3,0.3,6,aa1f,a75b,True,45,spurious,-1,False,12388,8.0
timeout,even_odd,_mult8p0,3,0.3,7,9560,5949,True,45,spurious,-1,False,12388,8.0
timeout,even_odd,_mult8p0,3,0.3,6,f156,a75b,True,45,spurious,-1,False,12388,8.0
timeout,even_odd,_mult8p0,3,0.3,4,ef03,fd4b,True,117,spurious,-1,False,12388,8.0
timeout,even_odd,_mult8p0,3,0.3,6,ed92,fca6,True,45,wrong_pattern,0,False,12388,8.0
timeout,even_odd,_mult8p0,3,0.3,5,395f,bd07,True,59,correct,3,True,12388,8.0
timeout,even_odd,_mult8p0,3,0.3,4,b536,fca6,True,93,wrong_pattern,0,False,12388,8.0
timeout,even_odd,_mult8p0,3,0.3,7,67c7,a75b,True,59,spurious,-1,False,12388,8.0
timeout,even_odd,_mult8p0,3,0.3,2,bd04,bd07,True,25,correct,3,True,12388,8.0
timeout,even_odd,_mult8p0,3,0.3,5,dc0b,fd4b,True,25,spurious,-1,False,12388,8.0
timeout,even_odd,_mult8p0,3,0.3,4,ed2f,fd4b,True,35,spurious,-1,False,12388,8.0
timeout,even_odd,_mult8p0,3,0.3,5,db17,bd07,True,69,correct,3,True,12388,8.0
timeout,even_odd,_mult8p0,3,0.3,4,b797,a797,True,11,spurious,-1,False,12388,8.0
timeout,even_odd,_mult8p0,3,0.3,4,992f,fd4b,True,45,spurious,-1,False,12388,8.0
timeout,even_odd,_mult8p0,3,0.3,8,1c5a,5949,True,89,spurious,-1,False,12388,8.0
timeout,even_odd,_mult8p0,3,0.3,6,aa0e,a75b,True,45,spurious,-1,False,12388,8.0
timeout,even_odd,_mult8p0,3,0.3,7,270a,a75b,True,25,spurious,-1,False,12388,8.0
timeout,even_odd,_mult8p0,3,0.3,7,ca06,fca6,True,103,wrong_pattern,0,False,12388,8.0
timeout,even_odd,_mult8p0,3,0.3,4,dd8f,bd07,True,35,correct,3,True,12388,8.0
timeout,even_odd,_mult8p0,3,0.3,1,bc07,bd07,True,11,correct,3,True,12388,8.0
timeout,even_odd,_mult8p0,3,0.3,6,a8b7,fca6,True,21,wrong_pattern,0,False,12388,8.0
timeout,even_odd,_mult8p0,3,0.3,3,3d0b,fd4b,True,35,spurious,-1,False,12388,8.0
timeout,even_odd,_mult8p0,3,0.3,4,3f97,bf97,True,25,spurious,-1,False,12388,8.0
timeout,even_odd,_mult8p0,3,0.3,6,2a27,fca6,True,123,wrong_pattern,0,False,12388,8.0
timeout,even_odd,_mult8p0,3,0.3,5,3426,fca6,True,25,wrong_pattern,0,False,12388,8.0
timeout,even_odd,_mult8p0,3,0.3,6,b780,a6b6,True,45,wrong_pattern,2,False,12388,8.0
timeout,even_odd,_mult8p0,3,0.3,3,af06,bf97,True,45,spurious,-1,False,12388,8.0
timeout,even_odd,_mult8p0,3,0.3,5,7585,1b95,True,79,wrong_pattern,1,False,12388,8.0
timeout,even_odd,_mult8p0,3,0.3,5,ed0a,fd4b,True,11,spurious,-1,False,12388,8.0
timeout,even_odd,_mult8p0,3,0.3,4,d47,5949,True,93,spurious,-1,False,12388,8.0
timeout,even_odd,_mult8p0,3,0.3,5,9e15,1b95,True,45,wrong_pattern,1,False,12388,8.0
timeout,even_odd,_mult8p0,3,0.3,10,9b0,58a4,True,21,spurious,-1,False,12388,8.0
timeout,even_odd,_mult8p0,3,0.3,4,9913,bd07,True,45,correct,3,True,12388,8.0
timeout,even_odd,_mult8p0,3,0.3,2,b517,bf97,True,49,spurious,-1,False,12388,8.0
timeout,even_odd,_mult8p0,3,0.3,5,f14f,fd4b,True,35,spurious,-1,False,12388,8.0
timeout,even_odd,_mult8p0,3,0.3,4,1c06,1905,True,89,spurious,-1,False,12388,8.0
timeout,even_odd,_mult8p0,3,0.3,2,ad05,bd07,True,25,correct,3,True,12388,8.0
timeout,even_odd,_mult8p0,3,0.3,5,ff6f,fd4b,True,25,spurious,-1,False,12388,8.0
timeout,even_odd,_mult8p0,3,0.3,7,1a37,58a4,True,93,spurious,-1,False,12388,8.0
timeout,even_odd,_mult8p0,3,0.3,3,9c03,bd07,True,25,correct,3,True,12388,8.0
timeout,even_odd,_mult8p0,3,0.3,6,7f24,58a4,True,69,spurious,-1,False,12388,8.0
timeout,even_odd,_mult8p0,3,0.3,3,b597,a797,True,49,spurious,-1,False,12388,8.0
timeout,even_odd,_mult8p0,3,0.3,5,a687,a6b6,True,35,wrong_pattern,2,False,12388,8.0
timeout,even_odd,_mult8p0,3,0.3,7,198c,58a4,True,83,spurious,-1,False,12388,8.0
timeout,even_odd,_mult8p0,3,0.3,5,ac93,fca6,True,65,wrong_pattern,0,False,12388,8.0
timeout,even_odd,_mult8p0,3,0.3,6,f53b,a75b,True,45,spurious,-1,False,12388,8.0
timeout,even_odd,_mult8p0,3,0.3,3,7d17,bd07,True,35,correct,3,True,12388,8.0
timeout,even_odd,_mult8p0,3,0.3,5,a737,a797,True,25,spurious,-1,False,12388,8.0
timeout,even_odd,_mult8p0,3,0.3,4,df87,bd07,True,35,correct,3,True,12388,8.0
timeout,even_odd,_mult8p0,3,0.3,8,5b93,1905,True,35,spurious,-1,False,12388,8.0
timeout,even_odd,_mult8p0,3,0.3,4,be26,fca6,True,35,wrong_pattern,0,False,12388,8.0
timeout,even_odd,_mult8p0,3,0.3,7,19ae,58a4,True,35,spurious,-1,False,12388,8.0
timeout,even_odd,_mult8p0,3,0.3,4,9dc3,bd07,True,25,correct,3,True,12388,8.0
timeout,even_odd,_mult8p0,3,0.3,7,878d,395,True,59,spurious,-1,False,12388,8.0
timeout,even_odd,_mult8p0,3,0.3,3,b405,bd07,True,25,correct,3,True,12388,8.0
timeout,depth,_mult16p0,0,0.0,0,fca6,fca6,True,0,correct,0,True,10340,16.0
timeout,depth,_mult16p0,0,0.0,0,fca6,fca6,True,0,correct,0,True,10340,16.0
timeout,depth,_mult16p0,0,0.0,0,fca6,fca6,True,0,correct,0,True,10340,16.0
timeout,depth,_mult16p0,0,0.0,0,fca6,fca6,True,0,correct,0,True,10340,16.0
timeout,depth,_mult16p0,0,0.0,0,fca6,fca6,True,0,correct,0,True,10340,16.0
timeout,depth,_mult16p0,0,0.0,0,fca6,fca6,True,0,correct,0,True,10340,16.0
timeout,depth,_mult16p0,0,0.0,0,fca6,fca6,True,0,correct,0,True,10340,16.0
timeout,depth,_mult16p0,0,0.0,0,fca6,fca6,True,0,correct,0,True,10340,16.0
timeout,depth,_mult16p0,0,0.0,0,fca6,fca6,True,0,correct,0,True,10340,16.0
timeout,depth,_mult16p0,0,0.0,0,fca6,fca6,True,0,correct,0,True,10340,16.0
timeout,depth,_mult16p0,0,0.0,0,fca6,fca6,True,0,correct,0,True,10340,16.0
timeout,depth,_mult16p0,0,0.0,0,fca6,fca6,True,0,correct,0,True,10340,16.0
timeout,depth,_mult16p0,0,0.0,0,fca6,fca6,True,0,correct,0,True,10340,16.0
timeout,depth,_mult16p0,0,0.0,0,fca6,fca6,True,0,correct,0,True,10340,16.0
timeout,depth,_mult16p0,0,0.0,0,fca6,fca6,True,0,correct,0,True,10340,16.0
timeout,depth,_mult16p0,0,0.0,0,fca6,fca6,True,0,correct,0,True,10340,16.0
timeout,depth,_mult16p0,0,0.0,0,fca6,fca6,True,0,correct,0,True,10340,16.0
timeout,depth,_mult16p0,0,0.0,0,fca6,fca6,True,0,correct,0,True,10340,16.0
timeout,depth,_mult16p0,0,0.0,0,fca6,fca6,True,0,correct,0,True,10340,16.0
timeout,depth,_mult16p0,0,0.0,0,fca6,fca6,True,0,correct,0,True,10340,16.0
timeout,depth,_mult16p0,0,0.0,0,fca6,fca6,True,0,correct,0,True,10340,16.0
timeout,depth,_mult16p0,0,0.0,0,fca6,fca6,True,0,correct,0,True,10340,16.0
timeout,depth,_mult16p0,0,0.0,0,fca6,fca6,True,0,correct,0,True,10340,16.0
timeout,depth,_mult16p0,0,0.0,0,fca6,fca6,True,0,correct,0,True,10340,16.0
timeout,depth,_mult16p0,0,0.0,0,fca6,fca6,True,0,correct,0,True,10340,16.0
timeout,depth,_mult16p0,0,0.0,0,fca6,fca6,True,0,correct,0,True,10340,16.0
timeout,depth,_mult16p0,0,0.0,0,fca6,fca6,True,0,correct,0,True,10340,16.0
timeout,depth,_mult16p0,0,0.0,0,fca6,fca6,True,0,correct,0,True,10340,16.0
timeout,depth,_mult16p0,0,0.0,0,fca6,fca6,True,0,correct,0,True,10340,16.0
timeout,depth,_mult16p0,0,0.0,0,fca6,fca6,True,0,correct,0,True,10340,16.0
timeout,depth,_mult16p0,0,0.0,0,fca6,fca6,True,0,correct,0,True,10340,16.0
timeout,depth,_mult16p0,0,0.0,0,fca6,fca6,True,0,correct,0,True,10340,16.0
timeout,depth,_mult16p0,0,0.0,0,fca6,fca6,True,0,correct,0,True,10340,16.0
timeout,depth,_mult16p0,0,0.0,0,fca6,fca6,True,0,correct,0,True,10340,16.0
timeout,depth,_mult16p0,0,0.0,0,fca6,fca6,True,0,correct,0,True,10340,16.0
timeout,depth,_mult16p0,0,0.0,0,fca6,fca6,True,0,correct,0,True,10340,16.0
timeout,depth,_mult16p0,0,0.0,0,fca6,fca6,True,0,correct,0,True,10340,16.0
timeout,depth,_mult16p0,0,0.0,0,fca6,fca6,True,0,correct,0,True,10340,16.0
timeout,depth,_mult16p0,0,0.0,0,fca6,fca6,True,0,correct,0,True,10340,16.0
timeout,depth,_mult16p0,0,0.0,0,fca6,fca6,True,0,correct,0,True,10340,16.0
timeout,depth,_mult16p0,0,0.0,0,fca6,fca6,True,0,correct,0,True,10340,16.0
timeout,depth,_mult16p0,0,0.0,0,fca6,fca6,True,0,correct,0,True,10340,16.0
timeout,depth,_mult16p0,0,0.0,0,fca6,fca6,True,0,correct,0,True,10340,16.0
timeout,depth,_mult16p0,0,0.0,0,fca6,fca6,True,0,correct,0,True,10340,16.0
timeout,depth,_mult16p0,0,0.0,0,fca6,fca6,True,0,correct,0,True,10340,16.0
timeout,depth,_mult16p0,0,0.0,0,fca6,fca6,True,0,correct,0,True,10340,16.0
timeout,depth,_mult16p0,0,0.0,0,fca6,fca6,True,0,correct,0,True,10340,16.0
timeout,depth,_mult16p0,0,0.0,0,fca6,fca6,True,0,correct,0,True,10340,16.0
timeout,depth,_mult16p0,0,0.0,0,fca6,fca6,True,0,correct,0,True,10340,16.0
timeout,depth,_mult16p0,0,0.0,0,fca6,fca6,True,0,correct,0,True,10340,16.0
timeout,depth,_mult16p0,0,0.0,0,fca6,fca6,True,0,correct,0,True,10340,16.0
timeout,depth,_mult16p0,0,0.0,0,fca6,fca6,True,0,correct,0,True,10340,16.0
timeout,depth,_mult16p0,0,0.0,0,fca6,fca6,True,0,correct,0,True,10340,16.0
timeout,depth,_mult16p0,0,0.0,0,fca6,fca6,True,0,correct,0,True,10340,16.0
timeout,depth,_mult16p0,0,0.0,0,fca6,fca6,True,0,correct,0,True,10340,16.0
timeout,depth,_mult16p0,0,0.0,0,fca6,fca6,True,0,correct,0,True,10340,16.0
timeout,depth,_mult16p0,0,0.0,0,fca6,fca6,True,0,correct,0,True,10340,16.0
timeout,depth,_mult16p0,0,0.0,0,fca6,fca6,True,0,correct,0,True,10340,16.0
timeout,depth,_mult16p0,0,0.0,0,fca6,fca6,True,0,correct,0,True,10340,16.0
timeout,depth,_mult16p0,0,0.0,0,fca6,fca6,True,0,correct,0,True,10340,16.0
timeout,depth,_mult16p0,1,0.0,0,1b95,1b95,True,0,correct,1,True,10340,16.0
timeout,depth,_mult16p0,1,0.0,0,1b95,1b95,True,0,correct,1,True,10340,16.0
timeout,depth,_mult16p0,1,0.0,0,1b95,1b95,True,0,correct,1,True,10340,16.0
timeout,depth,_mult16p0,1,0.0,0,1b95,1b95,True,0,correct,1,True,10340,16.0
timeout,depth,_mult16p0,1,0.0,0,1b95,1b95,True,0,correct,1,True,10340,16.0
timeout,depth,_mult16p0,1,0.0,0,1b95,1b95,True,0,correct,1,True,10340,16.0
timeout,depth,_mult16p0,1,0.0,0,1b95,1b95,True,0,correct,1,True,10340,16.0
timeout,depth,_mult16p0,1,0.0,0,1b95,1b95,True,0,correct,1,True,10340,16.0
timeout,depth,_mult16p0,1,0.0,0,1b95,1b95,True,0,correct,1,True,10340,16.0
timeout,depth,_mult16p0,1,0.0,0,1b95,1b95,True,0,correct,1,True,10340,16.0
timeout,depth,_mult16p0,1,0.0,0,1b95,1b95,True,0,correct,1,True,10340,16.0
timeout,depth,_mult16p0,1,0.0,0,1b95,1b95,True,0,correct,1,True,10340,16.0
timeout,depth,_mult16p0,1,0.0,0,1b95,1b95,True,0,correct,1,True,10340,16.0
timeout,depth,_mult16p0,1,0.0,0,1b95,1b95,True,0,correct,1,True,10340,16.0
timeout,depth,_mult16p0,1,0.0,0,1b95,1b95,True,0,correct,1,True,10340,16.0
timeout,depth,_mult16p0,1,0.0,0,1b95,1b95,True,0,correct,1,True,10340,16.0
timeout,depth,_mult16p0,1,0.0,0,1b95,1b95,True,0,correct,1,True,10340,16.0
timeout,depth,_mult16p0,1,0.0,0,1b95,1b95,True,0,correct,1,True,10340,16.0
timeout,depth,_mult16p0,1,0.0,0,1b95,1b95,True,0,correct,1,True,10340,16.0
timeout,depth,_mult16p0,1,0.0,0,1b95,1b95,True,0,correct,1,True,10340,16.0
timeout,depth,_mult16p0,1,0.0,0,1b95,1b95,True,0,correct,1,True,10340,16.0
timeout,depth,_mult16p0,1,0.0,0,1b95,1b95,True,0,correct,1,True,10340,16.0
timeout,depth,_mult16p0,1,0.0,0,1b95,1b95,True,0,correct,1,True,10340,16.0
timeout,depth,_mult16p0,1,0.0,0,1b95,1b95,True,0,correct,1,True,10340,16.0
timeout,depth,_mult16p0,1,0.0,0,1b95,1b95,True,0,correct,1,True,10340,16.0
timeout,depth,_mult16p0,1,0.0,0,1b95,1b95,True,0,correct,1,True,10340,16.0
timeout,depth,_mult16p0,1,0.0,0,1b95,1b95,True,0,correct,1,True,10340,16.0
timeout,depth,_mult16p0,1,0.0,0,1b95,1b95,True,0,correct,1,True,10340,16.0
timeout,depth,_mult16p0,1,0.0,0,1b95,1b95,True,0,correct,1,True,10340,16.0
timeout,depth,_mult16p0,1,0.0,0,1b95,1b95,True,0,correct,1,True,10340,16.0
timeout,depth,_mult16p0,1,0.0,0,1b95,1b95,True,0,correct,1,True,10340,16.0
timeout,depth,_mult16p0,1,0.0,0,1b95,1b95,True,0,correct,1,True,10340,16.0
timeout,depth,_mult16p0,1,0.0,0,1b95,1b95,True,0,correct,1,True,10340,16.0
timeout,depth,_mult16p0,1,0.0,0,1b95,1b95,True,0,correct,1,True,10340,16.0
timeout,depth,_mult16p0,1,0.0,0,1b95,1b95,True,0,correct,1,True,10340,16.0
timeout,depth,_mult16p0,1,0.0,0,1b95,1b95,True,0,correct,1,True,10340,16.0
timeout,depth,_mult16p0,1,0.0,0,1b95,1b95,True,0,correct,1,True,10340,16.0
timeout,depth,_mult16p0,1,0.0,0,1b95,1b95,True,0,correct,1,True,10340,16.0
timeout,depth,_mult16p0,1,0.0,0,1b95,1b95,True,0,correct,1,True,10340,16.0
timeout,depth,_mult16p0,1,0.0,0,1b95,1b95,True,0,correct,1,True,10340,16.0
timeout,depth,_mult16p0,1,0.0,0,1b95,1b95,True,0,correct,1,True,10340,16.0
timeout,depth,_mult16p0,1,0.0,0,1b95,1b95,True,0,correct,1,True,10340,16.0
timeout,depth,_mult16p0,1,0.0,0,1b95,1b95,True,0,correct,1,True,10340,16.0
timeout,depth,_mult16p0,1,0.0,0,1b95,1b95,True,0,correct,1,True,10340,16.0
timeout,depth,_mult16p0,1,0.0,0,1b95,1b95,True,0,correct,1,True,10340,16.0
timeout,depth,_mult16p0,1,0.0,0,1b95,1b95,True,0,correct,1,True,10340,16.0
timeout,depth,_mult16p0,1,0.0,0,1b95,1b95,True,0,correct,1,True,10340,16.0
timeout,depth,_mult16p0,1,0.0,0,1b95,1b95,True,0,correct,1,True,10340,16.0
timeout,depth,_mult16p0,1,0.0,0,1b95,1b95,True,0,correct,1,True,10340,16.0
timeout,depth,_mult16p0,1,0.0,0,1b95,1b95,True,0,correct,1,True,10340,16.0
timeout,depth,_mult16p0,1,0.0,0,1b95,1b95,True,0,correct,1,True,10340,16.0
timeout,depth,_mult16p0,1,0.0,0,1b95,1b95,True,0,correct,1,True,10340,16.0
timeout,depth,_mult16p0,1,0.0,0,1b95,1b95,True,0,correct,1,True,10340,16.0
timeout,depth,_mult16p0,1,0.0,0,1b95,1b95,True,0,correct,1,True,10340,16.0
timeout,depth,_mult16p0,1,0.0,0,1b95,1b95,True,0,correct,1,True,10340,16.0
timeout,depth,_mult16p0,1,0.0,0,1b95,1b95,True,0,correct,1,True,10340,16.0
timeout,depth,_mult16p0,1,0.0,0,1b95,1b95,True,0,correct,1,True,10340,16.0
timeout,depth,_mult16p0,1,0.0,0,1b95,1b95,True,0,correct,1,True,10340,16.0
timeout,depth,_mult16p0,1,0.0,0,1b95,1b95,True,0,correct,1,True,10340,16.0
timeout,depth,_mult16p0,1,0.0,0,1b95,1b95,True,0,correct,1,True,10340,16.0
timeout,depth,_mult16p0,2,0.0,0,a6b6,a6b6,True,0,correct,2,True,10340,16.0
timeout,depth,_mult16p0,2,0.0,0,a6b6,a6b6,True,0,correct,2,True,10340,16.0
timeout,depth,_mult16p0,2,0.0,0,a6b6,a6b6,True,0,correct,2,True,10340,16.0
timeout,depth,_mult16p0,2,0.0,0,a6b6,a6b6,True,0,correct,2,True,10340,16.0
timeout,depth,_mult16p0,2,0.0,0,a6b6,a6b6,True,0,correct,2,True,10340,16.0
timeout,depth,_mult16p0,2,0.0,0,a6b6,a6b6,True,0,correct,2,True,10340,16.0
timeout,depth,_mult16p0,2,0.0,0,a6b6,a6b6,True,0,correct,2,True,10340,16.0
timeout,depth,_mult16p0,2,0.0,0,a6b6,a6b6,True,0,correct,2,True,10340,16.0
timeout,depth,_mult16p0,2,0.0,0,a6b6,a6b6,True,0,correct,2,True,10340,16.0
timeout,depth,_mult16p0,2,0.0,0,a6b6,a6b6,True,0,correct,2,True,10340,16.0
timeout,depth,_mult16p0,2,0.0,0,a6b6,a6b6,True,0,correct,2,True,10340,16.0
timeout,depth,_mult16p0,2,0.0,0,a6b6,a6b6,True,0,correct,2,True,10340,16.0
timeout,depth,_mult16p0,2,0.0,0,a6b6,a6b6,True,0,correct,2,True,10340,16.0
timeout,depth,_mult16p0,2,0.0,0,a6b6,a6b6,True,0,correct,2,True,10340,16.0
timeout,depth,_mult16p0,2,0.0,0,a6b6,a6b6,True,0,correct,2,True,10340,16.0
timeout,depth,_mult16p0,2,0.0,0,a6b6,a6b6,True,0,correct,2,True,10340,16.0
timeout,depth,_mult16p0,2,0.0,0,a6b6,a6b6,True,0,correct,2,True,10340,16.0
timeout,depth,_mult16p0,2,0.0,0,a6b6,a6b6,True,0,correct,2,True,10340,16.0
timeout,depth,_mult16p0,2,0.0,0,a6b6,a6b6,True,0,correct,2,True,10340,16.0
timeout,depth,_mult16p0,2,0.0,0,a6b6,a6b6,True,0,correct,2,True,10340,16.0
timeout,depth,_mult16p0,2,0.0,0,a6b6,a6b6,True,0,correct,2,True,10340,16.0
timeout,depth,_mult16p0,2,0.0,0,a6b6,a6b6,True,0,correct,2,True,10340,16.0
timeout,depth,_mult16p0,2,0.0,0,a6b6,a6b6,True,0,correct,2,True,10340,16.0
timeout,depth,_mult16p0,2,0.0,0,a6b6,a6b6,True,0,correct,2,True,10340,16.0
timeout,depth,_mult16p0,2,0.0,0,a6b6,a6b6,True,0,correct,2,True,10340,16.0
timeout,depth,_mult16p0,2,0.0,0,a6b6,a6b6,True,0,correct,2,True,10340,16.0
timeout,depth,_mult16p0,2,0.0,0,a6b6,a6b6,True,0,correct,2,True,10340,16.0
timeout,depth,_mult16p0,2,0.0,0,a6b6,a6b6,True,0,correct,2,True,10340,16.0
timeout,depth,_mult16p0,2,0.0,0,a6b6,a6b6,True,0,correct,2,True,10340,16.0
timeout,depth,_mult16p0,2,0.0,0,a6b6,a6b6,True,0,correct,2,True,10340,16.0
timeout,depth,_mult16p0,2,0.0,0,a6b6,a6b6,True,0,correct,2,True,10340,16.0
timeout,depth,_mult16p0,2,0.0,0,a6b6,a6b6,True,0,correct,2,True,10340,16.0
timeout,depth,_mult16p0,2,0.0,0,a6b6,a6b6,True,0,correct,2,True,10340,16.0
timeout,depth,_mult16p0,2,0.0,0,a6b6,a6b6,True,0,correct,2,True,10340,16.0
timeout,depth,_mult16p0,2,0.0,0,a6b6,a6b6,True,0,correct,2,True,10340,16.0
timeout,depth,_mult16p0,2,0.0,0,a6b6,a6b6,True,0,correct,2,True,10340,16.0
timeout,depth,_mult16p0,2,0.0,0,a6b6,a6b6,True,0,correct,2,True,10340,16.0
timeout,depth,_mult16p0,2,0.0,0,a6b6,a6b6,True,0,correct,2,True,10340,16.0
timeout,depth,_mult16p0,2,0.0,0,a6b6,a6b6,True,0,correct,2,True,10340,16.0
timeout,depth,_mult16p0,2,0.0,0,a6b6,a6b6,True,0,correct,2,True,10340,16.0
timeout,depth,_mult16p0,2,0.0,0,a6b6,a6b6,True,0,correct,2,True,10340,16.0
timeout,depth,_mult16p0,2,0.0,0,a6b6,a6b6,True,0,correct,2,True,10340,16.0
timeout,depth,_mult16p0,2,0.0,0,a6b6,a6b6,True,0,correct,2,True,10340,16.0
timeout,depth,_mult16p0,2,0.0,0,a6b6,a6b6,True,0,correct,2,True,10340,16.0
timeout,depth,_mult16p0,2,0.0,0,a6b6,a6b6,True,0,correct,2,True,10340,16.0
timeout,depth,_mult16p0,2,0.0,0,a6b6,a6b6,True,0,correct,2,True,10340,16.0
timeout,depth,_mult16p0,2,0.0,0,a6b6,a6b6,True,0,correct,2,True,10340,16.0
timeout,depth,_mult16p0,2,0.0,0,a6b6,a6b6,True,0,correct,2,True,10340,16.0
timeout,depth,_mult16p0,2,0.0,0,a6b6,a6b6,True,0,correct,2,True,10340,16.0
timeout,depth,_mult16p0,2,0.0,0,a6b6,a6b6,True,0,correct,2,True,10340,16.0
timeout,depth,_mult16p0,2,0.0,0,a6b6,a6b6,True,0,correct,2,True,10340,16.0
timeout,depth,_mult16p0,2,0.0,0,a6b6,a6b6,True,0,correct,2,True,10340,16.0
timeout,depth,_mult16p0,2,0.0,0,a6b6,a6b6,True,0,correct,2,True,10340,16.0
timeout,depth,_mult16p0,2,0.0,0,a6b6,a6b6,True,0,correct,2,True,10340,16.0
timeout,depth,_mult16p0,2,0.0,0,a6b6,a6b6,True,0,correct,2,True,10340,16.0
timeout,depth,_mult16p0,2,0.0,0,a6b6,a6b6,True,0,correct,2,True,10340,16.0
timeout,depth,_mult16p0,2,0.0,0,a6b6,a6b6,True,0,correct,2,True,10340,16.0
timeout,depth,_mult16p0,2,0.0,0,a6b6,a6b6,True,0,correct,2,True,10340,16.0
timeout,depth,_mult16p0,2,0.0,0,a6b6,a6b6,True,0,correct,2,True,10340,16.0
timeout,depth,_mult16p0,2,0.0,0,a6b6,a6b6,True,0,correct,2,True,10340,16.0
timeout,depth,_mult16p0,3,0.0,0,bd07,bd07,True,0,correct,3,True,10340,16.0
timeout,depth,_mult16p0,3,0.0,0,bd07,bd07,True,0,correct,3,True,10340,16.0
timeout,depth,_mult16p0,3,0.0,0,bd07,bd07,True,0,correct,3,True,10340,16.0
timeout,depth,_mult16p0,3,0.0,0,bd07,bd07,True,0,correct,3,True,10340,16.0
timeout,depth,_mult16p0,3,0.0,0,bd07,bd07,True,0,correct,3,True,10340,16.0
timeout,depth,_mult16p0,3,0.0,0,bd07,bd07,True,0,correct,3,True,10340,16.0
timeout,depth,_mult16p0,3,0.0,0,bd07,bd07,True,0,correct,3,True,10340,16.0
timeout,depth,_mult16p0,3,0.0,0,bd07,bd07,True,0,correct,3,True,10340,16.0
timeout,depth,_mult16p0,3,0.0,0,bd07,bd07,True,0,correct,3,True,10340,16.0
timeout,depth,_mult16p0,3,0.0,0,bd07,bd07,True,0,correct,3,True,10340,16.0
timeout,depth,_mult16p0,3,0.0,0,bd07,bd07,True,0,correct,3,True,10340,16.0
timeout,depth,_mult16p0,3,0.0,0,bd07,bd07,True,0,correct,3,True,10340,16.0
timeout,depth,_mult16p0,3,0.0,0,bd07,bd07,True,0,correct,3,True,10340,16.0
timeout,depth,_mult16p0,3,0.0,0,bd07,bd07,True,0,correct,3,True,10340,16.0
timeout,depth,_mult16p0,3,0.0,0,bd07,bd07,True,0,correct,3,True,10340,16.0
timeout,depth,_mult16p0,3,0.0,0,bd07,bd07,True,0,correct,3,True,10340,16.0
timeout,depth,_mult16p0,3,0.0,0,bd07,bd07,True,0,correct,3,True,10340,16.0
timeout,depth,_mult16p0,3,0.0,0,bd07,bd07,True,0,correct,3,True,10340,16.0
timeout,depth,_mult16p0,3,0.0,0,bd07,bd07,True,0,correct,3,True,10340,16.0
timeout,depth,_mult16p0,3,0.0,0,bd07,bd07,True,0,correct,3,True,10340,16.0
timeout,depth,_mult16p0,3,0.0,0,bd07,bd07,True,0,correct,3,True,10340,16.0
timeout,depth,_mult16p0,3,0.0,0,bd07,bd07,True,0,correct,3,True,10340,16.0
timeout,depth,_mult16p0,3,0.0,0,bd07,bd07,True,0,correct,3,True,10340,16.0
timeout,depth,_mult16p0,3,0.0,0,bd07,bd07,True,0,correct,3,True,10340,16.0
timeout,depth,_mult16p0,3,0.0,0,bd07,bd07,True,0,correct,3,True,10340,16.0
timeout,depth,_mult16p0,3,0.0,0,bd07,bd07,True,0,correct,3,True,10340,16.0
timeout,depth,_mult16p0,3,0.0,0,bd07,bd07,True,0,correct,3,True,10340,16.0
timeout,depth,_mult16p0,3,0.0,0,bd07,bd07,True,0,correct,3,True,10340,16.0
timeout,depth,_mult16p0,3,0.0,0,bd07,bd07,True,0,correct,3,True,10340,16.0
timeout,depth,_mult16p0,3,0.0,0,bd07,bd07,True,0,correct,3,True,10340,16.0
timeout,depth,_mult16p0,3,0.0,0,bd07,bd07,True,0,correct,3,True,10340,16.0
timeout,depth,_mult16p0,3,0.0,0,bd07,bd07,True,0,correct,3,True,10340,16.0
timeout,depth,_mult16p0,3,0.0,0,bd07,bd07,True,0,correct,3,True,10340,16.0
timeout,depth,_mult16p0,3,0.0,0,bd07,bd07,True,0,correct,3,True,10340,16.0
timeout,depth,_mult16p0,3,0.0,0,bd07,bd07,True,0,correct,3,True,10340,16.0
timeout,depth,_mult16p0,3,0.0,0,bd07,bd07,True,0,correct,3,True,10340,16.0
timeout,depth,_mult16p0,3,0.0,0,bd07,bd07,True,0,correct,3,True,10340,16.0
timeout,depth,_mult16p0,3,0.0,0,bd07,bd07,True,0,correct,3,True,10340,16.0
timeout,depth,_mult16p0,3,0.0,0,bd07,bd07,True,0,correct,3,True,10340,16.0
timeout,depth,_mult16p0,3,0.0,0,bd07,bd07,True,0,correct,3,True,10340,16.0
timeout,depth,_mult16p0,3,0.0,0,bd07,bd07,True,0,correct,3,True,10340,16.0
timeout,depth,_mult16p0,3,0.0,0,bd07,bd07,True,0,correct,3,True,10340,16.0
timeout,depth,_mult16p0,3,0.0,0,bd07,bd07,True,0,correct,3,True,10340,16.0
timeout,depth,_mult16p0,3,0.0,0,bd07,bd07,True,0,correct,3,True,10340,16.0
timeout,depth,_mult16p0,3,0.0,0,bd07,bd07,True,0,correct,3,True,10340,16.0
timeout,depth,_mult16p0,3,0.0,0,bd07,bd07,True,0,correct,3,True,10340,16.0
timeout,depth,_mult16p0,3,0.0,0,bd07,bd07,True,0,correct,3,True,10340,16.0
timeout,depth,_mult16p0,3,0.0,0,bd07,bd07,True,0,correct,3,True,10340,16.0
timeout,depth,_mult16p0,3,0.0,0,bd07,bd07,True,0,correct,3,True,10340,16.0
timeout,depth,_mult16p0,3,0.0,0,bd07,bd07,True,0,correct,3,True,10340,16.0
timeout,depth,_mult16p0,3,0.0,0,bd07,bd07,True,0,correct,3,True,10340,16.0
timeout,depth,_mult16p0,3,0.0,0,bd07,bd07,True,0,correct,3,True,10340,16.0
timeout,depth,_mult16p0,3,0.0,0,bd07,bd07,True,0,correct,3,True,10340,16.0
timeout,depth,_mult16p0,3,0.0,0,bd07,bd07,True,0,correct,3,True,10340,16.0
timeout,depth,_mult16p0,3,0.0,0,bd07,bd07,True,0,correct,3,True,10340,16.0
timeout,depth,_mult16p0,3,0.0,0,bd07,bd07,True,0,correct,3,True,10340,16.0
timeout,depth,_mult16p0,3,0.0,0,bd07,bd07,True,0,correct,3,True,10340,16.0
timeout,depth,_mult16p0,3,0.0,0,bd07,bd07,True,0,correct,3,True,10340,16.0
timeout,depth,_mult16p0,3,0.0,0,bd07,bd07,True,0,correct,3,True,10340,16.0
timeout,depth,_mult16p0,3,0.0,0,bd07,bd07,True,0,correct,3,True,10340,16.0
timeout,depth,_mult16p0,0,0.15,3,faae,fca6,True,6,correct,0,True,10340,16.0
timeout,depth,_mult16p0,0,0.15,1,fea6,fca6,True,5,correct,0,True,10340,16.0
timeout,depth,_mult16p0,0,0.15,1,fca2,fca6,True,6,correct,0,True,10340,16.0
timeout,depth,_mult16p0,0,0.15,3,f884,f8a4,False,10340,oscillated,-1,False,10340,16.0
timeout,depth,_mult16p0,0,0.15,3,f0a2,fca6,True,7,correct,0,True,10340,16.0
timeout,depth,_mult16p0,0,0.15,2,f886,fca6,True,4,correct,0,True,10340,16.0
timeout,depth,_mult16p0,0,0.15,2,f8a2,fca6,True,6,correct,0,True,10340,16.0
timeout,depth,_mult16p0,0,0.15,2,fcac,fca6,True,6,correct,0,True,10340,16.0
timeout,depth,_mult16p0,0,0.15,1,dca6,fca6,True,4,correct,0,True,10340,16.0
timeout,depth,_mult16p0,0,0.15,5,dc0a,fd4b,True,7,spurious,-1,False,10340,16.0
timeout,depth,_mult16p0,0,0.15,2,fea4,fca6,True,5,correct,0,True,10340,16.0
timeout,depth,_mult16p0,0,0.15,4,788e,78a6,False,10340,oscillated,-1,False,10340,16.0
timeout,depth,_mult16p0,0,0.15,2,f5a6,fca6,True,7,correct,0,True,10340,16.0
timeout,depth,_mult16p0,0,0.15,2,fc84,fca6,True,4,correct,0,True,10340,16.0
timeout,depth,_mult16p0,0,0.15,5,f0b0,f8a4,False,10340,oscillated,-1,False,10340,16.0
timeout,depth,_mult16p0,0,0.15,5,3df6,fca6,True,15,correct,0,True,10340,16.0
timeout,depth,_mult16p0,0,0.15,4,7c0e,fd4b,True,12,spurious,-1,False,10340,16.0
timeout,depth,_mult16p0,0,0.15,3,bcb7,fca6,True,15,correct,0,True,10340,16.0
timeout,depth,_mult16p0,0,0.15,2,fea2,fca6,True,6,correct,0,True,10340,16.0
timeout,depth,_mult16p0,0,0.15,4,cda2,fca6,True,7,correct,0,True,10340,16.0
timeout,depth,_mult16p0,0,0.15,1,f8a6,fca6,True,4,correct,0,True,10340,16.0
timeout,depth,_mult16p0,0,0.15,6,2cab,e6fa,True,16,spurious,-1,False,10340,16.0
timeout,depth,_mult16p0,0,0.15,2,f426,fca6,True,9,correct,0,True,10340,16.0
timeout,depth,_mult16p0,0,0.15,2,ece6,fca6,True,7,correct,0,True,10340,16.0
timeout,depth,_mult16p0,0,0.15,3,f9a2,fca6,True,6,correct,0,True,10340,16.0
timeout,depth,_mult16p0,0,0.15,4,6ce2,fca6,True,11,correct,0,True,10340,16.0
timeout,depth,_mult16p0,0,0.15,3,eea2,fca6,True,16,correct,0,True,10340,16.0
timeout,depth,_mult16p0,0,0.15,0,fca6,fca6,True,0,correct,0,True,10340,16.0
timeout,depth,_mult16p0,0,0.15,4,f4e5,fca6,True,7,correct,0,True,10340,16.0
timeout,depth,_mult16p0,0,0.15,2,feb6,fca6,True,5,correct,0,True,10340,16.0
timeout,depth,_mult16p0,0,0.15,3,94a6,fca6,True,23,correct,0,True,10340,16.0
timeout,depth,_mult16p0,0,0.15,0,fca6,fca6,True,0,correct,0,True,10340,16.0
timeout,depth,_mult16p0,0,0.15,1,fca7,fca6,True,4,correct,0,True,10340,16.0
timeout,depth,_mult16p0,0,0.15,1,dca6,fca6,True,4,correct,0,True,10340,16.0
timeout,depth,_mult16p0,0,0.15,1,f8a6,fca6,True,4,correct,0,True,10340,16.0
timeout,depth,_mult16p0,0,0.15,2,fc06,bd07,True,15,wrong_pattern,3,False,10340,16.0
timeout,depth,_mult16p0,0,0.15,4,acac,a6b6,True,17,wrong_pattern,2,False,10340,16.0
timeout,depth,_mult16p0,0,0.15,2,eda6,fca6,True,7,correct,0,True,10340,16.0
timeout,depth,_mult16p0,0,0.15,3,f4b7,fca6,True,14,correct,0,True,10340,16.0
timeout,depth,_mult16p0,0,0.15,1,fea6,fca6,True,5,correct,0,True,10340,16.0
timeout,depth,_mult16p0,0,0.15,1,dca6,fca6,True,4,correct,0,True,10340,16.0
timeout,depth,_mult16p0,0,0.15,5,64e7,fca6,True,17,correct,0,True,10340,16.0
timeout,depth,_mult16p0,0,0.15,1,fcae,fca6,True,6,correct,0,True,10340,16.0
timeout,depth,_mult16p0,0,0.15,5,e4a8,fc6a,True,14,spurious,-1,False,10340,16.0
timeout,depth,_mult16p0,0,0.15,4,f807,bd07,True,12,wrong_pattern,3,False,10340,16.0
timeout,depth,_mult16p0,0,0.15,1,fc26,fca6,True,9,correct,0,True,10340,16.0
timeout,depth,_mult16p0,0,0.15,2,7c86,fca6,True,4,correct,0,True,10340,16.0
timeout,depth,_mult16p0,0,0.15,2,fc06,bd07,True,15,wrong_pattern,3,False,10340,16.0
timeout,depth,_mult16p0,0,0.15,2,fda4,fca6,True,4,correct,0,True,10340,16.0
timeout,depth,_mult16p0,0,0.15,2,dcae,fca6,True,6,correct,0,True,10340,16.0
timeout,depth,_mult16p0,0,0.15,5,e786,fca6,True,17,correct,0,True,10340,16.0
timeout,depth,_mult16p0,0,0.15,3,7de6,fca6,True,6,correct,0,True,10340,16.0
timeout,depth,_mult16p0,0,0.15,1,eca6,fca6,True,7,correct,0,True,10340,16.0
timeout,depth,_mult16p0,0,0.15,2,cca6,fca6,True,7,correct,0,True,10340,16.0
timeout,depth,_mult16p0,0,0.15,2,6ca6,fca6,True,7,correct,0,True,10340,16.0
timeout,depth,_mult16p0,0,0.15,1,fc26,fca6,True,9,correct,0,True,10340,16.0
timeout,depth,_mult16p0,0,0.15,5,dcca,fc6a,True,9,spurious,-1,False,10340,16.0
timeout,depth,_mult16p0,0,0.15,2,dce6,fca6,True,6,correct,0,True,10340,16.0
timeout,depth,_mult16p0,0,0.15,0,fca6,fca6,True,0,correct,0,True,10340,16.0
timeout,depth,_mult16p0,0,0.15,1,f8a6,fca6,True,4,correct,0,True,10340,16.0
timeout,depth,_mult16p0,1,0.15,2,db95,1905,True,13,spurious,-1,False,10340,16.0
timeout,depth,_mult16p0,1,0.15,3,19f5,58a4,True,15,spurious,-1,False,10340,16.0
timeout,depth,_mult16p0,1,0.15,1,1995,1915,False,10340,oscillated,-1,False,10340,16.0
timeout,depth,_mult16p0,1,0.15,3,4bb5,12b4,False,10340,oscillated,-1,False,10340,16.0
timeout,depth,_mult16p0,1,0.15,1,3b95,1b95,True,4,correct,1,True,10340,16.0
timeout,depth,_mult16p0,1,0.15,3,5a97,58a4,True,7,spurious,-1,False,10340,16.0
timeout,depth,_mult16p0,1,0.15,1,1995,1915,False,10340,oscillated,-1,False,10340,16.0
timeout,depth,_mult16p0,1,0.15,3,db94,58a4,True,7,spurious,-1,False,10340,16.0
timeout,depth,_mult16p0,1,0.15,4,3b98,2b4,True,7,spurious,-1,False,10340,16.0
timeout,depth,_mult16p0,1,0.15,0,1b95,1b95,True,0,correct,1,True,10340,16.0
timeout,depth,_mult16p0,1,0.15,2,1bd4,2b4,True,7,spurious,-1,False,10340,16.0
timeout,depth,_mult16p0,1,0.15,1,1b15,1b95,True,9,correct,1,True,10340,16.0
timeout,depth,_mult16p0,1,0.15,3,1791,395,True,7,spurious,-1,False,10340,16.0
timeout,depth,_mult16p0,1,0.15,3,1a8d,58a4,True,15,spurious,-1,False,10340,16.0
timeout,depth,_mult16p0,1,0.15,3,1387,b95,False,10340,oscillated,-1,False,10340,16.0
timeout,depth,_mult16p0,1,0.15,3,1add,2b4,True,7,spurious,-1,False,10340,16.0
timeout,depth,_mult16p0,1,0.15,4,138f,395,True,17,spurious,-1,False,10340,16.0
timeout,depth,_mult16p0,1,0.15,5,1f5,2b4,True,7,spurious,-1,False,10340,16.0
timeout,depth,_mult16p0,1,0.15,0,1b95,1b95,True,0,correct,1,True,10340,16.0
timeout,depth,_mult16p0,1,0.15,4,1d99,1915,False,10340,oscillated,-1,False,10340,16.0
timeout,depth,_mult16p0,1,0.15,1,1b85,1b05,False,10340,oscillated,-1,False,10340,16.0
timeout,depth,_mult16p0,1,0.15,2,1b9c,2b4,True,7,spurious,-1,False,10340,16.0
timeout,depth,_mult16p0,1,0.15,3,fb5,12b4,False,10340,oscillated,-1,False,10340,16.0
timeout,depth,_mult16p0,1,0.15,0,1b95,1b95,True,0,correct,1,True,10340,16.0
timeout,depth,_mult16p0,1,0.15,0,1b95,1b95,True,0,correct,1,True,10340,16.0
timeout,depth,_mult16p0,1,0.15,1,1395,b95,False,10340,oscillated,-1,False,10340,16.0
timeout,depth,_mult16p0,1,0.15,3,3b93,2397,False,10340,oscillated,-1,False,10340,16.0
timeout,depth,_mult16p0,1,0.15,1,1bb5,58a4,True,21,spurious,-1,False,10340,16.0
timeout,depth,_mult16p0,1,0.15,0,1b95,1b95,True,0,correct,1,True,10340,16.0
timeout,depth,_mult16p0,1,0.15,4,7fb5,7ca4,False,10340,oscillated,-1,False,10340,16.0
timeout,depth,_mult16p0,1,0.15,3,1791,395,True,7,spurious,-1,False,10340,16.0
timeout,depth,_mult16p0,1,0.15,1,5b95,1905,True,13,spurious,-1,False,10340,16.0
timeout,depth,_mult16p0,1,0.15,5,ab05,b305,False,10340,oscillated,-1,False,10340,16.0
timeout,depth,_mult16p0,1,0.15,4,1615,b95,False,10340,oscillated,-1,False,10340,16.0
timeout,depth,_mult16p0,1,0.15,6,ebb4,b2b4,False,10340,oscillated,-1,False,10340,16.0
timeout,depth,_mult16p0,1,0.15,2,1b55,395,True,14,spurious,-1,False,10340,16.0
timeout,depth,_mult16p0,1,0.15,3,bf95,bf97,True,4,spurious,-1,False,10340,16.0
timeout,depth,_mult16p0,1,0.15,3,1c95,58a4,True,18,spurious,-1,False,10340,16.0
timeout,depth,_mult16p0,1,0.15,2,1fd5,1b95,True,6,correct,1,True,10340,16.0
timeout,depth,_mult16p0,1,0.15,3,1bf1,2b4,True,7,spurious,-1,False,10340,16.0
timeout,depth,_mult16p0,1,0.15,2,1a9d,2b4,True,7,spurious,-1,False,10340,16.0
timeout,depth,_mult16p0,1,0.15,3,1a14,1b95,True,9,correct,1,True,10340,16.0
timeout,depth,_mult16p0,1,0.15,2,1bb1,2b4,True,7,spurious,-1,False,10340,16.0
timeout,depth,_mult16p0,1,0.15,2,1b17,1b95,True,9,correct,1,True,10340,16.0
timeout,depth,_mult16p0,1,0.15,2,13b5,ab4,False,10340,oscillated,-1,False,10340,16.0
timeout,depth,_mult16p0,1,0.15,6,8ffd,c6f8,False,10340,oscillated,-1,False,10340,16.0
timeout,depth,_mult16p0,1,0.15,4,4394,2b4,True,11,spurious,-1,False,10340,16.0
timeout,depth,_mult16p0,1,0.15,5,3755,2759,False,10340,oscillated,-1,False,10340,16.0
timeout,depth,_mult16p0,1,0.15,3,9bc5,1b05,False,10340,oscillated,-1,False,10340,16.0
timeout,depth,_mult16p0,1,0.15,2,5b94,58a4,True,7,spurious,-1,False,10340,16.0
timeout,depth,_mult16p0,1,0.15,1,1395,b95,False,10340,oscillated,-1,False,10340,16.0
timeout,depth,_mult16p0,1,0.15,1,1bd5,1b95,True,6,correct,1,True,10340,16.0
timeout,depth,_mult16p0,1,0.15,1,5b95,1905,True,13,spurious,-1,False,10340,16.0
timeout,depth,_mult16p0,1,0.15,5,38f5,58a4,True,15,spurious,-1,False,10340,16.0
timeout,depth,_mult16p0,1,0.15,2,1915,1915,False,10340,oscillated,-1,False,10340,16.0
timeout,depth,_mult16p0,1,0.15,1,5b95,1905,True,13,spurious,-1,False,10340,16.0
timeout,depth,_mult16p0,1,0.15,3,1b25,1b05,False,10340,oscillated,-1,False,10340,16.0
timeout,depth,_mult16p0,1,0.15,2,1397,b95,False,10340,oscillated,-1,False,10340,16.0
timeout,depth,_mult16p0,1,0.15,4,f995,b905,False,10340,oscillated,-1,False,10340,16.0
timeout,depth,_mult16p0,1,0.15,2,9395,b95,False,10340,oscillated,-1,False,10340,16.0
timeout,depth,_mult16p0,2,0.15,3,a3b4,a2b4,False,10340,oscillated,-1,False,10340,16.0
timeout,depth,_mult16p0,2,0.15,3,acb7,b6b6,False,10340,oscillated,-1,False,10340,16.0
timeout,depth,_mult16p0,2,0.15,3,6eb6,b6b6,False,10340,oscillated,-1,False,10340,16.0
timeout,depth,_mult16p0,2,0.15,1,a7b6,a6b6,True,4,correct,2,True,10340,16.0
timeout,depth,_mult16p0,2,0.15,2,a796,a6b6,True,7,correct,2,True,10340,16.0
timeout,depth,_mult16p0,2,0.15,0,a6b6,a6b6,True,0,correct,2,True,10340,16.0
timeout,depth,_mult16p0,2,0.15,2,a4b4,a6b6,True,5,correct,2,True,10340,16.0
timeout,depth,_mult16p0,2,0.15,0,a6b6,a6b6,True,0,correct,2,True,10340,16.0
timeout,depth,_mult16p0,2,0.15,5,8477,a75b,True,12,spurious,-1,False,10340,16.0
timeout,depth,_mult16p0,2,0.15,2,a2a6,a6b6,True,5,correct,2,True,10340,16.0
timeout,depth,_mult16p0,2,0.15,1,aeb6,b6b6,False,10340,oscillated,-1,False,10340,16.0
timeout,depth,_mult16p0,2,0.15,1,b6b6,aeb6,False,10340,oscillated,-1,False,10340,16.0
timeout,depth,_mult16p0,2,0.15,0,a6b6,a6b6,True,0,correct,2,True,10340,16.0
timeout,depth,_mult16p0,2,0.15,3,b697,aeb6,False,10340,oscillated,-1,False,10340,16.0
timeout,depth,_mult16p0,2,0.15,3,66a6,fca6,True,11,wrong_pattern,0,False,10340,16.0
timeout,depth,_mult16p0,2,0.15,1,a6f6,a6b6,True,6,correct,2,True,10340,16.0
timeout,depth,_mult16p0,2,0.15,4,a6fd,a6b6,True,11,correct,2,True,10340,16.0
timeout,depth,_mult16p0,2,0.15,2,a7be,a6b6,True,6,correct,2,True,10340,16.0
timeout,depth,_mult16p0,2,0.15,0,a6b6,a6b6,True,0,correct,2,True,10340,16.0
timeout,depth,_mult16p0,2,0.15,1,a6be,a6b6,True,6,correct,2,True,10340,16.0
timeout,depth,_mult16p0,2,0.15,2,aea6,b6b6,False,10340,oscillated,-1,False,10340,16.0
timeout,depth,_mult16p0,2,0.15,4,adb4,b6b6,False,10340,oscillated,-1,False,10340,16.0
timeout,depth,_mult16p0,2,0.15,2,b6b4,aeb6,False,10340,oscillated,-1,False,10340,16.0
timeout,depth,_mult16p0,2,0.15,3,8ea6,b6b6,False,10340,oscillated,-1,False,10340,16.0
timeout,depth,_mult16p0,2,0.15,2,b696,aeb6,False,10340,oscillated,-1,False,10340,16.0
timeout,depth,_mult16p0,2,0.15,2,26b7,a6b6,True,4,correct,2,True,10340,16.0
timeout,depth,_mult16p0,2,0.15,0,a6b6,a6b6,True,0,correct,2,True,10340,16.0
timeout,depth,_mult16p0,2,0.15,1,a4b6,a6b6,True,5,correct,2,True,10340,16.0
timeout,depth,_mult16p0,2,0.15,4,8286,82b6,False,10340,oscillated,-1,False,10340,16.0
timeout,depth,_mult16p0,2,0.15,4,69e,6b6,False,10340,oscillated,-1,False,10340,16.0
timeout,depth,_mult16p0,2,0.15,2,eeb6,b6b6,False,10340,oscillated,-1,False,10340,16.0
timeout,depth,_mult16p0,2,0.15,3,b436,fca6,True,21,wrong_pattern,0,False,10340,16.0
timeout,depth,_mult16p0,2,0.15,2,a6a2,a6b6,True,6,correct,2,True,10340,16.0
timeout,depth,_mult16p0,2,0.15,1,a6b4,a6b6,True,4,correct,2,True,10340,16.0
timeout,depth,_mult16p0,2,0.15,1,a6b7,a6b6,True,4,correct,2,True,10340,16.0
timeout,depth,_mult16p0,2,0.15,2,a6fe,a6b6,True,16,correct,2,True,10340,16.0
timeout,depth,_mult16p0,2,0.15,1,a696,a6b6,True,4,correct,2,True,10340,16.0
timeout,depth,_mult16p0,2,0.15,2,aab6,b6b6,False,10340,oscillated,-1,False,10340,16.0
timeout,depth,_mult16p0,2,0.15,2,a6ba,a6b6,True,16,correct,2,True,10340,16.0
timeout,depth,_mult16p0,2,0.15,4,e36,16b6,False,10340,oscillated,-1,False,10340,16.0
timeout,depth,_mult16p0,2,0.15,3,25b6,a6b6,True,5,correct,2,True,10340,16.0
timeout,depth,_mult16p0,2,0.15,3,a7ae,a6b6,True,6,correct,2,True,10340,16.0
timeout,depth,_mult16p0,2,0.15,4,2276,22b6,False,10340,oscillated,-1,False,10340,16.0
timeout,depth,_mult16p0,2,0.15,5,a70e,a75b,True,11,spurious,-1,False,10340,16.0
timeout,depth,_mult16p0,2,0.15,5,25e6,a6b6,True,6,correct,2,True,10340,16.0
timeout,depth,_mult16p0,2,0.15,0,a6b6,a6b6,True,0,correct,2,True,10340,16.0
timeout,depth,_mult16p0,2,0.15,1,a6b7,a6b6,True,4,correct,2,True,10340,16.0
timeout,depth,_mult16p0,2,0.15,4,afba,a6b6,True,17,correct,2,True,10340,16.0
timeout,depth,_mult16p0,2,0.15,3,ae34,b6b6,False,10340,oscillated,-1,False,10340,16.0
timeout,depth,_mult16p0,2,0.15,2,26b7,a6b6,True,4,correct,2,True,10340,16.0
timeout,depth,_mult16p0,2,0.15,4,efb7,b6b6,False,10340,oscillated,-1,False,10340,16.0
timeout,depth,_mult16p0,2,0.15,3,8692,a6b6,True,6,correct,2,True,10340,16.0
timeout,depth,_mult16p0,2,0.15,1,a6b2,a6b6,True,6,correct,2,True,10340,16.0
timeout,depth,_mult16p0,2,0.15,6,deb3,fca6,True,6,wrong_pattern,0,False,10340,16.0
timeout,depth,_mult16p0,2,0.15,2,e6be,e6fa,True,16,spurious,-1,False,10340,16.0
timeout,depth,_mult16p0,2,0.15,2,66b6,a6b6,True,11,correct,2,True,10340,16.0
timeout,depth,_mult16p0,2,0.15,1,e6b6,a6b6,True,11,correct,2,True,10340,16.0
timeout,depth,_mult16p0,2,0.15,2,e2b6,a6b6,True,11,correct,2,True,10340,16.0
timeout,depth,_mult16p0,2,0.15,4,be26,fca6,True,15,wrong_pattern,0,False,10340,16.0
timeout,depth,_mult16p0,2,0.15,3,32b6,2ab6,False,10340,oscillated,-1,False,10340,16.0
timeout,depth,_mult16p0,3,0.15,3,f503,fd4b,True,17,spurious,-1,False,10340,16.0
timeout,depth,_mult16p0,3,0.15,2,9907,9907,False,10340,oscillated,-1,False,10340,16.0
timeout,depth,_mult16p0,3,0.15,2,3d47,bd07,True,6,correct,3,True,10340,16.0
timeout,depth,_mult16p0,3,0.15,2,bd26,bd07,True,7,correct,3,True,10340,16.0
timeout,depth,_mult16p0,3,0.15,4,7f05,3d05,False,10340,oscillated,-1,False,10340,16.0
timeout,depth,_mult16p0,3,0.15,2,bd45,bd07,True,6,correct,3,True,10340,16.0
timeout,depth,_mult16p0,3,0.15,1,bd06,bd07,True,4,correct,3,True,10340,16.0
timeout,depth,_mult16p0,3,0.15,2,bb07,bf07,False,10340,oscillated,-1,False,10340,16.0
timeout,depth,_mult16p0,3,0.15,2,7d07,bd07,True,11,correct,3,True,10340,16.0
timeout,depth,_mult16p0,3,0.15,2,b903,bd07,True,6,correct,3,True,10340,16.0
timeout,depth,_mult16p0,3,0.15,1,bd06,bd07,True,4,correct,3,True,10340,16.0
timeout,depth,_mult16p0,3,0.15,4,bda4,fca6,True,11,wrong_pattern,0,False,10340,16.0
timeout,depth,_mult16p0,3,0.15,2,fd47,fd4b,True,16,spurious,-1,False,10340,16.0
timeout,depth,_mult16p0,3,0.15,4,9d11,9d15,False,10340,oscillated,-1,False,10340,16.0
timeout,depth,_mult16p0,3,0.15,1,bd05,bd07,True,4,correct,3,True,10340,16.0
timeout,depth,_mult16p0,3,0.15,1,bd27,bd07,True,4,correct,3,True,10340,16.0
timeout,depth,_mult16p0,3,0.15,1,bd06,bd07,True,4,correct,3,True,10340,16.0
timeout,depth,_mult16p0,3,0.15,3,bc45,bd07,True,6,correct,3,True,10340,16.0
timeout,depth,_mult16p0,3,0.15,3,3987,3907,False,10340,oscillated,-1,False,10340,16.0
timeout,depth,_mult16p0,3,0.15,5,db47,d94b,False,10340,oscillated,-1,False,10340,16.0
timeout,depth,_mult16p0,3,0.15,3,9903,9907,False,10340,oscillated,-1,False,10340,16.0
timeout,depth,_mult16p0,3,0.15,3,b904,b905,False,10340,oscillated,-1,False,10340,16.0
timeout,depth,_mult16p0,3,0.15,2,fd05,bd07,True,11,correct,3,True,10340,16.0
timeout,depth,_mult16p0,3,0.15,3,2d0f,f54b,False,10340,oscillated,-1,False,10340,16.0
timeout,depth,_mult16p0,3,0.15,5,b383,a797,True,17,spurious,-1,False,10340,16.0
timeout,depth,_mult16p0,3,0.15,2,ac07,bd07,True,7,correct,3,True,10340,16.0
timeout,depth,_mult16p0,3,0.15,4,af1f,a75b,True,11,spurious,-1,False,10340,16.0
timeout,depth,_mult16p0,3,0.15,3,b703,a75b,True,21,spurious,-1,False,10340,16.0
timeout,depth,_mult16p0,3,0.15,3,dd06,bd07,True,12,correct,3,True,10340,16.0
timeout,depth,_mult16p0,3,0.15,4,3e06,bf07,False,10340,oscillated,-1,False,10340,16.0
timeout,depth,_mult16p0,3,0.15,1,bd27,bd07,True,4,correct,3,True,10340,16.0
timeout,depth,_mult16p0,3,0.15,3,b447,ed4b,False,10340,oscillated,-1,False,10340,16.0
timeout,depth,_mult16p0,3,0.15,2,b587,bf97,True,7,spurious,-1,False,10340,16.0
timeout,depth,_mult16p0,3,0.15,3,bf45,bf07,False,10340,oscillated,-1,False,10340,16.0
timeout,depth,_mult16p0,3,0.15,3,a927,bd07,True,7,correct,3,True,10340,16.0
timeout,depth,_mult16p0,3,0.15,2,bd0e,bd07,True,6,correct,3,True,10340,16.0
timeout,depth,_mult16p0,3,0.15,1,fd07,bd07,True,11,correct,3,True,10340,16.0
timeout,depth,_mult16p0,3,0.15,4,ac16,b797,False,10340,oscillated,-1,False,10340,16.0
timeout,depth,_mult16p0,3,0.15,4,3717,af97,False,10340,oscillated,-1,False,10340,16.0
timeout,depth,_mult16p0,3,0.15,1,bf07,bf07,False,10340,oscillated,-1,False,10340,16.0
timeout,depth,_mult16p0,3,0.15,4,fdd7,bd07,True,11,correct,3,True,10340,16.0
timeout,depth,_mult16p0,3,0.15,1,bd17,bd17,False,10340,oscillated,-1,False,10340,16.0
timeout,depth,_mult16p0,3,0.15,7,85e3,a6b6,True,18,wrong_pattern,2,False,10340,16.0
timeout,depth,_mult16p0,3,0.15,3,b985,b905,False,10340,oscillated,-1,False,10340,16.0
timeout,depth,_mult16p0,3,0.15,3,b703,a75b,True,21,spurious,-1,False,10340,16.0
timeout,depth,_mult16p0,3,0.15,3,bda5,fca6,True,12,wrong_pattern,0,False,10340,16.0
timeout,depth,_mult16p0,3,0.15,0,bd07,bd07,True,0,correct,3,True,10340,16.0
timeout,depth,_mult16p0,3,0.15,2,b927,bd07,True,4,correct,3,True,10340,16.0
timeout,depth,_mult16p0,3,0.15,5,6c17,bd07,True,13,correct,3,True,10340,16.0
timeout,depth,_mult16p0,3,0.15,3,1d0f,1d07,False,10340,oscillated,-1,False,10340,16.0
timeout,depth,_mult16p0,3,0.15,4,1903,1905,True,6,spurious,-1,False,10340,16.0
timeout,depth,_mult16p0,3,0.15,1,b907,bd07,True,4,correct,3,True,10340,16.0
timeout,depth,_mult16p0,3,0.15,1,bd17,bd17,False,10340,oscillated,-1,False,10340,16.0
timeout,depth,_mult16p0,3,0.15,0,bd07,bd07,True,0,correct,3,True,10340,16.0
timeout,depth,_mult16p0,3,0.15,6,918b,835b,False,10340,oscillated,-1,False,10340,16.0
timeout,depth,_mult16p0,3,0.15,0,bd07,bd07,True,0,correct,3,True,10340,16.0
timeout,depth,_mult16p0,3,0.15,2,bd83,bd07,True,9,correct,3,True,10340,16.0
timeout,depth,_mult16p0,3,0.15,0,bd07,bd07,True,0,correct,3,True,10340,16.0
timeout,depth,_mult16p0,3,0.15,5,9483,a6b6,True,17,wrong_pattern,2,False,10340,16.0
timeout,depth,_mult16p0,3,0.15,4,f513,fd4b,True,21,spurious,-1,False,10340,16.0
timeout,depth,_mult16p0,0,0.3,2,7ce6,fca6,True,6,correct,0,True,10340,16.0
timeout,depth,_mult16p0,0,0.3,9,5f4f,5d4b,False,10340,oscillated,-1,False,10340,16.0
timeout,depth,_mult16p0,0,0.3,6,7fd6,fca6,True,7,correct,0,True,10340,16.0
timeout,depth,_mult16p0,0,0.3,6,f104,b905,False,10340,oscillated,-1,False,10340,16.0
timeout,depth,_mult16p0,0,0.3,2,7ca7,fca6,True,4,correct,0,True,10340,16.0
timeout,depth,_mult16p0,0,0.3,8,24f3,a6b6,True,17,wrong_pattern,2,False,10340,16.0
timeout,depth,_mult16p0,0,0.3,3,fcf2,fca6,True,11,correct,0,True,10340,16.0
timeout,depth,_mult16p0,0,0.3,2,fea2,fca6,True,6,correct,0,True,10340,16.0
timeout,depth,_mult16p0,0,0.3,6,9c9f,fca6,True,15,correct,0,True,10340,16.0
timeout,depth,_mult16p0,0,0.3,6,84ac,86b4,False,10340,oscillated,-1,False,10340,16.0
timeout,depth,_mult16p0,0,0.3,3,beae,fca6,True,15,correct,0,True,10340,16.0
timeout,depth,_mult16p0,0,0.3,6,dc43,fd4b,True,6,spurious,-1,False,10340,16.0
timeout,depth,_mult16p0,0,0.3,3,fcfe,fca6,True,11,correct,0,True,10340,16.0
timeout,depth,_mult16p0,0,0.3,4,e5a4,fca6,True,7,correct,0,True,10340,16.0
timeout,depth,_mult16p0,0,0.3,5,fa8f,fca6,True,7,correct,0,True,10340,16.0
timeout,depth,_mult16p0,0,0.3,6,38c2,78a6,False,10340,oscillated,-1,False,10340,16.0
timeout,depth,_mult16p0,0,0.3,5,e6af,e6fa,True,15,spurious,-1,False,10340,16.0
timeout,depth,_mult16p0,0,0.3,4,cc66,fc6a,True,21,spurious,-1,False,10340,16.0
timeout,depth,_mult16p0,0,0.3,3,e4a2,fca6,True,17,correct,0,True,10340,16.0
timeout,depth,_mult16p0,0,0.3,5,b8a8,f8a4,False,10340,oscillated,-1,False,10340,16.0
timeout,depth,_mult16p0,0,0.3,4,fc44,fd4b,True,12,spurious,-1,False,10340,16.0
timeout,depth,_mult16p0,0,0.3,5,ccab,fca6,True,12,correct,0,True,10340,16.0
timeout,depth,_mult16p0,0,0.3,3,2ca6,fca6,True,23,correct,0,True,10340,16.0
timeout,depth,_mult16p0,0,0.3,0,fca6,fca6,True,0,correct,0,True,10340,16.0
timeout,depth,_mult16p0,0,0.3,3,f48e,fca6,True,7,correct,0,True,10340,16.0
timeout,depth,_mult16p0,0,0.3,5,f99e,fca6,True,7,correct,0,True,10340,16.0
timeout,depth,_mult16p0,0,0.3,7,f2e1,f8a4,False,10340,oscillated,-1,False,10340,16.0
timeout,depth,_mult16p0,0,0.3,6,e40f,fd4b,True,7,spurious,-1,False,10340,16.0
timeout,depth,_mult16p0,0,0.3,3,f4b4,fca6,True,11,correct,0,True,10340,16.0
timeout,depth,_mult16p0,0,0.3,4,bdac,fca6,True,12,correct,0,True,10340,16.0
timeout,depth,_mult16p0,0,0.3,4,bec6,fca6,True,15,correct,0,True,10340,16.0
timeout,depth,_mult16p0,0,0.3,1,fea6,fca6,True,5,correct,0,True,10340,16.0
timeout,depth,_mult16p0,0,0.3,6,5c8d,58a4,True,7,spurious,-1,False,10340,16.0
timeout,depth,_mult16p0,0,0.3,4,b8aa,fca6,True,14,correct,0,True,10340,16.0
timeout,depth,_mult16p0,0,0.3,9,5afb,4068,True,13,spurious,-1,False,10340,16.0
timeout,depth,_mult16p0,0,0.3,3,e8e6,fca6,True,7,correct,0,True,10340,16.0
timeout,depth,_mult16p0,0,0.3,6,3c42,bd07,True,17,wrong_pattern,3,False,10340,16.0
timeout,depth,_mult16p0,0,0.3,4,feab,fca6,True,11,correct,0,True,10340,16.0
timeout,depth,_mult16p0,0,0.3,2,6ca6,fca6,True,7,correct,0,True,10340,16.0
timeout,depth,_mult16p0,0,0.3,7,72bf,2ab6,False,10340,oscillated,-1,False,10340,16.0
timeout,depth,_mult16p0,0,0.3,5,bfe7,fca6,True,15,correct,0,True,10340,16.0
timeout,depth,_mult16p0,0,0.3,2,f486,fca6,True,7,correct,0,True,10340,16.0
timeout,depth,_mult16p0,0,0.3,4,deb7,fca6,True,5,correct,0,True,10340,16.0
timeout,depth,_mult16p0,0,0.3,2,eca4,fca6,True,7,correct,0,True,10340,16.0
timeout,depth,_mult16p0,0,0.3,4,be27,bf07,False,10340,oscillated,-1,False,10340,16.0
timeout,depth,_mult16p0,0,0.3,5,d0a3,d8a6,False,10340,oscillated,-1,False,10340,16.0
timeout,depth,_mult16p0,0,0.3,7,1802,1905,True,7,spurious,-1,False,10340,16.0
timeout,depth,_mult16p0,0,0.3,3,dc87,fca6,True,7,correct,0,True,10340,16.0
timeout,depth,_mult16p0,0,0.3,7,3e1e,a797,True,9,spurious,-1,False,10340,16.0
timeout,depth,_mult16p0,0,0.3,4,d926,9907,False,10340,oscillated,-1,False,10340,16.0
timeout,depth,_mult16p0,0,0.3,4,f4e0,fca6,True,11,correct,0,True,10340,16.0
timeout,depth,_mult16p0,0,0.3,5,6436,fc6a,True,22,spurious,-1,False,10340,16.0
timeout,depth,_mult16p0,0,0.3,4,50a6,58a4,True,7,spurious,-1,False,10340,16.0
timeout,depth,_mult16p0,0,0.3,5,38ac,58a4,True,11,spurious,-1,False,10340,16.0
timeout,depth,_mult16p0,0,0.3,7,dc09,dd49,False,10340,oscillated,-1,False,10340,16.0
timeout,depth,_mult16p0,0,0.3,7,7abd,58a4,True,6,spurious,-1,False,10340,16.0
timeout,depth,_mult16p0,0,0.3,4,fd76,fd4b,True,13,spurious,-1,False,10340,16.0
timeout,depth,_mult16p0,0,0.3,8,cc48,d549,False,10340,oscillated,-1,False,10340,16.0
timeout,depth,_mult16p0,0,0.3,7,cc6b,f54b,False,10340,oscillated,-1,False,10340,16.0
timeout,depth,_mult16p0,0,0.3,5,fff7,fca6,True,7,correct,0,True,10340,16.0
timeout,depth,_mult16p0,1,0.3,5,93f1,2b4,True,12,spurious,-1,False,10340,16.0
timeout,depth,_mult16p0,1,0.3,4,1b03,1b05,False,10340,oscillated,-1,False,10340,16.0
timeout,depth,_mult16p0,1,0.3,9,272c,2759,False,10340,oscillated,-1,False,10340,16.0
timeout,depth,_mult16p0,1,0.3,2,1a85,58a4,True,18,spurious,-1,False,10340,16.0
timeout,depth,_mult16p0,1,0.3,6,9581,8f95,False,10340,oscillated,-1,False,10340,16.0
timeout,depth,_mult16p0,1,0.3,4,7915,1905,True,13,spurious,-1,False,10340,16.0
timeout,depth,_mult16p0,1,0.3,5,1099,42f8,True,17,spurious,-1,False,10340,16.0
timeout,depth,_mult16p0,1,0.3,5,3ddd,3d15,False,10340,oscillated,-1,False,10340,16.0
timeout,depth,_mult16p0,1,0.3,6,b3a7,aeb6,False,10340,oscillated,-1,False,10340,16.0
timeout,depth,_mult16p0,1,0.3,5,a16,1395,False,10340,oscillated,-1,False,10340,16.0
timeout,depth,_mult16p0,1,0.3,4,1d9c,58a4,True,15,spurious,-1,False,10340,16.0
timeout,depth,_mult16p0,1,0.3,5,4ab4,12b4,False,10340,oscillated,-1,False,10340,16.0
timeout,depth,_mult16p0,1,0.3,6,995c,1905,True,15,spurious,-1,False,10340,16.0
timeout,depth,_mult16p0,1,0.3,7,fd05,bd07,True,11,wrong_pattern,3,False,10340,16.0
timeout,depth,_mult16p0,1,0.3,6,10bf,2b4,True,17,spurious,-1,False,10340,16.0
timeout,depth,_mult16p0,1,0.3,5,bbe5,f8a4,False,10340,oscillated,-1,False,10340,16.0
timeout,depth,_mult16p0,1,0.3,5,1903,1905,True,6,spurious,-1,False,10340,16.0
timeout,depth,_mult16p0,1,0.3,2,1bb1,2b4,True,7,spurious,-1,False,10340,16.0
timeout,depth,_mult16p0,1,0.3,3,5bbd,58a4,True,7,spurious,-1,False,10340,16.0
timeout,depth,_mult16p0,1,0.3,4,17b1,2b4,True,7,spurious,-1,False,10340,16.0
timeout,depth,_mult16p0,1,0.3,5,3be7,78a6,False,10340,oscillated,-1,False,10340,16.0
timeout,depth,_mult16p0,1,0.3,3,3985,1905,True,9,spurious,-1,False,10340,16.0
timeout,depth,_mult16p0,1,0.3,2,3b97,3b97,False,10340,oscillated,-1,False,10340,16.0
timeout,depth,_mult16p0,1,0.3,3,5991,1905,True,11,spurious,-1,False,10340,16.0
timeout,depth,_mult16p0,1,0.3,6,be9,42f8,True,15,spurious,-1,False,10340,16.0
timeout,depth,_mult16p0,1,0.3,3,b9f,395,True,7,spurious,-1,False,10340,16.0
timeout,depth,_mult16p0,1,0.3,9,ca20,5868,True,21,spurious,-1,False,10340,16.0
timeout,depth,_mult16p0,1,0.3,3,9a91,2b4,True,7,spurious,-1,False,10340,16.0
timeout,depth,_mult16p0,1,0.3,4,8295,2b4,True,7,spurious,-1,False,10340,16.0
timeout,depth,_mult16p0,1,0.3,6,21f5,2b4,True,7,spurious,-1,False,10340,16.0
timeout,depth,_mult16p0,1,0.3,7,5841,5949,True,6,spurious,-1,False,10340,16.0
timeout,depth,_mult16p0,1,0.3,5,1a7d,395,True,14,spurious,-1,False,10340,16.0
timeout,depth,_mult16p0,1,0.3,6,48c5,58a4,True,7,spurious,-1,False,10340,16.0
timeout,depth,_mult16p0,1,0.3,5,1ad2,2b4,True,7,spurious,-1,False,10340,16.0
timeout,depth,_mult16p0,1,0.3,6,7fc1,7d49,False,10340,oscillated,-1,False,10340,16.0
timeout,depth,_mult16p0,1,0.3,2,395,395,True,0,spurious,-1,False,10340,16.0
timeout,depth,_mult16p0,1,0.3,5,d194,58a4,True,17,spurious,-1,False,10340,16.0
timeout,depth,_mult16p0,1,0.3,5,d91d,5949,True,16,spurious,-1,False,10340,16.0
timeout,depth,_mult16p0,1,0.3,6,badf,a6b6,True,7,wrong_pattern,2,False,10340,16.0
timeout,depth,_mult16p0,1,0.3,4,1bd2,2b4,True,7,spurious,-1,False,10340,16.0
timeout,depth,_mult16p0,1,0.3,5,3fa7,fca6,True,18,wrong_pattern,0,False,10340,16.0
timeout,depth,_mult16p0,1,0.3,3,9d95,9d15,False,10340,oscillated,-1,False,10340,16.0
timeout,depth,_mult16p0,1,0.3,3,9f15,9f95,False,10340,oscillated,-1,False,10340,16.0
timeout,depth,_mult16p0,1,0.3,6,9c17,bd17,False,10340,oscillated,-1,False,10340,16.0
timeout,depth,_mult16p0,1,0.3,2,4b95,1395,False,10340,oscillated,-1,False,10340,16.0
timeout,depth,_mult16p0,1,0.3,5,a991,b395,False,10340,oscillated,-1,False,10340,16.0
timeout,depth,_mult16p0,1,0.3,6,99cf,9907,False,10340,oscillated,-1,False,10340,16.0
timeout,depth,_mult16p0,1,0.3,6,15b9,42f8,True,17,spurious,-1,False,10340,16.0
timeout,depth,_mult16p0,1,0.3,6,3b3b,235b,False,10340,oscillated,-1,False,10340,16.0
timeout,depth,_mult16p0,1,0.3,7,8201,359,True,11,spurious,-1,False,10340,16.0
timeout,depth,_mult16p0,1,0.3,7,7134,1905,True,15,spurious,-1,False,10340,16.0
timeout,depth,_mult16p0,1,0.3,7,cf9b,a797,True,26,spurious,-1,False,10340,16.0
timeout,depth,_mult16p0,1,0.3,6,699f,3917,False,10340,oscillated,-1,False,10340,16.0
timeout,depth,_mult16p0,1,0.3,4,1ff7,6b6,False,10340,oscillated,-1,False,10340,16.0
timeout,depth,_mult16p0,1,0.3,4,3a8d,58a4,True,15,spurious,-1,False,10340,16.0
timeout,depth,_mult16p0,1,0.3,5,89f5,2b4,True,17,spurious,-1,False,10340,16.0
timeout,depth,_mult16p0,1,0.3,3,8b97,9397,False,10340,oscillated,-1,False,10340,16.0
timeout,depth,_mult16p0,1,0.3,1,1bd5,1b95,True,6,correct,1,True,10340,16.0
timeout,depth,_mult16p0,1,0.3,5,2a35,1395,False,10340,oscillated,-1,False,10340,16.0
timeout,depth,_mult16p0,1,0.3,8,4af8,42f8,True,7,spurious,-1,False,10340,16.0
timeout,depth,_mult16p0,2,0.3,8,283d,359,True,17,spurious,-1,False,10340,16.0
timeout,depth,_mult16p0,2,0.3,7,a581,a797,True,6,spurious,-1,False,10340,16.0
timeout,depth,_mult16p0,2,0.3,5,72be,2ab6,False,10340,oscillated,-1,False,10340,16.0
timeout,depth,_mult16p0,2,0.3,4,c2b2,c2fa,False,10340,oscillated,-1,False,10340,16.0
timeout,depth,_mult16p0,2,0.3,5,2a34,12b4,False,10340,oscillated,-1,False,10340,16.0
timeout,depth,_mult16p0,2,0.3,4,f4b2,fca6,True,16,wrong_pattern,0,False,10340,16.0
timeout,depth,_mult16p0,2,0.3,1,26b6,a6b6,True,4,correct,2,True,10340,16.0
timeout,depth,_mult16p0,2,0.3,3,afa6,b6b6,False,10340,oscillated,-1,False,10340,16.0
timeout,depth,_mult16p0,2,0.3,3,a2a7,a6b6,True,5,correct,2,True,10340,16.0
timeout,depth,_mult16p0,2,0.3,5,c6c6,e6fa,True,15,spurious,-1,False,10340,16.0
timeout,depth,_mult16p0,2,0.3,5,8ffe,a6b6,True,17,correct,2,True,10340,16.0
timeout,depth,_mult16p0,2,0.3,3,a635,a797,True,9,spurious,-1,False,10340,16.0
timeout,depth,_mult16p0,2,0.3,5,e42e,e46a,True,6,spurious,-1,False,10340,16.0
timeout,depth,_mult16p0,2,0.3,4,afb5,b6b6,False,10340,oscillated,-1,False,10340,16.0
timeout,depth,_mult16p0,2,0.3,6,aa7a,e6fa,True,11,spurious,-1,False,10340,16.0
timeout,depth,_mult16p0,2,0.3,5,9494,8eb4,False,10340,oscillated,-1,False,10340,16.0
timeout,depth,_mult16p0,2,0.3,2,b6a6,aeb6,False,10340,oscillated,-1,False,10340,16.0
timeout,depth,_mult16p0,2,0.3,5,86e3,a6b6,True,17,correct,2,True,10340,16.0
timeout,depth,_mult16p0,2,0.3,2,aea6,b6b6,False,10340,oscillated,-1,False,10340,16.0
timeout,depth,_mult16p0,2,0.3,5,63be,62fa,False,10340,oscillated,-1,False,10340,16.0
timeout,depth,_mult16p0,2,0.3,3,2b6,2b4,True,4,spurious,-1,False,10340,16.0
timeout,depth,_mult16p0,2,0.3,6,d4a7,fca6,True,7,wrong_pattern,0,False,10340,16.0
timeout,depth,_mult16p0,2,0.3,5,96bb,a6b6,True,17,correct,2,True,10340,16.0
timeout,depth,_mult16p0,2,0.3,6,45b4,58a4,True,14,spurious,-1,False,10340,16.0
timeout,depth,_mult16p0,2,0.3,4,a7f3,a6b6,True,12,correct,2,True,10340,16.0
timeout,depth,_mult16p0,2,0.3,4,a6ec,a6b6,True,16,correct,2,True,10340,16.0
timeout,depth,_mult16p0,2,0.3,5,96f5,86b4,False,10340,oscillated,-1,False,10340,16.0
timeout,depth,_mult16p0,2,0.3,5,a09f,a6b6,True,7,correct,2,True,10340,16.0
timeout,depth,_mult16p0,2,0.3,4,66a2,e6ea,False,10340,oscillated,-1,False,10340,16.0
timeout,depth,_mult16p0,2,0.3,5,7a2,6b6,False,10340,oscillated,-1,False,10340,16.0
timeout,depth,_mult16p0,2,0.3,5,f67e,fc6a,True,17,spurious,-1,False,10340,16.0
timeout,depth,_mult16p0,2,0.3,5,a21c,a359,False,10340,oscillated,-1,False,10340,16.0
timeout,depth,_mult16p0,2,0.3,5,27ac,26b4,False,10340,oscillated,-1,False,10340,16.0
timeout,depth,_mult16p0,2,0.3,6,a42b,a75b,True,7,spurious,-1,False,10340,16.0
timeout,depth,_mult16p0,2,0.3,5,9635,8f95,False,10340,oscillated,-1,False,10340,16.0
timeout,depth,_mult16p0,2,0.3,6,3df6,fca6,True,15,wrong_pattern,0,False,10340,16.0
timeout,depth,_mult16p0,2,0.3,5,ae1f,a75b,True,12,spurious,-1,False,10340,16.0
timeout,depth,_mult16p0,2,0.3,4,aa37,b797,False,10340,oscillated,-1,False,10340,16.0
timeout,depth,_mult16p0,2,0.3,7,f93,797,False,10340,oscillated,-1,False,10340,16.0
timeout,depth,_mult16p0,2,0.3,4,b426,fca6,True,11,wrong_pattern,0,False,10340,16.0
timeout,depth,_mult16p0,2,0.3,6,ae78,e6fa,True,11,spurious,-1,False,10340,16.0
timeout,depth,_mult16p0,2,0.3,4,83b2,82b6,False,10340,oscillated,-1,False,10340,16.0
timeout,depth,_mult16p0,2,0.3,5,befa,a6b6,True,7,correct,2,True,10340,16.0
timeout,depth,_mult16p0,2,0.3,9,bf19,a75b,True,17,spurious,-1,False,10340,16.0
timeout,depth,_mult16p0,2,0.3,6,38b2,78a6,False,10340,oscillated,-1,False,10340,16.0
timeout,depth,_mult16p0,2,0.3,3,8eb7,b6b6,False,10340,oscillated,-1,False,10340,16.0
timeout,depth,_mult16p0,2,0.3,8,887,58a4,True,26,spurious,-1,False,10340,16.0
timeout,depth,_mult16p0,2,0.3,6,fc94,fca6,True,5,wrong_pattern,0,False,10340,16.0
timeout,depth,_mult16p0,2,0.3,4,97f6,a6b6,True,7,correct,2,True,10340,16.0
timeout,depth,_mult16p0,2,0.3,7,8f25,9705,False,10340,oscillated,-1,False,10340,16.0
timeout,depth,_mult16p0,2,0.3,5,a6e8,e6fa,True,13,spurious,-1,False,10340,16.0
timeout,depth,_mult16p0,2,0.3,5,21b4,2b4,True,5,spurious,-1,False,10340,16.0
timeout,depth,_mult16p0,2,0.3,6,977e,a75b,True,7,spurious,-1,False,10340,16.0
timeout,depth,_mult16p0,2,0.3,5,31b6,2ab6,False,10340,oscillated,-1,False,10340,16.0
timeout,depth,_mult16p0,2,0.3,6,1ebf,5ca6,False,10340,oscillated,-1,False,10340,16.0
timeout,depth,_mult16p0,2,0.3,8,cf7c,dd49,False,10340,oscillated,-1,False,10340,16.0
timeout,depth,_mult16p0,2,0.3,6,622e,62ea,False,10340,oscillated,-1,False,10340,16.0
timeout,depth,_mult16p0,2,0.3,4,2096,22b6,False,10340,oscillated,-1,False,10340,16.0
timeout,depth,_mult16p0,2,0.3,1,a6b2,a6b6,True,6,correct,2,True,10340,16.0
timeout,depth,_mult16p0,2,0.3,5,abbc,a2b4,False,10340,oscillated,-1,False,10340,16.0
timeout,depth,_mult16p0,3,0.3,4,a583,a797,True,6,spurious,-1,False,10340,16.0
timeout,depth,_mult16p0,3,0.3,4,3427,bd07,True,7,correct,3,True,10340,16.0
timeout,depth,_mult16p0,3,0.3,5,1b17,1b95,True,9,wrong_pattern,1,False,10340,16.0
timeout,depth,_mult16p0,3,0.3,6,d737,bd07,True,13,correct,3,True,10340,16.0
timeout,depth,_mult16p0,3,0.3,4,3597,af97,False,10340,oscillated,-1,False,10340,16.0
timeout,depth,_mult16p0,3,0.3,6,aa1f,a75b,True,12,spurious,-1,False,10340,16.0
timeout,depth,_mult16p0,3,0.3,7,9560,cd49,False,10340,oscillated,-1,False,10340,16.0
timeout,depth,_mult16p0,3,0.3,6,f156,bd07,True,16,correct,3,True,10340,16.0
timeout,depth,_mult16p0,3,0.3,4,ef03,fd4b,True,21,spurious,-1,False,10340,16.0
timeout,depth,_mult16p0,3,0.3,6,ed92,fca6,True,18,wrong_pattern,0,False,10340,16.0
timeout,depth,_mult16p0,3,0.3,5,395f,3917,False,10340,oscillated,-1,False,10340,16.0
timeout,depth,_mult16p0,3,0.3,4,b536,af97,False,10340,oscillated,-1,False,10340,16.0
timeout,depth,_mult16p0,3,0.3,7,67c7,a75b,True,15,spurious,-1,False,10340,16.0
timeout,depth,_mult16p0,3,0.3,2,bd04,bd07,True,4,correct,3,True,10340,16.0
timeout,depth,_mult16p0,3,0.3,5,dc0b,fd4b,True,6,spurious,-1,False,10340,16.0
timeout,depth,_mult16p0,3,0.3,4,ed2f,fd4b,True,17,spurious,-1,False,10340,16.0
timeout,depth,_mult16p0,3,0.3,5,db17,9907,False,10340,oscillated,-1,False,10340,16.0
timeout,depth,_mult16p0,3,0.3,4,b797,af97,False,10340,oscillated,-1,False,10340,16.0
timeout,depth,_mult16p0,3,0.3,4,992f,9907,False,10340,oscillated,-1,False,10340,16.0
timeout,depth,_mult16p0,3,0.3,8,1c5a,75b,False,10340,oscillated,-1,False,10340,16.0
timeout,depth,_mult16p0,3,0.3,6,aa0e,a75b,True,17,spurious,-1,False,10340,16.0
timeout,depth,_mult16p0,3,0.3,7,270a,a75b,True,6,spurious,-1,False,10340,16.0
timeout,depth,_mult16p0,3,0.3,7,ca06,9907,False,10340,oscillated,-1,False,10340,16.0
timeout,depth,_mult16p0,3,0.3,4,dd8f,bd07,True,16,correct,3,True,10340,16.0
timeout,depth,_mult16p0,3,0.3,1,bc07,bd07,True,4,correct,3,True,10340,16.0
timeout,depth,_mult16p0,3,0.3,6,a8b7,b6b6,False,10340,oscillated,-1,False,10340,16.0
timeout,depth,_mult16p0,3,0.3,3,3d0b,bd07,True,16,correct,3,True,10340,16.0
timeout,depth,_mult16p0,3,0.3,4,3f97,bf97,True,4,spurious,-1,False,10340,16.0
timeout,depth,_mult16p0,3,0.3,6,2a27,3397,False,10340,oscillated,-1,False,10340,16.0
timeout,depth,_mult16p0,3,0.3,5,3426,fca6,True,11,wrong_pattern,0,False,10340,16.0
timeout,depth,_mult16p0,3,0.3,6,b780,a6b6,True,17,wrong_pattern,2,False,10340,16.0
timeout,depth,_mult16p0,3,0.3,3,af06,b707,False,10340,oscillated,-1,False,10340,16.0
timeout,depth,_mult16p0,3,0.3,5,7585,3d05,False,10340,oscillated,-1,False,10340,16.0
timeout,depth,_mult16p0,3,0.3,5,ed0a,fd4b,True,7,spurious,-1,False,10340,16.0
timeout,depth,_mult16p0,3,0.3,4,d47,554b,False,10340,oscillated,-1,False,10340,16.0
timeout,depth,_mult16p0,3,0.3,5,9e15,9f95,False,10340,oscillated,-1,False,10340,16.0
timeout,depth,_mult16p0,3,0.3,10,9b0,2b4,True,17,spurious,-1,False,10340,16.0
timeout,depth,_mult16p0,3,0.3,4,9913,9917,False,10340,oscillated,-1,False,10340,16.0
timeout,depth,_mult16p0,3,0.3,2,b517,ad17,False,10340,oscillated,-1,False,10340,16.0
timeout,depth,_mult16p0,3,0.3,5,f14f,fd4b,True,7,spurious,-1,False,10340,16.0
timeout,depth,_mult16p0,3,0.3,4,1c06,1d07,False,10340,oscillated,-1,False,10340,16.0
timeout,depth,_mult16p0,3,0.3,2,ad05,bd07,True,7,correct,3,True,10340,16.0
timeout,depth,_mult16p0,3,0.3,5,ff6f,fd4b,True,6,spurious,-1,False,10340,16.0
timeout,depth,_mult16p0,3,0.3,7,1a37,1b95,True,9,wrong_pattern,1,False,10340,16.0
timeout,depth,_mult16p0,3,0.3,3,9c03,bd07,True,6,correct,3,True,10340,16.0
timeout,depth,_mult16p0,3,0.3,6,7f24,3d05,False,10340,oscillated,-1,False,10340,16.0
timeout,depth,_mult16p0,3,0.3,3,b597,af97,False,10340,oscillated,-1,False,10340,16.0
timeout,depth,_mult16p0,3,0.3,5,a687,a6b6,True,7,wrong_pattern,2,False,10340,16.0
timeout,depth,_mult16p0,3,0.3,7,198c,58a4,True,14,spurious,-1,False,10340,16.0
timeout,depth,_mult16p0,3,0.3,5,ac93,a6b6,True,17,wrong_pattern,2,False,10340,16.0
timeout,depth,_mult16p0,3,0.3,6,f53b,fd4b,True,17,spurious,-1,False,10340,16.0
timeout,depth,_mult16p0,3,0.3,3,7d17,bd07,True,13,correct,3,True,10340,16.0
timeout,depth,_mult16p0,3,0.3,5,a737,a797,True,9,spurious,-1,False,10340,16.0
timeout,depth,_mult16p0,3,0.3,4,df87,bd07,True,13,correct,3,True,10340,16.0
timeout,depth,_mult16p0,3,0.3,8,5b93,1905,True,13,spurious,-1,False,10340,16.0
timeout,depth,_mult16p0,3,0.3,4,be26,fca6,True,15,wrong_pattern,0,False,10340,16.0
timeout,depth,_mult16p0,3,0.3,7,19ae,58a4,True,12,spurious,-1,False,10340,16.0
timeout,depth,_mult16p0,3,0.3,4,9dc3,bd07,True,9,correct,3,True,10340,16.0
timeout,depth,_mult16p0,3,0.3,7,878d,8795,False,10340,oscillated,-1,False,10340,16.0
timeout,depth,_mult16p0,3,0.3,3,b405,bd07,True,7,correct,3,True,10340,16.0
timeout,even_odd,_mult16p0,0,0.0,0,fca6,fca6,True,0,correct,0,True,24676,16.0
timeout,even_odd,_mult16p0,0,0.0,0,fca6,fca6,True,0,correct,0,True,24676,16.0
timeout,even_odd,_mult16p0,0,0.0,0,fca6,fca6,True,0,correct,0,True,24676,16.0
timeout,even_odd,_mult16p0,0,0.0,0,fca6,fca6,True,0,correct,0,True,24676,16.0
timeout,even_odd,_mult16p0,0,0.0,0,fca6,fca6,True,0,correct,0,True,24676,16.0
timeout,even_odd,_mult16p0,0,0.0,0,fca6,fca6,True,0,correct,0,True,24676,16.0
timeout,even_odd,_mult16p0,0,0.0,0,fca6,fca6,True,0,correct,0,True,24676,16.0
timeout,even_odd,_mult16p0,0,0.0,0,fca6,fca6,True,0,correct,0,True,24676,16.0
timeout,even_odd,_mult16p0,0,0.0,0,fca6,fca6,True,0,correct,0,True,24676,16.0
timeout,even_odd,_mult16p0,0,0.0,0,fca6,fca6,True,0,correct,0,True,24676,16.0
timeout,even_odd,_mult16p0,0,0.0,0,fca6,fca6,True,0,correct,0,True,24676,16.0
timeout,even_odd,_mult16p0,0,0.0,0,fca6,fca6,True,0,correct,0,True,24676,16.0
timeout,even_odd,_mult16p0,0,0.0,0,fca6,fca6,True,0,correct,0,True,24676,16.0
timeout,even_odd,_mult16p0,0,0.0,0,fca6,fca6,True,0,correct,0,True,24676,16.0
timeout,even_odd,_mult16p0,0,0.0,0,fca6,fca6,True,0,correct,0,True,24676,16.0
timeout,even_odd,_mult16p0,0,0.0,0,fca6,fca6,True,0,correct,0,True,24676,16.0
timeout,even_odd,_mult16p0,0,0.0,0,fca6,fca6,True,0,correct,0,True,24676,16.0
timeout,even_odd,_mult16p0,0,0.0,0,fca6,fca6,True,0,correct,0,True,24676,16.0
timeout,even_odd,_mult16p0,0,0.0,0,fca6,fca6,True,0,correct,0,True,24676,16.0
timeout,even_odd,_mult16p0,0,0.0,0,fca6,fca6,True,0,correct,0,True,24676,16.0
timeout,even_odd,_mult16p0,0,0.0,0,fca6,fca6,True,0,correct,0,True,24676,16.0
timeout,even_odd,_mult16p0,0,0.0,0,fca6,fca6,True,0,correct,0,True,24676,16.0
timeout,even_odd,_mult16p0,0,0.0,0,fca6,fca6,True,0,correct,0,True,24676,16.0
timeout,even_odd,_mult16p0,0,0.0,0,fca6,fca6,True,0,correct,0,True,24676,16.0
timeout,even_odd,_mult16p0,0,0.0,0,fca6,fca6,True,0,correct,0,True,24676,16.0
timeout,even_odd,_mult16p0,0,0.0,0,fca6,fca6,True,0,correct,0,True,24676,16.0
timeout,even_odd,_mult16p0,0,0.0,0,fca6,fca6,True,0,correct,0,True,24676,16.0
timeout,even_odd,_mult16p0,0,0.0,0,fca6,fca6,True,0,correct,0,True,24676,16.0
timeout,even_odd,_mult16p0,0,0.0,0,fca6,fca6,True,0,correct,0,True,24676,16.0
timeout,even_odd,_mult16p0,0,0.0,0,fca6,fca6,True,0,correct,0,True,24676,16.0
timeout,even_odd,_mult16p0,0,0.0,0,fca6,fca6,True,0,correct,0,True,24676,16.0
timeout,even_odd,_mult16p0,0,0.0,0,fca6,fca6,True,0,correct,0,True,24676,16.0
timeout,even_odd,_mult16p0,0,0.0,0,fca6,fca6,True,0,correct,0,True,24676,16.0
timeout,even_odd,_mult16p0,0,0.0,0,fca6,fca6,True,0,correct,0,True,24676,16.0
timeout,even_odd,_mult16p0,0,0.0,0,fca6,fca6,True,0,correct,0,True,24676,16.0
timeout,even_odd,_mult16p0,0,0.0,0,fca6,fca6,True,0,correct,0,True,24676,16.0
timeout,even_odd,_mult16p0,0,0.0,0,fca6,fca6,True,0,correct,0,True,24676,16.0
timeout,even_odd,_mult16p0,0,0.0,0,fca6,fca6,True,0,correct,0,True,24676,16.0
timeout,even_odd,_mult16p0,0,0.0,0,fca6,fca6,True,0,correct,0,True,24676,16.0
timeout,even_odd,_mult16p0,0,0.0,0,fca6,fca6,True,0,correct,0,True,24676,16.0
timeout,even_odd,_mult16p0,0,0.0,0,fca6,fca6,True,0,correct,0,True,24676,16.0
timeout,even_odd,_mult16p0,0,0.0,0,fca6,fca6,True,0,correct,0,True,24676,16.0
timeout,even_odd,_mult16p0,0,0.0,0,fca6,fca6,True,0,correct,0,True,24676,16.0
timeout,even_odd,_mult16p0,0,0.0,0,fca6,fca6,True,0,correct,0,True,24676,16.0
timeout,even_odd,_mult16p0,0,0.0,0,fca6,fca6,True,0,correct,0,True,24676,16.0
timeout,even_odd,_mult16p0,0,0.0,0,fca6,fca6,True,0,correct,0,True,24676,16.0
timeout,even_odd,_mult16p0,0,0.0,0,fca6,fca6,True,0,correct,0,True,24676,16.0
timeout,even_odd,_mult16p0,0,0.0,0,fca6,fca6,True,0,correct,0,True,24676,16.0
timeout,even_odd,_mult16p0,0,0.0,0,fca6,fca6,True,0,correct,0,True,24676,16.0
timeout,even_odd,_mult16p0,0,0.0,0,fca6,fca6,True,0,correct,0,True,24676,16.0
timeout,even_odd,_mult16p0,0,0.0,0,fca6,fca6,True,0,correct,0,True,24676,16.0
timeout,even_odd,_mult16p0,0,0.0,0,fca6,fca6,True,0,correct,0,True,24676,16.0
timeout,even_odd,_mult16p0,0,0.0,0,fca6,fca6,True,0,correct,0,True,24676,16.0
timeout,even_odd,_mult16p0,0,0.0,0,fca6,fca6,True,0,correct,0,True,24676,16.0
timeout,even_odd,_mult16p0,0,0.0,0,fca6,fca6,True,0,correct,0,True,24676,16.0
timeout,even_odd,_mult16p0,0,0.0,0,fca6,fca6,True,0,correct,0,True,24676,16.0
timeout,even_odd,_mult16p0,0,0.0,0,fca6,fca6,True,0,correct,0,True,24676,16.0
timeout,even_odd,_mult16p0,0,0.0,0,fca6,fca6,True,0,correct,0,True,24676,16.0
timeout,even_odd,_mult16p0,0,0.0,0,fca6,fca6,True,0,correct,0,True,24676,16.0
timeout,even_odd,_mult16p0,0,0.0,0,fca6,fca6,True,0,correct,0,True,24676,16.0
timeout,even_odd,_mult16p0,1,0.0,0,1b95,1b95,True,0,correct,1,True,24676,16.0
timeout,even_odd,_mult16p0,1,0.0,0,1b95,1b95,True,0,correct,1,True,24676,16.0
timeout,even_odd,_mult16p0,1,0.0,0,1b95,1b95,True,0,correct,1,True,24676,16.0
timeout,even_odd,_mult16p0,1,0.0,0,1b95,1b95,True,0,correct,1,True,24676,16.0
timeout,even_odd,_mult16p0,1,0.0,0,1b95,1b95,True,0,correct,1,True,24676,16.0
timeout,even_odd,_mult16p0,1,0.0,0,1b95,1b95,True,0,correct,1,True,24676,16.0
timeout,even_odd,_mult16p0,1,0.0,0,1b95,1b95,True,0,correct,1,True,24676,16.0
timeout,even_odd,_mult16p0,1,0.0,0,1b95,1b95,True,0,correct,1,True,24676,16.0
timeout,even_odd,_mult16p0,1,0.0,0,1b95,1b95,True,0,correct,1,True,24676,16.0
timeout,even_odd,_mult16p0,1,0.0,0,1b95,1b95,True,0,correct,1,True,24676,16.0
timeout,even_odd,_mult16p0,1,0.0,0,1b95,1b95,True,0,correct,1,True,24676,16.0
timeout,even_odd,_mult16p0,1,0.0,0,1b95,1b95,True,0,correct,1,True,24676,16.0
timeout,even_odd,_mult16p0,1,0.0,0,1b95,1b95,True,0,correct,1,True,24676,16.0
timeout,even_odd,_mult16p0,1,0.0,0,1b95,1b95,True,0,correct,1,True,24676,16.0
timeout,even_odd,_mult16p0,1,0.0,0,1b95,1b95,True,0,correct,1,True,24676,16.0
timeout,even_odd,_mult16p0,1,0.0,0,1b95,1b95,True,0,correct,1,True,24676,16.0
timeout,even_odd,_mult16p0,1,0.0,0,1b95,1b95,True,0,correct,1,True,24676,16.0
timeout,even_odd,_mult16p0,1,0.0,0,1b95,1b95,True,0,correct,1,True,24676,16.0
timeout,even_odd,_mult16p0,1,0.0,0,1b95,1b95,True,0,correct,1,True,24676,16.0
timeout,even_odd,_mult16p0,1,0.0,0,1b95,1b95,True,0,correct,1,True,24676,16.0
timeout,even_odd,_mult16p0,1,0.0,0,1b95,1b95,True,0,correct,1,True,24676,16.0
timeout,even_odd,_mult16p0,1,0.0,0,1b95,1b95,True,0,correct,1,True,24676,16.0
timeout,even_odd,_mult16p0,1,0.0,0,1b95,1b95,True,0,correct,1,True,24676,16.0
timeout,even_odd,_mult16p0,1,0.0,0,1b95,1b95,True,0,correct,1,True,24676,16.0
timeout,even_odd,_mult16p0,1,0.0,0,1b95,1b95,True,0,correct,1,True,24676,16.0
timeout,even_odd,_mult16p0,1,0.0,0,1b95,1b95,True,0,correct,1,True,24676,16.0
timeout,even_odd,_mult16p0,1,0.0,0,1b95,1b95,True,0,correct,1,True,24676,16.0
timeout,even_odd,_mult16p0,1,0.0,0,1b95,1b95,True,0,correct,1,True,24676,16.0
timeout,even_odd,_mult16p0,1,0.0,0,1b95,1b95,True,0,correct,1,True,24676,16.0
timeout,even_odd,_mult16p0,1,0.0,0,1b95,1b95,True,0,correct,1,True,24676,16.0
timeout,even_odd,_mult16p0,1,0.0,0,1b95,1b95,True,0,correct,1,True,24676,16.0
timeout,even_odd,_mult16p0,1,0.0,0,1b95,1b95,True,0,correct,1,True,24676,16.0
timeout,even_odd,_mult16p0,1,0.0,0,1b95,1b95,True,0,correct,1,True,24676,16.0
timeout,even_odd,_mult16p0,1,0.0,0,1b95,1b95,True,0,correct,1,True,24676,16.0
timeout,even_odd,_mult16p0,1,0.0,0,1b95,1b95,True,0,correct,1,True,24676,16.0
timeout,even_odd,_mult16p0,1,0.0,0,1b95,1b95,True,0,correct,1,True,24676,16.0
timeout,even_odd,_mult16p0,1,0.0,0,1b95,1b95,True,0,correct,1,True,24676,16.0
timeout,even_odd,_mult16p0,1,0.0,0,1b95,1b95,True,0,correct,1,True,24676,16.0
timeout,even_odd,_mult16p0,1,0.0,0,1b95,1b95,True,0,correct,1,True,24676,16.0
timeout,even_odd,_mult16p0,1,0.0,0,1b95,1b95,True,0,correct,1,True,24676,16.0
timeout,even_odd,_mult16p0,1,0.0,0,1b95,1b95,True,0,correct,1,True,24676,16.0
timeout,even_odd,_mult16p0,1,0.0,0,1b95,1b95,True,0,correct,1,True,24676,16.0
timeout,even_odd,_mult16p0,1,0.0,0,1b95,1b95,True,0,correct,1,True,24676,16.0
timeout,even_odd,_mult16p0,1,0.0,0,1b95,1b95,True,0,correct,1,True,24676,16.0
timeout,even_odd,_mult16p0,1,0.0,0,1b95,1b95,True,0,correct,1,True,24676,16.0
timeout,even_odd,_mult16p0,1,0.0,0,1b95,1b95,True,0,correct,1,True,24676,16.0
timeout,even_odd,_mult16p0,1,0.0,0,1b95,1b95,True,0,correct,1,True,24676,16.0
timeout,even_odd,_mult16p0,1,0.0,0,1b95,1b95,True,0,correct,1,True,24676,16.0
timeout,even_odd,_mult16p0,1,0.0,0,1b95,1b95,True,0,correct,1,True,24676,16.0
timeout,even_odd,_mult16p0,1,0.0,0,1b95,1b95,True,0,correct,1,True,24676,16.0
timeout,even_odd,_mult16p0,1,0.0,0,1b95,1b95,True,0,correct,1,True,24676,16.0
timeout,even_odd,_mult16p0,1,0.0,0,1b95,1b95,True,0,correct,1,True,24676,16.0
timeout,even_odd,_mult16p0,1,0.0,0,1b95,1b95,True,0,correct,1,True,24676,16.0
timeout,even_odd,_mult16p0,1,0.0,0,1b95,1b95,True,0,correct,1,True,24676,16.0
timeout,even_odd,_mult16p0,1,0.0,0,1b95,1b95,True,0,correct,1,True,24676,16.0
timeout,even_odd,_mult16p0,1,0.0,0,1b95,1b95,True,0,correct,1,True,24676,16.0
timeout,even_odd,_mult16p0,1,0.0,0,1b95,1b95,True,0,correct,1,True,24676,16.0
timeout,even_odd,_mult16p0,1,0.0,0,1b95,1b95,True,0,correct,1,True,24676,16.0
timeout,even_odd,_mult16p0,1,0.0,0,1b95,1b95,True,0,correct,1,True,24676,16.0
timeout,even_odd,_mult16p0,1,0.0,0,1b95,1b95,True,0,correct,1,True,24676,16.0
timeout,even_odd,_mult16p0,2,0.0,0,a6b6,a6b6,True,0,correct,2,True,24676,16.0
timeout,even_odd,_mult16p0,2,0.0,0,a6b6,a6b6,True,0,correct,2,True,24676,16.0
timeout,even_odd,_mult16p0,2,0.0,0,a6b6,a6b6,True,0,correct,2,True,24676,16.0
timeout,even_odd,_mult16p0,2,0.0,0,a6b6,a6b6,True,0,correct,2,True,24676,16.0
timeout,even_odd,_mult16p0,2,0.0,0,a6b6,a6b6,True,0,correct,2,True,24676,16.0
timeout,even_odd,_mult16p0,2,0.0,0,a6b6,a6b6,True,0,correct,2,True,24676,16.0
timeout,even_odd,_mult16p0,2,0.0,0,a6b6,a6b6,True,0,correct,2,True,24676,16.0
timeout,even_odd,_mult16p0,2,0.0,0,a6b6,a6b6,True,0,correct,2,True,24676,16.0
timeout,even_odd,_mult16p0,2,0.0,0,a6b6,a6b6,True,0,correct,2,True,24676,16.0
timeout,even_odd,_mult16p0,2,0.0,0,a6b6,a6b6,True,0,correct,2,True,24676,16.0
timeout,even_odd,_mult16p0,2,0.0,0,a6b6,a6b6,True,0,correct,2,True,24676,16.0
timeout,even_odd,_mult16p0,2,0.0,0,a6b6,a6b6,True,0,correct,2,True,24676,16.0
timeout,even_odd,_mult16p0,2,0.0,0,a6b6,a6b6,True,0,correct,2,True,24676,16.0
timeout,even_odd,_mult16p0,2,0.0,0,a6b6,a6b6,True,0,correct,2,True,24676,16.0
timeout,even_odd,_mult16p0,2,0.0,0,a6b6,a6b6,True,0,correct,2,True,24676,16.0
timeout,even_odd,_mult16p0,2,0.0,0,a6b6,a6b6,True,0,correct,2,True,24676,16.0
timeout,even_odd,_mult16p0,2,0.0,0,a6b6,a6b6,True,0,correct,2,True,24676,16.0
timeout,even_odd,_mult16p0,2,0.0,0,a6b6,a6b6,True,0,correct,2,True,24676,16.0
timeout,even_odd,_mult16p0,2,0.0,0,a6b6,a6b6,True,0,correct,2,True,24676,16.0
timeout,even_odd,_mult16p0,2,0.0,0,a6b6,a6b6,True,0,correct,2,True,24676,16.0
timeout,even_odd,_mult16p0,2,0.0,0,a6b6,a6b6,True,0,correct,2,True,24676,16.0
timeout,even_odd,_mult16p0,2,0.0,0,a6b6,a6b6,True,0,correct,2,True,24676,16.0
timeout,even_odd,_mult16p0,2,0.0,0,a6b6,a6b6,True,0,correct,2,True,24676,16.0
timeout,even_odd,_mult16p0,2,0.0,0,a6b6,a6b6,True,0,correct,2,True,24676,16.0
timeout,even_odd,_mult16p0,2,0.0,0,a6b6,a6b6,True,0,correct,2,True,24676,16.0
timeout,even_odd,_mult16p0,2,0.0,0,a6b6,a6b6,True,0,correct,2,True,24676,16.0
timeout,even_odd,_mult16p0,2,0.0,0,a6b6,a6b6,True,0,correct,2,True,24676,16.0
timeout,even_odd,_mult16p0,2,0.0,0,a6b6,a6b6,True,0,correct,2,True,24676,16.0
timeout,even_odd,_mult16p0,2,0.0,0,a6b6,a6b6,True,0,correct,2,True,24676,16.0
timeout,even_odd,_mult16p0,2,0.0,0,a6b6,a6b6,True,0,correct,2,True,24676,16.0
timeout,even_odd,_mult16p0,2,0.0,0,a6b6,a6b6,True,0,correct,2,True,24676,16.0
timeout,even_odd,_mult16p0,2,0.0,0,a6b6,a6b6,True,0,correct,2,True,24676,16.0
timeout,even_odd,_mult16p0,2,0.0,0,a6b6,a6b6,True,0,correct,2,True,24676,16.0
timeout,even_odd,_mult16p0,2,0.0,0,a6b6,a6b6,True,0,correct,2,True,24676,16.0
timeout,even_odd,_mult16p0,2,0.0,0,a6b6,a6b6,True,0,correct,2,True,24676,16.0
timeout,even_odd,_mult16p0,2,0.0,0,a6b6,a6b6,True,0,correct,2,True,24676,16.0
timeout,even_odd,_mult16p0,2,0.0,0,a6b6,a6b6,True,0,correct,2,True,24676,16.0
timeout,even_odd,_mult16p0,2,0.0,0,a6b6,a6b6,True,0,correct,2,True,24676,16.0
timeout,even_odd,_mult16p0,2,0.0,0,a6b6,a6b6,True,0,correct,2,True,24676,16.0
timeout,even_odd,_mult16p0,2,0.0,0,a6b6,a6b6,True,0,correct,2,True,24676,16.0
timeout,even_odd,_mult16p0,2,0.0,0,a6b6,a6b6,True,0,correct,2,True,24676,16.0
timeout,even_odd,_mult16p0,2,0.0,0,a6b6,a6b6,True,0,correct,2,True,24676,16.0
timeout,even_odd,_mult16p0,2,0.0,0,a6b6,a6b6,True,0,correct,2,True,24676,16.0
timeout,even_odd,_mult16p0,2,0.0,0,a6b6,a6b6,True,0,correct,2,True,24676,16.0
timeout,even_odd,_mult16p0,2,0.0,0,a6b6,a6b6,True,0,correct,2,True,24676,16.0
timeout,even_odd,_mult16p0,2,0.0,0,a6b6,a6b6,True,0,correct,2,True,24676,16.0
timeout,even_odd,_mult16p0,2,0.0,0,a6b6,a6b6,True,0,correct,2,True,24676,16.0
timeout,even_odd,_mult16p0,2,0.0,0,a6b6,a6b6,True,0,correct,2,True,24676,16.0
timeout,even_odd,_mult16p0,2,0.0,0,a6b6,a6b6,True,0,correct,2,True,24676,16.0
timeout,even_odd,_mult16p0,2,0.0,0,a6b6,a6b6,True,0,correct,2,True,24676,16.0
timeout,even_odd,_mult16p0,2,0.0,0,a6b6,a6b6,True,0,correct,2,True,24676,16.0
timeout,even_odd,_mult16p0,2,0.0,0,a6b6,a6b6,True,0,correct,2,True,24676,16.0
timeout,even_odd,_mult16p0,2,0.0,0,a6b6,a6b6,True,0,correct,2,True,24676,16.0
timeout,even_odd,_mult16p0,2,0.0,0,a6b6,a6b6,True,0,correct,2,True,24676,16.0
timeout,even_odd,_mult16p0,2,0.0,0,a6b6,a6b6,True,0,correct,2,True,24676,16.0
timeout,even_odd,_mult16p0,2,0.0,0,a6b6,a6b6,True,0,correct,2,True,24676,16.0
timeout,even_odd,_mult16p0,2,0.0,0,a6b6,a6b6,True,0,correct,2,True,24676,16.0
timeout,even_odd,_mult16p0,2,0.0,0,a6b6,a6b6,True,0,correct,2,True,24676,16.0
timeout,even_odd,_mult16p0,2,0.0,0,a6b6,a6b6,True,0,correct,2,True,24676,16.0
timeout,even_odd,_mult16p0,2,0.0,0,a6b6,a6b6,True,0,correct,2,True,24676,16.0
timeout,even_odd,_mult16p0,3,0.0,0,bd07,bd07,True,0,correct,3,True,24676,16.0
timeout,even_odd,_mult16p0,3,0.0,0,bd07,bd07,True,0,correct,3,True,24676,16.0
timeout,even_odd,_mult16p0,3,0.0,0,bd07,bd07,True,0,correct,3,True,24676,16.0
timeout,even_odd,_mult16p0,3,0.0,0,bd07,bd07,True,0,correct,3,True,24676,16.0
timeout,even_odd,_mult16p0,3,0.0,0,bd07,bd07,True,0,correct,3,True,24676,16.0
timeout,even_odd,_mult16p0,3,0.0,0,bd07,bd07,True,0,correct,3,True,24676,16.0
timeout,even_odd,_mult16p0,3,0.0,0,bd07,bd07,True,0,correct,3,True,24676,16.0
timeout,even_odd,_mult16p0,3,0.0,0,bd07,bd07,True,0,correct,3,True,24676,16.0
timeout,even_odd,_mult16p0,3,0.0,0,bd07,bd07,True,0,correct,3,True,24676,16.0
timeout,even_odd,_mult16p0,3,0.0,0,bd07,bd07,True,0,correct,3,True,24676,16.0
timeout,even_odd,_mult16p0,3,0.0,0,bd07,bd07,True,0,correct,3,True,24676,16.0
timeout,even_odd,_mult16p0,3,0.0,0,bd07,bd07,True,0,correct,3,True,24676,16.0
timeout,even_odd,_mult16p0,3,0.0,0,bd07,bd07,True,0,correct,3,True,24676,16.0
timeout,even_odd,_mult16p0,3,0.0,0,bd07,bd07,True,0,correct,3,True,24676,16.0
timeout,even_odd,_mult16p0,3,0.0,0,bd07,bd07,True,0,correct,3,True,24676,16.0
timeout,even_odd,_mult16p0,3,0.0,0,bd07,bd07,True,0,correct,3,True,24676,16.0
timeout,even_odd,_mult16p0,3,0.0,0,bd07,bd07,True,0,correct,3,True,24676,16.0
timeout,even_odd,_mult16p0,3,0.0,0,bd07,bd07,True,0,correct,3,True,24676,16.0
timeout,even_odd,_mult16p0,3,0.0,0,bd07,bd07,True,0,correct,3,True,24676,16.0
timeout,even_odd,_mult16p0,3,0.0,0,bd07,bd07,True,0,correct,3,True,24676,16.0
timeout,even_odd,_mult16p0,3,0.0,0,bd07,bd07,True,0,correct,3,True,24676,16.0
timeout,even_odd,_mult16p0,3,0.0,0,bd07,bd07,True,0,correct,3,True,24676,16.0
timeout,even_odd,_mult16p0,3,0.0,0,bd07,bd07,True,0,correct,3,True,24676,16.0
timeout,even_odd,_mult16p0,3,0.0,0,bd07,bd07,True,0,correct,3,True,24676,16.0
timeout,even_odd,_mult16p0,3,0.0,0,bd07,bd07,True,0,correct,3,True,24676,16.0
timeout,even_odd,_mult16p0,3,0.0,0,bd07,bd07,True,0,correct,3,True,24676,16.0
timeout,even_odd,_mult16p0,3,0.0,0,bd07,bd07,True,0,correct,3,True,24676,16.0
timeout,even_odd,_mult16p0,3,0.0,0,bd07,bd07,True,0,correct,3,True,24676,16.0
timeout,even_odd,_mult16p0,3,0.0,0,bd07,bd07,True,0,correct,3,True,24676,16.0
timeout,even_odd,_mult16p0,3,0.0,0,bd07,bd07,True,0,correct,3,True,24676,16.0
timeout,even_odd,_mult16p0,3,0.0,0,bd07,bd07,True,0,correct,3,True,24676,16.0
timeout,even_odd,_mult16p0,3,0.0,0,bd07,bd07,True,0,correct,3,True,24676,16.0
timeout,even_odd,_mult16p0,3,0.0,0,bd07,bd07,True,0,correct,3,True,24676,16.0
timeout,even_odd,_mult16p0,3,0.0,0,bd07,bd07,True,0,correct,3,True,24676,16.0
timeout,even_odd,_mult16p0,3,0.0,0,bd07,bd07,True,0,correct,3,True,24676,16.0
timeout,even_odd,_mult16p0,3,0.0,0,bd07,bd07,True,0,correct,3,True,24676,16.0
timeout,even_odd,_mult16p0,3,0.0,0,bd07,bd07,True,0,correct,3,True,24676,16.0
timeout,even_odd,_mult16p0,3,0.0,0,bd07,bd07,True,0,correct,3,True,24676,16.0
timeout,even_odd,_mult16p0,3,0.0,0,bd07,bd07,True,0,correct,3,True,24676,16.0
timeout,even_odd,_mult16p0,3,0.0,0,bd07,bd07,True,0,correct,3,True,24676,16.0
timeout,even_odd,_mult16p0,3,0.0,0,bd07,bd07,True,0,correct,3,True,24676,16.0
timeout,even_odd,_mult16p0,3,0.0,0,bd07,bd07,True,0,correct,3,True,24676,16.0
timeout,even_odd,_mult16p0,3,0.0,0,bd07,bd07,True,0,correct,3,True,24676,16.0
timeout,even_odd,_mult16p0,3,0.0,0,bd07,bd07,True,0,correct,3,True,24676,16.0
timeout,even_odd,_mult16p0,3,0.0,0,bd07,bd07,True,0,correct,3,True,24676,16.0
timeout,even_odd,_mult16p0,3,0.0,0,bd07,bd07,True,0,correct,3,True,24676,16.0
timeout,even_odd,_mult16p0,3,0.0,0,bd07,bd07,True,0,correct,3,True,24676,16.0
timeout,even_odd,_mult16p0,3,0.0,0,bd07,bd07,True,0,correct,3,True,24676,16.0
timeout,even_odd,_mult16p0,3,0.0,0,bd07,bd07,True,0,correct,3,True,24676,16.0
timeout,even_odd,_mult16p0,3,0.0,0,bd07,bd07,True,0,correct,3,True,24676,16.0
timeout,even_odd,_mult16p0,3,0.0,0,bd07,bd07,True,0,correct,3,True,24676,16.0
timeout,even_odd,_mult16p0,3,0.0,0,bd07,bd07,True,0,correct,3,True,24676,16.0
timeout,even_odd,_mult16p0,3,0.0,0,bd07,bd07,True,0,correct,3,True,24676,16.0
timeout,even_odd,_mult16p0,3,0.0,0,bd07,bd07,True,0,correct,3,True,24676,16.0
timeout,even_odd,_mult16p0,3,0.0,0,bd07,bd07,True,0,correct,3,True,24676,16.0
timeout,even_odd,_mult16p0,3,0.0,0,bd07,bd07,True,0,correct,3,True,24676,16.0
timeout,even_odd,_mult16p0,3,0.0,0,bd07,bd07,True,0,correct,3,True,24676,16.0
timeout,even_odd,_mult16p0,3,0.0,0,bd07,bd07,True,0,correct,3,True,24676,16.0
timeout,even_odd,_mult16p0,3,0.0,0,bd07,bd07,True,0,correct,3,True,24676,16.0
timeout,even_odd,_mult16p0,3,0.0,0,bd07,bd07,True,0,correct,3,True,24676,16.0
timeout,even_odd,_mult16p0,0,0.15,3,faae,fca6,True,25,correct,0,True,24676,16.0
timeout,even_odd,_mult16p0,0,0.15,1,fea6,fca6,True,25,correct,0,True,24676,16.0
timeout,even_odd,_mult16p0,0,0.15,1,fca2,fca6,True,11,correct,0,True,24676,16.0
timeout,even_odd,_mult16p0,0,0.15,3,f884,fca6,True,45,correct,0,True,24676,16.0
timeout,even_odd,_mult16p0,0,0.15,3,f0a2,fca6,True,25,correct,0,True,24676,16.0
timeout,even_odd,_mult16p0,0,0.15,2,f886,fca6,True,25,correct,0,True,24676,16.0
timeout,even_odd,_mult16p0,0,0.15,2,f8a2,fca6,True,11,correct,0,True,24676,16.0
timeout,even_odd,_mult16p0,0,0.15,2,fcac,fca6,True,25,correct,0,True,24676,16.0
timeout,even_odd,_mult16p0,0,0.15,1,dca6,fca6,True,25,correct,0,True,24676,16.0
timeout,even_odd,_mult16p0,0,0.15,5,dc0a,fd4b,True,35,spurious,-1,False,24676,16.0
timeout,even_odd,_mult16p0,0,0.15,2,fea4,fca6,True,25,correct,0,True,24676,16.0
timeout,even_odd,_mult16p0,0,0.15,4,788e,fca6,True,45,correct,0,True,24676,16.0
timeout,even_odd,_mult16p0,0,0.15,2,f5a6,fca6,True,25,correct,0,True,24676,16.0
timeout,even_odd,_mult16p0,0,0.15,2,fc84,fca6,True,25,correct,0,True,24676,16.0
timeout,even_odd,_mult16p0,0,0.15,5,f0b0,fca6,True,45,correct,0,True,24676,16.0
timeout,even_odd,_mult16p0,0,0.15,5,3df6,fca6,True,35,correct,0,True,24676,16.0
timeout,even_odd,_mult16p0,0,0.15,4,7c0e,fd4b,True,45,spurious,-1,False,24676,16.0
timeout,even_odd,_mult16p0,0,0.15,3,bcb7,fca6,True,11,correct,0,True,24676,16.0
timeout,even_odd,_mult16p0,0,0.15,2,fea2,fca6,True,25,correct,0,True,24676,16.0
timeout,even_odd,_mult16p0,0,0.15,4,cda2,fca6,True,25,correct,0,True,24676,16.0
timeout,even_odd,_mult16p0,0,0.15,1,f8a6,fca6,True,11,correct,0,True,24676,16.0
timeout,even_odd,_mult16p0,0,0.15,6,2cab,fca6,True,45,correct,0,True,24676,16.0
timeout,even_odd,_mult16p0,0,0.15,2,f426,fca6,True,25,correct,0,True,24676,16.0
timeout,even_odd,_mult16p0,0,0.15,2,ece6,fca6,True,11,correct,0,True,24676,16.0
timeout,even_odd,_mult16p0,0,0.15,3,f9a2,fca6,True,11,correct,0,True,24676,16.0
timeout,even_odd,_mult16p0,0,0.15,4,6ce2,fca6,True,35,correct,0,True,24676,16.0
timeout,even_odd,_mult16p0,0,0.15,3,eea2,fca6,True,35,correct,0,True,24676,16.0
timeout,even_odd,_mult16p0,0,0.15,0,fca6,fca6,True,0,correct,0,True,24676,16.0
timeout,even_odd,_mult16p0,0,0.15,4,f4e5,fca6,True,25,correct,0,True,24676,16.0
timeout,even_odd,_mult16p0,0,0.15,2,feb6,fca6,True,25,correct,0,True,24676,16.0
timeout,even_odd,_mult16p0,0,0.15,3,94a6,fca6,True,45,correct,0,True,24676,16.0
timeout,even_odd,_mult16p0,0,0.15,0,fca6,fca6,True,0,correct,0,True,24676,16.0
timeout,even_odd,_mult16p0,0,0.15,1,fca7,fca6,True,11,correct,0,True,24676,16.0
timeout,even_odd,_mult16p0,0,0.15,1,dca6,fca6,True,25,correct,0,True,24676,16.0
timeout,even_odd,_mult16p0,0,0.15,1,f8a6,fca6,True,11,correct,0,True,24676,16.0
timeout,even_odd,_mult16p0,0,0.15,2,fc06,bd07,True,21,wrong_pattern,3,False,24676,16.0
timeout,even_odd,_mult16p0,0,0.15,4,acac,fca6,True,45,correct,0,True,24676,16.0
timeout,even_odd,_mult16p0,0,0.15,2,eda6,fca6,True,11,correct,0,True,24676,16.0
timeout,even_odd,_mult16p0,0,0.15,3,f4b7,fca6,True,49,correct,0,True,24676,16.0
timeout,even_odd,_mult16p0,0,0.15,1,fea6,fca6,True,25,correct,0,True,24676,16.0
timeout,even_odd,_mult16p0,0,0.15,1,dca6,fca6,True,25,correct,0,True,24676,16.0
timeout,even_odd,_mult16p0,0,0.15,5,64e7,fca6,True,35,correct,0,True,24676,16.0
timeout,even_odd,_mult16p0,0,0.15,1,fcae,fca6,True,25,correct,0,True,24676,16.0
timeout,even_odd,_mult16p0,0,0.15,5,e4a8,fc6a,True,35,spurious,-1,False,24676,16.0
timeout,even_odd,_mult16p0,0,0.15,4,f807,bd07,True,11,wrong_pattern,3,False,24676,16.0
timeout,even_odd,_mult16p0,0,0.15,1,fc26,fca6,True,25,correct,0,True,24676,16.0
timeout,even_odd,_mult16p0,0,0.15,2,7c86,fca6,True,25,correct,0,True,24676,16.0
timeout,even_odd,_mult16p0,0,0.15,2,fc06,bd07,True,21,wrong_pattern,3,False,24676,16.0
timeout,even_odd,_mult16p0,0,0.15,2,fda4,fca6,True,25,correct,0,True,24676,16.0
timeout,even_odd,_mult16p0,0,0.15,2,dcae,fca6,True,25,correct,0,True,24676,16.0
timeout,even_odd,_mult16p0,0,0.15,5,e786,a6b6,True,55,wrong_pattern,2,False,24676,16.0
timeout,even_odd,_mult16p0,0,0.15,3,7de6,fca6,True,25,correct,0,True,24676,16.0
timeout,even_odd,_mult16p0,0,0.15,1,eca6,fca6,True,11,correct,0,True,24676,16.0
timeout,even_odd,_mult16p0,0,0.15,2,cca6,fca6,True,25,correct,0,True,24676,16.0
timeout,even_odd,_mult16p0,0,0.15,2,6ca6,fca6,True,25,correct,0,True,24676,16.0
timeout,even_odd,_mult16p0,0,0.15,1,fc26,fca6,True,25,correct,0,True,24676,16.0
timeout,even_odd,_mult16p0,0,0.15,5,dcca,fc6a,True,25,spurious,-1,False,24676,16.0
timeout,even_odd,_mult16p0,0,0.15,2,dce6,fca6,True,25,correct,0,True,24676,16.0
timeout,even_odd,_mult16p0,0,0.15,0,fca6,fca6,True,0,correct,0,True,24676,16.0
timeout,even_odd,_mult16p0,0,0.15,1,f8a6,fca6,True,11,correct,0,True,24676,16.0
timeout,even_odd,_mult16p0,1,0.15,2,db95,1905,True,35,spurious,-1,False,24676,16.0
timeout,even_odd,_mult16p0,1,0.15,3,19f5,58a4,True,11,spurious,-1,False,24676,16.0
timeout,even_odd,_mult16p0,1,0.15,1,1995,1905,True,45,spurious,-1,False,24676,16.0
timeout,even_odd,_mult16p0,1,0.15,3,4bb5,58a4,True,55,spurious,-1,False,24676,16.0
timeout,even_odd,_mult16p0,1,0.15,1,3b95,1b95,True,25,correct,1,True,24676,16.0
timeout,even_odd,_mult16p0,1,0.15,3,5a97,58a4,True,35,spurious,-1,False,24676,16.0
timeout,even_odd,_mult16p0,1,0.15,1,1995,1905,True,45,spurious,-1,False,24676,16.0
timeout,even_odd,_mult16p0,1,0.15,3,db94,58a4,True,35,spurious,-1,False,24676,16.0
timeout,even_odd,_mult16p0,1,0.15,4,3b98,2b4,True,45,spurious,-1,False,24676,16.0
timeout,even_odd,_mult16p0,1,0.15,0,1b95,1b95,True,0,correct,1,True,24676,16.0
timeout,even_odd,_mult16p0,1,0.15,2,1bd4,2b4,True,35,spurious,-1,False,24676,16.0
timeout,even_odd,_mult16p0,1,0.15,1,1b15,1b95,True,25,correct,1,True,24676,16.0
timeout,even_odd,_mult16p0,1,0.15,3,1791,395,True,11,spurious,-1,False,24676,16.0
timeout,even_odd,_mult16p0,1,0.15,3,1a8d,58a4,True,59,spurious,-1,False,24676,16.0
timeout,even_odd,_mult16p0,1,0.15,3,1387,395,True,45,spurious,-1,False,24676,16.0
timeout,even_odd,_mult16p0,1,0.15,3,1add,2b4,True,45,spurious,-1,False,24676,16.0
timeout,even_odd,_mult16p0,1,0.15,4,138f,395,True,49,spurious,-1,False,24676,16.0
timeout,even_odd,_mult16p0,1,0.15,5,1f5,2b4,True,83,spurious,-1,False,24676,16.0
timeout,even_odd,_mult16p0,1,0.15,0,1b95,1b95,True,0,correct,1,True,24676,16.0
timeout,even_odd,_mult16p0,1,0.15,4,1d99,1905,True,35,spurious,-1,False,24676,16.0
timeout,even_odd,_mult16p0,1,0.15,1,1b85,1b95,True,11,correct,1,True,24676,16.0
timeout,even_odd,_mult16p0,1,0.15,2,1b9c,2b4,True,35,spurious,-1,False,24676,16.0
timeout,even_odd,_mult16p0,1,0.15,3,fb5,58a4,True,55,spurious,-1,False,24676,16.0
timeout,even_odd,_mult16p0,1,0.15,0,1b95,1b95,True,0,correct,1,True,24676,16.0
timeout,even_odd,_mult16p0,1,0.15,0,1b95,1b95,True,0,correct,1,True,24676,16.0
timeout,even_odd,_mult16p0,1,0.15,1,1395,395,True,11,spurious,-1,False,24676,16.0
timeout,even_odd,_mult16p0,1,0.15,3,3b93,a797,True,69,spurious,-1,False,24676,16.0
timeout,even_odd,_mult16p0,1,0.15,1,1bb5,58a4,True,51,spurious,-1,False,24676,16.0
timeout,even_odd,_mult16p0,1,0.15,0,1b95,1b95,True,0,correct,1,True,24676,16.0
timeout,even_odd,_mult16p0,1,0.15,4,7fb5,58a4,True,45,spurious,-1,False,24676,16.0
timeout,even_odd,_mult16p0,1,0.15,3,1791,395,True,11,spurious,-1,False,24676,16.0
timeout,even_odd,_mult16p0,1,0.15,1,5b95,1b95,True,21,correct,1,True,24676,16.0
timeout,even_odd,_mult16p0,1,0.15,5,ab05,bf97,True,45,spurious,-1,False,24676,16.0
timeout,even_odd,_mult16p0,1,0.15,4,1615,395,True,45,spurious,-1,False,24676,16.0
timeout,even_odd,_mult16p0,1,0.15,6,ebb4,fca6,True,65,wrong_pattern,0,False,24676,16.0
timeout,even_odd,_mult16p0,1,0.15,2,1b55,395,True,35,spurious,-1,False,24676,16.0
timeout,even_odd,_mult16p0,1,0.15,3,bf95,bf97,True,25,spurious,-1,False,24676,16.0
timeout,even_odd,_mult16p0,1,0.15,3,1c95,58a4,True,45,spurious,-1,False,24676,16.0
timeout,even_odd,_mult16p0,1,0.15,2,1fd5,1b95,True,21,correct,1,True,24676,16.0
timeout,even_odd,_mult16p0,1,0.15,3,1bf1,2b4,True,69,spurious,-1,False,24676,16.0
timeout,even_odd,_mult16p0,1,0.15,2,1a9d,2b4,True,35,spurious,-1,False,24676,16.0
timeout,even_odd,_mult16p0,1,0.15,3,1a14,58a4,True,93,spurious,-1,False,24676,16.0
timeout,even_odd,_mult16p0,1,0.15,2,1bb1,2b4,True,35,spurious,-1,False,24676,16.0
timeout,even_odd,_mult16p0,1,0.15,2,1b17,1b95,True,25,correct,1,True,24676,16.0
timeout,even_odd,_mult16p0,1,0.15,2,13b5,2b4,True,11,spurious,-1,False,24676,16.0
timeout,even_odd,_mult16p0,1,0.15,6,8ffd,2b4,True,45,spurious,-1,False,24676,16.0
timeout,even_odd,_mult16p0,1,0.15,4,4394,2b4,True,35,spurious,-1,False,24676,16.0
timeout,even_odd,_mult16p0,1,0.15,5,3755,359,True,45,spurious,-1,False,24676,16.0
timeout,even_odd,_mult16p0,1,0.15,3,9bc5,1b95,True,45,correct,1,True,24676,16.0
timeout,even_odd,_mult16p0,1,0.15,2,5b94,58a4,True,35,spurious,-1,False,24676,16.0
timeout,even_odd,_mult16p0,1,0.15,1,1395,395,True,11,spurious,-1,False,24676,16.0
timeout,even_odd,_mult16p0,1,0.15,1,1bd5,1b95,True,21,correct,1,True,24676,16.0
timeout,even_odd,_mult16p0,1,0.15,1,5b95,1b95,True,21,correct,1,True,24676,16.0
timeout,even_odd,_mult16p0,1,0.15,5,38f5,58a4,True,35,spurious,-1,False,24676,16.0
timeout,even_odd,_mult16p0,1,0.15,2,1915,1905,True,11,spurious,-1,False,24676,16.0
timeout,even_odd,_mult16p0,1,0.15,1,5b95,1b95,True,21,correct,1,True,24676,16.0
timeout,even_odd,_mult16p0,1,0.15,3,1b25,1b95,True,45,correct,1,True,24676,16.0
timeout,even_odd,_mult16p0,1,0.15,2,1397,395,True,45,spurious,-1,False,24676,16.0
timeout,even_odd,_mult16p0,1,0.15,4,f995,bd07,True,45,wrong_pattern,3,False,24676,16.0
timeout,even_odd,_mult16p0,1,0.15,2,9395,395,True,45,spurious,-1,False,24676,16.0
timeout,even_odd,_mult16p0,2,0.15,3,a3b4,a6b6,True,45,correct,2,True,24676,16.0
timeout,even_odd,_mult16p0,2,0.15,3,acb7,fca6,True,21,wrong_pattern,0,False,24676,16.0
timeout,even_odd,_mult16p0,2,0.15,3,6eb6,fca6,True,55,wrong_pattern,0,False,24676,16.0
timeout,even_odd,_mult16p0,2,0.15,1,a7b6,a6b6,True,11,correct,2,True,24676,16.0
timeout,even_odd,_mult16p0,2,0.15,2,a796,a6b6,True,35,correct,2,True,24676,16.0
timeout,even_odd,_mult16p0,2,0.15,0,a6b6,a6b6,True,0,correct,2,True,24676,16.0
timeout,even_odd,_mult16p0,2,0.15,2,a4b4,fca6,True,45,wrong_pattern,0,False,24676,16.0
timeout,even_odd,_mult16p0,2,0.15,0,a6b6,a6b6,True,0,correct,2,True,24676,16.0
timeout,even_odd,_mult16p0,2,0.15,5,8477,a732,False,24676,oscillated,-1,False,24676,16.0
timeout,even_odd,_mult16p0,2,0.15,2,a2a6,a6b6,True,21,correct,2,True,24676,16.0
timeout,even_odd,_mult16p0,2,0.15,1,aeb6,fca6,True,55,wrong_pattern,0,False,24676,16.0
timeout,even_odd,_mult16p0,2,0.15,1,b6b6,a6b6,True,11,correct,2,True,24676,16.0
timeout,even_odd,_mult16p0,2,0.15,0,a6b6,a6b6,True,0,correct,2,True,24676,16.0
timeout,even_odd,_mult16p0,2,0.15,3,b697,a6b6,True,45,correct,2,True,24676,16.0
timeout,even_odd,_mult16p0,2,0.15,3,66a6,fca6,True,69,wrong_pattern,0,False,24676,16.0
timeout,even_odd,_mult16p0,2,0.15,1,a6f6,a6b6,True,11,correct,2,True,24676,16.0
timeout,even_odd,_mult16p0,2,0.15,4,a6fd,e6fa,True,51,spurious,-1,False,24676,16.0
timeout,even_odd,_mult16p0,2,0.15,2,a7be,a6b6,True,25,correct,2,True,24676,16.0
timeout,even_odd,_mult16p0,2,0.15,0,a6b6,a6b6,True,0,correct,2,True,24676,16.0
timeout,even_odd,_mult16p0,2,0.15,1,a6be,a6b6,True,25,correct,2,True,24676,16.0
timeout,even_odd,_mult16p0,2,0.15,2,aea6,fca6,True,45,wrong_pattern,0,False,24676,16.0
timeout,even_odd,_mult16p0,2,0.15,4,adb4,fca6,True,45,wrong_pattern,0,False,24676,16.0
timeout,even_odd,_mult16p0,2,0.15,2,b6b4,a6b6,True,45,correct,2,True,24676,16.0
timeout,even_odd,_mult16p0,2,0.15,3,8ea6,fca6,True,45,wrong_pattern,0,False,24676,16.0
timeout,even_odd,_mult16p0,2,0.15,2,b696,a6b6,True,45,correct,2,True,24676,16.0
timeout,even_odd,_mult16p0,2,0.15,2,26b7,a6b6,True,25,correct,2,True,24676,16.0
timeout,even_odd,_mult16p0,2,0.15,0,a6b6,a6b6,True,0,correct,2,True,24676,16.0
timeout,even_odd,_mult16p0,2,0.15,1,a4b6,fca6,True,45,wrong_pattern,0,False,24676,16.0
timeout,even_odd,_mult16p0,2,0.15,4,8286,a6b6,True,45,correct,2,True,24676,16.0
timeout,even_odd,_mult16p0,2,0.15,4,69e,2b4,True,45,spurious,-1,False,24676,16.0
timeout,even_odd,_mult16p0,2,0.15,2,eeb6,fca6,True,55,wrong_pattern,0,False,24676,16.0
timeout,even_odd,_mult16p0,2,0.15,3,b436,fca6,True,59,wrong_pattern,0,False,24676,16.0
timeout,even_odd,_mult16p0,2,0.15,2,a6a2,a6b6,True,21,correct,2,True,24676,16.0
timeout,even_odd,_mult16p0,2,0.15,1,a6b4,a6b6,True,25,correct,2,True,24676,16.0
timeout,even_odd,_mult16p0,2,0.15,1,a6b7,a6b6,True,11,correct,2,True,24676,16.0
timeout,even_odd,_mult16p0,2,0.15,2,a6fe,e6fa,True,21,spurious,-1,False,24676,16.0
timeout,even_odd,_mult16p0,2,0.15,1,a696,a6b6,True,25,correct,2,True,24676,16.0
timeout,even_odd,_mult16p0,2,0.15,2,aab6,fca6,True,55,wrong_pattern,0,False,24676,16.0
timeout,even_odd,_mult16p0,2,0.15,2,a6ba,e6fa,True,21,spurious,-1,False,24676,16.0
timeout,even_odd,_mult16p0,2,0.15,4,e36,58a4,True,89,spurious,-1,False,24676,16.0
timeout,even_odd,_mult16p0,2,0.15,3,25b6,a6b6,True,35,correct,2,True,24676,16.0
timeout,even_odd,_mult16p0,2,0.15,3,a7ae,a6b6,True,25,correct,2,True,24676,16.0
timeout,even_odd,_mult16p0,2,0.15,4,2276,e6fa,True,45,spurious,-1,False,24676,16.0
timeout,even_odd,_mult16p0,2,0.15,5,a70e,a75b,True,11,spurious,-1,False,24676,16.0
timeout,even_odd,_mult16p0,2,0.15,5,25e6,fca6,True,45,wrong_pattern,0,False,24676,16.0
timeout,even_odd,_mult16p0,2,0.15,0,a6b6,a6b6,True,0,correct,2,True,24676,16.0
timeout,even_odd,_mult16p0,2,0.15,1,a6b7,a6b6,True,11,correct,2,True,24676,16.0
timeout,even_odd,_mult16p0,2,0.15,4,afba,a6b6,True,69,correct,2,True,24676,16.0
timeout,even_odd,_mult16p0,2,0.15,3,ae34,fca6,True,89,wrong_pattern,0,False,24676,16.0
timeout,even_odd,_mult16p0,2,0.15,2,26b7,a6b6,True,25,correct,2,True,24676,16.0
timeout,even_odd,_mult16p0,2,0.15,4,efb7,fca6,True,55,wrong_pattern,0,False,24676,16.0
timeout,even_odd,_mult16p0,2,0.15,3,8692,a6b6,True,25,correct,2,True,24676,16.0
timeout,even_odd,_mult16p0,2,0.15,1,a6b2,a6b6,True,11,correct,2,True,24676,16.0
timeout,even_odd,_mult16p0,2,0.15,6,deb3,fca6,True,25,wrong_pattern,0,False,24676,16.0
timeout,even_odd,_mult16p0,2,0.15,2,e6be,e6fa,True,21,spurious,-1,False,24676,16.0
timeout,even_odd,_mult16p0,2,0.15,2,66b6,a6b6,True,25,correct,2,True,24676,16.0
timeout,even_odd,_mult16p0,2,0.15,1,e6b6,a6b6,True,11,correct,2,True,24676,16.0
timeout,even_odd,_mult16p0,2,0.15,2,e2b6,a6b6,True,11,correct,2,True,24676,16.0
timeout,even_odd,_mult16p0,2,0.15,4,be26,fca6,True,35,wrong_pattern,0,False,24676,16.0
timeout,even_odd,_mult16p0,2,0.15,3,32b6,a6b6,True,45,correct,2,True,24676,16.0
timeout,even_odd,_mult16p0,3,0.15,3,f503,fd4b,True,69,spurious,-1,False,24676,16.0
timeout,even_odd,_mult16p0,3,0.15,2,9907,bd07,True,45,correct,3,True,24676,16.0
timeout,even_odd,_mult16p0,3,0.15,2,3d47,bd07,True,25,correct,3,True,24676,16.0
timeout,even_odd,_mult16p0,3,0.15,2,bd26,fca6,True,59,wrong_pattern,0,False,24676,16.0
timeout,even_odd,_mult16p0,3,0.15,4,7f05,1905,True,69,spurious,-1,False,24676,16.0
timeout,even_odd,_mult16p0,3,0.15,2,bd45,bd07,True,25,correct,3,True,24676,16.0
timeout,even_odd,_mult16p0,3,0.15,1,bd06,bd07,True,11,correct,3,True,24676,16.0
timeout,even_odd,_mult16p0,3,0.15,2,bb07,bf97,True,45,spurious,-1,False,24676,16.0
timeout,even_odd,_mult16p0,3,0.15,2,7d07,bd07,True,25,correct,3,True,24676,16.0
timeout,even_odd,_mult16p0,3,0.15,2,b903,bd07,True,11,correct,3,True,24676,16.0
timeout,even_odd,_mult16p0,3,0.15,1,bd06,bd07,True,11,correct,3,True,24676,16.0
timeout,even_odd,_mult16p0,3,0.15,4,bda4,fca6,True,25,wrong_pattern,0,False,24676,16.0
timeout,even_odd,_mult16p0,3,0.15,2,fd47,bd07,True,21,correct,3,True,24676,16.0
timeout,even_odd,_mult16p0,3,0.15,4,9d11,1905,True,45,spurious,-1,False,24676,16.0
timeout,even_odd,_mult16p0,3,0.15,1,bd05,bd07,True,25,correct,3,True,24676,16.0
timeout,even_odd,_mult16p0,3,0.15,1,bd27,bd07,True,25,correct,3,True,24676,16.0
timeout,even_odd,_mult16p0,3,0.15,1,bd06,bd07,True,11,correct,3,True,24676,16.0
timeout,even_odd,_mult16p0,3,0.15,3,bc45,bd07,True,25,correct,3,True,24676,16.0
timeout,even_odd,_mult16p0,3,0.15,3,3987,bd07,True,45,correct,3,True,24676,16.0
timeout,even_odd,_mult16p0,3,0.15,5,db47,bd07,True,69,correct,3,True,24676,16.0
timeout,even_odd,_mult16p0,3,0.15,3,9903,bd07,True,45,correct,3,True,24676,16.0
timeout,even_odd,_mult16p0,3,0.15,3,b904,bd07,True,45,correct,3,True,24676,16.0
timeout,even_odd,_mult16p0,3,0.15,2,fd05,bd07,True,25,correct,3,True,24676,16.0
timeout,even_odd,_mult16p0,3,0.15,3,2d0f,fd4b,True,45,spurious,-1,False,24676,16.0
timeout,even_odd,_mult16p0,3,0.15,5,b383,a797,True,11,spurious,-1,False,24676,16.0
timeout,even_odd,_mult16p0,3,0.15,2,ac07,bd07,True,11,correct,3,True,24676,16.0
timeout,even_odd,_mult16p0,3,0.15,4,af1f,a75b,True,35,spurious,-1,False,24676,16.0
timeout,even_odd,_mult16p0,3,0.15,3,b703,a75b,True,45,spurious,-1,False,24676,16.0
timeout,even_odd,_mult16p0,3,0.15,3,dd06,bd07,True,35,correct,3,True,24676,16.0
timeout,even_odd,_mult16p0,3,0.15,4,3e06,fca6,True,69,wrong_pattern,0,False,24676,16.0
timeout,even_odd,_mult16p0,3,0.15,1,bd27,bd07,True,25,correct,3,True,24676,16.0
timeout,even_odd,_mult16p0,3,0.15,3,b447,a75b,True,45,spurious,-1,False,24676,16.0
timeout,even_odd,_mult16p0,3,0.15,2,b587,a797,True,55,spurious,-1,False,24676,16.0
timeout,even_odd,_mult16p0,3,0.15,3,bf45,bf97,True,45,spurious,-1,False,24676,16.0
timeout,even_odd,_mult16p0,3,0.15,3,a927,bd07,True,25,correct,3,True,24676,16.0
timeout,even_odd,_mult16p0,3,0.15,2,bd0e,fd4b,True,51,spurious,-1,False,24676,16.0
timeout,even_odd,_mult16p0,3,0.15,1,fd07,bd07,True,11,correct,3,True,24676,16.0
timeout,even_odd,_mult16p0,3,0.15,4,ac16,bd07,True,11,correct,3,True,24676,16.0
timeout,even_odd,_mult16p0,3,0.15,4,3717,a797,True,45,spurious,-1,False,24676,16.0
timeout,even_odd,_mult16p0,3,0.15,1,bf07,bf97,True,45,spurious,-1,False,24676,16.0
timeout,even_odd,_mult16p0,3,0.15,4,fdd7,bd07,True,25,correct,3,True,24676,16.0
timeout,even_odd,_mult16p0,3,0.15,1,bd17,bd07,True,11,correct,3,True,24676,16.0
timeout,even_odd,_mult16p0,3,0.15,7,85e3,fca6,True,55,wrong_pattern,0,False,24676,16.0
timeout,even_odd,_mult16p0,3,0.15,3,b985,bd07,True,45,correct,3,True,24676,16.0
timeout,even_odd,_mult16p0,3,0.15,3,b703,a75b,True,45,spurious,-1,False,24676,16.0
timeout,even_odd,_mult16p0,3,0.15,3,bda5,fca6,True,45,wrong_pattern,0,False,24676,16.0
timeout,even_odd,_mult16p0,3,0.15,0,bd07,bd07,True,0,correct,3,True,24676,16.0
timeout,even_odd,_mult16p0,3,0.15,2,b927,bd07,True,25,correct,3,True,24676,16.0
timeout,even_odd,_mult16p0,3,0.15,5,6c17,bd07,True,35,correct,3,True,24676,16.0
timeout,even_odd,_mult16p0,3,0.15,3,1d0f,1905,True,45,spurious,-1,False,24676,16.0
timeout,even_odd,_mult16p0,3,0.15,4,1903,1905,True,25,spurious,-1,False,24676,16.0
timeout,even_odd,_mult16p0,3,0.15,1,b907,bd07,True,11,correct,3,True,24676,16.0
timeout,even_odd,_mult16p0,3,0.15,1,bd17,bd07,True,11,correct,3,True,24676,16.0
timeout,even_odd,_mult16p0,3,0.15,0,bd07,bd07,True,0,correct,3,True,24676,16.0
timeout,even_odd,_mult16p0,3,0.15,6,918b,a75b,True,45,spurious,-1,False,24676,16.0
timeout,even_odd,_mult16p0,3,0.15,0,bd07,bd07,True,0,correct,3,True,24676,16.0
timeout,even_odd,_mult16p0,3,0.15,2,bd83,bd07,True,25,correct,3,True,24676,16.0
timeout,even_odd,_mult16p0,3,0.15,0,bd07,bd07,True,0,correct,3,True,24676,16.0
timeout,even_odd,_mult16p0,3,0.15,5,9483,fca6,True,83,wrong_pattern,0,False,24676,16.0
timeout,even_odd,_mult16p0,3,0.15,4,f513,a75b,True,45,spurious,-1,False,24676,16.0
timeout,even_odd,_mult16p0,0,0.3,2,7ce6,fca6,True,25,correct,0,True,24676,16.0
timeout,even_odd,_mult16p0,0,0.3,9,5f4f,359,True,45,spurious,-1,False,24676,16.0
timeout,even_odd,_mult16p0,0,0.3,6,7fd6,fca6,True,35,correct,0,True,24676,16.0
timeout,even_odd,_mult16p0,0,0.3,6,f104,bd07,True,45,wrong_pattern,3,False,24676,16.0
timeout,even_odd,_mult16p0,0,0.3,2,7ca7,fca6,True,25,correct,0,True,24676,16.0
timeout,even_odd,_mult16p0,0,0.3,8,24f3,fca6,True,55,correct,0,True,24676,16.0
timeout,even_odd,_mult16p0,0,0.3,3,fcf2,fca6,True,11,correct,0,True,24676,16.0
timeout,even_odd,_mult16p0,0,0.3,2,fea2,fca6,True,25,correct,0,True,24676,16.0
timeout,even_odd,_mult16p0,0,0.3,6,9c9f,fca6,True,83,correct,0,True,24676,16.0
timeout,even_odd,_mult16p0,0,0.3,6,84ac,42f8,True,69,spurious,-1,False,24676,16.0
timeout,even_odd,_mult16p0,0,0.3,3,beae,fca6,True,25,correct,0,True,24676,16.0
timeout,even_odd,_mult16p0,0,0.3,6,dc43,fd4b,True,25,spurious,-1,False,24676,16.0
timeout,even_odd,_mult16p0,0,0.3,3,fcfe,fca6,True,35,correct,0,True,24676,16.0
timeout,even_odd,_mult16p0,0,0.3,4,e5a4,fca6,True,25,correct,0,True,24676,16.0
timeout,even_odd,_mult16p0,0,0.3,5,fa8f,fca6,True,35,correct,0,True,24676,16.0
timeout,even_odd,_mult16p0,0,0.3,6,38c2,fca6,True,45,correct,0,True,24676,16.0
timeout,even_odd,_mult16p0,0,0.3,5,e6af,e6fa,True,21,spurious,-1,False,24676,16.0
timeout,even_odd,_mult16p0,0,0.3,4,cc66,fca6,True,59,correct,0,True,24676,16.0
timeout,even_odd,_mult16p0,0,0.3,3,e4a2,fca6,True,35,correct,0,True,24676,16.0
timeout,even_odd,_mult16p0,0,0.3,5,b8a8,fca6,True,45,correct,0,True,24676,16.0
timeout,even_odd,_mult16p0,0,0.3,4,fc44,fd4b,True,79,spurious,-1,False,24676,16.0
timeout,even_odd,_mult16p0,0,0.3,5,ccab,fca6,True,45,correct,0,True,24676,16.0
timeout,even_odd,_mult16p0,0,0.3,3,2ca6,fca6,True,35,correct,0,True,24676,16.0
timeout,even_odd,_mult16p0,0,0.3,0,fca6,fca6,True,0,correct,0,True,24676,16.0
timeout,even_odd,_mult16p0,0,0.3,3,f48e,fca6,True,25,correct,0,True,24676,16.0
timeout,even_odd,_mult16p0,0,0.3,5,f99e,fca6,True,49,correct,0,True,24676,16.0
timeout,even_odd,_mult16p0,0,0.3,7,f2e1,a6b6,True,45,wrong_pattern,2,False,24676,16.0
timeout,even_odd,_mult16p0,0,0.3,6,e40f,fd4b,True,35,spurious,-1,False,24676,16.0
timeout,even_odd,_mult16p0,0,0.3,3,f4b4,fca6,True,35,correct,0,True,24676,16.0
timeout,even_odd,_mult16p0,0,0.3,4,bdac,fca6,True,35,correct,0,True,24676,16.0
timeout,even_odd,_mult16p0,0,0.3,4,bec6,fca6,True,35,correct,0,True,24676,16.0
timeout,even_odd,_mult16p0,0,0.3,1,fea6,fca6,True,25,correct,0,True,24676,16.0
timeout,even_odd,_mult16p0,0,0.3,6,5c8d,58a4,True,83,spurious,-1,False,24676,16.0
timeout,even_odd,_mult16p0,0,0.3,4,b8aa,fca6,True,35,correct,0,True,24676,16.0
timeout,even_odd,_mult16p0,0,0.3,9,5afb,4068,True,55,spurious,-1,False,24676,16.0
timeout,even_odd,_mult16p0,0,0.3,3,e8e6,fca6,True,11,correct,0,True,24676,16.0
timeout,even_odd,_mult16p0,0,0.3,6,3c42,bd07,True,45,wrong_pattern,3,False,24676,16.0
timeout,even_odd,_mult16p0,0,0.3,4,feab,fca6,True,35,correct,0,True,24676,16.0
timeout,even_odd,_mult16p0,0,0.3,2,6ca6,fca6,True,25,correct,0,True,24676,16.0
timeout,even_odd,_mult16p0,0,0.3,7,72bf,a6b6,True,45,wrong_pattern,2,False,24676,16.0
timeout,even_odd,_mult16p0,0,0.3,5,bfe7,fca6,True,45,correct,0,True,24676,16.0
timeout,even_odd,_mult16p0,0,0.3,2,f486,fca6,True,25,correct,0,True,24676,16.0
timeout,even_odd,_mult16p0,0,0.3,4,deb7,fca6,True,31,correct,0,True,24676,16.0
timeout,even_odd,_mult16p0,0,0.3,2,eca4,fca6,True,25,correct,0,True,24676,16.0
timeout,even_odd,_mult16p0,0,0.3,4,be27,fca6,True,93,correct,0,True,24676,16.0
timeout,even_odd,_mult16p0,0,0.3,5,d0a3,fca6,True,45,correct,0,True,24676,16.0
timeout,even_odd,_mult16p0,0,0.3,7,1802,1905,True,35,spurious,-1,False,24676,16.0
timeout,even_odd,_mult16p0,0,0.3,3,dc87,fca6,True,35,correct,0,True,24676,16.0
timeout,even_odd,_mult16p0,0,0.3,7,3e1e,a75b,True,55,spurious,-1,False,24676,16.0
timeout,even_odd,_mult16p0,0,0.3,4,d926,fca6,True,59,correct,0,True,24676,16.0
timeout,even_odd,_mult16p0,0,0.3,4,f4e0,fca6,True,35,correct,0,True,24676,16.0
timeout,even_odd,_mult16p0,0,0.3,5,6436,fc6a,True,41,spurious,-1,False,24676,16.0
timeout,even_odd,_mult16p0,0,0.3,4,50a6,58a4,True,25,spurious,-1,False,24676,16.0
timeout,even_odd,_mult16p0,0,0.3,5,38ac,58a4,True,25,spurious,-1,False,24676,16.0
timeout,even_odd,_mult16p0,0,0.3,7,dc09,5949,True,45,spurious,-1,False,24676,16.0
timeout,even_odd,_mult16p0,0,0.3,7,7abd,58a4,True,25,spurious,-1,False,24676,16.0
timeout,even_odd,_mult16p0,0,0.3,4,fd76,fc23,False,24676,oscillated,-1,False,24676,16.0
timeout,even_odd,_mult16p0,0,0.3,8,cc48,5949,True,45,spurious,-1,False,24676,16.0
timeout,even_odd,_mult16p0,0,0.3,7,cc6b,fd4b,True,45,spurious,-1,False,24676,16.0
timeout,even_odd,_mult16p0,0,0.3,5,fff7,fca6,True,35,correct,0,True,24676,16.0
timeout,even_odd,_mult16p0,1,0.3,5,93f1,2b4,True,45,spurious,-1,False,24676,16.0
timeout,even_odd,_mult16p0,1,0.3,4,1b03,1b95,True,45,correct,1,True,24676,16.0
timeout,even_odd,_mult16p0,1,0.3,9,272c,359,True,45,spurious,-1,False,24676,16.0
timeout,even_odd,_mult16p0,1,0.3,2,1a85,58a4,True,59,spurious,-1,False,24676,16.0
timeout,even_odd,_mult16p0,1,0.3,6,9581,395,True,79,spurious,-1,False,24676,16.0
timeout,even_odd,_mult16p0,1,0.3,4,7915,1905,True,35,spurious,-1,False,24676,16.0
timeout,even_odd,_mult16p0,1,0.3,5,1099,359,True,85,spurious,-1,False,24676,16.0
timeout,even_odd,_mult16p0,1,0.3,5,3ddd,1905,True,45,spurious,-1,False,24676,16.0
timeout,even_odd,_mult16p0,1,0.3,6,b3a7,a6b6,True,11,wrong_pattern,2,False,24676,16.0
timeout,even_odd,_mult16p0,1,0.3,5,a16,58a4,True,123,spurious,-1,False,24676,16.0
timeout,even_odd,_mult16p0,1,0.3,4,1d9c,58a4,True,83,spurious,-1,False,24676,16.0
timeout,even_odd,_mult16p0,1,0.3,5,4ab4,58a4,True,55,spurious,-1,False,24676,16.0
timeout,even_odd,_mult16p0,1,0.3,6,995c,5949,True,45,spurious,-1,False,24676,16.0
timeout,even_odd,_mult16p0,1,0.3,7,fd05,bd07,True,25,wrong_pattern,3,False,24676,16.0
timeout,even_odd,_mult16p0,1,0.3,6,10bf,2b4,True,83,spurious,-1,False,24676,16.0
timeout,even_odd,_mult16p0,1,0.3,5,bbe5,fca6,True,45,wrong_pattern,0,False,24676,16.0
timeout,even_odd,_mult16p0,1,0.3,5,1903,1905,True,25,spurious,-1,False,24676,16.0
timeout,even_odd,_mult16p0,1,0.3,2,1bb1,2b4,True,35,spurious,-1,False,24676,16.0
timeout,even_odd,_mult16p0,1,0.3,3,5bbd,58a4,True,35,spurious,-1,False,24676,16.0
timeout,even_odd,_mult16p0,1,0.3,4,17b1,2b4,True,11,spurious,-1,False,24676,16.0
timeout,even_odd,_mult16p0,1,0.3,5,3be7,fca6,True,45,wrong_pattern,0,False,24676,16.0
timeout,even_odd,_mult16p0,1,0.3,3,3985,1905,True,25,spurious,-1,False,24676,16.0
timeout,even_odd,_mult16p0,1,0.3,2,3b97,bf97,True,45,spurious,-1,False,24676,16.0
timeout,even_odd,_mult16p0,1,0.3,3,5991,1905,True,25,spurious,-1,False,24676,16.0
timeout,even_odd,_mult16p0,1,0.3,6,be9,42f8,True,55,spurious,-1,False,24676,16.0
timeout,even_odd,_mult16p0,1,0.3,3,b9f,395,True,49,spurious,-1,False,24676,16.0
timeout,even_odd,_mult16p0,1,0.3,9,ca20,58a4,True,59,spurious,-1,False,24676,16.0
timeout,even_odd,_mult16p0,1,0.3,3,9a91,2b4,True,35,spurious,-1,False,24676,16.0
timeout,even_odd,_mult16p0,1,0.3,4,8295,2b4,True,35,spurious,-1,False,24676,16.0
timeout,even_odd,_mult16p0,1,0.3,6,21f5,2b4,True,83,spurious,-1,False,24676,16.0
timeout,even_odd,_mult16p0,1,0.3,7,5841,5949,True,25,spurious,-1,False,24676,16.0
timeout,even_odd,_mult16p0,1,0.3,5,1a7d,359,True,79,spurious,-1,False,24676,16.0
timeout,even_odd,_mult16p0,1,0.3,6,48c5,58a4,True,45,spurious,-1,False,24676,16.0
timeout,even_odd,_mult16p0,1,0.3,5,1ad2,2b4,True,35,spurious,-1,False,24676,16.0
timeout,even_odd,_mult16p0,1,0.3,6,7fc1,1905,True,69,spurious,-1,False,24676,16.0
timeout,even_odd,_mult16p0,1,0.3,2,395,395,True,0,spurious,-1,False,24676,16.0
timeout,even_odd,_mult16p0,1,0.3,5,d194,58a4,True,83,spurious,-1,False,24676,16.0
timeout,even_odd,_mult16p0,1,0.3,5,d91d,5949,True,35,spurious,-1,False,24676,16.0
timeout,even_odd,_mult16p0,1,0.3,6,badf,a6b6,True,45,wrong_pattern,2,False,24676,16.0
timeout,even_odd,_mult16p0,1,0.3,4,1bd2,2b4,True,69,spurious,-1,False,24676,16.0
timeout,even_odd,_mult16p0,1,0.3,5,3fa7,fca6,True,45,wrong_pattern,0,False,24676,16.0
timeout,even_odd,_mult16p0,1,0.3,3,9d95,1905,True,45,spurious,-1,False,24676,16.0
timeout,even_odd,_mult16p0,1,0.3,3,9f15,1b95,True,45,correct,1,True,24676,16.0
timeout,even_odd,_mult16p0,1,0.3,6,9c17,bd07,True,45,wrong_pattern,3,False,24676,16.0
timeout,even_odd,_mult16p0,1,0.3,2,4b95,1b95,True,11,correct,1,True,24676,16.0
timeout,even_odd,_mult16p0,1,0.3,5,a991,bf97,True,117,spurious,-1,False,24676,16.0
timeout,even_odd,_mult16p0,1,0.3,6,99cf,bd07,True,45,wrong_pattern,3,False,24676,16.0
timeout,even_odd,_mult16p0,1,0.3,6,15b9,4068,True,89,spurious,-1,False,24676,16.0
timeout,even_odd,_mult16p0,1,0.3,6,3b3b,a75b,True,45,spurious,-1,False,24676,16.0
timeout,even_odd,_mult16p0,1,0.3,7,8201,359,True,35,spurious,-1,False,24676,16.0
timeout,even_odd,_mult16p0,1,0.3,7,7134,58a4,True,59,spurious,-1,False,24676,16.0
timeout,even_odd,_mult16p0,1,0.3,7,cf9b,a797,True,49,spurious,-1,False,24676,16.0
timeout,even_odd,_mult16p0,1,0.3,6,699f,bd07,True,45,wrong_pattern,3,False,24676,16.0
timeout,even_odd,_mult16p0,1,0.3,4,1ff7,2b4,True,69,spurious,-1,False,24676,16.0
timeout,even_odd,_mult16p0,1,0.3,4,3a8d,58a4,True,59,spurious,-1,False,24676,16.0
timeout,even_odd,_mult16p0,1,0.3,5,89f5,58a4,True,55,spurious,-1,False,24676,16.0
timeout,even_odd,_mult16p0,1,0.3,3,8b97,bf97,True,45,spurious,-1,False,24676,16.0
timeout,even_odd,_mult16p0,1,0.3,1,1bd5,1b95,True,21,correct,1,True,24676,16.0
timeout,even_odd,_mult16p0,1,0.3,5,2a35,58a4,True,123,spurious,-1,False,24676,16.0
timeout,even_odd,_mult16p0,1,0.3,8,4af8,42f8,True,25,spurious,-1,False,24676,16.0
timeout,even_odd,_mult16p0,2,0.3,8,283d,5949,True,89,spurious,-1,False,24676,16.0
timeout,even_odd,_mult16p0,2,0.3,7,a581,a797,True,49,spurious,-1,False,24676,16.0
timeout,even_odd,_mult16p0,2,0.3,5,72be,a6b6,True,59,correct,2,True,24676,16.0
timeout,even_odd,_mult16p0,2,0.3,4,c2b2,a6b6,True,45,correct,2,True,24676,16.0
timeout,even_odd,_mult16p0,2,0.3,5,2a34,58a4,True,89,spurious,-1,False,24676,16.0
timeout,even_odd,_mult16p0,2,0.3,4,f4b2,fca6,True,35,wrong_pattern,0,False,24676,16.0
timeout,even_odd,_mult16p0,2,0.3,1,26b6,a6b6,True,25,correct,2,True,24676,16.0
timeout,even_odd,_mult16p0,2,0.3,3,afa6,fca6,True,55,wrong_pattern,0,False,24676,16.0
timeout,even_odd,_mult16p0,2,0.3,3,a2a7,a6b6,True,11,correct,2,True,24676,16.0
timeout,even_odd,_mult16p0,2,0.3,5,c6c6,a6b6,True,45,correct,2,True,24676,16.0
timeout,even_odd,_mult16p0,2,0.3,5,8ffe,a6b6,True,69,correct,2,True,24676,16.0
timeout,even_odd,_mult16p0,2,0.3,3,a635,a6b6,True,59,correct,2,True,24676,16.0
timeout,even_odd,_mult16p0,2,0.3,5,e42e,e46a,True,21,spurious,-1,False,24676,16.0
timeout,even_odd,_mult16p0,2,0.3,4,afb5,fca6,True,55,wrong_pattern,0,False,24676,16.0
timeout,even_odd,_mult16p0,2,0.3,6,aa7a,e46a,True,79,spurious,-1,False,24676,16.0
timeout,even_odd,_mult16p0,2,0.3,5,9494,2b4,True,45,spurious,-1,False,24676,16.0
timeout,even_odd,_mult16p0,2,0.3,2,b6a6,a6b6,True,21,correct,2,True,24676,16.0
timeout,even_odd,_mult16p0,2,0.3,5,86e3,a6b6,True,55,correct,2,True,24676,16.0
timeout,even_odd,_mult16p0,2,0.3,2,aea6,fca6,True,45,wrong_pattern,0,False,24676,16.0
timeout,even_odd,_mult16p0,2,0.3,5,63be,e6fa,True,45,spurious,-1,False,24676,16.0
timeout,even_odd,_mult16p0,2,0.3,3,2b6,2b4,True,25,spurious,-1,False,24676,16.0
timeout,even_odd,_mult16p0,2,0.3,6,d4a7,fca6,True,25,wrong_pattern,0,False,24676,16.0
timeout,even_odd,_mult16p0,2,0.3,5,96bb,e6fa,True,35,spurious,-1,False,24676,16.0
timeout,even_odd,_mult16p0,2,0.3,6,45b4,58a4,True,49,spurious,-1,False,24676,16.0
timeout,even_odd,_mult16p0,2,0.3,4,a7f3,a6b6,True,11,correct,2,True,24676,16.0
timeout,even_odd,_mult16p0,2,0.3,4,a6ec,e6fa,True,35,spurious,-1,False,24676,16.0
timeout,even_odd,_mult16p0,2,0.3,5,96f5,2b4,True,45,spurious,-1,False,24676,16.0
timeout,even_odd,_mult16p0,2,0.3,5,a09f,a6b6,True,83,correct,2,True,24676,16.0
timeout,even_odd,_mult16p0,2,0.3,4,66a2,e6fa,True,59,spurious,-1,False,24676,16.0
timeout,even_odd,_mult16p0,2,0.3,5,7a2,2b4,True,45,spurious,-1,False,24676,16.0
timeout,even_odd,_mult16p0,2,0.3,5,f67e,e6fa,True,55,spurious,-1,False,24676,16.0
timeout,even_odd,_mult16p0,2,0.3,5,a21c,a75b,True,45,spurious,-1,False,24676,16.0
timeout,even_odd,_mult16p0,2,0.3,5,27ac,2b4,True,45,spurious,-1,False,24676,16.0
timeout,even_odd,_mult16p0,2,0.3,6,a42b,a75b,True,35,spurious,-1,False,24676,16.0
timeout,even_odd,_mult16p0,2,0.3,5,9635,2b4,True,79,spurious,-1,False,24676,16.0
timeout,even_odd,_mult16p0,2,0.3,6,3df6,fca6,True,35,wrong_pattern,0,False,24676,16.0
timeout,even_odd,_mult16p0,2,0.3,5,ae1f,a75b,True,45,spurious,-1,False,24676,16.0
timeout,even_odd,_mult16p0,2,0.3,4,aa37,fca6,True,123,wrong_pattern,0,False,24676,16.0
timeout,even_odd,_mult16p0,2,0.3,7,f93,395,True,69,spurious,-1,False,24676,16.0
timeout,even_odd,_mult16p0,2,0.3,4,b426,fca6,True,25,wrong_pattern,0,False,24676,16.0
timeout,even_odd,_mult16p0,2,0.3,6,ae78,e46a,True,79,spurious,-1,False,24676,16.0
timeout,even_odd,_mult16p0,2,0.3,4,83b2,a6b6,True,45,correct,2,True,24676,16.0
timeout,even_odd,_mult16p0,2,0.3,5,befa,a6b6,True,35,correct,2,True,24676,16.0
timeout,even_odd,_mult16p0,2,0.3,9,bf19,a75b,True,35,spurious,-1,False,24676,16.0
timeout,even_odd,_mult16p0,2,0.3,6,38b2,fca6,True,45,wrong_pattern,0,False,24676,16.0
timeout,even_odd,_mult16p0,2,0.3,3,8eb7,fca6,True,55,wrong_pattern,0,False,24676,16.0
timeout,even_odd,_mult16p0,2,0.3,8,887,58a4,True,65,spurious,-1,False,24676,16.0
timeout,even_odd,_mult16p0,2,0.3,6,fc94,fca6,True,25,wrong_pattern,0,False,24676,16.0
timeout,even_odd,_mult16p0,2,0.3,4,97f6,a6b6,True,25,correct,2,True,24676,16.0
timeout,even_odd,_mult16p0,2,0.3,7,8f25,1b95,True,45,wrong_pattern,1,False,24676,16.0
timeout,even_odd,_mult16p0,2,0.3,5,a6e8,e6fa,True,35,spurious,-1,False,24676,16.0
timeout,even_odd,_mult16p0,2,0.3,5,21b4,2b4,True,35,spurious,-1,False,24676,16.0
timeout,even_odd,_mult16p0,2,0.3,6,977e,a75b,True,45,spurious,-1,False,24676,16.0
timeout,even_odd,_mult16p0,2,0.3,5,31b6,fca6,True,65,wrong_pattern,0,False,24676,16.0
timeout,even_odd,_mult16p0,2,0.3,6,1ebf,2b4,True,69,spurious,-1,False,24676,16.0
timeout,even_odd,_mult16p0,2,0.3,8,cf7c,359,True,83,spurious,-1,False,24676,16.0
timeout,even_odd,_mult16p0,2,0.3,6,622e,e6fa,True,45,spurious,-1,False,24676,16.0
timeout,even_odd,_mult16p0,2,0.3,4,2096,a6b6,True,45,correct,2,True,24676,16.0
timeout,even_odd,_mult16p0,2,0.3,1,a6b2,a6b6,True,11,correct,2,True,24676,16.0
timeout,even_odd,_mult16p0,2,0.3,5,abbc,a6b6,True,45,correct,2,True,24676,16.0
timeout,even_odd,_mult16p0,3,0.3,4,a583,a797,True,49,spurious,-1,False,24676,16.0
timeout,even_odd,_mult16p0,3,0.3,4,3427,fca6,True,59,wrong_pattern,0,False,24676,16.0
timeout,even_odd,_mult16p0,3,0.3,5,1b17,1b95,True,25,wrong_pattern,1,False,24676,16.0
timeout,even_odd,_mult16p0,3,0.3,6,d737,a797,True,45,spurious,-1,False,24676,16.0
timeout,even_odd,_mult16p0,3,0.3,4,3597,a797,True,49,spurious,-1,False,24676,16.0
timeout,even_odd,_mult16p0,3,0.3,6,aa1f,a75b,True,45,spurious,-1,False,24676,16.0
timeout,even_odd,_mult16p0,3,0.3,7,9560,5949,True,45,spurious,-1,False,24676,16.0
timeout,even_odd,_mult16p0,3,0.3,6,f156,a75b,True,45,spurious,-1,False,24676,16.0
timeout,even_odd,_mult16p0,3,0.3,4,ef03,fd4b,True,117,spurious,-1,False,24676,16.0
timeout,even_odd,_mult16p0,3,0.3,6,ed92,fca6,True,45,wrong_pattern,0,False,24676,16.0
timeout,even_odd,_mult16p0,3,0.3,5,395f,bd07,True,59,correct,3,True,24676,16.0
timeout,even_odd,_mult16p0,3,0.3,4,b536,fca6,True,93,wrong_pattern,0,False,24676,16.0
timeout,even_odd,_mult16p0,3,0.3,7,67c7,a75b,True,59,spurious,-1,False,24676,16.0
timeout,even_odd,_mult16p0,3,0.3,2,bd04,bd07,True,25,correct,3,True,24676,16.0
timeout,even_odd,_mult16p0,3,0.3,5,dc0b,fd4b,True,25,spurious,-1,False,24676,16.0
timeout,even_odd,_mult16p0,3,0.3,4,ed2f,fd4b,True,35,spurious,-1,False,24676,16.0
timeout,even_odd,_mult16p0,3,0.3,5,db17,bd07,True,69,correct,3,True,24676,16.0
timeout,even_odd,_mult16p0,3,0.3,4,b797,a797,True,11,spurious,-1,False,24676,16.0
timeout,even_odd,_mult16p0,3,0.3,4,992f,fd4b,True,45,spurious,-1,False,24676,16.0
timeout,even_odd,_mult16p0,3,0.3,8,1c5a,5949,True,89,spurious,-1,False,24676,16.0
timeout,even_odd,_mult16p0,3,0.3,6,aa0e,a75b,True,45,spurious,-1,False,24676,16.0
timeout,even_odd,_mult16p0,3,0.3,7,270a,a75b,True,25,spurious,-1,False,24676,16.0
timeout,even_odd,_mult16p0,3,0.3,7,ca06,fca6,True,103,wrong_pattern,0,False,24676,16.0
timeout,even_odd,_mult16p0,3,0.3,4,dd8f,bd07,True,35,correct,3,True,24676,16.0
timeout,even_odd,_mult16p0,3,0.3,1,bc07,bd07,True,11,correct,3,True,24676,16.0
timeout,even_odd,_mult16p0,3,0.3,6,a8b7,fca6,True,21,wrong_pattern,0,False,24676,16.0
timeout,even_odd,_mult16p0,3,0.3,3,3d0b,fd4b,True,35,spurious,-1,False,24676,16.0
timeout,even_odd,_mult16p0,3,0.3,4,3f97,bf97,True,25,spurious,-1,False,24676,16.0
timeout,even_odd,_mult16p0,3,0.3,6,2a27,fca6,True,123,wrong_pattern,0,False,24676,16.0
timeout,even_odd,_mult16p0,3,0.3,5,3426,fca6,True,25,wrong_pattern,0,False,24676,16.0
timeout,even_odd,_mult16p0,3,0.3,6,b780,a6b6,True,45,wrong_pattern,2,False,24676,16.0
timeout,even_odd,_mult16p0,3,0.3,3,af06,bf97,True,45,spurious,-1,False,24676,16.0
timeout,even_odd,_mult16p0,3,0.3,5,7585,1b95,True,79,wrong_pattern,1,False,24676,16.0
timeout,even_odd,_mult16p0,3,0.3,5,ed0a,fd4b,True,11,spurious,-1,False,24676,16.0
timeout,even_odd,_mult16p0,3,0.3,4,d47,5949,True,93,spurious,-1,False,24676,16.0
timeout,even_odd,_mult16p0,3,0.3,5,9e15,1b95,True,45,wrong_pattern,1,False,24676,16.0
timeout,even_odd,_mult16p0,3,0.3,10,9b0,58a4,True,21,spurious,-1,False,24676,16.0
timeout,even_odd,_mult16p0,3,0.3,4,9913,bd07,True,45,correct,3,True,24676,16.0
timeout,even_odd,_mult16p0,3,0.3,2,b517,bf97,True,49,spurious,-1,False,24676,16.0
timeout,even_odd,_mult16p0,3,0.3,5,f14f,fd4b,True,35,spurious,-1,False,24676,16.0
timeout,even_odd,_mult16p0,3,0.3,4,1c06,1905,True,89,spurious,-1,False,24676,16.0
timeout,even_odd,_mult16p0,3,0.3,2,ad05,bd07,True,25,correct,3,True,24676,16.0
timeout,even_odd,_mult16p0,3,0.3,5,ff6f,fd4b,True,25,spurious,-1,False,24676,16.0
timeout,even_odd,_mult16p0,3,0.3,7,1a37,58a4,True,93,spurious,-1,False,24676,16.0
timeout,even_odd,_mult16p0,3,0.3,3,9c03,bd07,True,25,correct,3,True,24676,16.0
timeout,even_odd,_mult16p0,3,0.3,6,7f24,58a4,True,69,spurious,-1,False,24676,16.0
timeout,even_odd,_mult16p0,3,0.3,3,b597,a797,True,49,spurious,-1,False,24676,16.0
timeout,even_odd,_mult16p0,3,0.3,5,a687,a6b6,True,35,wrong_pattern,2,False,24676,16.0
timeout,even_odd,_mult16p0,3,0.3,7,198c,58a4,True,83,spurious,-1,False,24676,16.0
timeout,even_odd,_mult16p0,3,0.3,5,ac93,fca6,True,65,wrong_pattern,0,False,24676,16.0
timeout,even_odd,_mult16p0,3,0.3,6,f53b,a75b,True,45,spurious,-1,False,24676,16.0
timeout,even_odd,_mult16p0,3,0.3,3,7d17,bd07,True,35,correct,3,True,24676,16.0
timeout,even_odd,_mult16p0,3,0.3,5,a737,a797,True,25,spurious,-1,False,24676,16.0
timeout,even_odd,_mult16p0,3,0.3,4,df87,bd07,True,35,correct,3,True,24676,16.0
timeout,even_odd,_mult16p0,3,0.3,8,5b93,1905,True,35,spurious,-1,False,24676,16.0
timeout,even_odd,_mult16p0,3,0.3,4,be26,fca6,True,35,wrong_pattern,0,False,24676,16.0
timeout,even_odd,_mult16p0,3,0.3,7,19ae,58a4,True,35,spurious,-1,False,24676,16.0
timeout,even_odd,_mult16p0,3,0.3,4,9dc3,bd07,True,25,correct,3,True,24676,16.0
timeout,even_odd,_mult16p0,3,0.3,7,878d,395,True,59,spurious,-1,False,24676,16.0
timeout,even_odd,_mult16p0,3,0.3,3,b405,bd07,True,25,correct,3,True,24676,16.0
