experiment,mode,variant,pat_idx,eta,hamming_in,init_state,result_state,settled,settle_time,outcome,recalled_pat,correct,k_flips
seqpert_depth,depth,,0,0.0625,1,f8a6,fca6,True,4,correct,0,True,1
seqpert_depth,depth,,0,0.0625,1,fcae,fca6,True,6,correct,0,True,1
seqpert_depth,depth,,0,0.0625,1,fcb6,fca6,True,5,correct,0,True,1
seqpert_depth,depth,,0,0.0625,1,bca6,fca6,True,11,correct,0,True,1
seqpert_depth,depth,,0,0.0625,1,f4a6,fca6,True,7,correct,0,True,1
seqpert_depth,depth,,0,0.0625,1,bca6,fca6,True,11,correct,0,True,1
seqpert_depth,depth,,0,0.0625,1,eca6,fca6,True,7,correct,0,True,1
seqpert_depth,depth,,0,0.0625,1,fca2,fca6,True,6,correct,0,True,1
seqpert_depth,depth,,0,0.0625,1,bca6,fca6,True,11,correct,0,True,1
seqpert_depth,depth,,0,0.0625,1,fda6,fca6,True,4,correct,0,True,1
seqpert_depth,depth,,0,0.0625,1,fc26,fca6,True,9,correct,0,True,1
seqpert_depth,depth,,0,0.0625,1,fcae,fca6,True,6,correct,0,True,1
seqpert_depth,depth,,0,0.0625,1,7ca6,fca6,True,4,correct,0,True,1
seqpert_depth,depth,,0,0.0625,1,fc26,fca6,True,9,correct,0,True,1
seqpert_depth,depth,,0,0.0625,1,7ca6,fca6,True,4,correct,0,True,1
seqpert_depth,depth,,0,0.0625,1,fce6,fca6,True,6,correct,0,True,1
seqpert_depth,depth,,0,0.0625,1,f4a6,fca6,True,7,correct,0,True,1
seqpert_depth,depth,,0,0.0625,1,fcae,fca6,True,6,correct,0,True,1
seqpert_depth,depth,,0,0.0625,1,f8a6,fca6,True,4,correct,0,True,1
seqpert_depth,depth,,0,0.0625,1,fca2,fca6,True,6,correct,0,True,1
seqpert_depth,depth,,0,0.0625,1,7ca6,fca6,True,4,correct,0,True,1
seqpert_depth,depth,,0,0.0625,1,fcb6,fca6,True,5,correct,0,True,1
seqpert_depth,depth,,0,0.0625,1,fc86,fca6,True,4,correct,0,True,1
seqpert_depth,depth,,0,0.0625,1,fcae,fca6,True,6,correct,0,True,1
seqpert_depth,depth,,0,0.0625,1,fca4,fca6,True,4,correct,0,True,1
seqpert_depth,depth,,0,0.0625,1,fc86,fca6,True,4,correct,0,True,1
seqpert_depth,depth,,0,0.0625,1,fca2,fca6,True,6,correct,0,True,1
seqpert_depth,depth,,0,0.0625,1,fca2,fca6,True,6,correct,0,True,1
seqpert_depth,depth,,0,0.0625,1,fc26,fca6,True,9,correct,0,True,1
seqpert_depth,depth,,0,0.0625,1,fcb6,fca6,True,5,correct,0,True,1
seqpert_depth,depth,,0,0.0625,1,fca2,fca6,True,6,correct,0,True,1
seqpert_depth,depth,,0,0.0625,1,f8a6,fca6,True,4,correct,0,True,1
seqpert_depth,depth,,0,0.0625,1,f8a6,fca6,True,4,correct,0,True,1
seqpert_depth,depth,,0,0.0625,1,f4a6,fca6,True,7,correct,0,True,1
seqpert_depth,depth,,0,0.0625,1,fc86,fca6,True,4,correct,0,True,1
seqpert_depth,depth,,0,0.0625,1,fca7,fca6,True,4,correct,0,True,1
seqpert_depth,depth,,0,0.0625,1,fc86,fca6,True,4,correct,0,True,1
seqpert_depth,depth,,0,0.0625,1,fea6,fca6,True,5,correct,0,True,1
seqpert_depth,depth,,0,0.0625,1,fca4,fca6,True,4,correct,0,True,1
seqpert_depth,depth,,0,0.0625,1,fc86,fca6,True,4,correct,0,True,1
seqpert_depth,depth,,0,0.0625,1,eca6,fca6,True,7,correct,0,True,1
seqpert_depth,depth,,0,0.0625,1,f8a6,fca6,True,4,correct,0,True,1
seqpert_depth,depth,,0,0.0625,1,fea6,fca6,True,5,correct,0,True,1
seqpert_depth,depth,,0,0.0625,1,fc26,fca6,True,9,correct,0,True,1
seqpert_depth,depth,,0,0.0625,1,fda6,fca6,True,4,correct,0,True,1
seqpert_depth,depth,,0,0.0625,1,fca2,fca6,True,6,correct,0,True,1
seqpert_depth,depth,,0,0.0625,1,fce6,fca6,True,6,correct,0,True,1
seqpert_depth,depth,,0,0.0625,1,eca6,fca6,True,7,correct,0,True,1
seqpert_depth,depth,,0,0.0625,1,eca6,fca6,True,7,correct,0,True,1
seqpert_depth,depth,,0,0.0625,1,fce6,fca6,True,6,correct,0,True,1
seqpert_depth,depth,,0,0.0625,1,dca6,fca6,True,4,correct,0,True,1
seqpert_depth,depth,,0,0.0625,1,fcb6,fca6,True,5,correct,0,True,1
seqpert_depth,depth,,0,0.0625,1,bca6,fca6,True,11,correct,0,True,1
seqpert_depth,depth,,0,0.0625,1,fca4,fca6,True,4,correct,0,True,1
seqpert_depth,depth,,0,0.0625,1,fca4,fca6,True,4,correct,0,True,1
seqpert_depth,depth,,0,0.0625,1,bca6,fca6,True,11,correct,0,True,1
seqpert_depth,depth,,0,0.0625,1,7ca6,fca6,True,4,correct,0,True,1
seqpert_depth,depth,,0,0.0625,1,f4a6,fca6,True,7,correct,0,True,1
seqpert_depth,depth,,0,0.0625,1,fca7,fca6,True,4,correct,0,True,1
seqpert_depth,depth,,0,0.0625,1,eca6,fca6,True,7,correct,0,True,1
seqpert_depth,depth,,0,0.0625,1,eca6,fca6,True,7,correct,0,True,1
seqpert_depth,depth,,0,0.0625,1,dca6,fca6,True,4,correct,0,True,1
seqpert_depth,depth,,0,0.0625,1,fcae,fca6,True,6,correct,0,True,1
seqpert_depth,depth,,0,0.0625,1,f4a6,fca6,True,7,correct,0,True,1
seqpert_depth,depth,,0,0.0625,1,7ca6,fca6,True,4,correct,0,True,1
seqpert_depth,depth,,0,0.0625,1,fca2,fca6,True,6,correct,0,True,1
seqpert_depth,depth,,0,0.0625,1,f8a6,fca6,True,4,correct,0,True,1
seqpert_depth,depth,,0,0.0625,1,fcae,fca6,True,6,correct,0,True,1
seqpert_depth,depth,,0,0.0625,1,fca2,fca6,True,6,correct,0,True,1
seqpert_depth,depth,,0,0.0625,1,fc86,fca6,True,4,correct,0,True,1
seqpert_depth,depth,,0,0.0625,1,fca7,fca6,True,4,correct,0,True,1
seqpert_depth,depth,,0,0.0625,1,dca6,fca6,True,4,correct,0,True,1
seqpert_depth,depth,,0,0.0625,1,fc26,fca6,True,9,correct,0,True,1
seqpert_depth,depth,,0,0.0625,1,fca2,fca6,True,6,correct,0,True,1
seqpert_depth,depth,,0,0.0625,1,fca2,fca6,True,6,correct,0,True,1
seqpert_depth,depth,,0,0.0625,1,fce6,fca6,True,6,correct,0,True,1
seqpert_depth,depth,,0,0.0625,1,f4a6,fca6,True,7,correct,0,True,1
seqpert_depth,depth,,0,0.0625,1,fcae,fca6,True,6,correct,0,True,1
seqpert_depth,depth,,0,0.0625,1,f4a6,fca6,True,7,correct,0,True,1
seqpert_depth,depth,,0,0.0625,1,fda6,fca6,True,4,correct,0,True,1
seqpert_depth,depth,,0,0.0625,1,fce6,fca6,True,6,correct,0,True,1
seqpert_depth,depth,,0,0.0625,1,fce6,fca6,True,6,correct,0,True,1
seqpert_depth,depth,,0,0.0625,1,fca4,fca6,True,4,correct,0,True,1
seqpert_depth,depth,,0,0.0625,1,fce6,fca6,True,6,correct,0,True,1
seqpert_depth,depth,,0,0.0625,1,bca6,fca6,True,11,correct,0,True,1
seqpert_depth,depth,,0,0.0625,1,fc86,fca6,True,4,correct,0,True,1
seqpert_depth,depth,,0,0.0625,1,eca6,fca6,True,7,correct,0,True,1
seqpert_depth,depth,,0,0.0625,1,fc26,fca6,True,9,correct,0,True,1
seqpert_depth,depth,,0,0.0625,1,fc26,fca6,True,9,correct,0,True,1
seqpert_depth,depth,,0,0.0625,1,fce6,fca6,True,6,correct,0,True,1
seqpert_depth,depth,,0,0.0625,1,fce6,fca6,True,6,correct,0,True,1
seqpert_depth,depth,,0,0.0625,1,fca2,fca6,True,6,correct,0,True,1
seqpert_depth,depth,,0,0.0625,1,fcae,fca6,True,6,correct,0,True,1
seqpert_depth,depth,,0,0.0625,1,eca6,fca6,True,7,correct,0,True,1
seqpert_depth,depth,,0,0.0625,1,fce6,fca6,True,6,correct,0,True,1
seqpert_depth,depth,,0,0.0625,1,fc26,fca6,True,9,correct,0,True,1
seqpert_depth,depth,,0,0.0625,1,fca7,fca6,True,4,correct,0,True,1
seqpert_depth,depth,,0,0.0625,1,fea6,fca6,True,5,correct,0,True,1
seqpert_depth,depth,,0,0.0625,1,bca6,fca6,True,11,correct,0,True,1
seqpert_depth,depth,,0,0.0625,1,fca4,fca6,True,4,correct,0,True,1
seqpert_depth,depth,,1,0.0625,1,1b91,1b95,True,6,correct,1,True,1
seqpert_depth,depth,,1,0.0625,1,1b85,1b05,False,740,oscillated,-1,False,1
seqpert_depth,depth,,1,0.0625,1,b95,1395,False,740,oscillated,-1,False,1
seqpert_depth,depth,,1,0.0625,1,1bd5,1b95,True,6,correct,1,True,1
seqpert_depth,depth,,1,0.0625,1,1b15,1b95,True,9,correct,1,True,1
seqpert_depth,depth,,1,0.0625,1,1b91,1b95,True,6,correct,1,True,1
seqpert_depth,depth,,1,0.0625,1,1b94,58a4,True,21,spurious,-1,False,1
seqpert_depth,depth,,1,0.0625,1,1b97,1b95,True,4,correct,1,True,1
seqpert_depth,depth,,1,0.0625,1,1bd5,1b95,True,6,correct,1,True,1
seqpert_depth,depth,,1,0.0625,1,5b95,1905,True,13,spurious,-1,False,1
seqpert_depth,depth,,1,0.0625,1,b95,1395,False,740,oscillated,-1,False,1
seqpert_depth,depth,,1,0.0625,1,9b95,1b95,True,4,correct,1,True,1
seqpert_depth,depth,,1,0.0625,1,1b15,1b95,True,9,correct,1,True,1
seqpert_depth,depth,,1,0.0625,1,1a95,58a4,True,21,spurious,-1,False,1
seqpert_depth,depth,,1,0.0625,1,1bd5,1b95,True,6,correct,1,True,1
seqpert_depth,depth,,1,0.0625,1,1b91,1b95,True,6,correct,1,True,1
seqpert_depth,depth,,1,0.0625,1,b95,1395,False,740,oscillated,-1,False,1
seqpert_depth,depth,,1,0.0625,1,1b91,1b95,True,6,correct,1,True,1
seqpert_depth,depth,,1,0.0625,1,1bb5,58a4,True,21,spurious,-1,False,1
seqpert_depth,depth,,1,0.0625,1,1f95,1b95,True,4,correct,1,True,1
seqpert_depth,depth,,1,0.0625,1,1bd5,1b95,True,6,correct,1,True,1
seqpert_depth,depth,,1,0.0625,1,1b9d,1b95,True,6,correct,1,True,1
seqpert_depth,depth,,1,0.0625,1,1bb5,58a4,True,21,spurious,-1,False,1
seqpert_depth,depth,,1,0.0625,1,1b97,1b95,True,4,correct,1,True,1
seqpert_depth,depth,,1,0.0625,1,1b15,1b95,True,9,correct,1,True,1
seqpert_depth,depth,,1,0.0625,1,1b91,1b95,True,6,correct,1,True,1
seqpert_depth,depth,,1,0.0625,1,1395,b95,False,740,oscillated,-1,False,1
seqpert_depth,depth,,1,0.0625,1,1bd5,1b95,True,6,correct,1,True,1
seqpert_depth,depth,,1,0.0625,1,5b95,1905,True,13,spurious,-1,False,1
seqpert_depth,depth,,1,0.0625,1,1f95,1b95,True,4,correct,1,True,1
seqpert_depth,depth,,1,0.0625,1,1b15,1b95,True,9,correct,1,True,1
seqpert_depth,depth,,1,0.0625,1,1b97,1b95,True,4,correct,1,True,1
seqpert_depth,depth,,1,0.0625,1,1b97,1b95,True,4,correct,1,True,1
seqpert_depth,depth,,1,0.0625,1,1995,1915,False,740,oscillated,-1,False,1
seqpert_depth,depth,,1,0.0625,1,1bb5,58a4,True,21,spurious,-1,False,1
seqpert_depth,depth,,1,0.0625,1,5b95,1905,True,13,spurious,-1,False,1
seqpert_depth,depth,,1,0.0625,1,1b94,58a4,True,21,spurious,-1,False,1
seqpert_depth,depth,,1,0.0625,1,5b95,1905,True,13,spurious,-1,False,1
seqpert_depth,depth,,1,0.0625,1,1995,1915,False,740,oscillated,-1,False,1
seqpert_depth,depth,,1,0.0625,1,1f95,1b95,True,4,correct,1,True,1
seqpert_depth,depth,,1,0.0625,1,1b85,1b05,False,740,oscillated,-1,False,1
seqpert_depth,depth,,1,0.0625,1,1f95,1b95,True,4,correct,1,True,1
seqpert_depth,depth,,1,0.0625,1,1b91,1b95,True,6,correct,1,True,1
seqpert_depth,depth,,1,0.0625,1,1b91,1b95,True,1,correct,1,True,1
seqpert_depth,depth,,1,0.0625,1,1b85,1b05,False,740,oscillated,-1,False,1
seqpert_depth,depth,,1,0.0625,1,1bd5,1b95,True,6,correct,1,True,1
seqpert_depth,depth,,1,0.0625,1,1f95,1b95,True,4,correct,1,True,1
seqpert_depth,depth,,1,0.0625,1,1f95,1b95,True,4,correct,1,True,1
seqpert_depth,depth,,1,0.0625,1,5b95,1905,True,13,spurious,-1,False,1
seqpert_depth,depth,,1,0.0625,1,1995,1915,False,740,oscillated,-1,False,1
seqpert_depth,depth,,1,0.0625,1,1b85,1b05,False,740,oscillated,-1,False,1
seqpert_depth,depth,,1,0.0625,1,1bd5,1b95,True,6,correct,1,True,1
seqpert_depth,depth,,1,0.0625,1,3b95,1b95,True,4,correct,1,True,1
seqpert_depth,depth,,1,0.0625,1,1b85,1b05,False,740,oscillated,-1,False,1
seqpert_depth,depth,,1,0.0625,1,9b95,1b95,True,4,correct,1,True,1
seqpert_depth,depth,,1,0.0625,1,1f95,1b95,True,4,correct,1,True,1
seqpert_depth,depth,,1,0.0625,1,1b15,1b95,True,9,correct,1,True,1
seqpert_depth,depth,,1,0.0625,1,1bd5,1b95,True,6,correct,1,True,1
seqpert_depth,depth,,1,0.0625,1,1f95,1b95,True,4,correct,1,True,1
seqpert_depth,depth,,1,0.0625,1,1b97,1b95,True,4,correct,1,True,1
seqpert_depth,depth,,1,0.0625,1,1f95,1b95,True,4,correct,1,True,1
seqpert_depth,depth,,1,0.0625,1,1995,1915,False,740,oscillated,-1,False,1
seqpert_depth,depth,,1,0.0625,1,5b95,1905,True,13,spurious,-1,False,1
seqpert_depth,depth,,1,0.0625,1,1b91,1b95,True,6,correct,1,True,1
seqpert_depth,depth,,1,0.0625,1,1b97,1b95,True,4,correct,1,True,1
seqpert_depth,depth,,1,0.0625,1,1b94,58a4,True,21,spurious,-1,False,1
seqpert_depth,depth,,1,0.0625,1,1395,b95,False,740,oscillated,-1,False,1
seqpert_depth,depth,,1,0.0625,1,1b9d,1b95,True,6,correct,1,True,1
seqpert_depth,depth,,1,0.0625,1,3b95,1b95,True,4,correct,1,True,1
seqpert_depth,depth,,1,0.0625,1,1b94,58a4,True,21,spurious,-1,False,1
seqpert_depth,depth,,1,0.0625,1,1b85,1b05,False,740,oscillated,-1,False,1
seqpert_depth,depth,,1,0.0625,1,1b85,1b05,False,740,oscillated,-1,False,1
seqpert_depth,depth,,1,0.0625,1,1b91,1b95,True,6,correct,1,True,1
seqpert_depth,depth,,1,0.0625,1,b95,1395,False,740,oscillated,-1,False,1
seqpert_depth,depth,,1,0.0625,1,1395,b95,False,740,oscillated,-1,False,1
seqpert_depth,depth,,1,0.0625,1,1a95,58a4,True,21,spurious,-1,False,1
seqpert_depth,depth,,1,0.0625,1,1b15,1b95,True,9,correct,1,True,1
seqpert_depth,depth,,1,0.0625,1,1b94,58a4,True,21,spurious,-1,False,1
seqpert_depth,depth,,1,0.0625,1,1b97,1b95,True,4,correct,1,True,1
seqpert_depth,depth,,1,0.0625,1,1f95,1b95,True,4,correct,1,True,1
seqpert_depth,depth,,1,0.0625,1,1b94,58a4,True,21,spurious,-1,False,1
seqpert_depth,depth,,1,0.0625,1,1b9d,1b95,True,6,correct,1,True,1
seqpert_depth,depth,,1,0.0625,1,1b85,1b05,False,740,oscillated,-1,False,1
seqpert_depth,depth,,1,0.0625,1,3b95,1b95,True,4,correct,1,True,1
seqpert_depth,depth,,1,0.0625,1,1995,1915,False,740,oscillated,-1,False,1
seqpert_depth,depth,,1,0.0625,1,1bb5,58a4,True,21,spurious,-1,False,1
seqpert_depth,depth,,1,0.0625,1,1b85,1b05,False,740,oscillated,-1,False,1
seqpert_depth,depth,,1,0.0625,1,1b85,1b05,False,740,oscillated,-1,False,1
seqpert_depth,depth,,1,0.0625,1,1b9d,1b95,True,6,correct,1,True,1
seqpert_depth,depth,,1,0.0625,1,9b95,1b95,True,4,correct,1,True,1
seqpert_depth,depth,,1,0.0625,1,1b94,58a4,True,21,spurious,-1,False,1
seqpert_depth,depth,,1,0.0625,1,1395,b95,False,740,oscillated,-1,False,1
seqpert_depth,depth,,1,0.0625,1,3b95,1b95,True,4,correct,1,True,1
seqpert_depth,depth,,1,0.0625,1,1b15,1b95,True,9,correct,1,True,1
seqpert_depth,depth,,1,0.0625,1,1b91,1b95,True,6,correct,1,True,1
seqpert_depth,depth,,1,0.0625,1,1b15,1b95,True,9,correct,1,True,1
seqpert_depth,depth,,1,0.0625,1,1b91,1b95,True,6,correct,1,True,1
seqpert_depth,depth,,1,0.0625,1,1f95,1b95,True,4,correct,1,True,1
seqpert_depth,depth,,1,0.0625,1,1395,b95,False,740,oscillated,-1,False,1
seqpert_depth,depth,,1,0.0625,1,5b95,1905,True,13,spurious,-1,False,1
seqpert_depth,depth,,2,0.0625,1,a2b6,a6b6,True,4,correct,2,True,1
seqpert_depth,depth,,2,0.0625,1,a6b2,a6b6,True,6,correct,2,True,1
seqpert_depth,depth,,2,0.0625,1,a6a6,a6b6,True,5,correct,2,True,1
seqpert_depth,depth,,2,0.0625,1,a7b6,a6b6,True,4,correct,2,True,1
seqpert_depth,depth,,2,0.0625,1,a7b6,a6b6,True,4,correct,2,True,1
seqpert_depth,depth,,2,0.0625,1,a636,a6b6,True,9,correct,2,True,1
seqpert_depth,depth,,2,0.0625,1,26b6,a6b6,True,4,correct,2,True,1
seqpert_depth,depth,,2,0.0625,1,b6b6,aeb6,False,740,oscillated,-1,False,1
seqpert_depth,depth,,2,0.0625,1,a2b6,a6b6,True,4,correct,2,True,1
seqpert_depth,depth,,2,0.0625,1,a6b7,a6b6,True,4,correct,2,True,1
seqpert_depth,depth,,2,0.0625,1,aeb6,b6b6,False,740,oscillated,-1,False,1
seqpert_depth,depth,,2,0.0625,1,b6b6,aeb6,False,740,oscillated,-1,False,1
seqpert_depth,depth,,2,0.0625,1,26b6,a6b6,True,4,correct,2,True,1
seqpert_depth,depth,,2,0.0625,1,a6b2,a6b6,True,6,correct,2,True,1
seqpert_depth,depth,,2,0.0625,1,a636,a6b6,True,9,correct,2,True,1
seqpert_depth,depth,,2,0.0625,1,e6b6,a6b6,True,11,correct,2,True,1
seqpert_depth,depth,,2,0.0625,1,26b6,a6b6,True,4,correct,2,True,1
seqpert_depth,depth,,2,0.0625,1,a6f6,a6b6,True,6,correct,2,True,1
seqpert_depth,depth,,2,0.0625,1,a6a6,a6b6,True,5,correct,2,True,1
seqpert_depth,depth,,2,0.0625,1,a4b6,a6b6,True,5,correct,2,True,1
seqpert_depth,depth,,2,0.0625,1,a696,a6b6,True,4,correct,2,True,1
seqpert_depth,depth,,2,0.0625,1,26b6,a6b6,True,4,correct,2,True,1
seqpert_depth,depth,,2,0.0625,1,86b6,a6b6,True,4,correct,2,True,1
seqpert_depth,depth,,2,0.0625,1,a6be,a6b6,True,6,correct,2,True,1
seqpert_depth,depth,,2,0.0625,1,a2b6,a6b6,True,4,correct,2,True,1
seqpert_depth,depth,,2,0.0625,1,86b6,a6b6,True,4,correct,2,True,1
seqpert_depth,depth,,2,0.0625,1,a4b6,a6b6,True,5,correct,2,True,1
seqpert_depth,depth,,2,0.0625,1,aeb6,b6b6,False,740,oscillated,-1,False,1
seqpert_depth,depth,,2,0.0625,1,aeb6,b6b6,False,740,oscillated,-1,False,1
seqpert_depth,depth,,2,0.0625,1,e6b6,a6b6,True,11,correct,2,True,1
seqpert_depth,depth,,2,0.0625,1,e6b6,a6b6,True,11,correct,2,True,1
seqpert_depth,depth,,2,0.0625,1,a2b6,a6b6,True,4,correct,2,True,1
seqpert_depth,depth,,2,0.0625,1,a696,a6b6,True,4,correct,2,True,1
seqpert_depth,depth,,2,0.0625,1,aeb6,b6b6,False,740,oscillated,-1,False,1
seqpert_depth,depth,,2,0.0625,1,a636,a6b6,True,9,correct,2,True,1
seqpert_depth,depth,,2,0.0625,1,a6f6,a6b6,True,6,correct,2,True,1
seqpert_depth,depth,,2,0.0625,1,e6b6,a6b6,True,11,correct,2,True,1
seqpert_depth,depth,,2,0.0625,1,a7b6,a6b6,True,4,correct,2,True,1
seqpert_depth,depth,,2,0.0625,1,a2b6,a6b6,True,4,correct,2,True,1
seqpert_depth,depth,,2,0.0625,1,a6b4,a6b6,True,4,correct,2,True,1
seqpert_depth,depth,,2,0.0625,1,e6b6,a6b6,True,11,correct,2,True,1
seqpert_depth,depth,,2,0.0625,1,a6b2,a6b6,True,6,correct,2,True,1
seqpert_depth,depth,,2,0.0625,1,a2b6,a6b6,True,4,correct,2,True,1
seqpert_depth,depth,,2,0.0625,1,a6a6,a6b6,True,5,correct,2,True,1
seqpert_depth,depth,,2,0.0625,1,a696,a6b6,True,4,correct,2,True,1
seqpert_depth,depth,,2,0.0625,1,a6a6,a6b6,True,5,correct,2,True,1
seqpert_depth,depth,,2,0.0625,1,a696,a6b6,True,4,correct,2,True,1
seqpert_depth,depth,,2,0.0625,1,a6b4,a6b6,True,4,correct,2,True,1
seqpert_depth,depth,,2,0.0625,1,a7b6,a6b6,True,4,correct,2,True,1
seqpert_depth,depth,,2,0.0625,1,a636,a6b6,True,9,correct,2,True,1
seqpert_depth,depth,,2,0.0625,1,a6b7,a6b6,True,4,correct,2,True,1
seqpert_depth,depth,,2,0.0625,1,a7b6,a6b6,True,4,correct,2,True,1
seqpert_depth,depth,,2,0.0625,1,b6b6,aeb6,False,740,oscillated,-1,False,1
seqpert_depth,depth,,2,0.0625,1,a6a6,a6b6,True,5,correct,2,True,1
seqpert_depth,depth,,2,0.0625,1,26b6,a6b6,True,4,correct,2,True,1
seqpert_depth,depth,,2,0.0625,1,86b6,a6b6,True,4,correct,2,True,1
seqpert_depth,depth,,2,0.0625,1,a6b4,a6b6,True,4,correct,2,True,1
seqpert_depth,depth,,2,0.0625,1,a6be,a6b6,True,6,correct,2,True,1
seqpert_depth,depth,,2,0.0625,1,a6f6,a6b6,True,6,correct,2,True,1
seqpert_depth,depth,,2,0.0625,1,26b6,a6b6,True,4,correct,2,True,1
seqpert_depth,depth,,2,0.0625,1,a696,a6b6,True,4,correct,2,True,1
seqpert_depth,depth,,2,0.0625,1,e6b6,a6b6,True,11,correct,2,True,1
seqpert_depth,depth,,2,0.0625,1,86b6,a6b6,True,4,correct,2,True,1
seqpert_depth,depth,,2,0.0625,1,a6b2,a6b6,True,6,correct,2,True,1
seqpert_depth,depth,,2,0.0625,1,a6b2,a6b6,True,6,correct,2,True,1
seqpert_depth,depth,,2,0.0625,1,a4b6,a6b6,True,5,correct,2,True,1
seqpert_depth,depth,,2,0.0625,1,a4b6,a6b6,True,1,correct,2,True,1
seqpert_depth,depth,,2,0.0625,1,a6b2,a6b6,True,6,correct,2,True,1
seqpert_depth,depth,,2,0.0625,1,a6b2,a6b6,True,6,correct,2,True,1
seqpert_depth,depth,,2,0.0625,1,b6b6,aeb6,False,740,oscillated,-1,False,1
seqpert_depth,depth,,2,0.0625,1,a636,a6b6,True,9,correct,2,True,1
seqpert_depth,depth,,2,0.0625,1,a6f6,a6b6,True,6,correct,2,True,1
seqpert_depth,depth,,2,0.0625,1,a636,a6b6,True,9,correct,2,True,1
seqpert_depth,depth,,2,0.0625,1,a6b2,a6b6,True,6,correct,2,True,1
seqpert_depth,depth,,2,0.0625,1,aeb6,b6b6,False,740,oscillated,-1,False,1
seqpert_depth,depth,,2,0.0625,1,a6b7,a6b6,True,4,correct,2,True,1
seqpert_depth,depth,,2,0.0625,1,aeb6,b6b6,False,740,oscillated,-1,False,1
seqpert_depth,depth,,2,0.0625,1,86b6,a6b6,True,4,correct,2,True,1
seqpert_depth,depth,,2,0.0625,1,a6f6,a6b6,True,6,correct,2,True,1
seqpert_depth,depth,,2,0.0625,1,a696,a6b6,True,4,correct,2,True,1
seqpert_depth,depth,,2,0.0625,1,a7b6,a6b6,True,4,correct,2,True,1
seqpert_depth,depth,,2,0.0625,1,a636,a6b6,True,9,correct,2,True,1
seqpert_depth,depth,,2,0.0625,1,b6b6,aeb6,False,740,oscillated,-1,False,1
seqpert_depth,depth,,2,0.0625,1,a6f6,a6b6,True,6,correct,2,True,1
seqpert_depth,depth,,2,0.0625,1,a7b6,a6b6,True,4,correct,2,True,1
seqpert_depth,depth,,2,0.0625,1,e6b6,a6b6,True,11,correct,2,True,1
seqpert_depth,depth,,2,0.0625,1,26b6,a6b6,True,4,correct,2,True,1
seqpert_depth,depth,,2,0.0625,1,a636,a6b6,True,9,correct,2,True,1
seqpert_depth,depth,,2,0.0625,1,a2b6,a6b6,True,4,correct,2,True,1
seqpert_depth,depth,,2,0.0625,1,a696,a6b6,True,4,correct,2,True,1
seqpert_depth,depth,,2,0.0625,1,a6b4,a6b6,True,4,correct,2,True,1
seqpert_depth,depth,,2,0.0625,1,b6b6,aeb6,False,740,oscillated,-1,False,1
seqpert_depth,depth,,2,0.0625,1,a6b2,a6b6,True,6,correct,2,True,1
seqpert_depth,depth,,2,0.0625,1,aeb6,b6b6,False,740,oscillated,-1,False,1
seqpert_depth,depth,,2,0.0625,1,aeb6,b6b6,False,740,oscillated,-1,False,1
seqpert_depth,depth,,2,0.0625,1,a6b7,a6b6,True,4,correct,2,True,1
seqpert_depth,depth,,2,0.0625,1,a2b6,a6b6,True,4,correct,2,True,1
seqpert_depth,depth,,2,0.0625,1,a4b6,a6b6,True,5,correct,2,True,1
seqpert_depth,depth,,2,0.0625,1,a696,a6b6,True,4,correct,2,True,1
seqpert_depth,depth,,2,0.0625,1,b6b6,aeb6,False,740,oscillated,-1,False,1
seqpert_depth,depth,,3,0.0625,1,bd17,bd17,False,740,oscillated,-1,False,1
seqpert_depth,depth,,3,0.0625,1,bd47,bd07,True,6,correct,3,True,1
seqpert_depth,depth,,3,0.0625,1,bd05,bd07,True,4,correct,3,True,1
seqpert_depth,depth,,3,0.0625,1,b907,bd07,True,4,correct,3,True,1
seqpert_depth,depth,,3,0.0625,1,bd87,bd07,True,9,correct,3,True,1
seqpert_depth,depth,,3,0.0625,1,9d07,bd07,True,4,correct,3,True,1
seqpert_depth,depth,,3,0.0625,1,ad07,bd07,True,7,correct,3,True,1
seqpert_depth,depth,,3,0.0625,1,fd07,bd07,True,11,correct,3,True,1
seqpert_depth,depth,,3,0.0625,1,fd07,bd07,True,11,correct,3,True,1
seqpert_depth,depth,,3,0.0625,1,bd06,bd07,True,4,correct,3,True,1
seqpert_depth,depth,,3,0.0625,1,bd0f,bd07,True,6,correct,3,True,1
seqpert_depth,depth,,3,0.0625,1,bd05,bd07,True,4,correct,3,True,1
seqpert_depth,depth,,3,0.0625,1,fd07,bd07,True,11,correct,3,True,1
seqpert_depth,depth,,3,0.0625,1,bd05,bd07,True,4,correct,3,True,1
seqpert_depth,depth,,3,0.0625,1,bd27,bd07,True,4,correct,3,True,1
seqpert_depth,depth,,3,0.0625,1,bd17,bd17,False,740,oscillated,-1,False,1
seqpert_depth,depth,,3,0.0625,1,b907,bd07,True,4,correct,3,True,1
seqpert_depth,depth,,3,0.0625,1,bd06,bd07,True,4,correct,3,True,1
seqpert_depth,depth,,3,0.0625,1,bd0f,bd07,True,6,correct,3,True,1
seqpert_depth,depth,,3,0.0625,1,b507,bd07,True,7,correct,3,True,1
seqpert_depth,depth,,3,0.0625,1,b507,bd07,True,7,correct,3,True,1
seqpert_depth,depth,,3,0.0625,1,9d07,bd07,True,4,correct,3,True,1
seqpert_depth,depth,,3,0.0625,1,bd27,bd07,True,4,correct,3,True,1
seqpert_depth,depth,,3,0.0625,1,bd05,bd07,True,4,correct,3,True,1
seqpert_depth,depth,,3,0.0625,1,bf07,bf07,False,740,oscillated,-1,False,1
seqpert_depth,depth,,3,0.0625,1,ad07,bd07,True,7,correct,3,True,1
seqpert_depth,depth,,3,0.0625,1,bf07,bf07,False,740,oscillated,-1,False,1
seqpert_depth,depth,,3,0.0625,1,bd27,bd07,True,4,correct,3,True,1
seqpert_depth,depth,,3,0.0625,1,bd47,bd07,True,6,correct,3,True,1
seqpert_depth,depth,,3,0.0625,1,bd17,bd17,False,740,oscillated,-1,False,1
seqpert_depth,depth,,3,0.0625,1,bf07,bf07,False,740,oscillated,-1,False,1
seqpert_depth,depth,,3,0.0625,1,bd03,bd07,True,6,correct,3,True,1
seqpert_depth,depth,,3,0.0625,1,bd87,bd07,True,9,correct,3,True,1
seqpert_depth,depth,,3,0.0625,1,b907,bd07,True,4,correct,3,True,1
seqpert_depth,depth,,3,0.0625,1,9d07,bd07,True,4,correct,3,True,1
seqpert_depth,depth,,3,0.0625,1,bc07,bd07,True,4,correct,3,True,1
seqpert_depth,depth,,3,0.0625,1,bd06,bd07,True,4,correct,3,True,1
seqpert_depth,depth,,3,0.0625,1,bc07,bd07,True,4,correct,3,True,1
seqpert_depth,depth,,3,0.0625,1,b507,bd07,True,7,correct,3,True,1
seqpert_depth,depth,,3,0.0625,1,bd0f,bd07,True,6,correct,3,True,1
seqpert_depth,depth,,3,0.0625,1,bd0f,bd07,True,6,correct,3,True,1
seqpert_depth,depth,,3,0.0625,1,bd06,bd07,True,4,correct,3,True,1
seqpert_depth,depth,,3,0.0625,1,bd87,bd07,True,9,correct,3,True,1
seqpert_depth,depth,,3,0.0625,1,fd07,bd07,True,11,correct,3,True,1
seqpert_depth,depth,,3,0.0625,1,b907,bd07,True,4,correct,3,True,1
seqpert_depth,depth,,3,0.0625,1,bd47,bd07,True,6,correct,3,True,1
seqpert_depth,depth,,3,0.0625,1,bd05,bd07,True,4,correct,3,True,1
seqpert_depth,depth,,3,0.0625,1,bc07,bd07,True,4,correct,3,True,1
seqpert_depth,depth,,3,0.0625,1,bf07,bf07,False,740,oscillated,-1,False,1
seqpert_depth,depth,,3,0.0625,1,bf07,bf07,False,740,oscillated,-1,False,1
seqpert_depth,depth,,3,0.0625,1,fd07,bd07,True,11,correct,3,True,1
seqpert_depth,depth,,3,0.0625,1,bd06,bd07,True,4,correct,3,True,1
seqpert_depth,depth,,3,0.0625,1,bd03,bd07,True,6,correct,3,True,1
seqpert_depth,depth,,3,0.0625,1,bd05,bd07,True,4,correct,3,True,1
seqpert_depth,depth,,3,0.0625,1,bd47,bd07,True,6,correct,3,True,1
seqpert_depth,depth,,3,0.0625,1,bd87,bd07,True,9,correct,3,True,1
seqpert_depth,depth,,3,0.0625,1,9d07,bd07,True,4,correct,3,True,1
seqpert_depth,depth,,3,0.0625,1,bd27,bd07,True,4,correct,3,True,1
seqpert_depth,depth,,3,0.0625,1,bd17,bd17,False,740,oscillated,-1,False,1
seqpert_depth,depth,,3,0.0625,1,9d07,bd07,True,4,correct,3,True,1
seqpert_depth,depth,,3,0.0625,1,bd05,bd07,True,4,correct,3,True,1
seqpert_depth,depth,,3,0.0625,1,bd47,bd07,True,6,correct,3,True,1
seqpert_depth,depth,,3,0.0625,1,3d07,bd07,True,4,correct,3,True,1
seqpert_depth,depth,,3,0.0625,1,bd03,bd07,True,6,correct,3,True,1
seqpert_depth,depth,,3,0.0625,1,bd47,bd07,True,6,correct,3,True,1
seqpert_depth,depth,,3,0.0625,1,bf07,bf07,False,740,oscillated,-1,False,1
seqpert_depth,depth,,3,0.0625,1,bc07,bd07,True,4,correct,3,True,1
seqpert_depth,depth,,3,0.0625,1,3d07,bd07,True,4,correct,3,True,1
seqpert_depth,depth,,3,0.0625,1,3d07,bd07,True,4,correct,3,True,1
seqpert_depth,depth,,3,0.0625,1,bd03,bd07,True,6,correct,3,True,1
seqpert_depth,depth,,3,0.0625,1,bd47,bd07,True,6,correct,3,True,1
seqpert_depth,depth,,3,0.0625,1,bd0f,bd07,True,6,correct,3,True,1
seqpert_depth,depth,,3,0.0625,1,bf07,bf07,False,740,oscillated,-1,False,1
seqpert_depth,depth,,3,0.0625,1,bd0f,bd07,True,6,correct,3,True,1
seqpert_depth,depth,,3,0.0625,1,b507,bd07,True,7,correct,3,True,1
seqpert_depth,depth,,3,0.0625,1,3d07,bd07,True,4,correct,3,True,1
seqpert_depth,depth,,3,0.0625,1,9d07,bd07,True,4,correct,3,True,1
seqpert_depth,depth,,3,0.0625,1,bd05,bd07,True,4,correct,3,True,1
seqpert_depth,depth,,3,0.0625,1,bd06,bd07,True,4,correct,3,True,1
seqpert_depth,depth,,3,0.0625,1,ad07,bd07,True,7,correct,3,True,1
seqpert_depth,depth,,3,0.0625,1,bd47,bd07,True,6,correct,3,True,1
seqpert_depth,depth,,3,0.0625,1,bd0f,bd07,True,6,correct,3,True,1
seqpert_depth,depth,,3,0.0625,1,bd0f,bd07,True,6,correct,3,True,1
seqpert_depth,depth,,3,0.0625,1,bd0f,bd07,True,6,correct,3,True,1
seqpert_depth,depth,,3,0.0625,1,bd06,bd07,True,4,correct,3,True,1
seqpert_depth,depth,,3,0.0625,1,bd47,bd07,True,6,correct,3,True,1
seqpert_depth,depth,,3,0.0625,1,bd06,bd07,True,4,correct,3,True,1
seqpert_depth,depth,,3,0.0625,1,bd06,bd07,True,4,correct,3,True,1
seqpert_depth,depth,,3,0.0625,1,bd05,bd07,True,4,correct,3,True,1
seqpert_depth,depth,,3,0.0625,1,bd06,bd07,True,4,correct,3,True,1
seqpert_depth,depth,,3,0.0625,1,bd17,bd17,False,740,oscillated,-1,False,1
seqpert_depth,depth,,3,0.0625,1,bd03,bd07,True,6,correct,3,True,1
seqpert_depth,depth,,3,0.0625,1,fd07,bd07,True,11,correct,3,True,1
seqpert_depth,depth,,3,0.0625,1,b507,bd07,True,7,correct,3,True,1
seqpert_depth,depth,,3,0.0625,1,bd87,bd07,True,9,correct,3,True,1
seqpert_depth,depth,,3,0.0625,1,fd07,bd07,True,11,correct,3,True,1
seqpert_depth,depth,,3,0.0625,1,bd06,bd07,True,4,correct,3,True,1
seqpert_depth,depth,,3,0.0625,1,bd47,bd07,True,6,correct,3,True,1
seqpert_depth,depth,,3,0.0625,1,bd03,bd07,True,6,correct,3,True,1
seqpert_depth,depth,,3,0.0625,1,3d07,bd07,True,4,correct,3,True,1
seqpert_depth,depth,,0,0.125,2,bca4,fca6,True,11,correct,0,True,2
seqpert_depth,depth,,0,0.125,2,fea4,fca6,True,5,correct,0,True,2
seqpert_depth,depth,,0,0.125,2,fda4,fca6,True,4,correct,0,True,2
seqpert_depth,depth,,0,0.125,2,f4e6,fca6,True,7,correct,0,True,2
seqpert_depth,depth,,0,0.125,2,fc66,fc6a,True,21,spurious,-1,False,2
seqpert_depth,depth,,0,0.125,2,f8a7,fca6,True,4,correct,0,True,2
seqpert_depth,depth,,0,0.125,2,f0a6,fca6,True,7,correct,0,True,2
seqpert_depth,depth,,0,0.125,2,dcb6,fca6,True,5,correct,0,True,2
seqpert_depth,depth,,0,0.125,2,f8a4,f8a4,False,740,oscillated,-1,False,2
seqpert_depth,depth,,0,0.125,2,fda2,fca6,True,6,correct,0,True,2
seqpert_depth,depth,,0,0.125,2,b8a6,fca6,True,11,correct,0,True,2
seqpert_depth,depth,,0,0.125,2,fce2,fca6,True,11,correct,0,True,2
seqpert_depth,depth,,0,0.125,2,fcee,fca6,True,11,correct,0,True,2
seqpert_depth,depth,,0,0.125,2,fc36,fca6,True,9,correct,0,True,2
seqpert_depth,depth,,0,0.125,2,d4a6,fca6,True,7,correct,0,True,2
seqpert_depth,depth,,0,0.125,2,ec86,fca6,True,7,correct,0,True,2
seqpert_depth,depth,,0,0.0,0,fca6,fca6,True,0,correct,0,True,2
seqpert_depth,depth,,0,0.125,2,dca4,dca4,False,740,oscillated,-1,False,2
seqpert_depth,depth,,0,0.125,2,f4a4,fca6,True,7,correct,0,True,2
seqpert_depth,depth,,0,0.125,2,dc26,fca6,True,9,correct,0,True,2
seqpert_depth,depth,,0,0.125,2,dea6,fca6,True,5,correct,0,True,2
seqpert_depth,depth,,0,0.125,2,fd86,fca6,True,7,correct,0,True,2
seqpert_depth,depth,,0,0.125,2,fcb2,fca6,True,6,correct,0,True,2
seqpert_depth,depth,,0,0.125,2,fce2,fca6,True,11,correct,0,True,2
seqpert_depth,depth,,0,0.125,2,fcac,fca6,True,6,correct,0,True,2
seqpert_depth,depth,,0,0.125,2,fe26,fca6,True,9,correct,0,True,2
seqpert_depth,depth,,0,0.125,2,fd86,fca6,True,7,correct,0,True,2
seqpert_depth,depth,,0,0.125,2,fcf6,fca6,True,6,correct,0,True,2
seqpert_depth,depth,,0,0.125,2,ec26,fca6,True,9,correct,0,True,2
seqpert_depth,depth,,0,0.125,2,fcb7,fca6,True,5,correct,0,True,2
seqpert_depth,depth,,0,0.125,2,7ca7,fca6,True,4,correct,0,True,2
seqpert_depth,depth,,0,0.125,2,f9a6,fca6,True,4,correct,0,True,2
seqpert_depth,depth,,0,0.125,2,eca2,fca6,True,7,correct,0,True,2
seqpert_depth,depth,,0,0.125,2,fea7,fca6,True,5,correct,0,True,2
seqpert_depth,depth,,0,0.125,2,fd86,fca6,True,7,correct,0,True,2
seqpert_depth,depth,,0,0.125,2,74a6,fca6,True,7,correct,0,True,2
seqpert_depth,depth,,0,0.0,0,fca6,fca6,True,0,correct,0,True,2
seqpert_depth,depth,,0,0.125,2,74a6,fca6,True,7,correct,0,True,2
seqpert_depth,depth,,0,0.125,2,f8a7,fca6,True,4,correct,0,True,2
seqpert_depth,depth,,0,0.125,2,f886,fca6,True,4,correct,0,True,2
seqpert_depth,depth,,0,0.125,2,ec26,fca6,True,9,correct,0,True,2
seqpert_depth,depth,,0,0.125,2,9ca6,fca6,True,11,correct,0,True,2
seqpert_depth,depth,,0,0.125,2,fee6,fca6,True,6,correct,0,True,2
seqpert_depth,depth,,0,0.125,2,fcaf,fca6,True,6,correct,0,True,2
seqpert_depth,depth,,0,0.125,2,fdb6,fca6,True,5,correct,0,True,2
seqpert_depth,depth,,0,0.125,2,fcb4,fca6,True,5,correct,0,True,2
seqpert_depth,depth,,0,0.125,2,7ce6,fca6,True,6,correct,0,True,2
seqpert_depth,depth,,0,0.125,2,fc24,fca6,True,9,correct,0,True,2
seqpert_depth,depth,,0,0.125,2,eca2,fca6,True,7,correct,0,True,2
seqpert_depth,depth,,0,0.0,0,fca6,fca6,True,0,correct,0,True,2
seqpert_depth,depth,,0,0.125,2,f826,fca6,True,9,correct,0,True,2
seqpert_depth,depth,,0,0.125,2,f8a7,fca6,True,4,correct,0,True,2
seqpert_depth,depth,,0,0.125,2,f6a6,fca6,True,11,correct,0,True,2
seqpert_depth,depth,,0,0.125,2,f5a6,fca6,True,7,correct,0,True,2
seqpert_depth,depth,,0,0.125,2,f8e6,fca6,True,6,correct,0,True,2
seqpert_depth,depth,,0,0.125,2,dcb6,fca6,True,5,correct,0,True,2
seqpert_depth,depth,,0,0.125,2,f4a7,fca6,True,7,correct,0,True,2
seqpert_depth,depth,,0,0.125,2,cca6,fca6,True,7,correct,0,True,2
seqpert_depth,depth,,0,0.125,2,dc26,fca6,True,9,correct,0,True,2
seqpert_depth,depth,,0,0.125,2,fc82,fca6,True,6,correct,0,True,2
seqpert_depth,depth,,0,0.125,2,f8e6,fca6,True,6,correct,0,True,2
seqpert_depth,depth,,0,0.125,2,fca5,fca6,True,4,correct,0,True,2
seqpert_depth,depth,,0,0.125,2,fda4,fca6,True,4,correct,0,True,2
seqpert_depth,depth,,0,0.125,2,fea2,fca6,True,6,correct,0,True,2
seqpert_depth,depth,,0,0.0,0,fca6,fca6,True,0,correct,0,True,2
seqpert_depth,depth,,0,0.125,2,ecae,fca6,True,7,correct,0,True,2
seqpert_depth,depth,,0,0.125,2,dca2,fca6,True,6,correct,0,True,2
seqpert_depth,depth,,0,0.125,2,74a6,fca6,True,7,correct,0,True,2
seqpert_depth,depth,,0,0.125,2,74a6,fca6,True,7,correct,0,True,2
seqpert_depth,depth,,0,0.125,2,b8a6,fca6,True,11,correct,0,True,2
seqpert_depth,depth,,0,0.125,2,7ca7,fca6,True,4,correct,0,True,2
seqpert_depth,depth,,0,0.125,2,f886,fca6,True,4,correct,0,True,2
seqpert_depth,depth,,0,0.125,2,d4a6,fca6,True,7,correct,0,True,2
seqpert_depth,depth,,0,0.125,2,fc84,fca6,True,4,correct,0,True,2
seqpert_depth,depth,,0,0.125,2,ece6,fca6,True,7,correct,0,True,2
seqpert_depth,depth,,0,0.125,2,fc2e,fc6a,True,21,spurious,-1,False,2
seqpert_depth,depth,,0,0.125,2,d4a6,fca6,True,7,correct,0,True,2
seqpert_depth,depth,,0,0.125,2,7ca2,fca6,True,6,correct,0,True,2
seqpert_depth,depth,,0,0.125,2,fce4,fca6,True,6,correct,0,True,2
seqpert_depth,depth,,0,0.125,2,cca6,fca6,True,7,correct,0,True,2
seqpert_depth,depth,,0,0.125,2,bca2,fca6,True,11,correct,0,True,2
seqpert_depth,depth,,0,0.0,0,fca6,fca6,True,0,correct,0,True,2
seqpert_depth,depth,,0,0.125,2,78a6,78a6,False,740,oscillated,-1,False,2
seqpert_depth,depth,,0,0.125,2,bca7,fca6,True,11,correct,0,True,2
seqpert_depth,depth,,0,0.125,2,eea6,fca6,True,11,correct,0,True,2
seqpert_depth,depth,,0,0.125,2,f4a2,fca6,True,7,correct,0,True,2
seqpert_depth,depth,,0,0.0,0,fca6,fca6,True,0,correct,0,True,2
seqpert_depth,depth,,0,0.125,2,bc86,fca6,True,11,correct,0,True,2
seqpert_depth,depth,,0,0.125,2,7c86,fca6,True,4,correct,0,True,2
seqpert_depth,depth,,0,0.125,2,dcb6,fca6,True,5,correct,0,True,2
seqpert_depth,depth,,0,0.125,2,f4a2,fca6,True,7,correct,0,True,2
seqpert_depth,depth,,0,0.125,2,ecae,fca6,True,7,correct,0,True,2
seqpert_depth,depth,,0,0.125,2,ffa6,fca6,True,5,correct,0,True,2
seqpert_depth,depth,,0,0.125,2,eda6,fca6,True,7,correct,0,True,2
seqpert_depth,depth,,0,0.0,0,fca6,fca6,True,0,correct,0,True,2
seqpert_depth,depth,,0,0.125,2,feb6,fca6,True,5,correct,0,True,2
seqpert_depth,depth,,0,0.125,2,bca4,fca6,True,11,correct,0,True,2
seqpert_depth,depth,,0,0.125,2,f8a4,f8a4,False,740,oscillated,-1,False,2
seqpert_depth,depth,,0,0.125,2,e8a6,fca6,True,7,correct,0,True,2
seqpert_depth,depth,,0,0.125,2,f4ae,fca6,True,7,correct,0,True,2
seqpert_depth,depth,,1,0.125,2,1915,1915,False,740,oscillated,-1,False,2
seqpert_depth,depth,,1,0.125,2,1b11,395,True,14,spurious,-1,False,2
seqpert_depth,depth,,1,0.125,2,5b91,1905,True,13,spurious,-1,False,2
seqpert_depth,depth,,1,0.125,2,5b91,1b95,True,6,correct,1,True,2
seqpert_depth,depth,,1,0.125,2,b97,1395,False,740,oscillated,-1,False,2
seqpert_depth,depth,,1,0.125,2,1391,395,True,7,spurious,-1,False,2
seqpert_depth,depth,,1,0.125,2,b85,1395,False,740,oscillated,-1,False,2
seqpert_depth,depth,,1,0.125,2,5b15,1905,True,13,spurious,-1,False,2
seqpert_depth,depth,,1,0.125,2,199d,1915,False,740,oscillated,-1,False,2
seqpert_depth,depth,,1,0.125,2,1b81,1b05,False,740,oscillated,-1,False,2
seqpert_depth,depth,,1,0.125,2,1b93,1b95,True,6,correct,1,True,2
seqpert_depth,depth,,1,0.125,2,13d5,395,True,7,spurious,-1,False,2
seqpert_depth,depth,,1,0.125,2,1b35,1b95,True,9,correct,1,True,2
seqpert_depth,depth,,1,0.125,2,1b1d,395,True,14,spurious,-1,False,2
seqpert_depth,depth,,1,0.0,0,1b95,1b95,True,0,correct,1,True,2
seqpert_depth,depth,,1,0.125,2,8b95,1395,False,740,oscillated,-1,False,2
seqpert_depth,depth,,1,0.125,2,1397,b95,False,740,oscillated,-1,False,2
seqpert_depth,depth,,1,0.125,2,bb95,bb95,False,740,oscillated,-1,False,2
seqpert_depth,depth,,1,0.125,2,1b05,1b05,False,740,oscillated,-1,False,2
seqpert_depth,depth,,1,0.125,2,1bbd,2b4,True,7,spurious,-1,False,2
seqpert_depth,depth,,1,0.125,2,1b55,395,True,14,spurious,-1,False,2
seqpert_depth,depth,,1,0.125,2,b85,1395,False,740,oscillated,-1,False,2
seqpert_depth,depth,,1,0.125,2,3a95,58a4,True,21,spurious,-1,False,2
seqpert_depth,depth,,1,0.125,2,1f15,1b95,True,9,correct,1,True,2
seqpert_depth,depth,,1,0.0,0,1b95,1b95,True,0,correct,1,True,2
seqpert_depth,depth,,1,0.125,2,5b9d,1905,True,13,spurious,-1,False,2
seqpert_depth,depth,,1,0.125,2,9f95,9f95,False,740,oscillated,-1,False,2
seqpert_depth,depth,,1,0.125,2,1bc5,1b05,False,740,oscillated,-1,False,2
seqpert_depth,depth,,1,0.125,2,9b9d,1b95,True,6,correct,1,True,2
seqpert_depth,depth,,1,0.125,2,5bb5,58a4,True,7,spurious,-1,False,2
seqpert_depth,depth,,1,0.125,2,3b15,1b95,True,9,correct,1,True,2
seqpert_depth,depth,,1,0.125,2,1315,b95,False,740,oscillated,-1,False,2
seqpert_depth,depth,,1,0.125,2,1bc5,1b05,False,740,oscillated,-1,False,2
seqpert_depth,depth,,1,0.125,2,1394,ab4,False,740,oscillated,-1,False,2
seqpert_depth,depth,,1,0.125,2,1fd5,1b95,True,6,correct,1,True,2
seqpert_depth,depth,,1,0.125,2,b97,1395,False,740,oscillated,-1,False,2
seqpert_depth,depth,,1,0.125,2,5a95,58a4,True,7,spurious,-1,False,2
seqpert_depth,depth,,1,0.125,2,19b5,58a4,True,18,spurious,-1,False,2
seqpert_depth,depth,,1,0.125,2,8b95,1395,False,740,oscillated,-1,False,2
seqpert_depth,depth,,1,0.125,2,1a91,2b4,True,7,spurious,-1,False,2
seqpert_depth,depth,,1,0.0,0,1b95,1b95,True,0,correct,1,True,2
seqpert_depth,depth,,1,0.125,2,bb95,bb95,False,740,oscillated,-1,False,2
seqpert_depth,depth,,1,0.125,2,1315,b95,False,740,oscillated,-1,False,2
seqpert_depth,depth,,1,0.125,2,9b94,58a4,True,21,spurious,-1,False,2
seqpert_depth,depth,,1,0.125,2,1391,395,True,7,spurious,-1,False,2
seqpert_depth,depth,,1,0.125,2,1b99,1b95,True,6,correct,1,True,2
seqpert_depth,depth,,1,0.125,2,1bb1,2b4,True,7,spurious,-1,False,2
seqpert_depth,depth,,1,0.125,2,1b17,1b95,True,9,correct,1,True,2
seqpert_depth,depth,,1,0.125,2,3b94,58a4,True,21,spurious,-1,False,2
seqpert_depth,depth,,1,0.125,2,1ba5,58a4,True,18,spurious,-1,False,2
seqpert_depth,depth,,1,0.125,2,1997,1915,False,740,oscillated,-1,False,2
seqpert_depth,depth,,1,0.125,2,19b5,58a4,True,18,spurious,-1,False,2
seqpert_depth,depth,,1,0.125,2,bb5,12b4,False,740,oscillated,-1,False,2
seqpert_depth,depth,,1,0.125,2,9b94,58a4,True,21,spurious,-1,False,2
seqpert_depth,depth,,1,0.125,2,b97,1395,False,740,oscillated,-1,False,2
seqpert_depth,depth,,1,0.125,2,1bd4,2b4,True,7,spurious,-1,False,2
seqpert_depth,depth,,1,0.125,2,b94,12b4,False,740,oscillated,-1,False,2
seqpert_depth,depth,,1,0.125,2,b97,1395,False,740,oscillated,-1,False,2
seqpert_depth,depth,,1,0.125,2,1795,b95,False,740,oscillated,-1,False,2
seqpert_depth,depth,,1,0.125,2,b9d,395,True,7,spurious,-1,False,2
seqpert_depth,depth,,1,0.125,2,3a95,58a4,True,21,spurious,-1,False,2
seqpert_depth,depth,,1,0.125,2,1795,b95,False,740,oscillated,-1,False,2
seqpert_depth,depth,,1,0.125,2,1b99,1b95,True,6,correct,1,True,2
seqpert_depth,depth,,1,0.125,2,1295,ab4,False,740,oscillated,-1,False,2
seqpert_depth,depth,,1,0.125,2,1bc5,1b05,False,740,oscillated,-1,False,2
seqpert_depth,depth,,1,0.125,2,1bd7,1b95,True,6,correct,1,True,2
seqpert_depth,depth,,1,0.125,2,5b9d,1905,True,13,spurious,-1,False,2
seqpert_depth,depth,,1,0.125,2,9bb5,58a4,True,21,spurious,-1,False,2
seqpert_depth,depth,,1,0.125,2,1b96,58a4,True,21,spurious,-1,False,2
seqpert_depth,depth,,1,0.125,2,3995,1915,False,740,oscillated,-1,False,2
seqpert_depth,depth,,1,0.125,2,9a95,58a4,True,21,spurious,-1,False,2
seqpert_depth,depth,,1,0.125,2,5395,b95,False,740,oscillated,-1,False,2
seqpert_depth,depth,,1,0.125,2,1bf5,2b4,True,7,spurious,-1,False,2
seqpert_depth,depth,,1,0.0,0,1b95,1b95,True,0,correct,1,True,2
seqpert_depth,depth,,1,0.125,2,9b9d,1b95,True,6,correct,1,True,2
seqpert_depth,depth,,1,0.125,2,5995,1905,True,13,spurious,-1,False,2
seqpert_depth,depth,,1,0.125,2,1bb1,2b4,True,7,spurious,-1,False,2
seqpert_depth,depth,,1,0.125,2,1bd4,2b4,True,7,spurious,-1,False,2
seqpert_depth,depth,,1,0.125,2,19d5,1915,False,740,oscillated,-1,False,2
seqpert_depth,depth,,1,0.125,2,3b9d,1b95,True,6,correct,1,True,2
seqpert_depth,depth,,1,0.125,2,1b17,1b95,True,9,correct,1,True,2
seqpert_depth,depth,,1,0.125,2,5f95,1905,True,13,spurious,-1,False,2
seqpert_depth,depth,,1,0.125,2,1895,58a4,True,18,spurious,-1,False,2
seqpert_depth,depth,,1,0.125,2,1b55,395,True,14,spurious,-1,False,2
seqpert_depth,depth,,1,0.125,2,3b15,1b95,True,9,correct,1,True,2
seqpert_depth,depth,,1,0.125,2,5995,1905,True,13,spurious,-1,False,2
seqpert_depth,depth,,1,0.125,2,b9d,395,True,7,spurious,-1,False,2
seqpert_depth,depth,,1,0.125,2,3b85,1b05,False,740,oscillated,-1,False,2
seqpert_depth,depth,,1,0.125,2,3b94,58a4,True,21,spurious,-1,False,2
seqpert_depth,depth,,1,0.125,2,9bb5,58a4,True,21,spurious,-1,False,2
seqpert_depth,depth,,1,0.125,2,1d95,1915,False,740,oscillated,-1,False,2
seqpert_depth,depth,,1,0.125,2,5b97,1905,True,13,spurious,-1,False,2
seqpert_depth,depth,,1,0.125,2,bd5,395,True,7,spurious,-1,False,2
seqpert_depth,depth,,1,0.125,2,1b96,58a4,True,21,spurious,-1,False,2
seqpert_depth,depth,,1,0.125,2,bd5,395,True,7,spurious,-1,False,2
seqpert_depth,depth,,1,0.125,2,bd5,395,True,1,spurious,-1,False,2
seqpert_depth,depth,,1,0.125,2,9b94,58a4,True,21,spurious,-1,False,2
seqpert_depth,depth,,1,0.0,0,1b95,1b95,True,0,correct,1,True,2
seqpert_depth,depth,,1,0.125,2,1b87,1b05,False,740,oscillated,-1,False,2
seqpert_depth,depth,,1,0.125,2,1f91,1b95,True,6,correct,1,True,2
seqpert_depth,depth,,2,0.125,2,6b6,6b6,False,740,oscillated,-1,False,2
seqpert_depth,depth,,2,0.125,2,a6ae,a6b6,True,6,correct,2,True,2
seqpert_depth,depth,,2,0.125,2,a7b7,a6b6,True,7,correct,2,True,2
seqpert_depth,depth,,2,0.125,2,b636,aeb6,False,740,oscillated,-1,False,2
seqpert_depth,depth,,2,0.125,2,a4a6,a6b6,True,5,correct,2,True,2
seqpert_depth,depth,,2,0.125,2,86f6,a6b6,True,6,correct,2,True,2
seqpert_depth,depth,,2,0.125,2,e6be,e6fa,True,16,spurious,-1,False,2
seqpert_depth,depth,,2,0.125,2,a6a7,a6b6,True,5,correct,2,True,2
seqpert_depth,depth,,2,0.125,2,a686,a6b6,True,5,correct,2,True,2
seqpert_depth,depth,,2,0.125,2,b696,aeb6,False,740,oscillated,-1,False,2
seqpert_depth,depth,,2,0.125,2,acb6,b6b6,False,740,oscillated,-1,False,2
seqpert_depth,depth,,2,0.125,2,a637,a797,True,9,spurious,-1,False,2
seqpert_depth,depth,,2,0.125,2,aef6,a6b6,True,7,correct,2,True,2
seqpert_depth,depth,,2,0.125,2,b6b7,aeb6,False,740,oscillated,-1,False,2
seqpert_depth,depth,,2,0.0,0,a6b6,a6b6,True,0,correct,2,True,2
seqpert_depth,depth,,2,0.125,2,a0b6,a6b6,True,5,correct,2,True,2
seqpert_depth,depth,,2,0.125,2,a7b4,a6b6,True,4,correct,2,True,2
seqpert_depth,depth,,2,0.125,2,82b6,82b6,False,740,oscillated,-1,False,2
seqpert_depth,depth,,2,0.125,2,8eb6,b6b6,False,740,oscillated,-1,False,2
seqpert_depth,depth,,2,0.125,2,aef6,a6b6,True,7,correct,2,True,2
seqpert_depth,depth,,2,0.125,2,86a6,a6b6,True,5,correct,2,True,2
seqpert_depth,depth,,2,0.125,2,a6b5,a6b6,True,4,correct,2,True,2
seqpert_depth,depth,,2,0.125,2,86f6,a6b6,True,6,correct,2,True,2
seqpert_depth,depth,,2,0.125,2,a4b4,a6b6,True,5,correct,2,True,2
seqpert_depth,depth,,2,0.125,2,f6b6,aeb6,False,740,oscillated,-1,False,2
seqpert_depth,depth,,2,0.125,2,a6b5,a6b6,True,4,correct,2,True,2
seqpert_depth,depth,,2,0.125,2,a2b4,a2b4,False,740,oscillated,-1,False,2
seqpert_depth,depth,,2,0.125,2,66b6,a6b6,True,11,correct,2,True,2
seqpert_depth,depth,,2,0.125,2,e7b6,a6b6,True,11,correct,2,True,2
seqpert_depth,depth,,2,0.125,2,b6b2,a6b6,True,7,correct,2,True,2
seqpert_depth,depth,,2,0.125,2,a7be,a6b6,True,6,correct,2,True,2
seqpert_depth,depth,,2,0.0,0,a6b6,a6b6,True,0,correct,2,True,2
seqpert_depth,depth,,2,0.125,2,86b2,a6b6,True,6,correct,2,True,2
seqpert_depth,depth,,2,0.125,2,a634,a6b6,True,9,correct,2,True,2
seqpert_depth,depth,,2,0.125,2,26a6,a6b6,True,5,correct,2,True,2
seqpert_depth,depth,,2,0.125,2,ae36,b6b6,False,740,oscillated,-1,False,2
seqpert_depth,depth,,2,0.125,2,a697,a6b6,True,7,correct,2,True,2
seqpert_depth,depth,,2,0.125,2,a6b0,a6b6,True,6,correct,2,True,2
seqpert_depth,depth,,2,0.125,2,a4a6,a6b6,True,5,correct,2,True,2
seqpert_depth,depth,,2,0.125,2,a4f6,a6b6,True,6,correct,2,True,2
seqpert_depth,depth,,2,0.125,2,b7b6,aeb6,False,740,oscillated,-1,False,2
seqpert_depth,depth,,2,0.125,2,6b6,6b6,False,740,oscillated,-1,False,2
seqpert_depth,depth,,2,0.125,2,aeb7,b6b6,False,740,oscillated,-1,False,2
seqpert_depth,depth,,2,0.125,2,a616,a797,True,9,spurious,-1,False,2
seqpert_depth,depth,,2,0.125,2,86b2,a6b6,True,6,correct,2,True,2
seqpert_depth,depth,,2,0.125,2,a616,a797,True,9,spurious,-1,False,2
seqpert_depth,depth,,2,0.125,2,a4b7,a6b6,True,5,correct,2,True,2
seqpert_depth,depth,,2,0.125,2,a3b6,a6b6,True,4,correct,2,True,2
seqpert_depth,depth,,2,0.125,2,66b6,a6b6,True,11,correct,2,True,2
seqpert_depth,depth,,2,0.125,2,86b4,86b4,False,740,oscillated,-1,False,2
seqpert_depth,depth,,2,0.125,2,2eb6,b6b6,False,740,oscillated,-1,False,2
seqpert_depth,depth,,2,0.125,2,aab6,b6b6,False,740,oscillated,-1,False,2
seqpert_depth,depth,,2,0.125,2,a2be,a6b6,True,6,correct,2,True,2
seqpert_depth,depth,,2,0.125,2,a2b4,a2b4,False,740,oscillated,-1,False,2
seqpert_depth,depth,,2,0.125,2,a616,a797,True,9,spurious,-1,False,2
seqpert_depth,depth,,2,0.125,2,a6a7,a6b6,True,5,correct,2,True,2
seqpert_depth,depth,,2,0.125,2,ae36,b6b6,False,740,oscillated,-1,False,2
seqpert_depth,depth,,2,0.125,2,86be,a6b6,True,6,correct,2,True,2
seqpert_depth,depth,,2,0.125,2,26a6,a6b6,True,5,correct,2,True,2
seqpert_depth,depth,,2,0.125,2,a0b6,a6b6,True,5,correct,2,True,2
seqpert_depth,depth,,2,0.125,2,6b6,6b6,False,740,oscillated,-1,False,2
seqpert_depth,depth,,2,0.125,2,86b4,86b4,False,740,oscillated,-1,False,2
seqpert_depth,depth,,2,0.125,2,e6b4,a6b6,True,11,correct,2,True,2
seqpert_depth,depth,,2,0.125,2,36b6,aeb6,False,740,oscillated,-1,False,2
seqpert_depth,depth,,2,0.125,2,b6be,a6b6,True,7,correct,2,True,2
seqpert_depth,depth,,2,0.125,2,a632,e6fa,True,21,spurious,-1,False,2
seqpert_depth,depth,,2,0.125,2,a694,a6b6,True,4,correct,2,True,2
seqpert_depth,depth,,2,0.125,2,ae36,b6b6,False,740,oscillated,-1,False,2
seqpert_depth,depth,,2,0.125,2,e4b6,fca6,True,11,wrong_pattern,0,False,2
seqpert_depth,depth,,2,0.125,2,a736,a797,True,9,spurious,-1,False,2
seqpert_depth,depth,,2,0.125,2,a4be,a6b6,True,6,correct,2,True,2
seqpert_depth,depth,,2,0.125,2,26f6,a6b6,True,6,correct,2,True,2
seqpert_depth,depth,,2,0.125,2,84b6,a6b6,True,5,correct,2,True,2
seqpert_depth,depth,,2,0.125,2,a616,a797,True,9,spurious,-1,False,2
seqpert_depth,depth,,2,0.125,2,26f6,a6b6,True,6,correct,2,True,2
seqpert_depth,depth,,2,0.125,2,aef6,a6b6,True,7,correct,2,True,2
seqpert_depth,depth,,2,0.125,2,a6ba,a6b6,True,16,correct,2,True,2
seqpert_depth,depth,,2,0.0,0,a6b6,a6b6,True,0,correct,2,True,2
seqpert_depth,depth,,2,0.125,2,a436,a6b6,True,9,correct,2,True,2
seqpert_depth,depth,,2,0.125,2,e6a6,fca6,True,11,wrong_pattern,0,False,2
seqpert_depth,depth,,2,0.125,2,ae36,b6b6,False,740,oscillated,-1,False,2
seqpert_depth,depth,,2,0.125,2,a5b6,a6b6,True,5,correct,2,True,2
seqpert_depth,depth,,2,0.125,2,a236,a6b6,True,9,correct,2,True,2
seqpert_depth,depth,,2,0.125,2,a6b0,a6b6,True,6,correct,2,True,2
seqpert_depth,depth,,2,0.125,2,a6a4,a6b6,True,5,correct,2,True,2
seqpert_depth,depth,,2,0.125,2,a296,a6b6,True,4,correct,2,True,2
seqpert_depth,depth,,2,0.125,2,a632,e6fa,True,21,spurious,-1,False,2
seqpert_depth,depth,,2,0.125,2,26be,a6b6,True,6,correct,2,True,2
seqpert_depth,depth,,2,0.125,2,26b2,a6b6,True,6,correct,2,True,2
seqpert_depth,depth,,2,0.125,2,66b6,a6b6,True,11,correct,2,True,2
seqpert_depth,depth,,2,0.0,0,a6b6,a6b6,True,0,correct,2,True,2
seqpert_depth,depth,,2,0.0,0,a6b6,a6b6,True,0,correct,2,True,2
seqpert_depth,depth,,2,0.125,2,aea6,b6b6,False,740,oscillated,-1,False,2
seqpert_depth,depth,,2,0.125,2,b636,aeb6,False,740,oscillated,-1,False,2
seqpert_depth,depth,,2,0.125,2,e696,a6b6,True,11,correct,2,True,2
seqpert_depth,depth,,2,0.125,2,a736,a797,True,9,spurious,-1,False,2
seqpert_depth,depth,,2,0.125,2,26b7,a6b6,True,4,correct,2,True,2
seqpert_depth,depth,,2,0.125,2,a436,a6b6,True,9,correct,2,True,2
seqpert_depth,depth,,2,0.125,2,2eb6,b6b6,False,740,oscillated,-1,False,2
seqpert_depth,depth,,2,0.125,2,a3b6,a6b6,True,4,correct,2,True,2
seqpert_depth,depth,,3,0.125,2,bd0e,bd07,True,6,correct,3,True,2
seqpert_depth,depth,,3,0.0,0,bd07,bd07,True,0,correct,3,True,2
seqpert_depth,depth,,3,0.125,2,3d05,3d05,False,740,oscillated,-1,False,2
seqpert_depth,depth,,3,0.125,2,bf06,bf07,False,740,oscillated,-1,False,2
seqpert_depth,depth,,3,0.125,2,3c07,bd07,True,4,correct,3,True,2
seqpert_depth,depth,,3,0.125,2,bd46,bd07,True,6,correct,3,True,2
seqpert_depth,depth,,3,0.125,2,ad03,f54b,False,740,oscillated,-1,False,2
seqpert_depth,depth,,3,0.125,2,ad47,f54b,False,740,oscillated,-1,False,2
seqpert_depth,depth,,3,0.125,2,3d17,bd17,False,740,oscillated,-1,False,2
seqpert_depth,depth,,3,0.125,2,bd13,bd17,False,740,oscillated,-1,False,2
seqpert_depth,depth,,3,0.125,2,bd16,bd17,False,740,oscillated,-1,False,2
seqpert_depth,depth,,3,0.125,2,1d07,1d07,False,740,oscillated,-1,False,2
seqpert_depth,depth,,3,0.125,2,9d47,bd07,True,6,correct,3,True,2
seqpert_depth,depth,,3,0.125,2,9c07,bd07,True,4,correct,3,True,2
seqpert_depth,depth,,3,0.125,2,bf27,bf07,False,740,oscillated,-1,False,2
seqpert_depth,depth,,3,0.125,2,bf17,bf97,True,9,spurious,-1,False,2
seqpert_depth,depth,,3,0.125,2,bdc7,bd07,True,9,correct,3,True,2
seqpert_depth,depth,,3,0.125,2,3507,bd07,True,7,correct,3,True,2
seqpert_depth,depth,,3,0.125,2,ad05,bd07,True,7,correct,3,True,2
seqpert_depth,depth,,3,0.125,2,bf06,bf07,False,740,oscillated,-1,False,2
seqpert_depth,depth,,3,0.125,2,b905,b905,False,740,oscillated,-1,False,2
seqpert_depth,depth,,3,0.125,2,bd0e,bd07,True,6,correct,3,True,2
seqpert_depth,depth,,3,0.125,2,f907,bd07,True,11,correct,3,True,2
seqpert_depth,depth,,3,0.125,2,fd06,bd07,True,12,correct,3,True,2
seqpert_depth,depth,,3,0.125,2,fd05,bd07,True,11,correct,3,True,2
seqpert_depth,depth,,3,0.125,2,b987,bd07,True,9,correct,3,True,2
seqpert_depth,depth,,3,0.125,2,b917,bd17,False,740,oscillated,-1,False,2
seqpert_depth,depth,,3,0.125,2,a907,bd07,True,7,correct,3,True,2
seqpert_depth,depth,,3,0.125,2,b547,ed4b,False,740,oscillated,-1,False,2
seqpert_depth,depth,,3,0.125,2,b407,bd07,True,7,correct,3,True,2
seqpert_depth,depth,,3,0.125,2,bd2f,bd07,True,6,correct,3,True,2
seqpert_depth,depth,,3,0.125,2,b503,ed4b,False,740,oscillated,-1,False,2
seqpert_depth,depth,,3,0.125,2,bd8f,bd07,True,9,correct,3,True,2
seqpert_depth,depth,,3,0.125,2,bdc7,bd07,True,9,correct,3,True,2
seqpert_depth,depth,,3,0.125,2,fd05,bd07,True,11,correct,3,True,2
seqpert_depth,depth,,3,0.125,2,1d07,1d07,False,740,oscillated,-1,False,2
seqpert_depth,depth,,3,0.125,2,bf03,bf07,False,740,oscillated,-1,False,2
seqpert_depth,depth,,3,0.125,2,9f07,bf07,False,740,oscillated,-1,False,2
seqpert_depth,depth,,3,0.125,2,7d07,bd07,True,11,correct,3,True,2
seqpert_depth,depth,,3,0.0,0,bd07,bd07,True,0,correct,3,True,2
seqpert_depth,depth,,3,0.125,2,bd8f,bd07,True,9,correct,3,True,2
seqpert_depth,depth,,3,0.125,2,3d05,3d05,False,740,oscillated,-1,False,2
seqpert_depth,depth,,3,0.125,2,9507,bd07,True,7,correct,3,True,2
seqpert_depth,depth,,3,0.125,2,dd07,bd07,True,11,correct,3,True,2
seqpert_depth,depth,,3,0.125,2,1d07,1d07,False,740,oscillated,-1,False,2
seqpert_depth,depth,,3,0.125,2,bd86,fca6,True,12,wrong_pattern,0,False,2
seqpert_depth,depth,,3,0.125,2,dd07,bd07,True,11,correct,3,True,2
seqpert_depth,depth,,3,0.125,2,9d17,bd17,False,740,oscillated,-1,False,2
seqpert_depth,depth,,3,0.125,2,ad0f,f54b,False,740,oscillated,-1,False,2
seqpert_depth,depth,,3,0.125,2,bd57,bd17,False,740,oscillated,-1,False,2
seqpert_depth,depth,,3,0.125,2,3d17,bd17,False,740,oscillated,-1,False,2
seqpert_depth,depth,,3,0.125,2,9d03,bd07,True,6,correct,3,True,2
seqpert_depth,depth,,3,0.125,2,ad03,f54b,False,740,oscillated,-1,False,2
seqpert_depth,depth,,3,0.125,2,3f07,bf07,False,740,oscillated,-1,False,2
seqpert_depth,depth,,3,0.125,2,ff07,bd07,True,13,correct,3,True,2
seqpert_depth,depth,,3,0.0,0,bd07,bd07,True,0,correct,3,True,2
seqpert_depth,depth,,3,0.125,2,ad03,f54b,False,740,oscillated,-1,False,2
seqpert_depth,depth,,3,0.125,2,3c07,bd07,True,4,correct,3,True,2
seqpert_depth,depth,,3,0.125,2,bf87,bf07,False,740,oscillated,-1,False,2
seqpert_depth,depth,,3,0.125,2,bd1f,bd17,False,740,oscillated,-1,False,2
seqpert_depth,depth,,3,0.125,2,a507,bf97,True,13,spurious,-1,False,2
seqpert_depth,depth,,3,0.125,2,bf03,bf07,False,740,oscillated,-1,False,2
seqpert_depth,depth,,3,0.125,2,bf03,bf07,False,740,oscillated,-1,False,2
seqpert_depth,depth,,3,0.125,2,3d03,bd07,True,6,correct,3,True,2
seqpert_depth,depth,,3,0.125,2,7d07,bd07,True,11,correct,3,True,2
seqpert_depth,depth,,3,0.125,2,bc87,fca6,True,12,wrong_pattern,0,False,2
seqpert_depth,depth,,3,0.125,2,9d05,9d05,False,740,oscillated,-1,False,2
seqpert_depth,depth,,3,0.125,2,9d05,3907,False,740,oscillated,-1,False,2
seqpert_depth,depth,,3,0.125,2,9d87,bd07,True,9,correct,3,True,2
seqpert_depth,depth,,3,0.125,2,fd27,bd07,True,12,correct,3,True,2
seqpert_depth,depth,,3,0.125,2,bb07,bf07,False,740,oscillated,-1,False,2
seqpert_depth,depth,,3,0.125,2,b917,bd17,False,740,oscillated,-1,False,2
seqpert_depth,depth,,3,0.125,2,fd27,bd07,True,12,correct,3,True,2
seqpert_depth,depth,,3,0.125,2,ad47,f54b,False,740,oscillated,-1,False,2
seqpert_depth,depth,,3,0.125,2,fd47,fd4b,True,16,spurious,-1,False,2
seqpert_depth,depth,,3,0.125,2,3d17,bd17,False,740,oscillated,-1,False,2
seqpert_depth,depth,,3,0.125,2,bd97,bd17,False,740,oscillated,-1,False,2
seqpert_depth,depth,,3,0.125,2,bd57,bd17,False,740,oscillated,-1,False,2
seqpert_depth,depth,,3,0.125,2,bda7,fca6,True,12,wrong_pattern,0,False,2
seqpert_depth,depth,,3,0.0,0,bd07,bd07,True,0,correct,3,True,2
seqpert_depth,depth,,3,0.125,2,bd57,bd17,False,740,oscillated,-1,False,2
seqpert_depth,depth,,3,0.125,2,3d05,3d05,False,740,oscillated,-1,False,2
seqpert_depth,depth,,3,0.125,2,b903,bd07,True,6,correct,3,True,2
seqpert_depth,depth,,3,0.125,2,b905,b905,False,740,oscillated,-1,False,2
seqpert_depth,depth,,3,0.125,2,bd46,bd07,True,6,correct,3,True,2
seqpert_depth,depth,,3,0.125,2,b917,bd17,False,740,oscillated,-1,False,2
seqpert_depth,depth,,3,0.125,2,3d17,bd17,False,740,oscillated,-1,False,2
seqpert_depth,depth,,3,0.125,2,3d27,bd07,True,4,correct,3,True,2
seqpert_depth,depth,,3,0.125,2,9d0f,bd07,True,6,correct,3,True,2
seqpert_depth,depth,,3,0.125,2,bd25,bd07,True,4,correct,3,True,2
seqpert_depth,depth,,3,0.125,2,bc0f,bd07,True,6,correct,3,True,2
seqpert_depth,depth,,3,0.125,2,bd45,bd07,True,6,correct,3,True,2
seqpert_depth,depth,,3,0.125,2,fd17,bd07,True,13,correct,3,True,2
seqpert_depth,depth,,3,0.125,2,bc03,bd07,True,6,correct,3,True,2
seqpert_depth,depth,,3,0.0,0,bd07,bd07,True,0,correct,3,True,2
seqpert_depth,depth,,3,0.125,2,bd37,bd17,False,740,oscillated,-1,False,2
seqpert_depth,depth,,3,0.125,2,bd0e,bd07,True,6,correct,3,True,2
seqpert_depth,depth,,3,0.125,2,3d0f,bd07,True,6,correct,3,True,2
seqpert_depth,depth,,3,0.125,2,3507,bd07,True,7,correct,3,True,2
seqpert_depth,depth,,3,0.125,2,b987,bd07,True,9,correct,3,True,2
seqpert_depth,depth,,0,0.1875,3,fcfe,fca6,True,11,correct,0,True,3
seqpert_depth,depth,,0,0.1875,3,fc02,fd4b,True,12,spurious,-1,False,3
seqpert_depth,depth,,0,0.1875,3,6cae,fca6,True,7,correct,0,True,3
seqpert_depth,depth,,0,0.1875,3,f8e4,f8a4,False,740,oscillated,-1,False,3
seqpert_depth,depth,,0,0.1875,3,7db6,fca6,True,5,correct,0,True,3
seqpert_depth,depth,,0,0.1875,3,bc27,bd07,True,7,wrong_pattern,3,False,3
seqpert_depth,depth,,0,0.0625,1,fca4,fca6,True,4,correct,0,True,3
seqpert_depth,depth,,0,0.1875,3,f436,fca6,True,9,correct,0,True,3
seqpert_depth,depth,,0,0.0625,1,f8a6,fca6,True,4,correct,0,True,3
seqpert_depth,depth,,0,0.1875,3,e4e6,fca6,True,17,correct,0,True,3
seqpert_depth,depth,,0,0.1875,3,3c26,fca6,True,11,correct,0,True,3
seqpert_depth,depth,,0,0.1875,3,f4a5,fca6,True,7,correct,0,True,3
seqpert_depth,depth,,0,0.1875,3,b9a6,fca6,True,11,correct,0,True,3
seqpert_depth,depth,,0,0.1875,3,f884,f8a4,False,740,oscillated,-1,False,3
seqpert_depth,depth,,0,0.1875,3,fd82,fca6,True,7,correct,0,True,3
seqpert_depth,depth,,0,0.1875,3,f8aa,fca6,True,11,correct,0,True,3
seqpert_depth,depth,,0,0.0625,1,fda6,fca6,True,4,correct,0,True,3
seqpert_depth,depth,,0,0.1875,3,76a6,fca6,True,11,correct,0,True,3
seqpert_depth,depth,,0,0.1875,3,5c26,5ca6,False,740,oscillated,-1,False,3
seqpert_depth,depth,,0,0.1875,3,dca5,dca4,False,740,oscillated,-1,False,3
seqpert_depth,depth,,0,0.0625,1,f4a6,fca6,True,7,correct,0,True,3
seqpert_depth,depth,,0,0.0625,1,fda6,fca6,True,4,correct,0,True,3
seqpert_depth,depth,,0,0.1875,3,ece7,fca6,True,7,correct,0,True,3
seqpert_depth,depth,,0,0.1875,3,68a6,78a6,False,740,oscillated,-1,False,3
seqpert_depth,depth,,0,0.1875,3,64a6,fca6,True,7,correct,0,True,3
seqpert_depth,depth,,0,0.1875,3,fda3,fca6,True,7,correct,0,True,3
seqpert_depth,depth,,0,0.1875,3,d4a7,fca6,True,7,correct,0,True,3
seqpert_depth,depth,,0,0.1875,3,ecc6,fca6,True,7,correct,0,True,3
seqpert_depth,depth,,0,0.1875,3,5ea6,5ca6,False,740,oscillated,-1,False,3
seqpert_depth,depth,,0,0.1875,3,fce0,fca6,True,11,correct,0,True,3
seqpert_depth,depth,,0,0.1875,3,f422,fc6a,True,21,spurious,-1,False,3
seqpert_depth,depth,,0,0.1875,3,dc96,fca6,True,5,correct,0,True,3
seqpert_depth,depth,,0,0.1875,3,bdb6,fca6,True,15,correct,0,True,3
seqpert_depth,depth,,0,0.1875,3,7cf6,fca6,True,6,correct,0,True,3
seqpert_depth,depth,,0,0.1875,3,f4b2,fca6,True,16,correct,0,True,3
seqpert_depth,depth,,0,0.1875,3,fc6e,fc6a,True,6,spurious,-1,False,3
seqpert_depth,depth,,0,0.1875,3,fc07,bd07,True,12,wrong_pattern,3,False,3
seqpert_depth,depth,,0,0.1875,3,3ea6,fca6,True,15,correct,0,True,3
seqpert_depth,depth,,0,0.1875,3,f424,fca6,True,9,correct,0,True,3
seqpert_depth,depth,,0,0.1875,3,b5a6,fca6,True,23,correct,0,True,3
seqpert_depth,depth,,0,0.1875,3,7c22,fc6a,True,21,spurious,-1,False,3
seqpert_depth,depth,,0,0.1875,3,fcef,fca6,True,12,correct,0,True,3
seqpert_depth,depth,,0,0.0625,1,fcb6,fca6,True,5,correct,0,True,3
seqpert_depth,depth,,0,0.1875,3,aea6,b6b6,False,740,oscillated,-1,False,3
seqpert_depth,depth,,0,0.1875,3,bc82,fca6,True,12,correct,0,True,3
seqpert_depth,depth,,0,0.0625,1,fc26,fca6,True,9,correct,0,True,3
seqpert_depth,depth,,0,0.1875,3,ecee,fca6,True,11,correct,0,True,3
seqpert_depth,depth,,0,0.1875,3,fce5,fca6,True,6,correct,0,True,3
seqpert_depth,depth,,0,0.1875,3,fc8f,fca6,True,7,correct,0,True,3
seqpert_depth,depth,,0,0.1875,3,7cb2,fca6,True,6,correct,0,True,3
seqpert_depth,depth,,0,0.0625,1,fc86,fca6,True,4,correct,0,True,3
seqpert_depth,depth,,0,0.0625,1,bca6,fca6,True,11,correct,0,True,3
seqpert_depth,depth,,0,0.1875,3,fe82,fca6,True,6,correct,0,True,3
seqpert_depth,depth,,0,0.1875,3,f9a2,fca6,True,6,correct,0,True,3
seqpert_depth,depth,,0,0.1875,3,bcf6,fca6,True,15,correct,0,True,3
seqpert_depth,depth,,0,0.1875,3,b9a6,fca6,True,11,correct,0,True,3
seqpert_depth,depth,,0,0.1875,3,fc80,fca6,True,6,correct,0,True,3
seqpert_depth,depth,,0,0.1875,3,f0a7,fca6,True,7,correct,0,True,3
seqpert_depth,depth,,0,0.1875,3,e826,fca6,True,9,correct,0,True,3
seqpert_depth,depth,,0,0.1875,3,f866,fc6a,True,21,spurious,-1,False,3
seqpert_depth,depth,,0,0.1875,3,fe06,bd07,True,15,wrong_pattern,3,False,3
seqpert_depth,depth,,0,0.1875,3,dcc6,fca6,True,6,correct,0,True,3
seqpert_depth,depth,,0,0.1875,3,f48e,fca6,True,7,correct,0,True,3
seqpert_depth,depth,,0,0.1875,3,fe87,fca6,True,7,correct,0,True,3
seqpert_depth,depth,,0,0.1875,3,7ea4,7ca4,False,740,oscillated,-1,False,3
seqpert_depth,depth,,0,0.1875,3,d0a6,d8a6,False,740,oscillated,-1,False,3
seqpert_depth,depth,,0,0.1875,3,9ca2,fca6,True,11,correct,0,True,3
seqpert_depth,depth,,0,0.1875,3,fc25,bd07,True,15,wrong_pattern,3,False,3
seqpert_depth,depth,,0,0.1875,3,bc84,fca6,True,11,correct,0,True,3
seqpert_depth,depth,,0,0.1875,3,7c24,7ca4,False,740,oscillated,-1,False,3
seqpert_depth,depth,,0,0.1875,3,ecee,fca6,True,11,correct,0,True,3
seqpert_depth,depth,,0,0.1875,3,e8a7,fca6,True,7,correct,0,True,3
seqpert_depth,depth,,0,0.0625,1,fcb6,fca6,True,5,correct,0,True,3
seqpert_depth,depth,,0,0.1875,3,fc2f,fd4b,True,12,spurious,-1,False,3
seqpert_depth,depth,,0,0.1875,3,ec82,fca6,True,7,correct,0,True,3
seqpert_depth,depth,,0,0.1875,3,fdb7,fca6,True,7,correct,0,True,3
seqpert_depth,depth,,0,0.1875,3,eca0,fca6,True,7,correct,0,True,3
seqpert_depth,depth,,0,0.1875,3,fdc6,fca6,True,7,correct,0,True,3
seqpert_depth,depth,,0,0.1875,3,bd26,bd07,True,7,wrong_pattern,3,False,3
seqpert_depth,depth,,0,0.1875,3,fc8c,fca6,True,6,correct,0,True,3
seqpert_depth,depth,,0,0.0625,1,dca6,fca6,True,4,correct,0,True,3
seqpert_depth,depth,,0,0.1875,3,7ee6,fca6,True,6,correct,0,True,3
seqpert_depth,depth,,0,0.1875,3,7cb2,fca6,True,6,correct,0,True,3
seqpert_depth,depth,,0,0.1875,3,fef6,fca6,True,6,correct,0,True,3
seqpert_depth,depth,,0,0.1875,3,bfa6,fca6,True,15,correct,0,True,3
seqpert_depth,depth,,0,0.1875,3,eaa6,fca6,True,11,correct,0,True,3
seqpert_depth,depth,,0,0.1875,3,9cae,fca6,True,11,correct,0,True,3
seqpert_depth,depth,,0,0.1875,3,ec8e,fca6,True,7,correct,0,True,3
seqpert_depth,depth,,0,0.1875,3,fcf2,fca6,True,11,correct,0,True,3
seqpert_depth,depth,,0,0.0625,1,7ca6,fca6,True,4,correct,0,True,3
seqpert_depth,depth,,0,0.0625,1,dca6,fca6,True,4,correct,0,True,3
seqpert_depth,depth,,0,0.1875,3,dde6,fca6,True,6,correct,0,True,3
seqpert_depth,depth,,0,0.0625,1,f8a6,fca6,True,4,correct,0,True,3
seqpert_depth,depth,,0,0.1875,3,edae,fca6,True,7,correct,0,True,3
seqpert_depth,depth,,0,0.1875,3,f8a0,f8a4,False,740,oscillated,-1,False,3
seqpert_depth,depth,,0,0.0625,1,fea6,fca6,True,5,correct,0,True,3
seqpert_depth,depth,,0,0.0625,1,dca6,fca6,True,4,correct,0,True,3
seqpert_depth,depth,,0,0.1875,3,dc06,bd07,True,15,wrong_pattern,3,False,3
seqpert_depth,depth,,0,0.1875,3,7cc6,fca6,True,6,correct,0,True,3
seqpert_depth,depth,,0,0.1875,3,f4e4,fca6,True,7,correct,0,True,3
seqpert_depth,depth,,1,0.1875,3,1fd1,1b95,True,6,correct,1,True,3
seqpert_depth,depth,,1,0.0625,1,1395,b95,False,740,oscillated,-1,False,3
seqpert_depth,depth,,1,0.1875,3,33d5,395,True,7,spurious,-1,False,3
seqpert_depth,depth,,1,0.1875,3,3b8d,1b05,False,740,oscillated,-1,False,3
seqpert_depth,depth,,1,0.0625,1,1b94,58a4,True,21,spurious,-1,False,3
seqpert_depth,depth,,1,0.1875,3,b995,b915,False,740,oscillated,-1,False,3
seqpert_depth,depth,,1,0.1875,3,9a15,1b95,True,9,correct,1,True,3
seqpert_depth,depth,,1,0.1875,3,19b7,58a4,True,18,spurious,-1,False,3
seqpert_depth,depth,,1,0.1875,3,4b15,1905,True,13,spurious,-1,False,3
seqpert_depth,depth,,1,0.1875,3,9ba5,58a4,True,18,spurious,-1,False,3
seqpert_depth,depth,,1,0.0625,1,1b94,58a4,True,21,spurious,-1,False,3
seqpert_depth,depth,,1,0.1875,3,4b9d,1395,False,740,oscillated,-1,False,3
seqpert_depth,depth,,1,0.1875,3,1f14,1b95,True,9,correct,1,True,3
seqpert_depth,depth,,1,0.1875,3,1f35,1b95,True,9,correct,1,True,3
seqpert_depth,depth,,1,0.1875,3,1f17,1f97,False,740,oscillated,-1,False,3
seqpert_depth,depth,,1,0.0625,1,5b95,1905,True,13,spurious,-1,False,3
seqpert_depth,depth,,1,0.1875,3,7b91,1905,True,13,spurious,-1,False,3
seqpert_depth,depth,,1,0.1875,3,539d,b95,False,740,oscillated,-1,False,3
seqpert_depth,depth,,1,0.1875,3,1bdf,1b95,True,6,correct,1,True,3
seqpert_depth,depth,,1,0.1875,3,3bd7,2397,False,740,oscillated,-1,False,3
seqpert_depth,depth,,1,0.1875,3,7f95,3d05,False,740,oscillated,-1,False,3
seqpert_depth,depth,,1,0.1875,3,db15,1905,True,13,spurious,-1,False,3
seqpert_depth,depth,,1,0.1875,3,bc5,395,True,17,spurious,-1,False,3
seqpert_depth,depth,,1,0.1875,3,3b9f,2397,False,740,oscillated,-1,False,3
seqpert_depth,depth,,1,0.1875,3,1bf7,2b4,True,7,spurious,-1,False,3
seqpert_depth,depth,,1,0.0625,1,1b94,58a4,True,21,spurious,-1,False,3
seqpert_depth,depth,,1,0.1875,3,1ba7,58a4,True,18,spurious,-1,False,3
seqpert_depth,depth,,1,0.1875,3,895,12b4,False,740,oscillated,-1,False,3
seqpert_depth,depth,,1,0.1875,3,1bdc,2b4,True,7,spurious,-1,False,3
seqpert_depth,depth,,1,0.1875,3,3bc5,1b05,False,740,oscillated,-1,False,3
seqpert_depth,depth,,1,0.0625,1,b95,1395,False,740,oscillated,-1,False,3
seqpert_depth,depth,,1,0.0625,1,1b9d,1b95,True,6,correct,1,True,3
seqpert_depth,depth,,1,0.1875,3,5b90,58a4,True,7,spurious,-1,False,3
seqpert_depth,depth,,1,0.1875,3,33b5,ab4,False,740,oscillated,-1,False,3
seqpert_depth,depth,,1,0.0625,1,9b95,1b95,True,4,correct,1,True,3
seqpert_depth,depth,,1,0.1875,3,5b81,1905,True,11,spurious,-1,False,3
seqpert_depth,depth,,1,0.1875,3,1fb1,2b4,True,7,spurious,-1,False,3
seqpert_depth,depth,,1,0.1875,3,1393,395,True,7,spurious,-1,False,3
seqpert_depth,depth,,1,0.1875,3,1794,ab4,False,740,oscillated,-1,False,3
seqpert_depth,depth,,1,0.1875,3,9b1d,395,True,14,spurious,-1,False,3
seqpert_depth,depth,,1,0.1875,3,1b8f,1b05,False,740,oscillated,-1,False,3
seqpert_depth,depth,,1,0.1875,3,19c5,1905,True,9,spurious,-1,False,3
seqpert_depth,depth,,1,0.1875,3,b395,ab95,False,740,oscillated,-1,False,3
seqpert_depth,depth,,1,0.1875,3,1f17,1f97,False,740,oscillated,-1,False,3
seqpert_depth,depth,,1,0.0625,1,1a95,58a4,True,21,spurious,-1,False,3
seqpert_depth,depth,,1,0.1875,3,3915,1915,False,740,oscillated,-1,False,3
seqpert_depth,depth,,1,0.1875,3,9ad5,2b4,True,7,spurious,-1,False,3
seqpert_depth,depth,,1,0.0625,1,5b95,1905,True,13,spurious,-1,False,3
seqpert_depth,depth,,1,0.1875,3,5f97,1d07,False,740,oscillated,-1,False,3
seqpert_depth,depth,,1,0.0625,1,1b94,58a4,True,21,spurious,-1,False,3
seqpert_depth,depth,,1,0.1875,3,1291,2b4,True,7,spurious,-1,False,3
seqpert_depth,depth,,1,0.1875,3,1b9b,1b95,True,6,correct,1,True,3
seqpert_depth,depth,,1,0.1875,3,1d94,58a4,True,18,spurious,-1,False,3
seqpert_depth,depth,,1,0.1875,3,1b16,1b95,True,9,correct,1,True,3
seqpert_depth,depth,,1,0.1875,3,1335,b95,False,740,oscillated,-1,False,3
seqpert_depth,depth,,1,0.1875,3,bbb5,f8a4,False,740,oscillated,-1,False,3
seqpert_depth,depth,,1,0.1875,3,1996,58a4,True,18,spurious,-1,False,3
seqpert_depth,depth,,1,0.1875,3,3b90,2b4,True,7,spurious,-1,False,3
seqpert_depth,depth,,1,0.1875,3,13b7,ab4,False,740,oscillated,-1,False,3
seqpert_depth,depth,,1,0.0625,1,3b95,1b95,True,4,correct,1,True,3
seqpert_depth,depth,,1,0.1875,3,3b90,2b4,True,7,spurious,-1,False,3
seqpert_depth,depth,,1,0.1875,3,a85,12b4,False,740,oscillated,-1,False,3
seqpert_depth,depth,,1,0.1875,3,1115,915,False,740,oscillated,-1,False,3
seqpert_depth,depth,,1,0.1875,3,3ba5,58a4,True,18,spurious,-1,False,3
seqpert_depth,depth,,1,0.1875,3,3bd7,2397,False,740,oscillated,-1,False,3
seqpert_depth,depth,,1,0.1875,3,19c5,1905,True,9,spurious,-1,False,3
seqpert_depth,depth,,1,0.1875,3,3a94,58a4,True,18,spurious,-1,False,3
seqpert_depth,depth,,1,0.1875,3,9b5,12b4,False,740,oscillated,-1,False,3
seqpert_depth,depth,,1,0.0625,1,1bb5,58a4,True,21,spurious,-1,False,3
seqpert_depth,depth,,1,0.1875,3,9fd5,8795,False,740,oscillated,-1,False,3
seqpert_depth,depth,,1,0.1875,3,1f90,2b4,True,7,spurious,-1,False,3
seqpert_depth,depth,,1,0.1875,3,9bdd,1b95,True,6,correct,1,True,3
seqpert_depth,depth,,1,0.1875,3,2995,1395,False,740,oscillated,-1,False,3
seqpert_depth,depth,,1,0.0625,1,3b95,1b95,True,4,correct,1,True,3
seqpert_depth,depth,,1,0.1875,3,1815,1915,False,740,oscillated,-1,False,3
seqpert_depth,depth,,1,0.1875,3,bb15,bb95,False,740,oscillated,-1,False,3
seqpert_depth,depth,,1,0.1875,3,1b9b,1b95,True,6,correct,1,True,3
seqpert_depth,depth,,1,0.1875,3,9fb5,dca4,False,740,oscillated,-1,False,3
seqpert_depth,depth,,1,0.1875,3,13c5,395,True,17,spurious,-1,False,3
seqpert_depth,depth,,1,0.1875,3,1b57,395,True,14,spurious,-1,False,3
seqpert_depth,depth,,1,0.1875,3,5195,1905,True,19,spurious,-1,False,3
seqpert_depth,depth,,1,0.0625,1,9b95,1b95,True,4,correct,1,True,3
seqpert_depth,depth,,1,0.1875,3,9b93,8397,False,740,oscillated,-1,False,3
seqpert_depth,depth,,1,0.1875,3,1b5d,359,True,17,spurious,-1,False,3
seqpert_depth,depth,,1,0.1875,3,db9d,1905,True,13,spurious,-1,False,3
seqpert_depth,depth,,1,0.1875,3,b99,395,True,21,spurious,-1,False,3
seqpert_depth,depth,,1,0.0625,1,1b91,1b95,True,6,correct,1,True,3
seqpert_depth,depth,,1,0.1875,3,999d,1915,False,740,oscillated,-1,False,3
seqpert_depth,depth,,1,0.1875,3,7bd5,1905,True,13,spurious,-1,False,3
seqpert_depth,depth,,1,0.1875,3,1393,395,True,7,spurious,-1,False,3
seqpert_depth,depth,,1,0.1875,3,9b96,d8a6,False,740,oscillated,-1,False,3
seqpert_depth,depth,,1,0.1875,3,1993,1915,False,740,oscillated,-1,False,3
seqpert_depth,depth,,1,0.1875,3,1999,1915,False,740,oscillated,-1,False,3
seqpert_depth,depth,,1,0.0625,1,9b95,1b95,True,4,correct,1,True,3
seqpert_depth,depth,,1,0.1875,3,db91,1905,True,13,spurious,-1,False,3
seqpert_depth,depth,,1,0.1875,3,9bdd,1b95,True,6,correct,1,True,3
seqpert_depth,depth,,1,0.1875,3,9895,58a4,True,18,spurious,-1,False,3
seqpert_depth,depth,,1,0.1875,3,1215,b95,False,740,oscillated,-1,False,3
seqpert_depth,depth,,1,0.1875,3,1b13,395,True,14,spurious,-1,False,3
seqpert_depth,depth,,1,0.1875,3,5bf5,58a4,True,7,spurious,-1,False,3
seqpert_depth,depth,,2,0.0625,1,a636,a6b6,True,9,correct,2,True,3
seqpert_depth,depth,,2,0.1875,3,bea6,fca6,True,15,wrong_pattern,0,False,3
seqpert_depth,depth,,2,0.0625,1,a6b7,a6b6,True,4,correct,2,True,3
seqpert_depth,depth,,2,0.1875,3,27f6,a6b6,True,6,correct,2,True,3
seqpert_depth,depth,,2,0.0625,1,b6b6,aeb6,False,740,oscillated,-1,False,3
seqpert_depth,depth,,2,0.1875,3,66b4,26b4,False,740,oscillated,-1,False,3
seqpert_depth,depth,,2,0.1875,3,e236,e6fa,True,9,spurious,-1,False,3
seqpert_depth,depth,,2,0.0625,1,26b6,a6b6,True,4,correct,2,True,3
seqpert_depth,depth,,2,0.0625,1,a6b4,a6b6,True,4,correct,2,True,3
seqpert_depth,depth,,2,0.1875,3,a494,a6b6,True,5,correct,2,True,3
seqpert_depth,depth,,2,0.1875,3,aff6,a6b6,True,7,correct,2,True,3
seqpert_depth,depth,,2,0.0625,1,86b6,a6b6,True,4,correct,2,True,3
seqpert_depth,depth,,2,0.1875,3,27f6,a6b6,True,6,correct,2,True,3
seqpert_depth,depth,,2,0.1875,3,a0b2,a6b6,True,6,correct,2,True,3
seqpert_depth,depth,,2,0.1875,3,82a6,82b6,False,740,oscillated,-1,False,3
seqpert_depth,depth,,2,0.1875,3,a226,a6b6,True,9,correct,2,True,3
seqpert_depth,depth,,2,0.1875,3,26bc,26b4,False,740,oscillated,-1,False,3
seqpert_depth,depth,,2,0.1875,3,afb7,b6b6,False,740,oscillated,-1,False,3
seqpert_depth,depth,,2,0.1875,3,e6b0,e6fa,True,16,spurious,-1,False,3
seqpert_depth,depth,,2,0.1875,3,a596,a6b6,True,7,correct,2,True,3
seqpert_depth,depth,,2,0.1875,3,a3b2,a6b6,True,6,correct,2,True,3
seqpert_depth,depth,,2,0.1875,3,aeb3,a6b6,True,7,correct,2,True,3
seqpert_depth,depth,,2,0.1875,3,a29e,a6b6,True,6,correct,2,True,3
seqpert_depth,depth,,2,0.0625,1,a6a6,a6b6,True,5,correct,2,True,3
seqpert_depth,depth,,2,0.0625,1,e6b6,a6b6,True,11,correct,2,True,3
seqpert_depth,depth,,2,0.1875,3,2eb2,a6b6,True,7,correct,2,True,3
seqpert_depth,depth,,2,0.1875,3,aeae,a6b6,True,17,correct,2,True,3
seqpert_depth,depth,,2,0.1875,3,e6f2,e6fa,True,6,spurious,-1,False,3
seqpert_depth,depth,,2,0.1875,3,b4a6,fca6,True,23,wrong_pattern,0,False,3
seqpert_depth,depth,,2,0.1875,3,e6b5,a6b6,True,11,correct,2,True,3
seqpert_depth,depth,,2,0.0625,1,86b6,a6b6,True,4,correct,2,True,3
seqpert_depth,depth,,2,0.1875,3,22f6,22b6,False,740,oscillated,-1,False,3
seqpert_depth,depth,,2,0.1875,3,a6d2,a6b6,True,11,correct,2,True,3
seqpert_depth,depth,,2,0.1875,3,a7b5,a6b6,True,7,correct,2,True,3
seqpert_depth,depth,,2,0.0625,1,a696,a6b6,True,4,correct,2,True,3
seqpert_depth,depth,,2,0.0625,1,aeb6,b6b6,False,740,oscillated,-1,False,3
seqpert_depth,depth,,2,0.0625,1,e6b6,a6b6,True,11,correct,2,True,3
seqpert_depth,depth,,2,0.1875,3,a734,a797,True,9,spurious,-1,False,3
seqpert_depth,depth,,2,0.1875,3,2796,a6b6,True,7,correct,2,True,3
seqpert_depth,depth,,2,0.0625,1,a2b6,a6b6,True,4,correct,2,True,3
seqpert_depth,depth,,2,0.1875,3,e692,e6fa,True,16,spurious,-1,False,3
seqpert_depth,depth,,2,0.0625,1,86b6,a6b6,True,4,correct,2,True,3
seqpert_depth,depth,,2,0.0625,1,b6b6,aeb6,False,740,oscillated,-1,False,3
seqpert_depth,depth,,2,0.0625,1,86b6,a6b6,True,4,correct,2,True,3
seqpert_depth,depth,,2,0.1875,3,16b6,eb6,False,740,oscillated,-1,False,3
seqpert_depth,depth,,2,0.1875,3,25b6,a6b6,True,5,correct,2,True,3
seqpert_depth,depth,,2,0.1875,3,a627,a797,True,9,spurious,-1,False,3
seqpert_depth,depth,,2,0.1875,3,2496,a6b6,True,5,correct,2,True,3
seqpert_depth,depth,,2,0.1875,3,e3b6,a6b6,True,11,correct,2,True,3
seqpert_depth,depth,,2,0.1875,3,ae32,e6fa,True,16,spurious,-1,False,3
seqpert_depth,depth,,2,0.1875,3,a67e,e6fa,True,16,spurious,-1,False,3
seqpert_depth,depth,,2,0.1875,3,e63e,e6fa,True,9,spurious,-1,False,3
seqpert_depth,depth,,2,0.1875,3,aebc,a6b6,True,7,correct,2,True,3
seqpert_depth,depth,,2,0.1875,3,86bc,86b4,False,740,oscillated,-1,False,3
seqpert_depth,depth,,2,0.1875,3,b2b7,aeb6,False,740,oscillated,-1,False,3
seqpert_depth,depth,,2,0.1875,3,e616,a75b,True,14,spurious,-1,False,3
seqpert_depth,depth,,2,0.1875,3,66be,e6fa,True,16,spurious,-1,False,3
seqpert_depth,depth,,2,0.1875,3,a3b4,a2b4,False,740,oscillated,-1,False,3
seqpert_depth,depth,,2,0.1875,3,e0b6,fca6,True,11,wrong_pattern,0,False,3
seqpert_depth,depth,,2,0.0625,1,aeb6,b6b6,False,740,oscillated,-1,False,3
seqpert_depth,depth,,2,0.1875,3,a486,a6b6,True,5,correct,2,True,3
seqpert_depth,depth,,2,0.0625,1,b6b6,aeb6,False,740,oscillated,-1,False,3
seqpert_depth,depth,,2,0.1875,3,f4b6,fca6,True,11,wrong_pattern,0,False,3
seqpert_depth,depth,,2,0.1875,3,f6b2,aeb6,False,740,oscillated,-1,False,3
seqpert_depth,depth,,2,0.1875,3,87f6,a6b6,True,6,correct,2,True,3
seqpert_depth,depth,,2,0.1875,3,eea6,fca6,True,11,wrong_pattern,0,False,3
seqpert_depth,depth,,2,0.1875,3,a627,a797,True,9,spurious,-1,False,3
seqpert_depth,depth,,2,0.1875,3,25b6,a6b6,True,5,correct,2,True,3
seqpert_depth,depth,,2,0.1875,3,2ebe,a6b6,True,7,correct,2,True,3
seqpert_depth,depth,,2,0.1875,3,efb6,b6b6,False,740,oscillated,-1,False,3
seqpert_depth,depth,,2,0.1875,3,a7ba,a6b6,True,11,correct,2,True,3
seqpert_depth,depth,,2,0.1875,3,a7f2,a6b6,True,11,correct,2,True,3
seqpert_depth,depth,,2,0.1875,3,c6f6,e6fa,True,16,spurious,-1,False,3
seqpert_depth,depth,,2,0.1875,3,e6e6,e6ea,False,740,oscillated,-1,False,3
seqpert_depth,depth,,2,0.1875,3,b626,fca6,True,21,wrong_pattern,0,False,3
seqpert_depth,depth,,2,0.1875,3,e236,e6fa,True,9,spurious,-1,False,3
seqpert_depth,depth,,2,0.0625,1,a6a6,a6b6,True,5,correct,2,True,3
seqpert_depth,depth,,2,0.1875,3,e0b6,fca6,True,11,wrong_pattern,0,False,3
seqpert_depth,depth,,2,0.1875,3,a5be,a6b6,True,6,correct,2,True,3
seqpert_depth,depth,,2,0.1875,3,a6af,a6b6,True,6,correct,2,True,3
seqpert_depth,depth,,2,0.1875,3,a096,a6b6,True,5,correct,2,True,3
seqpert_depth,depth,,2,0.1875,3,a716,a797,True,9,spurious,-1,False,3
seqpert_depth,depth,,2,0.1875,3,aca6,fca6,True,23,wrong_pattern,0,False,3
seqpert_depth,depth,,2,0.0625,1,a6f6,a6b6,True,6,correct,2,True,3
seqpert_depth,depth,,2,0.0625,1,a636,a6b6,True,9,correct,2,True,3
seqpert_depth,depth,,2,0.1875,3,aea2,a6b6,True,17,correct,2,True,3
seqpert_depth,depth,,2,0.1875,3,b69e,a6b6,True,7,correct,2,True,3
seqpert_depth,depth,,2,0.1875,3,a690,a6b6,True,6,correct,2,True,3
seqpert_depth,depth,,2,0.1875,3,c6be,e6fa,True,16,spurious,-1,False,3
seqpert_depth,depth,,2,0.1875,3,a596,a6b6,True,7,correct,2,True,3
seqpert_depth,depth,,2,0.0625,1,86b6,a6b6,True,4,correct,2,True,3
seqpert_depth,depth,,2,0.1875,3,aea7,b6b6,False,740,oscillated,-1,False,3
seqpert_depth,depth,,2,0.1875,3,a2e6,a6b6,True,6,correct,2,True,3
seqpert_depth,depth,,2,0.0625,1,a4b6,a6b6,True,5,correct,2,True,3
seqpert_depth,depth,,2,0.1875,3,afb2,a6b6,True,7,correct,2,True,3
seqpert_depth,depth,,2,0.1875,3,e796,a6b6,True,11,correct,2,True,3
seqpert_depth,depth,,2,0.1875,3,8632,e6fa,True,21,spurious,-1,False,3
seqpert_depth,depth,,2,0.0625,1,a6be,a6b6,True,6,correct,2,True,3
seqpert_depth,depth,,2,0.1875,3,b6a7,aeb6,False,740,oscillated,-1,False,3
seqpert_depth,depth,,2,0.0625,1,26b6,a6b6,True,4,correct,2,True,3
seqpert_depth,depth,,3,0.0625,1,9d07,bd07,True,4,correct,3,True,3
seqpert_depth,depth,,3,0.1875,3,cd07,bd07,True,11,correct,3,True,3
seqpert_depth,depth,,3,0.1875,3,bf0d,bf07,False,740,oscillated,-1,False,3
seqpert_depth,depth,,3,0.1875,3,3c17,bd17,False,740,oscillated,-1,False,3
seqpert_depth,depth,,3,0.1875,3,b986,fca6,True,12,wrong_pattern,0,False,3
seqpert_depth,depth,,3,0.1875,3,bcc7,fca6,True,14,wrong_pattern,0,False,3
seqpert_depth,depth,,3,0.0625,1,bc07,bd07,True,4,correct,3,True,3
seqpert_depth,depth,,3,0.1875,3,9f05,9f05,False,740,oscillated,-1,False,3
seqpert_depth,depth,,3,0.1875,3,8d06,bd07,True,7,correct,3,True,3
seqpert_depth,depth,,3,0.1875,3,9c06,bd07,True,7,correct,3,True,3
seqpert_depth,depth,,3,0.1875,3,fd25,bd07,True,12,correct,3,True,3
seqpert_depth,depth,,3,0.1875,3,9f87,bf07,False,740,oscillated,-1,False,3
seqpert_depth,depth,,3,0.1875,3,b703,a75b,True,21,spurious,-1,False,3
seqpert_depth,depth,,3,0.1875,3,ac03,f54b,False,740,oscillated,-1,False,3
seqpert_depth,depth,,3,0.1875,3,bf01,bf07,False,740,oscillated,-1,False,3
seqpert_depth,depth,,3,0.1875,3,b926,bd07,True,7,correct,3,True,3
seqpert_depth,depth,,3,0.0625,1,bf07,bf07,False,740,oscillated,-1,False,3
seqpert_depth,depth,,3,0.1875,3,fd01,fd4b,True,16,spurious,-1,False,3
seqpert_depth,depth,,3,0.1875,3,8d87,bf97,True,7,spurious,-1,False,3
seqpert_depth,depth,,3,0.1875,3,3f47,bf07,False,740,oscillated,-1,False,3
seqpert_depth,depth,,3,0.1875,3,bf04,bf07,False,740,oscillated,-1,False,3
seqpert_depth,depth,,3,0.0625,1,ad07,bd07,True,7,correct,3,True,3
seqpert_depth,depth,,3,0.1875,3,fd0b,fd4b,True,6,spurious,-1,False,3
seqpert_depth,depth,,3,0.1875,3,3d8f,bd07,True,9,correct,3,True,3
seqpert_depth,depth,,3,0.0625,1,bd47,bd07,True,6,correct,3,True,3
seqpert_depth,depth,,3,0.0625,1,bd0f,bd07,True,6,correct,3,True,3
seqpert_depth,depth,,3,0.0625,1,bd87,bd07,True,9,correct,3,True,3
seqpert_depth,depth,,3,0.1875,3,dc07,bd07,True,12,correct,3,True,3
seqpert_depth,depth,,3,0.1875,3,9d16,bd17,False,740,oscillated,-1,False,3
seqpert_depth,depth,,3,0.0625,1,bd0f,bd07,True,6,correct,3,True,3
seqpert_depth,depth,,3,0.1875,3,3c05,3d05,False,740,oscillated,-1,False,3
seqpert_depth,depth,,3,0.1875,3,b923,bd07,True,6,correct,3,True,3
seqpert_depth,depth,,3,0.1875,3,3d57,bd17,False,740,oscillated,-1,False,3
seqpert_depth,depth,,3,0.1875,3,b985,b905,False,740,oscillated,-1,False,3
seqpert_depth,depth,,3,0.1875,3,bb06,bf07,False,740,oscillated,-1,False,3
seqpert_depth,depth,,3,0.1875,3,bd36,bd17,False,740,oscillated,-1,False,3
seqpert_depth,depth,,3,0.1875,3,3d15,3d15,False,740,oscillated,-1,False,3
seqpert_depth,depth,,3,0.1875,3,3547,ed4b,False,740,oscillated,-1,False,3
seqpert_depth,depth,,3,0.0625,1,bd27,bd07,True,4,correct,3,True,3
seqpert_depth,depth,,3,0.1875,3,1d03,1d07,False,740,oscillated,-1,False,3
seqpert_depth,depth,,3,0.1875,3,b986,fca6,True,12,wrong_pattern,0,False,3
seqpert_depth,depth,,3,0.1875,3,fd16,bd07,True,13,correct,3,True,3
seqpert_depth,depth,,3,0.1875,3,bc45,bd07,True,6,correct,3,True,3
seqpert_depth,depth,,3,0.1875,3,fb07,bd07,True,13,correct,3,True,3
seqpert_depth,depth,,3,0.1875,3,b915,b915,False,740,oscillated,-1,False,3
seqpert_depth,depth,,3,0.0625,1,bd0f,bd07,True,6,correct,3,True,3
seqpert_depth,depth,,3,0.1875,3,f506,bd07,True,12,correct,3,True,3
seqpert_depth,depth,,3,0.1875,3,bb17,bf97,True,9,spurious,-1,False,3
seqpert_depth,depth,,3,0.0625,1,bd27,bd07,True,4,correct,3,True,3
seqpert_depth,depth,,3,0.1875,3,bf02,bf07,False,740,oscillated,-1,False,3
seqpert_depth,depth,,3,0.1875,3,9c87,fca6,True,12,wrong_pattern,0,False,3
seqpert_depth,depth,,3,0.0625,1,ad07,bd07,True,7,correct,3,True,3
seqpert_depth,depth,,3,0.1875,3,3f03,bf07,False,740,oscillated,-1,False,3
seqpert_depth,depth,,3,0.1875,3,3906,3907,False,740,oscillated,-1,False,3
seqpert_depth,depth,,3,0.0625,1,bd03,bd07,True,6,correct,3,True,3
seqpert_depth,depth,,3,0.1875,3,b91f,bd17,False,740,oscillated,-1,False,3
seqpert_depth,depth,,3,0.1875,3,bd6f,bd07,True,16,correct,3,True,3
seqpert_depth,depth,,3,0.1875,3,b147,ed4b,False,740,oscillated,-1,False,3
seqpert_depth,depth,,3,0.1875,3,bc23,bd07,True,7,correct,3,True,3
seqpert_depth,depth,,3,0.1875,3,b902,bd07,True,6,correct,3,True,3
seqpert_depth,depth,,3,0.1875,3,7d03,fd4b,True,16,spurious,-1,False,3
seqpert_depth,depth,,3,0.1875,3,b983,bd07,True,9,correct,3,True,3
seqpert_depth,depth,,3,0.1875,3,fd15,bd07,True,13,correct,3,True,3
seqpert_depth,depth,,3,0.1875,3,bd93,bd17,False,740,oscillated,-1,False,3
seqpert_depth,depth,,3,0.1875,3,b567,ed4b,False,740,oscillated,-1,False,3
seqpert_depth,depth,,3,0.1875,3,3506,bd07,True,7,correct,3,True,3
seqpert_depth,depth,,3,0.1875,3,3d2f,bd07,True,6,correct,3,True,3
seqpert_depth,depth,,3,0.0625,1,ad07,bd07,True,7,correct,3,True,3
seqpert_depth,depth,,3,0.1875,3,b817,bd17,False,740,oscillated,-1,False,3
seqpert_depth,depth,,3,0.0625,1,bd87,bd07,True,9,correct,3,True,3
seqpert_depth,depth,,3,0.1875,3,b957,bd17,False,740,oscillated,-1,False,3
seqpert_depth,depth,,3,0.1875,3,1d27,1d07,False,740,oscillated,-1,False,3
seqpert_depth,depth,,3,0.1875,3,5d07,1d07,False,740,oscillated,-1,False,3
seqpert_depth,depth,,3,0.0625,1,b907,bd07,True,4,correct,3,True,3
seqpert_depth,depth,,3,0.1875,3,ed0f,fd4b,True,17,spurious,-1,False,3
seqpert_depth,depth,,3,0.1875,3,3d0e,bd07,True,6,correct,3,True,3
seqpert_depth,depth,,3,0.1875,3,ff87,bd07,True,13,correct,3,True,3
seqpert_depth,depth,,3,0.1875,3,bd95,bd17,False,740,oscillated,-1,False,3
seqpert_depth,depth,,3,0.1875,3,f90f,fd4b,True,16,spurious,-1,False,3
seqpert_depth,depth,,3,0.1875,3,9d04,9d05,False,740,oscillated,-1,False,3
seqpert_depth,depth,,3,0.1875,3,bc02,bd07,True,7,correct,3,True,3
seqpert_depth,depth,,3,0.1875,3,9f27,bf07,False,740,oscillated,-1,False,3
seqpert_depth,depth,,3,0.1875,3,bc0d,bd07,True,6,correct,3,True,3
seqpert_depth,depth,,3,0.0625,1,bd03,bd07,True,6,correct,3,True,3
seqpert_depth,depth,,3,0.1875,3,9807,9907,False,740,oscillated,-1,False,3
seqpert_depth,depth,,3,0.1875,3,b147,ed4b,False,740,oscillated,-1,False,3
seqpert_depth,depth,,3,0.1875,3,bdc3,bd07,True,9,correct,3,True,3
seqpert_depth,depth,,3,0.1875,3,3807,3907,False,740,oscillated,-1,False,3
seqpert_depth,depth,,3,0.1875,3,2c07,bd07,True,7,correct,3,True,3
seqpert_depth,depth,,3,0.1875,3,9c27,bd07,True,7,correct,3,True,3
seqpert_depth,depth,,3,0.1875,3,bc0d,bd07,True,6,correct,3,True,3
seqpert_depth,depth,,3,0.1875,3,b925,b905,False,740,oscillated,-1,False,3
seqpert_depth,depth,,3,0.1875,3,b523,ed4b,False,740,oscillated,-1,False,3
seqpert_depth,depth,,3,0.0625,1,bf07,bf07,False,740,oscillated,-1,False,3
seqpert_depth,depth,,3,0.1875,3,b90b,bd07,True,16,correct,3,True,3
seqpert_depth,depth,,3,0.1875,3,3517,ad17,False,740,oscillated,-1,False,3
seqpert_depth,depth,,3,0.1875,3,fdc7,bd07,True,16,correct,3,True,3
seqpert_depth,depth,,3,0.1875,3,a917,b517,False,740,oscillated,-1,False,3
seqpert_depth,depth,,3,0.1875,3,bc04,bd07,True,7,correct,3,True,3
seqpert_depth,depth,,3,0.1875,3,bc01,bd07,True,6,correct,3,True,3
seqpert_depth,depth,,0,0.25,4,b4af,a6b6,True,17,wrong_pattern,2,False,4
seqpert_depth,depth,,0,0.125,2,fcb2,fca6,True,6,correct,0,True,4
seqpert_depth,depth,,0,0.125,2,f6a6,fca6,True,11,correct,0,True,4
seqpert_depth,depth,,0,0.25,4,72a6,78a6,False,740,oscillated,-1,False,4
seqpert_depth,depth,,0,0.25,4,7ce5,7ca4,False,740,oscillated,-1,False,4
seqpert_depth,depth,,0,0.25,4,ecba,fca6,True,21,correct,0,True,4
seqpert_depth,depth,,0,0.25,4,bc2c,fca6,True,11,correct,0,True,4
seqpert_depth,depth,,0,0.125,2,f886,fca6,True,4,correct,0,True,4
seqpert_depth,depth,,0,0.125,2,6ca6,fca6,True,7,correct,0,True,4
seqpert_depth,depth,,0,0.25,4,deb7,fca6,True,5,correct,0,True,4
seqpert_depth,depth,,0,0.25,4,6c36,fca6,True,9,correct,0,True,4
seqpert_depth,depth,,0,0.125,2,fcb7,fca6,True,5,correct,0,True,4
seqpert_depth,depth,,0,0.25,4,2da6,fca6,True,23,correct,0,True,4
seqpert_depth,depth,,0,0.25,4,7c34,7ca4,False,740,oscillated,-1,False,4
seqpert_depth,depth,,0,0.25,4,e487,fca6,True,7,correct,0,True,4
seqpert_depth,depth,,0,0.25,4,b986,fca6,True,12,correct,0,True,4
seqpert_depth,depth,,0,0.25,4,f483,fca6,True,7,correct,0,True,4
seqpert_depth,depth,,0,0.125,2,dcb6,fca6,True,5,correct,0,True,4
seqpert_depth,depth,,0,0.25,4,7cec,7ca4,False,740,oscillated,-1,False,4
seqpert_depth,depth,,0,0.25,4,70b6,78a6,False,740,oscillated,-1,False,4
seqpert_depth,depth,,0,0.25,4,d424,dca4,False,740,oscillated,-1,False,4
seqpert_depth,depth,,0,0.25,4,b436,fca6,True,21,correct,0,True,4
seqpert_depth,depth,,0,0.25,4,fcff,fca6,True,11,correct,0,True,4
seqpert_depth,depth,,0,0.125,2,ecae,fca6,True,7,correct,0,True,4
seqpert_depth,depth,,0,0.25,4,e5a7,fca6,True,7,correct,0,True,4
seqpert_depth,depth,,0,0.25,4,eeee,fca6,True,21,correct,0,True,4
seqpert_depth,depth,,0,0.25,4,bce3,fca6,True,14,correct,0,True,4
seqpert_depth,depth,,0,0.25,4,f9a5,f8a4,False,740,oscillated,-1,False,4
seqpert_depth,depth,,0,0.25,4,7d06,bd07,True,12,wrong_pattern,3,False,4
seqpert_depth,depth,,0,0.25,4,f9f6,fca6,True,6,correct,0,True,4
seqpert_depth,depth,,0,0.25,4,e827,bd07,True,15,wrong_pattern,3,False,4
seqpert_depth,depth,,0,0.25,4,be82,fca6,True,15,correct,0,True,4
seqpert_depth,depth,,0,0.25,4,f9a5,f8a4,False,740,oscillated,-1,False,4
seqpert_depth,depth,,0,0.25,4,dcce,fca6,True,12,correct,0,True,4
seqpert_depth,depth,,0,0.25,4,e4a5,fca6,True,7,correct,0,True,4
seqpert_depth,depth,,0,0.125,2,bc26,fca6,True,11,correct,0,True,4
seqpert_depth,depth,,0,0.25,4,d4be,fca6,True,16,correct,0,True,4
seqpert_depth,depth,,0,0.25,4,ef26,bd07,True,15,wrong_pattern,3,False,4
seqpert_depth,depth,,0,0.125,2,bea6,fca6,True,15,correct,0,True,4
seqpert_depth,depth,,0,0.25,4,34a7,fca6,True,23,correct,0,True,4
seqpert_depth,depth,,0,0.125,2,fcb4,fca6,True,5,correct,0,True,4
seqpert_depth,depth,,0,0.25,4,dc83,fca6,True,7,correct,0,True,4
seqpert_depth,depth,,0,0.125,2,f4a4,fca6,True,7,correct,0,True,4
seqpert_depth,depth,,0,0.25,4,9caa,fca6,True,14,correct,0,True,4
seqpert_depth,depth,,0,0.25,4,f582,fca6,True,7,correct,0,True,4
seqpert_depth,depth,,0,0.125,2,bca2,fca6,True,11,correct,0,True,4
seqpert_depth,depth,,0,0.125,2,fe26,fca6,True,9,correct,0,True,4
seqpert_depth,depth,,0,0.125,2,bcae,fca6,True,11,correct,0,True,4
seqpert_depth,depth,,0,0.125,2,fea7,fca6,True,5,correct,0,True,4
seqpert_depth,depth,,0,0.125,2,f0a6,fca6,True,7,correct,0,True,4
seqpert_depth,depth,,0,0.125,2,faa6,fca6,True,5,correct,0,True,4
seqpert_depth,depth,,0,0.25,4,fae2,fca6,True,11,correct,0,True,4
seqpert_depth,depth,,0,0.25,4,3caf,fca6,True,12,correct,0,True,4
seqpert_depth,depth,,0,0.125,2,dcb6,fca6,True,5,correct,0,True,4
seqpert_depth,depth,,0,0.125,2,fc87,fca6,True,7,correct,0,True,4
seqpert_depth,depth,,0,0.125,2,dda6,fca6,True,4,correct,0,True,4
seqpert_depth,depth,,0,0.125,2,fcc6,fca6,True,6,correct,0,True,4
seqpert_depth,depth,,0,0.0,0,fca6,fca6,True,0,correct,0,True,4
seqpert_depth,depth,,0,0.25,4,fdb5,fca6,True,7,correct,0,True,4
seqpert_depth,depth,,0,0.25,4,e8b7,fca6,True,14,correct,0,True,4
seqpert_depth,depth,,0,0.125,2,f5a6,fca6,True,7,correct,0,True,4
seqpert_depth,depth,,0,0.25,4,e466,e46a,True,6,spurious,-1,False,4
seqpert_depth,depth,,0,0.25,4,f42c,fc6a,True,21,spurious,-1,False,4
seqpert_depth,depth,,0,0.125,2,f8a2,fca6,True,6,correct,0,True,4
seqpert_depth,depth,,0,0.25,4,5486,5ca6,False,740,oscillated,-1,False,4
seqpert_depth,depth,,0,0.25,4,38ae,78a6,False,740,oscillated,-1,False,4
seqpert_depth,depth,,0,0.25,4,dc16,bd07,True,15,wrong_pattern,3,False,4
seqpert_depth,depth,,0,0.25,4,7cec,7ca4,False,740,oscillated,-1,False,4
seqpert_depth,depth,,0,0.125,2,fda2,fca6,True,6,correct,0,True,4
seqpert_depth,depth,,0,0.25,4,faee,fca6,True,11,correct,0,True,4
seqpert_depth,depth,,0,0.25,4,deac,dca4,False,740,oscillated,-1,False,4
seqpert_depth,depth,,0,0.25,4,fc93,fca6,True,7,correct,0,True,4
seqpert_depth,depth,,0,0.25,4,c8e6,d8a6,False,740,oscillated,-1,False,4
seqpert_depth,depth,,0,0.25,4,f9af,fca6,True,7,correct,0,True,4
seqpert_depth,depth,,0,0.25,4,eca8,fca6,True,11,correct,0,True,4
seqpert_depth,depth,,0,0.25,4,44a6,5ca6,False,740,oscillated,-1,False,4
seqpert_depth,depth,,0,0.25,4,7c0e,fd4b,True,12,spurious,-1,False,4
seqpert_depth,depth,,0,0.25,4,f0a3,fca6,True,7,correct,0,True,4
seqpert_depth,depth,,0,0.125,2,f4b6,fca6,True,11,correct,0,True,4
seqpert_depth,depth,,0,0.25,4,f9af,fca6,True,7,correct,0,True,4
seqpert_depth,depth,,0,0.125,2,f9a6,fca6,True,4,correct,0,True,4
seqpert_depth,depth,,0,0.25,4,742e,fc6a,True,21,spurious,-1,False,4
seqpert_depth,depth,,0,0.25,4,beaf,fca6,True,15,correct,0,True,4
seqpert_depth,depth,,0,0.125,2,fc87,fca6,True,7,correct,0,True,4
seqpert_depth,depth,,0,0.25,4,98a4,58a4,True,11,spurious,-1,False,4
seqpert_depth,depth,,0,0.25,4,6c2e,fc6a,True,21,spurious,-1,False,4
seqpert_depth,depth,,0,0.125,2,f8b6,fca6,True,5,correct,0,True,4
seqpert_depth,depth,,0,0.125,2,6ca6,fca6,True,7,correct,0,True,4
seqpert_depth,depth,,0,0.25,4,edac,fca6,True,7,correct,0,True,4
seqpert_depth,depth,,0,0.25,4,f8a1,f8a4,False,740,oscillated,-1,False,4
seqpert_depth,depth,,0,0.125,2,f486,fca6,True,7,correct,0,True,4
seqpert_depth,depth,,0,0.25,4,b4e7,a6b6,True,17,wrong_pattern,2,False,4
seqpert_depth,depth,,0,0.125,2,fcaf,fca6,True,6,correct,0,True,4
seqpert_depth,depth,,0,0.125,2,fcee,fca6,True,11,correct,0,True,4
seqpert_depth,depth,,0,0.125,2,78a6,78a6,False,740,oscillated,-1,False,4
seqpert_depth,depth,,0,0.25,4,eeee,fca6,True,21,correct,0,True,4
seqpert_depth,depth,,0,0.25,4,f6af,fca6,True,16,correct,0,True,4
seqpert_depth,depth,,0,0.125,2,7cae,fca6,True,6,correct,0,True,4
seqpert_depth,depth,,0,0.25,4,fae2,fca6,True,11,correct,0,True,4
seqpert_depth,depth,,0,0.25,4,7c16,bd07,True,15,wrong_pattern,3,False,4
seqpert_depth,depth,,1,0.25,4,13b6,ab4,False,740,oscillated,-1,False,4
seqpert_depth,depth,,1,0.25,4,13d3,395,True,21,spurious,-1,False,4
seqpert_depth,depth,,1,0.25,4,6bb5,12b4,False,740,oscillated,-1,False,4
seqpert_depth,depth,,1,0.25,4,9b9b,8397,False,740,oscillated,-1,False,4
seqpert_depth,depth,,1,0.25,4,938d,395,True,17,spurious,-1,False,4
seqpert_depth,depth,,1,0.25,4,33d7,2397,False,740,oscillated,-1,False,4
seqpert_depth,depth,,1,0.125,2,1895,58a4,True,18,spurious,-1,False,4
seqpert_depth,depth,,1,0.125,2,b97,1395,False,740,oscillated,-1,False,4
seqpert_depth,depth,,1,0.25,4,9eb5,dca4,False,740,oscillated,-1,False,4
seqpert_depth,depth,,1,0.125,2,1b9f,1b95,True,6,correct,1,True,4
seqpert_depth,depth,,1,0.25,4,e85,12b4,False,740,oscillated,-1,False,4
seqpert_depth,depth,,1,0.25,4,3ad4,2b4,True,7,spurious,-1,False,4
seqpert_depth,depth,,1,0.25,4,9b1,2b4,True,17,spurious,-1,False,4
seqpert_depth,depth,,1,0.25,4,11b1,2b4,True,17,spurious,-1,False,4
seqpert_depth,depth,,1,0.25,4,29b5,12b4,False,740,oscillated,-1,False,4
seqpert_depth,depth,,1,0.0,0,1b95,1b95,True,0,correct,1,True,4
seqpert_depth,depth,,1,0.25,4,11c5,395,True,17,spurious,-1,False,4
seqpert_depth,depth,,1,0.25,4,9bb9,2b4,True,7,spurious,-1,False,4
seqpert_depth,depth,,1,0.25,4,131f,359,True,11,spurious,-1,False,4
seqpert_depth,depth,,1,0.25,4,10b5,ab4,False,740,oscillated,-1,False,4
seqpert_depth,depth,,1,0.125,2,2b95,1395,False,740,oscillated,-1,False,4
seqpert_depth,depth,,1,0.25,4,bb35,bb95,False,740,oscillated,-1,False,4
seqpert_depth,depth,,1,0.25,4,1a86,58a4,True,15,spurious,-1,False,4
seqpert_depth,depth,,1,0.25,4,1fa7,5ca6,False,740,oscillated,-1,False,4
seqpert_depth,depth,,1,0.125,2,1b96,58a4,True,21,spurious,-1,False,4
seqpert_depth,depth,,1,0.25,4,b994,f8a4,False,740,oscillated,-1,False,4
seqpert_depth,depth,,1,0.25,4,5393,b95,False,740,oscillated,-1,False,4
seqpert_depth,depth,,1,0.25,4,118d,395,True,17,spurious,-1,False,4
seqpert_depth,depth,,1,0.125,2,5a95,58a4,True,7,spurious,-1,False,4
seqpert_depth,depth,,1,0.25,4,1d9c,58a4,True,15,spurious,-1,False,4
seqpert_depth,depth,,1,0.125,2,5b9d,1905,True,13,spurious,-1,False,4
seqpert_depth,depth,,1,0.125,2,9995,1915,False,740,oscillated,-1,False,4
seqpert_depth,depth,,1,0.125,2,1bbd,2b4,True,7,spurious,-1,False,4
seqpert_depth,depth,,1,0.25,4,fd4,2b4,True,7,spurious,-1,False,4
seqpert_depth,depth,,1,0.25,4,3ff5,26b4,False,740,oscillated,-1,False,4
seqpert_depth,depth,,1,0.125,2,1bd4,2b4,True,7,spurious,-1,False,4
seqpert_depth,depth,,1,0.125,2,8b95,1395,False,740,oscillated,-1,False,4
seqpert_depth,depth,,1,0.125,2,1f94,58a4,True,21,spurious,-1,False,4
seqpert_depth,depth,,1,0.125,2,5b85,1905,True,13,spurious,-1,False,4
seqpert_depth,depth,,1,0.125,2,5b91,1905,True,13,spurious,-1,False,4
seqpert_depth,depth,,1,0.25,4,33b7,2ab6,False,740,oscillated,-1,False,4
seqpert_depth,depth,,1,0.25,4,dbd7,9907,False,740,oscillated,-1,False,4
seqpert_depth,depth,,1,0.25,4,53d7,b95,False,740,oscillated,-1,False,4
seqpert_depth,depth,,1,0.25,4,ab9d,a395,False,740,oscillated,-1,False,4
seqpert_depth,depth,,1,0.125,2,f95,1395,False,740,oscillated,-1,False,4
seqpert_depth,depth,,1,0.25,4,1934,1915,False,740,oscillated,-1,False,4
seqpert_depth,depth,,1,0.125,2,1895,58a4,True,18,spurious,-1,False,4
seqpert_depth,depth,,1,0.125,2,1397,b95,False,740,oscillated,-1,False,4
seqpert_depth,depth,,1,0.25,4,2f9d,2795,False,740,oscillated,-1,False,4
seqpert_depth,depth,,1,0.25,4,1b47,1b05,False,740,oscillated,-1,False,4
seqpert_depth,depth,,1,0.125,2,1a97,58a4,True,21,spurious,-1,False,4
seqpert_depth,depth,,1,0.25,4,1bd2,2b4,True,7,spurious,-1,False,4
seqpert_depth,depth,,1,0.25,4,bfd,2b4,True,12,spurious,-1,False,4
seqpert_depth,depth,,1,0.25,4,8bd7,8397,False,740,oscillated,-1,False,4
seqpert_depth,depth,,1,0.25,4,ab1,2b4,True,7,spurious,-1,False,4
seqpert_depth,depth,,1,0.25,4,2fd5,2795,False,740,oscillated,-1,False,4
seqpert_depth,depth,,1,0.125,2,1b8d,1b05,False,740,oscillated,-1,False,4
seqpert_depth,depth,,1,0.25,4,3b04,1b05,False,740,oscillated,-1,False,4
seqpert_depth,depth,,1,0.25,4,3ac5,58a4,True,15,spurious,-1,False,4
seqpert_depth,depth,,1,0.125,2,5f95,1905,True,13,spurious,-1,False,4
seqpert_depth,depth,,1,0.25,4,a17,1395,False,740,oscillated,-1,False,4
seqpert_depth,depth,,1,0.125,2,3bd5,1b95,True,6,correct,1,True,4
seqpert_depth,depth,,1,0.125,2,1d95,1915,False,740,oscillated,-1,False,4
seqpert_depth,depth,,1,0.25,4,19fd,58a4,True,15,spurious,-1,False,4
seqpert_depth,depth,,1,0.25,4,6b15,1905,True,13,spurious,-1,False,4
seqpert_depth,depth,,1,0.125,2,1a15,1b95,True,9,correct,1,True,4
seqpert_depth,depth,,1,0.125,2,1b11,395,True,14,spurious,-1,False,4
seqpert_depth,depth,,1,0.25,4,5387,1905,True,19,spurious,-1,False,4
seqpert_depth,depth,,1,0.25,4,1aa4,58a4,True,15,spurious,-1,False,4
seqpert_depth,depth,,1,0.125,2,1bb7,58a4,True,21,spurious,-1,False,4
seqpert_depth,depth,,1,0.125,2,b15,1395,False,740,oscillated,-1,False,4
seqpert_depth,depth,,1,0.125,2,1e95,58a4,True,21,spurious,-1,False,4
seqpert_depth,depth,,1,0.25,4,bb55,a395,False,740,oscillated,-1,False,4
seqpert_depth,depth,,1,0.25,4,8315,395,True,9,spurious,-1,False,4
seqpert_depth,depth,,1,0.25,4,5f17,1d07,False,740,oscillated,-1,False,4
seqpert_depth,depth,,1,0.25,4,3f14,3f95,False,740,oscillated,-1,False,4
seqpert_depth,depth,,1,0.25,4,739d,b95,False,740,oscillated,-1,False,4
seqpert_depth,depth,,1,0.125,2,bb5,12b4,False,740,oscillated,-1,False,4
seqpert_depth,depth,,1,0.25,4,1319,359,True,7,spurious,-1,False,4
seqpert_depth,depth,,1,0.25,4,1fe5,58a4,True,15,spurious,-1,False,4
seqpert_depth,depth,,1,0.0,0,1b95,1b95,True,0,correct,1,True,4
seqpert_depth,depth,,1,0.25,4,9bdc,2b4,True,7,spurious,-1,False,4
seqpert_depth,depth,,1,0.25,4,1ddd,1915,False,740,oscillated,-1,False,4
seqpert_depth,depth,,1,0.25,4,5bd3,1905,True,11,spurious,-1,False,4
seqpert_depth,depth,,1,0.25,4,8b9c,2b4,True,7,spurious,-1,False,4
seqpert_depth,depth,,1,0.25,4,3e91,26b4,False,740,oscillated,-1,False,4
seqpert_depth,depth,,1,0.125,2,1ad5,2b4,True,7,spurious,-1,False,4
seqpert_depth,depth,,1,0.25,4,2d5,2b4,True,7,spurious,-1,False,4
seqpert_depth,depth,,1,0.25,4,39b7,78a6,False,740,oscillated,-1,False,4
seqpert_depth,depth,,1,0.25,4,d385,1905,True,19,spurious,-1,False,4
seqpert_depth,depth,,1,0.125,2,1bbd,2b4,True,7,spurious,-1,False,4
seqpert_depth,depth,,1,0.25,4,1c15,1915,False,740,oscillated,-1,False,4
seqpert_depth,depth,,1,0.0,0,1b95,1b95,True,0,correct,1,True,4
seqpert_depth,depth,,1,0.25,4,5bb6,58a4,True,5,spurious,-1,False,4
seqpert_depth,depth,,1,0.25,4,9bb9,2b4,True,7,spurious,-1,False,4
seqpert_depth,depth,,1,0.125,2,1b81,1b05,False,740,oscillated,-1,False,4
seqpert_depth,depth,,1,0.25,4,1389,395,True,21,spurious,-1,False,4
seqpert_depth,depth,,1,0.125,2,9f95,9f95,False,740,oscillated,-1,False,4
seqpert_depth,depth,,1,0.25,4,1adf,2b4,True,7,spurious,-1,False,4
seqpert_depth,depth,,1,0.125,2,3b15,1b95,True,9,correct,1,True,4
seqpert_depth,depth,,2,0.25,4,3436,fca6,True,21,wrong_pattern,0,False,4
seqpert_depth,depth,,2,0.25,4,a1f6,a6b6,True,6,correct,2,True,4
seqpert_depth,depth,,2,0.25,4,867e,e6fa,True,16,spurious,-1,False,4
seqpert_depth,depth,,2,0.25,4,b29e,a6b6,True,7,correct,2,True,4
seqpert_depth,depth,,2,0.25,4,a7d4,a6b6,True,7,correct,2,True,4
seqpert_depth,depth,,2,0.25,4,868e,a6b6,True,6,correct,2,True,4
seqpert_depth,depth,,2,0.125,2,2eb6,b6b6,False,740,oscillated,-1,False,4
seqpert_depth,depth,,2,0.25,4,86d4,86b4,False,740,oscillated,-1,False,4
seqpert_depth,depth,,2,0.125,2,66b6,a6b6,True,11,correct,2,True,4
seqpert_depth,depth,,2,0.25,4,b666,fca6,True,30,wrong_pattern,0,False,4
seqpert_depth,depth,,2,0.25,4,87bc,86b4,False,740,oscillated,-1,False,4
seqpert_depth,depth,,2,0.25,4,6637,a75b,True,14,spurious,-1,False,4
seqpert_depth,depth,,2,0.25,4,2627,a797,True,9,spurious,-1,False,4
seqpert_depth,depth,,2,0.25,4,ee16,bd07,True,15,wrong_pattern,3,False,4
seqpert_depth,depth,,2,0.125,2,26b2,a6b6,True,6,correct,2,True,4
seqpert_depth,depth,,2,0.25,4,e672,e6fa,True,9,spurious,-1,False,4
seqpert_depth,depth,,2,0.125,2,a0b6,a6b6,True,5,correct,2,True,4
seqpert_depth,depth,,2,0.25,4,87b0,86b4,False,740,oscillated,-1,False,4
seqpert_depth,depth,,2,0.25,4,24ae,a6b6,True,6,correct,2,True,4
seqpert_depth,depth,,2,0.25,4,ea96,b6b6,False,740,oscillated,-1,False,4
seqpert_depth,depth,,2,0.25,4,86e2,a6b6,True,16,correct,2,True,4
seqpert_depth,depth,,2,0.25,4,e7f4,e6fa,True,16,spurious,-1,False,4
seqpert_depth,depth,,2,0.25,4,4b4,2b4,True,5,spurious,-1,False,4
seqpert_depth,depth,,2,0.125,2,87b6,a6b6,True,4,correct,2,True,4
seqpert_depth,depth,,2,0.25,4,8286,82b6,False,740,oscillated,-1,False,4
seqpert_depth,depth,,2,0.125,2,26f6,a6b6,True,6,correct,2,True,4
seqpert_depth,depth,,2,0.125,2,b6b7,aeb6,False,740,oscillated,-1,False,4
seqpert_depth,depth,,2,0.125,2,e6f6,e6fa,True,16,spurious,-1,False,4
seqpert_depth,depth,,2,0.125,2,b636,aeb6,False,740,oscillated,-1,False,4
seqpert_depth,depth,,2,0.125,2,e2b6,a6b6,True,11,correct,2,True,4
seqpert_depth,depth,,2,0.25,4,634,2b4,True,9,spurious,-1,False,4
seqpert_depth,depth,,2,0.125,2,b6f6,a6b6,True,7,correct,2,True,4
seqpert_depth,depth,,2,0.25,4,c6e6,e6ea,False,740,oscillated,-1,False,4
seqpert_depth,depth,,2,0.25,4,eefe,b6b6,False,740,oscillated,-1,False,4
seqpert_depth,depth,,2,0.25,4,243e,e6fa,True,11,spurious,-1,False,4
seqpert_depth,depth,,2,0.25,4,6e96,b6b6,False,740,oscillated,-1,False,4
seqpert_depth,depth,,2,0.25,4,ac26,fca6,True,11,wrong_pattern,0,False,4
seqpert_depth,depth,,2,0.125,2,a694,a6b6,True,4,correct,2,True,4
seqpert_depth,depth,,2,0.25,4,abf6,a6b6,True,7,correct,2,True,4
seqpert_depth,depth,,2,0.125,2,a694,a6b6,True,4,correct,2,True,4
seqpert_depth,depth,,2,0.125,2,a626,a6b6,True,9,correct,2,True,4
seqpert_depth,depth,,2,0.25,4,60b6,78a6,False,740,oscillated,-1,False,4
seqpert_depth,depth,,2,0.25,4,b7fe,a6b6,True,17,correct,2,True,4
seqpert_depth,depth,,2,0.125,2,a6a2,a6b6,True,6,correct,2,True,4
seqpert_depth,depth,,2,0.25,4,2e9e,a6b6,True,7,correct,2,True,4
seqpert_depth,depth,,2,0.125,2,f6b6,aeb6,False,740,oscillated,-1,False,4
seqpert_depth,depth,,2,0.25,4,24f2,a6b6,True,16,correct,2,True,4
seqpert_depth,depth,,2,0.125,2,86b4,86b4,False,740,oscillated,-1,False,4
seqpert_depth,depth,,2,0.25,4,85be,a6b6,True,6,correct,2,True,4
seqpert_depth,depth,,2,0.125,2,2636,a6b6,True,9,correct,2,True,4
seqpert_depth,depth,,2,0.25,4,a62c,e6fa,True,11,spurious,-1,False,4
seqpert_depth,depth,,2,0.125,2,aeb4,b6b6,False,740,oscillated,-1,False,4
seqpert_depth,depth,,2,0.125,2,e6b4,a6b6,True,11,correct,2,True,4
seqpert_depth,depth,,2,0.125,2,b6f6,a6b6,True,7,correct,2,True,4
seqpert_depth,depth,,2,0.25,4,6e96,b6b6,False,740,oscillated,-1,False,4
seqpert_depth,depth,,2,0.25,4,e232,e6fa,True,9,spurious,-1,False,4
seqpert_depth,depth,,2,0.25,4,a62a,e6fa,True,11,spurious,-1,False,4
seqpert_depth,depth,,2,0.25,4,acb0,a6b6,True,17,correct,2,True,4
seqpert_depth,depth,,2,0.125,2,a796,a6b6,True,7,correct,2,True,4
seqpert_depth,depth,,2,0.25,4,a2e4,a2b4,False,740,oscillated,-1,False,4
seqpert_depth,depth,,2,0.125,2,86f6,a6b6,True,6,correct,2,True,4
seqpert_depth,depth,,2,0.25,4,a397,a797,True,4,spurious,-1,False,4
seqpert_depth,depth,,2,0.125,2,86b2,a6b6,True,6,correct,2,True,4
seqpert_depth,depth,,2,0.125,2,aebe,a6b6,True,7,correct,2,True,4
seqpert_depth,depth,,2,0.25,4,6a2,6b6,False,740,oscillated,-1,False,4
seqpert_depth,depth,,2,0.125,2,24b6,a6b6,True,5,correct,2,True,4
seqpert_depth,depth,,2,0.125,2,aebe,a6b6,True,7,correct,2,True,4
seqpert_depth,depth,,2,0.25,4,b6d2,a6b6,True,17,correct,2,True,4
seqpert_depth,depth,,2,0.25,4,9ebe,a6b6,True,7,correct,2,True,4
seqpert_depth,depth,,2,0.25,4,bbb6,fca6,True,18,wrong_pattern,0,False,4
seqpert_depth,depth,,2,0.125,2,a7be,a6b6,True,6,correct,2,True,4
seqpert_depth,depth,,2,0.25,4,83a6,82b6,False,740,oscillated,-1,False,4
seqpert_depth,depth,,2,0.25,4,8426,fca6,True,23,wrong_pattern,0,False,4
seqpert_depth,depth,,2,0.125,2,a4b7,a6b6,True,5,correct,2,True,4
seqpert_depth,depth,,2,0.25,4,ccb6,fca6,True,11,wrong_pattern,0,False,4
seqpert_depth,depth,,2,0.25,4,acd6,a6b6,True,17,correct,2,True,4
seqpert_depth,depth,,2,0.25,4,a21e,a75b,True,16,spurious,-1,False,4
seqpert_depth,depth,,2,0.25,4,a217,a797,True,9,spurious,-1,False,4
seqpert_depth,depth,,2,0.0,0,a6b6,a6b6,True,0,correct,2,True,4
seqpert_depth,depth,,2,0.125,2,a436,a6b6,True,9,correct,2,True,4
seqpert_depth,depth,,2,0.25,4,2497,a6b6,True,7,correct,2,True,4
seqpert_depth,depth,,2,0.125,2,a2be,a6b6,True,6,correct,2,True,4
seqpert_depth,depth,,2,0.25,4,f6ae,fca6,True,16,wrong_pattern,0,False,4
seqpert_depth,depth,,2,0.25,4,e1b6,fca6,True,14,wrong_pattern,0,False,4
seqpert_depth,depth,,2,0.25,4,a576,a75b,True,12,spurious,-1,False,4
seqpert_depth,depth,,2,0.25,4,b6de,a6b6,True,17,correct,2,True,4
seqpert_depth,depth,,2,0.125,2,a692,a6b6,True,6,correct,2,True,4
seqpert_depth,depth,,2,0.25,4,22d6,22b6,False,740,oscillated,-1,False,4
seqpert_depth,depth,,2,0.25,4,86e7,a6b6,True,6,correct,2,True,4
seqpert_depth,depth,,2,0.25,4,b2a4,aab4,False,740,oscillated,-1,False,4
seqpert_depth,depth,,2,0.25,4,4696,6b6,False,740,oscillated,-1,False,4
seqpert_depth,depth,,2,0.25,4,a664,e6fa,True,11,spurious,-1,False,4
seqpert_depth,depth,,2,0.25,4,86fc,86b4,False,740,oscillated,-1,False,4
seqpert_depth,depth,,2,0.125,2,a4b4,a6b6,True,5,correct,2,True,4
seqpert_depth,depth,,2,0.25,4,27e6,a6b6,True,6,correct,2,True,4
seqpert_depth,depth,,2,0.25,4,97b7,aeb6,False,740,oscillated,-1,False,4
seqpert_depth,depth,,2,0.25,4,bbb6,fca6,True,18,wrong_pattern,0,False,4
seqpert_depth,depth,,2,0.25,4,ccb6,fca6,True,11,wrong_pattern,0,False,4
seqpert_depth,depth,,2,0.125,2,ae36,b6b6,False,740,oscillated,-1,False,4
seqpert_depth,depth,,2,0.25,4,b3f6,a6b6,True,7,correct,2,True,4
seqpert_depth,depth,,3,0.125,2,9d06,bd07,True,4,correct,3,True,4
seqpert_depth,depth,,3,0.125,2,bd23,bd07,True,6,correct,3,True,4
seqpert_depth,depth,,3,0.125,2,f907,bd07,True,11,correct,3,True,4
seqpert_depth,depth,,3,0.25,4,ad41,f54b,False,740,oscillated,-1,False,4
seqpert_depth,depth,,3,0.25,4,a80f,f54b,False,740,oscillated,-1,False,4
seqpert_depth,depth,,3,0.25,4,8d4f,f54b,False,740,oscillated,-1,False,4
seqpert_depth,depth,,3,0.125,2,fd06,bd07,True,12,correct,3,True,4
seqpert_depth,depth,,3,0.25,4,9da5,dca4,False,740,oscillated,-1,False,4
seqpert_depth,depth,,3,0.25,4,b797,af97,False,740,oscillated,-1,False,4
seqpert_depth,depth,,3,0.25,4,bf53,a75b,True,17,spurious,-1,False,4
seqpert_depth,depth,,3,0.125,2,b107,bd07,True,7,correct,3,True,4
seqpert_depth,depth,,3,0.25,4,3537,ad17,False,740,oscillated,-1,False,4
seqpert_depth,depth,,3,0.25,4,ac0d,f54b,False,740,oscillated,-1,False,4
seqpert_depth,depth,,3,0.25,4,bd49,fd4b,True,11,spurious,-1,False,4
seqpert_depth,depth,,3,0.125,2,b987,bd07,True,9,correct,3,True,4
seqpert_depth,depth,,3,0.25,4,3d9f,bd17,False,740,oscillated,-1,False,4
seqpert_depth,depth,,3,0.25,4,ab03,a75b,True,21,spurious,-1,False,4
seqpert_depth,depth,,3,0.25,4,3546,ed4b,False,740,oscillated,-1,False,4
seqpert_depth,depth,,3,0.125,2,9d0f,bd07,True,6,correct,3,True,4
seqpert_depth,depth,,3,0.125,2,bc47,bd07,True,6,correct,3,True,4
seqpert_depth,depth,,3,0.25,4,7506,bd07,True,12,correct,3,True,4
seqpert_depth,depth,,3,0.125,2,bd85,bd07,True,9,correct,3,True,4
seqpert_depth,depth,,3,0.125,2,b903,bd07,True,6,correct,3,True,4
seqpert_depth,depth,,3,0.25,4,afa7,b6b6,False,740,oscillated,-1,False,4
seqpert_depth,depth,,3,0.125,2,bc06,bd07,True,7,correct,3,True,4
seqpert_depth,depth,,3,0.25,4,9f67,bf07,False,740,oscillated,-1,False,4
seqpert_depth,depth,,3,0.125,2,3d17,bd17,False,740,oscillated,-1,False,4
seqpert_depth,depth,,3,0.25,4,b9af,fca6,True,14,wrong_pattern,0,False,4
seqpert_depth,depth,,3,0.25,4,fc67,fd4b,True,12,spurious,-1,False,4
seqpert_depth,depth,,3,0.25,4,bde6,fca6,True,12,wrong_pattern,0,False,4
seqpert_depth,depth,,3,0.125,2,ad87,bf97,True,7,spurious,-1,False,4
seqpert_depth,depth,,3,0.25,4,9915,1915,False,740,oscillated,-1,False,4
seqpert_depth,depth,,3,0.125,2,9507,bd07,True,7,correct,3,True,4
seqpert_depth,depth,,3,0.25,4,fc0d,fd4b,True,11,spurious,-1,False,4
seqpert_depth,depth,,3,0.25,4,ed1f,fd4b,True,21,spurious,-1,False,4
seqpert_depth,depth,,3,0.125,2,bf03,bf07,False,740,oscillated,-1,False,4
seqpert_depth,depth,,3,0.25,4,7d86,fca6,True,7,wrong_pattern,0,False,4
seqpert_depth,depth,,3,0.25,4,ad82,a6b6,True,17,wrong_pattern,2,False,4
seqpert_depth,depth,,3,0.25,4,bf36,bf97,True,9,spurious,-1,False,4
seqpert_depth,depth,,3,0.25,4,f887,fca6,True,7,wrong_pattern,0,False,4
seqpert_depth,depth,,3,0.25,4,7506,bd07,True,12,correct,3,True,4
seqpert_depth,depth,,3,0.25,4,8707,a797,True,13,spurious,-1,False,4
seqpert_depth,depth,,3,0.125,2,ad47,f54b,False,740,oscillated,-1,False,4
seqpert_depth,depth,,3,0.25,4,bd08,bd07,True,16,correct,3,True,4
seqpert_depth,depth,,3,0.125,2,b505,bd07,True,7,correct,3,True,4
seqpert_depth,depth,,3,0.125,2,2d07,bd07,True,7,correct,3,True,4
seqpert_depth,depth,,3,0.25,4,b845,b905,False,740,oscillated,-1,False,4
seqpert_depth,depth,,3,0.125,2,a907,bd07,True,7,correct,3,True,4
seqpert_depth,depth,,3,0.125,2,bd85,bd07,True,9,correct,3,True,4
seqpert_depth,depth,,3,0.125,2,bd1f,bd17,False,740,oscillated,-1,False,4
seqpert_depth,depth,,3,0.25,4,b58e,a6b6,True,17,wrong_pattern,2,False,4
seqpert_depth,depth,,3,0.25,4,be0b,bd07,True,15,correct,3,True,4
seqpert_depth,depth,,3,0.25,4,be26,fca6,True,15,wrong_pattern,0,False,4
seqpert_depth,depth,,3,0.25,4,bf56,a797,True,9,spurious,-1,False,4
seqpert_depth,depth,,3,0.125,2,bdc7,bd07,True,9,correct,3,True,4
seqpert_depth,depth,,3,0.125,2,bc47,bd07,True,6,correct,3,True,4
seqpert_depth,depth,,3,0.25,4,a543,a75b,True,6,spurious,-1,False,4
seqpert_depth,depth,,3,0.25,4,9e87,fca6,True,18,wrong_pattern,0,False,4
seqpert_depth,depth,,3,0.25,4,b317,af97,False,740,oscillated,-1,False,4
seqpert_depth,depth,,3,0.25,4,9e06,bf07,False,740,oscillated,-1,False,4
seqpert_depth,depth,,3,0.25,4,ac85,fca6,True,26,wrong_pattern,0,False,4
seqpert_depth,depth,,3,0.125,2,bd83,bd07,True,9,correct,3,True,4
seqpert_depth,depth,,3,0.25,4,a40f,a75b,True,11,spurious,-1,False,4
seqpert_depth,depth,,3,0.25,4,fd4b,fd4b,True,0,spurious,-1,False,4
seqpert_depth,depth,,3,0.25,4,ab06,b707,False,740,oscillated,-1,False,4
seqpert_depth,depth,,3,0.25,4,9d8e,fca6,True,14,wrong_pattern,0,False,4
seqpert_depth,depth,,3,0.25,4,b647,a75b,True,21,spurious,-1,False,4
seqpert_depth,depth,,3,0.125,2,bf05,bf07,False,740,oscillated,-1,False,4
seqpert_depth,depth,,3,0.125,2,3d0f,bd07,True,6,correct,3,True,4
seqpert_depth,depth,,3,0.125,2,b987,bd07,True,9,correct,3,True,4
seqpert_depth,depth,,3,0.125,2,b50f,ed4b,False,740,oscillated,-1,False,4
seqpert_depth,depth,,3,0.125,2,9f07,bf07,False,740,oscillated,-1,False,4
seqpert_depth,depth,,3,0.125,2,3c07,bd07,True,4,correct,3,True,4
seqpert_depth,depth,,3,0.125,2,b905,b905,False,740,oscillated,-1,False,4
seqpert_depth,depth,,3,0.125,2,bd57,bd17,False,740,oscillated,-1,False,4
seqpert_depth,depth,,3,0.125,2,7d07,bd07,True,11,correct,3,True,4
seqpert_depth,depth,,3,0.25,4,b327,af07,False,740,oscillated,-1,False,4
seqpert_depth,depth,,3,0.125,2,b917,bd17,False,740,oscillated,-1,False,4
seqpert_depth,depth,,3,0.125,2,bc0f,bd07,True,6,correct,3,True,4
seqpert_depth,depth,,3,0.125,2,f507,bd07,True,11,correct,3,True,4
seqpert_depth,depth,,3,0.125,2,bd4f,bd07,True,16,correct,3,True,4
seqpert_depth,depth,,3,0.25,4,bfa6,fca6,True,15,wrong_pattern,0,False,4
seqpert_depth,depth,,3,0.25,4,bf2e,bd07,True,15,correct,3,True,4
seqpert_depth,depth,,3,0.25,4,bb1f,a797,True,14,spurious,-1,False,4
seqpert_depth,depth,,3,0.125,2,bd23,bd07,True,6,correct,3,True,4
seqpert_depth,depth,,3,0.125,2,9d47,bd07,True,6,correct,3,True,4
seqpert_depth,depth,,3,0.25,4,ada6,fca6,True,23,wrong_pattern,0,False,4
seqpert_depth,depth,,3,0.25,4,3f25,3f05,False,740,oscillated,-1,False,4
seqpert_depth,depth,,3,0.25,4,bf11,a797,True,14,spurious,-1,False,4
seqpert_depth,depth,,3,0.25,4,ff23,fd4b,True,17,spurious,-1,False,4
seqpert_depth,depth,,3,0.25,4,9983,9907,False,740,oscillated,-1,False,4
seqpert_depth,depth,,3,0.25,4,bf33,a797,True,9,spurious,-1,False,4
seqpert_depth,depth,,3,0.25,4,b80d,b905,False,740,oscillated,-1,False,4
seqpert_depth,depth,,3,0.25,4,bdbf,fca6,True,15,wrong_pattern,0,False,4
seqpert_depth,depth,,3,0.25,4,9c23,bd07,True,7,correct,3,True,4
seqpert_depth,depth,,3,0.25,4,351f,a75b,True,21,spurious,-1,False,4
seqpert_depth,depth,,3,0.25,4,fd2d,fd4b,True,11,spurious,-1,False,4
seqpert_depth,depth,,3,0.125,2,bc0f,bd07,True,6,correct,3,True,4
seqpert_depth,depth,,3,0.25,4,f787,bd07,True,19,correct,3,True,4
seqpert_depth,depth,,3,0.125,2,b506,bd07,True,7,correct,3,True,4
seqpert_depth,depth,,0,0.0625,1,dca6,fca6,True,4,correct,0,True,5
seqpert_depth,depth,,0,0.1875,3,f526,bd07,True,15,wrong_pattern,3,False,5
seqpert_depth,depth,,0,0.1875,3,f4b2,fca6,True,16,correct,0,True,5
seqpert_depth,depth,,0,0.1875,3,e8b6,fca6,True,11,correct,0,True,5
seqpert_depth,depth,,0,0.3125,5,5d8e,5ca6,False,740,oscillated,-1,False,5
seqpert_depth,depth,,0,0.1875,3,dda7,fca6,True,7,correct,0,True,5
seqpert_depth,depth,,0,0.3125,5,b425,bd07,True,7,wrong_pattern,3,False,5
seqpert_depth,depth,,0,0.1875,3,8ca6,fca6,True,23,correct,0,True,5
seqpert_depth,depth,,0,0.3125,5,fd6a,fd4b,True,7,spurious,-1,False,5
seqpert_depth,depth,,0,0.1875,3,7cc6,fca6,True,6,correct,0,True,5
seqpert_depth,depth,,0,0.1875,3,e9a6,fca6,True,7,correct,0,True,5
seqpert_depth,depth,,0,0.1875,3,ecb2,fca6,True,16,correct,0,True,5
seqpert_depth,depth,,0,0.1875,3,3ca4,7ca4,False,740,oscillated,-1,False,5
seqpert_depth,depth,,0,0.1875,3,ece4,fca6,True,7,correct,0,True,5
seqpert_depth,depth,,0,0.1875,3,bc66,fca6,True,11,correct,0,True,5
seqpert_depth,depth,,0,0.1875,3,ac86,fca6,True,23,correct,0,True,5
seqpert_depth,depth,,0,0.1875,3,fc62,fc6a,True,6,spurious,-1,False,5
seqpert_depth,depth,,0,0.1875,3,ecb4,fca6,True,11,correct,0,True,5
seqpert_depth,depth,,0,0.1875,3,dca3,fca6,True,6,correct,0,True,5
seqpert_depth,depth,,0,0.3125,5,b6c6,a6b6,True,17,wrong_pattern,2,False,5
seqpert_depth,depth,,0,0.1875,3,fcbf,fca6,True,6,correct,0,True,5
seqpert_depth,depth,,0,0.3125,5,e0e2,fc6a,True,14,spurious,-1,False,5
seqpert_depth,depth,,0,0.1875,3,ecaa,fca6,True,11,correct,0,True,5
seqpert_depth,depth,,0,0.1875,3,eeb6,b6b6,False,740,oscillated,-1,False,5
seqpert_depth,depth,,0,0.3125,5,fdc5,bd07,True,16,wrong_pattern,3,False,5
seqpert_depth,depth,,0,0.1875,3,fc2a,fc6a,True,6,spurious,-1,False,5
seqpert_depth,depth,,0,0.1875,3,fc0e,fd4b,True,12,spurious,-1,False,5
seqpert_depth,depth,,0,0.3125,5,dd3e,fd4b,True,13,spurious,-1,False,5
seqpert_depth,depth,,0,0.3125,5,e0a5,f8a4,False,740,oscillated,-1,False,5
seqpert_depth,depth,,0,0.3125,5,d9e7,d8a6,False,740,oscillated,-1,False,5
seqpert_depth,depth,,0,0.1875,3,fdaa,fca6,True,12,correct,0,True,5
seqpert_depth,depth,,0,0.1875,3,d4e6,fca6,True,7,correct,0,True,5
seqpert_depth,depth,,0,0.3125,5,5d36,1d07,False,740,oscillated,-1,False,5
seqpert_depth,depth,,0,0.1875,3,7c2e,fc6a,True,21,spurious,-1,False,5
seqpert_depth,depth,,0,0.1875,3,fcbf,fca6,True,6,correct,0,True,5
seqpert_depth,depth,,0,0.1875,3,ffe6,fca6,True,6,correct,0,True,5
seqpert_depth,depth,,0,0.1875,3,5ca4,58a4,True,4,spurious,-1,False,5
seqpert_depth,depth,,0,0.3125,5,dec4,dca4,False,740,oscillated,-1,False,5
seqpert_depth,depth,,0,0.1875,3,5ca4,58a4,True,4,spurious,-1,False,5
seqpert_depth,depth,,0,0.3125,5,24b6,a6b6,True,5,wrong_pattern,2,False,5
seqpert_depth,depth,,0,0.1875,3,fc32,fc6a,True,21,spurious,-1,False,5
seqpert_depth,depth,,0,0.3125,5,7e37,bd07,True,15,wrong_pattern,3,False,5
seqpert_depth,depth,,0,0.1875,3,daa6,d8a6,False,740,oscillated,-1,False,5
seqpert_depth,depth,,0,0.3125,5,f0ef,fca6,True,12,correct,0,True,5
seqpert_depth,depth,,0,0.3125,5,d8f2,d8a6,False,740,oscillated,-1,False,5
seqpert_depth,depth,,0,0.3125,5,d4ec,dca4,False,740,oscillated,-1,False,5
seqpert_depth,depth,,0,0.3125,5,3424,7ca4,False,740,oscillated,-1,False,5
seqpert_depth,depth,,0,0.1875,3,ec87,fca6,True,7,correct,0,True,5
seqpert_depth,depth,,0,0.1875,3,ac86,fca6,True,23,correct,0,True,5
seqpert_depth,depth,,0,0.3125,5,7a27,3907,False,740,oscillated,-1,False,5
seqpert_depth,depth,,0,0.1875,3,6c26,fca6,True,9,correct,0,True,5
seqpert_depth,depth,,0,0.1875,3,fc2f,fd4b,True,12,spurious,-1,False,5
seqpert_depth,depth,,0,0.3125,5,f4b1,fca6,True,16,correct,0,True,5
seqpert_depth,depth,,0,0.3125,5,5da5,58a4,True,7,spurious,-1,False,5
seqpert_depth,depth,,0,0.3125,5,e494,fca6,True,14,correct,0,True,5
seqpert_depth,depth,,0,0.3125,5,7d04,3d05,False,740,oscillated,-1,False,5
seqpert_depth,depth,,0,0.1875,3,ecb4,fca6,True,11,correct,0,True,5
seqpert_depth,depth,,0,0.3125,5,7984,58a4,True,7,spurious,-1,False,5
seqpert_depth,depth,,0,0.3125,5,8c22,fc6a,True,26,spurious,-1,False,5
seqpert_depth,depth,,0,0.3125,5,74e3,fca6,True,12,correct,0,True,5
seqpert_depth,depth,,0,0.3125,5,51a6,58a4,True,7,spurious,-1,False,5
seqpert_depth,depth,,0,0.3125,5,7485,7ca4,False,740,oscillated,-1,False,5
seqpert_depth,depth,,0,0.3125,5,f9b0,f8a4,False,740,oscillated,-1,False,5
seqpert_depth,depth,,0,0.3125,5,9866,d8a6,False,740,oscillated,-1,False,5
seqpert_depth,depth,,0,0.3125,5,ec63,fd4b,True,7,spurious,-1,False,5
seqpert_depth,depth,,0,0.1875,3,ec24,fca6,True,9,correct,0,True,5
seqpert_depth,depth,,0,0.1875,3,fd87,bd07,True,11,wrong_pattern,3,False,5
seqpert_depth,depth,,0,0.3125,5,7eab,fca6,True,11,correct,0,True,5
seqpert_depth,depth,,0,0.0625,1,dca6,fca6,True,4,correct,0,True,5
seqpert_depth,depth,,0,0.1875,3,fcef,fca6,True,12,correct,0,True,5
seqpert_depth,depth,,0,0.1875,3,bea7,fca6,True,15,correct,0,True,5
seqpert_depth,depth,,0,0.1875,3,dc66,fc6a,True,21,spurious,-1,False,5
seqpert_depth,depth,,0,0.1875,3,f2a6,fca6,True,11,correct,0,True,5
seqpert_depth,depth,,0,0.1875,3,fc32,fc6a,True,21,spurious,-1,False,5
seqpert_depth,depth,,0,0.1875,3,fc0e,fd4b,True,12,spurious,-1,False,5
seqpert_depth,depth,,0,0.1875,3,7caa,fca6,True,11,correct,0,True,5
seqpert_depth,depth,,0,0.0625,1,fc86,fca6,True,4,correct,0,True,5
seqpert_depth,depth,,0,0.1875,3,f9a4,f8a4,False,740,oscillated,-1,False,5
seqpert_depth,depth,,0,0.3125,5,7726,bd07,True,15,wrong_pattern,3,False,5
seqpert_depth,depth,,0,0.1875,3,dcee,fca6,True,11,correct,0,True,5
seqpert_depth,depth,,0,0.1875,3,78e6,78a6,False,740,oscillated,-1,False,5
seqpert_depth,depth,,0,0.1875,3,bea7,fca6,True,15,correct,0,True,5
seqpert_depth,depth,,0,0.3125,5,49a6,58a4,True,7,spurious,-1,False,5
seqpert_depth,depth,,0,0.1875,3,5c86,5ca6,False,740,oscillated,-1,False,5
seqpert_depth,depth,,0,0.1875,3,e4a2,fca6,True,17,correct,0,True,5
seqpert_depth,depth,,0,0.1875,3,fdb2,fca6,True,6,correct,0,True,5
seqpert_depth,depth,,0,0.3125,5,75c6,fca6,True,7,correct,0,True,5
seqpert_depth,depth,,0,0.3125,5,3ca1,7ca4,False,740,oscillated,-1,False,5
seqpert_depth,depth,,0,0.3125,5,a484,a6b6,True,5,wrong_pattern,2,False,5
seqpert_depth,depth,,0,0.3125,5,fc45,fd4b,True,11,spurious,-1,False,5
seqpert_depth,depth,,0,0.3125,5,8ca5,dca4,False,740,oscillated,-1,False,5
seqpert_depth,depth,,0,0.1875,3,6ca7,fca6,True,7,correct,0,True,5
seqpert_depth,depth,,0,0.1875,3,f4ac,fca6,True,7,correct,0,True,5
seqpert_depth,depth,,0,0.1875,3,fd96,fca6,True,7,correct,0,True,5
seqpert_depth,depth,,0,0.1875,3,bcc6,fca6,True,12,correct,0,True,5
seqpert_depth,depth,,0,0.3125,5,3c9e,fca6,True,15,correct,0,True,5
seqpert_depth,depth,,0,0.3125,5,6626,fc6a,True,22,spurious,-1,False,5
seqpert_depth,depth,,0,0.3125,5,fe77,fd4b,True,18,spurious,-1,False,5
seqpert_depth,depth,,0,0.3125,5,9836,d8a6,False,740,oscillated,-1,False,5
seqpert_depth,depth,,0,0.1875,3,fdbe,fca6,True,6,correct,0,True,5
seqpert_depth,depth,,1,0.3125,5,57b1,ab4,False,740,oscillated,-1,False,5
seqpert_depth,depth,,1,0.1875,3,bb4,12b4,False,740,oscillated,-1,False,5
seqpert_depth,depth,,1,0.1875,3,3a9d,2b4,True,7,spurious,-1,False,5
seqpert_depth,depth,,1,0.0625,1,1b97,1b95,True,4,correct,1,True,5
seqpert_depth,depth,,1,0.3125,5,af4,2b4,True,7,spurious,-1,False,5
seqpert_depth,depth,,1,0.3125,5,39fd,58a4,True,15,spurious,-1,False,5
seqpert_depth,depth,,1,0.3125,5,8ac5,2b4,True,17,spurious,-1,False,5
seqpert_depth,depth,,1,0.1875,3,1f9f,797,False,740,oscillated,-1,False,5
seqpert_depth,depth,,1,0.1875,3,9b87,9b07,False,740,oscillated,-1,False,5
seqpert_depth,depth,,1,0.1875,3,539d,b95,False,740,oscillated,-1,False,5
seqpert_depth,depth,,1,0.3125,5,57bd,ab4,False,740,oscillated,-1,False,5
seqpert_depth,depth,,1,0.1875,3,1987,1905,True,9,spurious,-1,False,5
seqpert_depth,depth,,1,0.1875,3,11b5,ab4,False,740,oscillated,-1,False,5
seqpert_depth,depth,,1,0.3125,5,79d1,1905,True,11,spurious,-1,False,5
seqpert_depth,depth,,1,0.1875,3,3bd4,2b4,True,7,spurious,-1,False,5
seqpert_depth,depth,,1,0.0625,1,1f95,1b95,True,4,correct,1,True,5
seqpert_depth,depth,,1,0.1875,3,5b9c,58a4,True,7,spurious,-1,False,5
seqpert_depth,depth,,1,0.3125,5,1a18,395,True,14,spurious,-1,False,5
seqpert_depth,depth,,1,0.3125,5,7993,3907,False,740,oscillated,-1,False,5
seqpert_depth,depth,,1,0.3125,5,1327,b05,False,740,oscillated,-1,False,5
seqpert_depth,depth,,1,0.1875,3,5f91,1905,True,13,spurious,-1,False,5
seqpert_depth,depth,,1,0.3125,5,df11,9d05,False,740,oscillated,-1,False,5
seqpert_depth,depth,,1,0.1875,3,9fb5,dca4,False,740,oscillated,-1,False,5
seqpert_depth,depth,,1,0.3125,5,17d6,6b6,False,740,oscillated,-1,False,5
seqpert_depth,depth,,1,0.1875,3,9b81,1b05,False,740,oscillated,-1,False,5
seqpert_depth,depth,,1,0.1875,3,2b85,1395,False,740,oscillated,-1,False,5
seqpert_depth,depth,,1,0.3125,5,1ad8,2b4,True,7,spurious,-1,False,5
seqpert_depth,depth,,1,0.3125,5,8305,395,True,13,spurious,-1,False,5
seqpert_depth,depth,,1,0.1875,3,1984,58a4,True,12,spurious,-1,False,5
seqpert_depth,depth,,1,0.3125,5,db57,9907,False,740,oscillated,-1,False,5
seqpert_depth,depth,,1,0.3125,5,4bf1,12b4,False,740,oscillated,-1,False,5
seqpert_depth,depth,,1,0.1875,3,1e91,2b4,True,7,spurious,-1,False,5
seqpert_depth,depth,,1,0.1875,3,1a8d,58a4,True,15,spurious,-1,False,5
seqpert_depth,depth,,1,0.3125,5,8a96,92b6,False,740,oscillated,-1,False,5
seqpert_depth,depth,,1,0.1875,3,1b8c,58a4,True,15,spurious,-1,False,5
seqpert_depth,depth,,1,0.1875,3,da95,58a4,True,7,spurious,-1,False,5
seqpert_depth,depth,,1,0.3125,5,13d8,42f8,True,15,spurious,-1,False,5
seqpert_depth,depth,,1,0.3125,5,9a0d,1b05,False,740,oscillated,-1,False,5
seqpert_depth,depth,,1,0.3125,5,2d94,36b4,False,740,oscillated,-1,False,5
seqpert_depth,depth,,1,0.3125,5,37b4,2eb4,False,740,oscillated,-1,False,5
seqpert_depth,depth,,1,0.3125,5,11dc,42f8,True,17,spurious,-1,False,5
seqpert_depth,depth,,1,0.1875,3,1f9f,797,False,740,oscillated,-1,False,5
seqpert_depth,depth,,1,0.3125,5,23c5,395,True,6,spurious,-1,False,5
seqpert_depth,depth,,1,0.1875,3,9f85,9f05,False,740,oscillated,-1,False,5
seqpert_depth,depth,,1,0.1875,3,191d,1915,False,740,oscillated,-1,False,5
seqpert_depth,depth,,1,0.1875,3,1894,58a4,True,15,spurious,-1,False,5
seqpert_depth,depth,,1,0.3125,5,1d89,1905,True,9,spurious,-1,False,5
seqpert_depth,depth,,1,0.3125,5,4a99,12b4,False,740,oscillated,-1,False,5
seqpert_depth,depth,,1,0.1875,3,3bc5,1b05,False,740,oscillated,-1,False,5
seqpert_depth,depth,,1,0.1875,3,1dd5,1915,False,740,oscillated,-1,False,5
seqpert_depth,depth,,1,0.3125,5,31c5,395,True,17,spurious,-1,False,5
seqpert_depth,depth,,1,0.1875,3,9bd4,2b4,True,7,spurious,-1,False,5
seqpert_depth,depth,,1,0.3125,5,281,2b4,True,7,spurious,-1,False,5
seqpert_depth,depth,,1,0.0625,1,1b94,58a4,True,21,spurious,-1,False,5
seqpert_depth,depth,,1,0.3125,5,3baf,78a6,False,740,oscillated,-1,False,5
seqpert_depth,depth,,1,0.1875,3,9b81,1b05,False,740,oscillated,-1,False,5
seqpert_depth,depth,,1,0.3125,5,7f96,fca6,True,7,wrong_pattern,0,False,5
seqpert_depth,depth,,1,0.3125,5,1b3e,395,True,9,spurious,-1,False,5
seqpert_depth,depth,,1,0.3125,5,a16,1395,False,740,oscillated,-1,False,5
seqpert_depth,depth,,1,0.0625,1,1395,b95,False,740,oscillated,-1,False,5
seqpert_depth,depth,,1,0.1875,3,939d,395,True,7,spurious,-1,False,5
seqpert_depth,depth,,1,0.1875,3,9f9d,8795,False,740,oscillated,-1,False,5
seqpert_depth,depth,,1,0.1875,3,1f05,1b05,False,740,oscillated,-1,False,5
seqpert_depth,depth,,1,0.1875,3,7bd5,1905,True,13,spurious,-1,False,5
seqpert_depth,depth,,1,0.3125,5,1845,1905,True,6,spurious,-1,False,5
seqpert_depth,depth,,1,0.3125,5,1bfe,2b4,True,7,spurious,-1,False,5
seqpert_depth,depth,,1,0.3125,5,17d6,6b6,False,740,oscillated,-1,False,5
seqpert_depth,depth,,1,0.3125,5,378d,2f95,False,740,oscillated,-1,False,5
seqpert_depth,depth,,1,0.3125,5,97b4,8eb4,False,740,oscillated,-1,False,5
seqpert_depth,depth,,1,0.1875,3,1785,b95,False,740,oscillated,-1,False,5
seqpert_depth,depth,,1,0.3125,5,919f,8b97,False,740,oscillated,-1,False,5
seqpert_depth,depth,,1,0.3125,5,1d86,5ca6,False,740,oscillated,-1,False,5
seqpert_depth,depth,,1,0.1875,3,9385,b95,False,740,oscillated,-1,False,5
seqpert_depth,depth,,1,0.3125,5,fb3,6b6,False,740,oscillated,-1,False,5
seqpert_depth,depth,,1,0.1875,3,1791,395,True,7,spurious,-1,False,5
seqpert_depth,depth,,1,0.3125,5,13e1,42f8,True,17,spurious,-1,False,5
seqpert_depth,depth,,1,0.3125,5,907,1905,True,7,spurious,-1,False,5
seqpert_depth,depth,,1,0.3125,5,311d,359,True,21,spurious,-1,False,5
seqpert_depth,depth,,1,0.1875,3,1d9d,1915,False,740,oscillated,-1,False,5
seqpert_depth,depth,,1,0.1875,3,2b91,395,True,7,spurious,-1,False,5
seqpert_depth,depth,,1,0.1875,3,5bd4,58a4,True,7,spurious,-1,False,5
seqpert_depth,depth,,1,0.3125,5,9ad0,2b4,True,7,spurious,-1,False,5
seqpert_depth,depth,,1,0.3125,5,b996,fca6,True,18,wrong_pattern,0,False,5
seqpert_depth,depth,,1,0.3125,5,9b59,359,True,7,spurious,-1,False,5
seqpert_depth,depth,,1,0.1875,3,7f95,3d05,False,740,oscillated,-1,False,5
seqpert_depth,depth,,1,0.3125,5,d993,9907,False,740,oscillated,-1,False,5
seqpert_depth,depth,,1,0.3125,5,438d,359,True,15,spurious,-1,False,5
seqpert_depth,depth,,1,0.3125,5,4e97,16b6,False,740,oscillated,-1,False,5
seqpert_depth,depth,,1,0.3125,5,1aac,58a4,True,15,spurious,-1,False,5
seqpert_depth,depth,,1,0.3125,5,9325,b05,False,740,oscillated,-1,False,5
seqpert_depth,depth,,1,0.3125,5,4d91,1905,True,13,spurious,-1,False,5
seqpert_depth,depth,,1,0.1875,3,59d5,1905,True,11,spurious,-1,False,5
seqpert_depth,depth,,1,0.1875,3,1815,1915,False,740,oscillated,-1,False,5
seqpert_depth,depth,,1,0.1875,3,bd1,395,True,21,spurious,-1,False,5
seqpert_depth,depth,,1,0.1875,3,1e91,2b4,True,7,spurious,-1,False,5
seqpert_depth,depth,,1,0.3125,5,1321,359,True,21,spurious,-1,False,5
seqpert_depth,depth,,1,0.1875,3,997,1395,False,740,oscillated,-1,False,5
seqpert_depth,depth,,1,0.3125,5,2be5,2b4,True,17,spurious,-1,False,5
seqpert_depth,depth,,1,0.1875,3,3bd7,2397,False,740,oscillated,-1,False,5
seqpert_depth,depth,,1,0.3125,5,9301,359,True,21,spurious,-1,False,5
seqpert_depth,depth,,2,0.1875,3,a276,e6fa,True,21,spurious,-1,False,5
seqpert_depth,depth,,2,0.3125,5,6db6,fca6,True,14,wrong_pattern,0,False,5
seqpert_depth,depth,,2,0.1875,3,a0f6,a6b6,True,6,correct,2,True,5
seqpert_depth,depth,,2,0.1875,3,82a6,82b6,False,740,oscillated,-1,False,5
seqpert_depth,depth,,2,0.1875,3,a0be,a6b6,True,6,correct,2,True,5
seqpert_depth,depth,,2,0.3125,5,d6bf,aeb6,False,740,oscillated,-1,False,5
seqpert_depth,depth,,2,0.1875,3,e686,fca6,True,14,wrong_pattern,0,False,5
seqpert_depth,depth,,2,0.3125,5,25b0,26b4,False,740,oscillated,-1,False,5
seqpert_depth,depth,,2,0.0625,1,26b6,a6b6,True,4,correct,2,True,5
seqpert_depth,depth,,2,0.1875,3,c7b6,a6b6,True,11,correct,2,True,5
seqpert_depth,depth,,2,0.3125,5,3716,af97,False,740,oscillated,-1,False,5
seqpert_depth,depth,,2,0.1875,3,a6bd,a6b6,True,6,correct,2,True,5
seqpert_depth,depth,,2,0.3125,5,c6d2,e6fa,True,6,spurious,-1,False,5
seqpert_depth,depth,,2,0.3125,5,b0b3,a6b6,True,17,correct,2,True,5
seqpert_depth,depth,,2,0.3125,5,f5a6,fca6,True,7,wrong_pattern,0,False,5
seqpert_depth,depth,,2,0.1875,3,a29e,a6b6,True,6,correct,2,True,5
seqpert_depth,depth,,2,0.1875,3,a63c,e6fa,True,21,spurious,-1,False,5
seqpert_depth,depth,,2,0.3125,5,7ba,6b6,False,740,oscillated,-1,False,5
seqpert_depth,depth,,2,0.3125,5,8277,835b,False,740,oscillated,-1,False,5
seqpert_depth,depth,,2,0.1875,3,a276,e6fa,True,21,spurious,-1,False,5
seqpert_depth,depth,,2,0.1875,3,afbe,a6b6,True,7,correct,2,True,5
seqpert_depth,depth,,2,0.3125,5,c4f4,c4f8,False,740,oscillated,-1,False,5
seqpert_depth,depth,,2,0.3125,5,e0b3,e6fa,True,15,spurious,-1,False,5
seqpert_depth,depth,,2,0.3125,5,eed7,b6b6,False,740,oscillated,-1,False,5
seqpert_depth,depth,,2,0.1875,3,a0b2,a6b6,True,6,correct,2,True,5
seqpert_depth,depth,,2,0.1875,3,e736,a75b,True,14,spurious,-1,False,5
seqpert_depth,depth,,2,0.3125,5,ae3b,a75b,True,7,spurious,-1,False,5
seqpert_depth,depth,,2,0.1875,3,86b3,a6b6,True,6,correct,2,True,5
seqpert_depth,depth,,2,0.1875,3,2496,a6b6,True,5,correct,2,True,5
seqpert_depth,depth,,2,0.3125,5,42b2,42f8,True,16,spurious,-1,False,5
seqpert_depth,depth,,2,0.1875,3,8637,a797,True,9,spurious,-1,False,5
seqpert_depth,depth,,2,0.1875,3,e7b4,a6b6,True,11,correct,2,True,5
seqpert_depth,depth,,2,0.1875,3,e2b2,e6fa,True,16,spurious,-1,False,5
seqpert_depth,depth,,2,0.3125,5,b2d2,a6b6,True,17,correct,2,True,5
seqpert_depth,depth,,2,0.3125,5,26e3,a6b6,True,17,correct,2,True,5
seqpert_depth,depth,,2,0.1875,3,636,6b6,False,740,oscillated,-1,False,5
seqpert_depth,depth,,2,0.3125,5,23e6,22b6,False,740,oscillated,-1,False,5
seqpert_depth,depth,,2,0.3125,5,e227,fd4b,True,19,spurious,-1,False,5
seqpert_depth,depth,,2,0.1875,3,a79e,a6b6,True,7,correct,2,True,5
seqpert_depth,depth,,2,0.3125,5,66b1,66f8,False,740,oscillated,-1,False,5
seqpert_depth,depth,,2,0.3125,5,80a7,d8a6,False,740,oscillated,-1,False,5
seqpert_depth,depth,,2,0.1875,3,64b6,fca6,True,11,wrong_pattern,0,False,5
seqpert_depth,depth,,2,0.1875,3,96f6,a6b6,True,7,correct,2,True,5
seqpert_depth,depth,,2,0.3125,5,82ee,82b6,False,740,oscillated,-1,False,5
seqpert_depth,depth,,2,0.1875,3,a4a7,a6b6,True,5,correct,2,True,5
seqpert_depth,depth,,2,0.0625,1,a7b6,a6b6,True,4,correct,2,True,5
seqpert_depth,depth,,2,0.0625,1,a6b2,a6b6,True,6,correct,2,True,5
seqpert_depth,depth,,2,0.1875,3,c6a6,fca6,True,11,wrong_pattern,0,False,5
seqpert_depth,depth,,2,0.1875,3,6f6,6b6,False,740,oscillated,-1,False,5
seqpert_depth,depth,,2,0.1875,3,e6bf,e6fa,True,16,spurious,-1,False,5
seqpert_depth,depth,,2,0.1875,3,b2be,a6b6,True,7,correct,2,True,5
seqpert_depth,depth,,2,0.3125,5,7ba,6b6,False,740,oscillated,-1,False,5
seqpert_depth,depth,,2,0.3125,5,e49c,e6fa,True,15,spurious,-1,False,5
seqpert_depth,depth,,2,0.3125,5,7b3,6b6,False,740,oscillated,-1,False,5
seqpert_depth,depth,,2,0.1875,3,f6b2,aeb6,False,740,oscillated,-1,False,5
seqpert_depth,depth,,2,0.3125,5,b72e,a75b,True,17,spurious,-1,False,5
seqpert_depth,depth,,2,0.1875,3,a426,fca6,True,23,wrong_pattern,0,False,5
seqpert_depth,depth,,2,0.3125,5,2b3,2b4,True,6,spurious,-1,False,5
seqpert_depth,depth,,2,0.1875,3,36be,a6b6,True,7,correct,2,True,5
seqpert_depth,depth,,2,0.3125,5,e495,fca6,True,17,wrong_pattern,0,False,5
seqpert_depth,depth,,2,0.3125,5,9e34,dca4,False,740,oscillated,-1,False,5
seqpert_depth,depth,,2,0.1875,3,9636,aeb6,False,740,oscillated,-1,False,5
seqpert_depth,depth,,2,0.3125,5,a8e6,a6b6,True,17,correct,2,True,5
seqpert_depth,depth,,2,0.1875,3,22a6,22b6,False,740,oscillated,-1,False,5
seqpert_depth,depth,,2,0.1875,3,aeae,a6b6,True,17,correct,2,True,5
seqpert_depth,depth,,2,0.1875,3,a73e,a75b,True,16,spurious,-1,False,5
seqpert_depth,depth,,2,0.0625,1,e6b6,a6b6,True,11,correct,2,True,5
seqpert_depth,depth,,2,0.3125,5,2277,235b,False,740,oscillated,-1,False,5
seqpert_depth,depth,,2,0.1875,3,f636,fca6,True,15,wrong_pattern,0,False,5
seqpert_depth,depth,,2,0.1875,3,a6b8,a6b6,True,16,correct,2,True,5
seqpert_depth,depth,,2,0.3125,5,a53c,a75b,True,12,spurious,-1,False,5
seqpert_depth,depth,,2,0.3125,5,e206,fd4b,True,19,spurious,-1,False,5
seqpert_depth,depth,,2,0.3125,5,e7e2,e6ea,False,740,oscillated,-1,False,5
seqpert_depth,depth,,2,0.0625,1,a696,a6b6,True,4,correct,2,True,5
seqpert_depth,depth,,2,0.0625,1,26b6,a6b6,True,4,correct,2,True,5
seqpert_depth,depth,,2,0.3125,5,4ae,6b6,False,740,oscillated,-1,False,5
seqpert_depth,depth,,2,0.1875,3,e6b5,a6b6,True,11,correct,2,True,5
seqpert_depth,depth,,2,0.1875,3,a7f4,a6b6,True,6,correct,2,True,5
seqpert_depth,depth,,2,0.3125,5,a7e5,a6b6,True,7,correct,2,True,5
seqpert_depth,depth,,2,0.3125,5,a3c6,a6b6,True,7,correct,2,True,5
seqpert_depth,depth,,2,0.3125,5,9232,82b6,False,740,oscillated,-1,False,5
seqpert_depth,depth,,2,0.3125,5,f7a2,fca6,True,16,wrong_pattern,0,False,5
seqpert_depth,depth,,2,0.1875,3,27be,a6b6,True,6,correct,2,True,5
seqpert_depth,depth,,2,0.1875,3,aca6,fca6,True,23,wrong_pattern,0,False,5
seqpert_depth,depth,,2,0.1875,3,a3b4,a2b4,False,740,oscillated,-1,False,5
seqpert_depth,depth,,2,0.3125,5,9e97,fca6,True,21,wrong_pattern,0,False,5
seqpert_depth,depth,,2,0.1875,3,2694,26b4,False,740,oscillated,-1,False,5
seqpert_depth,depth,,2,0.3125,5,8e77,a75b,True,16,spurious,-1,False,5
seqpert_depth,depth,,2,0.1875,3,a0f6,a6b6,True,6,correct,2,True,5
seqpert_depth,depth,,2,0.3125,5,25bc,26b4,False,740,oscillated,-1,False,5
seqpert_depth,depth,,2,0.1875,3,b686,aeb6,False,740,oscillated,-1,False,5
seqpert_depth,depth,,2,0.3125,5,adba,e6fa,True,16,spurious,-1,False,5
seqpert_depth,depth,,2,0.3125,5,6237,235b,False,740,oscillated,-1,False,5
seqpert_depth,depth,,2,0.1875,3,8626,a6b6,True,9,correct,2,True,5
seqpert_depth,depth,,2,0.3125,5,2a97,32b6,False,740,oscillated,-1,False,5
seqpert_depth,depth,,2,0.1875,3,eebe,b6b6,False,740,oscillated,-1,False,5
seqpert_depth,depth,,2,0.3125,5,b4e7,a6b6,True,17,correct,2,True,5
seqpert_depth,depth,,2,0.3125,5,e680,e6fa,True,15,spurious,-1,False,5
seqpert_depth,depth,,2,0.3125,5,2a76,22b6,False,740,oscillated,-1,False,5
seqpert_depth,depth,,2,0.3125,5,7bf,6b6,False,740,oscillated,-1,False,5
seqpert_depth,depth,,3,0.3125,5,f584,fca6,True,7,wrong_pattern,0,False,5
seqpert_depth,depth,,3,0.3125,5,d945,5949,True,16,spurious,-1,False,5
seqpert_depth,depth,,3,0.1875,3,bc26,fca6,True,11,wrong_pattern,0,False,5
seqpert_depth,depth,,3,0.1875,3,b703,a75b,True,21,spurious,-1,False,5
seqpert_depth,depth,,3,0.3125,5,f785,bd07,True,19,correct,3,True,5
seqpert_depth,depth,,3,0.1875,3,ed47,fd4b,True,17,spurious,-1,False,5
seqpert_depth,depth,,3,0.0625,1,3d07,bd07,True,4,correct,3,True,5
seqpert_depth,depth,,3,0.3125,5,bf1a,a75b,True,17,spurious,-1,False,5
seqpert_depth,depth,,3,0.3125,5,cd1f,fd4b,True,21,spurious,-1,False,5
seqpert_depth,depth,,3,0.3125,5,5d45,5949,True,16,spurious,-1,False,5
seqpert_depth,depth,,3,0.3125,5,1c01,1905,True,6,spurious,-1,False,5
seqpert_depth,depth,,3,0.3125,5,fc09,fd4b,True,6,spurious,-1,False,5
seqpert_depth,depth,,3,0.1875,3,b417,ad17,False,740,oscillated,-1,False,5
seqpert_depth,depth,,3,0.1875,3,9d16,bd17,False,740,oscillated,-1,False,5
seqpert_depth,depth,,3,0.1875,3,be06,bf07,False,740,oscillated,-1,False,5
seqpert_depth,depth,,3,0.3125,5,bc6e,fca6,True,14,wrong_pattern,0,False,5
seqpert_depth,depth,,3,0.1875,3,b103,ed4b,False,740,oscillated,-1,False,5
seqpert_depth,depth,,3,0.3125,5,f70b,fd4b,True,17,spurious,-1,False,5
seqpert_depth,depth,,3,0.1875,3,a927,bd07,True,7,correct,3,True,5
seqpert_depth,depth,,3,0.1875,3,bd42,bd07,True,16,correct,3,True,5
seqpert_depth,depth,,3,0.0625,1,bd27,bd07,True,4,correct,3,True,5
seqpert_depth,depth,,3,0.3125,5,5d2f,5d4b,False,740,oscillated,-1,False,5
seqpert_depth,depth,,3,0.3125,5,8d2d,d549,False,740,oscillated,-1,False,5
seqpert_depth,depth,,3,0.3125,5,3d73,bd07,True,15,correct,3,True,5
seqpert_depth,depth,,3,0.1875,3,ed47,fd4b,True,17,spurious,-1,False,5
seqpert_depth,depth,,3,0.1875,3,9d16,bd17,False,740,oscillated,-1,False,5
seqpert_depth,depth,,3,0.1875,3,b913,bd17,False,740,oscillated,-1,False,5
seqpert_depth,depth,,3,0.1875,3,3d0d,3d05,False,740,oscillated,-1,False,5
seqpert_depth,depth,,3,0.1875,3,b943,bd07,True,16,correct,3,True,5
seqpert_depth,depth,,3,0.1875,3,8d0f,f54b,False,740,oscillated,-1,False,5
seqpert_depth,depth,,3,0.1875,3,3587,bf97,True,7,spurious,-1,False,5
seqpert_depth,depth,,3,0.0625,1,9d07,bd07,True,4,correct,3,True,5
seqpert_depth,depth,,3,0.1875,3,bd66,bd07,True,7,correct,3,True,5
seqpert_depth,depth,,3,0.1875,3,3d43,bd07,True,16,correct,3,True,5
seqpert_depth,depth,,3,0.3125,5,9a27,9b07,False,740,oscillated,-1,False,5
seqpert_depth,depth,,3,0.1875,3,b403,ed4b,False,740,oscillated,-1,False,5
seqpert_depth,depth,,3,0.0625,1,9d07,bd07,True,4,correct,3,True,5
seqpert_depth,depth,,3,0.3125,5,3402,ed4b,False,740,oscillated,-1,False,5
seqpert_depth,depth,,3,0.3125,5,a99f,a797,True,17,spurious,-1,False,5
seqpert_depth,depth,,3,0.3125,5,6d2f,fd4b,True,17,spurious,-1,False,5
seqpert_depth,depth,,3,0.1875,3,bf1f,a797,True,14,spurious,-1,False,5
seqpert_depth,depth,,3,0.3125,5,b5d3,a797,True,21,spurious,-1,False,5
seqpert_depth,depth,,3,0.1875,3,a917,b517,False,740,oscillated,-1,False,5
seqpert_depth,depth,,3,0.1875,3,b307,af07,False,740,oscillated,-1,False,5
seqpert_depth,depth,,3,0.1875,3,f906,bd07,True,12,correct,3,True,5
seqpert_depth,depth,,3,0.1875,3,bc2f,bd07,True,7,correct,3,True,5
seqpert_depth,depth,,3,0.1875,3,af0f,a75b,True,21,spurious,-1,False,5
seqpert_depth,depth,,3,0.1875,3,bd1b,bd17,False,740,oscillated,-1,False,5
seqpert_depth,depth,,3,0.3125,5,1945,1905,True,6,spurious,-1,False,5
seqpert_depth,depth,,3,0.3125,5,950c,cd49,False,740,oscillated,-1,False,5
seqpert_depth,depth,,3,0.1875,3,ad01,f54b,False,740,oscillated,-1,False,5
seqpert_depth,depth,,3,0.1875,3,bf37,bf97,True,9,spurious,-1,False,5
seqpert_depth,depth,,3,0.1875,3,5d07,1d07,False,740,oscillated,-1,False,5
seqpert_depth,depth,,3,0.1875,3,9917,9917,False,740,oscillated,-1,False,5
seqpert_depth,depth,,3,0.1875,3,3d23,bd07,True,6,correct,3,True,5
seqpert_depth,depth,,3,0.1875,3,3d46,bd07,True,6,correct,3,True,5
seqpert_depth,depth,,3,0.3125,5,bdc0,fca6,True,14,wrong_pattern,0,False,5
seqpert_depth,depth,,3,0.3125,5,bb21,bb05,False,740,oscillated,-1,False,5
seqpert_depth,depth,,3,0.1875,3,dd87,bd07,True,11,correct,3,True,5
seqpert_depth,depth,,3,0.3125,5,fc82,fca6,True,6,wrong_pattern,0,False,5
seqpert_depth,depth,,3,0.3125,5,3d6d,3d05,False,740,oscillated,-1,False,5
seqpert_depth,depth,,3,0.3125,5,191f,1915,False,740,oscillated,-1,False,5
seqpert_depth,depth,,3,0.3125,5,3d94,7ca4,False,740,oscillated,-1,False,5
seqpert_depth,depth,,3,0.0625,1,bf07,bf07,False,740,oscillated,-1,False,5
seqpert_depth,depth,,3,0.1875,3,fe07,bd07,True,13,correct,3,True,5
seqpert_depth,depth,,3,0.1875,3,bd12,bd17,False,740,oscillated,-1,False,5
seqpert_depth,depth,,3,0.3125,5,f514,bd07,True,13,correct,3,True,5
seqpert_depth,depth,,3,0.1875,3,2c07,bd07,True,7,correct,3,True,5
seqpert_depth,depth,,3,0.0625,1,bd05,bd07,True,4,correct,3,True,5
seqpert_depth,depth,,3,0.1875,3,b103,ed4b,False,740,oscillated,-1,False,5
seqpert_depth,depth,,3,0.1875,3,3d97,bd17,False,740,oscillated,-1,False,5
seqpert_depth,depth,,3,0.1875,3,bb47,bf07,False,740,oscillated,-1,False,5
seqpert_depth,depth,,3,0.3125,5,b453,a75b,True,16,spurious,-1,False,5
seqpert_depth,depth,,3,0.1875,3,fd0d,fd4b,True,16,spurious,-1,False,5
seqpert_depth,depth,,3,0.1875,3,bd35,bd17,False,740,oscillated,-1,False,5
seqpert_depth,depth,,3,0.3125,5,3c96,fca6,True,15,wrong_pattern,0,False,5
seqpert_depth,depth,,3,0.1875,3,b827,bd07,True,7,correct,3,True,5
seqpert_depth,depth,,3,0.3125,5,1904,1905,True,4,spurious,-1,False,5
seqpert_depth,depth,,3,0.1875,3,9d85,9d05,False,740,oscillated,-1,False,5
seqpert_depth,depth,,3,0.1875,3,bf57,a797,True,14,spurious,-1,False,5
seqpert_depth,depth,,3,0.1875,3,b127,bd07,True,7,correct,3,True,5
seqpert_depth,depth,,3,0.3125,5,b508,ed4b,False,740,oscillated,-1,False,5
seqpert_depth,depth,,3,0.3125,5,1967,1905,True,6,spurious,-1,False,5
seqpert_depth,depth,,3,0.3125,5,ba04,bb05,False,740,oscillated,-1,False,5
seqpert_depth,depth,,3,0.3125,5,1945,1905,True,6,spurious,-1,False,5
seqpert_depth,depth,,3,0.3125,5,9d54,9d15,False,740,oscillated,-1,False,5
seqpert_depth,depth,,3,0.3125,5,f941,f949,False,740,oscillated,-1,False,5
seqpert_depth,depth,,3,0.3125,5,b5a1,a6b6,True,17,wrong_pattern,2,False,5
seqpert_depth,depth,,3,0.1875,3,b147,ed4b,False,740,oscillated,-1,False,5
seqpert_depth,depth,,3,0.0625,1,bd17,bd17,False,740,oscillated,-1,False,5
seqpert_depth,depth,,3,0.1875,3,dd03,fd4b,True,16,spurious,-1,False,5
seqpert_depth,depth,,3,0.0625,1,b907,bd07,True,4,correct,3,True,5
seqpert_depth,depth,,3,0.1875,3,7d27,bd07,True,12,correct,3,True,5
seqpert_depth,depth,,3,0.3125,5,9137,8917,False,740,oscillated,-1,False,5
seqpert_depth,depth,,3,0.1875,3,b9a7,fca6,True,12,wrong_pattern,0,False,5
seqpert_depth,depth,,3,0.1875,3,bcc7,fca6,True,14,wrong_pattern,0,False,5
seqpert_depth,depth,,3,0.3125,5,9593,a797,True,17,spurious,-1,False,5
seqpert_depth,depth,,3,0.3125,5,f0f,75b,False,740,oscillated,-1,False,5
seqpert_depth,depth,,3,0.1875,3,8d87,bf97,True,7,spurious,-1,False,5
seqpert_depth,depth,,3,0.3125,5,a963,f54b,False,740,oscillated,-1,False,5
seqpert_depth,depth,,0,0.25,4,bdbe,fca6,True,15,correct,0,True,6
seqpert_depth,depth,,0,0.25,4,9ce4,dca4,False,740,oscillated,-1,False,6
seqpert_depth,depth,,0,0.375,6,3dec,7ca4,False,740,oscillated,-1,False,6
seqpert_depth,depth,,0,0.375,6,388a,78a6,False,740,oscillated,-1,False,6
seqpert_depth,depth,,0,0.375,6,fa8b,fca6,True,12,correct,0,True,6
seqpert_depth,depth,,0,0.375,6,a8ea,e6fa,True,13,spurious,-1,False,6
seqpert_depth,depth,,0,0.25,4,78b2,78a6,False,740,oscillated,-1,False,6
seqpert_depth,depth,,0,0.25,4,f4d6,fca6,True,16,correct,0,True,6
seqpert_depth,depth,,0,0.25,4,d4af,fca6,True,7,correct,0,True,6
seqpert_depth,depth,,0,0.25,4,b8a0,f8a4,False,740,oscillated,-1,False,6
seqpert_depth,depth,,0,0.375,6,ba32,a6b6,True,9,wrong_pattern,2,False,6
seqpert_depth,depth,,0,0.125,2,3ca6,fca6,True,11,correct,0,True,6
seqpert_depth,depth,,0,0.25,4,fced,fca6,True,12,correct,0,True,6
seqpert_depth,depth,,0,0.25,4,b82e,fca6,True,11,correct,0,True,6
seqpert_depth,depth,,0,0.375,6,bc01,bd07,True,6,wrong_pattern,3,False,6
seqpert_depth,depth,,0,0.125,2,fea2,fca6,True,6,correct,0,True,6
seqpert_depth,depth,,0,0.25,4,bdac,fca6,True,12,correct,0,True,6
seqpert_depth,depth,,0,0.25,4,beb4,fca6,True,15,correct,0,True,6
seqpert_depth,depth,,0,0.25,4,b9e6,fca6,True,12,correct,0,True,6
seqpert_depth,depth,,0,0.25,4,ff96,fca6,True,7,correct,0,True,6
seqpert_depth,depth,,0,0.25,4,e88e,fca6,True,7,correct,0,True,6
seqpert_depth,depth,,0,0.25,4,dfa2,fca6,True,6,correct,0,True,6
seqpert_depth,depth,,0,0.375,6,b842,bd07,True,17,wrong_pattern,3,False,6
seqpert_depth,depth,,0,0.375,6,ebb2,b6b6,False,740,oscillated,-1,False,6
seqpert_depth,depth,,0,0.25,4,f7ae,fca6,True,16,correct,0,True,6
seqpert_depth,depth,,0,0.25,4,7eb2,fca6,True,6,correct,0,True,6
seqpert_depth,depth,,0,0.25,4,f4e5,fca6,True,7,correct,0,True,6
seqpert_depth,depth,,0,0.25,4,d6a7,fca6,True,14,correct,0,True,6
seqpert_depth,depth,,0,0.25,4,efb6,b6b6,False,740,oscillated,-1,False,6
seqpert_depth,depth,,0,0.25,4,70e6,78a6,False,740,oscillated,-1,False,6
seqpert_depth,depth,,0,0.375,6,9e3e,a6b6,True,9,wrong_pattern,2,False,6
seqpert_depth,depth,,0,0.25,4,f437,bd07,True,15,wrong_pattern,3,False,6
seqpert_depth,depth,,0,0.25,4,3cb4,7ca4,False,740,oscillated,-1,False,6
seqpert_depth,depth,,0,0.375,6,cef2,b6b6,False,740,oscillated,-1,False,6
seqpert_depth,depth,,0,0.25,4,7cfe,fca6,True,11,correct,0,True,6
seqpert_depth,depth,,0,0.375,6,e932,bd07,True,17,wrong_pattern,3,False,6
seqpert_depth,depth,,0,0.375,6,f7d6,aeb6,False,740,oscillated,-1,False,6
seqpert_depth,depth,,0,0.375,6,6c77,bd07,True,17,wrong_pattern,3,False,6
seqpert_depth,depth,,0,0.25,4,38a7,78a6,False,740,oscillated,-1,False,6
seqpert_depth,depth,,0,0.375,6,fa0c,f949,False,740,oscillated,-1,False,6
seqpert_depth,depth,,0,0.25,4,7cb3,fca6,True,6,correct,0,True,6
seqpert_depth,depth,,0,0.375,6,cef2,b6b6,False,740,oscillated,-1,False,6
seqpert_depth,depth,,0,0.125,2,dea6,fca6,True,5,correct,0,True,6
seqpert_depth,depth,,0,0.25,4,fe3e,fc6a,True,21,spurious,-1,False,6
seqpert_depth,depth,,0,0.125,2,f4ae,fca6,True,7,correct,0,True,6
seqpert_depth,depth,,0,0.25,4,f8c2,fca6,True,12,correct,0,True,6
seqpert_depth,depth,,0,0.25,4,76b6,aeb6,False,740,oscillated,-1,False,6
seqpert_depth,depth,,0,0.375,6,e865,b905,False,740,oscillated,-1,False,6
seqpert_depth,depth,,0,0.375,6,f737,bd07,True,13,wrong_pattern,3,False,6
seqpert_depth,depth,,0,0.25,4,daa4,58a4,True,5,spurious,-1,False,6
seqpert_depth,depth,,0,0.375,6,e874,f824,False,740,oscillated,-1,False,6
seqpert_depth,depth,,0,0.125,2,d8a6,d8a6,False,740,oscillated,-1,False,6
seqpert_depth,depth,,0,0.375,6,ba34,f8a4,False,740,oscillated,-1,False,6
seqpert_depth,depth,,0,0.125,2,fcb4,fca6,True,5,correct,0,True,6
seqpert_depth,depth,,0,0.375,6,6407,fd4b,True,7,spurious,-1,False,6
seqpert_depth,depth,,0,0.25,4,ffe4,fca6,True,6,correct,0,True,6
seqpert_depth,depth,,0,0.25,4,9da4,dca4,False,740,oscillated,-1,False,6
seqpert_depth,depth,,0,0.125,2,bca4,fca6,True,11,correct,0,True,6
seqpert_depth,depth,,0,0.375,6,8cb3,a6b6,True,17,wrong_pattern,2,False,6
seqpert_depth,depth,,0,0.25,4,78a3,78a6,False,740,oscillated,-1,False,6
seqpert_depth,depth,,0,0.375,6,789f,78a6,False,740,oscillated,-1,False,6
seqpert_depth,depth,,0,0.125,2,e4a6,fca6,True,7,correct,0,True,6
seqpert_depth,depth,,0,0.125,2,fc27,bd07,True,15,wrong_pattern,3,False,6
seqpert_depth,depth,,0,0.25,4,7ee4,7ca4,False,740,oscillated,-1,False,6
seqpert_depth,depth,,0,0.25,4,7c92,fca6,True,6,correct,0,True,6
seqpert_depth,depth,,0,0.375,6,75ec,7ca4,False,740,oscillated,-1,False,6
seqpert_depth,depth,,0,0.25,4,4c26,5ca6,False,740,oscillated,-1,False,6
seqpert_depth,depth,,0,0.25,4,7fae,fca6,True,6,correct,0,True,6
seqpert_depth,depth,,0,0.25,4,76e6,fca6,True,16,correct,0,True,6
seqpert_depth,depth,,0,0.25,4,ff27,bd07,True,13,wrong_pattern,3,False,6
seqpert_depth,depth,,0,0.375,6,ae32,e6fa,True,16,spurious,-1,False,6
seqpert_depth,depth,,0,0.25,4,beaf,fca6,True,15,correct,0,True,6
seqpert_depth,depth,,0,0.375,6,d1c6,d8a6,False,740,oscillated,-1,False,6
seqpert_depth,depth,,0,0.25,4,dca1,dca4,False,740,oscillated,-1,False,6
seqpert_depth,depth,,0,0.25,4,d986,d8a6,False,740,oscillated,-1,False,6
seqpert_depth,depth,,0,0.375,6,6a2e,7826,False,740,oscillated,-1,False,6
seqpert_depth,depth,,0,0.25,4,e5b6,fca6,True,14,correct,0,True,6
seqpert_depth,depth,,0,0.375,6,9a8e,d8a6,False,740,oscillated,-1,False,6
seqpert_depth,depth,,0,0.25,4,b4a0,a6b6,True,17,wrong_pattern,2,False,6
seqpert_depth,depth,,0,0.25,4,ec92,fca6,True,16,correct,0,True,6
seqpert_depth,depth,,0,0.375,6,d80f,d94b,False,740,oscillated,-1,False,6
seqpert_depth,depth,,0,0.25,4,f4f2,fca6,True,21,correct,0,True,6
seqpert_depth,depth,,0,0.125,2,7da6,fca6,True,4,correct,0,True,6
seqpert_depth,depth,,0,0.25,4,dc3e,fc6a,True,21,spurious,-1,False,6
seqpert_depth,depth,,0,0.25,4,ecb0,fca6,True,16,correct,0,True,6
seqpert_depth,depth,,0,0.25,4,79ae,78a6,False,740,oscillated,-1,False,6
seqpert_depth,depth,,0,0.25,4,e8af,fca6,True,7,correct,0,True,6
seqpert_depth,depth,,0,0.25,4,fcca,fc6a,True,9,spurious,-1,False,6
seqpert_depth,depth,,0,0.375,6,94ec,c6f8,False,740,oscillated,-1,False,6
seqpert_depth,depth,,0,0.375,6,2882,22b6,False,740,oscillated,-1,False,6
seqpert_depth,depth,,0,0.25,4,dc8f,fca6,True,7,correct,0,True,6
seqpert_depth,depth,,0,0.25,4,7cea,fc6a,True,9,spurious,-1,False,6
seqpert_depth,depth,,0,0.375,6,e8eb,f46a,False,740,oscillated,-1,False,6
seqpert_depth,depth,,0,0.375,6,3ced,7ca4,False,740,oscillated,-1,False,6
seqpert_depth,depth,,0,0.25,4,ffa3,fca6,True,7,correct,0,True,6
seqpert_depth,depth,,0,0.25,4,f4bc,fca6,True,16,correct,0,True,6
seqpert_depth,depth,,0,0.375,6,e09e,e6fa,True,15,spurious,-1,False,6
seqpert_depth,depth,,0,0.25,4,ffaf,fca6,True,7,correct,0,True,6
seqpert_depth,depth,,0,0.375,6,f077,bd07,True,17,wrong_pattern,3,False,6
seqpert_depth,depth,,0,0.375,6,48af,58a4,True,7,spurious,-1,False,6
seqpert_depth,depth,,1,0.375,6,374,359,True,16,spurious,-1,False,6
seqpert_depth,depth,,1,0.25,4,2bdd,395,True,21,spurious,-1,False,6
seqpert_depth,depth,,1,0.375,6,43a1,42f8,True,16,spurious,-1,False,6
seqpert_depth,depth,,1,0.125,2,3b97,3b97,False,740,oscillated,-1,False,6
seqpert_depth,depth,,1,0.25,4,3dd,395,True,21,spurious,-1,False,6
seqpert_depth,depth,,1,0.25,4,93dd,395,True,21,spurious,-1,False,6
seqpert_depth,depth,,1,0.375,6,9093,8ab6,False,740,oscillated,-1,False,6
seqpert_depth,depth,,1,0.25,4,da85,58a4,True,7,spurious,-1,False,6
seqpert_depth,depth,,1,0.375,6,9d80,dca4,False,740,oscillated,-1,False,6
seqpert_depth,depth,,1,0.25,4,7b93,3907,False,740,oscillated,-1,False,6
seqpert_depth,depth,,1,0.25,4,3815,1915,False,740,oscillated,-1,False,6
seqpert_depth,depth,,1,0.25,4,b13,359,True,11,spurious,-1,False,6
seqpert_depth,depth,,1,0.375,6,1349,359,True,11,spurious,-1,False,6
seqpert_depth,depth,,1,0.25,4,5f96,5ca6,False,740,oscillated,-1,False,6
seqpert_depth,depth,,1,0.375,6,7a4,2b4,True,5,spurious,-1,False,6
seqpert_depth,depth,,1,0.125,2,1b81,1b05,False,740,oscillated,-1,False,6
seqpert_depth,depth,,1,0.25,4,3b3d,395,True,9,spurious,-1,False,6
seqpert_depth,depth,,1,0.125,2,1895,58a4,True,18,spurious,-1,False,6
seqpert_depth,depth,,1,0.375,6,57df,797,False,740,oscillated,-1,False,6
seqpert_depth,depth,,1,0.25,4,5fb4,58a4,True,5,spurious,-1,False,6
seqpert_depth,depth,,1,0.375,6,193b,1905,True,15,spurious,-1,False,6
seqpert_depth,depth,,1,0.375,6,b9f1,f8a4,False,740,oscillated,-1,False,6
seqpert_depth,depth,,1,0.25,4,19f7,58a4,True,15,spurious,-1,False,6
seqpert_depth,depth,,1,0.25,4,19f7,58a4,True,7,spurious,-1,False,6
seqpert_depth,depth,,1,0.25,4,1d14,1915,False,740,oscillated,-1,False,6
seqpert_depth,depth,,1,0.25,4,19cd,1905,True,9,spurious,-1,False,6
seqpert_depth,depth,,1,0.375,6,8fa7,b6b6,False,740,oscillated,-1,False,6
seqpert_depth,depth,,1,0.25,4,2f91,2795,False,740,oscillated,-1,False,6
seqpert_depth,depth,,1,0.25,4,da94,58a4,True,5,spurious,-1,False,6
seqpert_depth,depth,,1,0.25,4,1b88,58a4,True,15,spurious,-1,False,6
seqpert_depth,depth,,1,0.375,6,351d,2759,False,740,oscillated,-1,False,6
seqpert_depth,depth,,1,0.375,6,d735,9d05,False,740,oscillated,-1,False,6
seqpert_depth,depth,,1,0.25,4,1893,58a4,True,15,spurious,-1,False,6
seqpert_depth,depth,,1,0.25,4,539f,b95,False,740,oscillated,-1,False,6
seqpert_depth,depth,,1,0.25,4,9bd6,82b6,False,740,oscillated,-1,False,6
seqpert_depth,depth,,1,0.25,4,1d14,1915,False,740,oscillated,-1,False,6
seqpert_depth,depth,,1,0.25,4,9bb0,2b4,True,7,spurious,-1,False,6
seqpert_depth,depth,,1,0.25,4,885,58a4,True,26,spurious,-1,False,6
seqpert_depth,depth,,1,0.375,6,9555,8759,False,740,oscillated,-1,False,6
seqpert_depth,depth,,1,0.375,6,837,1395,False,740,oscillated,-1,False,6
seqpert_depth,depth,,1,0.375,6,f39c,aab4,False,740,oscillated,-1,False,6
seqpert_depth,depth,,1,0.375,6,990c,1905,True,6,spurious,-1,False,6
seqpert_depth,depth,,1,0.375,6,d8f,1797,False,740,oscillated,-1,False,6
seqpert_depth,depth,,1,0.25,4,8a85,12b4,False,740,oscillated,-1,False,6
seqpert_depth,depth,,1,0.375,6,c9f5,58a4,True,18,spurious,-1,False,6
seqpert_depth,depth,,1,0.25,4,9f99,8795,False,740,oscillated,-1,False,6
seqpert_depth,depth,,1,0.375,6,9b2f,9b07,False,740,oscillated,-1,False,6
seqpert_depth,depth,,1,0.25,4,13c4,2b4,True,17,spurious,-1,False,6
seqpert_depth,depth,,1,0.25,4,2b90,2b4,True,7,spurious,-1,False,6
seqpert_depth,depth,,1,0.25,4,935,1115,False,740,oscillated,-1,False,6
seqpert_depth,depth,,1,0.25,4,1a10,395,True,9,spurious,-1,False,6
seqpert_depth,depth,,1,0.25,4,b9b,395,True,21,spurious,-1,False,6
seqpert_depth,depth,,1,0.25,4,9b10,395,True,9,spurious,-1,False,6
seqpert_depth,depth,,1,0.25,4,59d1,1905,True,11,spurious,-1,False,6
seqpert_depth,depth,,1,0.125,2,bb5,12b4,False,740,oscillated,-1,False,6
seqpert_depth,depth,,1,0.125,2,9b97,9b97,False,740,oscillated,-1,False,6
seqpert_depth,depth,,1,0.375,6,7ed1,7ca4,False,740,oscillated,-1,False,6
seqpert_depth,depth,,1,0.375,6,23fd,2b4,True,12,spurious,-1,False,6
seqpert_depth,depth,,1,0.25,4,8bdd,395,True,21,spurious,-1,False,6
seqpert_depth,depth,,1,0.25,4,f395,ab95,False,740,oscillated,-1,False,6
seqpert_depth,depth,,1,0.375,6,cf81,9f05,False,740,oscillated,-1,False,6
seqpert_depth,depth,,1,0.375,6,d881,58a4,True,7,spurious,-1,False,6
seqpert_depth,depth,,1,0.375,6,7eb7,fca6,True,5,wrong_pattern,0,False,6
seqpert_depth,depth,,1,0.375,6,d217,9907,False,740,oscillated,-1,False,6
seqpert_depth,depth,,1,0.25,4,5af5,58a4,True,6,spurious,-1,False,6
seqpert_depth,depth,,1,0.25,4,db35,1905,True,13,spurious,-1,False,6
seqpert_depth,depth,,1,0.25,4,519d,1905,True,13,spurious,-1,False,6
seqpert_depth,depth,,1,0.375,6,2ac7,32b6,False,740,oscillated,-1,False,6
seqpert_depth,depth,,1,0.375,6,f396,aeb6,False,740,oscillated,-1,False,6
seqpert_depth,depth,,1,0.375,6,5fa0,58a4,True,6,spurious,-1,False,6
seqpert_depth,depth,,1,0.125,2,1895,58a4,True,18,spurious,-1,False,6
seqpert_depth,depth,,1,0.25,4,329d,2b4,True,7,spurious,-1,False,6
seqpert_depth,depth,,1,0.125,2,bd5,395,True,7,spurious,-1,False,6
seqpert_depth,depth,,1,0.375,6,43b0,42f8,True,16,spurious,-1,False,6
seqpert_depth,depth,,1,0.25,4,ed5,2b4,True,7,spurious,-1,False,6
seqpert_depth,depth,,1,0.25,4,fd1,395,True,21,spurious,-1,False,6
seqpert_depth,depth,,1,0.375,6,3c9f,fca6,True,15,wrong_pattern,0,False,6
seqpert_depth,depth,,1,0.25,4,ba15,bb95,False,740,oscillated,-1,False,6
seqpert_depth,depth,,1,0.25,4,39d7,3917,False,740,oscillated,-1,False,6
seqpert_depth,depth,,1,0.375,6,efd5,b797,False,740,oscillated,-1,False,6
seqpert_depth,depth,,1,0.375,6,78b1,58a4,True,6,spurious,-1,False,6
seqpert_depth,depth,,1,0.25,4,7bc5,1905,True,11,spurious,-1,False,6
seqpert_depth,depth,,1,0.375,6,d18d,1905,True,11,spurious,-1,False,6
seqpert_depth,depth,,1,0.25,4,1b3c,395,True,9,spurious,-1,False,6
seqpert_depth,depth,,1,0.25,4,5ed5,58a4,True,7,spurious,-1,False,6
seqpert_depth,depth,,1,0.25,4,1954,1915,False,740,oscillated,-1,False,6
seqpert_depth,depth,,1,0.375,6,bff7,a6b6,True,7,wrong_pattern,2,False,6
seqpert_depth,depth,,1,0.375,6,57d3,797,False,740,oscillated,-1,False,6
seqpert_depth,depth,,1,0.25,4,f9c,2b4,True,7,spurious,-1,False,6
seqpert_depth,depth,,1,0.375,6,1d65,1905,True,6,spurious,-1,False,6
seqpert_depth,depth,,1,0.25,4,3d91,3d15,False,740,oscillated,-1,False,6
seqpert_depth,depth,,1,0.25,4,5f81,1905,True,11,spurious,-1,False,6
seqpert_depth,depth,,1,0.25,4,1ba9,58a4,True,15,spurious,-1,False,6
seqpert_depth,depth,,1,0.125,2,5b9d,1905,True,13,spurious,-1,False,6
seqpert_depth,depth,,1,0.25,4,4b81,1905,True,13,spurious,-1,False,6
seqpert_depth,depth,,1,0.375,6,4a83,58a4,True,18,spurious,-1,False,6
seqpert_depth,depth,,1,0.25,4,9897,d8a6,False,740,oscillated,-1,False,6
seqpert_depth,depth,,1,0.375,6,bacd,f8a4,False,740,oscillated,-1,False,6
seqpert_depth,depth,,1,0.25,4,1b09,1b05,False,740,oscillated,-1,False,6
seqpert_depth,depth,,1,0.25,4,93d7,8397,False,740,oscillated,-1,False,6
seqpert_depth,depth,,2,0.25,4,2efe,a6b6,True,17,correct,2,True,6
seqpert_depth,depth,,2,0.25,4,9296,8ab6,False,740,oscillated,-1,False,6
seqpert_depth,depth,,2,0.125,2,e6b2,e6fa,True,16,spurious,-1,False,6
seqpert_depth,depth,,2,0.25,4,27ba,a6b6,True,11,correct,2,True,6
seqpert_depth,depth,,2,0.25,4,86f0,86b4,False,740,oscillated,-1,False,6
seqpert_depth,depth,,2,0.25,4,632,6b6,False,740,oscillated,-1,False,6
seqpert_depth,depth,,2,0.125,2,beb6,fca6,True,15,wrong_pattern,0,False,6
seqpert_depth,depth,,2,0.25,4,aef3,a6b6,True,17,correct,2,True,6
seqpert_depth,depth,,2,0.25,4,a2f0,a2b4,False,740,oscillated,-1,False,6
seqpert_depth,depth,,2,0.375,6,e40e,fd4b,True,7,spurious,-1,False,6
seqpert_depth,depth,,2,0.375,6,96df,a6b6,True,12,correct,2,True,6
seqpert_depth,depth,,2,0.25,4,b7f2,a6b6,True,17,correct,2,True,6
seqpert_depth,depth,,2,0.25,4,ffb6,fca6,True,5,wrong_pattern,0,False,6
seqpert_depth,depth,,2,0.375,6,f638,fc6a,True,17,spurious,-1,False,6
seqpert_depth,depth,,2,0.125,2,a6d6,a6b6,True,6,correct,2,True,6
seqpert_depth,depth,,2,0.25,4,879e,a6b6,True,7,correct,2,True,6
seqpert_depth,depth,,2,0.375,6,95d6,a6b6,True,17,correct,2,True,6
seqpert_depth,depth,,2,0.25,4,3ef6,a6b6,True,7,correct,2,True,6
seqpert_depth,depth,,2,0.25,4,c6d6,e6fa,True,16,spurious,-1,False,6
seqpert_depth,depth,,2,0.25,4,bfa6,fca6,True,15,wrong_pattern,0,False,6
seqpert_depth,depth,,2,0.375,6,27da,e6fa,True,15,spurious,-1,False,6
seqpert_depth,depth,,2,0.125,2,b6b4,aeb6,False,740,oscillated,-1,False,6
seqpert_depth,depth,,2,0.25,4,8ef2,a6b6,True,17,correct,2,True,6
seqpert_depth,depth,,2,0.25,4,82a4,2b4,True,5,spurious,-1,False,6
seqpert_depth,depth,,2,0.25,4,2732,a75b,True,16,spurious,-1,False,6
seqpert_depth,depth,,2,0.25,4,a29c,a2b4,False,740,oscillated,-1,False,6
seqpert_depth,depth,,2,0.125,2,a7b4,a6b6,True,4,correct,2,True,6
seqpert_depth,depth,,2,0.125,2,b4b6,aeb6,False,740,oscillated,-1,False,6
seqpert_depth,depth,,2,0.375,6,c8b4,58a4,True,11,spurious,-1,False,6
seqpert_depth,depth,,2,0.25,4,af26,b797,False,740,oscillated,-1,False,6
seqpert_depth,depth,,2,0.375,6,23af,22b6,False,740,oscillated,-1,False,6
seqpert_depth,depth,,2,0.25,4,8690,86b4,False,740,oscillated,-1,False,6
seqpert_depth,depth,,2,0.25,4,2fa6,b6b6,False,740,oscillated,-1,False,6
seqpert_depth,depth,,2,0.25,4,e4bf,e6fa,True,15,spurious,-1,False,6
seqpert_depth,depth,,2,0.25,4,3626,fca6,True,21,wrong_pattern,0,False,6
seqpert_depth,depth,,2,0.375,6,a1d4,a2b4,False,740,oscillated,-1,False,6
seqpert_depth,depth,,2,0.25,4,2ebc,26b4,False,740,oscillated,-1,False,6
seqpert_depth,depth,,2,0.125,2,86a6,a6b6,True,5,correct,2,True,6
seqpert_depth,depth,,2,0.25,4,9796,aeb6,False,740,oscillated,-1,False,6
seqpert_depth,depth,,2,0.25,4,27d6,a6b6,True,7,correct,2,True,6
seqpert_depth,depth,,2,0.25,4,c0b6,d8a6,False,740,oscillated,-1,False,6
seqpert_depth,depth,,2,0.25,4,46f6,46fa,False,740,oscillated,-1,False,6
seqpert_depth,depth,,2,0.25,4,f2be,aeb6,False,740,oscillated,-1,False,6
seqpert_depth,depth,,2,0.375,6,a5a1,a6b6,True,7,correct,2,True,6
seqpert_depth,depth,,2,0.25,4,c3b6,82b6,False,740,oscillated,-1,False,6
seqpert_depth,depth,,2,0.25,4,8eb0,86b4,False,740,oscillated,-1,False,6
seqpert_depth,depth,,2,0.375,6,b78c,a6b6,True,17,correct,2,True,6
seqpert_depth,depth,,2,0.375,6,c73f,a75b,True,14,spurious,-1,False,6
seqpert_depth,depth,,2,0.25,4,a53e,a75b,True,12,spurious,-1,False,6
seqpert_depth,depth,,2,0.25,4,f7b7,aeb6,False,740,oscillated,-1,False,6
seqpert_depth,depth,,2,0.25,4,f63e,fca6,True,16,wrong_pattern,0,False,6
seqpert_depth,depth,,2,0.25,4,a657,a75b,True,12,spurious,-1,False,6
seqpert_depth,depth,,2,0.375,6,3277,235b,False,740,oscillated,-1,False,6
seqpert_depth,depth,,2,0.25,4,d6f6,aeb6,False,740,oscillated,-1,False,6
seqpert_depth,depth,,2,0.375,6,f652,fd4b,True,17,spurious,-1,False,6
seqpert_depth,depth,,2,0.375,6,56bf,eb6,False,740,oscillated,-1,False,6
seqpert_depth,depth,,2,0.25,4,a0f2,a6b6,True,16,correct,2,True,6
seqpert_depth,depth,,2,0.375,6,81bc,2b4,True,6,spurious,-1,False,6
seqpert_depth,depth,,2,0.25,4,acb5,b6b6,False,740,oscillated,-1,False,6
seqpert_depth,depth,,2,0.25,4,bcb7,fca6,True,15,wrong_pattern,0,False,6
seqpert_depth,depth,,2,0.25,4,2ff6,a6b6,True,7,correct,2,True,6
seqpert_depth,depth,,2,0.375,6,4684,58a4,True,14,spurious,-1,False,6
seqpert_depth,depth,,2,0.125,2,a7be,a6b6,True,6,correct,2,True,6
seqpert_depth,depth,,2,0.25,4,bea2,fca6,True,15,wrong_pattern,0,False,6
seqpert_depth,depth,,2,0.25,4,2635,2795,False,740,oscillated,-1,False,6
seqpert_depth,depth,,2,0.375,6,ab3,2b4,True,7,spurious,-1,False,6
seqpert_depth,depth,,2,0.25,4,a8f6,a6b6,True,17,correct,2,True,6
seqpert_depth,depth,,2,0.25,4,16b4,ab4,False,740,oscillated,-1,False,6
seqpert_depth,depth,,2,0.25,4,80b4,2b4,True,5,spurious,-1,False,6
seqpert_depth,depth,,2,0.375,6,ac91,a6b6,True,17,correct,2,True,6
seqpert_depth,depth,,2,0.375,6,bf33,a797,True,9,spurious,-1,False,6
seqpert_depth,depth,,2,0.25,4,a0fe,a6b6,True,16,correct,2,True,6
seqpert_depth,depth,,2,0.25,4,637,797,False,740,oscillated,-1,False,6
seqpert_depth,depth,,2,0.375,6,ea30,f8a4,False,740,oscillated,-1,False,6
seqpert_depth,depth,,2,0.25,4,97f6,a6b6,True,7,correct,2,True,6
seqpert_depth,depth,,2,0.25,4,6697,a6b6,True,11,correct,2,True,6
seqpert_depth,depth,,2,0.375,6,a2a9,e2f8,False,740,oscillated,-1,False,6
seqpert_depth,depth,,2,0.375,6,92f0,2b4,True,17,spurious,-1,False,6
seqpert_depth,depth,,2,0.375,6,ed94,fca6,True,17,wrong_pattern,0,False,6
seqpert_depth,depth,,2,0.25,4,a0ae,a6b6,True,6,correct,2,True,6
seqpert_depth,depth,,2,0.25,4,96f2,a6b6,True,17,correct,2,True,6
seqpert_depth,depth,,2,0.25,4,ce96,b6b6,False,740,oscillated,-1,False,6
seqpert_depth,depth,,2,0.25,4,b8b6,fca6,True,15,wrong_pattern,0,False,6
seqpert_depth,depth,,2,0.125,2,a236,a6b6,True,9,correct,2,True,6
seqpert_depth,depth,,2,0.375,6,14f7,eb6,False,740,oscillated,-1,False,6
seqpert_depth,depth,,2,0.375,6,33b5,ab4,False,740,oscillated,-1,False,6
seqpert_depth,depth,,2,0.25,4,aeaf,a6b6,True,17,correct,2,True,6
seqpert_depth,depth,,2,0.125,2,e6a6,fca6,True,11,wrong_pattern,0,False,6
seqpert_depth,depth,,2,0.375,6,9332,835b,False,740,oscillated,-1,False,6
seqpert_depth,depth,,2,0.25,4,aa94,b2b4,False,740,oscillated,-1,False,6
seqpert_depth,depth,,2,0.25,4,2e97,b6b6,False,740,oscillated,-1,False,6
seqpert_depth,depth,,2,0.25,4,a0fe,a6b6,True,16,correct,2,True,6
seqpert_depth,depth,,2,0.25,4,e5b4,fca6,True,14,wrong_pattern,0,False,6
seqpert_depth,depth,,2,0.25,4,a3bc,a2b4,False,740,oscillated,-1,False,6
seqpert_depth,depth,,2,0.25,4,a67c,e6fa,True,16,spurious,-1,False,6
seqpert_depth,depth,,2,0.375,6,fbc,2b4,True,7,spurious,-1,False,6
seqpert_depth,depth,,2,0.25,4,2af6,22b6,False,740,oscillated,-1,False,6
seqpert_depth,depth,,2,0.25,4,a0fe,a6b6,True,16,correct,2,True,6
seqpert_depth,depth,,2,0.375,6,4aa,46fa,False,740,oscillated,-1,False,6
seqpert_depth,depth,,2,0.25,4,a0f2,a6b6,True,16,correct,2,True,6
seqpert_depth,depth,,3,0.375,6,dd8c,dca4,False,740,oscillated,-1,False,6
seqpert_depth,depth,,3,0.375,6,9121,4949,False,740,oscillated,-1,False,6
seqpert_depth,depth,,3,0.375,6,353b,a75b,True,16,spurious,-1,False,6
seqpert_depth,depth,,3,0.25,4,bdab,fca6,True,14,wrong_pattern,0,False,6
seqpert_depth,depth,,3,0.25,4,9f0e,bf07,False,740,oscillated,-1,False,6
seqpert_depth,depth,,3,0.25,4,bc1e,bd07,True,15,correct,3,True,6
seqpert_depth,depth,,3,0.375,6,858d,8795,False,740,oscillated,-1,False,6
seqpert_depth,depth,,3,0.25,4,3c57,bd17,False,740,oscillated,-1,False,6
seqpert_depth,depth,,3,0.375,6,2f53,a75b,True,7,spurious,-1,False,6
seqpert_depth,depth,,3,0.375,6,fd60,fd4b,True,7,spurious,-1,False,6
seqpert_depth,depth,,3,0.25,4,5d17,1d07,False,740,oscillated,-1,False,6
seqpert_depth,depth,,3,0.25,4,2c03,f54b,False,740,oscillated,-1,False,6
seqpert_depth,depth,,3,0.25,4,8d45,d549,False,740,oscillated,-1,False,6
seqpert_depth,depth,,3,0.375,6,d883,d8a6,False,740,oscillated,-1,False,6
seqpert_depth,depth,,3,0.375,6,fd5a,fd4b,True,5,spurious,-1,False,6
seqpert_depth,depth,,3,0.25,4,9985,1905,True,9,spurious,-1,False,6
seqpert_depth,depth,,3,0.375,6,37a5,2eb4,False,740,oscillated,-1,False,6
seqpert_depth,depth,,3,0.375,6,d44,5149,False,740,oscillated,-1,False,6
seqpert_depth,depth,,3,0.375,6,4dc7,1d07,False,740,oscillated,-1,False,6
seqpert_depth,depth,,3,0.25,4,ff86,fca6,True,7,wrong_pattern,0,False,6
seqpert_depth,depth,,3,0.375,6,d867,d94b,False,740,oscillated,-1,False,6
seqpert_depth,depth,,3,0.375,6,9045,4949,False,740,oscillated,-1,False,6
seqpert_depth,depth,,3,0.25,4,3b17,3b97,False,740,oscillated,-1,False,6
seqpert_depth,depth,,3,0.25,4,fd9f,bd07,True,11,correct,3,True,6
seqpert_depth,depth,,3,0.25,4,9d24,9d05,False,740,oscillated,-1,False,6
seqpert_depth,depth,,3,0.375,6,982d,1905,True,7,spurious,-1,False,6
seqpert_depth,depth,,3,0.125,2,bd25,bd07,True,4,correct,3,True,6
seqpert_depth,depth,,3,0.375,6,edae,fca6,True,7,wrong_pattern,0,False,6
seqpert_depth,depth,,3,0.375,6,97c5,8f95,False,740,oscillated,-1,False,6
seqpert_depth,depth,,3,0.25,4,3945,1905,True,6,spurious,-1,False,6
seqpert_depth,depth,,3,0.125,2,bf05,bf07,False,740,oscillated,-1,False,6
seqpert_depth,depth,,3,0.375,6,a5ae,a6b6,True,6,wrong_pattern,2,False,6
seqpert_depth,depth,,3,0.375,6,fb33,fd4b,True,18,spurious,-1,False,6
seqpert_depth,depth,,3,0.375,6,b569,ed4b,False,740,oscillated,-1,False,6
seqpert_depth,depth,,3,0.25,4,be26,fca6,True,15,wrong_pattern,0,False,6
seqpert_depth,depth,,3,0.125,2,9d47,bd07,True,6,correct,3,True,6
seqpert_depth,depth,,3,0.25,4,1505,1905,True,7,spurious,-1,False,6
seqpert_depth,depth,,3,0.25,4,2947,714b,False,740,oscillated,-1,False,6
seqpert_depth,depth,,3,0.375,6,1944,1905,True,6,spurious,-1,False,6
seqpert_depth,depth,,3,0.25,4,1d0e,1d07,False,740,oscillated,-1,False,6
seqpert_depth,depth,,3,0.375,6,adee,e6fa,True,16,spurious,-1,False,6
seqpert_depth,depth,,3,0.25,4,3515,2d15,False,740,oscillated,-1,False,6
seqpert_depth,depth,,3,0.25,4,b603,a75b,True,21,spurious,-1,False,6
seqpert_depth,depth,,3,0.25,4,b10e,ed4b,False,740,oscillated,-1,False,6
seqpert_depth,depth,,3,0.375,6,f835,b905,False,740,oscillated,-1,False,6
seqpert_depth,depth,,3,0.125,2,bd43,bd07,True,16,correct,3,True,6
seqpert_depth,depth,,3,0.375,6,a7c5,a797,True,6,spurious,-1,False,6
seqpert_depth,depth,,3,0.375,6,e4c7,fc6a,True,14,spurious,-1,False,6
seqpert_depth,depth,,3,0.25,4,340f,ed4b,False,740,oscillated,-1,False,6
seqpert_depth,depth,,3,0.375,6,fb56,fd4b,True,18,spurious,-1,False,6
seqpert_depth,depth,,3,0.25,4,b713,a75b,True,11,spurious,-1,False,6
seqpert_depth,depth,,3,0.375,6,1e4f,1d07,False,740,oscillated,-1,False,6
seqpert_depth,depth,,3,0.25,4,b837,bd17,False,740,oscillated,-1,False,6
seqpert_depth,depth,,3,0.375,6,bc72,fca6,True,15,wrong_pattern,0,False,6
seqpert_depth,depth,,3,0.375,6,ac32,fca6,True,30,wrong_pattern,0,False,6
seqpert_depth,depth,,3,0.25,4,af67,a75b,True,21,spurious,-1,False,6
seqpert_depth,depth,,3,0.25,4,b922,bd07,True,7,correct,3,True,6
seqpert_depth,depth,,3,0.25,4,f127,bd07,True,12,correct,3,True,6
seqpert_depth,depth,,3,0.25,4,8d26,bd07,True,7,correct,3,True,6
seqpert_depth,depth,,3,0.375,6,9580,86b4,False,740,oscillated,-1,False,6
seqpert_depth,depth,,3,0.375,6,7102,794b,False,740,oscillated,-1,False,6
seqpert_depth,depth,,3,0.25,4,e527,fd4b,True,7,spurious,-1,False,6
seqpert_depth,depth,,3,0.375,6,7c0c,7d49,False,740,oscillated,-1,False,6
seqpert_depth,depth,,3,0.25,4,ac15,b517,False,740,oscillated,-1,False,6
seqpert_depth,depth,,3,0.375,6,2c0a,f54b,False,740,oscillated,-1,False,6
seqpert_depth,depth,,3,0.25,4,af0e,a75b,True,21,spurious,-1,False,6
seqpert_depth,depth,,3,0.125,2,a507,bf97,True,13,spurious,-1,False,6
seqpert_depth,depth,,3,0.25,4,a806,bd07,True,7,correct,3,True,6
seqpert_depth,depth,,3,0.125,2,9d0f,bd07,True,6,correct,3,True,6
seqpert_depth,depth,,3,0.25,4,bc56,bd07,True,15,correct,3,True,6
seqpert_depth,depth,,3,0.25,4,d807,9907,False,740,oscillated,-1,False,6
seqpert_depth,depth,,3,0.25,4,af45,a75b,True,21,spurious,-1,False,6
seqpert_depth,depth,,3,0.375,6,9e8b,fca6,True,15,wrong_pattern,0,False,6
seqpert_depth,depth,,3,0.25,4,bc1e,bd07,True,15,correct,3,True,6
seqpert_depth,depth,,3,0.125,2,b547,ed4b,False,740,oscillated,-1,False,6
seqpert_depth,depth,,3,0.375,6,270e,a75b,True,11,spurious,-1,False,6
seqpert_depth,depth,,3,0.375,6,edbf,fca6,True,18,wrong_pattern,0,False,6
seqpert_depth,depth,,3,0.375,6,a217,a797,True,9,spurious,-1,False,6
seqpert_depth,depth,,3,0.375,6,b04e,ed4b,False,740,oscillated,-1,False,6
seqpert_depth,depth,,3,0.125,2,bd01,bd07,True,6,correct,3,True,6
seqpert_depth,depth,,3,0.25,4,3d24,3d05,False,740,oscillated,-1,False,6
seqpert_depth,depth,,3,0.25,4,df27,bd07,True,13,correct,3,True,6
seqpert_depth,depth,,3,0.25,4,af4f,a75b,True,16,spurious,-1,False,6
seqpert_depth,depth,,3,0.375,6,782f,794b,False,740,oscillated,-1,False,6
seqpert_depth,depth,,3,0.25,4,a513,a75b,True,11,spurious,-1,False,6
seqpert_depth,depth,,3,0.375,6,2c44,7549,False,740,oscillated,-1,False,6
seqpert_depth,depth,,3,0.375,6,3877,3907,False,740,oscillated,-1,False,6
seqpert_depth,depth,,3,0.125,2,ad87,bf97,True,7,spurious,-1,False,6
seqpert_depth,depth,,3,0.375,6,2305,395,True,13,spurious,-1,False,6
seqpert_depth,depth,,3,0.125,2,3d47,bd07,True,6,correct,3,True,6
seqpert_depth,depth,,3,0.25,4,bc77,bd07,True,15,correct,3,True,6
seqpert_depth,depth,,3,0.25,4,9487,fca6,True,26,wrong_pattern,0,False,6
seqpert_depth,depth,,3,0.25,4,9c45,9d05,False,740,oscillated,-1,False,6
seqpert_depth,depth,,3,0.25,4,8503,a75b,True,11,spurious,-1,False,6
seqpert_depth,depth,,3,0.375,6,f135,b905,False,740,oscillated,-1,False,6
seqpert_depth,depth,,3,0.375,6,3f92,a6b6,True,7,wrong_pattern,2,False,6
seqpert_depth,depth,,3,0.375,6,e18f,fd4b,True,19,spurious,-1,False,6
seqpert_depth,depth,,3,0.375,6,ba56,a797,True,9,spurious,-1,False,6
seqpert_depth,depth,,3,0.25,4,b167,ed4b,False,740,oscillated,-1,False,6
seqpert_depth,depth,,3,0.125,2,a507,bf97,True,13,spurious,-1,False,6
seqpert_depth,depth,,0,0.3125,5,bc35,bd17,False,740,oscillated,-1,False,7
seqpert_depth,depth,,0,0.3125,5,71e6,78a6,False,740,oscillated,-1,False,7
seqpert_depth,depth,,0,0.3125,5,f0e0,f8a4,False,740,oscillated,-1,False,7
seqpert_depth,depth,,0,0.1875,3,fd27,bd07,True,12,wrong_pattern,3,False,7
seqpert_depth,depth,,0,0.3125,5,b9ee,fca6,True,14,correct,0,True,7
seqpert_depth,depth,,0,0.4375,7,4e85,58a4,True,17,spurious,-1,False,7
seqpert_depth,depth,,0,0.0625,1,fca4,fca6,True,4,correct,0,True,7
seqpert_depth,depth,,0,0.3125,5,f0ab,fca6,True,12,correct,0,True,7
seqpert_depth,depth,,0,0.4375,7,f5c1,bd07,True,16,wrong_pattern,3,False,7
seqpert_depth,depth,,0,0.1875,3,bc82,fca6,True,12,correct,0,True,7
seqpert_depth,depth,,0,0.3125,5,74c2,fca6,True,12,correct,0,True,7
seqpert_depth,depth,,0,0.3125,5,df96,fca6,True,7,correct,0,True,7
seqpert_depth,depth,,0,0.3125,5,4ea7,5ca6,False,740,oscillated,-1,False,7
seqpert_depth,depth,,0,0.4375,7,5083,58a4,True,7,spurious,-1,False,7
seqpert_depth,depth,,0,0.4375,7,b13e,a75b,True,17,spurious,-1,False,7
seqpert_depth,depth,,0,0.1875,3,fe36,fca6,True,9,correct,0,True,7
seqpert_depth,depth,,0,0.3125,5,5ca8,58a4,True,11,spurious,-1,False,7
seqpert_depth,depth,,0,0.4375,7,ea5,12b4,False,740,oscillated,-1,False,7
seqpert_depth,depth,,0,0.3125,5,c9ae,d8a6,False,740,oscillated,-1,False,7
seqpert_depth,depth,,0,0.3125,5,b48c,a6b6,True,17,wrong_pattern,2,False,7
seqpert_depth,depth,,0,0.3125,5,6d22,fd4b,True,12,spurious,-1,False,7
seqpert_depth,depth,,0,0.4375,7,a52c,a75b,True,14,spurious,-1,False,7
seqpert_depth,depth,,0,0.1875,3,f9a4,f8a4,False,740,oscillated,-1,False,7
seqpert_depth,depth,,0,0.3125,5,adb4,b6b6,False,740,oscillated,-1,False,7
seqpert_depth,depth,,0,0.3125,5,f616,bd07,True,15,wrong_pattern,3,False,7
seqpert_depth,depth,,0,0.4375,7,2820,5868,True,26,spurious,-1,False,7
seqpert_depth,depth,,0,0.3125,5,a6e6,a6b6,True,6,wrong_pattern,2,False,7
seqpert_depth,depth,,0,0.4375,7,2a82,32b6,False,740,oscillated,-1,False,7
seqpert_depth,depth,,0,0.3125,5,d46e,fc6a,True,7,spurious,-1,False,7
seqpert_depth,depth,,0,0.3125,5,bead,fca6,True,15,correct,0,True,7
seqpert_depth,depth,,0,0.3125,5,75a3,fca6,True,7,correct,0,True,7
seqpert_depth,depth,,0,0.1875,3,ecac,fca6,True,7,correct,0,True,7
seqpert_depth,depth,,0,0.3125,5,7d64,7d49,False,740,oscillated,-1,False,7
seqpert_depth,depth,,0,0.1875,3,9ca7,fca6,True,11,correct,0,True,7
seqpert_depth,depth,,0,0.1875,3,f824,f8a4,False,740,oscillated,-1,False,7
seqpert_depth,depth,,0,0.4375,7,c964,5949,True,12,spurious,-1,False,7
seqpert_depth,depth,,0,0.1875,3,fcec,fca6,True,11,correct,0,True,7
seqpert_depth,depth,,0,0.4375,7,5046,5949,True,12,spurious,-1,False,7
seqpert_depth,depth,,0,0.3125,5,f0a8,f8a4,False,740,oscillated,-1,False,7
seqpert_depth,depth,,0,0.4375,7,b707,af07,False,740,oscillated,-1,False,7
seqpert_depth,depth,,0,0.1875,3,ecb2,fca6,True,16,correct,0,True,7
seqpert_depth,depth,,0,0.3125,5,f0ad,f8a4,False,740,oscillated,-1,False,7
seqpert_depth,depth,,0,0.3125,5,7df4,7ca4,False,740,oscillated,-1,False,7
seqpert_depth,depth,,0,0.3125,5,fb24,b905,False,740,oscillated,-1,False,7
seqpert_depth,depth,,0,0.3125,5,f106,bd07,True,12,wrong_pattern,3,False,7
seqpert_depth,depth,,0,0.3125,5,e86e,fc6a,True,7,spurious,-1,False,7
seqpert_depth,depth,,0,0.4375,7,af94,b6b6,False,740,oscillated,-1,False,7
seqpert_depth,depth,,0,0.3125,5,b4ad,a6b6,True,17,wrong_pattern,2,False,7
seqpert_depth,depth,,0,0.3125,5,e4ce,fc6a,True,9,spurious,-1,False,7
seqpert_depth,depth,,0,0.1875,3,f6e6,fca6,True,16,correct,0,True,7
seqpert_depth,depth,,0,0.1875,3,bda7,fca6,True,12,correct,0,True,7
seqpert_depth,depth,,0,0.3125,5,48b6,58a4,True,11,spurious,-1,False,7
seqpert_depth,depth,,0,0.3125,5,7c7e,fc6a,True,6,spurious,-1,False,7
seqpert_depth,depth,,0,0.1875,3,7ea7,fca6,True,5,correct,0,True,7
seqpert_depth,depth,,0,0.1875,3,fcce,fca6,True,12,correct,0,True,7
seqpert_depth,depth,,0,0.4375,7,b457,a75b,True,21,spurious,-1,False,7
seqpert_depth,depth,,0,0.3125,5,fd6f,fd4b,True,6,spurious,-1,False,7
seqpert_depth,depth,,0,0.1875,3,feaf,fca6,True,6,correct,0,True,7
seqpert_depth,depth,,0,0.3125,5,defe,fca6,True,11,correct,0,True,7
seqpert_depth,depth,,0,0.3125,5,fd05,bd07,True,11,wrong_pattern,3,False,7
seqpert_depth,depth,,0,0.3125,5,dac6,d8a6,False,740,oscillated,-1,False,7
seqpert_depth,depth,,0,0.3125,5,c4e4,dca4,False,740,oscillated,-1,False,7
seqpert_depth,depth,,0,0.1875,3,eeae,fca6,True,16,correct,0,True,7
seqpert_depth,depth,,0,0.3125,5,8c87,fca6,True,26,correct,0,True,7
seqpert_depth,depth,,0,0.3125,5,2886,78a6,False,740,oscillated,-1,False,7
seqpert_depth,depth,,0,0.3125,5,5db7,5ca6,False,740,oscillated,-1,False,7
seqpert_depth,depth,,0,0.3125,5,f430,fc6a,True,21,spurious,-1,False,7
seqpert_depth,depth,,0,0.4375,7,5a34,58a4,True,9,spurious,-1,False,7
seqpert_depth,depth,,0,0.3125,5,c4b4,dca4,False,740,oscillated,-1,False,7
seqpert_depth,depth,,0,0.3125,5,ca2,16b6,False,740,oscillated,-1,False,7
seqpert_depth,depth,,0,0.1875,3,eda2,fca6,True,7,correct,0,True,7
seqpert_depth,depth,,0,0.4375,7,e2ec,e2e8,False,740,oscillated,-1,False,7
seqpert_depth,depth,,0,0.3125,5,9986,d8a6,False,740,oscillated,-1,False,7
seqpert_depth,depth,,0,0.3125,5,f023,fd4b,True,12,spurious,-1,False,7
seqpert_depth,depth,,0,0.1875,3,f8ac,f8a4,False,740,oscillated,-1,False,7
seqpert_depth,depth,,0,0.3125,5,7084,58a4,True,7,spurious,-1,False,7
seqpert_depth,depth,,0,0.4375,7,be40,bd07,True,16,wrong_pattern,3,False,7
seqpert_depth,depth,,0,0.4375,7,4837,1905,True,15,spurious,-1,False,7
seqpert_depth,depth,,0,0.3125,5,f576,bd07,True,17,wrong_pattern,3,False,7
seqpert_depth,depth,,0,0.4375,7,ebbc,b2b4,False,740,oscillated,-1,False,7
seqpert_depth,depth,,0,0.4375,7,1ccc,58a4,True,14,spurious,-1,False,7
seqpert_depth,depth,,0,0.3125,5,ecbd,fca6,True,16,correct,0,True,7
seqpert_depth,depth,,0,0.3125,5,ed8c,fca6,True,7,correct,0,True,7
seqpert_depth,depth,,0,0.1875,3,d8b6,d8a6,False,740,oscillated,-1,False,7
seqpert_depth,depth,,0,0.3125,5,acad,a6b6,True,17,wrong_pattern,2,False,7
seqpert_depth,depth,,0,0.3125,5,f6a1,fca6,True,16,correct,0,True,7
seqpert_depth,depth,,0,0.4375,7,88e3,c2fa,False,740,oscillated,-1,False,7
seqpert_depth,depth,,0,0.3125,5,7687,fca6,True,17,correct,0,True,7
seqpert_depth,depth,,0,0.3125,5,e5b2,e6fa,True,15,spurious,-1,False,7
seqpert_depth,depth,,0,0.3125,5,e084,f8a4,False,740,oscillated,-1,False,7
seqpert_depth,depth,,0,0.3125,5,eec4,fca6,True,16,correct,0,True,7
seqpert_depth,depth,,0,0.4375,7,a736,a797,True,9,spurious,-1,False,7
seqpert_depth,depth,,0,0.1875,3,7c27,bd07,True,15,wrong_pattern,3,False,7
seqpert_depth,depth,,0,0.1875,3,ffb6,fca6,True,5,correct,0,True,7
seqpert_depth,depth,,0,0.3125,5,f463,fd4b,True,7,spurious,-1,False,7
seqpert_depth,depth,,0,0.1875,3,9ea6,fca6,True,15,correct,0,True,7
seqpert_depth,depth,,0,0.1875,3,fe22,fc6a,True,21,spurious,-1,False,7
seqpert_depth,depth,,0,0.4375,7,1c9a,5ca6,False,740,oscillated,-1,False,7
seqpert_depth,depth,,0,0.4375,7,cea9,dca4,False,740,oscillated,-1,False,7
seqpert_depth,depth,,0,0.4375,7,663e,e6fa,True,9,spurious,-1,False,7
seqpert_depth,depth,,1,0.4375,7,8a7d,359,True,7,spurious,-1,False,7
seqpert_depth,depth,,1,0.3125,5,1f3c,395,True,9,spurious,-1,False,7
seqpert_depth,depth,,1,0.3125,5,ea95,b2b4,False,740,oscillated,-1,False,7
seqpert_depth,depth,,1,0.3125,5,b3d7,a797,True,7,spurious,-1,False,7
seqpert_depth,depth,,1,0.4375,7,86b1,86b4,False,740,oscillated,-1,False,7
seqpert_depth,depth,,1,0.4375,7,8275,359,True,16,spurious,-1,False,7
seqpert_depth,depth,,1,0.3125,5,36d5,26b4,False,740,oscillated,-1,False,7
seqpert_depth,depth,,1,0.1875,3,1b9e,2b4,True,7,spurious,-1,False,7
seqpert_depth,depth,,1,0.4375,7,f18d,b905,False,740,oscillated,-1,False,7
seqpert_depth,depth,,1,0.4375,7,ebf1,b2b4,False,740,oscillated,-1,False,7
seqpert_depth,depth,,1,0.1875,3,3a97,78a6,False,740,oscillated,-1,False,7
seqpert_depth,depth,,1,0.3125,5,1b1,2b4,True,7,spurious,-1,False,7
seqpert_depth,depth,,1,0.3125,5,1b20,1905,True,15,spurious,-1,False,7
seqpert_depth,depth,,1,0.3125,5,23d1,395,True,21,spurious,-1,False,7
seqpert_depth,depth,,1,0.3125,5,5091,58a4,True,18,spurious,-1,False,7
seqpert_depth,depth,,1,0.3125,5,3ab6,78a6,False,740,oscillated,-1,False,7
seqpert_depth,depth,,1,0.3125,5,187,395,True,5,spurious,-1,False,7
seqpert_depth,depth,,1,0.1875,3,3a91,2b4,True,7,spurious,-1,False,7
seqpert_depth,depth,,1,0.1875,3,1291,2b4,True,7,spurious,-1,False,7
seqpert_depth,depth,,1,0.1875,3,5fd5,1905,True,13,spurious,-1,False,7
seqpert_depth,depth,,1,0.3125,5,f994,f8a4,False,740,oscillated,-1,False,7
seqpert_depth,depth,,1,0.3125,5,1a24,58a4,True,15,spurious,-1,False,7
seqpert_depth,depth,,1,0.3125,5,1da4,58a4,True,11,spurious,-1,False,7
seqpert_depth,depth,,1,0.3125,5,9fb3,a6b6,True,7,wrong_pattern,2,False,7
seqpert_depth,depth,,1,0.4375,7,cad9,42f8,True,7,spurious,-1,False,7
seqpert_depth,depth,,1,0.1875,3,9f97,bf97,True,4,spurious,-1,False,7
seqpert_depth,depth,,1,0.4375,7,b48,359,True,14,spurious,-1,False,7
seqpert_depth,depth,,1,0.3125,5,81d5,395,True,6,spurious,-1,False,7
seqpert_depth,depth,,1,0.3125,5,7381,1905,True,13,spurious,-1,False,7
seqpert_depth,depth,,1,0.3125,5,fb55,b905,False,740,oscillated,-1,False,7
seqpert_depth,depth,,1,0.3125,5,bf9,42f8,True,15,spurious,-1,False,7
seqpert_depth,depth,,1,0.3125,5,3d6,2b4,True,7,spurious,-1,False,7
seqpert_depth,depth,,1,0.3125,5,4285,58a4,True,17,spurious,-1,False,7
seqpert_depth,depth,,1,0.4375,7,25c5,2795,False,740,oscillated,-1,False,7
seqpert_depth,depth,,1,0.3125,5,d355,1905,True,16,spurious,-1,False,7
seqpert_depth,depth,,1,0.3125,5,18df,58a4,True,15,spurious,-1,False,7
seqpert_depth,depth,,1,0.1875,3,1935,1915,False,740,oscillated,-1,False,7
seqpert_depth,depth,,1,0.1875,3,1fd4,2b4,True,7,spurious,-1,False,7
seqpert_depth,depth,,1,0.1875,3,1297,ab4,False,740,oscillated,-1,False,7
seqpert_depth,depth,,1,0.4375,7,8924,1905,True,7,spurious,-1,False,7
seqpert_depth,depth,,1,0.4375,7,7093,78a6,False,740,oscillated,-1,False,7
seqpert_depth,depth,,1,0.1875,3,f15,1395,False,740,oscillated,-1,False,7
seqpert_depth,depth,,1,0.3125,5,51d7,1905,True,13,spurious,-1,False,7
seqpert_depth,depth,,1,0.3125,5,9ffd,86b4,False,740,oscillated,-1,False,7
seqpert_depth,depth,,1,0.3125,5,1a74,2b4,True,9,spurious,-1,False,7
seqpert_depth,depth,,1,0.1875,3,9385,b95,False,740,oscillated,-1,False,7
seqpert_depth,depth,,1,0.3125,5,2b54,359,True,12,spurious,-1,False,7
seqpert_depth,depth,,1,0.3125,5,3c4,2b4,True,7,spurious,-1,False,7
seqpert_depth,depth,,1,0.3125,5,fd9,359,True,9,spurious,-1,False,7
seqpert_depth,depth,,1,0.4375,7,2ec1,66f8,False,740,oscillated,-1,False,7
seqpert_depth,depth,,1,0.4375,7,85b4,86b4,False,740,oscillated,-1,False,7
seqpert_depth,depth,,1,0.4375,7,abb8,a2b4,False,740,oscillated,-1,False,7
seqpert_depth,depth,,1,0.3125,5,33c4,2b4,True,17,spurious,-1,False,7
seqpert_depth,depth,,1,0.1875,3,ba5,12b4,False,740,oscillated,-1,False,7
seqpert_depth,depth,,1,0.4375,7,4a1b,5949,True,17,spurious,-1,False,7
seqpert_depth,depth,,1,0.1875,3,19dd,1915,False,740,oscillated,-1,False,7
seqpert_depth,depth,,1,0.3125,5,2add,2b4,True,12,spurious,-1,False,7
seqpert_depth,depth,,1,0.3125,5,2fc5,3795,False,740,oscillated,-1,False,7
seqpert_depth,depth,,1,0.3125,5,5fd0,58a4,True,14,spurious,-1,False,7
seqpert_depth,depth,,1,0.4375,7,b8bf,fca6,True,15,wrong_pattern,0,False,7
seqpert_depth,depth,,1,0.3125,5,5b65,5949,True,17,spurious,-1,False,7
seqpert_depth,depth,,1,0.3125,5,db92,d8a6,False,740,oscillated,-1,False,7
seqpert_depth,depth,,1,0.3125,5,eb15,b905,False,740,oscillated,-1,False,7
seqpert_depth,depth,,1,0.4375,7,6a92,32b6,False,740,oscillated,-1,False,7
seqpert_depth,depth,,1,0.4375,7,1c50,1905,True,16,spurious,-1,False,7
seqpert_depth,depth,,1,0.1875,3,4395,395,True,11,spurious,-1,False,7
seqpert_depth,depth,,1,0.1875,3,1f96,5ca6,False,740,oscillated,-1,False,7
seqpert_depth,depth,,1,0.1875,3,5b93,1905,True,13,spurious,-1,False,7
seqpert_depth,depth,,1,0.4375,7,7bda,606a,False,740,oscillated,-1,False,7
seqpert_depth,depth,,1,0.3125,5,51d1,359,True,30,spurious,-1,False,7
seqpert_depth,depth,,1,0.4375,7,1030,58a4,True,30,spurious,-1,False,7
seqpert_depth,depth,,1,0.4375,7,7bc2,78a6,False,740,oscillated,-1,False,7
seqpert_depth,depth,,1,0.1875,3,4f95,1395,False,740,oscillated,-1,False,7
seqpert_depth,depth,,1,0.3125,5,9bf,2b4,True,17,spurious,-1,False,7
seqpert_depth,depth,,1,0.3125,5,5594,58a4,True,17,spurious,-1,False,7
seqpert_depth,depth,,1,0.4375,7,e27,1797,False,740,oscillated,-1,False,7
seqpert_depth,depth,,1,0.4375,7,c884,58a4,True,7,spurious,-1,False,7
seqpert_depth,depth,,1,0.3125,5,1959,359,True,11,spurious,-1,False,7
seqpert_depth,depth,,1,0.3125,5,9d8d,9d05,False,740,oscillated,-1,False,7
seqpert_depth,depth,,1,0.1875,3,1185,1b95,True,7,correct,1,True,7
seqpert_depth,depth,,1,0.3125,5,9db7,fca6,True,18,wrong_pattern,0,False,7
seqpert_depth,depth,,1,0.3125,5,5781,1905,True,13,spurious,-1,False,7
seqpert_depth,depth,,1,0.1875,3,ab5,12b4,False,740,oscillated,-1,False,7
seqpert_depth,depth,,1,0.1875,3,9295,ab4,False,740,oscillated,-1,False,7
seqpert_depth,depth,,1,0.3125,5,5b12,5949,True,18,spurious,-1,False,7
seqpert_depth,depth,,1,0.1875,3,1794,ab4,False,740,oscillated,-1,False,7
seqpert_depth,depth,,1,0.4375,7,8aac,2b4,True,17,spurious,-1,False,7
seqpert_depth,depth,,1,0.1875,3,f85,1395,False,740,oscillated,-1,False,7
seqpert_depth,depth,,1,0.3125,5,23f5,2b4,True,7,spurious,-1,False,7
seqpert_depth,depth,,1,0.1875,3,3394,ab4,False,740,oscillated,-1,False,7
seqpert_depth,depth,,1,0.3125,5,5910,5949,True,17,spurious,-1,False,7
seqpert_depth,depth,,1,0.1875,3,1715,b95,False,740,oscillated,-1,False,7
seqpert_depth,depth,,1,0.1875,3,1ba1,58a4,True,15,spurious,-1,False,7
seqpert_depth,depth,,1,0.1875,3,5315,1905,True,13,spurious,-1,False,7
seqpert_depth,depth,,1,0.3125,5,8905,1905,True,7,spurious,-1,False,7
seqpert_depth,depth,,1,0.4375,7,923c,42f8,True,16,spurious,-1,False,7
seqpert_depth,depth,,1,0.4375,7,415d,359,True,15,spurious,-1,False,7
seqpert_depth,depth,,1,0.3125,5,5fbf,5ca6,False,740,oscillated,-1,False,7
seqpert_depth,depth,,1,0.3125,5,9fd0,86b4,False,740,oscillated,-1,False,7
seqpert_depth,depth,,1,0.3125,5,73f5,ab4,False,740,oscillated,-1,False,7
seqpert_depth,depth,,2,0.3125,5,961e,a75b,True,16,spurious,-1,False,7
seqpert_depth,depth,,2,0.1875,3,b0b6,aeb6,False,740,oscillated,-1,False,7
seqpert_depth,depth,,2,0.1875,3,a6fa,e6fa,True,11,spurious,-1,False,7
seqpert_depth,depth,,2,0.1875,3,a6a0,a6b6,True,6,correct,2,True,7
seqpert_depth,depth,,2,0.3125,5,8714,8795,False,740,oscillated,-1,False,7
seqpert_depth,depth,,2,0.3125,5,baba,a6b6,True,7,correct,2,True,7
seqpert_depth,depth,,2,0.3125,5,fea2,fca6,True,6,wrong_pattern,0,False,7
seqpert_depth,depth,,2,0.3125,5,bfb0,a6b6,True,7,correct,2,True,7
seqpert_depth,depth,,2,0.3125,5,37a2,a6b6,True,17,correct,2,True,7
seqpert_depth,depth,,2,0.4375,7,7787,bd07,True,19,wrong_pattern,3,False,7
seqpert_depth,depth,,2,0.3125,5,27f0,26b4,False,740,oscillated,-1,False,7
seqpert_depth,depth,,2,0.4375,7,b3d3,a797,True,21,spurious,-1,False,7
seqpert_depth,depth,,2,0.1875,3,b676,e6fa,True,16,spurious,-1,False,7
seqpert_depth,depth,,2,0.3125,5,9792,a6b6,True,7,correct,2,True,7
seqpert_depth,depth,,2,0.4375,7,8bd7,8397,False,740,oscillated,-1,False,7
seqpert_depth,depth,,2,0.3125,5,af90,a6b6,True,7,correct,2,True,7
seqpert_depth,depth,,2,0.3125,5,b0a2,a6b6,True,17,correct,2,True,7
seqpert_depth,depth,,2,0.4375,7,b51a,a75b,True,16,spurious,-1,False,7
seqpert_depth,depth,,2,0.3125,5,bdb4,fca6,True,15,wrong_pattern,0,False,7
seqpert_depth,depth,,2,0.3125,5,286,2b4,True,5,spurious,-1,False,7
seqpert_depth,depth,,2,0.3125,5,8ee7,a6b6,True,17,correct,2,True,7
seqpert_depth,depth,,2,0.4375,7,a1ab,a6b6,True,18,correct,2,True,7
seqpert_depth,depth,,2,0.3125,5,2685,26b4,False,740,oscillated,-1,False,7
seqpert_depth,depth,,2,0.3125,5,2f16,b797,False,740,oscillated,-1,False,7
seqpert_depth,depth,,2,0.1875,3,b4be,a6b6,True,17,correct,2,True,7
seqpert_depth,depth,,2,0.4375,7,390,2b4,True,7,spurious,-1,False,7
seqpert_depth,depth,,2,0.4375,7,886,58a4,True,23,spurious,-1,False,7
seqpert_depth,depth,,2,0.3125,5,dea6,fca6,True,5,wrong_pattern,0,False,7
seqpert_depth,depth,,2,0.3125,5,9e94,dca4,False,740,oscillated,-1,False,7
seqpert_depth,depth,,2,0.3125,5,e2fa,e6fa,True,4,spurious,-1,False,7
seqpert_depth,depth,,2,0.1875,3,efb6,b6b6,False,740,oscillated,-1,False,7
seqpert_depth,depth,,2,0.0625,1,a6b2,a6b6,True,6,correct,2,True,7
seqpert_depth,depth,,2,0.3125,5,14f6,eb6,False,740,oscillated,-1,False,7
seqpert_depth,depth,,2,0.3125,5,97b0,86b4,False,740,oscillated,-1,False,7
seqpert_depth,depth,,2,0.3125,5,fef7,fca6,True,6,wrong_pattern,0,False,7
seqpert_depth,depth,,2,0.3125,5,a176,a75b,True,12,spurious,-1,False,7
seqpert_depth,depth,,2,0.3125,5,86e3,a6b6,True,17,correct,2,True,7
seqpert_depth,depth,,2,0.3125,5,2e06,b797,False,740,oscillated,-1,False,7
seqpert_depth,depth,,2,0.3125,5,64f4,64f8,False,740,oscillated,-1,False,7
seqpert_depth,depth,,2,0.3125,5,a8a4,f8a4,False,740,oscillated,-1,False,7
seqpert_depth,depth,,2,0.3125,5,b526,bd07,True,7,wrong_pattern,3,False,7
seqpert_depth,depth,,2,0.4375,7,a131,a359,False,740,oscillated,-1,False,7
seqpert_depth,depth,,2,0.4375,7,9577,a75b,True,21,spurious,-1,False,7
seqpert_depth,depth,,2,0.0625,1,a636,a6b6,True,9,correct,2,True,7
seqpert_depth,depth,,2,0.3125,5,aee0,a6b6,True,21,correct,2,True,7
seqpert_depth,depth,,2,0.3125,5,a49d,a6b6,True,7,correct,2,True,7
seqpert_depth,depth,,2,0.3125,5,a798,a6b6,True,12,correct,2,True,7
seqpert_depth,depth,,2,0.1875,3,a4a7,a6b6,True,5,correct,2,True,7
seqpert_depth,depth,,2,0.3125,5,27bb,a6b6,True,12,correct,2,True,7
seqpert_depth,depth,,2,0.4375,7,f317,bd07,True,13,wrong_pattern,3,False,7
seqpert_depth,depth,,2,0.3125,5,a73d,a75b,True,12,spurious,-1,False,7
seqpert_depth,depth,,2,0.4375,7,b453,a75b,True,16,spurious,-1,False,7
seqpert_depth,depth,,2,0.1875,3,e694,a6b6,True,11,correct,2,True,7
seqpert_depth,depth,,2,0.3125,5,ac93,a6b6,True,17,correct,2,True,7
seqpert_depth,depth,,2,0.4375,7,f126,bd07,True,15,wrong_pattern,3,False,7
seqpert_depth,depth,,2,0.4375,7,afeb,e6fa,True,15,spurious,-1,False,7
seqpert_depth,depth,,2,0.3125,5,94f2,a6b6,True,21,correct,2,True,7
seqpert_depth,depth,,2,0.3125,5,e657,a75b,True,14,spurious,-1,False,7
seqpert_depth,depth,,2,0.1875,3,87b2,a6b6,True,6,correct,2,True,7
seqpert_depth,depth,,2,0.3125,5,12b4,ab4,False,740,oscillated,-1,False,7
seqpert_depth,depth,,2,0.1875,3,b4be,a6b6,True,17,correct,2,True,7
seqpert_depth,depth,,2,0.3125,5,32d6,22b6,False,740,oscillated,-1,False,7
seqpert_depth,depth,,2,0.3125,5,2233,235b,False,740,oscillated,-1,False,7
seqpert_depth,depth,,2,0.4375,7,3213,235b,False,740,oscillated,-1,False,7
seqpert_depth,depth,,2,0.3125,5,97b0,86b4,False,740,oscillated,-1,False,7
seqpert_depth,depth,,2,0.1875,3,e4a6,fca6,True,7,wrong_pattern,0,False,7
seqpert_depth,depth,,2,0.3125,5,b224,f8a4,False,740,oscillated,-1,False,7
seqpert_depth,depth,,2,0.3125,5,fee6,fca6,True,6,wrong_pattern,0,False,7
seqpert_depth,depth,,2,0.3125,5,8532,a75b,True,12,spurious,-1,False,7
seqpert_depth,depth,,2,0.3125,5,e493,e6fa,True,16,spurious,-1,False,7
seqpert_depth,depth,,2,0.1875,3,9636,aeb6,False,740,oscillated,-1,False,7
seqpert_depth,depth,,2,0.3125,5,8c86,fca6,True,23,wrong_pattern,0,False,7
seqpert_depth,depth,,2,0.3125,5,2490,26b4,False,740,oscillated,-1,False,7
seqpert_depth,depth,,2,0.3125,5,2abc,2b4,True,7,spurious,-1,False,7
seqpert_depth,depth,,2,0.1875,3,22b4,2b4,True,4,spurious,-1,False,7
seqpert_depth,depth,,2,0.1875,3,84a6,a6b6,True,5,correct,2,True,7
seqpert_depth,depth,,2,0.1875,3,2796,a6b6,True,7,correct,2,True,7
seqpert_depth,depth,,2,0.3125,5,baa7,fca6,True,15,wrong_pattern,0,False,7
seqpert_depth,depth,,2,0.1875,3,aff6,a6b6,True,7,correct,2,True,7
seqpert_depth,depth,,2,0.3125,5,82f3,82b6,False,740,oscillated,-1,False,7
seqpert_depth,depth,,2,0.3125,5,8b96,92b6,False,740,oscillated,-1,False,7
seqpert_depth,depth,,2,0.4375,7,af7d,a75b,True,7,spurious,-1,False,7
seqpert_depth,depth,,2,0.1875,3,a3b2,a6b6,True,6,correct,2,True,7
seqpert_depth,depth,,2,0.0625,1,aeb6,b6b6,False,740,oscillated,-1,False,7
seqpert_depth,depth,,2,0.1875,3,adb6,b6b6,False,740,oscillated,-1,False,7
seqpert_depth,depth,,2,0.4375,7,2daf,a6b6,True,17,correct,2,True,7
seqpert_depth,depth,,2,0.3125,5,ea7,16b6,False,740,oscillated,-1,False,7
seqpert_depth,depth,,2,0.3125,5,ab86,b6b6,False,740,oscillated,-1,False,7
seqpert_depth,depth,,2,0.1875,3,aea4,b6b6,False,740,oscillated,-1,False,7
seqpert_depth,depth,,2,0.4375,7,b2cf,e6fa,True,17,spurious,-1,False,7
seqpert_depth,depth,,2,0.1875,3,e4f6,e4fa,False,740,oscillated,-1,False,7
seqpert_depth,depth,,2,0.1875,3,bebe,a6b6,True,7,correct,2,True,7
seqpert_depth,depth,,2,0.1875,3,b692,a6b6,True,7,correct,2,True,7
seqpert_depth,depth,,2,0.3125,5,b277,a75b,True,16,spurious,-1,False,7
seqpert_depth,depth,,2,0.1875,3,a0b7,a6b6,True,5,correct,2,True,7
seqpert_depth,depth,,2,0.3125,5,a48a,a6b6,True,18,correct,2,True,7
seqpert_depth,depth,,2,0.3125,5,e2c6,e6fa,True,15,spurious,-1,False,7
seqpert_depth,depth,,2,0.3125,5,83d6,82b6,False,740,oscillated,-1,False,7
seqpert_depth,depth,,2,0.3125,5,ab97,b797,False,740,oscillated,-1,False,7
seqpert_depth,depth,,2,0.3125,5,841e,a75b,True,12,spurious,-1,False,7
seqpert_depth,depth,,3,0.3125,5,8f4f,a75b,True,16,spurious,-1,False,7
seqpert_depth,depth,,3,0.3125,5,3a06,3b07,False,740,oscillated,-1,False,7
seqpert_depth,depth,,3,0.3125,5,9e57,a797,True,9,spurious,-1,False,7
seqpert_depth,depth,,3,0.1875,3,b007,bd07,True,7,correct,3,True,7
seqpert_depth,depth,,3,0.4375,7,5415,1905,True,13,spurious,-1,False,7
seqpert_depth,depth,,3,0.3125,5,b992,fca6,True,15,wrong_pattern,0,False,7
seqpert_depth,depth,,3,0.3125,5,adab,e6fa,True,17,spurious,-1,False,7
seqpert_depth,depth,,3,0.3125,5,8557,a75b,True,11,spurious,-1,False,7
seqpert_depth,depth,,3,0.3125,5,d945,5949,True,16,spurious,-1,False,7
seqpert_depth,depth,,3,0.3125,5,c407,fd4b,True,7,spurious,-1,False,7
seqpert_depth,depth,,3,0.3125,5,bc64,fca6,True,11,wrong_pattern,0,False,7
seqpert_depth,depth,,3,0.3125,5,bb36,bf97,True,9,spurious,-1,False,7
seqpert_depth,depth,,3,0.4375,7,b5a8,e6fa,True,16,spurious,-1,False,7
seqpert_depth,depth,,3,0.3125,5,b1a5,f8a4,False,740,oscillated,-1,False,7
seqpert_depth,depth,,3,0.3125,5,9617,af97,False,740,oscillated,-1,False,7
seqpert_depth,depth,,3,0.4375,7,6c22,fc6a,True,21,spurious,-1,False,7
seqpert_depth,depth,,3,0.3125,5,e5c7,fd4b,True,19,spurious,-1,False,7
seqpert_depth,depth,,3,0.1875,3,bf0d,bf07,False,740,oscillated,-1,False,7
seqpert_depth,depth,,3,0.1875,3,9c87,fca6,True,12,wrong_pattern,0,False,7
seqpert_depth,depth,,3,0.3125,5,7daf,fca6,True,7,wrong_pattern,0,False,7
seqpert_depth,depth,,3,0.3125,5,dd42,fd4b,True,6,spurious,-1,False,7
seqpert_depth,depth,,3,0.3125,5,b083,a6b6,True,17,wrong_pattern,2,False,7
seqpert_depth,depth,,3,0.3125,5,7f83,bd07,True,11,correct,3,True,7
seqpert_depth,depth,,3,0.3125,5,9c41,9d05,False,740,oscillated,-1,False,7
seqpert_depth,depth,,3,0.1875,3,b847,bd07,True,6,correct,3,True,7
seqpert_depth,depth,,3,0.3125,5,9c8e,fca6,True,12,wrong_pattern,0,False,7
seqpert_depth,depth,,3,0.3125,5,e105,a359,False,740,oscillated,-1,False,7
seqpert_depth,depth,,3,0.1875,3,3e07,bf07,False,740,oscillated,-1,False,7
seqpert_depth,depth,,3,0.1875,3,b187,bf97,True,7,spurious,-1,False,7
seqpert_depth,depth,,3,0.4375,7,3624,7ca4,False,740,oscillated,-1,False,7
seqpert_depth,depth,,3,0.3125,5,8a07,9307,False,740,oscillated,-1,False,7
seqpert_depth,depth,,3,0.1875,3,9d4f,bd07,True,16,correct,3,True,7
seqpert_depth,depth,,3,0.1875,3,bb87,bf07,False,740,oscillated,-1,False,7
seqpert_depth,depth,,3,0.4375,7,e38f,a75b,True,15,spurious,-1,False,7
seqpert_depth,depth,,3,0.3125,5,be9f,a6b6,True,7,wrong_pattern,2,False,7
seqpert_depth,depth,,3,0.3125,5,b55b,a75b,True,11,spurious,-1,False,7
seqpert_depth,depth,,3,0.4375,7,1c80,58a4,True,12,spurious,-1,False,7
seqpert_depth,depth,,3,0.0625,1,bd27,bd07,True,4,correct,3,True,7
seqpert_depth,depth,,3,0.1875,3,ac47,f54b,False,740,oscillated,-1,False,7
seqpert_depth,depth,,3,0.1875,3,ad2f,f54b,False,740,oscillated,-1,False,7
seqpert_depth,depth,,3,0.3125,5,fdab,fca6,True,16,wrong_pattern,0,False,7
seqpert_depth,depth,,3,0.1875,3,9c0f,bd07,True,6,correct,3,True,7
seqpert_depth,depth,,3,0.1875,3,8907,9907,False,740,oscillated,-1,False,7
seqpert_depth,depth,,3,0.3125,5,af55,a75b,True,11,spurious,-1,False,7
seqpert_depth,depth,,3,0.3125,5,a9c6,a6b6,True,17,wrong_pattern,2,False,7
seqpert_depth,depth,,3,0.3125,5,a58e,a6b6,True,7,wrong_pattern,2,False,7
seqpert_depth,depth,,3,0.1875,3,9da7,fca6,True,12,wrong_pattern,0,False,7
seqpert_depth,depth,,3,0.3125,5,3981,1905,True,9,spurious,-1,False,7
seqpert_depth,depth,,3,0.4375,7,969f,a6b6,True,7,wrong_pattern,2,False,7
seqpert_depth,depth,,3,0.1875,3,9906,9907,False,740,oscillated,-1,False,7
seqpert_depth,depth,,3,0.4375,7,7e8d,7ca4,False,740,oscillated,-1,False,7
seqpert_depth,depth,,3,0.4375,7,2100,359,True,11,spurious,-1,False,7
seqpert_depth,depth,,3,0.4375,7,de3f,fd4b,True,18,spurious,-1,False,7
seqpert_depth,depth,,3,0.1875,3,bf01,bf07,False,740,oscillated,-1,False,7
seqpert_depth,depth,,3,0.1875,3,bd00,bd07,True,6,correct,3,True,7
seqpert_depth,depth,,3,0.3125,5,b594,aeb6,False,740,oscillated,-1,False,7
seqpert_depth,depth,,3,0.3125,5,f966,fd4b,True,12,spurious,-1,False,7
seqpert_depth,depth,,3,0.3125,5,fa17,bd07,True,13,correct,3,True,7
seqpert_depth,depth,,3,0.3125,5,3f81,3f05,False,740,oscillated,-1,False,7
seqpert_depth,depth,,3,0.3125,5,ed09,fd4b,True,7,spurious,-1,False,7
seqpert_depth,depth,,3,0.3125,5,290e,714b,False,740,oscillated,-1,False,7
seqpert_depth,depth,,3,0.3125,5,b9cb,bd07,True,9,correct,3,True,7
seqpert_depth,depth,,3,0.4375,7,9461,cd49,False,740,oscillated,-1,False,7
seqpert_depth,depth,,3,0.4375,7,cc24,dca4,False,740,oscillated,-1,False,7
seqpert_depth,depth,,3,0.3125,5,110f,4949,False,740,oscillated,-1,False,7
seqpert_depth,depth,,3,0.3125,5,34a7,fca6,True,23,wrong_pattern,0,False,7
seqpert_depth,depth,,3,0.4375,7,5909,5949,True,6,spurious,-1,False,7
seqpert_depth,depth,,3,0.3125,5,df15,9d05,False,740,oscillated,-1,False,7
seqpert_depth,depth,,3,0.3125,5,3723,a75b,True,21,spurious,-1,False,7
seqpert_depth,depth,,3,0.3125,5,250b,a75b,True,6,spurious,-1,False,7
seqpert_depth,depth,,3,0.3125,5,5f0f,5d4b,False,740,oscillated,-1,False,7
seqpert_depth,depth,,3,0.3125,5,29a7,78a6,False,740,oscillated,-1,False,7
seqpert_depth,depth,,3,0.1875,3,b827,bd07,True,7,correct,3,True,7
seqpert_depth,depth,,3,0.4375,7,fed5,fca6,True,7,wrong_pattern,0,False,7
seqpert_depth,depth,,3,0.1875,3,adc7,a797,True,17,spurious,-1,False,7
seqpert_depth,depth,,3,0.1875,3,3707,af07,False,740,oscillated,-1,False,7
seqpert_depth,depth,,3,0.3125,5,bfe3,fca6,True,15,wrong_pattern,0,False,7
seqpert_depth,depth,,3,0.1875,3,bdb7,fca6,True,18,wrong_pattern,0,False,7
seqpert_depth,depth,,3,0.1875,3,3d4f,bd07,True,16,correct,3,True,7
seqpert_depth,depth,,3,0.3125,5,3e0b,bd07,True,15,correct,3,True,7
seqpert_depth,depth,,3,0.4375,7,681f,3907,False,740,oscillated,-1,False,7
seqpert_depth,depth,,3,0.3125,5,505,1b95,True,13,wrong_pattern,1,False,7
seqpert_depth,depth,,3,0.3125,5,be66,fca6,True,15,wrong_pattern,0,False,7
seqpert_depth,depth,,3,0.3125,5,9d9d,9d15,False,740,oscillated,-1,False,7
seqpert_depth,depth,,3,0.1875,3,7d17,bd07,True,13,correct,3,True,7
seqpert_depth,depth,,3,0.3125,5,a443,a75b,True,6,spurious,-1,False,7
seqpert_depth,depth,,3,0.3125,5,1f04,1b05,False,740,oscillated,-1,False,7
seqpert_depth,depth,,3,0.4375,7,dc61,dd49,False,740,oscillated,-1,False,7
seqpert_depth,depth,,3,0.1875,3,ac03,f54b,False,740,oscillated,-1,False,7
seqpert_depth,depth,,3,0.4375,7,3918,1905,True,15,spurious,-1,False,7
seqpert_depth,depth,,3,0.3125,5,1607,f07,False,740,oscillated,-1,False,7
seqpert_depth,depth,,3,0.3125,5,3fcf,bf07,False,740,oscillated,-1,False,7
seqpert_depth,depth,,3,0.4375,7,71c3,794b,False,740,oscillated,-1,False,7
seqpert_depth,depth,,3,0.3125,5,b085,f8a4,False,740,oscillated,-1,False,7
seqpert_depth,depth,,3,0.1875,3,ad2f,f54b,False,740,oscillated,-1,False,7
seqpert_depth,depth,,3,0.3125,5,2f26,b797,False,740,oscillated,-1,False,7
seqpert_depth,depth,,3,0.3125,5,b5cb,a75b,True,15,spurious,-1,False,7
seqpert_depth,depth,,3,0.1875,3,f927,bd07,True,12,correct,3,True,7
seqpert_depth,depth,,3,0.3125,5,393f,3917,False,740,oscillated,-1,False,7
seqpert_depth,depth,,3,0.1875,3,3f17,bf97,True,9,spurious,-1,False,7
seqpert_depth,depth,,0,0.25,4,76b6,aeb6,False,740,oscillated,-1,False,8
seqpert_depth,depth,,0,0.125,2,eea6,fca6,True,11,correct,0,True,8
seqpert_depth,depth,,0,0.5,8,db2b,d94b,False,740,oscillated,-1,False,8
seqpert_depth,depth,,0,0.375,6,da80,58a4,True,6,spurious,-1,False,8
seqpert_depth,depth,,0,0.25,4,f9b2,fca6,True,6,correct,0,True,8
seqpert_depth,depth,,0,0.125,2,ffa6,fca6,True,5,correct,0,True,8
seqpert_depth,depth,,0,0.25,4,aca5,fca6,True,23,correct,0,True,8
seqpert_depth,depth,,0,0.25,4,f066,fc6a,True,21,spurious,-1,False,8
seqpert_depth,depth,,0,0.125,2,feae,fca6,True,6,correct,0,True,8
seqpert_depth,depth,,0,0.5,8,af93,a797,True,7,spurious,-1,False,8
seqpert_depth,depth,,0,0.375,6,c8c4,58a4,True,7,spurious,-1,False,8
seqpert_depth,depth,,0,0.375,6,aaa5,b2b4,False,740,oscillated,-1,False,8
seqpert_depth,depth,,0,0.125,2,fe26,fca6,True,9,correct,0,True,8
seqpert_depth,depth,,0,0.375,6,f98b,bd07,True,21,wrong_pattern,3,False,8
seqpert_depth,depth,,0,0.25,4,5e26,5ca6,False,740,oscillated,-1,False,8
seqpert_depth,depth,,0,0.25,4,38a2,78a6,False,740,oscillated,-1,False,8
seqpert_depth,depth,,0,0.25,4,fdd6,fca6,True,7,correct,0,True,8
seqpert_depth,depth,,0,0.375,6,9627,af97,False,740,oscillated,-1,False,8
seqpert_depth,depth,,0,0.25,4,fd04,bd07,True,12,wrong_pattern,3,False,8
seqpert_depth,depth,,0,0.375,6,2df6,a6b6,True,17,wrong_pattern,2,False,8
seqpert_depth,depth,,0,0.125,2,fde6,fca6,True,6,correct,0,True,8
seqpert_depth,depth,,0,0.25,4,e88e,fca6,True,7,correct,0,True,8
seqpert_depth,depth,,0,0.25,4,d1a6,d8a6,False,740,oscillated,-1,False,8
seqpert_depth,depth,,0,0.375,6,9d16,bd17,False,740,oscillated,-1,False,8
seqpert_depth,depth,,0,0.375,6,1cbf,5ca6,False,740,oscillated,-1,False,8
seqpert_depth,depth,,0,0.25,4,beaf,fca6,True,15,correct,0,True,8
seqpert_depth,depth,,0,0.125,2,f8a2,fca6,True,6,correct,0,True,8
seqpert_depth,depth,,0,0.25,4,d9a7,d8a6,False,740,oscillated,-1,False,8
seqpert_depth,depth,,0,0.375,6,cc2d,9d05,False,740,oscillated,-1,False,8
seqpert_depth,depth,,0,0.25,4,bcbc,fca6,True,15,correct,0,True,8
seqpert_depth,depth,,0,0.25,4,f1a4,f8a4,False,740,oscillated,-1,False,8
seqpert_depth,depth,,0,0.25,4,bcad,fca6,True,12,correct,0,True,8
seqpert_depth,depth,,0,0.375,6,7c15,3d05,False,740,oscillated,-1,False,8
seqpert_depth,depth,,0,0.25,4,d487,fca6,True,7,correct,0,True,8
seqpert_depth,depth,,0,0.375,6,f9e1,f8a4,False,740,oscillated,-1,False,8
seqpert_depth,depth,,0,0.5,8,3581,2f95,False,740,oscillated,-1,False,8
seqpert_depth,depth,,0,0.375,6,7e44,7d49,False,740,oscillated,-1,False,8
seqpert_depth,depth,,0,0.375,6,fa90,f8a4,False,740,oscillated,-1,False,8
seqpert_depth,depth,,0,0.5,8,7bc3,794b,False,740,oscillated,-1,False,8
seqpert_depth,depth,,0,0.25,4,dc2f,fd4b,True,12,spurious,-1,False,8
seqpert_depth,depth,,0,0.375,6,1cf4,58a4,True,15,spurious,-1,False,8
seqpert_depth,depth,,0,0.25,4,e9a4,f8a4,False,740,oscillated,-1,False,8
seqpert_depth,depth,,0,0.25,4,9ce2,fca6,True,14,correct,0,True,8
seqpert_depth,depth,,0,0.25,4,fdf7,fca6,True,7,correct,0,True,8
seqpert_depth,depth,,0,0.25,4,aee6,a6b6,True,17,wrong_pattern,2,False,8
seqpert_depth,depth,,0,0.5,8,509f,58a4,True,18,spurious,-1,False,8
seqpert_depth,depth,,0,0.25,4,fa8e,fca6,True,6,correct,0,True,8
seqpert_depth,depth,,0,0.25,4,f5b2,fca6,True,16,correct,0,True,8
seqpert_depth,depth,,0,0.375,6,f9a9,f8a4,False,740,oscillated,-1,False,8
seqpert_depth,depth,,0,0.25,4,5fa6,5ca6,False,740,oscillated,-1,False,8
seqpert_depth,depth,,0,0.5,8,f24,1395,False,740,oscillated,-1,False,8
seqpert_depth,depth,,0,0.375,6,9c8b,fca6,True,14,correct,0,True,8
seqpert_depth,depth,,0,0.5,8,f97b,fd4b,True,5,spurious,-1,False,8
seqpert_depth,depth,,0,0.375,6,fc5f,fd4b,True,6,spurious,-1,False,8
seqpert_depth,depth,,0,0.125,2,fee6,fca6,True,6,correct,0,True,8
seqpert_depth,depth,,0,0.25,4,71a6,78a6,False,740,oscillated,-1,False,8
seqpert_depth,depth,,0,0.25,4,24a6,a6b6,True,5,wrong_pattern,2,False,8
seqpert_depth,depth,,0,0.125,2,fe26,fca6,True,9,correct,0,True,8
seqpert_depth,depth,,0,0.375,6,76ab,fca6,True,21,correct,0,True,8
seqpert_depth,depth,,0,0.25,4,bde4,fca6,True,12,correct,0,True,8
seqpert_depth,depth,,0,0.25,4,8ca2,a6b6,True,17,wrong_pattern,2,False,8
seqpert_depth,depth,,0,0.25,4,34a4,7ca4,False,740,oscillated,-1,False,8
seqpert_depth,depth,,0,0.25,4,fc88,fca6,True,12,correct,0,True,8
seqpert_depth,depth,,0,0.5,8,db47,d94b,False,740,oscillated,-1,False,8
seqpert_depth,depth,,0,0.25,4,7c2c,7c24,False,740,oscillated,-1,False,8
seqpert_depth,depth,,0,0.375,6,b477,a75b,True,17,spurious,-1,False,8
seqpert_depth,depth,,0,0.375,6,d020,5868,True,21,spurious,-1,False,8
seqpert_depth,depth,,0,0.25,4,3ea7,fca6,True,15,correct,0,True,8
seqpert_depth,depth,,0,0.25,4,fa06,bd07,True,15,wrong_pattern,3,False,8
seqpert_depth,depth,,0,0.25,4,e9a4,f8a4,False,740,oscillated,-1,False,8
seqpert_depth,depth,,0,0.125,2,f8a2,fca6,True,6,correct,0,True,8
seqpert_depth,depth,,0,0.25,4,fae2,fca6,True,11,correct,0,True,8
seqpert_depth,depth,,0,0.25,4,fef2,fca6,True,11,correct,0,True,8
seqpert_depth,depth,,0,0.25,4,2ce6,a6b6,True,17,wrong_pattern,2,False,8
seqpert_depth,depth,,0,0.125,2,dea6,fca6,True,5,correct,0,True,8
seqpert_depth,depth,,0,0.25,4,d8b4,58a4,True,5,spurious,-1,False,8
seqpert_depth,depth,,0,0.375,6,abb6,b6b6,False,740,oscillated,-1,False,8
seqpert_depth,depth,,0,0.375,6,cdd6,fca6,True,18,correct,0,True,8
seqpert_depth,depth,,0,0.25,4,7de2,fca6,True,12,correct,0,True,8
seqpert_depth,depth,,0,0.375,6,2d84,7ca4,False,740,oscillated,-1,False,8
seqpert_depth,depth,,0,0.25,4,f5b4,fca6,True,14,correct,0,True,8
seqpert_depth,depth,,0,0.375,6,c126,d94b,False,740,oscillated,-1,False,8
seqpert_depth,depth,,0,0.125,2,fd86,fca6,True,7,correct,0,True,8
seqpert_depth,depth,,0,0.375,6,ff77,fd4b,True,18,spurious,-1,False,8
seqpert_depth,depth,,0,0.125,2,f426,fca6,True,9,correct,0,True,8
seqpert_depth,depth,,0,0.375,6,6ef4,36b4,False,740,oscillated,-1,False,8
seqpert_depth,depth,,0,0.375,6,7814,1905,True,15,spurious,-1,False,8
seqpert_depth,depth,,0,0.125,2,feb6,fca6,True,5,correct,0,True,8
seqpert_depth,depth,,0,0.375,6,6dba,fca6,True,21,correct,0,True,8
seqpert_depth,depth,,0,0.25,4,acf6,a6b6,True,17,wrong_pattern,2,False,8
seqpert_depth,depth,,0,0.5,8,12a5,ab4,False,740,oscillated,-1,False,8
seqpert_depth,depth,,0,0.25,4,ccb4,dca4,False,740,oscillated,-1,False,8
seqpert_depth,depth,,0,0.25,4,ed82,fca6,True,7,correct,0,True,8
seqpert_depth,depth,,0,0.375,6,9e2c,dca4,False,740,oscillated,-1,False,8
seqpert_depth,depth,,0,0.125,2,eca7,fca6,True,7,correct,0,True,8
seqpert_depth,depth,,0,0.125,2,fce7,fca6,True,6,correct,0,True,8
seqpert_depth,depth,,0,0.5,8,e193,a75b,True,15,spurious,-1,False,8
seqpert_depth,depth,,0,0.375,6,9e92,a6b6,True,7,wrong_pattern,2,False,8
seqpert_depth,depth,,0,0.125,2,ec26,fca6,True,9,correct,0,True,8
seqpert_depth,depth,,0,0.375,6,cdb5,dca4,False,740,oscillated,-1,False,8
seqpert_depth,depth,,1,0.25,4,bc4,2b4,True,17,spurious,-1,False,8
seqpert_depth,depth,,1,0.375,6,77bd,2eb4,False,740,oscillated,-1,False,8
seqpert_depth,depth,,1,0.375,6,4181,5949,True,19,spurious,-1,False,8
seqpert_depth,depth,,1,0.25,4,387,395,True,5,spurious,-1,False,8
seqpert_depth,depth,,1,0.25,4,1ed1,2b4,True,7,spurious,-1,False,8
seqpert_depth,depth,,1,0.25,4,98d,395,True,17,spurious,-1,False,8
seqpert_depth,depth,,1,0.25,4,1fdf,797,False,740,oscillated,-1,False,8
seqpert_depth,depth,,1,0.5,8,fc84,fca6,True,4,wrong_pattern,0,False,8
seqpert_depth,depth,,1,0.5,8,7680,7ca4,False,740,oscillated,-1,False,8
seqpert_depth,depth,,1,0.375,6,6215,359,True,14,spurious,-1,False,8
seqpert_depth,depth,,1,0.375,6,af1d,a75b,True,11,spurious,-1,False,8
seqpert_depth,depth,,1,0.375,6,5ae4,58a4,True,6,spurious,-1,False,8
seqpert_depth,depth,,1,0.25,4,1187,1b95,True,7,correct,1,True,8
seqpert_depth,depth,,1,0.25,4,33b4,ab4,False,740,oscillated,-1,False,8
seqpert_depth,depth,,1,0.25,4,938d,395,True,17,spurious,-1,False,8
seqpert_depth,depth,,1,0.125,2,1bd4,2b4,True,7,spurious,-1,False,8
seqpert_depth,depth,,1,0.375,6,3d57,bd17,False,740,oscillated,-1,False,8
seqpert_depth,depth,,1,0.25,4,3917,3917,False,740,oscillated,-1,False,8
seqpert_depth,depth,,1,0.5,8,4e8e,5ca6,False,740,oscillated,-1,False,8
seqpert_depth,depth,,1,0.375,6,6d91,3d15,False,740,oscillated,-1,False,8
seqpert_depth,depth,,1,0.125,2,1b17,1b95,True,9,correct,1,True,8
seqpert_depth,depth,,1,0.5,8,a2f1,a2b4,False,740,oscillated,-1,False,8
seqpert_depth,depth,,1,0.375,6,b957,bd17,False,740,oscillated,-1,False,8
seqpert_depth,depth,,1,0.25,4,2b35,1395,False,740,oscillated,-1,False,8
seqpert_depth,depth,,1,0.25,4,2bb7,32b6,False,740,oscillated,-1,False,8
seqpert_depth,depth,,1,0.375,6,73f7,2ab6,False,740,oscillated,-1,False,8
seqpert_depth,depth,,1,0.25,4,9b4,12b4,False,740,oscillated,-1,False,8
seqpert_depth,depth,,1,0.125,2,1fb5,58a4,True,21,spurious,-1,False,8
seqpert_depth,depth,,1,0.375,6,8b41,359,True,16,spurious,-1,False,8
seqpert_depth,depth,,1,0.25,4,1337,b95,False,740,oscillated,-1,False,8
seqpert_depth,depth,,1,0.375,6,ae97,b6b6,False,740,oscillated,-1,False,8
seqpert_depth,depth,,1,0.375,6,18c9,58a4,True,14,spurious,-1,False,8
seqpert_depth,depth,,1,0.25,4,5e94,58a4,True,5,spurious,-1,False,8
seqpert_depth,depth,,1,0.5,8,21cc,2b4,True,18,spurious,-1,False,8
seqpert_depth,depth,,1,0.5,8,c21c,359,True,14,spurious,-1,False,8
seqpert_depth,depth,,1,0.375,6,ab54,a359,False,740,oscillated,-1,False,8
seqpert_depth,depth,,1,0.5,8,54c1,58a4,True,16,spurious,-1,False,8
seqpert_depth,depth,,1,0.375,6,1ded,58a4,True,14,spurious,-1,False,8
seqpert_depth,depth,,1,0.25,4,1881,58a4,True,14,spurious,-1,False,8
seqpert_depth,depth,,1,0.25,4,1b59,359,True,7,spurious,-1,False,8
seqpert_depth,depth,,1,0.5,8,248d,26b4,False,740,oscillated,-1,False,8
seqpert_depth,depth,,1,0.375,6,879f,a797,True,6,spurious,-1,False,8
seqpert_depth,depth,,1,0.375,6,bf86,fca6,True,18,wrong_pattern,0,False,8
seqpert_depth,depth,,1,0.25,4,bc4,2b4,True,17,spurious,-1,False,8
seqpert_depth,depth,,1,0.375,6,29f4,2b4,True,17,spurious,-1,False,8
seqpert_depth,depth,,1,0.375,6,b0d5,aab4,False,740,oscillated,-1,False,8
seqpert_depth,depth,,1,0.375,6,29b0,2b4,True,17,spurious,-1,False,8
seqpert_depth,depth,,1,0.375,6,5415,1905,True,13,spurious,-1,False,8
seqpert_depth,depth,,1,0.375,6,3ff6,a6b6,True,7,wrong_pattern,2,False,8
seqpert_depth,depth,,1,0.375,6,9abe,d8a6,False,740,oscillated,-1,False,8
seqpert_depth,depth,,1,0.375,6,af05,b707,False,740,oscillated,-1,False,8
seqpert_depth,depth,,1,0.25,4,7b9c,58a4,True,7,spurious,-1,False,8
seqpert_depth,depth,,1,0.25,4,1dd7,1d17,False,740,oscillated,-1,False,8
seqpert_depth,depth,,1,0.125,2,4b95,1395,False,740,oscillated,-1,False,8
seqpert_depth,depth,,1,0.375,6,90f,5149,False,740,oscillated,-1,False,8
seqpert_depth,depth,,1,0.375,6,ff9f,bd07,True,13,wrong_pattern,3,False,8
seqpert_depth,depth,,1,0.25,4,9891,58a4,True,15,spurious,-1,False,8
seqpert_depth,depth,,1,0.375,6,6bf7,32b6,False,740,oscillated,-1,False,8
seqpert_depth,depth,,1,0.25,4,3993,3917,False,740,oscillated,-1,False,8
seqpert_depth,depth,,1,0.375,6,11bb,42f8,True,17,spurious,-1,False,8
seqpert_depth,depth,,1,0.25,4,285,2b4,True,7,spurious,-1,False,8
seqpert_depth,depth,,1,0.375,6,79df,794b,False,740,oscillated,-1,False,8
seqpert_depth,depth,,1,0.375,6,a9bd,b2b4,False,740,oscillated,-1,False,8
seqpert_depth,depth,,1,0.375,6,53e1,58a4,True,17,spurious,-1,False,8
seqpert_depth,depth,,1,0.25,4,8bbd,2b4,True,7,spurious,-1,False,8
seqpert_depth,depth,,1,0.25,4,5a14,1905,True,15,spurious,-1,False,8
seqpert_depth,depth,,1,0.375,6,7bcc,58a4,True,12,spurious,-1,False,8
seqpert_depth,depth,,1,0.375,6,9119,359,True,16,spurious,-1,False,8
seqpert_depth,depth,,1,0.375,6,8135,395,True,9,spurious,-1,False,8
seqpert_depth,depth,,1,0.25,4,133d,359,True,12,spurious,-1,False,8
seqpert_depth,depth,,1,0.25,4,5897,58a4,True,7,spurious,-1,False,8
seqpert_depth,depth,,1,0.25,4,ad1,2b4,True,12,spurious,-1,False,8
seqpert_depth,depth,,1,0.375,6,1847,1905,True,6,spurious,-1,False,8
seqpert_depth,depth,,1,0.25,4,7985,1905,True,11,spurious,-1,False,8
seqpert_depth,depth,,1,0.375,6,1d09,1905,True,16,spurious,-1,False,8
seqpert_depth,depth,,1,0.25,4,2991,395,True,17,spurious,-1,False,8
seqpert_depth,depth,,1,0.5,8,14ed,42f8,True,16,spurious,-1,False,8
seqpert_depth,depth,,1,0.25,4,3bd,2b4,True,7,spurious,-1,False,8
seqpert_depth,depth,,1,0.375,6,15f4,2b4,True,17,spurious,-1,False,8
seqpert_depth,depth,,1,0.375,6,37d3,a797,True,21,spurious,-1,False,8
seqpert_depth,depth,,1,0.5,8,4d0f,5d4b,False,740,oscillated,-1,False,8
seqpert_depth,depth,,1,0.375,6,d2d4,ab4,False,740,oscillated,-1,False,8
seqpert_depth,depth,,1,0.25,4,9fc5,9f05,False,740,oscillated,-1,False,8
seqpert_depth,depth,,1,0.375,6,b9d0,f8a4,False,740,oscillated,-1,False,8
seqpert_depth,depth,,1,0.375,6,5f00,5949,True,17,spurious,-1,False,8
seqpert_depth,depth,,1,0.375,6,97a7,aeb6,False,740,oscillated,-1,False,8
seqpert_depth,depth,,1,0.25,4,5f9f,1d07,False,740,oscillated,-1,False,8
seqpert_depth,depth,,1,0.375,6,19ba,58a4,True,15,spurious,-1,False,8
seqpert_depth,depth,,1,0.25,4,1abf,2b4,True,7,spurious,-1,False,8
seqpert_depth,depth,,1,0.25,4,9095,ab4,False,740,oscillated,-1,False,8
seqpert_depth,depth,,1,0.25,4,17c5,395,True,17,spurious,-1,False,8
seqpert_depth,depth,,1,0.25,4,9b75,395,True,9,spurious,-1,False,8
seqpert_depth,depth,,1,0.375,6,731c,1905,True,16,spurious,-1,False,8
seqpert_depth,depth,,1,0.5,8,2e12,a75b,True,16,spurious,-1,False,8
seqpert_depth,depth,,1,0.375,6,42b1,42f8,True,16,spurious,-1,False,8
seqpert_depth,depth,,1,0.375,6,3d04,3d05,False,740,oscillated,-1,False,8
seqpert_depth,depth,,1,0.25,4,4a15,1905,True,13,spurious,-1,False,8
seqpert_depth,depth,,1,0.375,6,4ba3,58a4,True,18,spurious,-1,False,8
seqpert_depth,depth,,1,0.375,6,1af8,2b4,True,7,spurious,-1,False,8
seqpert_depth,depth,,1,0.25,4,1205,b05,False,740,oscillated,-1,False,8
seqpert_depth,depth,,2,0.375,6,16ac,2b4,True,17,spurious,-1,False,8
seqpert_depth,depth,,2,0.375,6,a1ee,a6b6,True,18,correct,2,True,8
seqpert_depth,depth,,2,0.25,4,8797,a797,True,4,spurious,-1,False,8
seqpert_depth,depth,,2,0.375,6,b366,a75b,True,17,spurious,-1,False,8
seqpert_depth,depth,,2,0.375,6,e8e6,fca6,True,7,wrong_pattern,0,False,8
seqpert_depth,depth,,2,0.375,6,a5e3,a6b6,True,18,correct,2,True,8
seqpert_depth,depth,,2,0.375,6,1226,58a4,True,21,spurious,-1,False,8
seqpert_depth,depth,,2,0.375,6,90a7,d8a6,False,740,oscillated,-1,False,8
seqpert_depth,depth,,2,0.25,4,e716,a75b,True,14,spurious,-1,False,8
seqpert_depth,depth,,2,0.125,2,a4b7,a6b6,True,5,correct,2,True,8
seqpert_depth,depth,,2,0.5,8,5691,ab4,False,740,oscillated,-1,False,8
seqpert_depth,depth,,2,0.375,6,8306,8397,False,740,oscillated,-1,False,8
seqpert_depth,depth,,2,0.25,4,a53e,a75b,True,12,spurious,-1,False,8
seqpert_depth,depth,,2,0.5,8,af58,a75b,True,7,spurious,-1,False,8
seqpert_depth,depth,,2,0.25,4,ae2e,fca6,True,30,wrong_pattern,0,False,8
seqpert_depth,depth,,2,0.375,6,fc94,fca6,True,5,wrong_pattern,0,False,8
seqpert_depth,depth,,2,0.5,8,9bf,2b4,True,17,spurious,-1,False,8
seqpert_depth,depth,,2,0.375,6,b6eb,e6fa,True,13,spurious,-1,False,8
seqpert_depth,depth,,2,0.375,6,46a3,46fa,False,740,oscillated,-1,False,8
seqpert_depth,depth,,2,0.125,2,a4f6,a6b6,True,6,correct,2,True,8
seqpert_depth,depth,,2,0.25,4,a230,a2b4,False,740,oscillated,-1,False,8
seqpert_depth,depth,,2,0.125,2,aea6,b6b6,False,740,oscillated,-1,False,8
seqpert_depth,depth,,2,0.375,6,f6c7,fca6,True,18,wrong_pattern,0,False,8
seqpert_depth,depth,,2,0.25,4,7636,fca6,True,15,wrong_pattern,0,False,8
seqpert_depth,depth,,2,0.125,2,a6f2,a6b6,True,16,correct,2,True,8
seqpert_depth,depth,,2,0.375,6,2c12,a75b,True,17,spurious,-1,False,8
seqpert_depth,depth,,2,0.375,6,7693,aeb6,False,740,oscillated,-1,False,8
seqpert_depth,depth,,2,0.25,4,6436,fc6a,True,22,spurious,-1,False,8
seqpert_depth,depth,,2,0.375,6,8fd4,86b4,False,740,oscillated,-1,False,8
seqpert_depth,depth,,2,0.375,6,ea93,b6b6,False,740,oscillated,-1,False,8
seqpert_depth,depth,,2,0.375,6,2254,359,True,16,spurious,-1,False,8
seqpert_depth,depth,,2,0.375,6,b423,ed4b,False,740,oscillated,-1,False,8
seqpert_depth,depth,,2,0.375,6,a5ec,a6b6,True,18,correct,2,True,8
seqpert_depth,depth,,2,0.25,4,ee37,bd07,True,15,wrong_pattern,3,False,8
seqpert_depth,depth,,2,0.375,6,35e6,a6b6,True,17,correct,2,True,8
seqpert_depth,depth,,2,0.375,6,ce27,bd07,True,15,wrong_pattern,3,False,8
seqpert_depth,depth,,2,0.375,6,f73f,bd07,True,16,wrong_pattern,3,False,8
seqpert_depth,depth,,2,0.25,4,b6e2,a6b6,True,21,correct,2,True,8
seqpert_depth,depth,,2,0.375,6,c0f2,c0fa,False,740,oscillated,-1,False,8
seqpert_depth,depth,,2,0.125,2,a6e6,a6b6,True,6,correct,2,True,8
seqpert_depth,depth,,2,0.25,4,8efe,a6b6,True,17,correct,2,True,8
seqpert_depth,depth,,2,0.25,4,86b8,86b4,False,740,oscillated,-1,False,8
seqpert_depth,depth,,2,0.375,6,4ea7,5ca6,False,740,oscillated,-1,False,8
seqpert_depth,depth,,2,0.375,6,7f36,bd07,True,15,wrong_pattern,3,False,8
seqpert_depth,depth,,2,0.25,4,8ef2,a6b6,True,17,correct,2,True,8
seqpert_depth,depth,,2,0.25,4,e6ff,e6fa,True,6,spurious,-1,False,8
seqpert_depth,depth,,2,0.25,4,a6d5,a6b6,True,7,correct,2,True,8
seqpert_depth,depth,,2,0.375,6,4237,359,True,14,spurious,-1,False,8
seqpert_depth,depth,,2,0.375,6,963d,8759,False,740,oscillated,-1,False,8
seqpert_depth,depth,,2,0.25,4,86aa,a6b6,True,16,correct,2,True,8
seqpert_depth,depth,,2,0.5,8,38fa,78a6,False,740,oscillated,-1,False,8
seqpert_depth,depth,,2,0.5,8,c122,d94b,False,740,oscillated,-1,False,8
seqpert_depth,depth,,2,0.375,6,e3ff,e6fa,True,7,spurious,-1,False,8
seqpert_depth,depth,,2,0.375,6,c77e,a75b,True,14,spurious,-1,False,8
seqpert_depth,depth,,2,0.125,2,e2b6,a6b6,True,11,correct,2,True,8
seqpert_depth,depth,,2,0.25,4,96ae,a6b6,True,17,correct,2,True,8
seqpert_depth,depth,,2,0.25,4,b677,a75b,True,16,spurious,-1,False,8
seqpert_depth,depth,,2,0.375,6,17b5,ab4,False,740,oscillated,-1,False,8
seqpert_depth,depth,,2,0.25,4,3436,fca6,True,21,wrong_pattern,0,False,8
seqpert_depth,depth,,2,0.375,6,d2b5,ab4,False,740,oscillated,-1,False,8
seqpert_depth,depth,,2,0.125,2,b4b6,aeb6,False,740,oscillated,-1,False,8
seqpert_depth,depth,,2,0.25,4,b497,aeb6,False,740,oscillated,-1,False,8
seqpert_depth,depth,,2,0.25,4,a0ba,a6b6,True,16,correct,2,True,8
seqpert_depth,depth,,2,0.375,6,3af4,2b4,True,7,spurious,-1,False,8
seqpert_depth,depth,,2,0.25,4,b732,a75b,True,16,spurious,-1,False,8
seqpert_depth,depth,,2,0.125,2,e636,e6fa,True,9,spurious,-1,False,8
seqpert_depth,depth,,2,0.375,6,467e,46fa,False,740,oscillated,-1,False,8
seqpert_depth,depth,,2,0.25,4,a3b5,a2b4,False,740,oscillated,-1,False,8
seqpert_depth,depth,,2,0.375,6,8395,395,True,4,spurious,-1,False,8
seqpert_depth,depth,,2,0.125,2,aef6,a6b6,True,7,correct,2,True,8
seqpert_depth,depth,,2,0.25,4,b7a2,a6b6,True,17,correct,2,True,8
seqpert_depth,depth,,2,0.375,6,9774,8759,False,740,oscillated,-1,False,8
seqpert_depth,depth,,2,0.375,6,aa3b,a75b,True,7,spurious,-1,False,8
seqpert_depth,depth,,2,0.375,6,ea12,bd07,True,17,wrong_pattern,3,False,8
seqpert_depth,depth,,2,0.25,4,8635,8795,False,740,oscillated,-1,False,8
seqpert_depth,depth,,2,0.375,6,9ebb,a6b6,True,7,correct,2,True,8
seqpert_depth,depth,,2,0.375,6,bbfe,a6b6,True,7,correct,2,True,8
seqpert_depth,depth,,2,0.25,4,aaae,a6b6,True,17,correct,2,True,8
seqpert_depth,depth,,2,0.25,4,a79f,a797,True,6,spurious,-1,False,8
seqpert_depth,depth,,2,0.5,8,a50b,a75b,True,6,spurious,-1,False,8
seqpert_depth,depth,,2,0.25,4,e396,a6b6,True,11,correct,2,True,8
seqpert_depth,depth,,2,0.375,6,92d2,82b6,False,740,oscillated,-1,False,8
seqpert_depth,depth,,2,0.375,6,eda2,fca6,True,7,wrong_pattern,0,False,8
seqpert_depth,depth,,2,0.5,8,75af,fca6,True,7,wrong_pattern,0,False,8
seqpert_depth,depth,,2,0.375,6,61b4,58a4,True,14,spurious,-1,False,8
seqpert_depth,depth,,2,0.375,6,fe27,bd07,True,15,wrong_pattern,3,False,8
seqpert_depth,depth,,2,0.25,4,d696,aeb6,False,740,oscillated,-1,False,8
seqpert_depth,depth,,2,0.375,6,3433,a75b,True,17,spurious,-1,False,8
seqpert_depth,depth,,2,0.375,6,d2f4,ab4,False,740,oscillated,-1,False,8
seqpert_depth,depth,,2,0.25,4,2fb4,36b4,False,740,oscillated,-1,False,8
seqpert_depth,depth,,2,0.375,6,685,2b4,True,7,spurious,-1,False,8
seqpert_depth,depth,,2,0.25,4,37be,a6b6,True,7,correct,2,True,8
seqpert_depth,depth,,2,0.375,6,fe2e,fc6a,True,21,spurious,-1,False,8
seqpert_depth,depth,,2,0.25,4,8226,82b6,False,740,oscillated,-1,False,8
seqpert_depth,depth,,2,0.25,4,86af,a6b6,True,6,correct,2,True,8
seqpert_depth,depth,,2,0.25,4,8687,a6b6,True,7,correct,2,True,8
seqpert_depth,depth,,2,0.375,6,6bb4,12b4,False,740,oscillated,-1,False,8
seqpert_depth,depth,,2,0.25,4,a73a,a75b,True,7,spurious,-1,False,8
seqpert_depth,depth,,2,0.375,6,71e,75b,False,740,oscillated,-1,False,8
seqpert_depth,depth,,2,0.375,6,f3bf,aeb6,False,740,oscillated,-1,False,8
seqpert_depth,depth,,3,0.125,2,bd45,bd07,True,6,correct,3,True,8
seqpert_depth,depth,,3,0.375,6,7d6b,fd4b,True,4,spurious,-1,False,8
seqpert_depth,depth,,3,0.5,8,db4,12b4,False,740,oscillated,-1,False,8
seqpert_depth,depth,,3,0.375,6,7f0c,3d05,False,740,oscillated,-1,False,8
seqpert_depth,depth,,3,0.375,6,2303,235b,False,740,oscillated,-1,False,8
seqpert_depth,depth,,3,0.5,8,8e61,8759,False,740,oscillated,-1,False,8
seqpert_depth,depth,,3,0.375,6,a82b,f54b,False,740,oscillated,-1,False,8
seqpert_depth,depth,,3,0.5,8,671d,2759,False,740,oscillated,-1,False,8
seqpert_depth,depth,,3,0.375,6,aa0d,a359,False,740,oscillated,-1,False,8
seqpert_depth,depth,,3,0.25,4,9706,af07,False,740,oscillated,-1,False,8
seqpert_depth,depth,,3,0.25,4,ed04,bd07,True,12,correct,3,True,8
seqpert_depth,depth,,3,0.375,6,3c2c,7ca4,False,740,oscillated,-1,False,8
seqpert_depth,depth,,3,0.5,8,2e9b,a6b6,True,12,wrong_pattern,2,False,8
seqpert_depth,depth,,3,0.25,4,e547,fd4b,True,7,spurious,-1,False,8
seqpert_depth,depth,,3,0.375,6,7f41,7d49,False,740,oscillated,-1,False,8
seqpert_depth,depth,,3,0.25,4,9937,9917,False,740,oscillated,-1,False,8
seqpert_depth,depth,,3,0.375,6,a1cf,a797,True,21,spurious,-1,False,8
seqpert_depth,depth,,3,0.375,6,5926,1905,True,15,spurious,-1,False,8
seqpert_depth,depth,,3,0.25,4,a997,b797,False,740,oscillated,-1,False,8
seqpert_depth,depth,,3,0.5,8,d022,d826,False,740,oscillated,-1,False,8
seqpert_depth,depth,,3,0.25,4,be16,bf97,True,9,spurious,-1,False,8
seqpert_depth,depth,,3,0.25,4,6d27,bd07,True,12,correct,3,True,8
seqpert_depth,depth,,3,0.25,4,bf96,fca6,True,21,wrong_pattern,0,False,8
seqpert_depth,depth,,3,0.25,4,3da5,7ca4,False,740,oscillated,-1,False,8
seqpert_depth,depth,,3,0.375,6,b79e,a6b6,True,7,wrong_pattern,2,False,8
seqpert_depth,depth,,3,0.25,4,ac26,fca6,True,11,wrong_pattern,0,False,8
seqpert_depth,depth,,3,0.5,8,d5bd,dca4,False,740,oscillated,-1,False,8
seqpert_depth,depth,,3,0.25,4,9c67,bd07,True,7,correct,3,True,8
seqpert_depth,depth,,3,0.375,6,af8a,e6fa,True,17,spurious,-1,False,8
seqpert_depth,depth,,3,0.5,8,1e40,1905,True,16,spurious,-1,False,8
seqpert_depth,depth,,3,0.25,4,3d0c,3d05,False,740,oscillated,-1,False,8
seqpert_depth,depth,,3,0.375,6,3e4b,a75b,True,14,spurious,-1,False,8
seqpert_depth,depth,,3,0.5,8,cfd3,a797,True,26,spurious,-1,False,8
seqpert_depth,depth,,3,0.375,6,d55,359,True,21,spurious,-1,False,8
seqpert_depth,depth,,3,0.125,2,9c07,bd07,True,4,correct,3,True,8
seqpert_depth,depth,,3,0.375,6,9736,af97,False,740,oscillated,-1,False,8
seqpert_depth,depth,,3,0.375,6,ef35,bd07,True,13,correct,3,True,8
seqpert_depth,depth,,3,0.375,6,9193,8b97,False,740,oscillated,-1,False,8
seqpert_depth,depth,,3,0.375,6,ff8c,fca6,True,7,wrong_pattern,0,False,8
seqpert_depth,depth,,3,0.375,6,5e0f,1d07,False,740,oscillated,-1,False,8
seqpert_depth,depth,,3,0.375,6,1897,58a4,True,18,spurious,-1,False,8
seqpert_depth,depth,,3,0.25,4,9985,1905,True,9,spurious,-1,False,8
seqpert_depth,depth,,3,0.25,4,b533,a75b,True,21,spurious,-1,False,8
seqpert_depth,depth,,3,0.25,4,b883,fca6,True,14,wrong_pattern,0,False,8
seqpert_depth,depth,,3,0.375,6,b590,a6b6,True,17,wrong_pattern,2,False,8
seqpert_depth,depth,,3,0.25,4,ddc7,bd07,True,16,correct,3,True,8
seqpert_depth,depth,,3,0.375,6,cc86,fca6,True,7,wrong_pattern,0,False,8
seqpert_depth,depth,,3,0.125,2,bc17,bd17,False,740,oscillated,-1,False,8
seqpert_depth,depth,,3,0.375,6,5c0b,5d4b,False,740,oscillated,-1,False,8
seqpert_depth,depth,,3,0.25,4,3607,af07,False,740,oscillated,-1,False,8
seqpert_depth,depth,,3,0.375,6,3580,26b4,False,740,oscillated,-1,False,8
seqpert_depth,depth,,3,0.375,6,ba8d,f8a4,False,740,oscillated,-1,False,8
seqpert_depth,depth,,3,0.25,4,b5a6,fca6,True,23,wrong_pattern,0,False,8
seqpert_depth,depth,,3,0.125,2,b947,bd07,True,6,correct,3,True,8
seqpert_depth,depth,,3,0.375,6,b780,a6b6,True,17,wrong_pattern,2,False,8
seqpert_depth,depth,,3,0.375,6,ed29,fd4b,True,7,spurious,-1,False,8
seqpert_depth,depth,,3,0.375,6,e91e,bd07,True,16,correct,3,True,8
seqpert_depth,depth,,3,0.375,6,1cd7,5ca6,False,740,oscillated,-1,False,8
seqpert_depth,depth,,3,0.25,4,ad35,b517,False,740,oscillated,-1,False,8
seqpert_depth,depth,,3,0.375,6,59a7,58a4,True,7,spurious,-1,False,8
seqpert_depth,depth,,3,0.5,8,2e4a,a75b,True,17,spurious,-1,False,8
seqpert_depth,depth,,3,0.375,6,fb36,bd07,True,15,correct,3,True,8
seqpert_depth,depth,,3,0.375,6,a40c,a75b,True,14,spurious,-1,False,8
seqpert_depth,depth,,3,0.25,4,b7a7,aeb6,False,740,oscillated,-1,False,8
seqpert_depth,depth,,3,0.375,6,9cc2,fca6,True,14,wrong_pattern,0,False,8
seqpert_depth,depth,,3,0.375,6,d704,9d05,False,740,oscillated,-1,False,8
seqpert_depth,depth,,3,0.375,6,8125,1b95,True,13,wrong_pattern,1,False,8
seqpert_depth,depth,,3,0.25,4,b533,a75b,True,21,spurious,-1,False,8
seqpert_depth,depth,,3,0.375,6,3ccb,fca6,True,14,wrong_pattern,0,False,8
seqpert_depth,depth,,3,0.25,4,ff86,fca6,True,7,wrong_pattern,0,False,8
seqpert_depth,depth,,3,0.375,6,9b96,d8a6,False,740,oscillated,-1,False,8
seqpert_depth,depth,,3,0.25,4,bd6b,fd4b,True,11,spurious,-1,False,8
seqpert_depth,depth,,3,0.5,8,5c2,6b6,False,740,oscillated,-1,False,8
seqpert_depth,depth,,3,0.375,6,a882,a6b6,True,17,wrong_pattern,2,False,8
seqpert_depth,depth,,3,0.25,4,392f,3907,False,740,oscillated,-1,False,8
seqpert_depth,depth,,3,0.25,4,be01,bf07,False,740,oscillated,-1,False,8
seqpert_depth,depth,,3,0.25,4,3806,3907,False,740,oscillated,-1,False,8
seqpert_depth,depth,,3,0.375,6,95b6,aeb6,False,740,oscillated,-1,False,8
seqpert_depth,depth,,3,0.25,4,bf42,bd07,True,15,correct,3,True,8
seqpert_depth,depth,,3,0.375,6,38e7,78a6,False,740,oscillated,-1,False,8
seqpert_depth,depth,,3,0.375,6,7c33,fd4b,True,13,spurious,-1,False,8
seqpert_depth,depth,,3,0.375,6,ae36,b6b6,False,740,oscillated,-1,False,8
seqpert_depth,depth,,3,0.25,4,b84f,bd07,True,16,correct,3,True,8
seqpert_depth,depth,,3,0.375,6,f9e5,f8a4,False,740,oscillated,-1,False,8
seqpert_depth,depth,,3,0.375,6,8e85,96b4,False,740,oscillated,-1,False,8
seqpert_depth,depth,,3,0.25,4,ad82,a6b6,True,17,wrong_pattern,2,False,8
seqpert_depth,depth,,3,0.5,8,6a83,78a6,False,740,oscillated,-1,False,8
seqpert_depth,depth,,3,0.25,4,e527,fd4b,True,7,spurious,-1,False,8
seqpert_depth,depth,,3,0.25,4,7d8f,bd07,True,16,correct,3,True,8
seqpert_depth,depth,,3,0.375,6,b9bb,fca6,True,15,wrong_pattern,0,False,8
seqpert_depth,depth,,3,0.375,6,8c93,a6b6,True,17,wrong_pattern,2,False,8
seqpert_depth,depth,,3,0.25,4,be23,bd07,True,15,correct,3,True,8
seqpert_depth,depth,,3,0.375,6,f156,bd07,True,16,correct,3,True,8
seqpert_depth,depth,,3,0.125,2,bf17,bf97,True,9,spurious,-1,False,8
seqpert_depth,depth,,3,0.375,6,848f,a6b6,True,7,wrong_pattern,2,False,8
seqpert_depth,depth,,3,0.25,4,6d47,fd4b,True,17,spurious,-1,False,8
seqpert_depth,depth,,3,0.375,6,2b57,235b,False,740,oscillated,-1,False,8
seqpert_depth,depth,,3,0.25,4,be23,bd07,True,15,correct,3,True,8
seqpert_depth,depth,,3,0.5,8,ba48,a359,False,740,oscillated,-1,False,8
seqpert_depth,depth,,3,0.25,4,3c02,bd07,True,7,correct,3,True,8
seqpert_depth,depth,,0,0.3125,5,e82a,fc6a,True,7,spurious,-1,False,9
seqpert_depth,depth,,0,0.4375,7,90bc,2b4,True,17,spurious,-1,False,9
seqpert_depth,depth,,0,0.4375,7,7a90,58a4,True,6,spurious,-1,False,9
seqpert_depth,depth,,0,0.4375,7,2e62,e6fa,True,13,spurious,-1,False,9
seqpert_depth,depth,,0,0.3125,5,f1c6,fca6,True,7,correct,0,True,9
seqpert_depth,depth,,0,0.4375,7,9694,8eb4,False,740,oscillated,-1,False,9
seqpert_depth,depth,,0,0.3125,5,7786,fca6,True,17,correct,0,True,9
seqpert_depth,depth,,0,0.3125,5,bd97,bd17,False,740,oscillated,-1,False,9
seqpert_depth,depth,,0,0.1875,3,7ca0,7ca4,False,740,oscillated,-1,False,9
seqpert_depth,depth,,0,0.3125,5,3cea,fca6,True,14,correct,0,True,9
seqpert_depth,depth,,0,0.3125,5,eccc,fca6,True,12,correct,0,True,9
seqpert_depth,depth,,0,0.4375,7,c504,8759,False,740,oscillated,-1,False,9
seqpert_depth,depth,,0,0.4375,7,6c9d,7ca4,False,740,oscillated,-1,False,9
seqpert_depth,depth,,0,0.4375,7,d6c3,fca6,True,17,correct,0,True,9
seqpert_depth,depth,,0,0.4375,7,ff29,fd4b,True,6,spurious,-1,False,9
seqpert_depth,depth,,0,0.3125,5,faf4,f8a4,False,740,oscillated,-1,False,9
seqpert_depth,depth,,0,0.4375,7,2ce1,66f8,False,740,oscillated,-1,False,9
seqpert_depth,depth,,0,0.3125,5,f9c4,f8a4,False,740,oscillated,-1,False,9
seqpert_depth,depth,,0,0.4375,7,fa98,f8a4,False,740,oscillated,-1,False,9
seqpert_depth,depth,,0,0.1875,3,e486,fca6,True,7,correct,0,True,9
seqpert_depth,depth,,0,0.4375,7,6c3d,3d05,False,740,oscillated,-1,False,9
seqpert_depth,depth,,0,0.5625,9,5f4c,5949,True,6,spurious,-1,False,9
seqpert_depth,depth,,0,0.4375,7,3607,af07,False,740,oscillated,-1,False,9
seqpert_depth,depth,,0,0.1875,3,4ca6,5ca6,False,740,oscillated,-1,False,9
seqpert_depth,depth,,0,0.3125,5,acc7,a6b6,True,17,wrong_pattern,2,False,9
seqpert_depth,depth,,0,0.1875,3,ec24,fca6,True,9,correct,0,True,9
seqpert_depth,depth,,0,0.1875,3,ec87,fca6,True,7,correct,0,True,9
seqpert_depth,depth,,0,0.3125,5,388e,78a6,False,740,oscillated,-1,False,9
seqpert_depth,depth,,0,0.1875,3,eda4,fca6,True,7,correct,0,True,9
seqpert_depth,depth,,0,0.3125,5,ffbc,fca6,True,6,correct,0,True,9
seqpert_depth,depth,,0,0.3125,5,d864,5868,True,21,spurious,-1,False,9
seqpert_depth,depth,,0,0.4375,7,6c61,7d49,False,740,oscillated,-1,False,9
seqpert_depth,depth,,0,0.4375,7,9a92,d8a6,False,740,oscillated,-1,False,9
seqpert_depth,depth,,0,0.1875,3,d886,d8a6,False,740,oscillated,-1,False,9
seqpert_depth,depth,,0,0.1875,3,d4a7,fca6,True,7,correct,0,True,9
seqpert_depth,depth,,0,0.5625,9,b948,f949,False,740,oscillated,-1,False,9
seqpert_depth,depth,,0,0.3125,5,5e27,1d07,False,740,oscillated,-1,False,9
seqpert_depth,depth,,0,0.3125,5,ce27,bd07,True,15,wrong_pattern,3,False,9
seqpert_depth,depth,,0,0.5625,9,eb1c,b905,False,740,oscillated,-1,False,9
seqpert_depth,depth,,0,0.3125,5,f881,f8a4,False,740,oscillated,-1,False,9
seqpert_depth,depth,,0,0.4375,7,5f97,1d07,False,740,oscillated,-1,False,9
seqpert_depth,depth,,0,0.3125,5,fafe,fca6,True,11,correct,0,True,9
seqpert_depth,depth,,0,0.3125,5,de0e,fd4b,True,13,spurious,-1,False,9
seqpert_depth,depth,,0,0.1875,3,bee6,fca6,True,15,correct,0,True,9
seqpert_depth,depth,,0,0.3125,5,dd37,bd07,True,13,wrong_pattern,3,False,9
seqpert_depth,depth,,0,0.3125,5,59ae,58a4,True,6,spurious,-1,False,9
seqpert_depth,depth,,0,0.3125,5,bd76,bd07,True,15,wrong_pattern,3,False,9
seqpert_depth,depth,,0,0.3125,5,5e82,5ca6,False,740,oscillated,-1,False,9
seqpert_depth,depth,,0,0.3125,5,e837,bd07,True,15,wrong_pattern,3,False,9
seqpert_depth,depth,,0,0.3125,5,d627,bd07,True,15,wrong_pattern,3,False,9
seqpert_depth,depth,,0,0.3125,5,ff2a,fd4b,True,7,spurious,-1,False,9
seqpert_depth,depth,,0,0.4375,7,5184,58a4,True,7,spurious,-1,False,9
seqpert_depth,depth,,0,0.4375,7,4087,58a4,True,7,spurious,-1,False,9
seqpert_depth,depth,,0,0.4375,7,51ac,58a4,True,7,spurious,-1,False,9
seqpert_depth,depth,,0,0.3125,5,f4c0,fca6,True,12,correct,0,True,9
seqpert_depth,depth,,0,0.3125,5,29a6,78a6,False,740,oscillated,-1,False,9
seqpert_depth,depth,,0,0.3125,5,febb,fca6,True,11,correct,0,True,9
seqpert_depth,depth,,0,0.5625,9,3a0b,3907,False,740,oscillated,-1,False,9
seqpert_depth,depth,,0,0.3125,5,50b6,58a4,True,11,spurious,-1,False,9
seqpert_depth,depth,,0,0.3125,5,ea27,bd07,True,15,wrong_pattern,3,False,9
seqpert_depth,depth,,0,0.3125,5,f06e,fc6a,True,7,spurious,-1,False,9
seqpert_depth,depth,,0,0.3125,5,de0e,fd4b,True,13,spurious,-1,False,9
seqpert_depth,depth,,0,0.0625,1,dca6,fca6,True,4,correct,0,True,9
seqpert_depth,depth,,0,0.3125,5,a0e6,a6b6,True,6,wrong_pattern,2,False,9
seqpert_depth,depth,,0,0.3125,5,ee8c,fca6,True,16,correct,0,True,9
seqpert_depth,depth,,0,0.3125,5,ddf4,dca4,False,740,oscillated,-1,False,9
seqpert_depth,depth,,0,0.4375,7,8cb1,96b4,False,740,oscillated,-1,False,9
seqpert_depth,depth,,0,0.3125,5,f4f3,fca6,True,21,correct,0,True,9
seqpert_depth,depth,,0,0.3125,5,ee2f,bd07,True,17,wrong_pattern,3,False,9
seqpert_depth,depth,,0,0.3125,5,7cf5,7ca4,False,740,oscillated,-1,False,9
seqpert_depth,depth,,0,0.3125,5,ec6a,f46a,False,740,oscillated,-1,False,9
seqpert_depth,depth,,0,0.1875,3,fc34,fca6,True,9,correct,0,True,9
seqpert_depth,depth,,0,0.1875,3,fce5,fca6,True,6,correct,0,True,9
seqpert_depth,depth,,0,0.3125,5,e0e4,f8a4,False,740,oscillated,-1,False,9
seqpert_depth,depth,,0,0.3125,5,f412,bd07,True,17,wrong_pattern,3,False,9
seqpert_depth,depth,,0,0.4375,7,1fa0,58a4,True,15,spurious,-1,False,9
seqpert_depth,depth,,0,0.4375,7,d292,8ab6,False,740,oscillated,-1,False,9
seqpert_depth,depth,,0,0.3125,5,ae36,b6b6,False,740,oscillated,-1,False,9
seqpert_depth,depth,,0,0.4375,7,7974,5949,True,13,spurious,-1,False,9
seqpert_depth,depth,,0,0.3125,5,9ca1,dca4,False,740,oscillated,-1,False,9
seqpert_depth,depth,,0,0.3125,5,ad24,bd07,True,7,wrong_pattern,3,False,9
seqpert_depth,depth,,0,0.4375,7,e185,b905,False,740,oscillated,-1,False,9
seqpert_depth,depth,,0,0.4375,7,5a02,5949,True,13,spurious,-1,False,9
seqpert_depth,depth,,0,0.3125,5,cdc6,fca6,True,7,correct,0,True,9
seqpert_depth,depth,,0,0.1875,3,7ea7,fca6,True,5,correct,0,True,9
seqpert_depth,depth,,0,0.3125,5,be8a,fca6,True,15,correct,0,True,9
seqpert_depth,depth,,0,0.1875,3,78a4,58a4,True,4,spurious,-1,False,9
seqpert_depth,depth,,0,0.1875,3,b8a2,fca6,True,11,correct,0,True,9
seqpert_depth,depth,,0,0.1875,3,78a7,78a6,False,740,oscillated,-1,False,9
seqpert_depth,depth,,0,0.3125,5,ddd6,fca6,True,7,correct,0,True,9
seqpert_depth,depth,,0,0.3125,5,7aa5,58a4,True,5,spurious,-1,False,9
seqpert_depth,depth,,0,0.3125,5,4cac,58a4,True,7,spurious,-1,False,9
seqpert_depth,depth,,0,0.1875,3,5ca7,5ca6,False,740,oscillated,-1,False,9
seqpert_depth,depth,,0,0.4375,7,de4a,fd4b,True,7,spurious,-1,False,9
seqpert_depth,depth,,0,0.1875,3,ccb6,fca6,True,11,correct,0,True,9
seqpert_depth,depth,,0,0.1875,3,fc94,fca6,True,5,correct,0,True,9
seqpert_depth,depth,,0,0.3125,5,dc65,dd49,False,740,oscillated,-1,False,9
seqpert_depth,depth,,0,0.4375,7,75f0,7ca4,False,740,oscillated,-1,False,9
seqpert_depth,depth,,0,0.4375,7,9c1f,bd17,False,740,oscillated,-1,False,9
seqpert_depth,depth,,0,0.3125,5,38e2,78a6,False,740,oscillated,-1,False,9
seqpert_depth,depth,,1,0.3125,5,158d,395,True,17,spurious,-1,False,9
seqpert_depth,depth,,1,0.3125,5,3e14,3f95,False,740,oscillated,-1,False,9
seqpert_depth,depth,,1,0.4375,7,96df,a6b6,True,12,wrong_pattern,2,False,9
seqpert_depth,depth,,1,0.4375,7,bab8,f8a4,False,740,oscillated,-1,False,9
seqpert_depth,depth,,1,0.1875,3,fd5,395,True,7,spurious,-1,False,9
seqpert_depth,depth,,1,0.1875,3,9a97,d8a6,False,740,oscillated,-1,False,9
seqpert_depth,depth,,1,0.0625,1,1a95,58a4,True,21,spurious,-1,False,9
seqpert_depth,depth,,1,0.3125,5,63d5,359,True,14,spurious,-1,False,9
seqpert_depth,depth,,1,0.4375,7,3fb,42f8,True,15,spurious,-1,False,9
seqpert_depth,depth,,1,0.4375,7,3ae3,78a6,False,740,oscillated,-1,False,9
seqpert_depth,depth,,1,0.3125,5,3835,1915,False,740,oscillated,-1,False,9
seqpert_depth,depth,,1,0.4375,7,3ede,a6b6,True,7,wrong_pattern,2,False,9
seqpert_depth,depth,,1,0.4375,7,d751,cd49,False,740,oscillated,-1,False,9
seqpert_depth,depth,,1,0.3125,5,5a16,1905,True,15,spurious,-1,False,9
seqpert_depth,depth,,1,0.3125,5,9705,8f05,False,740,oscillated,-1,False,9
seqpert_depth,depth,,1,0.3125,5,39d0,58a4,True,15,spurious,-1,False,9
seqpert_depth,depth,,1,0.3125,5,8a81,2b4,True,17,spurious,-1,False,9
seqpert_depth,depth,,1,0.3125,5,2ba4,12b4,False,740,oscillated,-1,False,9
seqpert_depth,depth,,1,0.3125,5,1a4d,1905,True,15,spurious,-1,False,9
seqpert_depth,depth,,1,0.3125,5,10c5,2b4,True,17,spurious,-1,False,9
seqpert_depth,depth,,1,0.4375,7,b581,a797,True,17,spurious,-1,False,9
seqpert_depth,depth,,1,0.3125,5,5893,58a4,True,7,spurious,-1,False,9
seqpert_depth,depth,,1,0.3125,5,3acd,58a4,True,15,spurious,-1,False,9
seqpert_depth,depth,,1,0.3125,5,99bf,d8a6,False,740,oscillated,-1,False,9
seqpert_depth,depth,,1,0.3125,5,8a35,1395,False,740,oscillated,-1,False,9
seqpert_depth,depth,,1,0.3125,5,bb07,bf07,False,740,oscillated,-1,False,9
seqpert_depth,depth,,1,0.3125,5,8b1,2b4,True,17,spurious,-1,False,9
seqpert_depth,depth,,1,0.4375,7,6b8e,78a6,False,740,oscillated,-1,False,9
seqpert_depth,depth,,1,0.3125,5,2a14,1395,False,740,oscillated,-1,False,9
seqpert_depth,depth,,1,0.4375,7,be19,a75b,True,17,spurious,-1,False,9
seqpert_depth,depth,,1,0.3125,5,9fd6,a6b6,True,7,wrong_pattern,2,False,9
seqpert_depth,depth,,1,0.4375,7,380c,1905,True,7,spurious,-1,False,9
seqpert_depth,depth,,1,0.5625,9,2d58,2759,False,740,oscillated,-1,False,9
seqpert_depth,depth,,1,0.3125,5,4a87,58a4,True,17,spurious,-1,False,9
seqpert_depth,depth,,1,0.4375,7,1126,1905,True,7,spurious,-1,False,9
seqpert_depth,depth,,1,0.1875,3,1b83,1b05,False,740,oscillated,-1,False,9
seqpert_depth,depth,,1,0.3125,5,5b39,5949,True,6,spurious,-1,False,9
seqpert_depth,depth,,1,0.4375,7,b918,b905,False,740,oscillated,-1,False,9
seqpert_depth,depth,,1,0.3125,5,3f83,bf07,False,740,oscillated,-1,False,9
seqpert_depth,depth,,1,0.3125,5,8bf1,2b4,True,12,spurious,-1,False,9
seqpert_depth,depth,,1,0.3125,5,bf17,bf97,True,9,spurious,-1,False,9
seqpert_depth,depth,,1,0.5625,9,b6c3,e6fa,True,17,spurious,-1,False,9
seqpert_depth,depth,,1,0.3125,5,53a1,58a4,True,18,spurious,-1,False,9
seqpert_depth,depth,,1,0.3125,5,398c,58a4,True,14,spurious,-1,False,9
seqpert_depth,depth,,1,0.4375,7,1369,359,True,14,spurious,-1,False,9
seqpert_depth,depth,,1,0.3125,5,919c,2b4,True,17,spurious,-1,False,9
seqpert_depth,depth,,1,0.4375,7,dde,46fa,False,740,oscillated,-1,False,9
seqpert_depth,depth,,1,0.4375,7,eab1,b2b4,False,740,oscillated,-1,False,9
seqpert_depth,depth,,1,0.3125,5,31bd,2b4,True,17,spurious,-1,False,9
seqpert_depth,depth,,1,0.3125,5,58f5,58a4,True,6,spurious,-1,False,9
seqpert_depth,depth,,1,0.1875,3,13f5,2b4,True,7,spurious,-1,False,9
seqpert_depth,depth,,1,0.3125,5,328d,2b4,True,17,spurious,-1,False,9
seqpert_depth,depth,,1,0.3125,5,329c,2b4,True,7,spurious,-1,False,9
seqpert_depth,depth,,1,0.4375,7,47b9,42f8,True,7,spurious,-1,False,9
seqpert_depth,depth,,1,0.5625,9,7f,359,True,7,spurious,-1,False,9
seqpert_depth,depth,,1,0.1875,3,1305,b05,False,740,oscillated,-1,False,9
seqpert_depth,depth,,1,0.1875,3,9bbd,2b4,True,7,spurious,-1,False,9
seqpert_depth,depth,,1,0.4375,7,9c1f,bd17,False,740,oscillated,-1,False,9
seqpert_depth,depth,,1,0.3125,5,539b,395,True,26,spurious,-1,False,9
seqpert_depth,depth,,1,0.3125,5,9ad,2b4,True,17,spurious,-1,False,9
seqpert_depth,depth,,1,0.4375,7,be57,a797,True,9,spurious,-1,False,9
seqpert_depth,depth,,1,0.4375,7,4b26,1905,True,15,spurious,-1,False,9
seqpert_depth,depth,,1,0.4375,7,41d,359,True,11,spurious,-1,False,9
seqpert_depth,depth,,1,0.4375,7,6697,a6b6,True,11,wrong_pattern,2,False,9
seqpert_depth,depth,,1,0.1875,3,3bd4,2b4,True,7,spurious,-1,False,9
seqpert_depth,depth,,1,0.3125,5,d9d1,1905,True,11,spurious,-1,False,9
seqpert_depth,depth,,1,0.4375,7,120b,359,True,16,spurious,-1,False,9
seqpert_depth,depth,,1,0.3125,5,fa15,b905,False,740,oscillated,-1,False,9
seqpert_depth,depth,,1,0.4375,7,ebfd,b2b4,False,740,oscillated,-1,False,9
seqpert_depth,depth,,1,0.5625,9,2b2a,235b,False,740,oscillated,-1,False,9
seqpert_depth,depth,,1,0.1875,3,1384,ab4,False,740,oscillated,-1,False,9
seqpert_depth,depth,,1,0.4375,7,9cad,dca4,False,740,oscillated,-1,False,9
seqpert_depth,depth,,1,0.4375,7,81c1,395,True,21,spurious,-1,False,9
seqpert_depth,depth,,1,0.4375,7,58bb,58a4,True,11,spurious,-1,False,9
seqpert_depth,depth,,1,0.5625,9,36fe,a6b6,True,17,wrong_pattern,2,False,9
seqpert_depth,depth,,1,0.4375,7,8fb8,86b4,False,740,oscillated,-1,False,9
seqpert_depth,depth,,1,0.4375,7,b944,b905,False,740,oscillated,-1,False,9
seqpert_depth,depth,,1,0.3125,5,9585,9f95,False,740,oscillated,-1,False,9
seqpert_depth,depth,,1,0.4375,7,3d12,bd17,False,740,oscillated,-1,False,9
seqpert_depth,depth,,1,0.3125,5,2185,395,True,5,spurious,-1,False,9
seqpert_depth,depth,,1,0.5625,9,a0ad,a2b4,False,740,oscillated,-1,False,9
seqpert_depth,depth,,1,0.3125,5,27d5,2795,False,740,oscillated,-1,False,9
seqpert_depth,depth,,1,0.4375,7,8ba8,42f8,True,16,spurious,-1,False,9
seqpert_depth,depth,,1,0.3125,5,959d,8f95,False,740,oscillated,-1,False,9
seqpert_depth,depth,,1,0.1875,3,1191,395,True,17,spurious,-1,False,9
seqpert_depth,depth,,1,0.4375,7,a790,a6b6,True,7,wrong_pattern,2,False,9
seqpert_depth,depth,,1,0.3125,5,55d5,1905,True,13,spurious,-1,False,9
seqpert_depth,depth,,1,0.3125,5,531c,1905,True,16,spurious,-1,False,9
seqpert_depth,depth,,1,0.3125,5,6a9d,12b4,False,740,oscillated,-1,False,9
seqpert_depth,depth,,1,0.3125,5,32a5,ab4,False,740,oscillated,-1,False,9
seqpert_depth,depth,,1,0.4375,7,6835,1905,True,15,spurious,-1,False,9
seqpert_depth,depth,,1,0.3125,5,c9d,2b4,True,17,spurious,-1,False,9
seqpert_depth,depth,,1,0.3125,5,39c4,58a4,True,14,spurious,-1,False,9
seqpert_depth,depth,,1,0.1875,3,3fb5,7ca4,False,740,oscillated,-1,False,9
seqpert_depth,depth,,1,0.1875,3,295,2b4,True,7,spurious,-1,False,9
seqpert_depth,depth,,1,0.1875,3,b90,2b4,True,7,spurious,-1,False,9
seqpert_depth,depth,,1,0.4375,7,b7d3,a797,True,21,spurious,-1,False,9
seqpert_depth,depth,,1,0.3125,5,1a1b,359,True,17,spurious,-1,False,9
seqpert_depth,depth,,1,0.4375,7,d7d0,8eb4,False,740,oscillated,-1,False,9
seqpert_depth,depth,,1,0.4375,7,9496,aeb6,False,740,oscillated,-1,False,9
seqpert_depth,depth,,2,0.1875,3,2eb2,a6b6,True,7,correct,2,True,9
seqpert_depth,depth,,2,0.3125,5,f3be,aeb6,False,740,oscillated,-1,False,9
seqpert_depth,depth,,2,0.4375,7,f5bd,fca6,True,18,wrong_pattern,0,False,9
seqpert_depth,depth,,2,0.3125,5,e537,fd4b,True,19,spurious,-1,False,9
seqpert_depth,depth,,2,0.3125,5,2274,42f8,True,21,spurious,-1,False,9
seqpert_depth,depth,,2,0.4375,7,611,359,True,12,spurious,-1,False,9
seqpert_depth,depth,,2,0.3125,5,fcf6,fca6,True,6,wrong_pattern,0,False,9
seqpert_depth,depth,,2,0.5625,9,edcf,bd07,True,16,wrong_pattern,3,False,9
seqpert_depth,depth,,2,0.1875,3,aefe,a6b6,True,17,correct,2,True,9
seqpert_depth,depth,,2,0.4375,7,626e,62ea,False,740,oscillated,-1,False,9
seqpert_depth,depth,,2,0.3125,5,14f6,eb6,False,740,oscillated,-1,False,9
seqpert_depth,depth,,2,0.4375,7,44e2,5c6a,False,740,oscillated,-1,False,9
seqpert_depth,depth,,2,0.3125,5,bee7,fca6,True,15,wrong_pattern,0,False,9
seqpert_depth,depth,,2,0.4375,7,b8fc,f8a4,False,740,oscillated,-1,False,9
seqpert_depth,depth,,2,0.3125,5,82a5,2b4,True,5,spurious,-1,False,9
seqpert_depth,depth,,2,0.3125,5,a257,a75b,True,12,spurious,-1,False,9
seqpert_depth,depth,,2,0.3125,5,968e,a6b6,True,17,correct,2,True,9
seqpert_depth,depth,,2,0.3125,5,ec94,fca6,True,14,wrong_pattern,0,False,9
seqpert_depth,depth,,2,0.1875,3,b736,af97,False,740,oscillated,-1,False,9
seqpert_depth,depth,,2,0.4375,7,b0d5,aab4,False,740,oscillated,-1,False,9
seqpert_depth,depth,,2,0.3125,5,aea8,a6b6,True,21,correct,2,True,9
seqpert_depth,depth,,2,0.1875,3,8e96,b6b6,False,740,oscillated,-1,False,9
seqpert_depth,depth,,2,0.4375,7,283a,60fa,False,740,oscillated,-1,False,9
seqpert_depth,depth,,2,0.3125,5,a3f5,a2b4,False,740,oscillated,-1,False,9
seqpert_depth,depth,,2,0.4375,7,9ff0,dca4,False,740,oscillated,-1,False,9
seqpert_depth,depth,,2,0.1875,3,87b7,a6b6,True,7,correct,2,True,9
seqpert_depth,depth,,2,0.4375,7,d67f,fd4b,True,17,spurious,-1,False,9
seqpert_depth,depth,,2,0.3125,5,a725,a797,True,9,spurious,-1,False,9
seqpert_depth,depth,,2,0.4375,7,a1f8,e2f8,False,740,oscillated,-1,False,9
seqpert_depth,depth,,2,0.4375,7,bae,2b4,True,17,spurious,-1,False,9
seqpert_depth,depth,,2,0.1875,3,b634,aeb6,False,740,oscillated,-1,False,9
seqpert_depth,depth,,2,0.3125,5,b293,a6b6,True,7,correct,2,True,9
seqpert_depth,depth,,2,0.1875,3,87b2,a6b6,True,6,correct,2,True,9
seqpert_depth,depth,,2,0.1875,3,b632,e6fa,True,16,spurious,-1,False,9
seqpert_depth,depth,,2,0.3125,5,d6a7,fca6,True,14,wrong_pattern,0,False,9
seqpert_depth,depth,,2,0.4375,7,3da4,7ca4,False,740,oscillated,-1,False,9
seqpert_depth,depth,,2,0.4375,7,b242,a75b,True,18,spurious,-1,False,9
seqpert_depth,depth,,2,0.3125,5,a8bc,b2b4,False,740,oscillated,-1,False,9
seqpert_depth,depth,,2,0.3125,5,6656,a75b,True,14,spurious,-1,False,9
seqpert_depth,depth,,2,0.4375,7,2190,2b4,True,7,spurious,-1,False,9
seqpert_depth,depth,,2,0.4375,7,3137,2917,False,740,oscillated,-1,False,9
seqpert_depth,depth,,2,0.3125,5,14a6,5ca6,False,740,oscillated,-1,False,9
seqpert_depth,depth,,2,0.3125,5,ea3e,fca6,True,16,wrong_pattern,0,False,9
seqpert_depth,depth,,2,0.4375,7,6ab8,12b4,False,740,oscillated,-1,False,9
seqpert_depth,depth,,2,0.3125,5,a51e,a75b,True,11,spurious,-1,False,9
seqpert_depth,depth,,2,0.4375,7,95f3,e6fa,True,17,spurious,-1,False,9
seqpert_depth,depth,,2,0.4375,7,eb90,b2b4,False,740,oscillated,-1,False,9
seqpert_depth,depth,,2,0.4375,7,5fa6,5ca6,False,740,oscillated,-1,False,9
seqpert_depth,depth,,2,0.1875,3,87b2,a6b6,True,6,correct,2,True,9
seqpert_depth,depth,,2,0.3125,5,e2e7,e6fa,True,15,spurious,-1,False,9
seqpert_depth,depth,,2,0.3125,5,3abe,78a6,False,740,oscillated,-1,False,9
seqpert_depth,depth,,2,0.4375,7,43ba,42f8,True,6,spurious,-1,False,9
seqpert_depth,depth,,2,0.1875,3,b2f6,a6b6,True,7,correct,2,True,9
seqpert_depth,depth,,2,0.4375,7,6223,235b,False,740,oscillated,-1,False,9
seqpert_depth,depth,,2,0.3125,5,23ae,22b6,False,740,oscillated,-1,False,9
seqpert_depth,depth,,2,0.4375,7,27e8,66f8,False,740,oscillated,-1,False,9
seqpert_depth,depth,,2,0.3125,5,6426,e46a,True,6,spurious,-1,False,9
seqpert_depth,depth,,2,0.4375,7,762f,bd07,True,17,wrong_pattern,3,False,9
seqpert_depth,depth,,2,0.3125,5,ceb5,96b4,False,740,oscillated,-1,False,9
seqpert_depth,depth,,2,0.3125,5,e290,e2f8,False,740,oscillated,-1,False,9
seqpert_depth,depth,,2,0.4375,7,a0e8,e2f8,False,740,oscillated,-1,False,9
seqpert_depth,depth,,2,0.4375,7,1212,359,True,16,spurious,-1,False,9
seqpert_depth,depth,,2,0.3125,5,ff6,6b6,False,740,oscillated,-1,False,9
seqpert_depth,depth,,2,0.4375,7,1727,f07,False,740,oscillated,-1,False,9
seqpert_depth,depth,,2,0.3125,5,9ea4,dca4,False,740,oscillated,-1,False,9
seqpert_depth,depth,,2,0.3125,5,8414,8795,False,740,oscillated,-1,False,9
seqpert_depth,depth,,2,0.1875,3,aeb5,b6b6,False,740,oscillated,-1,False,9
seqpert_depth,depth,,2,0.3125,5,b3b0,a2b4,False,740,oscillated,-1,False,9
seqpert_depth,depth,,2,0.0625,1,a6f6,a6b6,True,6,correct,2,True,9
seqpert_depth,depth,,2,0.3125,5,769e,aeb6,False,740,oscillated,-1,False,9
seqpert_depth,depth,,2,0.3125,5,e6d5,e6fa,True,17,spurious,-1,False,9
seqpert_depth,depth,,2,0.4375,7,4ec6,5ca6,False,740,oscillated,-1,False,9
seqpert_depth,depth,,2,0.3125,5,e0ba,e4fa,False,740,oscillated,-1,False,9
seqpert_depth,depth,,2,0.1875,3,22be,22b6,False,740,oscillated,-1,False,9
seqpert_depth,depth,,2,0.1875,3,b4a6,fca6,True,23,wrong_pattern,0,False,9
seqpert_depth,depth,,2,0.1875,3,b2f6,a6b6,True,7,correct,2,True,9
seqpert_depth,depth,,2,0.4375,7,a8c2,e6fa,True,16,spurious,-1,False,9
seqpert_depth,depth,,2,0.4375,7,f524,bd07,True,15,wrong_pattern,3,False,9
seqpert_depth,depth,,2,0.1875,3,84b2,a6b6,True,6,correct,2,True,9
seqpert_depth,depth,,2,0.4375,7,1a97,58a4,True,21,spurious,-1,False,9
seqpert_depth,depth,,2,0.1875,3,82b7,82b6,False,740,oscillated,-1,False,9
seqpert_depth,depth,,2,0.4375,7,1ad6,2b4,True,7,spurious,-1,False,9
seqpert_depth,depth,,2,0.3125,5,a483,a6b6,True,7,correct,2,True,9
seqpert_depth,depth,,2,0.4375,7,da32,d826,False,740,oscillated,-1,False,9
seqpert_depth,depth,,2,0.5625,9,33ed,42f8,True,17,spurious,-1,False,9
seqpert_depth,depth,,2,0.1875,3,64b6,fca6,True,11,wrong_pattern,0,False,9
seqpert_depth,depth,,2,0.3125,5,97bc,86b4,False,740,oscillated,-1,False,9
seqpert_depth,depth,,2,0.4375,7,a0ed,e2f8,False,740,oscillated,-1,False,9
seqpert_depth,depth,,2,0.4375,7,883f,835b,False,740,oscillated,-1,False,9
seqpert_depth,depth,,2,0.3125,5,3297,2ab6,False,740,oscillated,-1,False,9
seqpert_depth,depth,,2,0.3125,5,2422,e6fa,True,11,spurious,-1,False,9
seqpert_depth,depth,,2,0.1875,3,a627,a797,True,9,spurious,-1,False,9
seqpert_depth,depth,,2,0.3125,5,cea2,fca6,True,16,wrong_pattern,0,False,9
seqpert_depth,depth,,2,0.3125,5,aa9a,a6b6,True,17,correct,2,True,9
seqpert_depth,depth,,2,0.4375,7,44f5,42f8,True,15,spurious,-1,False,9
seqpert_depth,depth,,2,0.3125,5,848e,a6b6,True,6,correct,2,True,9
seqpert_depth,depth,,2,0.4375,7,10b5,ab4,False,740,oscillated,-1,False,9
seqpert_depth,depth,,2,0.1875,3,a437,a797,True,9,spurious,-1,False,9
seqpert_depth,depth,,2,0.4375,7,f27c,e868,False,740,oscillated,-1,False,9
seqpert_depth,depth,,2,0.4375,7,2986,78a6,False,740,oscillated,-1,False,9
seqpert_depth,depth,,3,0.4375,7,ba92,a6b6,True,7,wrong_pattern,2,False,9
seqpert_depth,depth,,3,0.4375,7,8c51,8759,False,740,oscillated,-1,False,9
seqpert_depth,depth,,3,0.4375,7,d54a,ed4b,False,740,oscillated,-1,False,9
seqpert_depth,depth,,3,0.4375,7,a01e,a75b,True,12,spurious,-1,False,9
seqpert_depth,depth,,3,0.4375,7,76a7,fca6,True,14,wrong_pattern,0,False,9
seqpert_depth,depth,,3,0.4375,7,cf4b,f54b,False,740,oscillated,-1,False,9
seqpert_depth,depth,,3,0.3125,5,7983,3907,False,740,oscillated,-1,False,9
seqpert_depth,depth,,3,0.3125,5,ecc7,fca6,True,7,wrong_pattern,0,False,9
seqpert_depth,depth,,3,0.3125,5,cd0d,dd49,False,740,oscillated,-1,False,9
seqpert_depth,depth,,3,0.3125,5,adb6,b6b6,False,740,oscillated,-1,False,9
seqpert_depth,depth,,3,0.4375,7,a3c5,a395,False,740,oscillated,-1,False,9
seqpert_depth,depth,,3,0.3125,5,a627,a797,True,9,spurious,-1,False,9
seqpert_depth,depth,,3,0.3125,5,6903,794b,False,740,oscillated,-1,False,9
seqpert_depth,depth,,3,0.3125,5,f813,fd4b,True,17,spurious,-1,False,9
seqpert_depth,depth,,3,0.4375,7,15cb,75b,False,740,oscillated,-1,False,9
seqpert_depth,depth,,3,0.3125,5,b80a,bd07,True,17,correct,3,True,9
seqpert_depth,depth,,3,0.4375,7,ee63,fd4b,True,17,spurious,-1,False,9
seqpert_depth,depth,,3,0.1875,3,3c87,fca6,True,12,wrong_pattern,0,False,9
seqpert_depth,depth,,3,0.1875,3,fd43,fd4b,True,6,spurious,-1,False,9
seqpert_depth,depth,,3,0.3125,5,2f25,3705,False,740,oscillated,-1,False,9
seqpert_depth,depth,,3,0.3125,5,9e23,bd07,True,15,correct,3,True,9
seqpert_depth,depth,,3,0.4375,7,7013,3907,False,740,oscillated,-1,False,9
seqpert_depth,depth,,3,0.3125,5,9e26,fca6,True,15,wrong_pattern,0,False,9
seqpert_depth,depth,,3,0.4375,7,5e0e,5d4b,False,740,oscillated,-1,False,9
seqpert_depth,depth,,3,0.4375,7,3a9f,22b6,False,740,oscillated,-1,False,9
seqpert_depth,depth,,3,0.3125,5,3c3f,bd07,True,15,correct,3,True,9
seqpert_depth,depth,,3,0.3125,5,ab43,a75b,True,16,spurious,-1,False,9
seqpert_depth,depth,,3,0.4375,7,1f3d,395,True,9,spurious,-1,False,9
seqpert_depth,depth,,3,0.4375,7,842e,e6fa,True,11,spurious,-1,False,9
seqpert_depth,depth,,3,0.4375,7,aa84,b2b4,False,740,oscillated,-1,False,9
seqpert_depth,depth,,3,0.3125,5,9c81,dca4,False,740,oscillated,-1,False,9
seqpert_depth,depth,,3,0.3125,5,3f55,2795,False,740,oscillated,-1,False,9
seqpert_depth,depth,,3,0.3125,5,7f8f,bd07,True,11,correct,3,True,9
seqpert_depth,depth,,3,0.4375,7,ba61,b905,False,740,oscillated,-1,False,9
seqpert_depth,depth,,3,0.3125,5,b435,af97,False,740,oscillated,-1,False,9
seqpert_depth,depth,,3,0.4375,7,b150,a359,False,740,oscillated,-1,False,9
seqpert_depth,depth,,3,0.4375,7,4525,5949,True,7,spurious,-1,False,9
seqpert_depth,depth,,3,0.5625,9,560a,4d4b,False,740,oscillated,-1,False,9
seqpert_depth,depth,,3,0.3125,5,a595,a797,True,5,spurious,-1,False,9
seqpert_depth,depth,,3,0.1875,3,b983,bd07,True,9,correct,3,True,9
seqpert_depth,depth,,3,0.3125,5,a30f,a75b,True,11,spurious,-1,False,9
seqpert_depth,depth,,3,0.3125,5,b5ce,e6fa,True,17,spurious,-1,False,9
seqpert_depth,depth,,3,0.3125,5,a5a3,a6b6,True,7,wrong_pattern,2,False,9
seqpert_depth,depth,,3,0.4375,7,eb96,b6b6,False,740,oscillated,-1,False,9
seqpert_depth,depth,,3,0.3125,5,b53d,a75b,True,21,spurious,-1,False,9
seqpert_depth,depth,,3,0.4375,7,d683,fca6,True,18,wrong_pattern,0,False,9
seqpert_depth,depth,,3,0.3125,5,154f,4d4b,False,740,oscillated,-1,False,9
seqpert_depth,depth,,3,0.3125,5,3415,2d15,False,740,oscillated,-1,False,9
seqpert_depth,depth,,3,0.4375,7,b05b,a75b,True,14,spurious,-1,False,9
seqpert_depth,depth,,3,0.3125,5,f542,fd4b,True,7,spurious,-1,False,9
seqpert_depth,depth,,3,0.3125,5,b766,a75b,True,17,spurious,-1,False,9
seqpert_depth,depth,,3,0.4375,7,68c7,78a6,False,740,oscillated,-1,False,9
seqpert_depth,depth,,3,0.4375,7,c581,dd49,False,740,oscillated,-1,False,9
seqpert_depth,depth,,3,0.1875,3,bf0b,bf07,False,740,oscillated,-1,False,9
seqpert_depth,depth,,3,0.3125,5,a197,a797,True,5,spurious,-1,False,9
seqpert_depth,depth,,3,0.4375,7,6ba7,78a6,False,740,oscillated,-1,False,9
seqpert_depth,depth,,3,0.4375,7,1822,58a4,True,11,spurious,-1,False,9
seqpert_depth,depth,,3,0.5625,9,339a,62fa,False,740,oscillated,-1,False,9
seqpert_depth,depth,,3,0.4375,7,7dbe,fca6,True,6,wrong_pattern,0,False,9
seqpert_depth,depth,,3,0.4375,7,2992,32b6,False,740,oscillated,-1,False,9
seqpert_depth,depth,,3,0.3125,5,858f,a797,True,6,spurious,-1,False,9
seqpert_depth,depth,,3,0.4375,7,d02f,9907,False,740,oscillated,-1,False,9
seqpert_depth,depth,,3,0.3125,5,cd01,dd49,False,740,oscillated,-1,False,9
seqpert_depth,depth,,3,0.4375,7,158c,2b4,True,17,spurious,-1,False,9
seqpert_depth,depth,,3,0.4375,7,b85,1395,False,740,oscillated,-1,False,9
seqpert_depth,depth,,3,0.1875,3,b5a7,fca6,True,26,wrong_pattern,0,False,9
seqpert_depth,depth,,3,0.3125,5,8f0e,a75b,True,21,spurious,-1,False,9
seqpert_depth,depth,,3,0.4375,7,a7e3,a6b6,True,13,wrong_pattern,2,False,9
seqpert_depth,depth,,3,0.3125,5,bb81,bb05,False,740,oscillated,-1,False,9
seqpert_depth,depth,,3,0.3125,5,b9bf,fca6,True,15,wrong_pattern,0,False,9
seqpert_depth,depth,,3,0.4375,7,e465,fd4b,True,7,spurious,-1,False,9
seqpert_depth,depth,,3,0.4375,7,d81e,d94b,False,740,oscillated,-1,False,9
seqpert_depth,depth,,3,0.3125,5,ef4f,fd4b,True,17,spurious,-1,False,9
seqpert_depth,depth,,3,0.3125,5,5c17,1d07,False,740,oscillated,-1,False,9
seqpert_depth,depth,,3,0.3125,5,f94d,f949,False,740,oscillated,-1,False,9
seqpert_depth,depth,,3,0.3125,5,bb84,f8a4,False,740,oscillated,-1,False,9
seqpert_depth,depth,,3,0.4375,7,fa66,fc6a,True,21,spurious,-1,False,9
seqpert_depth,depth,,3,0.4375,7,94ab,e6fa,True,16,spurious,-1,False,9
seqpert_depth,depth,,3,0.1875,3,9517,ad17,False,740,oscillated,-1,False,9
seqpert_depth,depth,,3,0.5625,9,e15c,a359,False,740,oscillated,-1,False,9
seqpert_depth,depth,,3,0.1875,3,3f03,bf07,False,740,oscillated,-1,False,9
seqpert_depth,depth,,3,0.3125,5,7d93,bd07,True,11,correct,3,True,9
seqpert_depth,depth,,3,0.1875,3,b307,af07,False,740,oscillated,-1,False,9
seqpert_depth,depth,,3,0.3125,5,b016,af97,False,740,oscillated,-1,False,9
seqpert_depth,depth,,3,0.4375,7,6017,235b,False,740,oscillated,-1,False,9
seqpert_depth,depth,,3,0.3125,5,b203,a75b,True,21,spurious,-1,False,9
seqpert_depth,depth,,3,0.3125,5,ab1f,a75b,True,11,spurious,-1,False,9
seqpert_depth,depth,,3,0.5625,9,546e,5c6a,False,740,oscillated,-1,False,9
seqpert_depth,depth,,3,0.3125,5,8e47,a75b,True,21,spurious,-1,False,9
seqpert_depth,depth,,3,0.3125,5,8d4e,f54b,False,740,oscillated,-1,False,9
seqpert_depth,depth,,3,0.3125,5,bbd7,bf97,True,6,spurious,-1,False,9
seqpert_depth,depth,,3,0.4375,7,b1a9,e2f8,False,740,oscillated,-1,False,9
seqpert_depth,depth,,3,0.5625,9,8439,8759,False,740,oscillated,-1,False,9
seqpert_depth,depth,,3,0.3125,5,e943,fd4b,True,7,spurious,-1,False,9
seqpert_depth,depth,,3,0.1875,3,f107,bd07,True,11,correct,3,True,9
seqpert_depth,depth,,3,0.4375,7,84d7,a6b6,True,7,wrong_pattern,2,False,9
seqpert_depth,depth,,3,0.4375,7,934d,359,True,16,spurious,-1,False,9
seqpert_depth,depth,,3,0.3125,5,3425,3d05,False,740,oscillated,-1,False,9
seqpert_depth,depth,,3,0.4375,7,f9db,fd4b,True,9,spurious,-1,False,9
seqpert_depth,depth,,3,0.4375,7,f9ff,fca6,True,12,wrong_pattern,0,False,9
seqpert_even_odd,even_odd,,0,0.0625,1,f8a6,fca6,True,11,correct,0,True,1
seqpert_even_odd,even_odd,,0,0.0625,1,fcae,fca6,True,25,correct,0,True,1
seqpert_even_odd,even_odd,,0,0.0625,1,fcb6,fca6,True,11,correct,0,True,1
seqpert_even_odd,even_odd,,0,0.0625,1,bca6,fca6,True,11,correct,0,True,1
seqpert_even_odd,even_odd,,0,0.0625,1,f4a6,fca6,True,25,correct,0,True,1
seqpert_even_odd,even_odd,,0,0.0625,1,bca6,fca6,True,11,correct,0,True,1
seqpert_even_odd,even_odd,,0,0.0625,1,eca6,fca6,True,11,correct,0,True,1
seqpert_even_odd,even_odd,,0,0.0625,1,fca2,fca6,True,11,correct,0,True,1
seqpert_even_odd,even_odd,,0,0.0625,1,bca6,fca6,True,11,correct,0,True,1
seqpert_even_odd,even_odd,,0,0.0625,1,fda6,fca6,True,11,correct,0,True,1
seqpert_even_odd,even_odd,,0,0.0625,1,fc26,fca6,True,25,correct,0,True,1
seqpert_even_odd,even_odd,,0,0.0625,1,fcae,fca6,True,25,correct,0,True,1
seqpert_even_odd,even_odd,,0,0.0625,1,7ca6,fca6,True,25,correct,0,True,1
seqpert_even_odd,even_odd,,0,0.0625,1,fc26,fca6,True,25,correct,0,True,1
seqpert_even_odd,even_odd,,0,0.0625,1,7ca6,fca6,True,25,correct,0,True,1
seqpert_even_odd,even_odd,,0,0.0625,1,fce6,fca6,True,11,correct,0,True,1
seqpert_even_odd,even_odd,,0,0.0625,1,f4a6,fca6,True,25,correct,0,True,1
seqpert_even_odd,even_odd,,0,0.0625,1,fcae,fca6,True,25,correct,0,True,1
seqpert_even_odd,even_odd,,0,0.0625,1,f8a6,fca6,True,11,correct,0,True,1
seqpert_even_odd,even_odd,,0,0.0625,1,fca2,fca6,True,11,correct,0,True,1
seqpert_even_odd,even_odd,,0,0.0625,1,7ca6,fca6,True,25,correct,0,True,1
seqpert_even_odd,even_odd,,0,0.0625,1,fcb6,fca6,True,11,correct,0,True,1
seqpert_even_odd,even_odd,,0,0.0625,1,fc86,fca6,True,25,correct,0,True,1
seqpert_even_odd,even_odd,,0,0.0625,1,fcae,fca6,True,25,correct,0,True,1
seqpert_even_odd,even_odd,,0,0.0625,1,fca4,fca6,True,25,correct,0,True,1
seqpert_even_odd,even_odd,,0,0.0625,1,fc86,fca6,True,25,correct,0,True,1
seqpert_even_odd,even_odd,,0,0.0625,1,fca2,fca6,True,11,correct,0,True,1
seqpert_even_odd,even_odd,,0,0.0625,1,fca2,fca6,True,11,correct,0,True,1
seqpert_even_odd,even_odd,,0,0.0625,1,fc26,fca6,True,25,correct,0,True,1
seqpert_even_odd,even_odd,,0,0.0625,1,fcb6,fca6,True,11,correct,0,True,1
seqpert_even_odd,even_odd,,0,0.0625,1,fca2,fca6,True,11,correct,0,True,1
seqpert_even_odd,even_odd,,0,0.0625,1,f8a6,fca6,True,11,correct,0,True,1
seqpert_even_odd,even_odd,,0,0.0625,1,f8a6,fca6,True,11,correct,0,True,1
seqpert_even_odd,even_odd,,0,0.0625,1,f4a6,fca6,True,25,correct,0,True,1
seqpert_even_odd,even_odd,,0,0.0625,1,fc86,fca6,True,25,correct,0,True,1
seqpert_even_odd,even_odd,,0,0.0625,1,fca7,fca6,True,11,correct,0,True,1
seqpert_even_odd,even_odd,,0,0.0625,1,fc86,fca6,True,25,correct,0,True,1
seqpert_even_odd,even_odd,,0,0.0625,1,fea6,fca6,True,25,correct,0,True,1
seqpert_even_odd,even_odd,,0,0.0625,1,fca4,fca6,True,25,correct,0,True,1
seqpert_even_odd,even_odd,,0,0.0625,1,fc86,fca6,True,25,correct,0,True,1
seqpert_even_odd,even_odd,,0,0.0625,1,eca6,fca6,True,11,correct,0,True,1
seqpert_even_odd,even_odd,,0,0.0625,1,f8a6,fca6,True,11,correct,0,True,1
seqpert_even_odd,even_odd,,0,0.0625,1,fea6,fca6,True,25,correct,0,True,1
seqpert_even_odd,even_odd,,0,0.0625,1,fc26,fca6,True,25,correct,0,True,1
seqpert_even_odd,even_odd,,0,0.0625,1,fda6,fca6,True,11,correct,0,True,1
seqpert_even_odd,even_odd,,0,0.0625,1,fca2,fca6,True,11,correct,0,True,1
seqpert_even_odd,even_odd,,0,0.0625,1,fce6,fca6,True,11,correct,0,True,1
seqpert_even_odd,even_odd,,0,0.0625,1,eca6,fca6,True,11,correct,0,True,1
seqpert_even_odd,even_odd,,0,0.0625,1,eca6,fca6,True,11,correct,0,True,1
seqpert_even_odd,even_odd,,0,0.0625,1,fce6,fca6,True,11,correct,0,True,1
seqpert_even_odd,even_odd,,0,0.0625,1,dca6,fca6,True,25,correct,0,True,1
seqpert_even_odd,even_odd,,0,0.0625,1,fcb6,fca6,True,11,correct,0,True,1
seqpert_even_odd,even_odd,,0,0.0625,1,bca6,fca6,True,11,correct,0,True,1
seqpert_even_odd,even_odd,,0,0.0625,1,fca4,fca6,True,25,correct,0,True,1
seqpert_even_odd,even_odd,,0,0.0625,1,fca4,fca6,True,25,correct,0,True,1
seqpert_even_odd,even_odd,,0,0.0625,1,bca6,fca6,True,11,correct,0,True,1
seqpert_even_odd,even_odd,,0,0.0625,1,7ca6,fca6,True,25,correct,0,True,1
seqpert_even_odd,even_odd,,0,0.0625,1,f4a6,fca6,True,25,correct,0,True,1
seqpert_even_odd,even_odd,,0,0.0625,1,fca7,fca6,True,11,correct,0,True,1
seqpert_even_odd,even_odd,,0,0.0625,1,eca6,fca6,True,11,correct,0,True,1
seqpert_even_odd,even_odd,,0,0.0625,1,eca6,fca6,True,11,correct,0,True,1
seqpert_even_odd,even_odd,,0,0.0625,1,dca6,fca6,True,25,correct,0,True,1
seqpert_even_odd,even_odd,,0,0.0625,1,fcae,fca6,True,25,correct,0,True,1
seqpert_even_odd,even_odd,,0,0.0625,1,f4a6,fca6,True,25,correct,0,True,1
seqpert_even_odd,even_odd,,0,0.0625,1,7ca6,fca6,True,25,correct,0,True,1
seqpert_even_odd,even_odd,,0,0.0625,1,fca2,fca6,True,11,correct,0,True,1
seqpert_even_odd,even_odd,,0,0.0625,1,f8a6,fca6,True,11,correct,0,True,1
seqpert_even_odd,even_odd,,0,0.0625,1,fcae,fca6,True,25,correct,0,True,1
seqpert_even_odd,even_odd,,0,0.0625,1,fca2,fca6,True,11,correct,0,True,1
seqpert_even_odd,even_odd,,0,0.0625,1,fc86,fca6,True,25,correct,0,True,1
seqpert_even_odd,even_odd,,0,0.0625,1,fca7,fca6,True,11,correct,0,True,1
seqpert_even_odd,even_odd,,0,0.0625,1,dca6,fca6,True,25,correct,0,True,1
seqpert_even_odd,even_odd,,0,0.0625,1,fc26,fca6,True,25,correct,0,True,1
seqpert_even_odd,even_odd,,0,0.0625,1,fca2,fca6,True,11,correct,0,True,1
seqpert_even_odd,even_odd,,0,0.0625,1,fca2,fca6,True,11,correct,0,True,1
seqpert_even_odd,even_odd,,0,0.0625,1,fce6,fca6,True,11,correct,0,True,1
seqpert_even_odd,even_odd,,0,0.0625,1,f4a6,fca6,True,25,correct,0,True,1
seqpert_even_odd,even_odd,,0,0.0625,1,fcae,fca6,True,25,correct,0,True,1
seqpert_even_odd,even_odd,,0,0.0625,1,f4a6,fca6,True,25,correct,0,True,1
seqpert_even_odd,even_odd,,0,0.0625,1,fda6,fca6,True,11,correct,0,True,1
seqpert_even_odd,even_odd,,0,0.0625,1,fce6,fca6,True,11,correct,0,True,1
seqpert_even_odd,even_odd,,0,0.0625,1,fce6,fca6,True,11,correct,0,True,1
seqpert_even_odd,even_odd,,0,0.0625,1,fca4,fca6,True,25,correct,0,True,1
seqpert_even_odd,even_odd,,0,0.0625,1,fce6,fca6,True,11,correct,0,True,1
seqpert_even_odd,even_odd,,0,0.0625,1,bca6,fca6,True,11,correct,0,True,1
seqpert_even_odd,even_odd,,0,0.0625,1,fc86,fca6,True,25,correct,0,True,1
seqpert_even_odd,even_odd,,0,0.0625,1,eca6,fca6,True,11,correct,0,True,1
seqpert_even_odd,even_odd,,0,0.0625,1,fc26,fca6,True,25,correct,0,True,1
seqpert_even_odd,even_odd,,0,0.0625,1,fc26,fca6,True,25,correct,0,True,1
seqpert_even_odd,even_odd,,0,0.0625,1,fce6,fca6,True,11,correct,0,True,1
seqpert_even_odd,even_odd,,0,0.0625,1,fce6,fca6,True,11,correct,0,True,1
seqpert_even_odd,even_odd,,0,0.0625,1,fca2,fca6,True,11,correct,0,True,1
seqpert_even_odd,even_odd,,0,0.0625,1,fcae,fca6,True,25,correct,0,True,1
seqpert_even_odd,even_odd,,0,0.0625,1,eca6,fca6,True,11,correct,0,True,1
seqpert_even_odd,even_odd,,0,0.0625,1,fce6,fca6,True,11,correct,0,True,1
seqpert_even_odd,even_odd,,0,0.0625,1,fc26,fca6,True,25,correct,0,True,1
seqpert_even_odd,even_odd,,0,0.0625,1,fca7,fca6,True,11,correct,0,True,1
seqpert_even_odd,even_odd,,0,0.0625,1,fea6,fca6,True,25,correct,0,True,1
seqpert_even_odd,even_odd,,0,0.0625,1,bca6,fca6,True,11,correct,0,True,1
seqpert_even_odd,even_odd,,0,0.0625,1,fca4,fca6,True,25,correct,0,True,1
seqpert_even_odd,even_odd,,1,0.0625,1,1b91,1b95,True,21,correct,1,True,1
seqpert_even_odd,even_odd,,1,0.0625,1,1b85,1b95,True,11,correct,1,True,1
seqpert_even_odd,even_odd,,1,0.0625,1,b95,1b95,True,11,correct,1,True,1
seqpert_even_odd,even_odd,,1,0.0625,1,1bd5,1b95,True,21,correct,1,True,1
seqpert_even_odd,even_odd,,1,0.0625,1,1b15,1b95,True,25,correct,1,True,1
seqpert_even_odd,even_odd,,1,0.0625,1,1b91,1b95,True,21,correct,1,True,1
seqpert_even_odd,even_odd,,1,0.0625,1,1b94,58a4,True,69,spurious,-1,False,1
seqpert_even_odd,even_odd,,1,0.0625,1,1b97,1b95,True,25,correct,1,True,1
seqpert_even_odd,even_odd,,1,0.0625,1,1bd5,1b95,True,21,correct,1,True,1
seqpert_even_odd,even_odd,,1,0.0625,1,5b95,1b95,True,21,correct,1,True,1
seqpert_even_odd,even_odd,,1,0.0625,1,b95,1b95,True,11,correct,1,True,1
seqpert_even_odd,even_odd,,1,0.0625,1,9b95,1b95,True,25,correct,1,True,1
seqpert_even_odd,even_odd,,1,0.0625,1,1b15,1b95,True,25,correct,1,True,1
seqpert_even_odd,even_odd,,1,0.0625,1,1a95,58a4,True,69,spurious,-1,False,1
seqpert_even_odd,even_odd,,1,0.0625,1,1bd5,1b95,True,21,correct,1,True,1
seqpert_even_odd,even_odd,,1,0.0625,1,1b91,1b95,True,21,correct,1,True,1
seqpert_even_odd,even_odd,,1,0.0625,1,b95,1b95,True,11,correct,1,True,1
seqpert_even_odd,even_odd,,1,0.0625,1,1b91,1b95,True,21,correct,1,True,1
seqpert_even_odd,even_odd,,1,0.0625,1,1bb5,58a4,True,51,spurious,-1,False,1
seqpert_even_odd,even_odd,,1,0.0625,1,1f95,1b95,True,11,correct,1,True,1
seqpert_even_odd,even_odd,,1,0.0625,1,1bd5,1b95,True,21,correct,1,True,1
seqpert_even_odd,even_odd,,1,0.0625,1,1b9d,395,True,49,spurious,-1,False,1
seqpert_even_odd,even_odd,,1,0.0625,1,1bb5,58a4,True,51,spurious,-1,False,1
seqpert_even_odd,even_odd,,1,0.0625,1,1b97,1b95,True,25,correct,1,True,1
seqpert_even_odd,even_odd,,1,0.0625,1,1b15,1b95,True,25,correct,1,True,1
seqpert_even_odd,even_odd,,1,0.0625,1,1b91,1b95,True,21,correct,1,True,1
seqpert_even_odd,even_odd,,1,0.0625,1,1395,395,True,11,spurious,-1,False,1
seqpert_even_odd,even_odd,,1,0.0625,1,1bd5,1b95,True,21,correct,1,True,1
seqpert_even_odd,even_odd,,1,0.0625,1,5b95,1b95,True,21,correct,1,True,1
seqpert_even_odd,even_odd,,1,0.0625,1,1f95,1b95,True,11,correct,1,True,1
seqpert_even_odd,even_odd,,1,0.0625,1,1b15,1b95,True,25,correct,1,True,1
seqpert_even_odd,even_odd,,1,0.0625,1,1b97,1b95,True,25,correct,1,True,1
seqpert_even_odd,even_odd,,1,0.0625,1,1b97,1b95,True,25,correct,1,True,1
seqpert_even_odd,even_odd,,1,0.0625,1,1995,1905,True,45,spurious,-1,False,1
seqpert_even_odd,even_odd,,1,0.0625,1,1bb5,58a4,True,51,spurious,-1,False,1
seqpert_even_odd,even_odd,,1,0.0625,1,5b95,1b95,True,21,correct,1,True,1
seqpert_even_odd,even_odd,,1,0.0625,1,1b94,58a4,True,69,spurious,-1,False,1
seqpert_even_odd,even_odd,,1,0.0625,1,5b95,1b95,True,21,correct,1,True,1
seqpert_even_odd,even_odd,,1,0.0625,1,1995,1905,True,45,spurious,-1,False,1
seqpert_even_odd,even_odd,,1,0.0625,1,1f95,1b95,True,11,correct,1,True,1
seqpert_even_odd,even_odd,,1,0.0625,1,1b85,1b95,True,11,correct,1,True,1
seqpert_even_odd,even_odd,,1,0.0625,1,1f95,1b95,True,11,correct,1,True,1
seqpert_even_odd,even_odd,,1,0.0625,1,1b91,1b95,True,21,correct,1,True,1
seqpert_even_odd,even_odd,,1,0.0625,1,1b91,1b95,True,1,correct,1,True,1
seqpert_even_odd,even_odd,,1,0.0625,1,1b85,1b95,True,11,correct,1,True,1
seqpert_even_odd,even_odd,,1,0.0625,1,1bd5,1b95,True,21,correct,1,True,1
seqpert_even_odd,even_odd,,1,0.0625,1,1f95,1b95,True,11,correct,1,True,1
seqpert_even_odd,even_odd,,1,0.0625,1,1f95,1b95,True,11,correct,1,True,1
seqpert_even_odd,even_odd,,1,0.0625,1,5b95,1b95,True,21,correct,1,True,1
seqpert_even_odd,even_odd,,1,0.0625,1,1995,1905,True,45,spurious,-1,False,1
seqpert_even_odd,even_odd,,1,0.0625,1,1b85,1b95,True,11,correct,1,True,1
seqpert_even_odd,even_odd,,1,0.0625,1,1bd5,1b95,True,21,correct,1,True,1
seqpert_even_odd,even_odd,,1,0.0625,1,3b95,1b95,True,25,correct,1,True,1
seqpert_even_odd,even_odd,,1,0.0625,1,1b85,1b95,True,11,correct,1,True,1
seqpert_even_odd,even_odd,,1,0.0625,1,9b95,1b95,True,25,correct,1,True,1
seqpert_even_odd,even_odd,,1,0.0625,1,1f95,1b95,True,11,correct,1,True,1
seqpert_even_odd,even_odd,,1,0.0625,1,1b15,1b95,True,25,correct,1,True,1
seqpert_even_odd,even_odd,,1,0.0625,1,1bd5,1b95,True,21,correct,1,True,1
seqpert_even_odd,even_odd,,1,0.0625,1,1f95,1b95,True,11,correct,1,True,1
seqpert_even_odd,even_odd,,1,0.0625,1,1b97,1b95,True,25,correct,1,True,1
seqpert_even_odd,even_odd,,1,0.0625,1,1f95,1b95,True,11,correct,1,True,1
seqpert_even_odd,even_odd,,1,0.0625,1,1995,1905,True,45,spurious,-1,False,1
seqpert_even_odd,even_odd,,1,0.0625,1,5b95,1b95,True,21,correct,1,True,1
seqpert_even_odd,even_odd,,1,0.0625,1,1b91,1b95,True,21,correct,1,True,1
seqpert_even_odd,even_odd,,1,0.0625,1,1b97,1b95,True,25,correct,1,True,1
seqpert_even_odd,even_odd,,1,0.0625,1,1b94,58a4,True,69,spurious,-1,False,1
seqpert_even_odd,even_odd,,1,0.0625,1,1395,395,True,11,spurious,-1,False,1
seqpert_even_odd,even_odd,,1,0.0625,1,1b9d,395,True,49,spurious,-1,False,1
seqpert_even_odd,even_odd,,1,0.0625,1,3b95,1b95,True,25,correct,1,True,1
seqpert_even_odd,even_odd,,1,0.0625,1,1b94,58a4,True,69,spurious,-1,False,1
seqpert_even_odd,even_odd,,1,0.0625,1,1b85,1b95,True,11,correct,1,True,1
seqpert_even_odd,even_odd,,1,0.0625,1,1b85,1b95,True,1,correct,1,True,1
seqpert_even_odd,even_odd,,1,0.0625,1,1b91,1b95,True,21,correct,1,True,1
seqpert_even_odd,even_odd,,1,0.0625,1,b95,1b95,True,11,correct,1,True,1
seqpert_even_odd,even_odd,,1,0.0625,1,1395,395,True,11,spurious,-1,False,1
seqpert_even_odd,even_odd,,1,0.0625,1,1a95,58a4,True,69,spurious,-1,False,1
seqpert_even_odd,even_odd,,1,0.0625,1,1b15,1b95,True,25,correct,1,True,1
seqpert_even_odd,even_odd,,1,0.0625,1,1b94,58a4,True,69,spurious,-1,False,1
seqpert_even_odd,even_odd,,1,0.0625,1,1b97,1b95,True,25,correct,1,True,1
seqpert_even_odd,even_odd,,1,0.0625,1,1f95,1b95,True,11,correct,1,True,1
seqpert_even_odd,even_odd,,1,0.0625,1,1b94,58a4,True,69,spurious,-1,False,1
seqpert_even_odd,even_odd,,1,0.0625,1,1b9d,395,True,49,spurious,-1,False,1
seqpert_even_odd,even_odd,,1,0.0625,1,1b85,1b95,True,11,correct,1,True,1
seqpert_even_odd,even_odd,,1,0.0625,1,3b95,1b95,True,25,correct,1,True,1
seqpert_even_odd,even_odd,,1,0.0625,1,1995,1905,True,45,spurious,-1,False,1
seqpert_even_odd,even_odd,,1,0.0625,1,1bb5,58a4,True,51,spurious,-1,False,1
seqpert_even_odd,even_odd,,1,0.0625,1,1b85,1b95,True,11,correct,1,True,1
seqpert_even_odd,even_odd,,1,0.0625,1,1b85,1b95,True,1,correct,1,True,1
seqpert_even_odd,even_odd,,1,0.0625,1,1b9d,395,True,49,spurious,-1,False,1
seqpert_even_odd,even_odd,,1,0.0625,1,9b95,1b95,True,25,correct,1,True,1
seqpert_even_odd,even_odd,,1,0.0625,1,1b94,58a4,True,69,spurious,-1,False,1
seqpert_even_odd,even_odd,,1,0.0625,1,1395,395,True,11,spurious,-1,False,1
seqpert_even_odd,even_odd,,1,0.0625,1,3b95,1b95,True,25,correct,1,True,1
seqpert_even_odd,even_odd,,1,0.0625,1,1b15,1b95,True,25,correct,1,True,1
seqpert_even_odd,even_odd,,1,0.0625,1,1b91,1b95,True,21,correct,1,True,1
seqpert_even_odd,even_odd,,1,0.0625,1,1b15,1b95,True,25,correct,1,True,1
seqpert_even_odd,even_odd,,1,0.0625,1,1b91,1b95,True,21,correct,1,True,1
seqpert_even_odd,even_odd,,1,0.0625,1,1f95,1b95,True,11,correct,1,True,1
seqpert_even_odd,even_odd,,1,0.0625,1,1395,395,True,11,spurious,-1,False,1
seqpert_even_odd,even_odd,,1,0.0625,1,5b95,1b95,True,21,correct,1,True,1
seqpert_even_odd,even_odd,,2,0.0625,1,a2b6,a6b6,True,11,correct,2,True,1
seqpert_even_odd,even_odd,,2,0.0625,1,a6b2,a6b6,True,11,correct,2,True,1
seqpert_even_odd,even_odd,,2,0.0625,1,a6a6,a6b6,True,21,correct,2,True,1
seqpert_even_odd,even_odd,,2,0.0625,1,a7b6,a6b6,True,11,correct,2,True,1
seqpert_even_odd,even_odd,,2,0.0625,1,a7b6,a6b6,True,11,correct,2,True,1
seqpert_even_odd,even_odd,,2,0.0625,1,a636,a6b6,True,25,correct,2,True,1
seqpert_even_odd,even_odd,,2,0.0625,1,26b6,a6b6,True,25,correct,2,True,1
seqpert_even_odd,even_odd,,2,0.0625,1,b6b6,a6b6,True,11,correct,2,True,1
seqpert_even_odd,even_odd,,2,0.0625,1,a2b6,a6b6,True,11,correct,2,True,1
seqpert_even_odd,even_odd,,2,0.0625,1,a6b7,a6b6,True,11,correct,2,True,1
seqpert_even_odd,even_odd,,2,0.0625,1,aeb6,fca6,True,55,wrong_pattern,0,False,1
seqpert_even_odd,even_odd,,2,0.0625,1,b6b6,a6b6,True,11,correct,2,True,1
seqpert_even_odd,even_odd,,2,0.0625,1,26b6,a6b6,True,25,correct,2,True,1
seqpert_even_odd,even_odd,,2,0.0625,1,a6b2,a6b6,True,11,correct,2,True,1
seqpert_even_odd,even_odd,,2,0.0625,1,a636,a6b6,True,25,correct,2,True,1
seqpert_even_odd,even_odd,,2,0.0625,1,e6b6,a6b6,True,11,correct,2,True,1
seqpert_even_odd,even_odd,,2,0.0625,1,26b6,a6b6,True,25,correct,2,True,1
seqpert_even_odd,even_odd,,2,0.0625,1,a6f6,a6b6,True,11,correct,2,True,1
seqpert_even_odd,even_odd,,2,0.0625,1,a6a6,a6b6,True,21,correct,2,True,1
seqpert_even_odd,even_odd,,2,0.0625,1,a4b6,fca6,True,45,wrong_pattern,0,False,1
seqpert_even_odd,even_odd,,2,0.0625,1,a696,a6b6,True,25,correct,2,True,1
seqpert_even_odd,even_odd,,2,0.0625,1,26b6,a6b6,True,25,correct,2,True,1
seqpert_even_odd,even_odd,,2,0.0625,1,86b6,a6b6,True,25,correct,2,True,1
seqpert_even_odd,even_odd,,2,0.0625,1,a6be,a6b6,True,25,correct,2,True,1
seqpert_even_odd,even_odd,,2,0.0625,1,a2b6,a6b6,True,11,correct,2,True,1
seqpert_even_odd,even_odd,,2,0.0625,1,86b6,a6b6,True,25,correct,2,True,1
seqpert_even_odd,even_odd,,2,0.0625,1,a4b6,fca6,True,45,wrong_pattern,0,False,1
seqpert_even_odd,even_odd,,2,0.0625,1,aeb6,fca6,True,55,wrong_pattern,0,False,1
seqpert_even_odd,even_odd,,2,0.0625,1,aeb6,fca6,True,1,wrong_pattern,0,False,1
seqpert_even_odd,even_odd,,2,0.0625,1,e6b6,a6b6,True,11,correct,2,True,1
seqpert_even_odd,even_odd,,2,0.0625,1,e6b6,a6b6,True,11,correct,2,True,1
seqpert_even_odd,even_odd,,2,0.0625,1,a2b6,a6b6,True,11,correct,2,True,1
seqpert_even_odd,even_odd,,2,0.0625,1,a696,a6b6,True,25,correct,2,True,1
seqpert_even_odd,even_odd,,2,0.0625,1,aeb6,fca6,True,55,wrong_pattern,0,False,1
seqpert_even_odd,even_odd,,2,0.0625,1,a636,a6b6,True,25,correct,2,True,1
seqpert_even_odd,even_odd,,2,0.0625,1,a6f6,a6b6,True,11,correct,2,True,1
seqpert_even_odd,even_odd,,2,0.0625,1,e6b6,a6b6,True,11,correct,2,True,1
seqpert_even_odd,even_odd,,2,0.0625,1,a7b6,a6b6,True,11,correct,2,True,1
seqpert_even_odd,even_odd,,2,0.0625,1,a2b6,a6b6,True,11,correct,2,True,1
seqpert_even_odd,even_odd,,2,0.0625,1,a6b4,a6b6,True,25,correct,2,True,1
seqpert_even_odd,even_odd,,2,0.0625,1,e6b6,a6b6,True,11,correct,2,True,1
seqpert_even_odd,even_odd,,2,0.0625,1,a6b2,a6b6,True,11,correct,2,True,1
seqpert_even_odd,even_odd,,2,0.0625,1,a2b6,a6b6,True,11,correct,2,True,1
seqpert_even_odd,even_odd,,2,0.0625,1,a6a6,a6b6,True,21,correct,2,True,1
seqpert_even_odd,even_odd,,2,0.0625,1,a696,a6b6,True,25,correct,2,True,1
seqpert_even_odd,even_odd,,2,0.0625,1,a6a6,a6b6,True,21,correct,2,True,1
seqpert_even_odd,even_odd,,2,0.0625,1,a696,a6b6,True,25,correct,2,True,1
seqpert_even_odd,even_odd,,2,0.0625,1,a6b4,a6b6,True,25,correct,2,True,1
seqpert_even_odd,even_odd,,2,0.0625,1,a7b6,a6b6,True,11,correct,2,True,1
seqpert_even_odd,even_odd,,2,0.0625,1,a636,a6b6,True,25,correct,2,True,1
seqpert_even_odd,even_odd,,2,0.0625,1,a6b7,a6b6,True,11,correct,2,True,1
seqpert_even_odd,even_odd,,2,0.0625,1,a7b6,a6b6,True,11,correct,2,True,1
seqpert_even_odd,even_odd,,2,0.0625,1,b6b6,a6b6,True,11,correct,2,True,1
seqpert_even_odd,even_odd,,2,0.0625,1,a6a6,a6b6,True,21,correct,2,True,1
seqpert_even_odd,even_odd,,2,0.0625,1,26b6,a6b6,True,25,correct,2,True,1
seqpert_even_odd,even_odd,,2,0.0625,1,86b6,a6b6,True,25,correct,2,True,1
seqpert_even_odd,even_odd,,2,0.0625,1,a6b4,a6b6,True,25,correct,2,True,1
seqpert_even_odd,even_odd,,2,0.0625,1,a6be,a6b6,True,25,correct,2,True,1
seqpert_even_odd,even_odd,,2,0.0625,1,a6f6,a6b6,True,11,correct,2,True,1
seqpert_even_odd,even_odd,,2,0.0625,1,26b6,a6b6,True,25,correct,2,True,1
seqpert_even_odd,even_odd,,2,0.0625,1,a696,a6b6,True,25,correct,2,True,1
seqpert_even_odd,even_odd,,2,0.0625,1,e6b6,a6b6,True,11,correct,2,True,1
seqpert_even_odd,even_odd,,2,0.0625,1,86b6,a6b6,True,25,correct,2,True,1
seqpert_even_odd,even_odd,,2,0.0625,1,a6b2,a6b6,True,11,correct,2,True,1
seqpert_even_odd,even_odd,,2,0.0625,1,a6b2,a6b6,True,11,correct,2,True,1
seqpert_even_odd,even_odd,,2,0.0625,1,a4b6,fca6,True,45,wrong_pattern,0,False,1
seqpert_even_odd,even_odd,,2,0.0625,1,a4b6,fca6,True,21,wrong_pattern,0,False,1
seqpert_even_odd,even_odd,,2,0.0625,1,a6b2,a6b6,True,11,correct,2,True,1
seqpert_even_odd,even_odd,,2,0.0625,1,a6b2,a6b6,True,11,correct,2,True,1
seqpert_even_odd,even_odd,,2,0.0625,1,b6b6,a6b6,True,11,correct,2,True,1
seqpert_even_odd,even_odd,,2,0.0625,1,a636,a6b6,True,25,correct,2,True,1
seqpert_even_odd,even_odd,,2,0.0625,1,a6f6,a6b6,True,11,correct,2,True,1
seqpert_even_odd,even_odd,,2,0.0625,1,a636,a6b6,True,25,correct,2,True,1
seqpert_even_odd,even_odd,,2,0.0625,1,a6b2,a6b6,True,11,correct,2,True,1
seqpert_even_odd,even_odd,,2,0.0625,1,aeb6,fca6,True,55,wrong_pattern,0,False,1
seqpert_even_odd,even_odd,,2,0.0625,1,a6b7,a6b6,True,11,correct,2,True,1
seqpert_even_odd,even_odd,,2,0.0625,1,aeb6,fca6,True,55,wrong_pattern,0,False,1
seqpert_even_odd,even_odd,,2,0.0625,1,86b6,a6b6,True,25,correct,2,True,1
seqpert_even_odd,even_odd,,2,0.0625,1,a6f6,a6b6,True,11,correct,2,True,1
seqpert_even_odd,even_odd,,2,0.0625,1,a696,a6b6,True,25,correct,2,True,1
seqpert_even_odd,even_odd,,2,0.0625,1,a7b6,a6b6,True,11,correct,2,True,1
seqpert_even_odd,even_odd,,2,0.0625,1,a636,a6b6,True,25,correct,2,True,1
seqpert_even_odd,even_odd,,2,0.0625,1,b6b6,a6b6,True,11,correct,2,True,1
seqpert_even_odd,even_odd,,2,0.0625,1,a6f6,a6b6,True,11,correct,2,True,1
seqpert_even_odd,even_odd,,2,0.0625,1,a7b6,a6b6,True,11,correct,2,True,1
seqpert_even_odd,even_odd,,2,0.0625,1,e6b6,a6b6,True,11,correct,2,True,1
seqpert_even_odd,even_odd,,2,0.0625,1,26b6,a6b6,True,25,correct,2,True,1
seqpert_even_odd,even_odd,,2,0.0625,1,a636,a6b6,True,25,correct,2,True,1
seqpert_even_odd,even_odd,,2,0.0625,1,a2b6,a6b6,True,11,correct,2,True,1
seqpert_even_odd,even_odd,,2,0.0625,1,a696,a6b6,True,25,correct,2,True,1
seqpert_even_odd,even_odd,,2,0.0625,1,a6b4,a6b6,True,25,correct,2,True,1
seqpert_even_odd,even_odd,,2,0.0625,1,b6b6,a6b6,True,11,correct,2,True,1
seqpert_even_odd,even_odd,,2,0.0625,1,a6b2,a6b6,True,11,correct,2,True,1
seqpert_even_odd,even_odd,,2,0.0625,1,aeb6,fca6,True,55,wrong_pattern,0,False,1
seqpert_even_odd,even_odd,,2,0.0625,1,aeb6,fca6,True,1,wrong_pattern,0,False,1
seqpert_even_odd,even_odd,,2,0.0625,1,a6b7,a6b6,True,11,correct,2,True,1
seqpert_even_odd,even_odd,,2,0.0625,1,a2b6,a6b6,True,11,correct,2,True,1
seqpert_even_odd,even_odd,,2,0.0625,1,a4b6,fca6,True,45,wrong_pattern,0,False,1
seqpert_even_odd,even_odd,,2,0.0625,1,a696,a6b6,True,25,correct,2,True,1
seqpert_even_odd,even_odd,,2,0.0625,1,b6b6,a6b6,True,11,correct,2,True,1
seqpert_even_odd,even_odd,,3,0.0625,1,bd17,bd07,True,11,correct,3,True,1
seqpert_even_odd,even_odd,,3,0.0625,1,bd47,bd07,True,11,correct,3,True,1
seqpert_even_odd,even_odd,,3,0.0625,1,bd05,bd07,True,25,correct,3,True,1
seqpert_even_odd,even_odd,,3,0.0625,1,b907,bd07,True,11,correct,3,True,1
seqpert_even_odd,even_odd,,3,0.0625,1,bd87,bd07,True,25,correct,3,True,1
seqpert_even_odd,even_odd,,3,0.0625,1,9d07,bd07,True,25,correct,3,True,1
seqpert_even_odd,even_odd,,3,0.0625,1,ad07,bd07,True,11,correct,3,True,1
seqpert_even_odd,even_odd,,3,0.0625,1,fd07,bd07,True,11,correct,3,True,1
seqpert_even_odd,even_odd,,3,0.0625,1,fd07,bd07,True,11,correct,3,True,1
seqpert_even_odd,even_odd,,3,0.0625,1,bd06,bd07,True,11,correct,3,True,1
seqpert_even_odd,even_odd,,3,0.0625,1,bd0f,bd07,True,25,correct,3,True,1
seqpert_even_odd,even_odd,,3,0.0625,1,bd05,bd07,True,25,correct,3,True,1
seqpert_even_odd,even_odd,,3,0.0625,1,fd07,bd07,True,11,correct,3,True,1
seqpert_even_odd,even_odd,,3,0.0625,1,bd05,bd07,True,25,correct,3,True,1
seqpert_even_odd,even_odd,,3,0.0625,1,bd27,bd07,True,25,correct,3,True,1
seqpert_even_odd,even_odd,,3,0.0625,1,bd17,bd07,True,11,correct,3,True,1
seqpert_even_odd,even_odd,,3,0.0625,1,b907,bd07,True,11,correct,3,True,1
seqpert_even_odd,even_odd,,3,0.0625,1,bd06,bd07,True,11,correct,3,True,1
seqpert_even_odd,even_odd,,3,0.0625,1,bd0f,bd07,True,25,correct,3,True,1
seqpert_even_odd,even_odd,,3,0.0625,1,b507,bd07,True,25,correct,3,True,1
seqpert_even_odd,even_odd,,3,0.0625,1,b507,bd07,True,25,correct,3,True,1
seqpert_even_odd,even_odd,,3,0.0625,1,9d07,bd07,True,25,correct,3,True,1
seqpert_even_odd,even_odd,,3,0.0625,1,bd27,bd07,True,25,correct,3,True,1
seqpert_even_odd,even_odd,,3,0.0625,1,bd05,bd07,True,25,correct,3,True,1
seqpert_even_odd,even_odd,,3,0.0625,1,bf07,bf97,True,45,spurious,-1,False,1
seqpert_even_odd,even_odd,,3,0.0625,1,ad07,bd07,True,11,correct,3,True,1
seqpert_even_odd,even_odd,,3,0.0625,1,bf07,bf97,True,45,spurious,-1,False,1
seqpert_even_odd,even_odd,,3,0.0625,1,bd27,bd07,True,25,correct,3,True,1
seqpert_even_odd,even_odd,,3,0.0625,1,bd47,bd07,True,11,correct,3,True,1
seqpert_even_odd,even_odd,,3,0.0625,1,bd17,bd07,True,11,correct,3,True,1
seqpert_even_odd,even_odd,,3,0.0625,1,bf07,bf97,True,45,spurious,-1,False,1
seqpert_even_odd,even_odd,,3,0.0625,1,bd03,bd07,True,11,correct,3,True,1
seqpert_even_odd,even_odd,,3,0.0625,1,bd87,bd07,True,25,correct,3,True,1
seqpert_even_odd,even_odd,,3,0.0625,1,b907,bd07,True,11,correct,3,True,1
seqpert_even_odd,even_odd,,3,0.0625,1,9d07,bd07,True,25,correct,3,True,1
seqpert_even_odd,even_odd,,3,0.0625,1,bc07,bd07,True,11,correct,3,True,1
seqpert_even_odd,even_odd,,3,0.0625,1,bd06,bd07,True,11,correct,3,True,1
seqpert_even_odd,even_odd,,3,0.0625,1,bc07,bd07,True,11,correct,3,True,1
seqpert_even_odd,even_odd,,3,0.0625,1,b507,bd07,True,25,correct,3,True,1
seqpert_even_odd,even_odd,,3,0.0625,1,bd0f,bd07,True,25,correct,3,True,1
seqpert_even_odd,even_odd,,3,0.0625,1,bd0f,bd07,True,25,correct,3,True,1
seqpert_even_odd,even_odd,,3,0.0625,1,bd06,bd07,True,11,correct,3,True,1
seqpert_even_odd,even_odd,,3,0.0625,1,bd87,bd07,True,25,correct,3,True,1
seqpert_even_odd,even_odd,,3,0.0625,1,fd07,bd07,True,11,correct,3,True,1
seqpert_even_odd,even_odd,,3,0.0625,1,b907,bd07,True,11,correct,3,True,1
seqpert_even_odd,even_odd,,3,0.0625,1,bd47,bd07,True,11,correct,3,True,1
seqpert_even_odd,even_odd,,3,0.0625,1,bd05,bd07,True,25,correct,3,True,1
seqpert_even_odd,even_odd,,3,0.0625,1,bc07,bd07,True,11,correct,3,True,1
seqpert_even_odd,even_odd,,3,0.0625,1,bf07,bf97,True,45,spurious,-1,False,1
seqpert_even_odd,even_odd,,3,0.0625,1,bf07,bf97,True,1,spurious,-1,False,1
seqpert_even_odd,even_odd,,3,0.0625,1,fd07,bd07,True,11,correct,3,True,1
seqpert_even_odd,even_odd,,3,0.0625,1,bd06,bd07,True,11,correct,3,True,1
seqpert_even_odd,even_odd,,3,0.0625,1,bd03,bd07,True,11,correct,3,True,1
seqpert_even_odd,even_odd,,3,0.0625,1,bd05,bd07,True,25,correct,3,True,1
seqpert_even_odd,even_odd,,3,0.0625,1,bd47,bd07,True,11,correct,3,True,1
seqpert_even_odd,even_odd,,3,0.0625,1,bd87,bd07,True,25,correct,3,True,1
seqpert_even_odd,even_odd,,3,0.0625,1,9d07,bd07,True,25,correct,3,True,1
seqpert_even_odd,even_odd,,3,0.0625,1,bd27,bd07,True,25,correct,3,True,1
seqpert_even_odd,even_odd,,3,0.0625,1,bd17,bd07,True,11,correct,3,True,1
seqpert_even_odd,even_odd,,3,0.0625,1,9d07,bd07,True,25,correct,3,True,1
seqpert_even_odd,even_odd,,3,0.0625,1,bd05,bd07,True,25,correct,3,True,1
seqpert_even_odd,even_odd,,3,0.0625,1,bd47,bd07,True,11,correct,3,True,1
seqpert_even_odd,even_odd,,3,0.0625,1,3d07,bd07,True,25,correct,3,True,1
seqpert_even_odd,even_odd,,3,0.0625,1,bd03,bd07,True,11,correct,3,True,1
seqpert_even_odd,even_odd,,3,0.0625,1,bd47,bd07,True,11,correct,3,True,1
seqpert_even_odd,even_odd,,3,0.0625,1,bf07,bf97,True,45,spurious,-1,False,1
seqpert_even_odd,even_odd,,3,0.0625,1,bc07,bd07,True,11,correct,3,True,1
seqpert_even_odd,even_odd,,3,0.0625,1,3d07,bd07,True,25,correct,3,True,1
seqpert_even_odd,even_odd,,3,0.0625,1,3d07,bd07,True,25,correct,3,True,1
seqpert_even_odd,even_odd,,3,0.0625,1,bd03,bd07,True,11,correct,3,True,1
seqpert_even_odd,even_odd,,3,0.0625,1,bd47,bd07,True,11,correct,3,True,1
seqpert_even_odd,even_odd,,3,0.0625,1,bd0f,bd07,True,25,correct,3,True,1
seqpert_even_odd,even_odd,,3,0.0625,1,bf07,bf97,True,45,spurious,-1,False,1
seqpert_even_odd,even_odd,,3,0.0625,1,bd0f,bd07,True,25,correct,3,True,1
seqpert_even_odd,even_odd,,3,0.0625,1,b507,bd07,True,25,correct,3,True,1
seqpert_even_odd,even_odd,,3,0.0625,1,3d07,bd07,True,25,correct,3,True,1
seqpert_even_odd,even_odd,,3,0.0625,1,9d07,bd07,True,25,correct,3,True,1
seqpert_even_odd,even_odd,,3,0.0625,1,bd05,bd07,True,25,correct,3,True,1
seqpert_even_odd,even_odd,,3,0.0625,1,bd06,bd07,True,11,correct,3,True,1
seqpert_even_odd,even_odd,,3,0.0625,1,ad07,bd07,True,11,correct,3,True,1
seqpert_even_odd,even_odd,,3,0.0625,1,bd47,bd07,True,11,correct,3,True,1
seqpert_even_odd,even_odd,,3,0.0625,1,bd0f,bd07,True,25,correct,3,True,1
seqpert_even_odd,even_odd,,3,0.0625,1,bd0f,bd07,True,25,correct,3,True,1
seqpert_even_odd,even_odd,,3,0.0625,1,bd0f,bd07,True,25,correct,3,True,1
seqpert_even_odd,even_odd,,3,0.0625,1,bd06,bd07,True,11,correct,3,True,1
seqpert_even_odd,even_odd,,3,0.0625,1,bd47,bd07,True,11,correct,3,True,1
seqpert_even_odd,even_odd,,3,0.0625,1,bd06,bd07,True,11,correct,3,True,1
seqpert_even_odd,even_odd,,3,0.0625,1,bd06,bd07,True,11,correct,3,True,1
seqpert_even_odd,even_odd,,3,0.0625,1,bd05,bd07,True,25,correct,3,True,1
seqpert_even_odd,even_odd,,3,0.0625,1,bd06,bd07,True,11,correct,3,True,1
seqpert_even_odd,even_odd,,3,0.0625,1,bd17,bd07,True,11,correct,3,True,1
seqpert_even_odd,even_odd,,3,0.0625,1,bd03,bd07,True,11,correct,3,True,1
seqpert_even_odd,even_odd,,3,0.0625,1,fd07,bd07,True,11,correct,3,True,1
seqpert_even_odd,even_odd,,3,0.0625,1,b507,bd07,True,25,correct,3,True,1
seqpert_even_odd,even_odd,,3,0.0625,1,bd87,bd07,True,25,correct,3,True,1
seqpert_even_odd,even_odd,,3,0.0625,1,fd07,bd07,True,11,correct,3,True,1
seqpert_even_odd,even_odd,,3,0.0625,1,bd06,bd07,True,11,correct,3,True,1
seqpert_even_odd,even_odd,,3,0.0625,1,bd47,bd07,True,11,correct,3,True,1
seqpert_even_odd,even_odd,,3,0.0625,1,bd03,bd07,True,11,correct,3,True,1
seqpert_even_odd,even_odd,,3,0.0625,1,3d07,bd07,True,25,correct,3,True,1
seqpert_even_odd,even_odd,,0,0.125,2,bca4,fca6,True,25,correct,0,True,2
seqpert_even_odd,even_odd,,0,0.125,2,fea4,fca6,True,25,correct,0,True,2
seqpert_even_odd,even_odd,,0,0.125,2,fda4,fca6,True,25,correct,0,True,2
seqpert_even_odd,even_odd,,0,0.125,2,f4e6,fca6,True,25,correct,0,True,2
seqpert_even_odd,even_odd,,0,0.125,2,fc66,fca6,True,59,correct,0,True,2
seqpert_even_odd,even_odd,,0,0.125,2,f8a7,fca6,True,11,correct,0,True,2
seqpert_even_odd,even_odd,,0,0.125,2,f0a6,fca6,True,25,correct,0,True,2
seqpert_even_odd,even_odd,,0,0.125,2,dcb6,fca6,True,25,correct,0,True,2
seqpert_even_odd,even_odd,,0,0.125,2,f8a4,fca6,True,45,correct,0,True,2
seqpert_even_odd,even_odd,,0,0.125,2,fda2,fca6,True,11,correct,0,True,2
seqpert_even_odd,even_odd,,0,0.125,2,b8a6,fca6,True,11,correct,0,True,2
seqpert_even_odd,even_odd,,0,0.125,2,fce2,fca6,True,11,correct,0,True,2
seqpert_even_odd,even_odd,,0,0.125,2,fcee,fca6,True,35,correct,0,True,2
seqpert_even_odd,even_odd,,0,0.125,2,fc36,fca6,True,25,correct,0,True,2
seqpert_even_odd,even_odd,,0,0.125,2,d4a6,fca6,True,25,correct,0,True,2
seqpert_even_odd,even_odd,,0,0.125,2,ec86,fca6,True,25,correct,0,True,2
seqpert_even_odd,even_odd,,0,0.0,0,fca6,fca6,True,0,correct,0,True,2
seqpert_even_odd,even_odd,,0,0.125,2,dca4,58a4,True,45,spurious,-1,False,2
seqpert_even_odd,even_odd,,0,0.125,2,f4a4,fca6,True,25,correct,0,True,2
seqpert_even_odd,even_odd,,0,0.125,2,dc26,fca6,True,25,correct,0,True,2
seqpert_even_odd,even_odd,,0,0.125,2,dea6,fca6,True,25,correct,0,True,2
seqpert_even_odd,even_odd,,0,0.125,2,fd86,fca6,True,35,correct,0,True,2
seqpert_even_odd,even_odd,,0,0.125,2,fcb2,fca6,True,11,correct,0,True,2
seqpert_even_odd,even_odd,,0,0.125,2,fce2,fca6,True,11,correct,0,True,2
seqpert_even_odd,even_odd,,0,0.125,2,fcac,fca6,True,25,correct,0,True,2
seqpert_even_odd,even_odd,,0,0.125,2,fe26,fca6,True,25,correct,0,True,2
seqpert_even_odd,even_odd,,0,0.125,2,fd86,fca6,True,35,correct,0,True,2
seqpert_even_odd,even_odd,,0,0.125,2,fcf6,fca6,True,11,correct,0,True,2
seqpert_even_odd,even_odd,,0,0.125,2,ec26,fca6,True,25,correct,0,True,2
seqpert_even_odd,even_odd,,0,0.125,2,fcb7,fca6,True,11,correct,0,True,2
seqpert_even_odd,even_odd,,0,0.125,2,7ca7,fca6,True,25,correct,0,True,2
seqpert_even_odd,even_odd,,0,0.125,2,f9a6,fca6,True,11,correct,0,True,2
seqpert_even_odd,even_odd,,0,0.125,2,eca2,fca6,True,11,correct,0,True,2
seqpert_even_odd,even_odd,,0,0.125,2,fea7,fca6,True,25,correct,0,True,2
seqpert_even_odd,even_odd,,0,0.125,2,fd86,fca6,True,35,correct,0,True,2
seqpert_even_odd,even_odd,,0,0.125,2,74a6,fca6,True,25,correct,0,True,2
seqpert_even_odd,even_odd,,0,0.0,0,fca6,fca6,True,0,correct,0,True,2
seqpert_even_odd,even_odd,,0,0.125,2,74a6,fca6,True,25,correct,0,True,2
seqpert_even_odd,even_odd,,0,0.125,2,f8a7,fca6,True,11,correct,0,True,2
seqpert_even_odd,even_odd,,0,0.125,2,f886,fca6,True,25,correct,0,True,2
seqpert_even_odd,even_odd,,0,0.125,2,ec26,fca6,True,25,correct,0,True,2
seqpert_even_odd,even_odd,,0,0.125,2,9ca6,fca6,True,25,correct,0,True,2
seqpert_even_odd,even_odd,,0,0.125,2,fee6,fca6,True,25,correct,0,True,2
seqpert_even_odd,even_odd,,0,0.125,2,fcaf,fca6,True,25,correct,0,True,2
seqpert_even_odd,even_odd,,0,0.125,2,fdb6,fca6,True,11,correct,0,True,2
seqpert_even_odd,even_odd,,0,0.125,2,fcb4,fca6,True,25,correct,0,True,2
seqpert_even_odd,even_odd,,0,0.125,2,7ce6,fca6,True,25,correct,0,True,2
seqpert_even_odd,even_odd,,0,0.125,2,fc24,fca6,True,25,correct,0,True,2
seqpert_even_odd,even_odd,,0,0.125,2,eca2,fca6,True,11,correct,0,True,2
seqpert_even_odd,even_odd,,0,0.0,0,fca6,fca6,True,0,correct,0,True,2
seqpert_even_odd,even_odd,,0,0.125,2,f826,fca6,True,25,correct,0,True,2
seqpert_even_odd,even_odd,,0,0.125,2,f8a7,fca6,True,11,correct,0,True,2
seqpert_even_odd,even_odd,,0,0.125,2,f6a6,a6b6,True,21,wrong_pattern,2,False,2
seqpert_even_odd,even_odd,,0,0.125,2,f5a6,fca6,True,25,correct,0,True,2
seqpert_even_odd,even_odd,,0,0.125,2,f8e6,fca6,True,11,correct,0,True,2
seqpert_even_odd,even_odd,,0,0.125,2,dcb6,fca6,True,25,correct,0,True,2
seqpert_even_odd,even_odd,,0,0.125,2,f4a7,fca6,True,25,correct,0,True,2
seqpert_even_odd,even_odd,,0,0.125,2,cca6,fca6,True,25,correct,0,True,2
seqpert_even_odd,even_odd,,0,0.125,2,dc26,fca6,True,25,correct,0,True,2
seqpert_even_odd,even_odd,,0,0.125,2,fc82,fca6,True,25,correct,0,True,2
seqpert_even_odd,even_odd,,0,0.125,2,f8e6,fca6,True,11,correct,0,True,2
seqpert_even_odd,even_odd,,0,0.125,2,fca5,fca6,True,25,correct,0,True,2
seqpert_even_odd,even_odd,,0,0.125,2,fda4,fca6,True,25,correct,0,True,2
seqpert_even_odd,even_odd,,0,0.125,2,fea2,fca6,True,25,correct,0,True,2
seqpert_even_odd,even_odd,,0,0.0,0,fca6,fca6,True,0,correct,0,True,2
seqpert_even_odd,even_odd,,0,0.125,2,ecae,fca6,True,25,correct,0,True,2
seqpert_even_odd,even_odd,,0,0.125,2,dca2,fca6,True,25,correct,0,True,2
seqpert_even_odd,even_odd,,0,0.125,2,74a6,fca6,True,25,correct,0,True,2
seqpert_even_odd,even_odd,,0,0.125,2,74a6,fca6,True,25,correct,0,True,2
seqpert_even_odd,even_odd,,0,0.125,2,b8a6,fca6,True,11,correct,0,True,2
seqpert_even_odd,even_odd,,0,0.125,2,7ca7,fca6,True,25,correct,0,True,2
seqpert_even_odd,even_odd,,0,0.125,2,f886,fca6,True,25,correct,0,True,2
seqpert_even_odd,even_odd,,0,0.125,2,d4a6,fca6,True,25,correct,0,True,2
seqpert_even_odd,even_odd,,0,0.125,2,fc84,fca6,True,25,correct,0,True,2
seqpert_even_odd,even_odd,,0,0.125,2,ece6,fca6,True,11,correct,0,True,2
seqpert_even_odd,even_odd,,0,0.125,2,fc2e,fc6a,True,11,spurious,-1,False,2
seqpert_even_odd,even_odd,,0,0.125,2,d4a6,fca6,True,25,correct,0,True,2
seqpert_even_odd,even_odd,,0,0.125,2,7ca2,fca6,True,25,correct,0,True,2
seqpert_even_odd,even_odd,,0,0.125,2,fce4,fca6,True,25,correct,0,True,2
seqpert_even_odd,even_odd,,0,0.125,2,cca6,fca6,True,25,correct,0,True,2
seqpert_even_odd,even_odd,,0,0.125,2,bca2,fca6,True,11,correct,0,True,2
seqpert_even_odd,even_odd,,0,0.0,0,fca6,fca6,True,0,correct,0,True,2
seqpert_even_odd,even_odd,,0,0.125,2,78a6,fca6,True,45,correct,0,True,2
seqpert_even_odd,even_odd,,0,0.125,2,bca7,fca6,True,11,correct,0,True,2
seqpert_even_odd,even_odd,,0,0.125,2,eea6,fca6,True,25,correct,0,True,2
seqpert_even_odd,even_odd,,0,0.125,2,f4a2,fca6,True,25,correct,0,True,2
seqpert_even_odd,even_odd,,0,0.0,0,fca6,fca6,True,0,correct,0,True,2
seqpert_even_odd,even_odd,,0,0.125,2,bc86,fca6,True,25,correct,0,True,2
seqpert_even_odd,even_odd,,0,0.125,2,7c86,fca6,True,25,correct,0,True,2
seqpert_even_odd,even_odd,,0,0.125,2,dcb6,fca6,True,25,correct,0,True,2
seqpert_even_odd,even_odd,,0,0.125,2,f4a2,fca6,True,25,correct,0,True,2
seqpert_even_odd,even_odd,,0,0.125,2,ecae,fca6,True,25,correct,0,True,2
seqpert_even_odd,even_odd,,0,0.125,2,ffa6,fca6,True,25,correct,0,True,2
seqpert_even_odd,even_odd,,0,0.125,2,eda6,fca6,True,11,correct,0,True,2
seqpert_even_odd,even_odd,,0,0.0,0,fca6,fca6,True,0,correct,0,True,2
seqpert_even_odd,even_odd,,0,0.125,2,feb6,fca6,True,25,correct,0,True,2
seqpert_even_odd,even_odd,,0,0.125,2,bca4,fca6,True,25,correct,0,True,2
seqpert_even_odd,even_odd,,0,0.125,2,f8a4,fca6,True,45,correct,0,True,2
seqpert_even_odd,even_odd,,0,0.125,2,e8a6,fca6,True,11,correct,0,True,2
seqpert_even_odd,even_odd,,0,0.125,2,f4ae,fca6,True,25,correct,0,True,2
seqpert_even_odd,even_odd,,1,0.125,2,1915,1905,True,11,spurious,-1,False,2
seqpert_even_odd,even_odd,,1,0.125,2,1b11,395,True,35,spurious,-1,False,2
seqpert_even_odd,even_odd,,1,0.125,2,5b91,1b95,True,21,correct,1,True,2
seqpert_even_odd,even_odd,,1,0.125,2,5b91,1b95,True,1,correct,1,True,2
seqpert_even_odd,even_odd,,1,0.125,2,b97,1b95,True,45,correct,1,True,2
seqpert_even_odd,even_odd,,1,0.125,2,1391,395,True,11,spurious,-1,False,2
seqpert_even_odd,even_odd,,1,0.125,2,b85,1b95,True,11,correct,1,True,2
seqpert_even_odd,even_odd,,1,0.125,2,5b15,1905,True,35,spurious,-1,False,2
seqpert_even_odd,even_odd,,1,0.125,2,199d,1905,True,35,spurious,-1,False,2
seqpert_even_odd,even_odd,,1,0.125,2,1b81,1b95,True,11,correct,1,True,2
seqpert_even_odd,even_odd,,1,0.125,2,1b93,395,True,35,spurious,-1,False,2
seqpert_even_odd,even_odd,,1,0.125,2,13d5,395,True,11,spurious,-1,False,2
seqpert_even_odd,even_odd,,1,0.125,2,1b35,1b95,True,25,correct,1,True,2
seqpert_even_odd,even_odd,,1,0.125,2,1b1d,359,True,45,spurious,-1,False,2
seqpert_even_odd,even_odd,,1,0.0,0,1b95,1b95,True,0,correct,1,True,2
seqpert_even_odd,even_odd,,1,0.125,2,8b95,1b95,True,45,correct,1,True,2
seqpert_even_odd,even_odd,,1,0.125,2,1397,395,True,45,spurious,-1,False,2
seqpert_even_odd,even_odd,,1,0.125,2,bb95,bf97,True,45,spurious,-1,False,2
seqpert_even_odd,even_odd,,1,0.125,2,1b05,1b95,True,45,correct,1,True,2
seqpert_even_odd,even_odd,,1,0.125,2,1bbd,2b4,True,35,spurious,-1,False,2
seqpert_even_odd,even_odd,,1,0.125,2,1b55,395,True,35,spurious,-1,False,2
seqpert_even_odd,even_odd,,1,0.125,2,b85,1b95,True,11,correct,1,True,2
seqpert_even_odd,even_odd,,1,0.125,2,3a95,58a4,True,69,spurious,-1,False,2
seqpert_even_odd,even_odd,,1,0.125,2,1f15,1b95,True,25,correct,1,True,2
seqpert_even_odd,even_odd,,1,0.0,0,1b95,1b95,True,0,correct,1,True,2
seqpert_even_odd,even_odd,,1,0.125,2,5b9d,1905,True,35,spurious,-1,False,2
seqpert_even_odd,even_odd,,1,0.125,2,9f95,1b95,True,45,correct,1,True,2
seqpert_even_odd,even_odd,,1,0.125,2,1bc5,1b95,True,11,correct,1,True,2
seqpert_even_odd,even_odd,,1,0.125,2,9b9d,395,True,49,spurious,-1,False,2
seqpert_even_odd,even_odd,,1,0.125,2,5bb5,58a4,True,35,spurious,-1,False,2
seqpert_even_odd,even_odd,,1,0.125,2,3b15,1b95,True,25,correct,1,True,2
seqpert_even_odd,even_odd,,1,0.125,2,1315,395,True,45,spurious,-1,False,2
seqpert_even_odd,even_odd,,1,0.125,2,1bc5,1b95,True,11,correct,1,True,2
seqpert_even_odd,even_odd,,1,0.125,2,1394,2b4,True,45,spurious,-1,False,2
seqpert_even_odd,even_odd,,1,0.125,2,1fd5,1b95,True,21,correct,1,True,2
seqpert_even_odd,even_odd,,1,0.125,2,b97,1b95,True,45,correct,1,True,2
seqpert_even_odd,even_odd,,1,0.125,2,5a95,58a4,True,35,spurious,-1,False,2
seqpert_even_odd,even_odd,,1,0.125,2,19b5,58a4,True,21,spurious,-1,False,2
seqpert_even_odd,even_odd,,1,0.125,2,8b95,1b95,True,45,correct,1,True,2
seqpert_even_odd,even_odd,,1,0.125,2,1a91,2b4,True,35,spurious,-1,False,2
seqpert_even_odd,even_odd,,1,0.0,0,1b95,1b95,True,0,correct,1,True,2
seqpert_even_odd,even_odd,,1,0.125,2,bb95,bf97,True,45,spurious,-1,False,2
seqpert_even_odd,even_odd,,1,0.125,2,1315,395,True,45,spurious,-1,False,2
seqpert_even_odd,even_odd,,1,0.125,2,9b94,58a4,True,69,spurious,-1,False,2
seqpert_even_odd,even_odd,,1,0.125,2,1391,395,True,11,spurious,-1,False,2
seqpert_even_odd,even_odd,,1,0.125,2,1b99,395,True,49,spurious,-1,False,2
seqpert_even_odd,even_odd,,1,0.125,2,1bb1,2b4,True,35,spurious,-1,False,2
seqpert_even_odd,even_odd,,1,0.125,2,1b17,1b95,True,25,correct,1,True,2
seqpert_even_odd,even_odd,,1,0.125,2,3b94,58a4,True,69,spurious,-1,False,2
seqpert_even_odd,even_odd,,1,0.125,2,1ba5,58a4,True,45,spurious,-1,False,2
seqpert_even_odd,even_odd,,1,0.125,2,1997,1905,True,45,spurious,-1,False,2
seqpert_even_odd,even_odd,,1,0.125,2,19b5,58a4,True,21,spurious,-1,False,2
seqpert_even_odd,even_odd,,1,0.125,2,bb5,58a4,True,55,spurious,-1,False,2
seqpert_even_odd,even_odd,,1,0.125,2,9b94,58a4,True,69,spurious,-1,False,2
seqpert_even_odd,even_odd,,1,0.125,2,b97,1b95,True,45,correct,1,True,2
seqpert_even_odd,even_odd,,1,0.125,2,1bd4,2b4,True,35,spurious,-1,False,2
seqpert_even_odd,even_odd,,1,0.125,2,b94,58a4,True,89,spurious,-1,False,2
seqpert_even_odd,even_odd,,1,0.125,2,b97,1b95,True,45,correct,1,True,2
seqpert_even_odd,even_odd,,1,0.125,2,1795,395,True,11,spurious,-1,False,2
seqpert_even_odd,even_odd,,1,0.125,2,b9d,395,True,49,spurious,-1,False,2
seqpert_even_odd,even_odd,,1,0.125,2,3a95,58a4,True,69,spurious,-1,False,2
seqpert_even_odd,even_odd,,1,0.125,2,1795,395,True,11,spurious,-1,False,2
seqpert_even_odd,even_odd,,1,0.125,2,1b99,395,True,49,spurious,-1,False,2
seqpert_even_odd,even_odd,,1,0.125,2,1295,2b4,True,45,spurious,-1,False,2
seqpert_even_odd,even_odd,,1,0.125,2,1bc5,1b95,True,11,correct,1,True,2
seqpert_even_odd,even_odd,,1,0.125,2,1bd7,395,True,35,spurious,-1,False,2
seqpert_even_odd,even_odd,,1,0.125,2,5b9d,1905,True,35,spurious,-1,False,2
seqpert_even_odd,even_odd,,1,0.125,2,9bb5,58a4,True,51,spurious,-1,False,2
seqpert_even_odd,even_odd,,1,0.125,2,1b96,58a4,True,69,spurious,-1,False,2
seqpert_even_odd,even_odd,,1,0.125,2,3995,1905,True,45,spurious,-1,False,2
seqpert_even_odd,even_odd,,1,0.125,2,9a95,58a4,True,69,spurious,-1,False,2
seqpert_even_odd,even_odd,,1,0.125,2,5395,395,True,11,spurious,-1,False,2
seqpert_even_odd,even_odd,,1,0.125,2,1bf5,2b4,True,35,spurious,-1,False,2
seqpert_even_odd,even_odd,,1,0.0,0,1b95,1b95,True,0,correct,1,True,2
seqpert_even_odd,even_odd,,1,0.125,2,9b9d,395,True,49,spurious,-1,False,2
seqpert_even_odd,even_odd,,1,0.125,2,5995,1905,True,35,spurious,-1,False,2
seqpert_even_odd,even_odd,,1,0.125,2,1bb1,2b4,True,35,spurious,-1,False,2
seqpert_even_odd,even_odd,,1,0.125,2,1bd4,2b4,True,35,spurious,-1,False,2
seqpert_even_odd,even_odd,,1,0.125,2,19d5,1905,True,45,spurious,-1,False,2
seqpert_even_odd,even_odd,,1,0.125,2,3b9d,395,True,49,spurious,-1,False,2
seqpert_even_odd,even_odd,,1,0.125,2,1b17,1b95,True,25,correct,1,True,2
seqpert_even_odd,even_odd,,1,0.125,2,5f95,1b95,True,21,correct,1,True,2
seqpert_even_odd,even_odd,,1,0.125,2,1895,58a4,True,45,spurious,-1,False,2
seqpert_even_odd,even_odd,,1,0.125,2,1b55,395,True,35,spurious,-1,False,2
seqpert_even_odd,even_odd,,1,0.125,2,3b15,1b95,True,25,correct,1,True,2
seqpert_even_odd,even_odd,,1,0.125,2,5995,1905,True,35,spurious,-1,False,2
seqpert_even_odd,even_odd,,1,0.125,2,b9d,395,True,49,spurious,-1,False,2
seqpert_even_odd,even_odd,,1,0.125,2,3b85,1b95,True,45,correct,1,True,2
seqpert_even_odd,even_odd,,1,0.125,2,3b94,58a4,True,69,spurious,-1,False,2
seqpert_even_odd,even_odd,,1,0.125,2,9bb5,58a4,True,51,spurious,-1,False,2
seqpert_even_odd,even_odd,,1,0.125,2,1d95,1905,True,45,spurious,-1,False,2
seqpert_even_odd,even_odd,,1,0.125,2,5b97,1905,True,35,spurious,-1,False,2
seqpert_even_odd,even_odd,,1,0.125,2,bd5,1b95,True,21,correct,1,True,2
seqpert_even_odd,even_odd,,1,0.125,2,1b96,58a4,True,69,spurious,-1,False,2
seqpert_even_odd,even_odd,,1,0.125,2,bd5,1b95,True,21,correct,1,True,2
seqpert_even_odd,even_odd,,1,0.125,2,bd5,1b95,True,1,correct,1,True,2
seqpert_even_odd,even_odd,,1,0.125,2,9b94,58a4,True,69,spurious,-1,False,2
seqpert_even_odd,even_odd,,1,0.0,0,1b95,1b95,True,0,correct,1,True,2
seqpert_even_odd,even_odd,,1,0.125,2,1b87,1b95,True,45,correct,1,True,2
seqpert_even_odd,even_odd,,1,0.125,2,1f91,1b95,True,21,correct,1,True,2
seqpert_even_odd,even_odd,,2,0.125,2,6b6,2b4,True,45,spurious,-1,False,2
seqpert_even_odd,even_odd,,2,0.125,2,a6ae,e6fa,True,51,spurious,-1,False,2
seqpert_even_odd,even_odd,,2,0.125,2,a7b7,a6b6,True,11,correct,2,True,2
seqpert_even_odd,even_odd,,2,0.125,2,b636,a6b6,True,45,correct,2,True,2
seqpert_even_odd,even_odd,,2,0.125,2,a4a6,fca6,True,45,wrong_pattern,0,False,2
seqpert_even_odd,even_odd,,2,0.125,2,86f6,a6b6,True,25,correct,2,True,2
seqpert_even_odd,even_odd,,2,0.125,2,e6be,e6fa,True,21,spurious,-1,False,2
seqpert_even_odd,even_odd,,2,0.125,2,a6a7,a6b6,True,11,correct,2,True,2
seqpert_even_odd,even_odd,,2,0.125,2,a686,a6b6,True,25,correct,2,True,2
seqpert_even_odd,even_odd,,2,0.125,2,b696,a6b6,True,45,correct,2,True,2
seqpert_even_odd,even_odd,,2,0.125,2,acb6,fca6,True,21,wrong_pattern,0,False,2
seqpert_even_odd,even_odd,,2,0.125,2,a637,a6b6,True,59,correct,2,True,2
seqpert_even_odd,even_odd,,2,0.125,2,aef6,a6b6,True,35,correct,2,True,2
seqpert_even_odd,even_odd,,2,0.125,2,b6b7,a6b6,True,11,correct,2,True,2
seqpert_even_odd,even_odd,,2,0.0,0,a6b6,a6b6,True,0,correct,2,True,2
seqpert_even_odd,even_odd,,2,0.125,2,a0b6,fca6,True,45,wrong_pattern,0,False,2
seqpert_even_odd,even_odd,,2,0.125,2,a7b4,a6b6,True,25,correct,2,True,2
seqpert_even_odd,even_odd,,2,0.125,2,82b6,a6b6,True,45,correct,2,True,2
seqpert_even_odd,even_odd,,2,0.125,2,8eb6,fca6,True,55,wrong_pattern,0,False,2
seqpert_even_odd,even_odd,,2,0.125,2,aef6,a6b6,True,35,correct,2,True,2
seqpert_even_odd,even_odd,,2,0.125,2,86a6,a6b6,True,25,correct,2,True,2
seqpert_even_odd,even_odd,,2,0.125,2,a6b5,a6b6,True,25,correct,2,True,2
seqpert_even_odd,even_odd,,2,0.125,2,86f6,a6b6,True,25,correct,2,True,2
seqpert_even_odd,even_odd,,2,0.125,2,a4b4,fca6,True,45,wrong_pattern,0,False,2
seqpert_even_odd,even_odd,,2,0.125,2,f6b6,a6b6,True,11,correct,2,True,2
seqpert_even_odd,even_odd,,2,0.125,2,a6b5,a6b6,True,25,correct,2,True,2
seqpert_even_odd,even_odd,,2,0.125,2,a2b4,a6b6,True,45,correct,2,True,2
seqpert_even_odd,even_odd,,2,0.125,2,66b6,a6b6,True,25,correct,2,True,2
seqpert_even_odd,even_odd,,2,0.125,2,e7b6,a6b6,True,11,correct,2,True,2
seqpert_even_odd,even_odd,,2,0.125,2,b6b2,a6b6,True,21,correct,2,True,2
seqpert_even_odd,even_odd,,2,0.125,2,a7be,a6b6,True,25,correct,2,True,2
seqpert_even_odd,even_odd,,2,0.0,0,a6b6,a6b6,True,0,correct,2,True,2
seqpert_even_odd,even_odd,,2,0.125,2,86b2,a6b6,True,25,correct,2,True,2
seqpert_even_odd,even_odd,,2,0.125,2,a634,a6b6,True,25,correct,2,True,2
seqpert_even_odd,even_odd,,2,0.125,2,26a6,a6b6,True,25,correct,2,True,2
seqpert_even_odd,even_odd,,2,0.125,2,ae36,fca6,True,89,wrong_pattern,0,False,2
seqpert_even_odd,even_odd,,2,0.125,2,a697,a6b6,True,35,correct,2,True,2
seqpert_even_odd,even_odd,,2,0.125,2,a6b0,a6b6,True,25,correct,2,True,2
seqpert_even_odd,even_odd,,2,0.125,2,a4a6,fca6,True,45,wrong_pattern,0,False,2
seqpert_even_odd,even_odd,,2,0.125,2,a4f6,fca6,True,45,wrong_pattern,0,False,2
seqpert_even_odd,even_odd,,2,0.125,2,b7b6,a6b6,True,11,correct,2,True,2
seqpert_even_odd,even_odd,,2,0.125,2,6b6,2b4,True,45,spurious,-1,False,2
seqpert_even_odd,even_odd,,2,0.125,2,aeb7,fca6,True,55,wrong_pattern,0,False,2
seqpert_even_odd,even_odd,,2,0.125,2,a616,a6b6,True,59,correct,2,True,2
seqpert_even_odd,even_odd,,2,0.125,2,86b2,a6b6,True,25,correct,2,True,2
seqpert_even_odd,even_odd,,2,0.125,2,a616,a6b6,True,59,correct,2,True,2
seqpert_even_odd,even_odd,,2,0.125,2,a4b7,a6b6,True,35,correct,2,True,2
seqpert_even_odd,even_odd,,2,0.125,2,a3b6,a6b6,True,11,correct,2,True,2
seqpert_even_odd,even_odd,,2,0.125,2,66b6,a6b6,True,25,correct,2,True,2
seqpert_even_odd,even_odd,,2,0.125,2,86b4,2b4,True,45,spurious,-1,False,2
seqpert_even_odd,even_odd,,2,0.125,2,2eb6,fca6,True,55,wrong_pattern,0,False,2
seqpert_even_odd,even_odd,,2,0.125,2,aab6,fca6,True,55,wrong_pattern,0,False,2
seqpert_even_odd,even_odd,,2,0.125,2,a2be,a6b6,True,25,correct,2,True,2
seqpert_even_odd,even_odd,,2,0.125,2,a2b4,a6b6,True,45,correct,2,True,2
seqpert_even_odd,even_odd,,2,0.125,2,a616,a6b6,True,59,correct,2,True,2
seqpert_even_odd,even_odd,,2,0.125,2,a6a7,a6b6,True,11,correct,2,True,2
seqpert_even_odd,even_odd,,2,0.125,2,ae36,fca6,True,89,wrong_pattern,0,False,2
seqpert_even_odd,even_odd,,2,0.125,2,86be,a6b6,True,25,correct,2,True,2
seqpert_even_odd,even_odd,,2,0.125,2,26a6,a6b6,True,25,correct,2,True,2
seqpert_even_odd,even_odd,,2,0.125,2,a0b6,fca6,True,45,wrong_pattern,0,False,2
seqpert_even_odd,even_odd,,2,0.125,2,6b6,2b4,True,45,spurious,-1,False,2
seqpert_even_odd,even_odd,,2,0.125,2,86b4,2b4,True,45,spurious,-1,False,2
seqpert_even_odd,even_odd,,2,0.125,2,e6b4,a6b6,True,25,correct,2,True,2
seqpert_even_odd,even_odd,,2,0.125,2,36b6,a6b6,True,45,correct,2,True,2
seqpert_even_odd,even_odd,,2,0.125,2,b6be,e6fa,True,51,spurious,-1,False,2
seqpert_even_odd,even_odd,,2,0.125,2,a632,e6fa,True,45,spurious,-1,False,2
seqpert_even_odd,even_odd,,2,0.125,2,a694,a6b6,True,25,correct,2,True,2
seqpert_even_odd,even_odd,,2,0.125,2,ae36,fca6,True,89,wrong_pattern,0,False,2
seqpert_even_odd,even_odd,,2,0.125,2,e4b6,fca6,True,35,wrong_pattern,0,False,2
seqpert_even_odd,even_odd,,2,0.125,2,a736,a6b6,True,59,correct,2,True,2
seqpert_even_odd,even_odd,,2,0.125,2,a4be,e6fa,True,69,spurious,-1,False,2
seqpert_even_odd,even_odd,,2,0.125,2,26f6,a6b6,True,25,correct,2,True,2
seqpert_even_odd,even_odd,,2,0.125,2,84b6,fca6,True,45,wrong_pattern,0,False,2
seqpert_even_odd,even_odd,,2,0.125,2,a616,a6b6,True,59,correct,2,True,2
seqpert_even_odd,even_odd,,2,0.125,2,26f6,a6b6,True,25,correct,2,True,2
seqpert_even_odd,even_odd,,2,0.125,2,aef6,a6b6,True,35,correct,2,True,2
seqpert_even_odd,even_odd,,2,0.125,2,a6ba,e6fa,True,21,spurious,-1,False,2
seqpert_even_odd,even_odd,,2,0.0,0,a6b6,a6b6,True,0,correct,2,True,2
seqpert_even_odd,even_odd,,2,0.125,2,a436,a6b6,True,25,correct,2,True,2
seqpert_even_odd,even_odd,,2,0.125,2,e6a6,a6b6,True,21,correct,2,True,2
seqpert_even_odd,even_odd,,2,0.125,2,ae36,fca6,True,89,wrong_pattern,0,False,2
seqpert_even_odd,even_odd,,2,0.125,2,a5b6,a6b6,True,35,correct,2,True,2
seqpert_even_odd,even_odd,,2,0.125,2,a236,a6b6,True,25,correct,2,True,2
seqpert_even_odd,even_odd,,2,0.125,2,a6b0,a6b6,True,25,correct,2,True,2
seqpert_even_odd,even_odd,,2,0.125,2,a6a4,a6b6,True,25,correct,2,True,2
seqpert_even_odd,even_odd,,2,0.125,2,a296,a6b6,True,25,correct,2,True,2
seqpert_even_odd,even_odd,,2,0.125,2,a632,e6fa,True,45,spurious,-1,False,2
seqpert_even_odd,even_odd,,2,0.125,2,26be,a6b6,True,25,correct,2,True,2
seqpert_even_odd,even_odd,,2,0.125,2,26b2,a6b6,True,25,correct,2,True,2
seqpert_even_odd,even_odd,,2,0.125,2,66b6,a6b6,True,25,correct,2,True,2
seqpert_even_odd,even_odd,,2,0.0,0,a6b6,a6b6,True,0,correct,2,True,2
seqpert_even_odd,even_odd,,2,0.0,0,a6b6,a6b6,True,0,correct,2,True,2
seqpert_even_odd,even_odd,,2,0.125,2,aea6,fca6,True,45,wrong_pattern,0,False,2
seqpert_even_odd,even_odd,,2,0.125,2,b636,a6b6,True,45,correct,2,True,2
seqpert_even_odd,even_odd,,2,0.125,2,e696,a6b6,True,25,correct,2,True,2
seqpert_even_odd,even_odd,,2,0.125,2,a736,a6b6,True,59,correct,2,True,2
seqpert_even_odd,even_odd,,2,0.125,2,26b7,a6b6,True,25,correct,2,True,2
seqpert_even_odd,even_odd,,2,0.125,2,a436,a6b6,True,25,correct,2,True,2
seqpert_even_odd,even_odd,,2,0.125,2,2eb6,fca6,True,55,wrong_pattern,0,False,2
seqpert_even_odd,even_odd,,2,0.125,2,a3b6,a6b6,True,11,correct,2,True,2
seqpert_even_odd,even_odd,,3,0.125,2,bd0e,fd4b,True,51,spurious,-1,False,2
seqpert_even_odd,even_odd,,3,0.0,0,bd07,bd07,True,0,correct,3,True,2
seqpert_even_odd,even_odd,,3,0.125,2,3d05,1905,True,45,spurious,-1,False,2
seqpert_even_odd,even_odd,,3,0.125,2,bf06,bf97,True,45,spurious,-1,False,2
seqpert_even_odd,even_odd,,3,0.125,2,3c07,bd07,True,25,correct,3,True,2
seqpert_even_odd,even_odd,,3,0.125,2,bd46,bd07,True,21,correct,3,True,2
seqpert_even_odd,even_odd,,3,0.125,2,ad03,bd07,True,21,correct,3,True,2
seqpert_even_odd,even_odd,,3,0.125,2,ad47,bd07,True,21,correct,3,True,2
seqpert_even_odd,even_odd,,3,0.125,2,3d17,bd07,True,45,correct,3,True,2
seqpert_even_odd,even_odd,,3,0.125,2,bd13,bd07,True,11,correct,3,True,2
seqpert_even_odd,even_odd,,3,0.125,2,bd16,bd07,True,11,correct,3,True,2
seqpert_even_odd,even_odd,,3,0.125,2,1d07,1905,True,45,spurious,-1,False,2
seqpert_even_odd,even_odd,,3,0.125,2,9d47,bd07,True,25,correct,3,True,2
seqpert_even_odd,even_odd,,3,0.125,2,9c07,bd07,True,25,correct,3,True,2
seqpert_even_odd,even_odd,,3,0.125,2,bf27,bf97,True,45,spurious,-1,False,2
seqpert_even_odd,even_odd,,3,0.125,2,bf17,bf97,True,25,spurious,-1,False,2
seqpert_even_odd,even_odd,,3,0.125,2,bdc7,bd07,True,25,correct,3,True,2
seqpert_even_odd,even_odd,,3,0.125,2,3507,bd07,True,25,correct,3,True,2
seqpert_even_odd,even_odd,,3,0.125,2,ad05,bd07,True,25,correct,3,True,2
seqpert_even_odd,even_odd,,3,0.125,2,bf06,bf97,True,45,spurious,-1,False,2
seqpert_even_odd,even_odd,,3,0.125,2,b905,bd07,True,45,correct,3,True,2
seqpert_even_odd,even_odd,,3,0.125,2,bd0e,fd4b,True,51,spurious,-1,False,2
seqpert_even_odd,even_odd,,3,0.125,2,f907,bd07,True,11,correct,3,True,2
seqpert_even_odd,even_odd,,3,0.125,2,fd06,bd07,True,11,correct,3,True,2
seqpert_even_odd,even_odd,,3,0.125,2,fd05,bd07,True,25,correct,3,True,2
seqpert_even_odd,even_odd,,3,0.125,2,b987,bd07,True,25,correct,3,True,2
seqpert_even_odd,even_odd,,3,0.125,2,b917,bd07,True,11,correct,3,True,2
seqpert_even_odd,even_odd,,3,0.125,2,a907,bd07,True,11,correct,3,True,2
seqpert_even_odd,even_odd,,3,0.125,2,b547,a75b,True,45,spurious,-1,False,2
seqpert_even_odd,even_odd,,3,0.125,2,b407,bd07,True,25,correct,3,True,2
seqpert_even_odd,even_odd,,3,0.125,2,bd2f,fd4b,True,45,spurious,-1,False,2
seqpert_even_odd,even_odd,,3,0.125,2,b503,a75b,True,45,spurious,-1,False,2
seqpert_even_odd,even_odd,,3,0.125,2,bd8f,bd07,True,35,correct,3,True,2
seqpert_even_odd,even_odd,,3,0.125,2,bdc7,bd07,True,25,correct,3,True,2
seqpert_even_odd,even_odd,,3,0.125,2,fd05,bd07,True,25,correct,3,True,2
seqpert_even_odd,even_odd,,3,0.125,2,1d07,1905,True,45,spurious,-1,False,2
seqpert_even_odd,even_odd,,3,0.125,2,bf03,bf97,True,45,spurious,-1,False,2
seqpert_even_odd,even_odd,,3,0.125,2,9f07,bf97,True,45,spurious,-1,False,2
seqpert_even_odd,even_odd,,3,0.125,2,7d07,bd07,True,25,correct,3,True,2
seqpert_even_odd,even_odd,,3,0.0,0,bd07,bd07,True,0,correct,3,True,2
seqpert_even_odd,even_odd,,3,0.125,2,bd8f,bd07,True,35,correct,3,True,2
seqpert_even_odd,even_odd,,3,0.125,2,3d05,1905,True,45,spurious,-1,False,2
seqpert_even_odd,even_odd,,3,0.125,2,9507,bd07,True,25,correct,3,True,2
seqpert_even_odd,even_odd,,3,0.125,2,dd07,bd07,True,25,correct,3,True,2
seqpert_even_odd,even_odd,,3,0.125,2,1d07,1905,True,45,spurious,-1,False,2
seqpert_even_odd,even_odd,,3,0.125,2,bd86,fca6,True,45,wrong_pattern,0,False,2
seqpert_even_odd,even_odd,,3,0.125,2,dd07,bd07,True,25,correct,3,True,2
seqpert_even_odd,even_odd,,3,0.125,2,9d17,bd07,True,45,correct,3,True,2
seqpert_even_odd,even_odd,,3,0.125,2,ad0f,fd4b,True,21,spurious,-1,False,2
seqpert_even_odd,even_odd,,3,0.125,2,bd57,bd07,True,11,correct,3,True,2
seqpert_even_odd,even_odd,,3,0.125,2,3d17,bd07,True,45,correct,3,True,2
seqpert_even_odd,even_odd,,3,0.125,2,9d03,bd07,True,25,correct,3,True,2
seqpert_even_odd,even_odd,,3,0.125,2,ad03,bd07,True,21,correct,3,True,2
seqpert_even_odd,even_odd,,3,0.125,2,3f07,bf97,True,45,spurious,-1,False,2
seqpert_even_odd,even_odd,,3,0.125,2,ff07,bd07,True,35,correct,3,True,2
seqpert_even_odd,even_odd,,3,0.0,0,bd07,bd07,True,0,correct,3,True,2
seqpert_even_odd,even_odd,,3,0.125,2,ad03,bd07,True,21,correct,3,True,2
seqpert_even_odd,even_odd,,3,0.125,2,3c07,bd07,True,25,correct,3,True,2
seqpert_even_odd,even_odd,,3,0.125,2,bf87,bf97,True,11,spurious,-1,False,2
seqpert_even_odd,even_odd,,3,0.125,2,bd1f,bd07,True,45,correct,3,True,2
seqpert_even_odd,even_odd,,3,0.125,2,a507,bf97,True,55,spurious,-1,False,2
seqpert_even_odd,even_odd,,3,0.125,2,bf03,bf97,True,45,spurious,-1,False,2
seqpert_even_odd,even_odd,,3,0.125,2,bf03,bf97,True,1,spurious,-1,False,2
seqpert_even_odd,even_odd,,3,0.125,2,3d03,bd07,True,25,correct,3,True,2
seqpert_even_odd,even_odd,,3,0.125,2,7d07,bd07,True,25,correct,3,True,2
seqpert_even_odd,even_odd,,3,0.125,2,bc87,fca6,True,45,wrong_pattern,0,False,2
seqpert_even_odd,even_odd,,3,0.125,2,9d05,1905,True,45,spurious,-1,False,2
seqpert_even_odd,even_odd,,3,0.125,2,9d05,1905,True,11,spurious,-1,False,2
seqpert_even_odd,even_odd,,3,0.125,2,9d87,bd07,True,25,correct,3,True,2
seqpert_even_odd,even_odd,,3,0.125,2,fd27,bd07,True,35,correct,3,True,2
seqpert_even_odd,even_odd,,3,0.125,2,bb07,bf97,True,45,spurious,-1,False,2
seqpert_even_odd,even_odd,,3,0.125,2,b917,bd07,True,11,correct,3,True,2
seqpert_even_odd,even_odd,,3,0.125,2,fd27,bd07,True,35,correct,3,True,2
seqpert_even_odd,even_odd,,3,0.125,2,ad47,bd07,True,21,correct,3,True,2
seqpert_even_odd,even_odd,,3,0.125,2,fd47,bd07,True,21,correct,3,True,2
seqpert_even_odd,even_odd,,3,0.125,2,3d17,bd07,True,45,correct,3,True,2
seqpert_even_odd,even_odd,,3,0.125,2,bd97,bd07,True,45,correct,3,True,2
seqpert_even_odd,even_odd,,3,0.125,2,bd57,bd07,True,11,correct,3,True,2
seqpert_even_odd,even_odd,,3,0.125,2,bda7,fca6,True,11,wrong_pattern,0,False,2
seqpert_even_odd,even_odd,,3,0.0,0,bd07,bd07,True,0,correct,3,True,2
seqpert_even_odd,even_odd,,3,0.125,2,bd57,bd07,True,11,correct,3,True,2
seqpert_even_odd,even_odd,,3,0.125,2,3d05,1905,True,45,spurious,-1,False,2
seqpert_even_odd,even_odd,,3,0.125,2,b903,bd07,True,11,correct,3,True,2
seqpert_even_odd,even_odd,,3,0.125,2,b905,bd07,True,45,correct,3,True,2
seqpert_even_odd,even_odd,,3,0.125,2,bd46,bd07,True,21,correct,3,True,2
seqpert_even_odd,even_odd,,3,0.125,2,b917,bd07,True,11,correct,3,True,2
seqpert_even_odd,even_odd,,3,0.125,2,3d17,bd07,True,45,correct,3,True,2
seqpert_even_odd,even_odd,,3,0.125,2,3d27,bd07,True,25,correct,3,True,2
seqpert_even_odd,even_odd,,3,0.125,2,9d0f,bd07,True,25,correct,3,True,2
seqpert_even_odd,even_odd,,3,0.125,2,bd25,bd07,True,25,correct,3,True,2
seqpert_even_odd,even_odd,,3,0.125,2,bc0f,fd4b,True,51,spurious,-1,False,2
seqpert_even_odd,even_odd,,3,0.125,2,bd45,bd07,True,25,correct,3,True,2
seqpert_even_odd,even_odd,,3,0.125,2,fd17,bd07,True,11,correct,3,True,2
seqpert_even_odd,even_odd,,3,0.125,2,bc03,bd07,True,21,correct,3,True,2
seqpert_even_odd,even_odd,,3,0.0,0,bd07,bd07,True,0,correct,3,True,2
seqpert_even_odd,even_odd,,3,0.125,2,bd37,bd07,True,45,correct,3,True,2
seqpert_even_odd,even_odd,,3,0.125,2,bd0e,fd4b,True,51,spurious,-1,False,2
seqpert_even_odd,even_odd,,3,0.125,2,3d0f,bd07,True,25,correct,3,True,2
seqpert_even_odd,even_odd,,3,0.125,2,3507,bd07,True,25,correct,3,True,2
seqpert_even_odd,even_odd,,3,0.125,2,b987,bd07,True,25,correct,3,True,2
seqpert_even_odd,even_odd,,0,0.1875,3,fcfe,fca6,True,35,correct,0,True,3
seqpert_even_odd,even_odd,,0,0.1875,3,fc02,fd4b,True,79,spurious,-1,False,3
seqpert_even_odd,even_odd,,0,0.1875,3,6cae,fca6,True,25,correct,0,True,3
seqpert_even_odd,even_odd,,0,0.1875,3,f8e4,fca6,True,45,correct,0,True,3
seqpert_even_odd,even_odd,,0,0.1875,3,7db6,fca6,True,25,correct,0,True,3
seqpert_even_odd,even_odd,,0,0.1875,3,bc27,fca6,True,59,correct,0,True,3
seqpert_even_odd,even_odd,,0,0.0625,1,fca4,fca6,True,25,correct,0,True,3
seqpert_even_odd,even_odd,,0,0.1875,3,f436,fca6,True,25,correct,0,True,3
seqpert_even_odd,even_odd,,0,0.0625,1,f8a6,fca6,True,11,correct,0,True,3
seqpert_even_odd,even_odd,,0,0.1875,3,e4e6,fca6,True,35,correct,0,True,3
seqpert_even_odd,even_odd,,0,0.1875,3,3c26,fca6,True,25,correct,0,True,3
seqpert_even_odd,even_odd,,0,0.1875,3,f4a5,fca6,True,25,correct,0,True,3
seqpert_even_odd,even_odd,,0,0.1875,3,b9a6,fca6,True,11,correct,0,True,3
seqpert_even_odd,even_odd,,0,0.1875,3,f884,fca6,True,45,correct,0,True,3
seqpert_even_odd,even_odd,,0,0.1875,3,fd82,fca6,True,45,correct,0,True,3
seqpert_even_odd,even_odd,,0,0.1875,3,f8aa,fca6,True,35,correct,0,True,3
seqpert_even_odd,even_odd,,0,0.0625,1,fda6,fca6,True,11,correct,0,True,3
seqpert_even_odd,even_odd,,0,0.1875,3,76a6,fca6,True,69,correct,0,True,3
seqpert_even_odd,even_odd,,0,0.1875,3,5c26,58a4,True,45,spurious,-1,False,3
seqpert_even_odd,even_odd,,0,0.1875,3,dca5,58a4,True,45,spurious,-1,False,3
seqpert_even_odd,even_odd,,0,0.0625,1,f4a6,fca6,True,25,correct,0,True,3
seqpert_even_odd,even_odd,,0,0.0625,1,fda6,fca6,True,11,correct,0,True,3
seqpert_even_odd,even_odd,,0,0.1875,3,ece7,fca6,True,11,correct,0,True,3
seqpert_even_odd,even_odd,,0,0.1875,3,68a6,fca6,True,45,correct,0,True,3
seqpert_even_odd,even_odd,,0,0.1875,3,64a6,fca6,True,25,correct,0,True,3
seqpert_even_odd,even_odd,,0,0.1875,3,fda3,fca6,True,11,correct,0,True,3
seqpert_even_odd,even_odd,,0,0.1875,3,d4a7,fca6,True,25,correct,0,True,3
seqpert_even_odd,even_odd,,0,0.1875,3,ecc6,fca6,True,25,correct,0,True,3
seqpert_even_odd,even_odd,,0,0.1875,3,5ea6,58a4,True,45,spurious,-1,False,3
seqpert_even_odd,even_odd,,0,0.1875,3,fce0,fca6,True,35,correct,0,True,3
seqpert_even_odd,even_odd,,0,0.1875,3,f422,fca6,True,59,correct,0,True,3
seqpert_even_odd,even_odd,,0,0.1875,3,dc96,fca6,True,25,correct,0,True,3
seqpert_even_odd,even_odd,,0,0.1875,3,bdb6,fca6,True,11,correct,0,True,3
seqpert_even_odd,even_odd,,0,0.1875,3,7cf6,fca6,True,25,correct,0,True,3
seqpert_even_odd,even_odd,,0,0.1875,3,f4b2,fca6,True,35,correct,0,True,3
seqpert_even_odd,even_odd,,0,0.1875,3,fc6e,fc6a,True,11,spurious,-1,False,3
seqpert_even_odd,even_odd,,0,0.1875,3,fc07,bd07,True,11,wrong_pattern,3,False,3
seqpert_even_odd,even_odd,,0,0.1875,3,3ea6,fca6,True,25,correct,0,True,3
seqpert_even_odd,even_odd,,0,0.1875,3,f424,fca6,True,25,correct,0,True,3
seqpert_even_odd,even_odd,,0,0.1875,3,b5a6,fca6,True,45,correct,0,True,3
seqpert_even_odd,even_odd,,0,0.1875,3,7c22,fca6,True,59,correct,0,True,3
seqpert_even_odd,even_odd,,0,0.1875,3,fcef,fca6,True,45,correct,0,True,3
seqpert_even_odd,even_odd,,0,0.0625,1,fcb6,fca6,True,11,correct,0,True,3
seqpert_even_odd,even_odd,,0,0.1875,3,aea6,fca6,True,45,correct,0,True,3
seqpert_even_odd,even_odd,,0,0.1875,3,bc82,fca6,True,35,correct,0,True,3
seqpert_even_odd,even_odd,,0,0.0625,1,fc26,fca6,True,25,correct,0,True,3
seqpert_even_odd,even_odd,,0,0.1875,3,ecee,fca6,True,35,correct,0,True,3
seqpert_even_odd,even_odd,,0,0.1875,3,fce5,fca6,True,25,correct,0,True,3
seqpert_even_odd,even_odd,,0,0.1875,3,fc8f,fca6,True,83,correct,0,True,3
seqpert_even_odd,even_odd,,0,0.1875,3,7cb2,fca6,True,25,correct,0,True,3
seqpert_even_odd,even_odd,,0,0.0625,1,fc86,fca6,True,25,correct,0,True,3
seqpert_even_odd,even_odd,,0,0.0625,1,bca6,fca6,True,11,correct,0,True,3
seqpert_even_odd,even_odd,,0,0.1875,3,fe82,fca6,True,25,correct,0,True,3
seqpert_even_odd,even_odd,,0,0.1875,3,f9a2,fca6,True,11,correct,0,True,3
seqpert_even_odd,even_odd,,0,0.1875,3,bcf6,fca6,True,11,correct,0,True,3
seqpert_even_odd,even_odd,,0,0.1875,3,b9a6,fca6,True,11,correct,0,True,3
seqpert_even_odd,even_odd,,0,0.1875,3,fc80,fca6,True,25,correct,0,True,3
seqpert_even_odd,even_odd,,0,0.1875,3,f0a7,fca6,True,25,correct,0,True,3
seqpert_even_odd,even_odd,,0,0.1875,3,e826,fca6,True,25,correct,0,True,3
seqpert_even_odd,even_odd,,0,0.1875,3,f866,fca6,True,59,correct,0,True,3
seqpert_even_odd,even_odd,,0,0.1875,3,fe06,fca6,True,103,correct,0,True,3
seqpert_even_odd,even_odd,,0,0.1875,3,dcc6,fca6,True,25,correct,0,True,3
seqpert_even_odd,even_odd,,0,0.1875,3,f48e,fca6,True,25,correct,0,True,3
seqpert_even_odd,even_odd,,0,0.1875,3,fe87,fca6,True,35,correct,0,True,3
seqpert_even_odd,even_odd,,0,0.1875,3,7ea4,58a4,True,45,spurious,-1,False,3
seqpert_even_odd,even_odd,,0,0.1875,3,d0a6,fca6,True,45,correct,0,True,3
seqpert_even_odd,even_odd,,0,0.1875,3,9ca2,fca6,True,25,correct,0,True,3
seqpert_even_odd,even_odd,,0,0.1875,3,fc25,fca6,True,59,correct,0,True,3
seqpert_even_odd,even_odd,,0,0.1875,3,bc84,fca6,True,25,correct,0,True,3
seqpert_even_odd,even_odd,,0,0.1875,3,7c24,58a4,True,45,spurious,-1,False,3
seqpert_even_odd,even_odd,,0,0.1875,3,ecee,fca6,True,35,correct,0,True,3
seqpert_even_odd,even_odd,,0,0.1875,3,e8a7,fca6,True,11,correct,0,True,3
seqpert_even_odd,even_odd,,0,0.0625,1,fcb6,fca6,True,11,correct,0,True,3
seqpert_even_odd,even_odd,,0,0.1875,3,fc2f,fd4b,True,45,spurious,-1,False,3
seqpert_even_odd,even_odd,,0,0.1875,3,ec82,fca6,True,25,correct,0,True,3
seqpert_even_odd,even_odd,,0,0.1875,3,fdb7,fca6,True,21,correct,0,True,3
seqpert_even_odd,even_odd,,0,0.1875,3,eca0,fca6,True,25,correct,0,True,3
seqpert_even_odd,even_odd,,0,0.1875,3,fdc6,fca6,True,45,correct,0,True,3
seqpert_even_odd,even_odd,,0,0.1875,3,bd26,fca6,True,59,correct,0,True,3
seqpert_even_odd,even_odd,,0,0.1875,3,fc8c,fca6,True,25,correct,0,True,3
seqpert_even_odd,even_odd,,0,0.0625,1,dca6,fca6,True,25,correct,0,True,3
seqpert_even_odd,even_odd,,0,0.1875,3,7ee6,fca6,True,25,correct,0,True,3
seqpert_even_odd,even_odd,,0,0.1875,3,7cb2,fca6,True,25,correct,0,True,3
seqpert_even_odd,even_odd,,0,0.1875,3,fef6,fca6,True,25,correct,0,True,3
seqpert_even_odd,even_odd,,0,0.1875,3,bfa6,fca6,True,25,correct,0,True,3
seqpert_even_odd,even_odd,,0,0.1875,3,eaa6,fca6,True,25,correct,0,True,3
seqpert_even_odd,even_odd,,0,0.1875,3,9cae,fca6,True,25,correct,0,True,3
seqpert_even_odd,even_odd,,0,0.1875,3,ec8e,fca6,True,25,correct,0,True,3
seqpert_even_odd,even_odd,,0,0.1875,3,fcf2,fca6,True,11,correct,0,True,3
seqpert_even_odd,even_odd,,0,0.0625,1,7ca6,fca6,True,25,correct,0,True,3
seqpert_even_odd,even_odd,,0,0.0625,1,dca6,fca6,True,25,correct,0,True,3
seqpert_even_odd,even_odd,,0,0.1875,3,dde6,fca6,True,25,correct,0,True,3
seqpert_even_odd,even_odd,,0,0.0625,1,f8a6,fca6,True,11,correct,0,True,3
seqpert_even_odd,even_odd,,0,0.1875,3,edae,fca6,True,25,correct,0,True,3
seqpert_even_odd,even_odd,,0,0.1875,3,f8a0,fca6,True,45,correct,0,True,3
seqpert_even_odd,even_odd,,0,0.0625,1,fea6,fca6,True,25,correct,0,True,3
seqpert_even_odd,even_odd,,0,0.0625,1,dca6,fca6,True,25,correct,0,True,3
seqpert_even_odd,even_odd,,0,0.1875,3,dc06,bd07,True,55,wrong_pattern,3,False,3
seqpert_even_odd,even_odd,,0,0.1875,3,7cc6,fca6,True,25,correct,0,True,3
seqpert_even_odd,even_odd,,0,0.1875,3,f4e4,fca6,True,25,correct,0,True,3
seqpert_even_odd,even_odd,,1,0.1875,3,1fd1,1b95,True,21,correct,1,True,3
seqpert_even_odd,even_odd,,1,0.0625,1,1395,395,True,11,spurious,-1,False,3
seqpert_even_odd,even_odd,,1,0.1875,3,33d5,395,True,35,spurious,-1,False,3
seqpert_even_odd,even_odd,,1,0.1875,3,3b8d,395,True,79,spurious,-1,False,3
seqpert_even_odd,even_odd,,1,0.0625,1,1b94,58a4,True,69,spurious,-1,False,3
seqpert_even_odd,even_odd,,1,0.1875,3,b995,bd07,True,45,wrong_pattern,3,False,3
seqpert_even_odd,even_odd,,1,0.1875,3,9a15,1b95,True,25,correct,1,True,3
seqpert_even_odd,even_odd,,1,0.1875,3,19b7,58a4,True,35,spurious,-1,False,3
seqpert_even_odd,even_odd,,1,0.1875,3,4b15,1b95,True,89,correct,1,True,3
seqpert_even_odd,even_odd,,1,0.1875,3,9ba5,58a4,True,45,spurious,-1,False,3
seqpert_even_odd,even_odd,,1,0.0625,1,1b94,58a4,True,69,spurious,-1,False,3
seqpert_even_odd,even_odd,,1,0.1875,3,4b9d,395,True,25,spurious,-1,False,3
seqpert_even_odd,even_odd,,1,0.1875,3,1f14,1b95,True,25,correct,1,True,3
seqpert_even_odd,even_odd,,1,0.1875,3,1f35,1b95,True,25,correct,1,True,3
seqpert_even_odd,even_odd,,1,0.1875,3,1f17,1b95,True,45,correct,1,True,3
seqpert_even_odd,even_odd,,1,0.0625,1,5b95,1b95,True,21,correct,1,True,3
seqpert_even_odd,even_odd,,1,0.1875,3,7b91,1905,True,35,spurious,-1,False,3
seqpert_even_odd,even_odd,,1,0.1875,3,539d,395,True,49,spurious,-1,False,3
seqpert_even_odd,even_odd,,1,0.1875,3,1bdf,395,True,49,spurious,-1,False,3
seqpert_even_odd,even_odd,,1,0.1875,3,3bd7,a797,True,69,spurious,-1,False,3
seqpert_even_odd,even_odd,,1,0.1875,3,7f95,1905,True,69,spurious,-1,False,3
seqpert_even_odd,even_odd,,1,0.1875,3,db15,1905,True,35,spurious,-1,False,3
seqpert_even_odd,even_odd,,1,0.1875,3,bc5,1b95,True,11,correct,1,True,3
seqpert_even_odd,even_odd,,1,0.1875,3,3b9f,a797,True,59,spurious,-1,False,3
seqpert_even_odd,even_odd,,1,0.1875,3,1bf7,2b4,True,35,spurious,-1,False,3
seqpert_even_odd,even_odd,,1,0.0625,1,1b94,58a4,True,69,spurious,-1,False,3
seqpert_even_odd,even_odd,,1,0.1875,3,1ba7,58a4,True,45,spurious,-1,False,3
seqpert_even_odd,even_odd,,1,0.1875,3,895,58a4,True,55,spurious,-1,False,3
seqpert_even_odd,even_odd,,1,0.1875,3,1bdc,2b4,True,45,spurious,-1,False,3
seqpert_even_odd,even_odd,,1,0.1875,3,3bc5,1b95,True,45,correct,1,True,3
seqpert_even_odd,even_odd,,1,0.0625,1,b95,1b95,True,11,correct,1,True,3
seqpert_even_odd,even_odd,,1,0.0625,1,1b9d,395,True,49,spurious,-1,False,3
seqpert_even_odd,even_odd,,1,0.1875,3,5b90,58a4,True,35,spurious,-1,False,3
seqpert_even_odd,even_odd,,1,0.1875,3,33b5,2b4,True,45,spurious,-1,False,3
seqpert_even_odd,even_odd,,1,0.0625,1,9b95,1b95,True,25,correct,1,True,3
seqpert_even_odd,even_odd,,1,0.1875,3,5b81,1b95,True,21,correct,1,True,3
seqpert_even_odd,even_odd,,1,0.1875,3,1fb1,2b4,True,35,spurious,-1,False,3
seqpert_even_odd,even_odd,,1,0.1875,3,1393,395,True,35,spurious,-1,False,3
seqpert_even_odd,even_odd,,1,0.1875,3,1794,2b4,True,45,spurious,-1,False,3
seqpert_even_odd,even_odd,,1,0.1875,3,9b1d,359,True,45,spurious,-1,False,3
seqpert_even_odd,even_odd,,1,0.1875,3,1b8f,395,True,79,spurious,-1,False,3
seqpert_even_odd,even_odd,,1,0.1875,3,19c5,1905,True,25,spurious,-1,False,3
seqpert_even_odd,even_odd,,1,0.1875,3,b395,a797,True,45,spurious,-1,False,3
seqpert_even_odd,even_odd,,1,0.1875,3,1f17,1b95,True,45,correct,1,True,3
seqpert_even_odd,even_odd,,1,0.0625,1,1a95,58a4,True,69,spurious,-1,False,3
seqpert_even_odd,even_odd,,1,0.1875,3,3915,1905,True,45,spurious,-1,False,3
seqpert_even_odd,even_odd,,1,0.1875,3,9ad5,2b4,True,35,spurious,-1,False,3
seqpert_even_odd,even_odd,,1,0.0625,1,5b95,1b95,True,21,correct,1,True,3
seqpert_even_odd,even_odd,,1,0.1875,3,5f97,1905,True,69,spurious,-1,False,3
seqpert_even_odd,even_odd,,1,0.0625,1,1b94,58a4,True,69,spurious,-1,False,3
seqpert_even_odd,even_odd,,1,0.1875,3,1291,2b4,True,35,spurious,-1,False,3
seqpert_even_odd,even_odd,,1,0.1875,3,1b9b,395,True,49,spurious,-1,False,3
seqpert_even_odd,even_odd,,1,0.1875,3,1d94,58a4,True,45,spurious,-1,False,3
seqpert_even_odd,even_odd,,1,0.1875,3,1b16,1b95,True,25,correct,1,True,3
seqpert_even_odd,even_odd,,1,0.1875,3,1335,395,True,45,spurious,-1,False,3
seqpert_even_odd,even_odd,,1,0.1875,3,bbb5,fca6,True,59,wrong_pattern,0,False,3
seqpert_even_odd,even_odd,,1,0.1875,3,1996,58a4,True,45,spurious,-1,False,3
seqpert_even_odd,even_odd,,1,0.1875,3,3b90,2b4,True,35,spurious,-1,False,3
seqpert_even_odd,even_odd,,1,0.1875,3,13b7,2b4,True,45,spurious,-1,False,3
seqpert_even_odd,even_odd,,1,0.0625,1,3b95,1b95,True,25,correct,1,True,3
seqpert_even_odd,even_odd,,1,0.1875,3,3b90,2b4,True,35,spurious,-1,False,3
seqpert_even_odd,even_odd,,1,0.1875,3,a85,58a4,True,89,spurious,-1,False,3
seqpert_even_odd,even_odd,,1,0.1875,3,1115,1b95,True,49,correct,1,True,3
seqpert_even_odd,even_odd,,1,0.1875,3,3ba5,58a4,True,45,spurious,-1,False,3
seqpert_even_odd,even_odd,,1,0.1875,3,3bd7,a797,True,69,spurious,-1,False,3
seqpert_even_odd,even_odd,,1,0.1875,3,19c5,1905,True,25,spurious,-1,False,3
seqpert_even_odd,even_odd,,1,0.1875,3,3a94,58a4,True,59,spurious,-1,False,3
seqpert_even_odd,even_odd,,1,0.1875,3,9b5,58a4,True,21,spurious,-1,False,3
seqpert_even_odd,even_odd,,1,0.0625,1,1bb5,58a4,True,51,spurious,-1,False,3
seqpert_even_odd,even_odd,,1,0.1875,3,9fd5,395,True,69,spurious,-1,False,3
seqpert_even_odd,even_odd,,1,0.1875,3,1f90,2b4,True,35,spurious,-1,False,3
seqpert_even_odd,even_odd,,1,0.1875,3,9bdd,395,True,49,spurious,-1,False,3
seqpert_even_odd,even_odd,,1,0.1875,3,2995,1905,True,55,spurious,-1,False,3
seqpert_even_odd,even_odd,,1,0.0625,1,3b95,1b95,True,25,correct,1,True,3
seqpert_even_odd,even_odd,,1,0.1875,3,1815,1905,True,11,spurious,-1,False,3
seqpert_even_odd,even_odd,,1,0.1875,3,bb15,bf97,True,45,spurious,-1,False,3
seqpert_even_odd,even_odd,,1,0.1875,3,1b9b,395,True,49,spurious,-1,False,3
seqpert_even_odd,even_odd,,1,0.1875,3,9fb5,58a4,True,59,spurious,-1,False,3
seqpert_even_odd,even_odd,,1,0.1875,3,13c5,395,True,11,spurious,-1,False,3
seqpert_even_odd,even_odd,,1,0.1875,3,1b57,395,True,35,spurious,-1,False,3
seqpert_even_odd,even_odd,,1,0.1875,3,5195,1b95,True,25,correct,1,True,3
seqpert_even_odd,even_odd,,1,0.0625,1,9b95,1b95,True,25,correct,1,True,3
seqpert_even_odd,even_odd,,1,0.1875,3,9b93,a797,True,69,spurious,-1,False,3
seqpert_even_odd,even_odd,,1,0.1875,3,1b5d,359,True,35,spurious,-1,False,3
seqpert_even_odd,even_odd,,1,0.1875,3,db9d,1905,True,35,spurious,-1,False,3
seqpert_even_odd,even_odd,,1,0.1875,3,b99,359,True,59,spurious,-1,False,3
seqpert_even_odd,even_odd,,1,0.0625,1,1b91,1b95,True,21,correct,1,True,3
seqpert_even_odd,even_odd,,1,0.1875,3,999d,1905,True,35,spurious,-1,False,3
seqpert_even_odd,even_odd,,1,0.1875,3,7bd5,1905,True,35,spurious,-1,False,3
seqpert_even_odd,even_odd,,1,0.1875,3,1393,395,True,35,spurious,-1,False,3
seqpert_even_odd,even_odd,,1,0.1875,3,9b96,fca6,True,69,wrong_pattern,0,False,3
seqpert_even_odd,even_odd,,1,0.1875,3,1993,1905,True,45,spurious,-1,False,3
seqpert_even_odd,even_odd,,1,0.1875,3,1999,1905,True,35,spurious,-1,False,3
seqpert_even_odd,even_odd,,1,0.0625,1,9b95,1b95,True,25,correct,1,True,3
seqpert_even_odd,even_odd,,1,0.1875,3,db91,1905,True,35,spurious,-1,False,3
seqpert_even_odd,even_odd,,1,0.1875,3,9bdd,395,True,49,spurious,-1,False,3
seqpert_even_odd,even_odd,,1,0.1875,3,9895,58a4,True,45,spurious,-1,False,3
seqpert_even_odd,even_odd,,1,0.1875,3,1215,395,True,45,spurious,-1,False,3
seqpert_even_odd,even_odd,,1,0.1875,3,1b13,395,True,35,spurious,-1,False,3
seqpert_even_odd,even_odd,,1,0.1875,3,5bf5,58a4,True,35,spurious,-1,False,3
seqpert_even_odd,even_odd,,2,0.0625,1,a636,a6b6,True,25,correct,2,True,3
seqpert_even_odd,even_odd,,2,0.1875,3,bea6,fca6,True,25,wrong_pattern,0,False,3
seqpert_even_odd,even_odd,,2,0.0625,1,a6b7,a6b6,True,11,correct,2,True,3
seqpert_even_odd,even_odd,,2,0.1875,3,27f6,a6b6,True,25,correct,2,True,3
seqpert_even_odd,even_odd,,2,0.0625,1,b6b6,a6b6,True,11,correct,2,True,3
seqpert_even_odd,even_odd,,2,0.1875,3,66b4,2b4,True,45,spurious,-1,False,3
seqpert_even_odd,even_odd,,2,0.1875,3,e236,e6fa,True,35,spurious,-1,False,3
seqpert_even_odd,even_odd,,2,0.0625,1,26b6,a6b6,True,25,correct,2,True,3
seqpert_even_odd,even_odd,,2,0.0625,1,a6b4,a6b6,True,25,correct,2,True,3
seqpert_even_odd,even_odd,,2,0.1875,3,a494,a6b6,True,25,correct,2,True,3
seqpert_even_odd,even_odd,,2,0.1875,3,aff6,a6b6,True,35,correct,2,True,3
seqpert_even_odd,even_odd,,2,0.0625,1,86b6,a6b6,True,25,correct,2,True,3
seqpert_even_odd,even_odd,,2,0.1875,3,27f6,a6b6,True,25,correct,2,True,3
seqpert_even_odd,even_odd,,2,0.1875,3,a0b2,fca6,True,45,wrong_pattern,0,False,3
seqpert_even_odd,even_odd,,2,0.1875,3,82a6,a6b6,True,45,correct,2,True,3
seqpert_even_odd,even_odd,,2,0.1875,3,a226,a6b6,True,25,correct,2,True,3
seqpert_even_odd,even_odd,,2,0.1875,3,26bc,2b4,True,45,spurious,-1,False,3
seqpert_even_odd,even_odd,,2,0.1875,3,afb7,fca6,True,55,wrong_pattern,0,False,3
seqpert_even_odd,even_odd,,2,0.1875,3,e6b0,a6b6,True,35,correct,2,True,3
seqpert_even_odd,even_odd,,2,0.1875,3,a596,a6b6,True,35,correct,2,True,3
seqpert_even_odd,even_odd,,2,0.1875,3,a3b2,a6b6,True,11,correct,2,True,3
seqpert_even_odd,even_odd,,2,0.1875,3,aeb3,a6b6,True,35,correct,2,True,3
seqpert_even_odd,even_odd,,2,0.1875,3,a29e,a6b6,True,25,correct,2,True,3
seqpert_even_odd,even_odd,,2,0.0625,1,a6a6,a6b6,True,21,correct,2,True,3
seqpert_even_odd,even_odd,,2,0.0625,1,e6b6,a6b6,True,11,correct,2,True,3
seqpert_even_odd,even_odd,,2,0.1875,3,2eb2,a6b6,True,35,correct,2,True,3
seqpert_even_odd,even_odd,,2,0.1875,3,aeae,fca6,True,45,wrong_pattern,0,False,3
seqpert_even_odd,even_odd,,2,0.1875,3,e6f2,e6fa,True,25,spurious,-1,False,3
seqpert_even_odd,even_odd,,2,0.1875,3,b4a6,fca6,True,45,wrong_pattern,0,False,3
seqpert_even_odd,even_odd,,2,0.1875,3,e6b5,a6b6,True,25,correct,2,True,3
seqpert_even_odd,even_odd,,2,0.0625,1,86b6,a6b6,True,25,correct,2,True,3
seqpert_even_odd,even_odd,,2,0.1875,3,22f6,a6b6,True,45,correct,2,True,3
seqpert_even_odd,even_odd,,2,0.1875,3,a6d2,a6b6,True,35,correct,2,True,3
seqpert_even_odd,even_odd,,2,0.1875,3,a7b5,a6b6,True,35,correct,2,True,3
seqpert_even_odd,even_odd,,2,0.0625,1,a696,a6b6,True,25,correct,2,True,3
seqpert_even_odd,even_odd,,2,0.0625,1,aeb6,fca6,True,55,wrong_pattern,0,False,3
seqpert_even_odd,even_odd,,2,0.0625,1,e6b6,a6b6,True,11,correct,2,True,3
seqpert_even_odd,even_odd,,2,0.1875,3,a734,a6b6,True,59,correct,2,True,3
seqpert_even_odd,even_odd,,2,0.1875,3,2796,a6b6,True,35,correct,2,True,3
seqpert_even_odd,even_odd,,2,0.0625,1,a2b6,a6b6,True,11,correct,2,True,3
seqpert_even_odd,even_odd,,2,0.1875,3,e692,a6b6,True,35,correct,2,True,3
seqpert_even_odd,even_odd,,2,0.0625,1,86b6,a6b6,True,25,correct,2,True,3
seqpert_even_odd,even_odd,,2,0.0625,1,b6b6,a6b6,True,11,correct,2,True,3
seqpert_even_odd,even_odd,,2,0.0625,1,86b6,a6b6,True,25,correct,2,True,3
seqpert_even_odd,even_odd,,2,0.1875,3,16b6,2b4,True,45,spurious,-1,False,3
seqpert_even_odd,even_odd,,2,0.1875,3,25b6,a6b6,True,35,correct,2,True,3
seqpert_even_odd,even_odd,,2,0.1875,3,a627,a6b6,True,59,correct,2,True,3
seqpert_even_odd,even_odd,,2,0.1875,3,2496,a6b6,True,25,correct,2,True,3
seqpert_even_odd,even_odd,,2,0.1875,3,e3b6,a6b6,True,11,correct,2,True,3
seqpert_even_odd,even_odd,,2,0.1875,3,ae32,e6fa,True,45,spurious,-1,False,3
seqpert_even_odd,even_odd,,2,0.1875,3,a67e,e6fa,True,25,spurious,-1,False,3
seqpert_even_odd,even_odd,,2,0.1875,3,e63e,e6fa,True,25,spurious,-1,False,3
seqpert_even_odd,even_odd,,2,0.1875,3,aebc,a6b6,True,35,correct,2,True,3
seqpert_even_odd,even_odd,,2,0.1875,3,86bc,2b4,True,45,spurious,-1,False,3
seqpert_even_odd,even_odd,,2,0.1875,3,b2b7,a6b6,True,11,correct,2,True,3
seqpert_even_odd,even_odd,,2,0.1875,3,e616,a75b,True,45,spurious,-1,False,3
seqpert_even_odd,even_odd,,2,0.1875,3,66be,e6fa,True,35,spurious,-1,False,3
seqpert_even_odd,even_odd,,2,0.1875,3,a3b4,a6b6,True,45,correct,2,True,3
seqpert_even_odd,even_odd,,2,0.1875,3,e0b6,fca6,True,35,wrong_pattern,0,False,3
seqpert_even_odd,even_odd,,2,0.0625,1,aeb6,fca6,True,55,wrong_pattern,0,False,3
seqpert_even_odd,even_odd,,2,0.1875,3,a486,fca6,True,49,wrong_pattern,0,False,3
seqpert_even_odd,even_odd,,2,0.0625,1,b6b6,a6b6,True,11,correct,2,True,3
seqpert_even_odd,even_odd,,2,0.1875,3,f4b6,fca6,True,35,wrong_pattern,0,False,3
seqpert_even_odd,even_odd,,2,0.1875,3,f6b2,a6b6,True,21,correct,2,True,3
seqpert_even_odd,even_odd,,2,0.1875,3,87f6,a6b6,True,25,correct,2,True,3
seqpert_even_odd,even_odd,,2,0.1875,3,eea6,fca6,True,25,wrong_pattern,0,False,3
seqpert_even_odd,even_odd,,2,0.1875,3,a627,a6b6,True,59,correct,2,True,3
seqpert_even_odd,even_odd,,2,0.1875,3,25b6,a6b6,True,35,correct,2,True,3
seqpert_even_odd,even_odd,,2,0.1875,3,2ebe,a6b6,True,35,correct,2,True,3
seqpert_even_odd,even_odd,,2,0.1875,3,efb6,fca6,True,55,wrong_pattern,0,False,3
seqpert_even_odd,even_odd,,2,0.1875,3,a7ba,e6fa,True,51,spurious,-1,False,3
seqpert_even_odd,even_odd,,2,0.1875,3,a7f2,a6b6,True,11,correct,2,True,3
seqpert_even_odd,even_odd,,2,0.1875,3,c6f6,a6b6,True,35,correct,2,True,3
seqpert_even_odd,even_odd,,2,0.1875,3,e6e6,e6fa,True,59,spurious,-1,False,3
seqpert_even_odd,even_odd,,2,0.1875,3,b626,a6b6,True,93,correct,2,True,3
seqpert_even_odd,even_odd,,2,0.1875,3,e236,e6fa,True,35,spurious,-1,False,3
seqpert_even_odd,even_odd,,2,0.0625,1,a6a6,a6b6,True,21,correct,2,True,3
seqpert_even_odd,even_odd,,2,0.1875,3,e0b6,fca6,True,35,wrong_pattern,0,False,3
seqpert_even_odd,even_odd,,2,0.1875,3,a5be,a6b6,True,35,correct,2,True,3
seqpert_even_odd,even_odd,,2,0.1875,3,a6af,a6b6,True,25,correct,2,True,3
seqpert_even_odd,even_odd,,2,0.1875,3,a096,a6b6,True,25,correct,2,True,3
seqpert_even_odd,even_odd,,2,0.1875,3,a716,a797,True,25,spurious,-1,False,3
seqpert_even_odd,even_odd,,2,0.1875,3,aca6,fca6,True,21,wrong_pattern,0,False,3
seqpert_even_odd,even_odd,,2,0.0625,1,a6f6,a6b6,True,11,correct,2,True,3
seqpert_even_odd,even_odd,,2,0.0625,1,a636,a6b6,True,25,correct,2,True,3
seqpert_even_odd,even_odd,,2,0.1875,3,aea2,fca6,True,45,wrong_pattern,0,False,3
seqpert_even_odd,even_odd,,2,0.1875,3,b69e,a6b6,True,25,correct,2,True,3
seqpert_even_odd,even_odd,,2,0.1875,3,a690,a6b6,True,25,correct,2,True,3
seqpert_even_odd,even_odd,,2,0.1875,3,c6be,e6fa,True,35,spurious,-1,False,3
seqpert_even_odd,even_odd,,2,0.1875,3,a596,a6b6,True,35,correct,2,True,3
seqpert_even_odd,even_odd,,2,0.0625,1,86b6,a6b6,True,25,correct,2,True,3
seqpert_even_odd,even_odd,,2,0.1875,3,aea7,fca6,True,55,wrong_pattern,0,False,3
seqpert_even_odd,even_odd,,2,0.1875,3,a2e6,a6b6,True,21,correct,2,True,3
seqpert_even_odd,even_odd,,2,0.0625,1,a4b6,fca6,True,45,wrong_pattern,0,False,3
seqpert_even_odd,even_odd,,2,0.1875,3,afb2,a6b6,True,35,correct,2,True,3
seqpert_even_odd,even_odd,,2,0.1875,3,e796,a6b6,True,35,correct,2,True,3
seqpert_even_odd,even_odd,,2,0.1875,3,8632,e6fa,True,45,spurious,-1,False,3
seqpert_even_odd,even_odd,,2,0.0625,1,a6be,a6b6,True,25,correct,2,True,3
seqpert_even_odd,even_odd,,2,0.1875,3,b6a7,a6b6,True,11,correct,2,True,3
seqpert_even_odd,even_odd,,2,0.0625,1,26b6,a6b6,True,25,correct,2,True,3
seqpert_even_odd,even_odd,,3,0.0625,1,9d07,bd07,True,25,correct,3,True,3
seqpert_even_odd,even_odd,,3,0.1875,3,cd07,bd07,True,25,correct,3,True,3
seqpert_even_odd,even_odd,,3,0.1875,3,bf0d,a75b,True,85,spurious,-1,False,3
seqpert_even_odd,even_odd,,3,0.1875,3,3c17,bd07,True,45,correct,3,True,3
seqpert_even_odd,even_odd,,3,0.1875,3,b986,fca6,True,45,wrong_pattern,0,False,3
seqpert_even_odd,even_odd,,3,0.1875,3,bcc7,fca6,True,45,wrong_pattern,0,False,3
seqpert_even_odd,even_odd,,3,0.0625,1,bc07,bd07,True,11,correct,3,True,3
seqpert_even_odd,even_odd,,3,0.1875,3,9f05,1b95,True,45,wrong_pattern,1,False,3
seqpert_even_odd,even_odd,,3,0.1875,3,8d06,bd07,True,25,correct,3,True,3
seqpert_even_odd,even_odd,,3,0.1875,3,9c06,bd07,True,55,correct,3,True,3
seqpert_even_odd,even_odd,,3,0.1875,3,fd25,bd07,True,35,correct,3,True,3
seqpert_even_odd,even_odd,,3,0.1875,3,9f87,bf97,True,45,spurious,-1,False,3
seqpert_even_odd,even_odd,,3,0.1875,3,b703,a75b,True,45,spurious,-1,False,3
seqpert_even_odd,even_odd,,3,0.1875,3,ac03,bd07,True,21,correct,3,True,3
seqpert_even_odd,even_odd,,3,0.1875,3,bf01,bf97,True,45,spurious,-1,False,3
seqpert_even_odd,even_odd,,3,0.1875,3,b926,fca6,True,59,wrong_pattern,0,False,3
seqpert_even_odd,even_odd,,3,0.0625,1,bf07,bf97,True,45,spurious,-1,False,3
seqpert_even_odd,even_odd,,3,0.1875,3,fd01,bd07,True,35,correct,3,True,3
seqpert_even_odd,even_odd,,3,0.1875,3,8d87,bd07,True,55,correct,3,True,3
seqpert_even_odd,even_odd,,3,0.1875,3,3f47,bf97,True,45,spurious,-1,False,3
seqpert_even_odd,even_odd,,3,0.1875,3,bf04,bf97,True,45,spurious,-1,False,3
seqpert_even_odd,even_odd,,3,0.0625,1,ad07,bd07,True,11,correct,3,True,3
seqpert_even_odd,even_odd,,3,0.1875,3,fd0b,fd4b,True,11,spurious,-1,False,3
seqpert_even_odd,even_odd,,3,0.1875,3,3d8f,bd07,True,35,correct,3,True,3
seqpert_even_odd,even_odd,,3,0.0625,1,bd47,bd07,True,11,correct,3,True,3
seqpert_even_odd,even_odd,,3,0.0625,1,bd0f,bd07,True,25,correct,3,True,3
seqpert_even_odd,even_odd,,3,0.0625,1,bd87,bd07,True,25,correct,3,True,3
seqpert_even_odd,even_odd,,3,0.1875,3,dc07,bd07,True,35,correct,3,True,3
seqpert_even_odd,even_odd,,3,0.1875,3,9d16,bd07,True,45,correct,3,True,3
seqpert_even_odd,even_odd,,3,0.0625,1,bd0f,bd07,True,25,correct,3,True,3
seqpert_even_odd,even_odd,,3,0.1875,3,3c05,1905,True,45,spurious,-1,False,3
seqpert_even_odd,even_odd,,3,0.1875,3,b923,bd07,True,25,correct,3,True,3
seqpert_even_odd,even_odd,,3,0.1875,3,3d57,bd07,True,45,correct,3,True,3
seqpert_even_odd,even_odd,,3,0.1875,3,b985,bd07,True,45,correct,3,True,3
seqpert_even_odd,even_odd,,3,0.1875,3,bb06,bf97,True,45,spurious,-1,False,3
seqpert_even_odd,even_odd,,3,0.1875,3,bd36,fca6,True,69,wrong_pattern,0,False,3
seqpert_even_odd,even_odd,,3,0.1875,3,3d15,1905,True,45,spurious,-1,False,3
seqpert_even_odd,even_odd,,3,0.1875,3,3547,a75b,True,45,spurious,-1,False,3
seqpert_even_odd,even_odd,,3,0.0625,1,bd27,bd07,True,25,correct,3,True,3
seqpert_even_odd,even_odd,,3,0.1875,3,1d03,1905,True,45,spurious,-1,False,3
seqpert_even_odd,even_odd,,3,0.1875,3,b986,fca6,True,45,wrong_pattern,0,False,3
seqpert_even_odd,even_odd,,3,0.1875,3,fd16,bd07,True,11,correct,3,True,3
seqpert_even_odd,even_odd,,3,0.1875,3,bc45,bd07,True,25,correct,3,True,3
seqpert_even_odd,even_odd,,3,0.1875,3,fb07,bd07,True,35,correct,3,True,3
seqpert_even_odd,even_odd,,3,0.1875,3,b915,bd07,True,45,correct,3,True,3
seqpert_even_odd,even_odd,,3,0.0625,1,bd0f,bd07,True,25,correct,3,True,3
seqpert_even_odd,even_odd,,3,0.1875,3,f506,bd07,True,35,correct,3,True,3
seqpert_even_odd,even_odd,,3,0.1875,3,bb17,bf97,True,25,spurious,-1,False,3
seqpert_even_odd,even_odd,,3,0.0625,1,bd27,bd07,True,25,correct,3,True,3
seqpert_even_odd,even_odd,,3,0.1875,3,bf02,bf97,True,45,spurious,-1,False,3
seqpert_even_odd,even_odd,,3,0.1875,3,9c87,fca6,True,45,wrong_pattern,0,False,3
seqpert_even_odd,even_odd,,3,0.0625,1,ad07,bd07,True,11,correct,3,True,3
seqpert_even_odd,even_odd,,3,0.1875,3,3f03,bf97,True,45,spurious,-1,False,3
seqpert_even_odd,even_odd,,3,0.1875,3,3906,bd07,True,45,correct,3,True,3
seqpert_even_odd,even_odd,,3,0.0625,1,bd03,bd07,True,11,correct,3,True,3
seqpert_even_odd,even_odd,,3,0.1875,3,b91f,bd07,True,45,correct,3,True,3
seqpert_even_odd,even_odd,,3,0.1875,3,bd6f,fd4b,True,35,spurious,-1,False,3
seqpert_even_odd,even_odd,,3,0.1875,3,b147,a75b,True,45,spurious,-1,False,3
seqpert_even_odd,even_odd,,3,0.1875,3,bc23,bd07,True,59,correct,3,True,3
seqpert_even_odd,even_odd,,3,0.1875,3,b902,bd07,True,21,correct,3,True,3
seqpert_even_odd,even_odd,,3,0.1875,3,7d03,bd07,True,35,correct,3,True,3
seqpert_even_odd,even_odd,,3,0.1875,3,b983,bd07,True,25,correct,3,True,3
seqpert_even_odd,even_odd,,3,0.1875,3,fd15,bd07,True,35,correct,3,True,3
seqpert_even_odd,even_odd,,3,0.1875,3,bd93,bd07,True,45,correct,3,True,3
seqpert_even_odd,even_odd,,3,0.1875,3,b567,a75b,True,45,spurious,-1,False,3
seqpert_even_odd,even_odd,,3,0.1875,3,3506,bd07,True,25,correct,3,True,3
seqpert_even_odd,even_odd,,3,0.1875,3,3d2f,fd4b,True,45,spurious,-1,False,3
seqpert_even_odd,even_odd,,3,0.0625,1,ad07,bd07,True,11,correct,3,True,3
seqpert_even_odd,even_odd,,3,0.1875,3,b817,bd07,True,11,correct,3,True,3
seqpert_even_odd,even_odd,,3,0.0625,1,bd87,bd07,True,25,correct,3,True,3
seqpert_even_odd,even_odd,,3,0.1875,3,b957,bd07,True,11,correct,3,True,3
seqpert_even_odd,even_odd,,3,0.1875,3,1d27,1905,True,45,spurious,-1,False,3
seqpert_even_odd,even_odd,,3,0.1875,3,5d07,1905,True,45,spurious,-1,False,3
seqpert_even_odd,even_odd,,3,0.0625,1,b907,bd07,True,11,correct,3,True,3
seqpert_even_odd,even_odd,,3,0.1875,3,ed0f,fd4b,True,21,spurious,-1,False,3
seqpert_even_odd,even_odd,,3,0.1875,3,3d0e,fd4b,True,51,spurious,-1,False,3
seqpert_even_odd,even_odd,,3,0.1875,3,ff87,bf97,True,21,spurious,-1,False,3
seqpert_even_odd,even_odd,,3,0.1875,3,bd95,bd07,True,45,correct,3,True,3
seqpert_even_odd,even_odd,,3,0.1875,3,f90f,fd4b,True,21,spurious,-1,False,3
seqpert_even_odd,even_odd,,3,0.1875,3,9d04,1905,True,45,spurious,-1,False,3
seqpert_even_odd,even_odd,,3,0.1875,3,bc02,bd07,True,21,correct,3,True,3
seqpert_even_odd,even_odd,,3,0.1875,3,9f27,bf97,True,45,spurious,-1,False,3
seqpert_even_odd,even_odd,,3,0.1875,3,bc0d,fd4b,True,51,spurious,-1,False,3
seqpert_even_odd,even_odd,,3,0.0625,1,bd03,bd07,True,11,correct,3,True,3
seqpert_even_odd,even_odd,,3,0.1875,3,9807,bd07,True,45,correct,3,True,3
seqpert_even_odd,even_odd,,3,0.1875,3,b147,a75b,True,45,spurious,-1,False,3
seqpert_even_odd,even_odd,,3,0.1875,3,bdc3,bd07,True,25,correct,3,True,3
seqpert_even_odd,even_odd,,3,0.1875,3,3807,bd07,True,45,correct,3,True,3
seqpert_even_odd,even_odd,,3,0.1875,3,2c07,bd07,True,25,correct,3,True,3
seqpert_even_odd,even_odd,,3,0.1875,3,9c27,fca6,True,59,wrong_pattern,0,False,3
seqpert_even_odd,even_odd,,3,0.1875,3,bc0d,fd4b,True,51,spurious,-1,False,3
seqpert_even_odd,even_odd,,3,0.1875,3,b925,bd07,True,45,correct,3,True,3
seqpert_even_odd,even_odd,,3,0.1875,3,b523,a75b,True,45,spurious,-1,False,3
seqpert_even_odd,even_odd,,3,0.0625,1,bf07,bf97,True,45,spurious,-1,False,3
seqpert_even_odd,even_odd,,3,0.1875,3,b90b,fd4b,True,21,spurious,-1,False,3
seqpert_even_odd,even_odd,,3,0.1875,3,3517,bf97,True,49,spurious,-1,False,3
seqpert_even_odd,even_odd,,3,0.1875,3,fdc7,bd07,True,25,correct,3,True,3
seqpert_even_odd,even_odd,,3,0.1875,3,a917,bd07,True,11,correct,3,True,3
seqpert_even_odd,even_odd,,3,0.1875,3,bc04,bd07,True,55,correct,3,True,3
seqpert_even_odd,even_odd,,3,0.1875,3,bc01,bd07,True,25,correct,3,True,3
seqpert_even_odd,even_odd,,0,0.25,4,b4af,e46a,True,89,spurious,-1,False,4
seqpert_even_odd,even_odd,,0,0.125,2,fcb2,fca6,True,11,correct,0,True,4
seqpert_even_odd,even_odd,,0,0.125,2,f6a6,a6b6,True,21,wrong_pattern,2,False,4
seqpert_even_odd,even_odd,,0,0.25,4,72a6,fca6,True,69,correct,0,True,4
seqpert_even_odd,even_odd,,0,0.25,4,7ce5,58a4,True,45,spurious,-1,False,4
seqpert_even_odd,even_odd,,0,0.25,4,ecba,fca6,True,45,correct,0,True,4
seqpert_even_odd,even_odd,,0,0.25,4,bc2c,fca6,True,35,correct,0,True,4
seqpert_even_odd,even_odd,,0,0.125,2,f886,fca6,True,25,correct,0,True,4
seqpert_even_odd,even_odd,,0,0.125,2,6ca6,fca6,True,25,correct,0,True,4
seqpert_even_odd,even_odd,,0,0.25,4,deb7,fca6,True,31,correct,0,True,4
seqpert_even_odd,even_odd,,0,0.25,4,6c36,fca6,True,25,correct,0,True,4
seqpert_even_odd,even_odd,,0,0.125,2,fcb7,fca6,True,11,correct,0,True,4
seqpert_even_odd,even_odd,,0,0.25,4,2da6,fca6,True,35,correct,0,True,4
seqpert_even_odd,even_odd,,0,0.25,4,7c34,58a4,True,45,spurious,-1,False,4
seqpert_even_odd,even_odd,,0,0.25,4,e487,fca6,True,59,correct,0,True,4
seqpert_even_odd,even_odd,,0,0.25,4,b986,fca6,True,45,correct,0,True,4
seqpert_even_odd,even_odd,,0,0.25,4,f483,fca6,True,59,correct,0,True,4
seqpert_even_odd,even_odd,,0,0.125,2,dcb6,fca6,True,25,correct,0,True,4
seqpert_even_odd,even_odd,,0,0.25,4,7cec,58a4,True,45,spurious,-1,False,4
seqpert_even_odd,even_odd,,0,0.25,4,70b6,fca6,True,45,correct,0,True,4
seqpert_even_odd,even_odd,,0,0.25,4,d424,58a4,True,45,spurious,-1,False,4
seqpert_even_odd,even_odd,,0,0.25,4,b436,fca6,True,59,correct,0,True,4
seqpert_even_odd,even_odd,,0,0.25,4,fcff,fca6,True,35,correct,0,True,4
seqpert_even_odd,even_odd,,0,0.125,2,ecae,fca6,True,25,correct,0,True,4
seqpert_even_odd,even_odd,,0,0.25,4,e5a7,fca6,True,49,correct,0,True,4
seqpert_even_odd,even_odd,,0,0.25,4,eeee,fca6,True,35,correct,0,True,4
seqpert_even_odd,even_odd,,0,0.25,4,bce3,fca6,True,11,correct,0,True,4
seqpert_even_odd,even_odd,,0,0.25,4,f9a5,fca6,True,45,correct,0,True,4
seqpert_even_odd,even_odd,,0,0.25,4,7d06,bd07,True,35,wrong_pattern,3,False,4
seqpert_even_odd,even_odd,,0,0.25,4,f9f6,fca6,True,11,correct,0,True,4
seqpert_even_odd,even_odd,,0,0.25,4,e827,fca6,True,59,correct,0,True,4
seqpert_even_odd,even_odd,,0,0.25,4,be82,fca6,True,35,correct,0,True,4
seqpert_even_odd,even_odd,,0,0.25,4,f9a5,fca6,True,45,correct,0,True,4
seqpert_even_odd,even_odd,,0,0.25,4,dcce,fca6,True,83,correct,0,True,4
seqpert_even_odd,even_odd,,0,0.25,4,e4a5,fca6,True,25,correct,0,True,4
seqpert_even_odd,even_odd,,0,0.125,2,bc26,fca6,True,25,correct,0,True,4
seqpert_even_odd,even_odd,,0,0.25,4,d4be,fca6,True,35,correct,0,True,4
seqpert_even_odd,even_odd,,0,0.25,4,ef26,fca6,True,69,correct,0,True,4
seqpert_even_odd,even_odd,,0,0.125,2,bea6,fca6,True,25,correct,0,True,4
seqpert_even_odd,even_odd,,0,0.25,4,34a7,fca6,True,45,correct,0,True,4
seqpert_even_odd,even_odd,,0,0.125,2,fcb4,fca6,True,25,correct,0,True,4
seqpert_even_odd,even_odd,,0,0.25,4,dc83,fca6,True,45,correct,0,True,4
seqpert_even_odd,even_odd,,0,0.125,2,f4a4,fca6,True,25,correct,0,True,4
seqpert_even_odd,even_odd,,0,0.25,4,9caa,fca6,True,35,correct,0,True,4
seqpert_even_odd,even_odd,,0,0.25,4,f582,fca6,True,59,correct,0,True,4
seqpert_even_odd,even_odd,,0,0.125,2,bca2,fca6,True,11,correct,0,True,4
seqpert_even_odd,even_odd,,0,0.125,2,fe26,fca6,True,25,correct,0,True,4
seqpert_even_odd,even_odd,,0,0.125,2,bcae,fca6,True,25,correct,0,True,4
seqpert_even_odd,even_odd,,0,0.125,2,fea7,fca6,True,25,correct,0,True,4
seqpert_even_odd,even_odd,,0,0.125,2,f0a6,fca6,True,25,correct,0,True,4
seqpert_even_odd,even_odd,,0,0.125,2,faa6,fca6,True,25,correct,0,True,4
seqpert_even_odd,even_odd,,0,0.25,4,fae2,fca6,True,35,correct,0,True,4
seqpert_even_odd,even_odd,,0,0.25,4,3caf,fca6,True,35,correct,0,True,4
seqpert_even_odd,even_odd,,0,0.125,2,dcb6,fca6,True,25,correct,0,True,4
seqpert_even_odd,even_odd,,0,0.125,2,fc87,fca6,True,35,correct,0,True,4
seqpert_even_odd,even_odd,,0,0.125,2,dda6,fca6,True,25,correct,0,True,4
seqpert_even_odd,even_odd,,0,0.125,2,fcc6,fca6,True,25,correct,0,True,4
seqpert_even_odd,even_odd,,0,0.0,0,fca6,fca6,True,0,correct,0,True,4
seqpert_even_odd,even_odd,,0,0.25,4,fdb5,fca6,True,35,correct,0,True,4
seqpert_even_odd,even_odd,,0,0.25,4,e8b7,fca6,True,21,correct,0,True,4
seqpert_even_odd,even_odd,,0,0.125,2,f5a6,fca6,True,25,correct,0,True,4
seqpert_even_odd,even_odd,,0,0.25,4,e466,fc6a,True,49,spurious,-1,False,4
seqpert_even_odd,even_odd,,0,0.25,4,f42c,fc2e,False,1636,oscillated,-1,False,4
seqpert_even_odd,even_odd,,0,0.125,2,f8a2,fca6,True,11,correct,0,True,4
seqpert_even_odd,even_odd,,0,0.25,4,5486,58a4,True,45,spurious,-1,False,4
seqpert_even_odd,even_odd,,0,0.25,4,38ae,fca6,True,45,correct,0,True,4
seqpert_even_odd,even_odd,,0,0.25,4,dc16,bd07,True,55,wrong_pattern,3,False,4
seqpert_even_odd,even_odd,,0,0.25,4,7cec,58a4,True,45,spurious,-1,False,4
seqpert_even_odd,even_odd,,0,0.125,2,fda2,fca6,True,11,correct,0,True,4
seqpert_even_odd,even_odd,,0,0.25,4,faee,fca6,True,35,correct,0,True,4
seqpert_even_odd,even_odd,,0,0.25,4,deac,58a4,True,45,spurious,-1,False,4
seqpert_even_odd,even_odd,,0,0.25,4,fc93,fca6,True,35,correct,0,True,4
seqpert_even_odd,even_odd,,0,0.25,4,c8e6,fca6,True,45,correct,0,True,4
seqpert_even_odd,even_odd,,0,0.25,4,f9af,fca6,True,45,correct,0,True,4
seqpert_even_odd,even_odd,,0,0.25,4,eca8,fca6,True,35,correct,0,True,4
seqpert_even_odd,even_odd,,0,0.25,4,44a6,58a4,True,45,spurious,-1,False,4
seqpert_even_odd,even_odd,,0,0.25,4,7c0e,fd4b,True,45,spurious,-1,False,4
seqpert_even_odd,even_odd,,0,0.25,4,f0a3,fca6,True,25,correct,0,True,4
seqpert_even_odd,even_odd,,0,0.125,2,f4b6,fca6,True,35,correct,0,True,4
seqpert_even_odd,even_odd,,0,0.25,4,f9af,fca6,True,45,correct,0,True,4
seqpert_even_odd,even_odd,,0,0.125,2,f9a6,fca6,True,11,correct,0,True,4
seqpert_even_odd,even_odd,,0,0.25,4,742e,fc2e,False,1636,oscillated,-1,False,4
seqpert_even_odd,even_odd,,0,0.25,4,beaf,fca6,True,25,correct,0,True,4
seqpert_even_odd,even_odd,,0,0.125,2,fc87,fca6,True,35,correct,0,True,4
seqpert_even_odd,even_odd,,0,0.25,4,98a4,58a4,True,25,spurious,-1,False,4
seqpert_even_odd,even_odd,,0,0.25,4,6c2e,fc6a,True,45,spurious,-1,False,4
seqpert_even_odd,even_odd,,0,0.125,2,f8b6,fca6,True,11,correct,0,True,4
seqpert_even_odd,even_odd,,0,0.125,2,6ca6,fca6,True,25,correct,0,True,4
seqpert_even_odd,even_odd,,0,0.25,4,edac,fca6,True,25,correct,0,True,4
seqpert_even_odd,even_odd,,0,0.25,4,f8a1,fca6,True,45,correct,0,True,4
seqpert_even_odd,even_odd,,0,0.125,2,f486,fca6,True,25,correct,0,True,4
seqpert_even_odd,even_odd,,0,0.25,4,b4e7,fca6,True,45,correct,0,True,4
seqpert_even_odd,even_odd,,0,0.125,2,fcaf,fca6,True,25,correct,0,True,4
seqpert_even_odd,even_odd,,0,0.125,2,fcee,fca6,True,35,correct,0,True,4
seqpert_even_odd,even_odd,,0,0.125,2,78a6,fca6,True,45,correct,0,True,4
seqpert_even_odd,even_odd,,0,0.25,4,eeee,fca6,True,35,correct,0,True,4
seqpert_even_odd,even_odd,,0,0.25,4,f6af,a6b6,True,79,wrong_pattern,2,False,4
seqpert_even_odd,even_odd,,0,0.125,2,7cae,fca6,True,25,correct,0,True,4
seqpert_even_odd,even_odd,,0,0.25,4,fae2,fca6,True,35,correct,0,True,4
seqpert_even_odd,even_odd,,0,0.25,4,7c16,bd07,True,55,wrong_pattern,3,False,4
seqpert_even_odd,even_odd,,1,0.25,4,13b6,2b4,True,45,spurious,-1,False,4
seqpert_even_odd,even_odd,,1,0.25,4,13d3,395,True,45,spurious,-1,False,4
seqpert_even_odd,even_odd,,1,0.25,4,6bb5,58a4,True,55,spurious,-1,False,4
seqpert_even_odd,even_odd,,1,0.25,4,9b9b,a797,True,59,spurious,-1,False,4
seqpert_even_odd,even_odd,,1,0.25,4,938d,395,True,49,spurious,-1,False,4
seqpert_even_odd,even_odd,,1,0.25,4,33d7,a797,True,45,spurious,-1,False,4
seqpert_even_odd,even_odd,,1,0.125,2,1895,58a4,True,45,spurious,-1,False,4
seqpert_even_odd,even_odd,,1,0.125,2,b97,1b95,True,45,correct,1,True,4
seqpert_even_odd,even_odd,,1,0.25,4,9eb5,58a4,True,45,spurious,-1,False,4
seqpert_even_odd,even_odd,,1,0.125,2,1b9f,395,True,49,spurious,-1,False,4
seqpert_even_odd,even_odd,,1,0.25,4,e85,58a4,True,89,spurious,-1,False,4
seqpert_even_odd,even_odd,,1,0.25,4,3ad4,2b4,True,35,spurious,-1,False,4
seqpert_even_odd,even_odd,,1,0.25,4,9b1,58a4,True,21,spurious,-1,False,4
seqpert_even_odd,even_odd,,1,0.25,4,11b1,2b4,True,83,spurious,-1,False,4
seqpert_even_odd,even_odd,,1,0.25,4,29b5,58a4,True,55,spurious,-1,False,4
seqpert_even_odd,even_odd,,1,0.0,0,1b95,1b95,True,0,correct,1,True,4
seqpert_even_odd,even_odd,,1,0.25,4,11c5,395,True,49,spurious,-1,False,4
seqpert_even_odd,even_odd,,1,0.25,4,9bb9,2b4,True,45,spurious,-1,False,4
seqpert_even_odd,even_odd,,1,0.25,4,131f,359,True,35,spurious,-1,False,4
seqpert_even_odd,even_odd,,1,0.25,4,10b5,2b4,True,49,spurious,-1,False,4
seqpert_even_odd,even_odd,,1,0.125,2,2b95,1b95,True,45,correct,1,True,4
seqpert_even_odd,even_odd,,1,0.25,4,bb35,bf97,True,45,spurious,-1,False,4
seqpert_even_odd,even_odd,,1,0.25,4,1a86,58a4,True,35,spurious,-1,False,4
seqpert_even_odd,even_odd,,1,0.25,4,1fa7,58a4,True,45,spurious,-1,False,4
seqpert_even_odd,even_odd,,1,0.125,2,1b96,58a4,True,69,spurious,-1,False,4
seqpert_even_odd,even_odd,,1,0.25,4,b994,fca6,True,45,wrong_pattern,0,False,4
seqpert_even_odd,even_odd,,1,0.25,4,5393,395,True,45,spurious,-1,False,4
seqpert_even_odd,even_odd,,1,0.25,4,118d,395,True,49,spurious,-1,False,4
seqpert_even_odd,even_odd,,1,0.125,2,5a95,58a4,True,35,spurious,-1,False,4
seqpert_even_odd,even_odd,,1,0.25,4,1d9c,58a4,True,83,spurious,-1,False,4
seqpert_even_odd,even_odd,,1,0.125,2,5b9d,1905,True,35,spurious,-1,False,4
seqpert_even_odd,even_odd,,1,0.125,2,9995,1905,True,45,spurious,-1,False,4
seqpert_even_odd,even_odd,,1,0.125,2,1bbd,2b4,True,35,spurious,-1,False,4
seqpert_even_odd,even_odd,,1,0.25,4,fd4,2b4,True,35,spurious,-1,False,4
seqpert_even_odd,even_odd,,1,0.25,4,3ff5,2b4,True,69,spurious,-1,False,4
seqpert_even_odd,even_odd,,1,0.125,2,1bd4,2b4,True,35,spurious,-1,False,4
seqpert_even_odd,even_odd,,1,0.125,2,8b95,1b95,True,45,correct,1,True,4
seqpert_even_odd,even_odd,,1,0.125,2,1f94,58a4,True,69,spurious,-1,False,4
seqpert_even_odd,even_odd,,1,0.125,2,5b85,1b95,True,21,correct,1,True,4
seqpert_even_odd,even_odd,,1,0.125,2,5b91,1b95,True,21,correct,1,True,4
seqpert_even_odd,even_odd,,1,0.25,4,33b7,a6b6,True,45,wrong_pattern,2,False,4
seqpert_even_odd,even_odd,,1,0.25,4,dbd7,bd07,True,69,wrong_pattern,3,False,4
seqpert_even_odd,even_odd,,1,0.25,4,53d7,395,True,45,spurious,-1,False,4
seqpert_even_odd,even_odd,,1,0.25,4,ab9d,a797,True,59,spurious,-1,False,4
seqpert_even_odd,even_odd,,1,0.125,2,f95,1b95,True,11,correct,1,True,4
seqpert_even_odd,even_odd,,1,0.25,4,1934,58a4,True,69,spurious,-1,False,4
seqpert_even_odd,even_odd,,1,0.125,2,1895,58a4,True,45,spurious,-1,False,4
seqpert_even_odd,even_odd,,1,0.125,2,1397,395,True,45,spurious,-1,False,4
seqpert_even_odd,even_odd,,1,0.25,4,2f9d,395,True,59,spurious,-1,False,4
seqpert_even_odd,even_odd,,1,0.25,4,1b47,1b95,True,45,correct,1,True,4
seqpert_even_odd,even_odd,,1,0.125,2,1a97,58a4,True,69,spurious,-1,False,4
seqpert_even_odd,even_odd,,1,0.25,4,1bd2,2b4,True,69,spurious,-1,False,4
seqpert_even_odd,even_odd,,1,0.25,4,bfd,2b4,True,45,spurious,-1,False,4
seqpert_even_odd,even_odd,,1,0.25,4,8bd7,a797,True,69,spurious,-1,False,4
seqpert_even_odd,even_odd,,1,0.25,4,ab1,2b4,True,35,spurious,-1,False,4
seqpert_even_odd,even_odd,,1,0.25,4,2fd5,395,True,69,spurious,-1,False,4
seqpert_even_odd,even_odd,,1,0.125,2,1b8d,395,True,79,spurious,-1,False,4
seqpert_even_odd,even_odd,,1,0.25,4,3b04,1b95,True,45,correct,1,True,4
seqpert_even_odd,even_odd,,1,0.25,4,3ac5,58a4,True,45,spurious,-1,False,4
seqpert_even_odd,even_odd,,1,0.125,2,5f95,1b95,True,21,correct,1,True,4
seqpert_even_odd,even_odd,,1,0.25,4,a17,1b95,True,45,correct,1,True,4
seqpert_even_odd,even_odd,,1,0.125,2,3bd5,395,True,35,spurious,-1,False,4
seqpert_even_odd,even_odd,,1,0.125,2,1d95,1905,True,45,spurious,-1,False,4
seqpert_even_odd,even_odd,,1,0.25,4,19fd,58a4,True,45,spurious,-1,False,4
seqpert_even_odd,even_odd,,1,0.25,4,6b15,1b95,True,89,correct,1,True,4
seqpert_even_odd,even_odd,,1,0.125,2,1a15,1b95,True,25,correct,1,True,4
seqpert_even_odd,even_odd,,1,0.125,2,1b11,395,True,35,spurious,-1,False,4
seqpert_even_odd,even_odd,,1,0.25,4,5387,1b95,True,35,correct,1,True,4
seqpert_even_odd,even_odd,,1,0.25,4,1aa4,58a4,True,25,spurious,-1,False,4
seqpert_even_odd,even_odd,,1,0.125,2,1bb7,58a4,True,51,spurious,-1,False,4
seqpert_even_odd,even_odd,,1,0.125,2,b15,1b95,True,45,correct,1,True,4
seqpert_even_odd,even_odd,,1,0.125,2,1e95,58a4,True,69,spurious,-1,False,4
seqpert_even_odd,even_odd,,1,0.25,4,bb55,a797,True,69,spurious,-1,False,4
seqpert_even_odd,even_odd,,1,0.25,4,8315,395,True,25,spurious,-1,False,4
seqpert_even_odd,even_odd,,1,0.25,4,5f17,1905,True,69,spurious,-1,False,4
seqpert_even_odd,even_odd,,1,0.25,4,3f14,1b95,True,45,correct,1,True,4
seqpert_even_odd,even_odd,,1,0.25,4,739d,395,True,49,spurious,-1,False,4
seqpert_even_odd,even_odd,,1,0.125,2,bb5,58a4,True,55,spurious,-1,False,4
seqpert_even_odd,even_odd,,1,0.25,4,1319,359,True,11,spurious,-1,False,4
seqpert_even_odd,even_odd,,1,0.25,4,1fe5,58a4,True,45,spurious,-1,False,4
seqpert_even_odd,even_odd,,1,0.0,0,1b95,1b95,True,0,correct,1,True,4
seqpert_even_odd,even_odd,,1,0.25,4,9bdc,2b4,True,45,spurious,-1,False,4
seqpert_even_odd,even_odd,,1,0.25,4,1ddd,1905,True,35,spurious,-1,False,4
seqpert_even_odd,even_odd,,1,0.25,4,5bd3,1905,True,35,spurious,-1,False,4
seqpert_even_odd,even_odd,,1,0.25,4,8b9c,2b4,True,35,spurious,-1,False,4
seqpert_even_odd,even_odd,,1,0.25,4,3e91,2b4,True,69,spurious,-1,False,4
seqpert_even_odd,even_odd,,1,0.125,2,1ad5,2b4,True,35,spurious,-1,False,4
seqpert_even_odd,even_odd,,1,0.25,4,2d5,2b4,True,35,spurious,-1,False,4
seqpert_even_odd,even_odd,,1,0.25,4,39b7,fca6,True,45,wrong_pattern,0,False,4
seqpert_even_odd,even_odd,,1,0.25,4,d385,1b95,True,35,correct,1,True,4
seqpert_even_odd,even_odd,,1,0.125,2,1bbd,2b4,True,35,spurious,-1,False,4
seqpert_even_odd,even_odd,,1,0.25,4,1c15,1905,True,11,spurious,-1,False,4
seqpert_even_odd,even_odd,,1,0.0,0,1b95,1b95,True,0,correct,1,True,4
seqpert_even_odd,even_odd,,1,0.25,4,5bb6,58a4,True,31,spurious,-1,False,4
seqpert_even_odd,even_odd,,1,0.25,4,9bb9,2b4,True,45,spurious,-1,False,4
seqpert_even_odd,even_odd,,1,0.125,2,1b81,1b95,True,11,correct,1,True,4
seqpert_even_odd,even_odd,,1,0.25,4,1389,359,True,59,spurious,-1,False,4
seqpert_even_odd,even_odd,,1,0.125,2,9f95,1b95,True,45,correct,1,True,4
seqpert_even_odd,even_odd,,1,0.25,4,1adf,2b4,True,45,spurious,-1,False,4
seqpert_even_odd,even_odd,,1,0.125,2,3b15,1b95,True,25,correct,1,True,4
seqpert_even_odd,even_odd,,2,0.25,4,3436,fca6,True,59,wrong_pattern,0,False,4
seqpert_even_odd,even_odd,,2,0.25,4,a1f6,a6b6,True,35,correct,2,True,4
seqpert_even_odd,even_odd,,2,0.25,4,867e,e6fa,True,25,spurious,-1,False,4
seqpert_even_odd,even_odd,,2,0.25,4,b29e,a6b6,True,25,correct,2,True,4
seqpert_even_odd,even_odd,,2,0.25,4,a7d4,a6b6,True,35,correct,2,True,4
seqpert_even_odd,even_odd,,2,0.25,4,868e,a6b6,True,25,correct,2,True,4
seqpert_even_odd,even_odd,,2,0.125,2,2eb6,fca6,True,55,wrong_pattern,0,False,4
seqpert_even_odd,even_odd,,2,0.25,4,86d4,2b4,True,45,spurious,-1,False,4
seqpert_even_odd,even_odd,,2,0.125,2,66b6,a6b6,True,25,correct,2,True,4
seqpert_even_odd,even_odd,,2,0.25,4,b666,e6fa,True,35,spurious,-1,False,4
seqpert_even_odd,even_odd,,2,0.25,4,87bc,2b4,True,45,spurious,-1,False,4
seqpert_even_odd,even_odd,,2,0.25,4,6637,a75b,True,83,spurious,-1,False,4
seqpert_even_odd,even_odd,,2,0.25,4,2627,a6b6,True,59,correct,2,True,4
seqpert_even_odd,even_odd,,2,0.25,4,ee16,bf97,True,55,spurious,-1,False,4
seqpert_even_odd,even_odd,,2,0.125,2,26b2,a6b6,True,25,correct,2,True,4
seqpert_even_odd,even_odd,,2,0.25,4,e672,e6fa,True,35,spurious,-1,False,4
seqpert_even_odd,even_odd,,2,0.125,2,a0b6,fca6,True,45,wrong_pattern,0,False,4
seqpert_even_odd,even_odd,,2,0.25,4,87b0,2b4,True,45,spurious,-1,False,4
seqpert_even_odd,even_odd,,2,0.25,4,24ae,e6fa,True,69,spurious,-1,False,4
seqpert_even_odd,even_odd,,2,0.25,4,ea96,fca6,True,89,wrong_pattern,0,False,4
seqpert_even_odd,even_odd,,2,0.25,4,86e2,a6b6,True,35,correct,2,True,4
seqpert_even_odd,even_odd,,2,0.25,4,e7f4,a6b6,True,35,correct,2,True,4
seqpert_even_odd,even_odd,,2,0.25,4,4b4,58a4,True,45,spurious,-1,False,4
seqpert_even_odd,even_odd,,2,0.125,2,87b6,a6b6,True,25,correct,2,True,4
seqpert_even_odd,even_odd,,2,0.25,4,8286,a6b6,True,45,correct,2,True,4
seqpert_even_odd,even_odd,,2,0.125,2,26f6,a6b6,True,25,correct,2,True,4
seqpert_even_odd,even_odd,,2,0.125,2,b6b7,a6b6,True,11,correct,2,True,4
seqpert_even_odd,even_odd,,2,0.125,2,e6f6,a6b6,True,21,correct,2,True,4
seqpert_even_odd,even_odd,,2,0.125,2,b636,a6b6,True,45,correct,2,True,4
seqpert_even_odd,even_odd,,2,0.125,2,e2b6,a6b6,True,11,correct,2,True,4
seqpert_even_odd,even_odd,,2,0.25,4,634,2b4,True,25,spurious,-1,False,4
seqpert_even_odd,even_odd,,2,0.125,2,b6f6,a6b6,True,21,correct,2,True,4
seqpert_even_odd,even_odd,,2,0.25,4,c6e6,e6fa,True,59,spurious,-1,False,4
seqpert_even_odd,even_odd,,2,0.25,4,eefe,fca6,True,45,wrong_pattern,0,False,4
seqpert_even_odd,even_odd,,2,0.25,4,243e,e6fa,True,35,spurious,-1,False,4
seqpert_even_odd,even_odd,,2,0.25,4,6e96,fca6,True,89,wrong_pattern,0,False,4
seqpert_even_odd,even_odd,,2,0.25,4,ac26,fca6,True,25,wrong_pattern,0,False,4
seqpert_even_odd,even_odd,,2,0.125,2,a694,a6b6,True,25,correct,2,True,4
seqpert_even_odd,even_odd,,2,0.25,4,abf6,a6b6,True,35,correct,2,True,4
seqpert_even_odd,even_odd,,2,0.125,2,a694,a6b6,True,25,correct,2,True,4
seqpert_even_odd,even_odd,,2,0.125,2,a626,a6b6,True,25,correct,2,True,4
seqpert_even_odd,even_odd,,2,0.25,4,60b6,fca6,True,45,wrong_pattern,0,False,4
seqpert_even_odd,even_odd,,2,0.25,4,b7fe,e6fa,True,21,spurious,-1,False,4
seqpert_even_odd,even_odd,,2,0.125,2,a6a2,a6b6,True,21,correct,2,True,4
seqpert_even_odd,even_odd,,2,0.25,4,2e9e,a6b6,True,25,correct,2,True,4
seqpert_even_odd,even_odd,,2,0.125,2,f6b6,a6b6,True,11,correct,2,True,4
seqpert_even_odd,even_odd,,2,0.25,4,24f2,fca6,True,55,wrong_pattern,0,False,4
seqpert_even_odd,even_odd,,2,0.125,2,86b4,2b4,True,45,spurious,-1,False,4
seqpert_even_odd,even_odd,,2,0.25,4,85be,a6b6,True,35,correct,2,True,4
seqpert_even_odd,even_odd,,2,0.125,2,2636,a6b6,True,25,correct,2,True,4
seqpert_even_odd,even_odd,,2,0.25,4,a62c,e6fa,True,35,spurious,-1,False,4
seqpert_even_odd,even_odd,,2,0.125,2,aeb4,fca6,True,55,wrong_pattern,0,False,4
seqpert_even_odd,even_odd,,2,0.125,2,e6b4,a6b6,True,25,correct,2,True,4
seqpert_even_odd,even_odd,,2,0.125,2,b6f6,a6b6,True,21,correct,2,True,4
seqpert_even_odd,even_odd,,2,0.25,4,6e96,fca6,True,89,wrong_pattern,0,False,4
seqpert_even_odd,even_odd,,2,0.25,4,e232,e6fa,True,35,spurious,-1,False,4
seqpert_even_odd,even_odd,,2,0.25,4,a62a,e6fa,True,25,spurious,-1,False,4
seqpert_even_odd,even_odd,,2,0.25,4,acb0,fca6,True,45,wrong_pattern,0,False,4
seqpert_even_odd,even_odd,,2,0.125,2,a796,a6b6,True,35,correct,2,True,4
seqpert_even_odd,even_odd,,2,0.25,4,a2e4,a6b6,True,45,correct,2,True,4
seqpert_even_odd,even_odd,,2,0.125,2,86f6,a6b6,True,25,correct,2,True,4
seqpert_even_odd,even_odd,,2,0.25,4,a397,a797,True,11,spurious,-1,False,4
seqpert_even_odd,even_odd,,2,0.125,2,86b2,a6b6,True,25,correct,2,True,4
seqpert_even_odd,even_odd,,2,0.125,2,aebe,a6b6,True,35,correct,2,True,4
seqpert_even_odd,even_odd,,2,0.25,4,6a2,2b4,True,45,spurious,-1,False,4
seqpert_even_odd,even_odd,,2,0.125,2,24b6,fca6,True,45,wrong_pattern,0,False,4
seqpert_even_odd,even_odd,,2,0.125,2,aebe,a6b6,True,35,correct,2,True,4
seqpert_even_odd,even_odd,,2,0.25,4,b6d2,a6b6,True,35,correct,2,True,4
seqpert_even_odd,even_odd,,2,0.25,4,9ebe,a6b6,True,35,correct,2,True,4
seqpert_even_odd,even_odd,,2,0.25,4,bbb6,fca6,True,45,wrong_pattern,0,False,4
seqpert_even_odd,even_odd,,2,0.125,2,a7be,a6b6,True,25,correct,2,True,4
seqpert_even_odd,even_odd,,2,0.25,4,83a6,a6b6,True,45,correct,2,True,4
seqpert_even_odd,even_odd,,2,0.25,4,8426,fca6,True,35,wrong_pattern,0,False,4
seqpert_even_odd,even_odd,,2,0.125,2,a4b7,a6b6,True,35,correct,2,True,4
seqpert_even_odd,even_odd,,2,0.25,4,ccb6,fca6,True,35,wrong_pattern,0,False,4
seqpert_even_odd,even_odd,,2,0.25,4,acd6,fca6,True,45,wrong_pattern,0,False,4
seqpert_even_odd,even_odd,,2,0.25,4,a21e,a75b,True,11,spurious,-1,False,4
seqpert_even_odd,even_odd,,2,0.25,4,a217,a797,True,25,spurious,-1,False,4
seqpert_even_odd,even_odd,,2,0.0,0,a6b6,a6b6,True,0,correct,2,True,4
seqpert_even_odd,even_odd,,2,0.125,2,a436,a6b6,True,25,correct,2,True,4
seqpert_even_odd,even_odd,,2,0.25,4,2497,a6b6,True,35,correct,2,True,4
seqpert_even_odd,even_odd,,2,0.125,2,a2be,a6b6,True,25,correct,2,True,4
seqpert_even_odd,even_odd,,2,0.25,4,f6ae,a6b6,True,79,correct,2,True,4
seqpert_even_odd,even_odd,,2,0.25,4,e1b6,fca6,True,49,wrong_pattern,0,False,4
seqpert_even_odd,even_odd,,2,0.25,4,a576,a633,False,1636,oscillated,-1,False,4
seqpert_even_odd,even_odd,,2,0.25,4,b6de,e6fa,True,41,spurious,-1,False,4
seqpert_even_odd,even_odd,,2,0.125,2,a692,a6b6,True,25,correct,2,True,4
seqpert_even_odd,even_odd,,2,0.25,4,22d6,a6b6,True,45,correct,2,True,4
seqpert_even_odd,even_odd,,2,0.25,4,86e7,a6b6,True,25,correct,2,True,4
seqpert_even_odd,even_odd,,2,0.25,4,b2a4,a6b6,True,45,correct,2,True,4
seqpert_even_odd,even_odd,,2,0.25,4,4696,2b4,True,45,spurious,-1,False,4
seqpert_even_odd,even_odd,,2,0.25,4,a664,e6fa,True,35,spurious,-1,False,4
seqpert_even_odd,even_odd,,2,0.25,4,86fc,42f8,True,45,spurious,-1,False,4
seqpert_even_odd,even_odd,,2,0.125,2,a4b4,fca6,True,45,wrong_pattern,0,False,4
seqpert_even_odd,even_odd,,2,0.25,4,27e6,a6b6,True,25,correct,2,True,4
seqpert_even_odd,even_odd,,2,0.25,4,97b7,a6b6,True,45,correct,2,True,4
seqpert_even_odd,even_odd,,2,0.25,4,bbb6,fca6,True,45,wrong_pattern,0,False,4
seqpert_even_odd,even_odd,,2,0.25,4,ccb6,fca6,True,35,wrong_pattern,0,False,4
seqpert_even_odd,even_odd,,2,0.125,2,ae36,fca6,True,89,wrong_pattern,0,False,4
seqpert_even_odd,even_odd,,2,0.25,4,b3f6,a6b6,True,11,correct,2,True,4
seqpert_even_odd,even_odd,,3,0.125,2,9d06,bd07,True,25,correct,3,True,4
seqpert_even_odd,even_odd,,3,0.125,2,bd23,bd07,True,25,correct,3,True,4
seqpert_even_odd,even_odd,,3,0.125,2,f907,bd07,True,11,correct,3,True,4
seqpert_even_odd,even_odd,,3,0.25,4,ad41,fd4b,True,59,spurious,-1,False,4
seqpert_even_odd,even_odd,,3,0.25,4,a80f,fd4b,True,21,spurious,-1,False,4
seqpert_even_odd,even_odd,,3,0.25,4,8d4f,fd4b,True,45,spurious,-1,False,4
seqpert_even_odd,even_odd,,3,0.125,2,fd06,bd07,True,11,correct,3,True,4
seqpert_even_odd,even_odd,,3,0.25,4,9da5,58a4,True,45,spurious,-1,False,4
seqpert_even_odd,even_odd,,3,0.25,4,b797,a797,True,11,spurious,-1,False,4
seqpert_even_odd,even_odd,,3,0.25,4,bf53,a7d3,False,1636,oscillated,-1,False,4
seqpert_even_odd,even_odd,,3,0.125,2,b107,bd07,True,25,correct,3,True,4
seqpert_even_odd,even_odd,,3,0.25,4,3537,bf97,True,25,spurious,-1,False,4
seqpert_even_odd,even_odd,,3,0.25,4,ac0d,fd4b,True,45,spurious,-1,False,4
seqpert_even_odd,even_odd,,3,0.25,4,bd49,fd4b,True,25,spurious,-1,False,4
seqpert_even_odd,even_odd,,3,0.125,2,b987,bd07,True,25,correct,3,True,4
seqpert_even_odd,even_odd,,3,0.25,4,3d9f,bd07,True,35,correct,3,True,4
seqpert_even_odd,even_odd,,3,0.25,4,ab03,a75b,True,59,spurious,-1,False,4
seqpert_even_odd,even_odd,,3,0.25,4,3546,a75b,True,45,spurious,-1,False,4
seqpert_even_odd,even_odd,,3,0.125,2,9d0f,bd07,True,25,correct,3,True,4
seqpert_even_odd,even_odd,,3,0.125,2,bc47,bd07,True,21,correct,3,True,4
seqpert_even_odd,even_odd,,3,0.25,4,7506,bd07,True,35,correct,3,True,4
seqpert_even_odd,even_odd,,3,0.125,2,bd85,bd07,True,25,correct,3,True,4
seqpert_even_odd,even_odd,,3,0.125,2,b903,bd07,True,11,correct,3,True,4
seqpert_even_odd,even_odd,,3,0.25,4,afa7,fca6,True,55,wrong_pattern,0,False,4
seqpert_even_odd,even_odd,,3,0.125,2,bc06,bd07,True,21,correct,3,True,4
seqpert_even_odd,even_odd,,3,0.25,4,9f67,bf97,True,45,spurious,-1,False,4
seqpert_even_odd,even_odd,,3,0.125,2,3d17,bd07,True,45,correct,3,True,4
seqpert_even_odd,even_odd,,3,0.25,4,b9af,fca6,True,45,wrong_pattern,0,False,4
seqpert_even_odd,even_odd,,3,0.25,4,fc67,fd22,False,1636,oscillated,-1,False,4
seqpert_even_odd,even_odd,,3,0.25,4,bde6,fca6,True,11,wrong_pattern,0,False,4
seqpert_even_odd,even_odd,,3,0.125,2,ad87,bd07,True,55,correct,3,True,4
seqpert_even_odd,even_odd,,3,0.25,4,9915,1905,True,45,spurious,-1,False,4
seqpert_even_odd,even_odd,,3,0.125,2,9507,bd07,True,25,correct,3,True,4
seqpert_even_odd,even_odd,,3,0.25,4,fc0d,fd4b,True,35,spurious,-1,False,4
seqpert_even_odd,even_odd,,3,0.25,4,ed1f,fd4b,True,21,spurious,-1,False,4
seqpert_even_odd,even_odd,,3,0.125,2,bf03,bf97,True,45,spurious,-1,False,4
seqpert_even_odd,even_odd,,3,0.25,4,7d86,fca6,True,35,wrong_pattern,0,False,4
seqpert_even_odd,even_odd,,3,0.25,4,ad82,fca6,True,65,wrong_pattern,0,False,4
seqpert_even_odd,even_odd,,3,0.25,4,bf36,fca6,True,93,wrong_pattern,0,False,4
seqpert_even_odd,even_odd,,3,0.25,4,f887,fca6,True,35,wrong_pattern,0,False,4
seqpert_even_odd,even_odd,,3,0.25,4,7506,bd07,True,35,correct,3,True,4
seqpert_even_odd,even_odd,,3,0.25,4,8707,a797,True,35,spurious,-1,False,4
seqpert_even_odd,even_odd,,3,0.125,2,ad47,bd07,True,21,correct,3,True,4
seqpert_even_odd,even_odd,,3,0.25,4,bd08,fd4b,True,35,spurious,-1,False,4
seqpert_even_odd,even_odd,,3,0.125,2,b505,bd07,True,25,correct,3,True,4
seqpert_even_odd,even_odd,,3,0.125,2,2d07,bd07,True,25,correct,3,True,4
seqpert_even_odd,even_odd,,3,0.25,4,b845,bd07,True,45,correct,3,True,4
seqpert_even_odd,even_odd,,3,0.125,2,a907,bd07,True,11,correct,3,True,4
seqpert_even_odd,even_odd,,3,0.125,2,bd85,bd07,True,25,correct,3,True,4
seqpert_even_odd,even_odd,,3,0.125,2,bd1f,bd07,True,45,correct,3,True,4
seqpert_even_odd,even_odd,,3,0.25,4,b58e,e6fa,True,69,spurious,-1,False,4
seqpert_even_odd,even_odd,,3,0.25,4,be0b,fd4b,True,51,spurious,-1,False,4
seqpert_even_odd,even_odd,,3,0.25,4,be26,fca6,True,35,wrong_pattern,0,False,4
seqpert_even_odd,even_odd,,3,0.25,4,bf56,a797,True,35,spurious,-1,False,4
seqpert_even_odd,even_odd,,3,0.125,2,bdc7,bd07,True,25,correct,3,True,4
seqpert_even_odd,even_odd,,3,0.125,2,bc47,bd07,True,21,correct,3,True,4
seqpert_even_odd,even_odd,,3,0.25,4,a543,a75b,True,25,spurious,-1,False,4
seqpert_even_odd,even_odd,,3,0.25,4,9e87,fca6,True,59,wrong_pattern,0,False,4
seqpert_even_odd,even_odd,,3,0.25,4,b317,a797,True,45,spurious,-1,False,4
seqpert_even_odd,even_odd,,3,0.25,4,9e06,fca6,True,69,wrong_pattern,0,False,4
seqpert_even_odd,even_odd,,3,0.25,4,ac85,fca6,True,65,wrong_pattern,0,False,4
seqpert_even_odd,even_odd,,3,0.125,2,bd83,bd07,True,25,correct,3,True,4
seqpert_even_odd,even_odd,,3,0.25,4,a40f,a75b,True,35,spurious,-1,False,4
seqpert_even_odd,even_odd,,3,0.25,4,fd4b,fd4b,True,0,spurious,-1,False,4
seqpert_even_odd,even_odd,,3,0.25,4,ab06,bf97,True,45,spurious,-1,False,4
seqpert_even_odd,even_odd,,3,0.25,4,9d8e,fca6,True,83,wrong_pattern,0,False,4
seqpert_even_odd,even_odd,,3,0.25,4,b647,a75b,True,45,spurious,-1,False,4
seqpert_even_odd,even_odd,,3,0.125,2,bf05,bf97,True,45,spurious,-1,False,4
seqpert_even_odd,even_odd,,3,0.125,2,3d0f,bd07,True,25,correct,3,True,4
seqpert_even_odd,even_odd,,3,0.125,2,b987,bd07,True,25,correct,3,True,4
seqpert_even_odd,even_odd,,3,0.125,2,b50f,a75b,True,45,spurious,-1,False,4
seqpert_even_odd,even_odd,,3,0.125,2,9f07,bf97,True,45,spurious,-1,False,4
seqpert_even_odd,even_odd,,3,0.125,2,3c07,bd07,True,25,correct,3,True,4
seqpert_even_odd,even_odd,,3,0.125,2,b905,bd07,True,45,correct,3,True,4
seqpert_even_odd,even_odd,,3,0.125,2,bd57,bd07,True,11,correct,3,True,4
seqpert_even_odd,even_odd,,3,0.125,2,7d07,bd07,True,25,correct,3,True,4
seqpert_even_odd,even_odd,,3,0.25,4,b327,a797,True,45,spurious,-1,False,4
seqpert_even_odd,even_odd,,3,0.125,2,b917,bd07,True,11,correct,3,True,4
seqpert_even_odd,even_odd,,3,0.125,2,bc0f,fd4b,True,51,spurious,-1,False,4
seqpert_even_odd,even_odd,,3,0.125,2,f507,bd07,True,25,correct,3,True,4
seqpert_even_odd,even_odd,,3,0.125,2,bd4f,fd4b,True,21,spurious,-1,False,4
seqpert_even_odd,even_odd,,3,0.25,4,bfa6,fca6,True,25,wrong_pattern,0,False,4
seqpert_even_odd,even_odd,,3,0.25,4,bf2e,fca6,True,83,wrong_pattern,0,False,4
seqpert_even_odd,even_odd,,3,0.25,4,bb1f,a75b,True,45,spurious,-1,False,4
seqpert_even_odd,even_odd,,3,0.125,2,bd23,bd07,True,25,correct,3,True,4
seqpert_even_odd,even_odd,,3,0.125,2,9d47,bd07,True,25,correct,3,True,4
seqpert_even_odd,even_odd,,3,0.25,4,ada6,fca6,True,21,wrong_pattern,0,False,4
seqpert_even_odd,even_odd,,3,0.25,4,3f25,1b95,True,45,wrong_pattern,1,False,4
seqpert_even_odd,even_odd,,3,0.25,4,bf11,a797,True,35,spurious,-1,False,4
seqpert_even_odd,even_odd,,3,0.25,4,ff23,bd07,True,35,correct,3,True,4
seqpert_even_odd,even_odd,,3,0.25,4,9983,bd07,True,45,correct,3,True,4
seqpert_even_odd,even_odd,,3,0.25,4,bf33,a797,True,35,spurious,-1,False,4
seqpert_even_odd,even_odd,,3,0.25,4,b80d,bd07,True,59,correct,3,True,4
seqpert_even_odd,even_odd,,3,0.25,4,bdbf,fca6,True,45,wrong_pattern,0,False,4
seqpert_even_odd,even_odd,,3,0.25,4,9c23,bd07,True,59,correct,3,True,4
seqpert_even_odd,even_odd,,3,0.25,4,351f,a75b,True,35,spurious,-1,False,4
seqpert_even_odd,even_odd,,3,0.25,4,fd2d,fd4b,True,35,spurious,-1,False,4
seqpert_even_odd,even_odd,,3,0.125,2,bc0f,fd4b,True,51,spurious,-1,False,4
seqpert_even_odd,even_odd,,3,0.25,4,f787,a797,True,21,spurious,-1,False,4
seqpert_even_odd,even_odd,,3,0.125,2,b506,bd07,True,25,correct,3,True,4
seqpert_even_odd,even_odd,,0,0.0625,1,dca6,fca6,True,25,correct,0,True,5
seqpert_even_odd,even_odd,,0,0.1875,3,f526,fca6,True,59,correct,0,True,5
seqpert_even_odd,even_odd,,0,0.1875,3,f4b2,fca6,True,35,correct,0,True,5
seqpert_even_odd,even_odd,,0,0.1875,3,e8b6,fca6,True,11,correct,0,True,5
seqpert_even_odd,even_odd,,0,0.3125,5,5d8e,58a4,True,83,spurious,-1,False,5
seqpert_even_odd,even_odd,,0,0.1875,3,dda7,fca6,True,35,correct,0,True,5
seqpert_even_odd,even_odd,,0,0.3125,5,b425,fca6,True,59,correct,0,True,5
seqpert_even_odd,even_odd,,0,0.1875,3,8ca6,fca6,True,35,correct,0,True,5
seqpert_even_odd,even_odd,,0,0.3125,5,fd6a,fd4b,True,35,spurious,-1,False,5
seqpert_even_odd,even_odd,,0,0.1875,3,7cc6,fca6,True,25,correct,0,True,5
seqpert_even_odd,even_odd,,0,0.1875,3,e9a6,fca6,True,11,correct,0,True,5
seqpert_even_odd,even_odd,,0,0.1875,3,ecb2,fca6,True,11,correct,0,True,5
seqpert_even_odd,even_odd,,0,0.1875,3,3ca4,58a4,True,45,spurious,-1,False,5
seqpert_even_odd,even_odd,,0,0.1875,3,ece4,fca6,True,25,correct,0,True,5
seqpert_even_odd,even_odd,,0,0.1875,3,bc66,fca6,True,25,correct,0,True,5
seqpert_even_odd,even_odd,,0,0.1875,3,ac86,fca6,True,35,correct,0,True,5
seqpert_even_odd,even_odd,,0,0.1875,3,fc62,fc6a,True,49,spurious,-1,False,5
seqpert_even_odd,even_odd,,0,0.1875,3,ecb4,fca6,True,35,correct,0,True,5
seqpert_even_odd,even_odd,,0,0.1875,3,dca3,fca6,True,25,correct,0,True,5
seqpert_even_odd,even_odd,,0,0.3125,5,b6c6,a6b6,True,45,wrong_pattern,2,False,5
seqpert_even_odd,even_odd,,0,0.1875,3,fcbf,fca6,True,25,correct,0,True,5
seqpert_even_odd,even_odd,,0,0.3125,5,e0e2,fca6,True,45,correct,0,True,5
seqpert_even_odd,even_odd,,0,0.1875,3,ecaa,fca6,True,35,correct,0,True,5
seqpert_even_odd,even_odd,,0,0.1875,3,eeb6,fca6,True,55,correct,0,True,5
seqpert_even_odd,even_odd,,0,0.3125,5,fdc5,bd07,True,25,wrong_pattern,3,False,5
seqpert_even_odd,even_odd,,0,0.1875,3,fc2a,fc6a,True,11,spurious,-1,False,5
seqpert_even_odd,even_odd,,0,0.1875,3,fc0e,fd4b,True,11,spurious,-1,False,5
seqpert_even_odd,even_odd,,0,0.3125,5,dd3e,fd4b,True,45,spurious,-1,False,5
seqpert_even_odd,even_odd,,0,0.3125,5,e0a5,fca6,True,45,correct,0,True,5
seqpert_even_odd,even_odd,,0,0.3125,5,d9e7,fca6,True,45,correct,0,True,5
seqpert_even_odd,even_odd,,0,0.1875,3,fdaa,fca6,True,45,correct,0,True,5
seqpert_even_odd,even_odd,,0,0.1875,3,d4e6,fca6,True,25,correct,0,True,5
seqpert_even_odd,even_odd,,0,0.3125,5,5d36,58a4,True,59,spurious,-1,False,5
seqpert_even_odd,even_odd,,0,0.1875,3,7c2e,fc6a,True,45,spurious,-1,False,5
seqpert_even_odd,even_odd,,0,0.1875,3,fcbf,fca6,True,25,correct,0,True,5
seqpert_even_odd,even_odd,,0,0.1875,3,ffe6,fca6,True,25,correct,0,True,5
seqpert_even_odd,even_odd,,0,0.1875,3,5ca4,58a4,True,11,spurious,-1,False,5
seqpert_even_odd,even_odd,,0,0.3125,5,dec4,58a4,True,45,spurious,-1,False,5
seqpert_even_odd,even_odd,,0,0.1875,3,5ca4,58a4,True,11,spurious,-1,False,5
seqpert_even_odd,even_odd,,0,0.3125,5,24b6,fca6,True,45,correct,0,True,5
seqpert_even_odd,even_odd,,0,0.1875,3,fc32,fca6,True,59,correct,0,True,5
seqpert_even_odd,even_odd,,0,0.3125,5,7e37,fca6,True,69,correct,0,True,5
seqpert_even_odd,even_odd,,0,0.1875,3,daa6,fca6,True,45,correct,0,True,5
seqpert_even_odd,even_odd,,0,0.3125,5,f0ef,fca6,True,45,correct,0,True,5
seqpert_even_odd,even_odd,,0,0.3125,5,d8f2,fca6,True,45,correct,0,True,5
seqpert_even_odd,even_odd,,0,0.3125,5,d4ec,58a4,True,45,spurious,-1,False,5
seqpert_even_odd,even_odd,,0,0.3125,5,3424,58a4,True,45,spurious,-1,False,5
seqpert_even_odd,even_odd,,0,0.1875,3,ec87,fca6,True,45,correct,0,True,5
seqpert_even_odd,even_odd,,0,0.1875,3,ac86,fca6,True,35,correct,0,True,5
seqpert_even_odd,even_odd,,0,0.3125,5,7a27,fca6,True,69,correct,0,True,5
seqpert_even_odd,even_odd,,0,0.1875,3,6c26,fca6,True,25,correct,0,True,5
seqpert_even_odd,even_odd,,0,0.1875,3,fc2f,fd4b,True,45,spurious,-1,False,5
seqpert_even_odd,even_odd,,0,0.3125,5,f4b1,fca6,True,35,correct,0,True,5
seqpert_even_odd,even_odd,,0,0.3125,5,5da5,58a4,True,11,spurious,-1,False,5
seqpert_even_odd,even_odd,,0,0.3125,5,e494,fca6,True,49,correct,0,True,5
seqpert_even_odd,even_odd,,0,0.3125,5,7d04,1905,True,45,spurious,-1,False,5
seqpert_even_odd,even_odd,,0,0.1875,3,ecb4,fca6,True,35,correct,0,True,5
seqpert_even_odd,even_odd,,0,0.3125,5,7984,58a4,True,35,spurious,-1,False,5
seqpert_even_odd,even_odd,,0,0.3125,5,8c22,fca6,True,59,correct,0,True,5
seqpert_even_odd,even_odd,,0,0.3125,5,74e3,fca6,True,45,correct,0,True,5
seqpert_even_odd,even_odd,,0,0.3125,5,51a6,58a4,True,25,spurious,-1,False,5
seqpert_even_odd,even_odd,,0,0.3125,5,7485,58a4,True,59,spurious,-1,False,5
seqpert_even_odd,even_odd,,0,0.3125,5,f9b0,fca6,True,45,correct,0,True,5
seqpert_even_odd,even_odd,,0,0.3125,5,9866,fca6,True,45,correct,0,True,5
seqpert_even_odd,even_odd,,0,0.3125,5,ec63,fd4b,True,35,spurious,-1,False,5
seqpert_even_odd,even_odd,,0,0.1875,3,ec24,fca6,True,25,correct,0,True,5
seqpert_even_odd,even_odd,,0,0.1875,3,fd87,bd07,True,25,wrong_pattern,3,False,5
seqpert_even_odd,even_odd,,0,0.3125,5,7eab,fca6,True,35,correct,0,True,5
seqpert_even_odd,even_odd,,0,0.0625,1,dca6,fca6,True,25,correct,0,True,5
seqpert_even_odd,even_odd,,0,0.1875,3,fcef,fca6,True,45,correct,0,True,5
seqpert_even_odd,even_odd,,0,0.1875,3,bea7,fca6,True,25,correct,0,True,5
seqpert_even_odd,even_odd,,0,0.1875,3,dc66,fca6,True,59,correct,0,True,5
seqpert_even_odd,even_odd,,0,0.1875,3,f2a6,a6b6,True,21,wrong_pattern,2,False,5
seqpert_even_odd,even_odd,,0,0.1875,3,fc32,fca6,True,59,correct,0,True,5
seqpert_even_odd,even_odd,,0,0.1875,3,fc0e,fd4b,True,11,spurious,-1,False,5
seqpert_even_odd,even_odd,,0,0.1875,3,7caa,fca6,True,35,correct,0,True,5
seqpert_even_odd,even_odd,,0,0.0625,1,fc86,fca6,True,25,correct,0,True,5
seqpert_even_odd,even_odd,,0,0.1875,3,f9a4,fca6,True,45,correct,0,True,5
seqpert_even_odd,even_odd,,0,0.3125,5,7726,a6b6,True,89,wrong_pattern,2,False,5
seqpert_even_odd,even_odd,,0,0.1875,3,dcee,fca6,True,35,correct,0,True,5
seqpert_even_odd,even_odd,,0,0.1875,3,78e6,fca6,True,45,correct,0,True,5
seqpert_even_odd,even_odd,,0,0.1875,3,bea7,fca6,True,25,correct,0,True,5
seqpert_even_odd,even_odd,,0,0.3125,5,49a6,58a4,True,25,spurious,-1,False,5
seqpert_even_odd,even_odd,,0,0.1875,3,5c86,58a4,True,45,spurious,-1,False,5
seqpert_even_odd,even_odd,,0,0.1875,3,e4a2,fca6,True,35,correct,0,True,5
seqpert_even_odd,even_odd,,0,0.1875,3,fdb2,fca6,True,11,correct,0,True,5
seqpert_even_odd,even_odd,,0,0.3125,5,75c6,fca6,True,59,correct,0,True,5
seqpert_even_odd,even_odd,,0,0.3125,5,3ca1,58a4,True,45,spurious,-1,False,5
seqpert_even_odd,even_odd,,0,0.3125,5,a484,fca6,True,49,correct,0,True,5
seqpert_even_odd,even_odd,,0,0.3125,5,fc45,bd07,True,51,wrong_pattern,3,False,5
seqpert_even_odd,even_odd,,0,0.3125,5,8ca5,58a4,True,45,spurious,-1,False,5
seqpert_even_odd,even_odd,,0,0.1875,3,6ca7,fca6,True,25,correct,0,True,5
seqpert_even_odd,even_odd,,0,0.1875,3,f4ac,fca6,True,25,correct,0,True,5
seqpert_even_odd,even_odd,,0,0.1875,3,fd96,fca6,True,45,correct,0,True,5
seqpert_even_odd,even_odd,,0,0.1875,3,bcc6,fca6,True,35,correct,0,True,5
seqpert_even_odd,even_odd,,0,0.3125,5,3c9e,fca6,True,35,correct,0,True,5
seqpert_even_odd,even_odd,,0,0.3125,5,6626,e6fa,True,41,spurious,-1,False,5
seqpert_even_odd,even_odd,,0,0.3125,5,fe77,fca6,True,59,correct,0,True,5
seqpert_even_odd,even_odd,,0,0.3125,5,9836,fca6,True,45,correct,0,True,5
seqpert_even_odd,even_odd,,0,0.1875,3,fdbe,fca6,True,25,correct,0,True,5
seqpert_even_odd,even_odd,,1,0.3125,5,57b1,2b4,True,11,spurious,-1,False,5
seqpert_even_odd,even_odd,,1,0.1875,3,bb4,58a4,True,55,spurious,-1,False,5
seqpert_even_odd,even_odd,,1,0.1875,3,3a9d,2b4,True,35,spurious,-1,False,5
seqpert_even_odd,even_odd,,1,0.0625,1,1b97,1b95,True,25,correct,1,True,5
seqpert_even_odd,even_odd,,1,0.3125,5,af4,2b4,True,35,spurious,-1,False,5
seqpert_even_odd,even_odd,,1,0.3125,5,39fd,58a4,True,45,spurious,-1,False,5
seqpert_even_odd,even_odd,,1,0.3125,5,8ac5,58a4,True,123,spurious,-1,False,5
seqpert_even_odd,even_odd,,1,0.1875,3,1f9f,395,True,59,spurious,-1,False,5
seqpert_even_odd,even_odd,,1,0.1875,3,9b87,bf97,True,45,spurious,-1,False,5
seqpert_even_odd,even_odd,,1,0.1875,3,539d,395,True,49,spurious,-1,False,5
seqpert_even_odd,even_odd,,1,0.3125,5,57bd,2b4,True,45,spurious,-1,False,5
seqpert_even_odd,even_odd,,1,0.1875,3,1987,1905,True,25,spurious,-1,False,5
seqpert_even_odd,even_odd,,1,0.1875,3,11b5,2b4,True,49,spurious,-1,False,5
seqpert_even_odd,even_odd,,1,0.3125,5,79d1,1905,True,35,spurious,-1,False,5
seqpert_even_odd,even_odd,,1,0.1875,3,3bd4,2b4,True,35,spurious,-1,False,5
seqpert_even_odd,even_odd,,1,0.0625,1,1f95,1b95,True,11,correct,1,True,5
seqpert_even_odd,even_odd,,1,0.1875,3,5b9c,58a4,True,45,spurious,-1,False,5
seqpert_even_odd,even_odd,,1,0.3125,5,1a18,359,True,55,spurious,-1,False,5
seqpert_even_odd,even_odd,,1,0.3125,5,7993,bd07,True,45,wrong_pattern,3,False,5
seqpert_even_odd,even_odd,,1,0.3125,5,1327,395,True,45,spurious,-1,False,5
seqpert_even_odd,even_odd,,1,0.1875,3,5f91,1b95,True,21,correct,1,True,5
seqpert_even_odd,even_odd,,1,0.3125,5,df11,1905,True,69,spurious,-1,False,5
seqpert_even_odd,even_odd,,1,0.1875,3,9fb5,58a4,True,59,spurious,-1,False,5
seqpert_even_odd,even_odd,,1,0.3125,5,17d6,2b4,True,45,spurious,-1,False,5
seqpert_even_odd,even_odd,,1,0.1875,3,9b81,1b95,True,45,correct,1,True,5
seqpert_even_odd,even_odd,,1,0.1875,3,2b85,1b95,True,45,correct,1,True,5
seqpert_even_odd,even_odd,,1,0.3125,5,1ad8,2b4,True,35,spurious,-1,False,5
seqpert_even_odd,even_odd,,1,0.3125,5,8305,395,True,35,spurious,-1,False,5
seqpert_even_odd,even_odd,,1,0.1875,3,1984,58a4,True,45,spurious,-1,False,5
seqpert_even_odd,even_odd,,1,0.3125,5,db57,bd07,True,69,wrong_pattern,3,False,5
seqpert_even_odd,even_odd,,1,0.3125,5,4bf1,58a4,True,55,spurious,-1,False,5
seqpert_even_odd,even_odd,,1,0.1875,3,1e91,2b4,True,35,spurious,-1,False,5
seqpert_even_odd,even_odd,,1,0.1875,3,1a8d,58a4,True,59,spurious,-1,False,5
seqpert_even_odd,even_odd,,1,0.3125,5,8a96,fca6,True,89,wrong_pattern,0,False,5
seqpert_even_odd,even_odd,,1,0.1875,3,1b8c,58a4,True,59,spurious,-1,False,5
seqpert_even_odd,even_odd,,1,0.1875,3,da95,58a4,True,35,spurious,-1,False,5
seqpert_even_odd,even_odd,,1,0.3125,5,13d8,359,True,59,spurious,-1,False,5
seqpert_even_odd,even_odd,,1,0.3125,5,9a0d,359,True,85,spurious,-1,False,5
seqpert_even_odd,even_odd,,1,0.3125,5,2d94,58a4,True,75,spurious,-1,False,5
seqpert_even_odd,even_odd,,1,0.3125,5,37b4,2b4,True,45,spurious,-1,False,5
seqpert_even_odd,even_odd,,1,0.3125,5,11dc,359,True,85,spurious,-1,False,5
seqpert_even_odd,even_odd,,1,0.1875,3,1f9f,395,True,59,spurious,-1,False,5
seqpert_even_odd,even_odd,,1,0.3125,5,23c5,395,True,35,spurious,-1,False,5
seqpert_even_odd,even_odd,,1,0.1875,3,9f85,1b95,True,45,correct,1,True,5
seqpert_even_odd,even_odd,,1,0.1875,3,191d,1905,True,45,spurious,-1,False,5
seqpert_even_odd,even_odd,,1,0.1875,3,1894,58a4,True,35,spurious,-1,False,5
seqpert_even_odd,even_odd,,1,0.3125,5,1d89,1905,True,35,spurious,-1,False,5
seqpert_even_odd,even_odd,,1,0.3125,5,4a99,2b4,True,45,spurious,-1,False,5
seqpert_even_odd,even_odd,,1,0.1875,3,3bc5,1b95,True,45,correct,1,True,5
seqpert_even_odd,even_odd,,1,0.1875,3,1dd5,1905,True,45,spurious,-1,False,5
seqpert_even_odd,even_odd,,1,0.3125,5,31c5,395,True,49,spurious,-1,False,5
seqpert_even_odd,even_odd,,1,0.1875,3,9bd4,2b4,True,35,spurious,-1,False,5
seqpert_even_odd,even_odd,,1,0.3125,5,281,2b4,True,45,spurious,-1,False,5
seqpert_even_odd,even_odd,,1,0.0625,1,1b94,58a4,True,69,spurious,-1,False,5
seqpert_even_odd,even_odd,,1,0.3125,5,3baf,fca6,True,45,wrong_pattern,0,False,5
seqpert_even_odd,even_odd,,1,0.1875,3,9b81,1b95,True,45,correct,1,True,5
seqpert_even_odd,even_odd,,1,0.3125,5,7f96,fca6,True,35,wrong_pattern,0,False,5
seqpert_even_odd,even_odd,,1,0.3125,5,1b3e,2b4,True,93,spurious,-1,False,5
seqpert_even_odd,even_odd,,1,0.3125,5,a16,58a4,True,123,spurious,-1,False,5
seqpert_even_odd,even_odd,,1,0.0625,1,1395,395,True,11,spurious,-1,False,5
seqpert_even_odd,even_odd,,1,0.1875,3,939d,395,True,49,spurious,-1,False,5
seqpert_even_odd,even_odd,,1,0.1875,3,9f9d,395,True,59,spurious,-1,False,5
seqpert_even_odd,even_odd,,1,0.1875,3,1f05,1b95,True,45,correct,1,True,5
seqpert_even_odd,even_odd,,1,0.1875,3,7bd5,1905,True,35,spurious,-1,False,5
seqpert_even_odd,even_odd,,1,0.3125,5,1845,1905,True,21,spurious,-1,False,5
seqpert_even_odd,even_odd,,1,0.3125,5,1bfe,2b4,True,35,spurious,-1,False,5
seqpert_even_odd,even_odd,,1,0.3125,5,17d6,2b4,True,45,spurious,-1,False,5
seqpert_even_odd,even_odd,,1,0.3125,5,378d,395,True,79,spurious,-1,False,5
seqpert_even_odd,even_odd,,1,0.3125,5,97b4,2b4,True,45,spurious,-1,False,5
seqpert_even_odd,even_odd,,1,0.1875,3,1785,395,True,11,spurious,-1,False,5
seqpert_even_odd,even_odd,,1,0.3125,5,919f,a797,True,79,spurious,-1,False,5
seqpert_even_odd,even_odd,,1,0.3125,5,1d86,58a4,True,45,spurious,-1,False,5
seqpert_even_odd,even_odd,,1,0.1875,3,9385,395,True,45,spurious,-1,False,5
seqpert_even_odd,even_odd,,1,0.3125,5,fb3,2b4,True,69,spurious,-1,False,5
seqpert_even_odd,even_odd,,1,0.1875,3,1791,395,True,11,spurious,-1,False,5
seqpert_even_odd,even_odd,,1,0.3125,5,13e1,2b4,True,21,spurious,-1,False,5
seqpert_even_odd,even_odd,,1,0.3125,5,907,1905,True,25,spurious,-1,False,5
seqpert_even_odd,even_odd,,1,0.3125,5,311d,359,True,35,spurious,-1,False,5
seqpert_even_odd,even_odd,,1,0.1875,3,1d9d,1905,True,35,spurious,-1,False,5
seqpert_even_odd,even_odd,,1,0.1875,3,2b91,395,True,35,spurious,-1,False,5
seqpert_even_odd,even_odd,,1,0.1875,3,5bd4,58a4,True,35,spurious,-1,False,5
seqpert_even_odd,even_odd,,1,0.3125,5,9ad0,2b4,True,35,spurious,-1,False,5
seqpert_even_odd,even_odd,,1,0.3125,5,b996,fca6,True,45,wrong_pattern,0,False,5
seqpert_even_odd,even_odd,,1,0.3125,5,9b59,359,True,25,spurious,-1,False,5
seqpert_even_odd,even_odd,,1,0.1875,3,7f95,1905,True,69,spurious,-1,False,5
seqpert_even_odd,even_odd,,1,0.3125,5,d993,bd07,True,45,wrong_pattern,3,False,5
seqpert_even_odd,even_odd,,1,0.3125,5,438d,359,True,35,spurious,-1,False,5
seqpert_even_odd,even_odd,,1,0.3125,5,4e97,58a4,True,89,spurious,-1,False,5
seqpert_even_odd,even_odd,,1,0.3125,5,1aac,58a4,True,25,spurious,-1,False,5
seqpert_even_odd,even_odd,,1,0.3125,5,9325,395,True,45,spurious,-1,False,5
seqpert_even_odd,even_odd,,1,0.3125,5,4d91,1905,True,45,spurious,-1,False,5
seqpert_even_odd,even_odd,,1,0.1875,3,59d5,1905,True,25,spurious,-1,False,5
seqpert_even_odd,even_odd,,1,0.1875,3,1815,1905,True,11,spurious,-1,False,5
seqpert_even_odd,even_odd,,1,0.1875,3,bd1,1b95,True,21,correct,1,True,5
seqpert_even_odd,even_odd,,1,0.1875,3,1e91,2b4,True,35,spurious,-1,False,5
seqpert_even_odd,even_odd,,1,0.3125,5,1321,359,True,49,spurious,-1,False,5
seqpert_even_odd,even_odd,,1,0.1875,3,997,1905,True,55,spurious,-1,False,5
seqpert_even_odd,even_odd,,1,0.3125,5,2be5,58a4,True,55,spurious,-1,False,5
seqpert_even_odd,even_odd,,1,0.1875,3,3bd7,a797,True,69,spurious,-1,False,5
seqpert_even_odd,even_odd,,1,0.3125,5,9301,359,True,45,spurious,-1,False,5
seqpert_even_odd,even_odd,,2,0.1875,3,a276,e6fa,True,45,spurious,-1,False,5
seqpert_even_odd,even_odd,,2,0.3125,5,6db6,fca6,True,35,wrong_pattern,0,False,5
seqpert_even_odd,even_odd,,2,0.1875,3,a0f6,fca6,True,45,wrong_pattern,0,False,5
seqpert_even_odd,even_odd,,2,0.1875,3,82a6,a6b6,True,45,correct,2,True,5
seqpert_even_odd,even_odd,,2,0.1875,3,a0be,e6fa,True,69,spurious,-1,False,5
seqpert_even_odd,even_odd,,2,0.3125,5,d6bf,a6b6,True,45,correct,2,True,5
seqpert_even_odd,even_odd,,2,0.1875,3,e686,fca6,True,69,wrong_pattern,0,False,5
seqpert_even_odd,even_odd,,2,0.3125,5,25b0,2b4,True,59,spurious,-1,False,5
seqpert_even_odd,even_odd,,2,0.0625,1,26b6,a6b6,True,25,correct,2,True,5
seqpert_even_odd,even_odd,,2,0.1875,3,c7b6,a6b6,True,25,correct,2,True,5
seqpert_even_odd,even_odd,,2,0.3125,5,3716,a797,True,45,spurious,-1,False,5
seqpert_even_odd,even_odd,,2,0.1875,3,a6bd,a6b6,True,25,correct,2,True,5
seqpert_even_odd,even_odd,,2,0.3125,5,c6d2,a6b6,True,45,correct,2,True,5
seqpert_even_odd,even_odd,,2,0.3125,5,b0b3,fca6,True,45,wrong_pattern,0,False,5
seqpert_even_odd,even_odd,,2,0.3125,5,f5a6,fca6,True,25,wrong_pattern,0,False,5
seqpert_even_odd,even_odd,,2,0.1875,3,a29e,a6b6,True,25,correct,2,True,5
seqpert_even_odd,even_odd,,2,0.1875,3,a63c,e6fa,True,35,spurious,-1,False,5
seqpert_even_odd,even_odd,,2,0.3125,5,7ba,2b4,True,59,spurious,-1,False,5
seqpert_even_odd,even_odd,,2,0.3125,5,8277,a732,False,1636,oscillated,-1,False,5
seqpert_even_odd,even_odd,,2,0.1875,3,a276,e6fa,True,45,spurious,-1,False,5
seqpert_even_odd,even_odd,,2,0.1875,3,afbe,a6b6,True,35,correct,2,True,5
seqpert_even_odd,even_odd,,2,0.3125,5,c4f4,58a4,True,79,spurious,-1,False,5
seqpert_even_odd,even_odd,,2,0.3125,5,e0b3,a6b6,True,51,correct,2,True,5
seqpert_even_odd,even_odd,,2,0.3125,5,eed7,fca6,True,89,wrong_pattern,0,False,5
seqpert_even_odd,even_odd,,2,0.1875,3,a0b2,fca6,True,45,wrong_pattern,0,False,5
seqpert_even_odd,even_odd,,2,0.1875,3,e736,a75b,True,83,spurious,-1,False,5
seqpert_even_odd,even_odd,,2,0.3125,5,ae3b,a75b,True,59,spurious,-1,False,5
seqpert_even_odd,even_odd,,2,0.1875,3,86b3,a6b6,True,25,correct,2,True,5
seqpert_even_odd,even_odd,,2,0.1875,3,2496,a6b6,True,25,correct,2,True,5
seqpert_even_odd,even_odd,,2,0.3125,5,42b2,2b4,True,35,spurious,-1,False,5
seqpert_even_odd,even_odd,,2,0.1875,3,8637,a6b6,True,59,correct,2,True,5
seqpert_even_odd,even_odd,,2,0.1875,3,e7b4,a6b6,True,25,correct,2,True,5
seqpert_even_odd,even_odd,,2,0.1875,3,e2b2,a6b6,True,21,correct,2,True,5
seqpert_even_odd,even_odd,,2,0.3125,5,b2d2,a6b6,True,35,correct,2,True,5
seqpert_even_odd,even_odd,,2,0.3125,5,26e3,a6b6,True,55,correct,2,True,5
seqpert_even_odd,even_odd,,2,0.1875,3,636,2b4,True,45,spurious,-1,False,5
seqpert_even_odd,even_odd,,2,0.3125,5,23e6,a6b6,True,45,correct,2,True,5
seqpert_even_odd,even_odd,,2,0.3125,5,e227,a75b,True,83,spurious,-1,False,5
seqpert_even_odd,even_odd,,2,0.1875,3,a79e,a6b6,True,35,correct,2,True,5
seqpert_even_odd,even_odd,,2,0.3125,5,66b1,2b4,True,45,spurious,-1,False,5
seqpert_even_odd,even_odd,,2,0.3125,5,80a7,fca6,True,45,wrong_pattern,0,False,5
seqpert_even_odd,even_odd,,2,0.1875,3,64b6,fca6,True,35,wrong_pattern,0,False,5
seqpert_even_odd,even_odd,,2,0.1875,3,96f6,a6b6,True,25,correct,2,True,5
seqpert_even_odd,even_odd,,2,0.3125,5,82ee,e6fa,True,45,spurious,-1,False,5
seqpert_even_odd,even_odd,,2,0.1875,3,a4a7,fca6,True,45,wrong_pattern,0,False,5
seqpert_even_odd,even_odd,,2,0.0625,1,a7b6,a6b6,True,11,correct,2,True,5
seqpert_even_odd,even_odd,,2,0.0625,1,a6b2,a6b6,True,11,correct,2,True,5
seqpert_even_odd,even_odd,,2,0.1875,3,c6a6,fca6,True,69,wrong_pattern,0,False,5
seqpert_even_odd,even_odd,,2,0.1875,3,6f6,2b4,True,45,spurious,-1,False,5
seqpert_even_odd,even_odd,,2,0.1875,3,e6bf,e6fa,True,21,spurious,-1,False,5
seqpert_even_odd,even_odd,,2,0.1875,3,b2be,e6fa,True,51,spurious,-1,False,5
seqpert_even_odd,even_odd,,2,0.3125,5,7ba,2b4,True,59,spurious,-1,False,5
seqpert_even_odd,even_odd,,2,0.3125,5,e49c,e6fa,True,49,spurious,-1,False,5
seqpert_even_odd,even_odd,,2,0.3125,5,7b3,2b4,True,45,spurious,-1,False,5
seqpert_even_odd,even_odd,,2,0.1875,3,f6b2,a6b6,True,21,correct,2,True,5
seqpert_even_odd,even_odd,,2,0.3125,5,b72e,a75b,True,79,spurious,-1,False,5
seqpert_even_odd,even_odd,,2,0.1875,3,a426,fca6,True,35,wrong_pattern,0,False,5
seqpert_even_odd,even_odd,,2,0.3125,5,2b3,2b4,True,25,spurious,-1,False,5
seqpert_even_odd,even_odd,,2,0.1875,3,36be,e6fa,True,51,spurious,-1,False,5
seqpert_even_odd,even_odd,,2,0.3125,5,e495,fca6,True,83,wrong_pattern,0,False,5
seqpert_even_odd,even_odd,,2,0.3125,5,9e34,58a4,True,59,spurious,-1,False,5
seqpert_even_odd,even_odd,,2,0.1875,3,9636,a6b6,True,45,correct,2,True,5
seqpert_even_odd,even_odd,,2,0.3125,5,a8e6,fca6,True,21,wrong_pattern,0,False,5
seqpert_even_odd,even_odd,,2,0.1875,3,22a6,a6b6,True,45,correct,2,True,5
seqpert_even_odd,even_odd,,2,0.1875,3,aeae,fca6,True,45,wrong_pattern,0,False,5
seqpert_even_odd,even_odd,,2,0.1875,3,a73e,a75b,True,45,spurious,-1,False,5
seqpert_even_odd,even_odd,,2,0.0625,1,e6b6,a6b6,True,11,correct,2,True,5
seqpert_even_odd,even_odd,,2,0.3125,5,2277,a732,False,1636,oscillated,-1,False,5
seqpert_even_odd,even_odd,,2,0.1875,3,f636,a6b6,True,45,correct,2,True,5
seqpert_even_odd,even_odd,,2,0.1875,3,a6b8,e6fa,True,35,spurious,-1,False,5
seqpert_even_odd,even_odd,,2,0.3125,5,a53c,a75b,True,45,spurious,-1,False,5
seqpert_even_odd,even_odd,,2,0.3125,5,e206,a75b,True,45,spurious,-1,False,5
seqpert_even_odd,even_odd,,2,0.3125,5,e7e2,e6fa,True,45,spurious,-1,False,5
seqpert_even_odd,even_odd,,2,0.0625,1,a696,a6b6,True,25,correct,2,True,5
seqpert_even_odd,even_odd,,2,0.0625,1,26b6,a6b6,True,25,correct,2,True,5
seqpert_even_odd,even_odd,,2,0.3125,5,4ae,42f8,True,69,spurious,-1,False,5
seqpert_even_odd,even_odd,,2,0.1875,3,e6b5,a6b6,True,25,correct,2,True,5
seqpert_even_odd,even_odd,,2,0.1875,3,a7f4,a6b6,True,25,correct,2,True,5
seqpert_even_odd,even_odd,,2,0.3125,5,a7e5,a6b6,True,45,correct,2,True,5
seqpert_even_odd,even_odd,,2,0.3125,5,a3c6,a6b6,True,45,correct,2,True,5
seqpert_even_odd,even_odd,,2,0.3125,5,9232,e6fa,True,45,spurious,-1,False,5
seqpert_even_odd,even_odd,,2,0.3125,5,f7a2,a6b6,True,21,correct,2,True,5
seqpert_even_odd,even_odd,,2,0.1875,3,27be,a6b6,True,25,correct,2,True,5
seqpert_even_odd,even_odd,,2,0.1875,3,aca6,fca6,True,21,wrong_pattern,0,False,5
seqpert_even_odd,even_odd,,2,0.1875,3,a3b4,a6b6,True,45,correct,2,True,5
seqpert_even_odd,even_odd,,2,0.3125,5,9e97,fca6,True,69,wrong_pattern,0,False,5
seqpert_even_odd,even_odd,,2,0.1875,3,2694,2b4,True,45,spurious,-1,False,5
seqpert_even_odd,even_odd,,2,0.3125,5,8e77,a732,False,1636,oscillated,-1,False,5
seqpert_even_odd,even_odd,,2,0.1875,3,a0f6,fca6,True,45,wrong_pattern,0,False,5
seqpert_even_odd,even_odd,,2,0.3125,5,25bc,2b4,True,45,spurious,-1,False,5
seqpert_even_odd,even_odd,,2,0.1875,3,b686,a6b6,True,45,correct,2,True,5
seqpert_even_odd,even_odd,,2,0.3125,5,adba,fca6,True,45,wrong_pattern,0,False,5
seqpert_even_odd,even_odd,,2,0.3125,5,6237,a75b,True,83,spurious,-1,False,5
seqpert_even_odd,even_odd,,2,0.1875,3,8626,a6b6,True,25,correct,2,True,5
seqpert_even_odd,even_odd,,2,0.3125,5,2a97,fca6,True,89,wrong_pattern,0,False,5
seqpert_even_odd,even_odd,,2,0.1875,3,eebe,fca6,True,45,wrong_pattern,0,False,5
seqpert_even_odd,even_odd,,2,0.3125,5,b4e7,fca6,True,45,wrong_pattern,0,False,5
seqpert_even_odd,even_odd,,2,0.3125,5,e680,a6b6,True,45,correct,2,True,5
seqpert_even_odd,even_odd,,2,0.3125,5,2a76,e6fa,True,45,spurious,-1,False,5
seqpert_even_odd,even_odd,,2,0.3125,5,7bf,2b4,True,45,spurious,-1,False,5
seqpert_even_odd,even_odd,,3,0.3125,5,f584,fca6,True,59,wrong_pattern,0,False,5
seqpert_even_odd,even_odd,,3,0.3125,5,d945,1905,True,35,spurious,-1,False,5
seqpert_even_odd,even_odd,,3,0.1875,3,bc26,fca6,True,25,wrong_pattern,0,False,5
seqpert_even_odd,even_odd,,3,0.1875,3,b703,a75b,True,45,spurious,-1,False,5
seqpert_even_odd,even_odd,,3,0.3125,5,f785,bf97,True,35,spurious,-1,False,5
seqpert_even_odd,even_odd,,3,0.1875,3,ed47,bd07,True,21,correct,3,True,5
seqpert_even_odd,even_odd,,3,0.0625,1,3d07,bd07,True,25,correct,3,True,5
seqpert_even_odd,even_odd,,3,0.3125,5,bf1a,a75b,True,35,spurious,-1,False,5
seqpert_even_odd,even_odd,,3,0.3125,5,cd1f,fd4b,True,45,spurious,-1,False,5
seqpert_even_odd,even_odd,,3,0.3125,5,5d45,1905,True,21,spurious,-1,False,5
seqpert_even_odd,even_odd,,3,0.3125,5,1c01,1905,True,21,spurious,-1,False,5
seqpert_even_odd,even_odd,,3,0.3125,5,fc09,fd4b,True,25,spurious,-1,False,5
seqpert_even_odd,even_odd,,3,0.1875,3,b417,bf97,True,25,spurious,-1,False,5
seqpert_even_odd,even_odd,,3,0.1875,3,9d16,bd07,True,45,correct,3,True,5
seqpert_even_odd,even_odd,,3,0.1875,3,be06,fca6,True,69,wrong_pattern,0,False,5
seqpert_even_odd,even_odd,,3,0.3125,5,bc6e,fc6a,True,21,spurious,-1,False,5
seqpert_even_odd,even_odd,,3,0.1875,3,b103,a75b,True,45,spurious,-1,False,5
seqpert_even_odd,even_odd,,3,0.3125,5,f70b,a75b,True,21,spurious,-1,False,5
seqpert_even_odd,even_odd,,3,0.1875,3,a927,bd07,True,25,correct,3,True,5
seqpert_even_odd,even_odd,,3,0.1875,3,bd42,bd07,True,21,correct,3,True,5
seqpert_even_odd,even_odd,,3,0.0625,1,bd27,bd07,True,25,correct,3,True,5
seqpert_even_odd,even_odd,,3,0.3125,5,5d2f,5949,True,45,spurious,-1,False,5
seqpert_even_odd,even_odd,,3,0.3125,5,8d2d,5949,True,45,spurious,-1,False,5
seqpert_even_odd,even_odd,,3,0.3125,5,3d73,bd07,True,45,correct,3,True,5
seqpert_even_odd,even_odd,,3,0.1875,3,ed47,bd07,True,21,correct,3,True,5
seqpert_even_odd,even_odd,,3,0.1875,3,9d16,bd07,True,45,correct,3,True,5
seqpert_even_odd,even_odd,,3,0.1875,3,b913,bd07,True,11,correct,3,True,5
seqpert_even_odd,even_odd,,3,0.1875,3,3d0d,1905,True,45,spurious,-1,False,5
seqpert_even_odd,even_odd,,3,0.1875,3,b943,bd07,True,21,correct,3,True,5
seqpert_even_odd,even_odd,,3,0.1875,3,8d0f,fd4b,True,45,spurious,-1,False,5
seqpert_even_odd,even_odd,,3,0.1875,3,3587,a797,True,55,spurious,-1,False,5
seqpert_even_odd,even_odd,,3,0.0625,1,9d07,bd07,True,25,correct,3,True,5
seqpert_even_odd,even_odd,,3,0.1875,3,bd66,bd07,True,59,correct,3,True,5
seqpert_even_odd,even_odd,,3,0.1875,3,3d43,bd07,True,35,correct,3,True,5
seqpert_even_odd,even_odd,,3,0.3125,5,9a27,fca6,True,93,wrong_pattern,0,False,5
seqpert_even_odd,even_odd,,3,0.1875,3,b403,a75b,True,45,spurious,-1,False,5
seqpert_even_odd,even_odd,,3,0.0625,1,9d07,bd07,True,25,correct,3,True,5
seqpert_even_odd,even_odd,,3,0.3125,5,3402,fd4b,True,35,spurious,-1,False,5
seqpert_even_odd,even_odd,,3,0.3125,5,a99f,bd07,True,65,correct,3,True,5
seqpert_even_odd,even_odd,,3,0.3125,5,6d2f,fd4b,True,35,spurious,-1,False,5
seqpert_even_odd,even_odd,,3,0.1875,3,bf1f,a75b,True,45,spurious,-1,False,5
seqpert_even_odd,even_odd,,3,0.3125,5,b5d3,a75b,True,59,spurious,-1,False,5
seqpert_even_odd,even_odd,,3,0.1875,3,a917,bd07,True,11,correct,3,True,5
seqpert_even_odd,even_odd,,3,0.1875,3,b307,a797,True,45,spurious,-1,False,5
seqpert_even_odd,even_odd,,3,0.1875,3,f906,bd07,True,11,correct,3,True,5
seqpert_even_odd,even_odd,,3,0.1875,3,bc2f,fd4b,True,65,spurious,-1,False,5
seqpert_even_odd,even_odd,,3,0.1875,3,af0f,a75b,True,35,spurious,-1,False,5
seqpert_even_odd,even_odd,,3,0.1875,3,bd1b,bd07,True,59,correct,3,True,5
seqpert_even_odd,even_odd,,3,0.3125,5,1945,1905,True,11,spurious,-1,False,5
seqpert_even_odd,even_odd,,3,0.3125,5,950c,359,True,45,spurious,-1,False,5
seqpert_even_odd,even_odd,,3,0.1875,3,ad01,fd4b,True,93,spurious,-1,False,5
seqpert_even_odd,even_odd,,3,0.1875,3,bf37,bf97,True,25,spurious,-1,False,5
seqpert_even_odd,even_odd,,3,0.1875,3,5d07,1905,True,45,spurious,-1,False,5
seqpert_even_odd,even_odd,,3,0.1875,3,9917,bd07,True,45,correct,3,True,5
seqpert_even_odd,even_odd,,3,0.1875,3,3d23,bd07,True,25,correct,3,True,5
seqpert_even_odd,even_odd,,3,0.1875,3,3d46,bd07,True,25,correct,3,True,5
seqpert_even_odd,even_odd,,3,0.3125,5,bdc0,fca6,True,45,wrong_pattern,0,False,5
seqpert_even_odd,even_odd,,3,0.3125,5,bb21,bf97,True,45,spurious,-1,False,5
seqpert_even_odd,even_odd,,3,0.1875,3,dd87,bd07,True,25,correct,3,True,5
seqpert_even_odd,even_odd,,3,0.3125,5,fc82,fca6,True,25,wrong_pattern,0,False,5
seqpert_even_odd,even_odd,,3,0.3125,5,3d6d,5949,True,45,spurious,-1,False,5
seqpert_even_odd,even_odd,,3,0.3125,5,191f,1905,True,45,spurious,-1,False,5
seqpert_even_odd,even_odd,,3,0.3125,5,3d94,58a4,True,45,spurious,-1,False,5
seqpert_even_odd,even_odd,,3,0.0625,1,bf07,bf97,True,45,spurious,-1,False,5
seqpert_even_odd,even_odd,,3,0.1875,3,fe07,bd07,True,35,correct,3,True,5
seqpert_even_odd,even_odd,,3,0.1875,3,bd12,bd07,True,11,correct,3,True,5
seqpert_even_odd,even_odd,,3,0.3125,5,f514,bd07,True,35,correct,3,True,5
seqpert_even_odd,even_odd,,3,0.1875,3,2c07,bd07,True,25,correct,3,True,5
seqpert_even_odd,even_odd,,3,0.0625,1,bd05,bd07,True,25,correct,3,True,5
seqpert_even_odd,even_odd,,3,0.1875,3,b103,a75b,True,45,spurious,-1,False,5
seqpert_even_odd,even_odd,,3,0.1875,3,3d97,bd07,True,45,correct,3,True,5
seqpert_even_odd,even_odd,,3,0.1875,3,bb47,bf97,True,45,spurious,-1,False,5
seqpert_even_odd,even_odd,,3,0.3125,5,b453,a75b,True,35,spurious,-1,False,5
seqpert_even_odd,even_odd,,3,0.1875,3,fd0d,fd4b,True,35,spurious,-1,False,5
seqpert_even_odd,even_odd,,3,0.1875,3,bd35,bd07,True,45,correct,3,True,5
seqpert_even_odd,even_odd,,3,0.3125,5,3c96,fca6,True,35,wrong_pattern,0,False,5
seqpert_even_odd,even_odd,,3,0.1875,3,b827,fca6,True,59,wrong_pattern,0,False,5
seqpert_even_odd,even_odd,,3,0.3125,5,1904,1905,True,11,spurious,-1,False,5
seqpert_even_odd,even_odd,,3,0.1875,3,9d85,1905,True,45,spurious,-1,False,5
seqpert_even_odd,even_odd,,3,0.1875,3,bf57,a797,True,35,spurious,-1,False,5
seqpert_even_odd,even_odd,,3,0.1875,3,b127,bd07,True,25,correct,3,True,5
seqpert_even_odd,even_odd,,3,0.3125,5,b508,a75b,True,55,spurious,-1,False,5
seqpert_even_odd,even_odd,,3,0.3125,5,1967,1905,True,25,spurious,-1,False,5
seqpert_even_odd,even_odd,,3,0.3125,5,ba04,fca6,True,69,wrong_pattern,0,False,5
seqpert_even_odd,even_odd,,3,0.3125,5,1945,1905,True,11,spurious,-1,False,5
seqpert_even_odd,even_odd,,3,0.3125,5,9d54,1905,True,45,spurious,-1,False,5
seqpert_even_odd,even_odd,,3,0.3125,5,f941,fd4b,True,45,spurious,-1,False,5
seqpert_even_odd,even_odd,,3,0.3125,5,b5a1,fca6,True,55,wrong_pattern,0,False,5
seqpert_even_odd,even_odd,,3,0.1875,3,b147,a75b,True,45,spurious,-1,False,5
seqpert_even_odd,even_odd,,3,0.0625,1,bd17,bd07,True,11,correct,3,True,5
seqpert_even_odd,even_odd,,3,0.1875,3,dd03,bd07,True,35,correct,3,True,5
seqpert_even_odd,even_odd,,3,0.0625,1,b907,bd07,True,11,correct,3,True,5
seqpert_even_odd,even_odd,,3,0.1875,3,7d27,bd07,True,35,correct,3,True,5
seqpert_even_odd,even_odd,,3,0.3125,5,9137,bf97,True,45,spurious,-1,False,5
seqpert_even_odd,even_odd,,3,0.1875,3,b9a7,fca6,True,11,wrong_pattern,0,False,5
seqpert_even_odd,even_odd,,3,0.1875,3,bcc7,fca6,True,45,wrong_pattern,0,False,5
seqpert_even_odd,even_odd,,3,0.3125,5,9593,a797,True,49,spurious,-1,False,5
seqpert_even_odd,even_odd,,3,0.3125,5,f0f,359,True,45,spurious,-1,False,5
seqpert_even_odd,even_odd,,3,0.1875,3,8d87,bd07,True,55,correct,3,True,5
seqpert_even_odd,even_odd,,3,0.3125,5,a963,fd4b,True,45,spurious,-1,False,5
seqpert_even_odd,even_odd,,0,0.25,4,bdbe,fca6,True,35,correct,0,True,6
seqpert_even_odd,even_odd,,0,0.25,4,9ce4,58a4,True,45,spurious,-1,False,6
seqpert_even_odd,even_odd,,0,0.375,6,3dec,58a4,True,45,spurious,-1,False,6
seqpert_even_odd,even_odd,,0,0.375,6,388a,fca6,True,45,correct,0,True,6
seqpert_even_odd,even_odd,,0,0.375,6,fa8b,fdce,False,1636,oscillated,-1,False,6
seqpert_even_odd,even_odd,,0,0.375,6,a8ea,fc6a,True,45,spurious,-1,False,6
seqpert_even_odd,even_odd,,0,0.25,4,78b2,fca6,True,45,correct,0,True,6
seqpert_even_odd,even_odd,,0,0.25,4,f4d6,fca6,True,35,correct,0,True,6
seqpert_even_odd,even_odd,,0,0.25,4,d4af,fca6,True,25,correct,0,True,6
seqpert_even_odd,even_odd,,0,0.25,4,b8a0,fca6,True,45,correct,0,True,6
seqpert_even_odd,even_odd,,0,0.375,6,ba32,fca6,True,45,correct,0,True,6
seqpert_even_odd,even_odd,,0,0.125,2,3ca6,fca6,True,25,correct,0,True,6
seqpert_even_odd,even_odd,,0,0.25,4,fced,fca6,True,45,correct,0,True,6
seqpert_even_odd,even_odd,,0,0.25,4,b82e,fc6a,True,21,spurious,-1,False,6
seqpert_even_odd,even_odd,,0,0.375,6,bc01,bd07,True,25,wrong_pattern,3,False,6
seqpert_even_odd,even_odd,,0,0.125,2,fea2,fca6,True,25,correct,0,True,6
seqpert_even_odd,even_odd,,0,0.25,4,bdac,fca6,True,35,correct,0,True,6
seqpert_even_odd,even_odd,,0,0.25,4,beb4,fca6,True,35,correct,0,True,6
seqpert_even_odd,even_odd,,0,0.25,4,b9e6,fca6,True,11,correct,0,True,6
seqpert_even_odd,even_odd,,0,0.25,4,ff96,fca6,True,35,correct,0,True,6
seqpert_even_odd,even_odd,,0,0.25,4,e88e,fca6,True,25,correct,0,True,6
seqpert_even_odd,even_odd,,0,0.25,4,dfa2,fca6,True,25,correct,0,True,6
seqpert_even_odd,even_odd,,0,0.375,6,b842,bd07,True,21,wrong_pattern,3,False,6
seqpert_even_odd,even_odd,,0,0.375,6,ebb2,fca6,True,55,correct,0,True,6
seqpert_even_odd,even_odd,,0,0.25,4,f7ae,a6b6,True,79,wrong_pattern,2,False,6
seqpert_even_odd,even_odd,,0,0.25,4,7eb2,fca6,True,25,correct,0,True,6
seqpert_even_odd,even_odd,,0,0.25,4,f4e5,fca6,True,25,correct,0,True,6
seqpert_even_odd,even_odd,,0,0.25,4,d6a7,fca6,True,69,correct,0,True,6
seqpert_even_odd,even_odd,,0,0.25,4,efb6,fca6,True,55,correct,0,True,6
seqpert_even_odd,even_odd,,0,0.25,4,70e6,fca6,True,45,correct,0,True,6
seqpert_even_odd,even_odd,,0,0.375,6,9e3e,e6fa,True,65,spurious,-1,False,6
seqpert_even_odd,even_odd,,0,0.25,4,f437,fca6,True,59,correct,0,True,6
seqpert_even_odd,even_odd,,0,0.25,4,3cb4,58a4,True,45,spurious,-1,False,6
seqpert_even_odd,even_odd,,0,0.375,6,cef2,fca6,True,45,correct,0,True,6
seqpert_even_odd,even_odd,,0,0.25,4,7cfe,fca6,True,35,correct,0,True,6
seqpert_even_odd,even_odd,,0,0.375,6,e932,bd07,True,69,wrong_pattern,3,False,6
seqpert_even_odd,even_odd,,0,0.375,6,f7d6,a6b6,True,45,wrong_pattern,2,False,6
seqpert_even_odd,even_odd,,0,0.375,6,6c77,bd07,True,69,wrong_pattern,3,False,6
seqpert_even_odd,even_odd,,0,0.25,4,38a7,fca6,True,45,correct,0,True,6
seqpert_even_odd,even_odd,,0,0.375,6,fa0c,fd4b,True,83,spurious,-1,False,6
seqpert_even_odd,even_odd,,0,0.25,4,7cb3,fca6,True,25,correct,0,True,6
seqpert_even_odd,even_odd,,0,0.375,6,cef2,fca6,True,45,correct,0,True,6
seqpert_even_odd,even_odd,,0,0.125,2,dea6,fca6,True,25,correct,0,True,6
seqpert_even_odd,even_odd,,0,0.25,4,fe3e,fca6,True,59,correct,0,True,6
seqpert_even_odd,even_odd,,0,0.125,2,f4ae,fca6,True,25,correct,0,True,6
seqpert_even_odd,even_odd,,0,0.25,4,f8c2,fca6,True,45,correct,0,True,6
seqpert_even_odd,even_odd,,0,0.25,4,76b6,a6b6,True,45,wrong_pattern,2,False,6
seqpert_even_odd,even_odd,,0,0.375,6,e865,fd22,False,1636,oscillated,-1,False,6
seqpert_even_odd,even_odd,,0,0.375,6,f737,a797,True,45,spurious,-1,False,6
seqpert_even_odd,even_odd,,0,0.25,4,daa4,58a4,True,25,spurious,-1,False,6
seqpert_even_odd,even_odd,,0,0.375,6,e874,fca6,True,59,correct,0,True,6
seqpert_even_odd,even_odd,,0,0.125,2,d8a6,fca6,True,45,correct,0,True,6
seqpert_even_odd,even_odd,,0,0.375,6,ba34,fca6,True,59,correct,0,True,6
seqpert_even_odd,even_odd,,0,0.125,2,fcb4,fca6,True,25,correct,0,True,6
seqpert_even_odd,even_odd,,0,0.375,6,6407,a75b,True,55,spurious,-1,False,6
seqpert_even_odd,even_odd,,0,0.25,4,ffe4,fca6,True,25,correct,0,True,6
seqpert_even_odd,even_odd,,0,0.25,4,9da4,58a4,True,45,spurious,-1,False,6
seqpert_even_odd,even_odd,,0,0.125,2,bca4,fca6,True,25,correct,0,True,6
seqpert_even_odd,even_odd,,0,0.375,6,8cb3,fca6,True,45,correct,0,True,6
seqpert_even_odd,even_odd,,0,0.25,4,78a3,fca6,True,45,correct,0,True,6
seqpert_even_odd,even_odd,,0,0.375,6,789f,fca6,True,59,correct,0,True,6
seqpert_even_odd,even_odd,,0,0.125,2,e4a6,fca6,True,25,correct,0,True,6
seqpert_even_odd,even_odd,,0,0.125,2,fc27,fca6,True,59,correct,0,True,6
seqpert_even_odd,even_odd,,0,0.25,4,7ee4,58a4,True,45,spurious,-1,False,6
seqpert_even_odd,even_odd,,0,0.25,4,7c92,fca6,True,25,correct,0,True,6
seqpert_even_odd,even_odd,,0,0.375,6,75ec,58a4,True,45,spurious,-1,False,6
seqpert_even_odd,even_odd,,0,0.25,4,4c26,58a4,True,45,spurious,-1,False,6
seqpert_even_odd,even_odd,,0,0.25,4,7fae,fca6,True,25,correct,0,True,6
seqpert_even_odd,even_odd,,0,0.25,4,76e6,a6b6,True,45,wrong_pattern,2,False,6
seqpert_even_odd,even_odd,,0,0.25,4,ff27,bd07,True,69,wrong_pattern,3,False,6
seqpert_even_odd,even_odd,,0,0.375,6,ae32,e6fa,True,45,spurious,-1,False,6
seqpert_even_odd,even_odd,,0,0.25,4,beaf,fca6,True,25,correct,0,True,6
seqpert_even_odd,even_odd,,0,0.375,6,d1c6,fca6,True,59,correct,0,True,6
seqpert_even_odd,even_odd,,0,0.25,4,dca1,58a4,True,45,spurious,-1,False,6
seqpert_even_odd,even_odd,,0,0.25,4,d986,fca6,True,45,correct,0,True,6
seqpert_even_odd,even_odd,,0,0.375,6,6a2e,fca6,True,59,correct,0,True,6
seqpert_even_odd,even_odd,,0,0.25,4,e5b6,fca6,True,49,correct,0,True,6
seqpert_even_odd,even_odd,,0,0.375,6,9a8e,fca6,True,45,correct,0,True,6
seqpert_even_odd,even_odd,,0,0.25,4,b4a0,fca6,True,45,correct,0,True,6
seqpert_even_odd,even_odd,,0,0.25,4,ec92,fca6,True,45,correct,0,True,6
seqpert_even_odd,even_odd,,0,0.375,6,d80f,fd4b,True,45,spurious,-1,False,6
seqpert_even_odd,even_odd,,0,0.25,4,f4f2,fca6,True,35,correct,0,True,6
seqpert_even_odd,even_odd,,0,0.125,2,7da6,fca6,True,25,correct,0,True,6
seqpert_even_odd,even_odd,,0,0.25,4,dc3e,fc6a,True,45,spurious,-1,False,6
seqpert_even_odd,even_odd,,0,0.25,4,ecb0,fca6,True,45,correct,0,True,6
seqpert_even_odd,even_odd,,0,0.25,4,79ae,fca6,True,45,correct,0,True,6
seqpert_even_odd,even_odd,,0,0.25,4,e8af,fca6,True,25,correct,0,True,6
seqpert_even_odd,even_odd,,0,0.25,4,fcca,fc6a,True,25,spurious,-1,False,6
seqpert_even_odd,even_odd,,0,0.375,6,94ec,4068,True,89,spurious,-1,False,6
seqpert_even_odd,even_odd,,0,0.375,6,2882,fca6,True,45,correct,0,True,6
seqpert_even_odd,even_odd,,0,0.25,4,dc8f,fca6,True,83,correct,0,True,6
seqpert_even_odd,even_odd,,0,0.25,4,7cea,fc6a,True,25,spurious,-1,False,6
seqpert_even_odd,even_odd,,0,0.375,6,e8eb,fc6a,True,45,spurious,-1,False,6
seqpert_even_odd,even_odd,,0,0.375,6,3ced,58a4,True,45,spurious,-1,False,6
seqpert_even_odd,even_odd,,0,0.25,4,ffa3,fca6,True,35,correct,0,True,6
seqpert_even_odd,even_odd,,0,0.25,4,f4bc,fca6,True,35,correct,0,True,6
seqpert_even_odd,even_odd,,0,0.375,6,e09e,e6fa,True,49,spurious,-1,False,6
seqpert_even_odd,even_odd,,0,0.25,4,ffaf,fca6,True,35,correct,0,True,6
seqpert_even_odd,even_odd,,0,0.375,6,f077,a75b,True,75,spurious,-1,False,6
seqpert_even_odd,even_odd,,0,0.375,6,48af,58a4,True,25,spurious,-1,False,6
seqpert_even_odd,even_odd,,1,0.375,6,374,231,False,1636,oscillated,-1,False,6
seqpert_even_odd,even_odd,,1,0.25,4,2bdd,359,True,59,spurious,-1,False,6
seqpert_even_odd,even_odd,,1,0.375,6,43a1,2b4,True,21,spurious,-1,False,6
seqpert_even_odd,even_odd,,1,0.125,2,3b97,bf97,True,45,spurious,-1,False,6
seqpert_even_odd,even_odd,,1,0.25,4,3dd,359,True,59,spurious,-1,False,6
seqpert_even_odd,even_odd,,1,0.25,4,93dd,359,True,59,spurious,-1,False,6
seqpert_even_odd,even_odd,,1,0.375,6,9093,a6b6,True,45,wrong_pattern,2,False,6
seqpert_even_odd,even_odd,,1,0.25,4,da85,58a4,True,35,spurious,-1,False,6
seqpert_even_odd,even_odd,,1,0.375,6,9d80,58a4,True,45,spurious,-1,False,6
seqpert_even_odd,even_odd,,1,0.25,4,7b93,bd07,True,69,wrong_pattern,3,False,6
seqpert_even_odd,even_odd,,1,0.25,4,3815,1905,True,45,spurious,-1,False,6
seqpert_even_odd,even_odd,,1,0.25,4,b13,359,True,35,spurious,-1,False,6
seqpert_even_odd,even_odd,,1,0.375,6,1349,359,True,11,spurious,-1,False,6
seqpert_even_odd,even_odd,,1,0.25,4,5f96,58a4,True,59,spurious,-1,False,6
seqpert_even_odd,even_odd,,1,0.375,6,7a4,2b4,True,11,spurious,-1,False,6
seqpert_even_odd,even_odd,,1,0.125,2,1b81,1b95,True,11,correct,1,True,6
seqpert_even_odd,even_odd,,1,0.25,4,3b3d,395,True,35,spurious,-1,False,6
seqpert_even_odd,even_odd,,1,0.125,2,1895,58a4,True,45,spurious,-1,False,6
seqpert_even_odd,even_odd,,1,0.375,6,57df,359,True,59,spurious,-1,False,6
seqpert_even_odd,even_odd,,1,0.25,4,5fb4,58a4,True,31,spurious,-1,False,6
seqpert_even_odd,even_odd,,1,0.375,6,193b,5949,True,45,spurious,-1,False,6
seqpert_even_odd,even_odd,,1,0.375,6,b9f1,fca6,True,45,wrong_pattern,0,False,6
seqpert_even_odd,even_odd,,1,0.25,4,19f7,58a4,True,45,spurious,-1,False,6
seqpert_even_odd,even_odd,,1,0.25,4,19f7,58a4,True,1,spurious,-1,False,6
seqpert_even_odd,even_odd,,1,0.25,4,1d14,1905,True,11,spurious,-1,False,6
seqpert_even_odd,even_odd,,1,0.25,4,19cd,1905,True,35,spurious,-1,False,6
seqpert_even_odd,even_odd,,1,0.375,6,8fa7,fca6,True,55,wrong_pattern,0,False,6
seqpert_even_odd,even_odd,,1,0.25,4,2f91,395,True,69,spurious,-1,False,6
seqpert_even_odd,even_odd,,1,0.25,4,da94,58a4,True,35,spurious,-1,False,6
seqpert_even_odd,even_odd,,1,0.25,4,1b88,58a4,True,59,spurious,-1,False,6
seqpert_even_odd,even_odd,,1,0.375,6,351d,359,True,45,spurious,-1,False,6
seqpert_even_odd,even_odd,,1,0.375,6,d735,395,True,45,spurious,-1,False,6
seqpert_even_odd,even_odd,,1,0.25,4,1893,58a4,True,45,spurious,-1,False,6
seqpert_even_odd,even_odd,,1,0.25,4,539f,395,True,49,spurious,-1,False,6
seqpert_even_odd,even_odd,,1,0.25,4,9bd6,a6b6,True,69,wrong_pattern,2,False,6
seqpert_even_odd,even_odd,,1,0.25,4,1d14,1905,True,11,spurious,-1,False,6
seqpert_even_odd,even_odd,,1,0.25,4,9bb0,2b4,True,35,spurious,-1,False,6
seqpert_even_odd,even_odd,,1,0.25,4,885,58a4,True,65,spurious,-1,False,6
seqpert_even_odd,even_odd,,1,0.375,6,9555,359,True,45,spurious,-1,False,6
seqpert_even_odd,even_odd,,1,0.375,6,837,58a4,True,73,spurious,-1,False,6
seqpert_even_odd,even_odd,,1,0.375,6,f39c,a6b6,True,45,wrong_pattern,2,False,6
seqpert_even_odd,even_odd,,1,0.375,6,990c,5949,True,51,spurious,-1,False,6
seqpert_even_odd,even_odd,,1,0.375,6,d8f,1905,True,65,spurious,-1,False,6
seqpert_even_odd,even_odd,,1,0.25,4,8a85,58a4,True,89,spurious,-1,False,6
seqpert_even_odd,even_odd,,1,0.375,6,c9f5,58a4,True,45,spurious,-1,False,6
seqpert_even_odd,even_odd,,1,0.25,4,9f99,395,True,59,spurious,-1,False,6
seqpert_even_odd,even_odd,,1,0.375,6,9b2f,a797,True,45,spurious,-1,False,6
seqpert_even_odd,even_odd,,1,0.25,4,13c4,2b4,True,45,spurious,-1,False,6
seqpert_even_odd,even_odd,,1,0.25,4,2b90,2b4,True,35,spurious,-1,False,6
seqpert_even_odd,even_odd,,1,0.25,4,935,1905,True,45,spurious,-1,False,6
seqpert_even_odd,even_odd,,1,0.25,4,1a10,2b4,True,69,spurious,-1,False,6
seqpert_even_odd,even_odd,,1,0.25,4,b9b,359,True,59,spurious,-1,False,6
seqpert_even_odd,even_odd,,1,0.25,4,9b10,395,True,35,spurious,-1,False,6
seqpert_even_odd,even_odd,,1,0.25,4,59d1,1905,True,35,spurious,-1,False,6
seqpert_even_odd,even_odd,,1,0.125,2,bb5,58a4,True,55,spurious,-1,False,6
seqpert_even_odd,even_odd,,1,0.125,2,9b97,bf97,True,45,spurious,-1,False,6
seqpert_even_odd,even_odd,,1,0.375,6,7ed1,58a4,True,59,spurious,-1,False,6
seqpert_even_odd,even_odd,,1,0.375,6,23fd,2b4,True,79,spurious,-1,False,6
seqpert_even_odd,even_odd,,1,0.25,4,8bdd,359,True,59,spurious,-1,False,6
seqpert_even_odd,even_odd,,1,0.25,4,f395,a797,True,45,spurious,-1,False,6
seqpert_even_odd,even_odd,,1,0.375,6,cf81,1b95,True,45,correct,1,True,6
seqpert_even_odd,even_odd,,1,0.375,6,d881,58a4,True,45,spurious,-1,False,6
seqpert_even_odd,even_odd,,1,0.375,6,7eb7,fca6,True,31,wrong_pattern,0,False,6
seqpert_even_odd,even_odd,,1,0.375,6,d217,a797,True,45,spurious,-1,False,6
seqpert_even_odd,even_odd,,1,0.25,4,5af5,58a4,True,25,spurious,-1,False,6
seqpert_even_odd,even_odd,,1,0.25,4,db35,1905,True,69,spurious,-1,False,6
seqpert_even_odd,even_odd,,1,0.25,4,519d,395,True,49,spurious,-1,False,6
seqpert_even_odd,even_odd,,1,0.375,6,2ac7,fca6,True,123,wrong_pattern,0,False,6
seqpert_even_odd,even_odd,,1,0.375,6,f396,a6b6,True,45,wrong_pattern,2,False,6
seqpert_even_odd,even_odd,,1,0.375,6,5fa0,58a4,True,25,spurious,-1,False,6
seqpert_even_odd,even_odd,,1,0.125,2,1895,58a4,True,45,spurious,-1,False,6
seqpert_even_odd,even_odd,,1,0.25,4,329d,2b4,True,35,spurious,-1,False,6
seqpert_even_odd,even_odd,,1,0.125,2,bd5,1b95,True,21,correct,1,True,6
seqpert_even_odd,even_odd,,1,0.375,6,43b0,2b4,True,21,spurious,-1,False,6
seqpert_even_odd,even_odd,,1,0.25,4,ed5,2b4,True,35,spurious,-1,False,6
seqpert_even_odd,even_odd,,1,0.25,4,fd1,1b95,True,21,correct,1,True,6
seqpert_even_odd,even_odd,,1,0.375,6,3c9f,fca6,True,83,wrong_pattern,0,False,6
seqpert_even_odd,even_odd,,1,0.25,4,ba15,bf97,True,45,spurious,-1,False,6
seqpert_even_odd,even_odd,,1,0.25,4,39d7,bd07,True,45,wrong_pattern,3,False,6
seqpert_even_odd,even_odd,,1,0.375,6,efd5,bf97,True,45,spurious,-1,False,6
seqpert_even_odd,even_odd,,1,0.375,6,78b1,58a4,True,25,spurious,-1,False,6
seqpert_even_odd,even_odd,,1,0.25,4,7bc5,1905,True,35,spurious,-1,False,6
seqpert_even_odd,even_odd,,1,0.375,6,d18d,1b85,False,1636,oscillated,-1,False,6
seqpert_even_odd,even_odd,,1,0.25,4,1b3c,2b4,True,93,spurious,-1,False,6
seqpert_even_odd,even_odd,,1,0.25,4,5ed5,58a4,True,35,spurious,-1,False,6
seqpert_even_odd,even_odd,,1,0.25,4,1954,1905,True,11,spurious,-1,False,6
seqpert_even_odd,even_odd,,1,0.375,6,bff7,a6b6,True,35,wrong_pattern,2,False,6
seqpert_even_odd,even_odd,,1,0.375,6,57d3,395,True,45,spurious,-1,False,6
seqpert_even_odd,even_odd,,1,0.25,4,f9c,2b4,True,35,spurious,-1,False,6
seqpert_even_odd,even_odd,,1,0.375,6,1d65,1905,True,25,spurious,-1,False,6
seqpert_even_odd,even_odd,,1,0.25,4,3d91,1905,True,45,spurious,-1,False,6
seqpert_even_odd,even_odd,,1,0.25,4,5f81,1b95,True,21,correct,1,True,6
seqpert_even_odd,even_odd,,1,0.25,4,1ba9,58a4,True,45,spurious,-1,False,6
seqpert_even_odd,even_odd,,1,0.125,2,5b9d,1905,True,35,spurious,-1,False,6
seqpert_even_odd,even_odd,,1,0.25,4,4b81,1b95,True,11,correct,1,True,6
seqpert_even_odd,even_odd,,1,0.375,6,4a83,58a4,True,89,spurious,-1,False,6
seqpert_even_odd,even_odd,,1,0.25,4,9897,fca6,True,45,wrong_pattern,0,False,6
seqpert_even_odd,even_odd,,1,0.375,6,bacd,fca6,True,59,wrong_pattern,0,False,6
seqpert_even_odd,even_odd,,1,0.25,4,1b09,359,True,51,spurious,-1,False,6
seqpert_even_odd,even_odd,,1,0.25,4,93d7,a797,True,45,spurious,-1,False,6
seqpert_even_odd,even_odd,,2,0.25,4,2efe,a6b6,True,69,correct,2,True,6
seqpert_even_odd,even_odd,,2,0.25,4,9296,a6b6,True,45,correct,2,True,6
seqpert_even_odd,even_odd,,2,0.125,2,e6b2,a6b6,True,21,correct,2,True,6
seqpert_even_odd,even_odd,,2,0.25,4,27ba,e6fa,True,51,spurious,-1,False,6
seqpert_even_odd,even_odd,,2,0.25,4,86f0,2b4,True,45,spurious,-1,False,6
seqpert_even_odd,even_odd,,2,0.25,4,632,42f8,True,45,spurious,-1,False,6
seqpert_even_odd,even_odd,,2,0.125,2,beb6,fca6,True,35,wrong_pattern,0,False,6
seqpert_even_odd,even_odd,,2,0.25,4,aef3,a6b6,True,49,correct,2,True,6
seqpert_even_odd,even_odd,,2,0.25,4,a2f0,a6b6,True,45,correct,2,True,6
seqpert_even_odd,even_odd,,2,0.375,6,e40e,fd4b,True,69,spurious,-1,False,6
seqpert_even_odd,even_odd,,2,0.375,6,96df,a79a,False,1636,oscillated,-1,False,6
seqpert_even_odd,even_odd,,2,0.25,4,b7f2,a6b6,True,21,correct,2,True,6
seqpert_even_odd,even_odd,,2,0.25,4,ffb6,fca6,True,31,wrong_pattern,0,False,6
seqpert_even_odd,even_odd,,2,0.375,6,f638,e6fa,True,55,spurious,-1,False,6
seqpert_even_odd,even_odd,,2,0.125,2,a6d6,a6b6,True,25,correct,2,True,6
seqpert_even_odd,even_odd,,2,0.25,4,879e,a6b6,True,35,correct,2,True,6
seqpert_even_odd,even_odd,,2,0.375,6,95d6,a6b6,True,45,correct,2,True,6
seqpert_even_odd,even_odd,,2,0.25,4,3ef6,a6b6,True,35,correct,2,True,6
seqpert_even_odd,even_odd,,2,0.25,4,c6d6,a6b6,True,35,correct,2,True,6
seqpert_even_odd,even_odd,,2,0.25,4,bfa6,fca6,True,25,wrong_pattern,0,False,6
seqpert_even_odd,even_odd,,2,0.375,6,27da,a75b,True,59,spurious,-1,False,6
seqpert_even_odd,even_odd,,2,0.125,2,b6b4,a6b6,True,45,correct,2,True,6
seqpert_even_odd,even_odd,,2,0.25,4,8ef2,a6b6,True,49,correct,2,True,6
seqpert_even_odd,even_odd,,2,0.25,4,82a4,2b4,True,25,spurious,-1,False,6
seqpert_even_odd,even_odd,,2,0.25,4,2732,a677,False,1636,oscillated,-1,False,6
seqpert_even_odd,even_odd,,2,0.25,4,a29c,a6b6,True,45,correct,2,True,6
seqpert_even_odd,even_odd,,2,0.125,2,a7b4,a6b6,True,25,correct,2,True,6
seqpert_even_odd,even_odd,,2,0.125,2,b4b6,fca6,True,45,wrong_pattern,0,False,6
seqpert_even_odd,even_odd,,2,0.375,6,c8b4,58a4,True,35,spurious,-1,False,6
seqpert_even_odd,even_odd,,2,0.25,4,af26,fca6,True,123,wrong_pattern,0,False,6
seqpert_even_odd,even_odd,,2,0.375,6,23af,a6b6,True,45,correct,2,True,6
seqpert_even_odd,even_odd,,2,0.25,4,8690,2b4,True,45,spurious,-1,False,6
seqpert_even_odd,even_odd,,2,0.25,4,2fa6,fca6,True,55,wrong_pattern,0,False,6
seqpert_even_odd,even_odd,,2,0.25,4,e4bf,e6fa,True,45,spurious,-1,False,6
seqpert_even_odd,even_odd,,2,0.25,4,3626,a6b6,True,93,correct,2,True,6
seqpert_even_odd,even_odd,,2,0.375,6,a1d4,a6b6,True,45,correct,2,True,6
seqpert_even_odd,even_odd,,2,0.25,4,2ebc,2b4,True,69,spurious,-1,False,6
seqpert_even_odd,even_odd,,2,0.125,2,86a6,a6b6,True,25,correct,2,True,6
seqpert_even_odd,even_odd,,2,0.25,4,9796,a6b6,True,45,correct,2,True,6
seqpert_even_odd,even_odd,,2,0.25,4,27d6,a6b6,True,35,correct,2,True,6
seqpert_even_odd,even_odd,,2,0.25,4,c0b6,fca6,True,45,wrong_pattern,0,False,6
seqpert_even_odd,even_odd,,2,0.25,4,46f6,2b4,True,45,spurious,-1,False,6
seqpert_even_odd,even_odd,,2,0.25,4,f2be,a6b6,True,59,correct,2,True,6
seqpert_even_odd,even_odd,,2,0.375,6,a5a1,a6b6,True,83,correct,2,True,6
seqpert_even_odd,even_odd,,2,0.25,4,c3b6,a6b6,True,45,correct,2,True,6
seqpert_even_odd,even_odd,,2,0.25,4,8eb0,2b4,True,69,spurious,-1,False,6
seqpert_even_odd,even_odd,,2,0.375,6,b78c,a6b6,True,45,correct,2,True,6
seqpert_even_odd,even_odd,,2,0.375,6,c73f,a75b,True,35,spurious,-1,False,6
seqpert_even_odd,even_odd,,2,0.25,4,a53e,a75b,True,45,spurious,-1,False,6
seqpert_even_odd,even_odd,,2,0.25,4,f7b7,a6b6,True,11,correct,2,True,6
seqpert_even_odd,even_odd,,2,0.25,4,f63e,e6fa,True,55,spurious,-1,False,6
seqpert_even_odd,even_odd,,2,0.25,4,a657,a75b,True,45,spurious,-1,False,6
seqpert_even_odd,even_odd,,2,0.375,6,3277,a732,False,1636,oscillated,-1,False,6
seqpert_even_odd,even_odd,,2,0.25,4,d6f6,a6b6,True,45,correct,2,True,6
seqpert_even_odd,even_odd,,2,0.375,6,f652,a75b,True,45,spurious,-1,False,6
seqpert_even_odd,even_odd,,2,0.375,6,56bf,2b4,True,45,spurious,-1,False,6
seqpert_even_odd,even_odd,,2,0.25,4,a0f2,fca6,True,55,wrong_pattern,0,False,6
seqpert_even_odd,even_odd,,2,0.375,6,81bc,2b4,True,35,spurious,-1,False,6
seqpert_even_odd,even_odd,,2,0.25,4,acb5,fca6,True,45,wrong_pattern,0,False,6
seqpert_even_odd,even_odd,,2,0.25,4,bcb7,fca6,True,11,wrong_pattern,0,False,6
seqpert_even_odd,even_odd,,2,0.25,4,2ff6,a6b6,True,35,correct,2,True,6
seqpert_even_odd,even_odd,,2,0.375,6,4684,58a4,True,69,spurious,-1,False,6
seqpert_even_odd,even_odd,,2,0.125,2,a7be,a6b6,True,25,correct,2,True,6
seqpert_even_odd,even_odd,,2,0.25,4,bea2,fca6,True,25,wrong_pattern,0,False,6
seqpert_even_odd,even_odd,,2,0.25,4,2635,2b4,True,59,spurious,-1,False,6
seqpert_even_odd,even_odd,,2,0.375,6,ab3,2b4,True,35,spurious,-1,False,6
seqpert_even_odd,even_odd,,2,0.25,4,a8f6,fca6,True,21,wrong_pattern,0,False,6
seqpert_even_odd,even_odd,,2,0.25,4,16b4,2b4,True,11,spurious,-1,False,6
seqpert_even_odd,even_odd,,2,0.25,4,80b4,58a4,True,45,spurious,-1,False,6
seqpert_even_odd,even_odd,,2,0.375,6,ac91,fca6,True,65,wrong_pattern,0,False,6
seqpert_even_odd,even_odd,,2,0.375,6,bf33,a797,True,35,spurious,-1,False,6
seqpert_even_odd,even_odd,,2,0.25,4,a0fe,e6fa,True,35,spurious,-1,False,6
seqpert_even_odd,even_odd,,2,0.25,4,637,2b4,True,59,spurious,-1,False,6
seqpert_even_odd,even_odd,,2,0.375,6,ea30,fca6,True,45,wrong_pattern,0,False,6
seqpert_even_odd,even_odd,,2,0.25,4,97f6,a6b6,True,25,correct,2,True,6
seqpert_even_odd,even_odd,,2,0.25,4,6697,a6b6,True,35,correct,2,True,6
seqpert_even_odd,even_odd,,2,0.375,6,a2a9,e6fa,True,45,spurious,-1,False,6
seqpert_even_odd,even_odd,,2,0.375,6,92f0,2b4,True,35,spurious,-1,False,6
seqpert_even_odd,even_odd,,2,0.375,6,ed94,fca6,True,45,wrong_pattern,0,False,6
seqpert_even_odd,even_odd,,2,0.25,4,a0ae,e6fa,True,69,spurious,-1,False,6
seqpert_even_odd,even_odd,,2,0.25,4,96f2,a6b6,True,35,correct,2,True,6
seqpert_even_odd,even_odd,,2,0.25,4,ce96,fca6,True,89,wrong_pattern,0,False,6
seqpert_even_odd,even_odd,,2,0.25,4,b8b6,fca6,True,11,wrong_pattern,0,False,6
seqpert_even_odd,even_odd,,2,0.125,2,a236,a6b6,True,25,correct,2,True,6
seqpert_even_odd,even_odd,,2,0.375,6,14f7,58a4,True,45,spurious,-1,False,6
seqpert_even_odd,even_odd,,2,0.375,6,33b5,2b4,True,45,spurious,-1,False,6
seqpert_even_odd,even_odd,,2,0.25,4,aeaf,fca6,True,45,wrong_pattern,0,False,6
seqpert_even_odd,even_odd,,2,0.125,2,e6a6,a6b6,True,21,correct,2,True,6
seqpert_even_odd,even_odd,,2,0.375,6,9332,a677,False,1636,oscillated,-1,False,6
seqpert_even_odd,even_odd,,2,0.25,4,aa94,fca6,True,89,wrong_pattern,0,False,6
seqpert_even_odd,even_odd,,2,0.25,4,2e97,fca6,True,89,wrong_pattern,0,False,6
seqpert_even_odd,even_odd,,2,0.25,4,a0fe,e6fa,True,35,spurious,-1,False,6
seqpert_even_odd,even_odd,,2,0.25,4,e5b4,fca6,True,49,wrong_pattern,0,False,6
seqpert_even_odd,even_odd,,2,0.25,4,a3bc,a6b6,True,45,correct,2,True,6
seqpert_even_odd,even_odd,,2,0.25,4,a67c,e6fa,True,25,spurious,-1,False,6
seqpert_even_odd,even_odd,,2,0.375,6,fbc,2b4,True,35,spurious,-1,False,6
seqpert_even_odd,even_odd,,2,0.25,4,2af6,a6b6,True,69,correct,2,True,6
seqpert_even_odd,even_odd,,2,0.25,4,a0fe,e6fa,True,35,spurious,-1,False,6
seqpert_even_odd,even_odd,,2,0.375,6,4aa,42f8,True,69,spurious,-1,False,6
seqpert_even_odd,even_odd,,2,0.25,4,a0f2,fca6,True,55,wrong_pattern,0,False,6
seqpert_even_odd,even_odd,,3,0.375,6,dd8c,58a4,True,83,spurious,-1,False,6
seqpert_even_odd,even_odd,,3,0.375,6,9121,359,True,45,spurious,-1,False,6
seqpert_even_odd,even_odd,,3,0.375,6,353b,a75b,True,41,spurious,-1,False,6
seqpert_even_odd,even_odd,,3,0.25,4,bdab,fca6,True,45,wrong_pattern,0,False,6
seqpert_even_odd,even_odd,,3,0.25,4,9f0e,a75b,True,85,spurious,-1,False,6
seqpert_even_odd,even_odd,,3,0.25,4,bc1e,bd07,True,49,correct,3,True,6
seqpert_even_odd,even_odd,,3,0.375,6,858d,395,True,59,spurious,-1,False,6
seqpert_even_odd,even_odd,,3,0.25,4,3c57,bd07,True,45,correct,3,True,6
seqpert_even_odd,even_odd,,3,0.375,6,2f53,a75b,True,25,spurious,-1,False,6
seqpert_even_odd,even_odd,,3,0.375,6,fd60,fd4b,True,35,spurious,-1,False,6
seqpert_even_odd,even_odd,,3,0.25,4,5d17,1905,True,45,spurious,-1,False,6
seqpert_even_odd,even_odd,,3,0.25,4,2c03,fd4b,True,93,spurious,-1,False,6
seqpert_even_odd,even_odd,,3,0.25,4,8d45,5949,True,93,spurious,-1,False,6
seqpert_even_odd,even_odd,,3,0.375,6,d883,fca6,True,45,wrong_pattern,0,False,6
seqpert_even_odd,even_odd,,3,0.375,6,fd5a,fd4b,True,11,spurious,-1,False,6
seqpert_even_odd,even_odd,,3,0.25,4,9985,1905,True,25,spurious,-1,False,6
seqpert_even_odd,even_odd,,3,0.375,6,37a5,2b4,True,45,spurious,-1,False,6
seqpert_even_odd,even_odd,,3,0.375,6,d44,1905,True,21,spurious,-1,False,6
seqpert_even_odd,even_odd,,3,0.375,6,4dc7,1905,True,45,spurious,-1,False,6
seqpert_even_odd,even_odd,,3,0.25,4,ff86,fca6,True,35,wrong_pattern,0,False,6
seqpert_even_odd,even_odd,,3,0.375,6,d867,fd22,False,1636,oscillated,-1,False,6
seqpert_even_odd,even_odd,,3,0.375,6,9045,359,True,45,spurious,-1,False,6
seqpert_even_odd,even_odd,,3,0.25,4,3b17,bf97,True,45,spurious,-1,False,6
seqpert_even_odd,even_odd,,3,0.25,4,fd9f,bd07,True,35,correct,3,True,6
seqpert_even_odd,even_odd,,3,0.25,4,9d24,58a4,True,59,spurious,-1,False,6
seqpert_even_odd,even_odd,,3,0.375,6,982d,5949,True,65,spurious,-1,False,6
seqpert_even_odd,even_odd,,3,0.125,2,bd25,bd07,True,25,correct,3,True,6
seqpert_even_odd,even_odd,,3,0.375,6,edae,fca6,True,25,wrong_pattern,0,False,6
seqpert_even_odd,even_odd,,3,0.375,6,97c5,395,True,45,spurious,-1,False,6
seqpert_even_odd,even_odd,,3,0.25,4,3945,1905,True,25,spurious,-1,False,6
seqpert_even_odd,even_odd,,3,0.125,2,bf05,bf97,True,45,spurious,-1,False,6
seqpert_even_odd,even_odd,,3,0.375,6,a5ae,e6fa,True,69,spurious,-1,False,6
seqpert_even_odd,even_odd,,3,0.375,6,fb33,bd07,True,35,correct,3,True,6
seqpert_even_odd,even_odd,,3,0.375,6,b569,a75b,True,89,spurious,-1,False,6
seqpert_even_odd,even_odd,,3,0.25,4,be26,fca6,True,35,wrong_pattern,0,False,6
seqpert_even_odd,even_odd,,3,0.125,2,9d47,bd07,True,25,correct,3,True,6
seqpert_even_odd,even_odd,,3,0.25,4,1505,1905,True,25,spurious,-1,False,6
seqpert_even_odd,even_odd,,3,0.25,4,2947,fd4b,True,93,spurious,-1,False,6
seqpert_even_odd,even_odd,,3,0.375,6,1944,1905,True,21,spurious,-1,False,6
seqpert_even_odd,even_odd,,3,0.25,4,1d0e,1905,True,59,spurious,-1,False,6
seqpert_even_odd,even_odd,,3,0.375,6,adee,fca6,True,45,wrong_pattern,0,False,6
seqpert_even_odd,even_odd,,3,0.25,4,3515,1b95,True,59,wrong_pattern,1,False,6
seqpert_even_odd,even_odd,,3,0.25,4,b603,a75b,True,45,spurious,-1,False,6
seqpert_even_odd,even_odd,,3,0.25,4,b10e,a75b,True,45,spurious,-1,False,6
seqpert_even_odd,even_odd,,3,0.375,6,f835,fca6,True,59,wrong_pattern,0,False,6
seqpert_even_odd,even_odd,,3,0.125,2,bd43,bd07,True,21,correct,3,True,6
seqpert_even_odd,even_odd,,3,0.375,6,a7c5,a797,True,35,spurious,-1,False,6
seqpert_even_odd,even_odd,,3,0.375,6,e4c7,fca6,True,79,wrong_pattern,0,False,6
seqpert_even_odd,even_odd,,3,0.25,4,340f,a75b,True,45,spurious,-1,False,6
seqpert_even_odd,even_odd,,3,0.375,6,fb56,bd07,True,35,correct,3,True,6
seqpert_even_odd,even_odd,,3,0.25,4,b713,a75b,True,35,spurious,-1,False,6
seqpert_even_odd,even_odd,,3,0.375,6,1e4f,5949,True,69,spurious,-1,False,6
seqpert_even_odd,even_odd,,3,0.25,4,b837,fca6,True,69,wrong_pattern,0,False,6
seqpert_even_odd,even_odd,,3,0.375,6,bc72,fca6,True,35,wrong_pattern,0,False,6
seqpert_even_odd,even_odd,,3,0.375,6,ac32,fca6,True,79,wrong_pattern,0,False,6
seqpert_even_odd,even_odd,,3,0.25,4,af67,a797,True,45,spurious,-1,False,6
seqpert_even_odd,even_odd,,3,0.25,4,b922,bd07,True,59,correct,3,True,6
seqpert_even_odd,even_odd,,3,0.25,4,f127,bd07,True,35,correct,3,True,6
seqpert_even_odd,even_odd,,3,0.25,4,8d26,fca6,True,59,wrong_pattern,0,False,6
seqpert_even_odd,even_odd,,3,0.375,6,9580,58a4,True,83,spurious,-1,False,6
seqpert_even_odd,even_odd,,3,0.375,6,7102,fd4b,True,69,spurious,-1,False,6
seqpert_even_odd,even_odd,,3,0.25,4,e527,fd4b,True,35,spurious,-1,False,6
seqpert_even_odd,even_odd,,3,0.375,6,7c0c,5949,True,45,spurious,-1,False,6
seqpert_even_odd,even_odd,,3,0.25,4,ac15,bd07,True,45,correct,3,True,6
seqpert_even_odd,even_odd,,3,0.375,6,2c0a,fd4b,True,45,spurious,-1,False,6
seqpert_even_odd,even_odd,,3,0.25,4,af0e,a75b,True,35,spurious,-1,False,6
seqpert_even_odd,even_odd,,3,0.125,2,a507,bf97,True,55,spurious,-1,False,6
seqpert_even_odd,even_odd,,3,0.25,4,a806,bd07,True,21,correct,3,True,6
seqpert_even_odd,even_odd,,3,0.125,2,9d0f,bd07,True,25,correct,3,True,6
seqpert_even_odd,even_odd,,3,0.25,4,bc56,bd07,True,21,correct,3,True,6
seqpert_even_odd,even_odd,,3,0.25,4,d807,bd07,True,45,correct,3,True,6
seqpert_even_odd,even_odd,,3,0.25,4,af45,a75b,True,59,spurious,-1,False,6
seqpert_even_odd,even_odd,,3,0.375,6,9e8b,fca6,True,59,wrong_pattern,0,False,6
seqpert_even_odd,even_odd,,3,0.25,4,bc1e,bd07,True,49,correct,3,True,6
seqpert_even_odd,even_odd,,3,0.125,2,b547,a75b,True,45,spurious,-1,False,6
seqpert_even_odd,even_odd,,3,0.375,6,270e,a75b,True,35,spurious,-1,False,6
seqpert_even_odd,even_odd,,3,0.375,6,edbf,fca6,True,45,wrong_pattern,0,False,6
seqpert_even_odd,even_odd,,3,0.375,6,a217,a797,True,25,spurious,-1,False,6
seqpert_even_odd,even_odd,,3,0.375,6,b04e,a75b,True,55,spurious,-1,False,6
seqpert_even_odd,even_odd,,3,0.125,2,bd01,bd07,True,25,correct,3,True,6
seqpert_even_odd,even_odd,,3,0.25,4,3d24,58a4,True,59,spurious,-1,False,6
seqpert_even_odd,even_odd,,3,0.25,4,df27,bd07,True,69,correct,3,True,6
seqpert_even_odd,even_odd,,3,0.25,4,af4f,a75b,True,35,spurious,-1,False,6
seqpert_even_odd,even_odd,,3,0.375,6,782f,fd4b,True,45,spurious,-1,False,6
seqpert_even_odd,even_odd,,3,0.25,4,a513,a75b,True,35,spurious,-1,False,6
seqpert_even_odd,even_odd,,3,0.375,6,2c44,5949,True,79,spurious,-1,False,6
seqpert_even_odd,even_odd,,3,0.375,6,3877,fca6,True,69,wrong_pattern,0,False,6
seqpert_even_odd,even_odd,,3,0.125,2,ad87,bd07,True,55,correct,3,True,6
seqpert_even_odd,even_odd,,3,0.375,6,2305,395,True,35,spurious,-1,False,6
seqpert_even_odd,even_odd,,3,0.125,2,3d47,bd07,True,25,correct,3,True,6
seqpert_even_odd,even_odd,,3,0.25,4,bc77,fca6,True,69,wrong_pattern,0,False,6
seqpert_even_odd,even_odd,,3,0.25,4,9487,a6b6,True,89,wrong_pattern,2,False,6
seqpert_even_odd,even_odd,,3,0.25,4,9c45,1905,True,45,spurious,-1,False,6
seqpert_even_odd,even_odd,,3,0.25,4,8503,a75b,True,35,spurious,-1,False,6
seqpert_even_odd,even_odd,,3,0.375,6,f135,bd07,True,45,correct,3,True,6
seqpert_even_odd,even_odd,,3,0.375,6,3f92,a6b6,True,35,wrong_pattern,2,False,6
seqpert_even_odd,even_odd,,3,0.375,6,e18f,a75b,True,45,spurious,-1,False,6
seqpert_even_odd,even_odd,,3,0.375,6,ba56,a6b6,True,69,wrong_pattern,2,False,6
seqpert_even_odd,even_odd,,3,0.25,4,b167,a75b,True,45,spurious,-1,False,6
seqpert_even_odd,even_odd,,3,0.125,2,a507,bf97,True,55,spurious,-1,False,6
seqpert_even_odd,even_odd,,0,0.3125,5,bc35,fca6,True,69,correct,0,True,7
seqpert_even_odd,even_odd,,0,0.3125,5,71e6,fca6,True,45,correct,0,True,7
seqpert_even_odd,even_odd,,0,0.3125,5,f0e0,fca6,True,45,correct,0,True,7
seqpert_even_odd,even_odd,,0,0.1875,3,fd27,bd07,True,35,wrong_pattern,3,False,7
seqpert_even_odd,even_odd,,0,0.3125,5,b9ee,fca6,True,35,correct,0,True,7
seqpert_even_odd,even_odd,,0,0.4375,7,4e85,58a4,True,59,spurious,-1,False,7
seqpert_even_odd,even_odd,,0,0.0625,1,fca4,fca6,True,25,correct,0,True,7
seqpert_even_odd,even_odd,,0,0.3125,5,f0ab,fca6,True,45,correct,0,True,7
seqpert_even_odd,even_odd,,0,0.4375,7,f5c1,bd07,True,35,wrong_pattern,3,False,7
seqpert_even_odd,even_odd,,0,0.1875,3,bc82,fca6,True,35,correct,0,True,7
seqpert_even_odd,even_odd,,0,0.3125,5,74c2,fca6,True,45,correct,0,True,7
seqpert_even_odd,even_odd,,0,0.3125,5,df96,fca6,True,35,correct,0,True,7
seqpert_even_odd,even_odd,,0,0.3125,5,4ea7,58a4,True,45,spurious,-1,False,7
seqpert_even_odd,even_odd,,0,0.4375,7,5083,58a4,True,59,spurious,-1,False,7
seqpert_even_odd,even_odd,,0,0.4375,7,b13e,a75b,True,45,spurious,-1,False,7
seqpert_even_odd,even_odd,,0,0.1875,3,fe36,fca6,True,35,correct,0,True,7
seqpert_even_odd,even_odd,,0,0.3125,5,5ca8,58a4,True,35,spurious,-1,False,7
seqpert_even_odd,even_odd,,0,0.4375,7,ea5,58a4,True,55,spurious,-1,False,7
seqpert_even_odd,even_odd,,0,0.3125,5,c9ae,fca6,True,45,correct,0,True,7
seqpert_even_odd,even_odd,,0,0.3125,5,b48c,e6fa,True,89,spurious,-1,False,7
seqpert_even_odd,even_odd,,0,0.3125,5,6d22,fc67,False,1636,oscillated,-1,False,7
seqpert_even_odd,even_odd,,0,0.4375,7,a52c,a75b,True,35,spurious,-1,False,7
seqpert_even_odd,even_odd,,0,0.1875,3,f9a4,fca6,True,45,correct,0,True,7
seqpert_even_odd,even_odd,,0,0.3125,5,adb4,fca6,True,45,correct,0,True,7
seqpert_even_odd,even_odd,,0,0.3125,5,f616,a797,True,45,spurious,-1,False,7
seqpert_even_odd,even_odd,,0,0.4375,7,2820,58a4,True,59,spurious,-1,False,7
seqpert_even_odd,even_odd,,0,0.3125,5,a6e6,a6b6,True,21,wrong_pattern,2,False,7
seqpert_even_odd,even_odd,,0,0.4375,7,2a82,fca6,True,45,correct,0,True,7
seqpert_even_odd,even_odd,,0,0.3125,5,d46e,fc6a,True,35,spurious,-1,False,7
seqpert_even_odd,even_odd,,0,0.3125,5,bead,fca6,True,25,correct,0,True,7
seqpert_even_odd,even_odd,,0,0.3125,5,75a3,fca6,True,45,correct,0,True,7
seqpert_even_odd,even_odd,,0,0.1875,3,ecac,fca6,True,25,correct,0,True,7
seqpert_even_odd,even_odd,,0,0.3125,5,7d64,5821,False,1636,oscillated,-1,False,7
seqpert_even_odd,even_odd,,0,0.1875,3,9ca7,fca6,True,25,correct,0,True,7
seqpert_even_odd,even_odd,,0,0.1875,3,f824,fca6,True,45,correct,0,True,7
seqpert_even_odd,even_odd,,0,0.4375,7,c964,5821,False,1636,oscillated,-1,False,7
seqpert_even_odd,even_odd,,0,0.1875,3,fcec,fca6,True,35,correct,0,True,7
seqpert_even_odd,even_odd,,0,0.4375,7,5046,5949,True,45,spurious,-1,False,7
seqpert_even_odd,even_odd,,0,0.3125,5,f0a8,fca6,True,45,correct,0,True,7
seqpert_even_odd,even_odd,,0,0.4375,7,b707,a797,True,45,spurious,-1,False,7
seqpert_even_odd,even_odd,,0,0.1875,3,ecb2,fca6,True,11,correct,0,True,7
seqpert_even_odd,even_odd,,0,0.3125,5,f0ad,fca6,True,45,correct,0,True,7
seqpert_even_odd,even_odd,,0,0.3125,5,7df4,58a4,True,45,spurious,-1,False,7
seqpert_even_odd,even_odd,,0,0.3125,5,fb24,fca6,True,69,correct,0,True,7
seqpert_even_odd,even_odd,,0,0.3125,5,f106,bd07,True,35,wrong_pattern,3,False,7
seqpert_even_odd,even_odd,,0,0.3125,5,e86e,fc6a,True,11,spurious,-1,False,7
seqpert_even_odd,even_odd,,0,0.4375,7,af94,fca6,True,89,correct,0,True,7
seqpert_even_odd,even_odd,,0,0.3125,5,b4ad,e46a,True,89,spurious,-1,False,7
seqpert_even_odd,even_odd,,0,0.3125,5,e4ce,fc6a,True,35,spurious,-1,False,7
seqpert_even_odd,even_odd,,0,0.1875,3,f6e6,a6b6,True,21,wrong_pattern,2,False,7
seqpert_even_odd,even_odd,,0,0.1875,3,bda7,fca6,True,11,correct,0,True,7
seqpert_even_odd,even_odd,,0,0.3125,5,48b6,58a4,True,35,spurious,-1,False,7
seqpert_even_odd,even_odd,,0,0.3125,5,7c7e,fc6a,True,35,spurious,-1,False,7
seqpert_even_odd,even_odd,,0,0.1875,3,7ea7,fca6,True,25,correct,0,True,7
seqpert_even_odd,even_odd,,0,0.1875,3,fcce,fca6,True,83,correct,0,True,7
seqpert_even_odd,even_odd,,0,0.4375,7,b457,a75b,True,35,spurious,-1,False,7
seqpert_even_odd,even_odd,,0,0.3125,5,fd6f,fd4b,True,25,spurious,-1,False,7
seqpert_even_odd,even_odd,,0,0.1875,3,feaf,fca6,True,25,correct,0,True,7
seqpert_even_odd,even_odd,,0,0.3125,5,defe,fca6,True,35,correct,0,True,7
seqpert_even_odd,even_odd,,0,0.3125,5,fd05,bd07,True,25,wrong_pattern,3,False,7
seqpert_even_odd,even_odd,,0,0.3125,5,dac6,fca6,True,45,correct,0,True,7
seqpert_even_odd,even_odd,,0,0.3125,5,c4e4,58a4,True,45,spurious,-1,False,7
seqpert_even_odd,even_odd,,0,0.1875,3,eeae,fca6,True,35,correct,0,True,7
seqpert_even_odd,even_odd,,0,0.3125,5,8c87,fca6,True,65,correct,0,True,7
seqpert_even_odd,even_odd,,0,0.3125,5,2886,fca6,True,45,correct,0,True,7
seqpert_even_odd,even_odd,,0,0.3125,5,5db7,58a4,True,45,spurious,-1,False,7
seqpert_even_odd,even_odd,,0,0.3125,5,f430,fc6a,True,49,spurious,-1,False,7
seqpert_even_odd,even_odd,,0,0.4375,7,5a34,58a4,True,35,spurious,-1,False,7
seqpert_even_odd,even_odd,,0,0.3125,5,c4b4,58a4,True,45,spurious,-1,False,7
seqpert_even_odd,even_odd,,0,0.3125,5,ca2,58a4,True,45,spurious,-1,False,7
seqpert_even_odd,even_odd,,0,0.1875,3,eda2,fca6,True,11,correct,0,True,7
seqpert_even_odd,even_odd,,0,0.4375,7,e2ec,e6fa,True,45,spurious,-1,False,7
seqpert_even_odd,even_odd,,0,0.3125,5,9986,fca6,True,45,correct,0,True,7
seqpert_even_odd,even_odd,,0,0.3125,5,f023,fd66,False,1636,oscillated,-1,False,7
seqpert_even_odd,even_odd,,0,0.1875,3,f8ac,fca6,True,45,correct,0,True,7
seqpert_even_odd,even_odd,,0,0.3125,5,7084,58a4,True,25,spurious,-1,False,7
seqpert_even_odd,even_odd,,0,0.4375,7,be40,bd07,True,45,wrong_pattern,3,False,7
seqpert_even_odd,even_odd,,0,0.4375,7,4837,58a4,True,59,spurious,-1,False,7
seqpert_even_odd,even_odd,,0,0.3125,5,f576,a75b,True,75,spurious,-1,False,7
seqpert_even_odd,even_odd,,0,0.4375,7,ebbc,a6b6,True,45,wrong_pattern,2,False,7
seqpert_even_odd,even_odd,,0,0.4375,7,1ccc,58a4,True,35,spurious,-1,False,7
seqpert_even_odd,even_odd,,0,0.3125,5,ecbd,fca6,True,45,correct,0,True,7
seqpert_even_odd,even_odd,,0,0.3125,5,ed8c,fca6,True,83,correct,0,True,7
seqpert_even_odd,even_odd,,0,0.1875,3,d8b6,fca6,True,45,correct,0,True,7
seqpert_even_odd,even_odd,,0,0.3125,5,acad,fca6,True,35,correct,0,True,7
seqpert_even_odd,even_odd,,0,0.3125,5,f6a1,a6b6,True,45,wrong_pattern,2,False,7
seqpert_even_odd,even_odd,,0,0.4375,7,88e3,fca6,True,45,correct,0,True,7
seqpert_even_odd,even_odd,,0,0.3125,5,7687,a6b6,True,55,wrong_pattern,2,False,7
seqpert_even_odd,even_odd,,0,0.3125,5,e5b2,a6b6,True,51,wrong_pattern,2,False,7
seqpert_even_odd,even_odd,,0,0.3125,5,e084,fca6,True,45,correct,0,True,7
seqpert_even_odd,even_odd,,0,0.3125,5,eec4,fca6,True,41,correct,0,True,7
seqpert_even_odd,even_odd,,0,0.4375,7,a736,a6b6,True,59,wrong_pattern,2,False,7
seqpert_even_odd,even_odd,,0,0.1875,3,7c27,fca6,True,59,correct,0,True,7
seqpert_even_odd,even_odd,,0,0.1875,3,ffb6,fca6,True,31,correct,0,True,7
seqpert_even_odd,even_odd,,0,0.3125,5,f463,fd4b,True,35,spurious,-1,False,7
seqpert_even_odd,even_odd,,0,0.1875,3,9ea6,fca6,True,25,correct,0,True,7
seqpert_even_odd,even_odd,,0,0.1875,3,fe22,fca6,True,59,correct,0,True,7
seqpert_even_odd,even_odd,,0,0.4375,7,1c9a,58a4,True,45,spurious,-1,False,7
seqpert_even_odd,even_odd,,0,0.4375,7,cea9,58a4,True,45,spurious,-1,False,7
seqpert_even_odd,even_odd,,0,0.4375,7,663e,e6fa,True,25,spurious,-1,False,7
seqpert_even_odd,even_odd,,1,0.4375,7,8a7d,359,True,59,spurious,-1,False,7
seqpert_even_odd,even_odd,,1,0.3125,5,1f3c,2b4,True,93,spurious,-1,False,7
seqpert_even_odd,even_odd,,1,0.3125,5,ea95,fca6,True,89,wrong_pattern,0,False,7
seqpert_even_odd,even_odd,,1,0.3125,5,b3d7,a797,True,11,spurious,-1,False,7
seqpert_even_odd,even_odd,,1,0.4375,7,86b1,2b4,True,45,spurious,-1,False,7
seqpert_even_odd,even_odd,,1,0.4375,7,8275,330,False,1636,oscillated,-1,False,7
seqpert_even_odd,even_odd,,1,0.3125,5,36d5,2b4,True,45,spurious,-1,False,7
seqpert_even_odd,even_odd,,1,0.1875,3,1b9e,2b4,True,35,spurious,-1,False,7
seqpert_even_odd,even_odd,,1,0.4375,7,f18d,bf87,False,1636,oscillated,-1,False,7
seqpert_even_odd,even_odd,,1,0.4375,7,ebf1,fca6,True,89,wrong_pattern,0,False,7
seqpert_even_odd,even_odd,,1,0.1875,3,3a97,fca6,True,69,wrong_pattern,0,False,7
seqpert_even_odd,even_odd,,1,0.3125,5,1b1,2b4,True,83,spurious,-1,False,7
seqpert_even_odd,even_odd,,1,0.3125,5,1b20,58a4,True,69,spurious,-1,False,7
seqpert_even_odd,even_odd,,1,0.3125,5,23d1,395,True,45,spurious,-1,False,7
seqpert_even_odd,even_odd,,1,0.3125,5,5091,58a4,True,83,spurious,-1,False,7
seqpert_even_odd,even_odd,,1,0.3125,5,3ab6,fca6,True,45,wrong_pattern,0,False,7
seqpert_even_odd,even_odd,,1,0.3125,5,187,395,True,55,spurious,-1,False,7
seqpert_even_odd,even_odd,,1,0.1875,3,3a91,2b4,True,35,spurious,-1,False,7
seqpert_even_odd,even_odd,,1,0.1875,3,1291,2b4,True,35,spurious,-1,False,7
seqpert_even_odd,even_odd,,1,0.1875,3,5fd5,1b95,True,21,correct,1,True,7
seqpert_even_odd,even_odd,,1,0.3125,5,f994,fca6,True,45,wrong_pattern,0,False,7
seqpert_even_odd,even_odd,,1,0.3125,5,1a24,58a4,True,35,spurious,-1,False,7
seqpert_even_odd,even_odd,,1,0.3125,5,1da4,58a4,True,11,spurious,-1,False,7
seqpert_even_odd,even_odd,,1,0.3125,5,9fb3,a6b6,True,35,wrong_pattern,2,False,7
seqpert_even_odd,even_odd,,1,0.4375,7,cad9,359,True,59,spurious,-1,False,7
seqpert_even_odd,even_odd,,1,0.1875,3,9f97,bf97,True,25,spurious,-1,False,7
seqpert_even_odd,even_odd,,1,0.4375,7,b48,359,True,49,spurious,-1,False,7
seqpert_even_odd,even_odd,,1,0.3125,5,81d5,395,True,49,spurious,-1,False,7
seqpert_even_odd,even_odd,,1,0.3125,5,7381,395,True,45,spurious,-1,False,7
seqpert_even_odd,even_odd,,1,0.3125,5,fb55,bd07,True,69,wrong_pattern,3,False,7
seqpert_even_odd,even_odd,,1,0.3125,5,bf9,42f8,True,55,spurious,-1,False,7
seqpert_even_odd,even_odd,,1,0.3125,5,3d6,2b4,True,35,spurious,-1,False,7
seqpert_even_odd,even_odd,,1,0.3125,5,4285,2b4,True,55,spurious,-1,False,7
seqpert_even_odd,even_odd,,1,0.4375,7,25c5,395,True,59,spurious,-1,False,7
seqpert_even_odd,even_odd,,1,0.3125,5,d355,359,True,45,spurious,-1,False,7
seqpert_even_odd,even_odd,,1,0.3125,5,18df,58a4,True,83,spurious,-1,False,7
seqpert_even_odd,even_odd,,1,0.1875,3,1935,1905,True,45,spurious,-1,False,7
seqpert_even_odd,even_odd,,1,0.1875,3,1fd4,2b4,True,35,spurious,-1,False,7
seqpert_even_odd,even_odd,,1,0.1875,3,1297,2b4,True,45,spurious,-1,False,7
seqpert_even_odd,even_odd,,1,0.4375,7,8924,58a4,True,59,spurious,-1,False,7
seqpert_even_odd,even_odd,,1,0.4375,7,7093,fca6,True,83,wrong_pattern,0,False,7
seqpert_even_odd,even_odd,,1,0.1875,3,f15,1b95,True,45,correct,1,True,7
seqpert_even_odd,even_odd,,1,0.3125,5,51d7,1b95,True,49,correct,1,True,7
seqpert_even_odd,even_odd,,1,0.3125,5,9ffd,2b4,True,45,spurious,-1,False,7
seqpert_even_odd,even_odd,,1,0.3125,5,1a74,58a4,True,45,spurious,-1,False,7
seqpert_even_odd,even_odd,,1,0.1875,3,9385,395,True,45,spurious,-1,False,7
seqpert_even_odd,even_odd,,1,0.3125,5,2b54,359,True,45,spurious,-1,False,7
seqpert_even_odd,even_odd,,1,0.3125,5,3c4,2b4,True,45,spurious,-1,False,7
seqpert_even_odd,even_odd,,1,0.3125,5,fd9,359,True,25,spurious,-1,False,7
seqpert_even_odd,even_odd,,1,0.4375,7,2ec1,58a4,True,79,spurious,-1,False,7
seqpert_even_odd,even_odd,,1,0.4375,7,85b4,2b4,True,59,spurious,-1,False,7
seqpert_even_odd,even_odd,,1,0.4375,7,abb8,a6b6,True,69,wrong_pattern,2,False,7
seqpert_even_odd,even_odd,,1,0.3125,5,33c4,2b4,True,45,spurious,-1,False,7
seqpert_even_odd,even_odd,,1,0.1875,3,ba5,58a4,True,55,spurious,-1,False,7
seqpert_even_odd,even_odd,,1,0.4375,7,4a1b,359,True,45,spurious,-1,False,7
seqpert_even_odd,even_odd,,1,0.1875,3,19dd,1905,True,35,spurious,-1,False,7
seqpert_even_odd,even_odd,,1,0.3125,5,2add,398,False,1636,oscillated,-1,False,7
seqpert_even_odd,even_odd,,1,0.3125,5,2fc5,1b95,True,45,correct,1,True,7
seqpert_even_odd,even_odd,,1,0.3125,5,5fd0,58a4,True,35,spurious,-1,False,7
seqpert_even_odd,even_odd,,1,0.4375,7,b8bf,fca6,True,35,wrong_pattern,0,False,7
seqpert_even_odd,even_odd,,1,0.3125,5,5b65,1905,True,35,spurious,-1,False,7
seqpert_even_odd,even_odd,,1,0.3125,5,db92,fca6,True,59,wrong_pattern,0,False,7
seqpert_even_odd,even_odd,,1,0.3125,5,eb15,bf97,True,89,spurious,-1,False,7
seqpert_even_odd,even_odd,,1,0.4375,7,6a92,fca6,True,89,wrong_pattern,0,False,7
seqpert_even_odd,even_odd,,1,0.4375,7,1c50,1905,True,21,spurious,-1,False,7
seqpert_even_odd,even_odd,,1,0.1875,3,4395,395,True,11,spurious,-1,False,7
seqpert_even_odd,even_odd,,1,0.1875,3,1f96,58a4,True,69,spurious,-1,False,7
seqpert_even_odd,even_odd,,1,0.1875,3,5b93,1905,True,35,spurious,-1,False,7
seqpert_even_odd,even_odd,,1,0.4375,7,7bda,a75b,True,99,spurious,-1,False,7
seqpert_even_odd,even_odd,,1,0.3125,5,51d1,395,True,59,spurious,-1,False,7
seqpert_even_odd,even_odd,,1,0.4375,7,1030,5868,True,59,spurious,-1,False,7
seqpert_even_odd,even_odd,,1,0.4375,7,7bc2,fca6,True,45,wrong_pattern,0,False,7
seqpert_even_odd,even_odd,,1,0.1875,3,4f95,1b95,True,11,correct,1,True,7
seqpert_even_odd,even_odd,,1,0.3125,5,9bf,58a4,True,55,spurious,-1,False,7
seqpert_even_odd,even_odd,,1,0.3125,5,5594,58a4,True,83,spurious,-1,False,7
seqpert_even_odd,even_odd,,1,0.4375,7,e27,58a4,True,123,spurious,-1,False,7
seqpert_even_odd,even_odd,,1,0.4375,7,c884,58a4,True,25,spurious,-1,False,7
seqpert_even_odd,even_odd,,1,0.3125,5,1959,5949,True,21,spurious,-1,False,7
seqpert_even_odd,even_odd,,1,0.3125,5,9d8d,1905,True,45,spurious,-1,False,7
seqpert_even_odd,even_odd,,1,0.1875,3,1185,395,True,55,spurious,-1,False,7
seqpert_even_odd,even_odd,,1,0.3125,5,9db7,fca6,True,35,wrong_pattern,0,False,7
seqpert_even_odd,even_odd,,1,0.3125,5,5781,395,True,11,spurious,-1,False,7
seqpert_even_odd,even_odd,,1,0.1875,3,ab5,58a4,True,55,spurious,-1,False,7
seqpert_even_odd,even_odd,,1,0.1875,3,9295,2b4,True,45,spurious,-1,False,7
seqpert_even_odd,even_odd,,1,0.3125,5,5b12,1905,True,35,spurious,-1,False,7
seqpert_even_odd,even_odd,,1,0.1875,3,1794,2b4,True,45,spurious,-1,False,7
seqpert_even_odd,even_odd,,1,0.4375,7,8aac,58a4,True,45,spurious,-1,False,7
seqpert_even_odd,even_odd,,1,0.1875,3,f85,1b95,True,11,correct,1,True,7
seqpert_even_odd,even_odd,,1,0.3125,5,23f5,2b4,True,35,spurious,-1,False,7
seqpert_even_odd,even_odd,,1,0.1875,3,3394,2b4,True,45,spurious,-1,False,7
seqpert_even_odd,even_odd,,1,0.3125,5,5910,1905,True,21,spurious,-1,False,7
seqpert_even_odd,even_odd,,1,0.1875,3,1715,395,True,45,spurious,-1,False,7
seqpert_even_odd,even_odd,,1,0.1875,3,1ba1,58a4,True,45,spurious,-1,False,7
seqpert_even_odd,even_odd,,1,0.1875,3,5315,395,True,45,spurious,-1,False,7
seqpert_even_odd,even_odd,,1,0.3125,5,8905,1905,True,25,spurious,-1,False,7
seqpert_even_odd,even_odd,,1,0.4375,7,923c,42f8,True,35,spurious,-1,False,7
seqpert_even_odd,even_odd,,1,0.4375,7,415d,359,True,25,spurious,-1,False,7
seqpert_even_odd,even_odd,,1,0.3125,5,5fbf,58a4,True,45,spurious,-1,False,7
seqpert_even_odd,even_odd,,1,0.3125,5,9fd0,2b4,True,69,spurious,-1,False,7
seqpert_even_odd,even_odd,,1,0.3125,5,73f5,2b4,True,45,spurious,-1,False,7
seqpert_even_odd,even_odd,,2,0.3125,5,961e,a75b,True,45,spurious,-1,False,7
seqpert_even_odd,even_odd,,2,0.1875,3,b0b6,fca6,True,45,wrong_pattern,0,False,7
seqpert_even_odd,even_odd,,2,0.1875,3,a6fa,e6fa,True,11,spurious,-1,False,7
seqpert_even_odd,even_odd,,2,0.1875,3,a6a0,a6b6,True,25,correct,2,True,7
seqpert_even_odd,even_odd,,2,0.3125,5,8714,395,True,45,spurious,-1,False,7
seqpert_even_odd,even_odd,,2,0.3125,5,baba,a6b6,True,35,correct,2,True,7
seqpert_even_odd,even_odd,,2,0.3125,5,fea2,fca6,True,25,wrong_pattern,0,False,7
seqpert_even_odd,even_odd,,2,0.3125,5,bfb0,a6b6,True,35,correct,2,True,7
seqpert_even_odd,even_odd,,2,0.3125,5,37a2,a6b6,True,45,correct,2,True,7
seqpert_even_odd,even_odd,,2,0.4375,7,7787,bf97,True,35,spurious,-1,False,7
seqpert_even_odd,even_odd,,2,0.3125,5,27f0,2b4,True,45,spurious,-1,False,7
seqpert_even_odd,even_odd,,2,0.4375,7,b3d3,a797,True,11,spurious,-1,False,7
seqpert_even_odd,even_odd,,2,0.1875,3,b676,e6fa,True,45,spurious,-1,False,7
seqpert_even_odd,even_odd,,2,0.3125,5,9792,a6b6,True,35,correct,2,True,7
seqpert_even_odd,even_odd,,2,0.4375,7,8bd7,a797,True,69,spurious,-1,False,7
seqpert_even_odd,even_odd,,2,0.3125,5,af90,a6b6,True,35,correct,2,True,7
seqpert_even_odd,even_odd,,2,0.3125,5,b0a2,fca6,True,45,wrong_pattern,0,False,7
seqpert_even_odd,even_odd,,2,0.4375,7,b51a,a75b,True,35,spurious,-1,False,7
seqpert_even_odd,even_odd,,2,0.3125,5,bdb4,fca6,True,35,wrong_pattern,0,False,7
seqpert_even_odd,even_odd,,2,0.3125,5,286,2b4,True,25,spurious,-1,False,7
seqpert_even_odd,even_odd,,2,0.3125,5,8ee7,fca6,True,45,wrong_pattern,0,False,7
seqpert_even_odd,even_odd,,2,0.4375,7,a1ab,a75b,True,103,spurious,-1,False,7
seqpert_even_odd,even_odd,,2,0.3125,5,2685,2b4,True,45,spurious,-1,False,7
seqpert_even_odd,even_odd,,2,0.3125,5,2f16,bf97,True,45,spurious,-1,False,7
seqpert_even_odd,even_odd,,2,0.1875,3,b4be,a6b6,True,83,correct,2,True,7
seqpert_even_odd,even_odd,,2,0.4375,7,390,2b4,True,35,spurious,-1,False,7
seqpert_even_odd,even_odd,,2,0.4375,7,886,58a4,True,35,spurious,-1,False,7
seqpert_even_odd,even_odd,,2,0.3125,5,dea6,fca6,True,25,wrong_pattern,0,False,7
seqpert_even_odd,even_odd,,2,0.3125,5,9e94,58a4,True,59,spurious,-1,False,7
seqpert_even_odd,even_odd,,2,0.3125,5,e2fa,e6fa,True,11,spurious,-1,False,7
seqpert_even_odd,even_odd,,2,0.1875,3,efb6,fca6,True,55,wrong_pattern,0,False,7
seqpert_even_odd,even_odd,,2,0.0625,1,a6b2,a6b6,True,11,correct,2,True,7
seqpert_even_odd,even_odd,,2,0.3125,5,14f6,58a4,True,45,spurious,-1,False,7
seqpert_even_odd,even_odd,,2,0.3125,5,97b0,2b4,True,45,spurious,-1,False,7
seqpert_even_odd,even_odd,,2,0.3125,5,fef7,fca6,True,25,wrong_pattern,0,False,7
seqpert_even_odd,even_odd,,2,0.3125,5,a176,a633,False,1636,oscillated,-1,False,7
seqpert_even_odd,even_odd,,2,0.3125,5,86e3,a6b6,True,55,correct,2,True,7
seqpert_even_odd,even_odd,,2,0.3125,5,2e06,fca6,True,123,wrong_pattern,0,False,7
seqpert_even_odd,even_odd,,2,0.3125,5,64f4,58a4,True,79,spurious,-1,False,7
seqpert_even_odd,even_odd,,2,0.3125,5,a8a4,fca6,True,45,wrong_pattern,0,False,7
seqpert_even_odd,even_odd,,2,0.3125,5,b526,fca6,True,59,wrong_pattern,0,False,7
seqpert_even_odd,even_odd,,2,0.4375,7,a131,a75b,True,45,spurious,-1,False,7
seqpert_even_odd,even_odd,,2,0.4375,7,9577,a75b,True,35,spurious,-1,False,7
seqpert_even_odd,even_odd,,2,0.0625,1,a636,a6b6,True,25,correct,2,True,7
seqpert_even_odd,even_odd,,2,0.3125,5,aee0,fca6,True,45,wrong_pattern,0,False,7
seqpert_even_odd,even_odd,,2,0.3125,5,a49d,a6b6,True,83,correct,2,True,7
seqpert_even_odd,even_odd,,2,0.3125,5,a798,a6df,False,1636,oscillated,-1,False,7
seqpert_even_odd,even_odd,,2,0.1875,3,a4a7,fca6,True,45,wrong_pattern,0,False,7
seqpert_even_odd,even_odd,,2,0.3125,5,27bb,a6b6,True,79,correct,2,True,7
seqpert_even_odd,even_odd,,2,0.4375,7,f317,a797,True,45,spurious,-1,False,7
seqpert_even_odd,even_odd,,2,0.3125,5,a73d,a75b,True,45,spurious,-1,False,7
seqpert_even_odd,even_odd,,2,0.4375,7,b453,a75b,True,35,spurious,-1,False,7
seqpert_even_odd,even_odd,,2,0.1875,3,e694,a6b6,True,25,correct,2,True,7
seqpert_even_odd,even_odd,,2,0.3125,5,ac93,fca6,True,65,wrong_pattern,0,False,7
seqpert_even_odd,even_odd,,2,0.4375,7,f126,fca6,True,59,wrong_pattern,0,False,7
seqpert_even_odd,even_odd,,2,0.4375,7,afeb,e6fa,True,55,spurious,-1,False,7
seqpert_even_odd,even_odd,,2,0.3125,5,94f2,fca6,True,45,wrong_pattern,0,False,7
seqpert_even_odd,even_odd,,2,0.3125,5,e657,a75b,True,35,spurious,-1,False,7
seqpert_even_odd,even_odd,,2,0.1875,3,87b2,a6b6,True,25,correct,2,True,7
seqpert_even_odd,even_odd,,2,0.3125,5,12b4,2b4,True,11,spurious,-1,False,7
seqpert_even_odd,even_odd,,2,0.1875,3,b4be,a6b6,True,83,correct,2,True,7
seqpert_even_odd,even_odd,,2,0.3125,5,32d6,a6b6,True,45,correct,2,True,7
seqpert_even_odd,even_odd,,2,0.3125,5,2233,a776,False,1636,oscillated,-1,False,7
seqpert_even_odd,even_odd,,2,0.4375,7,3213,a75b,True,45,spurious,-1,False,7
seqpert_even_odd,even_odd,,2,0.3125,5,97b0,2b4,True,45,spurious,-1,False,7
seqpert_even_odd,even_odd,,2,0.1875,3,e4a6,fca6,True,25,wrong_pattern,0,False,7
seqpert_even_odd,even_odd,,2,0.3125,5,b224,a6b6,True,93,correct,2,True,7
seqpert_even_odd,even_odd,,2,0.3125,5,fee6,fca6,True,25,wrong_pattern,0,False,7
seqpert_even_odd,even_odd,,2,0.3125,5,8532,a677,False,1636,oscillated,-1,False,7
seqpert_even_odd,even_odd,,2,0.3125,5,e493,a6b6,True,45,correct,2,True,7
seqpert_even_odd,even_odd,,2,0.1875,3,9636,a6b6,True,45,correct,2,True,7
seqpert_even_odd,even_odd,,2,0.3125,5,8c86,fca6,True,35,wrong_pattern,0,False,7
seqpert_even_odd,even_odd,,2,0.3125,5,2490,2b4,True,45,spurious,-1,False,7
seqpert_even_odd,even_odd,,2,0.3125,5,2abc,2b4,True,35,spurious,-1,False,7
seqpert_even_odd,even_odd,,2,0.1875,3,22b4,2b4,True,25,spurious,-1,False,7
seqpert_even_odd,even_odd,,2,0.1875,3,84a6,fca6,True,45,wrong_pattern,0,False,7
seqpert_even_odd,even_odd,,2,0.1875,3,2796,a6b6,True,35,correct,2,True,7
seqpert_even_odd,even_odd,,2,0.3125,5,baa7,fca6,True,25,wrong_pattern,0,False,7
seqpert_even_odd,even_odd,,2,0.1875,3,aff6,a6b6,True,35,correct,2,True,7
seqpert_even_odd,even_odd,,2,0.3125,5,82f3,a6b6,True,45,correct,2,True,7
seqpert_even_odd,even_odd,,2,0.3125,5,8b96,fca6,True,89,wrong_pattern,0,False,7
seqpert_even_odd,even_odd,,2,0.4375,7,af7d,a75b,True,25,spurious,-1,False,7
seqpert_even_odd,even_odd,,2,0.1875,3,a3b2,a6b6,True,11,correct,2,True,7
seqpert_even_odd,even_odd,,2,0.0625,1,aeb6,fca6,True,55,wrong_pattern,0,False,7
seqpert_even_odd,even_odd,,2,0.1875,3,adb6,fca6,True,21,wrong_pattern,0,False,7
seqpert_even_odd,even_odd,,2,0.4375,7,2daf,fca6,True,45,wrong_pattern,0,False,7
seqpert_even_odd,even_odd,,2,0.3125,5,ea7,58a4,True,65,spurious,-1,False,7
seqpert_even_odd,even_odd,,2,0.3125,5,ab86,fca6,True,89,wrong_pattern,0,False,7
seqpert_even_odd,even_odd,,2,0.1875,3,aea4,fca6,True,45,wrong_pattern,0,False,7
seqpert_even_odd,even_odd,,2,0.4375,7,b2cf,e6fa,True,69,spurious,-1,False,7
seqpert_even_odd,even_odd,,2,0.1875,3,e4f6,fca6,True,51,wrong_pattern,0,False,7
seqpert_even_odd,even_odd,,2,0.1875,3,bebe,a6b6,True,35,correct,2,True,7
seqpert_even_odd,even_odd,,2,0.1875,3,b692,a6b6,True,25,correct,2,True,7
seqpert_even_odd,even_odd,,2,0.3125,5,b277,a732,False,1636,oscillated,-1,False,7
seqpert_even_odd,even_odd,,2,0.1875,3,a0b7,a6b6,True,35,correct,2,True,7
seqpert_even_odd,even_odd,,2,0.3125,5,a48a,e6fa,True,35,spurious,-1,False,7
seqpert_even_odd,even_odd,,2,0.3125,5,e2c6,a6b6,True,45,correct,2,True,7
seqpert_even_odd,even_odd,,2,0.3125,5,83d6,a6b6,True,45,correct,2,True,7
seqpert_even_odd,even_odd,,2,0.3125,5,ab97,bf97,True,11,spurious,-1,False,7
seqpert_even_odd,even_odd,,2,0.3125,5,841e,a75b,True,45,spurious,-1,False,7
seqpert_even_odd,even_odd,,3,0.3125,5,8f4f,a75b,True,35,spurious,-1,False,7
seqpert_even_odd,even_odd,,3,0.3125,5,3a06,fca6,True,69,wrong_pattern,0,False,7
seqpert_even_odd,even_odd,,3,0.3125,5,9e57,a797,True,35,spurious,-1,False,7
seqpert_even_odd,even_odd,,3,0.1875,3,b007,bd07,True,25,correct,3,True,7
seqpert_even_odd,even_odd,,3,0.4375,7,5415,1905,True,35,spurious,-1,False,7
seqpert_even_odd,even_odd,,3,0.3125,5,b992,fca6,True,45,wrong_pattern,0,False,7
seqpert_even_odd,even_odd,,3,0.3125,5,adab,fca6,True,79,wrong_pattern,0,False,7
seqpert_even_odd,even_odd,,3,0.3125,5,8557,a75b,True,35,spurious,-1,False,7
seqpert_even_odd,even_odd,,3,0.3125,5,d945,1905,True,35,spurious,-1,False,7
seqpert_even_odd,even_odd,,3,0.3125,5,c407,a75b,True,55,spurious,-1,False,7
seqpert_even_odd,even_odd,,3,0.3125,5,bc64,fca6,True,25,wrong_pattern,0,False,7
seqpert_even_odd,even_odd,,3,0.3125,5,bb36,fca6,True,93,wrong_pattern,0,False,7
seqpert_even_odd,even_odd,,3,0.4375,7,b5a8,e46a,True,89,spurious,-1,False,7
seqpert_even_odd,even_odd,,3,0.3125,5,b1a5,fca6,True,89,wrong_pattern,0,False,7
seqpert_even_odd,even_odd,,3,0.3125,5,9617,a797,True,45,spurious,-1,False,7
seqpert_even_odd,even_odd,,3,0.4375,7,6c22,fca6,True,59,wrong_pattern,0,False,7
seqpert_even_odd,even_odd,,3,0.3125,5,e5c7,bf87,False,1636,oscillated,-1,False,7
seqpert_even_odd,even_odd,,3,0.1875,3,bf0d,a75b,True,85,spurious,-1,False,7
seqpert_even_odd,even_odd,,3,0.1875,3,9c87,fca6,True,45,wrong_pattern,0,False,7
seqpert_even_odd,even_odd,,3,0.3125,5,7daf,fca6,True,45,wrong_pattern,0,False,7
seqpert_even_odd,even_odd,,3,0.3125,5,dd42,fd4b,True,25,spurious,-1,False,7
seqpert_even_odd,even_odd,,3,0.3125,5,b083,fca6,True,83,wrong_pattern,0,False,7
seqpert_even_odd,even_odd,,3,0.3125,5,7f83,bd07,True,35,correct,3,True,7
seqpert_even_odd,even_odd,,3,0.3125,5,9c41,1905,True,45,spurious,-1,False,7
seqpert_even_odd,even_odd,,3,0.1875,3,b847,bd07,True,21,correct,3,True,7
seqpert_even_odd,even_odd,,3,0.3125,5,9c8e,fca6,True,35,wrong_pattern,0,False,7
seqpert_even_odd,even_odd,,3,0.3125,5,e105,fd4b,True,69,spurious,-1,False,7
seqpert_even_odd,even_odd,,3,0.1875,3,3e07,bf97,True,45,spurious,-1,False,7
seqpert_even_odd,even_odd,,3,0.1875,3,b187,a797,True,55,spurious,-1,False,7
seqpert_even_odd,even_odd,,3,0.4375,7,3624,2b4,True,93,spurious,-1,False,7
seqpert_even_odd,even_odd,,3,0.3125,5,8a07,bf97,True,45,spurious,-1,False,7
seqpert_even_odd,even_odd,,3,0.1875,3,9d4f,fd4b,True,35,spurious,-1,False,7
seqpert_even_odd,even_odd,,3,0.1875,3,bb87,bf97,True,11,spurious,-1,False,7
seqpert_even_odd,even_odd,,3,0.4375,7,e38f,a75b,True,35,spurious,-1,False,7
seqpert_even_odd,even_odd,,3,0.3125,5,be9f,a6b6,True,35,wrong_pattern,2,False,7
seqpert_even_odd,even_odd,,3,0.3125,5,b55b,a75b,True,25,spurious,-1,False,7
seqpert_even_odd,even_odd,,3,0.4375,7,1c80,58a4,True,35,spurious,-1,False,7
seqpert_even_odd,even_odd,,3,0.0625,1,bd27,bd07,True,25,correct,3,True,7
seqpert_even_odd,even_odd,,3,0.1875,3,ac47,bd07,True,21,correct,3,True,7
seqpert_even_odd,even_odd,,3,0.1875,3,ad2f,fd4b,True,45,spurious,-1,False,7
seqpert_even_odd,even_odd,,3,0.3125,5,fdab,fca6,True,45,wrong_pattern,0,False,7
seqpert_even_odd,even_odd,,3,0.1875,3,9c0f,fd4b,True,51,spurious,-1,False,7
seqpert_even_odd,even_odd,,3,0.1875,3,8907,bd07,True,45,correct,3,True,7
seqpert_even_odd,even_odd,,3,0.3125,5,af55,a75b,True,35,spurious,-1,False,7
seqpert_even_odd,even_odd,,3,0.3125,5,a9c6,fca6,True,65,wrong_pattern,0,False,7
seqpert_even_odd,even_odd,,3,0.3125,5,a58e,a6b6,True,83,wrong_pattern,2,False,7
seqpert_even_odd,even_odd,,3,0.1875,3,9da7,fca6,True,45,wrong_pattern,0,False,7
seqpert_even_odd,even_odd,,3,0.3125,5,3981,1905,True,25,spurious,-1,False,7
seqpert_even_odd,even_odd,,3,0.4375,7,969f,a6b6,True,35,wrong_pattern,2,False,7
seqpert_even_odd,even_odd,,3,0.1875,3,9906,bd07,True,45,correct,3,True,7
seqpert_even_odd,even_odd,,3,0.4375,7,7e8d,58a4,True,45,spurious,-1,False,7
seqpert_even_odd,even_odd,,3,0.4375,7,2100,359,True,35,spurious,-1,False,7
seqpert_even_odd,even_odd,,3,0.4375,7,de3f,a75b,True,103,spurious,-1,False,7
seqpert_even_odd,even_odd,,3,0.1875,3,bf01,bf97,True,45,spurious,-1,False,7
seqpert_even_odd,even_odd,,3,0.1875,3,bd00,bd07,True,25,correct,3,True,7
seqpert_even_odd,even_odd,,3,0.3125,5,b594,a6b6,True,45,wrong_pattern,2,False,7
seqpert_even_odd,even_odd,,3,0.3125,5,f966,fc23,False,1636,oscillated,-1,False,7
seqpert_even_odd,even_odd,,3,0.3125,5,fa17,bd07,True,35,correct,3,True,7
seqpert_even_odd,even_odd,,3,0.3125,5,3f81,1b95,True,45,wrong_pattern,1,False,7
seqpert_even_odd,even_odd,,3,0.3125,5,ed09,fd4b,True,25,spurious,-1,False,7
seqpert_even_odd,even_odd,,3,0.3125,5,290e,fd4b,True,45,spurious,-1,False,7
seqpert_even_odd,even_odd,,3,0.3125,5,b9cb,bd07,True,35,correct,3,True,7
seqpert_even_odd,even_odd,,3,0.4375,7,9461,5949,True,45,spurious,-1,False,7
seqpert_even_odd,even_odd,,3,0.4375,7,cc24,58a4,True,45,spurious,-1,False,7
seqpert_even_odd,even_odd,,3,0.3125,5,110f,359,True,45,spurious,-1,False,7
seqpert_even_odd,even_odd,,3,0.3125,5,34a7,fca6,True,45,wrong_pattern,0,False,7
seqpert_even_odd,even_odd,,3,0.4375,7,5909,5949,True,11,spurious,-1,False,7
seqpert_even_odd,even_odd,,3,0.3125,5,df15,1905,True,69,spurious,-1,False,7
seqpert_even_odd,even_odd,,3,0.3125,5,3723,a75b,True,49,spurious,-1,False,7
seqpert_even_odd,even_odd,,3,0.3125,5,250b,a75b,True,25,spurious,-1,False,7
seqpert_even_odd,even_odd,,3,0.3125,5,5f0f,359,True,79,spurious,-1,False,7
seqpert_even_odd,even_odd,,3,0.3125,5,29a7,fca6,True,79,wrong_pattern,0,False,7
seqpert_even_odd,even_odd,,3,0.1875,3,b827,fca6,True,59,wrong_pattern,0,False,7
seqpert_even_odd,even_odd,,3,0.4375,7,fed5,fca6,True,35,wrong_pattern,0,False,7
seqpert_even_odd,even_odd,,3,0.1875,3,adc7,bd07,True,55,correct,3,True,7
seqpert_even_odd,even_odd,,3,0.1875,3,3707,a797,True,45,spurious,-1,False,7
seqpert_even_odd,even_odd,,3,0.3125,5,bfe3,fca6,True,45,wrong_pattern,0,False,7
seqpert_even_odd,even_odd,,3,0.1875,3,bdb7,fca6,True,21,wrong_pattern,0,False,7
seqpert_even_odd,even_odd,,3,0.1875,3,3d4f,fd4b,True,35,spurious,-1,False,7
seqpert_even_odd,even_odd,,3,0.3125,5,3e0b,fd4b,True,51,spurious,-1,False,7
seqpert_even_odd,even_odd,,3,0.4375,7,681f,fd4b,True,69,spurious,-1,False,7
seqpert_even_odd,even_odd,,3,0.3125,5,505,1b95,True,55,wrong_pattern,1,False,7
seqpert_even_odd,even_odd,,3,0.3125,5,be66,fca6,True,35,wrong_pattern,0,False,7
seqpert_even_odd,even_odd,,3,0.3125,5,9d9d,1905,True,45,spurious,-1,False,7
seqpert_even_odd,even_odd,,3,0.1875,3,7d17,bd07,True,35,correct,3,True,7
seqpert_even_odd,even_odd,,3,0.3125,5,a443,a75b,True,25,spurious,-1,False,7
seqpert_even_odd,even_odd,,3,0.3125,5,1f04,1b95,True,45,wrong_pattern,1,False,7
seqpert_even_odd,even_odd,,3,0.4375,7,dc61,5949,True,45,spurious,-1,False,7
seqpert_even_odd,even_odd,,3,0.1875,3,ac03,bd07,True,21,correct,3,True,7
seqpert_even_odd,even_odd,,3,0.4375,7,3918,5949,True,45,spurious,-1,False,7
seqpert_even_odd,even_odd,,3,0.3125,5,1607,395,True,45,spurious,-1,False,7
seqpert_even_odd,even_odd,,3,0.3125,5,3fcf,a797,True,79,spurious,-1,False,7
seqpert_even_odd,even_odd,,3,0.4375,7,71c3,bd07,True,59,correct,3,True,7
seqpert_even_odd,even_odd,,3,0.3125,5,b085,a6b6,True,89,wrong_pattern,2,False,7
seqpert_even_odd,even_odd,,3,0.1875,3,ad2f,fd4b,True,45,spurious,-1,False,7
seqpert_even_odd,even_odd,,3,0.3125,5,2f26,fca6,True,123,wrong_pattern,0,False,7
seqpert_even_odd,even_odd,,3,0.3125,5,b5cb,a75b,True,35,spurious,-1,False,7
seqpert_even_odd,even_odd,,3,0.1875,3,f927,bd07,True,35,correct,3,True,7
seqpert_even_odd,even_odd,,3,0.3125,5,393f,bd07,True,45,correct,3,True,7
seqpert_even_odd,even_odd,,3,0.1875,3,3f17,bf97,True,25,spurious,-1,False,7
seqpert_even_odd,even_odd,,0,0.25,4,76b6,a6b6,True,45,wrong_pattern,2,False,8
seqpert_even_odd,even_odd,,0,0.125,2,eea6,fca6,True,25,correct,0,True,8
seqpert_even_odd,even_odd,,0,0.5,8,db2b,fd4b,True,45,spurious,-1,False,8
seqpert_even_odd,even_odd,,0,0.375,6,da80,58a4,True,25,spurious,-1,False,8
seqpert_even_odd,even_odd,,0,0.25,4,f9b2,fca6,True,11,correct,0,True,8
seqpert_even_odd,even_odd,,0,0.125,2,ffa6,fca6,True,25,correct,0,True,8
seqpert_even_odd,even_odd,,0,0.25,4,aca5,fca6,True,35,correct,0,True,8
seqpert_even_odd,even_odd,,0,0.25,4,f066,fca6,True,59,correct,0,True,8
seqpert_even_odd,even_odd,,0,0.125,2,feae,fca6,True,25,correct,0,True,8
seqpert_even_odd,even_odd,,0,0.5,8,af93,bf97,True,21,spurious,-1,False,8
seqpert_even_odd,even_odd,,0,0.375,6,c8c4,58a4,True,25,spurious,-1,False,8
seqpert_even_odd,even_odd,,0,0.375,6,aaa5,fca6,True,65,correct,0,True,8
seqpert_even_odd,even_odd,,0,0.125,2,fe26,fca6,True,25,correct,0,True,8
seqpert_even_odd,even_odd,,0,0.375,6,f98b,bd07,True,45,wrong_pattern,3,False,8
seqpert_even_odd,even_odd,,0,0.25,4,5e26,58a4,True,45,spurious,-1,False,8
seqpert_even_odd,even_odd,,0,0.25,4,38a2,fca6,True,45,correct,0,True,8
seqpert_even_odd,even_odd,,0,0.25,4,fdd6,fca6,True,35,correct,0,True,8
seqpert_even_odd,even_odd,,0,0.375,6,9627,a6b6,True,79,wrong_pattern,2,False,8
seqpert_even_odd,even_odd,,0,0.25,4,fd04,bd07,True,35,wrong_pattern,3,False,8
seqpert_even_odd,even_odd,,0,0.375,6,2df6,fca6,True,45,correct,0,True,8
seqpert_even_odd,even_odd,,0,0.125,2,fde6,fca6,True,11,correct,0,True,8
seqpert_even_odd,even_odd,,0,0.25,4,e88e,fca6,True,25,correct,0,True,8
seqpert_even_odd,even_odd,,0,0.25,4,d1a6,fca6,True,45,correct,0,True,8
seqpert_even_odd,even_odd,,0,0.375,6,9d16,bd07,True,45,wrong_pattern,3,False,8
seqpert_even_odd,even_odd,,0,0.375,6,1cbf,58a4,True,45,spurious,-1,False,8
seqpert_even_odd,even_odd,,0,0.25,4,beaf,fca6,True,25,correct,0,True,8
seqpert_even_odd,even_odd,,0,0.125,2,f8a2,fca6,True,11,correct,0,True,8
seqpert_even_odd,even_odd,,0,0.25,4,d9a7,fca6,True,45,correct,0,True,8
seqpert_even_odd,even_odd,,0,0.375,6,cc2d,5949,True,45,spurious,-1,False,8
seqpert_even_odd,even_odd,,0,0.25,4,bcbc,fca6,True,35,correct,0,True,8
seqpert_even_odd,even_odd,,0,0.25,4,f1a4,fca6,True,45,correct,0,True,8
seqpert_even_odd,even_odd,,0,0.25,4,bcad,fca6,True,35,correct,0,True,8
seqpert_even_odd,even_odd,,0,0.375,6,7c15,1905,True,45,spurious,-1,False,8
seqpert_even_odd,even_odd,,0,0.25,4,d487,fca6,True,59,correct,0,True,8
seqpert_even_odd,even_odd,,0,0.375,6,f9e1,fca6,True,45,correct,0,True,8
seqpert_even_odd,even_odd,,0,0.5,8,3581,395,True,79,spurious,-1,False,8
seqpert_even_odd,even_odd,,0,0.375,6,7e44,5949,True,79,spurious,-1,False,8
seqpert_even_odd,even_odd,,0,0.375,6,fa90,fca6,True,45,correct,0,True,8
seqpert_even_odd,even_odd,,0,0.5,8,7bc3,bd07,True,69,wrong_pattern,3,False,8
seqpert_even_odd,even_odd,,0,0.25,4,dc2f,fd4b,True,45,spurious,-1,False,8
seqpert_even_odd,even_odd,,0,0.375,6,1cf4,58a4,True,11,spurious,-1,False,8
seqpert_even_odd,even_odd,,0,0.25,4,e9a4,fca6,True,45,correct,0,True,8
seqpert_even_odd,even_odd,,0,0.25,4,9ce2,fca6,True,35,correct,0,True,8
seqpert_even_odd,even_odd,,0,0.25,4,fdf7,fca6,True,11,correct,0,True,8
seqpert_even_odd,even_odd,,0,0.25,4,aee6,fca6,True,45,correct,0,True,8
seqpert_even_odd,even_odd,,0,0.5,8,509f,2b4,True,49,spurious,-1,False,8
seqpert_even_odd,even_odd,,0,0.25,4,fa8e,fca6,True,25,correct,0,True,8
seqpert_even_odd,even_odd,,0,0.25,4,f5b2,fca6,True,35,correct,0,True,8
seqpert_even_odd,even_odd,,0,0.375,6,f9a9,fca6,True,45,correct,0,True,8
seqpert_even_odd,even_odd,,0,0.25,4,5fa6,58a4,True,45,spurious,-1,False,8
seqpert_even_odd,even_odd,,0,0.5,8,f24,58a4,True,123,spurious,-1,False,8
seqpert_even_odd,even_odd,,0,0.375,6,9c8b,fca6,True,83,correct,0,True,8
seqpert_even_odd,even_odd,,0,0.5,8,f97b,fd4b,True,25,spurious,-1,False,8
seqpert_even_odd,even_odd,,0,0.375,6,fc5f,fd4b,True,11,spurious,-1,False,8
seqpert_even_odd,even_odd,,0,0.125,2,fee6,fca6,True,25,correct,0,True,8
seqpert_even_odd,even_odd,,0,0.25,4,71a6,fca6,True,45,correct,0,True,8
seqpert_even_odd,even_odd,,0,0.25,4,24a6,fca6,True,45,correct,0,True,8
seqpert_even_odd,even_odd,,0,0.125,2,fe26,fca6,True,25,correct,0,True,8
seqpert_even_odd,even_odd,,0,0.375,6,76ab,a6b6,True,113,wrong_pattern,2,False,8
seqpert_even_odd,even_odd,,0,0.25,4,bde4,fca6,True,35,correct,0,True,8
seqpert_even_odd,even_odd,,0,0.25,4,8ca2,fca6,True,45,correct,0,True,8
seqpert_even_odd,even_odd,,0,0.25,4,34a4,58a4,True,45,spurious,-1,False,8
seqpert_even_odd,even_odd,,0,0.25,4,fc88,fca6,True,83,correct,0,True,8
seqpert_even_odd,even_odd,,0,0.5,8,db47,bd07,True,69,wrong_pattern,3,False,8
seqpert_even_odd,even_odd,,0,0.25,4,7c2c,5868,True,45,spurious,-1,False,8
seqpert_even_odd,even_odd,,0,0.375,6,b477,a75b,True,65,spurious,-1,False,8
seqpert_even_odd,even_odd,,0,0.375,6,d020,58a4,True,59,spurious,-1,False,8
seqpert_even_odd,even_odd,,0,0.25,4,3ea7,fca6,True,25,correct,0,True,8
seqpert_even_odd,even_odd,,0,0.25,4,fa06,fca6,True,103,correct,0,True,8
seqpert_even_odd,even_odd,,0,0.25,4,e9a4,fca6,True,45,correct,0,True,8
seqpert_even_odd,even_odd,,0,0.125,2,f8a2,fca6,True,11,correct,0,True,8
seqpert_even_odd,even_odd,,0,0.25,4,fae2,fca6,True,35,correct,0,True,8
seqpert_even_odd,even_odd,,0,0.25,4,fef2,fca6,True,35,correct,0,True,8
seqpert_even_odd,even_odd,,0,0.25,4,2ce6,fca6,True,45,correct,0,True,8
seqpert_even_odd,even_odd,,0,0.125,2,dea6,fca6,True,25,correct,0,True,8
seqpert_even_odd,even_odd,,0,0.25,4,d8b4,58a4,True,25,spurious,-1,False,8
seqpert_even_odd,even_odd,,0,0.375,6,abb6,fca6,True,55,correct,0,True,8
seqpert_even_odd,even_odd,,0,0.375,6,cdd6,fca6,True,45,correct,0,True,8
seqpert_even_odd,even_odd,,0,0.25,4,7de2,fca6,True,45,correct,0,True,8
seqpert_even_odd,even_odd,,0,0.375,6,2d84,58a4,True,65,spurious,-1,False,8
seqpert_even_odd,even_odd,,0,0.25,4,f5b4,fca6,True,49,correct,0,True,8
seqpert_even_odd,even_odd,,0,0.375,6,c126,fd4b,True,45,spurious,-1,False,8
seqpert_even_odd,even_odd,,0,0.125,2,fd86,fca6,True,35,correct,0,True,8
seqpert_even_odd,even_odd,,0,0.375,6,ff77,bd07,True,35,wrong_pattern,3,False,8
seqpert_even_odd,even_odd,,0,0.125,2,f426,fca6,True,25,correct,0,True,8
seqpert_even_odd,even_odd,,0,0.375,6,6ef4,58a4,True,45,spurious,-1,False,8
seqpert_even_odd,even_odd,,0,0.375,6,7814,1905,True,55,spurious,-1,False,8
seqpert_even_odd,even_odd,,0,0.125,2,feb6,fca6,True,25,correct,0,True,8
seqpert_even_odd,even_odd,,0,0.375,6,6dba,fca6,True,45,correct,0,True,8
seqpert_even_odd,even_odd,,0,0.25,4,acf6,fca6,True,21,correct,0,True,8
seqpert_even_odd,even_odd,,0,0.5,8,12a5,2b4,True,11,spurious,-1,False,8
seqpert_even_odd,even_odd,,0,0.25,4,ccb4,58a4,True,45,spurious,-1,False,8
seqpert_even_odd,even_odd,,0,0.25,4,ed82,fca6,True,45,correct,0,True,8
seqpert_even_odd,even_odd,,0,0.375,6,9e2c,58a4,True,59,spurious,-1,False,8
seqpert_even_odd,even_odd,,0,0.125,2,eca7,fca6,True,11,correct,0,True,8
seqpert_even_odd,even_odd,,0,0.125,2,fce7,fca6,True,11,correct,0,True,8
seqpert_even_odd,even_odd,,0,0.5,8,e193,a75b,True,59,spurious,-1,False,8
seqpert_even_odd,even_odd,,0,0.375,6,9e92,a6b6,True,35,wrong_pattern,2,False,8
seqpert_even_odd,even_odd,,0,0.125,2,ec26,fca6,True,25,correct,0,True,8
seqpert_even_odd,even_odd,,0,0.375,6,cdb5,58a4,True,45,spurious,-1,False,8
seqpert_even_odd,even_odd,,1,0.25,4,bc4,58a4,True,123,spurious,-1,False,8
seqpert_even_odd,even_odd,,1,0.375,6,77bd,2b4,True,45,spurious,-1,False,8
seqpert_even_odd,even_odd,,1,0.375,6,4181,1b85,False,1636,oscillated,-1,False,8
seqpert_even_odd,even_odd,,1,0.25,4,387,395,True,35,spurious,-1,False,8
seqpert_even_odd,even_odd,,1,0.25,4,1ed1,2b4,True,69,spurious,-1,False,8
seqpert_even_odd,even_odd,,1,0.25,4,98d,1905,True,65,spurious,-1,False,8
seqpert_even_odd,even_odd,,1,0.25,4,1fdf,395,True,59,spurious,-1,False,8
seqpert_even_odd,even_odd,,1,0.5,8,fc84,fca6,True,25,wrong_pattern,0,False,8
seqpert_even_odd,even_odd,,1,0.5,8,7680,2b4,True,45,spurious,-1,False,8
seqpert_even_odd,even_odd,,1,0.375,6,6215,359,True,35,spurious,-1,False,8
seqpert_even_odd,even_odd,,1,0.375,6,af1d,a75b,True,35,spurious,-1,False,8
seqpert_even_odd,even_odd,,1,0.375,6,5ae4,58a4,True,25,spurious,-1,False,8
seqpert_even_odd,even_odd,,1,0.25,4,1187,395,True,55,spurious,-1,False,8
seqpert_even_odd,even_odd,,1,0.25,4,33b4,2b4,True,45,spurious,-1,False,8
seqpert_even_odd,even_odd,,1,0.25,4,938d,395,True,49,spurious,-1,False,8
seqpert_even_odd,even_odd,,1,0.125,2,1bd4,2b4,True,35,spurious,-1,False,8
seqpert_even_odd,even_odd,,1,0.375,6,3d57,bd07,True,45,wrong_pattern,3,False,8
seqpert_even_odd,even_odd,,1,0.25,4,3917,bd07,True,45,wrong_pattern,3,False,8
seqpert_even_odd,even_odd,,1,0.5,8,4e8e,58a4,True,45,spurious,-1,False,8
seqpert_even_odd,even_odd,,1,0.375,6,6d91,1905,True,45,spurious,-1,False,8
seqpert_even_odd,even_odd,,1,0.125,2,1b17,1b95,True,25,correct,1,True,8
seqpert_even_odd,even_odd,,1,0.5,8,a2f1,a6b6,True,45,wrong_pattern,2,False,8
seqpert_even_odd,even_odd,,1,0.375,6,b957,bd07,True,11,wrong_pattern,3,False,8
seqpert_even_odd,even_odd,,1,0.25,4,2b35,1b95,True,45,correct,1,True,8
seqpert_even_odd,even_odd,,1,0.25,4,2bb7,fca6,True,75,wrong_pattern,0,False,8
seqpert_even_odd,even_odd,,1,0.375,6,73f7,a6b6,True,45,wrong_pattern,2,False,8
seqpert_even_odd,even_odd,,1,0.25,4,9b4,58a4,True,21,spurious,-1,False,8
seqpert_even_odd,even_odd,,1,0.125,2,1fb5,58a4,True,51,spurious,-1,False,8
seqpert_even_odd,even_odd,,1,0.375,6,8b41,359,True,35,spurious,-1,False,8
seqpert_even_odd,even_odd,,1,0.25,4,1337,395,True,45,spurious,-1,False,8
seqpert_even_odd,even_odd,,1,0.375,6,ae97,fca6,True,89,wrong_pattern,0,False,8
seqpert_even_odd,even_odd,,1,0.375,6,18c9,58a4,True,83,spurious,-1,False,8
seqpert_even_odd,even_odd,,1,0.25,4,5e94,58a4,True,35,spurious,-1,False,8
seqpert_even_odd,even_odd,,1,0.5,8,21cc,359,True,59,spurious,-1,False,8
seqpert_even_odd,even_odd,,1,0.5,8,c21c,359,True,45,spurious,-1,False,8
seqpert_even_odd,even_odd,,1,0.375,6,ab54,a75b,True,45,spurious,-1,False,8
seqpert_even_odd,even_odd,,1,0.5,8,54c1,58a4,True,65,spurious,-1,False,8
seqpert_even_odd,even_odd,,1,0.375,6,1ded,58a4,True,45,spurious,-1,False,8
seqpert_even_odd,even_odd,,1,0.25,4,1881,58a4,True,45,spurious,-1,False,8
seqpert_even_odd,even_odd,,1,0.25,4,1b59,359,True,25,spurious,-1,False,8
seqpert_even_odd,even_odd,,1,0.5,8,248d,2b4,True,83,spurious,-1,False,8
seqpert_even_odd,even_odd,,1,0.375,6,879f,a797,True,49,spurious,-1,False,8
seqpert_even_odd,even_odd,,1,0.375,6,bf86,fca6,True,59,wrong_pattern,0,False,8
seqpert_even_odd,even_odd,,1,0.25,4,bc4,58a4,True,123,spurious,-1,False,8
seqpert_even_odd,even_odd,,1,0.375,6,29f4,58a4,True,45,spurious,-1,False,8
seqpert_even_odd,even_odd,,1,0.375,6,b0d5,a6b6,True,45,wrong_pattern,2,False,8
seqpert_even_odd,even_odd,,1,0.375,6,29b0,58a4,True,45,spurious,-1,False,8
seqpert_even_odd,even_odd,,1,0.375,6,5415,1905,True,35,spurious,-1,False,8
seqpert_even_odd,even_odd,,1,0.375,6,3ff6,a6b6,True,35,wrong_pattern,2,False,8
seqpert_even_odd,even_odd,,1,0.375,6,9abe,a6b6,True,69,wrong_pattern,2,False,8
seqpert_even_odd,even_odd,,1,0.375,6,af05,bf97,True,45,spurious,-1,False,8
seqpert_even_odd,even_odd,,1,0.25,4,7b9c,58a4,True,45,spurious,-1,False,8
seqpert_even_odd,even_odd,,1,0.25,4,1dd7,1905,True,45,spurious,-1,False,8
seqpert_even_odd,even_odd,,1,0.125,2,4b95,1b95,True,11,correct,1,True,8
seqpert_even_odd,even_odd,,1,0.375,6,90f,5949,True,45,spurious,-1,False,8
seqpert_even_odd,even_odd,,1,0.375,6,ff9f,bd07,True,35,wrong_pattern,3,False,8
seqpert_even_odd,even_odd,,1,0.25,4,9891,58a4,True,45,spurious,-1,False,8
seqpert_even_odd,even_odd,,1,0.375,6,6bf7,fca6,True,75,wrong_pattern,0,False,8
seqpert_even_odd,even_odd,,1,0.25,4,3993,bd07,True,45,wrong_pattern,3,False,8
seqpert_even_odd,even_odd,,1,0.375,6,11bb,4068,True,89,spurious,-1,False,8
seqpert_even_odd,even_odd,,1,0.25,4,285,2b4,True,35,spurious,-1,False,8
seqpert_even_odd,even_odd,,1,0.375,6,79df,bd07,True,45,wrong_pattern,3,False,8
seqpert_even_odd,even_odd,,1,0.375,6,a9bd,fca6,True,79,wrong_pattern,0,False,8
seqpert_even_odd,even_odd,,1,0.375,6,53e1,2b4,True,21,spurious,-1,False,8
seqpert_even_odd,even_odd,,1,0.25,4,8bbd,2b4,True,35,spurious,-1,False,8
seqpert_even_odd,even_odd,,1,0.25,4,5a14,58a4,True,103,spurious,-1,False,8
seqpert_even_odd,even_odd,,1,0.375,6,7bcc,5889,False,1636,oscillated,-1,False,8
seqpert_even_odd,even_odd,,1,0.375,6,9119,359,True,35,spurious,-1,False,8
seqpert_even_odd,even_odd,,1,0.375,6,8135,395,True,25,spurious,-1,False,8
seqpert_even_odd,even_odd,,1,0.25,4,133d,359,True,45,spurious,-1,False,8
seqpert_even_odd,even_odd,,1,0.25,4,5897,58a4,True,45,spurious,-1,False,8
seqpert_even_odd,even_odd,,1,0.25,4,ad1,2b4,True,69,spurious,-1,False,8
seqpert_even_odd,even_odd,,1,0.375,6,1847,1905,True,25,spurious,-1,False,8
seqpert_even_odd,even_odd,,1,0.25,4,7985,1905,True,25,spurious,-1,False,8
seqpert_even_odd,even_odd,,1,0.375,6,1d09,5949,True,21,spurious,-1,False,8
seqpert_even_odd,even_odd,,1,0.25,4,2991,1905,True,55,spurious,-1,False,8
seqpert_even_odd,even_odd,,1,0.5,8,14ed,4068,True,89,spurious,-1,False,8
seqpert_even_odd,even_odd,,1,0.25,4,3bd,2b4,True,35,spurious,-1,False,8
seqpert_even_odd,even_odd,,1,0.375,6,15f4,58a4,True,45,spurious,-1,False,8
seqpert_even_odd,even_odd,,1,0.375,6,37d3,a797,True,45,spurious,-1,False,8
seqpert_even_odd,even_odd,,1,0.5,8,4d0f,5949,True,45,spurious,-1,False,8
seqpert_even_odd,even_odd,,1,0.375,6,d2d4,2b4,True,45,spurious,-1,False,8
seqpert_even_odd,even_odd,,1,0.25,4,9fc5,1b95,True,45,correct,1,True,8
seqpert_even_odd,even_odd,,1,0.375,6,b9d0,fca6,True,45,wrong_pattern,0,False,8
seqpert_even_odd,even_odd,,1,0.375,6,5f00,1905,True,35,spurious,-1,False,8
seqpert_even_odd,even_odd,,1,0.375,6,97a7,a6b6,True,45,wrong_pattern,2,False,8
seqpert_even_odd,even_odd,,1,0.25,4,5f9f,1905,True,69,spurious,-1,False,8
seqpert_even_odd,even_odd,,1,0.375,6,19ba,58a4,True,35,spurious,-1,False,8
seqpert_even_odd,even_odd,,1,0.25,4,1abf,2b4,True,35,spurious,-1,False,8
seqpert_even_odd,even_odd,,1,0.25,4,9095,2b4,True,45,spurious,-1,False,8
seqpert_even_odd,even_odd,,1,0.25,4,17c5,395,True,11,spurious,-1,False,8
seqpert_even_odd,even_odd,,1,0.25,4,9b75,395,True,35,spurious,-1,False,8
seqpert_even_odd,even_odd,,1,0.375,6,731c,359,True,45,spurious,-1,False,8
seqpert_even_odd,even_odd,,1,0.5,8,2e12,a75b,True,45,spurious,-1,False,8
seqpert_even_odd,even_odd,,1,0.375,6,42b1,2b4,True,21,spurious,-1,False,8
seqpert_even_odd,even_odd,,1,0.375,6,3d04,1905,True,45,spurious,-1,False,8
seqpert_even_odd,even_odd,,1,0.25,4,4a15,1b95,True,89,correct,1,True,8
seqpert_even_odd,even_odd,,1,0.375,6,4ba3,58a4,True,55,spurious,-1,False,8
seqpert_even_odd,even_odd,,1,0.375,6,1af8,2b4,True,35,spurious,-1,False,8
seqpert_even_odd,even_odd,,1,0.25,4,1205,395,True,45,spurious,-1,False,8
seqpert_even_odd,even_odd,,2,0.375,6,16ac,2b4,True,59,spurious,-1,False,8
seqpert_even_odd,even_odd,,2,0.375,6,a1ee,e6fa,True,35,spurious,-1,False,8
seqpert_even_odd,even_odd,,2,0.25,4,8797,a797,True,25,spurious,-1,False,8
seqpert_even_odd,even_odd,,2,0.375,6,b366,a6b6,True,83,correct,2,True,8
seqpert_even_odd,even_odd,,2,0.375,6,e8e6,fca6,True,11,wrong_pattern,0,False,8
seqpert_even_odd,even_odd,,2,0.375,6,a5e3,fca6,True,55,wrong_pattern,0,False,8
seqpert_even_odd,even_odd,,2,0.375,6,1226,2b4,True,93,spurious,-1,False,8
seqpert_even_odd,even_odd,,2,0.375,6,90a7,fca6,True,45,wrong_pattern,0,False,8
seqpert_even_odd,even_odd,,2,0.25,4,e716,a75b,True,35,spurious,-1,False,8
seqpert_even_odd,even_odd,,2,0.125,2,a4b7,a6b6,True,35,correct,2,True,8
seqpert_even_odd,even_odd,,2,0.5,8,5691,2b4,True,45,spurious,-1,False,8
seqpert_even_odd,even_odd,,2,0.375,6,8306,a797,True,45,spurious,-1,False,8
seqpert_even_odd,even_odd,,2,0.25,4,a53e,a75b,True,45,spurious,-1,False,8
seqpert_even_odd,even_odd,,2,0.5,8,af58,a75b,True,25,spurious,-1,False,8
seqpert_even_odd,even_odd,,2,0.25,4,ae2e,fc6a,True,59,spurious,-1,False,8
seqpert_even_odd,even_odd,,2,0.375,6,fc94,fca6,True,25,wrong_pattern,0,False,8
seqpert_even_odd,even_odd,,2,0.5,8,9bf,58a4,True,55,spurious,-1,False,8
seqpert_even_odd,even_odd,,2,0.375,6,b6eb,e6fa,True,11,spurious,-1,False,8
seqpert_even_odd,even_odd,,2,0.375,6,46a3,2b4,True,45,spurious,-1,False,8
seqpert_even_odd,even_odd,,2,0.125,2,a4f6,fca6,True,45,wrong_pattern,0,False,8
seqpert_even_odd,even_odd,,2,0.25,4,a230,e6fa,True,45,spurious,-1,False,8
seqpert_even_odd,even_odd,,2,0.125,2,aea6,fca6,True,45,wrong_pattern,0,False,8
seqpert_even_odd,even_odd,,2,0.375,6,f6c7,a6b6,True,45,correct,2,True,8
seqpert_even_odd,even_odd,,2,0.25,4,7636,a6b6,True,45,correct,2,True,8
seqpert_even_odd,even_odd,,2,0.125,2,a6f2,a6b6,True,21,correct,2,True,8
seqpert_even_odd,even_odd,,2,0.375,6,2c12,bd07,True,45,wrong_pattern,3,False,8
seqpert_even_odd,even_odd,,2,0.375,6,7693,a6b6,True,45,correct,2,True,8
seqpert_even_odd,even_odd,,2,0.25,4,6436,fc6a,True,41,spurious,-1,False,8
seqpert_even_odd,even_odd,,2,0.375,6,8fd4,2b4,True,69,spurious,-1,False,8
seqpert_even_odd,even_odd,,2,0.375,6,ea93,fca6,True,89,wrong_pattern,0,False,8
seqpert_even_odd,even_odd,,2,0.375,6,2254,359,True,45,spurious,-1,False,8
seqpert_even_odd,even_odd,,2,0.375,6,b423,fd4b,True,45,spurious,-1,False,8
seqpert_even_odd,even_odd,,2,0.375,6,a5ec,e6fa,True,35,spurious,-1,False,8
seqpert_even_odd,even_odd,,2,0.25,4,ee37,fca6,True,123,wrong_pattern,0,False,8
seqpert_even_odd,even_odd,,2,0.375,6,35e6,fca6,True,45,wrong_pattern,0,False,8
seqpert_even_odd,even_odd,,2,0.375,6,ce27,fca6,True,69,wrong_pattern,0,False,8
seqpert_even_odd,even_odd,,2,0.375,6,f73f,a75b,True,45,spurious,-1,False,8
seqpert_even_odd,even_odd,,2,0.25,4,b6e2,a6b6,True,21,correct,2,True,8
seqpert_even_odd,even_odd,,2,0.375,6,c0f2,fca6,True,85,wrong_pattern,0,False,8
seqpert_even_odd,even_odd,,2,0.125,2,a6e6,a6b6,True,21,correct,2,True,8
seqpert_even_odd,even_odd,,2,0.25,4,8efe,a6b6,True,69,correct,2,True,8
seqpert_even_odd,even_odd,,2,0.25,4,86b8,42f8,True,45,spurious,-1,False,8
seqpert_even_odd,even_odd,,2,0.375,6,4ea7,58a4,True,45,spurious,-1,False,8
seqpert_even_odd,even_odd,,2,0.375,6,7f36,fca6,True,69,wrong_pattern,0,False,8
seqpert_even_odd,even_odd,,2,0.25,4,8ef2,a6b6,True,49,correct,2,True,8
seqpert_even_odd,even_odd,,2,0.25,4,e6ff,e6fa,True,21,spurious,-1,False,8
seqpert_even_odd,even_odd,,2,0.25,4,a6d5,a6b6,True,35,correct,2,True,8
seqpert_even_odd,even_odd,,2,0.375,6,4237,359,True,83,spurious,-1,False,8
seqpert_even_odd,even_odd,,2,0.375,6,963d,359,True,45,spurious,-1,False,8
seqpert_even_odd,even_odd,,2,0.25,4,86aa,e6fa,True,35,spurious,-1,False,8
seqpert_even_odd,even_odd,,2,0.5,8,38fa,fca6,True,45,wrong_pattern,0,False,8
seqpert_even_odd,even_odd,,2,0.5,8,c122,fd4b,True,45,spurious,-1,False,8
seqpert_even_odd,even_odd,,2,0.375,6,e3ff,e6fa,True,21,spurious,-1,False,8
seqpert_even_odd,even_odd,,2,0.375,6,c77e,a75b,True,45,spurious,-1,False,8
seqpert_even_odd,even_odd,,2,0.125,2,e2b6,a6b6,True,11,correct,2,True,8
seqpert_even_odd,even_odd,,2,0.25,4,96ae,a6b6,True,59,correct,2,True,8
seqpert_even_odd,even_odd,,2,0.25,4,b677,a732,False,1636,oscillated,-1,False,8
seqpert_even_odd,even_odd,,2,0.375,6,17b5,2b4,True,11,spurious,-1,False,8
seqpert_even_odd,even_odd,,2,0.25,4,3436,fca6,True,59,wrong_pattern,0,False,8
seqpert_even_odd,even_odd,,2,0.375,6,d2b5,2b4,True,45,spurious,-1,False,8
seqpert_even_odd,even_odd,,2,0.125,2,b4b6,fca6,True,45,wrong_pattern,0,False,8
seqpert_even_odd,even_odd,,2,0.25,4,b497,a6b6,True,45,correct,2,True,8
seqpert_even_odd,even_odd,,2,0.25,4,a0ba,e6fa,True,35,spurious,-1,False,8
seqpert_even_odd,even_odd,,2,0.375,6,3af4,2b4,True,35,spurious,-1,False,8
seqpert_even_odd,even_odd,,2,0.25,4,b732,a677,False,1636,oscillated,-1,False,8
seqpert_even_odd,even_odd,,2,0.125,2,e636,e6fa,True,35,spurious,-1,False,8
seqpert_even_odd,even_odd,,2,0.375,6,467e,42f8,True,45,spurious,-1,False,8
seqpert_even_odd,even_odd,,2,0.25,4,a3b5,a6b6,True,45,correct,2,True,8
seqpert_even_odd,even_odd,,2,0.375,6,8395,395,True,25,spurious,-1,False,8
seqpert_even_odd,even_odd,,2,0.125,2,aef6,a6b6,True,35,correct,2,True,8
seqpert_even_odd,even_odd,,2,0.25,4,b7a2,a6b6,True,21,correct,2,True,8
seqpert_even_odd,even_odd,,2,0.375,6,9774,231,False,1636,oscillated,-1,False,8
seqpert_even_odd,even_odd,,2,0.375,6,aa3b,a75b,True,59,spurious,-1,False,8
seqpert_even_odd,even_odd,,2,0.375,6,ea12,bf97,True,89,spurious,-1,False,8
seqpert_even_odd,even_odd,,2,0.25,4,8635,2b4,True,59,spurious,-1,False,8
seqpert_even_odd,even_odd,,2,0.375,6,9ebb,a6b6,True,35,correct,2,True,8
seqpert_even_odd,even_odd,,2,0.375,6,bbfe,a6b6,True,35,correct,2,True,8
seqpert_even_odd,even_odd,,2,0.25,4,aaae,fca6,True,45,wrong_pattern,0,False,8
seqpert_even_odd,even_odd,,2,0.25,4,a79f,a797,True,49,spurious,-1,False,8
seqpert_even_odd,even_odd,,2,0.5,8,a50b,a75b,True,25,spurious,-1,False,8
seqpert_even_odd,even_odd,,2,0.25,4,e396,a6b6,True,35,correct,2,True,8
seqpert_even_odd,even_odd,,2,0.375,6,92d2,a6b6,True,45,correct,2,True,8
seqpert_even_odd,even_odd,,2,0.375,6,eda2,fca6,True,11,wrong_pattern,0,False,8
seqpert_even_odd,even_odd,,2,0.5,8,75af,fca6,True,45,wrong_pattern,0,False,8
seqpert_even_odd,even_odd,,2,0.375,6,61b4,58a4,True,49,spurious,-1,False,8
seqpert_even_odd,even_odd,,2,0.375,6,fe27,fca6,True,69,wrong_pattern,0,False,8
seqpert_even_odd,even_odd,,2,0.25,4,d696,a6b6,True,45,correct,2,True,8
seqpert_even_odd,even_odd,,2,0.375,6,3433,a75b,True,65,spurious,-1,False,8
seqpert_even_odd,even_odd,,2,0.375,6,d2f4,2b4,True,45,spurious,-1,False,8
seqpert_even_odd,even_odd,,2,0.25,4,2fb4,58a4,True,65,spurious,-1,False,8
seqpert_even_odd,even_odd,,2,0.375,6,685,2b4,True,35,spurious,-1,False,8
seqpert_even_odd,even_odd,,2,0.25,4,37be,a6b6,True,25,correct,2,True,8
seqpert_even_odd,even_odd,,2,0.375,6,fe2e,fca6,True,59,wrong_pattern,0,False,8
seqpert_even_odd,even_odd,,2,0.25,4,8226,a6b6,True,45,correct,2,True,8
seqpert_even_odd,even_odd,,2,0.25,4,86af,a6b6,True,25,correct,2,True,8
seqpert_even_odd,even_odd,,2,0.25,4,8687,a6b6,True,35,correct,2,True,8
seqpert_even_odd,even_odd,,2,0.375,6,6bb4,58a4,True,55,spurious,-1,False,8
seqpert_even_odd,even_odd,,2,0.25,4,a73a,a75b,True,45,spurious,-1,False,8
seqpert_even_odd,even_odd,,2,0.375,6,71e,359,True,45,spurious,-1,False,8
seqpert_even_odd,even_odd,,2,0.375,6,f3bf,a6b6,True,45,correct,2,True,8
seqpert_even_odd,even_odd,,3,0.125,2,bd45,bd07,True,25,correct,3,True,8
seqpert_even_odd,even_odd,,3,0.375,6,7d6b,fd4b,True,25,spurious,-1,False,8
seqpert_even_odd,even_odd,,3,0.5,8,db4,58a4,True,21,spurious,-1,False,8
seqpert_even_odd,even_odd,,3,0.375,6,7f0c,359,True,69,spurious,-1,False,8
seqpert_even_odd,even_odd,,3,0.375,6,2303,a75b,True,45,spurious,-1,False,8
seqpert_even_odd,even_odd,,3,0.5,8,8e61,5949,True,79,spurious,-1,False,8
seqpert_even_odd,even_odd,,3,0.375,6,a82b,fd4b,True,45,spurious,-1,False,8
seqpert_even_odd,even_odd,,3,0.5,8,671d,359,True,45,spurious,-1,False,8
seqpert_even_odd,even_odd,,3,0.375,6,aa0d,a75b,True,45,spurious,-1,False,8
seqpert_even_odd,even_odd,,3,0.25,4,9706,a797,True,45,spurious,-1,False,8
seqpert_even_odd,even_odd,,3,0.25,4,ed04,bd07,True,35,correct,3,True,8
seqpert_even_odd,even_odd,,3,0.375,6,3c2c,58a4,True,59,spurious,-1,False,8
seqpert_even_odd,even_odd,,3,0.5,8,2e9b,a7de,False,1636,oscillated,-1,False,8
seqpert_even_odd,even_odd,,3,0.25,4,e547,fd4b,True,35,spurious,-1,False,8
seqpert_even_odd,even_odd,,3,0.375,6,7f41,1905,True,69,spurious,-1,False,8
seqpert_even_odd,even_odd,,3,0.25,4,9937,bd07,True,45,correct,3,True,8
seqpert_even_odd,even_odd,,3,0.375,6,a1cf,a75b,True,59,spurious,-1,False,8
seqpert_even_odd,even_odd,,3,0.375,6,5926,58a4,True,59,spurious,-1,False,8
seqpert_even_odd,even_odd,,3,0.25,4,a997,bd07,True,55,correct,3,True,8
seqpert_even_odd,even_odd,,3,0.5,8,d022,fca6,True,59,wrong_pattern,0,False,8
seqpert_even_odd,even_odd,,3,0.25,4,be16,fca6,True,93,wrong_pattern,0,False,8
seqpert_even_odd,even_odd,,3,0.25,4,6d27,bd07,True,35,correct,3,True,8
seqpert_even_odd,even_odd,,3,0.25,4,bf96,fca6,True,69,wrong_pattern,0,False,8
seqpert_even_odd,even_odd,,3,0.25,4,3da5,58a4,True,45,spurious,-1,False,8
seqpert_even_odd,even_odd,,3,0.375,6,b79e,a6b6,True,35,wrong_pattern,2,False,8
seqpert_even_odd,even_odd,,3,0.25,4,ac26,fca6,True,25,wrong_pattern,0,False,8
seqpert_even_odd,even_odd,,3,0.5,8,d5bd,2b4,True,45,spurious,-1,False,8
seqpert_even_odd,even_odd,,3,0.25,4,9c67,bd07,True,59,correct,3,True,8
seqpert_even_odd,even_odd,,3,0.375,6,af8a,fca6,True,75,wrong_pattern,0,False,8
seqpert_even_odd,even_odd,,3,0.5,8,1e40,1905,True,45,spurious,-1,False,8
seqpert_even_odd,even_odd,,3,0.25,4,3d0c,1905,True,59,spurious,-1,False,8
seqpert_even_odd,even_odd,,3,0.375,6,3e4b,a75b,True,49,spurious,-1,False,8
seqpert_even_odd,even_odd,,3,0.5,8,cfd3,a7d3,False,1636,oscillated,-1,False,8
seqpert_even_odd,even_odd,,3,0.375,6,d55,1905,True,21,spurious,-1,False,8
seqpert_even_odd,even_odd,,3,0.125,2,9c07,bd07,True,25,correct,3,True,8
seqpert_even_odd,even_odd,,3,0.375,6,9736,a6b6,True,79,wrong_pattern,2,False,8
seqpert_even_odd,even_odd,,3,0.375,6,ef35,bf97,True,45,spurious,-1,False,8
seqpert_even_odd,even_odd,,3,0.375,6,9193,a797,True,79,spurious,-1,False,8
seqpert_even_odd,even_odd,,3,0.375,6,ff8c,fca6,True,35,wrong_pattern,0,False,8
seqpert_even_odd,even_odd,,3,0.375,6,5e0f,359,True,69,spurious,-1,False,8
seqpert_even_odd,even_odd,,3,0.375,6,1897,58a4,True,45,spurious,-1,False,8
seqpert_even_odd,even_odd,,3,0.25,4,9985,1905,True,25,spurious,-1,False,8
seqpert_even_odd,even_odd,,3,0.25,4,b533,a75b,True,35,spurious,-1,False,8
seqpert_even_odd,even_odd,,3,0.25,4,b883,fca6,True,45,wrong_pattern,0,False,8
seqpert_even_odd,even_odd,,3,0.375,6,b590,a6b6,True,45,wrong_pattern,2,False,8
seqpert_even_odd,even_odd,,3,0.25,4,ddc7,bd07,True,25,correct,3,True,8
seqpert_even_odd,even_odd,,3,0.375,6,cc86,fca6,True,25,wrong_pattern,0,False,8
seqpert_even_odd,even_odd,,3,0.125,2,bc17,bd07,True,11,correct,3,True,8
seqpert_even_odd,even_odd,,3,0.375,6,5c0b,5949,True,45,spurious,-1,False,8
seqpert_even_odd,even_odd,,3,0.25,4,3607,a797,True,45,spurious,-1,False,8
seqpert_even_odd,even_odd,,3,0.375,6,3580,58a4,True,83,spurious,-1,False,8
seqpert_even_odd,even_odd,,3,0.375,6,ba8d,fca6,True,59,wrong_pattern,0,False,8
seqpert_even_odd,even_odd,,3,0.25,4,b5a6,fca6,True,45,wrong_pattern,0,False,8
seqpert_even_odd,even_odd,,3,0.125,2,b947,bd07,True,11,correct,3,True,8
seqpert_even_odd,even_odd,,3,0.375,6,b780,a6b6,True,45,wrong_pattern,2,False,8
seqpert_even_odd,even_odd,,3,0.375,6,ed29,fd4b,True,25,spurious,-1,False,8
seqpert_even_odd,even_odd,,3,0.375,6,e91e,fd4b,True,21,spurious,-1,False,8
seqpert_even_odd,even_odd,,3,0.375,6,1cd7,58a4,True,45,spurious,-1,False,8
seqpert_even_odd,even_odd,,3,0.25,4,ad35,bd07,True,45,correct,3,True,8
seqpert_even_odd,even_odd,,3,0.375,6,59a7,58a4,True,35,spurious,-1,False,8
seqpert_even_odd,even_odd,,3,0.5,8,2e4a,a75b,True,51,spurious,-1,False,8
seqpert_even_odd,even_odd,,3,0.375,6,fb36,fca6,True,69,wrong_pattern,0,False,8
seqpert_even_odd,even_odd,,3,0.375,6,a40c,a75b,True,35,spurious,-1,False,8
seqpert_even_odd,even_odd,,3,0.25,4,b7a7,a6b6,True,11,wrong_pattern,2,False,8
seqpert_even_odd,even_odd,,3,0.375,6,9cc2,fca6,True,35,wrong_pattern,0,False,8
seqpert_even_odd,even_odd,,3,0.375,6,d704,395,True,89,spurious,-1,False,8
seqpert_even_odd,even_odd,,3,0.375,6,8125,1b95,True,35,wrong_pattern,1,False,8
seqpert_even_odd,even_odd,,3,0.25,4,b533,a75b,True,35,spurious,-1,False,8
seqpert_even_odd,even_odd,,3,0.375,6,3ccb,fca6,True,83,wrong_pattern,0,False,8
seqpert_even_odd,even_odd,,3,0.25,4,ff86,fca6,True,35,wrong_pattern,0,False,8
seqpert_even_odd,even_odd,,3,0.375,6,9b96,fca6,True,69,wrong_pattern,0,False,8
seqpert_even_odd,even_odd,,3,0.25,4,bd6b,fd4b,True,25,spurious,-1,False,8
seqpert_even_odd,even_odd,,3,0.5,8,5c2,58a4,True,103,spurious,-1,False,8
seqpert_even_odd,even_odd,,3,0.375,6,a882,fca6,True,35,wrong_pattern,0,False,8
seqpert_even_odd,even_odd,,3,0.25,4,392f,fd4b,True,45,spurious,-1,False,8
seqpert_even_odd,even_odd,,3,0.25,4,be01,bf97,True,45,spurious,-1,False,8
seqpert_even_odd,even_odd,,3,0.25,4,3806,bd07,True,89,correct,3,True,8
seqpert_even_odd,even_odd,,3,0.375,6,95b6,a6b6,True,49,wrong_pattern,2,False,8
seqpert_even_odd,even_odd,,3,0.25,4,bf42,bd07,True,45,correct,3,True,8
seqpert_even_odd,even_odd,,3,0.375,6,38e7,fca6,True,45,wrong_pattern,0,False,8
seqpert_even_odd,even_odd,,3,0.375,6,7c33,fd66,False,1636,oscillated,-1,False,8
seqpert_even_odd,even_odd,,3,0.375,6,ae36,fca6,True,89,wrong_pattern,0,False,8
seqpert_even_odd,even_odd,,3,0.25,4,b84f,fd4b,True,21,spurious,-1,False,8
seqpert_even_odd,even_odd,,3,0.375,6,f9e5,fca6,True,45,wrong_pattern,0,False,8
seqpert_even_odd,even_odd,,3,0.375,6,8e85,58a4,True,89,spurious,-1,False,8
seqpert_even_odd,even_odd,,3,0.25,4,ad82,fca6,True,65,wrong_pattern,0,False,8
seqpert_even_odd,even_odd,,3,0.5,8,6a83,fca6,True,89,wrong_pattern,0,False,8
seqpert_even_odd,even_odd,,3,0.25,4,e527,fd4b,True,35,spurious,-1,False,8
seqpert_even_odd,even_odd,,3,0.25,4,7d8f,bd07,True,35,correct,3,True,8
seqpert_even_odd,even_odd,,3,0.375,6,b9bb,fca6,True,45,wrong_pattern,0,False,8
seqpert_even_odd,even_odd,,3,0.375,6,8c93,fca6,True,65,wrong_pattern,0,False,8
seqpert_even_odd,even_odd,,3,0.25,4,be23,fca6,True,69,wrong_pattern,0,False,8
seqpert_even_odd,even_odd,,3,0.375,6,f156,a75b,True,45,spurious,-1,False,8
seqpert_even_odd,even_odd,,3,0.125,2,bf17,bf97,True,25,spurious,-1,False,8
seqpert_even_odd,even_odd,,3,0.375,6,848f,a6b6,True,83,wrong_pattern,2,False,8
seqpert_even_odd,even_odd,,3,0.25,4,6d47,bd07,True,35,correct,3,True,8
seqpert_even_odd,even_odd,,3,0.375,6,2b57,a75b,True,45,spurious,-1,False,8
seqpert_even_odd,even_odd,,3,0.25,4,be23,fca6,True,69,wrong_pattern,0,False,8
seqpert_even_odd,even_odd,,3,0.5,8,ba48,a75b,True,59,spurious,-1,False,8
seqpert_even_odd,even_odd,,3,0.25,4,3c02,bd07,True,35,correct,3,True,8
seqpert_even_odd,even_odd,,0,0.3125,5,e82a,fc6a,True,11,spurious,-1,False,9
seqpert_even_odd,even_odd,,0,0.4375,7,90bc,2b4,True,83,spurious,-1,False,9
seqpert_even_odd,even_odd,,0,0.4375,7,7a90,58a4,True,25,spurious,-1,False,9
seqpert_even_odd,even_odd,,0,0.4375,7,2e62,fc6a,True,49,spurious,-1,False,9
seqpert_even_odd,even_odd,,0,0.3125,5,f1c6,fca6,True,59,correct,0,True,9
seqpert_even_odd,even_odd,,0,0.4375,7,9694,2b4,True,45,spurious,-1,False,9
seqpert_even_odd,even_odd,,0,0.3125,5,7786,a6b6,True,55,wrong_pattern,2,False,9
seqpert_even_odd,even_odd,,0,0.3125,5,bd97,bd07,True,45,wrong_pattern,3,False,9
seqpert_even_odd,even_odd,,0,0.1875,3,7ca0,58a4,True,45,spurious,-1,False,9
seqpert_even_odd,even_odd,,0,0.3125,5,3cea,fca6,True,35,correct,0,True,9
seqpert_even_odd,even_odd,,0,0.3125,5,eccc,fca6,True,83,correct,0,True,9
seqpert_even_odd,even_odd,,0,0.4375,7,c504,359,True,65,spurious,-1,False,9
seqpert_even_odd,even_odd,,0,0.4375,7,6c9d,58a4,True,69,spurious,-1,False,9
seqpert_even_odd,even_odd,,0,0.4375,7,d6c3,a6b6,True,89,wrong_pattern,2,False,9
seqpert_even_odd,even_odd,,0,0.4375,7,ff29,fd4b,True,25,spurious,-1,False,9
seqpert_even_odd,even_odd,,0,0.3125,5,faf4,fca6,True,45,correct,0,True,9
seqpert_even_odd,even_odd,,0,0.4375,7,2ce1,58a4,True,45,spurious,-1,False,9
seqpert_even_odd,even_odd,,0,0.3125,5,f9c4,fca6,True,45,correct,0,True,9
seqpert_even_odd,even_odd,,0,0.4375,7,fa98,fca6,True,45,correct,0,True,9
seqpert_even_odd,even_odd,,0,0.1875,3,e486,fca6,True,25,correct,0,True,9
seqpert_even_odd,even_odd,,0,0.4375,7,6c3d,5949,True,45,spurious,-1,False,9
seqpert_even_odd,even_odd,,0,0.5625,9,5f4c,5949,True,35,spurious,-1,False,9
seqpert_even_odd,even_odd,,0,0.4375,7,3607,a797,True,45,spurious,-1,False,9
seqpert_even_odd,even_odd,,0,0.1875,3,4ca6,58a4,True,45,spurious,-1,False,9
seqpert_even_odd,even_odd,,0,0.3125,5,acc7,fca6,True,65,correct,0,True,9
seqpert_even_odd,even_odd,,0,0.1875,3,ec24,fca6,True,25,correct,0,True,9
seqpert_even_odd,even_odd,,0,0.1875,3,ec87,fca6,True,45,correct,0,True,9
seqpert_even_odd,even_odd,,0,0.3125,5,388e,fca6,True,45,correct,0,True,9
seqpert_even_odd,even_odd,,0,0.1875,3,eda4,fca6,True,25,correct,0,True,9
seqpert_even_odd,even_odd,,0,0.3125,5,ffbc,fca6,True,25,correct,0,True,9
seqpert_even_odd,even_odd,,0,0.3125,5,d864,58a4,True,59,spurious,-1,False,9
seqpert_even_odd,even_odd,,0,0.4375,7,6c61,5949,True,45,spurious,-1,False,9
seqpert_even_odd,even_odd,,0,0.4375,7,9a92,a6b6,True,69,wrong_pattern,2,False,9
seqpert_even_odd,even_odd,,0,0.1875,3,d886,fca6,True,45,correct,0,True,9
seqpert_even_odd,even_odd,,0,0.1875,3,d4a7,fca6,True,25,correct,0,True,9
seqpert_even_odd,even_odd,,0,0.5625,9,b948,fd4b,True,45,spurious,-1,False,9
seqpert_even_odd,even_odd,,0,0.3125,5,5e27,58a4,True,69,spurious,-1,False,9
seqpert_even_odd,even_odd,,0,0.3125,5,ce27,fca6,True,69,correct,0,True,9
seqpert_even_odd,even_odd,,0,0.5625,9,eb1c,a75b,True,45,spurious,-1,False,9
seqpert_even_odd,even_odd,,0,0.3125,5,f881,fca6,True,45,correct,0,True,9
seqpert_even_odd,even_odd,,0,0.4375,7,5f97,1905,True,69,spurious,-1,False,9
seqpert_even_odd,even_odd,,0,0.3125,5,fafe,fca6,True,35,correct,0,True,9
seqpert_even_odd,even_odd,,0,0.3125,5,de0e,fd4b,True,83,spurious,-1,False,9
seqpert_even_odd,even_odd,,0,0.1875,3,bee6,fca6,True,25,correct,0,True,9
seqpert_even_odd,even_odd,,0,0.3125,5,dd37,bd07,True,35,wrong_pattern,3,False,9
seqpert_even_odd,even_odd,,0,0.3125,5,59ae,58a4,True,25,spurious,-1,False,9
seqpert_even_odd,even_odd,,0,0.3125,5,bd76,fca6,True,69,correct,0,True,9
seqpert_even_odd,even_odd,,0,0.3125,5,5e82,58a4,True,45,spurious,-1,False,9
seqpert_even_odd,even_odd,,0,0.3125,5,e837,fca6,True,59,correct,0,True,9
seqpert_even_odd,even_odd,,0,0.3125,5,d627,a6b6,True,89,wrong_pattern,2,False,9
seqpert_even_odd,even_odd,,0,0.3125,5,ff2a,fd4b,True,45,spurious,-1,False,9
seqpert_even_odd,even_odd,,0,0.4375,7,5184,58a4,True,59,spurious,-1,False,9
seqpert_even_odd,even_odd,,0,0.4375,7,4087,58a4,True,59,spurious,-1,False,9
seqpert_even_odd,even_odd,,0,0.4375,7,51ac,58a4,True,25,spurious,-1,False,9
seqpert_even_odd,even_odd,,0,0.3125,5,f4c0,fca6,True,45,correct,0,True,9
seqpert_even_odd,even_odd,,0,0.3125,5,29a6,fca6,True,45,correct,0,True,9
seqpert_even_odd,even_odd,,0,0.3125,5,febb,fca6,True,35,correct,0,True,9
seqpert_even_odd,even_odd,,0,0.5625,9,3a0b,fd4b,True,69,spurious,-1,False,9
seqpert_even_odd,even_odd,,0,0.3125,5,50b6,58a4,True,35,spurious,-1,False,9
seqpert_even_odd,even_odd,,0,0.3125,5,ea27,fca6,True,69,correct,0,True,9
seqpert_even_odd,even_odd,,0,0.3125,5,f06e,e46a,True,21,spurious,-1,False,9
seqpert_even_odd,even_odd,,0,0.3125,5,de0e,fd4b,True,83,spurious,-1,False,9
seqpert_even_odd,even_odd,,0,0.0625,1,dca6,fca6,True,25,correct,0,True,9
seqpert_even_odd,even_odd,,0,0.3125,5,a0e6,fca6,True,45,correct,0,True,9
seqpert_even_odd,even_odd,,0,0.3125,5,ee8c,fca6,True,35,correct,0,True,9
seqpert_even_odd,even_odd,,0,0.3125,5,ddf4,58a4,True,45,spurious,-1,False,9
seqpert_even_odd,even_odd,,0,0.4375,7,8cb1,58a4,True,45,spurious,-1,False,9
seqpert_even_odd,even_odd,,0,0.3125,5,f4f3,fca6,True,35,correct,0,True,9
seqpert_even_odd,even_odd,,0,0.3125,5,ee2f,a75b,True,59,spurious,-1,False,9
seqpert_even_odd,even_odd,,0,0.3125,5,7cf5,58a4,True,45,spurious,-1,False,9
seqpert_even_odd,even_odd,,0,0.3125,5,ec6a,fc6a,True,11,spurious,-1,False,9
seqpert_even_odd,even_odd,,0,0.1875,3,fc34,fca6,True,25,correct,0,True,9
seqpert_even_odd,even_odd,,0,0.1875,3,fce5,fca6,True,25,correct,0,True,9
seqpert_even_odd,even_odd,,0,0.3125,5,e0e4,fca6,True,45,correct,0,True,9
seqpert_even_odd,even_odd,,0,0.3125,5,f412,a75b,True,79,spurious,-1,False,9
seqpert_even_odd,even_odd,,0,0.4375,7,1fa0,58a4,True,25,spurious,-1,False,9
seqpert_even_odd,even_odd,,0,0.4375,7,d292,a6b6,True,45,wrong_pattern,2,False,9
seqpert_even_odd,even_odd,,0,0.3125,5,ae36,fca6,True,89,correct,0,True,9
seqpert_even_odd,even_odd,,0,0.4375,7,7974,5821,False,1636,oscillated,-1,False,9
seqpert_even_odd,even_odd,,0,0.3125,5,9ca1,58a4,True,45,spurious,-1,False,9
seqpert_even_odd,even_odd,,0,0.3125,5,ad24,fca6,True,59,correct,0,True,9
seqpert_even_odd,even_odd,,0,0.4375,7,e185,bf97,True,79,spurious,-1,False,9
seqpert_even_odd,even_odd,,0,0.4375,7,5a02,5949,True,79,spurious,-1,False,9
seqpert_even_odd,even_odd,,0,0.3125,5,cdc6,fca6,True,45,correct,0,True,9
seqpert_even_odd,even_odd,,0,0.1875,3,7ea7,fca6,True,25,correct,0,True,9
seqpert_even_odd,even_odd,,0,0.3125,5,be8a,fca6,True,35,correct,0,True,9
seqpert_even_odd,even_odd,,0,0.1875,3,78a4,58a4,True,25,spurious,-1,False,9
seqpert_even_odd,even_odd,,0,0.1875,3,b8a2,fca6,True,11,correct,0,True,9
seqpert_even_odd,even_odd,,0,0.1875,3,78a7,fca6,True,45,correct,0,True,9
seqpert_even_odd,even_odd,,0,0.3125,5,ddd6,fca6,True,35,correct,0,True,9
seqpert_even_odd,even_odd,,0,0.3125,5,7aa5,58a4,True,25,spurious,-1,False,9
seqpert_even_odd,even_odd,,0,0.3125,5,4cac,58a4,True,25,spurious,-1,False,9
seqpert_even_odd,even_odd,,0,0.1875,3,5ca7,58a4,True,45,spurious,-1,False,9
seqpert_even_odd,even_odd,,0,0.4375,7,de4a,fd4b,True,35,spurious,-1,False,9
seqpert_even_odd,even_odd,,0,0.1875,3,ccb6,fca6,True,35,correct,0,True,9
seqpert_even_odd,even_odd,,0,0.1875,3,fc94,fca6,True,25,correct,0,True,9
seqpert_even_odd,even_odd,,0,0.3125,5,dc65,5920,False,1636,oscillated,-1,False,9
seqpert_even_odd,even_odd,,0,0.4375,7,75f0,58a4,True,45,spurious,-1,False,9
seqpert_even_odd,even_odd,,0,0.4375,7,9c1f,bd07,True,45,wrong_pattern,3,False,9
seqpert_even_odd,even_odd,,0,0.3125,5,38e2,fca6,True,45,correct,0,True,9
seqpert_even_odd,even_odd,,1,0.3125,5,158d,395,True,49,spurious,-1,False,9
seqpert_even_odd,even_odd,,1,0.3125,5,3e14,58a4,True,93,spurious,-1,False,9
seqpert_even_odd,even_odd,,1,0.4375,7,96df,a79a,False,1636,oscillated,-1,False,9
seqpert_even_odd,even_odd,,1,0.4375,7,bab8,a6b6,True,69,wrong_pattern,2,False,9
seqpert_even_odd,even_odd,,1,0.1875,3,fd5,1b95,True,21,correct,1,True,9
seqpert_even_odd,even_odd,,1,0.1875,3,9a97,fca6,True,69,wrong_pattern,0,False,9
seqpert_even_odd,even_odd,,1,0.0625,1,1a95,58a4,True,69,spurious,-1,False,9
seqpert_even_odd,even_odd,,1,0.3125,5,63d5,395,True,45,spurious,-1,False,9
seqpert_even_odd,even_odd,,1,0.4375,7,3fb,42f8,True,55,spurious,-1,False,9
seqpert_even_odd,even_odd,,1,0.4375,7,3ae3,fca6,True,45,wrong_pattern,0,False,9
seqpert_even_odd,even_odd,,1,0.3125,5,3835,58a4,True,69,spurious,-1,False,9
seqpert_even_odd,even_odd,,1,0.4375,7,3ede,a6b6,True,35,wrong_pattern,2,False,9
seqpert_even_odd,even_odd,,1,0.4375,7,d751,359,True,45,spurious,-1,False,9
seqpert_even_odd,even_odd,,1,0.3125,5,5a16,58a4,True,103,spurious,-1,False,9
seqpert_even_odd,even_odd,,1,0.3125,5,9705,395,True,45,spurious,-1,False,9
seqpert_even_odd,even_odd,,1,0.3125,5,39d0,58a4,True,45,spurious,-1,False,9
seqpert_even_odd,even_odd,,1,0.3125,5,8a81,58a4,True,123,spurious,-1,False,9
seqpert_even_odd,even_odd,,1,0.3125,5,2ba4,58a4,True,55,spurious,-1,False,9
seqpert_even_odd,even_odd,,1,0.3125,5,1a4d,5949,True,51,spurious,-1,False,9
seqpert_even_odd,even_odd,,1,0.3125,5,10c5,58a4,True,83,spurious,-1,False,9
seqpert_even_odd,even_odd,,1,0.4375,7,b581,a797,True,49,spurious,-1,False,9
seqpert_even_odd,even_odd,,1,0.3125,5,5893,58a4,True,35,spurious,-1,False,9
seqpert_even_odd,even_odd,,1,0.3125,5,3acd,58a4,True,59,spurious,-1,False,9
seqpert_even_odd,even_odd,,1,0.3125,5,99bf,fca6,True,45,wrong_pattern,0,False,9
seqpert_even_odd,even_odd,,1,0.3125,5,8a35,58a4,True,123,spurious,-1,False,9
seqpert_even_odd,even_odd,,1,0.3125,5,bb07,bf97,True,45,spurious,-1,False,9
seqpert_even_odd,even_odd,,1,0.3125,5,8b1,58a4,True,21,spurious,-1,False,9
seqpert_even_odd,even_odd,,1,0.4375,7,6b8e,a6b6,True,45,wrong_pattern,2,False,9
seqpert_even_odd,even_odd,,1,0.3125,5,2a14,58a4,True,123,spurious,-1,False,9
seqpert_even_odd,even_odd,,1,0.4375,7,be19,a75b,True,35,spurious,-1,False,9
seqpert_even_odd,even_odd,,1,0.3125,5,9fd6,a6b6,True,35,wrong_pattern,2,False,9
seqpert_even_odd,even_odd,,1,0.4375,7,380c,5949,True,51,spurious,-1,False,9
seqpert_even_odd,even_odd,,1,0.5625,9,2d58,359,True,69,spurious,-1,False,9
seqpert_even_odd,even_odd,,1,0.3125,5,4a87,58a4,True,59,spurious,-1,False,9
seqpert_even_odd,even_odd,,1,0.4375,7,1126,58a4,True,59,spurious,-1,False,9
seqpert_even_odd,even_odd,,1,0.1875,3,1b83,1b95,True,45,correct,1,True,9
seqpert_even_odd,even_odd,,1,0.3125,5,5b39,359,True,79,spurious,-1,False,9
seqpert_even_odd,even_odd,,1,0.4375,7,b918,fd4b,True,45,spurious,-1,False,9
seqpert_even_odd,even_odd,,1,0.3125,5,3f83,bf97,True,45,spurious,-1,False,9
seqpert_even_odd,even_odd,,1,0.3125,5,8bf1,2b4,True,49,spurious,-1,False,9
seqpert_even_odd,even_odd,,1,0.3125,5,bf17,bf97,True,25,spurious,-1,False,9
seqpert_even_odd,even_odd,,1,0.5625,9,b6c3,a6b6,True,45,wrong_pattern,2,False,9
seqpert_even_odd,even_odd,,1,0.3125,5,53a1,2b4,True,11,spurious,-1,False,9
seqpert_even_odd,even_odd,,1,0.3125,5,398c,58a4,True,83,spurious,-1,False,9
seqpert_even_odd,even_odd,,1,0.4375,7,1369,359,True,35,spurious,-1,False,9
seqpert_even_odd,even_odd,,1,0.3125,5,919c,2b4,True,83,spurious,-1,False,9
seqpert_even_odd,even_odd,,1,0.4375,7,dde,5949,True,83,spurious,-1,False,9
seqpert_even_odd,even_odd,,1,0.4375,7,eab1,fca6,True,65,wrong_pattern,0,False,9
seqpert_even_odd,even_odd,,1,0.3125,5,31bd,2b4,True,45,spurious,-1,False,9
seqpert_even_odd,even_odd,,1,0.3125,5,58f5,58a4,True,11,spurious,-1,False,9
seqpert_even_odd,even_odd,,1,0.1875,3,13f5,2b4,True,11,spurious,-1,False,9
seqpert_even_odd,even_odd,,1,0.3125,5,328d,2b4,True,45,spurious,-1,False,9
seqpert_even_odd,even_odd,,1,0.3125,5,329c,2b4,True,25,spurious,-1,False,9
seqpert_even_odd,even_odd,,1,0.4375,7,47b9,42f8,True,21,spurious,-1,False,9
seqpert_even_odd,even_odd,,1,0.5625,9,7f,359,True,35,spurious,-1,False,9
seqpert_even_odd,even_odd,,1,0.1875,3,1305,395,True,45,spurious,-1,False,9
seqpert_even_odd,even_odd,,1,0.1875,3,9bbd,2b4,True,35,spurious,-1,False,9
seqpert_even_odd,even_odd,,1,0.4375,7,9c1f,bd07,True,45,wrong_pattern,3,False,9
seqpert_even_odd,even_odd,,1,0.3125,5,539b,359,True,59,spurious,-1,False,9
seqpert_even_odd,even_odd,,1,0.3125,5,9ad,58a4,True,45,spurious,-1,False,9
seqpert_even_odd,even_odd,,1,0.4375,7,be57,a797,True,35,spurious,-1,False,9
seqpert_even_odd,even_odd,,1,0.4375,7,4b26,58a4,True,69,spurious,-1,False,9
seqpert_even_odd,even_odd,,1,0.4375,7,41d,359,True,35,spurious,-1,False,9
seqpert_even_odd,even_odd,,1,0.4375,7,6697,a6b6,True,35,wrong_pattern,2,False,9
seqpert_even_odd,even_odd,,1,0.1875,3,3bd4,2b4,True,35,spurious,-1,False,9
seqpert_even_odd,even_odd,,1,0.3125,5,d9d1,1905,True,35,spurious,-1,False,9
seqpert_even_odd,even_odd,,1,0.4375,7,120b,359,True,45,spurious,-1,False,9
seqpert_even_odd,even_odd,,1,0.3125,5,fa15,bd07,True,69,wrong_pattern,3,False,9
seqpert_even_odd,even_odd,,1,0.4375,7,ebfd,a6b6,True,45,wrong_pattern,2,False,9
seqpert_even_odd,even_odd,,1,0.5625,9,2b2a,a75b,True,83,spurious,-1,False,9
seqpert_even_odd,even_odd,,1,0.1875,3,1384,2b4,True,45,spurious,-1,False,9
seqpert_even_odd,even_odd,,1,0.4375,7,9cad,58a4,True,45,spurious,-1,False,9
seqpert_even_odd,even_odd,,1,0.4375,7,81c1,359,True,59,spurious,-1,False,9
seqpert_even_odd,even_odd,,1,0.4375,7,58bb,58a4,True,35,spurious,-1,False,9
seqpert_even_odd,even_odd,,1,0.5625,9,36fe,e6fa,True,35,spurious,-1,False,9
seqpert_even_odd,even_odd,,1,0.4375,7,8fb8,2b4,True,69,spurious,-1,False,9
seqpert_even_odd,even_odd,,1,0.4375,7,b944,bd07,True,45,wrong_pattern,3,False,9
seqpert_even_odd,even_odd,,1,0.3125,5,9585,1b95,True,69,correct,1,True,9
seqpert_even_odd,even_odd,,1,0.4375,7,3d12,bd07,True,45,wrong_pattern,3,False,9
seqpert_even_odd,even_odd,,1,0.3125,5,2185,395,True,55,spurious,-1,False,9
seqpert_even_odd,even_odd,,1,0.5625,9,a0ad,e6fa,True,69,spurious,-1,False,9
seqpert_even_odd,even_odd,,1,0.3125,5,27d5,395,True,45,spurious,-1,False,9
seqpert_even_odd,even_odd,,1,0.4375,7,8ba8,58a4,True,45,spurious,-1,False,9
seqpert_even_odd,even_odd,,1,0.3125,5,959d,395,True,79,spurious,-1,False,9
seqpert_even_odd,even_odd,,1,0.1875,3,1191,395,True,49,spurious,-1,False,9
seqpert_even_odd,even_odd,,1,0.4375,7,a790,a6b6,True,35,wrong_pattern,2,False,9
seqpert_even_odd,even_odd,,1,0.3125,5,55d5,1b95,True,49,correct,1,True,9
seqpert_even_odd,even_odd,,1,0.3125,5,531c,359,True,21,spurious,-1,False,9
seqpert_even_odd,even_odd,,1,0.3125,5,6a9d,2b4,True,35,spurious,-1,False,9
seqpert_even_odd,even_odd,,1,0.3125,5,32a5,2b4,True,45,spurious,-1,False,9
seqpert_even_odd,even_odd,,1,0.4375,7,6835,58a4,True,59,spurious,-1,False,9
seqpert_even_odd,even_odd,,1,0.3125,5,c9d,58a4,True,93,spurious,-1,False,9
seqpert_even_odd,even_odd,,1,0.3125,5,39c4,58a4,True,45,spurious,-1,False,9
seqpert_even_odd,even_odd,,1,0.1875,3,3fb5,58a4,True,59,spurious,-1,False,9
seqpert_even_odd,even_odd,,1,0.1875,3,295,2b4,True,35,spurious,-1,False,9
seqpert_even_odd,even_odd,,1,0.1875,3,b90,2b4,True,35,spurious,-1,False,9
seqpert_even_odd,even_odd,,1,0.4375,7,b7d3,a797,True,11,spurious,-1,False,9
seqpert_even_odd,even_odd,,1,0.3125,5,1a1b,359,True,35,spurious,-1,False,9
seqpert_even_odd,even_odd,,1,0.4375,7,d7d0,2b4,True,45,spurious,-1,False,9
seqpert_even_odd,even_odd,,1,0.4375,7,9496,a6b6,True,45,wrong_pattern,2,False,9
seqpert_even_odd,even_odd,,2,0.1875,3,2eb2,a6b6,True,35,correct,2,True,9
seqpert_even_odd,even_odd,,2,0.3125,5,f3be,a6b6,True,45,correct,2,True,9
seqpert_even_odd,even_odd,,2,0.4375,7,f5bd,a6b6,True,45,correct,2,True,9
seqpert_even_odd,even_odd,,2,0.3125,5,e537,a75b,True,59,spurious,-1,False,9
seqpert_even_odd,even_odd,,2,0.3125,5,2274,42f8,True,45,spurious,-1,False,9
seqpert_even_odd,even_odd,,2,0.4375,7,611,359,True,45,spurious,-1,False,9
seqpert_even_odd,even_odd,,2,0.3125,5,fcf6,fca6,True,11,wrong_pattern,0,False,9
seqpert_even_odd,even_odd,,2,0.5625,9,edcf,bd07,True,45,wrong_pattern,3,False,9
seqpert_even_odd,even_odd,,2,0.1875,3,aefe,a6b6,True,69,correct,2,True,9
seqpert_even_odd,even_odd,,2,0.4375,7,626e,e6fa,True,45,spurious,-1,False,9
seqpert_even_odd,even_odd,,2,0.3125,5,14f6,58a4,True,45,spurious,-1,False,9
seqpert_even_odd,even_odd,,2,0.4375,7,44e2,58a4,True,45,spurious,-1,False,9
seqpert_even_odd,even_odd,,2,0.3125,5,bee7,fca6,True,25,wrong_pattern,0,False,9
seqpert_even_odd,even_odd,,2,0.4375,7,b8fc,fca6,True,45,wrong_pattern,0,False,9
seqpert_even_odd,even_odd,,2,0.3125,5,82a5,2b4,True,25,spurious,-1,False,9
seqpert_even_odd,even_odd,,2,0.3125,5,a257,a75b,True,45,spurious,-1,False,9
seqpert_even_odd,even_odd,,2,0.3125,5,968e,a6b6,True,59,correct,2,True,9
seqpert_even_odd,even_odd,,2,0.3125,5,ec94,fca6,True,35,wrong_pattern,0,False,9
seqpert_even_odd,even_odd,,2,0.1875,3,b736,a6b6,True,79,correct,2,True,9
seqpert_even_odd,even_odd,,2,0.4375,7,b0d5,a6b6,True,45,correct,2,True,9
seqpert_even_odd,even_odd,,2,0.3125,5,aea8,fca6,True,45,wrong_pattern,0,False,9
seqpert_even_odd,even_odd,,2,0.1875,3,8e96,fca6,True,89,wrong_pattern,0,False,9
seqpert_even_odd,even_odd,,2,0.4375,7,283a,fc6a,True,45,spurious,-1,False,9
seqpert_even_odd,even_odd,,2,0.3125,5,a3f5,a6b6,True,45,correct,2,True,9
seqpert_even_odd,even_odd,,2,0.4375,7,9ff0,2b4,True,69,spurious,-1,False,9
seqpert_even_odd,even_odd,,2,0.1875,3,87b7,a6b6,True,35,correct,2,True,9
seqpert_even_odd,even_odd,,2,0.4375,7,d67f,a75b,True,65,spurious,-1,False,9
seqpert_even_odd,even_odd,,2,0.3125,5,a725,a797,True,25,spurious,-1,False,9
seqpert_even_odd,even_odd,,2,0.4375,7,a1f8,e6fa,True,69,spurious,-1,False,9
seqpert_even_odd,even_odd,,2,0.4375,7,bae,58a4,True,45,spurious,-1,False,9
seqpert_even_odd,even_odd,,2,0.1875,3,b634,a6b6,True,45,correct,2,True,9
seqpert_even_odd,even_odd,,2,0.3125,5,b293,a6b6,True,35,correct,2,True,9
seqpert_even_odd,even_odd,,2,0.1875,3,87b2,a6b6,True,25,correct,2,True,9
seqpert_even_odd,even_odd,,2,0.1875,3,b632,e6fa,True,45,spurious,-1,False,9
seqpert_even_odd,even_odd,,2,0.3125,5,d6a7,fca6,True,69,wrong_pattern,0,False,9
seqpert_even_odd,even_odd,,2,0.4375,7,3da4,58a4,True,45,spurious,-1,False,9
seqpert_even_odd,even_odd,,2,0.4375,7,b242,a75b,True,45,spurious,-1,False,9
seqpert_even_odd,even_odd,,2,0.3125,5,a8bc,fca6,True,45,wrong_pattern,0,False,9
seqpert_even_odd,even_odd,,2,0.3125,5,6656,a75b,True,45,spurious,-1,False,9
seqpert_even_odd,even_odd,,2,0.4375,7,2190,2b4,True,45,spurious,-1,False,9
seqpert_even_odd,even_odd,,2,0.4375,7,3137,bf97,True,45,spurious,-1,False,9
seqpert_even_odd,even_odd,,2,0.3125,5,14a6,58a4,True,45,spurious,-1,False,9
seqpert_even_odd,even_odd,,2,0.3125,5,ea3e,e46a,True,35,spurious,-1,False,9
seqpert_even_odd,even_odd,,2,0.4375,7,6ab8,58a4,True,45,spurious,-1,False,9
seqpert_even_odd,even_odd,,2,0.3125,5,a51e,a75b,True,35,spurious,-1,False,9
seqpert_even_odd,even_odd,,2,0.4375,7,95f3,fca6,True,45,wrong_pattern,0,False,9
seqpert_even_odd,even_odd,,2,0.4375,7,eb90,fca6,True,89,wrong_pattern,0,False,9
seqpert_even_odd,even_odd,,2,0.4375,7,5fa6,58a4,True,45,spurious,-1,False,9
seqpert_even_odd,even_odd,,2,0.1875,3,87b2,a6b6,True,25,correct,2,True,9
seqpert_even_odd,even_odd,,2,0.3125,5,e2e7,a6b6,True,21,correct,2,True,9
seqpert_even_odd,even_odd,,2,0.3125,5,3abe,a6b6,True,69,correct,2,True,9
seqpert_even_odd,even_odd,,2,0.4375,7,43ba,42f8,True,25,spurious,-1,False,9
seqpert_even_odd,even_odd,,2,0.1875,3,b2f6,a6b6,True,21,correct,2,True,9
seqpert_even_odd,even_odd,,2,0.4375,7,6223,a75b,True,83,spurious,-1,False,9
seqpert_even_odd,even_odd,,2,0.3125,5,23ae,a6b6,True,45,correct,2,True,9
seqpert_even_odd,even_odd,,2,0.4375,7,27e8,42f8,True,45,spurious,-1,False,9
seqpert_even_odd,even_odd,,2,0.3125,5,6426,fc6a,True,49,spurious,-1,False,9
seqpert_even_odd,even_odd,,2,0.4375,7,762f,a75b,True,79,spurious,-1,False,9
seqpert_even_odd,even_odd,,2,0.3125,5,ceb5,58a4,True,65,spurious,-1,False,9
seqpert_even_odd,even_odd,,2,0.3125,5,e290,a6b6,True,45,correct,2,True,9
seqpert_even_odd,even_odd,,2,0.4375,7,a0e8,e6fa,True,69,spurious,-1,False,9
seqpert_even_odd,even_odd,,2,0.4375,7,1212,359,True,45,spurious,-1,False,9
seqpert_even_odd,even_odd,,2,0.3125,5,ff6,2b4,True,69,spurious,-1,False,9
seqpert_even_odd,even_odd,,2,0.4375,7,1727,395,True,45,spurious,-1,False,9
seqpert_even_odd,even_odd,,2,0.3125,5,9ea4,58a4,True,45,spurious,-1,False,9
seqpert_even_odd,even_odd,,2,0.3125,5,8414,2b4,True,93,spurious,-1,False,9
seqpert_even_odd,even_odd,,2,0.1875,3,aeb5,fca6,True,55,wrong_pattern,0,False,9
seqpert_even_odd,even_odd,,2,0.3125,5,b3b0,a6b6,True,45,correct,2,True,9
seqpert_even_odd,even_odd,,2,0.0625,1,a6f6,a6b6,True,11,correct,2,True,9
seqpert_even_odd,even_odd,,2,0.3125,5,769e,a6b6,True,45,correct,2,True,9
seqpert_even_odd,even_odd,,2,0.3125,5,e6d5,a6b6,True,35,correct,2,True,9
seqpert_even_odd,even_odd,,2,0.4375,7,4ec6,58a4,True,45,spurious,-1,False,9
seqpert_even_odd,even_odd,,2,0.3125,5,e0ba,e46a,True,45,spurious,-1,False,9
seqpert_even_odd,even_odd,,2,0.1875,3,22be,a6b6,True,45,correct,2,True,9
seqpert_even_odd,even_odd,,2,0.1875,3,b4a6,fca6,True,45,wrong_pattern,0,False,9
seqpert_even_odd,even_odd,,2,0.1875,3,b2f6,a6b6,True,21,correct,2,True,9
seqpert_even_odd,even_odd,,2,0.4375,7,a8c2,fca6,True,45,wrong_pattern,0,False,9
seqpert_even_odd,even_odd,,2,0.4375,7,f524,fca6,True,59,wrong_pattern,0,False,9
seqpert_even_odd,even_odd,,2,0.1875,3,84b2,fca6,True,45,wrong_pattern,0,False,9
seqpert_even_odd,even_odd,,2,0.4375,7,1a97,58a4,True,69,spurious,-1,False,9
seqpert_even_odd,even_odd,,2,0.1875,3,82b7,a6b6,True,45,correct,2,True,9
seqpert_even_odd,even_odd,,2,0.4375,7,1ad6,2b4,True,35,spurious,-1,False,9
seqpert_even_odd,even_odd,,2,0.3125,5,a483,a6b6,True,45,correct,2,True,9
seqpert_even_odd,even_odd,,2,0.4375,7,da32,fca6,True,59,wrong_pattern,0,False,9
seqpert_even_odd,even_odd,,2,0.5625,9,33ed,42f8,True,45,spurious,-1,False,9
seqpert_even_odd,even_odd,,2,0.1875,3,64b6,fca6,True,35,wrong_pattern,0,False,9
seqpert_even_odd,even_odd,,2,0.3125,5,97bc,2b4,True,45,spurious,-1,False,9
seqpert_even_odd,even_odd,,2,0.4375,7,a0ed,e6fa,True,69,spurious,-1,False,9
seqpert_even_odd,even_odd,,2,0.4375,7,883f,fd4b,True,89,spurious,-1,False,9
seqpert_even_odd,even_odd,,2,0.3125,5,3297,a6b6,True,45,correct,2,True,9
seqpert_even_odd,even_odd,,2,0.3125,5,2422,e6fa,True,35,spurious,-1,False,9
seqpert_even_odd,even_odd,,2,0.1875,3,a627,a6b6,True,59,correct,2,True,9
seqpert_even_odd,even_odd,,2,0.3125,5,cea2,fca6,True,35,wrong_pattern,0,False,9
seqpert_even_odd,even_odd,,2,0.3125,5,aa9a,a6b6,True,69,correct,2,True,9
seqpert_even_odd,even_odd,,2,0.4375,7,44f5,2b4,True,51,spurious,-1,False,9
seqpert_even_odd,even_odd,,2,0.3125,5,848e,e6fa,True,49,spurious,-1,False,9
seqpert_even_odd,even_odd,,2,0.4375,7,10b5,2b4,True,49,spurious,-1,False,9
seqpert_even_odd,even_odd,,2,0.1875,3,a437,a6b6,True,59,correct,2,True,9
seqpert_even_odd,even_odd,,2,0.4375,7,f27c,e46a,True,117,spurious,-1,False,9
seqpert_even_odd,even_odd,,2,0.4375,7,2986,fca6,True,65,wrong_pattern,0,False,9
seqpert_even_odd,even_odd,,3,0.4375,7,ba92,a6b6,True,35,wrong_pattern,2,False,9
seqpert_even_odd,even_odd,,3,0.4375,7,8c51,5949,True,79,spurious,-1,False,9
seqpert_even_odd,even_odd,,3,0.4375,7,d54a,a75b,True,55,spurious,-1,False,9
seqpert_even_odd,even_odd,,3,0.4375,7,a01e,a75b,True,45,spurious,-1,False,9
seqpert_even_odd,even_odd,,3,0.4375,7,76a7,fca6,True,69,wrong_pattern,0,False,9
seqpert_even_odd,even_odd,,3,0.4375,7,cf4b,a75b,True,45,spurious,-1,False,9
seqpert_even_odd,even_odd,,3,0.3125,5,7983,bd07,True,45,correct,3,True,9
seqpert_even_odd,even_odd,,3,0.3125,5,ecc7,fca6,True,45,wrong_pattern,0,False,9
seqpert_even_odd,even_odd,,3,0.3125,5,cd0d,5949,True,45,spurious,-1,False,9
seqpert_even_odd,even_odd,,3,0.3125,5,adb6,fca6,True,21,wrong_pattern,0,False,9
seqpert_even_odd,even_odd,,3,0.4375,7,a3c5,a797,True,45,spurious,-1,False,9
seqpert_even_odd,even_odd,,3,0.3125,5,a627,a6b6,True,59,wrong_pattern,2,False,9
seqpert_even_odd,even_odd,,3,0.3125,5,6903,bd07,True,45,correct,3,True,9
seqpert_even_odd,even_odd,,3,0.3125,5,f813,bd07,True,21,correct,3,True,9
seqpert_even_odd,even_odd,,3,0.4375,7,15cb,359,True,45,spurious,-1,False,9
seqpert_even_odd,even_odd,,3,0.3125,5,b80a,fd4b,True,21,spurious,-1,False,9
seqpert_even_odd,even_odd,,3,0.4375,7,ee63,fd4b,True,83,spurious,-1,False,9
seqpert_even_odd,even_odd,,3,0.1875,3,3c87,fca6,True,45,wrong_pattern,0,False,9
seqpert_even_odd,even_odd,,3,0.1875,3,fd43,fd4b,True,25,spurious,-1,False,9
seqpert_even_odd,even_odd,,3,0.3125,5,2f25,1b95,True,45,wrong_pattern,1,False,9
seqpert_even_odd,even_odd,,3,0.3125,5,9e23,fca6,True,69,wrong_pattern,0,False,9
seqpert_even_odd,even_odd,,3,0.4375,7,7013,a75b,True,45,spurious,-1,False,9
seqpert_even_odd,even_odd,,3,0.3125,5,9e26,fca6,True,35,wrong_pattern,0,False,9
seqpert_even_odd,even_odd,,3,0.4375,7,5e0e,5949,True,83,spurious,-1,False,9
seqpert_even_odd,even_odd,,3,0.4375,7,3a9f,a6b6,True,45,wrong_pattern,2,False,9
seqpert_even_odd,even_odd,,3,0.3125,5,3c3f,fca6,True,107,wrong_pattern,0,False,9
seqpert_even_odd,even_odd,,3,0.3125,5,ab43,a75b,True,35,spurious,-1,False,9
seqpert_even_odd,even_odd,,3,0.4375,7,1f3d,395,True,35,spurious,-1,False,9
seqpert_even_odd,even_odd,,3,0.4375,7,842e,e6fa,True,35,spurious,-1,False,9
seqpert_even_odd,even_odd,,3,0.4375,7,aa84,fca6,True,89,wrong_pattern,0,False,9
seqpert_even_odd,even_odd,,3,0.3125,5,9c81,58a4,True,45,spurious,-1,False,9
seqpert_even_odd,even_odd,,3,0.3125,5,3f55,395,True,69,spurious,-1,False,9
seqpert_even_odd,even_odd,,3,0.3125,5,7f8f,bd07,True,35,correct,3,True,9
seqpert_even_odd,even_odd,,3,0.4375,7,ba61,bd07,True,59,correct,3,True,9
seqpert_even_odd,even_odd,,3,0.3125,5,b435,fca6,True,93,wrong_pattern,0,False,9
seqpert_even_odd,even_odd,,3,0.4375,7,b150,a75b,True,45,spurious,-1,False,9
seqpert_even_odd,even_odd,,3,0.4375,7,4525,5949,True,35,spurious,-1,False,9
seqpert_even_odd,even_odd,,3,0.5625,9,560a,359,True,79,spurious,-1,False,9
seqpert_even_odd,even_odd,,3,0.3125,5,a595,a797,True,49,spurious,-1,False,9
seqpert_even_odd,even_odd,,3,0.1875,3,b983,bd07,True,25,correct,3,True,9
seqpert_even_odd,even_odd,,3,0.3125,5,a30f,a75b,True,11,spurious,-1,False,9
seqpert_even_odd,even_odd,,3,0.3125,5,b5ce,a75b,True,85,spurious,-1,False,9
seqpert_even_odd,even_odd,,3,0.3125,5,a5a3,a6b6,True,83,wrong_pattern,2,False,9
seqpert_even_odd,even_odd,,3,0.4375,7,eb96,fca6,True,89,wrong_pattern,0,False,9
seqpert_even_odd,even_odd,,3,0.3125,5,b53d,a75b,True,45,spurious,-1,False,9
seqpert_even_odd,even_odd,,3,0.4375,7,d683,a6b6,True,45,wrong_pattern,2,False,9
seqpert_even_odd,even_odd,,3,0.3125,5,154f,359,True,45,spurious,-1,False,9
seqpert_even_odd,even_odd,,3,0.3125,5,3415,1b95,True,59,wrong_pattern,1,False,9
seqpert_even_odd,even_odd,,3,0.4375,7,b05b,a75b,True,31,spurious,-1,False,9
seqpert_even_odd,even_odd,,3,0.3125,5,f542,fd4b,True,35,spurious,-1,False,9
seqpert_even_odd,even_odd,,3,0.3125,5,b766,a6b6,True,83,wrong_pattern,2,False,9
seqpert_even_odd,even_odd,,3,0.4375,7,68c7,fca6,True,45,wrong_pattern,0,False,9
seqpert_even_odd,even_odd,,3,0.4375,7,c581,1b85,False,1636,oscillated,-1,False,9
seqpert_even_odd,even_odd,,3,0.1875,3,bf0b,a75b,True,51,spurious,-1,False,9
seqpert_even_odd,even_odd,,3,0.3125,5,a197,a797,True,49,spurious,-1,False,9
seqpert_even_odd,even_odd,,3,0.4375,7,6ba7,fca6,True,45,wrong_pattern,0,False,9
seqpert_even_odd,even_odd,,3,0.4375,7,1822,58a4,True,25,spurious,-1,False,9
seqpert_even_odd,even_odd,,3,0.5625,9,339a,a6df,False,1636,oscillated,-1,False,9
seqpert_even_odd,even_odd,,3,0.4375,7,7dbe,fca6,True,25,wrong_pattern,0,False,9
seqpert_even_odd,even_odd,,3,0.4375,7,2992,fca6,True,65,wrong_pattern,0,False,9
seqpert_even_odd,even_odd,,3,0.3125,5,858f,a797,True,49,spurious,-1,False,9
seqpert_even_odd,even_odd,,3,0.4375,7,d02f,fd4b,True,69,spurious,-1,False,9
seqpert_even_odd,even_odd,,3,0.3125,5,cd01,1905,True,45,spurious,-1,False,9
seqpert_even_odd,even_odd,,3,0.4375,7,158c,42f8,True,69,spurious,-1,False,9
seqpert_even_odd,even_odd,,3,0.4375,7,b85,1b95,True,11,wrong_pattern,1,False,9
seqpert_even_odd,even_odd,,3,0.1875,3,b5a7,fca6,True,89,wrong_pattern,0,False,9
seqpert_even_odd,even_odd,,3,0.3125,5,8f0e,a75b,True,35,spurious,-1,False,9
seqpert_even_odd,even_odd,,3,0.4375,7,a7e3,a6b6,True,11,wrong_pattern,2,False,9
seqpert_even_odd,even_odd,,3,0.3125,5,bb81,bf97,True,45,spurious,-1,False,9
seqpert_even_odd,even_odd,,3,0.3125,5,b9bf,fca6,True,45,wrong_pattern,0,False,9
seqpert_even_odd,even_odd,,3,0.4375,7,e465,fd4b,True,45,spurious,-1,False,9
seqpert_even_odd,even_odd,,3,0.4375,7,d81e,fd4b,True,45,spurious,-1,False,9
seqpert_even_odd,even_odd,,3,0.3125,5,ef4f,a75b,True,45,spurious,-1,False,9
seqpert_even_odd,even_odd,,3,0.3125,5,5c17,1905,True,45,spurious,-1,False,9
seqpert_even_odd,even_odd,,3,0.3125,5,f94d,fd4b,True,45,spurious,-1,False,9
seqpert_even_odd,even_odd,,3,0.3125,5,bb84,fca6,True,59,wrong_pattern,0,False,9
seqpert_even_odd,even_odd,,3,0.4375,7,fa66,fca6,True,59,wrong_pattern,0,False,9
seqpert_even_odd,even_odd,,3,0.4375,7,94ab,e46a,True,89,spurious,-1,False,9
seqpert_even_odd,even_odd,,3,0.1875,3,9517,bf97,True,49,spurious,-1,False,9
seqpert_even_odd,even_odd,,3,0.5625,9,e15c,a75b,True,45,spurious,-1,False,9
seqpert_even_odd,even_odd,,3,0.1875,3,3f03,bf97,True,45,spurious,-1,False,9
seqpert_even_odd,even_odd,,3,0.3125,5,7d93,bd07,True,25,correct,3,True,9
seqpert_even_odd,even_odd,,3,0.1875,3,b307,a797,True,45,spurious,-1,False,9
seqpert_even_odd,even_odd,,3,0.3125,5,b016,bf97,True,49,spurious,-1,False,9
seqpert_even_odd,even_odd,,3,0.4375,7,6017,a75b,True,59,spurious,-1,False,9
seqpert_even_odd,even_odd,,3,0.3125,5,b203,a75b,True,45,spurious,-1,False,9
seqpert_even_odd,even_odd,,3,0.3125,5,ab1f,a75b,True,35,spurious,-1,False,9
seqpert_even_odd,even_odd,,3,0.5625,9,546e,5868,True,69,spurious,-1,False,9
seqpert_even_odd,even_odd,,3,0.3125,5,8e47,a75b,True,59,spurious,-1,False,9
seqpert_even_odd,even_odd,,3,0.3125,5,8d4e,fd4b,True,45,spurious,-1,False,9
seqpert_even_odd,even_odd,,3,0.3125,5,bbd7,bf97,True,21,spurious,-1,False,9
seqpert_even_odd,even_odd,,3,0.4375,7,b1a9,e46a,True,89,spurious,-1,False,9
seqpert_even_odd,even_odd,,3,0.5625,9,8439,359,True,45,spurious,-1,False,9
seqpert_even_odd,even_odd,,3,0.3125,5,e943,bd07,True,51,correct,3,True,9
seqpert_even_odd,even_odd,,3,0.1875,3,f107,bd07,True,25,correct,3,True,9
seqpert_even_odd,even_odd,,3,0.4375,7,84d7,a6b6,True,45,wrong_pattern,2,False,9
seqpert_even_odd,even_odd,,3,0.4375,7,934d,359,True,45,spurious,-1,False,9
seqpert_even_odd,even_odd,,3,0.3125,5,3425,58a4,True,59,spurious,-1,False,9
seqpert_even_odd,even_odd,,3,0.4375,7,f9db,fd4b,True,25,spurious,-1,False,9
seqpert_even_odd,even_odd,,3,0.4375,7,f9ff,fca6,True,45,wrong_pattern,0,False,9
